contract_preamble,date,expiry_date,strike,yes_price,daily_volume,adjusted_yes_price,probability,swapped
KXCPICOREYOY-26MAR,2026-03-11,2026-04-10,1.7999999999999998,0,0,94,0,FALSE
KXCPICOREYOY-26MAR,2026-03-12,2026-04-10,1.7999999999999998,0,0,94,0,FALSE
KXCPICOREYOY-26MAR,2026-03-13,2026-04-10,1.7999999999999998,0,0,94,0,FALSE
KXCPICOREYOY-26MAR,2026-03-14,2026-04-10,1.7999999999999998,0,0,97,0,FALSE
KXCPICOREYOY-26MAR,2026-03-15,2026-04-10,1.7999999999999998,0,0,94,0,FALSE
KXCPICOREYOY-26MAR,2026-03-16,2026-04-10,1.7999999999999998,0,0,94,0,FALSE
KXCPICOREYOY-26MAR,2026-03-17,2026-04-10,1.7999999999999998,0,0,94,0,FALSE
KXCPICOREYOY-26MAR,2026-03-18,2026-04-10,1.7999999999999998,0,0,94,0,FALSE
KXCPICOREYOY-26MAR,2026-03-19,2026-04-10,1.7999999999999998,0,0,96,0,FALSE
KXCPICOREYOY-26MAR,2026-03-20,2026-04-10,1.7999999999999998,0,0,94,0,FALSE
KXCPICOREYOY-26MAR,2026-03-21,2026-04-10,1.7999999999999998,0,0,97,0,FALSE
KXCPICOREYOY-26MAR,2026-03-22,2026-04-10,1.7999999999999998,0,0,97,0,FALSE
KXCPICOREYOY-26MAR,2026-03-23,2026-04-10,1.7999999999999998,0,0,94,0,FALSE
KXCPICOREYOY-26MAR,2026-03-24,2026-04-10,1.7999999999999998,0,0,94,0,FALSE
KXCPICOREYOY-26MAR,2026-03-25,2026-04-10,1.7999999999999998,0,0,94,0,FALSE
KXCPICOREYOY-26MAR,2026-03-26,2026-04-10,1.7999999999999998,0,0,94,0,FALSE
KXCPICOREYOY-26MAR,2026-03-27,2026-04-10,1.7999999999999998,0,0,95,0,FALSE
KXCPICOREYOY-26MAR,2026-03-28,2026-04-10,1.7999999999999998,0,0,95,0,FALSE
KXCPICOREYOY-26MAR,2026-03-29,2026-04-10,1.7999999999999998,0,0,95,0,FALSE
KXCPICOREYOY-26MAR,2026-03-30,2026-04-10,1.7999999999999998,0,0,95,0,FALSE
KXCPICOREYOY-26MAR,2026-03-31,2026-04-10,1.7999999999999998,0,0,95,0,FALSE
KXCPICOREYOY-26MAR,2026-04-01,2026-04-10,1.7999999999999998,0,0,95,0,FALSE
KXCPICOREYOY-26MAR,2026-04-02,2026-04-10,1.7999999999999998,0,0,96,0,FALSE
KXCPICOREYOY-26MAR,2026-04-03,2026-04-10,1.7999999999999998,0,0,96,0,FALSE
KXCPICOREYOY-26MAR,2026-04-04,2026-04-10,1.7999999999999998,0,0,99,0,FALSE
KXCPICOREYOY-26MAR,2026-04-05,2026-04-10,1.7999999999999998,0,0,99,0,FALSE
KXCPICOREYOY-26MAR,2026-04-06,2026-04-10,1.7999999999999998,0,0,99,0,FALSE
KXCPICOREYOY-26MAR,2026-04-07,2026-04-10,1.7999999999999998,0,0,99,0,FALSE
KXCPICOREYOY-26MAR,2026-04-08,2026-04-10,1.7999999999999998,0,0,99,0,FALSE
KXCPICOREYOY-26MAR,2026-04-09,2026-04-10,1.7999999999999998,0,0,99,0,FALSE
KXCPICOREYOY-26MAR,2026-04-10,2026-04-10,1.7999999999999998,0,0,99,0,FALSE
KXCPICOREYOY-26MAR,2026-03-11,2026-04-10,1.9,94,1,94,0,FALSE
KXCPICOREYOY-26MAR,2026-03-12,2026-04-10,1.9,94,0,94,0,FALSE
KXCPICOREYOY-26MAR,2026-03-13,2026-04-10,1.9,94,0,94,0,FALSE
KXCPICOREYOY-26MAR,2026-03-14,2026-04-10,1.9,94,0,97,0,FALSE
KXCPICOREYOY-26MAR,2026-03-15,2026-04-10,1.9,94,0,94,0,FALSE
KXCPICOREYOY-26MAR,2026-03-16,2026-04-10,1.9,94,0,94,0,FALSE
KXCPICOREYOY-26MAR,2026-03-17,2026-04-10,1.9,94,0,94,0,FALSE
KXCPICOREYOY-26MAR,2026-03-18,2026-04-10,1.9,94,0,94,0,FALSE
KXCPICOREYOY-26MAR,2026-03-19,2026-04-10,1.9,94,0,96,0,FALSE
KXCPICOREYOY-26MAR,2026-03-20,2026-04-10,1.9,94,0,94,0,FALSE
KXCPICOREYOY-26MAR,2026-03-21,2026-04-10,1.9,94,0,97,0,FALSE
KXCPICOREYOY-26MAR,2026-03-22,2026-04-10,1.9,94,0,97,0,FALSE
KXCPICOREYOY-26MAR,2026-03-23,2026-04-10,1.9,94,0,94,0,FALSE
KXCPICOREYOY-26MAR,2026-03-24,2026-04-10,1.9,94,0,94,0,FALSE
KXCPICOREYOY-26MAR,2026-03-25,2026-04-10,1.9,94,0,94,0,FALSE
KXCPICOREYOY-26MAR,2026-03-26,2026-04-10,1.9,94,0,94,0,FALSE
KXCPICOREYOY-26MAR,2026-03-27,2026-04-10,1.9,94,0,95,0,FALSE
KXCPICOREYOY-26MAR,2026-03-28,2026-04-10,1.9,94,0,95,0,FALSE
KXCPICOREYOY-26MAR,2026-03-29,2026-04-10,1.9,94,0,95,0,FALSE
KXCPICOREYOY-26MAR,2026-03-30,2026-04-10,1.9,94,0,95,0,FALSE
KXCPICOREYOY-26MAR,2026-03-31,2026-04-10,1.9,94,0,95,0,FALSE
KXCPICOREYOY-26MAR,2026-04-01,2026-04-10,1.9,94,0,95,0,FALSE
KXCPICOREYOY-26MAR,2026-04-02,2026-04-10,1.9,94,0,96,0,FALSE
KXCPICOREYOY-26MAR,2026-04-03,2026-04-10,1.9,94,0,96,0,FALSE
KXCPICOREYOY-26MAR,2026-04-04,2026-04-10,1.9,99,2,99,0,FALSE
KXCPICOREYOY-26MAR,2026-04-05,2026-04-10,1.9,99,0,99,0,FALSE
KXCPICOREYOY-26MAR,2026-04-06,2026-04-10,1.9,99,0,99,0,FALSE
KXCPICOREYOY-26MAR,2026-04-07,2026-04-10,1.9,99,0,99,0,FALSE
KXCPICOREYOY-26MAR,2026-04-08,2026-04-10,1.9,99,0,99,0,FALSE
KXCPICOREYOY-26MAR,2026-04-09,2026-04-10,1.9,99,10,99,0,FALSE
KXCPICOREYOY-26MAR,2026-04-10,2026-04-10,1.9,99,0,99,0,FALSE
KXCPICOREYOY-26NOV,2026-07-08,2026-08-05,1.9,0,0,70,0,FALSE
KXCPICOREYOY-26NOV,2026-07-09,2026-08-05,1.9,0,0,70,0,FALSE
KXCPICOREYOY-26NOV,2026-07-10,2026-08-05,1.9,0,0,70,0,FALSE
KXCPICOREYOY-26NOV,2026-07-11,2026-08-05,1.9,0,0,70,0,FALSE
KXCPICOREYOY-26NOV,2026-07-12,2026-08-05,1.9,0,0,70,0,FALSE
KXCPICOREYOY-26NOV,2026-07-13,2026-08-05,1.9,0,0,70,0,FALSE
KXCPICOREYOY-26NOV,2026-07-14,2026-08-05,1.9,0,0,98,0,FALSE
KXCPICOREYOY-26NOV,2026-07-15,2026-08-05,1.9,0,0,98,0,FALSE
KXCPICOREYOY-26NOV,2026-07-16,2026-08-05,1.9,0,0,98,0,FALSE
KXCPICOREYOY-26NOV,2026-07-17,2026-08-05,1.9,0,0,98,0,FALSE
KXCPICOREYOY-26NOV,2026-07-18,2026-08-05,1.9,0,0,98,0,FALSE
KXCPICOREYOY-26NOV,2026-07-19,2026-08-05,1.9,0,0,98,0,FALSE
KXCPICOREYOY-26NOV,2026-07-20,2026-08-05,1.9,0,0,98,0,FALSE
KXCPICOREYOY-26NOV,2026-07-21,2026-08-05,1.9,0,0,98,0,FALSE
KXCPICOREYOY-26NOV,2026-07-22,2026-08-05,1.9,0,0,98,0,FALSE
KXCPICOREYOY-26NOV,2026-07-23,2026-08-05,1.9,0,0,98,0,FALSE
KXCPICOREYOY-26NOV,2026-07-24,2026-08-05,1.9,0,0,98,0,FALSE
KXCPICOREYOY-26NOV,2026-07-25,2026-08-05,1.9,0,0,98,0,FALSE
KXCPICOREYOY-26NOV,2026-07-26,2026-08-05,1.9,0,0,98,0,FALSE
KXCPICOREYOY-26NOV,2026-07-27,2026-08-05,1.9,0,0,98,0,FALSE
KXCPICOREYOY-26NOV,2026-07-28,2026-08-05,1.9,0,0,98,0,FALSE
KXCPICOREYOY-26NOV,2026-07-29,2026-08-05,1.9,0,0,98,0,FALSE
KXCPICOREYOY-26NOV,2026-07-30,2026-08-05,1.9,0,0,98,0,FALSE
KXCPICOREYOY-26NOV,2026-07-31,2026-08-05,1.9,0,0,98,0,FALSE
KXCPICOREYOY-26NOV,2026-08-01,2026-08-05,1.9,0,0,98,0,FALSE
KXCPICOREYOY-26NOV,2026-08-02,2026-08-05,1.9,0,0,98,0,FALSE
KXCPICOREYOY-26NOV,2026-08-03,2026-08-05,1.9,0,0,98,0,FALSE
KXCPICOREYOY-26NOV,2026-08-04,2026-08-05,1.9,0,0,98,0,FALSE
KXCPICOREYOY-26NOV,2026-08-05,2026-08-05,1.9,0,0,98,0,FALSE
KXCPICOREYOY-26MAR,2026-03-11,2026-04-10,1.9999999999999998,94,1,94,5.1020408163265305,FALSE
KXCPICOREYOY-26MAR,2026-03-12,2026-04-10,1.9999999999999998,94,0,94,5.1020408163265305,FALSE
KXCPICOREYOY-26MAR,2026-03-13,2026-04-10,1.9999999999999998,94,0,94,0,FALSE
KXCPICOREYOY-26MAR,2026-03-14,2026-04-10,1.9999999999999998,94,0,97,0,FALSE
KXCPICOREYOY-26MAR,2026-03-15,2026-04-10,1.9999999999999998,94,0,94,0,FALSE
KXCPICOREYOY-26MAR,2026-03-16,2026-04-10,1.9999999999999998,94,0,94,0,FALSE
KXCPICOREYOY-26MAR,2026-03-17,2026-04-10,1.9999999999999998,94,0,94,0,FALSE
KXCPICOREYOY-26MAR,2026-03-18,2026-04-10,1.9999999999999998,94,0,94,0,FALSE
KXCPICOREYOY-26MAR,2026-03-19,2026-04-10,1.9999999999999998,94,0,96,0,FALSE
KXCPICOREYOY-26MAR,2026-03-20,2026-04-10,1.9999999999999998,94,0,94,0,FALSE
KXCPICOREYOY-26MAR,2026-03-21,2026-04-10,1.9999999999999998,94,0,97,0,FALSE
KXCPICOREYOY-26MAR,2026-03-22,2026-04-10,1.9999999999999998,94,0,97,0,FALSE
KXCPICOREYOY-26MAR,2026-03-23,2026-04-10,1.9999999999999998,94,0,94,0,FALSE
KXCPICOREYOY-26MAR,2026-03-24,2026-04-10,1.9999999999999998,94,0,94,0,FALSE
KXCPICOREYOY-26MAR,2026-03-25,2026-04-10,1.9999999999999998,94,0,94,0,FALSE
KXCPICOREYOY-26MAR,2026-03-26,2026-04-10,1.9999999999999998,94,0,94,0,FALSE
KXCPICOREYOY-26MAR,2026-03-27,2026-04-10,1.9999999999999998,94,0,95,0,FALSE
KXCPICOREYOY-26MAR,2026-03-28,2026-04-10,1.9999999999999998,94,0,95,0,FALSE
KXCPICOREYOY-26MAR,2026-03-29,2026-04-10,1.9999999999999998,94,0,95,0,FALSE
KXCPICOREYOY-26MAR,2026-03-30,2026-04-10,1.9999999999999998,94,0,95,0,FALSE
KXCPICOREYOY-26MAR,2026-03-31,2026-04-10,1.9999999999999998,94,0,95,0,FALSE
KXCPICOREYOY-26MAR,2026-04-01,2026-04-10,1.9999999999999998,94,0,95,0,FALSE
KXCPICOREYOY-26MAR,2026-04-02,2026-04-10,1.9999999999999998,94,0,96,0,FALSE
KXCPICOREYOY-26MAR,2026-04-03,2026-04-10,1.9999999999999998,94,0,96,0,FALSE
KXCPICOREYOY-26MAR,2026-04-04,2026-04-10,1.9999999999999998,99,2,99,0,FALSE
KXCPICOREYOY-26MAR,2026-04-05,2026-04-10,1.9999999999999998,99,0,99,0,FALSE
KXCPICOREYOY-26MAR,2026-04-06,2026-04-10,1.9999999999999998,99,0,99,0,FALSE
KXCPICOREYOY-26MAR,2026-04-07,2026-04-10,1.9999999999999998,99,0,99,0,FALSE
KXCPICOREYOY-26MAR,2026-04-08,2026-04-10,1.9999999999999998,99,0,99,0,FALSE
KXCPICOREYOY-26MAR,2026-04-09,2026-04-10,1.9999999999999998,99,10,99,0,FALSE
KXCPICOREYOY-26MAR,2026-04-10,2026-04-10,1.9999999999999998,99,0,99,0,FALSE
KXCPICOREYOY-26APR,2026-04-30,2026-05-12,2,0,0,99,0,FALSE
KXCPICOREYOY-26APR,2026-05-01,2026-05-12,2,0,0,99,0,FALSE
KXCPICOREYOY-26APR,2026-05-02,2026-05-12,2,0,0,99,0,FALSE
KXCPICOREYOY-26APR,2026-05-03,2026-05-12,2,0,0,99,0,FALSE
KXCPICOREYOY-26APR,2026-05-04,2026-05-12,2,0,0,99,0,FALSE
KXCPICOREYOY-26APR,2026-05-05,2026-05-12,2,0,0,99,0,FALSE
KXCPICOREYOY-26APR,2026-05-06,2026-05-12,2,0,0,99,0,FALSE
KXCPICOREYOY-26APR,2026-05-07,2026-05-12,2,0,0,99,0,FALSE
KXCPICOREYOY-26APR,2026-05-08,2026-05-12,2,0,0,99,0,FALSE
KXCPICOREYOY-26APR,2026-05-09,2026-05-12,2,0,0,99,0,FALSE
KXCPICOREYOY-26APR,2026-05-10,2026-05-12,2,0,0,99,0,FALSE
KXCPICOREYOY-26APR,2026-05-11,2026-05-12,2,0,0,99,0,FALSE
KXCPICOREYOY-26APR,2026-05-12,2026-05-12,2,0,0,99,0,FALSE
KXCPICOREYOY-26AUG,2026-07-04,2026-08-03,2,0,0,99,0,FALSE
KXCPICOREYOY-26AUG,2026-07-05,2026-08-03,2,0,0,99,0,FALSE
KXCPICOREYOY-26AUG,2026-07-06,2026-08-03,2,0,0,99,0,FALSE
KXCPICOREYOY-26AUG,2026-07-07,2026-08-03,2,0,0,99,0,FALSE
KXCPICOREYOY-26AUG,2026-07-08,2026-08-03,2,0,0,99,0,FALSE
KXCPICOREYOY-26AUG,2026-07-09,2026-08-03,2,0,0,99,0,FALSE
KXCPICOREYOY-26AUG,2026-07-10,2026-08-03,2,0,0,99,0,FALSE
KXCPICOREYOY-26AUG,2026-07-11,2026-08-03,2,0,0,99,0,FALSE
KXCPICOREYOY-26AUG,2026-07-12,2026-08-03,2,0,0,99,0,FALSE
KXCPICOREYOY-26AUG,2026-07-13,2026-08-03,2,0,0,99,0,FALSE
KXCPICOREYOY-26AUG,2026-07-14,2026-08-03,2,0,0,99,0,FALSE
KXCPICOREYOY-26AUG,2026-07-15,2026-08-03,2,0,0,99,0,FALSE
KXCPICOREYOY-26AUG,2026-07-16,2026-08-03,2,0,0,99,0,FALSE
KXCPICOREYOY-26AUG,2026-07-17,2026-08-03,2,0,0,98,0,FALSE
KXCPICOREYOY-26AUG,2026-07-18,2026-08-03,2,0,0,98,0,FALSE
KXCPICOREYOY-26AUG,2026-07-19,2026-08-03,2,0,0,98,0,FALSE
KXCPICOREYOY-26AUG,2026-07-20,2026-08-03,2,0,0,98,0,FALSE
KXCPICOREYOY-26AUG,2026-07-21,2026-08-03,2,0,0,98,0,FALSE
KXCPICOREYOY-26AUG,2026-07-22,2026-08-03,2,0,0,98,0,FALSE
KXCPICOREYOY-26AUG,2026-07-23,2026-08-03,2,0,0,98,0,FALSE
KXCPICOREYOY-26AUG,2026-07-24,2026-08-03,2,0,0,98,0,FALSE
KXCPICOREYOY-26AUG,2026-07-25,2026-08-03,2,0,0,98,0,FALSE
KXCPICOREYOY-26AUG,2026-07-26,2026-08-03,2,0,0,98,0,FALSE
KXCPICOREYOY-26AUG,2026-07-27,2026-08-03,2,0,0,98,0,FALSE
KXCPICOREYOY-26AUG,2026-07-28,2026-08-03,2,0,0,98,0,FALSE
KXCPICOREYOY-26AUG,2026-07-29,2026-08-03,2,0,0,98,0,FALSE
KXCPICOREYOY-26AUG,2026-07-30,2026-08-03,2,0,0,98,0,FALSE
KXCPICOREYOY-26AUG,2026-07-31,2026-08-03,2,0,0,98,0,FALSE
KXCPICOREYOY-26AUG,2026-08-01,2026-08-03,2,0,0,98,0,FALSE
KXCPICOREYOY-26AUG,2026-08-02,2026-08-03,2,0,0,98,0,FALSE
KXCPICOREYOY-26AUG,2026-08-03,2026-08-03,2,0,0,98,0,FALSE
KXCPICOREYOY-26FEB,2026-03-06,2026-03-11,2,0,0,97,0,FALSE
KXCPICOREYOY-26FEB,2026-03-07,2026-03-11,2,0,0,97,0,FALSE
KXCPICOREYOY-26FEB,2026-03-08,2026-03-11,2,0,0,97,0,FALSE
KXCPICOREYOY-26FEB,2026-03-09,2026-03-11,2,0,0,98,1.0204081632653061,FALSE
KXCPICOREYOY-26FEB,2026-03-10,2026-03-11,2,0,0,99,0,FALSE
KXCPICOREYOY-26FEB,2026-03-11,2026-03-11,2,0,0,99,0,FALSE
KXCPICOREYOY-26JUL,2026-07-16,2026-08-05,2,0,0,99,0,FALSE
KXCPICOREYOY-26JUL,2026-07-17,2026-08-05,2,0,0,99,0,FALSE
KXCPICOREYOY-26JUL,2026-07-18,2026-08-05,2,0,0,99,0,FALSE
KXCPICOREYOY-26JUL,2026-07-19,2026-08-05,2,0,0,99,0,FALSE
KXCPICOREYOY-26JUL,2026-07-20,2026-08-05,2,0,0,99,0,FALSE
KXCPICOREYOY-26JUL,2026-07-21,2026-08-05,2,0,0,99,0,FALSE
KXCPICOREYOY-26JUL,2026-07-22,2026-08-05,2,0,0,99,0,FALSE
KXCPICOREYOY-26JUL,2026-07-23,2026-08-05,2,0,0,99,0,FALSE
KXCPICOREYOY-26JUL,2026-07-24,2026-08-05,2,0,0,99,0,FALSE
KXCPICOREYOY-26JUL,2026-07-25,2026-08-05,2,0,0,98,1.0204081632653061,FALSE
KXCPICOREYOY-26JUL,2026-07-26,2026-08-05,2,0,0,98,1.0204081632653061,FALSE
KXCPICOREYOY-26JUL,2026-07-27,2026-08-05,2,0,0,98,1.0204081632653061,FALSE
KXCPICOREYOY-26JUL,2026-07-28,2026-08-05,2,0,0,98,1.0204081632653061,FALSE
KXCPICOREYOY-26JUL,2026-07-29,2026-08-05,2,0,0,98,1.0204081632653061,FALSE
KXCPICOREYOY-26JUL,2026-07-30,2026-08-05,2,0,0,98,1.0204081632653061,FALSE
KXCPICOREYOY-26JUL,2026-07-31,2026-08-05,2,0,0,98,1.0204081632653061,FALSE
KXCPICOREYOY-26JUL,2026-08-01,2026-08-05,2,0,0,98,1.0204081632653061,FALSE
KXCPICOREYOY-26JUL,2026-08-02,2026-08-05,2,0,0,98,1.0204081632653061,FALSE
KXCPICOREYOY-26JUL,2026-08-03,2026-08-05,2,0,0,98,1.0204081632653061,FALSE
KXCPICOREYOY-26JUL,2026-08-04,2026-08-05,2,0,0,98,1.0204081632653061,FALSE
KXCPICOREYOY-26JUL,2026-08-05,2026-08-05,2,0,0,98,1.0204081632653061,FALSE
KXCPICOREYOY-26JUN,2026-07-07,2026-07-14,2,0,0,99,0,FALSE
KXCPICOREYOY-26JUN,2026-07-08,2026-07-14,2,0,0,99,0,FALSE
KXCPICOREYOY-26JUN,2026-07-09,2026-07-14,2,0,0,99,0,FALSE
KXCPICOREYOY-26JUN,2026-07-10,2026-07-14,2,0,0,99,0,FALSE
KXCPICOREYOY-26JUN,2026-07-11,2026-07-14,2,0,0,99,0,FALSE
KXCPICOREYOY-26JUN,2026-07-12,2026-07-14,2,0,0,99,0,FALSE
KXCPICOREYOY-26JUN,2026-07-13,2026-07-14,2,0,0,99,0,FALSE
KXCPICOREYOY-26JUN,2026-07-14,2026-07-14,2,0,0,99,0,FALSE
KXCPICOREYOY-26MAY,2026-06-08,2026-06-10,2,0,0,99,0,FALSE
KXCPICOREYOY-26MAY,2026-06-09,2026-06-10,2,0,0,99,0,FALSE
KXCPICOREYOY-26MAY,2026-06-10,2026-06-10,2,0,0,99,0,FALSE
KXCPICOREYOY-26NOV,2026-07-08,2026-08-05,2,1,2000,70,0,FALSE
KXCPICOREYOY-26NOV,2026-07-09,2026-08-05,2,1,0,70,0,FALSE
KXCPICOREYOY-26NOV,2026-07-10,2026-08-05,2,1,0,70,0,FALSE
KXCPICOREYOY-26NOV,2026-07-11,2026-08-05,2,1,0,70,0,FALSE
KXCPICOREYOY-26NOV,2026-07-12,2026-08-05,2,1,0,70,0,FALSE
KXCPICOREYOY-26NOV,2026-07-13,2026-08-05,2,1,0,70,0,FALSE
KXCPICOREYOY-26NOV,2026-07-14,2026-08-05,2,1,0,98,0,FALSE
KXCPICOREYOY-26NOV,2026-07-15,2026-08-05,2,1,0,98,0,FALSE
KXCPICOREYOY-26NOV,2026-07-16,2026-08-05,2,1,0,98,0,FALSE
KXCPICOREYOY-26NOV,2026-07-17,2026-08-05,2,1,0,98,0,FALSE
KXCPICOREYOY-26NOV,2026-07-18,2026-08-05,2,1,0,98,0,FALSE
KXCPICOREYOY-26NOV,2026-07-19,2026-08-05,2,1,0,98,0,FALSE
KXCPICOREYOY-26NOV,2026-07-20,2026-08-05,2,98,1998,98,0,FALSE
KXCPICOREYOY-26NOV,2026-07-21,2026-08-05,2,98,0,98,0,FALSE
KXCPICOREYOY-26NOV,2026-07-22,2026-08-05,2,98,0,98,0,FALSE
KXCPICOREYOY-26NOV,2026-07-23,2026-08-05,2,97,2000,98,0,FALSE
KXCPICOREYOY-26NOV,2026-07-24,2026-08-05,2,97,0,98,0,FALSE
KXCPICOREYOY-26NOV,2026-07-25,2026-08-05,2,97,0,98,0,FALSE
KXCPICOREYOY-26NOV,2026-07-26,2026-08-05,2,97,0,98,0,FALSE
KXCPICOREYOY-26NOV,2026-07-27,2026-08-05,2,97,0,98,0,FALSE
KXCPICOREYOY-26NOV,2026-07-28,2026-08-05,2,97,0,98,0,FALSE
KXCPICOREYOY-26NOV,2026-07-29,2026-08-05,2,97,0,98,0,FALSE
KXCPICOREYOY-26NOV,2026-07-30,2026-08-05,2,97,0,98,0,FALSE
KXCPICOREYOY-26NOV,2026-07-31,2026-08-05,2,97,0,98,0,FALSE
KXCPICOREYOY-26NOV,2026-08-01,2026-08-05,2,97,0,98,0,FALSE
KXCPICOREYOY-26NOV,2026-08-02,2026-08-05,2,97,0,98,0,FALSE
KXCPICOREYOY-26NOV,2026-08-03,2026-08-05,2,97,0,98,0,FALSE
KXCPICOREYOY-26NOV,2026-08-04,2026-08-05,2,97,0,98,0,FALSE
KXCPICOREYOY-26NOV,2026-08-05,2026-08-05,2,97,0,98,0,FALSE
KXCPICOREYOY-26SEP,2026-07-08,2026-08-05,2,0,0,3,97.95918367346938,FALSE
KXCPICOREYOY-26SEP,2026-07-09,2026-08-05,2,0,0,35,65.3061224489796,FALSE
KXCPICOREYOY-26SEP,2026-07-10,2026-08-05,2,0,0,35,65.3061224489796,FALSE
KXCPICOREYOY-26SEP,2026-07-11,2026-08-05,2,0,0,35,65.3061224489796,FALSE
KXCPICOREYOY-26SEP,2026-07-12,2026-08-05,2,0,0,35,65.3061224489796,FALSE
KXCPICOREYOY-26SEP,2026-07-13,2026-08-05,2,0,0,99,0,FALSE
KXCPICOREYOY-26SEP,2026-07-14,2026-08-05,2,0,0,99,0,FALSE
KXCPICOREYOY-26SEP,2026-07-15,2026-08-05,2,0,0,99,0,FALSE
KXCPICOREYOY-26SEP,2026-07-16,2026-08-05,2,0,0,99,0,FALSE
KXCPICOREYOY-26SEP,2026-07-17,2026-08-05,2,0,0,99,0,FALSE
KXCPICOREYOY-26SEP,2026-07-18,2026-08-05,2,0,0,99,0,FALSE
KXCPICOREYOY-26SEP,2026-07-19,2026-08-05,2,0,0,99,0,FALSE
KXCPICOREYOY-26SEP,2026-07-20,2026-08-05,2,0,0,99,0,FALSE
KXCPICOREYOY-26SEP,2026-07-21,2026-08-05,2,0,0,99,0,FALSE
KXCPICOREYOY-26SEP,2026-07-22,2026-08-05,2,0,0,99,0,FALSE
KXCPICOREYOY-26SEP,2026-07-23,2026-08-05,2,0,0,99,0,FALSE
KXCPICOREYOY-26SEP,2026-07-24,2026-08-05,2,0,0,99,0,FALSE
KXCPICOREYOY-26SEP,2026-07-25,2026-08-05,2,0,0,99,0,FALSE
KXCPICOREYOY-26SEP,2026-07-26,2026-08-05,2,0,0,99,0,FALSE
KXCPICOREYOY-26SEP,2026-07-27,2026-08-05,2,0,0,99,0,FALSE
KXCPICOREYOY-26SEP,2026-07-28,2026-08-05,2,0,0,99,0,FALSE
KXCPICOREYOY-26SEP,2026-07-29,2026-08-05,2,0,0,99,0,FALSE
KXCPICOREYOY-26SEP,2026-07-30,2026-08-05,2,0,0,99,0,FALSE
KXCPICOREYOY-26SEP,2026-07-31,2026-08-05,2,0,0,99,0,FALSE
KXCPICOREYOY-26SEP,2026-08-01,2026-08-05,2,0,0,99,0,FALSE
KXCPICOREYOY-26SEP,2026-08-02,2026-08-05,2,0,0,99,0,FALSE
KXCPICOREYOY-26SEP,2026-08-03,2026-08-05,2,0,0,99,0,FALSE
KXCPICOREYOY-26SEP,2026-08-04,2026-08-05,2,0,0,99,0,FALSE
KXCPICOREYOY-26SEP,2026-08-05,2026-08-05,2,0,0,99,0,FALSE
KXCPICOREYOY-26MAR,2026-03-11,2026-04-10,2.0999999999999996,94,1,94,1.0204081632653061,FALSE
KXCPICOREYOY-26MAR,2026-03-12,2026-04-10,2.0999999999999996,94,0,94,1.0204081632653061,FALSE
KXCPICOREYOY-26MAR,2026-03-13,2026-04-10,2.0999999999999996,94,0,94,5.1020408163265305,FALSE
KXCPICOREYOY-26MAR,2026-03-14,2026-04-10,2.0999999999999996,94,0,97,0,FALSE
KXCPICOREYOY-26MAR,2026-03-15,2026-04-10,2.0999999999999996,94,0,94,0,FALSE
KXCPICOREYOY-26MAR,2026-03-16,2026-04-10,2.0999999999999996,94,0,94,5.1020408163265305,FALSE
KXCPICOREYOY-26MAR,2026-03-17,2026-04-10,2.0999999999999996,94,0,94,5.1020408163265305,FALSE
KXCPICOREYOY-26MAR,2026-03-18,2026-04-10,2.0999999999999996,94,0,94,5.1020408163265305,FALSE
KXCPICOREYOY-26MAR,2026-03-19,2026-04-10,2.0999999999999996,94,0,96,0,FALSE
KXCPICOREYOY-26MAR,2026-03-20,2026-04-10,2.0999999999999996,94,0,94,5.1020408163265305,FALSE
KXCPICOREYOY-26MAR,2026-03-21,2026-04-10,2.0999999999999996,94,0,97,0,FALSE
KXCPICOREYOY-26MAR,2026-03-22,2026-04-10,2.0999999999999996,94,0,97,0,FALSE
KXCPICOREYOY-26MAR,2026-03-23,2026-04-10,2.0999999999999996,94,0,94,0,FALSE
KXCPICOREYOY-26MAR,2026-03-24,2026-04-10,2.0999999999999996,94,0,94,0,FALSE
KXCPICOREYOY-26MAR,2026-03-25,2026-04-10,2.0999999999999996,94,0,94,0,FALSE
KXCPICOREYOY-26MAR,2026-03-26,2026-04-10,2.0999999999999996,94,0,94,0,FALSE
KXCPICOREYOY-26MAR,2026-03-27,2026-04-10,2.0999999999999996,94,0,95,0,FALSE
KXCPICOREYOY-26MAR,2026-03-28,2026-04-10,2.0999999999999996,94,0,95,0,FALSE
KXCPICOREYOY-26MAR,2026-03-29,2026-04-10,2.0999999999999996,94,0,95,0,FALSE
KXCPICOREYOY-26MAR,2026-03-30,2026-04-10,2.0999999999999996,94,0,95,0,FALSE
KXCPICOREYOY-26MAR,2026-03-31,2026-04-10,2.0999999999999996,94,0,95,0,FALSE
KXCPICOREYOY-26MAR,2026-04-01,2026-04-10,2.0999999999999996,94,0,95,0,FALSE
KXCPICOREYOY-26MAR,2026-04-02,2026-04-10,2.0999999999999996,94,0,96,0,FALSE
KXCPICOREYOY-26MAR,2026-04-03,2026-04-10,2.0999999999999996,94,0,96,0,FALSE
KXCPICOREYOY-26MAR,2026-04-04,2026-04-10,2.0999999999999996,99,2,99,0,FALSE
KXCPICOREYOY-26MAR,2026-04-05,2026-04-10,2.0999999999999996,99,0,99,0,FALSE
KXCPICOREYOY-26MAR,2026-04-06,2026-04-10,2.0999999999999996,99,0,99,0,FALSE
KXCPICOREYOY-26MAR,2026-04-07,2026-04-10,2.0999999999999996,99,0,99,0,FALSE
KXCPICOREYOY-26MAR,2026-04-08,2026-04-10,2.0999999999999996,99,0,99,0,FALSE
KXCPICOREYOY-26MAR,2026-04-09,2026-04-10,2.0999999999999996,98,70,99,0,FALSE
KXCPICOREYOY-26MAR,2026-04-10,2026-04-10,2.0999999999999996,93,93,99,0,FALSE
KXCPICOREYOY-26APR,2026-04-30,2026-05-12,2.1,99,200,99,0,FALSE
KXCPICOREYOY-26APR,2026-05-01,2026-05-12,2.1,99,0,99,0,FALSE
KXCPICOREYOY-26APR,2026-05-02,2026-05-12,2.1,99,0,99,0,FALSE
KXCPICOREYOY-26APR,2026-05-03,2026-05-12,2.1,99,0,99,0,FALSE
KXCPICOREYOY-26APR,2026-05-04,2026-05-12,2.1,99,0,99,0,FALSE
KXCPICOREYOY-26APR,2026-05-05,2026-05-12,2.1,99,0,99,0,FALSE
KXCPICOREYOY-26APR,2026-05-06,2026-05-12,2.1,99,0,99,0,FALSE
KXCPICOREYOY-26APR,2026-05-07,2026-05-12,2.1,99,0,99,0,FALSE
KXCPICOREYOY-26APR,2026-05-08,2026-05-12,2.1,99,0,99,0,FALSE
KXCPICOREYOY-26APR,2026-05-09,2026-05-12,2.1,99,0,99,0,FALSE
KXCPICOREYOY-26APR,2026-05-10,2026-05-12,2.1,99,0,99,0,FALSE
KXCPICOREYOY-26APR,2026-05-11,2026-05-12,2.1,99,0,99,0,FALSE
KXCPICOREYOY-26APR,2026-05-12,2026-05-12,2.1,99,0,99,0,FALSE
KXCPICOREYOY-26AUG,2026-07-04,2026-08-03,2.1,99,0,99,0,FALSE
KXCPICOREYOY-26AUG,2026-07-05,2026-08-03,2.1,99,0,99,0,FALSE
KXCPICOREYOY-26AUG,2026-07-06,2026-08-03,2.1,99,0,99,0,FALSE
KXCPICOREYOY-26AUG,2026-07-07,2026-08-03,2.1,99,0,99,0,FALSE
KXCPICOREYOY-26AUG,2026-07-08,2026-08-03,2.1,99,0,99,0,FALSE
KXCPICOREYOY-26AUG,2026-07-09,2026-08-03,2.1,99,0,99,0,FALSE
KXCPICOREYOY-26AUG,2026-07-10,2026-08-03,2.1,99,0,99,0,FALSE
KXCPICOREYOY-26AUG,2026-07-11,2026-08-03,2.1,99,0,99,0,FALSE
KXCPICOREYOY-26AUG,2026-07-12,2026-08-03,2.1,99,0,99,0,FALSE
KXCPICOREYOY-26AUG,2026-07-13,2026-08-03,2.1,99,10,99,0,FALSE
KXCPICOREYOY-26AUG,2026-07-14,2026-08-03,2.1,99,0,99,0,FALSE
KXCPICOREYOY-26AUG,2026-07-15,2026-08-03,2.1,99,0,99,0,FALSE
KXCPICOREYOY-26AUG,2026-07-16,2026-08-03,2.1,99,0,99,0,FALSE
KXCPICOREYOY-26AUG,2026-07-17,2026-08-03,2.1,76,20,98,0,FALSE
KXCPICOREYOY-26AUG,2026-07-18,2026-08-03,2.1,76,0,98,0,FALSE
KXCPICOREYOY-26AUG,2026-07-19,2026-08-03,2.1,92,30,98,0,FALSE
KXCPICOREYOY-26AUG,2026-07-20,2026-08-03,2.1,92,0,98,0,FALSE
KXCPICOREYOY-26AUG,2026-07-21,2026-08-03,2.1,92,0,98,0,FALSE
KXCPICOREYOY-26AUG,2026-07-22,2026-08-03,2.1,92,0,98,0,FALSE
KXCPICOREYOY-26AUG,2026-07-23,2026-08-03,2.1,92,0,98,0,FALSE
KXCPICOREYOY-26AUG,2026-07-24,2026-08-03,2.1,92,0,98,0,FALSE
KXCPICOREYOY-26AUG,2026-07-25,2026-08-03,2.1,92,0,98,0,FALSE
KXCPICOREYOY-26AUG,2026-07-26,2026-08-03,2.1,92,0,98,0,FALSE
KXCPICOREYOY-26AUG,2026-07-27,2026-08-03,2.1,92,0,98,0,FALSE
KXCPICOREYOY-26AUG,2026-07-28,2026-08-03,2.1,92,0,98,1.0204081632653061,FALSE
KXCPICOREYOY-26AUG,2026-07-29,2026-08-03,2.1,92,0,98,0,FALSE
KXCPICOREYOY-26AUG,2026-07-30,2026-08-03,2.1,92,0,98,1.0204081632653061,FALSE
KXCPICOREYOY-26AUG,2026-07-31,2026-08-03,2.1,92,0,98,1.0204081632653061,FALSE
KXCPICOREYOY-26AUG,2026-08-01,2026-08-03,2.1,92,0,98,1.0204081632653061,FALSE
KXCPICOREYOY-26AUG,2026-08-02,2026-08-03,2.1,92,0,98,1.0204081632653061,FALSE
KXCPICOREYOY-26AUG,2026-08-03,2026-08-03,2.1,92,0,98,1.0204081632653061,FALSE
KXCPICOREYOY-26FEB,2026-02-17,2026-03-11,2.1,0,0,94,0,FALSE
KXCPICOREYOY-26FEB,2026-02-18,2026-03-11,2.1,0,0,94,0,FALSE
KXCPICOREYOY-26FEB,2026-02-19,2026-03-11,2.1,0,0,94,0,FALSE
KXCPICOREYOY-26FEB,2026-02-20,2026-03-11,2.1,0,0,93,6.122448979591836,FALSE
KXCPICOREYOY-26FEB,2026-02-21,2026-03-11,2.1,0,0,97,2.0408163265306123,FALSE
KXCPICOREYOY-26FEB,2026-02-22,2026-03-11,2.1,0,0,97,2.0408163265306123,FALSE
KXCPICOREYOY-26FEB,2026-02-23,2026-03-11,2.1,0,0,97,2.0408163265306123,FALSE
KXCPICOREYOY-26FEB,2026-02-24,2026-03-11,2.1,0,0,97,2.0408163265306123,FALSE
KXCPICOREYOY-26FEB,2026-02-25,2026-03-11,2.1,0,0,97,2.0408163265306123,FALSE
KXCPICOREYOY-26FEB,2026-02-26,2026-03-11,2.1,0,0,97,2.0408163265306123,FALSE
KXCPICOREYOY-26FEB,2026-02-27,2026-03-11,2.1,0,0,97,2.0408163265306123,FALSE
KXCPICOREYOY-26FEB,2026-02-28,2026-03-11,2.1,0,0,97,2.0408163265306123,FALSE
KXCPICOREYOY-26FEB,2026-03-01,2026-03-11,2.1,0,0,97,2.0408163265306123,FALSE
KXCPICOREYOY-26FEB,2026-03-02,2026-03-11,2.1,0,0,97,2.0408163265306123,FALSE
KXCPICOREYOY-26FEB,2026-03-03,2026-03-11,2.1,0,0,97,2.0408163265306123,FALSE
KXCPICOREYOY-26FEB,2026-03-04,2026-03-11,2.1,0,0,97,2.0408163265306123,FALSE
KXCPICOREYOY-26FEB,2026-03-05,2026-03-11,2.1,0,0,97,2.0408163265306123,FALSE
KXCPICOREYOY-26FEB,2026-03-06,2026-03-11,2.1,95,187,97,2.0408163265306123,FALSE
KXCPICOREYOY-26FEB,2026-03-07,2026-03-11,2.1,95,0,97,2.0408163265306123,FALSE
KXCPICOREYOY-26FEB,2026-03-08,2026-03-11,2.1,95,0,97,2.0408163265306123,FALSE
KXCPICOREYOY-26FEB,2026-03-09,2026-03-11,2.1,98,251,98,4.081632653061225,FALSE
KXCPICOREYOY-26FEB,2026-03-10,2026-03-11,2.1,99,2,99,5.1020408163265305,FALSE
KXCPICOREYOY-26FEB,2026-03-11,2026-03-11,2.1,99,0,99,0,FALSE
KXCPICOREYOY-26JUL,2026-07-13,2026-08-05,2.1,0,0,99,0,FALSE
KXCPICOREYOY-26JUL,2026-07-14,2026-08-05,2.1,0,0,99,0,FALSE
KXCPICOREYOY-26JUL,2026-07-15,2026-08-05,2.1,0,0,99,0,FALSE
KXCPICOREYOY-26JUL,2026-07-16,2026-08-05,2.1,99,197.98,99,0,FALSE
KXCPICOREYOY-26JUL,2026-07-17,2026-08-05,2.1,99,0,99,4.081632653061225,FALSE
KXCPICOREYOY-26JUL,2026-07-18,2026-08-05,2.1,99,0,99,4.081632653061225,FALSE
KXCPICOREYOY-26JUL,2026-07-19,2026-08-05,2.1,99,0,99,4.081632653061225,FALSE
KXCPICOREYOY-26JUL,2026-07-20,2026-08-05,2.1,99,0,99,0,FALSE
KXCPICOREYOY-26JUL,2026-07-21,2026-08-05,2.1,99,0,99,0,FALSE
KXCPICOREYOY-26JUL,2026-07-22,2026-08-05,2.1,99,668.02,99,0,FALSE
KXCPICOREYOY-26JUL,2026-07-23,2026-08-05,2.1,99,5.04,99,2.0408163265306123,FALSE
KXCPICOREYOY-26JUL,2026-07-24,2026-08-05,2.1,99,1715.04,99,12.244897959183673,FALSE
KXCPICOREYOY-26JUL,2026-07-25,2026-08-05,2.1,98,871.52,98,12.244897959183673,FALSE
KXCPICOREYOY-26JUL,2026-07-26,2026-08-05,2.1,98,884.7900000000001,98,1.0204081632653061,FALSE
KXCPICOREYOY-26JUL,2026-07-27,2026-08-05,2.1,98,0,98,1.0204081632653061,FALSE
KXCPICOREYOY-26JUL,2026-07-28,2026-08-05,2.1,98,0,98,1.0204081632653061,FALSE
KXCPICOREYOY-26JUL,2026-07-29,2026-08-05,2.1,98,0,98,1.0204081632653061,FALSE
KXCPICOREYOY-26JUL,2026-07-30,2026-08-05,2.1,98,0,98,1.0204081632653061,FALSE
KXCPICOREYOY-26JUL,2026-07-31,2026-08-05,2.1,98,0,98,1.0204081632653061,FALSE
KXCPICOREYOY-26JUL,2026-08-01,2026-08-05,2.1,98,0,98,1.0204081632653061,FALSE
KXCPICOREYOY-26JUL,2026-08-02,2026-08-05,2.1,98,0,98,1.0204081632653061,FALSE
KXCPICOREYOY-26JUL,2026-08-03,2026-08-05,2.1,98,0,98,1.0204081632653061,FALSE
KXCPICOREYOY-26JUL,2026-08-04,2026-08-05,2.1,98,6,98,1.0204081632653061,FALSE
KXCPICOREYOY-26JUL,2026-08-05,2026-08-05,2.1,98,0,98,1.0204081632653061,FALSE
KXCPICOREYOY-26JUN,2026-06-29,2026-07-14,2.1,0,0,99,0,FALSE
KXCPICOREYOY-26JUN,2026-06-30,2026-07-14,2.1,0,0,99,0,FALSE
KXCPICOREYOY-26JUN,2026-07-01,2026-07-14,2.1,0,0,99,0,FALSE
KXCPICOREYOY-26JUN,2026-07-02,2026-07-14,2.1,0,0,99,0,FALSE
KXCPICOREYOY-26JUN,2026-07-03,2026-07-14,2.1,0,0,99,0,FALSE
KXCPICOREYOY-26JUN,2026-07-04,2026-07-14,2.1,0,0,99,0,FALSE
KXCPICOREYOY-26JUN,2026-07-05,2026-07-14,2.1,0,0,99,0,FALSE
KXCPICOREYOY-26JUN,2026-07-06,2026-07-14,2.1,0,0,99,0,FALSE
KXCPICOREYOY-26JUN,2026-07-07,2026-07-14,2.1,99,100,99,0,FALSE
KXCPICOREYOY-26JUN,2026-07-08,2026-07-14,2.1,99,0,99,0,FALSE
KXCPICOREYOY-26JUN,2026-07-09,2026-07-14,2.1,99,0,99,0,FALSE
KXCPICOREYOY-26JUN,2026-07-10,2026-07-14,2.1,99,0,99,0,FALSE
KXCPICOREYOY-26JUN,2026-07-11,2026-07-14,2.1,99,0,99,0,FALSE
KXCPICOREYOY-26JUN,2026-07-12,2026-07-14,2.1,99,0,99,0,FALSE
KXCPICOREYOY-26JUN,2026-07-13,2026-07-14,2.1,99,0,99,0,FALSE
KXCPICOREYOY-26JUN,2026-07-14,2026-07-14,2.1,99,0,99,0,FALSE
KXCPICOREYOY-26MAY,2026-05-11,2026-06-10,2.1,0,0,99,0,FALSE
KXCPICOREYOY-26MAY,2026-05-12,2026-06-10,2.1,0,0,99,0,FALSE
KXCPICOREYOY-26MAY,2026-05-13,2026-06-10,2.1,0,0,99,0,FALSE
KXCPICOREYOY-26MAY,2026-05-14,2026-06-10,2.1,0,0,99,0,FALSE
KXCPICOREYOY-26MAY,2026-05-15,2026-06-10,2.1,0,0,99,0,FALSE
KXCPICOREYOY-26MAY,2026-05-16,2026-06-10,2.1,0,0,99,0,FALSE
KXCPICOREYOY-26MAY,2026-05-17,2026-06-10,2.1,0,0,99,0,FALSE
KXCPICOREYOY-26MAY,2026-05-18,2026-06-10,2.1,0,0,99,0,FALSE
KXCPICOREYOY-26MAY,2026-05-19,2026-06-10,2.1,0,0,99,0,FALSE
KXCPICOREYOY-26MAY,2026-05-20,2026-06-10,2.1,0,0,99,0,FALSE
KXCPICOREYOY-26MAY,2026-05-21,2026-06-10,2.1,0,0,99,0,FALSE
KXCPICOREYOY-26MAY,2026-05-22,2026-06-10,2.1,0,0,99,0,FALSE
KXCPICOREYOY-26MAY,2026-05-23,2026-06-10,2.1,0,0,99,0,FALSE
KXCPICOREYOY-26MAY,2026-05-24,2026-06-10,2.1,0,0,99,0,FALSE
KXCPICOREYOY-26MAY,2026-05-25,2026-06-10,2.1,0,0,99,0,FALSE
KXCPICOREYOY-26MAY,2026-05-26,2026-06-10,2.1,0,0,99,0,FALSE
KXCPICOREYOY-26MAY,2026-05-27,2026-06-10,2.1,0,0,99,0,FALSE
KXCPICOREYOY-26MAY,2026-05-28,2026-06-10,2.1,0,0,99,0,FALSE
KXCPICOREYOY-26MAY,2026-05-29,2026-06-10,2.1,0,0,99,0,FALSE
KXCPICOREYOY-26MAY,2026-05-30,2026-06-10,2.1,0,0,99,0,FALSE
KXCPICOREYOY-26MAY,2026-05-31,2026-06-10,2.1,0,0,99,0,FALSE
KXCPICOREYOY-26MAY,2026-06-01,2026-06-10,2.1,0,0,99,0,FALSE
KXCPICOREYOY-26MAY,2026-06-02,2026-06-10,2.1,0,0,99,0,FALSE
KXCPICOREYOY-26MAY,2026-06-03,2026-06-10,2.1,0,0,99,0,FALSE
KXCPICOREYOY-26MAY,2026-06-04,2026-06-10,2.1,0,0,99,0,FALSE
KXCPICOREYOY-26MAY,2026-06-05,2026-06-10,2.1,0,0,99,0,FALSE
KXCPICOREYOY-26MAY,2026-06-06,2026-06-10,2.1,0,0,99,0,FALSE
KXCPICOREYOY-26MAY,2026-06-07,2026-06-10,2.1,0,0,99,0,FALSE
KXCPICOREYOY-26MAY,2026-06-08,2026-06-10,2.1,96,10,99,0,FALSE
KXCPICOREYOY-26MAY,2026-06-09,2026-06-10,2.1,96,0,99,0,FALSE
KXCPICOREYOY-26MAY,2026-06-10,2026-06-10,2.1,96,0,99,0,FALSE
KXCPICOREYOY-26NOV,2026-07-08,2026-08-05,2.1,0,0,70,0,FALSE
KXCPICOREYOY-26NOV,2026-07-09,2026-08-05,2.1,0,0,70,0,FALSE
KXCPICOREYOY-26NOV,2026-07-10,2026-08-05,2.1,0,0,70,0,FALSE
KXCPICOREYOY-26NOV,2026-07-11,2026-08-05,2.1,0,0,70,0,FALSE
KXCPICOREYOY-26NOV,2026-07-12,2026-08-05,2.1,0,0,70,0,FALSE
KXCPICOREYOY-26NOV,2026-07-13,2026-08-05,2.1,0,0,70,0,FALSE
KXCPICOREYOY-26NOV,2026-07-14,2026-08-05,2.1,0,0,98,0,FALSE
KXCPICOREYOY-26NOV,2026-07-15,2026-08-05,2.1,0,0,98,0,FALSE
KXCPICOREYOY-26NOV,2026-07-16,2026-08-05,2.1,0,0,98,0,FALSE
KXCPICOREYOY-26NOV,2026-07-17,2026-08-05,2.1,0,0,98,0,FALSE
KXCPICOREYOY-26NOV,2026-07-18,2026-08-05,2.1,0,0,98,0,FALSE
KXCPICOREYOY-26NOV,2026-07-19,2026-08-05,2.1,0,0,98,0,FALSE
KXCPICOREYOY-26NOV,2026-07-20,2026-08-05,2.1,0,0,98,0,FALSE
KXCPICOREYOY-26NOV,2026-07-21,2026-08-05,2.1,0,0,98,0,FALSE
KXCPICOREYOY-26NOV,2026-07-22,2026-08-05,2.1,0,0,98,0,FALSE
KXCPICOREYOY-26NOV,2026-07-23,2026-08-05,2.1,0,0,98,0,FALSE
KXCPICOREYOY-26NOV,2026-07-24,2026-08-05,2.1,0,0,98,0,FALSE
KXCPICOREYOY-26NOV,2026-07-25,2026-08-05,2.1,0,0,98,0,FALSE
KXCPICOREYOY-26NOV,2026-07-26,2026-08-05,2.1,0,0,98,0,FALSE
KXCPICOREYOY-26NOV,2026-07-27,2026-08-05,2.1,0,0,98,0,FALSE
KXCPICOREYOY-26NOV,2026-07-28,2026-08-05,2.1,0,0,98,0,FALSE
KXCPICOREYOY-26NOV,2026-07-29,2026-08-05,2.1,0,0,98,0,FALSE
KXCPICOREYOY-26NOV,2026-07-30,2026-08-05,2.1,0,0,98,0,FALSE
KXCPICOREYOY-26NOV,2026-07-31,2026-08-05,2.1,0,0,98,0,FALSE
KXCPICOREYOY-26NOV,2026-08-01,2026-08-05,2.1,0,0,98,0,FALSE
KXCPICOREYOY-26NOV,2026-08-02,2026-08-05,2.1,0,0,98,0,FALSE
KXCPICOREYOY-26NOV,2026-08-03,2026-08-05,2.1,0,0,98,0,FALSE
KXCPICOREYOY-26NOV,2026-08-04,2026-08-05,2.1,0,0,98,0,FALSE
KXCPICOREYOY-26NOV,2026-08-05,2026-08-05,2.1,0,0,98,0,FALSE
KXCPICOREYOY-26SEP,2026-07-08,2026-08-05,2.1,3,2000,3,2.0408163265306123,FALSE
KXCPICOREYOY-26SEP,2026-07-09,2026-08-05,2.1,3,0,35,34.69387755102041,FALSE
KXCPICOREYOY-26SEP,2026-07-10,2026-08-05,2.1,3,0,35,34.69387755102041,FALSE
KXCPICOREYOY-26SEP,2026-07-11,2026-08-05,2.1,3,0,35,34.69387755102041,FALSE
KXCPICOREYOY-26SEP,2026-07-12,2026-08-05,2.1,3,0,35,34.69387755102041,FALSE
KXCPICOREYOY-26SEP,2026-07-13,2026-08-05,2.1,3,0,99,0,FALSE
KXCPICOREYOY-26SEP,2026-07-14,2026-08-05,2.1,3,0,99,0,FALSE
KXCPICOREYOY-26SEP,2026-07-15,2026-08-05,2.1,3,0,99,0,FALSE
KXCPICOREYOY-26SEP,2026-07-16,2026-08-05,2.1,3,0,99,0,FALSE
KXCPICOREYOY-26SEP,2026-07-17,2026-08-05,2.1,3,0,99,0,FALSE
KXCPICOREYOY-26SEP,2026-07-18,2026-08-05,2.1,3,0,99,0,FALSE
KXCPICOREYOY-26SEP,2026-07-19,2026-08-05,2.1,3,0,99,0,FALSE
KXCPICOREYOY-26SEP,2026-07-20,2026-08-05,2.1,3,0,99,0,FALSE
KXCPICOREYOY-26SEP,2026-07-21,2026-08-05,2.1,3,0,99,0,FALSE
KXCPICOREYOY-26SEP,2026-07-22,2026-08-05,2.1,3,0,99,0,FALSE
KXCPICOREYOY-26SEP,2026-07-23,2026-08-05,2.1,3,0,99,0,FALSE
KXCPICOREYOY-26SEP,2026-07-24,2026-08-05,2.1,3,0,99,0,FALSE
KXCPICOREYOY-26SEP,2026-07-25,2026-08-05,2.1,3,0,99,0,FALSE
KXCPICOREYOY-26SEP,2026-07-26,2026-08-05,2.1,3,0,99,0,FALSE
KXCPICOREYOY-26SEP,2026-07-27,2026-08-05,2.1,3,0,99,0,FALSE
KXCPICOREYOY-26SEP,2026-07-28,2026-08-05,2.1,94,8,99,0,FALSE
KXCPICOREYOY-26SEP,2026-07-29,2026-08-05,2.1,94,0,99,0,FALSE
KXCPICOREYOY-26SEP,2026-07-30,2026-08-05,2.1,94,0,99,0,FALSE
KXCPICOREYOY-26SEP,2026-07-31,2026-08-05,2.1,94,0,99,0,FALSE
KXCPICOREYOY-26SEP,2026-08-01,2026-08-05,2.1,94,0,99,0,FALSE
KXCPICOREYOY-26SEP,2026-08-02,2026-08-05,2.1,94,0,99,0,FALSE
KXCPICOREYOY-26SEP,2026-08-03,2026-08-05,2.1,94,0,99,0,FALSE
KXCPICOREYOY-26SEP,2026-08-04,2026-08-05,2.1,94,0,99,0,FALSE
KXCPICOREYOY-26SEP,2026-08-05,2026-08-05,2.1,94,0,99,0,FALSE
KXCPICOREYOY-26APR,2026-04-12,2026-05-12,2.1999999999999997,0,0,95,4.081632653061225,FALSE
KXCPICOREYOY-26APR,2026-04-13,2026-05-12,2.1999999999999997,0,0,97,0,FALSE
KXCPICOREYOY-26APR,2026-04-14,2026-05-12,2.1999999999999997,0,0,97,2.0408163265306123,FALSE
KXCPICOREYOY-26APR,2026-04-15,2026-05-12,2.1999999999999997,0,0,97,2.0408163265306123,FALSE
KXCPICOREYOY-26APR,2026-04-16,2026-05-12,2.1999999999999997,0,0,97,2.0408163265306123,FALSE
KXCPICOREYOY-26APR,2026-04-17,2026-05-12,2.1999999999999997,0,0,97,2.0408163265306123,FALSE
KXCPICOREYOY-26APR,2026-04-18,2026-05-12,2.1999999999999997,0,0,97,2.0408163265306123,FALSE
KXCPICOREYOY-26APR,2026-04-19,2026-05-12,2.1999999999999997,0,0,97,2.0408163265306123,FALSE
KXCPICOREYOY-26APR,2026-04-20,2026-05-12,2.1999999999999997,0,0,98,1.0204081632653061,FALSE
KXCPICOREYOY-26APR,2026-04-21,2026-05-12,2.1999999999999997,0,0,98,1.0204081632653061,FALSE
KXCPICOREYOY-26APR,2026-04-22,2026-05-12,2.1999999999999997,0,0,98,1.0204081632653061,FALSE
KXCPICOREYOY-26APR,2026-04-23,2026-05-12,2.1999999999999997,0,0,98,1.0204081632653061,FALSE
KXCPICOREYOY-26APR,2026-04-24,2026-05-12,2.1999999999999997,0,0,98,1.0204081632653061,FALSE
KXCPICOREYOY-26APR,2026-04-25,2026-05-12,2.1999999999999997,0,0,98,1.0204081632653061,FALSE
KXCPICOREYOY-26APR,2026-04-26,2026-05-12,2.1999999999999997,0,0,98,1.0204081632653061,FALSE
KXCPICOREYOY-26APR,2026-04-27,2026-05-12,2.1999999999999997,0,0,98,1.0204081632653061,FALSE
KXCPICOREYOY-26APR,2026-04-28,2026-05-12,2.1999999999999997,0,0,98,1.0204081632653061,FALSE
KXCPICOREYOY-26APR,2026-04-29,2026-05-12,2.1999999999999997,0,0,98,1.0204081632653061,FALSE
KXCPICOREYOY-26FEB,2026-02-13,2026-03-11,2.1999999999999997,0,0,99,0,FALSE
KXCPICOREYOY-26FEB,2026-02-14,2026-03-11,2.1999999999999997,0,0,95,4.081632653061225,FALSE
KXCPICOREYOY-26FEB,2026-02-15,2026-03-11,2.1999999999999997,0,0,94,5.1020408163265305,FALSE
KXCPICOREYOY-26FEB,2026-02-16,2026-03-11,2.1999999999999997,0,0,94,5.1020408163265305,FALSE
KXCPICOREYOY-26JUL,2026-07-10,2026-08-05,2.1999999999999997,0,0,82,0,FALSE
KXCPICOREYOY-26JUL,2026-07-11,2026-08-05,2.1999999999999997,0,0,82,0,FALSE
KXCPICOREYOY-26JUL,2026-07-12,2026-08-05,2.1999999999999997,0,0,82,0,FALSE
KXCPICOREYOY-26JUN,2026-06-25,2026-07-14,2.1999999999999997,0,0,60,39.795918367346935,FALSE
KXCPICOREYOY-26JUN,2026-06-26,2026-07-14,2.1999999999999997,0,0,60,39.795918367346935,FALSE
KXCPICOREYOY-26JUN,2026-06-27,2026-07-14,2.1999999999999997,0,0,99,0,FALSE
KXCPICOREYOY-26JUN,2026-06-28,2026-07-14,2.1999999999999997,0,0,99,0,FALSE
KXCPICOREYOY-26MAR,2026-03-11,2026-04-10,2.1999999999999997,93,1,93,2.0408163265306123,FALSE
KXCPICOREYOY-26MAR,2026-03-12,2026-04-10,2.1999999999999997,93,0,93,2.0408163265306123,FALSE
KXCPICOREYOY-26MAR,2026-03-13,2026-04-10,2.1999999999999997,93,0,93,1.0204081632653061,FALSE
KXCPICOREYOY-26MAR,2026-03-14,2026-04-10,2.1999999999999997,93,0,97,0,FALSE
KXCPICOREYOY-26MAR,2026-03-15,2026-04-10,2.1999999999999997,93,0,93,5.1020408163265305,FALSE
KXCPICOREYOY-26MAR,2026-03-16,2026-04-10,2.1999999999999997,93,0,93,1.0204081632653061,FALSE
KXCPICOREYOY-26MAR,2026-03-17,2026-04-10,2.1999999999999997,93,0,93,1.0204081632653061,FALSE
KXCPICOREYOY-26MAR,2026-03-18,2026-04-10,2.1999999999999997,93,0,93,1.0204081632653061,FALSE
KXCPICOREYOY-26MAR,2026-03-19,2026-04-10,2.1999999999999997,93,0,96,0,FALSE
KXCPICOREYOY-26MAR,2026-03-20,2026-04-10,2.1999999999999997,93,0,93,1.0204081632653061,FALSE
KXCPICOREYOY-26MAR,2026-03-21,2026-04-10,2.1999999999999997,93,0,97,0,FALSE
KXCPICOREYOY-26MAR,2026-03-22,2026-04-10,2.1999999999999997,93,0,97,0,FALSE
KXCPICOREYOY-26MAR,2026-03-23,2026-04-10,2.1999999999999997,93,0,94,0,FALSE
KXCPICOREYOY-26MAR,2026-03-24,2026-04-10,2.1999999999999997,93,0,94,5.1020408163265305,FALSE
KXCPICOREYOY-26MAR,2026-03-25,2026-04-10,2.1999999999999997,93,0,94,5.1020408163265305,FALSE
KXCPICOREYOY-26MAR,2026-03-26,2026-04-10,2.1999999999999997,93,0,94,0,FALSE
KXCPICOREYOY-26MAR,2026-03-27,2026-04-10,2.1999999999999997,93,0,95,4.081632653061225,FALSE
KXCPICOREYOY-26MAR,2026-03-28,2026-04-10,2.1999999999999997,93,0,95,4.081632653061225,FALSE
KXCPICOREYOY-26MAR,2026-03-29,2026-04-10,2.1999999999999997,93,0,95,4.081632653061225,FALSE
KXCPICOREYOY-26MAR,2026-03-30,2026-04-10,2.1999999999999997,93,0,95,4.081632653061225,FALSE
KXCPICOREYOY-26MAR,2026-03-31,2026-04-10,2.1999999999999997,93,0,95,4.081632653061225,FALSE
KXCPICOREYOY-26MAR,2026-04-01,2026-04-10,2.1999999999999997,93,0,95,0,FALSE
KXCPICOREYOY-26MAR,2026-04-02,2026-04-10,2.1999999999999997,93,0,96,0,FALSE
KXCPICOREYOY-26MAR,2026-04-03,2026-04-10,2.1999999999999997,93,0,96,0,FALSE
KXCPICOREYOY-26MAR,2026-04-04,2026-04-10,2.1999999999999997,99,2,99,0,FALSE
KXCPICOREYOY-26MAR,2026-04-05,2026-04-10,2.1999999999999997,99,0,99,0,FALSE
KXCPICOREYOY-26MAR,2026-04-06,2026-04-10,2.1999999999999997,99,0,99,0,FALSE
KXCPICOREYOY-26MAR,2026-04-07,2026-04-10,2.1999999999999997,99,0,99,0,FALSE
KXCPICOREYOY-26MAR,2026-04-08,2026-04-10,2.1999999999999997,99,0,99,0,FALSE
KXCPICOREYOY-26MAR,2026-04-09,2026-04-10,2.1999999999999997,99,10,99,0,FALSE
KXCPICOREYOY-26MAR,2026-04-10,2026-04-10,2.1999999999999997,99,0,99,1.0204081632653061,FALSE
KXCPICOREYOY-26APR,2026-04-30,2026-05-12,2.2,99,200,99,1.0204081632653061,FALSE
KXCPICOREYOY-26APR,2026-05-01,2026-05-12,2.2,99,0,99,0,FALSE
KXCPICOREYOY-26APR,2026-05-02,2026-05-12,2.2,99,0,99,0,FALSE
KXCPICOREYOY-26APR,2026-05-03,2026-05-12,2.2,99,0,99,0,FALSE
KXCPICOREYOY-26APR,2026-05-04,2026-05-12,2.2,99,0,99,0,FALSE
KXCPICOREYOY-26APR,2026-05-05,2026-05-12,2.2,99,0,99,0,FALSE
KXCPICOREYOY-26APR,2026-05-06,2026-05-12,2.2,99,0,99,0,FALSE
KXCPICOREYOY-26APR,2026-05-07,2026-05-12,2.2,99,0,99,0,FALSE
KXCPICOREYOY-26APR,2026-05-08,2026-05-12,2.2,99,0,99,0,FALSE
KXCPICOREYOY-26APR,2026-05-09,2026-05-12,2.2,99,0,99,0,FALSE
KXCPICOREYOY-26APR,2026-05-10,2026-05-12,2.2,99,0,99,0,FALSE
KXCPICOREYOY-26APR,2026-05-11,2026-05-12,2.2,99,0,99,0,FALSE
KXCPICOREYOY-26APR,2026-05-12,2026-05-12,2.2,99,0,99,0,FALSE
KXCPICOREYOY-26AUG,2026-07-04,2026-08-03,2.2,0,0,96,0,FALSE
KXCPICOREYOY-26AUG,2026-07-05,2026-08-03,2.2,0,0,96,0,FALSE
KXCPICOREYOY-26AUG,2026-07-06,2026-08-03,2.2,0,0,96,0,FALSE
KXCPICOREYOY-26AUG,2026-07-07,2026-08-03,2.2,0,0,96,0,FALSE
KXCPICOREYOY-26AUG,2026-07-08,2026-08-03,2.2,98,2056.57,98,1.0204081632653061,FALSE
KXCPICOREYOY-26AUG,2026-07-09,2026-08-03,2.2,98,0,98,1.0204081632653061,FALSE
KXCPICOREYOY-26AUG,2026-07-10,2026-08-03,2.2,98,0,98,1.0204081632653061,FALSE
KXCPICOREYOY-26AUG,2026-07-11,2026-08-03,2.2,98,0,98,1.0204081632653061,FALSE
KXCPICOREYOY-26AUG,2026-07-12,2026-08-03,2.2,98,0,98,1.0204081632653061,FALSE
KXCPICOREYOY-26AUG,2026-07-13,2026-08-03,2.2,98,0,98,1.0204081632653061,FALSE
KXCPICOREYOY-26AUG,2026-07-14,2026-08-03,2.2,98,0,98,1.0204081632653061,FALSE
KXCPICOREYOY-26AUG,2026-07-15,2026-08-03,2.2,98,0,98,1.0204081632653061,FALSE
KXCPICOREYOY-26AUG,2026-07-16,2026-08-03,2.2,98,0,98,1.0204081632653061,FALSE
KXCPICOREYOY-26AUG,2026-07-17,2026-08-03,2.2,98,0,98,1.0204081632653061,FALSE
KXCPICOREYOY-26AUG,2026-07-18,2026-08-03,2.2,98,0,98,1.0204081632653061,FALSE
KXCPICOREYOY-26AUG,2026-07-19,2026-08-03,2.2,98,0,98,0,FALSE
KXCPICOREYOY-26AUG,2026-07-20,2026-08-03,2.2,98,0,98,1.0204081632653061,FALSE
KXCPICOREYOY-26AUG,2026-07-21,2026-08-03,2.2,98,0,98,1.0204081632653061,FALSE
KXCPICOREYOY-26AUG,2026-07-22,2026-08-03,2.2,98,0,98,1.0204081632653061,FALSE
KXCPICOREYOY-26AUG,2026-07-23,2026-08-03,2.2,98,0,98,1.0204081632653061,FALSE
KXCPICOREYOY-26AUG,2026-07-24,2026-08-03,2.2,98,0,98,1.0204081632653061,FALSE
KXCPICOREYOY-26AUG,2026-07-25,2026-08-03,2.2,98,0,98,1.0204081632653061,FALSE
KXCPICOREYOY-26AUG,2026-07-26,2026-08-03,2.2,98,0,98,1.0204081632653061,FALSE
KXCPICOREYOY-26AUG,2026-07-27,2026-08-03,2.2,98,0,98,1.0204081632653061,FALSE
KXCPICOREYOY-26AUG,2026-07-28,2026-08-03,2.2,98,0,98,18.367346938775512,FALSE
KXCPICOREYOY-26AUG,2026-07-29,2026-08-03,2.2,98,0,98,0,FALSE
KXCPICOREYOY-26AUG,2026-07-30,2026-08-03,2.2,98,0,98,18.367346938775512,FALSE
KXCPICOREYOY-26AUG,2026-07-31,2026-08-03,2.2,98,0,98,18.367346938775512,FALSE
KXCPICOREYOY-26AUG,2026-08-01,2026-08-03,2.2,98,0,98,18.367346938775512,FALSE
KXCPICOREYOY-26AUG,2026-08-02,2026-08-03,2.2,98,0,98,18.367346938775512,FALSE
KXCPICOREYOY-26AUG,2026-08-03,2026-08-03,2.2,98,0,98,18.367346938775512,FALSE
KXCPICOREYOY-26FEB,2026-02-17,2026-03-11,2.2,91,10,94,5.1020408163265305,FALSE
KXCPICOREYOY-26FEB,2026-02-18,2026-03-11,2.2,91,52,94,5.1020408163265305,FALSE
KXCPICOREYOY-26FEB,2026-02-19,2026-03-11,2.2,93,7,94,5.1020408163265305,FALSE
KXCPICOREYOY-26FEB,2026-02-20,2026-03-11,2.2,93,0,93,3.061224489795918,FALSE
KXCPICOREYOY-26FEB,2026-02-21,2026-03-11,2.2,97,51,97,7.142857142857143,FALSE
KXCPICOREYOY-26FEB,2026-02-22,2026-03-11,2.2,97,0,97,7.142857142857143,FALSE
KXCPICOREYOY-26FEB,2026-02-23,2026-03-11,2.2,97,0,97,2.0408163265306123,FALSE
KXCPICOREYOY-26FEB,2026-02-24,2026-03-11,2.2,97,0,97,7.142857142857143,FALSE
KXCPICOREYOY-26FEB,2026-02-25,2026-03-11,2.2,97,0,97,5.1020408163265305,FALSE
KXCPICOREYOY-26FEB,2026-02-26,2026-03-11,2.2,97,0,97,5.1020408163265305,FALSE
KXCPICOREYOY-26FEB,2026-02-27,2026-03-11,2.2,97,0,97,2.0408163265306123,FALSE
KXCPICOREYOY-26FEB,2026-02-28,2026-03-11,2.2,97,0,97,7.142857142857143,FALSE
KXCPICOREYOY-26FEB,2026-03-01,2026-03-11,2.2,97,0,97,10.204081632653061,FALSE
KXCPICOREYOY-26FEB,2026-03-02,2026-03-11,2.2,97,0,97,11.224489795918368,FALSE
KXCPICOREYOY-26FEB,2026-03-03,2026-03-11,2.2,97,0,97,13.26530612244898,FALSE
KXCPICOREYOY-26FEB,2026-03-04,2026-03-11,2.2,97,0,97,3.061224489795918,FALSE
KXCPICOREYOY-26FEB,2026-03-05,2026-03-11,2.2,97,0,97,3.061224489795918,FALSE
KXCPICOREYOY-26FEB,2026-03-06,2026-03-11,2.2,97,1,97,2.0408163265306123,FALSE
KXCPICOREYOY-26FEB,2026-03-07,2026-03-11,2.2,97,0,97,4.081632653061225,FALSE
KXCPICOREYOY-26FEB,2026-03-08,2026-03-11,2.2,97,0,97,2.0408163265306123,FALSE
KXCPICOREYOY-26FEB,2026-03-09,2026-03-11,2.2,94,10,94,4.081632653061225,FALSE
KXCPICOREYOY-26FEB,2026-03-10,2026-03-11,2.2,94,0,94,2.0408163265306123,FALSE
KXCPICOREYOY-26FEB,2026-03-11,2026-03-11,2.2,94,0,98,1.0204081632653061,FALSE
KXCPICOREYOY-26JUL,2026-07-13,2026-08-05,2.2,99,2,99,0,FALSE
KXCPICOREYOY-26JUL,2026-07-14,2026-08-05,2.2,99,0,99,0,FALSE
KXCPICOREYOY-26JUL,2026-07-15,2026-08-05,2.2,99,0,99,0,FALSE
KXCPICOREYOY-26JUL,2026-07-16,2026-08-05,2.2,95,255.98,95,4.081632653061225,FALSE
KXCPICOREYOY-26JUL,2026-07-17,2026-08-05,2.2,95,0,95,15.306122448979592,FALSE
KXCPICOREYOY-26JUL,2026-07-18,2026-08-05,2.2,95,0,95,15.306122448979592,FALSE
KXCPICOREYOY-26JUL,2026-07-19,2026-08-05,2.2,95,0,95,15.306122448979592,FALSE
KXCPICOREYOY-26JUL,2026-07-20,2026-08-05,2.2,96,2,96,3.061224489795918,FALSE
KXCPICOREYOY-26JUL,2026-07-21,2026-08-05,2.2,87,297,87,12.244897959183673,FALSE
KXCPICOREYOY-26JUL,2026-07-22,2026-08-05,2.2,87,3,87,12.244897959183673,FALSE
KXCPICOREYOY-26JUL,2026-07-23,2026-08-05,2.2,97,5.14,97,15.306122448979592,FALSE
KXCPICOREYOY-26JUL,2026-07-24,2026-08-05,2.2,87,7.18,87,5.1020408163265305,FALSE
KXCPICOREYOY-26JUL,2026-07-25,2026-08-05,2.2,86,2.04,86,6.122448979591836,FALSE
KXCPICOREYOY-26JUL,2026-07-26,2026-08-05,2.2,97,342,97,15.306122448979592,FALSE
KXCPICOREYOY-26JUL,2026-07-27,2026-08-05,2.2,97,0,97,15.306122448979592,FALSE
KXCPICOREYOY-26JUL,2026-07-28,2026-08-05,2.2,97,0,97,7.142857142857143,FALSE
KXCPICOREYOY-26JUL,2026-07-29,2026-08-05,2.2,97,0,97,8.16326530612245,FALSE
KXCPICOREYOY-26JUL,2026-07-30,2026-08-05,2.2,97,0,97,27.551020408163264,FALSE
KXCPICOREYOY-26JUL,2026-07-31,2026-08-05,2.2,97,0,97,27.551020408163264,FALSE
KXCPICOREYOY-26JUL,2026-08-01,2026-08-05,2.2,97,0,97,12.244897959183673,FALSE
KXCPICOREYOY-26JUL,2026-08-02,2026-08-05,2.2,97,0,97,13.26530612244898,FALSE
KXCPICOREYOY-26JUL,2026-08-03,2026-08-05,2.2,97,0,97,10.204081632653061,FALSE
KXCPICOREYOY-26JUL,2026-08-04,2026-08-05,2.2,97,0,97,9.183673469387756,FALSE
KXCPICOREYOY-26JUL,2026-08-05,2026-08-05,2.2,97,0,97,9.183673469387756,FALSE
KXCPICOREYOY-26JUN,2026-06-29,2026-07-14,2.2,99,10,99,0,FALSE
KXCPICOREYOY-26JUN,2026-06-30,2026-07-14,2.2,99,0,99,0,FALSE
KXCPICOREYOY-26JUN,2026-07-01,2026-07-14,2.2,99,0,99,0,FALSE
KXCPICOREYOY-26JUN,2026-07-02,2026-07-14,2.2,99,0,99,0,FALSE
KXCPICOREYOY-26JUN,2026-07-03,2026-07-14,2.2,99,10,99,0,FALSE
KXCPICOREYOY-26JUN,2026-07-04,2026-07-14,2.2,99,0,99,0,FALSE
KXCPICOREYOY-26JUN,2026-07-05,2026-07-14,2.2,99,0,99,0,FALSE
KXCPICOREYOY-26JUN,2026-07-06,2026-07-14,2.2,99,0,99,0,FALSE
KXCPICOREYOY-26JUN,2026-07-07,2026-07-14,2.2,99,0,99,0,FALSE
KXCPICOREYOY-26JUN,2026-07-08,2026-07-14,2.2,99,0,99,0,FALSE
KXCPICOREYOY-26JUN,2026-07-09,2026-07-14,2.2,99,0,99,0,FALSE
KXCPICOREYOY-26JUN,2026-07-10,2026-07-14,2.2,99,0,99,0,FALSE
KXCPICOREYOY-26JUN,2026-07-11,2026-07-14,2.2,99,0,99,0,FALSE
KXCPICOREYOY-26JUN,2026-07-12,2026-07-14,2.2,99,0,99,0,FALSE
KXCPICOREYOY-26JUN,2026-07-13,2026-07-14,2.2,99,0,99,0,FALSE
KXCPICOREYOY-26JUN,2026-07-14,2026-07-14,2.2,99,0,99,0,FALSE
KXCPICOREYOY-26MAY,2026-05-11,2026-06-10,2.2,99,0,99,0,FALSE
KXCPICOREYOY-26MAY,2026-05-12,2026-06-10,2.2,99,0,99,0,FALSE
KXCPICOREYOY-26MAY,2026-05-13,2026-06-10,2.2,99,0,99,0,FALSE
KXCPICOREYOY-26MAY,2026-05-14,2026-06-10,2.2,99,0,99,0,FALSE
KXCPICOREYOY-26MAY,2026-05-15,2026-06-10,2.2,99,0,99,0,FALSE
KXCPICOREYOY-26MAY,2026-05-16,2026-06-10,2.2,99,0,99,0,FALSE
KXCPICOREYOY-26MAY,2026-05-17,2026-06-10,2.2,99,0,99,0,FALSE
KXCPICOREYOY-26MAY,2026-05-18,2026-06-10,2.2,99,0,99,0,FALSE
KXCPICOREYOY-26MAY,2026-05-19,2026-06-10,2.2,99,0,99,0,FALSE
KXCPICOREYOY-26MAY,2026-05-20,2026-06-10,2.2,99,0,99,0,FALSE
KXCPICOREYOY-26MAY,2026-05-21,2026-06-10,2.2,99,0,99,0,FALSE
KXCPICOREYOY-26MAY,2026-05-22,2026-06-10,2.2,99,0,99,0,FALSE
KXCPICOREYOY-26MAY,2026-05-23,2026-06-10,2.2,99,0,99,0,FALSE
KXCPICOREYOY-26MAY,2026-05-24,2026-06-10,2.2,99,0,99,0,FALSE
KXCPICOREYOY-26MAY,2026-05-25,2026-06-10,2.2,99,0,99,0,FALSE
KXCPICOREYOY-26MAY,2026-05-26,2026-06-10,2.2,99,0,99,0,FALSE
KXCPICOREYOY-26MAY,2026-05-27,2026-06-10,2.2,99,0,99,0,FALSE
KXCPICOREYOY-26MAY,2026-05-28,2026-06-10,2.2,99,0,99,0,FALSE
KXCPICOREYOY-26MAY,2026-05-29,2026-06-10,2.2,99,0,99,0,FALSE
KXCPICOREYOY-26MAY,2026-05-30,2026-06-10,2.2,99,0,99,0,FALSE
KXCPICOREYOY-26MAY,2026-05-31,2026-06-10,2.2,99,0,99,0,FALSE
KXCPICOREYOY-26MAY,2026-06-01,2026-06-10,2.2,99,0,99,0,FALSE
KXCPICOREYOY-26MAY,2026-06-02,2026-06-10,2.2,99,0,99,0,FALSE
KXCPICOREYOY-26MAY,2026-06-03,2026-06-10,2.2,99,0,99,0,FALSE
KXCPICOREYOY-26MAY,2026-06-04,2026-06-10,2.2,99,0,99,0,FALSE
KXCPICOREYOY-26MAY,2026-06-05,2026-06-10,2.2,99,0,99,0,FALSE
KXCPICOREYOY-26MAY,2026-06-06,2026-06-10,2.2,99,0,99,0,FALSE
KXCPICOREYOY-26MAY,2026-06-07,2026-06-10,2.2,99,0,99,0,FALSE
KXCPICOREYOY-26MAY,2026-06-08,2026-06-10,2.2,96,10,99,0,FALSE
KXCPICOREYOY-26MAY,2026-06-09,2026-06-10,2.2,96,0,99,0,FALSE
KXCPICOREYOY-26MAY,2026-06-10,2026-06-10,2.2,96,0,99,0,FALSE
KXCPICOREYOY-26NOV,2026-07-08,2026-08-05,2.2,0,0,70,0,FALSE
KXCPICOREYOY-26NOV,2026-07-09,2026-08-05,2.2,0,0,70,0,FALSE
KXCPICOREYOY-26NOV,2026-07-10,2026-08-05,2.2,0,0,70,0,FALSE
KXCPICOREYOY-26NOV,2026-07-11,2026-08-05,2.2,0,0,70,0,FALSE
KXCPICOREYOY-26NOV,2026-07-12,2026-08-05,2.2,0,0,70,0,FALSE
KXCPICOREYOY-26NOV,2026-07-13,2026-08-05,2.2,0,0,70,0,FALSE
KXCPICOREYOY-26NOV,2026-07-14,2026-08-05,2.2,97,24,98,0,FALSE
KXCPICOREYOY-26NOV,2026-07-15,2026-08-05,2.2,97,0,98,0,FALSE
KXCPICOREYOY-26NOV,2026-07-16,2026-08-05,2.2,95,80,98,0,FALSE
KXCPICOREYOY-26NOV,2026-07-17,2026-08-05,2.2,95,0,98,0,FALSE
KXCPICOREYOY-26NOV,2026-07-18,2026-08-05,2.2,95,0,98,0,FALSE
KXCPICOREYOY-26NOV,2026-07-19,2026-08-05,2.2,95,0,98,0,FALSE
KXCPICOREYOY-26NOV,2026-07-20,2026-08-05,2.2,96,1988,98,0,FALSE
KXCPICOREYOY-26NOV,2026-07-21,2026-08-05,2.2,96,0,98,0,FALSE
KXCPICOREYOY-26NOV,2026-07-22,2026-08-05,2.2,96,0,98,0,FALSE
KXCPICOREYOY-26NOV,2026-07-23,2026-08-05,2.2,98,1,98,0,FALSE
KXCPICOREYOY-26NOV,2026-07-24,2026-08-05,2.2,98,0,98,0,FALSE
KXCPICOREYOY-26NOV,2026-07-25,2026-08-05,2.2,98,0,98,0,FALSE
KXCPICOREYOY-26NOV,2026-07-26,2026-08-05,2.2,98,0,98,0,FALSE
KXCPICOREYOY-26NOV,2026-07-27,2026-08-05,2.2,98,0,98,0,FALSE
KXCPICOREYOY-26NOV,2026-07-28,2026-08-05,2.2,98,0,98,0,FALSE
KXCPICOREYOY-26NOV,2026-07-29,2026-08-05,2.2,98,0,98,0,FALSE
KXCPICOREYOY-26NOV,2026-07-30,2026-08-05,2.2,98,0,98,0,FALSE
KXCPICOREYOY-26NOV,2026-07-31,2026-08-05,2.2,98,0,98,0,FALSE
KXCPICOREYOY-26NOV,2026-08-01,2026-08-05,2.2,98,0,98,0,FALSE
KXCPICOREYOY-26NOV,2026-08-02,2026-08-05,2.2,98,0,98,0,FALSE
KXCPICOREYOY-26NOV,2026-08-03,2026-08-05,2.2,98,0,98,0,FALSE
KXCPICOREYOY-26NOV,2026-08-04,2026-08-05,2.2,98,0,98,0,FALSE
KXCPICOREYOY-26NOV,2026-08-05,2026-08-05,2.2,98,0,98,0,FALSE
KXCPICOREYOY-26SEP,2026-07-08,2026-08-05,2.2,3,2000,3,0,FALSE
KXCPICOREYOY-26SEP,2026-07-09,2026-08-05,2.2,3,0,35,0,FALSE
KXCPICOREYOY-26SEP,2026-07-10,2026-08-05,2.2,3,0,35,0,FALSE
KXCPICOREYOY-26SEP,2026-07-11,2026-08-05,2.2,3,0,35,0,FALSE
KXCPICOREYOY-26SEP,2026-07-12,2026-08-05,2.2,3,0,35,0,FALSE
KXCPICOREYOY-26SEP,2026-07-13,2026-08-05,2.2,3,0,99,0,FALSE
KXCPICOREYOY-26SEP,2026-07-14,2026-08-05,2.2,3,0,99,0,FALSE
KXCPICOREYOY-26SEP,2026-07-15,2026-08-05,2.2,3,0,99,0,FALSE
KXCPICOREYOY-26SEP,2026-07-16,2026-08-05,2.2,3,0,99,0,FALSE
KXCPICOREYOY-26SEP,2026-07-17,2026-08-05,2.2,3,0,99,0,FALSE
KXCPICOREYOY-26SEP,2026-07-18,2026-08-05,2.2,3,0,99,0,FALSE
KXCPICOREYOY-26SEP,2026-07-19,2026-08-05,2.2,3,0,99,0,FALSE
KXCPICOREYOY-26SEP,2026-07-20,2026-08-05,2.2,3,0,99,0,FALSE
KXCPICOREYOY-26SEP,2026-07-21,2026-08-05,2.2,3,0,99,0,FALSE
KXCPICOREYOY-26SEP,2026-07-22,2026-08-05,2.2,3,0,99,0,FALSE
KXCPICOREYOY-26SEP,2026-07-23,2026-08-05,2.2,3,0,99,0,FALSE
KXCPICOREYOY-26SEP,2026-07-24,2026-08-05,2.2,3,0,99,0,FALSE
KXCPICOREYOY-26SEP,2026-07-25,2026-08-05,2.2,3,0,99,0,FALSE
KXCPICOREYOY-26SEP,2026-07-26,2026-08-05,2.2,3,0,99,0,FALSE
KXCPICOREYOY-26SEP,2026-07-27,2026-08-05,2.2,3,0,99,0,FALSE
KXCPICOREYOY-26SEP,2026-07-28,2026-08-05,2.2,3,0,99,0,FALSE
KXCPICOREYOY-26SEP,2026-07-29,2026-08-05,2.2,3,0,99,0,FALSE
KXCPICOREYOY-26SEP,2026-07-30,2026-08-05,2.2,84,14,99,0,FALSE
KXCPICOREYOY-26SEP,2026-07-31,2026-08-05,2.2,84,0,99,0,FALSE
KXCPICOREYOY-26SEP,2026-08-01,2026-08-05,2.2,84,0,99,0,FALSE
KXCPICOREYOY-26SEP,2026-08-02,2026-08-05,2.2,84,0,99,0,FALSE
KXCPICOREYOY-26SEP,2026-08-03,2026-08-05,2.2,84,0,99,0,FALSE
KXCPICOREYOY-26SEP,2026-08-04,2026-08-05,2.2,84,0,99,0,FALSE
KXCPICOREYOY-26SEP,2026-08-05,2026-08-05,2.2,84,0,99,0,FALSE
KXCPICOREYOY-25DEC,2025-12-22,2026-01-13,2.3,0,0,96,3.061224489795918,FALSE
KXCPICOREYOY-25DEC,2025-12-23,2026-01-13,2.3,0,0,95,4.081632653061225,FALSE
KXCPICOREYOY-25DEC,2025-12-24,2026-01-13,2.3,0,0,94,5.1020408163265305,FALSE
KXCPICOREYOY-25DEC,2025-12-25,2026-01-13,2.3,0,0,94,5.1020408163265305,FALSE
KXCPICOREYOY-25DEC,2025-12-26,2026-01-13,2.3,0,0,92,7.142857142857143,FALSE
KXCPICOREYOY-25DEC,2025-12-27,2026-01-13,2.3,0,0,92,7.142857142857143,FALSE
KXCPICOREYOY-25DEC,2025-12-28,2026-01-13,2.3,0,0,92,7.142857142857143,FALSE
KXCPICOREYOY-25DEC,2025-12-29,2026-01-13,2.3,0,0,92,7.142857142857143,FALSE
KXCPICOREYOY-25DEC,2025-12-30,2026-01-13,2.3,0,0,92,7.142857142857143,FALSE
KXCPICOREYOY-25DEC,2025-12-31,2026-01-13,2.3,0,0,93,6.122448979591836,FALSE
KXCPICOREYOY-25DEC,2026-01-01,2026-01-13,2.3,0,0,93,6.122448979591836,FALSE
KXCPICOREYOY-25DEC,2026-01-02,2026-01-13,2.3,0,0,96,3.061224489795918,FALSE
KXCPICOREYOY-25DEC,2026-01-03,2026-01-13,2.3,0,0,96,3.061224489795918,FALSE
KXCPICOREYOY-25DEC,2026-01-04,2026-01-13,2.3,0,0,96,3.061224489795918,FALSE
KXCPICOREYOY-25DEC,2026-01-05,2026-01-13,2.3,0,0,96,3.061224489795918,FALSE
KXCPICOREYOY-25DEC,2026-01-06,2026-01-13,2.3,0,0,97,2.0408163265306123,FALSE
KXCPICOREYOY-25DEC,2026-01-07,2026-01-13,2.3,0,0,98,1.0204081632653061,FALSE
KXCPICOREYOY-25DEC,2026-01-08,2026-01-13,2.3,0,0,99,0,FALSE
KXCPICOREYOY-25DEC,2026-01-09,2026-01-13,2.3,0,0,96,3.061224489795918,FALSE
KXCPICOREYOY-25DEC,2026-01-10,2026-01-13,2.3,0,0,99,0,FALSE
KXCPICOREYOY-25DEC,2026-01-11,2026-01-13,2.3,0,0,96,3.061224489795918,FALSE
KXCPICOREYOY-25DEC,2026-01-12,2026-01-13,2.3,0,0,97,2.0408163265306123,FALSE
KXCPICOREYOY-25DEC,2026-01-13,2026-01-13,2.3,0,0,97,2.0408163265306123,FALSE
KXCPICOREYOY-26APR,2026-04-12,2026-05-12,2.3,95,0,95,2.0408163265306123,FALSE
KXCPICOREYOY-26APR,2026-04-13,2026-05-12,2.3,95,0,97,2.0408163265306123,FALSE
KXCPICOREYOY-26APR,2026-04-14,2026-05-12,2.3,97,30,97,6.122448979591836,FALSE
KXCPICOREYOY-26APR,2026-04-15,2026-05-12,2.3,97,0,97,6.122448979591836,FALSE
KXCPICOREYOY-26APR,2026-04-16,2026-05-12,2.3,97,0,97,6.122448979591836,FALSE
KXCPICOREYOY-26APR,2026-04-17,2026-05-12,2.3,97,0,97,6.122448979591836,FALSE
KXCPICOREYOY-26APR,2026-04-18,2026-05-12,2.3,97,0,97,6.122448979591836,FALSE
KXCPICOREYOY-26APR,2026-04-19,2026-05-12,2.3,97,0,97,6.122448979591836,FALSE
KXCPICOREYOY-26APR,2026-04-20,2026-05-12,2.3,98,10,98,7.142857142857143,FALSE
KXCPICOREYOY-26APR,2026-04-21,2026-05-12,2.3,98,10,98,7.142857142857143,FALSE
KXCPICOREYOY-26APR,2026-04-22,2026-05-12,2.3,98,0,98,7.142857142857143,FALSE
KXCPICOREYOY-26APR,2026-04-23,2026-05-12,2.3,98,0,98,7.142857142857143,FALSE
KXCPICOREYOY-26APR,2026-04-24,2026-05-12,2.3,98,0,98,7.142857142857143,FALSE
KXCPICOREYOY-26APR,2026-04-25,2026-05-12,2.3,98,0,98,7.142857142857143,FALSE
KXCPICOREYOY-26APR,2026-04-26,2026-05-12,2.3,98,0,98,7.142857142857143,FALSE
KXCPICOREYOY-26APR,2026-04-27,2026-05-12,2.3,98,0,98,7.142857142857143,FALSE
KXCPICOREYOY-26APR,2026-04-28,2026-05-12,2.3,98,0,98,1.0204081632653061,FALSE
KXCPICOREYOY-26APR,2026-04-29,2026-05-12,2.3,98,0,98,1.0204081632653061,FALSE
KXCPICOREYOY-26APR,2026-04-30,2026-05-12,2.3,98,0,98,1.0204081632653061,FALSE
KXCPICOREYOY-26APR,2026-05-01,2026-05-12,2.3,99,210,99,0,FALSE
KXCPICOREYOY-26APR,2026-05-02,2026-05-12,2.3,99,0,99,0,FALSE
KXCPICOREYOY-26APR,2026-05-03,2026-05-12,2.3,99,0,99,4.081632653061225,FALSE
KXCPICOREYOY-26APR,2026-05-04,2026-05-12,2.3,99,0,99,4.081632653061225,FALSE
KXCPICOREYOY-26APR,2026-05-05,2026-05-12,2.3,99,0,99,4.081632653061225,FALSE
KXCPICOREYOY-26APR,2026-05-06,2026-05-12,2.3,99,0,99,0,FALSE
KXCPICOREYOY-26APR,2026-05-07,2026-05-12,2.3,99,1461,99,1.0204081632653061,FALSE
KXCPICOREYOY-26APR,2026-05-08,2026-05-12,2.3,99,0,99,1.0204081632653061,FALSE
KXCPICOREYOY-26APR,2026-05-09,2026-05-12,2.3,99,0,99,1.0204081632653061,FALSE
KXCPICOREYOY-26APR,2026-05-10,2026-05-12,2.3,99,0,99,1.0204081632653061,FALSE
KXCPICOREYOY-26APR,2026-05-11,2026-05-12,2.3,99,0,99,0,FALSE
KXCPICOREYOY-26APR,2026-05-12,2026-05-12,2.3,99,0,99,0,FALSE
KXCPICOREYOY-26AUG,2026-07-04,2026-08-03,2.3,94,0,96,3.061224489795918,FALSE
KXCPICOREYOY-26AUG,2026-07-05,2026-08-03,2.3,94,0,96,3.061224489795918,FALSE
KXCPICOREYOY-26AUG,2026-07-06,2026-08-03,2.3,94,0,96,3.061224489795918,FALSE
KXCPICOREYOY-26AUG,2026-07-07,2026-08-03,2.3,94,0,96,3.061224489795918,FALSE
KXCPICOREYOY-26AUG,2026-07-08,2026-08-03,2.3,61,1,61,37.755102040816325,FALSE
KXCPICOREYOY-26AUG,2026-07-09,2026-08-03,2.3,61,0,61,37.755102040816325,FALSE
KXCPICOREYOY-26AUG,2026-07-10,2026-08-03,2.3,61,0,61,37.755102040816325,FALSE
KXCPICOREYOY-26AUG,2026-07-11,2026-08-03,2.3,61,0,61,37.755102040816325,FALSE
KXCPICOREYOY-26AUG,2026-07-12,2026-08-03,2.3,61,0,61,37.755102040816325,FALSE
KXCPICOREYOY-26AUG,2026-07-13,2026-08-03,2.3,61,0,61,37.755102040816325,FALSE
KXCPICOREYOY-26AUG,2026-07-14,2026-08-03,2.3,61,0,61,37.755102040816325,FALSE
KXCPICOREYOY-26AUG,2026-07-15,2026-08-03,2.3,61,0,61,37.755102040816325,FALSE
KXCPICOREYOY-26AUG,2026-07-16,2026-08-03,2.3,61,0,61,37.755102040816325,FALSE
KXCPICOREYOY-26AUG,2026-07-17,2026-08-03,2.3,61,0,61,37.755102040816325,FALSE
KXCPICOREYOY-26AUG,2026-07-18,2026-08-03,2.3,61,0,61,37.755102040816325,FALSE
KXCPICOREYOY-26AUG,2026-07-19,2026-08-03,2.3,61,0,73,1.0204081632653061,FALSE
KXCPICOREYOY-26AUG,2026-07-20,2026-08-03,2.3,80,49,80,18.367346938775512,FALSE
KXCPICOREYOY-26AUG,2026-07-21,2026-08-03,2.3,80,0,80,18.367346938775512,FALSE
KXCPICOREYOY-26AUG,2026-07-22,2026-08-03,2.3,80,0,80,18.367346938775512,FALSE
KXCPICOREYOY-26AUG,2026-07-23,2026-08-03,2.3,80,1,80,18.367346938775512,FALSE
KXCPICOREYOY-26AUG,2026-07-24,2026-08-03,2.3,80,0,80,18.367346938775512,FALSE
KXCPICOREYOY-26AUG,2026-07-25,2026-08-03,2.3,80,0,80,18.367346938775512,FALSE
KXCPICOREYOY-26AUG,2026-07-26,2026-08-03,2.3,80,0,80,18.367346938775512,FALSE
KXCPICOREYOY-26AUG,2026-07-27,2026-08-03,2.3,80,0,80,18.367346938775512,FALSE
KXCPICOREYOY-26AUG,2026-07-28,2026-08-03,2.3,80,0,80,37.755102040816325,FALSE
KXCPICOREYOY-26AUG,2026-07-29,2026-08-03,2.3,80,0,80,1.0204081632653061,FALSE
KXCPICOREYOY-26AUG,2026-07-30,2026-08-03,2.3,80,0,80,26.53061224489796,FALSE
KXCPICOREYOY-26AUG,2026-07-31,2026-08-03,2.3,80,0,80,26.53061224489796,FALSE
KXCPICOREYOY-26AUG,2026-08-01,2026-08-03,2.3,80,0,80,26.53061224489796,FALSE
KXCPICOREYOY-26AUG,2026-08-02,2026-08-03,2.3,80,0,80,26.53061224489796,FALSE
KXCPICOREYOY-26AUG,2026-08-03,2026-08-03,2.3,80,0,80,26.53061224489796,FALSE
KXCPICOREYOY-26FEB,2026-02-09,2026-03-11,2.3,0,0,77,22.448979591836736,FALSE
KXCPICOREYOY-26FEB,2026-02-10,2026-03-11,2.3,0,0,77,22.448979591836736,FALSE
KXCPICOREYOY-26FEB,2026-02-11,2026-03-11,2.3,0,0,77,22.448979591836736,FALSE
KXCPICOREYOY-26FEB,2026-02-12,2026-03-11,2.3,0,0,77,22.448979591836736,FALSE
KXCPICOREYOY-26FEB,2026-02-13,2026-03-11,2.3,99,1,99,33.673469387755105,FALSE
KXCPICOREYOY-26FEB,2026-02-14,2026-03-11,2.3,95,5,95,34.69387755102041,FALSE
KXCPICOREYOY-26FEB,2026-02-15,2026-03-11,2.3,94,2,94,30.612244897959183,FALSE
KXCPICOREYOY-26FEB,2026-02-16,2026-03-11,2.3,94,0,94,32.6530612244898,FALSE
KXCPICOREYOY-26FEB,2026-03-06,2026-03-11,2.3,95,1401,95,18.367346938775512,FALSE
KXCPICOREYOY-26FEB,2026-03-07,2026-03-11,2.3,93,54,93,19.387755102040817,FALSE
KXCPICOREYOY-26FEB,2026-03-08,2026-03-11,2.3,95,20,95,22.448979591836736,FALSE
KXCPICOREYOY-26FEB,2026-03-09,2026-03-11,2.3,90,540,90,29.591836734693878,FALSE
KXCPICOREYOY-26FEB,2026-03-10,2026-03-11,2.3,92,2351,92,36.73469387755101,FALSE
KXCPICOREYOY-26FEB,2026-03-11,2026-03-11,2.3,98,1306,98,37.755102040816325,FALSE
KXCPICOREYOY-26JAN,2026-01-21,2026-02-13,2.3,0,0,90,9.183673469387756,FALSE
KXCPICOREYOY-26JAN,2026-01-22,2026-02-13,2.3,0,0,77,0,FALSE
KXCPICOREYOY-26JAN,2026-01-23,2026-02-13,2.3,0,0,75,24.489795918367346,FALSE
KXCPICOREYOY-26JAN,2026-01-24,2026-02-13,2.3,0,0,75,24.489795918367346,FALSE
KXCPICOREYOY-26JAN,2026-01-25,2026-02-13,2.3,0,0,79,20.408163265306122,FALSE
KXCPICOREYOY-26JAN,2026-01-26,2026-02-13,2.3,0,0,79,20.408163265306122,FALSE
KXCPICOREYOY-26JAN,2026-01-27,2026-02-13,2.3,0,0,79,20.408163265306122,FALSE
KXCPICOREYOY-26JAN,2026-01-28,2026-02-13,2.3,0,0,79,20.408163265306122,FALSE
KXCPICOREYOY-26JAN,2026-01-29,2026-02-13,2.3,0,0,79,20.408163265306122,FALSE
KXCPICOREYOY-26JAN,2026-01-30,2026-02-13,2.3,0,0,79,20.408163265306122,FALSE
KXCPICOREYOY-26JAN,2026-01-31,2026-02-13,2.3,0,0,79,20.408163265306122,FALSE
KXCPICOREYOY-26JAN,2026-02-01,2026-02-13,2.3,0,0,85,14.285714285714286,FALSE
KXCPICOREYOY-26JAN,2026-02-02,2026-02-13,2.3,0,0,85,14.285714285714286,FALSE
KXCPICOREYOY-26JAN,2026-02-03,2026-02-13,2.3,0,0,84,15.306122448979592,FALSE
KXCPICOREYOY-26JAN,2026-02-04,2026-02-13,2.3,0,0,84,15.306122448979592,FALSE
KXCPICOREYOY-26JAN,2026-02-05,2026-02-13,2.3,0,0,84,15.306122448979592,FALSE
KXCPICOREYOY-26JAN,2026-02-06,2026-02-13,2.3,0,0,92,7.142857142857143,FALSE
KXCPICOREYOY-26JAN,2026-02-07,2026-02-13,2.3,0,0,92,7.142857142857143,FALSE
KXCPICOREYOY-26JAN,2026-02-08,2026-02-13,2.3,0,0,97,2.0408163265306123,FALSE
KXCPICOREYOY-26JAN,2026-02-09,2026-02-13,2.3,0,0,76,0,FALSE
KXCPICOREYOY-26JAN,2026-02-10,2026-02-13,2.3,0,0,86,13.26530612244898,FALSE
KXCPICOREYOY-26JAN,2026-02-11,2026-02-13,2.3,0,0,74,25.510204081632654,FALSE
KXCPICOREYOY-26JAN,2026-02-12,2026-02-13,2.3,0,0,85,14.285714285714286,FALSE
KXCPICOREYOY-26JAN,2026-02-13,2026-02-13,2.3,0,0,85,0,FALSE
KXCPICOREYOY-26JUL,2026-07-10,2026-08-05,2.3,80,1988,82,0,FALSE
KXCPICOREYOY-26JUL,2026-07-11,2026-08-05,2.3,80,0,82,0,FALSE
KXCPICOREYOY-26JUL,2026-07-12,2026-08-05,2.3,80,0,82,0,FALSE
KXCPICOREYOY-26JUL,2026-07-16,2026-08-05,2.3,80,0,82,13.26530612244898,FALSE
KXCPICOREYOY-26JUL,2026-07-17,2026-08-05,2.3,80,0,80,1.0204081632653061,FALSE
KXCPICOREYOY-26JUL,2026-07-18,2026-08-05,2.3,80,0,80,1.0204081632653061,FALSE
KXCPICOREYOY-26JUL,2026-07-19,2026-08-05,2.3,80,0,80,5.1020408163265305,FALSE
KXCPICOREYOY-26JUL,2026-07-20,2026-08-05,2.3,81,43.4,81,15.306122448979592,FALSE
KXCPICOREYOY-26JUL,2026-07-21,2026-08-05,2.3,82,418.93,82,5.1020408163265305,FALSE
KXCPICOREYOY-26JUL,2026-07-22,2026-08-05,2.3,82,159.93,82,5.1020408163265305,FALSE
KXCPICOREYOY-26JUL,2026-07-23,2026-08-05,2.3,82,0,82,41.83673469387755,FALSE
KXCPICOREYOY-26JUL,2026-07-24,2026-08-05,2.3,82,439.83000000000004,82,27.551020408163257,FALSE
KXCPICOREYOY-26JUL,2026-07-25,2026-08-05,2.3,80,2.4,80,34.69387755102041,FALSE
KXCPICOREYOY-26JUL,2026-07-26,2026-08-05,2.3,82,2.4,82,36.734693877551024,FALSE
KXCPICOREYOY-26JUL,2026-07-27,2026-08-05,2.3,82,12.04,82,35.714285714285715,FALSE
KXCPICOREYOY-26JUL,2026-07-28,2026-08-05,2.3,90,22.810000000000002,90,45.91836734693877,FALSE
KXCPICOREYOY-26JUL,2026-07-29,2026-08-05,2.3,89,6.11,89,45.91836734693877,FALSE
KXCPICOREYOY-26JUL,2026-07-30,2026-08-05,2.3,70,0.11,70,27.551020408163264,FALSE
KXCPICOREYOY-26JUL,2026-07-31,2026-08-05,2.3,70,0,70,18.367346938775512,FALSE
KXCPICOREYOY-26JUL,2026-08-01,2026-08-05,2.3,85,118.55000000000001,85,33.673469387755105,FALSE
KXCPICOREYOY-26JUL,2026-08-02,2026-08-05,2.3,84,169.9,84,20.408163265306122,FALSE
KXCPICOREYOY-26JUL,2026-08-03,2026-08-05,2.3,87,28.45,87,19.387755102040817,FALSE
KXCPICOREYOY-26JUL,2026-08-04,2026-08-05,2.3,88,35.98,88,36.734693877551024,FALSE
KXCPICOREYOY-26JUL,2026-08-05,2026-08-05,2.3,88,0,88,38.775510204081634,FALSE
KXCPICOREYOY-26JUN,2026-06-25,2026-07-14,2.3,60,23.97,60,57.142857142857146,FALSE
KXCPICOREYOY-26JUN,2026-06-26,2026-07-14,2.3,60,0,60,57.142857142857146,FALSE
KXCPICOREYOY-26JUN,2026-06-27,2026-07-14,2.3,99,10,99,93.87755102040816,FALSE
KXCPICOREYOY-26JUN,2026-06-28,2026-07-14,2.3,99,0,99,0,FALSE
KXCPICOREYOY-26JUN,2026-07-07,2026-07-14,2.3,99,0,99,0,FALSE
KXCPICOREYOY-26JUN,2026-07-08,2026-07-14,2.3,99,0,99,0,FALSE
KXCPICOREYOY-26JUN,2026-07-09,2026-07-14,2.3,99,0,99,0,FALSE
KXCPICOREYOY-26JUN,2026-07-10,2026-07-14,2.3,99,0,99,0,FALSE
KXCPICOREYOY-26JUN,2026-07-11,2026-07-14,2.3,99,0,99,0,FALSE
KXCPICOREYOY-26JUN,2026-07-12,2026-07-14,2.3,99,0,99,0,FALSE
KXCPICOREYOY-26JUN,2026-07-13,2026-07-14,2.3,99,0,99,0,FALSE
KXCPICOREYOY-26JUN,2026-07-14,2026-07-14,2.3,99,0,99,0,FALSE
KXCPICOREYOY-26MAR,2026-03-11,2026-04-10,2.3,91,101,91,1.0204081632653061,FALSE
KXCPICOREYOY-26MAR,2026-03-12,2026-04-10,2.3,91,0,91,1.0204081632653061,FALSE
KXCPICOREYOY-26MAR,2026-03-13,2026-04-10,2.3,91,0,91,2.0408163265306123,FALSE
KXCPICOREYOY-26MAR,2026-03-14,2026-04-10,2.3,91,0,97,2.0408163265306123,FALSE
KXCPICOREYOY-26MAR,2026-03-15,2026-04-10,2.3,91,0,93,1.0204081632653061,FALSE
KXCPICOREYOY-26MAR,2026-03-16,2026-04-10,2.3,91,0,92,1.0204081632653061,FALSE
KXCPICOREYOY-26MAR,2026-03-17,2026-04-10,2.3,91,0,92,1.0204081632653061,FALSE
KXCPICOREYOY-26MAR,2026-03-18,2026-04-10,2.3,91,0,92,1.0204081632653061,FALSE
KXCPICOREYOY-26MAR,2026-03-19,2026-04-10,2.3,91,0,96,0,FALSE
KXCPICOREYOY-26MAR,2026-03-20,2026-04-10,2.3,91,0,92,1.0204081632653061,FALSE
KXCPICOREYOY-26MAR,2026-03-21,2026-04-10,2.3,91,0,97,0,FALSE
KXCPICOREYOY-26MAR,2026-03-22,2026-04-10,2.3,91,0,97,2.0408163265306123,FALSE
KXCPICOREYOY-26MAR,2026-03-23,2026-04-10,2.3,91,0,94,5.1020408163265305,FALSE
KXCPICOREYOY-26MAR,2026-03-24,2026-04-10,2.3,94,1,94,1.0204081632653061,FALSE
KXCPICOREYOY-26MAR,2026-03-25,2026-04-10,2.3,94,0,94,1.0204081632653061,FALSE
KXCPICOREYOY-26MAR,2026-03-26,2026-04-10,2.3,94,0,94,5.1020408163265305,FALSE
KXCPICOREYOY-26MAR,2026-03-27,2026-04-10,2.3,95,100,95,6.122448979591836,FALSE
KXCPICOREYOY-26MAR,2026-03-28,2026-04-10,2.3,95,0,95,6.122448979591836,FALSE
KXCPICOREYOY-26MAR,2026-03-29,2026-04-10,2.3,95,0,95,6.122448979591836,FALSE
KXCPICOREYOY-26MAR,2026-03-30,2026-04-10,2.3,95,0,95,6.122448979591836,FALSE
KXCPICOREYOY-26MAR,2026-03-31,2026-04-10,2.3,95,0,95,1.0204081632653061,FALSE
KXCPICOREYOY-26MAR,2026-04-01,2026-04-10,2.3,95,0,95,4.081632653061225,FALSE
KXCPICOREYOY-26MAR,2026-04-02,2026-04-10,2.3,95,0,96,3.061224489795918,FALSE
KXCPICOREYOY-26MAR,2026-04-03,2026-04-10,2.3,95,0,96,3.061224489795918,FALSE
KXCPICOREYOY-26MAR,2026-04-04,2026-04-10,2.3,99,2,99,3.061224489795918,FALSE
KXCPICOREYOY-26MAR,2026-04-05,2026-04-10,2.3,99,0,99,0,FALSE
KXCPICOREYOY-26MAR,2026-04-06,2026-04-10,2.3,99,0,99,3.061224489795918,FALSE
KXCPICOREYOY-26MAR,2026-04-07,2026-04-10,2.3,99,0,99,0,FALSE
KXCPICOREYOY-26MAR,2026-04-08,2026-04-10,2.3,99,0,99,3.061224489795918,FALSE
KXCPICOREYOY-26MAR,2026-04-09,2026-04-10,2.3,99,0,99,3.061224489795918,FALSE
KXCPICOREYOY-26MAR,2026-04-10,2026-04-10,2.3,98,11,98,2.0408163265306123,FALSE
KXCPICOREYOY-26MAY,2026-06-08,2026-06-10,2.3,96,10,99,0,FALSE
KXCPICOREYOY-26MAY,2026-06-09,2026-06-10,2.3,96,0,99,0,FALSE
KXCPICOREYOY-26MAY,2026-06-10,2026-06-10,2.3,96,0,99,0,FALSE
KXCPICOREYOY-26NOV,2026-07-08,2026-08-05,2.3,0,0,70,0,FALSE
KXCPICOREYOY-26NOV,2026-07-09,2026-08-05,2.3,0,0,70,0,FALSE
KXCPICOREYOY-26NOV,2026-07-10,2026-08-05,2.3,0,0,70,0,FALSE
KXCPICOREYOY-26NOV,2026-07-11,2026-08-05,2.3,0,0,70,0,FALSE
KXCPICOREYOY-26NOV,2026-07-12,2026-08-05,2.3,0,0,70,0,FALSE
KXCPICOREYOY-26NOV,2026-07-13,2026-08-05,2.3,0,0,70,0,FALSE
KXCPICOREYOY-26NOV,2026-07-14,2026-08-05,2.3,98,1112.04,98,0,FALSE
KXCPICOREYOY-26NOV,2026-07-15,2026-08-05,2.3,98,0,98,0,FALSE
KXCPICOREYOY-26NOV,2026-07-16,2026-08-05,2.3,98,0,98,0,FALSE
KXCPICOREYOY-26NOV,2026-07-17,2026-08-05,2.3,98,0,98,0,FALSE
KXCPICOREYOY-26NOV,2026-07-18,2026-08-05,2.3,98,0,98,0,FALSE
KXCPICOREYOY-26NOV,2026-07-19,2026-08-05,2.3,98,0,98,0,FALSE
KXCPICOREYOY-26NOV,2026-07-20,2026-08-05,2.3,98,0,98,0,FALSE
KXCPICOREYOY-26NOV,2026-07-21,2026-08-05,2.3,98,0,98,0,FALSE
KXCPICOREYOY-26NOV,2026-07-22,2026-08-05,2.3,98,0,98,0,FALSE
KXCPICOREYOY-26NOV,2026-07-23,2026-08-05,2.3,97,2000.95,98,0,FALSE
KXCPICOREYOY-26NOV,2026-07-24,2026-08-05,2.3,97,0,98,0,FALSE
KXCPICOREYOY-26NOV,2026-07-25,2026-08-05,2.3,97,0,98,0,FALSE
KXCPICOREYOY-26NOV,2026-07-26,2026-08-05,2.3,97,0,98,0,FALSE
KXCPICOREYOY-26NOV,2026-07-27,2026-08-05,2.3,97,0,98,0,FALSE
KXCPICOREYOY-26NOV,2026-07-28,2026-08-05,2.3,97,0,98,0,FALSE
KXCPICOREYOY-26NOV,2026-07-29,2026-08-05,2.3,97,0,97,0,FALSE
KXCPICOREYOY-26NOV,2026-07-30,2026-08-05,2.3,97,0,98,0,FALSE
KXCPICOREYOY-26NOV,2026-07-31,2026-08-05,2.3,97,0,98,0,FALSE
KXCPICOREYOY-26NOV,2026-08-01,2026-08-05,2.3,97,0,97,0,FALSE
KXCPICOREYOY-26NOV,2026-08-02,2026-08-05,2.3,97,0,97,0,FALSE
KXCPICOREYOY-26NOV,2026-08-03,2026-08-05,2.3,97,0,97,0,FALSE
KXCPICOREYOY-26NOV,2026-08-04,2026-08-05,2.3,97,0,97,0,FALSE
KXCPICOREYOY-26NOV,2026-08-05,2026-08-05,2.3,97,0,97,0,FALSE
KXCPICOREYOY-26SEP,2026-07-08,2026-08-05,2.3,1,2000,1,0,FALSE
KXCPICOREYOY-26SEP,2026-07-09,2026-08-05,2.3,1,0,35,0,FALSE
KXCPICOREYOY-26SEP,2026-07-10,2026-08-05,2.3,1,0,35,0,FALSE
KXCPICOREYOY-26SEP,2026-07-11,2026-08-05,2.3,1,0,35,0,FALSE
KXCPICOREYOY-26SEP,2026-07-12,2026-08-05,2.3,1,0,35,0,FALSE
KXCPICOREYOY-26SEP,2026-07-13,2026-08-05,2.3,1,0,99,0,FALSE
KXCPICOREYOY-26SEP,2026-07-14,2026-08-05,2.3,1,0,99,0,FALSE
KXCPICOREYOY-26SEP,2026-07-15,2026-08-05,2.3,1,0,99,0,FALSE
KXCPICOREYOY-26SEP,2026-07-16,2026-08-05,2.3,1,0,99,0,FALSE
KXCPICOREYOY-26SEP,2026-07-17,2026-08-05,2.3,1,0,99,0,FALSE
KXCPICOREYOY-26SEP,2026-07-18,2026-08-05,2.3,1,0,99,0,FALSE
KXCPICOREYOY-26SEP,2026-07-19,2026-08-05,2.3,1,0,99,0,FALSE
KXCPICOREYOY-26SEP,2026-07-20,2026-08-05,2.3,1,0,99,0,FALSE
KXCPICOREYOY-26SEP,2026-07-21,2026-08-05,2.3,1,0,99,0,FALSE
KXCPICOREYOY-26SEP,2026-07-22,2026-08-05,2.3,1,0,99,0,FALSE
KXCPICOREYOY-26SEP,2026-07-23,2026-08-05,2.3,1,0,99,0,FALSE
KXCPICOREYOY-26SEP,2026-07-24,2026-08-05,2.3,1,0,99,0,FALSE
KXCPICOREYOY-26SEP,2026-07-25,2026-08-05,2.3,1,0,99,0,FALSE
KXCPICOREYOY-26SEP,2026-07-26,2026-08-05,2.3,1,0,99,0,FALSE
KXCPICOREYOY-26SEP,2026-07-27,2026-08-05,2.3,1,0,99,0,FALSE
KXCPICOREYOY-26SEP,2026-07-28,2026-08-05,2.3,1,0,99,0,FALSE
KXCPICOREYOY-26SEP,2026-07-29,2026-08-05,2.3,1,0,99,0,FALSE
KXCPICOREYOY-26SEP,2026-07-30,2026-08-05,2.3,88,7,99,0,FALSE
KXCPICOREYOY-26SEP,2026-07-31,2026-08-05,2.3,88,0,99,0,FALSE
KXCPICOREYOY-26SEP,2026-08-01,2026-08-05,2.3,88,0,99,0,FALSE
KXCPICOREYOY-26SEP,2026-08-02,2026-08-05,2.3,88,0,99,0,FALSE
KXCPICOREYOY-26SEP,2026-08-03,2026-08-05,2.3,88,0,99,0,FALSE
KXCPICOREYOY-26SEP,2026-08-04,2026-08-05,2.3,88,0,99,0,FALSE
KXCPICOREYOY-26SEP,2026-08-05,2026-08-05,2.3,88,0,99,0,FALSE
KXCPICOREYOY-26FEB,2026-02-17,2026-03-11,2.3000000000000003,94,0,94,33.673469387755105,FALSE
KXCPICOREYOY-26FEB,2026-02-18,2026-03-11,2.3000000000000003,94,0,94,33.673469387755105,FALSE
KXCPICOREYOY-26FEB,2026-02-19,2026-03-11,2.3000000000000003,94,0,94,12.244897959183673,FALSE
KXCPICOREYOY-26FEB,2026-02-20,2026-03-11,2.3000000000000003,90,9,90,25.510204081632654,FALSE
KXCPICOREYOY-26FEB,2026-02-21,2026-03-11,2.3000000000000003,90,0,90,24.489795918367346,FALSE
KXCPICOREYOY-26FEB,2026-02-22,2026-03-11,2.3000000000000003,90,0,90,24.489795918367346,FALSE
KXCPICOREYOY-26FEB,2026-02-23,2026-03-11,2.3000000000000003,95,8,95,29.591836734693878,FALSE
KXCPICOREYOY-26FEB,2026-02-24,2026-03-11,2.3000000000000003,90,8,90,24.489795918367346,FALSE
KXCPICOREYOY-26FEB,2026-02-25,2026-03-11,2.3000000000000003,92,518,92,25.510204081632654,FALSE
KXCPICOREYOY-26FEB,2026-02-26,2026-03-11,2.3000000000000003,92,896,92,24.489795918367346,FALSE
KXCPICOREYOY-26FEB,2026-02-27,2026-03-11,2.3000000000000003,95,500,95,28.571428571428573,FALSE
KXCPICOREYOY-26FEB,2026-02-28,2026-03-11,2.3000000000000003,90,159,90,20.408163265306122,FALSE
KXCPICOREYOY-26FEB,2026-03-01,2026-03-11,2.3000000000000003,87,40,87,22.448979591836736,FALSE
KXCPICOREYOY-26FEB,2026-03-02,2026-03-11,2.3000000000000003,86,249,86,22.448979591836736,FALSE
KXCPICOREYOY-26FEB,2026-03-03,2026-03-11,2.3000000000000003,84,9,84,16.3265306122449,FALSE
KXCPICOREYOY-26FEB,2026-03-04,2026-03-11,2.3000000000000003,94,11,94,26.53061224489796,FALSE
KXCPICOREYOY-26FEB,2026-03-05,2026-03-11,2.3000000000000003,94,0,94,24.489795918367346,FALSE
KXCPICOREYOY-26JUL,2026-07-13,2026-08-05,2.3000000000000003,80,0,82,0,FALSE
KXCPICOREYOY-26JUL,2026-07-14,2026-08-05,2.3000000000000003,80,0,80,0,FALSE
KXCPICOREYOY-26JUL,2026-07-15,2026-08-05,2.3000000000000003,80,0,80,0,FALSE
KXCPICOREYOY-26JUN,2026-06-29,2026-07-14,2.3000000000000003,99,0,99,0,FALSE
KXCPICOREYOY-26JUN,2026-06-30,2026-07-14,2.3000000000000003,99,0,99,0,FALSE
KXCPICOREYOY-26JUN,2026-07-01,2026-07-14,2.3000000000000003,99,0,99,0,FALSE
KXCPICOREYOY-26JUN,2026-07-02,2026-07-14,2.3000000000000003,99,0,99,0,FALSE
KXCPICOREYOY-26JUN,2026-07-03,2026-07-14,2.3000000000000003,99,10,99,0,FALSE
KXCPICOREYOY-26JUN,2026-07-04,2026-07-14,2.3000000000000003,99,0,99,0,FALSE
KXCPICOREYOY-26JUN,2026-07-05,2026-07-14,2.3000000000000003,99,0,99,0,FALSE
KXCPICOREYOY-26JUN,2026-07-06,2026-07-14,2.3000000000000003,99,0,99,0,FALSE
KXCPICOREYOY-26MAY,2026-05-11,2026-06-10,2.3000000000000003,98,0,98,1.0204081632653061,FALSE
KXCPICOREYOY-26MAY,2026-05-12,2026-06-10,2.3000000000000003,98,0,98,1.0204081632653061,FALSE
KXCPICOREYOY-26MAY,2026-05-13,2026-06-10,2.3000000000000003,98,0,98,0,FALSE
KXCPICOREYOY-26MAY,2026-05-14,2026-06-10,2.3000000000000003,98,0,98,1.0204081632653061,FALSE
KXCPICOREYOY-26MAY,2026-05-15,2026-06-10,2.3000000000000003,98,0,98,1.0204081632653061,FALSE
KXCPICOREYOY-26MAY,2026-05-16,2026-06-10,2.3000000000000003,98,0,99,0,FALSE
KXCPICOREYOY-26MAY,2026-05-17,2026-06-10,2.3000000000000003,98,0,99,0,FALSE
KXCPICOREYOY-26MAY,2026-05-18,2026-06-10,2.3000000000000003,98,0,99,0,FALSE
KXCPICOREYOY-26MAY,2026-05-19,2026-06-10,2.3000000000000003,98,0,99,0,FALSE
KXCPICOREYOY-26MAY,2026-05-20,2026-06-10,2.3000000000000003,98,0,99,0,FALSE
KXCPICOREYOY-26MAY,2026-05-21,2026-06-10,2.3000000000000003,98,0,99,0,FALSE
KXCPICOREYOY-26MAY,2026-05-22,2026-06-10,2.3000000000000003,99,1,99,0,FALSE
KXCPICOREYOY-26MAY,2026-05-23,2026-06-10,2.3000000000000003,99,0,99,0,FALSE
KXCPICOREYOY-26MAY,2026-05-24,2026-06-10,2.3000000000000003,99,0,99,0,FALSE
KXCPICOREYOY-26MAY,2026-05-25,2026-06-10,2.3000000000000003,99,0,99,0,FALSE
KXCPICOREYOY-26MAY,2026-05-26,2026-06-10,2.3000000000000003,99,0,99,0,FALSE
KXCPICOREYOY-26MAY,2026-05-27,2026-06-10,2.3000000000000003,99,0,99,0,FALSE
KXCPICOREYOY-26MAY,2026-05-28,2026-06-10,2.3000000000000003,99,0,99,0,FALSE
KXCPICOREYOY-26MAY,2026-05-29,2026-06-10,2.3000000000000003,99,0,99,0,FALSE
KXCPICOREYOY-26MAY,2026-05-30,2026-06-10,2.3000000000000003,99,0,99,0,FALSE
KXCPICOREYOY-26MAY,2026-05-31,2026-06-10,2.3000000000000003,99,0,99,0,FALSE
KXCPICOREYOY-26MAY,2026-06-01,2026-06-10,2.3000000000000003,99,0,99,0,FALSE
KXCPICOREYOY-26MAY,2026-06-02,2026-06-10,2.3000000000000003,99,0,99,0,FALSE
KXCPICOREYOY-26MAY,2026-06-03,2026-06-10,2.3000000000000003,99,0,99,0,FALSE
KXCPICOREYOY-26MAY,2026-06-04,2026-06-10,2.3000000000000003,99,0,99,0,FALSE
KXCPICOREYOY-26MAY,2026-06-05,2026-06-10,2.3000000000000003,99,0,99,0,FALSE
KXCPICOREYOY-26MAY,2026-06-06,2026-06-10,2.3000000000000003,99,0,99,0,FALSE
KXCPICOREYOY-26MAY,2026-06-07,2026-06-10,2.3000000000000003,99,0,99,0,FALSE
CPICOREYOY-23SEP,2023-09-15,2023-10-12,2.4,0,0,96,0,FALSE
CPICOREYOY-23SEP,2023-09-16,2023-10-12,2.4,0,0,97,0,FALSE
CPICOREYOY-23SEP,2023-09-17,2023-10-12,2.4,0,0,97,0,FALSE
CPICOREYOY-23SEP,2023-09-18,2023-10-12,2.4,0,0,97,0,FALSE
CPICOREYOY-23SEP,2023-09-19,2023-10-12,2.4,0,0,97,0,FALSE
CPICOREYOY-23SEP,2023-09-20,2023-10-12,2.4,0,0,97,0,FALSE
CPICOREYOY-23SEP,2023-09-21,2023-10-12,2.4,0,0,99,0,FALSE
CPICOREYOY-23SEP,2023-09-22,2023-10-12,2.4,0,0,99,0,FALSE
CPICOREYOY-23SEP,2023-09-23,2023-10-12,2.4,0,0,99,0,FALSE
CPICOREYOY-23SEP,2023-09-24,2023-10-12,2.4,0,0,97,0,FALSE
CPICOREYOY-23SEP,2023-09-25,2023-10-12,2.4,0,0,97,0,FALSE
CPICOREYOY-23SEP,2023-09-26,2023-10-12,2.4,0,0,97,0,FALSE
CPICOREYOY-23SEP,2023-09-27,2023-10-12,2.4,0,0,97,0,FALSE
CPICOREYOY-23SEP,2023-09-28,2023-10-12,2.4,0,0,96,0,FALSE
CPICOREYOY-23SEP,2023-09-29,2023-10-12,2.4,0,0,97,0,FALSE
CPICOREYOY-23SEP,2023-09-30,2023-10-12,2.4,0,0,98,0,FALSE
CPICOREYOY-23SEP,2023-10-01,2023-10-12,2.4,0,0,98,0,FALSE
CPICOREYOY-23SEP,2023-10-02,2023-10-12,2.4,0,0,98,0,FALSE
CPICOREYOY-23SEP,2023-10-03,2023-10-12,2.4,0,0,98,0,FALSE
CPICOREYOY-23SEP,2023-10-04,2023-10-12,2.4,0,0,98,0,FALSE
CPICOREYOY-23SEP,2023-10-05,2023-10-12,2.4,0,0,98,0,FALSE
CPICOREYOY-23SEP,2023-10-06,2023-10-12,2.4,0,0,98,0,FALSE
CPICOREYOY-23SEP,2023-10-07,2023-10-12,2.4,0,0,98,0,FALSE
CPICOREYOY-23SEP,2023-10-08,2023-10-12,2.4,0,0,98,0,FALSE
CPICOREYOY-23SEP,2023-10-09,2023-10-12,2.4,0,0,98,0,FALSE
CPICOREYOY-23SEP,2023-10-10,2023-10-12,2.4,0,0,98,0,FALSE
CPICOREYOY-23SEP,2023-10-11,2023-10-12,2.4,0,0,98,0,FALSE
CPICOREYOY-23SEP,2023-10-12,2023-10-12,2.4,0,0,99,0,FALSE
KXCPICOREYOY-25DEC,2025-12-18,2026-01-13,2.4,0,0,85,14.285714285714286,FALSE
KXCPICOREYOY-25DEC,2025-12-19,2026-01-13,2.4,0,0,88,11.224489795918368,FALSE
KXCPICOREYOY-25DEC,2025-12-20,2026-01-13,2.4,0,0,88,11.224489795918368,FALSE
KXCPICOREYOY-25DEC,2025-12-21,2026-01-13,2.4,0,0,88,11.224489795918368,FALSE
KXCPICOREYOY-25DEC,2025-12-22,2026-01-13,2.4,96,10000,96,12.244897959183673,FALSE
KXCPICOREYOY-25DEC,2025-12-23,2026-01-13,2.4,95,24,95,13.26530612244898,FALSE
KXCPICOREYOY-25DEC,2025-12-24,2026-01-13,2.4,94,250,94,7.142857142857143,FALSE
KXCPICOREYOY-25DEC,2025-12-25,2026-01-13,2.4,94,0,94,7.142857142857143,FALSE
KXCPICOREYOY-25DEC,2025-12-26,2026-01-13,2.4,92,257,92,15.306122448979592,FALSE
KXCPICOREYOY-25DEC,2025-12-27,2026-01-13,2.4,92,0,92,15.306122448979592,FALSE
KXCPICOREYOY-25DEC,2025-12-28,2026-01-13,2.4,92,0,92,9.183673469387756,FALSE
KXCPICOREYOY-25DEC,2025-12-29,2026-01-13,2.4,92,5000,92,15.306122448979592,FALSE
KXCPICOREYOY-25DEC,2025-12-30,2026-01-13,2.4,92,5252,92,15.306122448979592,FALSE
KXCPICOREYOY-25DEC,2025-12-31,2026-01-13,2.4,93,5051,93,1.0204081632653061,FALSE
KXCPICOREYOY-25DEC,2026-01-01,2026-01-13,2.4,93,0,93,6.122448979591836,FALSE
KXCPICOREYOY-25DEC,2026-01-02,2026-01-13,2.4,96,10,96,12.244897959183673,FALSE
KXCPICOREYOY-25DEC,2026-01-03,2026-01-13,2.4,96,0,96,13.26530612244898,FALSE
KXCPICOREYOY-25DEC,2026-01-04,2026-01-13,2.4,96,0,96,12.244897959183673,FALSE
KXCPICOREYOY-25DEC,2026-01-05,2026-01-13,2.4,96,0,96,4.081632653061225,FALSE
KXCPICOREYOY-25DEC,2026-01-06,2026-01-13,2.4,97,70,97,4.081632653061225,FALSE
KXCPICOREYOY-25DEC,2026-01-07,2026-01-13,2.4,98,101,98,5.1020408163265305,FALSE
KXCPICOREYOY-25DEC,2026-01-08,2026-01-13,2.4,99,50,99,6.122448979591836,FALSE
KXCPICOREYOY-25DEC,2026-01-09,2026-01-13,2.4,96,10,96,2.0408163265306123,FALSE
KXCPICOREYOY-25DEC,2026-01-10,2026-01-13,2.4,99,1,99,3.061224489795918,FALSE
KXCPICOREYOY-25DEC,2026-01-11,2026-01-13,2.4,96,18,96,1.0204081632653061,FALSE
KXCPICOREYOY-25DEC,2026-01-12,2026-01-13,2.4,97,5453,97,5.1020408163265305,FALSE
KXCPICOREYOY-25DEC,2026-01-13,2026-01-13,2.4,97,0,97,2.0408163265306123,FALSE
KXCPICOREYOY-26APR,2026-04-12,2026-05-12,2.4,93,0,93,18.367346938775512,FALSE
KXCPICOREYOY-26APR,2026-04-13,2026-05-12,2.4,97,114.19,97,25.510204081632654,FALSE
KXCPICOREYOY-26APR,2026-04-14,2026-05-12,2.4,91,25,91,15.306122448979592,FALSE
KXCPICOREYOY-26APR,2026-04-15,2026-05-12,2.4,91,0,91,17.346938775510203,FALSE
KXCPICOREYOY-26APR,2026-04-16,2026-05-12,2.4,91,0,91,17.346938775510203,FALSE
KXCPICOREYOY-26APR,2026-04-17,2026-05-12,2.4,91,0,91,17.346938775510203,FALSE
KXCPICOREYOY-26APR,2026-04-18,2026-05-12,2.4,91,0,91,19.387755102040817,FALSE
KXCPICOREYOY-26APR,2026-04-19,2026-05-12,2.4,91,0,91,19.387755102040817,FALSE
KXCPICOREYOY-26APR,2026-04-20,2026-05-12,2.4,91,0,91,12.244897959183673,FALSE
KXCPICOREYOY-26APR,2026-04-21,2026-05-12,2.4,91,0,91,12.244897959183673,FALSE
KXCPICOREYOY-26APR,2026-04-22,2026-05-12,2.4,91,0,91,12.244897959183673,FALSE
KXCPICOREYOY-26APR,2026-04-23,2026-05-12,2.4,91,0,91,12.244897959183673,FALSE
KXCPICOREYOY-26APR,2026-04-24,2026-05-12,2.4,91,0,91,9.183673469387756,FALSE
KXCPICOREYOY-26APR,2026-04-25,2026-05-12,2.4,91,0,91,9.183673469387756,FALSE
KXCPICOREYOY-26APR,2026-04-26,2026-05-12,2.4,91,0,91,9.183673469387756,FALSE
KXCPICOREYOY-26APR,2026-04-27,2026-05-12,2.4,91,0,91,2.0408163265306123,FALSE
KXCPICOREYOY-26APR,2026-04-28,2026-05-12,2.4,97,20,97,9.183673469387756,FALSE
KXCPICOREYOY-26APR,2026-04-29,2026-05-12,2.4,97,0,97,9.183673469387756,FALSE
KXCPICOREYOY-26APR,2026-04-30,2026-05-12,2.4,97,0,97,9.183673469387756,FALSE
KXCPICOREYOY-26APR,2026-05-01,2026-05-12,2.4,99,700,99,10.204081632653061,FALSE
KXCPICOREYOY-26APR,2026-05-02,2026-05-12,2.4,99,0,99,8.16326530612245,FALSE
KXCPICOREYOY-26APR,2026-05-03,2026-05-12,2.4,95,3,95,2.0408163265306123,FALSE
KXCPICOREYOY-26APR,2026-05-04,2026-05-12,2.4,95,0,95,2.0408163265306123,FALSE
KXCPICOREYOY-26APR,2026-05-05,2026-05-12,2.4,95,0,95,1.0204081632653061,FALSE
KXCPICOREYOY-26APR,2026-05-06,2026-05-12,2.4,95,0,95,4.081632653061225,FALSE
KXCPICOREYOY-26APR,2026-05-07,2026-05-12,2.4,98,10,98,2.0408163265306123,FALSE
KXCPICOREYOY-26APR,2026-05-08,2026-05-12,2.4,98,0,98,1.0204081632653061,FALSE
KXCPICOREYOY-26APR,2026-05-09,2026-05-12,2.4,98,0,98,1.0204081632653061,FALSE
KXCPICOREYOY-26APR,2026-05-10,2026-05-12,2.4,98,0,98,1.0204081632653061,FALSE
KXCPICOREYOY-26APR,2026-05-11,2026-05-12,2.4,98,0,98,1.0204081632653061,FALSE
KXCPICOREYOY-26APR,2026-05-12,2026-05-12,2.4,98,0,99,0,FALSE
KXCPICOREYOY-26AUG,2026-07-04,2026-08-03,2.4,96,0,96,75.51020408163265,FALSE
KXCPICOREYOY-26AUG,2026-07-05,2026-08-03,2.4,96,0,96,75.51020408163265,FALSE
KXCPICOREYOY-26AUG,2026-07-06,2026-08-03,2.4,96,0,96,75.51020408163265,FALSE
KXCPICOREYOY-26AUG,2026-07-07,2026-08-03,2.4,96,0,96,75.51020408163265,FALSE
KXCPICOREYOY-26AUG,2026-07-08,2026-08-03,2.4,95,1,61,57.142857142857146,FALSE
KXCPICOREYOY-26AUG,2026-07-09,2026-08-03,2.4,95,0,61,57.142857142857146,FALSE
KXCPICOREYOY-26AUG,2026-07-10,2026-08-03,2.4,95,0,61,57.142857142857146,FALSE
KXCPICOREYOY-26AUG,2026-07-11,2026-08-03,2.4,95,0,61,57.142857142857146,FALSE
KXCPICOREYOY-26AUG,2026-07-12,2026-08-03,2.4,95,0,61,57.142857142857146,FALSE
KXCPICOREYOY-26AUG,2026-07-13,2026-08-03,2.4,95,0,61,57.142857142857146,FALSE
KXCPICOREYOY-26AUG,2026-07-14,2026-08-03,2.4,95,0,61,57.142857142857146,FALSE
KXCPICOREYOY-26AUG,2026-07-15,2026-08-03,2.4,95,0,61,57.142857142857146,FALSE
KXCPICOREYOY-26AUG,2026-07-16,2026-08-03,2.4,95,0,61,47.95918367346939,FALSE
KXCPICOREYOY-26AUG,2026-07-17,2026-08-03,2.4,67,132,61,47.95918367346939,FALSE
KXCPICOREYOY-26AUG,2026-07-18,2026-08-03,2.4,73,40,61,47.95918367346939,FALSE
KXCPICOREYOY-26AUG,2026-07-19,2026-08-03,2.4,73,0,73,25.510204081632654,FALSE
KXCPICOREYOY-26AUG,2026-07-20,2026-08-03,2.4,73,0,73,7.142857142857143,FALSE
KXCPICOREYOY-26AUG,2026-07-21,2026-08-03,2.4,73,0,73,7.142857142857143,FALSE
KXCPICOREYOY-26AUG,2026-07-22,2026-08-03,2.4,73,0,73,7.142857142857143,FALSE
KXCPICOREYOY-26AUG,2026-07-23,2026-08-03,2.4,67,40,67,13.26530612244898,FALSE
KXCPICOREYOY-26AUG,2026-07-24,2026-08-03,2.4,67,0,67,13.26530612244898,FALSE
KXCPICOREYOY-26AUG,2026-07-25,2026-08-03,2.4,67,0,67,13.26530612244898,FALSE
KXCPICOREYOY-26AUG,2026-07-26,2026-08-03,2.4,67,0,67,13.26530612244898,FALSE
KXCPICOREYOY-26AUG,2026-07-27,2026-08-03,2.4,67,0,67,13.26530612244898,FALSE
KXCPICOREYOY-26AUG,2026-07-28,2026-08-03,2.4,43,70,43,35.714285714285715,FALSE
KXCPICOREYOY-26AUG,2026-07-29,2026-08-03,2.4,54,50,54,18.367346938775512,FALSE
KXCPICOREYOY-26AUG,2026-07-30,2026-08-03,2.4,54,0,54,44.89795918367347,FALSE
KXCPICOREYOY-26AUG,2026-07-31,2026-08-03,2.4,54,0,54,44.89795918367347,FALSE
KXCPICOREYOY-26AUG,2026-08-01,2026-08-03,2.4,54,0,54,44.89795918367347,FALSE
KXCPICOREYOY-26AUG,2026-08-02,2026-08-03,2.4,54,0,54,44.89795918367347,FALSE
KXCPICOREYOY-26AUG,2026-08-03,2026-08-03,2.4,54,0,54,44.89795918367347,FALSE
KXCPICOREYOY-26FEB,2026-02-09,2026-03-11,2.4,77,0,77,9.183673469387756,FALSE
KXCPICOREYOY-26FEB,2026-02-10,2026-03-11,2.4,77,0,77,9.183673469387756,FALSE
KXCPICOREYOY-26FEB,2026-02-11,2026-03-11,2.4,77,0,77,9.183673469387756,FALSE
KXCPICOREYOY-26FEB,2026-02-12,2026-03-11,2.4,77,0,77,9.183673469387756,FALSE
KXCPICOREYOY-26FEB,2026-02-13,2026-03-11,2.4,66,278,66,34.69387755102041,FALSE
KXCPICOREYOY-26FEB,2026-02-14,2026-03-11,2.4,61,248,61,31.632653061224488,FALSE
KXCPICOREYOY-26FEB,2026-02-15,2026-03-11,2.4,64,174,64,32.6530612244898,FALSE
KXCPICOREYOY-26FEB,2026-02-16,2026-03-11,2.4,62,36,62,32.6530612244898,FALSE
KXCPICOREYOY-26FEB,2026-03-06,2026-03-11,2.4,77,1563,77,38.775510204081634,FALSE
KXCPICOREYOY-26FEB,2026-03-07,2026-03-11,2.4,74,910,74,29.591836734693878,FALSE
KXCPICOREYOY-26FEB,2026-03-08,2026-03-11,2.4,73,413,73,34.69387755102041,FALSE
KXCPICOREYOY-26FEB,2026-03-09,2026-03-11,2.4,61,512,61,30.612244897959183,FALSE
KXCPICOREYOY-26FEB,2026-03-10,2026-03-11,2.4,56.00000000000001,1058,56.00000000000001,28.571428571428577,FALSE
KXCPICOREYOY-26FEB,2026-03-11,2026-03-11,2.4,61,1022,61,36.734693877551024,FALSE
KXCPICOREYOY-26JAN,2026-01-15,2026-02-13,2.4,0,0,70,29.591836734693878,FALSE
KXCPICOREYOY-26JAN,2026-01-16,2026-02-13,2.4,0,0,70,29.591836734693878,FALSE
KXCPICOREYOY-26JAN,2026-01-17,2026-02-13,2.4,0,0,70,29.591836734693878,FALSE
KXCPICOREYOY-26JAN,2026-01-18,2026-02-13,2.4,0,0,50,50,FALSE
KXCPICOREYOY-26JAN,2026-01-19,2026-02-13,2.4,0,0,77,22.448979591836736,FALSE
KXCPICOREYOY-26JAN,2026-01-20,2026-02-13,2.4,0,0,77,22.448979591836736,FALSE
KXCPICOREYOY-26JAN,2026-01-21,2026-02-13,2.4,90,71,90,13.26530612244898,FALSE
KXCPICOREYOY-26JAN,2026-01-22,2026-02-13,2.4,75,60,77,22.448979591836736,FALSE
KXCPICOREYOY-26JAN,2026-01-23,2026-02-13,2.4,75,0,75,13.26530612244898,FALSE
KXCPICOREYOY-26JAN,2026-01-24,2026-02-13,2.4,75,0,75,19.38775510204081,FALSE
KXCPICOREYOY-26JAN,2026-01-25,2026-02-13,2.4,79,3,79,32.6530612244898,FALSE
KXCPICOREYOY-26JAN,2026-01-26,2026-02-13,2.4,79,26,79,24.48979591836734,FALSE
KXCPICOREYOY-26JAN,2026-01-27,2026-02-13,2.4,79,125,79,40.816326530612244,FALSE
KXCPICOREYOY-26JAN,2026-01-28,2026-02-13,2.4,79,124,79,27.551020408163264,FALSE
KXCPICOREYOY-26JAN,2026-01-29,2026-02-13,2.4,79,335,79,30.612244897959183,FALSE
KXCPICOREYOY-26JAN,2026-01-30,2026-02-13,2.4,79,0,79,29.591836734693878,FALSE
KXCPICOREYOY-26JAN,2026-01-31,2026-02-13,2.4,79,15,79,26.53061224489796,FALSE
KXCPICOREYOY-26JAN,2026-02-01,2026-02-13,2.4,85,190,85,42.857142857142854,FALSE
KXCPICOREYOY-26JAN,2026-02-02,2026-02-13,2.4,85,13,85,34.69387755102041,FALSE
KXCPICOREYOY-26JAN,2026-02-03,2026-02-13,2.4,84,119,84,34.69387755102041,FALSE
KXCPICOREYOY-26JAN,2026-02-04,2026-02-13,2.4,84,246,84,51.02040816326531,FALSE
KXCPICOREYOY-26JAN,2026-02-05,2026-02-13,2.4,84,12,84,33.673469387755105,FALSE
KXCPICOREYOY-26JAN,2026-02-06,2026-02-13,2.4,92,870,92,54.08163265306123,FALSE
KXCPICOREYOY-26JAN,2026-02-07,2026-02-13,2.4,92,0,92,20.408163265306122,FALSE
KXCPICOREYOY-26JAN,2026-02-08,2026-02-13,2.4,97,16,97,37.755102040816325,FALSE
KXCPICOREYOY-26JAN,2026-02-09,2026-02-13,2.4,65,93,76,23.46938775510204,FALSE
KXCPICOREYOY-26JAN,2026-02-10,2026-02-13,2.4,86,64,86,19.387755102040817,FALSE
KXCPICOREYOY-26JAN,2026-02-11,2026-02-13,2.4,74,323,74,12.244897959183673,FALSE
KXCPICOREYOY-26JAN,2026-02-12,2026-02-13,2.4,85,559,85,25.510204081632654,FALSE
KXCPICOREYOY-26JAN,2026-02-13,2026-02-13,2.4,85,496,85,0,FALSE
KXCPICOREYOY-26JUL,2026-07-10,2026-08-05,2.4,0,0,82,0,FALSE
KXCPICOREYOY-26JUL,2026-07-11,2026-08-05,2.4,0,0,82,0,FALSE
KXCPICOREYOY-26JUL,2026-07-12,2026-08-05,2.4,0,0,82,0,FALSE
KXCPICOREYOY-26JUL,2026-07-16,2026-08-05,2.4,82,46,82,36.734693877551024,FALSE
KXCPICOREYOY-26JUL,2026-07-17,2026-08-05,2.4,79,33.79,79,46.93877551020408,FALSE
KXCPICOREYOY-26JUL,2026-07-18,2026-08-05,2.4,79,0,79,46.93877551020408,FALSE
KXCPICOREYOY-26JUL,2026-07-19,2026-08-05,2.4,75,3,75,15.306122448979592,FALSE
KXCPICOREYOY-26JUL,2026-07-20,2026-08-05,2.4,52,587.4,52,29.591836734693878,FALSE
KXCPICOREYOY-26JUL,2026-07-21,2026-08-05,2.4,50,1103.45,50,32.6530612244898,FALSE
KXCPICOREYOY-26JUL,2026-07-22,2026-08-05,2.4,53,1453.59,53,29.591836734693878,FALSE
KXCPICOREYOY-26JUL,2026-07-23,2026-08-05,2.4,41,45.22,41,9.183673469387756,FALSE
KXCPICOREYOY-26JUL,2026-07-24,2026-08-05,2.4,55.00000000000001,764.52,55.00000000000001,50.00000000000001,FALSE
KXCPICOREYOY-26JUL,2026-07-25,2026-08-05,2.4,46,74.06,46,40.816326530612244,FALSE
KXCPICOREYOY-26JUL,2026-07-26,2026-08-05,2.4,46,4,46,40.816326530612244,FALSE
KXCPICOREYOY-26JUL,2026-07-27,2026-08-05,2.4,47,10.25,47,41.83673469387755,FALSE
KXCPICOREYOY-26JUL,2026-07-28,2026-08-05,2.4,45,306.8,45,39.795918367346935,FALSE
KXCPICOREYOY-26JUL,2026-07-29,2026-08-05,2.4,44,17,44,38.775510204081634,FALSE
KXCPICOREYOY-26JUL,2026-07-30,2026-08-05,2.4,43,36,43,37.755102040816325,FALSE
KXCPICOREYOY-26JUL,2026-07-31,2026-08-05,2.4,52,62.11,52,29.591836734693878,FALSE
KXCPICOREYOY-26JUL,2026-08-01,2026-08-05,2.4,52,7.81,52,31.632653061224488,FALSE
KXCPICOREYOY-26JUL,2026-08-02,2026-08-05,2.4,64,30,64,45.91836734693877,FALSE
KXCPICOREYOY-26JUL,2026-08-03,2026-08-05,2.4,68,207.06,68,39.795918367346935,FALSE
KXCPICOREYOY-26JUL,2026-08-04,2026-08-05,2.4,52,123.94,52,26.53061224489796,FALSE
KXCPICOREYOY-26JUL,2026-08-05,2026-08-05,2.4,50,1,50,24.489795918367346,FALSE
KXCPICOREYOY-26JUN,2026-06-25,2026-07-14,2.4,0,0,4,2.0408163265306123,FALSE
KXCPICOREYOY-26JUN,2026-06-26,2026-07-14,2.4,0,0,4,2.0408163265306123,FALSE
KXCPICOREYOY-26JUN,2026-06-27,2026-07-14,2.4,0,0,7.000000000000001,1.020408163265307,FALSE
KXCPICOREYOY-26JUN,2026-06-28,2026-07-14,2.4,0,0,50,0,FALSE
KXCPICOREYOY-26JUN,2026-07-07,2026-07-14,2.4,99,0,99,0,FALSE
KXCPICOREYOY-26JUN,2026-07-08,2026-07-14,2.4,99,0,99,0,FALSE
KXCPICOREYOY-26JUN,2026-07-09,2026-07-14,2.4,99,0,99,0,FALSE
KXCPICOREYOY-26JUN,2026-07-10,2026-07-14,2.4,99,10,99,0,FALSE
KXCPICOREYOY-26JUN,2026-07-11,2026-07-14,2.4,99,0,99,0,FALSE
KXCPICOREYOY-26JUN,2026-07-12,2026-07-14,2.4,99,0,99,0,FALSE
KXCPICOREYOY-26JUN,2026-07-13,2026-07-14,2.4,99,100,99,0,FALSE
KXCPICOREYOY-26JUN,2026-07-14,2026-07-14,2.4,99,0,99,0,FALSE
KXCPICOREYOY-26MAR,2026-03-11,2026-04-10,2.4,90,123,90,16.3265306122449,FALSE
KXCPICOREYOY-26MAR,2026-03-12,2026-04-10,2.4,90,0,90,17.346938775510203,FALSE
KXCPICOREYOY-26MAR,2026-03-13,2026-04-10,2.4,90,1,90,1.0204081632653061,FALSE
KXCPICOREYOY-26MAR,2026-03-14,2026-04-10,2.4,97,1,97,11.224489795918368,FALSE
KXCPICOREYOY-26MAR,2026-03-15,2026-04-10,2.4,93,210,93,7.142857142857143,FALSE
KXCPICOREYOY-26MAR,2026-03-16,2026-04-10,2.4,92,2,92,6.122448979591836,FALSE
KXCPICOREYOY-26MAR,2026-03-17,2026-04-10,2.4,92,0,92,6.122448979591836,FALSE
KXCPICOREYOY-26MAR,2026-03-18,2026-04-10,2.4,92,0,92,9.183673469387756,FALSE
KXCPICOREYOY-26MAR,2026-03-19,2026-04-10,2.4,92,0,96,0,FALSE
KXCPICOREYOY-26MAR,2026-03-20,2026-04-10,2.4,92,0,92,6.122448979591836,FALSE
KXCPICOREYOY-26MAR,2026-03-21,2026-04-10,2.4,97,11,97,2.0408163265306123,FALSE
KXCPICOREYOY-26MAR,2026-03-22,2026-04-10,2.4,97,0,97,7.142857142857143,FALSE
KXCPICOREYOY-26MAR,2026-03-23,2026-04-10,2.4,94,10,94,4.081632653061225,FALSE
KXCPICOREYOY-26MAR,2026-03-24,2026-04-10,2.4,93,10,93,3.061224489795918,FALSE
KXCPICOREYOY-26MAR,2026-03-25,2026-04-10,2.4,93,0,93,3.061224489795918,FALSE
KXCPICOREYOY-26MAR,2026-03-26,2026-04-10,2.4,89,10,90,4.081632653061225,FALSE
KXCPICOREYOY-26MAR,2026-03-27,2026-04-10,2.4,89,9,89,5.1020408163265305,FALSE
KXCPICOREYOY-26MAR,2026-03-28,2026-04-10,2.4,89,0,89,11.224489795918368,FALSE
KXCPICOREYOY-26MAR,2026-03-29,2026-04-10,2.4,89,0,89,6.122448979591836,FALSE
KXCPICOREYOY-26MAR,2026-03-30,2026-04-10,2.4,89,0,89,8.16326530612245,FALSE
KXCPICOREYOY-26MAR,2026-03-31,2026-04-10,2.4,94,645,94,13.26530612244898,FALSE
KXCPICOREYOY-26MAR,2026-04-01,2026-04-10,2.4,95,79,95,17.346938775510203,FALSE
KXCPICOREYOY-26MAR,2026-04-02,2026-04-10,2.4,96,216,96,10.204081632653061,FALSE
KXCPICOREYOY-26MAR,2026-04-03,2026-04-10,2.4,96,0,96,4.081632653061225,FALSE
KXCPICOREYOY-26MAR,2026-04-04,2026-04-10,2.4,96,0,96,2.0408163265306123,FALSE
KXCPICOREYOY-26MAR,2026-04-05,2026-04-10,2.4,99,2,99,7.142857142857143,FALSE
KXCPICOREYOY-26MAR,2026-04-06,2026-04-10,2.4,96,212,96,2.0408163265306123,FALSE
KXCPICOREYOY-26MAR,2026-04-07,2026-04-10,2.4,96,0,97,2.0408163265306123,FALSE
KXCPICOREYOY-26MAR,2026-04-08,2026-04-10,2.4,96,0,96,12.244897959183673,FALSE
KXCPICOREYOY-26MAR,2026-04-09,2026-04-10,2.4,96,176,96,11.224489795918368,FALSE
KXCPICOREYOY-26MAR,2026-04-10,2026-04-10,2.4,96,31,96,10.204081632653061,FALSE
KXCPICOREYOY-26MAY,2026-06-08,2026-06-10,2.4,98,35,99,0,FALSE
KXCPICOREYOY-26MAY,2026-06-09,2026-06-10,2.4,98,0,99,0,FALSE
KXCPICOREYOY-26MAY,2026-06-10,2026-06-10,2.4,98,0,99,0,FALSE
KXCPICOREYOY-26NOV,2026-07-08,2026-08-05,2.4,1,2000,70,0,FALSE
KXCPICOREYOY-26NOV,2026-07-09,2026-08-05,2.4,1,0,70,0,FALSE
KXCPICOREYOY-26NOV,2026-07-10,2026-08-05,2.4,1,0,70,0,FALSE
KXCPICOREYOY-26NOV,2026-07-11,2026-08-05,2.4,1,0,70,0,FALSE
KXCPICOREYOY-26NOV,2026-07-12,2026-08-05,2.4,1,0,70,0,FALSE
KXCPICOREYOY-26NOV,2026-07-13,2026-08-05,2.4,1,0,70,0,FALSE
KXCPICOREYOY-26NOV,2026-07-14,2026-08-05,2.4,1,0,75,0,FALSE
KXCPICOREYOY-26NOV,2026-07-15,2026-08-05,2.4,1,0,75,0,FALSE
KXCPICOREYOY-26NOV,2026-07-16,2026-08-05,2.4,1,0,75,0,FALSE
KXCPICOREYOY-26NOV,2026-07-17,2026-08-05,2.4,1,0,75,0,FALSE
KXCPICOREYOY-26NOV,2026-07-18,2026-08-05,2.4,1,0,75,0,FALSE
KXCPICOREYOY-26NOV,2026-07-19,2026-08-05,2.4,1,0,75,0,FALSE
KXCPICOREYOY-26NOV,2026-07-20,2026-08-05,2.4,1,0,75,0,FALSE
KXCPICOREYOY-26NOV,2026-07-21,2026-08-05,2.4,1,0,75,0,FALSE
KXCPICOREYOY-26NOV,2026-07-22,2026-08-05,2.4,1,0,75,0,FALSE
KXCPICOREYOY-26NOV,2026-07-23,2026-08-05,2.4,98,2000,98,0,FALSE
KXCPICOREYOY-26NOV,2026-07-24,2026-08-05,2.4,98,0,98,0,FALSE
KXCPICOREYOY-26NOV,2026-07-25,2026-08-05,2.4,98,0,98,0,FALSE
KXCPICOREYOY-26NOV,2026-07-26,2026-08-05,2.4,98,0,98,0,FALSE
KXCPICOREYOY-26NOV,2026-07-27,2026-08-05,2.4,98,0,98,0,FALSE
KXCPICOREYOY-26NOV,2026-07-28,2026-08-05,2.4,98,0,98,0,FALSE
KXCPICOREYOY-26NOV,2026-07-29,2026-08-05,2.4,65,2.01,79,0,FALSE
KXCPICOREYOY-26NOV,2026-07-30,2026-08-05,2.4,98,1,98,0,FALSE
KXCPICOREYOY-26NOV,2026-07-31,2026-08-05,2.4,98,0,98,0,FALSE
KXCPICOREYOY-26NOV,2026-08-01,2026-08-05,2.4,64,0.02,81,1.0204081632653061,FALSE
KXCPICOREYOY-26NOV,2026-08-02,2026-08-05,2.4,64,0,81,1.0204081632653061,FALSE
KXCPICOREYOY-26NOV,2026-08-03,2026-08-05,2.4,64,0,81,1.0204081632653061,FALSE
KXCPICOREYOY-26NOV,2026-08-04,2026-08-05,2.4,64,0,81,1.0204081632653061,FALSE
KXCPICOREYOY-26NOV,2026-08-05,2026-08-05,2.4,64,0,81,1.0204081632653061,FALSE
KXCPICOREYOY-26SEP,2026-07-08,2026-08-05,2.4,0,0,1,0,FALSE
KXCPICOREYOY-26SEP,2026-07-09,2026-08-05,2.4,0,0,35,0,FALSE
KXCPICOREYOY-26SEP,2026-07-10,2026-08-05,2.4,0,0,35,0,FALSE
KXCPICOREYOY-26SEP,2026-07-11,2026-08-05,2.4,0,0,35,0,FALSE
KXCPICOREYOY-26SEP,2026-07-12,2026-08-05,2.4,0,0,35,0,FALSE
KXCPICOREYOY-26SEP,2026-07-13,2026-08-05,2.4,99,11,99,65.3061224489796,FALSE
KXCPICOREYOY-26SEP,2026-07-14,2026-08-05,2.4,99,0,99,63.265306122448976,FALSE
KXCPICOREYOY-26SEP,2026-07-15,2026-08-05,2.4,99,0,99,63.265306122448976,FALSE
KXCPICOREYOY-26SEP,2026-07-16,2026-08-05,2.4,99,0,99,63.265306122448976,FALSE
KXCPICOREYOY-26SEP,2026-07-17,2026-08-05,2.4,99,0,99,63.265306122448976,FALSE
KXCPICOREYOY-26SEP,2026-07-18,2026-08-05,2.4,99,0,99,63.265306122448976,FALSE
KXCPICOREYOY-26SEP,2026-07-19,2026-08-05,2.4,99,0,99,63.265306122448976,FALSE
KXCPICOREYOY-26SEP,2026-07-20,2026-08-05,2.4,99,0,99,63.265306122448976,FALSE
KXCPICOREYOY-26SEP,2026-07-21,2026-08-05,2.4,99,0,99,63.265306122448976,FALSE
KXCPICOREYOY-26SEP,2026-07-22,2026-08-05,2.4,99,0,99,63.265306122448976,FALSE
KXCPICOREYOY-26SEP,2026-07-23,2026-08-05,2.4,99,0,99,63.265306122448976,FALSE
KXCPICOREYOY-26SEP,2026-07-24,2026-08-05,2.4,99,0,99,63.265306122448976,FALSE
KXCPICOREYOY-26SEP,2026-07-25,2026-08-05,2.4,99,0,99,63.265306122448976,FALSE
KXCPICOREYOY-26SEP,2026-07-26,2026-08-05,2.4,99,0,99,63.265306122448976,FALSE
KXCPICOREYOY-26SEP,2026-07-27,2026-08-05,2.4,99,0,99,63.265306122448976,FALSE
KXCPICOREYOY-26SEP,2026-07-28,2026-08-05,2.4,99,0,99,59.183673469387756,FALSE
KXCPICOREYOY-26SEP,2026-07-29,2026-08-05,2.4,99,0,99,58.16326530612245,FALSE
KXCPICOREYOY-26SEP,2026-07-30,2026-08-05,2.4,99,0,99,58.16326530612245,FALSE
KXCPICOREYOY-26SEP,2026-07-31,2026-08-05,2.4,99,0,99,58.16326530612245,FALSE
KXCPICOREYOY-26SEP,2026-08-01,2026-08-05,2.4,99,0,99,58.16326530612245,FALSE
KXCPICOREYOY-26SEP,2026-08-02,2026-08-05,2.4,99,0,99,58.16326530612245,FALSE
KXCPICOREYOY-26SEP,2026-08-03,2026-08-05,2.4,99,0,99,58.16326530612245,FALSE
KXCPICOREYOY-26SEP,2026-08-04,2026-08-05,2.4,99,0,99,58.16326530612245,FALSE
KXCPICOREYOY-26SEP,2026-08-05,2026-08-05,2.4,99,0,99,63.265306122448976,FALSE
KXCPICOREYOY-26FEB,2026-02-17,2026-03-11,2.4000000000000004,61,131,61,31.632653061224488,FALSE
KXCPICOREYOY-26FEB,2026-02-18,2026-03-11,2.4000000000000004,61,554,61,31.632653061224488,FALSE
KXCPICOREYOY-26FEB,2026-02-19,2026-03-11,2.4000000000000004,82,363,82,34.69387755102041,FALSE
KXCPICOREYOY-26FEB,2026-02-20,2026-03-11,2.4000000000000004,65,247,65,41.83673469387755,FALSE
KXCPICOREYOY-26FEB,2026-02-21,2026-03-11,2.4000000000000004,66,54,66,43.87755102040816,FALSE
KXCPICOREYOY-26FEB,2026-02-22,2026-03-11,2.4000000000000004,66,5,66,42.857142857142854,FALSE
KXCPICOREYOY-26FEB,2026-02-23,2026-03-11,2.4000000000000004,66,0,66,43.87755102040816,FALSE
KXCPICOREYOY-26FEB,2026-02-24,2026-03-11,2.4000000000000004,66,0,66,50,FALSE
KXCPICOREYOY-26FEB,2026-02-25,2026-03-11,2.4000000000000004,67,500,67,46.93877551020408,FALSE
KXCPICOREYOY-26FEB,2026-02-26,2026-03-11,2.4000000000000004,68,705,68,38.775510204081634,FALSE
KXCPICOREYOY-26FEB,2026-02-27,2026-03-11,2.4000000000000004,67,678,67,33.673469387755105,FALSE
KXCPICOREYOY-26FEB,2026-02-28,2026-03-11,2.4000000000000004,70,338,70,38.775510204081634,FALSE
KXCPICOREYOY-26FEB,2026-03-01,2026-03-11,2.4000000000000004,65,527,65,32.6530612244898,FALSE
KXCPICOREYOY-26FEB,2026-03-02,2026-03-11,2.4000000000000004,64,927,64,30.612244897959183,FALSE
KXCPICOREYOY-26FEB,2026-03-03,2026-03-11,2.4000000000000004,68,146,68,32.6530612244898,FALSE
KXCPICOREYOY-26FEB,2026-03-04,2026-03-11,2.4000000000000004,68,448,68,28.571428571428573,FALSE
KXCPICOREYOY-26FEB,2026-03-05,2026-03-11,2.4000000000000004,70,123,70,33.673469387755105,FALSE
KXCPICOREYOY-26JUL,2026-07-13,2026-08-05,2.4000000000000004,0,0,82,0,FALSE
KXCPICOREYOY-26JUL,2026-07-14,2026-08-05,2.4000000000000004,0,0,50,19.387755102040817,FALSE
KXCPICOREYOY-26JUL,2026-07-15,2026-08-05,2.4000000000000004,0,0,50,19.387755102040817,FALSE
KXCPICOREYOY-26JUN,2026-06-29,2026-07-14,2.4000000000000004,99,10,99,0,FALSE
KXCPICOREYOY-26JUN,2026-06-30,2026-07-14,2.4000000000000004,99,0,99,0,FALSE
KXCPICOREYOY-26JUN,2026-07-01,2026-07-14,2.4000000000000004,99,0,99,1.0204081632653061,FALSE
KXCPICOREYOY-26JUN,2026-07-02,2026-07-14,2.4000000000000004,99,0,99,1.0204081632653061,FALSE
KXCPICOREYOY-26JUN,2026-07-03,2026-07-14,2.4000000000000004,99,50,99,1.0204081632653061,FALSE
KXCPICOREYOY-26JUN,2026-07-04,2026-07-14,2.4000000000000004,99,0,99,1.0204081632653061,FALSE
KXCPICOREYOY-26JUN,2026-07-05,2026-07-14,2.4000000000000004,99,0,99,1.0204081632653061,FALSE
KXCPICOREYOY-26JUN,2026-07-06,2026-07-14,2.4000000000000004,99,0,99,1.0204081632653061,FALSE
KXCPICOREYOY-26MAY,2026-05-11,2026-06-10,2.4000000000000004,86,0,86,12.244897959183673,FALSE
KXCPICOREYOY-26MAY,2026-05-12,2026-06-10,2.4000000000000004,86,0,92,6.122448979591836,FALSE
KXCPICOREYOY-26MAY,2026-05-13,2026-06-10,2.4000000000000004,86,0,94,1.0204081632653061,FALSE
KXCPICOREYOY-26MAY,2026-05-14,2026-06-10,2.4000000000000004,97,12,97,1.0204081632653061,FALSE
KXCPICOREYOY-26MAY,2026-05-15,2026-06-10,2.4000000000000004,97,0,97,1.0204081632653061,FALSE
KXCPICOREYOY-26MAY,2026-05-16,2026-06-10,2.4000000000000004,99,2,99,0,FALSE
KXCPICOREYOY-26MAY,2026-05-17,2026-06-10,2.4000000000000004,99,0,99,0,FALSE
KXCPICOREYOY-26MAY,2026-05-18,2026-06-10,2.4000000000000004,99,0,99,0,FALSE
KXCPICOREYOY-26MAY,2026-05-19,2026-06-10,2.4000000000000004,99,0,99,0,FALSE
KXCPICOREYOY-26MAY,2026-05-20,2026-06-10,2.4000000000000004,99,0,99,0,FALSE
KXCPICOREYOY-26MAY,2026-05-21,2026-06-10,2.4000000000000004,99,0,99,0,FALSE
KXCPICOREYOY-26MAY,2026-05-22,2026-06-10,2.4000000000000004,99,0,99,0,FALSE
KXCPICOREYOY-26MAY,2026-05-23,2026-06-10,2.4000000000000004,99,0,99,0,FALSE
KXCPICOREYOY-26MAY,2026-05-24,2026-06-10,2.4000000000000004,99,0,99,0,FALSE
KXCPICOREYOY-26MAY,2026-05-25,2026-06-10,2.4000000000000004,99,0,99,0,FALSE
KXCPICOREYOY-26MAY,2026-05-26,2026-06-10,2.4000000000000004,99,0,99,0,FALSE
KXCPICOREYOY-26MAY,2026-05-27,2026-06-10,2.4000000000000004,99,0,99,0,FALSE
KXCPICOREYOY-26MAY,2026-05-28,2026-06-10,2.4000000000000004,99,0,99,0,FALSE
KXCPICOREYOY-26MAY,2026-05-29,2026-06-10,2.4000000000000004,98,122.67,99,0,FALSE
KXCPICOREYOY-26MAY,2026-05-30,2026-06-10,2.4000000000000004,98,0,99,0,FALSE
KXCPICOREYOY-26MAY,2026-05-31,2026-06-10,2.4000000000000004,98,0,99,0,FALSE
KXCPICOREYOY-26MAY,2026-06-01,2026-06-10,2.4000000000000004,98,0,99,0,FALSE
KXCPICOREYOY-26MAY,2026-06-02,2026-06-10,2.4000000000000004,98,0,99,0,FALSE
KXCPICOREYOY-26MAY,2026-06-03,2026-06-10,2.4000000000000004,98,0,99,0,FALSE
KXCPICOREYOY-26MAY,2026-06-04,2026-06-10,2.4000000000000004,98,29,99,0,FALSE
KXCPICOREYOY-26MAY,2026-06-05,2026-06-10,2.4000000000000004,99,29,99,0,FALSE
KXCPICOREYOY-26MAY,2026-06-06,2026-06-10,2.4000000000000004,99,0,99,0,FALSE
KXCPICOREYOY-26MAY,2026-06-07,2026-06-10,2.4000000000000004,99,0,99,0,FALSE
CPICOREYOY-23SEP,2023-09-15,2023-10-12,2.5,95,5884,96,0,FALSE
CPICOREYOY-23SEP,2023-09-16,2023-10-12,2.5,97,1781,97,0,FALSE
CPICOREYOY-23SEP,2023-09-17,2023-10-12,2.5,97,11490,97,0,FALSE
CPICOREYOY-23SEP,2023-09-18,2023-10-12,2.5,95,15323,97,0,FALSE
CPICOREYOY-23SEP,2023-09-19,2023-10-12,2.5,96,7570,97,0,FALSE
CPICOREYOY-23SEP,2023-09-20,2023-10-12,2.5,93,2175,97,0,FALSE
CPICOREYOY-23SEP,2023-09-21,2023-10-12,2.5,96,6244,99,0,FALSE
CPICOREYOY-23SEP,2023-09-22,2023-10-12,2.5,96,808,99,0,FALSE
CPICOREYOY-23SEP,2023-09-23,2023-10-12,2.5,96,0,99,0,FALSE
CPICOREYOY-23SEP,2023-09-24,2023-10-12,2.5,94,250,97,0,FALSE
CPICOREYOY-23SEP,2023-09-25,2023-10-12,2.5,95,3685,97,0,FALSE
CPICOREYOY-23SEP,2023-09-26,2023-10-12,2.5,96,3125,97,0,FALSE
CPICOREYOY-23SEP,2023-09-27,2023-10-12,2.5,96,5655,97,0,FALSE
CPICOREYOY-23SEP,2023-09-28,2023-10-12,2.5,96,777,96,0,FALSE
CPICOREYOY-23SEP,2023-09-29,2023-10-12,2.5,97,2232,97,0,FALSE
CPICOREYOY-23SEP,2023-09-30,2023-10-12,2.5,98,555,98,0,FALSE
CPICOREYOY-23SEP,2023-10-01,2023-10-12,2.5,98,0,98,0,FALSE
CPICOREYOY-23SEP,2023-10-02,2023-10-12,2.5,98,0,98,0,FALSE
CPICOREYOY-23SEP,2023-10-03,2023-10-12,2.5,98,0,98,0,FALSE
CPICOREYOY-23SEP,2023-10-04,2023-10-12,2.5,98,0,98,0,FALSE
CPICOREYOY-23SEP,2023-10-05,2023-10-12,2.5,98,0,98,0,FALSE
CPICOREYOY-23SEP,2023-10-06,2023-10-12,2.5,98,0,98,0,FALSE
CPICOREYOY-23SEP,2023-10-07,2023-10-12,2.5,98,0,98,0,FALSE
CPICOREYOY-23SEP,2023-10-08,2023-10-12,2.5,98,0,98,0,FALSE
CPICOREYOY-23SEP,2023-10-09,2023-10-12,2.5,98,0,98,0,FALSE
CPICOREYOY-23SEP,2023-10-10,2023-10-12,2.5,98,0,98,0,FALSE
CPICOREYOY-23SEP,2023-10-11,2023-10-12,2.5,98,0,98,0,FALSE
CPICOREYOY-23SEP,2023-10-12,2023-10-12,2.5,98,0,99,0,FALSE
CPICOREYOY-24SEP,2024-09-27,2024-10-10,2.5,0,0,99,0,FALSE
CPICOREYOY-24SEP,2024-09-28,2024-10-10,2.5,0,0,99,0,FALSE
CPICOREYOY-24SEP,2024-09-29,2024-10-10,2.5,0,0,99,0,FALSE
CPICOREYOY-24SEP,2024-09-30,2024-10-10,2.5,0,0,99,0,FALSE
CPICOREYOY-24SEP,2024-10-01,2024-10-10,2.5,0,0,99,0,FALSE
CPICOREYOY-24SEP,2024-10-02,2024-10-10,2.5,0,0,99,0,FALSE
CPICOREYOY-24SEP,2024-10-03,2024-10-10,2.5,0,0,99,0,FALSE
CPICOREYOY-24SEP,2024-10-04,2024-10-10,2.5,0,0,99,0,FALSE
CPICOREYOY-24SEP,2024-10-05,2024-10-10,2.5,0,0,99,0,FALSE
CPICOREYOY-24SEP,2024-10-06,2024-10-10,2.5,0,0,99,0,FALSE
CPICOREYOY-24SEP,2024-10-07,2024-10-10,2.5,0,0,99,0,FALSE
CPICOREYOY-24SEP,2024-10-08,2024-10-10,2.5,0,0,99,0,FALSE
CPICOREYOY-24SEP,2024-10-09,2024-10-10,2.5,0,0,99,0,FALSE
CPICOREYOY-24SEP,2024-10-10,2024-10-10,2.5,0,0,99,0,FALSE
KXCPICOREYOY-24NOV,2024-11-11,2024-12-11,2.5,0,0,99,0,FALSE
KXCPICOREYOY-24NOV,2024-11-12,2024-12-11,2.5,0,0,99,0,FALSE
KXCPICOREYOY-24NOV,2024-11-13,2024-12-11,2.5,0,0,99,0,FALSE
KXCPICOREYOY-24NOV,2024-11-14,2024-12-11,2.5,0,0,99,0,FALSE
KXCPICOREYOY-24NOV,2024-11-15,2024-12-11,2.5,0,0,99,0,FALSE
KXCPICOREYOY-24NOV,2024-11-16,2024-12-11,2.5,0,0,99,0,FALSE
KXCPICOREYOY-24NOV,2024-11-17,2024-12-11,2.5,0,0,99,0,FALSE
KXCPICOREYOY-24NOV,2024-11-18,2024-12-11,2.5,0,0,99,0,FALSE
KXCPICOREYOY-24NOV,2024-11-19,2024-12-11,2.5,0,0,99,0,FALSE
KXCPICOREYOY-24NOV,2024-11-20,2024-12-11,2.5,0,0,99,0,FALSE
KXCPICOREYOY-24NOV,2024-11-21,2024-12-11,2.5,0,0,99,0,FALSE
KXCPICOREYOY-24NOV,2024-11-22,2024-12-11,2.5,0,0,99,0,FALSE
KXCPICOREYOY-24NOV,2024-11-23,2024-12-11,2.5,0,0,99,0,FALSE
KXCPICOREYOY-24NOV,2024-11-24,2024-12-11,2.5,0,0,99,0,FALSE
KXCPICOREYOY-24NOV,2024-11-25,2024-12-11,2.5,0,0,99,0,FALSE
KXCPICOREYOY-24NOV,2024-11-26,2024-12-11,2.5,0,0,99,0,FALSE
KXCPICOREYOY-24NOV,2024-11-27,2024-12-11,2.5,0,0,99,0,FALSE
KXCPICOREYOY-24NOV,2024-11-28,2024-12-11,2.5,0,0,99,0,FALSE
KXCPICOREYOY-24NOV,2024-11-29,2024-12-11,2.5,0,0,99,0,FALSE
KXCPICOREYOY-24NOV,2024-11-30,2024-12-11,2.5,0,0,99,0,FALSE
KXCPICOREYOY-24NOV,2024-12-01,2024-12-11,2.5,0,0,99,0,FALSE
KXCPICOREYOY-24NOV,2024-12-02,2024-12-11,2.5,0,0,99,0,FALSE
KXCPICOREYOY-24NOV,2024-12-03,2024-12-11,2.5,0,0,99,0,FALSE
KXCPICOREYOY-24NOV,2024-12-04,2024-12-11,2.5,0,0,99,0,FALSE
KXCPICOREYOY-24NOV,2024-12-05,2024-12-11,2.5,0,0,99,0,FALSE
KXCPICOREYOY-24NOV,2024-12-06,2024-12-11,2.5,0,0,99,0,FALSE
KXCPICOREYOY-24NOV,2024-12-07,2024-12-11,2.5,0,0,99,0,FALSE
KXCPICOREYOY-24NOV,2024-12-08,2024-12-11,2.5,0,0,99,0,FALSE
KXCPICOREYOY-24NOV,2024-12-09,2024-12-11,2.5,0,0,99,0,FALSE
KXCPICOREYOY-24NOV,2024-12-10,2024-12-11,2.5,0,0,99,0,FALSE
KXCPICOREYOY-24NOV,2024-12-11,2024-12-11,2.5,0,0,99,0,FALSE
KXCPICOREYOY-25APR,2025-04-13,2025-05-13,2.5,0,0,78,21.428571428571427,FALSE
KXCPICOREYOY-25APR,2025-04-14,2025-05-13,2.5,0,0,81,18.367346938775512,FALSE
KXCPICOREYOY-25APR,2025-04-15,2025-05-13,2.5,0,0,81,18.367346938775512,FALSE
KXCPICOREYOY-25APR,2025-04-16,2025-05-13,2.5,0,0,85,14.285714285714286,FALSE
KXCPICOREYOY-25APR,2025-04-17,2025-05-13,2.5,0,0,85,14.285714285714286,FALSE
KXCPICOREYOY-25APR,2025-04-18,2025-05-13,2.5,0,0,93,6.122448979591836,FALSE
KXCPICOREYOY-25APR,2025-04-19,2025-05-13,2.5,0,0,93,6.122448979591836,FALSE
KXCPICOREYOY-25APR,2025-04-20,2025-05-13,2.5,0,0,79,20.408163265306122,FALSE
KXCPICOREYOY-25APR,2025-04-21,2025-05-13,2.5,0,0,77,22.448979591836736,FALSE
KXCPICOREYOY-25APR,2025-04-22,2025-05-13,2.5,0,0,77,22.448979591836736,FALSE
KXCPICOREYOY-25APR,2025-04-23,2025-05-13,2.5,0,0,85,14.285714285714286,FALSE
KXCPICOREYOY-25APR,2025-04-24,2025-05-13,2.5,0,0,85,14.285714285714286,FALSE
KXCPICOREYOY-25APR,2025-04-25,2025-05-13,2.5,0,0,85,14.285714285714286,FALSE
KXCPICOREYOY-25APR,2025-04-26,2025-05-13,2.5,0,0,85,14.285714285714286,FALSE
KXCPICOREYOY-25APR,2025-04-27,2025-05-13,2.5,0,0,85,14.285714285714286,FALSE
KXCPICOREYOY-25APR,2025-04-28,2025-05-13,2.5,0,0,85,14.285714285714286,FALSE
KXCPICOREYOY-25APR,2025-04-29,2025-05-13,2.5,0,0,85,14.285714285714286,FALSE
KXCPICOREYOY-25APR,2025-04-30,2025-05-13,2.5,0,0,88,11.224489795918368,FALSE
KXCPICOREYOY-25APR,2025-05-01,2025-05-13,2.5,0,0,88,11.224489795918368,FALSE
KXCPICOREYOY-25APR,2025-05-02,2025-05-13,2.5,0,0,88,11.224489795918368,FALSE
KXCPICOREYOY-25APR,2025-05-03,2025-05-13,2.5,0,0,88,11.224489795918368,FALSE
KXCPICOREYOY-25APR,2025-05-04,2025-05-13,2.5,0,0,88,11.224489795918368,FALSE
KXCPICOREYOY-25APR,2025-05-05,2025-05-13,2.5,0,0,85,14.285714285714286,FALSE
KXCPICOREYOY-25APR,2025-05-06,2025-05-13,2.5,0,0,85,14.285714285714286,FALSE
KXCPICOREYOY-25APR,2025-05-07,2025-05-13,2.5,0,0,83,16.3265306122449,FALSE
KXCPICOREYOY-25APR,2025-05-08,2025-05-13,2.5,0,0,83,16.3265306122449,FALSE
KXCPICOREYOY-25APR,2025-05-09,2025-05-13,2.5,0,0,83,16.3265306122449,FALSE
KXCPICOREYOY-25APR,2025-05-10,2025-05-13,2.5,0,0,87,12.244897959183673,FALSE
KXCPICOREYOY-25APR,2025-05-11,2025-05-13,2.5,0,0,87,12.244897959183673,FALSE
KXCPICOREYOY-25APR,2025-05-12,2025-05-13,2.5,0,0,87,12.244897959183673,FALSE
KXCPICOREYOY-25APR,2025-05-13,2025-05-13,2.5,0,0,87,12.244897959183673,FALSE
KXCPICOREYOY-25DEC,2025-12-18,2026-01-13,2.5,85,100,85,31.632653061224488,FALSE
KXCPICOREYOY-25DEC,2025-12-19,2026-01-13,2.5,88,28,88,27.551020408163264,FALSE
KXCPICOREYOY-25DEC,2025-12-20,2026-01-13,2.5,88,0,88,23.46938775510204,FALSE
KXCPICOREYOY-25DEC,2025-12-21,2026-01-13,2.5,88,0,88,16.3265306122449,FALSE
KXCPICOREYOY-25DEC,2025-12-22,2026-01-13,2.5,84,20110,84,28.571428571428562,FALSE
KXCPICOREYOY-25DEC,2025-12-23,2026-01-13,2.5,82,2634,82,24.489795918367356,FALSE
KXCPICOREYOY-25DEC,2025-12-24,2026-01-13,2.5,87,354,87,26.53061224489796,FALSE
KXCPICOREYOY-25DEC,2025-12-25,2026-01-13,2.5,87,0,87,27.551020408163264,FALSE
KXCPICOREYOY-25DEC,2025-12-26,2026-01-13,2.5,77,849,77,19.387755102040824,FALSE
KXCPICOREYOY-25DEC,2025-12-27,2026-01-13,2.5,77,0,77,22.448979591836725,FALSE
KXCPICOREYOY-25DEC,2025-12-28,2026-01-13,2.5,83,100,83,23.46938775510204,FALSE
KXCPICOREYOY-25DEC,2025-12-29,2026-01-13,2.5,77,5237,77,20.40816326530613,FALSE
KXCPICOREYOY-25DEC,2025-12-30,2026-01-13,2.5,77,5250,77,19.387755102040824,FALSE
KXCPICOREYOY-25DEC,2025-12-31,2026-01-13,2.5,92,7360,92,26.53061224489796,FALSE
KXCPICOREYOY-25DEC,2026-01-01,2026-01-13,2.5,87,15,87,21.428571428571427,FALSE
KXCPICOREYOY-25DEC,2026-01-02,2026-01-13,2.5,84,65,84,15.306122448979592,FALSE
KXCPICOREYOY-25DEC,2026-01-03,2026-01-13,2.5,83,9,83,12.244897959183673,FALSE
KXCPICOREYOY-25DEC,2026-01-04,2026-01-13,2.5,84,10,84,20.408163265306122,FALSE
KXCPICOREYOY-25DEC,2026-01-05,2026-01-13,2.5,92,6901,92,14.285714285714286,FALSE
KXCPICOREYOY-25DEC,2026-01-06,2026-01-13,2.5,93,5014,93,21.428571428571427,FALSE
KXCPICOREYOY-25DEC,2026-01-07,2026-01-13,2.5,93,4995,93,17.346938775510203,FALSE
KXCPICOREYOY-25DEC,2026-01-08,2026-01-13,2.5,93,0,93,26.53061224489796,FALSE
KXCPICOREYOY-25DEC,2026-01-09,2026-01-13,2.5,94,50,94,30.612244897959183,FALSE
KXCPICOREYOY-25DEC,2026-01-10,2026-01-13,2.5,96,12,96,27.551020408163264,FALSE
KXCPICOREYOY-25DEC,2026-01-11,2026-01-13,2.5,95,76,95,31.632653061224488,FALSE
KXCPICOREYOY-25DEC,2026-01-12,2026-01-13,2.5,92,5764,92,24.489795918367346,FALSE
KXCPICOREYOY-25DEC,2026-01-13,2026-01-13,2.5,95,2793,95,16.3265306122449,FALSE
KXCPICOREYOY-25JUN,2025-06-24,2025-07-15,2.5,0,0,90,0,FALSE
KXCPICOREYOY-25JUN,2025-06-25,2025-07-15,2.5,0,0,90,0,FALSE
KXCPICOREYOY-25JUN,2025-06-26,2025-07-15,2.5,0,0,90,0,FALSE
KXCPICOREYOY-25JUN,2025-06-27,2025-07-15,2.5,0,0,90,0,FALSE
KXCPICOREYOY-25JUN,2025-06-28,2025-07-15,2.5,0,0,90,0,FALSE
KXCPICOREYOY-25JUN,2025-06-29,2025-07-15,2.5,0,0,90,0,FALSE
KXCPICOREYOY-25JUN,2025-06-30,2025-07-15,2.5,0,0,90,0,FALSE
KXCPICOREYOY-25JUN,2025-07-01,2025-07-15,2.5,0,0,90,0,FALSE
KXCPICOREYOY-25JUN,2025-07-02,2025-07-15,2.5,0,0,91,0,FALSE
KXCPICOREYOY-25JUN,2025-07-03,2025-07-15,2.5,0,0,91,0,FALSE
KXCPICOREYOY-25JUN,2025-07-04,2025-07-15,2.5,0,0,91,0,FALSE
KXCPICOREYOY-25JUN,2025-07-05,2025-07-15,2.5,0,0,92,7.142857142857143,FALSE
KXCPICOREYOY-25JUN,2025-07-06,2025-07-15,2.5,0,0,92,7.142857142857143,FALSE
KXCPICOREYOY-25JUN,2025-07-07,2025-07-15,2.5,0,0,92,7.142857142857143,FALSE
KXCPICOREYOY-25JUN,2025-07-08,2025-07-15,2.5,0,0,92,7.142857142857143,FALSE
KXCPICOREYOY-25JUN,2025-07-09,2025-07-15,2.5,0,0,92,7.142857142857143,FALSE
KXCPICOREYOY-25JUN,2025-07-10,2025-07-15,2.5,0,0,92,7.142857142857143,FALSE
KXCPICOREYOY-25JUN,2025-07-11,2025-07-15,2.5,0,0,93,0,FALSE
KXCPICOREYOY-25JUN,2025-07-12,2025-07-15,2.5,0,0,92,7.142857142857143,FALSE
KXCPICOREYOY-25JUN,2025-07-13,2025-07-15,2.5,0,0,93,0,FALSE
KXCPICOREYOY-25JUN,2025-07-14,2025-07-15,2.5,0,0,92,0,FALSE
KXCPICOREYOY-25JUN,2025-07-15,2025-07-15,2.5,0,0,93,0,FALSE
KXCPICOREYOY-25MAY,2025-05-13,2025-06-11,2.5,0,0,87,12.244897959183673,FALSE
KXCPICOREYOY-25MAY,2025-05-14,2025-06-11,2.5,0,0,87,12.244897959183673,FALSE
KXCPICOREYOY-25MAY,2025-05-15,2025-06-11,2.5,0,0,87,12.244897959183673,FALSE
KXCPICOREYOY-25MAY,2025-05-16,2025-06-11,2.5,0,0,87,12.244897959183673,FALSE
KXCPICOREYOY-25MAY,2025-05-17,2025-06-11,2.5,0,0,87,12.244897959183673,FALSE
KXCPICOREYOY-25MAY,2025-05-18,2025-06-11,2.5,0,0,87,12.244897959183673,FALSE
KXCPICOREYOY-25MAY,2025-05-19,2025-06-11,2.5,0,0,87,12.244897959183673,FALSE
KXCPICOREYOY-25MAY,2025-05-20,2025-06-11,2.5,0,0,87,12.244897959183673,FALSE
KXCPICOREYOY-25MAY,2025-05-21,2025-06-11,2.5,0,0,87,12.244897959183673,FALSE
KXCPICOREYOY-25MAY,2025-05-22,2025-06-11,2.5,0,0,87,12.244897959183673,FALSE
KXCPICOREYOY-25MAY,2025-05-23,2025-06-11,2.5,0,0,87,0,FALSE
KXCPICOREYOY-25MAY,2025-05-24,2025-06-11,2.5,0,0,87,0,FALSE
KXCPICOREYOY-25MAY,2025-05-25,2025-06-11,2.5,0,0,87,0,FALSE
KXCPICOREYOY-25MAY,2025-05-26,2025-06-11,2.5,0,0,89,0,FALSE
KXCPICOREYOY-25MAY,2025-05-27,2025-06-11,2.5,0,0,89,0,FALSE
KXCPICOREYOY-25MAY,2025-05-28,2025-06-11,2.5,0,0,89,0,FALSE
KXCPICOREYOY-25MAY,2025-05-29,2025-06-11,2.5,0,0,89,0,FALSE
KXCPICOREYOY-25MAY,2025-05-30,2025-06-11,2.5,0,0,89,0,FALSE
KXCPICOREYOY-25MAY,2025-05-31,2025-06-11,2.5,0,0,89,0,FALSE
KXCPICOREYOY-25MAY,2025-06-01,2025-06-11,2.5,0,0,89,0,FALSE
KXCPICOREYOY-25MAY,2025-06-02,2025-06-11,2.5,0,0,89,0,FALSE
KXCPICOREYOY-25MAY,2025-06-03,2025-06-11,2.5,0,0,89,0,FALSE
KXCPICOREYOY-25MAY,2025-06-04,2025-06-11,2.5,0,0,89,0,FALSE
KXCPICOREYOY-25MAY,2025-06-05,2025-06-11,2.5,0,0,89,0,FALSE
KXCPICOREYOY-25MAY,2025-06-06,2025-06-11,2.5,0,0,89,0,FALSE
KXCPICOREYOY-25MAY,2025-06-07,2025-06-11,2.5,0,0,89,0,FALSE
KXCPICOREYOY-25MAY,2025-06-08,2025-06-11,2.5,0,0,94,5.1020408163265305,FALSE
KXCPICOREYOY-25MAY,2025-06-09,2025-06-11,2.5,0,0,94,5.1020408163265305,FALSE
KXCPICOREYOY-25MAY,2025-06-10,2025-06-11,2.5,0,0,99,0,FALSE
KXCPICOREYOY-25MAY,2025-06-11,2025-06-11,2.5,0,0,99,0,FALSE
KXCPICOREYOY-26APR,2026-04-12,2026-05-12,2.5,75,3020,75,15.306122448979592,FALSE
KXCPICOREYOY-26APR,2026-04-13,2026-05-12,2.5,72,105.27,72,15.306122448979599,FALSE
KXCPICOREYOY-26APR,2026-04-14,2026-05-12,2.5,76,130,76,19.387755102040824,FALSE
KXCPICOREYOY-26APR,2026-04-15,2026-05-12,2.5,74,1,74,13.26530612244898,FALSE
KXCPICOREYOY-26APR,2026-04-16,2026-05-12,2.5,74,0,74,15.306122448979592,FALSE
KXCPICOREYOY-26APR,2026-04-17,2026-05-12,2.5,74,0,74,17.34693877551021,FALSE
KXCPICOREYOY-26APR,2026-04-18,2026-05-12,2.5,72,28,72,13.26530612244898,FALSE
KXCPICOREYOY-26APR,2026-04-19,2026-05-12,2.5,72,39.269999999999996,72,15.306122448979599,FALSE
KXCPICOREYOY-26APR,2026-04-20,2026-05-12,2.5,79,542,79,22.448979591836743,FALSE
KXCPICOREYOY-26APR,2026-04-21,2026-05-12,2.5,79,79,79,22.448979591836743,FALSE
KXCPICOREYOY-26APR,2026-04-22,2026-05-12,2.5,79,0,79,22.448979591836743,FALSE
KXCPICOREYOY-26APR,2026-04-23,2026-05-12,2.5,79,0,79,22.448979591836743,FALSE
KXCPICOREYOY-26APR,2026-04-24,2026-05-12,2.5,82,484,82,24.489795918367356,FALSE
KXCPICOREYOY-26APR,2026-04-25,2026-05-12,2.5,82,0,82,25.51020408163266,FALSE
KXCPICOREYOY-26APR,2026-04-26,2026-05-12,2.5,82,0,82,25.51020408163266,FALSE
KXCPICOREYOY-26APR,2026-04-27,2026-05-12,2.5,89,835,89,23.46938775510204,FALSE
KXCPICOREYOY-26APR,2026-04-28,2026-05-12,2.5,88,25,88,21.428571428571427,FALSE
KXCPICOREYOY-26APR,2026-04-29,2026-05-12,2.5,88,0,88,21.428571428571427,FALSE
KXCPICOREYOY-26APR,2026-04-30,2026-05-12,2.5,88,0,88,15.306122448979592,FALSE
KXCPICOREYOY-26APR,2026-05-01,2026-05-12,2.5,89,547,89,23.46938775510204,FALSE
KXCPICOREYOY-26APR,2026-05-02,2026-05-12,2.5,91,1501,91,26.53061224489796,FALSE
KXCPICOREYOY-26APR,2026-05-03,2026-05-12,2.5,93,20,93,20.408163265306122,FALSE
KXCPICOREYOY-26APR,2026-05-04,2026-05-12,2.5,93,0,93,19.387755102040817,FALSE
KXCPICOREYOY-26APR,2026-05-05,2026-05-12,2.5,94,10,94,17.346938775510203,FALSE
KXCPICOREYOY-26APR,2026-05-06,2026-05-12,2.5,95,3,95,16.3265306122449,FALSE
KXCPICOREYOY-26APR,2026-05-07,2026-05-12,2.5,96,610,96,9.183673469387756,FALSE
KXCPICOREYOY-26APR,2026-05-08,2026-05-12,2.5,97,585,97,15.306122448979592,FALSE
KXCPICOREYOY-26APR,2026-05-09,2026-05-12,2.5,97,1,97,14.285714285714286,FALSE
KXCPICOREYOY-26APR,2026-05-10,2026-05-12,2.5,97,0,97,14.285714285714286,FALSE
KXCPICOREYOY-26APR,2026-05-11,2026-05-12,2.5,98,1107,98,18.367346938775512,FALSE
KXCPICOREYOY-26APR,2026-05-12,2026-05-12,2.5,99,100,99,12.244897959183673,FALSE
KXCPICOREYOY-26AUG,2026-07-04,2026-08-03,2.5,0,0,22,18.367346938775512,FALSE
KXCPICOREYOY-26AUG,2026-07-05,2026-08-03,2.5,0,0,22,18.367346938775512,FALSE
KXCPICOREYOY-26AUG,2026-07-06,2026-08-03,2.5,0,0,22,18.367346938775512,FALSE
KXCPICOREYOY-26AUG,2026-07-07,2026-08-03,2.5,0,0,22,18.367346938775512,FALSE
KXCPICOREYOY-26AUG,2026-07-08,2026-08-03,2.5,0,0,5,1.0204081632653061,FALSE
KXCPICOREYOY-26AUG,2026-07-09,2026-08-03,2.5,0,0,5,1.0204081632653061,FALSE
KXCPICOREYOY-26AUG,2026-07-10,2026-08-03,2.5,0,0,5,1.0204081632653061,FALSE
KXCPICOREYOY-26AUG,2026-07-11,2026-08-03,2.5,0,0,5,1.0204081632653061,FALSE
KXCPICOREYOY-26AUG,2026-07-12,2026-08-03,2.5,0,0,5,1.0204081632653061,FALSE
KXCPICOREYOY-26AUG,2026-07-13,2026-08-03,2.5,0,0,5,1.0204081632653061,FALSE
KXCPICOREYOY-26AUG,2026-07-14,2026-08-03,2.5,0,0,5,1.0204081632653061,FALSE
KXCPICOREYOY-26AUG,2026-07-15,2026-08-03,2.5,0,0,5,1.0204081632653061,FALSE
KXCPICOREYOY-26AUG,2026-07-16,2026-08-03,2.5,0,0,14.000000000000002,6.122448979591839,FALSE
KXCPICOREYOY-26AUG,2026-07-17,2026-08-03,2.5,0,0,14.000000000000002,6.122448979591839,FALSE
KXCPICOREYOY-26AUG,2026-07-18,2026-08-03,2.5,0,0,14.000000000000002,6.122448979591839,FALSE
KXCPICOREYOY-26AUG,2026-07-19,2026-08-03,2.5,0,0,60,13.26530612244898,FALSE
KXCPICOREYOY-26AUG,2026-07-20,2026-08-03,2.5,0,0,60,13.26530612244898,FALSE
KXCPICOREYOY-26AUG,2026-07-21,2026-08-03,2.5,0,0,60,13.26530612244898,FALSE
KXCPICOREYOY-26AUG,2026-07-22,2026-08-03,2.5,0,0,60,13.26530612244898,FALSE
KXCPICOREYOY-26AUG,2026-07-23,2026-08-03,2.5,0,0,60,7.142857142857143,FALSE
KXCPICOREYOY-26AUG,2026-07-24,2026-08-03,2.5,0,0,60,7.142857142857143,FALSE
KXCPICOREYOY-26AUG,2026-07-25,2026-08-03,2.5,0,0,60,7.142857142857143,FALSE
KXCPICOREYOY-26AUG,2026-07-26,2026-08-03,2.5,0,0,60,7.142857142857143,FALSE
KXCPICOREYOY-26AUG,2026-07-27,2026-08-03,2.5,0,0,60,7.142857142857143,FALSE
KXCPICOREYOY-26AUG,2026-07-28,2026-08-03,2.5,0,0,43,6.122448979591836,FALSE
KXCPICOREYOY-26AUG,2026-07-29,2026-08-03,2.5,0,0,54,26.53061224489796,FALSE
KXCPICOREYOY-26AUG,2026-07-30,2026-08-03,2.5,0,0,10,2.0408163265306123,FALSE
KXCPICOREYOY-26AUG,2026-07-31,2026-08-03,2.5,0,0,10,2.0408163265306123,FALSE
KXCPICOREYOY-26AUG,2026-08-01,2026-08-03,2.5,0,0,10,2.0408163265306123,FALSE
KXCPICOREYOY-26AUG,2026-08-02,2026-08-03,2.5,0,0,10,2.0408163265306123,FALSE
KXCPICOREYOY-26AUG,2026-08-03,2026-08-03,2.5,0,0,10,2.0408163265306123,FALSE
KXCPICOREYOY-26FEB,2026-02-09,2026-03-11,2.5,68,29,68,7.142857142857143,FALSE
KXCPICOREYOY-26FEB,2026-02-10,2026-03-11,2.5,68,0,68,7.142857142857143,FALSE
KXCPICOREYOY-26FEB,2026-02-11,2026-03-11,2.5,68,0,68,5.1020408163265305,FALSE
KXCPICOREYOY-26FEB,2026-02-12,2026-03-11,2.5,68,0,68,5.1020408163265305,FALSE
KXCPICOREYOY-26FEB,2026-02-13,2026-03-11,2.5,32,494,32,22.448979591836736,FALSE
KXCPICOREYOY-26FEB,2026-02-14,2026-03-11,2.5,30,113,30,18.367346938775512,FALSE
KXCPICOREYOY-26FEB,2026-02-15,2026-03-11,2.5,32,629,32,20.408163265306122,FALSE
KXCPICOREYOY-26FEB,2026-02-16,2026-03-11,2.5,30,332,30,18.367346938775512,FALSE
KXCPICOREYOY-26FEB,2026-02-17,2026-03-11,2.5,30,730,30,19.387755102040817,FALSE
KXCPICOREYOY-26FEB,2026-02-18,2026-03-11,2.5,30,0,30,19.387755102040817,FALSE
KXCPICOREYOY-26FEB,2026-02-19,2026-03-11,2.5,48,3065,48,32.6530612244898,FALSE
KXCPICOREYOY-26FEB,2026-02-20,2026-03-11,2.5,24,904,24,23.46938775510204,FALSE
KXCPICOREYOY-26FEB,2026-02-21,2026-03-11,2.5,23,111,23,18.367346938775512,FALSE
KXCPICOREYOY-26FEB,2026-02-22,2026-03-11,2.5,24,15,24,19.387755102040817,FALSE
KXCPICOREYOY-26FEB,2026-02-23,2026-03-11,2.5,23,104,23,13.26530612244898,FALSE
KXCPICOREYOY-26FEB,2026-02-24,2026-03-11,2.5,17,625,17,7.142857142857143,FALSE
KXCPICOREYOY-26FEB,2026-02-25,2026-03-11,2.5,21,41,21,11.224489795918368,FALSE
KXCPICOREYOY-26FEB,2026-02-26,2026-03-11,2.5,30,1850,30,24.489795918367346,FALSE
KXCPICOREYOY-26FEB,2026-02-27,2026-03-11,2.5,34,193,34,22.448979591836736,FALSE
KXCPICOREYOY-26FEB,2026-02-28,2026-03-11,2.5,32,30,32,14.285714285714286,FALSE
KXCPICOREYOY-26FEB,2026-03-01,2026-03-11,2.5,33,13,33,21.428571428571427,FALSE
KXCPICOREYOY-26FEB,2026-03-02,2026-03-11,2.5,34,191,34,20.408163265306122,FALSE
KXCPICOREYOY-26FEB,2026-03-03,2026-03-11,2.5,36,718,36,22.448979591836736,FALSE
KXCPICOREYOY-26FEB,2026-03-04,2026-03-11,2.5,40,90,40,28.571428571428573,FALSE
KXCPICOREYOY-26FEB,2026-03-05,2026-03-11,2.5,37,496,37,21.428571428571427,FALSE
KXCPICOREYOY-26FEB,2026-03-06,2026-03-11,2.5,39,443,39,24.489795918367346,FALSE
KXCPICOREYOY-26FEB,2026-03-07,2026-03-11,2.5,45,117,45,27.551020408163264,FALSE
KXCPICOREYOY-26FEB,2026-03-08,2026-03-11,2.5,39,792,39,29.591836734693878,FALSE
KXCPICOREYOY-26FEB,2026-03-09,2026-03-11,2.5,31,543,31,21.428571428571427,FALSE
KXCPICOREYOY-26FEB,2026-03-10,2026-03-11,2.5,28.000000000000004,1877,28.000000000000004,16.326530612244902,FALSE
KXCPICOREYOY-26FEB,2026-03-11,2026-03-11,2.5,25,1513,25,20.408163265306122,FALSE
KXCPICOREYOY-26JAN,2026-01-15,2026-02-13,2.5,70,69,70,37.755102040816325,FALSE
KXCPICOREYOY-26JAN,2026-01-16,2026-02-13,2.5,70,0,70,37.755102040816325,FALSE
KXCPICOREYOY-26JAN,2026-01-17,2026-02-13,2.5,70,0,70,38.775510204081634,FALSE
KXCPICOREYOY-26JAN,2026-01-18,2026-02-13,2.5,50,131,50,15.306122448979592,FALSE
KXCPICOREYOY-26JAN,2026-01-19,2026-02-13,2.5,77,119,77,41.83673469387755,FALSE
KXCPICOREYOY-26JAN,2026-01-20,2026-02-13,2.5,77,128,77,26.53061224489796,FALSE
KXCPICOREYOY-26JAN,2026-01-21,2026-02-13,2.5,77,0,77,26.53061224489796,FALSE
KXCPICOREYOY-26JAN,2026-01-22,2026-02-13,2.5,77,0,77,26.53061224489796,FALSE
KXCPICOREYOY-26JAN,2026-01-23,2026-02-13,2.5,62,10,62,11.224489795918368,FALSE
KXCPICOREYOY-26JAN,2026-01-24,2026-02-13,2.5,56.00000000000001,34,56.00000000000001,5.102040816326538,FALSE
KXCPICOREYOY-26JAN,2026-01-25,2026-02-13,2.5,47,200,47,8.16326530612245,FALSE
KXCPICOREYOY-26JAN,2026-01-26,2026-02-13,2.5,55.00000000000001,138,55.00000000000001,16.326530612244905,FALSE
KXCPICOREYOY-26JAN,2026-01-27,2026-02-13,2.5,34,458,39,6.122448979591836,FALSE
KXCPICOREYOY-26JAN,2026-01-28,2026-02-13,2.5,52,679,52,13.26530612244898,FALSE
KXCPICOREYOY-26JAN,2026-01-29,2026-02-13,2.5,49,355,49,10.204081632653061,FALSE
KXCPICOREYOY-26JAN,2026-01-30,2026-02-13,2.5,50,783,50,11.224489795918368,FALSE
KXCPICOREYOY-26JAN,2026-01-31,2026-02-13,2.5,53,65,53,14.285714285714286,FALSE
KXCPICOREYOY-26JAN,2026-02-01,2026-02-13,2.5,43,158,43,4.081632653061225,FALSE
KXCPICOREYOY-26JAN,2026-02-02,2026-02-13,2.5,51,55,51,15.306122448979592,FALSE
KXCPICOREYOY-26JAN,2026-02-03,2026-02-13,2.5,50,498,50,16.3265306122449,FALSE
KXCPICOREYOY-26JAN,2026-02-04,2026-02-13,2.5,25,197,34,10.204081632653061,FALSE
KXCPICOREYOY-26JAN,2026-02-05,2026-02-13,2.5,51,275,51,16.3265306122449,FALSE
KXCPICOREYOY-26JAN,2026-02-06,2026-02-13,2.5,39,47,39,38.775510204081634,FALSE
KXCPICOREYOY-26JAN,2026-02-07,2026-02-13,2.5,72,228,72,39.795918367346935,FALSE
KXCPICOREYOY-26JAN,2026-02-08,2026-02-13,2.5,60,73,60,23.46938775510204,FALSE
KXCPICOREYOY-26JAN,2026-02-09,2026-02-13,2.5,76,625,76,42.857142857142854,FALSE
KXCPICOREYOY-26JAN,2026-02-10,2026-02-13,2.5,67,575,67,42.857142857142854,FALSE
KXCPICOREYOY-26JAN,2026-02-11,2026-02-13,2.5,62,331,62,36.734693877551024,FALSE
KXCPICOREYOY-26JAN,2026-02-12,2026-02-13,2.5,60,602,60,38.775510204081634,FALSE
KXCPICOREYOY-26JAN,2026-02-13,2026-02-13,2.5,65,531,65,0,FALSE
KXCPICOREYOY-26JUL,2026-07-10,2026-08-05,2.5,0,0,82,17.346938775510203,FALSE
KXCPICOREYOY-26JUL,2026-07-11,2026-08-05,2.5,0,0,82,17.346938775510203,FALSE
KXCPICOREYOY-26JUL,2026-07-12,2026-08-05,2.5,0,0,82,17.346938775510203,FALSE
KXCPICOREYOY-26JUL,2026-07-13,2026-08-05,2.5,0,0,82,17.346938775510203,FALSE
KXCPICOREYOY-26JUL,2026-07-14,2026-08-05,2.5,0,0,50,30.612244897959183,FALSE
KXCPICOREYOY-26JUL,2026-07-15,2026-08-05,2.5,1,5,50,30.612244897959183,FALSE
KXCPICOREYOY-26JUL,2026-07-16,2026-08-05,2.5,1,0,46,43.87755102040816,FALSE
KXCPICOREYOY-26JUL,2026-07-17,2026-08-05,2.5,1,0,33,30.612244897959183,FALSE
KXCPICOREYOY-26JUL,2026-07-18,2026-08-05,2.5,1,0,33,30.612244897959183,FALSE
KXCPICOREYOY-26JUL,2026-07-19,2026-08-05,2.5,60,5,60,27.551020408163264,FALSE
KXCPICOREYOY-26JUL,2026-07-20,2026-08-05,2.5,60,0,52,37.755102040816325,FALSE
KXCPICOREYOY-26JUL,2026-07-21,2026-08-05,2.5,60,0,50,39.795918367346935,FALSE
KXCPICOREYOY-26JUL,2026-07-22,2026-08-05,2.5,60,0,53,48.97959183673469,FALSE
KXCPICOREYOY-26JUL,2026-07-23,2026-08-05,2.5,32,14.91,32,14.285714285714286,FALSE
KXCPICOREYOY-26JUL,2026-07-24,2026-08-05,2.5,6,21.71,6,2.0408163265306123,FALSE
KXCPICOREYOY-26JUL,2026-07-25,2026-08-05,2.5,6,257,6,2.0408163265306123,FALSE
KXCPICOREYOY-26JUL,2026-07-26,2026-08-05,2.5,6,0,6,2.0408163265306123,FALSE
KXCPICOREYOY-26JUL,2026-07-27,2026-08-05,2.5,6,0,6,2.0408163265306123,FALSE
KXCPICOREYOY-26JUL,2026-07-28,2026-08-05,2.5,6,0,6,4.081632653061225,FALSE
KXCPICOREYOY-26JUL,2026-07-29,2026-08-05,2.5,6,0,6,4.081632653061225,FALSE
KXCPICOREYOY-26JUL,2026-07-30,2026-08-05,2.5,6,0,6,4.081632653061225,FALSE
KXCPICOREYOY-26JUL,2026-07-31,2026-08-05,2.5,23,11232,23,10.204081632653061,FALSE
KXCPICOREYOY-26JUL,2026-08-01,2026-08-05,2.5,21,26,21,8.16326530612245,FALSE
KXCPICOREYOY-26JUL,2026-08-02,2026-08-05,2.5,19,98,19,6.122448979591836,FALSE
KXCPICOREYOY-26JUL,2026-08-03,2026-08-05,2.5,28.999999999999996,101.42,28.999999999999996,14.285714285714281,FALSE
KXCPICOREYOY-26JUL,2026-08-04,2026-08-05,2.5,26,61.49,26,10.204081632653061,FALSE
KXCPICOREYOY-26JUL,2026-08-05,2026-08-05,2.5,26,0,26,10.204081632653061,FALSE
KXCPICOREYOY-26JUN,2026-06-25,2026-07-14,2.5,0,0,4,1.0204081632653061,FALSE
KXCPICOREYOY-26JUN,2026-06-26,2026-07-14,2.5,0,0,4,1.0204081632653061,FALSE
KXCPICOREYOY-26JUN,2026-06-27,2026-07-14,2.5,0,0,7.000000000000001,3.061224489795918,FALSE
KXCPICOREYOY-26JUN,2026-06-28,2026-07-14,2.5,0,0,50,0,FALSE
KXCPICOREYOY-26JUN,2026-06-29,2026-07-14,2.5,98,55,98,0,FALSE
KXCPICOREYOY-26JUN,2026-06-30,2026-07-14,2.5,98,0,98,0,FALSE
KXCPICOREYOY-26JUN,2026-07-01,2026-07-14,2.5,98,0,98,7.142857142857143,FALSE
KXCPICOREYOY-26JUN,2026-07-02,2026-07-14,2.5,98,0,98,3.061224489795918,FALSE
KXCPICOREYOY-26JUN,2026-07-03,2026-07-14,2.5,98,0,98,3.061224489795918,FALSE
KXCPICOREYOY-26JUN,2026-07-04,2026-07-14,2.5,98,0,98,3.061224489795918,FALSE
KXCPICOREYOY-26JUN,2026-07-05,2026-07-14,2.5,98,0,98,3.061224489795918,FALSE
KXCPICOREYOY-26JUN,2026-07-06,2026-07-14,2.5,98,0,98,3.061224489795918,FALSE
KXCPICOREYOY-26JUN,2026-07-07,2026-07-14,2.5,99,20,99,1.0204081632653061,FALSE
KXCPICOREYOY-26JUN,2026-07-08,2026-07-14,2.5,99,0,99,0,FALSE
KXCPICOREYOY-26JUN,2026-07-09,2026-07-14,2.5,99,0,99,0,FALSE
KXCPICOREYOY-26JUN,2026-07-10,2026-07-14,2.5,99,0,99,1.0204081632653061,FALSE
KXCPICOREYOY-26JUN,2026-07-11,2026-07-14,2.5,99,0,99,0,FALSE
KXCPICOREYOY-26JUN,2026-07-12,2026-07-14,2.5,99,0,99,0,FALSE
KXCPICOREYOY-26JUN,2026-07-13,2026-07-14,2.5,99,697.98,99,1.0204081632653061,FALSE
KXCPICOREYOY-26JUN,2026-07-14,2026-07-14,2.5,99,0,99,1.0204081632653061,FALSE
KXCPICOREYOY-26MAR,2026-03-11,2026-04-10,2.5,74,132,74,34.69387755102041,FALSE
KXCPICOREYOY-26MAR,2026-03-12,2026-04-10,2.5,73,23,73,28.571428571428573,FALSE
KXCPICOREYOY-26MAR,2026-03-13,2026-04-10,2.5,90,1158,90,39.795918367346935,FALSE
KXCPICOREYOY-26MAR,2026-03-14,2026-04-10,2.5,86,17,86,35.714285714285715,FALSE
KXCPICOREYOY-26MAR,2026-03-15,2026-04-10,2.5,86,0,86,28.57142857142858,FALSE
KXCPICOREYOY-26MAR,2026-03-16,2026-04-10,2.5,86,0,86,35.714285714285715,FALSE
KXCPICOREYOY-26MAR,2026-03-17,2026-04-10,2.5,86,0,86,35.714285714285715,FALSE
KXCPICOREYOY-26MAR,2026-03-18,2026-04-10,2.5,83,127,83,21.428571428571427,FALSE
KXCPICOREYOY-26MAR,2026-03-19,2026-04-10,2.5,86,298,96,3.061224489795918,FALSE
KXCPICOREYOY-26MAR,2026-03-20,2026-04-10,2.5,86,0,86,16.3265306122449,FALSE
KXCPICOREYOY-26MAR,2026-03-21,2026-04-10,2.5,93,1,95,2.0408163265306123,FALSE
KXCPICOREYOY-26MAR,2026-03-22,2026-04-10,2.5,90,1,90,17.346938775510203,FALSE
KXCPICOREYOY-26MAR,2026-03-23,2026-04-10,2.5,90,0,90,17.346938775510203,FALSE
KXCPICOREYOY-26MAR,2026-03-24,2026-04-10,2.5,90,0,90,30.612244897959183,FALSE
KXCPICOREYOY-26MAR,2026-03-25,2026-04-10,2.5,90,0,90,36.734693877551024,FALSE
KXCPICOREYOY-26MAR,2026-03-26,2026-04-10,2.5,90,0,90,30.612244897959183,FALSE
KXCPICOREYOY-26MAR,2026-03-27,2026-04-10,2.5,84,7,84,32.6530612244898,FALSE
KXCPICOREYOY-26MAR,2026-03-28,2026-04-10,2.5,78,739,78,31.632653061224488,FALSE
KXCPICOREYOY-26MAR,2026-03-29,2026-04-10,2.5,83,5,83,35.714285714285715,FALSE
KXCPICOREYOY-26MAR,2026-03-30,2026-04-10,2.5,81,424,81,30.612244897959183,FALSE
KXCPICOREYOY-26MAR,2026-03-31,2026-04-10,2.5,81,0,81,31.632653061224488,FALSE
KXCPICOREYOY-26MAR,2026-04-01,2026-04-10,2.5,78,74,78,27.551020408163264,FALSE
KXCPICOREYOY-26MAR,2026-04-02,2026-04-10,2.5,86,5,86,25.510204081632654,FALSE
KXCPICOREYOY-26MAR,2026-04-03,2026-04-10,2.5,92,886,92,32.6530612244898,FALSE
KXCPICOREYOY-26MAR,2026-04-04,2026-04-10,2.5,94,18,94,40.816326530612244,FALSE
KXCPICOREYOY-26MAR,2026-04-05,2026-04-10,2.5,92,50,92,31.632653061224488,FALSE
KXCPICOREYOY-26MAR,2026-04-06,2026-04-10,2.5,94,99,94,30.612244897959183,FALSE
KXCPICOREYOY-26MAR,2026-04-07,2026-04-10,2.5,97,811,97,32.6530612244898,FALSE
KXCPICOREYOY-26MAR,2026-04-08,2026-04-10,2.5,84,2120,84,31.632653061224488,FALSE
KXCPICOREYOY-26MAR,2026-04-09,2026-04-10,2.5,85,27242.18,85,31.632653061224488,FALSE
KXCPICOREYOY-26MAR,2026-04-10,2026-04-10,2.5,86,3067.85,86,33.673469387755105,FALSE
KXCPICOREYOY-26MAY,2026-05-11,2026-06-10,2.5,86,0,86,14.285714285714286,FALSE
KXCPICOREYOY-26MAY,2026-05-12,2026-06-10,2.5,92,200,92,5.1020408163265305,FALSE
KXCPICOREYOY-26MAY,2026-05-13,2026-06-10,2.5,92,0,94,4.081632653061225,FALSE
KXCPICOREYOY-26MAY,2026-05-14,2026-06-10,2.5,92,0,95,2.0408163265306123,FALSE
KXCPICOREYOY-26MAY,2026-05-15,2026-06-10,2.5,92,0,95,2.0408163265306123,FALSE
KXCPICOREYOY-26MAY,2026-05-16,2026-06-10,2.5,99,1,99,4.081632653061225,FALSE
KXCPICOREYOY-26MAY,2026-05-17,2026-06-10,2.5,99,0,99,4.081632653061225,FALSE
KXCPICOREYOY-26MAY,2026-05-18,2026-06-10,2.5,99,0,99,2.0408163265306123,FALSE
KXCPICOREYOY-26MAY,2026-05-19,2026-06-10,2.5,99,0,99,2.0408163265306123,FALSE
KXCPICOREYOY-26MAY,2026-05-20,2026-06-10,2.5,99,0,99,2.0408163265306123,FALSE
KXCPICOREYOY-26MAY,2026-05-21,2026-06-10,2.5,99,0,99,2.0408163265306123,FALSE
KXCPICOREYOY-26MAY,2026-05-22,2026-06-10,2.5,99,0,99,2.0408163265306123,FALSE
KXCPICOREYOY-26MAY,2026-05-23,2026-06-10,2.5,99,0,99,2.0408163265306123,FALSE
KXCPICOREYOY-26MAY,2026-05-24,2026-06-10,2.5,99,0,99,2.0408163265306123,FALSE
KXCPICOREYOY-26MAY,2026-05-25,2026-06-10,2.5,99,0,99,2.0408163265306123,FALSE
KXCPICOREYOY-26MAY,2026-05-26,2026-06-10,2.5,99,0,99,2.0408163265306123,FALSE
KXCPICOREYOY-26MAY,2026-05-27,2026-06-10,2.5,99,0,99,2.0408163265306123,FALSE
KXCPICOREYOY-26MAY,2026-05-28,2026-06-10,2.5,99,0,99,2.0408163265306123,FALSE
KXCPICOREYOY-26MAY,2026-05-29,2026-06-10,2.5,99,0,99,2.0408163265306123,FALSE
KXCPICOREYOY-26MAY,2026-05-30,2026-06-10,2.5,99,0,99,2.0408163265306123,FALSE
KXCPICOREYOY-26MAY,2026-05-31,2026-06-10,2.5,99,0,99,2.0408163265306123,FALSE
KXCPICOREYOY-26MAY,2026-06-01,2026-06-10,2.5,99,0,99,1.0204081632653061,FALSE
KXCPICOREYOY-26MAY,2026-06-02,2026-06-10,2.5,99,0,99,1.0204081632653061,FALSE
KXCPICOREYOY-26MAY,2026-06-03,2026-06-10,2.5,99,0,99,1.0204081632653061,FALSE
KXCPICOREYOY-26MAY,2026-06-04,2026-06-10,2.5,99,0,99,1.0204081632653061,FALSE
KXCPICOREYOY-26MAY,2026-06-05,2026-06-10,2.5,99,0,99,1.0204081632653061,FALSE
KXCPICOREYOY-26MAY,2026-06-06,2026-06-10,2.5,99,0,99,1.0204081632653061,FALSE
KXCPICOREYOY-26MAY,2026-06-07,2026-06-10,2.5,99,0,99,1.0204081632653061,FALSE
KXCPICOREYOY-26MAY,2026-06-08,2026-06-10,2.5,99,25,99,3.061224489795918,FALSE
KXCPICOREYOY-26MAY,2026-06-09,2026-06-10,2.5,99,0,99,3.061224489795918,FALSE
KXCPICOREYOY-26MAY,2026-06-10,2026-06-10,2.5,99,0,99,3.061224489795918,FALSE
KXCPICOREYOY-26NOV,2026-07-08,2026-08-05,2.5,0,0,70,0,FALSE
KXCPICOREYOY-26NOV,2026-07-09,2026-08-05,2.5,0,0,70,0,FALSE
KXCPICOREYOY-26NOV,2026-07-10,2026-08-05,2.5,0,0,70,0,FALSE
KXCPICOREYOY-26NOV,2026-07-11,2026-08-05,2.5,0,0,70,0,FALSE
KXCPICOREYOY-26NOV,2026-07-12,2026-08-05,2.5,0,0,70,0,FALSE
KXCPICOREYOY-26NOV,2026-07-13,2026-08-05,2.5,0,0,70,0,FALSE
KXCPICOREYOY-26NOV,2026-07-14,2026-08-05,2.5,75,13.01,75,0,FALSE
KXCPICOREYOY-26NOV,2026-07-15,2026-08-05,2.5,75,0,75,0,FALSE
KXCPICOREYOY-26NOV,2026-07-16,2026-08-05,2.5,75,0,75,0,FALSE
KXCPICOREYOY-26NOV,2026-07-17,2026-08-05,2.5,75,0,75,0,FALSE
KXCPICOREYOY-26NOV,2026-07-18,2026-08-05,2.5,75,0,75,0,FALSE
KXCPICOREYOY-26NOV,2026-07-19,2026-08-05,2.5,75,0,75,0,FALSE
KXCPICOREYOY-26NOV,2026-07-20,2026-08-05,2.5,75,0,75,0,FALSE
KXCPICOREYOY-26NOV,2026-07-21,2026-08-05,2.5,75,0,75,0,FALSE
KXCPICOREYOY-26NOV,2026-07-22,2026-08-05,2.5,75,0,75,0,FALSE
KXCPICOREYOY-26NOV,2026-07-23,2026-08-05,2.5,75,2001,97,0,FALSE
KXCPICOREYOY-26NOV,2026-07-24,2026-08-05,2.5,75,0,97,0,FALSE
KXCPICOREYOY-26NOV,2026-07-25,2026-08-05,2.5,75,0,97,0,FALSE
KXCPICOREYOY-26NOV,2026-07-26,2026-08-05,2.5,75,0,97,0,FALSE
KXCPICOREYOY-26NOV,2026-07-27,2026-08-05,2.5,75,0,79,0,FALSE
KXCPICOREYOY-26NOV,2026-07-28,2026-08-05,2.5,75,0,79,0,FALSE
KXCPICOREYOY-26NOV,2026-07-29,2026-08-05,2.5,75,0,79,1.0204081632653061,FALSE
KXCPICOREYOY-26NOV,2026-07-30,2026-08-05,2.5,75,0,81,1.0204081632653061,FALSE
KXCPICOREYOY-26NOV,2026-07-31,2026-08-05,2.5,75,0,81,1.0204081632653061,FALSE
KXCPICOREYOY-26NOV,2026-08-01,2026-08-05,2.5,75,0,81,1.0204081632653061,FALSE
KXCPICOREYOY-26NOV,2026-08-02,2026-08-05,2.5,75,0,81,1.0204081632653061,FALSE
KXCPICOREYOY-26NOV,2026-08-03,2026-08-05,2.5,75,0,81,1.0204081632653061,FALSE
KXCPICOREYOY-26NOV,2026-08-04,2026-08-05,2.5,75,0,81,1.0204081632653061,FALSE
KXCPICOREYOY-26NOV,2026-08-05,2026-08-05,2.5,75,0,81,1.0204081632653061,FALSE
KXCPICOREYOY-26SEP,2026-07-08,2026-08-05,2.5,1,2000,1,0,FALSE
KXCPICOREYOY-26SEP,2026-07-09,2026-08-05,2.5,1,0,35,0,FALSE
KXCPICOREYOY-26SEP,2026-07-10,2026-08-05,2.5,1,0,35,0,FALSE
KXCPICOREYOY-26SEP,2026-07-11,2026-08-05,2.5,1,0,35,0,FALSE
KXCPICOREYOY-26SEP,2026-07-12,2026-08-05,2.5,1,0,35,0,FALSE
KXCPICOREYOY-26SEP,2026-07-13,2026-08-05,2.5,1,0,35,34.69387755102041,FALSE
KXCPICOREYOY-26SEP,2026-07-14,2026-08-05,2.5,1,0,37,2.0408163265306123,FALSE
KXCPICOREYOY-26SEP,2026-07-15,2026-08-05,2.5,1,0,37,2.0408163265306123,FALSE
KXCPICOREYOY-26SEP,2026-07-16,2026-08-05,2.5,1,0,37,27.551020408163264,FALSE
KXCPICOREYOY-26SEP,2026-07-17,2026-08-05,2.5,1,0,37,27.551020408163264,FALSE
KXCPICOREYOY-26SEP,2026-07-18,2026-08-05,2.5,1,0,37,27.551020408163264,FALSE
KXCPICOREYOY-26SEP,2026-07-19,2026-08-05,2.5,1,0,37,27.551020408163264,FALSE
KXCPICOREYOY-26SEP,2026-07-20,2026-08-05,2.5,1,0,37,27.551020408163264,FALSE
KXCPICOREYOY-26SEP,2026-07-21,2026-08-05,2.5,1,0,37,27.551020408163264,FALSE
KXCPICOREYOY-26SEP,2026-07-22,2026-08-05,2.5,1,0,37,27.551020408163264,FALSE
KXCPICOREYOY-26SEP,2026-07-23,2026-08-05,2.5,1,0,37,27.551020408163264,FALSE
KXCPICOREYOY-26SEP,2026-07-24,2026-08-05,2.5,1,0,37,27.551020408163264,FALSE
KXCPICOREYOY-26SEP,2026-07-25,2026-08-05,2.5,1,0,37,27.551020408163264,FALSE
KXCPICOREYOY-26SEP,2026-07-26,2026-08-05,2.5,1,0,37,27.551020408163264,FALSE
KXCPICOREYOY-26SEP,2026-07-27,2026-08-05,2.5,1,0,37,27.551020408163264,FALSE
KXCPICOREYOY-26SEP,2026-07-28,2026-08-05,2.5,1,0,41,40.816326530612244,FALSE
KXCPICOREYOY-26SEP,2026-07-29,2026-08-05,2.5,1,0,42,5.1020408163265305,FALSE
KXCPICOREYOY-26SEP,2026-07-30,2026-08-05,2.5,1,0,42,5.1020408163265305,FALSE
KXCPICOREYOY-26SEP,2026-07-31,2026-08-05,2.5,1,0,42,5.1020408163265305,FALSE
KXCPICOREYOY-26SEP,2026-08-01,2026-08-05,2.5,1,0,42,5.1020408163265305,FALSE
KXCPICOREYOY-26SEP,2026-08-02,2026-08-05,2.5,1,0,42,5.1020408163265305,FALSE
KXCPICOREYOY-26SEP,2026-08-03,2026-08-05,2.5,1,0,42,5.1020408163265305,FALSE
KXCPICOREYOY-26SEP,2026-08-04,2026-08-05,2.5,1,0,42,5.1020408163265305,FALSE
KXCPICOREYOY-26SEP,2026-08-05,2026-08-05,2.5,1,0,37,6.122448979591836,FALSE
KXCPICOREYOY-25DEC,2025-12-22,2026-01-13,2.5999999999999996,56.00000000000001,37831,56.00000000000001,10.204081632653068,FALSE
KXCPICOREYOY-25DEC,2025-12-23,2026-01-13,2.5999999999999996,57.99999999999999,11443,57.99999999999999,12.244897959183666,FALSE
KXCPICOREYOY-25DEC,2025-12-24,2026-01-13,2.5999999999999996,61,4500,61,15.306122448979592,FALSE
KXCPICOREYOY-25DEC,2025-12-25,2026-01-13,2.5999999999999996,60,114,60,14.285714285714286,FALSE
KXCPICOREYOY-25DEC,2025-12-26,2026-01-13,2.5999999999999996,57.99999999999999,1776,57.99999999999999,12.244897959183666,FALSE
KXCPICOREYOY-25DEC,2025-12-27,2026-01-13,2.5999999999999996,55.00000000000001,16,55.00000000000001,9.183673469387761,FALSE
KXCPICOREYOY-25DEC,2025-12-28,2026-01-13,2.5999999999999996,60,171,60,14.285714285714286,FALSE
KXCPICOREYOY-25DEC,2025-12-29,2026-01-13,2.5999999999999996,56.99999999999999,112,56.99999999999999,11.22448979591836,FALSE
KXCPICOREYOY-25DEC,2025-12-30,2026-01-13,2.5999999999999996,57.99999999999999,7,57.99999999999999,12.244897959183666,FALSE
KXCPICOREYOY-25DEC,2025-12-31,2026-01-13,2.5999999999999996,66,5606,66,20.408163265306122,FALSE
KXCPICOREYOY-25DEC,2026-01-01,2026-01-13,2.5999999999999996,66,519,66,20.408163265306122,FALSE
KXCPICOREYOY-25DEC,2026-01-02,2026-01-13,2.5999999999999996,69,160,69,23.46938775510204,FALSE
KXCPICOREYOY-25DEC,2026-01-03,2026-01-13,2.5999999999999996,71,133,71,25.510204081632654,FALSE
KXCPICOREYOY-25DEC,2026-01-04,2026-01-13,2.5999999999999996,64,138,64,18.367346938775512,FALSE
KXCPICOREYOY-25DEC,2026-01-05,2026-01-13,2.5999999999999996,78,7113,78,32.6530612244898,FALSE
KXCPICOREYOY-25DEC,2026-01-06,2026-01-13,2.5999999999999996,72,1090,72,26.53061224489796,FALSE
KXCPICOREYOY-25DEC,2026-01-07,2026-01-13,2.5999999999999996,76,7092,76,30.612244897959183,FALSE
KXCPICOREYOY-25DEC,2026-01-08,2026-01-13,2.5999999999999996,67,1960,67,21.428571428571427,FALSE
KXCPICOREYOY-25DEC,2026-01-09,2026-01-13,2.5999999999999996,64,1792,64,18.367346938775512,FALSE
KXCPICOREYOY-25DEC,2026-01-10,2026-01-13,2.5999999999999996,69,97,69,23.46938775510204,FALSE
KXCPICOREYOY-25DEC,2026-01-11,2026-01-13,2.5999999999999996,64,399,64,18.367346938775512,FALSE
KXCPICOREYOY-25DEC,2026-01-12,2026-01-13,2.5999999999999996,68,5940,68,22.448979591836736,FALSE
KXCPICOREYOY-25DEC,2026-01-13,2026-01-13,2.5999999999999996,79,530,79,15.306122448979592,FALSE
KXCPICOREYOY-26APR,2026-04-12,2026-05-12,2.5999999999999996,60,5237,60,39.795918367346935,FALSE
KXCPICOREYOY-26APR,2026-04-13,2026-05-12,2.5999999999999996,56.99999999999999,252,56.99999999999999,27.551020408163257,FALSE
KXCPICOREYOY-26APR,2026-04-14,2026-05-12,2.5999999999999996,56.99999999999999,237,56.99999999999999,30.612244897959176,FALSE
KXCPICOREYOY-26APR,2026-04-15,2026-05-12,2.5999999999999996,61,51.51,61,28.571428571428573,FALSE
KXCPICOREYOY-26APR,2026-04-16,2026-05-12,2.5999999999999996,59,5,59,28.571428571428573,FALSE
KXCPICOREYOY-26APR,2026-04-17,2026-05-12,2.5999999999999996,56.99999999999999,10,56.99999999999999,31.63265306122448,FALSE
KXCPICOREYOY-26APR,2026-04-18,2026-05-12,2.5999999999999996,59,48,59,27.551020408163264,FALSE
KXCPICOREYOY-26APR,2026-04-19,2026-05-12,2.5999999999999996,56.99999999999999,10,56.99999999999999,27.551020408163257,FALSE
KXCPICOREYOY-26APR,2026-04-20,2026-05-12,2.5999999999999996,56.99999999999999,266.93,56.99999999999999,27.551020408163257,FALSE
KXCPICOREYOY-26APR,2026-04-21,2026-05-12,2.5999999999999996,56.99999999999999,0,56.99999999999999,29.591836734693867,FALSE
KXCPICOREYOY-26APR,2026-04-22,2026-05-12,2.5999999999999996,56.99999999999999,0,56.99999999999999,29.591836734693867,FALSE
KXCPICOREYOY-26APR,2026-04-23,2026-05-12,2.5999999999999996,56.99999999999999,50,56.99999999999999,28.571428571428566,FALSE
KXCPICOREYOY-26APR,2026-04-24,2026-05-12,2.5999999999999996,57.99999999999999,54.739999999999995,57.99999999999999,28.571428571428562,FALSE
KXCPICOREYOY-26APR,2026-04-25,2026-05-12,2.5999999999999996,56.99999999999999,33.23,56.99999999999999,27.551020408163257,FALSE
KXCPICOREYOY-26APR,2026-04-26,2026-05-12,2.5999999999999996,56.99999999999999,0,56.99999999999999,27.551020408163257,FALSE
KXCPICOREYOY-26APR,2026-04-27,2026-05-12,2.5999999999999996,66,2057.26,66,35.714285714285715,FALSE
KXCPICOREYOY-26APR,2026-04-28,2026-05-12,2.5999999999999996,67,25.73,67,36.734693877551024,FALSE
KXCPICOREYOY-26APR,2026-04-29,2026-05-12,2.5999999999999996,67,40,67,36.734693877551024,FALSE
KXCPICOREYOY-26FEB,2026-02-09,2026-03-11,2.5999999999999996,61,0,61,7.142857142857143,FALSE
KXCPICOREYOY-26FEB,2026-02-10,2026-03-11,2.5999999999999996,61,0,61,7.142857142857143,FALSE
KXCPICOREYOY-26FEB,2026-02-11,2026-03-11,2.5999999999999996,63,15,63,9.183673469387756,FALSE
KXCPICOREYOY-26FEB,2026-02-12,2026-03-11,2.5999999999999996,63,0,63,9.183673469387756,FALSE
KXCPICOREYOY-26FEB,2026-02-13,2026-03-11,2.5999999999999996,10,390,10,4.081632653061225,FALSE
KXCPICOREYOY-26FEB,2026-02-14,2026-03-11,2.5999999999999996,12,10,12,7.142857142857143,FALSE
KXCPICOREYOY-26FEB,2026-02-15,2026-03-11,2.5999999999999996,12,20,12,7.142857142857143,FALSE
KXCPICOREYOY-26FEB,2026-02-16,2026-03-11,2.5999999999999996,12,501,12,7.142857142857143,FALSE
KXCPICOREYOY-26JAN,2026-01-21,2026-02-13,2.5999999999999996,51,5,51,18.367346938775512,FALSE
KXCPICOREYOY-26JAN,2026-01-22,2026-02-13,2.5999999999999996,51,94,51,18.367346938775512,FALSE
KXCPICOREYOY-26JAN,2026-01-23,2026-02-13,2.5999999999999996,51,0,51,18.367346938775512,FALSE
KXCPICOREYOY-26JAN,2026-01-24,2026-02-13,2.5999999999999996,51,0,51,18.367346938775512,FALSE
KXCPICOREYOY-26JAN,2026-01-25,2026-02-13,2.5999999999999996,39,12,39,6.122448979591836,FALSE
KXCPICOREYOY-26JAN,2026-01-26,2026-02-13,2.5999999999999996,39,0,39,6.122448979591836,FALSE
KXCPICOREYOY-26JAN,2026-01-27,2026-02-13,2.5999999999999996,39,0,39,20.408163265306122,FALSE
KXCPICOREYOY-26JAN,2026-01-28,2026-02-13,2.5999999999999996,39,24,39,6.122448979591836,FALSE
KXCPICOREYOY-26JAN,2026-01-29,2026-02-13,2.5999999999999996,39,61,39,13.26530612244898,FALSE
KXCPICOREYOY-26JAN,2026-01-30,2026-02-13,2.5999999999999996,39,0,39,13.26530612244898,FALSE
KXCPICOREYOY-26JAN,2026-01-31,2026-02-13,2.5999999999999996,39,0,39,13.26530612244898,FALSE
KXCPICOREYOY-26JAN,2026-02-01,2026-02-13,2.5999999999999996,39,0,39,13.26530612244898,FALSE
KXCPICOREYOY-26JAN,2026-02-02,2026-02-13,2.5999999999999996,36,31,36,10.204081632653061,FALSE
KXCPICOREYOY-26JAN,2026-02-03,2026-02-13,2.5999999999999996,34,8,34,8.16326530612245,FALSE
KXCPICOREYOY-26JAN,2026-02-04,2026-02-13,2.5999999999999996,34,0,34,14.285714285714286,FALSE
KXCPICOREYOY-26JAN,2026-02-05,2026-02-13,2.5999999999999996,35,8,35,11.224489795918368,FALSE
KXCPICOREYOY-26JAN,2026-02-06,2026-02-13,2.5999999999999996,1,8,1,0,FALSE
KXCPICOREYOY-26JAN,2026-02-07,2026-02-13,2.5999999999999996,33,13,33,9.183673469387756,FALSE
KXCPICOREYOY-26JAN,2026-02-08,2026-02-13,2.5999999999999996,37,31,37,13.26530612244898,FALSE
KXCPICOREYOY-26JAN,2026-02-09,2026-02-13,2.5999999999999996,34,179,34,10.204081632653061,FALSE
KXCPICOREYOY-26JAN,2026-02-10,2026-02-13,2.5999999999999996,25,312,25,1.0204081632653061,FALSE
KXCPICOREYOY-26JAN,2026-02-11,2026-02-13,2.5999999999999996,26,235,26,10.204081632653061,FALSE
KXCPICOREYOY-26JAN,2026-02-12,2026-02-13,2.5999999999999996,22,985,22,15.306122448979592,FALSE
KXCPICOREYOY-26JAN,2026-02-13,2026-02-13,2.5999999999999996,19,756,50,14.285714285714286,FALSE
KXCPICOREYOY-26JUL,2026-07-10,2026-08-05,2.5999999999999996,82,7,82,35.714285714285715,FALSE
KXCPICOREYOY-26JUL,2026-07-11,2026-08-05,2.5999999999999996,82,0,82,35.714285714285715,FALSE
KXCPICOREYOY-26JUL,2026-07-12,2026-08-05,2.5999999999999996,82,0,82,35.714285714285715,FALSE
KXCPICOREYOY-26JUN,2026-06-25,2026-07-14,2.5999999999999996,0,0,4,0,FALSE
KXCPICOREYOY-26JUN,2026-06-26,2026-07-14,2.5999999999999996,0,0,4,0,FALSE
KXCPICOREYOY-26JUN,2026-06-27,2026-07-14,2.5999999999999996,0,0,7.000000000000001,2.0408163265306123,FALSE
KXCPICOREYOY-26JUN,2026-06-28,2026-07-14,2.5999999999999996,0,0,50,0,FALSE
KXCPICOREYOY-26MAR,2026-03-11,2026-04-10,2.5999999999999996,40,1656,40,16.3265306122449,FALSE
KXCPICOREYOY-26MAR,2026-03-12,2026-04-10,2.5999999999999996,45,970,45,20.408163265306122,FALSE
KXCPICOREYOY-26MAR,2026-03-13,2026-04-10,2.5999999999999996,51,333,51,25.510204081632654,FALSE
KXCPICOREYOY-26MAR,2026-03-14,2026-04-10,2.5999999999999996,51,0,51,26.53061224489796,FALSE
KXCPICOREYOY-26MAR,2026-03-15,2026-04-10,2.5999999999999996,57.99999999999999,28,57.99999999999999,33.67346938775509,FALSE
KXCPICOREYOY-26MAR,2026-03-16,2026-04-10,2.5999999999999996,51,38,51,25.510204081632654,FALSE
KXCPICOREYOY-26MAR,2026-03-17,2026-04-10,2.5999999999999996,51,13,51,26.53061224489796,FALSE
KXCPICOREYOY-26MAR,2026-03-18,2026-04-10,2.5999999999999996,62,215,62,28.571428571428573,FALSE
KXCPICOREYOY-26MAR,2026-03-19,2026-04-10,2.5999999999999996,96,688,96,45.91836734693877,FALSE
KXCPICOREYOY-26MAR,2026-03-20,2026-04-10,2.5999999999999996,70,34,70,16.3265306122449,FALSE
KXCPICOREYOY-26MAR,2026-03-21,2026-04-10,2.5999999999999996,95,238,95,19.387755102040817,FALSE
KXCPICOREYOY-26MAR,2026-03-22,2026-04-10,2.5999999999999996,73,190,73,26.53061224489796,FALSE
KXCPICOREYOY-26MAR,2026-03-23,2026-04-10,2.5999999999999996,73,0,73,40.816326530612244,FALSE
KXCPICOREYOY-26MAR,2026-03-24,2026-04-10,2.5999999999999996,60,108,60,28.571428571428573,FALSE
KXCPICOREYOY-26MAR,2026-03-25,2026-04-10,2.5999999999999996,54,5,54,33.673469387755105,FALSE
KXCPICOREYOY-26MAR,2026-03-26,2026-04-10,2.5999999999999996,60,211,60,38.775510204081634,FALSE
KXCPICOREYOY-26MAR,2026-03-27,2026-04-10,2.5999999999999996,52,1521,52,34.69387755102041,FALSE
KXCPICOREYOY-26MAR,2026-03-28,2026-04-10,2.5999999999999996,47,1102,47,25.510204081632654,FALSE
KXCPICOREYOY-26MAR,2026-03-29,2026-04-10,2.5999999999999996,48,150,48,32.6530612244898,FALSE
KXCPICOREYOY-26MAR,2026-03-30,2026-04-10,2.5999999999999996,51,682,51,33.673469387755105,FALSE
KXCPICOREYOY-26MAR,2026-03-31,2026-04-10,2.5999999999999996,50,781,50,34.69387755102041,FALSE
KXCPICOREYOY-26MAR,2026-04-01,2026-04-10,2.5999999999999996,51,33,51,37.755102040816325,FALSE
KXCPICOREYOY-26MAR,2026-04-02,2026-04-10,2.5999999999999996,61,1450,61,36.734693877551024,FALSE
KXCPICOREYOY-26MAR,2026-04-03,2026-04-10,2.5999999999999996,60,275,60,38.775510204081634,FALSE
KXCPICOREYOY-26MAR,2026-04-04,2026-04-10,2.5999999999999996,54,1094,54,33.673469387755105,FALSE
KXCPICOREYOY-26MAR,2026-04-05,2026-04-10,2.5999999999999996,61,747,61,40.816326530612244,FALSE
KXCPICOREYOY-26MAR,2026-04-06,2026-04-10,2.5999999999999996,64,3158,64,46.93877551020408,FALSE
KXCPICOREYOY-26MAR,2026-04-07,2026-04-10,2.5999999999999996,65,44,65,51.02040816326531,FALSE
KXCPICOREYOY-26MAR,2026-04-08,2026-04-10,2.5999999999999996,53,2241,53,39.795918367346935,FALSE
KXCPICOREYOY-26MAR,2026-04-09,2026-04-10,2.5999999999999996,54,7169.47,54,39.795918367346935,FALSE
KXCPICOREYOY-26MAR,2026-04-10,2026-04-10,2.5999999999999996,53,5758.8,53,39.795918367346935,FALSE
CPICOREYOY-23SEP,2023-09-15,2023-10-12,2.6,94,6330,96,0,FALSE
CPICOREYOY-23SEP,2023-09-16,2023-10-12,2.6,94,0,96,0,FALSE
CPICOREYOY-23SEP,2023-09-17,2023-10-12,2.6,97,2445,97,0,FALSE
CPICOREYOY-23SEP,2023-09-18,2023-10-12,2.6,94,4767,97,0,FALSE
CPICOREYOY-23SEP,2023-09-19,2023-10-12,2.6,94,3663,97,0,FALSE
CPICOREYOY-23SEP,2023-09-20,2023-10-12,2.6,92,400,97,0,FALSE
CPICOREYOY-23SEP,2023-09-21,2023-10-12,2.6,99,180,99,0,FALSE
CPICOREYOY-23SEP,2023-09-22,2023-10-12,2.6,99,0,99,0,FALSE
CPICOREYOY-23SEP,2023-09-23,2023-10-12,2.6,99,0,99,0,FALSE
CPICOREYOY-23SEP,2023-09-24,2023-10-12,2.6,94,1145,97,0,FALSE
CPICOREYOY-23SEP,2023-09-25,2023-10-12,2.6,95,1000,97,0,FALSE
CPICOREYOY-23SEP,2023-09-26,2023-10-12,2.6,96,855,97,0,FALSE
CPICOREYOY-23SEP,2023-09-27,2023-10-12,2.6,96,333,97,0,FALSE
CPICOREYOY-23SEP,2023-09-28,2023-10-12,2.6,96,777,96,0,FALSE
CPICOREYOY-23SEP,2023-09-29,2023-10-12,2.6,97,433,97,0,FALSE
CPICOREYOY-23SEP,2023-09-30,2023-10-12,2.6,97,0,97,0,FALSE
CPICOREYOY-23SEP,2023-10-01,2023-10-12,2.6,97,0,97,0,FALSE
CPICOREYOY-23SEP,2023-10-02,2023-10-12,2.6,97,0,97,0,FALSE
CPICOREYOY-23SEP,2023-10-03,2023-10-12,2.6,97,0,97,0,FALSE
CPICOREYOY-23SEP,2023-10-04,2023-10-12,2.6,97,0,97,0,FALSE
CPICOREYOY-23SEP,2023-10-05,2023-10-12,2.6,97,0,97,0,FALSE
CPICOREYOY-23SEP,2023-10-06,2023-10-12,2.6,97,0,97,0,FALSE
CPICOREYOY-23SEP,2023-10-07,2023-10-12,2.6,97,0,97,0,FALSE
CPICOREYOY-23SEP,2023-10-08,2023-10-12,2.6,97,0,97,0,FALSE
CPICOREYOY-23SEP,2023-10-09,2023-10-12,2.6,97,0,97,0,FALSE
CPICOREYOY-23SEP,2023-10-10,2023-10-12,2.6,97,0,97,0,FALSE
CPICOREYOY-23SEP,2023-10-11,2023-10-12,2.6,97,0,97,0,FALSE
CPICOREYOY-23SEP,2023-10-12,2023-10-12,2.6,97,0,99,0,FALSE
CPICOREYOY-24AUG,2024-08-25,2024-09-10,2.6,0,0,99,0,FALSE
CPICOREYOY-24AUG,2024-08-26,2024-09-10,2.6,0,0,99,0,FALSE
CPICOREYOY-24AUG,2024-08-27,2024-09-10,2.6,0,0,99,0,FALSE
CPICOREYOY-24AUG,2024-08-28,2024-09-10,2.6,0,0,99,0,FALSE
CPICOREYOY-24AUG,2024-08-29,2024-09-10,2.6,0,0,99,0,FALSE
CPICOREYOY-24AUG,2024-08-30,2024-09-10,2.6,0,0,99,0,FALSE
CPICOREYOY-24AUG,2024-08-31,2024-09-10,2.6,0,0,99,0,FALSE
CPICOREYOY-24AUG,2024-09-01,2024-09-10,2.6,0,0,99,0,FALSE
CPICOREYOY-24AUG,2024-09-02,2024-09-10,2.6,0,0,99,0,FALSE
CPICOREYOY-24AUG,2024-09-03,2024-09-10,2.6,0,0,99,0,FALSE
CPICOREYOY-24AUG,2024-09-04,2024-09-10,2.6,0,0,99,0,FALSE
CPICOREYOY-24AUG,2024-09-05,2024-09-10,2.6,0,0,99,0,FALSE
CPICOREYOY-24AUG,2024-09-06,2024-09-10,2.6,0,0,93,0,FALSE
CPICOREYOY-24AUG,2024-09-07,2024-09-10,2.6,0,0,93,0,FALSE
CPICOREYOY-24AUG,2024-09-08,2024-09-10,2.6,0,0,93,0,FALSE
CPICOREYOY-24AUG,2024-09-09,2024-09-10,2.6,0,0,93,0,FALSE
CPICOREYOY-24AUG,2024-09-10,2024-09-10,2.6,0,0,93,0,FALSE
CPICOREYOY-24SEP,2024-09-27,2024-10-10,2.6,99,8,99,0,FALSE
CPICOREYOY-24SEP,2024-09-28,2024-10-10,2.6,99,0,99,0,FALSE
CPICOREYOY-24SEP,2024-09-29,2024-10-10,2.6,99,0,99,0,FALSE
CPICOREYOY-24SEP,2024-09-30,2024-10-10,2.6,99,0,99,0,FALSE
CPICOREYOY-24SEP,2024-10-01,2024-10-10,2.6,99,0,99,0,FALSE
CPICOREYOY-24SEP,2024-10-02,2024-10-10,2.6,99,0,99,0,FALSE
CPICOREYOY-24SEP,2024-10-03,2024-10-10,2.6,99,0,99,0,FALSE
CPICOREYOY-24SEP,2024-10-04,2024-10-10,2.6,99,0,99,0,FALSE
CPICOREYOY-24SEP,2024-10-05,2024-10-10,2.6,99,0,99,0,FALSE
CPICOREYOY-24SEP,2024-10-06,2024-10-10,2.6,99,0,99,0,FALSE
CPICOREYOY-24SEP,2024-10-07,2024-10-10,2.6,99,0,99,0,FALSE
CPICOREYOY-24SEP,2024-10-08,2024-10-10,2.6,99,0,99,0,FALSE
CPICOREYOY-24SEP,2024-10-09,2024-10-10,2.6,99,0,99,0,FALSE
CPICOREYOY-24SEP,2024-10-10,2024-10-10,2.6,99,0,99,0,FALSE
KXCPICOREYOY-24NOV,2024-11-11,2024-12-11,2.6,99,0,99,100,FALSE
KXCPICOREYOY-24NOV,2024-11-12,2024-12-11,2.6,99,0,99,100,FALSE
KXCPICOREYOY-24NOV,2024-11-13,2024-12-11,2.6,99,0,99,100,FALSE
KXCPICOREYOY-24NOV,2024-11-14,2024-12-11,2.6,99,0,99,100,FALSE
KXCPICOREYOY-24NOV,2024-11-15,2024-12-11,2.6,99,0,99,100,FALSE
KXCPICOREYOY-24NOV,2024-11-16,2024-12-11,2.6,99,0,99,100,FALSE
KXCPICOREYOY-24NOV,2024-11-17,2024-12-11,2.6,99,0,99,100,FALSE
KXCPICOREYOY-24NOV,2024-11-18,2024-12-11,2.6,99,0,99,100,FALSE
KXCPICOREYOY-24NOV,2024-11-19,2024-12-11,2.6,99,0,99,100,FALSE
KXCPICOREYOY-24NOV,2024-11-20,2024-12-11,2.6,99,0,99,100,FALSE
KXCPICOREYOY-24NOV,2024-11-21,2024-12-11,2.6,99,0,99,100,FALSE
KXCPICOREYOY-24NOV,2024-11-22,2024-12-11,2.6,99,0,99,93.87755102040816,FALSE
KXCPICOREYOY-24NOV,2024-11-23,2024-12-11,2.6,99,0,99,63.265306122448976,FALSE
KXCPICOREYOY-24NOV,2024-11-24,2024-12-11,2.6,99,0,99,63.265306122448976,FALSE
KXCPICOREYOY-24NOV,2024-11-25,2024-12-11,2.6,99,0,99,63.265306122448976,FALSE
KXCPICOREYOY-24NOV,2024-11-26,2024-12-11,2.6,99,0,99,63.265306122448976,FALSE
KXCPICOREYOY-24NOV,2024-11-27,2024-12-11,2.6,99,0,99,0,FALSE
KXCPICOREYOY-24NOV,2024-11-28,2024-12-11,2.6,99,0,99,0,FALSE
KXCPICOREYOY-24NOV,2024-11-29,2024-12-11,2.6,99,0,99,0,FALSE
KXCPICOREYOY-24NOV,2024-11-30,2024-12-11,2.6,99,0,99,0,FALSE
KXCPICOREYOY-24NOV,2024-12-01,2024-12-11,2.6,99,0,99,0,FALSE
KXCPICOREYOY-24NOV,2024-12-02,2024-12-11,2.6,99,0,99,0,FALSE
KXCPICOREYOY-24NOV,2024-12-03,2024-12-11,2.6,99,0,99,0,FALSE
KXCPICOREYOY-24NOV,2024-12-04,2024-12-11,2.6,99,0,99,0,FALSE
KXCPICOREYOY-24NOV,2024-12-05,2024-12-11,2.6,99,0,99,0,FALSE
KXCPICOREYOY-24NOV,2024-12-06,2024-12-11,2.6,99,0,99,0,FALSE
KXCPICOREYOY-24NOV,2024-12-07,2024-12-11,2.6,99,0,99,0,FALSE
KXCPICOREYOY-24NOV,2024-12-08,2024-12-11,2.6,99,0,99,0,FALSE
KXCPICOREYOY-24NOV,2024-12-09,2024-12-11,2.6,99,8,99,0,FALSE
KXCPICOREYOY-24NOV,2024-12-10,2024-12-11,2.6,99,8,99,0,FALSE
KXCPICOREYOY-24NOV,2024-12-11,2024-12-11,2.6,99,0,99,0,FALSE
KXCPICOREYOY-25APR,2025-04-13,2025-05-13,2.6,78,1214,78,16.3265306122449,FALSE
KXCPICOREYOY-25APR,2025-04-14,2025-05-13,2.6,81,155,81,21.428571428571427,FALSE
KXCPICOREYOY-25APR,2025-04-15,2025-05-13,2.6,81,0,81,21.428571428571427,FALSE
KXCPICOREYOY-25APR,2025-04-16,2025-05-13,2.6,85,754,85,25.510204081632654,FALSE
KXCPICOREYOY-25APR,2025-04-17,2025-05-13,2.6,85,0,85,25.510204081632654,FALSE
KXCPICOREYOY-25APR,2025-04-18,2025-05-13,2.6,93,11240,93,29.591836734693878,FALSE
KXCPICOREYOY-25APR,2025-04-19,2025-05-13,2.6,93,0,93,29.591836734693878,FALSE
KXCPICOREYOY-25APR,2025-04-20,2025-05-13,2.6,79,283,79,20.408163265306122,FALSE
KXCPICOREYOY-25APR,2025-04-21,2025-05-13,2.6,77,505,77,22.448979591836725,FALSE
KXCPICOREYOY-25APR,2025-04-22,2025-05-13,2.6,77,0,77,22.448979591836725,FALSE
KXCPICOREYOY-25APR,2025-04-23,2025-05-13,2.6,85,701,85,22.448979591836736,FALSE
KXCPICOREYOY-25APR,2025-04-24,2025-05-13,2.6,85,0,85,22.448979591836736,FALSE
KXCPICOREYOY-25APR,2025-04-25,2025-05-13,2.6,85,0,85,22.448979591836736,FALSE
KXCPICOREYOY-25APR,2025-04-26,2025-05-13,2.6,85,3,85,22.448979591836736,FALSE
KXCPICOREYOY-25APR,2025-04-27,2025-05-13,2.6,85,0,85,22.448979591836736,FALSE
KXCPICOREYOY-25APR,2025-04-28,2025-05-13,2.6,85,0,85,22.448979591836736,FALSE
KXCPICOREYOY-25APR,2025-04-29,2025-05-13,2.6,85,1,85,22.448979591836736,FALSE
KXCPICOREYOY-25APR,2025-04-30,2025-05-13,2.6,88,188,88,9.183673469387756,FALSE
KXCPICOREYOY-25APR,2025-05-01,2025-05-13,2.6,88,0,88,9.183673469387756,FALSE
KXCPICOREYOY-25APR,2025-05-02,2025-05-13,2.6,88,0,88,9.183673469387756,FALSE
KXCPICOREYOY-25APR,2025-05-03,2025-05-13,2.6,88,0,88,9.183673469387756,FALSE
KXCPICOREYOY-25APR,2025-05-04,2025-05-13,2.6,88,0,88,9.183673469387756,FALSE
KXCPICOREYOY-25APR,2025-05-05,2025-05-13,2.6,85,50,85,6.122448979591836,FALSE
KXCPICOREYOY-25APR,2025-05-06,2025-05-13,2.6,85,1000,85,6.122448979591836,FALSE
KXCPICOREYOY-25APR,2025-05-07,2025-05-13,2.6,83,400,83,4.081632653061225,FALSE
KXCPICOREYOY-25APR,2025-05-08,2025-05-13,2.6,83,0,83,12.244897959183673,FALSE
KXCPICOREYOY-25APR,2025-05-09,2025-05-13,2.6,83,0,83,12.244897959183673,FALSE
KXCPICOREYOY-25APR,2025-05-10,2025-05-13,2.6,87,33,87,16.3265306122449,FALSE
KXCPICOREYOY-25APR,2025-05-11,2025-05-13,2.6,87,0,87,15.306122448979592,FALSE
KXCPICOREYOY-25APR,2025-05-12,2025-05-13,2.6,87,0,87,7.142857142857143,FALSE
KXCPICOREYOY-25APR,2025-05-13,2025-05-13,2.6,87,0,87,11.224489795918368,FALSE
KXCPICOREYOY-25AUG,2025-08-12,2025-09-11,2.6,0,0,94,5.1020408163265305,FALSE
KXCPICOREYOY-25AUG,2025-08-13,2025-09-11,2.6,0,0,99,0,FALSE
KXCPICOREYOY-25AUG,2025-08-14,2025-09-11,2.6,0,0,99,0,FALSE
KXCPICOREYOY-25AUG,2025-08-15,2025-09-11,2.6,0,0,99,0,FALSE
KXCPICOREYOY-25AUG,2025-08-16,2025-09-11,2.6,0,0,99,0,FALSE
KXCPICOREYOY-25AUG,2025-08-17,2025-09-11,2.6,0,0,99,0,FALSE
KXCPICOREYOY-25AUG,2025-08-18,2025-09-11,2.6,0,0,99,0,FALSE
KXCPICOREYOY-25AUG,2025-08-19,2025-09-11,2.6,0,0,99,0,FALSE
KXCPICOREYOY-25AUG,2025-08-20,2025-09-11,2.6,0,0,99,0,FALSE
KXCPICOREYOY-25AUG,2025-08-21,2025-09-11,2.6,0,0,99,0,FALSE
KXCPICOREYOY-25AUG,2025-08-22,2025-09-11,2.6,0,0,99,0,FALSE
KXCPICOREYOY-25AUG,2025-08-23,2025-09-11,2.6,0,0,99,0,FALSE
KXCPICOREYOY-25AUG,2025-08-24,2025-09-11,2.6,0,0,99,0,FALSE
KXCPICOREYOY-25AUG,2025-08-25,2025-09-11,2.6,0,0,99,0,FALSE
KXCPICOREYOY-25AUG,2025-08-26,2025-09-11,2.6,0,0,99,0,FALSE
KXCPICOREYOY-25AUG,2025-08-27,2025-09-11,2.6,0,0,99,0,FALSE
KXCPICOREYOY-25AUG,2025-08-28,2025-09-11,2.6,0,0,99,0,FALSE
KXCPICOREYOY-25AUG,2025-08-29,2025-09-11,2.6,0,0,99,0,FALSE
KXCPICOREYOY-25AUG,2025-08-30,2025-09-11,2.6,0,0,99,0,FALSE
KXCPICOREYOY-25AUG,2025-08-31,2025-09-11,2.6,0,0,99,0,FALSE
KXCPICOREYOY-25AUG,2025-09-01,2025-09-11,2.6,0,0,99,0,FALSE
KXCPICOREYOY-25AUG,2025-09-02,2025-09-11,2.6,0,0,99,0,FALSE
KXCPICOREYOY-25AUG,2025-09-03,2025-09-11,2.6,0,0,99,0,FALSE
KXCPICOREYOY-25AUG,2025-09-04,2025-09-11,2.6,0,0,99,0,FALSE
KXCPICOREYOY-25AUG,2025-09-05,2025-09-11,2.6,0,0,99,0,FALSE
KXCPICOREYOY-25AUG,2025-09-06,2025-09-11,2.6,0,0,99,0,FALSE
KXCPICOREYOY-25AUG,2025-09-07,2025-09-11,2.6,0,0,99,0,FALSE
KXCPICOREYOY-25AUG,2025-09-08,2025-09-11,2.6,0,0,99,0,FALSE
KXCPICOREYOY-25AUG,2025-09-09,2025-09-11,2.6,0,0,99,0,FALSE
KXCPICOREYOY-25AUG,2025-09-10,2025-09-11,2.6,0,0,99,0,FALSE
KXCPICOREYOY-25AUG,2025-09-11,2025-09-11,2.6,0,0,99,0,FALSE
KXCPICOREYOY-25DEC,2025-12-18,2026-01-13,2.6,54,2560,54,8.16326530612245,FALSE
KXCPICOREYOY-25DEC,2025-12-19,2026-01-13,2.6,61,12027,61,15.306122448979592,FALSE
KXCPICOREYOY-25DEC,2025-12-20,2026-01-13,2.6,65,104,65,17.346938775510203,FALSE
KXCPICOREYOY-25DEC,2025-12-21,2026-01-13,2.6,72,161,72,26.53061224489796,FALSE
KXCPICOREYOY-25JUL,2025-07-13,2025-08-12,2.6,0,0,93,6.122448979591836,FALSE
KXCPICOREYOY-25JUL,2025-07-14,2025-08-12,2.6,0,0,93,6.122448979591836,FALSE
KXCPICOREYOY-25JUL,2025-07-15,2025-08-12,2.6,0,0,93,6.122448979591836,FALSE
KXCPICOREYOY-25JUL,2025-07-16,2025-08-12,2.6,0,0,93,6.122448979591836,FALSE
KXCPICOREYOY-25JUL,2025-07-17,2025-08-12,2.6,0,0,93,6.122448979591836,FALSE
KXCPICOREYOY-25JUL,2025-07-18,2025-08-12,2.6,0,0,93,6.122448979591836,FALSE
KXCPICOREYOY-25JUL,2025-07-19,2025-08-12,2.6,0,0,93,6.122448979591836,FALSE
KXCPICOREYOY-25JUL,2025-07-20,2025-08-12,2.6,0,0,93,6.122448979591836,FALSE
KXCPICOREYOY-25JUL,2025-07-21,2025-08-12,2.6,0,0,93,0,FALSE
KXCPICOREYOY-25JUL,2025-07-22,2025-08-12,2.6,0,0,93,6.122448979591836,FALSE
KXCPICOREYOY-25JUL,2025-07-23,2025-08-12,2.6,0,0,93,6.122448979591836,FALSE
KXCPICOREYOY-25JUL,2025-07-24,2025-08-12,2.6,0,0,93,6.122448979591836,FALSE
KXCPICOREYOY-25JUL,2025-07-25,2025-08-12,2.6,0,0,93,6.122448979591836,FALSE
KXCPICOREYOY-25JUL,2025-07-26,2025-08-12,2.6,0,0,93,6.122448979591836,FALSE
KXCPICOREYOY-25JUL,2025-07-27,2025-08-12,2.6,0,0,93,6.122448979591836,FALSE
KXCPICOREYOY-25JUL,2025-07-28,2025-08-12,2.6,0,0,93,6.122448979591836,FALSE
KXCPICOREYOY-25JUL,2025-07-29,2025-08-12,2.6,0,0,93,6.122448979591836,FALSE
KXCPICOREYOY-25JUL,2025-07-30,2025-08-12,2.6,0,0,93,6.122448979591836,FALSE
KXCPICOREYOY-25JUL,2025-07-31,2025-08-12,2.6,0,0,95,0,FALSE
KXCPICOREYOY-25JUL,2025-08-01,2025-08-12,2.6,0,0,93,6.122448979591836,FALSE
KXCPICOREYOY-25JUL,2025-08-02,2025-08-12,2.6,0,0,93,6.122448979591836,FALSE
KXCPICOREYOY-25JUL,2025-08-03,2025-08-12,2.6,0,0,93,6.122448979591836,FALSE
KXCPICOREYOY-25JUL,2025-08-04,2025-08-12,2.6,0,0,93,6.122448979591836,FALSE
KXCPICOREYOY-25JUL,2025-08-05,2025-08-12,2.6,0,0,96,0,FALSE
KXCPICOREYOY-25JUL,2025-08-06,2025-08-12,2.6,0,0,96,0,FALSE
KXCPICOREYOY-25JUL,2025-08-07,2025-08-12,2.6,0,0,95,4.081632653061225,FALSE
KXCPICOREYOY-25JUL,2025-08-08,2025-08-12,2.6,0,0,98,0,FALSE
KXCPICOREYOY-25JUL,2025-08-09,2025-08-12,2.6,0,0,98,0,FALSE
KXCPICOREYOY-25JUL,2025-08-10,2025-08-12,2.6,0,0,95,4.081632653061225,FALSE
KXCPICOREYOY-25JUL,2025-08-11,2025-08-12,2.6,0,0,95,4.081632653061225,FALSE
KXCPICOREYOY-25JUL,2025-08-12,2025-08-12,2.6,0,0,99,0,FALSE
KXCPICOREYOY-25JUN,2025-06-15,2025-07-15,2.6,0,0,93,6.122448979591836,FALSE
KXCPICOREYOY-25JUN,2025-06-16,2025-07-15,2.6,0,0,93,6.122448979591836,FALSE
KXCPICOREYOY-25JUN,2025-06-17,2025-07-15,2.6,0,0,93,6.122448979591836,FALSE
KXCPICOREYOY-25JUN,2025-06-18,2025-07-15,2.6,0,0,93,6.122448979591836,FALSE
KXCPICOREYOY-25JUN,2025-06-19,2025-07-15,2.6,0,0,93,6.122448979591836,FALSE
KXCPICOREYOY-25JUN,2025-06-20,2025-07-15,2.6,0,0,93,6.122448979591836,FALSE
KXCPICOREYOY-25JUN,2025-06-21,2025-07-15,2.6,0,0,93,6.122448979591836,FALSE
KXCPICOREYOY-25JUN,2025-06-22,2025-07-15,2.6,0,0,93,6.122448979591836,FALSE
KXCPICOREYOY-25JUN,2025-06-23,2025-07-15,2.6,0,0,93,6.122448979591836,FALSE
KXCPICOREYOY-25JUN,2025-06-24,2025-07-15,2.6,90,390,90,9.183673469387756,FALSE
KXCPICOREYOY-25JUN,2025-06-25,2025-07-15,2.6,90,0,90,9.183673469387756,FALSE
KXCPICOREYOY-25JUN,2025-06-26,2025-07-15,2.6,90,0,90,9.183673469387756,FALSE
KXCPICOREYOY-25JUN,2025-06-27,2025-07-15,2.6,90,0,90,9.183673469387756,FALSE
KXCPICOREYOY-25JUN,2025-06-28,2025-07-15,2.6,90,0,90,9.183673469387756,FALSE
KXCPICOREYOY-25JUN,2025-06-29,2025-07-15,2.6,90,0,90,9.183673469387756,FALSE
KXCPICOREYOY-25JUN,2025-06-30,2025-07-15,2.6,90,0,90,9.183673469387756,FALSE
KXCPICOREYOY-25JUN,2025-07-01,2025-07-15,2.6,90,0,90,9.183673469387756,FALSE
KXCPICOREYOY-25JUN,2025-07-02,2025-07-15,2.6,90,0,91,8.16326530612245,FALSE
KXCPICOREYOY-25JUN,2025-07-03,2025-07-15,2.6,90,0,91,8.16326530612245,FALSE
KXCPICOREYOY-25JUN,2025-07-04,2025-07-15,2.6,90,0,91,8.16326530612245,FALSE
KXCPICOREYOY-25JUN,2025-07-05,2025-07-15,2.6,92,117,92,1.0204081632653061,FALSE
KXCPICOREYOY-25JUN,2025-07-06,2025-07-15,2.6,92,0,92,1.0204081632653061,FALSE
KXCPICOREYOY-25JUN,2025-07-07,2025-07-15,2.6,92,0,92,1.0204081632653061,FALSE
KXCPICOREYOY-25JUN,2025-07-08,2025-07-15,2.6,92,0,92,1.0204081632653061,FALSE
KXCPICOREYOY-25JUN,2025-07-09,2025-07-15,2.6,92,0,92,1.0204081632653061,FALSE
KXCPICOREYOY-25JUN,2025-07-10,2025-07-15,2.6,92,0,92,1.0204081632653061,FALSE
KXCPICOREYOY-25JUN,2025-07-11,2025-07-15,2.6,92,0,93,6.122448979591836,FALSE
KXCPICOREYOY-25JUN,2025-07-12,2025-07-15,2.6,92,0,92,7.142857142857143,FALSE
KXCPICOREYOY-25JUN,2025-07-13,2025-07-15,2.6,92,0,93,6.122448979591836,FALSE
KXCPICOREYOY-25JUN,2025-07-14,2025-07-15,2.6,92,0,92,7.142857142857143,FALSE
KXCPICOREYOY-25JUN,2025-07-15,2025-07-15,2.6,92,0,93,6.122448979591836,FALSE
KXCPICOREYOY-25MAY,2025-05-13,2025-06-11,2.6,87,100,87,9.183673469387756,FALSE
KXCPICOREYOY-25MAY,2025-05-14,2025-06-11,2.6,87,0,87,9.183673469387756,FALSE
KXCPICOREYOY-25MAY,2025-05-15,2025-06-11,2.6,87,0,87,9.183673469387756,FALSE
KXCPICOREYOY-25MAY,2025-05-16,2025-06-11,2.6,87,0,87,9.183673469387756,FALSE
KXCPICOREYOY-25MAY,2025-05-17,2025-06-11,2.6,87,0,87,9.183673469387756,FALSE
KXCPICOREYOY-25MAY,2025-05-18,2025-06-11,2.6,87,0,87,9.183673469387756,FALSE
KXCPICOREYOY-25MAY,2025-05-19,2025-06-11,2.6,87,0,87,9.183673469387756,FALSE
KXCPICOREYOY-25MAY,2025-05-20,2025-06-11,2.6,87,0,87,9.183673469387756,FALSE
KXCPICOREYOY-25MAY,2025-05-21,2025-06-11,2.6,87,0,87,9.183673469387756,FALSE
KXCPICOREYOY-25MAY,2025-05-22,2025-06-11,2.6,87,0,87,9.183673469387756,FALSE
KXCPICOREYOY-25MAY,2025-05-23,2025-06-11,2.6,87,0,87,12.244897959183673,FALSE
KXCPICOREYOY-25MAY,2025-05-24,2025-06-11,2.6,87,0,87,12.244897959183673,FALSE
KXCPICOREYOY-25MAY,2025-05-25,2025-06-11,2.6,87,0,87,12.244897959183673,FALSE
KXCPICOREYOY-25MAY,2025-05-26,2025-06-11,2.6,87,0,89,10.204081632653061,FALSE
KXCPICOREYOY-25MAY,2025-05-27,2025-06-11,2.6,87,0,89,10.204081632653061,FALSE
KXCPICOREYOY-25MAY,2025-05-28,2025-06-11,2.6,87,0,89,10.204081632653061,FALSE
KXCPICOREYOY-25MAY,2025-05-29,2025-06-11,2.6,87,0,89,10.204081632653061,FALSE
KXCPICOREYOY-25MAY,2025-05-30,2025-06-11,2.6,87,0,89,10.204081632653061,FALSE
KXCPICOREYOY-25MAY,2025-05-31,2025-06-11,2.6,87,0,89,10.204081632653061,FALSE
KXCPICOREYOY-25MAY,2025-06-01,2025-06-11,2.6,87,0,89,10.204081632653061,FALSE
KXCPICOREYOY-25MAY,2025-06-02,2025-06-11,2.6,87,0,89,10.204081632653061,FALSE
KXCPICOREYOY-25MAY,2025-06-03,2025-06-11,2.6,87,0,89,10.204081632653061,FALSE
KXCPICOREYOY-25MAY,2025-06-04,2025-06-11,2.6,87,0,89,10.204081632653061,FALSE
KXCPICOREYOY-25MAY,2025-06-05,2025-06-11,2.6,87,0,89,10.204081632653061,FALSE
KXCPICOREYOY-25MAY,2025-06-06,2025-06-11,2.6,87,0,89,10.204081632653061,FALSE
KXCPICOREYOY-25MAY,2025-06-07,2025-06-11,2.6,87,0,89,10.204081632653061,FALSE
KXCPICOREYOY-25MAY,2025-06-08,2025-06-11,2.6,94,183,94,5.1020408163265305,FALSE
KXCPICOREYOY-25MAY,2025-06-09,2025-06-11,2.6,94,0,94,5.1020408163265305,FALSE
KXCPICOREYOY-25MAY,2025-06-10,2025-06-11,2.6,99,44,99,6.122448979591836,FALSE
KXCPICOREYOY-25MAY,2025-06-11,2025-06-11,2.6,99,10,99,3.061224489795918,FALSE
KXCPICOREYOY-25NOV,2025-12-05,2025-12-18,2.6,0,0,92,7.142857142857143,FALSE
KXCPICOREYOY-25NOV,2025-12-06,2025-12-18,2.6,0,0,92,7.142857142857143,FALSE
KXCPICOREYOY-25NOV,2025-12-07,2025-12-18,2.6,0,0,92,7.142857142857143,FALSE
KXCPICOREYOY-25NOV,2025-12-08,2025-12-18,2.6,0,0,95,4.081632653061225,FALSE
KXCPICOREYOY-25NOV,2025-12-09,2025-12-18,2.6,0,0,98,1.0204081632653061,FALSE
KXCPICOREYOY-25NOV,2025-12-10,2025-12-18,2.6,0,0,98,1.0204081632653061,FALSE
KXCPICOREYOY-25NOV,2025-12-11,2025-12-18,2.6,0,0,98,1.0204081632653061,FALSE
KXCPICOREYOY-25NOV,2025-12-12,2025-12-18,2.6,0,0,98,1.0204081632653061,FALSE
KXCPICOREYOY-25NOV,2025-12-13,2025-12-18,2.6,0,0,95,4.081632653061225,FALSE
KXCPICOREYOY-25NOV,2025-12-14,2025-12-18,2.6,0,0,95,4.081632653061225,FALSE
KXCPICOREYOY-25NOV,2025-12-15,2025-12-18,2.6,0,0,95,4.081632653061225,FALSE
KXCPICOREYOY-25NOV,2025-12-16,2025-12-18,2.6,0,0,96,3.061224489795918,FALSE
KXCPICOREYOY-25NOV,2025-12-17,2025-12-18,2.6,0,0,96,3.061224489795918,FALSE
KXCPICOREYOY-25NOV,2025-12-18,2025-12-18,2.6,0,0,96,3.061224489795918,FALSE
KXCPICOREYOY-25SEP,2025-09-15,2025-10-15,2.6,0,0,97,2.0408163265306123,FALSE
KXCPICOREYOY-25SEP,2025-09-16,2025-10-15,2.6,0,0,97,2.0408163265306123,FALSE
KXCPICOREYOY-25SEP,2025-09-17,2025-10-15,2.6,0,0,97,2.0408163265306123,FALSE
KXCPICOREYOY-25SEP,2025-09-18,2025-10-15,2.6,0,0,98,1.0204081632653061,FALSE
KXCPICOREYOY-25SEP,2025-09-19,2025-10-15,2.6,0,0,98,1.0204081632653061,FALSE
KXCPICOREYOY-25SEP,2025-09-20,2025-10-15,2.6,0,0,98,1.0204081632653061,FALSE
KXCPICOREYOY-25SEP,2025-09-21,2025-10-15,2.6,0,0,98,1.0204081632653061,FALSE
KXCPICOREYOY-25SEP,2025-09-22,2025-10-15,2.6,0,0,98,1.0204081632653061,FALSE
KXCPICOREYOY-25SEP,2025-09-23,2025-10-15,2.6,0,0,98,1.0204081632653061,FALSE
KXCPICOREYOY-25SEP,2025-09-24,2025-10-15,2.6,0,0,98,1.0204081632653061,FALSE
KXCPICOREYOY-25SEP,2025-09-25,2025-10-15,2.6,0,0,98,1.0204081632653061,FALSE
KXCPICOREYOY-25SEP,2025-09-26,2025-10-15,2.6,0,0,95,4.081632653061225,FALSE
KXCPICOREYOY-25SEP,2025-09-27,2025-10-15,2.6,0,0,95,4.081632653061225,FALSE
KXCPICOREYOY-25SEP,2025-09-28,2025-10-15,2.6,0,0,95,4.081632653061225,FALSE
KXCPICOREYOY-25SEP,2025-09-29,2025-10-15,2.6,0,0,99,0,FALSE
KXCPICOREYOY-25SEP,2025-09-30,2025-10-15,2.6,0,0,99,0,FALSE
KXCPICOREYOY-25SEP,2025-10-01,2025-10-15,2.6,0,0,99,0,FALSE
KXCPICOREYOY-25SEP,2025-10-02,2025-10-15,2.6,0,0,99,0,FALSE
KXCPICOREYOY-25SEP,2025-10-03,2025-10-15,2.6,0,0,99,0,FALSE
KXCPICOREYOY-25SEP,2025-10-04,2025-10-15,2.6,0,0,99,0,FALSE
KXCPICOREYOY-25SEP,2025-10-05,2025-10-15,2.6,0,0,99,0,FALSE
KXCPICOREYOY-25SEP,2025-10-06,2025-10-15,2.6,0,0,99,0,FALSE
KXCPICOREYOY-25SEP,2025-10-07,2025-10-15,2.6,0,0,99,0,FALSE
KXCPICOREYOY-25SEP,2025-10-08,2025-10-15,2.6,0,0,96,0,FALSE
KXCPICOREYOY-25SEP,2025-10-09,2025-10-15,2.6,0,0,96,0,FALSE
KXCPICOREYOY-25SEP,2025-10-10,2025-10-15,2.6,0,0,96,0,FALSE
KXCPICOREYOY-25SEP,2025-10-11,2025-10-15,2.6,0,0,96,0,FALSE
KXCPICOREYOY-25SEP,2025-10-12,2025-10-15,2.6,0,0,96,0,FALSE
KXCPICOREYOY-25SEP,2025-10-13,2025-10-15,2.6,0,0,96,0,FALSE
KXCPICOREYOY-25SEP,2025-10-14,2025-10-15,2.6,0,0,96,0,FALSE
KXCPICOREYOY-25SEP,2025-10-15,2025-10-15,2.6,0,0,96,0,FALSE
KXCPICOREYOY-26APR,2026-04-30,2026-05-12,2.6,73,2141,73,38.775510204081634,FALSE
KXCPICOREYOY-26APR,2026-05-01,2026-05-12,2.6,66,3703.41,66,33.673469387755105,FALSE
KXCPICOREYOY-26APR,2026-05-02,2026-05-12,2.6,65,112.11,65,30.612244897959183,FALSE
KXCPICOREYOY-26APR,2026-05-03,2026-05-12,2.6,73,323,73,36.734693877551024,FALSE
KXCPICOREYOY-26APR,2026-05-04,2026-05-12,2.6,74,82,74,42.857142857142854,FALSE
KXCPICOREYOY-26APR,2026-05-05,2026-05-12,2.6,77,1209.83,77,31.632653061224488,FALSE
KXCPICOREYOY-26APR,2026-05-06,2026-05-12,2.6,79,312.1,79,36.734693877551024,FALSE
KXCPICOREYOY-26APR,2026-05-07,2026-05-12,2.6,87,231.39,87,47.95918367346939,FALSE
KXCPICOREYOY-26APR,2026-05-08,2026-05-12,2.6,82,347.25,82,48.97959183673469,FALSE
KXCPICOREYOY-26APR,2026-05-09,2026-05-12,2.6,83,44.33,83,46.93877551020408,FALSE
KXCPICOREYOY-26APR,2026-05-10,2026-05-12,2.6,83,35.7,83,51.02040816326531,FALSE
KXCPICOREYOY-26APR,2026-05-11,2026-05-12,2.6,80,1635.69,80,44.89795918367347,FALSE
KXCPICOREYOY-26APR,2026-05-12,2026-05-12,2.6,87,1883.91,87,54.08163265306123,FALSE
KXCPICOREYOY-26AUG,2026-07-04,2026-08-03,2.6,0,0,22,3.061224489795918,FALSE
KXCPICOREYOY-26AUG,2026-07-05,2026-08-03,2.6,0,0,22,3.061224489795918,FALSE
KXCPICOREYOY-26AUG,2026-07-06,2026-08-03,2.6,0,0,22,3.061224489795918,FALSE
KXCPICOREYOY-26AUG,2026-07-07,2026-08-03,2.6,0,0,22,3.061224489795918,FALSE
KXCPICOREYOY-26AUG,2026-07-08,2026-08-03,2.6,0,0,5,3.061224489795918,FALSE
KXCPICOREYOY-26AUG,2026-07-09,2026-08-03,2.6,0,0,5,3.061224489795918,FALSE
KXCPICOREYOY-26AUG,2026-07-10,2026-08-03,2.6,0,0,5,3.061224489795918,FALSE
KXCPICOREYOY-26AUG,2026-07-11,2026-08-03,2.6,0,0,5,3.061224489795918,FALSE
KXCPICOREYOY-26AUG,2026-07-12,2026-08-03,2.6,0,0,5,3.061224489795918,FALSE
KXCPICOREYOY-26AUG,2026-07-13,2026-08-03,2.6,0,0,5,3.061224489795918,FALSE
KXCPICOREYOY-26AUG,2026-07-14,2026-08-03,2.6,0,0,5,3.061224489795918,FALSE
KXCPICOREYOY-26AUG,2026-07-15,2026-08-03,2.6,0,0,5,3.061224489795918,FALSE
KXCPICOREYOY-26AUG,2026-07-16,2026-08-03,2.6,14.000000000000002,70,14.000000000000002,4.081632653061225,FALSE
KXCPICOREYOY-26AUG,2026-07-17,2026-08-03,2.6,14.000000000000002,0,14.000000000000002,4.081632653061225,FALSE
KXCPICOREYOY-26AUG,2026-07-18,2026-08-03,2.6,14.000000000000002,0,14.000000000000002,4.081632653061225,FALSE
KXCPICOREYOY-26AUG,2026-07-19,2026-08-03,2.6,60,1,60,53.06122448979592,FALSE
KXCPICOREYOY-26AUG,2026-07-20,2026-08-03,2.6,60,0,60,53.06122448979592,FALSE
KXCPICOREYOY-26AUG,2026-07-21,2026-08-03,2.6,60,0,60,53.06122448979592,FALSE
KXCPICOREYOY-26AUG,2026-07-22,2026-08-03,2.6,60,0,60,53.06122448979592,FALSE
KXCPICOREYOY-26AUG,2026-07-23,2026-08-03,2.6,60,0,60,53.06122448979592,FALSE
KXCPICOREYOY-26AUG,2026-07-24,2026-08-03,2.6,60,0,60,53.06122448979592,FALSE
KXCPICOREYOY-26AUG,2026-07-25,2026-08-03,2.6,60,0,60,53.06122448979592,FALSE
KXCPICOREYOY-26AUG,2026-07-26,2026-08-03,2.6,60,0,60,53.06122448979592,FALSE
KXCPICOREYOY-26AUG,2026-07-27,2026-08-03,2.6,60,0,60,53.06122448979592,FALSE
KXCPICOREYOY-26AUG,2026-07-28,2026-08-03,2.6,60,0,43,1.0204081632653061,FALSE
KXCPICOREYOY-26AUG,2026-07-29,2026-08-03,2.6,60,0,54,46.93877551020408,FALSE
KXCPICOREYOY-26AUG,2026-07-30,2026-08-03,2.6,10,102,10,6.122448979591836,FALSE
KXCPICOREYOY-26AUG,2026-07-31,2026-08-03,2.6,10,0,10,6.122448979591836,FALSE
KXCPICOREYOY-26AUG,2026-08-01,2026-08-03,2.6,10,0,10,6.122448979591836,FALSE
KXCPICOREYOY-26AUG,2026-08-02,2026-08-03,2.6,10,0,10,6.122448979591836,FALSE
KXCPICOREYOY-26AUG,2026-08-03,2026-08-03,2.6,10,0,10,7.142857142857143,FALSE
KXCPICOREYOY-26FEB,2026-02-17,2026-03-11,2.6,11,14,11,6.122448979591836,FALSE
KXCPICOREYOY-26FEB,2026-02-18,2026-03-11,2.6,11,0,11,6.122448979591836,FALSE
KXCPICOREYOY-26FEB,2026-02-19,2026-03-11,2.6,16,4193,16,13.26530612244898,FALSE
KXCPICOREYOY-26FEB,2026-02-20,2026-03-11,2.6,1,548,1,0,FALSE
KXCPICOREYOY-26FEB,2026-02-21,2026-03-11,2.6,5,100,5,1.0204081632653061,FALSE
KXCPICOREYOY-26FEB,2026-02-22,2026-03-11,2.6,5,0,5,1.0204081632653061,FALSE
KXCPICOREYOY-26FEB,2026-02-23,2026-03-11,2.6,10,8,10,7.142857142857143,FALSE
KXCPICOREYOY-26FEB,2026-02-24,2026-03-11,2.6,10,0,10,8.16326530612245,FALSE
KXCPICOREYOY-26FEB,2026-02-25,2026-03-11,2.6,10,0,10,8.16326530612245,FALSE
KXCPICOREYOY-26FEB,2026-02-26,2026-03-11,2.6,6,1284,6,2.0408163265306123,FALSE
KXCPICOREYOY-26FEB,2026-02-27,2026-03-11,2.6,12,39,12,1.0204081632653061,FALSE
KXCPICOREYOY-26FEB,2026-02-28,2026-03-11,2.6,18,20,18,7.142857142857143,FALSE
KXCPICOREYOY-26FEB,2026-03-01,2026-03-11,2.6,12,45,12,6.122448979591836,FALSE
KXCPICOREYOY-26FEB,2026-03-02,2026-03-11,2.6,14.000000000000002,521,14.000000000000002,8.163265306122451,FALSE
KXCPICOREYOY-26FEB,2026-03-03,2026-03-11,2.6,14.000000000000002,0,14.000000000000002,8.163265306122451,FALSE
KXCPICOREYOY-26FEB,2026-03-04,2026-03-11,2.6,12,72,12,6.122448979591836,FALSE
KXCPICOREYOY-26FEB,2026-03-05,2026-03-11,2.6,16,283,16,10.204081632653061,FALSE
KXCPICOREYOY-26FEB,2026-03-06,2026-03-11,2.6,15,57,15,9.183673469387756,FALSE
KXCPICOREYOY-26FEB,2026-03-07,2026-03-11,2.6,18,26,18,12.244897959183673,FALSE
KXCPICOREYOY-26FEB,2026-03-08,2026-03-11,2.6,10,1021,10,6.122448979591836,FALSE
KXCPICOREYOY-26FEB,2026-03-09,2026-03-11,2.6,10,258,10,4.081632653061225,FALSE
KXCPICOREYOY-26FEB,2026-03-10,2026-03-11,2.6,12,171,12,9.183673469387756,FALSE
KXCPICOREYOY-26FEB,2026-03-11,2026-03-11,2.6,5,559,5,3.061224489795918,FALSE
KXCPICOREYOY-26JAN,2026-01-15,2026-02-13,2.6,0,0,33,11.224489795918368,FALSE
KXCPICOREYOY-26JAN,2026-01-16,2026-02-13,2.6,0,0,33,12.244897959183673,FALSE
KXCPICOREYOY-26JAN,2026-01-17,2026-02-13,2.6,0,0,32,11.224489795918368,FALSE
KXCPICOREYOY-26JAN,2026-01-18,2026-02-13,2.6,0,0,35,13.26530612244898,FALSE
KXCPICOREYOY-26JAN,2026-01-19,2026-02-13,2.6,0,0,36,6.122448979591836,FALSE
KXCPICOREYOY-26JAN,2026-01-20,2026-02-13,2.6,51,18,51,18.367346938775512,FALSE
KXCPICOREYOY-26JUL,2026-07-06,2026-08-05,2.6,0,0,47,53.06122448979592,FALSE
KXCPICOREYOY-26JUL,2026-07-07,2026-08-05,2.6,0,0,47,53.06122448979592,FALSE
KXCPICOREYOY-26JUL,2026-07-08,2026-08-05,2.6,0,0,47,53.06122448979592,FALSE
KXCPICOREYOY-26JUL,2026-07-09,2026-08-05,2.6,0,0,47,53.06122448979592,FALSE
KXCPICOREYOY-26JUL,2026-07-13,2026-08-05,2.6,82,0,82,35.714285714285715,FALSE
KXCPICOREYOY-26JUL,2026-07-14,2026-08-05,2.6,50,405.84000000000003,50,47.95918367346939,FALSE
KXCPICOREYOY-26JUL,2026-07-15,2026-08-05,2.6,50,55,50,47.95918367346939,FALSE
KXCPICOREYOY-26JUL,2026-07-16,2026-08-05,2.6,46,60,46,2.0408163265306123,FALSE
KXCPICOREYOY-26JUL,2026-07-17,2026-08-05,2.6,33,291.54,33,2.0408163265306123,FALSE
KXCPICOREYOY-26JUL,2026-07-18,2026-08-05,2.6,33,0,33,2.0408163265306123,FALSE
KXCPICOREYOY-26JUL,2026-07-19,2026-08-05,2.6,33,0,33,3.061224489795918,FALSE
KXCPICOREYOY-26JUL,2026-07-20,2026-08-05,2.6,15,102.07,15,7.142857142857143,FALSE
KXCPICOREYOY-26JUL,2026-07-21,2026-08-05,2.6,11,342,11,3.061224489795918,FALSE
KXCPICOREYOY-26JUL,2026-07-22,2026-08-05,2.6,5,268.61,5,2.0408163265306123,FALSE
KXCPICOREYOY-26JUL,2026-07-23,2026-08-05,2.6,18,32.33,18,10.204081632653061,FALSE
KXCPICOREYOY-26JUL,2026-07-24,2026-08-05,2.6,18,5.25,6,1.0204081632653061,FALSE
KXCPICOREYOY-26JUL,2026-07-25,2026-08-05,2.6,18,0,6,1.0204081632653061,FALSE
KXCPICOREYOY-26JUL,2026-07-26,2026-08-05,2.6,18,0,6,1.0204081632653061,FALSE
KXCPICOREYOY-26JUL,2026-07-27,2026-08-05,2.6,18,0,6,1.0204081632653061,FALSE
KXCPICOREYOY-26JUL,2026-07-28,2026-08-05,2.6,17,5.21,6,1.0204081632653061,FALSE
KXCPICOREYOY-26JUL,2026-07-29,2026-08-05,2.6,17,0,6,1.0204081632653061,FALSE
KXCPICOREYOY-26JUL,2026-07-30,2026-08-05,2.6,17,0,6,1.0204081632653061,FALSE
KXCPICOREYOY-26JUL,2026-07-31,2026-08-05,2.6,13,35.370000000000005,13,9.183673469387756,FALSE
KXCPICOREYOY-26JUL,2026-08-01,2026-08-05,2.6,13,0,13,9.183673469387756,FALSE
KXCPICOREYOY-26JUL,2026-08-02,2026-08-05,2.6,13,0,13,9.183673469387756,FALSE
KXCPICOREYOY-26JUL,2026-08-03,2026-08-05,2.6,15,323.01,15,11.224489795918368,FALSE
KXCPICOREYOY-26JUL,2026-08-04,2026-08-05,2.6,16,20,16,12.244897959183673,FALSE
KXCPICOREYOY-26JUL,2026-08-05,2026-08-05,2.6,16,0,16,12.244897959183673,FALSE
KXCPICOREYOY-26JUN,2026-06-29,2026-07-14,2.6,0,0,73,1.0204081632653061,FALSE
KXCPICOREYOY-26JUN,2026-06-30,2026-07-14,2.6,0,0,53,1.0204081632653061,FALSE
KXCPICOREYOY-26JUN,2026-07-01,2026-07-14,2.6,91,26106,91,2.0408163265306123,FALSE
KXCPICOREYOY-26JUN,2026-07-02,2026-07-14,2.6,95,1.09,95,25.510204081632654,FALSE
KXCPICOREYOY-26JUN,2026-07-03,2026-07-14,2.6,95,0,95,25.510204081632654,FALSE
KXCPICOREYOY-26JUN,2026-07-04,2026-07-14,2.6,95,0,95,27.551020408163264,FALSE
KXCPICOREYOY-26JUN,2026-07-05,2026-07-14,2.6,95,0,95,8.16326530612245,FALSE
KXCPICOREYOY-26JUN,2026-07-06,2026-07-14,2.6,95,0,95,9.183673469387756,FALSE
KXCPICOREYOY-26JUN,2026-07-07,2026-07-14,2.6,98,3062.99,98,13.26530612244898,FALSE
KXCPICOREYOY-26JUN,2026-07-08,2026-07-14,2.6,99,77,99,15.306122448979592,FALSE
KXCPICOREYOY-26JUN,2026-07-09,2026-07-14,2.6,99,0,99,13.26530612244898,FALSE
KXCPICOREYOY-26JUN,2026-07-10,2026-07-14,2.6,98,428.58,98,16.3265306122449,FALSE
KXCPICOREYOY-26JUN,2026-07-11,2026-07-14,2.6,99,14622.42,99,17.346938775510203,FALSE
KXCPICOREYOY-26JUN,2026-07-12,2026-07-14,2.6,99,1406,99,16.3265306122449,FALSE
KXCPICOREYOY-26JUN,2026-07-13,2026-07-14,2.6,98,5286.98,98,16.3265306122449,FALSE
KXCPICOREYOY-26JUN,2026-07-14,2026-07-14,2.6,98,0,98,13.26530612244898,FALSE
KXCPICOREYOY-26MAY,2026-05-11,2026-06-10,2.6,72,0,72,7.142857142857143,FALSE
KXCPICOREYOY-26MAY,2026-05-12,2026-06-10,2.6,87,310,87,7.142857142857143,FALSE
KXCPICOREYOY-26MAY,2026-05-13,2026-06-10,2.6,94,970,94,13.26530612244898,FALSE
KXCPICOREYOY-26MAY,2026-05-14,2026-06-10,2.6,95,33,95,16.3265306122449,FALSE
KXCPICOREYOY-26MAY,2026-05-15,2026-06-10,2.6,95,0,95,7.142857142857143,FALSE
KXCPICOREYOY-26MAY,2026-05-16,2026-06-10,2.6,95,0,95,1.0204081632653061,FALSE
KXCPICOREYOY-26MAY,2026-05-17,2026-06-10,2.6,95,0,95,1.0204081632653061,FALSE
KXCPICOREYOY-26MAY,2026-05-18,2026-06-10,2.6,97,12,97,6.122448979591836,FALSE
KXCPICOREYOY-26MAY,2026-05-19,2026-06-10,2.6,97,0,97,1.0204081632653061,FALSE
KXCPICOREYOY-26MAY,2026-05-20,2026-06-10,2.6,97,0,97,4.081632653061225,FALSE
KXCPICOREYOY-26MAY,2026-05-21,2026-06-10,2.6,97,0,97,4.081632653061225,FALSE
KXCPICOREYOY-26MAY,2026-05-22,2026-06-10,2.6,97,0,97,5.1020408163265305,FALSE
KXCPICOREYOY-26MAY,2026-05-23,2026-06-10,2.6,97,0,97,5.1020408163265305,FALSE
KXCPICOREYOY-26MAY,2026-05-24,2026-06-10,2.6,97,0,97,5.1020408163265305,FALSE
KXCPICOREYOY-26MAY,2026-05-25,2026-06-10,2.6,97,0,97,5.1020408163265305,FALSE
KXCPICOREYOY-26MAY,2026-05-26,2026-06-10,2.6,97,0,97,5.1020408163265305,FALSE
KXCPICOREYOY-26MAY,2026-05-27,2026-06-10,2.6,97,0,97,5.1020408163265305,FALSE
KXCPICOREYOY-26MAY,2026-05-28,2026-06-10,2.6,97,0,97,5.1020408163265305,FALSE
KXCPICOREYOY-26MAY,2026-05-29,2026-06-10,2.6,97,0,97,4.081632653061225,FALSE
KXCPICOREYOY-26MAY,2026-05-30,2026-06-10,2.6,97,0,97,4.081632653061225,FALSE
KXCPICOREYOY-26MAY,2026-05-31,2026-06-10,2.6,97,0,97,4.081632653061225,FALSE
KXCPICOREYOY-26MAY,2026-06-01,2026-06-10,2.6,98,10,98,6.122448979591836,FALSE
KXCPICOREYOY-26MAY,2026-06-02,2026-06-10,2.6,98,10,98,5.1020408163265305,FALSE
KXCPICOREYOY-26MAY,2026-06-03,2026-06-10,2.6,98,0,98,10.204081632653061,FALSE
KXCPICOREYOY-26MAY,2026-06-04,2026-06-10,2.6,98,0,98,10.204081632653061,FALSE
KXCPICOREYOY-26MAY,2026-06-05,2026-06-10,2.6,98,0,98,10.204081632653061,FALSE
KXCPICOREYOY-26MAY,2026-06-06,2026-06-10,2.6,98,0,98,3.061224489795918,FALSE
KXCPICOREYOY-26MAY,2026-06-07,2026-06-10,2.6,98,0,98,3.061224489795918,FALSE
KXCPICOREYOY-26MAY,2026-06-08,2026-06-10,2.6,96,20,96,2.0408163265306123,FALSE
KXCPICOREYOY-26MAY,2026-06-09,2026-06-10,2.6,96,0,96,5.1020408163265305,FALSE
KXCPICOREYOY-26MAY,2026-06-10,2026-06-10,2.6,96,0,96,5.1020408163265305,FALSE
KXCPICOREYOY-26NOV,2026-07-08,2026-08-05,2.6,0,0,70,0,FALSE
KXCPICOREYOY-26NOV,2026-07-09,2026-08-05,2.6,0,0,70,0,FALSE
KXCPICOREYOY-26NOV,2026-07-10,2026-08-05,2.6,0,0,70,0,FALSE
KXCPICOREYOY-26NOV,2026-07-11,2026-08-05,2.6,0,0,70,0,FALSE
KXCPICOREYOY-26NOV,2026-07-12,2026-08-05,2.6,0,0,70,0,FALSE
KXCPICOREYOY-26NOV,2026-07-13,2026-08-05,2.6,0,0,70,0,FALSE
KXCPICOREYOY-26NOV,2026-07-14,2026-08-05,2.6,67,48,70,1.0204081632653061,FALSE
KXCPICOREYOY-26NOV,2026-07-15,2026-08-05,2.6,67,0,70,1.0204081632653061,FALSE
KXCPICOREYOY-26NOV,2026-07-16,2026-08-05,2.6,67,0,70,1.0204081632653061,FALSE
KXCPICOREYOY-26NOV,2026-07-17,2026-08-05,2.6,67,0,70,1.0204081632653061,FALSE
KXCPICOREYOY-26NOV,2026-07-18,2026-08-05,2.6,67,0,70,1.0204081632653061,FALSE
KXCPICOREYOY-26NOV,2026-07-19,2026-08-05,2.6,67,0,70,0,FALSE
KXCPICOREYOY-26NOV,2026-07-20,2026-08-05,2.6,67,0,70,0,FALSE
KXCPICOREYOY-26NOV,2026-07-21,2026-08-05,2.6,67,0,70,0,FALSE
KXCPICOREYOY-26NOV,2026-07-22,2026-08-05,2.6,67,0,70,0,FALSE
KXCPICOREYOY-26NOV,2026-07-23,2026-08-05,2.6,67,0,97,0,FALSE
KXCPICOREYOY-26NOV,2026-07-24,2026-08-05,2.6,67,0,97,0,FALSE
KXCPICOREYOY-26NOV,2026-07-25,2026-08-05,2.6,67,0,97,0,FALSE
KXCPICOREYOY-26NOV,2026-07-26,2026-08-05,2.6,67,0,97,0,FALSE
KXCPICOREYOY-26NOV,2026-07-27,2026-08-05,2.6,67,0,79,0,FALSE
KXCPICOREYOY-26NOV,2026-07-28,2026-08-05,2.6,67,0,79,1.0204081632653061,FALSE
KXCPICOREYOY-26NOV,2026-07-29,2026-08-05,2.6,67,0,79,1.0204081632653061,FALSE
KXCPICOREYOY-26NOV,2026-07-30,2026-08-05,2.6,81,10,81,17.346938775510203,FALSE
KXCPICOREYOY-26NOV,2026-07-31,2026-08-05,2.6,81,0,81,17.346938775510203,FALSE
KXCPICOREYOY-26NOV,2026-08-01,2026-08-05,2.6,81,0,81,16.3265306122449,FALSE
KXCPICOREYOY-26NOV,2026-08-02,2026-08-05,2.6,81,0,81,16.3265306122449,FALSE
KXCPICOREYOY-26NOV,2026-08-03,2026-08-05,2.6,81,0,81,16.3265306122449,FALSE
KXCPICOREYOY-26NOV,2026-08-04,2026-08-05,2.6,81,0,81,16.3265306122449,FALSE
KXCPICOREYOY-26NOV,2026-08-05,2026-08-05,2.6,81,0,81,16.3265306122449,FALSE
KXCPICOREYOY-26SEP,2026-07-08,2026-08-05,2.6,0,0,1,0,FALSE
KXCPICOREYOY-26SEP,2026-07-09,2026-08-05,2.6,0,0,35,0,FALSE
KXCPICOREYOY-26SEP,2026-07-10,2026-08-05,2.6,0,0,35,0,FALSE
KXCPICOREYOY-26SEP,2026-07-11,2026-08-05,2.6,0,0,35,0,FALSE
KXCPICOREYOY-26SEP,2026-07-12,2026-08-05,2.6,0,0,35,0,FALSE
KXCPICOREYOY-26SEP,2026-07-13,2026-08-05,2.6,0,0,35,0,FALSE
KXCPICOREYOY-26SEP,2026-07-14,2026-08-05,2.6,0,0,37,34.69387755102041,FALSE
KXCPICOREYOY-26SEP,2026-07-15,2026-08-05,2.6,0,0,37,34.69387755102041,FALSE
KXCPICOREYOY-26SEP,2026-07-16,2026-08-05,2.6,0,0,37,2.0408163265306123,FALSE
KXCPICOREYOY-26SEP,2026-07-17,2026-08-05,2.6,0,0,37,2.0408163265306123,FALSE
KXCPICOREYOY-26SEP,2026-07-18,2026-08-05,2.6,0,0,37,2.0408163265306123,FALSE
KXCPICOREYOY-26SEP,2026-07-19,2026-08-05,2.6,0,0,37,2.0408163265306123,FALSE
KXCPICOREYOY-26SEP,2026-07-20,2026-08-05,2.6,0,0,37,2.0408163265306123,FALSE
KXCPICOREYOY-26SEP,2026-07-21,2026-08-05,2.6,0,0,37,2.0408163265306123,FALSE
KXCPICOREYOY-26SEP,2026-07-22,2026-08-05,2.6,0,0,37,2.0408163265306123,FALSE
KXCPICOREYOY-26SEP,2026-07-23,2026-08-05,2.6,0,0,37,2.0408163265306123,FALSE
KXCPICOREYOY-26SEP,2026-07-24,2026-08-05,2.6,0,0,37,2.0408163265306123,FALSE
KXCPICOREYOY-26SEP,2026-07-25,2026-08-05,2.6,0,0,37,2.0408163265306123,FALSE
KXCPICOREYOY-26SEP,2026-07-26,2026-08-05,2.6,0,0,37,2.0408163265306123,FALSE
KXCPICOREYOY-26SEP,2026-07-27,2026-08-05,2.6,0,0,37,2.0408163265306123,FALSE
KXCPICOREYOY-26SEP,2026-07-28,2026-08-05,2.6,41,20,41,0,FALSE
KXCPICOREYOY-26SEP,2026-07-29,2026-08-05,2.6,42,40,42,36.734693877551024,FALSE
KXCPICOREYOY-26SEP,2026-07-30,2026-08-05,2.6,42,0,42,36.734693877551024,FALSE
KXCPICOREYOY-26SEP,2026-07-31,2026-08-05,2.6,42,0,42,36.734693877551024,FALSE
KXCPICOREYOY-26SEP,2026-08-01,2026-08-05,2.6,42,0,42,6.122448979591836,FALSE
KXCPICOREYOY-26SEP,2026-08-02,2026-08-05,2.6,42,0,42,6.122448979591836,FALSE
KXCPICOREYOY-26SEP,2026-08-03,2026-08-05,2.6,42,0,42,6.122448979591836,FALSE
KXCPICOREYOY-26SEP,2026-08-04,2026-08-05,2.6,42,0,42,6.122448979591836,FALSE
KXCPICOREYOY-26SEP,2026-08-05,2026-08-05,2.6,37,30,37,21.428571428571427,FALSE
KXCPICOREYOY-25DEC,2025-12-22,2026-01-13,2.6999999999999997,35,29774,46,45.91836734693877,FALSE
KXCPICOREYOY-25DEC,2025-12-23,2026-01-13,2.6999999999999997,35,1516,46,45.91836734693877,FALSE
KXCPICOREYOY-25DEC,2025-12-24,2026-01-13,2.6999999999999997,36,26,46,45.91836734693877,FALSE
KXCPICOREYOY-25DEC,2025-12-25,2026-01-13,2.6999999999999997,33,133,46,45.91836734693877,FALSE
KXCPICOREYOY-25DEC,2025-12-26,2026-01-13,2.6999999999999997,37,51,46,45.91836734693877,FALSE
KXCPICOREYOY-25DEC,2025-12-27,2026-01-13,2.6999999999999997,30,416,46,45.91836734693877,FALSE
KXCPICOREYOY-25DEC,2025-12-28,2026-01-13,2.6999999999999997,37,2,46,45.91836734693877,FALSE
KXCPICOREYOY-25DEC,2025-12-29,2026-01-13,2.6999999999999997,37,10,46,45.91836734693877,FALSE
KXCPICOREYOY-25DEC,2025-12-30,2026-01-13,2.6999999999999997,36,266,46,45.91836734693877,FALSE
KXCPICOREYOY-25DEC,2025-12-31,2026-01-13,2.6999999999999997,40,992,46,45.91836734693877,FALSE
KXCPICOREYOY-25DEC,2026-01-01,2026-01-13,2.6999999999999997,35,542,46,45.91836734693877,FALSE
KXCPICOREYOY-25DEC,2026-01-02,2026-01-13,2.6999999999999997,41,7,46,45.91836734693877,FALSE
KXCPICOREYOY-25DEC,2026-01-03,2026-01-13,2.6999999999999997,36,349,46,45.91836734693877,FALSE
KXCPICOREYOY-25DEC,2026-01-04,2026-01-13,2.6999999999999997,39,49,46,45.91836734693877,FALSE
KXCPICOREYOY-25DEC,2026-01-05,2026-01-13,2.6999999999999997,41,6547,46,45.91836734693877,FALSE
KXCPICOREYOY-25DEC,2026-01-06,2026-01-13,2.6999999999999997,41,6576,46,45.91836734693877,FALSE
KXCPICOREYOY-25DEC,2026-01-07,2026-01-13,2.6999999999999997,46,10806,46,27.551020408163264,FALSE
KXCPICOREYOY-25DEC,2026-01-08,2026-01-13,2.6999999999999997,46,179,46,31.632653061224488,FALSE
KXCPICOREYOY-25DEC,2026-01-09,2026-01-13,2.6999999999999997,43,201,46,45.91836734693877,FALSE
KXCPICOREYOY-25DEC,2026-01-10,2026-01-13,2.6999999999999997,43,336,46,45.91836734693877,FALSE
KXCPICOREYOY-25DEC,2026-01-11,2026-01-13,2.6999999999999997,46,425,46,32.6530612244898,FALSE
KXCPICOREYOY-25DEC,2026-01-12,2026-01-13,2.6999999999999997,35,6522,46,45.91836734693877,FALSE
KXCPICOREYOY-25DEC,2026-01-13,2026-01-13,2.6999999999999997,64,898,64,18.367346938775512,FALSE
KXCPICOREYOY-25JAN,2025-01-13,2025-02-12,2.6999999999999997,0,0,92,0,FALSE
KXCPICOREYOY-25JAN,2025-01-14,2025-02-12,2.6999999999999997,0,0,92,0,FALSE
KXCPICOREYOY-25JAN,2025-01-15,2025-02-12,2.6999999999999997,0,0,92,0,FALSE
KXCPICOREYOY-25JAN,2025-01-16,2025-02-12,2.6999999999999997,0,0,92,0,FALSE
KXCPICOREYOY-25JAN,2025-01-17,2025-02-12,2.6999999999999997,0,0,92,0,FALSE
KXCPICOREYOY-25JAN,2025-01-18,2025-02-12,2.6999999999999997,0,0,92,0,FALSE
KXCPICOREYOY-25JAN,2025-01-19,2025-02-12,2.6999999999999997,0,0,92,0,FALSE
KXCPICOREYOY-25JAN,2025-01-20,2025-02-12,2.6999999999999997,0,0,92,0,FALSE
KXCPICOREYOY-25JAN,2025-01-21,2025-02-12,2.6999999999999997,0,0,92,0,FALSE
KXCPICOREYOY-25JAN,2025-01-22,2025-02-12,2.6999999999999997,0,0,92,0,FALSE
KXCPICOREYOY-25JAN,2025-01-23,2025-02-12,2.6999999999999997,0,0,94,0,FALSE
KXCPICOREYOY-25JAN,2025-01-24,2025-02-12,2.6999999999999997,0,0,93,0,FALSE
KXCPICOREYOY-25JAN,2025-01-25,2025-02-12,2.6999999999999997,0,0,93,0,FALSE
KXCPICOREYOY-25JAN,2025-01-26,2025-02-12,2.6999999999999997,0,0,93,0,FALSE
KXCPICOREYOY-25JAN,2025-01-27,2025-02-12,2.6999999999999997,0,0,93,0,FALSE
KXCPICOREYOY-25JAN,2025-01-28,2025-02-12,2.6999999999999997,0,0,93,0,FALSE
KXCPICOREYOY-25JAN,2025-01-29,2025-02-12,2.6999999999999997,0,0,93,0,FALSE
KXCPICOREYOY-25JAN,2025-01-30,2025-02-12,2.6999999999999997,0,0,94,0,FALSE
KXCPICOREYOY-25JAN,2025-01-31,2025-02-12,2.6999999999999997,0,0,96,0,FALSE
KXCPICOREYOY-25JAN,2025-02-01,2025-02-12,2.6999999999999997,0,0,97,0,FALSE
KXCPICOREYOY-25JAN,2025-02-02,2025-02-12,2.6999999999999997,0,0,97,0,FALSE
KXCPICOREYOY-25JAN,2025-02-03,2025-02-12,2.6999999999999997,0,0,92,7.142857142857143,FALSE
KXCPICOREYOY-25JAN,2025-02-04,2025-02-12,2.6999999999999997,0,0,92,7.142857142857143,FALSE
KXCPICOREYOY-25JAN,2025-02-05,2025-02-12,2.6999999999999997,0,0,92,7.142857142857143,FALSE
KXCPICOREYOY-25JAN,2025-02-06,2025-02-12,2.6999999999999997,0,0,93,0,FALSE
KXCPICOREYOY-25JAN,2025-02-07,2025-02-12,2.6999999999999997,0,0,92,7.142857142857143,FALSE
KXCPICOREYOY-25JAN,2025-02-08,2025-02-12,2.6999999999999997,0,0,92,7.142857142857143,FALSE
KXCPICOREYOY-25JAN,2025-02-09,2025-02-12,2.6999999999999997,0,0,92,7.142857142857143,FALSE
KXCPICOREYOY-25JAN,2025-02-10,2025-02-12,2.6999999999999997,0,0,92,0,FALSE
KXCPICOREYOY-25JAN,2025-02-11,2025-02-12,2.6999999999999997,0,0,99,0,FALSE
KXCPICOREYOY-25JAN,2025-02-12,2025-02-12,2.6999999999999997,0,0,99,0,FALSE
KXCPICOREYOY-26APR,2026-04-12,2026-05-12,2.6999999999999997,21,28.79,21,14.285714285714286,FALSE
KXCPICOREYOY-26APR,2026-04-13,2026-05-12,2.6999999999999997,30,2378.99,30,16.326530612244895,FALSE
KXCPICOREYOY-26APR,2026-04-14,2026-05-12,2.6999999999999997,27,345,27,12.244897959183673,FALSE
KXCPICOREYOY-26APR,2026-04-15,2026-05-12,2.6999999999999997,33,2.89,33,18.367346938775512,FALSE
KXCPICOREYOY-26APR,2026-04-16,2026-05-12,2.6999999999999997,31,28.46,31,16.3265306122449,FALSE
KXCPICOREYOY-26APR,2026-04-17,2026-05-12,2.6999999999999997,26,11,26,13.26530612244898,FALSE
KXCPICOREYOY-26APR,2026-04-18,2026-05-12,2.6999999999999997,32,68.96,32,20.408163265306122,FALSE
KXCPICOREYOY-26APR,2026-04-19,2026-05-12,2.6999999999999997,30,138.75,30,18.367346938775512,FALSE
KXCPICOREYOY-26APR,2026-04-20,2026-05-12,2.6999999999999997,30,26.66,30,17.346938775510203,FALSE
KXCPICOREYOY-26APR,2026-04-21,2026-05-12,2.6999999999999997,28.000000000000004,192,28.000000000000004,13.265306122448985,FALSE
KXCPICOREYOY-26APR,2026-04-22,2026-05-12,2.6999999999999997,28.000000000000004,0,28.000000000000004,13.265306122448985,FALSE
KXCPICOREYOY-26APR,2026-04-23,2026-05-12,2.6999999999999997,28.999999999999996,245,28.999999999999996,14.285714285714281,FALSE
KXCPICOREYOY-26APR,2026-04-24,2026-05-12,2.6999999999999997,30,1,30,17.346938775510203,FALSE
KXCPICOREYOY-26APR,2026-04-25,2026-05-12,2.6999999999999997,30,756.46,30,19.387755102040817,FALSE
KXCPICOREYOY-26APR,2026-04-26,2026-05-12,2.6999999999999997,30,0,30,19.387755102040817,FALSE
KXCPICOREYOY-26APR,2026-04-27,2026-05-12,2.6999999999999997,31,800.95,31,23.46938775510204,FALSE
KXCPICOREYOY-26APR,2026-04-28,2026-05-12,2.6999999999999997,31,60,31,23.46938775510204,FALSE
KXCPICOREYOY-26APR,2026-04-29,2026-05-12,2.6999999999999997,31,0,31,23.46938775510204,FALSE
KXCPICOREYOY-26FEB,2026-02-09,2026-03-11,2.6999999999999997,54,0,54,54.08163265306123,FALSE
KXCPICOREYOY-26FEB,2026-02-10,2026-03-11,2.6999999999999997,54,0,54,54.08163265306123,FALSE
KXCPICOREYOY-26FEB,2026-02-11,2026-03-11,2.6999999999999997,54,0,54,54.08163265306123,FALSE
KXCPICOREYOY-26FEB,2026-02-12,2026-03-11,2.6999999999999997,54,0,54,35.714285714285715,FALSE
KXCPICOREYOY-26FEB,2026-02-13,2026-03-11,2.6999999999999997,6,1007,6,1.0204081632653061,FALSE
KXCPICOREYOY-26FEB,2026-02-14,2026-03-11,2.6999999999999997,5,121,5,4.081632653061225,FALSE
KXCPICOREYOY-26FEB,2026-02-15,2026-03-11,2.6999999999999997,5,20,5,4.081632653061225,FALSE
KXCPICOREYOY-26FEB,2026-02-16,2026-03-11,2.6999999999999997,5,10,5,4.081632653061225,FALSE
KXCPICOREYOY-26JAN,2026-01-14,2026-02-13,2.6999999999999997,0,0,22,78.57142857142857,FALSE
KXCPICOREYOY-26JAN,2026-01-21,2026-02-13,2.6999999999999997,33,28,33,6.122448979591836,FALSE
KXCPICOREYOY-26JAN,2026-01-22,2026-02-13,2.6999999999999997,33,28,33,15.306122448979592,FALSE
KXCPICOREYOY-26JAN,2026-01-23,2026-02-13,2.6999999999999997,33,0,33,18.367346938775512,FALSE
KXCPICOREYOY-26JAN,2026-01-24,2026-02-13,2.6999999999999997,33,0,33,18.367346938775512,FALSE
KXCPICOREYOY-26JAN,2026-01-25,2026-02-13,2.6999999999999997,33,0,33,26.53061224489796,FALSE
KXCPICOREYOY-26JAN,2026-01-26,2026-02-13,2.6999999999999997,33,0,33,26.53061224489796,FALSE
KXCPICOREYOY-26JAN,2026-01-27,2026-02-13,2.6999999999999997,33,0,33,1.0204081632653061,FALSE
KXCPICOREYOY-26JAN,2026-01-28,2026-02-13,2.6999999999999997,33,0,33,19.387755102040817,FALSE
KXCPICOREYOY-26JAN,2026-01-29,2026-02-13,2.6999999999999997,26,10,26,12.244897959183671,FALSE
KXCPICOREYOY-26JAN,2026-01-30,2026-02-13,2.6999999999999997,26,72,26,11.224489795918368,FALSE
KXCPICOREYOY-26JAN,2026-01-31,2026-02-13,2.6999999999999997,26,0,26,12.244897959183671,FALSE
KXCPICOREYOY-26JAN,2026-02-01,2026-02-13,2.6999999999999997,26,0,26,12.244897959183671,FALSE
KXCPICOREYOY-26JAN,2026-02-02,2026-02-13,2.6999999999999997,26,0,26,12.244897959183671,FALSE
KXCPICOREYOY-26JAN,2026-02-03,2026-02-13,2.6999999999999997,26,0,26,12.244897959183671,FALSE
KXCPICOREYOY-26JAN,2026-02-04,2026-02-13,2.6999999999999997,24,7,24,9.183673469387756,FALSE
KXCPICOREYOY-26JAN,2026-02-05,2026-02-13,2.6999999999999997,24,0,24,14.285714285714286,FALSE
KXCPICOREYOY-26JAN,2026-02-06,2026-02-13,2.6999999999999997,24,0,1,0,FALSE
KXCPICOREYOY-26JAN,2026-02-07,2026-02-13,2.6999999999999997,24,0,24,14.285714285714286,FALSE
KXCPICOREYOY-26JAN,2026-02-08,2026-02-13,2.6999999999999997,24,0,24,15.306122448979592,FALSE
KXCPICOREYOY-26JAN,2026-02-09,2026-02-13,2.6999999999999997,24,60,24,19.387755102040817,FALSE
KXCPICOREYOY-26JAN,2026-02-10,2026-02-13,2.6999999999999997,24,0,24,21.428571428571427,FALSE
KXCPICOREYOY-26JAN,2026-02-11,2026-02-13,2.6999999999999997,16,90,16,13.26530612244898,FALSE
KXCPICOREYOY-26JAN,2026-02-12,2026-02-13,2.6999999999999997,7.000000000000001,304,7.000000000000001,5.102040816326531,FALSE
KXCPICOREYOY-26JAN,2026-02-13,2026-02-13,2.6999999999999997,10,838,50,20.408163265306122,FALSE
KXCPICOREYOY-26JUL,2026-07-10,2026-08-05,2.6999999999999997,47,0,47,8.16326530612245,FALSE
KXCPICOREYOY-26JUL,2026-07-11,2026-08-05,2.6999999999999997,47,0,47,8.16326530612245,FALSE
KXCPICOREYOY-26JUL,2026-07-12,2026-08-05,2.6999999999999997,47,0,47,8.16326530612245,FALSE
KXCPICOREYOY-26JUN,2026-06-14,2026-07-14,2.6999999999999997,0,0,62,37.755102040816325,FALSE
KXCPICOREYOY-26JUN,2026-06-15,2026-07-14,2.6999999999999997,0,0,61,38.775510204081634,FALSE
KXCPICOREYOY-26JUN,2026-06-16,2026-07-14,2.6999999999999997,0,0,86,13.26530612244898,FALSE
KXCPICOREYOY-26JUN,2026-06-17,2026-07-14,2.6999999999999997,0,0,80,19.387755102040817,FALSE
KXCPICOREYOY-26JUN,2026-06-18,2026-07-14,2.6999999999999997,0,0,80,19.387755102040817,FALSE
KXCPICOREYOY-26JUN,2026-06-19,2026-07-14,2.6999999999999997,0,0,80,19.387755102040817,FALSE
KXCPICOREYOY-26JUN,2026-06-20,2026-07-14,2.6999999999999997,0,0,80,19.387755102040817,FALSE
KXCPICOREYOY-26JUN,2026-06-21,2026-07-14,2.6999999999999997,0,0,22,78.57142857142857,FALSE
KXCPICOREYOY-26JUN,2026-06-22,2026-07-14,2.6999999999999997,0,0,7.000000000000001,93.87755102040816,FALSE
KXCPICOREYOY-26JUN,2026-06-23,2026-07-14,2.6999999999999997,0,0,7.000000000000001,93.87755102040816,FALSE
KXCPICOREYOY-26JUN,2026-06-24,2026-07-14,2.6999999999999997,0,0,7.000000000000001,93.87755102040816,FALSE
KXCPICOREYOY-26JUN,2026-06-25,2026-07-14,2.6999999999999997,0,0,4,0,FALSE
KXCPICOREYOY-26JUN,2026-06-26,2026-07-14,2.6999999999999997,0,0,4,0,FALSE
KXCPICOREYOY-26JUN,2026-06-27,2026-07-14,2.6999999999999997,0,0,7.000000000000001,0,FALSE
KXCPICOREYOY-26JUN,2026-06-28,2026-07-14,2.6999999999999997,0,0,50,0,FALSE
KXCPICOREYOY-26MAR,2026-03-11,2026-04-10,2.6999999999999997,24,2307,24,8.16326530612245,FALSE
KXCPICOREYOY-26MAR,2026-03-12,2026-04-10,2.6999999999999997,25,230,25,11.224489795918364,FALSE
KXCPICOREYOY-26MAR,2026-03-13,2026-04-10,2.6999999999999997,26,57,26,13.26530612244898,FALSE
KXCPICOREYOY-26MAR,2026-03-14,2026-04-10,2.6999999999999997,25,58,25,12.244897959183673,FALSE
KXCPICOREYOY-26MAR,2026-03-15,2026-04-10,2.6999999999999997,25,8,25,12.244897959183673,FALSE
KXCPICOREYOY-26MAR,2026-03-16,2026-04-10,2.6999999999999997,26,68,26,18.367346938775512,FALSE
KXCPICOREYOY-26MAR,2026-03-17,2026-04-10,2.6999999999999997,25,7,25,17.346938775510203,FALSE
KXCPICOREYOY-26MAR,2026-03-18,2026-04-10,2.6999999999999997,34,2251,34,26.53061224489796,FALSE
KXCPICOREYOY-26MAR,2026-03-19,2026-04-10,2.6999999999999997,51,1273,51,18.367346938775512,FALSE
KXCPICOREYOY-26MAR,2026-03-20,2026-04-10,2.6999999999999997,54,651,54,15.306122448979592,FALSE
KXCPICOREYOY-26MAR,2026-03-21,2026-04-10,2.6999999999999997,76,428,76,2.0408163265306123,FALSE
KXCPICOREYOY-26MAR,2026-03-22,2026-04-10,2.6999999999999997,47,147,47,15.306122448979592,FALSE
KXCPICOREYOY-26MAR,2026-03-23,2026-04-10,2.6999999999999997,28.000000000000004,630,33,32.6530612244898,FALSE
KXCPICOREYOY-26MAR,2026-03-24,2026-04-10,2.6999999999999997,32,347,32,11.224489795918368,FALSE
KXCPICOREYOY-26MAR,2026-03-25,2026-04-10,2.6999999999999997,21,385,21,20.408163265306122,FALSE
KXCPICOREYOY-26MAR,2026-03-26,2026-04-10,2.6999999999999997,22,4013,22,21.428571428571427,FALSE
KXCPICOREYOY-26MAR,2026-03-27,2026-04-10,2.6999999999999997,18,13,18,15.306122448979592,FALSE
KXCPICOREYOY-26MAR,2026-03-28,2026-04-10,2.6999999999999997,22,622,22,14.285714285714286,FALSE
KXCPICOREYOY-26MAR,2026-03-29,2026-04-10,2.6999999999999997,16,378,16,6.122448979591836,FALSE
KXCPICOREYOY-26MAR,2026-03-30,2026-04-10,2.6999999999999997,18,3670,18,12.244897959183673,FALSE
KXCPICOREYOY-26MAR,2026-03-31,2026-04-10,2.6999999999999997,16,317,16,10.204081632653061,FALSE
KXCPICOREYOY-26MAR,2026-04-01,2026-04-10,2.6999999999999997,14.000000000000002,542,14.000000000000002,9.183673469387758,FALSE
KXCPICOREYOY-26MAR,2026-04-02,2026-04-10,2.6999999999999997,25,3347,25,23.46938775510204,FALSE
KXCPICOREYOY-26MAR,2026-04-03,2026-04-10,2.6999999999999997,22,1512,22,14.285714285714286,FALSE
KXCPICOREYOY-26MAR,2026-04-04,2026-04-10,2.6999999999999997,21,1798,21,13.26530612244898,FALSE
KXCPICOREYOY-26MAR,2026-04-05,2026-04-10,2.6999999999999997,21,1017,21,18.367346938775512,FALSE
KXCPICOREYOY-26MAR,2026-04-06,2026-04-10,2.6999999999999997,18,748,18,15.306122448979592,FALSE
KXCPICOREYOY-26MAR,2026-04-07,2026-04-10,2.6999999999999997,15,322,15,12.244897959183673,FALSE
KXCPICOREYOY-26MAR,2026-04-08,2026-04-10,2.6999999999999997,14.000000000000002,1881,14.000000000000002,9.183673469387758,FALSE
KXCPICOREYOY-26MAR,2026-04-09,2026-04-10,2.6999999999999997,15,2927.05,15,10.204081632653061,FALSE
KXCPICOREYOY-26MAR,2026-04-10,2026-04-10,2.6999999999999997,14.000000000000002,6413.6900000000005,14.000000000000002,5.102040816326532,FALSE
CPICOREYOY-23SEP,2023-09-15,2023-10-12,2.7,94,4220,96,0,FALSE
CPICOREYOY-23SEP,2023-09-16,2023-10-12,2.7,94,0,96,0,FALSE
CPICOREYOY-23SEP,2023-09-17,2023-10-12,2.7,96,2000,97,0,FALSE
CPICOREYOY-23SEP,2023-09-18,2023-10-12,2.7,94,1887,97,0,FALSE
CPICOREYOY-23SEP,2023-09-19,2023-10-12,2.7,92,1867,97,0,FALSE
CPICOREYOY-23SEP,2023-09-20,2023-10-12,2.7,93,100,97,0,FALSE
CPICOREYOY-23SEP,2023-09-21,2023-10-12,2.7,93,0,97,0,FALSE
CPICOREYOY-23SEP,2023-09-22,2023-10-12,2.7,93,0,97,0,FALSE
CPICOREYOY-23SEP,2023-09-23,2023-10-12,2.7,93,0,97,0,FALSE
CPICOREYOY-23SEP,2023-09-24,2023-10-12,2.7,94,10,97,0,FALSE
CPICOREYOY-23SEP,2023-09-25,2023-10-12,2.7,95,500,97,0,FALSE
CPICOREYOY-23SEP,2023-09-26,2023-10-12,2.7,95,0,97,0,FALSE
CPICOREYOY-23SEP,2023-09-27,2023-10-12,2.7,96,333,97,0,FALSE
CPICOREYOY-23SEP,2023-09-28,2023-10-12,2.7,96,555,96,0,FALSE
CPICOREYOY-23SEP,2023-09-29,2023-10-12,2.7,94,250,97,0,FALSE
CPICOREYOY-23SEP,2023-09-30,2023-10-12,2.7,94,0,97,0,FALSE
CPICOREYOY-23SEP,2023-10-01,2023-10-12,2.7,94,0,97,0,FALSE
CPICOREYOY-23SEP,2023-10-02,2023-10-12,2.7,94,0,97,0,FALSE
CPICOREYOY-23SEP,2023-10-03,2023-10-12,2.7,94,0,97,0,FALSE
CPICOREYOY-23SEP,2023-10-04,2023-10-12,2.7,94,0,97,0,FALSE
CPICOREYOY-23SEP,2023-10-05,2023-10-12,2.7,94,0,97,0,FALSE
CPICOREYOY-23SEP,2023-10-06,2023-10-12,2.7,94,0,97,0,FALSE
CPICOREYOY-23SEP,2023-10-07,2023-10-12,2.7,94,0,97,0,FALSE
CPICOREYOY-23SEP,2023-10-08,2023-10-12,2.7,94,0,97,0,FALSE
CPICOREYOY-23SEP,2023-10-09,2023-10-12,2.7,94,0,97,0,FALSE
CPICOREYOY-23SEP,2023-10-10,2023-10-12,2.7,94,0,97,0,FALSE
CPICOREYOY-23SEP,2023-10-11,2023-10-12,2.7,94,0,97,0,FALSE
CPICOREYOY-23SEP,2023-10-12,2023-10-12,2.7,94,0,99,0,FALSE
CPICOREYOY-24AUG,2024-08-25,2024-09-10,2.7,99,8,99,0,FALSE
CPICOREYOY-24AUG,2024-08-26,2024-09-10,2.7,99,0,99,0,FALSE
CPICOREYOY-24AUG,2024-08-27,2024-09-10,2.7,99,0,99,0,FALSE
CPICOREYOY-24AUG,2024-08-28,2024-09-10,2.7,99,0,99,0,FALSE
CPICOREYOY-24AUG,2024-08-29,2024-09-10,2.7,91,8,99,0,FALSE
CPICOREYOY-24AUG,2024-08-30,2024-09-10,2.7,91,0,99,0,FALSE
CPICOREYOY-24AUG,2024-08-31,2024-09-10,2.7,91,0,99,0,FALSE
CPICOREYOY-24AUG,2024-09-01,2024-09-10,2.7,91,0,99,0,FALSE
CPICOREYOY-24AUG,2024-09-02,2024-09-10,2.7,91,0,99,0,FALSE
CPICOREYOY-24AUG,2024-09-03,2024-09-10,2.7,91,0,99,0,FALSE
CPICOREYOY-24AUG,2024-09-04,2024-09-10,2.7,91,0,99,0,FALSE
CPICOREYOY-24AUG,2024-09-05,2024-09-10,2.7,91,0,99,0,FALSE
CPICOREYOY-24AUG,2024-09-06,2024-09-10,2.7,91,0,93,0,FALSE
CPICOREYOY-24AUG,2024-09-07,2024-09-10,2.7,91,0,93,0,FALSE
CPICOREYOY-24AUG,2024-09-08,2024-09-10,2.7,91,0,93,0,FALSE
CPICOREYOY-24AUG,2024-09-09,2024-09-10,2.7,91,0,93,0,FALSE
CPICOREYOY-24AUG,2024-09-10,2024-09-10,2.7,91,0,93,0,FALSE
CPICOREYOY-24SEP,2024-09-27,2024-10-10,2.7,99,8,99,0,FALSE
CPICOREYOY-24SEP,2024-09-28,2024-10-10,2.7,99,0,99,0,FALSE
CPICOREYOY-24SEP,2024-09-29,2024-10-10,2.7,99,0,99,0,FALSE
CPICOREYOY-24SEP,2024-09-30,2024-10-10,2.7,99,0,99,0,FALSE
CPICOREYOY-24SEP,2024-10-01,2024-10-10,2.7,99,0,99,0,FALSE
CPICOREYOY-24SEP,2024-10-02,2024-10-10,2.7,99,0,99,0,FALSE
CPICOREYOY-24SEP,2024-10-03,2024-10-10,2.7,99,0,99,0,FALSE
CPICOREYOY-24SEP,2024-10-04,2024-10-10,2.7,99,0,99,0,FALSE
CPICOREYOY-24SEP,2024-10-05,2024-10-10,2.7,99,0,99,0,FALSE
CPICOREYOY-24SEP,2024-10-06,2024-10-10,2.7,99,0,99,0,FALSE
CPICOREYOY-24SEP,2024-10-07,2024-10-10,2.7,99,0,99,0,FALSE
CPICOREYOY-24SEP,2024-10-08,2024-10-10,2.7,99,0,99,0,FALSE
CPICOREYOY-24SEP,2024-10-09,2024-10-10,2.7,99,0,99,0,FALSE
CPICOREYOY-24SEP,2024-10-10,2024-10-10,2.7,99,0,99,0,FALSE
KXCPICOREYOY-24NOV,2024-11-22,2024-12-11,2.7,0,0,7.000000000000001,6.122448979591838,FALSE
KXCPICOREYOY-24NOV,2024-11-23,2024-12-11,2.7,0,0,37,30.612244897959183,FALSE
KXCPICOREYOY-24NOV,2024-11-24,2024-12-11,2.7,0,0,37,30.612244897959183,FALSE
KXCPICOREYOY-24NOV,2024-11-25,2024-12-11,2.7,0,0,37,30.612244897959183,FALSE
KXCPICOREYOY-24NOV,2024-11-26,2024-12-11,2.7,0,0,37,30.612244897959183,FALSE
KXCPICOREYOY-24NOV,2024-11-27,2024-12-11,2.7,99,8,99,0,FALSE
KXCPICOREYOY-24NOV,2024-11-28,2024-12-11,2.7,99,0,99,0,FALSE
KXCPICOREYOY-24NOV,2024-11-29,2024-12-11,2.7,99,0,99,0,FALSE
KXCPICOREYOY-24NOV,2024-11-30,2024-12-11,2.7,99,0,99,0,FALSE
KXCPICOREYOY-24NOV,2024-12-01,2024-12-11,2.7,99,0,99,0,FALSE
KXCPICOREYOY-24NOV,2024-12-02,2024-12-11,2.7,99,0,99,0,FALSE
KXCPICOREYOY-24NOV,2024-12-03,2024-12-11,2.7,99,0,99,0,FALSE
KXCPICOREYOY-24NOV,2024-12-04,2024-12-11,2.7,99,0,99,0,FALSE
KXCPICOREYOY-24NOV,2024-12-05,2024-12-11,2.7,99,0,99,0,FALSE
KXCPICOREYOY-24NOV,2024-12-06,2024-12-11,2.7,99,0,99,0,FALSE
KXCPICOREYOY-24NOV,2024-12-07,2024-12-11,2.7,99,0,99,0,FALSE
KXCPICOREYOY-24NOV,2024-12-08,2024-12-11,2.7,99,0,99,0,FALSE
KXCPICOREYOY-24NOV,2024-12-09,2024-12-11,2.7,99,8,99,0,FALSE
KXCPICOREYOY-24NOV,2024-12-10,2024-12-11,2.7,99,8,99,0,FALSE
KXCPICOREYOY-24NOV,2024-12-11,2024-12-11,2.7,99,0,99,0,FALSE
KXCPICOREYOY-25APR,2025-04-13,2025-05-13,2.7,62,0,62,20.408163265306122,FALSE
KXCPICOREYOY-25APR,2025-04-14,2025-05-13,2.7,60,500,60,18.367346938775512,FALSE
KXCPICOREYOY-25APR,2025-04-15,2025-05-13,2.7,60,0,60,18.367346938775512,FALSE
KXCPICOREYOY-25APR,2025-04-16,2025-05-13,2.7,60,0,60,29.591836734693878,FALSE
KXCPICOREYOY-25APR,2025-04-17,2025-05-13,2.7,60,0,60,45.91836734693877,FALSE
KXCPICOREYOY-25APR,2025-04-18,2025-05-13,2.7,64,400,64,50,FALSE
KXCPICOREYOY-25APR,2025-04-19,2025-05-13,2.7,64,0,64,50,FALSE
KXCPICOREYOY-25APR,2025-04-20,2025-05-13,2.7,59,276,59,15.306122448979592,FALSE
KXCPICOREYOY-25APR,2025-04-21,2025-05-13,2.7,55.00000000000001,128,55.00000000000001,11.224489795918375,FALSE
KXCPICOREYOY-25APR,2025-04-22,2025-05-13,2.7,55.00000000000001,0,55.00000000000001,11.224489795918375,FALSE
KXCPICOREYOY-25APR,2025-04-23,2025-05-13,2.7,63,233,63,27.551020408163264,FALSE
KXCPICOREYOY-25APR,2025-04-24,2025-05-13,2.7,63,0,63,27.551020408163264,FALSE
KXCPICOREYOY-25APR,2025-04-25,2025-05-13,2.7,63,0,63,27.551020408163264,FALSE
KXCPICOREYOY-25APR,2025-04-26,2025-05-13,2.7,63,0,63,27.551020408163264,FALSE
KXCPICOREYOY-25APR,2025-04-27,2025-05-13,2.7,63,0,63,27.551020408163264,FALSE
KXCPICOREYOY-25APR,2025-04-28,2025-05-13,2.7,63,0,63,27.551020408163264,FALSE
KXCPICOREYOY-25APR,2025-04-29,2025-05-13,2.7,63,0,63,16.3265306122449,FALSE
KXCPICOREYOY-25APR,2025-04-30,2025-05-13,2.7,79,1634,79,34.69387755102041,FALSE
KXCPICOREYOY-25APR,2025-05-01,2025-05-13,2.7,79,0,79,34.69387755102041,FALSE
KXCPICOREYOY-25APR,2025-05-02,2025-05-13,2.7,79,0,79,34.69387755102041,FALSE
KXCPICOREYOY-25APR,2025-05-03,2025-05-13,2.7,79,0,79,33.673469387755105,FALSE
KXCPICOREYOY-25APR,2025-05-04,2025-05-13,2.7,79,0,79,34.69387755102041,FALSE
KXCPICOREYOY-25APR,2025-05-05,2025-05-13,2.7,79,0,79,38.775510204081634,FALSE
KXCPICOREYOY-25APR,2025-05-06,2025-05-13,2.7,79,0,79,42.857142857142854,FALSE
KXCPICOREYOY-25APR,2025-05-07,2025-05-13,2.7,79,0,79,35.714285714285715,FALSE
KXCPICOREYOY-25APR,2025-05-08,2025-05-13,2.7,71,44,71,27.551020408163264,FALSE
KXCPICOREYOY-25APR,2025-05-09,2025-05-13,2.7,71,1,71,28.571428571428573,FALSE
KXCPICOREYOY-25APR,2025-05-10,2025-05-13,2.7,71,0,71,27.551020408163264,FALSE
KXCPICOREYOY-25APR,2025-05-11,2025-05-13,2.7,72,453,72,25.510204081632654,FALSE
KXCPICOREYOY-25APR,2025-05-12,2025-05-13,2.7,80,2,80,37.755102040816325,FALSE
KXCPICOREYOY-25APR,2025-05-13,2025-05-13,2.7,76,535,76,31.632653061224488,FALSE
KXCPICOREYOY-25AUG,2025-08-12,2025-09-11,2.7,94,313,94,7.142857142857143,FALSE
KXCPICOREYOY-25AUG,2025-08-13,2025-09-11,2.7,99,1,99,4.081632653061225,FALSE
KXCPICOREYOY-25AUG,2025-08-14,2025-09-11,2.7,99,0,99,4.081632653061225,FALSE
KXCPICOREYOY-25AUG,2025-08-15,2025-09-11,2.7,99,0,99,4.081632653061225,FALSE
KXCPICOREYOY-25AUG,2025-08-16,2025-09-11,2.7,99,0,99,4.081632653061225,FALSE
KXCPICOREYOY-25AUG,2025-08-17,2025-09-11,2.7,99,0,99,4.081632653061225,FALSE
KXCPICOREYOY-25AUG,2025-08-18,2025-09-11,2.7,99,0,99,4.081632653061225,FALSE
KXCPICOREYOY-25AUG,2025-08-19,2025-09-11,2.7,99,0,99,4.081632653061225,FALSE
KXCPICOREYOY-25AUG,2025-08-20,2025-09-11,2.7,99,0,99,4.081632653061225,FALSE
KXCPICOREYOY-25AUG,2025-08-21,2025-09-11,2.7,99,0,99,2.0408163265306123,FALSE
KXCPICOREYOY-25AUG,2025-08-22,2025-09-11,2.7,99,0,99,2.0408163265306123,FALSE
KXCPICOREYOY-25AUG,2025-08-23,2025-09-11,2.7,99,0,99,2.0408163265306123,FALSE
KXCPICOREYOY-25AUG,2025-08-24,2025-09-11,2.7,99,0,99,4.081632653061225,FALSE
KXCPICOREYOY-25AUG,2025-08-25,2025-09-11,2.7,99,0,99,4.081632653061225,FALSE
KXCPICOREYOY-25AUG,2025-08-26,2025-09-11,2.7,99,0,99,7.142857142857143,FALSE
KXCPICOREYOY-25AUG,2025-08-27,2025-09-11,2.7,99,0,99,7.142857142857143,FALSE
KXCPICOREYOY-25AUG,2025-08-28,2025-09-11,2.7,99,0,99,7.142857142857143,FALSE
KXCPICOREYOY-25AUG,2025-08-29,2025-09-11,2.7,99,0,99,7.142857142857143,FALSE
KXCPICOREYOY-25AUG,2025-08-30,2025-09-11,2.7,99,0,99,7.142857142857143,FALSE
KXCPICOREYOY-25AUG,2025-08-31,2025-09-11,2.7,99,0,99,7.142857142857143,FALSE
KXCPICOREYOY-25AUG,2025-09-01,2025-09-11,2.7,99,99,99,7.142857142857143,FALSE
KXCPICOREYOY-25AUG,2025-09-02,2025-09-11,2.7,99,0,99,7.142857142857143,FALSE
KXCPICOREYOY-25AUG,2025-09-03,2025-09-11,2.7,99,0,99,7.142857142857143,FALSE
KXCPICOREYOY-25AUG,2025-09-04,2025-09-11,2.7,99,0,99,7.142857142857143,FALSE
KXCPICOREYOY-25AUG,2025-09-05,2025-09-11,2.7,99,0,99,7.142857142857143,FALSE
KXCPICOREYOY-25AUG,2025-09-06,2025-09-11,2.7,99,0,99,0,FALSE
KXCPICOREYOY-25AUG,2025-09-07,2025-09-11,2.7,99,0,99,0,FALSE
KXCPICOREYOY-25AUG,2025-09-08,2025-09-11,2.7,99,0,99,0,FALSE
KXCPICOREYOY-25AUG,2025-09-09,2025-09-11,2.7,99,0,99,1.0204081632653061,FALSE
KXCPICOREYOY-25AUG,2025-09-10,2025-09-11,2.7,99,0,99,1.0204081632653061,FALSE
KXCPICOREYOY-25AUG,2025-09-11,2025-09-11,2.7,99,0,99,1.0204081632653061,FALSE
KXCPICOREYOY-25DEC,2025-12-18,2026-01-13,2.7,35,1438,46,45.91836734693877,FALSE
KXCPICOREYOY-25DEC,2025-12-19,2026-01-13,2.7,39,302,46,45.91836734693877,FALSE
KXCPICOREYOY-25DEC,2025-12-20,2026-01-13,2.7,48,168,48,39.795918367346935,FALSE
KXCPICOREYOY-25DEC,2025-12-21,2026-01-13,2.7,45,110,46,45.91836734693877,FALSE
KXCPICOREYOY-25JUL,2025-07-13,2025-08-12,2.7,93,0,93,9.183673469387756,FALSE
KXCPICOREYOY-25JUL,2025-07-14,2025-08-12,2.7,93,0,93,9.183673469387756,FALSE
KXCPICOREYOY-25JUL,2025-07-15,2025-08-12,2.7,93,0,93,3.061224489795918,FALSE
KXCPICOREYOY-25JUL,2025-07-16,2025-08-12,2.7,93,0,93,4.081632653061225,FALSE
KXCPICOREYOY-25JUL,2025-07-17,2025-08-12,2.7,93,0,93,4.081632653061225,FALSE
KXCPICOREYOY-25JUL,2025-07-18,2025-08-12,2.7,93,0,93,2.0408163265306123,FALSE
KXCPICOREYOY-25JUL,2025-07-19,2025-08-12,2.7,93,0,93,2.0408163265306123,FALSE
KXCPICOREYOY-25JUL,2025-07-20,2025-08-12,2.7,93,0,93,2.0408163265306123,FALSE
KXCPICOREYOY-25JUL,2025-07-21,2025-08-12,2.7,93,0,93,6.122448979591836,FALSE
KXCPICOREYOY-25JUL,2025-07-22,2025-08-12,2.7,93,0,93,4.081632653061225,FALSE
KXCPICOREYOY-25JUL,2025-07-23,2025-08-12,2.7,93,0,93,4.081632653061225,FALSE
KXCPICOREYOY-25JUL,2025-07-24,2025-08-12,2.7,93,0,93,4.081632653061225,FALSE
KXCPICOREYOY-25JUL,2025-07-25,2025-08-12,2.7,93,0,93,4.081632653061225,FALSE
KXCPICOREYOY-25JUL,2025-07-26,2025-08-12,2.7,93,0,93,4.081632653061225,FALSE
KXCPICOREYOY-25JUL,2025-07-27,2025-08-12,2.7,93,0,93,4.081632653061225,FALSE
KXCPICOREYOY-25JUL,2025-07-28,2025-08-12,2.7,93,0,93,4.081632653061225,FALSE
KXCPICOREYOY-25JUL,2025-07-29,2025-08-12,2.7,93,0,93,4.081632653061225,FALSE
KXCPICOREYOY-25JUL,2025-07-30,2025-08-12,2.7,93,0,93,4.081632653061225,FALSE
KXCPICOREYOY-25JUL,2025-07-31,2025-08-12,2.7,93,0,95,4.081632653061225,FALSE
KXCPICOREYOY-25JUL,2025-08-01,2025-08-12,2.7,93,0,93,4.081632653061225,FALSE
KXCPICOREYOY-25JUL,2025-08-02,2025-08-12,2.7,93,0,93,4.081632653061225,FALSE
KXCPICOREYOY-25JUL,2025-08-03,2025-08-12,2.7,93,0,93,4.081632653061225,FALSE
KXCPICOREYOY-25JUL,2025-08-04,2025-08-12,2.7,93,0,93,1.0204081632653061,FALSE
KXCPICOREYOY-25JUL,2025-08-05,2025-08-12,2.7,93,0,96,3.061224489795918,FALSE
KXCPICOREYOY-25JUL,2025-08-06,2025-08-12,2.7,93,0,96,3.061224489795918,FALSE
KXCPICOREYOY-25JUL,2025-08-07,2025-08-12,2.7,95,37,95,2.0408163265306123,FALSE
KXCPICOREYOY-25JUL,2025-08-08,2025-08-12,2.7,95,0,98,1.0204081632653061,FALSE
KXCPICOREYOY-25JUL,2025-08-09,2025-08-12,2.7,95,0,98,1.0204081632653061,FALSE
KXCPICOREYOY-25JUL,2025-08-10,2025-08-12,2.7,95,0,95,2.0408163265306123,FALSE
KXCPICOREYOY-25JUL,2025-08-11,2025-08-12,2.7,95,0,95,1.0204081632653061,FALSE
KXCPICOREYOY-25JUL,2025-08-12,2025-08-12,2.7,99,5000,99,4.081632653061225,FALSE
KXCPICOREYOY-25JUN,2025-06-15,2025-07-15,2.7,93,1,93,29.591836734693878,FALSE
KXCPICOREYOY-25JUN,2025-06-16,2025-07-15,2.7,93,0,93,29.591836734693878,FALSE
KXCPICOREYOY-25JUN,2025-06-17,2025-07-15,2.7,93,0,93,21.428571428571427,FALSE
KXCPICOREYOY-25JUN,2025-06-18,2025-07-15,2.7,93,0,93,21.428571428571427,FALSE
KXCPICOREYOY-25JUN,2025-06-19,2025-07-15,2.7,93,0,93,21.428571428571427,FALSE
KXCPICOREYOY-25JUN,2025-06-20,2025-07-15,2.7,93,92,93,22.448979591836736,FALSE
KXCPICOREYOY-25JUN,2025-06-21,2025-07-15,2.7,93,0,93,22.448979591836736,FALSE
KXCPICOREYOY-25JUN,2025-06-22,2025-07-15,2.7,93,0,93,33.673469387755105,FALSE
KXCPICOREYOY-25JUN,2025-06-23,2025-07-15,2.7,93,0,93,33.673469387755105,FALSE
KXCPICOREYOY-25JUN,2025-06-24,2025-07-15,2.7,90,74,90,30.612244897959183,FALSE
KXCPICOREYOY-25JUN,2025-06-25,2025-07-15,2.7,90,0,90,30.612244897959183,FALSE
KXCPICOREYOY-25JUN,2025-06-26,2025-07-15,2.7,90,0,90,30.612244897959183,FALSE
KXCPICOREYOY-25JUN,2025-06-27,2025-07-15,2.7,90,0,90,23.46938775510204,FALSE
KXCPICOREYOY-25JUN,2025-06-28,2025-07-15,2.7,90,0,90,41.83673469387755,FALSE
KXCPICOREYOY-25JUN,2025-06-29,2025-07-15,2.7,90,0,90,41.83673469387755,FALSE
KXCPICOREYOY-25JUN,2025-06-30,2025-07-15,2.7,90,0,90,19.387755102040817,FALSE
KXCPICOREYOY-25JUN,2025-07-01,2025-07-15,2.7,90,0,90,27.551020408163264,FALSE
KXCPICOREYOY-25JUN,2025-07-02,2025-07-15,2.7,91,250,91,30.612244897959183,FALSE
KXCPICOREYOY-25JUN,2025-07-03,2025-07-15,2.7,91,0,91,30.612244897959183,FALSE
KXCPICOREYOY-25JUN,2025-07-04,2025-07-15,2.7,91,0,91,30.612244897959183,FALSE
KXCPICOREYOY-25JUN,2025-07-05,2025-07-15,2.7,91,0,91,21.428571428571427,FALSE
KXCPICOREYOY-25JUN,2025-07-06,2025-07-15,2.7,91,0,91,16.3265306122449,FALSE
KXCPICOREYOY-25JUN,2025-07-07,2025-07-15,2.7,91,0,91,17.346938775510203,FALSE
KXCPICOREYOY-25JUN,2025-07-08,2025-07-15,2.7,91,0,91,24.489795918367346,FALSE
KXCPICOREYOY-25JUN,2025-07-09,2025-07-15,2.7,91,0,91,24.489795918367346,FALSE
KXCPICOREYOY-25JUN,2025-07-10,2025-07-15,2.7,91,0,91,22.448979591836736,FALSE
KXCPICOREYOY-25JUN,2025-07-11,2025-07-15,2.7,93,373,93,20.408163265306122,FALSE
KXCPICOREYOY-25JUN,2025-07-12,2025-07-15,2.7,85,6,85,13.26530612244898,FALSE
KXCPICOREYOY-25JUN,2025-07-13,2025-07-15,2.7,93,220,93,21.428571428571427,FALSE
KXCPICOREYOY-25JUN,2025-07-14,2025-07-15,2.7,92,21,92,17.346938775510203,FALSE
KXCPICOREYOY-25JUN,2025-07-15,2025-07-15,2.7,93,85,93,15.306122448979592,FALSE
KXCPICOREYOY-25MAY,2025-05-13,2025-06-11,2.7,78,150,78,12.244897959183673,FALSE
KXCPICOREYOY-25MAY,2025-05-14,2025-06-11,2.7,78,0,78,10.204081632653061,FALSE
KXCPICOREYOY-25MAY,2025-05-15,2025-06-11,2.7,78,0,78,14.285714285714286,FALSE
KXCPICOREYOY-25MAY,2025-05-16,2025-06-11,2.7,78,0,78,14.285714285714286,FALSE
KXCPICOREYOY-25MAY,2025-05-17,2025-06-11,2.7,78,0,78,14.285714285714286,FALSE
KXCPICOREYOY-25MAY,2025-05-18,2025-06-11,2.7,78,0,78,5.1020408163265305,FALSE
KXCPICOREYOY-25MAY,2025-05-19,2025-06-11,2.7,78,0,78,1.0204081632653061,FALSE
KXCPICOREYOY-25MAY,2025-05-20,2025-06-11,2.7,78,0,78,4.081632653061225,FALSE
KXCPICOREYOY-25MAY,2025-05-21,2025-06-11,2.7,78,0,78,1.0204081632653061,FALSE
KXCPICOREYOY-25MAY,2025-05-22,2025-06-11,2.7,78,0,78,2.0408163265306123,FALSE
KXCPICOREYOY-25MAY,2025-05-23,2025-06-11,2.7,78,0,85,2.0408163265306123,FALSE
KXCPICOREYOY-25MAY,2025-05-24,2025-06-11,2.7,78,0,85,2.0408163265306123,FALSE
KXCPICOREYOY-25MAY,2025-05-25,2025-06-11,2.7,78,0,85,2.0408163265306123,FALSE
KXCPICOREYOY-25MAY,2025-05-26,2025-06-11,2.7,89,30,89,4.081632653061225,FALSE
KXCPICOREYOY-25MAY,2025-05-27,2025-06-11,2.7,89,0,89,7.142857142857143,FALSE
KXCPICOREYOY-25MAY,2025-05-28,2025-06-11,2.7,89,0,89,7.142857142857143,FALSE
KXCPICOREYOY-25MAY,2025-05-29,2025-06-11,2.7,89,0,89,7.142857142857143,FALSE
KXCPICOREYOY-25MAY,2025-05-30,2025-06-11,2.7,89,0,89,7.142857142857143,FALSE
KXCPICOREYOY-25MAY,2025-05-31,2025-06-11,2.7,89,0,89,7.142857142857143,FALSE
KXCPICOREYOY-25MAY,2025-06-01,2025-06-11,2.7,89,0,89,12.244897959183673,FALSE
KXCPICOREYOY-25MAY,2025-06-02,2025-06-11,2.7,89,0,89,8.16326530612245,FALSE
KXCPICOREYOY-25MAY,2025-06-03,2025-06-11,2.7,89,0,89,8.16326530612245,FALSE
KXCPICOREYOY-25MAY,2025-06-04,2025-06-11,2.7,89,0,89,8.16326530612245,FALSE
KXCPICOREYOY-25MAY,2025-06-05,2025-06-11,2.7,89,0,89,8.16326530612245,FALSE
KXCPICOREYOY-25MAY,2025-06-06,2025-06-11,2.7,89,0,89,12.244897959183673,FALSE
KXCPICOREYOY-25MAY,2025-06-07,2025-06-11,2.7,89,0,89,13.26530612244898,FALSE
KXCPICOREYOY-25MAY,2025-06-08,2025-06-11,2.7,89,0,89,13.26530612244898,FALSE
KXCPICOREYOY-25MAY,2025-06-09,2025-06-11,2.7,89,0,89,26.53061224489796,FALSE
KXCPICOREYOY-25MAY,2025-06-10,2025-06-11,2.7,93,7,93,21.428571428571427,FALSE
KXCPICOREYOY-25MAY,2025-06-11,2025-06-11,2.7,96,612,96,24.489795918367346,FALSE
KXCPICOREYOY-25NOV,2025-12-05,2025-12-18,2.7,92,62,92,5.1020408163265305,FALSE
KXCPICOREYOY-25NOV,2025-12-06,2025-12-18,2.7,92,0,92,5.1020408163265305,FALSE
KXCPICOREYOY-25NOV,2025-12-07,2025-12-18,2.7,92,0,92,5.1020408163265305,FALSE
KXCPICOREYOY-25NOV,2025-12-08,2025-12-18,2.7,95,71,95,11.224489795918368,FALSE
KXCPICOREYOY-25NOV,2025-12-09,2025-12-18,2.7,98,2826,98,15.306122448979592,FALSE
KXCPICOREYOY-25NOV,2025-12-10,2025-12-18,2.7,98,321,98,11.224489795918368,FALSE
KXCPICOREYOY-25NOV,2025-12-11,2025-12-18,2.7,98,0,98,18.367346938775512,FALSE
KXCPICOREYOY-25NOV,2025-12-12,2025-12-18,2.7,98,0,98,16.3265306122449,FALSE
KXCPICOREYOY-25NOV,2025-12-13,2025-12-18,2.7,95,7,95,13.26530612244898,FALSE
KXCPICOREYOY-25NOV,2025-12-14,2025-12-18,2.7,95,0,95,13.26530612244898,FALSE
KXCPICOREYOY-25NOV,2025-12-15,2025-12-18,2.7,95,0,95,15.306122448979592,FALSE
KXCPICOREYOY-25NOV,2025-12-16,2025-12-18,2.7,96,10000,96,8.16326530612245,FALSE
KXCPICOREYOY-25NOV,2025-12-17,2025-12-18,2.7,96,0,96,10.204081632653061,FALSE
KXCPICOREYOY-25NOV,2025-12-18,2025-12-18,2.7,96,0,96,11.224489795918368,FALSE
KXCPICOREYOY-25SEP,2025-09-15,2025-10-15,2.7,97,0,97,4.081632653061225,FALSE
KXCPICOREYOY-25SEP,2025-09-16,2025-10-15,2.7,97,643,97,2.0408163265306123,FALSE
KXCPICOREYOY-25SEP,2025-09-17,2025-10-15,2.7,97,0,97,2.0408163265306123,FALSE
KXCPICOREYOY-25SEP,2025-09-18,2025-10-15,2.7,98,250,98,2.0408163265306123,FALSE
KXCPICOREYOY-25SEP,2025-09-19,2025-10-15,2.7,98,0,98,2.0408163265306123,FALSE
KXCPICOREYOY-25SEP,2025-09-20,2025-10-15,2.7,98,0,98,2.0408163265306123,FALSE
KXCPICOREYOY-25SEP,2025-09-21,2025-10-15,2.7,98,0,98,2.0408163265306123,FALSE
KXCPICOREYOY-25SEP,2025-09-22,2025-10-15,2.7,98,0,98,2.0408163265306123,FALSE
KXCPICOREYOY-25SEP,2025-09-23,2025-10-15,2.7,98,0,98,2.0408163265306123,FALSE
KXCPICOREYOY-25SEP,2025-09-24,2025-10-15,2.7,98,0,98,2.0408163265306123,FALSE
KXCPICOREYOY-25SEP,2025-09-25,2025-10-15,2.7,98,0,98,2.0408163265306123,FALSE
KXCPICOREYOY-25SEP,2025-09-26,2025-10-15,2.7,95,5,95,4.081632653061225,FALSE
KXCPICOREYOY-25SEP,2025-09-27,2025-10-15,2.7,95,0,95,4.081632653061225,FALSE
KXCPICOREYOY-25SEP,2025-09-28,2025-10-15,2.7,95,0,95,4.081632653061225,FALSE
KXCPICOREYOY-25SEP,2025-09-29,2025-10-15,2.7,99,1000,99,2.0408163265306123,FALSE
KXCPICOREYOY-25SEP,2025-09-30,2025-10-15,2.7,99,0,99,2.0408163265306123,FALSE
KXCPICOREYOY-25SEP,2025-10-01,2025-10-15,2.7,99,0,99,2.0408163265306123,FALSE
KXCPICOREYOY-25SEP,2025-10-02,2025-10-15,2.7,99,0,99,2.0408163265306123,FALSE
KXCPICOREYOY-25SEP,2025-10-03,2025-10-15,2.7,99,0,99,2.0408163265306123,FALSE
KXCPICOREYOY-25SEP,2025-10-04,2025-10-15,2.7,99,0,99,2.0408163265306123,FALSE
KXCPICOREYOY-25SEP,2025-10-05,2025-10-15,2.7,99,0,99,2.0408163265306123,FALSE
KXCPICOREYOY-25SEP,2025-10-06,2025-10-15,2.7,99,0,99,3.061224489795918,FALSE
KXCPICOREYOY-25SEP,2025-10-07,2025-10-15,2.7,99,0,99,3.061224489795918,FALSE
KXCPICOREYOY-25SEP,2025-10-08,2025-10-15,2.7,96,1893,96,3.061224489795918,FALSE
KXCPICOREYOY-25SEP,2025-10-09,2025-10-15,2.7,96,0,96,3.061224489795918,FALSE
KXCPICOREYOY-25SEP,2025-10-10,2025-10-15,2.7,96,0,96,3.061224489795918,FALSE
KXCPICOREYOY-25SEP,2025-10-11,2025-10-15,2.7,96,0,96,3.061224489795918,FALSE
KXCPICOREYOY-25SEP,2025-10-12,2025-10-15,2.7,96,0,96,3.061224489795918,FALSE
KXCPICOREYOY-25SEP,2025-10-13,2025-10-15,2.7,96,0,96,3.061224489795918,FALSE
KXCPICOREYOY-25SEP,2025-10-14,2025-10-15,2.7,96,0,96,3.061224489795918,FALSE
KXCPICOREYOY-25SEP,2025-10-15,2025-10-15,2.7,96,0,96,3.061224489795918,FALSE
KXCPICOREYOY-26APR,2026-04-30,2026-05-12,2.7,35,886.66,35,27.551020408163264,FALSE
KXCPICOREYOY-26APR,2026-05-01,2026-05-12,2.7,33,5018.01,33,24.489795918367346,FALSE
KXCPICOREYOY-26APR,2026-05-02,2026-05-12,2.7,35,112.99000000000001,35,26.53061224489796,FALSE
KXCPICOREYOY-26APR,2026-05-03,2026-05-12,2.7,37,325.98,37,23.46938775510204,FALSE
KXCPICOREYOY-26APR,2026-05-04,2026-05-12,2.7,32,8.63,32,18.367346938775512,FALSE
KXCPICOREYOY-26APR,2026-05-05,2026-05-12,2.7,46,1548,46,32.6530612244898,FALSE
KXCPICOREYOY-26APR,2026-05-06,2026-05-12,2.7,43,1618.14,43,30.612244897959183,FALSE
KXCPICOREYOY-26APR,2026-05-07,2026-05-12,2.7,40,1213.23,40,27.551020408163264,FALSE
KXCPICOREYOY-26APR,2026-05-08,2026-05-12,2.7,34,3203.39,34,27.551020408163264,FALSE
KXCPICOREYOY-26APR,2026-05-09,2026-05-12,2.7,37,1216.43,37,30.612244897959183,FALSE
KXCPICOREYOY-26APR,2026-05-10,2026-05-12,2.7,33,434.25,33,26.53061224489796,FALSE
KXCPICOREYOY-26APR,2026-05-11,2026-05-12,2.7,36,2923.19,36,33.673469387755105,FALSE
KXCPICOREYOY-26APR,2026-05-12,2026-05-12,2.7,34,1515.69,34,32.6530612244898,FALSE
KXCPICOREYOY-26AUG,2026-07-04,2026-08-03,2.7,0,0,22,0,FALSE
KXCPICOREYOY-26AUG,2026-07-05,2026-08-03,2.7,0,0,22,0,FALSE
KXCPICOREYOY-26AUG,2026-07-06,2026-08-03,2.7,0,0,22,0,FALSE
KXCPICOREYOY-26AUG,2026-07-07,2026-08-03,2.7,0,0,22,0,FALSE
KXCPICOREYOY-26AUG,2026-07-08,2026-08-03,2.7,5,2005,5,0,FALSE
KXCPICOREYOY-26AUG,2026-07-09,2026-08-03,2.7,5,0,5,0,FALSE
KXCPICOREYOY-26AUG,2026-07-10,2026-08-03,2.7,5,0,5,0,FALSE
KXCPICOREYOY-26AUG,2026-07-11,2026-08-03,2.7,5,0,5,0,FALSE
KXCPICOREYOY-26AUG,2026-07-12,2026-08-03,2.7,5,0,5,0,FALSE
KXCPICOREYOY-26AUG,2026-07-13,2026-08-03,2.7,5,0,5,0,FALSE
KXCPICOREYOY-26AUG,2026-07-14,2026-08-03,2.7,5,0,5,0,FALSE
KXCPICOREYOY-26AUG,2026-07-15,2026-08-03,2.7,5,0,5,0,FALSE
KXCPICOREYOY-26AUG,2026-07-16,2026-08-03,2.7,8,319,8,3.061224489795918,FALSE
KXCPICOREYOY-26AUG,2026-07-17,2026-08-03,2.7,8,0,8,3.061224489795918,FALSE
KXCPICOREYOY-26AUG,2026-07-18,2026-08-03,2.7,8,0,8,3.061224489795918,FALSE
KXCPICOREYOY-26AUG,2026-07-19,2026-08-03,2.7,8,0,8,4.081632653061225,FALSE
KXCPICOREYOY-26AUG,2026-07-20,2026-08-03,2.7,8,0,8,4.081632653061225,FALSE
KXCPICOREYOY-26AUG,2026-07-21,2026-08-03,2.7,8,0,8,4.081632653061225,FALSE
KXCPICOREYOY-26AUG,2026-07-22,2026-08-03,2.7,8,0,8,6.122448979591836,FALSE
KXCPICOREYOY-26AUG,2026-07-23,2026-08-03,2.7,8,0,8,6.122448979591836,FALSE
KXCPICOREYOY-26AUG,2026-07-24,2026-08-03,2.7,8,0,8,6.122448979591836,FALSE
KXCPICOREYOY-26AUG,2026-07-25,2026-08-03,2.7,8,0,8,6.122448979591836,FALSE
KXCPICOREYOY-26AUG,2026-07-26,2026-08-03,2.7,8,0,8,6.122448979591836,FALSE
KXCPICOREYOY-26AUG,2026-07-27,2026-08-03,2.7,8,0,8,6.122448979591836,FALSE
KXCPICOREYOY-26AUG,2026-07-28,2026-08-03,2.7,8,0,8,0,FALSE
KXCPICOREYOY-26AUG,2026-07-29,2026-08-03,2.7,8,0,8,6.122448979591836,FALSE
KXCPICOREYOY-26AUG,2026-07-30,2026-08-03,2.7,8,0,8,1.0204081632653061,FALSE
KXCPICOREYOY-26AUG,2026-07-31,2026-08-03,2.7,8,0,8,1.0204081632653061,FALSE
KXCPICOREYOY-26AUG,2026-08-01,2026-08-03,2.7,8,0,8,1.0204081632653061,FALSE
KXCPICOREYOY-26AUG,2026-08-02,2026-08-03,2.7,8,0,8,1.0204081632653061,FALSE
KXCPICOREYOY-26AUG,2026-08-03,2026-08-03,2.7,8,0,8,0,FALSE
KXCPICOREYOY-26FEB,2026-02-17,2026-03-11,2.7,5,0,5,4.081632653061225,FALSE
KXCPICOREYOY-26FEB,2026-02-18,2026-03-11,2.7,5,0,5,4.081632653061225,FALSE
KXCPICOREYOY-26FEB,2026-02-19,2026-03-11,2.7,3,6,3,2.0408163265306123,FALSE
KXCPICOREYOY-26FEB,2026-02-20,2026-03-11,2.7,4,117,1,0,FALSE
KXCPICOREYOY-26FEB,2026-02-21,2026-03-11,2.7,4,0,4,3.061224489795918,FALSE
KXCPICOREYOY-26FEB,2026-02-22,2026-03-11,2.7,4,0,4,3.061224489795918,FALSE
KXCPICOREYOY-26FEB,2026-02-23,2026-03-11,2.7,3,17,3,2.0408163265306123,FALSE
KXCPICOREYOY-26FEB,2026-02-24,2026-03-11,2.7,2,1,2,1.0204081632653061,FALSE
KXCPICOREYOY-26FEB,2026-02-25,2026-03-11,2.7,2,0,2,1.0204081632653061,FALSE
KXCPICOREYOY-26FEB,2026-02-26,2026-03-11,2.7,4,96,4,3.061224489795918,FALSE
KXCPICOREYOY-26FEB,2026-02-27,2026-03-11,2.7,11,81,11,10.204081632653061,FALSE
KXCPICOREYOY-26FEB,2026-02-28,2026-03-11,2.7,11,0,11,10.204081632653061,FALSE
KXCPICOREYOY-26FEB,2026-03-01,2026-03-11,2.7,6,2,6,5.1020408163265305,FALSE
KXCPICOREYOY-26FEB,2026-03-02,2026-03-11,2.7,6,0,6,5.1020408163265305,FALSE
KXCPICOREYOY-26FEB,2026-03-03,2026-03-11,2.7,6,0,6,5.1020408163265305,FALSE
KXCPICOREYOY-26FEB,2026-03-04,2026-03-11,2.7,6,0,6,5.1020408163265305,FALSE
KXCPICOREYOY-26FEB,2026-03-05,2026-03-11,2.7,6,0,6,5.1020408163265305,FALSE
KXCPICOREYOY-26FEB,2026-03-06,2026-03-11,2.7,6,65,6,5.1020408163265305,FALSE
KXCPICOREYOY-26FEB,2026-03-07,2026-03-11,2.7,6,158,6,5.1020408163265305,FALSE
KXCPICOREYOY-26FEB,2026-03-08,2026-03-11,2.7,4,313,4,3.061224489795918,FALSE
KXCPICOREYOY-26FEB,2026-03-09,2026-03-11,2.7,6,147,6,2.0408163265306123,FALSE
KXCPICOREYOY-26FEB,2026-03-10,2026-03-11,2.7,3,1331,3,1.0204081632653061,FALSE
KXCPICOREYOY-26FEB,2026-03-11,2026-03-11,2.7,2,824,2,1.0204081632653061,FALSE
KXCPICOREYOY-26JAN,2026-01-15,2026-02-13,2.7,33,23,33,4.081632653061225,FALSE
KXCPICOREYOY-26JAN,2026-01-16,2026-02-13,2.7,33,0,33,3.061224489795918,FALSE
KXCPICOREYOY-26JAN,2026-01-17,2026-02-13,2.7,32,11,32,3.061224489795918,FALSE
KXCPICOREYOY-26JAN,2026-01-18,2026-02-13,2.7,35,178,35,2.0408163265306123,FALSE
KXCPICOREYOY-26JAN,2026-01-19,2026-02-13,2.7,36,7,36,2.0408163265306087,FALSE
KXCPICOREYOY-26JAN,2026-01-20,2026-02-13,2.7,33,21,33,6.122448979591836,FALSE
KXCPICOREYOY-26JUL,2026-07-06,2026-08-05,2.7,47,5,47,8.16326530612245,FALSE
KXCPICOREYOY-26JUL,2026-07-07,2026-08-05,2.7,47,0,47,8.16326530612245,FALSE
KXCPICOREYOY-26JUL,2026-07-08,2026-08-05,2.7,47,0,47,8.16326530612245,FALSE
KXCPICOREYOY-26JUL,2026-07-09,2026-08-05,2.7,47,0,47,8.16326530612245,FALSE
KXCPICOREYOY-26JUL,2026-07-13,2026-08-05,2.7,47,0,47,8.16326530612245,FALSE
KXCPICOREYOY-26JUL,2026-07-14,2026-08-05,2.7,3,11,3,2.0408163265306123,FALSE
KXCPICOREYOY-26JUL,2026-07-15,2026-08-05,2.7,3,0,3,1.0204081632653061,FALSE
KXCPICOREYOY-26JUL,2026-07-16,2026-08-05,2.7,3,0,3,0,FALSE
KXCPICOREYOY-26JUL,2026-07-17,2026-08-05,2.7,3,0,3,0,FALSE
KXCPICOREYOY-26JUL,2026-07-18,2026-08-05,2.7,3,0,3,0,FALSE
KXCPICOREYOY-26JUL,2026-07-19,2026-08-05,2.7,30,5,30,14.285714285714286,FALSE
KXCPICOREYOY-26JUL,2026-07-20,2026-08-05,2.7,8,10,8,3.061224489795918,FALSE
KXCPICOREYOY-26JUL,2026-07-21,2026-08-05,2.7,8,30,8,2.0408163265306123,FALSE
KXCPICOREYOY-26JUL,2026-07-22,2026-08-05,2.7,8,0,5,2.0408163265306123,FALSE
KXCPICOREYOY-26JUL,2026-07-23,2026-08-05,2.7,8,0,8,2.0408163265306123,FALSE
KXCPICOREYOY-26JUL,2026-07-24,2026-08-05,2.7,8,0,6,2.0408163265306123,FALSE
KXCPICOREYOY-26JUL,2026-07-25,2026-08-05,2.7,9,10.44,6,2.0408163265306123,FALSE
KXCPICOREYOY-26JUL,2026-07-26,2026-08-05,2.7,9,0,6,2.0408163265306123,FALSE
KXCPICOREYOY-26JUL,2026-07-27,2026-08-05,2.7,9,0,6,2.0408163265306123,FALSE
KXCPICOREYOY-26JUL,2026-07-28,2026-08-05,2.7,2,13,2,0,FALSE
KXCPICOREYOY-26JUL,2026-07-29,2026-08-05,2.7,2,0,2,0,FALSE
KXCPICOREYOY-26JUL,2026-07-30,2026-08-05,2.7,2,0,2,0,FALSE
KXCPICOREYOY-26JUL,2026-07-31,2026-08-05,2.7,4,653,4,2.0408163265306123,FALSE
KXCPICOREYOY-26JUL,2026-08-01,2026-08-05,2.7,4,27,4,2.0408163265306123,FALSE
KXCPICOREYOY-26JUL,2026-08-02,2026-08-05,2.7,4,0,4,2.0408163265306123,FALSE
KXCPICOREYOY-26JUL,2026-08-03,2026-08-05,2.7,4,0,4,2.0408163265306123,FALSE
KXCPICOREYOY-26JUL,2026-08-04,2026-08-05,2.7,4,0,4,2.0408163265306123,FALSE
KXCPICOREYOY-26JUL,2026-08-05,2026-08-05,2.7,4,0,4,2.0408163265306123,FALSE
KXCPICOREYOY-26JUN,2026-06-29,2026-07-14,2.7,0,0,73,25.510204081632654,FALSE
KXCPICOREYOY-26JUN,2026-06-30,2026-07-14,2.7,0,0,53,45.91836734693877,FALSE
KXCPICOREYOY-26JUN,2026-07-01,2026-07-14,2.7,89,13.87,89,38.775510204081634,FALSE
KXCPICOREYOY-26JUN,2026-07-02,2026-07-14,2.7,70,19.6,70,21.428571428571427,FALSE
KXCPICOREYOY-26JUN,2026-07-03,2026-07-14,2.7,70,0,70,17.346938775510203,FALSE
KXCPICOREYOY-26JUN,2026-07-04,2026-07-14,2.7,68,406.97,68,62.244897959183675,FALSE
KXCPICOREYOY-26JUN,2026-07-05,2026-07-14,2.7,87,60,87,72.44897959183673,FALSE
KXCPICOREYOY-26JUN,2026-07-06,2026-07-14,2.7,86,120,86,71.42857142857143,FALSE
KXCPICOREYOY-26JUN,2026-07-07,2026-07-14,2.7,85,2326.27,85,37.755102040816325,FALSE
KXCPICOREYOY-26JUN,2026-07-08,2026-07-14,2.7,84,1944.77,84,56.12244897959184,FALSE
KXCPICOREYOY-26JUN,2026-07-09,2026-07-14,2.7,86,458.99,86,45.91836734693877,FALSE
KXCPICOREYOY-26JUN,2026-07-10,2026-07-14,2.7,82,1298,82,48.97959183673469,FALSE
KXCPICOREYOY-26JUN,2026-07-11,2026-07-14,2.7,82,576.02,82,48.97959183673469,FALSE
KXCPICOREYOY-26JUN,2026-07-12,2026-07-14,2.7,83,459.18,83,37.755102040816325,FALSE
KXCPICOREYOY-26JUN,2026-07-13,2026-07-14,2.7,82,4291.36,82,51.02040816326531,FALSE
KXCPICOREYOY-26JUN,2026-07-14,2026-07-14,2.7,85,312.14,85,56.12244897959184,FALSE
KXCPICOREYOY-26MAY,2026-05-11,2026-06-10,2.7,65,0,65,29.591836734693878,FALSE
KXCPICOREYOY-26MAY,2026-05-12,2026-06-10,2.7,80,946,80,29.591836734693878,FALSE
KXCPICOREYOY-26MAY,2026-05-13,2026-06-10,2.7,81,257.03000000000003,81,19.387755102040817,FALSE
KXCPICOREYOY-26MAY,2026-05-14,2026-06-10,2.7,79,77,79,24.48979591836734,FALSE
KXCPICOREYOY-26MAY,2026-05-15,2026-06-10,2.7,88,273,88,29.591836734693878,FALSE
KXCPICOREYOY-26MAY,2026-05-16,2026-06-10,2.7,94,524,94,29.591836734693878,FALSE
KXCPICOREYOY-26MAY,2026-05-17,2026-06-10,2.7,94,0,94,32.6530612244898,FALSE
KXCPICOREYOY-26MAY,2026-05-18,2026-06-10,2.7,91,757,91,25.510204081632654,FALSE
KXCPICOREYOY-26MAY,2026-05-19,2026-06-10,2.7,96,59,96,30.612244897959183,FALSE
KXCPICOREYOY-26MAY,2026-05-20,2026-06-10,2.7,93,519,93,28.571428571428573,FALSE
KXCPICOREYOY-26MAY,2026-05-21,2026-06-10,2.7,93,0,93,32.6530612244898,FALSE
KXCPICOREYOY-26MAY,2026-05-22,2026-06-10,2.7,92,19,92,29.591836734693878,FALSE
KXCPICOREYOY-26MAY,2026-05-23,2026-06-10,2.7,92,0,92,29.591836734693878,FALSE
KXCPICOREYOY-26MAY,2026-05-24,2026-06-10,2.7,92,0,92,29.591836734693878,FALSE
KXCPICOREYOY-26MAY,2026-05-25,2026-06-10,2.7,92,0,92,31.632653061224488,FALSE
KXCPICOREYOY-26MAY,2026-05-26,2026-06-10,2.7,92,0,92,33.673469387755105,FALSE
KXCPICOREYOY-26MAY,2026-05-27,2026-06-10,2.7,92,0,92,29.591836734693878,FALSE
KXCPICOREYOY-26MAY,2026-05-28,2026-06-10,2.7,92,0,92,29.591836734693878,FALSE
KXCPICOREYOY-26MAY,2026-05-29,2026-06-10,2.7,93,6,93,25.510204081632654,FALSE
KXCPICOREYOY-26MAY,2026-05-30,2026-06-10,2.7,93,0,93,34.69387755102041,FALSE
KXCPICOREYOY-26MAY,2026-05-31,2026-06-10,2.7,93,0,93,25.510204081632654,FALSE
KXCPICOREYOY-26MAY,2026-06-01,2026-06-10,2.7,92,1045.71,92,34.69387755102042,FALSE
KXCPICOREYOY-26MAY,2026-06-02,2026-06-10,2.7,93,2088,93,37.75510204081632,FALSE
KXCPICOREYOY-26MAY,2026-06-03,2026-06-10,2.7,88,7.83,88,30.612244897959194,FALSE
KXCPICOREYOY-26MAY,2026-06-04,2026-06-10,2.7,88,0,88,30.612244897959194,FALSE
KXCPICOREYOY-26MAY,2026-06-05,2026-06-10,2.7,88,0,88,30.612244897959194,FALSE
KXCPICOREYOY-26MAY,2026-06-06,2026-06-10,2.7,95,10.48,95,37.75510204081633,FALSE
KXCPICOREYOY-26MAY,2026-06-07,2026-06-10,2.7,95,0,95,31.632653061224488,FALSE
KXCPICOREYOY-26MAY,2026-06-08,2026-06-10,2.7,94,5913.44,94,42.857142857142854,FALSE
KXCPICOREYOY-26MAY,2026-06-09,2026-06-10,2.7,91,945.82,91,43.87755102040816,FALSE
KXCPICOREYOY-26MAY,2026-06-10,2026-06-10,2.7,91,694.34,91,46.93877551020408,FALSE
KXCPICOREYOY-26NOV,2026-07-08,2026-08-05,2.7,63,6,70,0,FALSE
KXCPICOREYOY-26NOV,2026-07-09,2026-08-05,2.7,63,0,70,0,FALSE
KXCPICOREYOY-26NOV,2026-07-10,2026-08-05,2.7,63,0,70,0,FALSE
KXCPICOREYOY-26NOV,2026-07-11,2026-08-05,2.7,63,0,70,0,FALSE
KXCPICOREYOY-26NOV,2026-07-12,2026-08-05,2.7,63,0,70,0,FALSE
KXCPICOREYOY-26NOV,2026-07-13,2026-08-05,2.7,63,0,70,0,FALSE
KXCPICOREYOY-26NOV,2026-07-14,2026-08-05,2.7,63,0,70,23.46938775510204,FALSE
KXCPICOREYOY-26NOV,2026-07-15,2026-08-05,2.7,63,0,70,23.46938775510204,FALSE
KXCPICOREYOY-26NOV,2026-07-16,2026-08-05,2.7,63,0,70,23.46938775510204,FALSE
KXCPICOREYOY-26NOV,2026-07-17,2026-08-05,2.7,63,0,70,23.46938775510204,FALSE
KXCPICOREYOY-26NOV,2026-07-18,2026-08-05,2.7,63,0,70,23.46938775510204,FALSE
KXCPICOREYOY-26NOV,2026-07-19,2026-08-05,2.7,63,0,70,1.0204081632653061,FALSE
KXCPICOREYOY-26NOV,2026-07-20,2026-08-05,2.7,63,0,70,1.0204081632653061,FALSE
KXCPICOREYOY-26NOV,2026-07-21,2026-08-05,2.7,63,0,70,1.0204081632653061,FALSE
KXCPICOREYOY-26NOV,2026-07-22,2026-08-05,2.7,63,0,70,1.0204081632653061,FALSE
KXCPICOREYOY-26NOV,2026-07-23,2026-08-05,2.7,63,2,97,1.0204081632653061,FALSE
KXCPICOREYOY-26NOV,2026-07-24,2026-08-05,2.7,63,0,97,1.0204081632653061,FALSE
KXCPICOREYOY-26NOV,2026-07-25,2026-08-05,2.7,63,0,97,1.0204081632653061,FALSE
KXCPICOREYOY-26NOV,2026-07-26,2026-08-05,2.7,63,0,97,1.0204081632653061,FALSE
KXCPICOREYOY-26NOV,2026-07-27,2026-08-05,2.7,64,3,79,0,FALSE
KXCPICOREYOY-26NOV,2026-07-28,2026-08-05,2.7,64,0,79,19.387755102040817,FALSE
KXCPICOREYOY-26NOV,2026-07-29,2026-08-05,2.7,15,4,79,18.367346938775512,FALSE
KXCPICOREYOY-26NOV,2026-07-30,2026-08-05,2.7,15,0,79,2.0408163265306123,FALSE
KXCPICOREYOY-26NOV,2026-07-31,2026-08-05,2.7,15,0,79,2.0408163265306123,FALSE
KXCPICOREYOY-26NOV,2026-08-01,2026-08-05,2.7,15,0,79,2.0408163265306123,FALSE
KXCPICOREYOY-26NOV,2026-08-02,2026-08-05,2.7,15,0,79,2.0408163265306123,FALSE
KXCPICOREYOY-26NOV,2026-08-03,2026-08-05,2.7,15,0,79,2.0408163265306123,FALSE
KXCPICOREYOY-26NOV,2026-08-04,2026-08-05,2.7,15,0,79,2.0408163265306123,FALSE
KXCPICOREYOY-26NOV,2026-08-05,2026-08-05,2.7,15,0,79,2.0408163265306123,FALSE
KXCPICOREYOY-26SEP,2026-07-08,2026-08-05,2.7,0,0,1,0,FALSE
KXCPICOREYOY-26SEP,2026-07-09,2026-08-05,2.7,0,0,35,0,FALSE
KXCPICOREYOY-26SEP,2026-07-10,2026-08-05,2.7,0,0,35,0,FALSE
KXCPICOREYOY-26SEP,2026-07-11,2026-08-05,2.7,0,0,35,0,FALSE
KXCPICOREYOY-26SEP,2026-07-12,2026-08-05,2.7,0,0,35,0,FALSE
KXCPICOREYOY-26SEP,2026-07-13,2026-08-05,2.7,0,0,35,0,FALSE
KXCPICOREYOY-26SEP,2026-07-14,2026-08-05,2.7,0,0,37,0,FALSE
KXCPICOREYOY-26SEP,2026-07-15,2026-08-05,2.7,0,0,37,0,FALSE
KXCPICOREYOY-26SEP,2026-07-16,2026-08-05,2.7,0,0,37,7.142857142857143,FALSE
KXCPICOREYOY-26SEP,2026-07-17,2026-08-05,2.7,0,0,37,7.142857142857143,FALSE
KXCPICOREYOY-26SEP,2026-07-18,2026-08-05,2.7,0,0,37,7.142857142857143,FALSE
KXCPICOREYOY-26SEP,2026-07-19,2026-08-05,2.7,0,0,37,7.142857142857143,FALSE
KXCPICOREYOY-26SEP,2026-07-20,2026-08-05,2.7,0,0,37,7.142857142857143,FALSE
KXCPICOREYOY-26SEP,2026-07-21,2026-08-05,2.7,0,0,37,7.142857142857143,FALSE
KXCPICOREYOY-26SEP,2026-07-22,2026-08-05,2.7,0,0,37,7.142857142857143,FALSE
KXCPICOREYOY-26SEP,2026-07-23,2026-08-05,2.7,0,0,37,7.142857142857143,FALSE
KXCPICOREYOY-26SEP,2026-07-24,2026-08-05,2.7,0,0,37,7.142857142857143,FALSE
KXCPICOREYOY-26SEP,2026-07-25,2026-08-05,2.7,0,0,37,7.142857142857143,FALSE
KXCPICOREYOY-26SEP,2026-07-26,2026-08-05,2.7,0,0,37,7.142857142857143,FALSE
KXCPICOREYOY-26SEP,2026-07-27,2026-08-05,2.7,0,0,37,7.142857142857143,FALSE
KXCPICOREYOY-26SEP,2026-07-28,2026-08-05,2.7,0,0,1,0,FALSE
KXCPICOREYOY-26SEP,2026-07-29,2026-08-05,2.7,37,2.9699999999999998,37,0,FALSE
KXCPICOREYOY-26SEP,2026-07-30,2026-08-05,2.7,37,0,37,0,FALSE
KXCPICOREYOY-26SEP,2026-07-31,2026-08-05,2.7,37,0,37,0,FALSE
KXCPICOREYOY-26SEP,2026-08-01,2026-08-05,2.7,37,0,37,21.428571428571427,FALSE
KXCPICOREYOY-26SEP,2026-08-02,2026-08-05,2.7,37,0,37,21.428571428571427,FALSE
KXCPICOREYOY-26SEP,2026-08-03,2026-08-05,2.7,37,0,37,21.428571428571427,FALSE
KXCPICOREYOY-26SEP,2026-08-04,2026-08-05,2.7,37,0,37,21.428571428571427,FALSE
KXCPICOREYOY-26SEP,2026-08-05,2026-08-05,2.7,37,0,37,2.0408163265306123,FALSE
CPICOREYOY-23SEP,2023-09-15,2023-10-12,2.8,95,4110,96,0,FALSE
CPICOREYOY-23SEP,2023-09-16,2023-10-12,2.8,95,0,96,0,FALSE
CPICOREYOY-23SEP,2023-09-17,2023-10-12,2.8,97,945,97,0,FALSE
CPICOREYOY-23SEP,2023-09-18,2023-10-12,2.8,94,1221,97,0,FALSE
CPICOREYOY-23SEP,2023-09-19,2023-10-12,2.8,91,557,97,0,FALSE
CPICOREYOY-23SEP,2023-09-20,2023-10-12,2.8,91,0,97,0,FALSE
CPICOREYOY-23SEP,2023-09-21,2023-10-12,2.8,97,2,97,0,FALSE
CPICOREYOY-23SEP,2023-09-22,2023-10-12,2.8,97,0,97,0,FALSE
CPICOREYOY-23SEP,2023-09-23,2023-10-12,2.8,97,0,97,0,FALSE
CPICOREYOY-23SEP,2023-09-24,2023-10-12,2.8,97,0,97,0,FALSE
CPICOREYOY-23SEP,2023-09-25,2023-10-12,2.8,95,300,97,0,FALSE
CPICOREYOY-23SEP,2023-09-26,2023-10-12,2.8,96,1222,97,0,FALSE
CPICOREYOY-23SEP,2023-09-27,2023-10-12,2.8,96,333,97,0,FALSE
CPICOREYOY-23SEP,2023-09-28,2023-10-12,2.8,96,555,96,0,FALSE
CPICOREYOY-23SEP,2023-09-29,2023-10-12,2.8,96,0,97,0,FALSE
CPICOREYOY-23SEP,2023-09-30,2023-10-12,2.8,96,0,97,0,FALSE
CPICOREYOY-23SEP,2023-10-01,2023-10-12,2.8,96,0,97,0,FALSE
CPICOREYOY-23SEP,2023-10-02,2023-10-12,2.8,96,0,97,0,FALSE
CPICOREYOY-23SEP,2023-10-03,2023-10-12,2.8,96,0,97,0,FALSE
CPICOREYOY-23SEP,2023-10-04,2023-10-12,2.8,96,0,97,0,FALSE
CPICOREYOY-23SEP,2023-10-05,2023-10-12,2.8,96,0,97,0,FALSE
CPICOREYOY-23SEP,2023-10-06,2023-10-12,2.8,96,0,97,0,FALSE
CPICOREYOY-23SEP,2023-10-07,2023-10-12,2.8,96,0,97,0,FALSE
CPICOREYOY-23SEP,2023-10-08,2023-10-12,2.8,96,0,97,0,FALSE
CPICOREYOY-23SEP,2023-10-09,2023-10-12,2.8,96,0,97,0,FALSE
CPICOREYOY-23SEP,2023-10-10,2023-10-12,2.8,96,0,97,0,FALSE
CPICOREYOY-23SEP,2023-10-11,2023-10-12,2.8,96,0,97,0,FALSE
CPICOREYOY-23SEP,2023-10-12,2023-10-12,2.8,96,0,99,0,FALSE
CPICOREYOY-24AUG,2024-08-12,2024-09-10,2.8,0,0,93,6.122448979591836,FALSE
CPICOREYOY-24AUG,2024-08-13,2024-09-10,2.8,0,0,88,11.224489795918368,FALSE
CPICOREYOY-24AUG,2024-08-14,2024-09-10,2.8,0,0,88,11.224489795918368,FALSE
CPICOREYOY-24AUG,2024-08-15,2024-09-10,2.8,0,0,88,11.224489795918368,FALSE
CPICOREYOY-24AUG,2024-08-16,2024-09-10,2.8,0,0,88,11.224489795918368,FALSE
CPICOREYOY-24AUG,2024-08-17,2024-09-10,2.8,0,0,88,11.224489795918368,FALSE
CPICOREYOY-24AUG,2024-08-18,2024-09-10,2.8,0,0,88,11.224489795918368,FALSE
CPICOREYOY-24AUG,2024-08-19,2024-09-10,2.8,0,0,88,11.224489795918368,FALSE
CPICOREYOY-24AUG,2024-08-20,2024-09-10,2.8,0,0,97,2.0408163265306123,FALSE
CPICOREYOY-24AUG,2024-08-21,2024-09-10,2.8,0,0,97,2.0408163265306123,FALSE
CPICOREYOY-24AUG,2024-08-22,2024-09-10,2.8,0,0,97,2.0408163265306123,FALSE
CPICOREYOY-24AUG,2024-08-23,2024-09-10,2.8,0,0,99,0,FALSE
CPICOREYOY-24AUG,2024-08-24,2024-09-10,2.8,0,0,99,0,FALSE
CPICOREYOY-24OCT,2024-10-13,2024-11-12,2.8,0,0,73,0,FALSE
CPICOREYOY-24OCT,2024-10-14,2024-11-12,2.8,0,0,73,0,FALSE
CPICOREYOY-24OCT,2024-10-15,2024-11-12,2.8,0,0,73,0,FALSE
CPICOREYOY-24OCT,2024-10-16,2024-11-12,2.8,0,0,73,0,FALSE
CPICOREYOY-24OCT,2024-10-17,2024-11-12,2.8,0,0,73,0,FALSE
CPICOREYOY-24OCT,2024-10-18,2024-11-12,2.8,0,0,73,0,FALSE
CPICOREYOY-24OCT,2024-10-19,2024-11-12,2.8,0,0,73,0,FALSE
CPICOREYOY-24OCT,2024-10-20,2024-11-12,2.8,0,0,73,0,FALSE
CPICOREYOY-24OCT,2024-10-21,2024-11-12,2.8,0,0,88,0,FALSE
CPICOREYOY-24OCT,2024-10-22,2024-11-12,2.8,0,0,88,0,FALSE
CPICOREYOY-24OCT,2024-10-23,2024-11-12,2.8,0,0,88,0,FALSE
CPICOREYOY-24OCT,2024-10-24,2024-11-12,2.8,0,0,88,0,FALSE
CPICOREYOY-24OCT,2024-10-25,2024-11-12,2.8,0,0,88,0,FALSE
CPICOREYOY-24OCT,2024-10-26,2024-11-12,2.8,0,0,88,0,FALSE
CPICOREYOY-24OCT,2024-10-27,2024-11-12,2.8,0,0,88,0,FALSE
CPICOREYOY-24OCT,2024-10-28,2024-11-12,2.8,0,0,88,0,FALSE
CPICOREYOY-24OCT,2024-10-29,2024-11-12,2.8,0,0,88,0,FALSE
CPICOREYOY-24OCT,2024-10-30,2024-11-12,2.8,0,0,88,0,FALSE
CPICOREYOY-24OCT,2024-10-31,2024-11-12,2.8,0,0,88,0,FALSE
CPICOREYOY-24OCT,2024-11-01,2024-11-12,2.8,0,0,88,0,FALSE
CPICOREYOY-24OCT,2024-11-02,2024-11-12,2.8,0,0,88,0,FALSE
CPICOREYOY-24OCT,2024-11-03,2024-11-12,2.8,0,0,88,0,FALSE
CPICOREYOY-24OCT,2024-11-04,2024-11-12,2.8,0,0,88,0,FALSE
CPICOREYOY-24OCT,2024-11-05,2024-11-12,2.8,0,0,88,0,FALSE
CPICOREYOY-24OCT,2024-11-06,2024-11-12,2.8,0,0,88,0,FALSE
CPICOREYOY-24OCT,2024-11-07,2024-11-12,2.8,0,0,88,0,FALSE
CPICOREYOY-24OCT,2024-11-08,2024-11-12,2.8,0,0,88,0,FALSE
CPICOREYOY-24OCT,2024-11-09,2024-11-12,2.8,0,0,88,0,FALSE
CPICOREYOY-24OCT,2024-11-10,2024-11-12,2.8,0,0,88,0,FALSE
CPICOREYOY-24OCT,2024-11-11,2024-11-12,2.8,0,0,88,0,FALSE
CPICOREYOY-24OCT,2024-11-12,2024-11-12,2.8,0,0,88,0,FALSE
CPICOREYOY-24SEP,2024-09-27,2024-10-10,2.8,0,0,64,0,FALSE
CPICOREYOY-24SEP,2024-09-28,2024-10-10,2.8,0,0,68,0,FALSE
CPICOREYOY-24SEP,2024-09-29,2024-10-10,2.8,0,0,68,0,FALSE
CPICOREYOY-24SEP,2024-09-30,2024-10-10,2.8,0,0,67,0,FALSE
CPICOREYOY-24SEP,2024-10-01,2024-10-10,2.8,0,0,77,0,FALSE
CPICOREYOY-24SEP,2024-10-02,2024-10-10,2.8,0,0,74,0,FALSE
CPICOREYOY-24SEP,2024-10-03,2024-10-10,2.8,0,0,78,0,FALSE
CPICOREYOY-24SEP,2024-10-04,2024-10-10,2.8,0,0,85,0,FALSE
CPICOREYOY-24SEP,2024-10-05,2024-10-10,2.8,0,0,85,0,FALSE
CPICOREYOY-24SEP,2024-10-06,2024-10-10,2.8,0,0,85,0,FALSE
CPICOREYOY-24SEP,2024-10-07,2024-10-10,2.8,0,0,85,0,FALSE
CPICOREYOY-24SEP,2024-10-08,2024-10-10,2.8,99,8,99,0,FALSE
CPICOREYOY-24SEP,2024-10-09,2024-10-10,2.8,99,0,99,0,FALSE
CPICOREYOY-24SEP,2024-10-10,2024-10-10,2.8,99,0,99,0,FALSE
KXCPICOREYOY-24DEC,2025-01-02,2025-01-15,2.8,0,0,99,0,FALSE
KXCPICOREYOY-24DEC,2025-01-03,2025-01-15,2.8,0,0,99,0,FALSE
KXCPICOREYOY-24DEC,2025-01-04,2025-01-15,2.8,0,0,99,0,FALSE
KXCPICOREYOY-24DEC,2025-01-05,2025-01-15,2.8,0,0,99,0,FALSE
KXCPICOREYOY-24DEC,2025-01-06,2025-01-15,2.8,0,0,99,0,FALSE
KXCPICOREYOY-24DEC,2025-01-07,2025-01-15,2.8,0,0,99,0,FALSE
KXCPICOREYOY-24DEC,2025-01-08,2025-01-15,2.8,0,0,99,0,FALSE
KXCPICOREYOY-24DEC,2025-01-09,2025-01-15,2.8,0,0,99,0,FALSE
KXCPICOREYOY-24DEC,2025-01-10,2025-01-15,2.8,0,0,99,0,FALSE
KXCPICOREYOY-24DEC,2025-01-11,2025-01-15,2.8,0,0,99,0,FALSE
KXCPICOREYOY-24DEC,2025-01-12,2025-01-15,2.8,0,0,99,0,FALSE
KXCPICOREYOY-24DEC,2025-01-13,2025-01-15,2.8,0,0,99,0,FALSE
KXCPICOREYOY-24DEC,2025-01-14,2025-01-15,2.8,0,0,99,0,FALSE
KXCPICOREYOY-24DEC,2025-01-15,2025-01-15,2.8,0,0,99,0,FALSE
KXCPICOREYOY-24NOV,2024-11-22,2024-12-11,2.8,0,0,7.000000000000001,0,FALSE
KXCPICOREYOY-24NOV,2024-11-23,2024-12-11,2.8,0,0,37,6.122448979591838,FALSE
KXCPICOREYOY-24NOV,2024-11-24,2024-12-11,2.8,0,0,37,6.122448979591838,FALSE
KXCPICOREYOY-24NOV,2024-11-25,2024-12-11,2.8,0,0,37,6.122448979591838,FALSE
KXCPICOREYOY-24NOV,2024-11-26,2024-12-11,2.8,0,0,37,6.122448979591838,FALSE
KXCPICOREYOY-24NOV,2024-11-27,2024-12-11,2.8,99,8,99,0,FALSE
KXCPICOREYOY-24NOV,2024-11-28,2024-12-11,2.8,99,0,99,0,FALSE
KXCPICOREYOY-24NOV,2024-11-29,2024-12-11,2.8,99,0,99,0,FALSE
KXCPICOREYOY-24NOV,2024-11-30,2024-12-11,2.8,99,0,99,0,FALSE
KXCPICOREYOY-24NOV,2024-12-01,2024-12-11,2.8,99,0,99,0,FALSE
KXCPICOREYOY-24NOV,2024-12-02,2024-12-11,2.8,99,0,99,0,FALSE
KXCPICOREYOY-24NOV,2024-12-03,2024-12-11,2.8,99,0,99,0,FALSE
KXCPICOREYOY-24NOV,2024-12-04,2024-12-11,2.8,99,0,99,0,FALSE
KXCPICOREYOY-24NOV,2024-12-05,2024-12-11,2.8,99,0,99,0,FALSE
KXCPICOREYOY-24NOV,2024-12-06,2024-12-11,2.8,99,0,99,0,FALSE
KXCPICOREYOY-24NOV,2024-12-07,2024-12-11,2.8,99,0,99,0,FALSE
KXCPICOREYOY-24NOV,2024-12-08,2024-12-11,2.8,99,0,99,0,FALSE
KXCPICOREYOY-24NOV,2024-12-09,2024-12-11,2.8,99,0,99,0,FALSE
KXCPICOREYOY-24NOV,2024-12-10,2024-12-11,2.8,99,16,99,0,FALSE
KXCPICOREYOY-24NOV,2024-12-11,2024-12-11,2.8,99,0,99,0,FALSE
KXCPICOREYOY-25APR,2025-04-13,2025-05-13,2.8,0,0,42,34.69387755102041,FALSE
KXCPICOREYOY-25APR,2025-04-14,2025-05-13,2.8,0,0,42,34.69387755102041,FALSE
KXCPICOREYOY-25APR,2025-04-15,2025-05-13,2.8,0,0,42,34.69387755102041,FALSE
KXCPICOREYOY-25APR,2025-04-16,2025-05-13,2.8,0,0,31,23.46938775510204,FALSE
KXCPICOREYOY-25APR,2025-04-17,2025-05-13,2.8,15,172,15,7.142857142857143,FALSE
KXCPICOREYOY-25APR,2025-04-18,2025-05-13,2.8,15,0,15,7.142857142857143,FALSE
KXCPICOREYOY-25APR,2025-04-19,2025-05-13,2.8,15,0,15,7.142857142857143,FALSE
KXCPICOREYOY-25APR,2025-04-20,2025-05-13,2.8,44,51,44,24.489795918367346,FALSE
KXCPICOREYOY-25APR,2025-04-21,2025-05-13,2.8,44,0,44,23.46938775510204,FALSE
KXCPICOREYOY-25APR,2025-04-22,2025-05-13,2.8,44,0,44,23.46938775510204,FALSE
KXCPICOREYOY-25APR,2025-04-23,2025-05-13,2.8,36,39,36,15.306122448979592,FALSE
KXCPICOREYOY-25APR,2025-04-24,2025-05-13,2.8,36,0,36,15.306122448979592,FALSE
KXCPICOREYOY-25APR,2025-04-25,2025-05-13,2.8,36,0,36,15.306122448979592,FALSE
KXCPICOREYOY-25APR,2025-04-26,2025-05-13,2.8,36,0,36,15.306122448979592,FALSE
KXCPICOREYOY-25APR,2025-04-27,2025-05-13,2.8,36,0,36,14.285714285714286,FALSE
KXCPICOREYOY-25APR,2025-04-28,2025-05-13,2.8,36,0,36,10.204081632653061,FALSE
KXCPICOREYOY-25APR,2025-04-29,2025-05-13,2.8,47,16,47,21.428571428571427,FALSE
KXCPICOREYOY-25APR,2025-04-30,2025-05-13,2.8,45,5000,45,25.510204081632654,FALSE
KXCPICOREYOY-25APR,2025-05-01,2025-05-13,2.8,45,0,45,25.510204081632654,FALSE
KXCPICOREYOY-25APR,2025-05-02,2025-05-13,2.8,45,0,45,25.510204081632654,FALSE
KXCPICOREYOY-25APR,2025-05-03,2025-05-13,2.8,46,1005,46,26.53061224489796,FALSE
KXCPICOREYOY-25APR,2025-05-04,2025-05-13,2.8,45,15,45,25.510204081632654,FALSE
KXCPICOREYOY-25APR,2025-05-05,2025-05-13,2.8,41,519,41,21.428571428571427,FALSE
KXCPICOREYOY-25APR,2025-05-06,2025-05-13,2.8,37,521,37,10.204081632653061,FALSE
KXCPICOREYOY-25APR,2025-05-07,2025-05-13,2.8,44,70,44,17.346938775510203,FALSE
KXCPICOREYOY-25APR,2025-05-08,2025-05-13,2.8,44,0,44,17.346938775510203,FALSE
KXCPICOREYOY-25APR,2025-05-09,2025-05-13,2.8,43,208,43,16.3265306122449,FALSE
KXCPICOREYOY-25APR,2025-05-10,2025-05-13,2.8,44,1,44,28.571428571428573,FALSE
KXCPICOREYOY-25APR,2025-05-11,2025-05-13,2.8,47,23,47,32.6530612244898,FALSE
KXCPICOREYOY-25APR,2025-05-12,2025-05-13,2.8,43,263,43,28.571428571428573,FALSE
KXCPICOREYOY-25APR,2025-05-13,2025-05-13,2.8,45,480,45,30.612244897959183,FALSE
KXCPICOREYOY-25DEC,2025-12-18,2026-01-13,2.8,9,92,46,0,FALSE
KXCPICOREYOY-25DEC,2025-12-19,2026-01-13,2.8,9,208,46,0,FALSE
KXCPICOREYOY-25DEC,2025-12-20,2026-01-13,2.8,9,0,9,8.16326530612245,FALSE
KXCPICOREYOY-25DEC,2025-12-21,2026-01-13,2.8,13,479,46,0,FALSE
KXCPICOREYOY-25DEC,2025-12-22,2026-01-13,2.8,11,22266,46,0,FALSE
KXCPICOREYOY-25DEC,2025-12-23,2026-01-13,2.8,9,412,46,0,FALSE
KXCPICOREYOY-25DEC,2025-12-24,2026-01-13,2.8,9,0,46,0,FALSE
KXCPICOREYOY-25DEC,2025-12-25,2026-01-13,2.8,12,78,46,0,FALSE
KXCPICOREYOY-25DEC,2025-12-26,2026-01-13,2.8,12,0,46,0,FALSE
KXCPICOREYOY-25DEC,2025-12-27,2026-01-13,2.8,15,557,46,0,FALSE
KXCPICOREYOY-25DEC,2025-12-28,2026-01-13,2.8,5,500,46,0,FALSE
KXCPICOREYOY-25DEC,2025-12-29,2026-01-13,2.8,5,0,46,0,FALSE
KXCPICOREYOY-25DEC,2025-12-30,2026-01-13,2.8,11,8,46,0,FALSE
KXCPICOREYOY-25DEC,2025-12-31,2026-01-13,2.8,13,72,46,0,FALSE
KXCPICOREYOY-25DEC,2026-01-01,2026-01-13,2.8,15,129,46,0,FALSE
KXCPICOREYOY-25DEC,2026-01-02,2026-01-13,2.8,15,0,46,0,FALSE
KXCPICOREYOY-25DEC,2026-01-03,2026-01-13,2.8,15,0,46,0,FALSE
KXCPICOREYOY-25DEC,2026-01-04,2026-01-13,2.8,12,7,46,0,FALSE
KXCPICOREYOY-25DEC,2026-01-05,2026-01-13,2.8,13,772,46,0,FALSE
KXCPICOREYOY-25DEC,2026-01-06,2026-01-13,2.8,16,355,46,0,FALSE
KXCPICOREYOY-25DEC,2026-01-07,2026-01-13,2.8,19,164,19,11.224489795918368,FALSE
KXCPICOREYOY-25DEC,2026-01-08,2026-01-13,2.8,15,127,15,7.142857142857143,FALSE
KXCPICOREYOY-25DEC,2026-01-09,2026-01-13,2.8,17,873,46,0,FALSE
KXCPICOREYOY-25DEC,2026-01-10,2026-01-13,2.8,17,401,46,0,FALSE
KXCPICOREYOY-25DEC,2026-01-11,2026-01-13,2.8,14.000000000000002,142,14.000000000000002,7.142857142857144,FALSE
KXCPICOREYOY-25DEC,2026-01-12,2026-01-13,2.8,11,5219,46,0,FALSE
KXCPICOREYOY-25DEC,2026-01-13,2026-01-13,2.8,24,1967,46,45.91836734693877,FALSE
KXCPICOREYOY-25FEB,2025-02-10,2025-03-12,2.8,0,0,83,16.3265306122449,FALSE
KXCPICOREYOY-25FEB,2025-02-11,2025-03-12,2.8,0,0,83,16.3265306122449,FALSE
KXCPICOREYOY-25FEB,2025-02-12,2025-03-12,2.8,0,0,89,10.204081632653061,FALSE
KXCPICOREYOY-25FEB,2025-02-13,2025-03-12,2.8,0,0,89,10.204081632653061,FALSE
KXCPICOREYOY-25FEB,2025-02-14,2025-03-12,2.8,0,0,89,10.204081632653061,FALSE
KXCPICOREYOY-25FEB,2025-02-15,2025-03-12,2.8,0,0,89,10.204081632653061,FALSE
KXCPICOREYOY-25FEB,2025-02-16,2025-03-12,2.8,0,0,89,10.204081632653061,FALSE
KXCPICOREYOY-25FEB,2025-02-17,2025-03-12,2.8,0,0,92,7.142857142857143,FALSE
KXCPICOREYOY-25FEB,2025-02-18,2025-03-12,2.8,0,0,92,7.142857142857143,FALSE
KXCPICOREYOY-25FEB,2025-02-19,2025-03-12,2.8,0,0,92,7.142857142857143,FALSE
KXCPICOREYOY-25FEB,2025-02-20,2025-03-12,2.8,0,0,92,7.142857142857143,FALSE
KXCPICOREYOY-25FEB,2025-02-21,2025-03-12,2.8,0,0,92,7.142857142857143,FALSE
KXCPICOREYOY-25FEB,2025-02-22,2025-03-12,2.8,0,0,97,2.0408163265306123,FALSE
KXCPICOREYOY-25FEB,2025-02-23,2025-03-12,2.8,0,0,97,2.0408163265306123,FALSE
KXCPICOREYOY-25FEB,2025-02-24,2025-03-12,2.8,0,0,95,4.081632653061225,FALSE
KXCPICOREYOY-25FEB,2025-02-25,2025-03-12,2.8,0,0,95,4.081632653061225,FALSE
KXCPICOREYOY-25FEB,2025-02-26,2025-03-12,2.8,0,0,95,4.081632653061225,FALSE
KXCPICOREYOY-25FEB,2025-02-27,2025-03-12,2.8,0,0,95,4.081632653061225,FALSE
KXCPICOREYOY-25FEB,2025-02-28,2025-03-12,2.8,0,0,95,4.081632653061225,FALSE
KXCPICOREYOY-25FEB,2025-03-01,2025-03-12,2.8,0,0,95,4.081632653061225,FALSE
KXCPICOREYOY-25FEB,2025-03-02,2025-03-12,2.8,0,0,95,4.081632653061225,FALSE
KXCPICOREYOY-25FEB,2025-03-03,2025-03-12,2.8,0,0,95,4.081632653061225,FALSE
KXCPICOREYOY-25FEB,2025-03-04,2025-03-12,2.8,0,0,99,0,FALSE
KXCPICOREYOY-25FEB,2025-03-05,2025-03-12,2.8,0,0,94,0,FALSE
KXCPICOREYOY-25FEB,2025-03-06,2025-03-12,2.8,0,0,94,0,FALSE
KXCPICOREYOY-25FEB,2025-03-07,2025-03-12,2.8,0,0,94,0,FALSE
KXCPICOREYOY-25FEB,2025-03-08,2025-03-12,2.8,0,0,94,5.1020408163265305,FALSE
KXCPICOREYOY-25FEB,2025-03-09,2025-03-12,2.8,0,0,94,5.1020408163265305,FALSE
KXCPICOREYOY-25FEB,2025-03-10,2025-03-12,2.8,0,0,94,5.1020408163265305,FALSE
KXCPICOREYOY-25FEB,2025-03-11,2025-03-12,2.8,0,0,94,5.1020408163265305,FALSE
KXCPICOREYOY-25FEB,2025-03-12,2025-03-12,2.8,0,0,98,0,FALSE
KXCPICOREYOY-25JAN,2025-01-13,2025-02-12,2.8,92,0,92,0,FALSE
KXCPICOREYOY-25JAN,2025-01-14,2025-02-12,2.8,92,0,92,0,FALSE
KXCPICOREYOY-25JAN,2025-01-15,2025-02-12,2.8,92,0,92,7.142857142857143,FALSE
KXCPICOREYOY-25JAN,2025-01-16,2025-02-12,2.8,92,0,92,7.142857142857143,FALSE
KXCPICOREYOY-25JAN,2025-01-17,2025-02-12,2.8,92,0,92,7.142857142857143,FALSE
KXCPICOREYOY-25JAN,2025-01-18,2025-02-12,2.8,92,0,92,7.142857142857143,FALSE
KXCPICOREYOY-25JAN,2025-01-19,2025-02-12,2.8,92,0,92,7.142857142857143,FALSE
KXCPICOREYOY-25JAN,2025-01-20,2025-02-12,2.8,92,0,92,7.142857142857143,FALSE
KXCPICOREYOY-25JAN,2025-01-21,2025-02-12,2.8,92,0,92,7.142857142857143,FALSE
KXCPICOREYOY-25JAN,2025-01-22,2025-02-12,2.8,92,0,92,7.142857142857143,FALSE
KXCPICOREYOY-25JAN,2025-01-23,2025-02-12,2.8,92,0,94,5.1020408163265305,FALSE
KXCPICOREYOY-25JAN,2025-01-24,2025-02-12,2.8,92,0,93,6.122448979591836,FALSE
KXCPICOREYOY-25JAN,2025-01-25,2025-02-12,2.8,92,0,93,6.122448979591836,FALSE
KXCPICOREYOY-25JAN,2025-01-26,2025-02-12,2.8,92,0,93,6.122448979591836,FALSE
KXCPICOREYOY-25JAN,2025-01-27,2025-02-12,2.8,92,0,93,6.122448979591836,FALSE
KXCPICOREYOY-25JAN,2025-01-28,2025-02-12,2.8,92,0,93,6.122448979591836,FALSE
KXCPICOREYOY-25JAN,2025-01-29,2025-02-12,2.8,92,0,93,6.122448979591836,FALSE
KXCPICOREYOY-25JAN,2025-01-30,2025-02-12,2.8,92,0,94,5.1020408163265305,FALSE
KXCPICOREYOY-25JAN,2025-01-31,2025-02-12,2.8,92,0,96,3.061224489795918,FALSE
KXCPICOREYOY-25JAN,2025-02-01,2025-02-12,2.8,92,0,97,2.0408163265306123,FALSE
KXCPICOREYOY-25JAN,2025-02-02,2025-02-12,2.8,92,0,97,2.0408163265306123,FALSE
KXCPICOREYOY-25JAN,2025-02-03,2025-02-12,2.8,92,0,92,1.0204081632653061,FALSE
KXCPICOREYOY-25JAN,2025-02-04,2025-02-12,2.8,92,0,92,1.0204081632653061,FALSE
KXCPICOREYOY-25JAN,2025-02-05,2025-02-12,2.8,92,0,92,1.0204081632653061,FALSE
KXCPICOREYOY-25JAN,2025-02-06,2025-02-12,2.8,92,0,93,0,FALSE
KXCPICOREYOY-25JAN,2025-02-07,2025-02-12,2.8,92,0,92,1.0204081632653061,FALSE
KXCPICOREYOY-25JAN,2025-02-08,2025-02-12,2.8,92,0,92,1.0204081632653061,FALSE
KXCPICOREYOY-25JAN,2025-02-09,2025-02-12,2.8,92,0,92,1.0204081632653061,FALSE
KXCPICOREYOY-25JAN,2025-02-10,2025-02-12,2.8,92,0,92,7.142857142857143,FALSE
KXCPICOREYOY-25JAN,2025-02-11,2025-02-12,2.8,99,20,99,5.1020408163265305,FALSE
KXCPICOREYOY-25JAN,2025-02-12,2025-02-12,2.8,99,0,99,0,FALSE
KXCPICOREYOY-25JUN,2025-06-24,2025-07-15,2.8,60,0,60,30.612244897959183,FALSE
KXCPICOREYOY-25JUN,2025-06-25,2025-07-15,2.8,60,0,60,30.612244897959183,FALSE
KXCPICOREYOY-25JUN,2025-06-26,2025-07-15,2.8,60,0,60,30.612244897959183,FALSE
KXCPICOREYOY-25JUN,2025-06-27,2025-07-15,2.8,67,719,67,37.755102040816325,FALSE
KXCPICOREYOY-25JUN,2025-06-28,2025-07-15,2.8,49,1258,49,10.204081632653061,FALSE
KXCPICOREYOY-25JUN,2025-06-29,2025-07-15,2.8,49,0,49,16.3265306122449,FALSE
KXCPICOREYOY-25JUN,2025-06-30,2025-07-15,2.8,71,13,71,38.775510204081634,FALSE
KXCPICOREYOY-25JUN,2025-07-01,2025-07-15,2.8,63,62,63,29.591836734693878,FALSE
KXCPICOREYOY-25JUN,2025-07-02,2025-07-15,2.8,61,938,61,31.632653061224488,FALSE
KXCPICOREYOY-25JUN,2025-07-03,2025-07-15,2.8,61,0,61,20.408163265306122,FALSE
KXCPICOREYOY-25JUN,2025-07-04,2025-07-15,2.8,61,0,61,20.408163265306122,FALSE
KXCPICOREYOY-25JUN,2025-07-05,2025-07-15,2.8,70,1501,70,39.795918367346935,FALSE
KXCPICOREYOY-25JUN,2025-07-06,2025-07-15,2.8,75,58,75,44.89795918367347,FALSE
KXCPICOREYOY-25JUN,2025-07-07,2025-07-15,2.8,74,2500,74,54.08163265306123,FALSE
KXCPICOREYOY-25JUN,2025-07-08,2025-07-15,2.8,67,446,67,33.673469387755105,FALSE
KXCPICOREYOY-25JUN,2025-07-09,2025-07-15,2.8,67,0,67,34.69387755102041,FALSE
KXCPICOREYOY-25JUN,2025-07-10,2025-07-15,2.8,69,1,69,33.673469387755105,FALSE
KXCPICOREYOY-25JUN,2025-07-11,2025-07-15,2.8,73,106,73,43.87755102040816,FALSE
KXCPICOREYOY-25JUN,2025-07-12,2025-07-15,2.8,72,30,72,45.91836734693877,FALSE
KXCPICOREYOY-25JUN,2025-07-13,2025-07-15,2.8,72,489,72,45.91836734693877,FALSE
KXCPICOREYOY-25JUN,2025-07-14,2025-07-15,2.8,75,4781,75,46.93877551020408,FALSE
KXCPICOREYOY-25JUN,2025-07-15,2025-07-15,2.8,78,5759,78,46.93877551020408,FALSE
KXCPICOREYOY-25MAR,2025-03-11,2025-04-10,2.8,0,0,85,14.285714285714286,FALSE
KXCPICOREYOY-25MAR,2025-03-12,2025-04-10,2.8,0,0,68,31.632653061224488,FALSE
KXCPICOREYOY-25MAR,2025-03-13,2025-04-10,2.8,0,0,74,25.510204081632654,FALSE
KXCPICOREYOY-25MAR,2025-03-14,2025-04-10,2.8,0,0,76,23.46938775510204,FALSE
KXCPICOREYOY-25MAR,2025-03-15,2025-04-10,2.8,0,0,75,24.489795918367346,FALSE
KXCPICOREYOY-25MAR,2025-03-16,2025-04-10,2.8,0,0,75,24.489795918367346,FALSE
KXCPICOREYOY-25MAR,2025-03-17,2025-04-10,2.8,0,0,75,24.489795918367346,FALSE
KXCPICOREYOY-25MAR,2025-03-18,2025-04-10,2.8,0,0,75,24.489795918367346,FALSE
KXCPICOREYOY-25MAR,2025-03-19,2025-04-10,2.8,0,0,75,24.489795918367346,FALSE
KXCPICOREYOY-25MAR,2025-03-20,2025-04-10,2.8,0,0,75,24.489795918367346,FALSE
KXCPICOREYOY-25MAR,2025-03-21,2025-04-10,2.8,0,0,75,24.489795918367346,FALSE
KXCPICOREYOY-25MAR,2025-03-22,2025-04-10,2.8,0,0,75,24.489795918367346,FALSE
KXCPICOREYOY-25MAR,2025-03-23,2025-04-10,2.8,0,0,75,24.489795918367346,FALSE
KXCPICOREYOY-25MAR,2025-03-24,2025-04-10,2.8,0,0,75,24.489795918367346,FALSE
KXCPICOREYOY-25MAR,2025-03-25,2025-04-10,2.8,0,0,76,23.46938775510204,FALSE
KXCPICOREYOY-25MAR,2025-03-26,2025-04-10,2.8,0,0,76,23.46938775510204,FALSE
KXCPICOREYOY-25MAR,2025-03-27,2025-04-10,2.8,0,0,76,23.46938775510204,FALSE
KXCPICOREYOY-25MAR,2025-03-28,2025-04-10,2.8,0,0,76,23.46938775510204,FALSE
KXCPICOREYOY-25MAR,2025-03-29,2025-04-10,2.8,0,0,76,23.46938775510204,FALSE
KXCPICOREYOY-25MAR,2025-03-30,2025-04-10,2.8,0,0,76,23.46938775510204,FALSE
KXCPICOREYOY-25MAR,2025-03-31,2025-04-10,2.8,0,0,76,23.46938775510204,FALSE
KXCPICOREYOY-25MAR,2025-04-01,2025-04-10,2.8,0,0,76,23.46938775510204,FALSE
KXCPICOREYOY-25MAR,2025-04-02,2025-04-10,2.8,0,0,79,20.408163265306122,FALSE
KXCPICOREYOY-25MAR,2025-04-03,2025-04-10,2.8,0,0,71,28.571428571428573,FALSE
KXCPICOREYOY-25MAR,2025-04-04,2025-04-10,2.8,0,0,80,19.387755102040817,FALSE
KXCPICOREYOY-25MAR,2025-04-05,2025-04-10,2.8,0,0,71,28.571428571428573,FALSE
KXCPICOREYOY-25MAR,2025-04-06,2025-04-10,2.8,0,0,71,28.571428571428573,FALSE
KXCPICOREYOY-25MAR,2025-04-07,2025-04-10,2.8,0,0,74,25.510204081632654,FALSE
KXCPICOREYOY-25MAR,2025-04-08,2025-04-10,2.8,0,0,80,19.387755102040817,FALSE
KXCPICOREYOY-25MAR,2025-04-09,2025-04-10,2.8,0,0,52,47.95918367346939,FALSE
KXCPICOREYOY-25MAR,2025-04-10,2025-04-10,2.8,0,0,51,48.97959183673469,FALSE
KXCPICOREYOY-25MAY,2025-05-13,2025-06-11,2.8,66,3287,66,66.3265306122449,FALSE
KXCPICOREYOY-25MAY,2025-05-14,2025-06-11,2.8,68,548,68,57.142857142857146,FALSE
KXCPICOREYOY-25MAY,2025-05-15,2025-06-11,2.8,64,1035,64,53.06122448979592,FALSE
KXCPICOREYOY-25MAY,2025-05-16,2025-06-11,2.8,64,0,64,53.06122448979592,FALSE
KXCPICOREYOY-25MAY,2025-05-17,2025-06-11,2.8,64,0,64,53.06122448979592,FALSE
KXCPICOREYOY-25MAY,2025-05-18,2025-06-11,2.8,73,405,73,62.244897959183675,FALSE
KXCPICOREYOY-25MAY,2025-05-19,2025-06-11,2.8,77,1447,77,43.87755102040816,FALSE
KXCPICOREYOY-25MAY,2025-05-20,2025-06-11,2.8,74,173,74,32.6530612244898,FALSE
KXCPICOREYOY-25MAY,2025-05-21,2025-06-11,2.8,77,87,77,33.673469387755105,FALSE
KXCPICOREYOY-25MAY,2025-05-22,2025-06-11,2.8,76,79,76,33.673469387755105,FALSE
KXCPICOREYOY-25MAY,2025-05-23,2025-06-11,2.8,85,11,85,42.857142857142854,FALSE
KXCPICOREYOY-25MAY,2025-05-24,2025-06-11,2.8,85,0,85,42.857142857142854,FALSE
KXCPICOREYOY-25MAY,2025-05-25,2025-06-11,2.8,85,0,85,42.857142857142854,FALSE
KXCPICOREYOY-25MAY,2025-05-26,2025-06-11,2.8,85,0,85,42.857142857142854,FALSE
KXCPICOREYOY-25MAY,2025-05-27,2025-06-11,2.8,82,919,82,41.83673469387755,FALSE
KXCPICOREYOY-25MAY,2025-05-28,2025-06-11,2.8,82,0,82,42.857142857142854,FALSE
KXCPICOREYOY-25MAY,2025-05-29,2025-06-11,2.8,82,0,82,42.857142857142854,FALSE
KXCPICOREYOY-25MAY,2025-05-30,2025-06-11,2.8,82,0,82,42.857142857142854,FALSE
KXCPICOREYOY-25MAY,2025-05-31,2025-06-11,2.8,82,0,82,44.89795918367347,FALSE
KXCPICOREYOY-25MAY,2025-06-01,2025-06-11,2.8,77,10,77,48.97959183673469,FALSE
KXCPICOREYOY-25MAY,2025-06-02,2025-06-11,2.8,81,18,81,47.95918367346939,FALSE
KXCPICOREYOY-25MAY,2025-06-03,2025-06-11,2.8,81,17,81,50,FALSE
KXCPICOREYOY-25MAY,2025-06-04,2025-06-11,2.8,81,0,81,52.04081632653061,FALSE
KXCPICOREYOY-25MAY,2025-06-05,2025-06-11,2.8,81,0,81,52.04081632653061,FALSE
KXCPICOREYOY-25MAY,2025-06-06,2025-06-11,2.8,77,282,77,50,FALSE
KXCPICOREYOY-25MAY,2025-06-07,2025-06-11,2.8,76,794,76,46.93877551020408,FALSE
KXCPICOREYOY-25MAY,2025-06-08,2025-06-11,2.8,76,0,76,52.04081632653061,FALSE
KXCPICOREYOY-25MAY,2025-06-09,2025-06-11,2.8,63,1503,63,44.89795918367347,FALSE
KXCPICOREYOY-25MAY,2025-06-10,2025-06-11,2.8,72,685,72,56.12244897959184,FALSE
KXCPICOREYOY-25MAY,2025-06-11,2025-06-11,2.8,72,0,72,60.204081632653065,FALSE
KXCPICOREYOY-25NOV,2025-11-18,2025-12-18,2.8,0,0,67,32.6530612244898,FALSE
KXCPICOREYOY-25NOV,2025-11-19,2025-12-18,2.8,0,0,67,32.6530612244898,FALSE
KXCPICOREYOY-25NOV,2025-11-20,2025-12-18,2.8,0,0,67,32.6530612244898,FALSE
KXCPICOREYOY-25NOV,2025-11-21,2025-12-18,2.8,0,0,75,24.489795918367346,FALSE
KXCPICOREYOY-25NOV,2025-11-22,2025-12-18,2.8,0,0,67,32.6530612244898,FALSE
KXCPICOREYOY-25NOV,2025-11-23,2025-12-18,2.8,0,0,67,32.6530612244898,FALSE
KXCPICOREYOY-25NOV,2025-11-24,2025-12-18,2.8,0,0,74,25.510204081632654,FALSE
KXCPICOREYOY-25NOV,2025-11-25,2025-12-18,2.8,0,0,73,26.53061224489796,FALSE
KXCPICOREYOY-25NOV,2025-11-26,2025-12-18,2.8,0,0,69,30.612244897959183,FALSE
KXCPICOREYOY-25NOV,2025-11-27,2025-12-18,2.8,0,0,67,32.6530612244898,FALSE
KXCPICOREYOY-25NOV,2025-11-28,2025-12-18,2.8,0,0,71,28.571428571428573,FALSE
KXCPICOREYOY-25NOV,2025-11-29,2025-12-18,2.8,0,0,71,28.571428571428573,FALSE
KXCPICOREYOY-25NOV,2025-11-30,2025-12-18,2.8,0,0,71,28.571428571428573,FALSE
KXCPICOREYOY-25NOV,2025-12-01,2025-12-18,2.8,0,0,71,28.571428571428573,FALSE
KXCPICOREYOY-25NOV,2025-12-02,2025-12-18,2.8,0,0,74,25.510204081632654,FALSE
KXCPICOREYOY-25NOV,2025-12-03,2025-12-18,2.8,0,0,71,28.571428571428573,FALSE
KXCPICOREYOY-25NOV,2025-12-04,2025-12-18,2.8,0,0,67,32.6530612244898,FALSE
KXCPICOREYOY-25OCT,2025-10-16,2025-11-13,2.8,0,0,88,11.224489795918368,FALSE
KXCPICOREYOY-25OCT,2025-10-17,2025-11-13,2.8,0,0,88,11.224489795918368,FALSE
KXCPICOREYOY-25OCT,2025-10-18,2025-11-13,2.8,0,0,88,11.224489795918368,FALSE
KXCPICOREYOY-25OCT,2025-10-19,2025-11-13,2.8,0,0,88,11.224489795918368,FALSE
KXCPICOREYOY-25OCT,2025-10-20,2025-11-13,2.8,0,0,87,12.244897959183673,FALSE
KXCPICOREYOY-25OCT,2025-10-21,2025-11-13,2.8,0,0,87,12.244897959183673,FALSE
KXCPICOREYOY-25OCT,2025-10-22,2025-11-13,2.8,0,0,87,12.244897959183673,FALSE
KXCPICOREYOY-25OCT,2025-10-23,2025-11-13,2.8,0,0,85,14.285714285714286,FALSE
KXCPICOREYOY-25OCT,2025-10-24,2025-11-13,2.8,0,0,84,15.306122448979592,FALSE
KXCPICOREYOY-25OCT,2025-10-25,2025-11-13,2.8,0,0,84,15.306122448979592,FALSE
KXCPICOREYOY-25OCT,2025-10-26,2025-11-13,2.8,0,0,84,15.306122448979592,FALSE
KXCPICOREYOY-25OCT,2025-10-27,2025-11-13,2.8,0,0,89,10.204081632653061,FALSE
KXCPICOREYOY-25OCT,2025-10-28,2025-11-13,2.8,0,0,90,9.183673469387756,FALSE
KXCPICOREYOY-25OCT,2025-10-29,2025-11-13,2.8,0,0,90,9.183673469387756,FALSE
KXCPICOREYOY-25OCT,2025-10-30,2025-11-13,2.8,0,0,88,11.224489795918368,FALSE
KXCPICOREYOY-25OCT,2025-10-31,2025-11-13,2.8,0,0,88,11.224489795918368,FALSE
KXCPICOREYOY-25OCT,2025-11-01,2025-11-13,2.8,0,0,88,11.224489795918368,FALSE
KXCPICOREYOY-25OCT,2025-11-02,2025-11-13,2.8,0,0,74,25.510204081632654,FALSE
KXCPICOREYOY-25OCT,2025-11-03,2025-11-13,2.8,0,0,79,20.408163265306122,FALSE
KXCPICOREYOY-25OCT,2025-11-04,2025-11-13,2.8,0,0,79,20.408163265306122,FALSE
KXCPICOREYOY-25OCT,2025-11-05,2025-11-13,2.8,0,0,79,20.408163265306122,FALSE
KXCPICOREYOY-25OCT,2025-11-06,2025-11-13,2.8,0,0,79,20.408163265306122,FALSE
KXCPICOREYOY-25OCT,2025-11-07,2025-11-13,2.8,0,0,79,20.408163265306122,FALSE
KXCPICOREYOY-25OCT,2025-11-08,2025-11-13,2.8,0,0,79,20.408163265306122,FALSE
KXCPICOREYOY-25OCT,2025-11-09,2025-11-13,2.8,0,0,79,20.408163265306122,FALSE
KXCPICOREYOY-25OCT,2025-11-10,2025-11-13,2.8,0,0,79,20.408163265306122,FALSE
KXCPICOREYOY-25OCT,2025-11-11,2025-11-13,2.8,0,0,83,16.3265306122449,FALSE
KXCPICOREYOY-25OCT,2025-11-12,2025-11-13,2.8,0,0,83,16.3265306122449,FALSE
KXCPICOREYOY-25OCT,2025-11-13,2025-11-13,2.8,0,0,85,0,FALSE
KXCPICOREYOY-26APR,2026-04-12,2026-05-12,2.8,7.000000000000001,0,7.000000000000001,1.020408163265307,FALSE
KXCPICOREYOY-26APR,2026-04-13,2026-05-12,2.8,14.000000000000002,736.73,14.000000000000002,7.142857142857144,FALSE
KXCPICOREYOY-26APR,2026-04-14,2026-05-12,2.8,15,450.53,15,8.163265306122447,FALSE
KXCPICOREYOY-26APR,2026-04-15,2026-05-12,2.8,15,333.46,15,8.163265306122447,FALSE
KXCPICOREYOY-26APR,2026-04-16,2026-05-12,2.8,15,0,15,8.163265306122447,FALSE
KXCPICOREYOY-26APR,2026-04-17,2026-05-12,2.8,13,10,13,6.1224489795918355,FALSE
KXCPICOREYOY-26APR,2026-04-18,2026-05-12,2.8,12,136,12,10.204081632653061,FALSE
KXCPICOREYOY-26APR,2026-04-19,2026-05-12,2.8,12,230,12,10.204081632653061,FALSE
KXCPICOREYOY-26APR,2026-04-20,2026-05-12,2.8,13,312,13,11.224489795918368,FALSE
KXCPICOREYOY-26APR,2026-04-21,2026-05-12,2.8,15,110,15,13.26530612244898,FALSE
KXCPICOREYOY-26APR,2026-04-22,2026-05-12,2.8,15,0,15,13.26530612244898,FALSE
KXCPICOREYOY-26APR,2026-04-23,2026-05-12,2.8,15,0,15,13.26530612244898,FALSE
KXCPICOREYOY-26APR,2026-04-24,2026-05-12,2.8,13,530,13,11.224489795918368,FALSE
KXCPICOREYOY-26APR,2026-04-25,2026-05-12,2.8,11,610,11,9.183673469387756,FALSE
KXCPICOREYOY-26APR,2026-04-26,2026-05-12,2.8,11,10,11,6.122448979591836,FALSE
KXCPICOREYOY-26APR,2026-04-27,2026-05-12,2.8,8,247,8,5.1020408163265305,FALSE
KXCPICOREYOY-26APR,2026-04-28,2026-05-12,2.8,8,5,8,5.1020408163265305,FALSE
KXCPICOREYOY-26APR,2026-04-29,2026-05-12,2.8,8,5,8,5.1020408163265305,FALSE
KXCPICOREYOY-26APR,2026-04-30,2026-05-12,2.8,8,6,8,6.122448979591836,FALSE
KXCPICOREYOY-26APR,2026-05-01,2026-05-12,2.8,9,283.47,9,3.061224489795918,FALSE
KXCPICOREYOY-26APR,2026-05-02,2026-05-12,2.8,9,0,9,3.061224489795918,FALSE
KXCPICOREYOY-26APR,2026-05-03,2026-05-12,2.8,14.000000000000002,9,14.000000000000002,8.163265306122451,FALSE
KXCPICOREYOY-26APR,2026-05-04,2026-05-12,2.8,14.000000000000002,0,14.000000000000002,8.163265306122451,FALSE
KXCPICOREYOY-26APR,2026-05-05,2026-05-12,2.8,14.000000000000002,0,14.000000000000002,8.163265306122451,FALSE
KXCPICOREYOY-26APR,2026-05-06,2026-05-12,2.8,13,265.78,13,7.142857142857143,FALSE
KXCPICOREYOY-26APR,2026-05-07,2026-05-12,2.8,13,491,13,7.142857142857143,FALSE
KXCPICOREYOY-26APR,2026-05-08,2026-05-12,2.8,7.000000000000001,34,7.000000000000001,1.020408163265307,FALSE
KXCPICOREYOY-26APR,2026-05-09,2026-05-12,2.8,7.000000000000001,13.41,7.000000000000001,1.020408163265307,FALSE
KXCPICOREYOY-26APR,2026-05-10,2026-05-12,2.8,7.000000000000001,216,7.000000000000001,1.020408163265307,FALSE
KXCPICOREYOY-26APR,2026-05-11,2026-05-12,2.8,3,1756,3,1.0204081632653061,FALSE
KXCPICOREYOY-26APR,2026-05-12,2026-05-12,2.8,2,182.12,2,1.0204081632653061,FALSE
KXCPICOREYOY-26AUG,2026-07-04,2026-08-03,2.8,0,0,22,0,FALSE
KXCPICOREYOY-26AUG,2026-07-05,2026-08-03,2.8,0,0,22,0,FALSE
KXCPICOREYOY-26AUG,2026-07-06,2026-08-03,2.8,0,0,22,0,FALSE
KXCPICOREYOY-26AUG,2026-07-07,2026-08-03,2.8,11,10,22,0,FALSE
KXCPICOREYOY-26AUG,2026-07-08,2026-08-03,2.8,11,10,5,0,FALSE
KXCPICOREYOY-26AUG,2026-07-09,2026-08-03,2.8,11,0,5,0,FALSE
KXCPICOREYOY-26AUG,2026-07-10,2026-08-03,2.8,11,50,5,0,FALSE
KXCPICOREYOY-26AUG,2026-07-11,2026-08-03,2.8,11,0,5,0,FALSE
KXCPICOREYOY-26AUG,2026-07-12,2026-08-03,2.8,11,0,5,0,FALSE
KXCPICOREYOY-26AUG,2026-07-13,2026-08-03,2.8,11,0,5,0,FALSE
KXCPICOREYOY-26AUG,2026-07-14,2026-08-03,2.8,11,229,5,0,FALSE
KXCPICOREYOY-26AUG,2026-07-15,2026-08-03,2.8,11,0,5,0,FALSE
KXCPICOREYOY-26AUG,2026-07-16,2026-08-03,2.8,11,0,8,0,FALSE
KXCPICOREYOY-26AUG,2026-07-17,2026-08-03,2.8,11,0,8,0,FALSE
KXCPICOREYOY-26AUG,2026-07-18,2026-08-03,2.8,11,0,8,0,FALSE
KXCPICOREYOY-26AUG,2026-07-19,2026-08-03,2.8,11,0,8,3.061224489795918,FALSE
KXCPICOREYOY-26AUG,2026-07-20,2026-08-03,2.8,11,0,8,3.061224489795918,FALSE
KXCPICOREYOY-26AUG,2026-07-21,2026-08-03,2.8,11,0,8,3.061224489795918,FALSE
KXCPICOREYOY-26AUG,2026-07-22,2026-08-03,2.8,11,0,8,1.0204081632653061,FALSE
KXCPICOREYOY-26AUG,2026-07-23,2026-08-03,2.8,11,0,8,1.0204081632653061,FALSE
KXCPICOREYOY-26AUG,2026-07-24,2026-08-03,2.8,11,0,8,1.0204081632653061,FALSE
KXCPICOREYOY-26AUG,2026-07-25,2026-08-03,2.8,11,0,8,1.0204081632653061,FALSE
KXCPICOREYOY-26AUG,2026-07-26,2026-08-03,2.8,11,0,8,1.0204081632653061,FALSE
KXCPICOREYOY-26AUG,2026-07-27,2026-08-03,2.8,11,0,8,1.0204081632653061,FALSE
KXCPICOREYOY-26AUG,2026-07-28,2026-08-03,2.8,11,0,8,0,FALSE
KXCPICOREYOY-26AUG,2026-07-29,2026-08-03,2.8,12,4,8,1.0204081632653061,FALSE
KXCPICOREYOY-26AUG,2026-07-30,2026-08-03,2.8,10,5,8,0,FALSE
KXCPICOREYOY-26AUG,2026-07-31,2026-08-03,2.8,10,0,8,0,FALSE
KXCPICOREYOY-26AUG,2026-08-01,2026-08-03,2.8,10,0,8,0,FALSE
KXCPICOREYOY-26AUG,2026-08-02,2026-08-03,2.8,10,0,8,0,FALSE
KXCPICOREYOY-26AUG,2026-08-03,2026-08-03,2.8,10,0,8,0,FALSE
KXCPICOREYOY-26FEB,2026-02-12,2026-03-11,2.8,0,0,19,18.367346938775512,FALSE
KXCPICOREYOY-26FEB,2026-02-13,2026-03-11,2.8,7.000000000000001,366,6,4.081632653061225,FALSE
KXCPICOREYOY-26FEB,2026-02-14,2026-03-11,2.8,1,189,1,0,FALSE
KXCPICOREYOY-26FEB,2026-02-15,2026-03-11,2.8,1,0,1,0,FALSE
KXCPICOREYOY-26FEB,2026-02-16,2026-03-11,2.8,1,103,1,0,FALSE
KXCPICOREYOY-26FEB,2026-03-06,2026-03-11,2.8,1,0,1,0,FALSE
KXCPICOREYOY-26FEB,2026-03-07,2026-03-11,2.8,1,0,1,0,FALSE
KXCPICOREYOY-26FEB,2026-03-08,2026-03-11,2.8,6,1,4,0,FALSE
KXCPICOREYOY-26FEB,2026-03-09,2026-03-11,2.8,4,50,4,1.0204081632653061,FALSE
KXCPICOREYOY-26FEB,2026-03-10,2026-03-11,2.8,4,203,3,1.0204081632653061,FALSE
KXCPICOREYOY-26FEB,2026-03-11,2026-03-11,2.8,4,0,2,0,FALSE
KXCPICOREYOY-26JAN,2026-01-14,2026-02-13,2.8,22,431,22,21.428571428571427,FALSE
KXCPICOREYOY-26JAN,2026-01-15,2026-02-13,2.8,22,4,22,9.183673469387756,FALSE
KXCPICOREYOY-26JAN,2026-01-16,2026-02-13,2.8,21,90,21,9.183673469387756,FALSE
KXCPICOREYOY-26JAN,2026-01-17,2026-02-13,2.8,21,0,21,9.183673469387756,FALSE
KXCPICOREYOY-26JAN,2026-01-18,2026-02-13,2.8,22,155,22,10.204081632653061,FALSE
KXCPICOREYOY-26JAN,2026-01-19,2026-02-13,2.8,30,63,30,7.142857142857146,FALSE
KXCPICOREYOY-26JAN,2026-01-20,2026-02-13,2.8,27,35,27,6.122448979591836,FALSE
KXCPICOREYOY-26JAN,2026-01-21,2026-02-13,2.8,27,0,27,6.122448979591836,FALSE
KXCPICOREYOY-26JAN,2026-01-22,2026-02-13,2.8,18,45,18,4.081632653061223,FALSE
KXCPICOREYOY-26JAN,2026-01-23,2026-02-13,2.8,15,50,15,1.0204081632653044,FALSE
KXCPICOREYOY-26JAN,2026-01-24,2026-02-13,2.8,15,6,15,1.0204081632653044,FALSE
KXCPICOREYOY-26JAN,2026-01-25,2026-02-13,2.8,7.000000000000001,16,7.000000000000001,6.122448979591838,FALSE
KXCPICOREYOY-26JAN,2026-01-26,2026-02-13,2.8,7.000000000000001,0,7.000000000000001,6.122448979591838,FALSE
KXCPICOREYOY-26JAN,2026-01-27,2026-02-13,2.8,13,143,13,4.081632653061225,FALSE
KXCPICOREYOY-26JAN,2026-01-28,2026-02-13,2.8,14.000000000000002,438,14.000000000000002,2.040816326530614,FALSE
KXCPICOREYOY-26JAN,2026-01-29,2026-02-13,2.8,14.000000000000002,0,14.000000000000002,2.040816326530614,FALSE
KXCPICOREYOY-26JAN,2026-01-30,2026-02-13,2.8,15,12,15,4.081632653061225,FALSE
KXCPICOREYOY-26JAN,2026-01-31,2026-02-13,2.8,14.000000000000002,6,14.000000000000002,3.06122448979592,FALSE
KXCPICOREYOY-26JAN,2026-02-01,2026-02-13,2.8,14.000000000000002,0,14.000000000000002,3.06122448979592,FALSE
KXCPICOREYOY-26JAN,2026-02-02,2026-02-13,2.8,14.000000000000002,0,14.000000000000002,5.102040816326532,FALSE
KXCPICOREYOY-26JAN,2026-02-03,2026-02-13,2.8,14.000000000000002,0,14.000000000000002,5.102040816326532,FALSE
KXCPICOREYOY-26JAN,2026-02-04,2026-02-13,2.8,10,9,10,0,FALSE
KXCPICOREYOY-26JAN,2026-02-05,2026-02-13,2.8,10,0,10,8.16326530612245,FALSE
KXCPICOREYOY-26JAN,2026-02-06,2026-02-13,2.8,10,0,1,0,FALSE
KXCPICOREYOY-26JAN,2026-02-07,2026-02-13,2.8,10,0,10,2.0408163265306123,FALSE
KXCPICOREYOY-26JAN,2026-02-08,2026-02-13,2.8,9,1,9,1.0204081632653061,FALSE
KXCPICOREYOY-26JAN,2026-02-09,2026-02-13,2.8,5,128,5,3.061224489795918,FALSE
KXCPICOREYOY-26JAN,2026-02-10,2026-02-13,2.8,3,403,3,2.0408163265306123,FALSE
KXCPICOREYOY-26JAN,2026-02-11,2026-02-13,2.8,3,246,3,2.0408163265306123,FALSE
KXCPICOREYOY-26JAN,2026-02-12,2026-02-13,2.8,2,340,2,1.0204081632653061,FALSE
KXCPICOREYOY-26JAN,2026-02-13,2026-02-13,2.8,3,31,50,15.306122448979592,FALSE
KXCPICOREYOY-26JUL,2026-07-10,2026-08-05,2.8,39,0,39,15.306122448979592,FALSE
KXCPICOREYOY-26JUL,2026-07-11,2026-08-05,2.8,39,0,39,15.306122448979592,FALSE
KXCPICOREYOY-26JUL,2026-07-12,2026-08-05,2.8,39,0,39,17.346938775510203,FALSE
KXCPICOREYOY-26JUL,2026-07-16,2026-08-05,2.8,16,304.96,3,0,FALSE
KXCPICOREYOY-26JUL,2026-07-17,2026-08-05,2.8,16,99.7,3,0,FALSE
KXCPICOREYOY-26JUL,2026-07-18,2026-08-05,2.8,16,0,3,0,FALSE
KXCPICOREYOY-26JUL,2026-07-19,2026-08-05,2.8,16,0,16,7.142857142857143,FALSE
KXCPICOREYOY-26JUL,2026-07-20,2026-08-05,2.8,16,0,8,4.081632653061225,FALSE
KXCPICOREYOY-26JUL,2026-07-21,2026-08-05,2.8,6,30,6,1.0204081632653061,FALSE
KXCPICOREYOY-26JUL,2026-07-22,2026-08-05,2.8,6,0,5,0,FALSE
KXCPICOREYOY-26JUL,2026-07-23,2026-08-05,2.8,6,0,6,1.0204081632653061,FALSE
KXCPICOREYOY-26JUL,2026-07-24,2026-08-05,2.8,7.000000000000001,268.25,6,0,FALSE
KXCPICOREYOY-26JUL,2026-07-25,2026-08-05,2.8,4,46.84,4,0,FALSE
KXCPICOREYOY-26JUL,2026-07-26,2026-08-05,2.8,4,0,4,0,FALSE
KXCPICOREYOY-26JUL,2026-07-27,2026-08-05,2.8,4,20,4,0,FALSE
KXCPICOREYOY-26JUL,2026-07-28,2026-08-05,2.8,4,0,2,0,FALSE
KXCPICOREYOY-26JUL,2026-07-29,2026-08-05,2.8,3,10,2,0,FALSE
KXCPICOREYOY-26JUL,2026-07-30,2026-08-05,2.8,2,10,2,0,FALSE
KXCPICOREYOY-26JUL,2026-07-31,2026-08-05,2.8,2,0,2,1.0204081632653061,FALSE
KXCPICOREYOY-26JUL,2026-08-01,2026-08-05,2.8,2,0,2,1.0204081632653061,FALSE
KXCPICOREYOY-26JUL,2026-08-02,2026-08-05,2.8,2,0,2,1.0204081632653061,FALSE
KXCPICOREYOY-26JUL,2026-08-03,2026-08-05,2.8,2,0,2,1.0204081632653061,FALSE
KXCPICOREYOY-26JUL,2026-08-04,2026-08-05,2.8,2,0,2,1.0204081632653061,FALSE
KXCPICOREYOY-26JUL,2026-08-05,2026-08-05,2.8,2,0,2,1.0204081632653061,FALSE
KXCPICOREYOY-26JUN,2026-06-14,2026-07-14,2.8,62,0,62,61.224489795918366,FALSE
KXCPICOREYOY-26JUN,2026-06-15,2026-07-14,2.8,61,8,61,60.204081632653065,FALSE
KXCPICOREYOY-26JUN,2026-06-16,2026-07-14,2.8,86,8,86,60.204081632653065,FALSE
KXCPICOREYOY-26JUN,2026-06-17,2026-07-14,2.8,80,0.01,80,60.204081632653065,FALSE
KXCPICOREYOY-26JUN,2026-06-18,2026-07-14,2.8,80,0,80,79.59183673469387,FALSE
KXCPICOREYOY-26JUN,2026-06-19,2026-07-14,2.8,80,0,80,79.59183673469387,FALSE
KXCPICOREYOY-26JUN,2026-06-20,2026-07-14,2.8,80,0,80,79.59183673469387,FALSE
KXCPICOREYOY-26JUN,2026-06-21,2026-07-14,2.8,4,2.48,22,19.387755102040817,FALSE
KXCPICOREYOY-26JUN,2026-06-22,2026-07-14,2.8,4,0,7.000000000000001,1.020408163265307,FALSE
KXCPICOREYOY-26JUN,2026-06-23,2026-07-14,2.8,4,0,7.000000000000001,1.020408163265307,FALSE
KXCPICOREYOY-26JUN,2026-06-24,2026-07-14,2.8,4,0,7.000000000000001,1.020408163265307,FALSE
KXCPICOREYOY-26JUN,2026-06-25,2026-07-14,2.8,4,0,4,0,FALSE
KXCPICOREYOY-26JUN,2026-06-26,2026-07-14,2.8,4,0,4,0,FALSE
KXCPICOREYOY-26JUN,2026-06-27,2026-07-14,2.8,4,0,7.000000000000001,0,FALSE
KXCPICOREYOY-26JUN,2026-06-28,2026-07-14,2.8,4,0,50,50,FALSE
KXCPICOREYOY-26JUN,2026-07-07,2026-07-14,2.8,48,28.64,48,32.6530612244898,FALSE
KXCPICOREYOY-26JUN,2026-07-08,2026-07-14,2.8,28.999999999999996,2320.34,28.999999999999996,24.489795918367342,FALSE
KXCPICOREYOY-26JUN,2026-07-09,2026-07-14,2.8,41,2028.7,41,38.775510204081634,FALSE
KXCPICOREYOY-26JUN,2026-07-10,2026-07-14,2.8,34,1804.99,34,27.551020408163264,FALSE
KXCPICOREYOY-26JUN,2026-07-11,2026-07-14,2.8,34,219.49,34,26.53061224489796,FALSE
KXCPICOREYOY-26JUN,2026-07-12,2026-07-14,2.8,46,358.88,46,43.87755102040816,FALSE
KXCPICOREYOY-26JUN,2026-07-13,2026-07-14,2.8,32,1338.96,32,27.551020408163264,FALSE
KXCPICOREYOY-26JUN,2026-07-14,2026-07-14,2.8,30,735.66,30,27.551020408163264,FALSE
KXCPICOREYOY-26MAR,2026-03-11,2026-04-10,2.8,16,403,16,5.1020408163265305,FALSE
KXCPICOREYOY-26MAR,2026-03-12,2026-04-10,2.8,14.000000000000002,140,14.000000000000002,1.020408163265308,FALSE
KXCPICOREYOY-26MAR,2026-03-13,2026-04-10,2.8,13,1,13,11.224489795918368,FALSE
KXCPICOREYOY-26MAR,2026-03-14,2026-04-10,2.8,13,0,13,11.224489795918368,FALSE
KXCPICOREYOY-26MAR,2026-03-15,2026-04-10,2.8,13,1,13,9.183673469387756,FALSE
KXCPICOREYOY-26MAR,2026-03-16,2026-04-10,2.8,8,5,8,4.081632653061225,FALSE
KXCPICOREYOY-26MAR,2026-03-17,2026-04-10,2.8,8,0,8,4.081632653061225,FALSE
KXCPICOREYOY-26MAR,2026-03-18,2026-04-10,2.8,8,0,8,5.1020408163265305,FALSE
KXCPICOREYOY-26MAR,2026-03-19,2026-04-10,2.8,33,802,33,1.0204081632653061,FALSE
KXCPICOREYOY-26MAR,2026-03-20,2026-04-10,2.8,39,1248,39,8.16326530612245,FALSE
KXCPICOREYOY-26MAR,2026-03-21,2026-04-10,2.8,74,1552,74,10.204081632653061,FALSE
KXCPICOREYOY-26MAR,2026-03-22,2026-04-10,2.8,32,106,32,6.122448979591836,FALSE
KXCPICOREYOY-26MAR,2026-03-23,2026-04-10,2.8,10,623,33,0,FALSE
KXCPICOREYOY-26MAR,2026-03-24,2026-04-10,2.8,21,529,21,16.3265306122449,FALSE
KXCPICOREYOY-26MAR,2026-03-25,2026-04-10,2.8,1,2891,1,0,FALSE
KXCPICOREYOY-26MAR,2026-03-26,2026-04-10,2.8,1,0,1,0,FALSE
KXCPICOREYOY-26MAR,2026-03-27,2026-04-10,2.8,3,93,3,2.0408163265306123,FALSE
KXCPICOREYOY-26MAR,2026-03-28,2026-04-10,2.8,8,601,8,2.0408163265306123,FALSE
KXCPICOREYOY-26MAR,2026-03-29,2026-04-10,2.8,10,164,10,4.081632653061225,FALSE
KXCPICOREYOY-26MAR,2026-03-30,2026-04-10,2.8,6,1251,6,1.0204081632653061,FALSE
KXCPICOREYOY-26MAR,2026-03-31,2026-04-10,2.8,6,0,6,1.0204081632653061,FALSE
KXCPICOREYOY-26MAR,2026-04-01,2026-04-10,2.8,5,10,5,4.081632653061225,FALSE
KXCPICOREYOY-26MAR,2026-04-02,2026-04-10,2.8,2,920,2,1.0204081632653061,FALSE
KXCPICOREYOY-26MAR,2026-04-03,2026-04-10,2.8,8,19,8,1.0204081632653053,FALSE
KXCPICOREYOY-26MAR,2026-04-04,2026-04-10,2.8,8,0,8,4.081632653061225,FALSE
KXCPICOREYOY-26MAR,2026-04-05,2026-04-10,2.8,3,374,3,2.0408163265306123,FALSE
KXCPICOREYOY-26MAR,2026-04-06,2026-04-10,2.8,3,0,3,2.0408163265306123,FALSE
KXCPICOREYOY-26MAR,2026-04-07,2026-04-10,2.8,3,0,3,2.0408163265306123,FALSE
KXCPICOREYOY-26MAR,2026-04-08,2026-04-10,2.8,5,561,5,4.081632653061225,FALSE
KXCPICOREYOY-26MAR,2026-04-09,2026-04-10,2.8,5,138.06,5,4.081632653061225,FALSE
KXCPICOREYOY-26MAR,2026-04-10,2026-04-10,2.8,9,39.23,9,1.0204081632653061,FALSE
KXCPICOREYOY-26MAY,2026-06-08,2026-06-10,2.8,52,2079.49,52,38.775510204081634,FALSE
KXCPICOREYOY-26MAY,2026-06-09,2026-06-10,2.8,48,1166.76,48,39.795918367346935,FALSE
KXCPICOREYOY-26MAY,2026-06-10,2026-06-10,2.8,45,682.52,45,41.83673469387755,FALSE
KXCPICOREYOY-26NOV,2026-07-08,2026-08-05,2.8,1,2000,70,29.591836734693878,FALSE
KXCPICOREYOY-26NOV,2026-07-09,2026-08-05,2.8,1,0,70,29.591836734693878,FALSE
KXCPICOREYOY-26NOV,2026-07-10,2026-08-05,2.8,1,0,70,29.591836734693878,FALSE
KXCPICOREYOY-26NOV,2026-07-11,2026-08-05,2.8,1,0,70,29.591836734693878,FALSE
KXCPICOREYOY-26NOV,2026-07-12,2026-08-05,2.8,1,0,70,29.591836734693878,FALSE
KXCPICOREYOY-26NOV,2026-07-13,2026-08-05,2.8,1,0,70,29.591836734693878,FALSE
KXCPICOREYOY-26NOV,2026-07-14,2026-08-05,2.8,1,0,70,5.1020408163265305,FALSE
KXCPICOREYOY-26NOV,2026-07-15,2026-08-05,2.8,1,0,70,5.1020408163265305,FALSE
KXCPICOREYOY-26NOV,2026-07-16,2026-08-05,2.8,1,0,70,5.1020408163265305,FALSE
KXCPICOREYOY-26NOV,2026-07-17,2026-08-05,2.8,1,0,70,5.1020408163265305,FALSE
KXCPICOREYOY-26NOV,2026-07-18,2026-08-05,2.8,1,0,70,5.1020408163265305,FALSE
KXCPICOREYOY-26NOV,2026-07-19,2026-08-05,2.8,1,0,70,23.46938775510204,FALSE
KXCPICOREYOY-26NOV,2026-07-20,2026-08-05,2.8,1,0,70,23.46938775510204,FALSE
KXCPICOREYOY-26NOV,2026-07-21,2026-08-05,2.8,1,0,70,23.46938775510204,FALSE
KXCPICOREYOY-26NOV,2026-07-22,2026-08-05,2.8,1,0,70,23.46938775510204,FALSE
KXCPICOREYOY-26NOV,2026-07-23,2026-08-05,2.8,97,1903,97,1.0204081632653061,FALSE
KXCPICOREYOY-26NOV,2026-07-24,2026-08-05,2.8,97,0,97,1.0204081632653061,FALSE
KXCPICOREYOY-26NOV,2026-07-25,2026-08-05,2.8,97,0,97,1.0204081632653061,FALSE
KXCPICOREYOY-26NOV,2026-07-26,2026-08-05,2.8,97,0,97,1.0204081632653061,FALSE
KXCPICOREYOY-26NOV,2026-07-27,2026-08-05,2.8,79,1,79,0,FALSE
KXCPICOREYOY-26NOV,2026-07-28,2026-08-05,2.8,79,0,79,9.183673469387756,FALSE
KXCPICOREYOY-26NOV,2026-07-29,2026-08-05,2.8,79,0,79,9.183673469387756,FALSE
KXCPICOREYOY-26NOV,2026-07-30,2026-08-05,2.8,79,0,79,9.183673469387756,FALSE
KXCPICOREYOY-26NOV,2026-07-31,2026-08-05,2.8,79,0,79,9.183673469387756,FALSE
KXCPICOREYOY-26NOV,2026-08-01,2026-08-05,2.8,79,0,79,9.183673469387756,FALSE
KXCPICOREYOY-26NOV,2026-08-02,2026-08-05,2.8,79,0,79,9.183673469387756,FALSE
KXCPICOREYOY-26NOV,2026-08-03,2026-08-05,2.8,79,0,79,9.183673469387756,FALSE
KXCPICOREYOY-26NOV,2026-08-04,2026-08-05,2.8,79,0,79,9.183673469387756,FALSE
KXCPICOREYOY-26NOV,2026-08-05,2026-08-05,2.8,79,0,79,9.183673469387756,FALSE
KXCPICOREYOY-26SEP,2026-07-08,2026-08-05,2.8,1,2000,1,0,FALSE
KXCPICOREYOY-26SEP,2026-07-09,2026-08-05,2.8,1,0,35,0,FALSE
KXCPICOREYOY-26SEP,2026-07-10,2026-08-05,2.8,1,0,35,0,FALSE
KXCPICOREYOY-26SEP,2026-07-11,2026-08-05,2.8,1,0,35,0,FALSE
KXCPICOREYOY-26SEP,2026-07-12,2026-08-05,2.8,1,0,35,0,FALSE
KXCPICOREYOY-26SEP,2026-07-13,2026-08-05,2.8,1,0,35,0,FALSE
KXCPICOREYOY-26SEP,2026-07-14,2026-08-05,2.8,1,0,37,0,FALSE
KXCPICOREYOY-26SEP,2026-07-15,2026-08-05,2.8,1,0,37,0,FALSE
KXCPICOREYOY-26SEP,2026-07-16,2026-08-05,2.8,1,0,37,0,FALSE
KXCPICOREYOY-26SEP,2026-07-17,2026-08-05,2.8,1,0,37,0,FALSE
KXCPICOREYOY-26SEP,2026-07-18,2026-08-05,2.8,1,0,37,0,FALSE
KXCPICOREYOY-26SEP,2026-07-19,2026-08-05,2.8,1,0,37,0,FALSE
KXCPICOREYOY-26SEP,2026-07-20,2026-08-05,2.8,1,0,37,0,FALSE
KXCPICOREYOY-26SEP,2026-07-21,2026-08-05,2.8,1,0,37,0,FALSE
KXCPICOREYOY-26SEP,2026-07-22,2026-08-05,2.8,1,0,37,0,FALSE
KXCPICOREYOY-26SEP,2026-07-23,2026-08-05,2.8,1,0,37,0,FALSE
KXCPICOREYOY-26SEP,2026-07-24,2026-08-05,2.8,1,0,37,0,FALSE
KXCPICOREYOY-26SEP,2026-07-25,2026-08-05,2.8,1,0,37,0,FALSE
KXCPICOREYOY-26SEP,2026-07-26,2026-08-05,2.8,1,0,37,0,FALSE
KXCPICOREYOY-26SEP,2026-07-27,2026-08-05,2.8,1,0,37,0,FALSE
KXCPICOREYOY-26SEP,2026-07-28,2026-08-05,2.8,1,0,1,0,FALSE
KXCPICOREYOY-26SEP,2026-07-29,2026-08-05,2.8,1,0,1,0,FALSE
KXCPICOREYOY-26SEP,2026-07-30,2026-08-05,2.8,1,0,1,0,FALSE
KXCPICOREYOY-26SEP,2026-07-31,2026-08-05,2.8,1,0,1,0,FALSE
KXCPICOREYOY-26SEP,2026-08-01,2026-08-05,2.8,31,10,31,2.0408163265306123,FALSE
KXCPICOREYOY-26SEP,2026-08-02,2026-08-05,2.8,31,0,31,2.0408163265306123,FALSE
KXCPICOREYOY-26SEP,2026-08-03,2026-08-05,2.8,31,0,31,2.0408163265306123,FALSE
KXCPICOREYOY-26SEP,2026-08-04,2026-08-05,2.8,31,0,31,2.0408163265306123,FALSE
KXCPICOREYOY-26SEP,2026-08-05,2026-08-05,2.8,31,0,31,7.142857142857143,FALSE
CPICOREYOY-24AUG,2024-08-25,2024-09-10,2.8000000000000003,99,8,99,0,FALSE
CPICOREYOY-24AUG,2024-08-26,2024-09-10,2.8000000000000003,99,0,99,0,FALSE
CPICOREYOY-24AUG,2024-08-27,2024-09-10,2.8000000000000003,99,0,99,0,FALSE
CPICOREYOY-24AUG,2024-08-28,2024-09-10,2.8000000000000003,99,0,99,0,FALSE
CPICOREYOY-24AUG,2024-08-29,2024-09-10,2.8000000000000003,89,8,99,0,FALSE
CPICOREYOY-24AUG,2024-08-30,2024-09-10,2.8000000000000003,89,0,99,0,FALSE
CPICOREYOY-24AUG,2024-08-31,2024-09-10,2.8000000000000003,89,0,99,0,FALSE
CPICOREYOY-24AUG,2024-09-01,2024-09-10,2.8000000000000003,89,0,99,0,FALSE
CPICOREYOY-24AUG,2024-09-02,2024-09-10,2.8000000000000003,89,0,99,0,FALSE
CPICOREYOY-24AUG,2024-09-03,2024-09-10,2.8000000000000003,89,0,99,0,FALSE
CPICOREYOY-24AUG,2024-09-04,2024-09-10,2.8000000000000003,89,0,99,0,FALSE
CPICOREYOY-24AUG,2024-09-05,2024-09-10,2.8000000000000003,89,0,99,0,FALSE
CPICOREYOY-24AUG,2024-09-06,2024-09-10,2.8000000000000003,89,0,93,6.122448979591836,FALSE
CPICOREYOY-24AUG,2024-09-07,2024-09-10,2.8000000000000003,89,0,93,6.122448979591836,FALSE
CPICOREYOY-24AUG,2024-09-08,2024-09-10,2.8000000000000003,89,0,93,6.122448979591836,FALSE
CPICOREYOY-24AUG,2024-09-09,2024-09-10,2.8000000000000003,89,0,93,6.122448979591836,FALSE
CPICOREYOY-24AUG,2024-09-10,2024-09-10,2.8000000000000003,89,0,93,6.122448979591836,FALSE
KXCPICOREYOY-25AUG,2025-08-12,2025-09-11,2.8000000000000003,87,573,87,5.1020408163265305,FALSE
KXCPICOREYOY-25AUG,2025-08-13,2025-09-11,2.8000000000000003,95,20,95,12.244897959183673,FALSE
KXCPICOREYOY-25AUG,2025-08-14,2025-09-11,2.8000000000000003,95,0,95,8.16326530612245,FALSE
KXCPICOREYOY-25AUG,2025-08-15,2025-09-11,2.8000000000000003,95,0,95,8.16326530612245,FALSE
KXCPICOREYOY-25AUG,2025-08-16,2025-09-11,2.8000000000000003,95,0,95,8.16326530612245,FALSE
KXCPICOREYOY-25AUG,2025-08-17,2025-09-11,2.8000000000000003,95,0,95,8.16326530612245,FALSE
KXCPICOREYOY-25AUG,2025-08-18,2025-09-11,2.8000000000000003,95,0,95,8.16326530612245,FALSE
KXCPICOREYOY-25AUG,2025-08-19,2025-09-11,2.8000000000000003,95,0,95,8.16326530612245,FALSE
KXCPICOREYOY-25AUG,2025-08-20,2025-09-11,2.8000000000000003,95,0,95,8.16326530612245,FALSE
KXCPICOREYOY-25AUG,2025-08-21,2025-09-11,2.8000000000000003,97,25,97,8.16326530612245,FALSE
KXCPICOREYOY-25AUG,2025-08-22,2025-09-11,2.8000000000000003,97,0,97,8.16326530612245,FALSE
KXCPICOREYOY-25AUG,2025-08-23,2025-09-11,2.8000000000000003,97,0,97,8.16326530612245,FALSE
KXCPICOREYOY-25AUG,2025-08-24,2025-09-11,2.8000000000000003,95,30,95,10.204081632653061,FALSE
KXCPICOREYOY-25AUG,2025-08-25,2025-09-11,2.8000000000000003,95,0,95,10.204081632653061,FALSE
KXCPICOREYOY-25AUG,2025-08-26,2025-09-11,2.8000000000000003,92,25,92,4.081632653061225,FALSE
KXCPICOREYOY-25AUG,2025-08-27,2025-09-11,2.8000000000000003,92,0,92,4.081632653061225,FALSE
KXCPICOREYOY-25AUG,2025-08-28,2025-09-11,2.8000000000000003,92,0,92,4.081632653061225,FALSE
KXCPICOREYOY-25AUG,2025-08-29,2025-09-11,2.8000000000000003,92,0,92,10.204081632653061,FALSE
KXCPICOREYOY-25AUG,2025-08-30,2025-09-11,2.8000000000000003,92,0,92,10.204081632653061,FALSE
KXCPICOREYOY-25AUG,2025-08-31,2025-09-11,2.8000000000000003,92,0,92,10.204081632653061,FALSE
KXCPICOREYOY-25AUG,2025-09-01,2025-09-11,2.8000000000000003,92,0,92,10.204081632653061,FALSE
KXCPICOREYOY-25AUG,2025-09-02,2025-09-11,2.8000000000000003,92,0,92,10.204081632653061,FALSE
KXCPICOREYOY-25AUG,2025-09-03,2025-09-11,2.8000000000000003,92,0,92,10.204081632653061,FALSE
KXCPICOREYOY-25AUG,2025-09-04,2025-09-11,2.8000000000000003,92,0,92,10.204081632653061,FALSE
KXCPICOREYOY-25AUG,2025-09-05,2025-09-11,2.8000000000000003,92,0,92,10.204081632653061,FALSE
KXCPICOREYOY-25AUG,2025-09-06,2025-09-11,2.8000000000000003,99,3097,99,17.346938775510203,FALSE
KXCPICOREYOY-25AUG,2025-09-07,2025-09-11,2.8000000000000003,99,102,99,17.346938775510203,FALSE
KXCPICOREYOY-25AUG,2025-09-08,2025-09-11,2.8000000000000003,99,0,99,17.346938775510203,FALSE
KXCPICOREYOY-25AUG,2025-09-09,2025-09-11,2.8000000000000003,98,50,98,6.122448979591836,FALSE
KXCPICOREYOY-25AUG,2025-09-10,2025-09-11,2.8000000000000003,98,25,98,8.16326530612245,FALSE
KXCPICOREYOY-25AUG,2025-09-11,2025-09-11,2.8000000000000003,98,0,98,9.183673469387756,FALSE
KXCPICOREYOY-25JUL,2025-07-13,2025-08-12,2.8000000000000003,84,0,84,21.428571428571427,FALSE
KXCPICOREYOY-25JUL,2025-07-14,2025-08-12,2.8000000000000003,84,0,84,21.428571428571427,FALSE
KXCPICOREYOY-25JUL,2025-07-15,2025-08-12,2.8000000000000003,90,370,90,17.346938775510203,FALSE
KXCPICOREYOY-25JUL,2025-07-16,2025-08-12,2.8000000000000003,89,2100,89,15.306122448979592,FALSE
KXCPICOREYOY-25JUL,2025-07-17,2025-08-12,2.8000000000000003,89,0,89,15.306122448979592,FALSE
KXCPICOREYOY-25JUL,2025-07-18,2025-08-12,2.8000000000000003,91,10,91,11.224489795918368,FALSE
KXCPICOREYOY-25JUL,2025-07-19,2025-08-12,2.8000000000000003,91,0,91,11.224489795918368,FALSE
KXCPICOREYOY-25JUL,2025-07-20,2025-08-12,2.8000000000000003,91,0,91,11.224489795918368,FALSE
KXCPICOREYOY-25JUL,2025-07-21,2025-08-12,2.8000000000000003,93,1007,93,16.3265306122449,FALSE
KXCPICOREYOY-25JUL,2025-07-22,2025-08-12,2.8000000000000003,89,144,89,7.142857142857143,FALSE
KXCPICOREYOY-25JUL,2025-07-23,2025-08-12,2.8000000000000003,89,0,89,8.16326530612245,FALSE
KXCPICOREYOY-25JUL,2025-07-24,2025-08-12,2.8000000000000003,89,0,89,14.285714285714286,FALSE
KXCPICOREYOY-25JUL,2025-07-25,2025-08-12,2.8000000000000003,89,0,89,14.285714285714286,FALSE
KXCPICOREYOY-25JUL,2025-07-26,2025-08-12,2.8000000000000003,89,0,89,14.285714285714286,FALSE
KXCPICOREYOY-25JUL,2025-07-27,2025-08-12,2.8000000000000003,89,0,89,14.285714285714286,FALSE
KXCPICOREYOY-25JUL,2025-07-28,2025-08-12,2.8000000000000003,89,0,89,14.285714285714286,FALSE
KXCPICOREYOY-25JUL,2025-07-29,2025-08-12,2.8000000000000003,89,0,89,6.122448979591836,FALSE
KXCPICOREYOY-25JUL,2025-07-30,2025-08-12,2.8000000000000003,89,0,89,13.26530612244898,FALSE
KXCPICOREYOY-25JUL,2025-07-31,2025-08-12,2.8000000000000003,95,104,95,9.183673469387756,FALSE
KXCPICOREYOY-25JUL,2025-08-01,2025-08-12,2.8000000000000003,89,780,89,9.183673469387756,FALSE
KXCPICOREYOY-25JUL,2025-08-02,2025-08-12,2.8000000000000003,89,0,89,6.122448979591836,FALSE
KXCPICOREYOY-25JUL,2025-08-03,2025-08-12,2.8000000000000003,89,0,89,6.122448979591836,FALSE
KXCPICOREYOY-25JUL,2025-08-04,2025-08-12,2.8000000000000003,92,1101,92,10.204081632653061,FALSE
KXCPICOREYOY-25JUL,2025-08-05,2025-08-12,2.8000000000000003,96,2,96,14.285714285714286,FALSE
KXCPICOREYOY-25JUL,2025-08-06,2025-08-12,2.8000000000000003,96,0,96,14.285714285714286,FALSE
KXCPICOREYOY-25JUL,2025-08-07,2025-08-12,2.8000000000000003,93,1421,93,11.224489795918368,FALSE
KXCPICOREYOY-25JUL,2025-08-08,2025-08-12,2.8000000000000003,98,1153,98,16.3265306122449,FALSE
KXCPICOREYOY-25JUL,2025-08-09,2025-08-12,2.8000000000000003,98,0,98,12.244897959183673,FALSE
KXCPICOREYOY-25JUL,2025-08-10,2025-08-12,2.8000000000000003,93,10,93,9.183673469387756,FALSE
KXCPICOREYOY-25JUL,2025-08-11,2025-08-12,2.8000000000000003,94,45,94,4.081632653061225,FALSE
KXCPICOREYOY-25JUL,2025-08-12,2025-08-12,2.8000000000000003,95,40,95,5.1020408163265305,FALSE
KXCPICOREYOY-25JUN,2025-06-15,2025-07-15,2.8000000000000003,64,253,64,43.87755102040816,FALSE
KXCPICOREYOY-25JUN,2025-06-16,2025-07-15,2.8000000000000003,64,0,64,43.87755102040816,FALSE
KXCPICOREYOY-25JUN,2025-06-17,2025-07-15,2.8000000000000003,72,68,72,37.755102040816325,FALSE
KXCPICOREYOY-25JUN,2025-06-18,2025-07-15,2.8000000000000003,72,0,72,37.755102040816325,FALSE
KXCPICOREYOY-25JUN,2025-06-19,2025-07-15,2.8000000000000003,72,0,72,37.755102040816325,FALSE
KXCPICOREYOY-25JUN,2025-06-20,2025-07-15,2.8000000000000003,71,5,71,35.714285714285715,FALSE
KXCPICOREYOY-25JUN,2025-06-21,2025-07-15,2.8000000000000003,71,0,71,35.714285714285715,FALSE
KXCPICOREYOY-25JUN,2025-06-22,2025-07-15,2.8000000000000003,60,1097,60,14.285714285714286,FALSE
KXCPICOREYOY-25JUN,2025-06-23,2025-07-15,2.8000000000000003,60,0,60,30.612244897959183,FALSE
KXCPICOREYOY-25NOV,2025-12-05,2025-12-18,2.8000000000000003,87,25000,87,27.551020408163264,FALSE
KXCPICOREYOY-25NOV,2025-12-06,2025-12-18,2.8000000000000003,87,200,87,26.53061224489796,FALSE
KXCPICOREYOY-25NOV,2025-12-07,2025-12-18,2.8000000000000003,87,0,87,30.612244897959194,FALSE
KXCPICOREYOY-25NOV,2025-12-08,2025-12-18,2.8000000000000003,84,74,84,28.571428571428562,FALSE
KXCPICOREYOY-25NOV,2025-12-09,2025-12-18,2.8000000000000003,83,1169,83,23.46938775510204,FALSE
KXCPICOREYOY-25NOV,2025-12-10,2025-12-18,2.8000000000000003,87,53,87,33.673469387755105,FALSE
KXCPICOREYOY-25NOV,2025-12-11,2025-12-18,2.8000000000000003,80,1144,80,30.612244897959183,FALSE
KXCPICOREYOY-25NOV,2025-12-12,2025-12-18,2.8000000000000003,82,16,82,28.571428571428573,FALSE
KXCPICOREYOY-25NOV,2025-12-13,2025-12-18,2.8000000000000003,82,0,82,29.591836734693878,FALSE
KXCPICOREYOY-25NOV,2025-12-14,2025-12-18,2.8000000000000003,82,0,82,27.551020408163257,FALSE
KXCPICOREYOY-25NOV,2025-12-15,2025-12-18,2.8000000000000003,80,495,80,31.632653061224488,FALSE
KXCPICOREYOY-25NOV,2025-12-16,2025-12-18,2.8000000000000003,88,1600,88,23.46938775510204,FALSE
KXCPICOREYOY-25NOV,2025-12-17,2025-12-18,2.8000000000000003,86,4801,86,44.89795918367347,FALSE
KXCPICOREYOY-25NOV,2025-12-18,2025-12-18,2.8000000000000003,85,942,85,51.02040816326531,FALSE
KXCPICOREYOY-25SEP,2025-09-15,2025-10-15,2.8000000000000003,93,0,93,9.183673469387756,FALSE
KXCPICOREYOY-25SEP,2025-09-16,2025-10-15,2.8000000000000003,95,582,95,11.224489795918368,FALSE
KXCPICOREYOY-25SEP,2025-09-17,2025-10-15,2.8000000000000003,95,0,95,9.183673469387756,FALSE
KXCPICOREYOY-25SEP,2025-09-18,2025-10-15,2.8000000000000003,96,605,96,10.204081632653061,FALSE
KXCPICOREYOY-25SEP,2025-09-19,2025-10-15,2.8000000000000003,96,0,96,9.183673469387756,FALSE
KXCPICOREYOY-25SEP,2025-09-20,2025-10-15,2.8000000000000003,96,0,96,9.183673469387756,FALSE
KXCPICOREYOY-25SEP,2025-09-21,2025-10-15,2.8000000000000003,96,0,96,9.183673469387756,FALSE
KXCPICOREYOY-25SEP,2025-09-22,2025-10-15,2.8000000000000003,96,0,96,9.183673469387756,FALSE
KXCPICOREYOY-25SEP,2025-09-23,2025-10-15,2.8000000000000003,96,0,96,9.183673469387756,FALSE
KXCPICOREYOY-25SEP,2025-09-24,2025-10-15,2.8000000000000003,96,0,96,9.183673469387756,FALSE
KXCPICOREYOY-25SEP,2025-09-25,2025-10-15,2.8000000000000003,96,0,96,9.183673469387756,FALSE
KXCPICOREYOY-25SEP,2025-09-26,2025-10-15,2.8000000000000003,91,4,91,4.081632653061225,FALSE
KXCPICOREYOY-25SEP,2025-09-27,2025-10-15,2.8000000000000003,91,0,91,3.061224489795918,FALSE
KXCPICOREYOY-25SEP,2025-09-28,2025-10-15,2.8000000000000003,91,0,91,1.0204081632653061,FALSE
KXCPICOREYOY-25SEP,2025-09-29,2025-10-15,2.8000000000000003,97,1250,97,11.224489795918368,FALSE
KXCPICOREYOY-25SEP,2025-09-30,2025-10-15,2.8000000000000003,97,0,97,11.224489795918368,FALSE
KXCPICOREYOY-25SEP,2025-10-01,2025-10-15,2.8000000000000003,97,0,97,11.224489795918368,FALSE
KXCPICOREYOY-25SEP,2025-10-02,2025-10-15,2.8000000000000003,97,0,97,12.244897959183673,FALSE
KXCPICOREYOY-25SEP,2025-10-03,2025-10-15,2.8000000000000003,97,0,97,12.244897959183673,FALSE
KXCPICOREYOY-25SEP,2025-10-04,2025-10-15,2.8000000000000003,97,0,97,12.244897959183673,FALSE
KXCPICOREYOY-25SEP,2025-10-05,2025-10-15,2.8000000000000003,97,0,97,14.285714285714286,FALSE
KXCPICOREYOY-25SEP,2025-10-06,2025-10-15,2.8000000000000003,96,30,96,13.26530612244898,FALSE
KXCPICOREYOY-25SEP,2025-10-07,2025-10-15,2.8000000000000003,96,0,96,13.26530612244898,FALSE
KXCPICOREYOY-25SEP,2025-10-08,2025-10-15,2.8000000000000003,96,2437,96,7.142857142857143,FALSE
KXCPICOREYOY-25SEP,2025-10-09,2025-10-15,2.8000000000000003,96,0,96,7.142857142857143,FALSE
KXCPICOREYOY-25SEP,2025-10-10,2025-10-15,2.8000000000000003,96,0,96,8.16326530612245,FALSE
KXCPICOREYOY-25SEP,2025-10-11,2025-10-15,2.8000000000000003,96,0,96,5.1020408163265305,FALSE
KXCPICOREYOY-25SEP,2025-10-12,2025-10-15,2.8000000000000003,96,0,96,5.1020408163265305,FALSE
KXCPICOREYOY-25SEP,2025-10-13,2025-10-15,2.8000000000000003,96,0,96,5.1020408163265305,FALSE
KXCPICOREYOY-25SEP,2025-10-14,2025-10-15,2.8000000000000003,96,0,96,3.061224489795918,FALSE
KXCPICOREYOY-25SEP,2025-10-15,2025-10-15,2.8000000000000003,96,0,96,4.081632653061225,FALSE
KXCPICOREYOY-26FEB,2026-02-17,2026-03-11,2.8000000000000003,1,0,1,0,FALSE
KXCPICOREYOY-26FEB,2026-02-18,2026-03-11,2.8000000000000003,1,0,1,0,FALSE
KXCPICOREYOY-26FEB,2026-02-19,2026-03-11,2.8000000000000003,1,0,1,0,FALSE
KXCPICOREYOY-26FEB,2026-02-20,2026-03-11,2.8000000000000003,1,187,1,0,FALSE
KXCPICOREYOY-26FEB,2026-02-21,2026-03-11,2.8000000000000003,1,0,1,0,FALSE
KXCPICOREYOY-26FEB,2026-02-22,2026-03-11,2.8000000000000003,1,0,1,0,FALSE
KXCPICOREYOY-26FEB,2026-02-23,2026-03-11,2.8000000000000003,1,0,1,0,FALSE
KXCPICOREYOY-26FEB,2026-02-24,2026-03-11,2.8000000000000003,1,0,1,0,FALSE
KXCPICOREYOY-26FEB,2026-02-25,2026-03-11,2.8000000000000003,1,0,1,0,FALSE
KXCPICOREYOY-26FEB,2026-02-26,2026-03-11,2.8000000000000003,1,0,1,0,FALSE
KXCPICOREYOY-26FEB,2026-02-27,2026-03-11,2.8000000000000003,1,0,1,0,FALSE
KXCPICOREYOY-26FEB,2026-02-28,2026-03-11,2.8000000000000003,1,0,1,0,FALSE
KXCPICOREYOY-26FEB,2026-03-01,2026-03-11,2.8000000000000003,1,0,1,0,FALSE
KXCPICOREYOY-26FEB,2026-03-02,2026-03-11,2.8000000000000003,1,0,1,0,FALSE
KXCPICOREYOY-26FEB,2026-03-03,2026-03-11,2.8000000000000003,1,0,1,0,FALSE
KXCPICOREYOY-26FEB,2026-03-04,2026-03-11,2.8000000000000003,1,0,1,0,FALSE
KXCPICOREYOY-26FEB,2026-03-05,2026-03-11,2.8000000000000003,1,0,1,0,FALSE
KXCPICOREYOY-26JUL,2026-07-06,2026-08-05,2.8000000000000003,39,0,39,10.204081632653065,FALSE
KXCPICOREYOY-26JUL,2026-07-07,2026-08-05,2.8000000000000003,39,0,39,10.204081632653065,FALSE
KXCPICOREYOY-26JUL,2026-07-08,2026-08-05,2.8000000000000003,39,0,39,10.204081632653065,FALSE
KXCPICOREYOY-26JUL,2026-07-09,2026-08-05,2.8000000000000003,39,0,39,10.204081632653065,FALSE
KXCPICOREYOY-26JUL,2026-07-13,2026-08-05,2.8000000000000003,39,0,39,34.69387755102041,FALSE
KXCPICOREYOY-26JUL,2026-07-14,2026-08-05,2.8000000000000003,20,410,3,0,FALSE
KXCPICOREYOY-26JUL,2026-07-15,2026-08-05,2.8000000000000003,2,57,2,1.0204081632653061,FALSE
KXCPICOREYOY-26JUN,2026-06-29,2026-07-14,2.8000000000000003,73,226.46,73,69.38775510204081,FALSE
KXCPICOREYOY-26JUN,2026-06-30,2026-07-14,2.8000000000000003,53,9,53,51.02040816326531,FALSE
KXCPICOREYOY-26JUN,2026-07-01,2026-07-14,2.8000000000000003,51,13219.35,51,48.97959183673469,FALSE
KXCPICOREYOY-26JUN,2026-07-02,2026-07-14,2.8000000000000003,49,133.85,49,46.93877551020408,FALSE
KXCPICOREYOY-26JUN,2026-07-03,2026-07-14,2.8000000000000003,53,1.82,53,51.02040816326531,FALSE
KXCPICOREYOY-26JUN,2026-07-04,2026-07-14,2.8000000000000003,7.000000000000001,309.54,7.000000000000001,4.0816326530612255,FALSE
KXCPICOREYOY-26JUN,2026-07-05,2026-07-14,2.8000000000000003,5,87.53,16,15.306122448979592,FALSE
KXCPICOREYOY-26JUN,2026-07-06,2026-07-14,2.8000000000000003,10,159.8,16,15.306122448979592,FALSE
KXCPICOREYOY-26MAY,2026-05-11,2026-06-10,2.8000000000000003,36,370,36,16.3265306122449,FALSE
KXCPICOREYOY-26MAY,2026-05-12,2026-06-10,2.8000000000000003,51,1855.28,51,21.428571428571427,FALSE
KXCPICOREYOY-26MAY,2026-05-13,2026-06-10,2.8000000000000003,62,2292.4,62,33.673469387755105,FALSE
KXCPICOREYOY-26MAY,2026-05-14,2026-06-10,2.8000000000000003,55.00000000000001,1820,55.00000000000001,23.46938775510205,FALSE
KXCPICOREYOY-26MAY,2026-05-15,2026-06-10,2.8000000000000003,59,247,59,23.46938775510204,FALSE
KXCPICOREYOY-26MAY,2026-05-16,2026-06-10,2.8000000000000003,65,916,65,26.53061224489796,FALSE
KXCPICOREYOY-26MAY,2026-05-17,2026-06-10,2.8000000000000003,62,174.84,62,26.53061224489796,FALSE
KXCPICOREYOY-26MAY,2026-05-18,2026-06-10,2.8000000000000003,66,145.5,66,32.6530612244898,FALSE
KXCPICOREYOY-26MAY,2026-05-19,2026-06-10,2.8000000000000003,66,659.52,66,29.591836734693878,FALSE
KXCPICOREYOY-26MAY,2026-05-20,2026-06-10,2.8000000000000003,65,680,65,28.571428571428573,FALSE
KXCPICOREYOY-26MAY,2026-05-21,2026-06-10,2.8000000000000003,61,25,61,25.510204081632654,FALSE
KXCPICOREYOY-26MAY,2026-05-22,2026-06-10,2.8000000000000003,63,190.2,63,30.612244897959183,FALSE
KXCPICOREYOY-26MAY,2026-05-23,2026-06-10,2.8000000000000003,63,310.65,63,29.591836734693878,FALSE
KXCPICOREYOY-26MAY,2026-05-24,2026-06-10,2.8000000000000003,63,137.69,63,24.489795918367346,FALSE
KXCPICOREYOY-26MAY,2026-05-25,2026-06-10,2.8000000000000003,61,706.56,61,22.448979591836736,FALSE
KXCPICOREYOY-26MAY,2026-05-26,2026-06-10,2.8000000000000003,59,202.57,59,23.46938775510204,FALSE
KXCPICOREYOY-26MAY,2026-05-27,2026-06-10,2.8000000000000003,63,192.37,63,28.571428571428573,FALSE
KXCPICOREYOY-26MAY,2026-05-28,2026-06-10,2.8000000000000003,63,168,63,28.571428571428573,FALSE
KXCPICOREYOY-26MAY,2026-05-29,2026-06-10,2.8000000000000003,68,11,68,34.69387755102041,FALSE
KXCPICOREYOY-26MAY,2026-05-30,2026-06-10,2.8000000000000003,59,97.33,59,25.510204081632654,FALSE
KXCPICOREYOY-26MAY,2026-05-31,2026-06-10,2.8000000000000003,68,1.43,68,33.673469387755105,FALSE
KXCPICOREYOY-26MAY,2026-06-01,2026-06-10,2.8000000000000003,57.99999999999999,288.78,57.99999999999999,27.551020408163257,FALSE
KXCPICOREYOY-26MAY,2026-06-02,2026-06-10,2.8000000000000003,56.00000000000001,354.34,56.00000000000001,26.53061224489797,FALSE
KXCPICOREYOY-26MAY,2026-06-03,2026-06-10,2.8000000000000003,57.99999999999999,70.93,57.99999999999999,28.571428571428562,FALSE
KXCPICOREYOY-26MAY,2026-06-04,2026-06-10,2.8000000000000003,57.99999999999999,0,57.99999999999999,28.571428571428562,FALSE
KXCPICOREYOY-26MAY,2026-06-05,2026-06-10,2.8000000000000003,57.99999999999999,217.01999999999998,57.99999999999999,31.63265306122448,FALSE
KXCPICOREYOY-26MAY,2026-06-06,2026-06-10,2.8000000000000003,57.99999999999999,1306.69,57.99999999999999,36.73469387755101,FALSE
KXCPICOREYOY-26MAY,2026-06-07,2026-06-10,2.8000000000000003,64,81.13,64,48.97959183673469,FALSE
CPICOREYOY-23SEP,2023-09-15,2023-10-12,2.9,96,3110,96,0,FALSE
CPICOREYOY-23SEP,2023-09-16,2023-10-12,2.9,96,0,96,0,FALSE
CPICOREYOY-23SEP,2023-09-17,2023-10-12,2.9,97,945,97,0,FALSE
CPICOREYOY-23SEP,2023-09-18,2023-10-12,2.9,97,0,97,0,FALSE
CPICOREYOY-23SEP,2023-09-19,2023-10-12,2.9,97,0,97,0,FALSE
CPICOREYOY-23SEP,2023-09-20,2023-10-12,2.9,97,0,97,0,FALSE
CPICOREYOY-23SEP,2023-09-21,2023-10-12,2.9,97,0,97,0,FALSE
CPICOREYOY-23SEP,2023-09-22,2023-10-12,2.9,97,0,97,0,FALSE
CPICOREYOY-23SEP,2023-09-23,2023-10-12,2.9,97,0,97,0,FALSE
CPICOREYOY-23SEP,2023-09-24,2023-10-12,2.9,97,0,97,0,FALSE
CPICOREYOY-23SEP,2023-09-25,2023-10-12,2.9,97,0,97,0,FALSE
CPICOREYOY-23SEP,2023-09-26,2023-10-12,2.9,97,0,97,0,FALSE
CPICOREYOY-23SEP,2023-09-27,2023-10-12,2.9,97,0,97,0,FALSE
CPICOREYOY-23SEP,2023-09-28,2023-10-12,2.9,96,555,96,0,FALSE
CPICOREYOY-23SEP,2023-09-29,2023-10-12,2.9,96,0,97,0,FALSE
CPICOREYOY-23SEP,2023-09-30,2023-10-12,2.9,96,0,97,0,FALSE
CPICOREYOY-23SEP,2023-10-01,2023-10-12,2.9,96,0,97,0,FALSE
CPICOREYOY-23SEP,2023-10-02,2023-10-12,2.9,96,0,97,0,FALSE
CPICOREYOY-23SEP,2023-10-03,2023-10-12,2.9,96,0,97,0,FALSE
CPICOREYOY-23SEP,2023-10-04,2023-10-12,2.9,96,0,97,0,FALSE
CPICOREYOY-23SEP,2023-10-05,2023-10-12,2.9,96,0,97,0,FALSE
CPICOREYOY-23SEP,2023-10-06,2023-10-12,2.9,96,0,97,0,FALSE
CPICOREYOY-23SEP,2023-10-07,2023-10-12,2.9,96,0,97,0,FALSE
CPICOREYOY-23SEP,2023-10-08,2023-10-12,2.9,96,0,97,0,FALSE
CPICOREYOY-23SEP,2023-10-09,2023-10-12,2.9,96,0,97,0,FALSE
CPICOREYOY-23SEP,2023-10-10,2023-10-12,2.9,96,0,97,0,FALSE
CPICOREYOY-23SEP,2023-10-11,2023-10-12,2.9,96,0,97,0,FALSE
CPICOREYOY-23SEP,2023-10-12,2023-10-12,2.9,96,0,99,0,FALSE
CPICOREYOY-24AUG,2024-08-12,2024-09-10,2.9,93,800,93,6.122448979591836,FALSE
CPICOREYOY-24AUG,2024-08-13,2024-09-10,2.9,88,849,88,17.346938775510203,FALSE
CPICOREYOY-24AUG,2024-08-14,2024-09-10,2.9,88,0,88,30.612244897959194,FALSE
CPICOREYOY-24AUG,2024-08-15,2024-09-10,2.9,88,0,88,21.428571428571427,FALSE
CPICOREYOY-24AUG,2024-08-16,2024-09-10,2.9,88,0,88,21.428571428571427,FALSE
CPICOREYOY-24AUG,2024-08-17,2024-09-10,2.9,88,0,88,16.3265306122449,FALSE
CPICOREYOY-24AUG,2024-08-18,2024-09-10,2.9,88,0,88,16.3265306122449,FALSE
CPICOREYOY-24AUG,2024-08-19,2024-09-10,2.9,88,0,88,16.3265306122449,FALSE
CPICOREYOY-24AUG,2024-08-20,2024-09-10,2.9,97,300,97,17.346938775510203,FALSE
CPICOREYOY-24AUG,2024-08-21,2024-09-10,2.9,97,0,97,17.346938775510203,FALSE
CPICOREYOY-24AUG,2024-08-22,2024-09-10,2.9,97,0,97,17.346938775510203,FALSE
CPICOREYOY-24AUG,2024-08-23,2024-09-10,2.9,99,658,99,14.285714285714286,FALSE
CPICOREYOY-24AUG,2024-08-24,2024-09-10,2.9,99,0,99,14.285714285714286,FALSE
CPICOREYOY-24JUL,2024-07-18,2024-08-14,2.9,0,0,90,9.183673469387756,FALSE
CPICOREYOY-24JUL,2024-07-19,2024-08-14,2.9,0,0,90,9.183673469387756,FALSE
CPICOREYOY-24JUL,2024-07-20,2024-08-14,2.9,0,0,90,9.183673469387756,FALSE
CPICOREYOY-24JUL,2024-07-21,2024-08-14,2.9,0,0,90,9.183673469387756,FALSE
CPICOREYOY-24JUL,2024-07-22,2024-08-14,2.9,0,0,90,9.183673469387756,FALSE
CPICOREYOY-24JUL,2024-07-23,2024-08-14,2.9,0,0,90,9.183673469387756,FALSE
CPICOREYOY-24JUL,2024-07-24,2024-08-14,2.9,0,0,90,9.183673469387756,FALSE
CPICOREYOY-24JUL,2024-07-25,2024-08-14,2.9,0,0,90,9.183673469387756,FALSE
CPICOREYOY-24JUL,2024-07-26,2024-08-14,2.9,0,0,90,9.183673469387756,FALSE
CPICOREYOY-24JUL,2024-07-27,2024-08-14,2.9,0,0,90,9.183673469387756,FALSE
CPICOREYOY-24JUL,2024-07-28,2024-08-14,2.9,0,0,90,9.183673469387756,FALSE
CPICOREYOY-24JUL,2024-07-29,2024-08-14,2.9,0,0,90,9.183673469387756,FALSE
CPICOREYOY-24JUL,2024-07-30,2024-08-14,2.9,0,0,90,9.183673469387756,FALSE
CPICOREYOY-24JUL,2024-07-31,2024-08-14,2.9,0,0,90,9.183673469387756,FALSE
CPICOREYOY-24JUL,2024-08-01,2024-08-14,2.9,0,0,90,9.183673469387756,FALSE
CPICOREYOY-24JUL,2024-08-02,2024-08-14,2.9,0,0,90,9.183673469387756,FALSE
CPICOREYOY-24JUL,2024-08-03,2024-08-14,2.9,0,0,91,8.16326530612245,FALSE
CPICOREYOY-24JUL,2024-08-04,2024-08-14,2.9,0,0,91,8.16326530612245,FALSE
CPICOREYOY-24JUL,2024-08-05,2024-08-14,2.9,0,0,91,8.16326530612245,FALSE
CPICOREYOY-24JUL,2024-08-06,2024-08-14,2.9,0,0,91,8.16326530612245,FALSE
CPICOREYOY-24JUL,2024-08-07,2024-08-14,2.9,0,0,91,8.16326530612245,FALSE
CPICOREYOY-24JUL,2024-08-08,2024-08-14,2.9,0,0,91,8.16326530612245,FALSE
CPICOREYOY-24JUL,2024-08-09,2024-08-14,2.9,0,0,91,8.16326530612245,FALSE
CPICOREYOY-24JUL,2024-08-10,2024-08-14,2.9,0,0,91,8.16326530612245,FALSE
CPICOREYOY-24JUL,2024-08-11,2024-08-14,2.9,0,0,91,8.16326530612245,FALSE
CPICOREYOY-24JUL,2024-08-12,2024-08-14,2.9,0,0,91,8.16326530612245,FALSE
CPICOREYOY-24JUL,2024-08-13,2024-08-14,2.9,0,0,91,8.16326530612245,FALSE
CPICOREYOY-24JUL,2024-08-14,2024-08-14,2.9,0,0,97,2.0408163265306123,FALSE
CPICOREYOY-24OCT,2024-10-13,2024-11-12,2.9,73,0,73,26.53061224489796,FALSE
CPICOREYOY-24OCT,2024-10-14,2024-11-12,2.9,73,0,73,26.53061224489796,FALSE
CPICOREYOY-24OCT,2024-10-15,2024-11-12,2.9,73,0,73,26.53061224489796,FALSE
CPICOREYOY-24OCT,2024-10-16,2024-11-12,2.9,73,0,73,26.53061224489796,FALSE
CPICOREYOY-24OCT,2024-10-17,2024-11-12,2.9,73,0,73,26.53061224489796,FALSE
CPICOREYOY-24OCT,2024-10-18,2024-11-12,2.9,73,0,73,26.53061224489796,FALSE
CPICOREYOY-24OCT,2024-10-19,2024-11-12,2.9,73,0,73,26.53061224489796,FALSE
CPICOREYOY-24OCT,2024-10-20,2024-11-12,2.9,73,0,73,26.53061224489796,FALSE
CPICOREYOY-24OCT,2024-10-21,2024-11-12,2.9,73,0,88,0,FALSE
CPICOREYOY-24OCT,2024-10-22,2024-11-12,2.9,73,0,88,0,FALSE
CPICOREYOY-24OCT,2024-10-23,2024-11-12,2.9,73,0,88,0,FALSE
CPICOREYOY-24OCT,2024-10-24,2024-11-12,2.9,73,0,88,0,FALSE
CPICOREYOY-24OCT,2024-10-25,2024-11-12,2.9,73,0,88,0,FALSE
CPICOREYOY-24OCT,2024-10-26,2024-11-12,2.9,73,0,88,0,FALSE
CPICOREYOY-24OCT,2024-10-27,2024-11-12,2.9,73,0,88,0,FALSE
CPICOREYOY-24OCT,2024-10-28,2024-11-12,2.9,73,0,88,0,FALSE
CPICOREYOY-24OCT,2024-10-29,2024-11-12,2.9,73,0,88,0,FALSE
CPICOREYOY-24OCT,2024-10-30,2024-11-12,2.9,73,0,88,0,FALSE
CPICOREYOY-24OCT,2024-10-31,2024-11-12,2.9,73,0,88,0,FALSE
CPICOREYOY-24OCT,2024-11-01,2024-11-12,2.9,73,0,88,0,FALSE
CPICOREYOY-24OCT,2024-11-02,2024-11-12,2.9,73,0,88,0,FALSE
CPICOREYOY-24OCT,2024-11-03,2024-11-12,2.9,73,0,88,0,FALSE
CPICOREYOY-24OCT,2024-11-04,2024-11-12,2.9,73,0,88,0,FALSE
CPICOREYOY-24OCT,2024-11-05,2024-11-12,2.9,73,0,88,0,FALSE
CPICOREYOY-24OCT,2024-11-06,2024-11-12,2.9,73,0,88,0,FALSE
CPICOREYOY-24OCT,2024-11-07,2024-11-12,2.9,73,0,88,0,FALSE
CPICOREYOY-24OCT,2024-11-08,2024-11-12,2.9,73,0,88,0,FALSE
CPICOREYOY-24OCT,2024-11-09,2024-11-12,2.9,73,0,88,0,FALSE
CPICOREYOY-24OCT,2024-11-10,2024-11-12,2.9,73,0,88,0,FALSE
CPICOREYOY-24OCT,2024-11-11,2024-11-12,2.9,73,0,88,0,FALSE
CPICOREYOY-24OCT,2024-11-12,2024-11-12,2.9,73,0,88,0,FALSE
CPICOREYOY-24SEP,2024-09-27,2024-10-10,2.9,0,0,64,0,FALSE
CPICOREYOY-24SEP,2024-09-28,2024-10-10,2.9,0,0,68,0,FALSE
CPICOREYOY-24SEP,2024-09-29,2024-10-10,2.9,0,0,68,0,FALSE
CPICOREYOY-24SEP,2024-09-30,2024-10-10,2.9,0,0,67,0,FALSE
CPICOREYOY-24SEP,2024-10-01,2024-10-10,2.9,0,0,77,0,FALSE
CPICOREYOY-24SEP,2024-10-02,2024-10-10,2.9,0,0,74,0,FALSE
CPICOREYOY-24SEP,2024-10-03,2024-10-10,2.9,0,0,78,0,FALSE
CPICOREYOY-24SEP,2024-10-04,2024-10-10,2.9,0,0,85,0,FALSE
CPICOREYOY-24SEP,2024-10-05,2024-10-10,2.9,0,0,85,0,FALSE
CPICOREYOY-24SEP,2024-10-06,2024-10-10,2.9,0,0,85,0,FALSE
CPICOREYOY-24SEP,2024-10-07,2024-10-10,2.9,0,0,85,0,FALSE
CPICOREYOY-24SEP,2024-10-08,2024-10-10,2.9,0,0,90,0,FALSE
CPICOREYOY-24SEP,2024-10-09,2024-10-10,2.9,99,158,99,2.0408163265306123,FALSE
CPICOREYOY-24SEP,2024-10-10,2024-10-10,2.9,99,0,99,2.0408163265306123,FALSE
KXCPICOREYOY-24DEC,2025-01-02,2025-01-15,2.9,99,200,99,72.44897959183673,FALSE
KXCPICOREYOY-24DEC,2025-01-03,2025-01-15,2.9,99,300,99,0,FALSE
KXCPICOREYOY-24DEC,2025-01-04,2025-01-15,2.9,99,0,99,0,FALSE
KXCPICOREYOY-24DEC,2025-01-05,2025-01-15,2.9,99,0,99,0,FALSE
KXCPICOREYOY-24DEC,2025-01-06,2025-01-15,2.9,99,0,99,0,FALSE
KXCPICOREYOY-24DEC,2025-01-07,2025-01-15,2.9,99,0,99,0,FALSE
KXCPICOREYOY-24DEC,2025-01-08,2025-01-15,2.9,99,0,99,0,FALSE
KXCPICOREYOY-24DEC,2025-01-09,2025-01-15,2.9,99,0,99,0,FALSE
KXCPICOREYOY-24DEC,2025-01-10,2025-01-15,2.9,99,0,99,0,FALSE
KXCPICOREYOY-24DEC,2025-01-11,2025-01-15,2.9,99,0,99,0,FALSE
KXCPICOREYOY-24DEC,2025-01-12,2025-01-15,2.9,99,0,99,0,FALSE
KXCPICOREYOY-24DEC,2025-01-13,2025-01-15,2.9,99,0,99,0,FALSE
KXCPICOREYOY-24DEC,2025-01-14,2025-01-15,2.9,99,0,99,0,FALSE
KXCPICOREYOY-24DEC,2025-01-15,2025-01-15,2.9,99,0,99,0,FALSE
KXCPICOREYOY-24NOV,2024-11-22,2024-12-11,2.9,0,0,7.000000000000001,0,FALSE
KXCPICOREYOY-24NOV,2024-11-23,2024-12-11,2.9,0,0,37,0,FALSE
KXCPICOREYOY-24NOV,2024-11-24,2024-12-11,2.9,0,0,37,0,FALSE
KXCPICOREYOY-24NOV,2024-11-25,2024-12-11,2.9,0,0,37,0,FALSE
KXCPICOREYOY-24NOV,2024-11-26,2024-12-11,2.9,0,0,37,0,FALSE
KXCPICOREYOY-24NOV,2024-11-27,2024-12-11,2.9,99,8,99,0,FALSE
KXCPICOREYOY-24NOV,2024-11-28,2024-12-11,2.9,99,0,99,0,FALSE
KXCPICOREYOY-24NOV,2024-11-29,2024-12-11,2.9,99,0,99,0,FALSE
KXCPICOREYOY-24NOV,2024-11-30,2024-12-11,2.9,99,0,99,0,FALSE
KXCPICOREYOY-24NOV,2024-12-01,2024-12-11,2.9,99,0,99,0,FALSE
KXCPICOREYOY-24NOV,2024-12-02,2024-12-11,2.9,99,0,99,0,FALSE
KXCPICOREYOY-24NOV,2024-12-03,2024-12-11,2.9,99,0,99,0,FALSE
KXCPICOREYOY-24NOV,2024-12-04,2024-12-11,2.9,99,0,99,0,FALSE
KXCPICOREYOY-24NOV,2024-12-05,2024-12-11,2.9,99,0,99,0,FALSE
KXCPICOREYOY-24NOV,2024-12-06,2024-12-11,2.9,97,270,99,0,FALSE
KXCPICOREYOY-24NOV,2024-12-07,2024-12-11,2.9,97,0,97,0,FALSE
KXCPICOREYOY-24NOV,2024-12-08,2024-12-11,2.9,97,0,97,0,FALSE
KXCPICOREYOY-24NOV,2024-12-09,2024-12-11,2.9,97,0,97,0,FALSE
KXCPICOREYOY-24NOV,2024-12-10,2024-12-11,2.9,99,16,99,0,FALSE
KXCPICOREYOY-24NOV,2024-12-11,2024-12-11,2.9,99,0,99,0,FALSE
KXCPICOREYOY-25APR,2025-04-13,2025-05-13,2.9,42,20,42,7.142857142857143,FALSE
KXCPICOREYOY-25APR,2025-04-14,2025-05-13,2.9,42,0,42,7.142857142857143,FALSE
KXCPICOREYOY-25APR,2025-04-15,2025-05-13,2.9,42,0,42,7.142857142857143,FALSE
KXCPICOREYOY-25APR,2025-04-16,2025-05-13,2.9,31,478,31,7.142857142857143,FALSE
KXCPICOREYOY-25APR,2025-04-17,2025-05-13,2.9,27,1111,15,7.142857142857143,FALSE
KXCPICOREYOY-25APR,2025-04-18,2025-05-13,2.9,21,400,15,7.142857142857143,FALSE
KXCPICOREYOY-25APR,2025-04-19,2025-05-13,2.9,21,0,15,7.142857142857143,FALSE
KXCPICOREYOY-25APR,2025-04-20,2025-05-13,2.9,20,50,20,12.244897959183673,FALSE
KXCPICOREYOY-25APR,2025-04-21,2025-05-13,2.9,21,489,21,13.26530612244898,FALSE
KXCPICOREYOY-25APR,2025-04-22,2025-05-13,2.9,21,0,21,13.26530612244898,FALSE
KXCPICOREYOY-25APR,2025-04-23,2025-05-13,2.9,21,0,21,13.26530612244898,FALSE
KXCPICOREYOY-25APR,2025-04-24,2025-05-13,2.9,21,0,21,13.26530612244898,FALSE
KXCPICOREYOY-25APR,2025-04-25,2025-05-13,2.9,21,0,21,13.26530612244898,FALSE
KXCPICOREYOY-25APR,2025-04-26,2025-05-13,2.9,21,0,21,13.26530612244898,FALSE
KXCPICOREYOY-25APR,2025-04-27,2025-05-13,2.9,22,500,22,14.285714285714286,FALSE
KXCPICOREYOY-25APR,2025-04-28,2025-05-13,2.9,26,300,26,18.367346938775512,FALSE
KXCPICOREYOY-25APR,2025-04-29,2025-05-13,2.9,26,0,26,20.408163265306122,FALSE
KXCPICOREYOY-25APR,2025-04-30,2025-05-13,2.9,20,55,20,14.285714285714286,FALSE
KXCPICOREYOY-25APR,2025-05-01,2025-05-13,2.9,20,0,20,14.285714285714286,FALSE
KXCPICOREYOY-25APR,2025-05-02,2025-05-13,2.9,20,0,20,14.285714285714286,FALSE
KXCPICOREYOY-25APR,2025-05-03,2025-05-13,2.9,20,0,20,14.285714285714286,FALSE
KXCPICOREYOY-25APR,2025-05-04,2025-05-13,2.9,20,0,20,14.285714285714286,FALSE
KXCPICOREYOY-25APR,2025-05-05,2025-05-13,2.9,20,0,20,14.285714285714286,FALSE
KXCPICOREYOY-25APR,2025-05-06,2025-05-13,2.9,27,163,27,11.224489795918368,FALSE
KXCPICOREYOY-25APR,2025-05-07,2025-05-13,2.9,27,0,27,11.224489795918368,FALSE
KXCPICOREYOY-25APR,2025-05-08,2025-05-13,2.9,27,0,27,11.224489795918368,FALSE
KXCPICOREYOY-25APR,2025-05-09,2025-05-13,2.9,27,0,27,11.224489795918368,FALSE
KXCPICOREYOY-25APR,2025-05-10,2025-05-13,2.9,16,1059,16,10.204081632653061,FALSE
KXCPICOREYOY-25APR,2025-05-11,2025-05-13,2.9,15,257,15,9.183673469387756,FALSE
KXCPICOREYOY-25APR,2025-05-12,2025-05-13,2.9,15,0,15,9.183673469387756,FALSE
KXCPICOREYOY-25APR,2025-05-13,2025-05-13,2.9,15,0,15,9.183673469387756,FALSE
KXCPICOREYOY-25DEC,2025-12-18,2026-01-13,2.9,0,0,46,0,FALSE
KXCPICOREYOY-25DEC,2025-12-19,2026-01-13,2.9,0,0,46,0,FALSE
KXCPICOREYOY-25DEC,2025-12-20,2026-01-13,2.9,0,0,9,0,FALSE
KXCPICOREYOY-25DEC,2025-12-21,2026-01-13,2.9,0,0,46,0,FALSE
KXCPICOREYOY-25DEC,2025-12-22,2026-01-13,2.9,4,10000,46,0,FALSE
KXCPICOREYOY-25DEC,2025-12-23,2026-01-13,2.9,6,16,46,0,FALSE
KXCPICOREYOY-25DEC,2025-12-24,2026-01-13,2.9,6,0,46,0,FALSE
KXCPICOREYOY-25DEC,2025-12-25,2026-01-13,2.9,6,0,46,0,FALSE
KXCPICOREYOY-25DEC,2025-12-26,2026-01-13,2.9,9,20,46,0,FALSE
KXCPICOREYOY-25DEC,2025-12-27,2026-01-13,2.9,10,47,46,0,FALSE
KXCPICOREYOY-25DEC,2025-12-28,2026-01-13,2.9,10,0,46,0,FALSE
KXCPICOREYOY-25DEC,2025-12-29,2026-01-13,2.9,4,61,46,0,FALSE
KXCPICOREYOY-25DEC,2025-12-30,2026-01-13,2.9,4,0,46,0,FALSE
KXCPICOREYOY-25DEC,2025-12-31,2026-01-13,2.9,4,0,46,0,FALSE
KXCPICOREYOY-25DEC,2026-01-01,2026-01-13,2.9,8,9,46,0,FALSE
KXCPICOREYOY-25DEC,2026-01-02,2026-01-13,2.9,2,555,46,0,FALSE
KXCPICOREYOY-25DEC,2026-01-03,2026-01-13,2.9,2,0,46,0,FALSE
KXCPICOREYOY-25DEC,2026-01-04,2026-01-13,2.9,7.000000000000001,13,46,0,FALSE
KXCPICOREYOY-25DEC,2026-01-05,2026-01-13,2.9,7.000000000000001,0,46,0,FALSE
KXCPICOREYOY-25DEC,2026-01-06,2026-01-13,2.9,9,104,46,0,FALSE
KXCPICOREYOY-25DEC,2026-01-07,2026-01-13,2.9,8,83,8,6.122448979591836,FALSE
KXCPICOREYOY-25DEC,2026-01-08,2026-01-13,2.9,8,0,8,6.122448979591836,FALSE
KXCPICOREYOY-25DEC,2026-01-09,2026-01-13,2.9,6,478,46,0,FALSE
KXCPICOREYOY-25DEC,2026-01-10,2026-01-13,2.9,6,289,46,0,FALSE
KXCPICOREYOY-25DEC,2026-01-11,2026-01-13,2.9,7.000000000000001,104,7.000000000000001,2.040816326530613,FALSE
KXCPICOREYOY-25DEC,2026-01-12,2026-01-13,2.9,7.000000000000001,118,46,0,FALSE
KXCPICOREYOY-25DEC,2026-01-13,2026-01-13,2.9,6,17,46,0,FALSE
KXCPICOREYOY-25FEB,2025-02-10,2025-03-12,2.9,83,20,83,13.26530612244898,FALSE
KXCPICOREYOY-25FEB,2025-02-11,2025-03-12,2.9,83,140,83,13.26530612244898,FALSE
KXCPICOREYOY-25FEB,2025-02-12,2025-03-12,2.9,89,100,89,7.142857142857143,FALSE
KXCPICOREYOY-25FEB,2025-02-13,2025-03-12,2.9,89,0,89,8.16326530612245,FALSE
KXCPICOREYOY-25FEB,2025-02-14,2025-03-12,2.9,89,0,89,3.061224489795918,FALSE
KXCPICOREYOY-25FEB,2025-02-15,2025-03-12,2.9,89,0,89,3.061224489795918,FALSE
KXCPICOREYOY-25FEB,2025-02-16,2025-03-12,2.9,89,0,89,3.061224489795918,FALSE
KXCPICOREYOY-25FEB,2025-02-17,2025-03-12,2.9,92,20,92,6.122448979591836,FALSE
KXCPICOREYOY-25FEB,2025-02-18,2025-03-12,2.9,92,0,92,6.122448979591836,FALSE
KXCPICOREYOY-25FEB,2025-02-19,2025-03-12,2.9,92,0,92,6.122448979591836,FALSE
KXCPICOREYOY-25FEB,2025-02-20,2025-03-12,2.9,92,0,92,6.122448979591836,FALSE
KXCPICOREYOY-25FEB,2025-02-21,2025-03-12,2.9,92,2149,92,6.122448979591836,FALSE
KXCPICOREYOY-25FEB,2025-02-22,2025-03-12,2.9,97,26,97,13.26530612244898,FALSE
KXCPICOREYOY-25FEB,2025-02-23,2025-03-12,2.9,97,0,97,13.26530612244898,FALSE
KXCPICOREYOY-25FEB,2025-02-24,2025-03-12,2.9,95,60,95,7.142857142857143,FALSE
KXCPICOREYOY-25FEB,2025-02-25,2025-03-12,2.9,95,0,95,10.204081632653061,FALSE
KXCPICOREYOY-25FEB,2025-02-26,2025-03-12,2.9,95,0,95,10.204081632653061,FALSE
KXCPICOREYOY-25FEB,2025-02-27,2025-03-12,2.9,95,203,95,10.204081632653061,FALSE
KXCPICOREYOY-25FEB,2025-02-28,2025-03-12,2.9,95,0,95,10.204081632653061,FALSE
KXCPICOREYOY-25FEB,2025-03-01,2025-03-12,2.9,95,0,95,10.204081632653061,FALSE
KXCPICOREYOY-25FEB,2025-03-02,2025-03-12,2.9,95,0,95,10.204081632653061,FALSE
KXCPICOREYOY-25FEB,2025-03-03,2025-03-12,2.9,95,0,95,5.1020408163265305,FALSE
KXCPICOREYOY-25FEB,2025-03-04,2025-03-12,2.9,99,529,99,7.142857142857143,FALSE
KXCPICOREYOY-25FEB,2025-03-05,2025-03-12,2.9,94,1,94,5.1020408163265305,FALSE
KXCPICOREYOY-25FEB,2025-03-06,2025-03-12,2.9,94,0,94,5.1020408163265305,FALSE
KXCPICOREYOY-25FEB,2025-03-07,2025-03-12,2.9,94,0,94,5.1020408163265305,FALSE
KXCPICOREYOY-25FEB,2025-03-08,2025-03-12,2.9,94,0,94,1.0204081632653061,FALSE
KXCPICOREYOY-25FEB,2025-03-09,2025-03-12,2.9,94,0,94,3.061224489795918,FALSE
KXCPICOREYOY-25FEB,2025-03-10,2025-03-12,2.9,94,0,94,3.061224489795918,FALSE
KXCPICOREYOY-25FEB,2025-03-11,2025-03-12,2.9,94,200,94,3.061224489795918,FALSE
KXCPICOREYOY-25FEB,2025-03-12,2025-03-12,2.9,93,200,98,1.0204081632653061,FALSE
KXCPICOREYOY-25JAN,2025-01-13,2025-02-12,2.9,0,0,81,7.142857142857143,FALSE
KXCPICOREYOY-25JAN,2025-01-14,2025-02-12,2.9,0,0,81,7.142857142857143,FALSE
KXCPICOREYOY-25JAN,2025-01-15,2025-02-12,2.9,0,0,73,19.387755102040817,FALSE
KXCPICOREYOY-25JAN,2025-01-16,2025-02-12,2.9,0,0,73,19.387755102040817,FALSE
KXCPICOREYOY-25JAN,2025-01-17,2025-02-12,2.9,0,0,73,19.387755102040817,FALSE
KXCPICOREYOY-25JAN,2025-01-18,2025-02-12,2.9,0,0,73,19.387755102040817,FALSE
KXCPICOREYOY-25JAN,2025-01-19,2025-02-12,2.9,0,0,80,12.244897959183673,FALSE
KXCPICOREYOY-25JAN,2025-01-20,2025-02-12,2.9,0,0,82,10.204081632653061,FALSE
KXCPICOREYOY-25JAN,2025-01-21,2025-02-12,2.9,0,0,82,10.204081632653061,FALSE
KXCPICOREYOY-25JAN,2025-01-22,2025-02-12,2.9,0,0,81,11.224489795918368,FALSE
KXCPICOREYOY-25JAN,2025-01-23,2025-02-12,2.9,94,44,94,14.285714285714286,FALSE
KXCPICOREYOY-25JAN,2025-01-24,2025-02-12,2.9,93,10,93,13.26530612244898,FALSE
KXCPICOREYOY-25JAN,2025-01-25,2025-02-12,2.9,93,0,93,13.26530612244898,FALSE
KXCPICOREYOY-25JAN,2025-01-26,2025-02-12,2.9,93,0,93,13.26530612244898,FALSE
KXCPICOREYOY-25JAN,2025-01-27,2025-02-12,2.9,93,0,93,13.26530612244898,FALSE
KXCPICOREYOY-25JAN,2025-01-28,2025-02-12,2.9,93,0,93,13.26530612244898,FALSE
KXCPICOREYOY-25JAN,2025-01-29,2025-02-12,2.9,93,0,93,13.26530612244898,FALSE
KXCPICOREYOY-25JAN,2025-01-30,2025-02-12,2.9,94,893,94,14.285714285714286,FALSE
KXCPICOREYOY-25JAN,2025-01-31,2025-02-12,2.9,96,7,96,16.3265306122449,FALSE
KXCPICOREYOY-25JAN,2025-02-01,2025-02-12,2.9,97,1000,97,17.346938775510203,FALSE
KXCPICOREYOY-25JAN,2025-02-02,2025-02-12,2.9,97,0,97,11.224489795918368,FALSE
KXCPICOREYOY-25JAN,2025-02-03,2025-02-12,2.9,91,20,91,5.1020408163265305,FALSE
KXCPICOREYOY-25JAN,2025-02-04,2025-02-12,2.9,91,0,91,1.0204081632653061,FALSE
KXCPICOREYOY-25JAN,2025-02-05,2025-02-12,2.9,91,30,91,1.0204081632653061,FALSE
KXCPICOREYOY-25JAN,2025-02-06,2025-02-12,2.9,91,0,93,6.122448979591836,FALSE
KXCPICOREYOY-25JAN,2025-02-07,2025-02-12,2.9,91,0,91,7.142857142857143,FALSE
KXCPICOREYOY-25JAN,2025-02-08,2025-02-12,2.9,91,0,91,6.122448979591836,FALSE
KXCPICOREYOY-25JAN,2025-02-09,2025-02-12,2.9,91,0,91,5.1020408163265305,FALSE
KXCPICOREYOY-25JAN,2025-02-10,2025-02-12,2.9,92,20,92,4.081632653061225,FALSE
KXCPICOREYOY-25JAN,2025-02-11,2025-02-12,2.9,94,10,94,5.1020408163265305,FALSE
KXCPICOREYOY-25JAN,2025-02-12,2025-02-12,2.9,94,0,95,4.081632653061225,FALSE
KXCPICOREYOY-25JUN,2025-06-24,2025-07-15,2.9,30,0,30,20.408163265306122,FALSE
KXCPICOREYOY-25JUN,2025-06-25,2025-07-15,2.9,30,0,30,20.408163265306122,FALSE
KXCPICOREYOY-25JUN,2025-06-26,2025-07-15,2.9,30,0,30,12.244897959183673,FALSE
KXCPICOREYOY-25JUN,2025-06-27,2025-07-15,2.9,30,0,30,12.244897959183673,FALSE
KXCPICOREYOY-25JUN,2025-06-28,2025-07-15,2.9,39,464,39,21.428571428571427,FALSE
KXCPICOREYOY-25JUN,2025-06-29,2025-07-15,2.9,33,636,33,15.306122448979592,FALSE
KXCPICOREYOY-25JUN,2025-06-30,2025-07-15,2.9,33,0,33,15.306122448979592,FALSE
KXCPICOREYOY-25JUN,2025-07-01,2025-07-15,2.9,34,1863,34,14.285714285714286,FALSE
KXCPICOREYOY-25JUN,2025-07-02,2025-07-15,2.9,30,716,30,10.204081632653061,FALSE
KXCPICOREYOY-25JUN,2025-07-03,2025-07-15,2.9,41,5603,41,25.510204081632654,FALSE
KXCPICOREYOY-25JUN,2025-07-04,2025-07-15,2.9,41,0,41,26.53061224489796,FALSE
KXCPICOREYOY-25JUN,2025-07-05,2025-07-15,2.9,31,3612,31,17.346938775510203,FALSE
KXCPICOREYOY-25JUN,2025-07-06,2025-07-15,2.9,31,200,31,19.387755102040817,FALSE
KXCPICOREYOY-25JUN,2025-07-07,2025-07-15,2.9,21,10723,21,9.183673469387756,FALSE
KXCPICOREYOY-25JUN,2025-07-08,2025-07-15,2.9,34,14,34,23.46938775510204,FALSE
KXCPICOREYOY-25JUN,2025-07-09,2025-07-15,2.9,33,28,33,21.428571428571427,FALSE
KXCPICOREYOY-25JUN,2025-07-10,2025-07-15,2.9,36,3340,36,24.489795918367346,FALSE
KXCPICOREYOY-25JUN,2025-07-11,2025-07-15,2.9,30,92,30,18.367346938775512,FALSE
KXCPICOREYOY-25JUN,2025-07-12,2025-07-15,2.9,27,842,27,15.306122448979592,FALSE
KXCPICOREYOY-25JUN,2025-07-13,2025-07-15,2.9,27,224,27,15.306122448979592,FALSE
KXCPICOREYOY-25JUN,2025-07-14,2025-07-15,2.9,28.999999999999996,1211,28.999999999999996,16.326530612244895,FALSE
KXCPICOREYOY-25JUN,2025-07-15,2025-07-15,2.9,32,2012,32,26.53061224489796,FALSE
KXCPICOREYOY-25MAR,2025-03-11,2025-04-10,2.9,85,170,85,58.16326530612245,FALSE
KXCPICOREYOY-25MAR,2025-03-12,2025-04-10,2.9,68,126,68,14.285714285714286,FALSE
KXCPICOREYOY-25MAR,2025-03-13,2025-04-10,2.9,74,21,74,20.408163265306122,FALSE
KXCPICOREYOY-25MAR,2025-03-14,2025-04-10,2.9,76,38,76,29.591836734693878,FALSE
KXCPICOREYOY-25MAR,2025-03-15,2025-04-10,2.9,75,13,75,28.571428571428573,FALSE
KXCPICOREYOY-25MAR,2025-03-16,2025-04-10,2.9,75,0,75,28.571428571428573,FALSE
KXCPICOREYOY-25MAR,2025-03-17,2025-04-10,2.9,75,0,75,28.571428571428573,FALSE
KXCPICOREYOY-25MAR,2025-03-18,2025-04-10,2.9,75,0,75,28.571428571428573,FALSE
KXCPICOREYOY-25MAR,2025-03-19,2025-04-10,2.9,75,0,75,28.571428571428573,FALSE
KXCPICOREYOY-25MAR,2025-03-20,2025-04-10,2.9,75,0,75,28.571428571428573,FALSE
KXCPICOREYOY-25MAR,2025-03-21,2025-04-10,2.9,75,0,75,28.571428571428573,FALSE
KXCPICOREYOY-25MAR,2025-03-22,2025-04-10,2.9,75,1,75,28.571428571428573,FALSE
KXCPICOREYOY-25MAR,2025-03-23,2025-04-10,2.9,75,0,75,28.571428571428573,FALSE
KXCPICOREYOY-25MAR,2025-03-24,2025-04-10,2.9,75,0,75,28.571428571428573,FALSE
KXCPICOREYOY-25MAR,2025-03-25,2025-04-10,2.9,76,200,76,28.571428571428573,FALSE
KXCPICOREYOY-25MAR,2025-03-26,2025-04-10,2.9,76,0,76,30.612244897959183,FALSE
KXCPICOREYOY-25MAR,2025-03-27,2025-04-10,2.9,76,0,76,30.612244897959183,FALSE
KXCPICOREYOY-25MAR,2025-03-28,2025-04-10,2.9,76,0,76,30.612244897959183,FALSE
KXCPICOREYOY-25MAR,2025-03-29,2025-04-10,2.9,76,0,76,30.612244897959183,FALSE
KXCPICOREYOY-25MAR,2025-03-30,2025-04-10,2.9,76,0,76,30.612244897959183,FALSE
KXCPICOREYOY-25MAR,2025-03-31,2025-04-10,2.9,76,0,76,39.795918367346935,FALSE
KXCPICOREYOY-25MAR,2025-04-01,2025-04-10,2.9,76,0,76,31.632653061224488,FALSE
KXCPICOREYOY-25MAR,2025-04-02,2025-04-10,2.9,79,718,79,46.93877551020408,FALSE
KXCPICOREYOY-25MAR,2025-04-03,2025-04-10,2.9,71,1,71,38.775510204081634,FALSE
KXCPICOREYOY-25MAR,2025-04-04,2025-04-10,2.9,80,200,80,37.755102040816325,FALSE
KXCPICOREYOY-25MAR,2025-04-05,2025-04-10,2.9,71,16,71,28.571428571428573,FALSE
KXCPICOREYOY-25MAR,2025-04-06,2025-04-10,2.9,71,0,71,28.571428571428573,FALSE
KXCPICOREYOY-25MAR,2025-04-07,2025-04-10,2.9,74,1441,74,39.795918367346935,FALSE
KXCPICOREYOY-25MAR,2025-04-08,2025-04-10,2.9,80,672,80,46.93877551020408,FALSE
KXCPICOREYOY-25MAR,2025-04-09,2025-04-10,2.9,52,18652,52,41.83673469387755,FALSE
KXCPICOREYOY-25MAR,2025-04-10,2025-04-10,2.9,51,2400,51,41.83673469387755,FALSE
KXCPICOREYOY-25MAY,2025-05-14,2025-06-11,2.9,12,262,12,11.224489795918368,FALSE
KXCPICOREYOY-25MAY,2025-05-15,2025-06-11,2.9,12,0,12,11.224489795918368,FALSE
KXCPICOREYOY-25MAY,2025-05-16,2025-06-11,2.9,12,0,12,11.224489795918368,FALSE
KXCPICOREYOY-25MAY,2025-05-17,2025-06-11,2.9,12,0,12,11.224489795918368,FALSE
KXCPICOREYOY-25MAY,2025-05-18,2025-06-11,2.9,12,0,12,11.224489795918368,FALSE
KXCPICOREYOY-25MAY,2025-05-19,2025-06-11,2.9,34,147,34,33.673469387755105,FALSE
KXCPICOREYOY-25MAY,2025-05-20,2025-06-11,2.9,42,122,42,41.83673469387755,FALSE
KXCPICOREYOY-25MAY,2025-05-21,2025-06-11,2.9,44,515,44,43.87755102040816,FALSE
KXCPICOREYOY-25MAY,2025-05-22,2025-06-11,2.9,43,545,43,42.857142857142854,FALSE
KXCPICOREYOY-25MAY,2025-05-23,2025-06-11,2.9,43,40,43,42.857142857142854,FALSE
KXCPICOREYOY-25MAY,2025-05-24,2025-06-11,2.9,43,0,43,42.857142857142854,FALSE
KXCPICOREYOY-25MAY,2025-05-25,2025-06-11,2.9,43,0,43,42.857142857142854,FALSE
KXCPICOREYOY-25MAY,2025-05-26,2025-06-11,2.9,43,0,43,42.857142857142854,FALSE
KXCPICOREYOY-25MAY,2025-05-27,2025-06-11,2.9,41,474,41,40.816326530612244,FALSE
KXCPICOREYOY-25MAY,2025-05-28,2025-06-11,2.9,40,477,40,39.795918367346935,FALSE
KXCPICOREYOY-25MAY,2025-05-29,2025-06-11,2.9,40,0,40,39.795918367346935,FALSE
KXCPICOREYOY-25MAY,2025-05-30,2025-06-11,2.9,40,0,40,39.795918367346935,FALSE
KXCPICOREYOY-25MAY,2025-05-31,2025-06-11,2.9,38,400,38,37.755102040816325,FALSE
KXCPICOREYOY-25MAY,2025-06-01,2025-06-11,2.9,28.999999999999996,41,28.999999999999996,26.530612244897956,FALSE
KXCPICOREYOY-25MAY,2025-06-02,2025-06-11,2.9,34,10,34,32.6530612244898,FALSE
KXCPICOREYOY-25MAY,2025-06-03,2025-06-11,2.9,32,140,32,26.53061224489796,FALSE
KXCPICOREYOY-25MAY,2025-06-04,2025-06-11,2.9,30,20,30,24.489795918367346,FALSE
KXCPICOREYOY-25MAY,2025-06-05,2025-06-11,2.9,30,0,30,24.489795918367346,FALSE
KXCPICOREYOY-25MAY,2025-06-06,2025-06-11,2.9,28.000000000000004,505,28.000000000000004,22.44897959183674,FALSE
KXCPICOREYOY-25MAY,2025-06-07,2025-06-11,2.9,30,493,30,24.489795918367346,FALSE
KXCPICOREYOY-25MAY,2025-06-08,2025-06-11,2.9,25,92,25,19.387755102040817,FALSE
KXCPICOREYOY-25MAY,2025-06-09,2025-06-11,2.9,19,2058,19,13.26530612244898,FALSE
KXCPICOREYOY-25MAY,2025-06-10,2025-06-11,2.9,17,373,17,11.224489795918368,FALSE
KXCPICOREYOY-25MAY,2025-06-11,2025-06-11,2.9,13,763,13,7.142857142857143,FALSE
KXCPICOREYOY-25NOV,2025-11-18,2025-12-18,2.9,67,82,67,17.346938775510203,FALSE
KXCPICOREYOY-25NOV,2025-11-19,2025-12-18,2.9,67,28,67,15.306122448979592,FALSE
KXCPICOREYOY-25NOV,2025-11-20,2025-12-18,2.9,67,0,67,13.26530612244898,FALSE
KXCPICOREYOY-25NOV,2025-11-21,2025-12-18,2.9,75,1,75,27.551020408163264,FALSE
KXCPICOREYOY-25NOV,2025-11-22,2025-12-18,2.9,67,1,67,20.408163265306122,FALSE
KXCPICOREYOY-25NOV,2025-11-23,2025-12-18,2.9,67,0,67,16.3265306122449,FALSE
KXCPICOREYOY-25NOV,2025-11-24,2025-12-18,2.9,74,46,74,24.489795918367346,FALSE
KXCPICOREYOY-25NOV,2025-11-25,2025-12-18,2.9,73,419,73,33.673469387755105,FALSE
KXCPICOREYOY-25NOV,2025-11-26,2025-12-18,2.9,69,96,69,24.489795918367346,FALSE
KXCPICOREYOY-25NOV,2025-11-27,2025-12-18,2.9,67,54,67,28.571428571428573,FALSE
KXCPICOREYOY-25NOV,2025-11-28,2025-12-18,2.9,71,1,71,25.510204081632654,FALSE
KXCPICOREYOY-25NOV,2025-11-29,2025-12-18,2.9,71,0,71,25.510204081632654,FALSE
KXCPICOREYOY-25NOV,2025-11-30,2025-12-18,2.9,71,0,71,25.510204081632654,FALSE
KXCPICOREYOY-25NOV,2025-12-01,2025-12-18,2.9,71,800,71,35.714285714285715,FALSE
KXCPICOREYOY-25NOV,2025-12-02,2025-12-18,2.9,74,478,74,36.734693877551024,FALSE
KXCPICOREYOY-25NOV,2025-12-03,2025-12-18,2.9,71,25639,71,32.6530612244898,FALSE
KXCPICOREYOY-25NOV,2025-12-04,2025-12-18,2.9,67,25355,67,29.591836734693878,FALSE
KXCPICOREYOY-25OCT,2025-10-15,2025-11-13,2.9,0,0,68,31.632653061224488,FALSE
KXCPICOREYOY-25OCT,2025-10-16,2025-11-13,2.9,88,268,88,20.408163265306122,FALSE
KXCPICOREYOY-25OCT,2025-10-17,2025-11-13,2.9,88,0,88,20.408163265306122,FALSE
KXCPICOREYOY-25OCT,2025-10-18,2025-11-13,2.9,88,0,88,30.612244897959194,FALSE
KXCPICOREYOY-25OCT,2025-10-19,2025-11-13,2.9,88,0,88,30.612244897959194,FALSE
KXCPICOREYOY-25OCT,2025-10-20,2025-11-13,2.9,87,50,87,29.591836734693885,FALSE
KXCPICOREYOY-25OCT,2025-10-21,2025-11-13,2.9,87,10,87,29.591836734693885,FALSE
KXCPICOREYOY-25OCT,2025-10-22,2025-11-13,2.9,87,0,87,29.591836734693885,FALSE
KXCPICOREYOY-25OCT,2025-10-23,2025-11-13,2.9,85,293,85,29.591836734693867,FALSE
KXCPICOREYOY-25OCT,2025-10-24,2025-11-13,2.9,84,60,84,36.734693877551024,FALSE
KXCPICOREYOY-25OCT,2025-10-25,2025-11-13,2.9,84,0,84,24.489795918367346,FALSE
KXCPICOREYOY-25OCT,2025-10-26,2025-11-13,2.9,84,0,84,19.387755102040817,FALSE
KXCPICOREYOY-25OCT,2025-10-27,2025-11-13,2.9,89,273,89,30.612244897959183,FALSE
KXCPICOREYOY-25OCT,2025-10-28,2025-11-13,2.9,90,5,90,28.571428571428573,FALSE
KXCPICOREYOY-25OCT,2025-10-29,2025-11-13,2.9,90,0,90,26.53061224489796,FALSE
KXCPICOREYOY-25OCT,2025-10-30,2025-11-13,2.9,88,50,88,26.53061224489796,FALSE
KXCPICOREYOY-25OCT,2025-10-31,2025-11-13,2.9,88,0,88,26.53061224489796,FALSE
KXCPICOREYOY-25OCT,2025-11-01,2025-11-13,2.9,88,0,88,26.53061224489796,FALSE
KXCPICOREYOY-25OCT,2025-11-02,2025-11-13,2.9,74,149,74,18.367346938775505,FALSE
KXCPICOREYOY-25OCT,2025-11-03,2025-11-13,2.9,79,96,79,30.612244897959183,FALSE
KXCPICOREYOY-25OCT,2025-11-04,2025-11-13,2.9,79,0,79,30.612244897959183,FALSE
KXCPICOREYOY-25OCT,2025-11-05,2025-11-13,2.9,79,0,79,30.612244897959183,FALSE
KXCPICOREYOY-25OCT,2025-11-06,2025-11-13,2.9,79,0,79,30.612244897959183,FALSE
KXCPICOREYOY-25OCT,2025-11-07,2025-11-13,2.9,79,0,79,28.571428571428573,FALSE
KXCPICOREYOY-25OCT,2025-11-08,2025-11-13,2.9,79,0,79,28.571428571428573,FALSE
KXCPICOREYOY-25OCT,2025-11-09,2025-11-13,2.9,79,0,79,28.571428571428573,FALSE
KXCPICOREYOY-25OCT,2025-11-10,2025-11-13,2.9,79,4,79,22.448979591836743,FALSE
KXCPICOREYOY-25OCT,2025-11-11,2025-11-13,2.9,83,595,83,27.551020408163257,FALSE
KXCPICOREYOY-25OCT,2025-11-12,2025-11-13,2.9,83,3,83,9.183673469387756,FALSE
KXCPICOREYOY-25OCT,2025-11-13,2025-11-13,2.9,83,0,85,0,FALSE
KXCPICOREYOY-26APR,2026-04-12,2026-05-12,2.9,6,0,6,1.0204081632653061,FALSE
KXCPICOREYOY-26APR,2026-04-13,2026-05-12,2.9,7.000000000000001,13.41,7.000000000000001,2.040816326530613,FALSE
KXCPICOREYOY-26APR,2026-04-14,2026-05-12,2.9,7.000000000000001,0,7.000000000000001,2.040816326530613,FALSE
KXCPICOREYOY-26APR,2026-04-15,2026-05-12,2.9,7.000000000000001,0,7.000000000000001,2.040816326530613,FALSE
KXCPICOREYOY-26APR,2026-04-16,2026-05-12,2.9,7.000000000000001,0,7.000000000000001,2.040816326530613,FALSE
KXCPICOREYOY-26APR,2026-04-17,2026-05-12,2.9,7.000000000000001,0,7.000000000000001,2.040816326530613,FALSE
KXCPICOREYOY-26APR,2026-04-18,2026-05-12,2.9,2,202,2,1.0204081632653061,FALSE
KXCPICOREYOY-26APR,2026-04-19,2026-05-12,2.9,2,0,2,1.0204081632653061,FALSE
KXCPICOREYOY-26APR,2026-04-20,2026-05-12,2.9,2,0,2,1.0204081632653061,FALSE
KXCPICOREYOY-26APR,2026-04-21,2026-05-12,2.9,2,0,2,1.0204081632653061,FALSE
KXCPICOREYOY-26APR,2026-04-22,2026-05-12,2.9,2,0,2,1.0204081632653061,FALSE
KXCPICOREYOY-26APR,2026-04-23,2026-05-12,2.9,2,0,2,1.0204081632653061,FALSE
KXCPICOREYOY-26APR,2026-04-24,2026-05-12,2.9,2,0,2,1.0204081632653061,FALSE
KXCPICOREYOY-26APR,2026-04-25,2026-05-12,2.9,2,0,2,1.0204081632653061,FALSE
KXCPICOREYOY-26APR,2026-04-26,2026-05-12,2.9,5,10,5,3.061224489795918,FALSE
KXCPICOREYOY-26APR,2026-04-27,2026-05-12,2.9,3,20,3,1.0204081632653061,FALSE
KXCPICOREYOY-26APR,2026-04-28,2026-05-12,2.9,3,0,3,1.0204081632653061,FALSE
KXCPICOREYOY-26APR,2026-04-29,2026-05-12,2.9,3,0,3,1.0204081632653061,FALSE
KXCPICOREYOY-26APR,2026-04-30,2026-05-12,2.9,2,2500,2,1.0204081632653061,FALSE
KXCPICOREYOY-26APR,2026-05-01,2026-05-12,2.9,6,108,6,3.061224489795918,FALSE
KXCPICOREYOY-26APR,2026-05-02,2026-05-12,2.9,6,0,6,3.061224489795918,FALSE
KXCPICOREYOY-26APR,2026-05-03,2026-05-12,2.9,6,0,6,3.061224489795918,FALSE
KXCPICOREYOY-26APR,2026-05-04,2026-05-12,2.9,6,0,6,3.061224489795918,FALSE
KXCPICOREYOY-26APR,2026-05-05,2026-05-12,2.9,6,0,6,3.061224489795918,FALSE
KXCPICOREYOY-26APR,2026-05-06,2026-05-12,2.9,6,0,6,3.061224489795918,FALSE
KXCPICOREYOY-26APR,2026-05-07,2026-05-12,2.9,6,0,6,3.061224489795918,FALSE
KXCPICOREYOY-26APR,2026-05-08,2026-05-12,2.9,6,0,6,3.061224489795918,FALSE
KXCPICOREYOY-26APR,2026-05-09,2026-05-12,2.9,6,0,6,3.061224489795918,FALSE
KXCPICOREYOY-26APR,2026-05-10,2026-05-12,2.9,6,0,6,3.061224489795918,FALSE
KXCPICOREYOY-26APR,2026-05-11,2026-05-12,2.9,6,0,3,1.0204081632653061,FALSE
KXCPICOREYOY-26APR,2026-05-12,2026-05-12,2.9,6,0,2,0,FALSE
KXCPICOREYOY-26AUG,2026-07-04,2026-08-03,2.9,0,0,22,0,FALSE
KXCPICOREYOY-26AUG,2026-07-05,2026-08-03,2.9,0,0,22,0,FALSE
KXCPICOREYOY-26AUG,2026-07-06,2026-08-03,2.9,0,0,22,0,FALSE
KXCPICOREYOY-26AUG,2026-07-07,2026-08-03,2.9,0,0,22,0,FALSE
KXCPICOREYOY-26AUG,2026-07-08,2026-08-03,2.9,98,2000,5,0,FALSE
KXCPICOREYOY-26AUG,2026-07-09,2026-08-03,2.9,98,0,5,0,FALSE
KXCPICOREYOY-26AUG,2026-07-10,2026-08-03,2.9,98,0,5,0,FALSE
KXCPICOREYOY-26AUG,2026-07-11,2026-08-03,2.9,98,0,5,0,FALSE
KXCPICOREYOY-26AUG,2026-07-12,2026-08-03,2.9,98,0,5,0,FALSE
KXCPICOREYOY-26AUG,2026-07-13,2026-08-03,2.9,98,0,5,0,FALSE
KXCPICOREYOY-26AUG,2026-07-14,2026-08-03,2.9,98,0,5,0,FALSE
KXCPICOREYOY-26AUG,2026-07-15,2026-08-03,2.9,98,0,5,0,FALSE
KXCPICOREYOY-26AUG,2026-07-16,2026-08-03,2.9,9,538,8,0,FALSE
KXCPICOREYOY-26AUG,2026-07-17,2026-08-03,2.9,9,0,8,0,FALSE
KXCPICOREYOY-26AUG,2026-07-18,2026-08-03,2.9,9,0,8,0,FALSE
KXCPICOREYOY-26AUG,2026-07-19,2026-08-03,2.9,9,0,8,0,FALSE
KXCPICOREYOY-26AUG,2026-07-20,2026-08-03,2.9,9,0,8,0,FALSE
KXCPICOREYOY-26AUG,2026-07-21,2026-08-03,2.9,9,0,8,0,FALSE
KXCPICOREYOY-26AUG,2026-07-22,2026-08-03,2.9,9,0,8,0,FALSE
KXCPICOREYOY-26AUG,2026-07-23,2026-08-03,2.9,9,0,8,0,FALSE
KXCPICOREYOY-26AUG,2026-07-24,2026-08-03,2.9,9,0,8,0,FALSE
KXCPICOREYOY-26AUG,2026-07-25,2026-08-03,2.9,9,0,8,0,FALSE
KXCPICOREYOY-26AUG,2026-07-26,2026-08-03,2.9,9,0,8,0,FALSE
KXCPICOREYOY-26AUG,2026-07-27,2026-08-03,2.9,9,0,8,0,FALSE
KXCPICOREYOY-26AUG,2026-07-28,2026-08-03,2.9,9,0,8,0,FALSE
KXCPICOREYOY-26AUG,2026-07-29,2026-08-03,2.9,9,0,8,0,FALSE
KXCPICOREYOY-26AUG,2026-07-30,2026-08-03,2.9,9,0,8,0,FALSE
KXCPICOREYOY-26AUG,2026-07-31,2026-08-03,2.9,9,0,8,0,FALSE
KXCPICOREYOY-26AUG,2026-08-01,2026-08-03,2.9,9,0,8,0,FALSE
KXCPICOREYOY-26AUG,2026-08-02,2026-08-03,2.9,9,0,8,0,FALSE
KXCPICOREYOY-26AUG,2026-08-03,2026-08-03,2.9,9,0,8,0,FALSE
KXCPICOREYOY-26FEB,2026-02-12,2026-03-11,2.9,0,0,19,0,FALSE
KXCPICOREYOY-26FEB,2026-02-13,2026-03-11,2.9,6,244,6,0,FALSE
KXCPICOREYOY-26FEB,2026-02-14,2026-03-11,2.9,6,0,1,0,FALSE
KXCPICOREYOY-26FEB,2026-02-15,2026-03-11,2.9,6,0,1,0,FALSE
KXCPICOREYOY-26FEB,2026-02-16,2026-03-11,2.9,6,0,1,0,FALSE
KXCPICOREYOY-26FEB,2026-03-06,2026-03-11,2.9,1,0,1,0,FALSE
KXCPICOREYOY-26FEB,2026-03-07,2026-03-11,2.9,1,0,1,0,FALSE
KXCPICOREYOY-26FEB,2026-03-08,2026-03-11,2.9,8,1,4,0,FALSE
KXCPICOREYOY-26FEB,2026-03-09,2026-03-11,2.9,3,50,3,2.0408163265306123,FALSE
KXCPICOREYOY-26FEB,2026-03-10,2026-03-11,2.9,3,225,3,0,FALSE
KXCPICOREYOY-26FEB,2026-03-11,2026-03-11,2.9,3,0,2,0,FALSE
KXCPICOREYOY-26JAN,2026-01-15,2026-02-13,2.9,18,136,18,8.16326530612245,FALSE
KXCPICOREYOY-26JAN,2026-01-16,2026-02-13,2.9,18,0,18,8.16326530612245,FALSE
KXCPICOREYOY-26JAN,2026-01-17,2026-02-13,2.9,18,0,18,8.16326530612245,FALSE
KXCPICOREYOY-26JAN,2026-01-18,2026-02-13,2.9,20,47,20,9.183673469387756,FALSE
KXCPICOREYOY-26JAN,2026-01-19,2026-02-13,2.9,28.000000000000004,17,28.000000000000004,8.16326530612245,FALSE
KXCPICOREYOY-26JAN,2026-01-20,2026-02-13,2.9,21,110,21,7.142857142857141,FALSE
KXCPICOREYOY-26JAN,2026-01-21,2026-02-13,2.9,21,45,21,7.142857142857141,FALSE
KXCPICOREYOY-26JAN,2026-01-22,2026-02-13,2.9,21,0,18,13.265306122448981,FALSE
KXCPICOREYOY-26JAN,2026-01-23,2026-02-13,2.9,21,0,15,13.265306122448981,FALSE
KXCPICOREYOY-26JAN,2026-01-24,2026-02-13,2.9,21,0,15,13.265306122448981,FALSE
KXCPICOREYOY-26JAN,2026-01-25,2026-02-13,2.9,11,100,7.000000000000001,0,FALSE
KXCPICOREYOY-26JAN,2026-01-26,2026-02-13,2.9,11,0,7.000000000000001,0,FALSE
KXCPICOREYOY-26JAN,2026-01-27,2026-02-13,2.9,12,810,12,7.142857142857143,FALSE
KXCPICOREYOY-26JAN,2026-01-28,2026-02-13,2.9,12,0,12,1.0204081632653061,FALSE
KXCPICOREYOY-26JAN,2026-01-29,2026-02-13,2.9,12,0,12,8.16326530612245,FALSE
KXCPICOREYOY-26JAN,2026-01-30,2026-02-13,2.9,11,13,11,4.081632653061224,FALSE
KXCPICOREYOY-26JAN,2026-01-31,2026-02-13,2.9,11,0,11,4.081632653061224,FALSE
KXCPICOREYOY-26JAN,2026-02-01,2026-02-13,2.9,11,0,11,4.081632653061224,FALSE
KXCPICOREYOY-26JAN,2026-02-02,2026-02-13,2.9,9,24,9,2.0408163265306114,FALSE
KXCPICOREYOY-26JAN,2026-02-03,2026-02-13,2.9,9,0,9,2.0408163265306114,FALSE
KXCPICOREYOY-26JAN,2026-02-04,2026-02-13,2.9,1,64,1,0,FALSE
KXCPICOREYOY-26JAN,2026-02-05,2026-02-13,2.9,2,556,2,1.0204081632653061,FALSE
KXCPICOREYOY-26JAN,2026-02-06,2026-02-13,2.9,8,11,1,0,FALSE
KXCPICOREYOY-26JAN,2026-02-07,2026-02-13,2.9,8,0,8,1.0204081632653053,FALSE
KXCPICOREYOY-26JAN,2026-02-08,2026-02-13,2.9,8,0,8,1.0204081632653053,FALSE
KXCPICOREYOY-26JAN,2026-02-09,2026-02-13,2.9,2,645,2,1.0204081632653061,FALSE
KXCPICOREYOY-26JAN,2026-02-10,2026-02-13,2.9,1,1031,1,0,FALSE
KXCPICOREYOY-26JAN,2026-02-11,2026-02-13,2.9,10,603,3,0,FALSE
KXCPICOREYOY-26JAN,2026-02-12,2026-02-13,2.9,10,0,2,0,FALSE
KXCPICOREYOY-26JAN,2026-02-13,2026-02-13,2.9,50,2,50,43.87755102040816,FALSE
KXCPICOREYOY-26JUL,2026-07-10,2026-08-05,2.9,24,2000,24,5.1020408163265305,FALSE
KXCPICOREYOY-26JUL,2026-07-11,2026-08-05,2.9,24,0,24,5.1020408163265305,FALSE
KXCPICOREYOY-26JUL,2026-07-12,2026-08-05,2.9,22,0.43,22,3.061224489795918,FALSE
KXCPICOREYOY-26JUL,2026-07-16,2026-08-05,2.9,9,0,3,0,FALSE
KXCPICOREYOY-26JUL,2026-07-17,2026-08-05,2.9,9,0,3,0,FALSE
KXCPICOREYOY-26JUL,2026-07-18,2026-08-05,2.9,9,0,3,0,FALSE
KXCPICOREYOY-26JUL,2026-07-19,2026-08-05,2.9,9,0,9,1.0204081632653061,FALSE
KXCPICOREYOY-26JUL,2026-07-20,2026-08-05,2.9,9,0,8,0,FALSE
KXCPICOREYOY-26JUL,2026-07-21,2026-08-05,2.9,5,20,5,3.061224489795918,FALSE
KXCPICOREYOY-26JUL,2026-07-22,2026-08-05,2.9,5,0,5,0,FALSE
KXCPICOREYOY-26JUL,2026-07-23,2026-08-05,2.9,5,0,5,1.0204081632653061,FALSE
KXCPICOREYOY-26JUL,2026-07-24,2026-08-05,2.9,6,312.75,6,0,FALSE
KXCPICOREYOY-26JUL,2026-07-25,2026-08-05,2.9,4,23.42,4,0,FALSE
KXCPICOREYOY-26JUL,2026-07-26,2026-08-05,2.9,4,0,4,0,FALSE
KXCPICOREYOY-26JUL,2026-07-27,2026-08-05,2.9,4,0,4,0,FALSE
KXCPICOREYOY-26JUL,2026-07-28,2026-08-05,2.9,4,0,2,0,FALSE
KXCPICOREYOY-26JUL,2026-07-29,2026-08-05,2.9,4,0,2,0,FALSE
KXCPICOREYOY-26JUL,2026-07-30,2026-08-05,2.9,4,0,2,0,FALSE
KXCPICOREYOY-26JUL,2026-07-31,2026-08-05,2.9,4,0,2,0,FALSE
KXCPICOREYOY-26JUL,2026-08-01,2026-08-05,2.9,4,0,2,0,FALSE
KXCPICOREYOY-26JUL,2026-08-02,2026-08-05,2.9,4,0,2,0,FALSE
KXCPICOREYOY-26JUL,2026-08-03,2026-08-05,2.9,4,0,2,0,FALSE
KXCPICOREYOY-26JUL,2026-08-04,2026-08-05,2.9,4,0,2,0,FALSE
KXCPICOREYOY-26JUL,2026-08-05,2026-08-05,2.9,4,0,2,0,FALSE
KXCPICOREYOY-26JUN,2026-06-14,2026-07-14,2.9,2,0,2,1.0204081632653061,FALSE
KXCPICOREYOY-26JUN,2026-06-15,2026-07-14,2.9,2,0,2,1.0204081632653061,FALSE
KXCPICOREYOY-26JUN,2026-06-16,2026-07-14,2.9,2,0,27,5.1020408163265305,FALSE
KXCPICOREYOY-26JUN,2026-06-17,2026-07-14,2.9,2,0,21,17.346938775510203,FALSE
KXCPICOREYOY-26JUN,2026-06-18,2026-07-14,2.9,2,0,2,1.0204081632653061,FALSE
KXCPICOREYOY-26JUN,2026-06-19,2026-07-14,2.9,2,0,2,1.0204081632653061,FALSE
KXCPICOREYOY-26JUN,2026-06-20,2026-07-14,2.9,2,5,2,1.0204081632653061,FALSE
KXCPICOREYOY-26JUN,2026-06-21,2026-07-14,2.9,2,0,22,2.0408163265306123,FALSE
KXCPICOREYOY-26JUN,2026-06-22,2026-07-14,2.9,2,0,7.000000000000001,3.061224489795918,FALSE
KXCPICOREYOY-26JUN,2026-06-23,2026-07-14,2.9,2,0,7.000000000000001,3.061224489795918,FALSE
KXCPICOREYOY-26JUN,2026-06-24,2026-07-14,2.9,2,0,7.000000000000001,3.061224489795918,FALSE
KXCPICOREYOY-26JUN,2026-06-25,2026-07-14,2.9,2,0,2,0,FALSE
KXCPICOREYOY-26JUN,2026-06-26,2026-07-14,2.9,2,0,2,0,FALSE
KXCPICOREYOY-26JUN,2026-06-27,2026-07-14,2.9,2,0,7.000000000000001,0,FALSE
KXCPICOREYOY-26JUN,2026-06-28,2026-07-14,2.9,50,3.86,50,43.87755102040816,FALSE
KXCPICOREYOY-26JUN,2026-07-07,2026-07-14,2.9,16,0,16,10.204081632653061,FALSE
KXCPICOREYOY-26JUN,2026-07-08,2026-07-14,2.9,5,683.98,5,2.0408163265306123,FALSE
KXCPICOREYOY-26JUN,2026-07-09,2026-07-14,2.9,3,4,3,2.0408163265306123,FALSE
KXCPICOREYOY-26JUN,2026-07-10,2026-07-14,2.9,7.000000000000001,3,7.000000000000001,3.0612244897959195,FALSE
KXCPICOREYOY-26JUN,2026-07-11,2026-07-14,2.9,8,58.71,8,7.142857142857143,FALSE
KXCPICOREYOY-26JUN,2026-07-12,2026-07-14,2.9,3,86,3,2.0408163265306123,FALSE
KXCPICOREYOY-26JUN,2026-07-13,2026-07-14,2.9,5,912.73,5,4.081632653061225,FALSE
KXCPICOREYOY-26JUN,2026-07-14,2026-07-14,2.9,3,233.04,3,2.0408163265306123,FALSE
KXCPICOREYOY-26MAR,2026-03-11,2026-04-10,2.9,11,1,11,8.16326530612245,FALSE
KXCPICOREYOY-26MAR,2026-03-12,2026-04-10,2.9,13,14,13,10.204081632653061,FALSE
KXCPICOREYOY-26MAR,2026-03-13,2026-04-10,2.9,2,1,2,1.0204081632653061,FALSE
KXCPICOREYOY-26MAR,2026-03-14,2026-04-10,2.9,2,0,2,1.0204081632653061,FALSE
KXCPICOREYOY-26MAR,2026-03-15,2026-04-10,2.9,4,1,4,1.0204081632653061,FALSE
KXCPICOREYOY-26MAR,2026-03-16,2026-04-10,2.9,4,0,4,1.0204081632653061,FALSE
KXCPICOREYOY-26MAR,2026-03-17,2026-04-10,2.9,4,0,4,1.0204081632653061,FALSE
KXCPICOREYOY-26MAR,2026-03-18,2026-04-10,2.9,9,1,8,2.0408163265306123,FALSE
KXCPICOREYOY-26MAR,2026-03-19,2026-04-10,2.9,32,980,32,26.53061224489796,FALSE
KXCPICOREYOY-26MAR,2026-03-20,2026-04-10,2.9,31,1762,31,12.244897959183673,FALSE
KXCPICOREYOY-26MAR,2026-03-21,2026-04-10,2.9,64,1756,64,27.551020408163264,FALSE
KXCPICOREYOY-26MAR,2026-03-22,2026-04-10,2.9,26,50,26,20.408163265306122,FALSE
KXCPICOREYOY-26MAR,2026-03-23,2026-04-10,2.9,5,1006,33,0,FALSE
KXCPICOREYOY-26MAR,2026-03-24,2026-04-10,2.9,5,0,5,1.0204081632653061,FALSE
KXCPICOREYOY-26MAR,2026-03-25,2026-04-10,2.9,3,2235,1,0,FALSE
KXCPICOREYOY-26MAR,2026-03-26,2026-04-10,2.9,3,0,1,0,FALSE
KXCPICOREYOY-26MAR,2026-03-27,2026-04-10,2.9,6,10,3,0,FALSE
KXCPICOREYOY-26MAR,2026-03-28,2026-04-10,2.9,6,0,6,1.0204081632653061,FALSE
KXCPICOREYOY-26MAR,2026-03-29,2026-04-10,2.9,6,0,6,1.0204081632653061,FALSE
KXCPICOREYOY-26MAR,2026-03-30,2026-04-10,2.9,6,0,6,4.081632653061225,FALSE
KXCPICOREYOY-26MAR,2026-03-31,2026-04-10,2.9,6,0,6,4.081632653061225,FALSE
KXCPICOREYOY-26MAR,2026-04-01,2026-04-10,2.9,6,0,5,0,FALSE
KXCPICOREYOY-26MAR,2026-04-02,2026-04-10,2.9,7.000000000000001,1,2,0,FALSE
KXCPICOREYOY-26MAR,2026-04-03,2026-04-10,2.9,7.000000000000001,0,7.000000000000001,1.020408163265307,FALSE
KXCPICOREYOY-26MAR,2026-04-04,2026-04-10,2.9,4,607,4,3.061224489795918,FALSE
KXCPICOREYOY-26MAR,2026-04-05,2026-04-10,2.9,6,26,3,0,FALSE
KXCPICOREYOY-26MAR,2026-04-06,2026-04-10,2.9,6,0,3,0,FALSE
KXCPICOREYOY-26MAR,2026-04-07,2026-04-10,2.9,6,0,3,0,FALSE
KXCPICOREYOY-26MAR,2026-04-08,2026-04-10,2.9,6,0,5,0,FALSE
KXCPICOREYOY-26MAR,2026-04-09,2026-04-10,2.9,8,154.12,5,0,FALSE
KXCPICOREYOY-26MAR,2026-04-10,2026-04-10,2.9,8,0,8,7.142857142857143,FALSE
KXCPICOREYOY-26MAY,2026-06-08,2026-06-10,2.9,14.000000000000002,436.75,14.000000000000002,11.22448979591837,FALSE
KXCPICOREYOY-26MAY,2026-06-09,2026-06-10,2.9,9,345.16,9,8.16326530612245,FALSE
KXCPICOREYOY-26MAY,2026-06-10,2026-06-10,2.9,4,2020.32,4,2.0408163265306123,FALSE
KXCPICOREYOY-26NOV,2026-07-08,2026-08-05,2.9,70,2002,70,22.448979591836736,FALSE
KXCPICOREYOY-26NOV,2026-07-09,2026-08-05,2.9,70,0,70,22.448979591836736,FALSE
KXCPICOREYOY-26NOV,2026-07-10,2026-08-05,2.9,70,0,70,22.448979591836736,FALSE
KXCPICOREYOY-26NOV,2026-07-11,2026-08-05,2.9,70,0,70,22.448979591836736,FALSE
KXCPICOREYOY-26NOV,2026-07-12,2026-08-05,2.9,70,0,70,22.448979591836736,FALSE
KXCPICOREYOY-26NOV,2026-07-13,2026-08-05,2.9,70,0,70,22.448979591836736,FALSE
KXCPICOREYOY-26NOV,2026-07-14,2026-08-05,2.9,70,0,70,22.448979591836736,FALSE
KXCPICOREYOY-26NOV,2026-07-15,2026-08-05,2.9,70,0,70,22.448979591836736,FALSE
KXCPICOREYOY-26NOV,2026-07-16,2026-08-05,2.9,70,0,70,22.448979591836736,FALSE
KXCPICOREYOY-26NOV,2026-07-17,2026-08-05,2.9,70,0,70,22.448979591836736,FALSE
KXCPICOREYOY-26NOV,2026-07-18,2026-08-05,2.9,70,0,70,22.448979591836736,FALSE
KXCPICOREYOY-26NOV,2026-07-19,2026-08-05,2.9,70,0,70,5.1020408163265305,FALSE
KXCPICOREYOY-26NOV,2026-07-20,2026-08-05,2.9,70,0,70,5.1020408163265305,FALSE
KXCPICOREYOY-26NOV,2026-07-21,2026-08-05,2.9,70,0,70,5.1020408163265305,FALSE
KXCPICOREYOY-26NOV,2026-07-22,2026-08-05,2.9,70,0,70,5.1020408163265305,FALSE
KXCPICOREYOY-26NOV,2026-07-23,2026-08-05,2.9,70,0,70,27.551020408163264,FALSE
KXCPICOREYOY-26NOV,2026-07-24,2026-08-05,2.9,70,0,70,27.551020408163264,FALSE
KXCPICOREYOY-26NOV,2026-07-25,2026-08-05,2.9,70,0,70,27.551020408163264,FALSE
KXCPICOREYOY-26NOV,2026-07-26,2026-08-05,2.9,70,0,70,27.551020408163264,FALSE
KXCPICOREYOY-26NOV,2026-07-27,2026-08-05,2.9,70,0,79,1.0204081632653061,FALSE
KXCPICOREYOY-26NOV,2026-07-28,2026-08-05,2.9,70,0,70,29.591836734693878,FALSE
KXCPICOREYOY-26NOV,2026-07-29,2026-08-05,2.9,70,0,70,29.591836734693878,FALSE
KXCPICOREYOY-26NOV,2026-07-30,2026-08-05,2.9,70,0,70,29.591836734693878,FALSE
KXCPICOREYOY-26NOV,2026-07-31,2026-08-05,2.9,70,0,70,29.591836734693878,FALSE
KXCPICOREYOY-26NOV,2026-08-01,2026-08-05,2.9,70,0,70,29.591836734693878,FALSE
KXCPICOREYOY-26NOV,2026-08-02,2026-08-05,2.9,70,0,70,29.591836734693878,FALSE
KXCPICOREYOY-26NOV,2026-08-03,2026-08-05,2.9,70,0,70,29.591836734693878,FALSE
KXCPICOREYOY-26NOV,2026-08-04,2026-08-05,2.9,70,0,70,29.591836734693878,FALSE
KXCPICOREYOY-26NOV,2026-08-05,2026-08-05,2.9,70,0,70,29.591836734693878,FALSE
KXCPICOREYOY-26SEP,2026-07-08,2026-08-05,2.9,0,0,1,0,FALSE
KXCPICOREYOY-26SEP,2026-07-09,2026-08-05,2.9,0,0,35,0,FALSE
KXCPICOREYOY-26SEP,2026-07-10,2026-08-05,2.9,0,0,35,0,FALSE
KXCPICOREYOY-26SEP,2026-07-11,2026-08-05,2.9,0,0,35,0,FALSE
KXCPICOREYOY-26SEP,2026-07-12,2026-08-05,2.9,0,0,35,0,FALSE
KXCPICOREYOY-26SEP,2026-07-13,2026-08-05,2.9,0,0,35,0,FALSE
KXCPICOREYOY-26SEP,2026-07-14,2026-08-05,2.9,37,10,37,0,FALSE
KXCPICOREYOY-26SEP,2026-07-15,2026-08-05,2.9,37,0,37,0,FALSE
KXCPICOREYOY-26SEP,2026-07-16,2026-08-05,2.9,37,0,37,0,FALSE
KXCPICOREYOY-26SEP,2026-07-17,2026-08-05,2.9,37,0,37,0,FALSE
KXCPICOREYOY-26SEP,2026-07-18,2026-08-05,2.9,37,0,37,0,FALSE
KXCPICOREYOY-26SEP,2026-07-19,2026-08-05,2.9,37,0,37,0,FALSE
KXCPICOREYOY-26SEP,2026-07-20,2026-08-05,2.9,37,0,37,0,FALSE
KXCPICOREYOY-26SEP,2026-07-21,2026-08-05,2.9,37,0,37,0,FALSE
KXCPICOREYOY-26SEP,2026-07-22,2026-08-05,2.9,37,0,37,0,FALSE
KXCPICOREYOY-26SEP,2026-07-23,2026-08-05,2.9,37,0,37,0,FALSE
KXCPICOREYOY-26SEP,2026-07-24,2026-08-05,2.9,37,0,37,0,FALSE
KXCPICOREYOY-26SEP,2026-07-25,2026-08-05,2.9,37,0,37,0,FALSE
KXCPICOREYOY-26SEP,2026-07-26,2026-08-05,2.9,37,0,37,0,FALSE
KXCPICOREYOY-26SEP,2026-07-27,2026-08-05,2.9,37,0,37,0,FALSE
KXCPICOREYOY-26SEP,2026-07-28,2026-08-05,2.9,37,0,1,0,FALSE
KXCPICOREYOY-26SEP,2026-07-29,2026-08-05,2.9,37,0,1,0,FALSE
KXCPICOREYOY-26SEP,2026-07-30,2026-08-05,2.9,37,0,1,0,FALSE
KXCPICOREYOY-26SEP,2026-07-31,2026-08-05,2.9,37,0,1,0,FALSE
KXCPICOREYOY-26SEP,2026-08-01,2026-08-05,2.9,37,0,31,7.142857142857143,FALSE
KXCPICOREYOY-26SEP,2026-08-02,2026-08-05,2.9,37,0,31,7.142857142857143,FALSE
KXCPICOREYOY-26SEP,2026-08-03,2026-08-05,2.9,37,0,31,7.142857142857143,FALSE
KXCPICOREYOY-26SEP,2026-08-04,2026-08-05,2.9,37,0,31,7.142857142857143,FALSE
KXCPICOREYOY-26SEP,2026-08-05,2026-08-05,2.9,37,0,31,0,FALSE
CPICOREYOY-24AUG,2024-08-25,2024-09-10,2.9000000000000004,99,0,99,14.285714285714286,FALSE
CPICOREYOY-24AUG,2024-08-26,2024-09-10,2.9000000000000004,99,0,99,14.285714285714286,FALSE
CPICOREYOY-24AUG,2024-08-27,2024-09-10,2.9000000000000004,99,0,99,14.285714285714286,FALSE
CPICOREYOY-24AUG,2024-08-28,2024-09-10,2.9000000000000004,99,0,99,14.285714285714286,FALSE
CPICOREYOY-24AUG,2024-08-29,2024-09-10,2.9000000000000004,99,0,99,14.285714285714286,FALSE
CPICOREYOY-24AUG,2024-08-30,2024-09-10,2.9000000000000004,99,50,99,14.285714285714286,FALSE
CPICOREYOY-24AUG,2024-08-31,2024-09-10,2.9000000000000004,99,0,99,14.285714285714286,FALSE
CPICOREYOY-24AUG,2024-09-01,2024-09-10,2.9000000000000004,99,0,99,14.285714285714286,FALSE
CPICOREYOY-24AUG,2024-09-02,2024-09-10,2.9000000000000004,99,0,99,14.285714285714286,FALSE
CPICOREYOY-24AUG,2024-09-03,2024-09-10,2.9000000000000004,99,66,99,14.285714285714286,FALSE
CPICOREYOY-24AUG,2024-09-04,2024-09-10,2.9000000000000004,99,0,99,14.285714285714286,FALSE
CPICOREYOY-24AUG,2024-09-05,2024-09-10,2.9000000000000004,99,0,99,14.285714285714286,FALSE
CPICOREYOY-24AUG,2024-09-06,2024-09-10,2.9000000000000004,93,20,93,25.510204081632654,FALSE
CPICOREYOY-24AUG,2024-09-07,2024-09-10,2.9000000000000004,93,0,93,25.510204081632654,FALSE
CPICOREYOY-24AUG,2024-09-08,2024-09-10,2.9000000000000004,93,0,93,25.510204081632654,FALSE
CPICOREYOY-24AUG,2024-09-09,2024-09-10,2.9000000000000004,93,0,93,8.16326530612245,FALSE
CPICOREYOY-24AUG,2024-09-10,2024-09-10,2.9000000000000004,93,0,93,8.16326530612245,FALSE
KXCPICOREYOY-25AUG,2025-08-12,2025-09-11,2.9000000000000004,82,1302,82,18.367346938775512,FALSE
KXCPICOREYOY-25AUG,2025-08-13,2025-09-11,2.9000000000000004,83,468,83,21.428571428571427,FALSE
KXCPICOREYOY-25AUG,2025-08-14,2025-09-11,2.9000000000000004,87,29,87,25.510204081632654,FALSE
KXCPICOREYOY-25AUG,2025-08-15,2025-09-11,2.9000000000000004,87,0,87,25.510204081632654,FALSE
KXCPICOREYOY-25AUG,2025-08-16,2025-09-11,2.9000000000000004,87,0,87,25.510204081632654,FALSE
KXCPICOREYOY-25AUG,2025-08-17,2025-09-11,2.9000000000000004,87,0,87,24.489795918367346,FALSE
KXCPICOREYOY-25AUG,2025-08-18,2025-09-11,2.9000000000000004,87,0,87,24.489795918367346,FALSE
KXCPICOREYOY-25AUG,2025-08-19,2025-09-11,2.9000000000000004,87,0,87,24.489795918367346,FALSE
KXCPICOREYOY-25AUG,2025-08-20,2025-09-11,2.9000000000000004,87,0,87,24.489795918367346,FALSE
KXCPICOREYOY-25AUG,2025-08-21,2025-09-11,2.9000000000000004,89,407,89,26.53061224489796,FALSE
KXCPICOREYOY-25AUG,2025-08-22,2025-09-11,2.9000000000000004,89,0,89,26.53061224489796,FALSE
KXCPICOREYOY-25AUG,2025-08-23,2025-09-11,2.9000000000000004,89,0,89,26.53061224489796,FALSE
KXCPICOREYOY-25AUG,2025-08-24,2025-09-11,2.9000000000000004,85,15,85,30.612244897959176,FALSE
KXCPICOREYOY-25AUG,2025-08-25,2025-09-11,2.9000000000000004,85,0,85,28.57142857142858,FALSE
KXCPICOREYOY-25AUG,2025-08-26,2025-09-11,2.9000000000000004,88,22,88,24.489795918367346,FALSE
KXCPICOREYOY-25AUG,2025-08-27,2025-09-11,2.9000000000000004,88,0,88,24.489795918367346,FALSE
KXCPICOREYOY-25AUG,2025-08-28,2025-09-11,2.9000000000000004,88,0,88,24.489795918367346,FALSE
KXCPICOREYOY-25AUG,2025-08-29,2025-09-11,2.9000000000000004,82,407,82,18.367346938775512,FALSE
KXCPICOREYOY-25AUG,2025-08-30,2025-09-11,2.9000000000000004,82,0,82,18.367346938775512,FALSE
KXCPICOREYOY-25AUG,2025-08-31,2025-09-11,2.9000000000000004,82,0,82,18.367346938775512,FALSE
KXCPICOREYOY-25AUG,2025-09-01,2025-09-11,2.9000000000000004,82,0,82,18.367346938775512,FALSE
KXCPICOREYOY-25AUG,2025-09-02,2025-09-11,2.9000000000000004,82,0,82,18.367346938775512,FALSE
KXCPICOREYOY-25AUG,2025-09-03,2025-09-11,2.9000000000000004,82,0,82,18.367346938775512,FALSE
KXCPICOREYOY-25AUG,2025-09-04,2025-09-11,2.9000000000000004,82,0,82,18.367346938775512,FALSE
KXCPICOREYOY-25AUG,2025-09-05,2025-09-11,2.9000000000000004,82,0,82,18.367346938775512,FALSE
KXCPICOREYOY-25AUG,2025-09-06,2025-09-11,2.9000000000000004,82,0,82,22.448979591836736,FALSE
KXCPICOREYOY-25AUG,2025-09-07,2025-09-11,2.9000000000000004,82,0,82,17.346938775510203,FALSE
KXCPICOREYOY-25AUG,2025-09-08,2025-09-11,2.9000000000000004,82,0,82,17.346938775510203,FALSE
KXCPICOREYOY-25AUG,2025-09-09,2025-09-11,2.9000000000000004,92,600,92,25.510204081632654,FALSE
KXCPICOREYOY-25AUG,2025-09-10,2025-09-11,2.9000000000000004,90,3312,90,27.551020408163264,FALSE
KXCPICOREYOY-25AUG,2025-09-11,2025-09-11,2.9000000000000004,89,359,89,21.428571428571427,FALSE
KXCPICOREYOY-25JUL,2025-07-13,2025-08-12,2.9000000000000004,63,0,63,26.53061224489796,FALSE
KXCPICOREYOY-25JUL,2025-07-14,2025-08-12,2.9000000000000004,63,0,63,26.53061224489796,FALSE
KXCPICOREYOY-25JUL,2025-07-15,2025-08-12,2.9000000000000004,73,1004,73,27.551020408163264,FALSE
KXCPICOREYOY-25JUL,2025-07-16,2025-08-12,2.9000000000000004,74,1020,74,28.571428571428573,FALSE
KXCPICOREYOY-25JUL,2025-07-17,2025-08-12,2.9000000000000004,74,10,74,21.428571428571427,FALSE
KXCPICOREYOY-25JUL,2025-07-18,2025-08-12,2.9000000000000004,80,11,80,32.6530612244898,FALSE
KXCPICOREYOY-25JUL,2025-07-19,2025-08-12,2.9000000000000004,80,6,80,26.53061224489796,FALSE
KXCPICOREYOY-25JUL,2025-07-20,2025-08-12,2.9000000000000004,80,0,80,26.53061224489796,FALSE
KXCPICOREYOY-25JUL,2025-07-21,2025-08-12,2.9000000000000004,77,1020,77,23.46938775510204,FALSE
KXCPICOREYOY-25JUL,2025-07-22,2025-08-12,2.9000000000000004,82,6,82,28.571428571428573,FALSE
KXCPICOREYOY-25JUL,2025-07-23,2025-08-12,2.9000000000000004,81,28,81,27.551020408163264,FALSE
KXCPICOREYOY-25JUL,2025-07-24,2025-08-12,2.9000000000000004,75,210,75,26.53061224489796,FALSE
KXCPICOREYOY-25JUL,2025-07-25,2025-08-12,2.9000000000000004,75,0,75,21.428571428571427,FALSE
KXCPICOREYOY-25JUL,2025-07-26,2025-08-12,2.9000000000000004,75,0,75,21.428571428571427,FALSE
KXCPICOREYOY-25JUL,2025-07-27,2025-08-12,2.9000000000000004,75,0,75,22.448979591836736,FALSE
KXCPICOREYOY-25JUL,2025-07-28,2025-08-12,2.9000000000000004,75,0,75,25.510204081632654,FALSE
KXCPICOREYOY-25JUL,2025-07-29,2025-08-12,2.9000000000000004,83,1000,83,32.6530612244898,FALSE
KXCPICOREYOY-25JUL,2025-07-30,2025-08-12,2.9000000000000004,76,3,76,38.775510204081634,FALSE
KXCPICOREYOY-25JUL,2025-07-31,2025-08-12,2.9000000000000004,86,169,86,33.673469387755105,FALSE
KXCPICOREYOY-25JUL,2025-08-01,2025-08-12,2.9000000000000004,80,20,80,30.612244897959183,FALSE
KXCPICOREYOY-25JUL,2025-08-02,2025-08-12,2.9000000000000004,83,455,83,35.714285714285715,FALSE
KXCPICOREYOY-25JUL,2025-08-03,2025-08-12,2.9000000000000004,83,0,83,36.734693877551024,FALSE
KXCPICOREYOY-25JUL,2025-08-04,2025-08-12,2.9000000000000004,82,705,82,35.714285714285715,FALSE
KXCPICOREYOY-25JUL,2025-08-05,2025-08-12,2.9000000000000004,82,0,82,40.816326530612244,FALSE
KXCPICOREYOY-25JUL,2025-08-06,2025-08-12,2.9000000000000004,82,0,82,35.714285714285715,FALSE
KXCPICOREYOY-25JUL,2025-08-07,2025-08-12,2.9000000000000004,82,141,82,40.816326530612244,FALSE
KXCPICOREYOY-25JUL,2025-08-08,2025-08-12,2.9000000000000004,82,26,82,41.83673469387755,FALSE
KXCPICOREYOY-25JUL,2025-08-09,2025-08-12,2.9000000000000004,86,2006,86,51.02040816326531,FALSE
KXCPICOREYOY-25JUL,2025-08-10,2025-08-12,2.9000000000000004,84,39,84,41.83673469387755,FALSE
KXCPICOREYOY-25JUL,2025-08-11,2025-08-12,2.9000000000000004,90,677,90,33.67346938775511,FALSE
KXCPICOREYOY-25JUL,2025-08-12,2025-08-12,2.9000000000000004,90,445,90,42.857142857142854,FALSE
KXCPICOREYOY-25JUN,2025-06-15,2025-07-15,2.9000000000000004,21,411,21,13.26530612244898,FALSE
KXCPICOREYOY-25JUN,2025-06-16,2025-07-15,2.9000000000000004,21,0,21,13.26530612244898,FALSE
KXCPICOREYOY-25JUN,2025-06-17,2025-07-15,2.9000000000000004,35,40,35,27.551020408163264,FALSE
KXCPICOREYOY-25JUN,2025-06-18,2025-07-15,2.9000000000000004,35,0,35,27.551020408163264,FALSE
KXCPICOREYOY-25JUN,2025-06-19,2025-07-15,2.9000000000000004,35,0,35,27.551020408163264,FALSE
KXCPICOREYOY-25JUN,2025-06-20,2025-07-15,2.9000000000000004,36,86,36,28.571428571428573,FALSE
KXCPICOREYOY-25JUN,2025-06-21,2025-07-15,2.9000000000000004,36,0,36,28.571428571428573,FALSE
KXCPICOREYOY-25JUN,2025-06-22,2025-07-15,2.9000000000000004,46,939,46,36.734693877551024,FALSE
KXCPICOREYOY-25JUN,2025-06-23,2025-07-15,2.9000000000000004,30,649,30,20.408163265306122,FALSE
KXCPICOREYOY-25NOV,2025-12-05,2025-12-18,2.9000000000000004,60,25989,60,33.673469387755105,FALSE
KXCPICOREYOY-25NOV,2025-12-06,2025-12-18,2.9000000000000004,61,81,61,27.551020408163264,FALSE
KXCPICOREYOY-25NOV,2025-12-07,2025-12-18,2.9000000000000004,56.99999999999999,177,56.99999999999999,23.46938775510203,FALSE
KXCPICOREYOY-25NOV,2025-12-08,2025-12-18,2.9000000000000004,56.00000000000001,28355,56.00000000000001,21.428571428571438,FALSE
KXCPICOREYOY-25NOV,2025-12-09,2025-12-18,2.9000000000000004,60,118,60,35.714285714285715,FALSE
KXCPICOREYOY-25NOV,2025-12-10,2025-12-18,2.9000000000000004,54,229,54,31.632653061224488,FALSE
KXCPICOREYOY-25NOV,2025-12-11,2025-12-18,2.9000000000000004,50,1500,50,29.591836734693878,FALSE
KXCPICOREYOY-25NOV,2025-12-12,2025-12-18,2.9000000000000004,54,17,54,33.673469387755105,FALSE
KXCPICOREYOY-25NOV,2025-12-13,2025-12-18,2.9000000000000004,53,415,53,32.6530612244898,FALSE
KXCPICOREYOY-25NOV,2025-12-14,2025-12-18,2.9000000000000004,55.00000000000001,20,55.00000000000001,35.71428571428572,FALSE
KXCPICOREYOY-25NOV,2025-12-15,2025-12-18,2.9000000000000004,49,25414,49,28.571428571428573,FALSE
KXCPICOREYOY-25NOV,2025-12-16,2025-12-18,2.9000000000000004,65,1329,65,51.02040816326531,FALSE
KXCPICOREYOY-25NOV,2025-12-17,2025-12-18,2.9000000000000004,42,2915,42,27.551020408163264,FALSE
KXCPICOREYOY-25NOV,2025-12-18,2025-12-18,2.9000000000000004,35,1600,35,19.387755102040817,FALSE
KXCPICOREYOY-25SEP,2025-09-15,2025-10-15,2.9000000000000004,84,0,84,22.448979591836736,FALSE
KXCPICOREYOY-25SEP,2025-09-16,2025-10-15,2.9000000000000004,84,0,84,25.510204081632654,FALSE
KXCPICOREYOY-25SEP,2025-09-17,2025-10-15,2.9000000000000004,86,114,86,27.551020408163264,FALSE
KXCPICOREYOY-25SEP,2025-09-18,2025-10-15,2.9000000000000004,86,0,86,26.53061224489796,FALSE
KXCPICOREYOY-25SEP,2025-09-19,2025-10-15,2.9000000000000004,87,114,87,30.612244897959194,FALSE
KXCPICOREYOY-25SEP,2025-09-20,2025-10-15,2.9000000000000004,87,0,87,30.612244897959194,FALSE
KXCPICOREYOY-25SEP,2025-09-21,2025-10-15,2.9000000000000004,87,0,87,30.612244897959194,FALSE
KXCPICOREYOY-25SEP,2025-09-22,2025-10-15,2.9000000000000004,87,0,87,27.551020408163264,FALSE
KXCPICOREYOY-25SEP,2025-09-23,2025-10-15,2.9000000000000004,87,0,87,27.551020408163264,FALSE
KXCPICOREYOY-25SEP,2025-09-24,2025-10-15,2.9000000000000004,87,0,87,27.551020408163264,FALSE
KXCPICOREYOY-25SEP,2025-09-25,2025-10-15,2.9000000000000004,87,0,87,27.551020408163264,FALSE
KXCPICOREYOY-25SEP,2025-09-26,2025-10-15,2.9000000000000004,87,230,87,27.551020408163264,FALSE
KXCPICOREYOY-25SEP,2025-09-27,2025-10-15,2.9000000000000004,88,28,88,28.571428571428573,FALSE
KXCPICOREYOY-25SEP,2025-09-28,2025-10-15,2.9000000000000004,90,500,90,30.612244897959183,FALSE
KXCPICOREYOY-25SEP,2025-09-29,2025-10-15,2.9000000000000004,86,109,86,24.489795918367346,FALSE
KXCPICOREYOY-25SEP,2025-09-30,2025-10-15,2.9000000000000004,86,0,86,24.489795918367346,FALSE
KXCPICOREYOY-25SEP,2025-10-01,2025-10-15,2.9000000000000004,86,0,86,23.46938775510204,FALSE
KXCPICOREYOY-25SEP,2025-10-02,2025-10-15,2.9000000000000004,85,100,85,26.53061224489796,FALSE
KXCPICOREYOY-25SEP,2025-10-03,2025-10-15,2.9000000000000004,85,0,85,26.53061224489796,FALSE
KXCPICOREYOY-25SEP,2025-10-04,2025-10-15,2.9000000000000004,85,0,85,28.57142857142858,FALSE
KXCPICOREYOY-25SEP,2025-10-05,2025-10-15,2.9000000000000004,83,11,83,26.53061224489797,FALSE
KXCPICOREYOY-25SEP,2025-10-06,2025-10-15,2.9000000000000004,83,0,83,23.46938775510204,FALSE
KXCPICOREYOY-25SEP,2025-10-07,2025-10-15,2.9000000000000004,83,60,83,18.367346938775512,FALSE
KXCPICOREYOY-25SEP,2025-10-08,2025-10-15,2.9000000000000004,89,10676,89,25.510204081632654,FALSE
KXCPICOREYOY-25SEP,2025-10-09,2025-10-15,2.9000000000000004,89,1,89,28.571428571428573,FALSE
KXCPICOREYOY-25SEP,2025-10-10,2025-10-15,2.9000000000000004,88,894,88,23.46938775510204,FALSE
KXCPICOREYOY-25SEP,2025-10-11,2025-10-15,2.9000000000000004,91,258,91,26.53061224489796,FALSE
KXCPICOREYOY-25SEP,2025-10-12,2025-10-15,2.9000000000000004,91,0,91,26.53061224489796,FALSE
KXCPICOREYOY-25SEP,2025-10-13,2025-10-15,2.9000000000000004,91,0,91,26.53061224489796,FALSE
KXCPICOREYOY-25SEP,2025-10-14,2025-10-15,2.9000000000000004,93,37,93,28.571428571428573,FALSE
KXCPICOREYOY-25SEP,2025-10-15,2025-10-15,2.9000000000000004,92,36,92,24.489795918367346,FALSE
KXCPICOREYOY-26FEB,2026-02-17,2026-03-11,2.9000000000000004,6,0,1,0,FALSE
KXCPICOREYOY-26FEB,2026-02-18,2026-03-11,2.9000000000000004,6,0,1,0,FALSE
KXCPICOREYOY-26FEB,2026-02-19,2026-03-11,2.9000000000000004,6,0,1,0,FALSE
KXCPICOREYOY-26FEB,2026-02-20,2026-03-11,2.9000000000000004,1,187,1,0,FALSE
KXCPICOREYOY-26FEB,2026-02-21,2026-03-11,2.9000000000000004,1,0,1,0,FALSE
KXCPICOREYOY-26FEB,2026-02-22,2026-03-11,2.9000000000000004,1,0,1,0,FALSE
KXCPICOREYOY-26FEB,2026-02-23,2026-03-11,2.9000000000000004,1,0,1,0,FALSE
KXCPICOREYOY-26FEB,2026-02-24,2026-03-11,2.9000000000000004,1,0,1,0,FALSE
KXCPICOREYOY-26FEB,2026-02-25,2026-03-11,2.9000000000000004,1,0,1,0,FALSE
KXCPICOREYOY-26FEB,2026-02-26,2026-03-11,2.9000000000000004,1,0,1,0,FALSE
KXCPICOREYOY-26FEB,2026-02-27,2026-03-11,2.9000000000000004,1,0,1,0,FALSE
KXCPICOREYOY-26FEB,2026-02-28,2026-03-11,2.9000000000000004,1,355,1,0,FALSE
KXCPICOREYOY-26FEB,2026-03-01,2026-03-11,2.9000000000000004,1,0,1,0,FALSE
KXCPICOREYOY-26FEB,2026-03-02,2026-03-11,2.9000000000000004,1,0,1,0,FALSE
KXCPICOREYOY-26FEB,2026-03-03,2026-03-11,2.9000000000000004,1,0,1,0,FALSE
KXCPICOREYOY-26FEB,2026-03-04,2026-03-11,2.9000000000000004,1,0,1,0,FALSE
KXCPICOREYOY-26FEB,2026-03-05,2026-03-11,2.9000000000000004,1,0,1,0,FALSE
KXCPICOREYOY-26JUL,2026-07-06,2026-08-05,2.9000000000000004,28.999999999999996,0,28.999999999999996,10.204081632653057,FALSE
KXCPICOREYOY-26JUL,2026-07-07,2026-08-05,2.9000000000000004,28.999999999999996,0,28.999999999999996,10.204081632653057,FALSE
KXCPICOREYOY-26JUL,2026-07-08,2026-08-05,2.9000000000000004,28.999999999999996,0,28.999999999999996,10.204081632653057,FALSE
KXCPICOREYOY-26JUL,2026-07-09,2026-08-05,2.9000000000000004,28.999999999999996,0,28.999999999999996,10.204081632653057,FALSE
KXCPICOREYOY-26JUL,2026-07-13,2026-08-05,2.9000000000000004,5,2,5,4.081632653061225,FALSE
KXCPICOREYOY-26JUL,2026-07-14,2026-08-05,2.9000000000000004,1,990,1,0,FALSE
KXCPICOREYOY-26JUL,2026-07-15,2026-08-05,2.9000000000000004,9,47,2,0,FALSE
KXCPICOREYOY-26JUN,2026-06-29,2026-07-14,2.9000000000000004,5,558,5,2.0408163265306123,FALSE
KXCPICOREYOY-26JUN,2026-06-30,2026-07-14,2.9000000000000004,3,1407.5,3,2.0408163265306123,FALSE
KXCPICOREYOY-26JUN,2026-07-01,2026-07-14,2.9000000000000004,3,1,3,2.0408163265306123,FALSE
KXCPICOREYOY-26JUN,2026-07-02,2026-07-14,2.9000000000000004,3,1,3,2.0408163265306123,FALSE
KXCPICOREYOY-26JUN,2026-07-03,2026-07-14,2.9000000000000004,3,4,3,2.0408163265306123,FALSE
KXCPICOREYOY-26JUN,2026-07-04,2026-07-14,2.9000000000000004,3,0,3,2.0408163265306123,FALSE
KXCPICOREYOY-26JUN,2026-07-05,2026-07-14,2.9000000000000004,16,12,16,0,FALSE
KXCPICOREYOY-26JUN,2026-07-06,2026-07-14,2.9000000000000004,16,0,16,0,FALSE
KXCPICOREYOY-26MAY,2026-05-11,2026-06-10,2.9000000000000004,20,250,20,13.26530612244898,FALSE
KXCPICOREYOY-26MAY,2026-05-12,2026-06-10,2.9000000000000004,30,3256.89,30,19.387755102040817,FALSE
KXCPICOREYOY-26MAY,2026-05-13,2026-06-10,2.9000000000000004,28.999999999999996,11017.81,28.999999999999996,14.285714285714281,FALSE
KXCPICOREYOY-26MAY,2026-05-14,2026-06-10,2.9000000000000004,32,404.57,32,16.3265306122449,FALSE
KXCPICOREYOY-26MAY,2026-05-15,2026-06-10,2.9000000000000004,36,863,36,15.306122448979592,FALSE
KXCPICOREYOY-26MAY,2026-05-16,2026-06-10,2.9000000000000004,39,5.91,39,18.367346938775512,FALSE
KXCPICOREYOY-26MAY,2026-05-17,2026-06-10,2.9000000000000004,36,265.93,36,15.306122448979592,FALSE
KXCPICOREYOY-26MAY,2026-05-18,2026-06-10,2.9000000000000004,34,100,34,15.306122448979592,FALSE
KXCPICOREYOY-26MAY,2026-05-19,2026-06-10,2.9000000000000004,37,10,37,20.408163265306122,FALSE
KXCPICOREYOY-26MAY,2026-05-20,2026-06-10,2.9000000000000004,37,2.58,37,20.408163265306122,FALSE
KXCPICOREYOY-26MAY,2026-05-21,2026-06-10,2.9000000000000004,36,26.4,36,21.428571428571427,FALSE
KXCPICOREYOY-26MAY,2026-05-22,2026-06-10,2.9000000000000004,33,29.52,33,24.489795918367346,FALSE
KXCPICOREYOY-26MAY,2026-05-23,2026-06-10,2.9000000000000004,34,1101,34,26.53061224489796,FALSE
KXCPICOREYOY-26MAY,2026-05-24,2026-06-10,2.9000000000000004,39,509.71000000000004,39,32.6530612244898,FALSE
KXCPICOREYOY-26MAY,2026-05-25,2026-06-10,2.9000000000000004,39,219,39,25.510204081632654,FALSE
KXCPICOREYOY-26MAY,2026-05-26,2026-06-10,2.9000000000000004,36,371.15000000000003,36,22.448979591836736,FALSE
KXCPICOREYOY-26MAY,2026-05-27,2026-06-10,2.9000000000000004,35,410,35,21.428571428571427,FALSE
KXCPICOREYOY-26MAY,2026-05-28,2026-06-10,2.9000000000000004,35,411.73,35,21.428571428571427,FALSE
KXCPICOREYOY-26MAY,2026-05-29,2026-06-10,2.9000000000000004,34,415.37,34,22.448979591836736,FALSE
KXCPICOREYOY-26MAY,2026-05-30,2026-06-10,2.9000000000000004,34,530.7,34,23.46938775510204,FALSE
KXCPICOREYOY-26MAY,2026-05-31,2026-06-10,2.9000000000000004,35,3,35,24.489795918367346,FALSE
KXCPICOREYOY-26MAY,2026-06-01,2026-06-10,2.9000000000000004,31,21.62,31,27.551020408163264,FALSE
KXCPICOREYOY-26MAY,2026-06-02,2026-06-10,2.9000000000000004,30,138,30,26.53061224489796,FALSE
KXCPICOREYOY-26MAY,2026-06-03,2026-06-10,2.9000000000000004,30,0,30,28.571428571428573,FALSE
KXCPICOREYOY-26MAY,2026-06-04,2026-06-10,2.9000000000000004,30,0,30,26.53061224489796,FALSE
KXCPICOREYOY-26MAY,2026-06-05,2026-06-10,2.9000000000000004,27,1469.3700000000001,27,23.46938775510204,FALSE
KXCPICOREYOY-26MAY,2026-06-06,2026-06-10,2.9000000000000004,22,1899.12,22,15.306122448979592,FALSE
KXCPICOREYOY-26MAY,2026-06-07,2026-06-10,2.9000000000000004,16,1013.68,16,10.204081632653061,FALSE
CPICOREYOY-23SEP,2023-09-15,2023-10-12,3,96,3110,96,0,FALSE
CPICOREYOY-23SEP,2023-09-16,2023-10-12,3,96,0,96,0,FALSE
CPICOREYOY-23SEP,2023-09-17,2023-10-12,3,97,945,97,0,FALSE
CPICOREYOY-23SEP,2023-09-18,2023-10-12,3,97,0,97,0,FALSE
CPICOREYOY-23SEP,2023-09-19,2023-10-12,3,97,0,97,0,FALSE
CPICOREYOY-23SEP,2023-09-20,2023-10-12,3,97,0,97,0,FALSE
CPICOREYOY-23SEP,2023-09-21,2023-10-12,3,97,0,97,0,FALSE
CPICOREYOY-23SEP,2023-09-22,2023-10-12,3,97,0,97,0,FALSE
CPICOREYOY-23SEP,2023-09-23,2023-10-12,3,97,0,97,0,FALSE
CPICOREYOY-23SEP,2023-09-24,2023-10-12,3,97,0,97,0,FALSE
CPICOREYOY-23SEP,2023-09-25,2023-10-12,3,97,0,97,0,FALSE
CPICOREYOY-23SEP,2023-09-26,2023-10-12,3,97,0,97,0,FALSE
CPICOREYOY-23SEP,2023-09-27,2023-10-12,3,97,0,97,0,FALSE
CPICOREYOY-23SEP,2023-09-28,2023-10-12,3,96,222,96,0,FALSE
CPICOREYOY-23SEP,2023-09-29,2023-10-12,3,96,0,97,0,FALSE
CPICOREYOY-23SEP,2023-09-30,2023-10-12,3,96,0,97,0,FALSE
CPICOREYOY-23SEP,2023-10-01,2023-10-12,3,96,0,97,0,FALSE
CPICOREYOY-23SEP,2023-10-02,2023-10-12,3,96,0,97,0,FALSE
CPICOREYOY-23SEP,2023-10-03,2023-10-12,3,96,0,97,0,FALSE
CPICOREYOY-23SEP,2023-10-04,2023-10-12,3,96,0,97,0,FALSE
CPICOREYOY-23SEP,2023-10-05,2023-10-12,3,96,0,97,0,FALSE
CPICOREYOY-23SEP,2023-10-06,2023-10-12,3,96,0,97,0,FALSE
CPICOREYOY-23SEP,2023-10-07,2023-10-12,3,96,0,97,0,FALSE
CPICOREYOY-23SEP,2023-10-08,2023-10-12,3,96,0,97,0,FALSE
CPICOREYOY-23SEP,2023-10-09,2023-10-12,3,96,0,97,0,FALSE
CPICOREYOY-23SEP,2023-10-10,2023-10-12,3,96,0,97,0,FALSE
CPICOREYOY-23SEP,2023-10-11,2023-10-12,3,96,0,97,0,FALSE
CPICOREYOY-23SEP,2023-10-12,2023-10-12,3,96,0,99,0,FALSE
CPICOREYOY-24APR,2024-04-15,2024-05-15,3,0,0,98,0,FALSE
CPICOREYOY-24APR,2024-04-16,2024-05-15,3,0,0,98,0,FALSE
CPICOREYOY-24APR,2024-04-17,2024-05-15,3,0,0,98,0,FALSE
CPICOREYOY-24APR,2024-04-18,2024-05-15,3,0,0,98,0,FALSE
CPICOREYOY-24APR,2024-04-19,2024-05-15,3,0,0,98,0,FALSE
CPICOREYOY-24APR,2024-04-20,2024-05-15,3,0,0,98,0,FALSE
CPICOREYOY-24APR,2024-04-21,2024-05-15,3,0,0,98,0,FALSE
CPICOREYOY-24APR,2024-04-22,2024-05-15,3,0,0,98,0,FALSE
CPICOREYOY-24APR,2024-04-23,2024-05-15,3,0,0,97,0,FALSE
CPICOREYOY-24APR,2024-04-24,2024-05-15,3,0,0,97,0,FALSE
CPICOREYOY-24APR,2024-04-25,2024-05-15,3,0,0,97,0,FALSE
CPICOREYOY-24APR,2024-04-26,2024-05-15,3,0,0,97,0,FALSE
CPICOREYOY-24APR,2024-04-27,2024-05-15,3,0,0,97,0,FALSE
CPICOREYOY-24APR,2024-04-28,2024-05-15,3,0,0,97,0,FALSE
CPICOREYOY-24APR,2024-04-29,2024-05-15,3,0,0,97,0,FALSE
CPICOREYOY-24APR,2024-04-30,2024-05-15,3,0,0,97,0,FALSE
CPICOREYOY-24APR,2024-05-01,2024-05-15,3,0,0,97,0,FALSE
CPICOREYOY-24APR,2024-05-02,2024-05-15,3,0,0,97,0,FALSE
CPICOREYOY-24APR,2024-05-03,2024-05-15,3,0,0,97,0,FALSE
CPICOREYOY-24APR,2024-05-04,2024-05-15,3,0,0,97,0,FALSE
CPICOREYOY-24APR,2024-05-05,2024-05-15,3,0,0,97,0,FALSE
CPICOREYOY-24APR,2024-05-06,2024-05-15,3,0,0,97,0,FALSE
CPICOREYOY-24APR,2024-05-07,2024-05-15,3,0,0,97,0,FALSE
CPICOREYOY-24APR,2024-05-08,2024-05-15,3,0,0,97,0,FALSE
CPICOREYOY-24APR,2024-05-09,2024-05-15,3,0,0,97,0,FALSE
CPICOREYOY-24APR,2024-05-10,2024-05-15,3,0,0,97,0,FALSE
CPICOREYOY-24APR,2024-05-11,2024-05-15,3,0,0,97,0,FALSE
CPICOREYOY-24APR,2024-05-12,2024-05-15,3,0,0,97,0,FALSE
CPICOREYOY-24APR,2024-05-13,2024-05-15,3,0,0,97,0,FALSE
CPICOREYOY-24APR,2024-05-14,2024-05-15,3,0,0,97,0,FALSE
CPICOREYOY-24APR,2024-05-15,2024-05-15,3,0,0,97,0,FALSE
CPICOREYOY-24AUG,2024-08-12,2024-09-10,3,87,1425,87,25.510204081632654,FALSE
CPICOREYOY-24AUG,2024-08-13,2024-09-10,3,71,658,71,9.183673469387756,FALSE
CPICOREYOY-24AUG,2024-08-14,2024-09-10,3,57.99999999999999,200,57.99999999999999,28.571428571428562,FALSE
CPICOREYOY-24AUG,2024-08-15,2024-09-10,3,67,907,67,37.755102040816325,FALSE
CPICOREYOY-24AUG,2024-08-16,2024-09-10,3,67,0,67,37.755102040816325,FALSE
CPICOREYOY-24AUG,2024-08-17,2024-09-10,3,72,900,72,29.591836734693878,FALSE
CPICOREYOY-24AUG,2024-08-18,2024-09-10,3,72,0,72,29.591836734693878,FALSE
CPICOREYOY-24AUG,2024-08-19,2024-09-10,3,72,0,72,32.6530612244898,FALSE
CPICOREYOY-24AUG,2024-08-20,2024-09-10,3,80,600,80,40.816326530612244,FALSE
CPICOREYOY-24AUG,2024-08-21,2024-09-10,3,80,0,80,40.816326530612244,FALSE
CPICOREYOY-24AUG,2024-08-22,2024-09-10,3,80,0,80,40.816326530612244,FALSE
CPICOREYOY-24AUG,2024-08-23,2024-09-10,3,85,683,85,45.91836734693877,FALSE
CPICOREYOY-24AUG,2024-08-24,2024-09-10,3,85,0,85,45.91836734693877,FALSE
CPICOREYOY-24AUG,2024-08-25,2024-09-10,3,85,0,85,45.91836734693877,FALSE
CPICOREYOY-24AUG,2024-08-26,2024-09-10,3,85,0,85,45.91836734693877,FALSE
CPICOREYOY-24AUG,2024-08-27,2024-09-10,3,85,0,85,45.91836734693877,FALSE
CPICOREYOY-24AUG,2024-08-28,2024-09-10,3,85,0,85,45.91836734693877,FALSE
CPICOREYOY-24AUG,2024-08-29,2024-09-10,3,85,0,85,37.755102040816325,FALSE
CPICOREYOY-24AUG,2024-08-30,2024-09-10,3,85,0,85,51.02040816326531,FALSE
CPICOREYOY-24AUG,2024-08-31,2024-09-10,3,85,0,85,51.02040816326531,FALSE
CPICOREYOY-24AUG,2024-09-01,2024-09-10,3,85,0,85,51.02040816326531,FALSE
CPICOREYOY-24AUG,2024-09-02,2024-09-10,3,85,0,85,51.02040816326531,FALSE
CPICOREYOY-24AUG,2024-09-03,2024-09-10,3,85,0,85,52.04081632653061,FALSE
CPICOREYOY-24AUG,2024-09-04,2024-09-10,3,85,0,85,52.04081632653061,FALSE
CPICOREYOY-24AUG,2024-09-05,2024-09-10,3,85,0,85,52.04081632653061,FALSE
CPICOREYOY-24AUG,2024-09-06,2024-09-10,3,68,30,68,34.69387755102041,FALSE
CPICOREYOY-24AUG,2024-09-07,2024-09-10,3,68,0,68,34.69387755102041,FALSE
CPICOREYOY-24AUG,2024-09-08,2024-09-10,3,68,0,68,34.69387755102041,FALSE
CPICOREYOY-24AUG,2024-09-09,2024-09-10,3,85,30,85,48.97959183673469,FALSE
CPICOREYOY-24AUG,2024-09-10,2024-09-10,3,85,0,85,48.97959183673469,FALSE
CPICOREYOY-24JUL,2024-07-15,2024-08-14,3,0,0,92,7.142857142857143,FALSE
CPICOREYOY-24JUL,2024-07-16,2024-08-14,3,0,0,92,7.142857142857143,FALSE
CPICOREYOY-24JUL,2024-07-17,2024-08-14,3,0,0,92,7.142857142857143,FALSE
CPICOREYOY-24JUL,2024-07-18,2024-08-14,3,90,100,90,29.591836734693878,FALSE
CPICOREYOY-24JUL,2024-07-19,2024-08-14,3,90,0,90,34.6938775510204,FALSE
CPICOREYOY-24JUL,2024-07-20,2024-08-14,3,90,0,90,36.734693877551024,FALSE
CPICOREYOY-24JUL,2024-07-21,2024-08-14,3,90,0,90,36.734693877551024,FALSE
CPICOREYOY-24JUL,2024-07-22,2024-08-14,3,90,0,90,25.510204081632654,FALSE
CPICOREYOY-24JUL,2024-07-23,2024-08-14,3,90,0,90,25.510204081632654,FALSE
CPICOREYOY-24JUL,2024-07-24,2024-08-14,3,90,0,90,21.428571428571427,FALSE
CPICOREYOY-24JUL,2024-07-25,2024-08-14,3,90,0,90,19.387755102040817,FALSE
CPICOREYOY-24JUL,2024-07-26,2024-08-14,3,90,0,90,19.387755102040817,FALSE
CPICOREYOY-24JUL,2024-07-27,2024-08-14,3,90,0,90,19.387755102040817,FALSE
CPICOREYOY-24JUL,2024-07-28,2024-08-14,3,90,0,90,19.387755102040817,FALSE
CPICOREYOY-24JUL,2024-07-29,2024-08-14,3,90,0,90,17.346938775510203,FALSE
CPICOREYOY-24JUL,2024-07-30,2024-08-14,3,90,0,90,17.346938775510203,FALSE
CPICOREYOY-24JUL,2024-07-31,2024-08-14,3,90,0,90,18.367346938775512,FALSE
CPICOREYOY-24JUL,2024-08-01,2024-08-14,3,90,0,90,23.46938775510204,FALSE
CPICOREYOY-24JUL,2024-08-02,2024-08-14,3,90,0,90,24.489795918367346,FALSE
CPICOREYOY-24JUL,2024-08-03,2024-08-14,3,91,1420,91,27.551020408163264,FALSE
CPICOREYOY-24JUL,2024-08-04,2024-08-14,3,91,0,91,27.551020408163264,FALSE
CPICOREYOY-24JUL,2024-08-05,2024-08-14,3,91,0,91,21.428571428571427,FALSE
CPICOREYOY-24JUL,2024-08-06,2024-08-14,3,91,0,91,21.428571428571427,FALSE
CPICOREYOY-24JUL,2024-08-07,2024-08-14,3,91,0,91,20.408163265306122,FALSE
CPICOREYOY-24JUL,2024-08-08,2024-08-14,3,91,0,91,20.408163265306122,FALSE
CPICOREYOY-24JUL,2024-08-09,2024-08-14,3,91,0,91,17.346938775510203,FALSE
CPICOREYOY-24JUL,2024-08-10,2024-08-14,3,91,0,91,17.346938775510203,FALSE
CPICOREYOY-24JUL,2024-08-11,2024-08-14,3,91,0,91,16.3265306122449,FALSE
CPICOREYOY-24JUL,2024-08-12,2024-08-14,3,91,0,91,20.408163265306122,FALSE
CPICOREYOY-24JUL,2024-08-13,2024-08-14,3,91,0,91,22.448979591836736,FALSE
CPICOREYOY-24JUL,2024-08-14,2024-08-14,3,97,588,97,25.510204081632654,FALSE
CPICOREYOY-24OCT,2024-10-13,2024-11-12,3,80,0,73,73.46938775510205,FALSE
CPICOREYOY-24OCT,2024-10-14,2024-11-12,3,80,0,73,73.46938775510205,FALSE
CPICOREYOY-24OCT,2024-10-15,2024-11-12,3,80,0,73,73.46938775510205,FALSE
CPICOREYOY-24OCT,2024-10-16,2024-11-12,3,80,0,73,73.46938775510205,FALSE
CPICOREYOY-24OCT,2024-10-17,2024-11-12,3,80,0,73,73.46938775510205,FALSE
CPICOREYOY-24OCT,2024-10-18,2024-11-12,3,80,0,73,73.46938775510205,FALSE
CPICOREYOY-24OCT,2024-10-19,2024-11-12,3,80,0,73,73.46938775510205,FALSE
CPICOREYOY-24OCT,2024-10-20,2024-11-12,3,80,0,73,73.46938775510205,FALSE
CPICOREYOY-24OCT,2024-10-21,2024-11-12,3,80,0,88,11.224489795918368,FALSE
CPICOREYOY-24OCT,2024-10-22,2024-11-12,3,80,0,88,11.224489795918368,FALSE
CPICOREYOY-24OCT,2024-10-23,2024-11-12,3,80,0,88,11.224489795918368,FALSE
CPICOREYOY-24OCT,2024-10-24,2024-11-12,3,80,0,88,0,FALSE
CPICOREYOY-24OCT,2024-10-25,2024-11-12,3,80,0,88,0,FALSE
CPICOREYOY-24OCT,2024-10-26,2024-11-12,3,80,0,88,0,FALSE
CPICOREYOY-24OCT,2024-10-27,2024-11-12,3,80,0,88,0,FALSE
CPICOREYOY-24OCT,2024-10-28,2024-11-12,3,80,0,88,0,FALSE
CPICOREYOY-24OCT,2024-10-29,2024-11-12,3,80,0,88,0,FALSE
CPICOREYOY-24OCT,2024-10-30,2024-11-12,3,80,0,88,0,FALSE
CPICOREYOY-24OCT,2024-10-31,2024-11-12,3,80,0,88,0,FALSE
CPICOREYOY-24OCT,2024-11-01,2024-11-12,3,80,0,88,0,FALSE
CPICOREYOY-24OCT,2024-11-02,2024-11-12,3,80,0,88,0,FALSE
CPICOREYOY-24OCT,2024-11-03,2024-11-12,3,80,0,88,0,FALSE
CPICOREYOY-24OCT,2024-11-04,2024-11-12,3,80,0,88,0,FALSE
CPICOREYOY-24OCT,2024-11-05,2024-11-12,3,80,0,88,0,FALSE
CPICOREYOY-24OCT,2024-11-06,2024-11-12,3,80,0,88,0,FALSE
CPICOREYOY-24OCT,2024-11-07,2024-11-12,3,80,0,88,0,FALSE
CPICOREYOY-24OCT,2024-11-08,2024-11-12,3,80,0,88,0,FALSE
CPICOREYOY-24OCT,2024-11-09,2024-11-12,3,80,0,88,0,FALSE
CPICOREYOY-24OCT,2024-11-10,2024-11-12,3,80,0,88,0,FALSE
CPICOREYOY-24OCT,2024-11-11,2024-11-12,3,80,0,88,0,FALSE
CPICOREYOY-24OCT,2024-11-12,2024-11-12,3,80,0,88,0,FALSE
CPICOREYOY-24SEP,2024-09-25,2024-10-10,3,0,0,64,35.714285714285715,FALSE
CPICOREYOY-24SEP,2024-09-26,2024-10-10,3,0,0,64,35.714285714285715,FALSE
CPICOREYOY-24SEP,2024-09-27,2024-10-10,3,0,0,64,35.714285714285715,FALSE
CPICOREYOY-24SEP,2024-09-28,2024-10-10,3,0,0,68,31.632653061224488,FALSE
CPICOREYOY-24SEP,2024-09-29,2024-10-10,3,0,0,68,31.632653061224488,FALSE
CPICOREYOY-24SEP,2024-09-30,2024-10-10,3,0,0,67,32.6530612244898,FALSE
CPICOREYOY-24SEP,2024-10-01,2024-10-10,3,0,0,77,22.448979591836736,FALSE
CPICOREYOY-24SEP,2024-10-02,2024-10-10,3,0,0,74,25.510204081632654,FALSE
CPICOREYOY-24SEP,2024-10-03,2024-10-10,3,0,0,78,21.428571428571427,FALSE
CPICOREYOY-24SEP,2024-10-04,2024-10-10,3,0,0,85,14.285714285714286,FALSE
CPICOREYOY-24SEP,2024-10-05,2024-10-10,3,0,0,85,14.285714285714286,FALSE
CPICOREYOY-24SEP,2024-10-06,2024-10-10,3,0,0,85,14.285714285714286,FALSE
CPICOREYOY-24SEP,2024-10-07,2024-10-10,3,0,0,85,14.285714285714286,FALSE
CPICOREYOY-24SEP,2024-10-08,2024-10-10,3,0,0,90,9.183673469387756,FALSE
CPICOREYOY-24SEP,2024-10-09,2024-10-10,3,97,75,97,13.26530612244898,FALSE
CPICOREYOY-24SEP,2024-10-10,2024-10-10,3,97,0,97,13.26530612244898,FALSE
KXCPICOREYOY-24DEC,2025-01-02,2025-01-15,3,0,0,28.000000000000004,27.55102040816327,FALSE
KXCPICOREYOY-24DEC,2025-01-03,2025-01-15,3,0,0,91,8.16326530612245,FALSE
KXCPICOREYOY-24DEC,2025-01-04,2025-01-15,3,0,0,91,8.16326530612245,FALSE
KXCPICOREYOY-24DEC,2025-01-05,2025-01-15,3,0,0,91,8.16326530612245,FALSE
KXCPICOREYOY-24DEC,2025-01-06,2025-01-15,3,0,0,91,8.16326530612245,FALSE
KXCPICOREYOY-24DEC,2025-01-07,2025-01-15,3,0,0,91,8.16326530612245,FALSE
KXCPICOREYOY-24DEC,2025-01-08,2025-01-15,3,0,0,91,8.16326530612245,FALSE
KXCPICOREYOY-24DEC,2025-01-09,2025-01-15,3,0,0,91,8.16326530612245,FALSE
KXCPICOREYOY-24DEC,2025-01-10,2025-01-15,3,0,0,91,8.16326530612245,FALSE
KXCPICOREYOY-24DEC,2025-01-11,2025-01-15,3,0,0,91,8.16326530612245,FALSE
KXCPICOREYOY-24DEC,2025-01-12,2025-01-15,3,0,0,91,8.16326530612245,FALSE
KXCPICOREYOY-24DEC,2025-01-13,2025-01-15,3,0,0,93,6.122448979591836,FALSE
KXCPICOREYOY-24DEC,2025-01-14,2025-01-15,3,0,0,93,6.122448979591836,FALSE
KXCPICOREYOY-24DEC,2025-01-15,2025-01-15,3,0,0,93,6.122448979591836,FALSE
KXCPICOREYOY-24NOV,2024-11-22,2024-12-11,3,0,0,7.000000000000001,0,FALSE
KXCPICOREYOY-24NOV,2024-11-23,2024-12-11,3,0,0,37,0,FALSE
KXCPICOREYOY-24NOV,2024-11-24,2024-12-11,3,0,0,37,0,FALSE
KXCPICOREYOY-24NOV,2024-11-25,2024-12-11,3,0,0,37,0,FALSE
KXCPICOREYOY-24NOV,2024-11-26,2024-12-11,3,0,0,37,0,FALSE
KXCPICOREYOY-24NOV,2024-11-27,2024-12-11,3,99,8,99,63.265306122448976,FALSE
KXCPICOREYOY-24NOV,2024-11-28,2024-12-11,3,99,0,99,63.265306122448976,FALSE
KXCPICOREYOY-24NOV,2024-11-29,2024-12-11,3,99,0,99,63.265306122448976,FALSE
KXCPICOREYOY-24NOV,2024-11-30,2024-12-11,3,99,0,99,63.265306122448976,FALSE
KXCPICOREYOY-24NOV,2024-12-01,2024-12-11,3,99,0,99,63.265306122448976,FALSE
KXCPICOREYOY-24NOV,2024-12-02,2024-12-11,3,99,0,99,63.265306122448976,FALSE
KXCPICOREYOY-24NOV,2024-12-03,2024-12-11,3,99,0,99,0,FALSE
KXCPICOREYOY-24NOV,2024-12-04,2024-12-11,3,99,0,99,0,FALSE
KXCPICOREYOY-24NOV,2024-12-05,2024-12-11,3,99,0,99,0,FALSE
KXCPICOREYOY-24NOV,2024-12-06,2024-12-11,3,97,593,99,0,FALSE
KXCPICOREYOY-24NOV,2024-12-07,2024-12-11,3,97,0,97,2.0408163265306123,FALSE
KXCPICOREYOY-24NOV,2024-12-08,2024-12-11,3,97,0,97,2.0408163265306123,FALSE
KXCPICOREYOY-24NOV,2024-12-09,2024-12-11,3,97,0,97,2.0408163265306123,FALSE
KXCPICOREYOY-24NOV,2024-12-10,2024-12-11,3,99,16,99,0,FALSE
KXCPICOREYOY-24NOV,2024-12-11,2024-12-11,3,99,0,99,0,FALSE
KXCPICOREYOY-25APR,2025-04-13,2025-05-13,3,8,0,8,0,FALSE
KXCPICOREYOY-25APR,2025-04-14,2025-05-13,3,8,0,8,0,FALSE
KXCPICOREYOY-25APR,2025-04-15,2025-05-13,3,8,0,8,0,FALSE
KXCPICOREYOY-25APR,2025-04-16,2025-05-13,3,8,0,8,0,FALSE
KXCPICOREYOY-25APR,2025-04-17,2025-05-13,3,8,0,8,0,FALSE
KXCPICOREYOY-25APR,2025-04-18,2025-05-13,3,8,0,8,0,FALSE
KXCPICOREYOY-25APR,2025-04-19,2025-05-13,3,8,0,8,0,FALSE
KXCPICOREYOY-25APR,2025-04-20,2025-05-13,3,8,0,8,7.142857142857143,FALSE
KXCPICOREYOY-25APR,2025-04-21,2025-05-13,3,8,0,8,7.142857142857143,FALSE
KXCPICOREYOY-25APR,2025-04-22,2025-05-13,3,8,0,8,7.142857142857143,FALSE
KXCPICOREYOY-25APR,2025-04-23,2025-05-13,3,8,0,8,7.142857142857143,FALSE
KXCPICOREYOY-25APR,2025-04-24,2025-05-13,3,8,0,8,7.142857142857143,FALSE
KXCPICOREYOY-25APR,2025-04-25,2025-05-13,3,8,0,8,7.142857142857143,FALSE
KXCPICOREYOY-25APR,2025-04-26,2025-05-13,3,8,0,8,7.142857142857143,FALSE
KXCPICOREYOY-25APR,2025-04-27,2025-05-13,3,8,0,8,7.142857142857143,FALSE
KXCPICOREYOY-25APR,2025-04-28,2025-05-13,3,8,0,8,7.142857142857143,FALSE
KXCPICOREYOY-25APR,2025-04-29,2025-05-13,3,6,31,6,5.1020408163265305,FALSE
KXCPICOREYOY-25APR,2025-04-30,2025-05-13,3,6,0,6,5.1020408163265305,FALSE
KXCPICOREYOY-25APR,2025-05-01,2025-05-13,3,6,0,6,5.1020408163265305,FALSE
KXCPICOREYOY-25APR,2025-05-02,2025-05-13,3,6,0,6,5.1020408163265305,FALSE
KXCPICOREYOY-25APR,2025-05-03,2025-05-13,3,6,0,6,5.1020408163265305,FALSE
KXCPICOREYOY-25APR,2025-05-04,2025-05-13,3,6,0,6,5.1020408163265305,FALSE
KXCPICOREYOY-25APR,2025-05-05,2025-05-13,3,6,0,6,5.1020408163265305,FALSE
KXCPICOREYOY-25APR,2025-05-06,2025-05-13,3,16,280,16,10.204081632653061,FALSE
KXCPICOREYOY-25APR,2025-05-07,2025-05-13,3,16,0,16,10.204081632653061,FALSE
KXCPICOREYOY-25APR,2025-05-08,2025-05-13,3,16,0,16,10.204081632653061,FALSE
KXCPICOREYOY-25APR,2025-05-09,2025-05-13,3,16,0,16,10.204081632653061,FALSE
KXCPICOREYOY-25APR,2025-05-10,2025-05-13,3,16,0,16,5.1020408163265305,FALSE
KXCPICOREYOY-25APR,2025-05-11,2025-05-13,3,16,0,15,5.1020408163265305,FALSE
KXCPICOREYOY-25APR,2025-05-12,2025-05-13,3,16,0,15,5.1020408163265305,FALSE
KXCPICOREYOY-25APR,2025-05-13,2025-05-13,3,16,0,15,5.1020408163265305,FALSE
KXCPICOREYOY-25AUG,2025-08-12,2025-09-11,3,64,817,64,41.83673469387755,FALSE
KXCPICOREYOY-25AUG,2025-08-13,2025-09-11,3,62,190,62,34.69387755102041,FALSE
KXCPICOREYOY-25AUG,2025-08-14,2025-09-11,3,62,0,62,39.795918367346935,FALSE
KXCPICOREYOY-25AUG,2025-08-15,2025-09-11,3,62,0,62,39.795918367346935,FALSE
KXCPICOREYOY-25AUG,2025-08-16,2025-09-11,3,62,0,62,39.795918367346935,FALSE
KXCPICOREYOY-25AUG,2025-08-17,2025-09-11,3,63,10,63,40.816326530612244,FALSE
KXCPICOREYOY-25AUG,2025-08-18,2025-09-11,3,63,0,63,40.816326530612244,FALSE
KXCPICOREYOY-25AUG,2025-08-19,2025-09-11,3,63,0,63,40.816326530612244,FALSE
KXCPICOREYOY-25AUG,2025-08-20,2025-09-11,3,63,0,63,34.69387755102041,FALSE
KXCPICOREYOY-25AUG,2025-08-21,2025-09-11,3,63,307,63,34.69387755102041,FALSE
KXCPICOREYOY-25AUG,2025-08-22,2025-09-11,3,63,0,63,34.69387755102041,FALSE
KXCPICOREYOY-25AUG,2025-08-23,2025-09-11,3,63,15,63,35.714285714285715,FALSE
KXCPICOREYOY-25AUG,2025-08-24,2025-09-11,3,55.00000000000001,153,55.00000000000001,27.55102040816327,FALSE
KXCPICOREYOY-25AUG,2025-08-25,2025-09-11,3,56.99999999999999,37,56.99999999999999,29.591836734693867,FALSE
KXCPICOREYOY-25AUG,2025-08-26,2025-09-11,3,64,347,64,36.734693877551024,FALSE
KXCPICOREYOY-25AUG,2025-08-27,2025-09-11,3,64,52,64,36.734693877551024,FALSE
KXCPICOREYOY-25AUG,2025-08-28,2025-09-11,3,64,0,64,36.734693877551024,FALSE
KXCPICOREYOY-25AUG,2025-08-29,2025-09-11,3,64,0,64,36.734693877551024,FALSE
KXCPICOREYOY-25AUG,2025-08-30,2025-09-11,3,64,0,64,35.714285714285715,FALSE
KXCPICOREYOY-25AUG,2025-08-31,2025-09-11,3,64,0,64,35.714285714285715,FALSE
KXCPICOREYOY-25AUG,2025-09-01,2025-09-11,3,64,0,64,35.714285714285715,FALSE
KXCPICOREYOY-25AUG,2025-09-02,2025-09-11,3,64,33,64,34.69387755102041,FALSE
KXCPICOREYOY-25AUG,2025-09-03,2025-09-11,3,64,0,64,34.69387755102041,FALSE
KXCPICOREYOY-25AUG,2025-09-04,2025-09-11,3,64,0,64,34.69387755102041,FALSE
KXCPICOREYOY-25AUG,2025-09-05,2025-09-11,3,64,0,64,41.83673469387755,FALSE
KXCPICOREYOY-25AUG,2025-09-06,2025-09-11,3,60,11,60,37.755102040816325,FALSE
KXCPICOREYOY-25AUG,2025-09-07,2025-09-11,3,65,10,65,37.755102040816325,FALSE
KXCPICOREYOY-25AUG,2025-09-08,2025-09-11,3,65,0,65,40.816326530612244,FALSE
KXCPICOREYOY-25AUG,2025-09-09,2025-09-11,3,67,43,67,42.857142857142854,FALSE
KXCPICOREYOY-25AUG,2025-09-10,2025-09-11,3,63,776,63,36.734693877551024,FALSE
KXCPICOREYOY-25AUG,2025-09-11,2025-09-11,3,68,284,68,50,FALSE
KXCPICOREYOY-25DEC,2025-12-18,2026-01-13,3,0,0,46,0,FALSE
KXCPICOREYOY-25DEC,2025-12-19,2026-01-13,3,0,0,46,0,FALSE
KXCPICOREYOY-25DEC,2025-12-20,2026-01-13,3,0,0,9,0,FALSE
KXCPICOREYOY-25DEC,2025-12-21,2026-01-13,3,0,0,46,0,FALSE
KXCPICOREYOY-25DEC,2025-12-22,2026-01-13,3,3,10000,46,0,FALSE
KXCPICOREYOY-25DEC,2025-12-23,2026-01-13,3,3,0,46,0,FALSE
KXCPICOREYOY-25DEC,2025-12-24,2026-01-13,3,1,25,46,0,FALSE
KXCPICOREYOY-25DEC,2025-12-25,2026-01-13,3,1,0,46,0,FALSE
KXCPICOREYOY-25DEC,2025-12-26,2026-01-13,3,1,0,46,0,FALSE
KXCPICOREYOY-25DEC,2025-12-27,2026-01-13,3,1,0,46,0,FALSE
KXCPICOREYOY-25DEC,2025-12-28,2026-01-13,3,1,0,46,0,FALSE
KXCPICOREYOY-25DEC,2025-12-29,2026-01-13,3,1,0,46,0,FALSE
KXCPICOREYOY-25DEC,2025-12-30,2026-01-13,3,1,0,46,0,FALSE
KXCPICOREYOY-25DEC,2025-12-31,2026-01-13,3,4,23,46,0,FALSE
KXCPICOREYOY-25DEC,2026-01-01,2026-01-13,3,4,0,46,0,FALSE
KXCPICOREYOY-25DEC,2026-01-02,2026-01-13,3,2,420,46,0,FALSE
KXCPICOREYOY-25DEC,2026-01-03,2026-01-13,3,2,0,46,0,FALSE
KXCPICOREYOY-25DEC,2026-01-04,2026-01-13,3,2,0,46,0,FALSE
KXCPICOREYOY-25DEC,2026-01-05,2026-01-13,3,2,0,46,0,FALSE
KXCPICOREYOY-25DEC,2026-01-06,2026-01-13,3,2,0,46,0,FALSE
KXCPICOREYOY-25DEC,2026-01-07,2026-01-13,3,2,0,2,1.0204081632653061,FALSE
KXCPICOREYOY-25DEC,2026-01-08,2026-01-13,3,2,0,2,1.0204081632653061,FALSE
KXCPICOREYOY-25DEC,2026-01-09,2026-01-13,3,5,33,46,0,FALSE
KXCPICOREYOY-25DEC,2026-01-10,2026-01-13,3,5,0,46,0,FALSE
KXCPICOREYOY-25DEC,2026-01-11,2026-01-13,3,5,0,5,1.0204081632653061,FALSE
KXCPICOREYOY-25DEC,2026-01-12,2026-01-13,3,5,37,46,0,FALSE
KXCPICOREYOY-25DEC,2026-01-13,2026-01-13,3,3,62,46,0,FALSE
KXCPICOREYOY-25FEB,2025-02-10,2025-03-12,3,70,1,70,30.612244897959183,FALSE
KXCPICOREYOY-25FEB,2025-02-11,2025-03-12,3,70,0,70,30.612244897959183,FALSE
KXCPICOREYOY-25FEB,2025-02-12,2025-03-12,3,82,150,82,42.857142857142854,FALSE
KXCPICOREYOY-25FEB,2025-02-13,2025-03-12,3,81,6,81,22.448979591836736,FALSE
KXCPICOREYOY-25FEB,2025-02-14,2025-03-12,3,86,17,86,27.551020408163264,FALSE
KXCPICOREYOY-25FEB,2025-02-15,2025-03-12,3,86,0,86,27.551020408163264,FALSE
KXCPICOREYOY-25FEB,2025-02-16,2025-03-12,3,86,0,86,27.551020408163264,FALSE
KXCPICOREYOY-25FEB,2025-02-17,2025-03-12,3,86,0,86,27.551020408163264,FALSE
KXCPICOREYOY-25FEB,2025-02-18,2025-03-12,3,86,0,86,27.551020408163264,FALSE
KXCPICOREYOY-25FEB,2025-02-19,2025-03-12,3,86,0,86,27.551020408163264,FALSE
KXCPICOREYOY-25FEB,2025-02-20,2025-03-12,3,86,0,86,27.551020408163264,FALSE
KXCPICOREYOY-25FEB,2025-02-21,2025-03-12,3,86,0,86,27.551020408163264,FALSE
KXCPICOREYOY-25FEB,2025-02-22,2025-03-12,3,84,880,84,29.591836734693867,FALSE
KXCPICOREYOY-25FEB,2025-02-23,2025-03-12,3,84,0,84,29.591836734693867,FALSE
KXCPICOREYOY-25FEB,2025-02-24,2025-03-12,3,88,60,88,33.67346938775509,FALSE
KXCPICOREYOY-25FEB,2025-02-25,2025-03-12,3,85,870,85,30.612244897959176,FALSE
KXCPICOREYOY-25FEB,2025-02-26,2025-03-12,3,85,0,85,30.612244897959176,FALSE
KXCPICOREYOY-25FEB,2025-02-27,2025-03-12,3,85,0,85,30.612244897959176,FALSE
KXCPICOREYOY-25FEB,2025-02-28,2025-03-12,3,85,0,85,30.612244897959176,FALSE
KXCPICOREYOY-25FEB,2025-03-01,2025-03-12,3,85,0,85,30.612244897959176,FALSE
KXCPICOREYOY-25FEB,2025-03-02,2025-03-12,3,85,0,85,30.612244897959176,FALSE
KXCPICOREYOY-25FEB,2025-03-03,2025-03-12,3,90,721,90,39.795918367346935,FALSE
KXCPICOREYOY-25FEB,2025-03-04,2025-03-12,3,92,570,92,30.612244897959183,FALSE
KXCPICOREYOY-25FEB,2025-03-05,2025-03-12,3,94,1412,94,34.69387755102041,FALSE
KXCPICOREYOY-25FEB,2025-03-06,2025-03-12,3,94,0,94,38.77551020408163,FALSE
KXCPICOREYOY-25FEB,2025-03-07,2025-03-12,3,94,0,94,34.69387755102041,FALSE
KXCPICOREYOY-25FEB,2025-03-08,2025-03-12,3,93,10,93,33.673469387755105,FALSE
KXCPICOREYOY-25FEB,2025-03-09,2025-03-12,3,91,185,91,27.551020408163264,FALSE
KXCPICOREYOY-25FEB,2025-03-10,2025-03-12,3,91,98,91,24.489795918367346,FALSE
KXCPICOREYOY-25FEB,2025-03-11,2025-03-12,3,91,844,91,21.428571428571427,FALSE
KXCPICOREYOY-25FEB,2025-03-12,2025-03-12,3,98,144,98,39.795918367346935,FALSE
KXCPICOREYOY-25JAN,2025-01-13,2025-02-12,3,81,0,81,11.224489795918368,FALSE
KXCPICOREYOY-25JAN,2025-01-14,2025-02-12,3,81,0,81,11.224489795918368,FALSE
KXCPICOREYOY-25JAN,2025-01-15,2025-02-12,3,73,66,73,15.306122448979599,FALSE
KXCPICOREYOY-25JAN,2025-01-16,2025-02-12,3,73,0,73,15.306122448979599,FALSE
KXCPICOREYOY-25JAN,2025-01-17,2025-02-12,3,73,0,73,24.489795918367346,FALSE
KXCPICOREYOY-25JAN,2025-01-18,2025-02-12,3,73,0,73,24.489795918367346,FALSE
KXCPICOREYOY-25JAN,2025-01-19,2025-02-12,3,80,24,80,31.632653061224488,FALSE
KXCPICOREYOY-25JAN,2025-01-20,2025-02-12,3,82,30,82,33.673469387755105,FALSE
KXCPICOREYOY-25JAN,2025-01-21,2025-02-12,3,82,117,82,33.673469387755105,FALSE
KXCPICOREYOY-25JAN,2025-01-22,2025-02-12,3,81,38,81,22.448979591836736,FALSE
KXCPICOREYOY-25JAN,2025-01-23,2025-02-12,3,80,101,80,21.428571428571427,FALSE
KXCPICOREYOY-25JAN,2025-01-24,2025-02-12,3,80,9,80,21.428571428571427,FALSE
KXCPICOREYOY-25JAN,2025-01-25,2025-02-12,3,80,0,80,21.428571428571427,FALSE
KXCPICOREYOY-25JAN,2025-01-26,2025-02-12,3,80,0,80,21.428571428571427,FALSE
KXCPICOREYOY-25JAN,2025-01-27,2025-02-12,3,80,0,80,21.428571428571427,FALSE
KXCPICOREYOY-25JAN,2025-01-28,2025-02-12,3,80,0,80,21.428571428571427,FALSE
KXCPICOREYOY-25JAN,2025-01-29,2025-02-12,3,80,0,80,21.428571428571427,FALSE
KXCPICOREYOY-25JAN,2025-01-30,2025-02-12,3,80,0,80,21.428571428571427,FALSE
KXCPICOREYOY-25JAN,2025-01-31,2025-02-12,3,80,0,80,21.428571428571427,FALSE
KXCPICOREYOY-25JAN,2025-02-01,2025-02-12,3,80,0,80,21.428571428571427,FALSE
KXCPICOREYOY-25JAN,2025-02-02,2025-02-12,3,86,1,86,27.551020408163264,FALSE
KXCPICOREYOY-25JAN,2025-02-03,2025-02-12,3,86,0,86,27.551020408163264,FALSE
KXCPICOREYOY-25JAN,2025-02-04,2025-02-12,3,90,2,90,23.46938775510204,FALSE
KXCPICOREYOY-25JAN,2025-02-05,2025-02-12,3,90,196,90,23.46938775510204,FALSE
KXCPICOREYOY-25JAN,2025-02-06,2025-02-12,3,93,12,93,24.489795918367346,FALSE
KXCPICOREYOY-25JAN,2025-02-07,2025-02-12,3,84,40,84,16.3265306122449,FALSE
KXCPICOREYOY-25JAN,2025-02-08,2025-02-12,3,85,100,85,17.346938775510203,FALSE
KXCPICOREYOY-25JAN,2025-02-09,2025-02-12,3,86,1,86,18.367346938775512,FALSE
KXCPICOREYOY-25JAN,2025-02-10,2025-02-12,3,88,20,88,25.510204081632654,FALSE
KXCPICOREYOY-25JAN,2025-02-11,2025-02-12,3,89,30,89,20.408163265306122,FALSE
KXCPICOREYOY-25JAN,2025-02-12,2025-02-12,3,95,11,95,31.632653061224488,FALSE
KXCPICOREYOY-25JUL,2025-07-13,2025-08-12,3,37,0,37,26.53061224489796,FALSE
KXCPICOREYOY-25JUL,2025-07-14,2025-08-12,3,37,0,37,25.510204081632654,FALSE
KXCPICOREYOY-25JUL,2025-07-15,2025-08-12,3,46,1158,46,26.53061224489796,FALSE
KXCPICOREYOY-25JUL,2025-07-16,2025-08-12,3,46,1222,46,19.387755102040817,FALSE
KXCPICOREYOY-25JUL,2025-07-17,2025-08-12,3,53,653,53,26.53061224489796,FALSE
KXCPICOREYOY-25JUL,2025-07-18,2025-08-12,3,48,398,48,26.53061224489796,FALSE
KXCPICOREYOY-25JUL,2025-07-19,2025-08-12,3,54,47,54,32.6530612244898,FALSE
KXCPICOREYOY-25JUL,2025-07-20,2025-08-12,3,54,0,54,32.6530612244898,FALSE
KXCPICOREYOY-25JUL,2025-07-21,2025-08-12,3,54,0,54,32.6530612244898,FALSE
KXCPICOREYOY-25JUL,2025-07-22,2025-08-12,3,54,5,54,32.6530612244898,FALSE
KXCPICOREYOY-25JUL,2025-07-23,2025-08-12,3,54,0,54,34.69387755102041,FALSE
KXCPICOREYOY-25JUL,2025-07-24,2025-08-12,3,49,11,49,30.612244897959183,FALSE
KXCPICOREYOY-25JUL,2025-07-25,2025-08-12,3,54,57,54,35.714285714285715,FALSE
KXCPICOREYOY-25JUL,2025-07-26,2025-08-12,3,54,0,54,35.714285714285715,FALSE
KXCPICOREYOY-25JUL,2025-07-27,2025-08-12,3,53,1000,53,38.775510204081634,FALSE
KXCPICOREYOY-25JUL,2025-07-28,2025-08-12,3,50,18,50,35.714285714285715,FALSE
KXCPICOREYOY-25JUL,2025-07-29,2025-08-12,3,51,9,51,37.755102040816325,FALSE
KXCPICOREYOY-25JUL,2025-07-30,2025-08-12,3,38,2517,38,23.46938775510204,FALSE
KXCPICOREYOY-25JUL,2025-07-31,2025-08-12,3,53,161,53,41.83673469387755,FALSE
KXCPICOREYOY-25JUL,2025-08-01,2025-08-12,3,50,36,50,38.775510204081634,FALSE
KXCPICOREYOY-25JUL,2025-08-02,2025-08-12,3,48,3850,48,36.734693877551024,FALSE
KXCPICOREYOY-25JUL,2025-08-03,2025-08-12,3,47,1033,47,35.714285714285715,FALSE
KXCPICOREYOY-25JUL,2025-08-04,2025-08-12,3,47,3154,47,29.591836734693878,FALSE
KXCPICOREYOY-25JUL,2025-08-05,2025-08-12,3,42,3573,42,28.571428571428573,FALSE
KXCPICOREYOY-25JUL,2025-08-06,2025-08-12,3,47,688,47,37.755102040816325,FALSE
KXCPICOREYOY-25JUL,2025-08-07,2025-08-12,3,42,301,42,31.632653061224488,FALSE
KXCPICOREYOY-25JUL,2025-08-08,2025-08-12,3,41,458,41,36.734693877551024,FALSE
KXCPICOREYOY-25JUL,2025-08-09,2025-08-12,3,36,17,36,31.632653061224488,FALSE
KXCPICOREYOY-25JUL,2025-08-10,2025-08-12,3,43,2,43,34.69387755102041,FALSE
KXCPICOREYOY-25JUL,2025-08-11,2025-08-12,3,56.99999999999999,4754,56.99999999999999,49.99999999999999,FALSE
KXCPICOREYOY-25JUL,2025-08-12,2025-08-12,3,48,3428,48,39.795918367346935,FALSE
KXCPICOREYOY-25JUN,2025-06-15,2025-07-15,3,0,0,8,7.142857142857143,FALSE
KXCPICOREYOY-25JUN,2025-06-16,2025-07-15,3,0,0,8,7.142857142857143,FALSE
KXCPICOREYOY-25JUN,2025-06-17,2025-07-15,3,0,0,8,7.142857142857143,FALSE
KXCPICOREYOY-25JUN,2025-06-18,2025-07-15,3,0,0,8,7.142857142857143,FALSE
KXCPICOREYOY-25JUN,2025-06-19,2025-07-15,3,0,0,8,7.142857142857143,FALSE
KXCPICOREYOY-25JUN,2025-06-20,2025-07-15,3,0,0,8,7.142857142857143,FALSE
KXCPICOREYOY-25JUN,2025-06-21,2025-07-15,3,0,0,8,7.142857142857143,FALSE
KXCPICOREYOY-25JUN,2025-06-22,2025-07-15,3,10,67,10,3.0612244897959173,FALSE
KXCPICOREYOY-25JUN,2025-06-23,2025-07-15,3,10,0,10,3.0612244897959173,FALSE
KXCPICOREYOY-25JUN,2025-06-24,2025-07-15,3,10,0,10,3.0612244897959173,FALSE
KXCPICOREYOY-25JUN,2025-06-25,2025-07-15,3,10,0,10,3.0612244897959173,FALSE
KXCPICOREYOY-25JUN,2025-06-26,2025-07-15,3,18,52,18,11.224489795918368,FALSE
KXCPICOREYOY-25JUN,2025-06-27,2025-07-15,3,18,0,18,11.224489795918368,FALSE
KXCPICOREYOY-25JUN,2025-06-28,2025-07-15,3,18,0,18,11.224489795918368,FALSE
KXCPICOREYOY-25JUN,2025-06-29,2025-07-15,3,18,0,18,11.224489795918368,FALSE
KXCPICOREYOY-25JUN,2025-06-30,2025-07-15,3,18,0,18,11.224489795918368,FALSE
KXCPICOREYOY-25JUN,2025-07-01,2025-07-15,3,20,245,20,13.26530612244898,FALSE
KXCPICOREYOY-25JUN,2025-07-02,2025-07-15,3,20,0,20,13.26530612244898,FALSE
KXCPICOREYOY-25JUN,2025-07-03,2025-07-15,3,16,245,16,9.183673469387756,FALSE
KXCPICOREYOY-25JUN,2025-07-04,2025-07-15,3,15,4745,15,10.204081632653061,FALSE
KXCPICOREYOY-25JUN,2025-07-05,2025-07-15,3,14.000000000000002,30,14.000000000000002,9.183673469387758,FALSE
KXCPICOREYOY-25JUN,2025-07-06,2025-07-15,3,12,201,12,7.142857142857143,FALSE
KXCPICOREYOY-25JUN,2025-07-07,2025-07-15,3,12,0,12,7.142857142857143,FALSE
KXCPICOREYOY-25JUN,2025-07-08,2025-07-15,3,11,58,11,6.122448979591836,FALSE
KXCPICOREYOY-25JUN,2025-07-09,2025-07-15,3,12,39,12,3.061224489795918,FALSE
KXCPICOREYOY-25JUN,2025-07-10,2025-07-15,3,12,0,12,3.061224489795918,FALSE
KXCPICOREYOY-25JUN,2025-07-11,2025-07-15,3,12,0,12,3.061224489795918,FALSE
KXCPICOREYOY-25JUN,2025-07-12,2025-07-15,3,12,0,12,3.061224489795918,FALSE
KXCPICOREYOY-25JUN,2025-07-13,2025-07-15,3,12,0,12,3.061224489795918,FALSE
KXCPICOREYOY-25JUN,2025-07-14,2025-07-15,3,13,1002,13,6.1224489795918355,FALSE
KXCPICOREYOY-25JUN,2025-07-15,2025-07-15,3,6,44,6,1.0204081632653061,FALSE
KXCPICOREYOY-25MAR,2025-03-11,2025-04-10,3,0,0,28.000000000000004,17.34693877551021,FALSE
KXCPICOREYOY-25MAR,2025-03-12,2025-04-10,3,54,319,54,19.387755102040817,FALSE
KXCPICOREYOY-25MAR,2025-03-13,2025-04-10,3,54,190,54,18.367346938775512,FALSE
KXCPICOREYOY-25MAR,2025-03-14,2025-04-10,3,47,11,47,17.346938775510203,FALSE
KXCPICOREYOY-25MAR,2025-03-15,2025-04-10,3,47,0,47,17.346938775510203,FALSE
KXCPICOREYOY-25MAR,2025-03-16,2025-04-10,3,47,0,47,17.346938775510203,FALSE
KXCPICOREYOY-25MAR,2025-03-17,2025-04-10,3,47,0,47,17.346938775510203,FALSE
KXCPICOREYOY-25MAR,2025-03-18,2025-04-10,3,47,0,47,17.346938775510203,FALSE
KXCPICOREYOY-25MAR,2025-03-19,2025-04-10,3,47,50,47,22.448979591836736,FALSE
KXCPICOREYOY-25MAR,2025-03-20,2025-04-10,3,47,5,47,27.551020408163264,FALSE
KXCPICOREYOY-25MAR,2025-03-21,2025-04-10,3,47,0,47,26.53061224489796,FALSE
KXCPICOREYOY-25MAR,2025-03-22,2025-04-10,3,47,0,47,23.46938775510204,FALSE
KXCPICOREYOY-25MAR,2025-03-23,2025-04-10,3,47,0,47,23.46938775510204,FALSE
KXCPICOREYOY-25MAR,2025-03-24,2025-04-10,3,47,0,47,23.46938775510204,FALSE
KXCPICOREYOY-25MAR,2025-03-25,2025-04-10,3,48,40,48,24.489795918367346,FALSE
KXCPICOREYOY-25MAR,2025-03-26,2025-04-10,3,46,2560,46,22.448979591836736,FALSE
KXCPICOREYOY-25MAR,2025-03-27,2025-04-10,3,46,0,46,22.448979591836736,FALSE
KXCPICOREYOY-25MAR,2025-03-28,2025-04-10,3,46,0,46,22.448979591836736,FALSE
KXCPICOREYOY-25MAR,2025-03-29,2025-04-10,3,46,0,46,22.448979591836736,FALSE
KXCPICOREYOY-25MAR,2025-03-30,2025-04-10,3,46,0,46,22.448979591836736,FALSE
KXCPICOREYOY-25MAR,2025-03-31,2025-04-10,3,37,204,37,13.26530612244898,FALSE
KXCPICOREYOY-25MAR,2025-04-01,2025-04-10,3,45,30,45,21.428571428571427,FALSE
KXCPICOREYOY-25MAR,2025-04-02,2025-04-10,3,33,302,33,21.428571428571427,FALSE
KXCPICOREYOY-25MAR,2025-04-03,2025-04-10,3,33,0,33,21.428571428571427,FALSE
KXCPICOREYOY-25MAR,2025-04-04,2025-04-10,3,43,32,43,31.632653061224488,FALSE
KXCPICOREYOY-25MAR,2025-04-05,2025-04-10,3,43,202,43,31.632653061224488,FALSE
KXCPICOREYOY-25MAR,2025-04-06,2025-04-10,3,43,0,43,31.632653061224488,FALSE
KXCPICOREYOY-25MAR,2025-04-07,2025-04-10,3,35,3,35,23.46938775510204,FALSE
KXCPICOREYOY-25MAR,2025-04-08,2025-04-10,3,34,250,34,22.448979591836736,FALSE
KXCPICOREYOY-25MAR,2025-04-09,2025-04-10,3,11,23512,11,7.142857142857143,FALSE
KXCPICOREYOY-25MAR,2025-04-10,2025-04-10,3,10,30,10,6.122448979591836,FALSE
KXCPICOREYOY-25MAY,2025-06-01,2025-06-11,3,0,0,3,2.0408163265306123,FALSE
KXCPICOREYOY-25MAY,2025-06-02,2025-06-11,3,0,0,2,1.0204081632653061,FALSE
KXCPICOREYOY-25MAY,2025-06-03,2025-06-11,3,6,30,6,4.081632653061225,FALSE
KXCPICOREYOY-25MAY,2025-06-04,2025-06-11,3,6,0,6,4.081632653061225,FALSE
KXCPICOREYOY-25MAY,2025-06-05,2025-06-11,3,6,0,6,4.081632653061225,FALSE
KXCPICOREYOY-25MAY,2025-06-06,2025-06-11,3,6,0,6,4.081632653061225,FALSE
KXCPICOREYOY-25MAY,2025-06-07,2025-06-11,3,6,0,6,4.081632653061225,FALSE
KXCPICOREYOY-25MAY,2025-06-08,2025-06-11,3,6,0,6,4.081632653061225,FALSE
KXCPICOREYOY-25MAY,2025-06-09,2025-06-11,3,6,15,6,5.1020408163265305,FALSE
KXCPICOREYOY-25MAY,2025-06-10,2025-06-11,3,6,0,6,5.1020408163265305,FALSE
KXCPICOREYOY-25MAY,2025-06-11,2025-06-11,3,6,0,6,5.1020408163265305,FALSE
KXCPICOREYOY-25NOV,2025-11-18,2025-12-18,3,50,20,50,20.408163265306122,FALSE
KXCPICOREYOY-25NOV,2025-11-19,2025-12-18,3,52,38,52,22.448979591836736,FALSE
KXCPICOREYOY-25NOV,2025-11-20,2025-12-18,3,54,18,54,24.489795918367346,FALSE
KXCPICOREYOY-25NOV,2025-11-21,2025-12-18,3,48,131,48,26.53061224489796,FALSE
KXCPICOREYOY-25NOV,2025-11-22,2025-12-18,3,47,299,47,25.510204081632654,FALSE
KXCPICOREYOY-25NOV,2025-11-23,2025-12-18,3,51,372,51,30.612244897959183,FALSE
KXCPICOREYOY-25NOV,2025-11-24,2025-12-18,3,50,10120,50,29.591836734693878,FALSE
KXCPICOREYOY-25NOV,2025-11-25,2025-12-18,3,40,27032,40,18.367346938775512,FALSE
KXCPICOREYOY-25NOV,2025-11-26,2025-12-18,3,45,83,45,24.489795918367346,FALSE
KXCPICOREYOY-25NOV,2025-11-27,2025-12-18,3,39,3,39,18.367346938775512,FALSE
KXCPICOREYOY-25NOV,2025-11-28,2025-12-18,3,46,1,46,24.489795918367346,FALSE
KXCPICOREYOY-25NOV,2025-11-29,2025-12-18,3,46,221,46,24.489795918367346,FALSE
KXCPICOREYOY-25NOV,2025-11-30,2025-12-18,3,46,0,46,24.489795918367346,FALSE
KXCPICOREYOY-25NOV,2025-12-01,2025-12-18,3,36,25242,36,17.346938775510203,FALSE
KXCPICOREYOY-25NOV,2025-12-02,2025-12-18,3,38,545,38,22.448979591836736,FALSE
KXCPICOREYOY-25NOV,2025-12-03,2025-12-18,3,39,1366,39,23.46938775510204,FALSE
KXCPICOREYOY-25NOV,2025-12-04,2025-12-18,3,38,25306,38,22.448979591836736,FALSE
KXCPICOREYOY-25NOV,2025-12-05,2025-12-18,3,27,250,27,18.367346938775512,FALSE
KXCPICOREYOY-25NOV,2025-12-06,2025-12-18,3,34,88,34,20.408163265306122,FALSE
KXCPICOREYOY-25NOV,2025-12-07,2025-12-18,3,34,0,34,20.408163265306122,FALSE
KXCPICOREYOY-25NOV,2025-12-08,2025-12-18,3,35,108,35,27.551020408163264,FALSE
KXCPICOREYOY-25NOV,2025-12-09,2025-12-18,3,25,459,25,17.346938775510203,FALSE
KXCPICOREYOY-25NOV,2025-12-10,2025-12-18,3,23,179,23,17.346938775510203,FALSE
KXCPICOREYOY-25NOV,2025-12-11,2025-12-18,3,21,628,21,18.367346938775512,FALSE
KXCPICOREYOY-25NOV,2025-12-12,2025-12-18,3,21,11,21,17.346938775510203,FALSE
KXCPICOREYOY-25NOV,2025-12-13,2025-12-18,3,21,40,21,17.346938775510203,FALSE
KXCPICOREYOY-25NOV,2025-12-14,2025-12-18,3,20,40,20,16.3265306122449,FALSE
KXCPICOREYOY-25NOV,2025-12-15,2025-12-18,3,21,245,21,17.346938775510203,FALSE
KXCPICOREYOY-25NOV,2025-12-16,2025-12-18,3,15,10677,15,12.244897959183673,FALSE
KXCPICOREYOY-25NOV,2025-12-17,2025-12-18,3,15,2623,15,11.224489795918368,FALSE
KXCPICOREYOY-25NOV,2025-12-18,2025-12-18,3,16,836,16,12.244897959183673,FALSE
KXCPICOREYOY-25OCT,2025-10-14,2025-11-13,3,0,0,39,61.224489795918366,FALSE
KXCPICOREYOY-25OCT,2025-10-15,2025-11-13,3,68,44,68,37.755102040816325,FALSE
KXCPICOREYOY-25OCT,2025-10-16,2025-11-13,3,68,0,68,44.89795918367347,FALSE
KXCPICOREYOY-25OCT,2025-10-17,2025-11-13,3,68,0,68,41.83673469387755,FALSE
KXCPICOREYOY-25OCT,2025-10-18,2025-11-13,3,57.99999999999999,228,57.99999999999999,28.571428571428562,FALSE
KXCPICOREYOY-25OCT,2025-10-19,2025-11-13,3,57.99999999999999,0,57.99999999999999,28.571428571428562,FALSE
KXCPICOREYOY-25OCT,2025-10-20,2025-11-13,3,57.99999999999999,0,57.99999999999999,35.71428571428571,FALSE
KXCPICOREYOY-25OCT,2025-10-21,2025-11-13,3,57.99999999999999,0,57.99999999999999,31.63265306122448,FALSE
KXCPICOREYOY-25OCT,2025-10-22,2025-11-13,3,57.99999999999999,0,57.99999999999999,35.71428571428571,FALSE
KXCPICOREYOY-25OCT,2025-10-23,2025-11-13,3,56.00000000000001,1321,56.00000000000001,35.71428571428572,FALSE
KXCPICOREYOY-25OCT,2025-10-24,2025-11-13,3,20,114,48,40.816326530612244,FALSE
KXCPICOREYOY-25OCT,2025-10-25,2025-11-13,3,60,100,60,29.591836734693878,FALSE
KXCPICOREYOY-25OCT,2025-10-26,2025-11-13,3,65,124,65,31.632653061224488,FALSE
KXCPICOREYOY-25OCT,2025-10-27,2025-11-13,3,59,336,59,32.6530612244898,FALSE
KXCPICOREYOY-25OCT,2025-10-28,2025-11-13,3,62,15,62,35.714285714285715,FALSE
KXCPICOREYOY-25OCT,2025-10-29,2025-11-13,3,64,94,64,37.755102040816325,FALSE
KXCPICOREYOY-25OCT,2025-10-30,2025-11-13,3,62,78,62,35.714285714285715,FALSE
KXCPICOREYOY-25OCT,2025-10-31,2025-11-13,3,62,0,62,33.673469387755105,FALSE
KXCPICOREYOY-25OCT,2025-11-01,2025-11-13,3,62,0,62,33.673469387755105,FALSE
KXCPICOREYOY-25OCT,2025-11-02,2025-11-13,3,56.00000000000001,123,56.00000000000001,30.612244897959194,FALSE
KXCPICOREYOY-25OCT,2025-11-03,2025-11-13,3,49,10,49,23.46938775510204,FALSE
KXCPICOREYOY-25OCT,2025-11-04,2025-11-13,3,49,0,49,23.46938775510204,FALSE
KXCPICOREYOY-25OCT,2025-11-05,2025-11-13,3,49,0,49,23.46938775510204,FALSE
KXCPICOREYOY-25OCT,2025-11-06,2025-11-13,3,49,0,49,23.46938775510204,FALSE
KXCPICOREYOY-25OCT,2025-11-07,2025-11-13,3,51,19,51,27.551020408163264,FALSE
KXCPICOREYOY-25OCT,2025-11-08,2025-11-13,3,51,0,51,27.551020408163264,FALSE
KXCPICOREYOY-25OCT,2025-11-09,2025-11-13,3,51,0,51,27.551020408163264,FALSE
KXCPICOREYOY-25OCT,2025-11-10,2025-11-13,3,56.99999999999999,3,56.99999999999999,13.265306122448973,FALSE
KXCPICOREYOY-25OCT,2025-11-11,2025-11-13,3,56.00000000000001,176,56.00000000000001,27.551020408163275,FALSE
KXCPICOREYOY-25OCT,2025-11-12,2025-11-13,3,74,310,74,12.244897959183673,FALSE
KXCPICOREYOY-25OCT,2025-11-13,2025-11-13,3,85,80,85,14.285714285714286,FALSE
KXCPICOREYOY-25SEP,2025-09-15,2025-10-15,3,62,1456,62,36.734693877551024,FALSE
KXCPICOREYOY-25SEP,2025-09-16,2025-10-15,3,59,625,59,36.734693877551024,FALSE
KXCPICOREYOY-25SEP,2025-09-17,2025-10-15,3,59,0,59,36.734693877551024,FALSE
KXCPICOREYOY-25SEP,2025-09-18,2025-10-15,3,60,16,60,38.775510204081634,FALSE
KXCPICOREYOY-25SEP,2025-09-19,2025-10-15,3,56.99999999999999,100,56.99999999999999,35.71428571428571,FALSE
KXCPICOREYOY-25SEP,2025-09-20,2025-10-15,3,56.99999999999999,0,56.99999999999999,35.71428571428571,FALSE
KXCPICOREYOY-25SEP,2025-09-21,2025-10-15,3,56.99999999999999,0,56.99999999999999,35.71428571428571,FALSE
KXCPICOREYOY-25SEP,2025-09-22,2025-10-15,3,60,51,60,38.775510204081634,FALSE
KXCPICOREYOY-25SEP,2025-09-23,2025-10-15,3,60,0,60,38.775510204081634,FALSE
KXCPICOREYOY-25SEP,2025-09-24,2025-10-15,3,60,0,60,38.775510204081634,FALSE
KXCPICOREYOY-25SEP,2025-09-25,2025-10-15,3,60,1749,60,38.775510204081634,FALSE
KXCPICOREYOY-25SEP,2025-09-26,2025-10-15,3,60,83,60,38.775510204081634,FALSE
KXCPICOREYOY-25SEP,2025-09-27,2025-10-15,3,60,0,60,38.775510204081634,FALSE
KXCPICOREYOY-25SEP,2025-09-28,2025-10-15,3,60,0,60,38.775510204081634,FALSE
KXCPICOREYOY-25SEP,2025-09-29,2025-10-15,3,62,32,62,35.714285714285715,FALSE
KXCPICOREYOY-25SEP,2025-09-30,2025-10-15,3,62,0,62,35.714285714285715,FALSE
KXCPICOREYOY-25SEP,2025-10-01,2025-10-15,3,63,171,63,40.816326530612244,FALSE
KXCPICOREYOY-25SEP,2025-10-02,2025-10-15,3,59,118,59,38.775510204081634,FALSE
KXCPICOREYOY-25SEP,2025-10-03,2025-10-15,3,59,22,59,33.673469387755105,FALSE
KXCPICOREYOY-25SEP,2025-10-04,2025-10-15,3,56.99999999999999,171,56.99999999999999,31.63265306122448,FALSE
KXCPICOREYOY-25SEP,2025-10-05,2025-10-15,3,56.99999999999999,0,56.99999999999999,31.63265306122448,FALSE
KXCPICOREYOY-25SEP,2025-10-06,2025-10-15,3,60,200,60,38.775510204081634,FALSE
KXCPICOREYOY-25SEP,2025-10-07,2025-10-15,3,65,1860,65,44.89795918367347,FALSE
KXCPICOREYOY-25SEP,2025-10-08,2025-10-15,3,64,22,64,40.816326530612244,FALSE
KXCPICOREYOY-25SEP,2025-10-09,2025-10-15,3,61,1500,61,40.816326530612244,FALSE
KXCPICOREYOY-25SEP,2025-10-10,2025-10-15,3,65,1726,65,37.755102040816325,FALSE
KXCPICOREYOY-25SEP,2025-10-11,2025-10-15,3,65,0,65,37.755102040816325,FALSE
KXCPICOREYOY-25SEP,2025-10-12,2025-10-15,3,65,0,65,37.755102040816325,FALSE
KXCPICOREYOY-25SEP,2025-10-13,2025-10-15,3,65,0,65,36.734693877551024,FALSE
KXCPICOREYOY-25SEP,2025-10-14,2025-10-15,3,65,80,65,45.91836734693877,FALSE
KXCPICOREYOY-25SEP,2025-10-15,2025-10-15,3,68,35,68,48.97959183673469,FALSE
KXCPICOREYOY-26APR,2026-04-12,2026-05-12,3,9,0,6,4.081632653061225,FALSE
KXCPICOREYOY-26APR,2026-04-13,2026-05-12,3,5,18.75,5,4.081632653061225,FALSE
KXCPICOREYOY-26APR,2026-04-14,2026-05-12,3,5,0,5,4.081632653061225,FALSE
KXCPICOREYOY-26APR,2026-04-15,2026-05-12,3,5,0,5,4.081632653061225,FALSE
KXCPICOREYOY-26APR,2026-04-16,2026-05-12,3,5,0,5,4.081632653061225,FALSE
KXCPICOREYOY-26APR,2026-04-17,2026-05-12,3,5,0,5,4.081632653061225,FALSE
KXCPICOREYOY-26APR,2026-04-18,2026-05-12,3,5,0,2,0,FALSE
KXCPICOREYOY-26APR,2026-04-19,2026-05-12,3,5,0,2,0,FALSE
KXCPICOREYOY-26APR,2026-04-20,2026-05-12,3,5,0,2,0,FALSE
KXCPICOREYOY-26APR,2026-04-21,2026-05-12,3,5,0,2,0,FALSE
KXCPICOREYOY-26APR,2026-04-22,2026-05-12,3,5,0,2,0,FALSE
KXCPICOREYOY-26APR,2026-04-23,2026-05-12,3,2,20,2,0,FALSE
KXCPICOREYOY-26APR,2026-04-24,2026-05-12,3,2,0,2,0,FALSE
KXCPICOREYOY-26APR,2026-04-25,2026-05-12,3,2,10,2,0,FALSE
KXCPICOREYOY-26APR,2026-04-26,2026-05-12,3,2,0,2,1.0204081632653061,FALSE
KXCPICOREYOY-26APR,2026-04-27,2026-05-12,3,2,0,2,1.0204081632653061,FALSE
KXCPICOREYOY-26APR,2026-04-28,2026-05-12,3,2,0,2,1.0204081632653061,FALSE
KXCPICOREYOY-26APR,2026-04-29,2026-05-12,3,2,0,2,1.0204081632653061,FALSE
KXCPICOREYOY-26APR,2026-04-30,2026-05-12,3,2,0,2,0,FALSE
KXCPICOREYOY-26APR,2026-05-01,2026-05-12,3,3,31.21,3,1.0204081632653061,FALSE
KXCPICOREYOY-26APR,2026-05-02,2026-05-12,3,3,0,3,1.0204081632653061,FALSE
KXCPICOREYOY-26APR,2026-05-03,2026-05-12,3,3,0,3,1.0204081632653061,FALSE
KXCPICOREYOY-26APR,2026-05-04,2026-05-12,3,3,0,3,1.0204081632653061,FALSE
KXCPICOREYOY-26APR,2026-05-05,2026-05-12,3,3,156.06,3,1.0204081632653061,FALSE
KXCPICOREYOY-26APR,2026-05-06,2026-05-12,3,3,0,3,1.0204081632653061,FALSE
KXCPICOREYOY-26APR,2026-05-07,2026-05-12,3,3,0,3,1.0204081632653061,FALSE
KXCPICOREYOY-26APR,2026-05-08,2026-05-12,3,3,0,3,1.0204081632653061,FALSE
KXCPICOREYOY-26APR,2026-05-09,2026-05-12,3,3,0,3,1.0204081632653061,FALSE
KXCPICOREYOY-26APR,2026-05-10,2026-05-12,3,3,0,3,1.0204081632653061,FALSE
KXCPICOREYOY-26APR,2026-05-11,2026-05-12,3,3,0,3,0,FALSE
KXCPICOREYOY-26APR,2026-05-12,2026-05-12,3,3,0,2,0,FALSE
KXCPICOREYOY-26AUG,2026-07-04,2026-08-03,3,0,0,22,0,FALSE
KXCPICOREYOY-26AUG,2026-07-05,2026-08-03,3,0,0,22,0,FALSE
KXCPICOREYOY-26AUG,2026-07-06,2026-08-03,3,0,0,22,0,FALSE
KXCPICOREYOY-26AUG,2026-07-07,2026-08-03,3,0,0,22,0,FALSE
KXCPICOREYOY-26AUG,2026-07-08,2026-08-03,3,0,0,5,0,FALSE
KXCPICOREYOY-26AUG,2026-07-09,2026-08-03,3,0,0,5,0,FALSE
KXCPICOREYOY-26AUG,2026-07-10,2026-08-03,3,0,0,5,0,FALSE
KXCPICOREYOY-26AUG,2026-07-11,2026-08-03,3,0,0,5,0,FALSE
KXCPICOREYOY-26AUG,2026-07-12,2026-08-03,3,0,0,5,0,FALSE
KXCPICOREYOY-26AUG,2026-07-13,2026-08-03,3,0,0,5,0,FALSE
KXCPICOREYOY-26AUG,2026-07-14,2026-08-03,3,0,0,5,0,FALSE
KXCPICOREYOY-26AUG,2026-07-15,2026-08-03,3,0,0,5,0,FALSE
KXCPICOREYOY-26AUG,2026-07-16,2026-08-03,3,0,0,8,0,FALSE
KXCPICOREYOY-26AUG,2026-07-17,2026-08-03,3,0,0,8,0,FALSE
KXCPICOREYOY-26AUG,2026-07-18,2026-08-03,3,0,0,8,0,FALSE
KXCPICOREYOY-26AUG,2026-07-19,2026-08-03,3,0,0,8,0,FALSE
KXCPICOREYOY-26AUG,2026-07-20,2026-08-03,3,0,0,8,0,FALSE
KXCPICOREYOY-26AUG,2026-07-21,2026-08-03,3,0,0,8,0,FALSE
KXCPICOREYOY-26AUG,2026-07-22,2026-08-03,3,2,3,2,0,FALSE
KXCPICOREYOY-26AUG,2026-07-23,2026-08-03,3,2,0,2,0,FALSE
KXCPICOREYOY-26AUG,2026-07-24,2026-08-03,3,2,0,2,0,FALSE
KXCPICOREYOY-26AUG,2026-07-25,2026-08-03,3,2,0,2,0,FALSE
KXCPICOREYOY-26AUG,2026-07-26,2026-08-03,3,2,0,2,0,FALSE
KXCPICOREYOY-26AUG,2026-07-27,2026-08-03,3,2,0,2,0,FALSE
KXCPICOREYOY-26AUG,2026-07-28,2026-08-03,3,2,0,2,0,FALSE
KXCPICOREYOY-26AUG,2026-07-29,2026-08-03,3,2,0,2,0,FALSE
KXCPICOREYOY-26AUG,2026-07-30,2026-08-03,3,2,0,2,0,FALSE
KXCPICOREYOY-26AUG,2026-07-31,2026-08-03,3,2,0,2,0,FALSE
KXCPICOREYOY-26AUG,2026-08-01,2026-08-03,3,2,0,2,0,FALSE
KXCPICOREYOY-26AUG,2026-08-02,2026-08-03,3,2,0,2,0,FALSE
KXCPICOREYOY-26AUG,2026-08-03,2026-08-03,3,1,2,1,0,FALSE
KXCPICOREYOY-26FEB,2026-02-12,2026-03-11,3,0,0,19,0,FALSE
KXCPICOREYOY-26FEB,2026-02-13,2026-03-11,3,6,113,6,0,FALSE
KXCPICOREYOY-26FEB,2026-02-14,2026-03-11,3,6,0,1,0,FALSE
KXCPICOREYOY-26FEB,2026-02-15,2026-03-11,3,6,0,1,0,FALSE
KXCPICOREYOY-26FEB,2026-02-16,2026-03-11,3,6,0,1,0,FALSE
KXCPICOREYOY-26FEB,2026-02-17,2026-03-11,3,6,0,1,0,FALSE
KXCPICOREYOY-26FEB,2026-02-18,2026-03-11,3,6,0,1,0,FALSE
KXCPICOREYOY-26FEB,2026-02-19,2026-03-11,3,6,0,1,0,FALSE
KXCPICOREYOY-26FEB,2026-02-20,2026-03-11,3,6,0,1,0,FALSE
KXCPICOREYOY-26FEB,2026-02-21,2026-03-11,3,6,0,1,0,FALSE
KXCPICOREYOY-26FEB,2026-02-22,2026-03-11,3,6,0,1,0,FALSE
KXCPICOREYOY-26FEB,2026-02-23,2026-03-11,3,6,0,1,0,FALSE
KXCPICOREYOY-26FEB,2026-02-24,2026-03-11,3,6,0,1,0,FALSE
KXCPICOREYOY-26FEB,2026-02-25,2026-03-11,3,6,0,1,0,FALSE
KXCPICOREYOY-26FEB,2026-02-26,2026-03-11,3,6,0,1,0,FALSE
KXCPICOREYOY-26FEB,2026-02-27,2026-03-11,3,6,0,1,0,FALSE
KXCPICOREYOY-26FEB,2026-02-28,2026-03-11,3,6,0,1,0,FALSE
KXCPICOREYOY-26FEB,2026-03-01,2026-03-11,3,6,0,1,0,FALSE
KXCPICOREYOY-26FEB,2026-03-02,2026-03-11,3,6,0,1,0,FALSE
KXCPICOREYOY-26FEB,2026-03-03,2026-03-11,3,6,0,1,0,FALSE
KXCPICOREYOY-26FEB,2026-03-04,2026-03-11,3,6,0,1,0,FALSE
KXCPICOREYOY-26FEB,2026-03-05,2026-03-11,3,6,0,1,0,FALSE
KXCPICOREYOY-26FEB,2026-03-06,2026-03-11,3,6,0,1,0,FALSE
KXCPICOREYOY-26FEB,2026-03-07,2026-03-11,3,6,0,1,0,FALSE
KXCPICOREYOY-26FEB,2026-03-08,2026-03-11,3,1,10,1,0,FALSE
KXCPICOREYOY-26FEB,2026-03-09,2026-03-11,3,1,50,1,0,FALSE
KXCPICOREYOY-26FEB,2026-03-10,2026-03-11,3,8,202,3,0,FALSE
KXCPICOREYOY-26FEB,2026-03-11,2026-03-11,3,8,0,2,0,FALSE
KXCPICOREYOY-26JAN,2026-01-15,2026-02-13,3,0,0,9,0,FALSE
KXCPICOREYOY-26JAN,2026-01-16,2026-02-13,3,0,0,9,0,FALSE
KXCPICOREYOY-26JAN,2026-01-17,2026-02-13,3,0,0,9,0,FALSE
KXCPICOREYOY-26JAN,2026-01-18,2026-02-13,3,20,4,20,0,FALSE
KXCPICOREYOY-26JAN,2026-01-19,2026-02-13,3,21,362,21,12.244897959183673,FALSE
KXCPICOREYOY-26JAN,2026-01-20,2026-02-13,3,21,0,21,13.265306122448981,FALSE
KXCPICOREYOY-26JAN,2026-01-21,2026-02-13,3,21,0,21,13.265306122448981,FALSE
KXCPICOREYOY-26JAN,2026-01-22,2026-02-13,3,21,0,18,0,FALSE
KXCPICOREYOY-26JAN,2026-01-23,2026-02-13,3,21,0,15,0,FALSE
KXCPICOREYOY-26JAN,2026-01-24,2026-02-13,3,21,0,15,0,FALSE
KXCPICOREYOY-26JAN,2026-01-25,2026-02-13,3,21,0,7.000000000000001,0,FALSE
KXCPICOREYOY-26JAN,2026-01-26,2026-02-13,3,21,0,7.000000000000001,0,FALSE
KXCPICOREYOY-26JAN,2026-01-27,2026-02-13,3,21,0,12,0,FALSE
KXCPICOREYOY-26JAN,2026-01-28,2026-02-13,3,11,110,11,4.081632653061224,FALSE
KXCPICOREYOY-26JAN,2026-01-29,2026-02-13,3,4,95,4,3.061224489795918,FALSE
KXCPICOREYOY-26JAN,2026-01-30,2026-02-13,3,7.000000000000001,628,7.000000000000001,2.040816326530613,FALSE
KXCPICOREYOY-26JAN,2026-01-31,2026-02-13,3,7.000000000000001,0,7.000000000000001,2.040816326530613,FALSE
KXCPICOREYOY-26JAN,2026-02-01,2026-02-13,3,7.000000000000001,0,7.000000000000001,2.040816326530613,FALSE
KXCPICOREYOY-26JAN,2026-02-02,2026-02-13,3,7.000000000000001,0,7.000000000000001,2.040816326530613,FALSE
KXCPICOREYOY-26JAN,2026-02-03,2026-02-13,3,7.000000000000001,0,7.000000000000001,2.040816326530613,FALSE
KXCPICOREYOY-26JAN,2026-02-04,2026-02-13,3,7.000000000000001,0,1,0,FALSE
KXCPICOREYOY-26JAN,2026-02-05,2026-02-13,3,7.000000000000001,0,2,0,FALSE
KXCPICOREYOY-26JAN,2026-02-06,2026-02-13,3,7.000000000000001,0,1,0,FALSE
KXCPICOREYOY-26JAN,2026-02-07,2026-02-13,3,7.000000000000001,0,7.000000000000001,2.040816326530613,FALSE
KXCPICOREYOY-26JAN,2026-02-08,2026-02-13,3,7.000000000000001,0,7.000000000000001,2.040816326530613,FALSE
KXCPICOREYOY-26JAN,2026-02-09,2026-02-13,3,7.000000000000001,0,2,0,FALSE
KXCPICOREYOY-26JAN,2026-02-10,2026-02-13,3,7.000000000000001,0,1,0,FALSE
KXCPICOREYOY-26JAN,2026-02-11,2026-02-13,3,7.000000000000001,0,3,0,FALSE
KXCPICOREYOY-26JAN,2026-02-12,2026-02-13,3,7.000000000000001,0,2,0,FALSE
KXCPICOREYOY-26JAN,2026-02-13,2026-02-13,3,7.000000000000001,0,7.000000000000001,2.040816326530613,FALSE
KXCPICOREYOY-26JUL,2026-07-06,2026-08-05,3,19,0,19,18.367346938775512,FALSE
KXCPICOREYOY-26JUL,2026-07-07,2026-08-05,3,19,0,19,18.367346938775512,FALSE
KXCPICOREYOY-26JUL,2026-07-08,2026-08-05,3,19,0,19,18.367346938775512,FALSE
KXCPICOREYOY-26JUL,2026-07-09,2026-08-05,3,19,0,19,18.367346938775512,FALSE
KXCPICOREYOY-26JUL,2026-07-10,2026-08-05,3,19,2000,19,18.367346938775512,FALSE
KXCPICOREYOY-26JUL,2026-07-11,2026-08-05,3,19,0,19,18.367346938775512,FALSE
KXCPICOREYOY-26JUL,2026-07-12,2026-08-05,3,19,0,19,18.367346938775512,FALSE
KXCPICOREYOY-26JUL,2026-07-13,2026-08-05,3,19,0,5,0,FALSE
KXCPICOREYOY-26JUL,2026-07-14,2026-08-05,3,9,12,1,0,FALSE
KXCPICOREYOY-26JUL,2026-07-15,2026-08-05,3,9,10,2,0,FALSE
KXCPICOREYOY-26JUL,2026-07-16,2026-08-05,3,9,0,3,0,FALSE
KXCPICOREYOY-26JUL,2026-07-17,2026-08-05,3,8,10,3,0,FALSE
KXCPICOREYOY-26JUL,2026-07-18,2026-08-05,3,8,0,3,0,FALSE
KXCPICOREYOY-26JUL,2026-07-19,2026-08-05,3,8,0,8,3.061224489795918,FALSE
KXCPICOREYOY-26JUL,2026-07-20,2026-08-05,3,8,0,8,0,FALSE
KXCPICOREYOY-26JUL,2026-07-21,2026-08-05,3,5,10,5,1.0204081632653061,FALSE
KXCPICOREYOY-26JUL,2026-07-22,2026-08-05,3,5,200,5,0,FALSE
KXCPICOREYOY-26JUL,2026-07-23,2026-08-05,3,4,549,4,1.0204081632653061,FALSE
KXCPICOREYOY-26JUL,2026-07-24,2026-08-05,3,4,0,4,0,FALSE
KXCPICOREYOY-26JUL,2026-07-25,2026-08-05,3,3,62.42,3,0,FALSE
KXCPICOREYOY-26JUL,2026-07-26,2026-08-05,3,3,0,3,0,FALSE
KXCPICOREYOY-26JUL,2026-07-27,2026-08-05,3,3,20,3,0,FALSE
KXCPICOREYOY-26JUL,2026-07-28,2026-08-05,3,3,0,2,0,FALSE
KXCPICOREYOY-26JUL,2026-07-29,2026-08-05,3,2,10,2,0,FALSE
KXCPICOREYOY-26JUL,2026-07-30,2026-08-05,3,2,0,2,0,FALSE
KXCPICOREYOY-26JUL,2026-07-31,2026-08-05,3,2,0,2,0,FALSE
KXCPICOREYOY-26JUL,2026-08-01,2026-08-05,3,2,0,2,0,FALSE
KXCPICOREYOY-26JUL,2026-08-02,2026-08-05,3,2,0,2,0,FALSE
KXCPICOREYOY-26JUL,2026-08-03,2026-08-05,3,2,0,2,0,FALSE
KXCPICOREYOY-26JUL,2026-08-04,2026-08-05,3,2,0,2,0,FALSE
KXCPICOREYOY-26JUL,2026-08-05,2026-08-05,3,2,0,2,0,FALSE
KXCPICOREYOY-26JUN,2026-06-14,2026-07-14,3,7.000000000000001,0,2,0,FALSE
KXCPICOREYOY-26JUN,2026-06-15,2026-07-14,3,7.000000000000001,0,2,0,FALSE
KXCPICOREYOY-26JUN,2026-06-16,2026-07-14,3,7.000000000000001,0,27,11.224489795918368,FALSE
KXCPICOREYOY-26JUN,2026-06-17,2026-07-14,3,7.000000000000001,0,21,3.061224489795918,FALSE
KXCPICOREYOY-26JUN,2026-06-18,2026-07-14,3,7.000000000000001,0,2,0,FALSE
KXCPICOREYOY-26JUN,2026-06-19,2026-07-14,3,7.000000000000001,0,2,0,FALSE
KXCPICOREYOY-26JUN,2026-06-20,2026-07-14,3,7.000000000000001,0,2,0,FALSE
KXCPICOREYOY-26JUN,2026-06-21,2026-07-14,3,7.000000000000001,0,22,0,FALSE
KXCPICOREYOY-26JUN,2026-06-22,2026-07-14,3,7.000000000000001,0,7.000000000000001,2.0408163265306123,FALSE
KXCPICOREYOY-26JUN,2026-06-23,2026-07-14,3,7.000000000000001,0,7.000000000000001,2.0408163265306123,FALSE
KXCPICOREYOY-26JUN,2026-06-24,2026-07-14,3,7.000000000000001,0,7.000000000000001,2.0408163265306123,FALSE
KXCPICOREYOY-26JUN,2026-06-25,2026-07-14,3,7.000000000000001,0,2,0,FALSE
KXCPICOREYOY-26JUN,2026-06-26,2026-07-14,3,7.000000000000001,0,2,0,FALSE
KXCPICOREYOY-26JUN,2026-06-27,2026-07-14,3,7.000000000000001,0,7.000000000000001,0,FALSE
KXCPICOREYOY-26JUN,2026-06-28,2026-07-14,3,7.000000000000001,0,7.000000000000001,1.020408163265307,FALSE
KXCPICOREYOY-26JUN,2026-06-29,2026-07-14,3,7.000000000000001,0,5,2.0408163265306123,FALSE
KXCPICOREYOY-26JUN,2026-06-30,2026-07-14,3,7.000000000000001,0,3,0,FALSE
KXCPICOREYOY-26JUN,2026-07-01,2026-07-14,3,1,152,1,0,FALSE
KXCPICOREYOY-26JUN,2026-07-02,2026-07-14,3,1,0,1,0,FALSE
KXCPICOREYOY-26JUN,2026-07-03,2026-07-14,3,1,0,1,0,FALSE
KXCPICOREYOY-26JUN,2026-07-04,2026-07-14,3,1,0,1,0,FALSE
KXCPICOREYOY-26JUN,2026-07-05,2026-07-14,3,1,0,1,0,FALSE
KXCPICOREYOY-26JUN,2026-07-06,2026-07-14,3,1,0,1,0,FALSE
KXCPICOREYOY-26JUN,2026-07-07,2026-07-14,3,6,19,6,5.1020408163265305,FALSE
KXCPICOREYOY-26JUN,2026-07-08,2026-07-14,3,3,8.98,3,2.0408163265306123,FALSE
KXCPICOREYOY-26JUN,2026-07-09,2026-07-14,3,4,200,3,0,FALSE
KXCPICOREYOY-26JUN,2026-07-10,2026-07-14,3,4,0,4,2.0408163265306123,FALSE
KXCPICOREYOY-26JUN,2026-07-11,2026-07-14,3,1,10,1,0,FALSE
KXCPICOREYOY-26JUN,2026-07-12,2026-07-14,3,1,0,1,0,FALSE
KXCPICOREYOY-26JUN,2026-07-13,2026-07-14,3,1,0,1,0,FALSE
KXCPICOREYOY-26JUN,2026-07-14,2026-07-14,3,1,0,1,0,FALSE
KXCPICOREYOY-26MAR,2026-03-11,2026-04-10,3,3,1,3,2.0408163265306123,FALSE
KXCPICOREYOY-26MAR,2026-03-12,2026-04-10,3,3,0,3,2.0408163265306123,FALSE
KXCPICOREYOY-26MAR,2026-03-13,2026-04-10,3,3,0,2,0,FALSE
KXCPICOREYOY-26MAR,2026-03-14,2026-04-10,3,3,0,2,0,FALSE
KXCPICOREYOY-26MAR,2026-03-15,2026-04-10,3,3,0,3,2.0408163265306123,FALSE
KXCPICOREYOY-26MAR,2026-03-16,2026-04-10,3,3,0,3,2.0408163265306123,FALSE
KXCPICOREYOY-26MAR,2026-03-17,2026-04-10,3,3,0,3,2.0408163265306123,FALSE
KXCPICOREYOY-26MAR,2026-03-18,2026-04-10,3,3,0,3,0,FALSE
KXCPICOREYOY-26MAR,2026-03-19,2026-04-10,3,75,1462,32,1.0204081632653061,FALSE
KXCPICOREYOY-26MAR,2026-03-20,2026-04-10,3,19,700,19,13.26530612244898,FALSE
KXCPICOREYOY-26MAR,2026-03-21,2026-04-10,3,37,414,37,31.632653061224488,FALSE
KXCPICOREYOY-26MAR,2026-03-22,2026-04-10,3,37,0,26,1.0204081632653061,FALSE
KXCPICOREYOY-26MAR,2026-03-23,2026-04-10,3,5,1442,33,0,FALSE
KXCPICOREYOY-26MAR,2026-03-24,2026-04-10,3,4,117,4,3.061224489795918,FALSE
KXCPICOREYOY-26MAR,2026-03-25,2026-04-10,3,1,530,1,0,FALSE
KXCPICOREYOY-26MAR,2026-03-26,2026-04-10,3,3,210,1,0,FALSE
KXCPICOREYOY-26MAR,2026-03-27,2026-04-10,3,20,4,3,0,FALSE
KXCPICOREYOY-26MAR,2026-03-28,2026-04-10,3,6,15,6,4.081632653061225,FALSE
KXCPICOREYOY-26MAR,2026-03-29,2026-04-10,3,6,0,6,4.081632653061225,FALSE
KXCPICOREYOY-26MAR,2026-03-30,2026-04-10,3,6,0,6,0,FALSE
KXCPICOREYOY-26MAR,2026-03-31,2026-04-10,3,6,0,6,0,FALSE
KXCPICOREYOY-26MAR,2026-04-01,2026-04-10,3,6,0,5,0,FALSE
KXCPICOREYOY-26MAR,2026-04-02,2026-04-10,3,6,0,2,0,FALSE
KXCPICOREYOY-26MAR,2026-04-03,2026-04-10,3,6,0,6,5.1020408163265305,FALSE
KXCPICOREYOY-26MAR,2026-04-04,2026-04-10,3,7.000000000000001,607,4,0,FALSE
KXCPICOREYOY-26MAR,2026-04-05,2026-04-10,3,5,94,3,0,FALSE
KXCPICOREYOY-26MAR,2026-04-06,2026-04-10,3,5,0,3,0,FALSE
KXCPICOREYOY-26MAR,2026-04-07,2026-04-10,3,5,0,3,0,FALSE
KXCPICOREYOY-26MAR,2026-04-08,2026-04-10,3,5,0,5,0,FALSE
KXCPICOREYOY-26MAR,2026-04-09,2026-04-10,3,5,0,5,0,FALSE
KXCPICOREYOY-26MAR,2026-04-10,2026-04-10,3,9,48.29,8,0,FALSE
KXCPICOREYOY-26MAY,2026-05-11,2026-06-10,3,7.000000000000001,0,7.000000000000001,4.0816326530612255,FALSE
KXCPICOREYOY-26MAY,2026-05-12,2026-06-10,3,11,1456,11,2.0408163265306123,FALSE
KXCPICOREYOY-26MAY,2026-05-13,2026-06-10,3,15,3561,15,11.224489795918368,FALSE
KXCPICOREYOY-26MAY,2026-05-14,2026-06-10,3,16,236,16,12.244897959183673,FALSE
KXCPICOREYOY-26MAY,2026-05-15,2026-06-10,3,21,411.18,21,17.346938775510203,FALSE
KXCPICOREYOY-26MAY,2026-05-16,2026-06-10,3,21,504.51,21,17.346938775510203,FALSE
KXCPICOREYOY-26MAY,2026-05-17,2026-06-10,3,21,618,21,16.3265306122449,FALSE
KXCPICOREYOY-26MAY,2026-05-18,2026-06-10,3,19,659,19,14.285714285714286,FALSE
KXCPICOREYOY-26MAY,2026-05-19,2026-06-10,3,17,218.95,17,14.285714285714286,FALSE
KXCPICOREYOY-26MAY,2026-05-20,2026-06-10,3,17,0,17,14.285714285714286,FALSE
KXCPICOREYOY-26MAY,2026-05-21,2026-06-10,3,15,564,15,13.26530612244898,FALSE
KXCPICOREYOY-26MAY,2026-05-22,2026-06-10,3,9,1284.12,9,7.142857142857143,FALSE
KXCPICOREYOY-26MAY,2026-05-23,2026-06-10,3,8,195.39,8,6.122448979591836,FALSE
KXCPICOREYOY-26MAY,2026-05-24,2026-06-10,3,7.000000000000001,221,7.000000000000001,5.102040816326531,FALSE
KXCPICOREYOY-26MAY,2026-05-25,2026-06-10,3,14.000000000000002,42.71,14.000000000000002,12.244897959183676,FALSE
KXCPICOREYOY-26MAY,2026-05-26,2026-06-10,3,14.000000000000002,0,14.000000000000002,12.244897959183676,FALSE
KXCPICOREYOY-26MAY,2026-05-27,2026-06-10,3,14.000000000000002,0,14.000000000000002,12.244897959183676,FALSE
KXCPICOREYOY-26MAY,2026-05-28,2026-06-10,3,14.000000000000002,0,14.000000000000002,12.244897959183676,FALSE
KXCPICOREYOY-26MAY,2026-05-29,2026-06-10,3,12,5,12,10.204081632653061,FALSE
KXCPICOREYOY-26MAY,2026-05-30,2026-06-10,3,11,21.1,11,8.16326530612245,FALSE
KXCPICOREYOY-26MAY,2026-05-31,2026-06-10,3,11,0,11,8.16326530612245,FALSE
KXCPICOREYOY-26MAY,2026-06-01,2026-06-10,3,4,1496.21,4,2.0408163265306123,FALSE
KXCPICOREYOY-26MAY,2026-06-02,2026-06-10,3,4,12.85,4,2.0408163265306123,FALSE
KXCPICOREYOY-26MAY,2026-06-03,2026-06-10,3,2,4.51,2,1.0204081632653061,FALSE
KXCPICOREYOY-26MAY,2026-06-04,2026-06-10,3,4,85.16,4,2.0408163265306123,FALSE
KXCPICOREYOY-26MAY,2026-06-05,2026-06-10,3,4,2.34,4,2.0408163265306123,FALSE
KXCPICOREYOY-26MAY,2026-06-06,2026-06-10,3,7.000000000000001,599,7.000000000000001,4.0816326530612255,FALSE
KXCPICOREYOY-26MAY,2026-06-07,2026-06-10,3,6,416.25,6,3.061224489795918,FALSE
KXCPICOREYOY-26MAY,2026-06-08,2026-06-10,3,3,462.72,3,2.0408163265306123,FALSE
KXCPICOREYOY-26MAY,2026-06-09,2026-06-10,3,1,2958.16,1,0,FALSE
KXCPICOREYOY-26MAY,2026-06-10,2026-06-10,3,2,1498.89,2,1.0204081632653061,FALSE
KXCPICOREYOY-26NOV,2026-07-06,2026-08-05,3,0,0,99,0,FALSE
KXCPICOREYOY-26NOV,2026-07-07,2026-08-05,3,0,0,99,0,FALSE
KXCPICOREYOY-26NOV,2026-07-08,2026-08-05,3,0,0,48,47.95918367346939,FALSE
KXCPICOREYOY-26NOV,2026-07-09,2026-08-05,3,0,0,48,47.95918367346939,FALSE
KXCPICOREYOY-26NOV,2026-07-10,2026-08-05,3,0,0,48,47.95918367346939,FALSE
KXCPICOREYOY-26NOV,2026-07-11,2026-08-05,3,0,0,48,47.95918367346939,FALSE
KXCPICOREYOY-26NOV,2026-07-12,2026-08-05,3,0,0,48,47.95918367346939,FALSE
KXCPICOREYOY-26NOV,2026-07-13,2026-08-05,3,0,0,48,47.95918367346939,FALSE
KXCPICOREYOY-26NOV,2026-07-14,2026-08-05,3,0,0,48,47.95918367346939,FALSE
KXCPICOREYOY-26NOV,2026-07-15,2026-08-05,3,0,0,48,47.95918367346939,FALSE
KXCPICOREYOY-26NOV,2026-07-16,2026-08-05,3,0,0,48,47.95918367346939,FALSE
KXCPICOREYOY-26NOV,2026-07-17,2026-08-05,3,0,0,48,47.95918367346939,FALSE
KXCPICOREYOY-26NOV,2026-07-18,2026-08-05,3,0,0,48,47.95918367346939,FALSE
KXCPICOREYOY-26NOV,2026-07-19,2026-08-05,3,0,0,60,10.204081632653061,FALSE
KXCPICOREYOY-26NOV,2026-07-20,2026-08-05,3,0,0,60,10.204081632653061,FALSE
KXCPICOREYOY-26NOV,2026-07-21,2026-08-05,3,0,0,60,10.204081632653061,FALSE
KXCPICOREYOY-26NOV,2026-07-22,2026-08-05,3,0,0,60,10.204081632653061,FALSE
KXCPICOREYOY-26NOV,2026-07-23,2026-08-05,3,0,0,60,10.204081632653061,FALSE
KXCPICOREYOY-26NOV,2026-07-24,2026-08-05,3,0,0,60,10.204081632653061,FALSE
KXCPICOREYOY-26NOV,2026-07-25,2026-08-05,3,0,0,60,10.204081632653061,FALSE
KXCPICOREYOY-26NOV,2026-07-26,2026-08-05,3,0,0,60,10.204081632653061,FALSE
KXCPICOREYOY-26NOV,2026-07-27,2026-08-05,3,0,0,79,19.387755102040817,FALSE
KXCPICOREYOY-26NOV,2026-07-28,2026-08-05,3,16,64,41,40.816326530612244,FALSE
KXCPICOREYOY-26NOV,2026-07-29,2026-08-05,3,16,0,41,40.816326530612244,FALSE
KXCPICOREYOY-26NOV,2026-07-30,2026-08-05,3,16,0,41,40.816326530612244,FALSE
KXCPICOREYOY-26NOV,2026-07-31,2026-08-05,3,16,0,41,40.816326530612244,FALSE
KXCPICOREYOY-26NOV,2026-08-01,2026-08-05,3,16,0,41,40.816326530612244,FALSE
KXCPICOREYOY-26NOV,2026-08-02,2026-08-05,3,16,0,41,40.816326530612244,FALSE
KXCPICOREYOY-26NOV,2026-08-03,2026-08-05,3,16,0,41,40.816326530612244,FALSE
KXCPICOREYOY-26NOV,2026-08-04,2026-08-05,3,16,0,41,40.816326530612244,FALSE
KXCPICOREYOY-26NOV,2026-08-05,2026-08-05,3,25,195,41,4.081632653061225,FALSE
KXCPICOREYOY-26SEP,2026-07-08,2026-08-05,3,1,2000,1,0,FALSE
KXCPICOREYOY-26SEP,2026-07-09,2026-08-05,3,35,2,35,0,FALSE
KXCPICOREYOY-26SEP,2026-07-10,2026-08-05,3,35,0,35,0,FALSE
KXCPICOREYOY-26SEP,2026-07-11,2026-08-05,3,35,0,35,0,FALSE
KXCPICOREYOY-26SEP,2026-07-12,2026-08-05,3,35,0,35,0,FALSE
KXCPICOREYOY-26SEP,2026-07-13,2026-08-05,3,35,0,35,0,FALSE
KXCPICOREYOY-26SEP,2026-07-14,2026-08-05,3,35,0,35,0,FALSE
KXCPICOREYOY-26SEP,2026-07-15,2026-08-05,3,35,0,35,0,FALSE
KXCPICOREYOY-26SEP,2026-07-16,2026-08-05,3,10,104,10,0,FALSE
KXCPICOREYOY-26SEP,2026-07-17,2026-08-05,3,10,0,10,0,FALSE
KXCPICOREYOY-26SEP,2026-07-18,2026-08-05,3,10,0,10,0,FALSE
KXCPICOREYOY-26SEP,2026-07-19,2026-08-05,3,10,0,10,0,FALSE
KXCPICOREYOY-26SEP,2026-07-20,2026-08-05,3,10,0,10,0,FALSE
KXCPICOREYOY-26SEP,2026-07-21,2026-08-05,3,10,0,10,0,FALSE
KXCPICOREYOY-26SEP,2026-07-22,2026-08-05,3,10,0,10,0,FALSE
KXCPICOREYOY-26SEP,2026-07-23,2026-08-05,3,10,0,10,0,FALSE
KXCPICOREYOY-26SEP,2026-07-24,2026-08-05,3,10,0,10,0,FALSE
KXCPICOREYOY-26SEP,2026-07-25,2026-08-05,3,10,0,10,0,FALSE
KXCPICOREYOY-26SEP,2026-07-26,2026-08-05,3,10,0,10,0,FALSE
KXCPICOREYOY-26SEP,2026-07-27,2026-08-05,3,10,0,10,0,FALSE
KXCPICOREYOY-26SEP,2026-07-28,2026-08-05,3,10,0,1,0,FALSE
KXCPICOREYOY-26SEP,2026-07-29,2026-08-05,3,10,0,1,0,FALSE
KXCPICOREYOY-26SEP,2026-07-30,2026-08-05,3,10,0,1,0,FALSE
KXCPICOREYOY-26SEP,2026-07-31,2026-08-05,3,10,0,1,0,FALSE
KXCPICOREYOY-26SEP,2026-08-01,2026-08-05,3,10,0,10,0,FALSE
KXCPICOREYOY-26SEP,2026-08-02,2026-08-05,3,10,0,10,0,FALSE
KXCPICOREYOY-26SEP,2026-08-03,2026-08-05,3,10,0,10,0,FALSE
KXCPICOREYOY-26SEP,2026-08-04,2026-08-05,3,10,0,10,0,FALSE
KXCPICOREYOY-26SEP,2026-08-05,2026-08-05,3,10,0,10,0,FALSE
CPICOREYOY-24AUG,2024-08-12,2024-09-10,3.0999999999999996,62,3650,62,62.244897959183675,FALSE
CPICOREYOY-24AUG,2024-08-13,2024-09-10,3.0999999999999996,62,0,62,62.244897959183675,FALSE
CPICOREYOY-24AUG,2024-08-14,2024-09-10,3.0999999999999996,30,100,30,29.591836734693878,FALSE
CPICOREYOY-24AUG,2024-08-15,2024-09-10,3.0999999999999996,30,0,30,27.551020408163264,FALSE
CPICOREYOY-24AUG,2024-08-16,2024-09-10,3.0999999999999996,30,0,30,27.551020408163264,FALSE
CPICOREYOY-24AUG,2024-08-17,2024-09-10,3.0999999999999996,43,1125,43,40.816326530612244,FALSE
CPICOREYOY-24AUG,2024-08-18,2024-09-10,3.0999999999999996,43,0,43,40.816326530612244,FALSE
CPICOREYOY-24AUG,2024-08-19,2024-09-10,3.0999999999999996,40,875,40,37.755102040816325,FALSE
CPICOREYOY-24AUG,2024-08-20,2024-09-10,3.0999999999999996,40,0,40,37.755102040816325,FALSE
CPICOREYOY-24AUG,2024-08-21,2024-09-10,3.0999999999999996,40,0,40,37.755102040816325,FALSE
CPICOREYOY-24AUG,2024-08-22,2024-09-10,3.0999999999999996,40,0,40,37.755102040816325,FALSE
CPICOREYOY-24AUG,2024-08-23,2024-09-10,3.0999999999999996,40,0,40,37.755102040816325,FALSE
CPICOREYOY-24AUG,2024-08-24,2024-09-10,3.0999999999999996,40,0,40,37.755102040816325,FALSE
CPICOREYOY-24OCT,2024-10-13,2024-11-12,3.0999999999999996,0,0,1,0,FALSE
CPICOREYOY-24OCT,2024-10-14,2024-11-12,3.0999999999999996,0,0,1,0,FALSE
CPICOREYOY-24OCT,2024-10-15,2024-11-12,3.0999999999999996,0,0,1,0,FALSE
CPICOREYOY-24OCT,2024-10-16,2024-11-12,3.0999999999999996,0,0,1,0,FALSE
CPICOREYOY-24OCT,2024-10-17,2024-11-12,3.0999999999999996,0,0,1,0,FALSE
CPICOREYOY-24OCT,2024-10-18,2024-11-12,3.0999999999999996,0,0,1,0,FALSE
CPICOREYOY-24OCT,2024-10-19,2024-11-12,3.0999999999999996,0,0,1,0,FALSE
CPICOREYOY-24OCT,2024-10-20,2024-11-12,3.0999999999999996,0,0,1,0,FALSE
CPICOREYOY-24OCT,2024-10-21,2024-11-12,3.0999999999999996,88,270,88,16.3265306122449,FALSE
CPICOREYOY-24OCT,2024-10-22,2024-11-12,3.0999999999999996,88,0,88,16.3265306122449,FALSE
CPICOREYOY-24OCT,2024-10-23,2024-11-12,3.0999999999999996,88,0,88,16.3265306122449,FALSE
CPICOREYOY-24OCT,2024-10-24,2024-11-12,3.0999999999999996,88,0,88,11.224489795918368,FALSE
CPICOREYOY-24OCT,2024-10-25,2024-11-12,3.0999999999999996,88,0,88,11.224489795918368,FALSE
CPICOREYOY-24OCT,2024-10-26,2024-11-12,3.0999999999999996,88,0,88,11.224489795918368,FALSE
CPICOREYOY-24OCT,2024-10-27,2024-11-12,3.0999999999999996,88,0,88,11.224489795918368,FALSE
CPICOREYOY-24OCT,2024-10-28,2024-11-12,3.0999999999999996,88,0,88,11.224489795918368,FALSE
CPICOREYOY-24OCT,2024-10-29,2024-11-12,3.0999999999999996,88,0,88,11.224489795918368,FALSE
CPICOREYOY-24OCT,2024-10-30,2024-11-12,3.0999999999999996,88,0,88,11.224489795918368,FALSE
CPICOREYOY-24OCT,2024-10-31,2024-11-12,3.0999999999999996,88,0,88,11.224489795918368,FALSE
CPICOREYOY-24OCT,2024-11-01,2024-11-12,3.0999999999999996,88,0,88,11.224489795918368,FALSE
CPICOREYOY-24OCT,2024-11-02,2024-11-12,3.0999999999999996,88,0,88,11.224489795918368,FALSE
CPICOREYOY-24OCT,2024-11-03,2024-11-12,3.0999999999999996,88,0,88,11.224489795918368,FALSE
CPICOREYOY-24OCT,2024-11-04,2024-11-12,3.0999999999999996,88,0,88,11.224489795918368,FALSE
CPICOREYOY-24OCT,2024-11-05,2024-11-12,3.0999999999999996,88,0,88,11.224489795918368,FALSE
CPICOREYOY-24OCT,2024-11-06,2024-11-12,3.0999999999999996,88,0,88,11.224489795918368,FALSE
CPICOREYOY-24OCT,2024-11-07,2024-11-12,3.0999999999999996,88,0,88,11.224489795918368,FALSE
CPICOREYOY-24OCT,2024-11-08,2024-11-12,3.0999999999999996,88,0,88,11.224489795918368,FALSE
CPICOREYOY-24OCT,2024-11-09,2024-11-12,3.0999999999999996,88,0,88,11.224489795918368,FALSE
CPICOREYOY-24OCT,2024-11-10,2024-11-12,3.0999999999999996,88,0,88,11.224489795918368,FALSE
CPICOREYOY-24OCT,2024-11-11,2024-11-12,3.0999999999999996,88,0,88,11.224489795918368,FALSE
CPICOREYOY-24OCT,2024-11-12,2024-11-12,3.0999999999999996,88,0,88,11.224489795918368,FALSE
KXCPICOREYOY-24DEC,2025-01-02,2025-01-15,3.0999999999999996,0,0,28.000000000000004,0,FALSE
KXCPICOREYOY-24DEC,2025-01-03,2025-01-15,3.0999999999999996,91,50,91,27.551020408163264,FALSE
KXCPICOREYOY-24DEC,2025-01-04,2025-01-15,3.0999999999999996,91,0,91,17.346938775510203,FALSE
KXCPICOREYOY-24DEC,2025-01-05,2025-01-15,3.0999999999999996,91,0,91,25.510204081632654,FALSE
KXCPICOREYOY-24DEC,2025-01-06,2025-01-15,3.0999999999999996,91,100,91,27.551020408163264,FALSE
KXCPICOREYOY-24DEC,2025-01-07,2025-01-15,3.0999999999999996,91,0,91,27.551020408163264,FALSE
KXCPICOREYOY-24DEC,2025-01-08,2025-01-15,3.0999999999999996,91,0,91,27.551020408163264,FALSE
KXCPICOREYOY-24DEC,2025-01-09,2025-01-15,3.0999999999999996,91,0,91,38.775510204081634,FALSE
KXCPICOREYOY-24DEC,2025-01-10,2025-01-15,3.0999999999999996,91,0,91,32.6530612244898,FALSE
KXCPICOREYOY-24DEC,2025-01-11,2025-01-15,3.0999999999999996,91,0,91,32.6530612244898,FALSE
KXCPICOREYOY-24DEC,2025-01-12,2025-01-15,3.0999999999999996,91,0,91,31.632653061224488,FALSE
KXCPICOREYOY-24DEC,2025-01-13,2025-01-15,3.0999999999999996,93,30,93,41.83673469387755,FALSE
KXCPICOREYOY-24DEC,2025-01-14,2025-01-15,3.0999999999999996,93,0,93,27.551020408163264,FALSE
KXCPICOREYOY-24DEC,2025-01-15,2025-01-15,3.0999999999999996,93,0,93,30.612244897959183,FALSE
KXCPICOREYOY-25DEC,2025-12-22,2026-01-13,3.0999999999999996,1,10000,46,0,FALSE
KXCPICOREYOY-25DEC,2025-12-23,2026-01-13,3.0999999999999996,1,0,46,0,FALSE
KXCPICOREYOY-25DEC,2025-12-24,2026-01-13,3.0999999999999996,1,0,46,0,FALSE
KXCPICOREYOY-25DEC,2025-12-25,2026-01-13,3.0999999999999996,1,0,46,0,FALSE
KXCPICOREYOY-25DEC,2025-12-26,2026-01-13,3.0999999999999996,1,0,46,0,FALSE
KXCPICOREYOY-25DEC,2025-12-27,2026-01-13,3.0999999999999996,1,0,46,0,FALSE
KXCPICOREYOY-25DEC,2025-12-28,2026-01-13,3.0999999999999996,1,0,46,0,FALSE
KXCPICOREYOY-25DEC,2025-12-29,2026-01-13,3.0999999999999996,1,0,46,0,FALSE
KXCPICOREYOY-25DEC,2025-12-30,2026-01-13,3.0999999999999996,1,0,46,0,FALSE
KXCPICOREYOY-25DEC,2025-12-31,2026-01-13,3.0999999999999996,1,0,46,0,FALSE
KXCPICOREYOY-25DEC,2026-01-01,2026-01-13,3.0999999999999996,1,0,46,0,FALSE
KXCPICOREYOY-25DEC,2026-01-02,2026-01-13,3.0999999999999996,1,0,46,0,FALSE
KXCPICOREYOY-25DEC,2026-01-03,2026-01-13,3.0999999999999996,1,0,46,0,FALSE
KXCPICOREYOY-25DEC,2026-01-04,2026-01-13,3.0999999999999996,6,93,46,0,FALSE
KXCPICOREYOY-25DEC,2026-01-05,2026-01-13,3.0999999999999996,6,0,46,0,FALSE
KXCPICOREYOY-25DEC,2026-01-06,2026-01-13,3.0999999999999996,6,0,46,0,FALSE
KXCPICOREYOY-25DEC,2026-01-07,2026-01-13,3.0999999999999996,6,0,2,0,FALSE
KXCPICOREYOY-25DEC,2026-01-08,2026-01-13,3.0999999999999996,6,0,2,0,FALSE
KXCPICOREYOY-25DEC,2026-01-09,2026-01-13,3.0999999999999996,6,0,46,0,FALSE
KXCPICOREYOY-25DEC,2026-01-10,2026-01-13,3.0999999999999996,6,0,46,0,FALSE
KXCPICOREYOY-25DEC,2026-01-11,2026-01-13,3.0999999999999996,6,0,5,3.061224489795918,FALSE
KXCPICOREYOY-25DEC,2026-01-12,2026-01-13,3.0999999999999996,6,0,46,0,FALSE
KXCPICOREYOY-25DEC,2026-01-13,2026-01-13,3.0999999999999996,6,0,46,0,FALSE
KXCPICOREYOY-25FEB,2025-02-10,2025-03-12,3.0999999999999996,40,50,40,23.46938775510204,FALSE
KXCPICOREYOY-25FEB,2025-02-11,2025-03-12,3.0999999999999996,40,0,40,23.46938775510204,FALSE
KXCPICOREYOY-25FEB,2025-02-12,2025-03-12,3.0999999999999996,40,0,40,23.46938775510204,FALSE
KXCPICOREYOY-25FEB,2025-02-13,2025-03-12,3.0999999999999996,59,4,59,37.755102040816325,FALSE
KXCPICOREYOY-25FEB,2025-02-14,2025-03-12,3.0999999999999996,59,0,59,37.755102040816325,FALSE
KXCPICOREYOY-25FEB,2025-02-15,2025-03-12,3.0999999999999996,59,66,59,37.755102040816325,FALSE
KXCPICOREYOY-25FEB,2025-02-16,2025-03-12,3.0999999999999996,59,0,59,38.775510204081634,FALSE
KXCPICOREYOY-25FEB,2025-02-17,2025-03-12,3.0999999999999996,59,0,59,38.775510204081634,FALSE
KXCPICOREYOY-25FEB,2025-02-18,2025-03-12,3.0999999999999996,59,0,59,38.775510204081634,FALSE
KXCPICOREYOY-25FEB,2025-02-19,2025-03-12,3.0999999999999996,59,0,59,38.775510204081634,FALSE
KXCPICOREYOY-25FEB,2025-02-20,2025-03-12,3.0999999999999996,59,0,59,38.775510204081634,FALSE
KXCPICOREYOY-25FEB,2025-02-21,2025-03-12,3.0999999999999996,59,0,59,38.775510204081634,FALSE
KXCPICOREYOY-25FEB,2025-02-22,2025-03-12,3.0999999999999996,55.00000000000001,64,55.00000000000001,34.69387755102042,FALSE
KXCPICOREYOY-25FEB,2025-02-23,2025-03-12,3.0999999999999996,55.00000000000001,37,55.00000000000001,34.69387755102042,FALSE
KXCPICOREYOY-25FEB,2025-02-24,2025-03-12,3.0999999999999996,55.00000000000001,1,55.00000000000001,34.69387755102042,FALSE
KXCPICOREYOY-25FEB,2025-02-25,2025-03-12,3.0999999999999996,55.00000000000001,0,55.00000000000001,34.69387755102042,FALSE
KXCPICOREYOY-25FEB,2025-02-26,2025-03-12,3.0999999999999996,55.00000000000001,0,55.00000000000001,34.69387755102042,FALSE
KXCPICOREYOY-25FEB,2025-02-27,2025-03-12,3.0999999999999996,55.00000000000001,0,55.00000000000001,34.69387755102042,FALSE
KXCPICOREYOY-25FEB,2025-02-28,2025-03-12,3.0999999999999996,55.00000000000001,0,55.00000000000001,34.69387755102042,FALSE
KXCPICOREYOY-25FEB,2025-03-01,2025-03-12,3.0999999999999996,55.00000000000001,0,55.00000000000001,34.69387755102042,FALSE
KXCPICOREYOY-25FEB,2025-03-02,2025-03-12,3.0999999999999996,55.00000000000001,0,55.00000000000001,34.69387755102042,FALSE
KXCPICOREYOY-25FEB,2025-03-03,2025-03-12,3.0999999999999996,51,173,51,30.612244897959183,FALSE
KXCPICOREYOY-25FEB,2025-03-04,2025-03-12,3.0999999999999996,62,733,62,41.83673469387755,FALSE
KXCPICOREYOY-25FEB,2025-03-05,2025-03-12,3.0999999999999996,60,220,60,38.775510204081634,FALSE
KXCPICOREYOY-25FEB,2025-03-06,2025-03-12,3.0999999999999996,56.00000000000001,4,56.00000000000001,28.571428571428577,FALSE
KXCPICOREYOY-25FEB,2025-03-07,2025-03-12,3.0999999999999996,60,264,60,32.65306122448979,FALSE
KXCPICOREYOY-25FEB,2025-03-08,2025-03-12,3.0999999999999996,60,0,60,32.65306122448979,FALSE
KXCPICOREYOY-25FEB,2025-03-09,2025-03-12,3.0999999999999996,64,214,64,43.87755102040816,FALSE
KXCPICOREYOY-25FEB,2025-03-10,2025-03-12,3.0999999999999996,67,380,67,43.87755102040816,FALSE
KXCPICOREYOY-25FEB,2025-03-11,2025-03-12,3.0999999999999996,70,2272,70,43.87755102040816,FALSE
KXCPICOREYOY-25FEB,2025-03-12,2025-03-12,3.0999999999999996,59,125,59,27.551020408163264,FALSE
KXCPICOREYOY-25JAN,2025-01-13,2025-02-12,3.0999999999999996,83,0,81,81.63265306122449,FALSE
KXCPICOREYOY-25JAN,2025-01-14,2025-02-12,3.0999999999999996,83,0,81,81.63265306122449,FALSE
KXCPICOREYOY-25JAN,2025-01-15,2025-02-12,3.0999999999999996,57.99999999999999,1223,57.99999999999999,44.89795918367346,FALSE
KXCPICOREYOY-25JAN,2025-01-16,2025-02-12,3.0999999999999996,57.99999999999999,0,57.99999999999999,44.89795918367346,FALSE
KXCPICOREYOY-25JAN,2025-01-17,2025-02-12,3.0999999999999996,49,1,49,35.714285714285715,FALSE
KXCPICOREYOY-25JAN,2025-01-18,2025-02-12,3.0999999999999996,49,0,49,35.714285714285715,FALSE
KXCPICOREYOY-25JAN,2025-01-19,2025-02-12,3.0999999999999996,49,0,49,35.714285714285715,FALSE
KXCPICOREYOY-25JAN,2025-01-20,2025-02-12,3.0999999999999996,49,0,49,35.714285714285715,FALSE
KXCPICOREYOY-25JAN,2025-01-21,2025-02-12,3.0999999999999996,49,0,49,35.714285714285715,FALSE
KXCPICOREYOY-25JAN,2025-01-22,2025-02-12,3.0999999999999996,59,169,59,31.632653061224485,FALSE
KXCPICOREYOY-25JAN,2025-01-23,2025-02-12,3.0999999999999996,59,0,59,31.632653061224485,FALSE
KXCPICOREYOY-25JAN,2025-01-24,2025-02-12,3.0999999999999996,59,0,59,39.795918367346935,FALSE
KXCPICOREYOY-25JAN,2025-01-25,2025-02-12,3.0999999999999996,59,0,59,39.795918367346935,FALSE
KXCPICOREYOY-25JAN,2025-01-26,2025-02-12,3.0999999999999996,59,0,59,39.795918367346935,FALSE
KXCPICOREYOY-25JAN,2025-01-27,2025-02-12,3.0999999999999996,59,0,59,39.795918367346935,FALSE
KXCPICOREYOY-25JAN,2025-01-28,2025-02-12,3.0999999999999996,59,0,59,39.795918367346935,FALSE
KXCPICOREYOY-25JAN,2025-01-29,2025-02-12,3.0999999999999996,59,0,59,39.795918367346935,FALSE
KXCPICOREYOY-25JAN,2025-01-30,2025-02-12,3.0999999999999996,59,0,59,39.795918367346935,FALSE
KXCPICOREYOY-25JAN,2025-01-31,2025-02-12,3.0999999999999996,59,0,59,39.795918367346935,FALSE
KXCPICOREYOY-25JAN,2025-02-01,2025-02-12,3.0999999999999996,59,0,59,39.795918367346935,FALSE
KXCPICOREYOY-25JAN,2025-02-02,2025-02-12,3.0999999999999996,59,0,59,39.795918367346935,FALSE
KXCPICOREYOY-25JAN,2025-02-03,2025-02-12,3.0999999999999996,59,124,59,39.795918367346935,FALSE
KXCPICOREYOY-25JAN,2025-02-04,2025-02-12,3.0999999999999996,67,1,67,47.95918367346939,FALSE
KXCPICOREYOY-25JAN,2025-02-05,2025-02-12,3.0999999999999996,67,0,67,47.95918367346939,FALSE
KXCPICOREYOY-25JAN,2025-02-06,2025-02-12,3.0999999999999996,69,14,69,50,FALSE
KXCPICOREYOY-25JAN,2025-02-07,2025-02-12,3.0999999999999996,68,1183,68,44.89795918367347,FALSE
KXCPICOREYOY-25JAN,2025-02-08,2025-02-12,3.0999999999999996,68,0,68,44.89795918367347,FALSE
KXCPICOREYOY-25JAN,2025-02-09,2025-02-12,3.0999999999999996,68,0,68,44.89795918367347,FALSE
KXCPICOREYOY-25JAN,2025-02-10,2025-02-12,3.0999999999999996,63,2406,63,43.87755102040816,FALSE
KXCPICOREYOY-25JAN,2025-02-11,2025-02-12,3.0999999999999996,69,405,69,56.12244897959184,FALSE
KXCPICOREYOY-25JAN,2025-02-12,2025-02-12,3.0999999999999996,64,4258,64,51.02040816326531,FALSE
KXCPICOREYOY-25MAR,2025-03-11,2025-04-10,3.0999999999999996,0,0,28.000000000000004,3.061224489795918,FALSE
KXCPICOREYOY-25MAR,2025-03-12,2025-04-10,3.0999999999999996,35,2360,35,23.46938775510204,FALSE
KXCPICOREYOY-25MAR,2025-03-13,2025-04-10,3.0999999999999996,36,2100,36,27.551020408163264,FALSE
KXCPICOREYOY-25MAR,2025-03-14,2025-04-10,3.0999999999999996,30,67,30,24.489795918367346,FALSE
KXCPICOREYOY-25MAR,2025-03-15,2025-04-10,3.0999999999999996,30,0,30,24.489795918367346,FALSE
KXCPICOREYOY-25MAR,2025-03-16,2025-04-10,3.0999999999999996,30,0,30,24.489795918367346,FALSE
KXCPICOREYOY-25MAR,2025-03-17,2025-04-10,3.0999999999999996,30,0,30,24.489795918367346,FALSE
KXCPICOREYOY-25MAR,2025-03-18,2025-04-10,3.0999999999999996,30,0,30,24.489795918367346,FALSE
KXCPICOREYOY-25MAR,2025-03-19,2025-04-10,3.0999999999999996,25,100,25,19.387755102040817,FALSE
KXCPICOREYOY-25MAR,2025-03-20,2025-04-10,3.0999999999999996,20,5,20,14.285714285714286,FALSE
KXCPICOREYOY-25MAR,2025-03-21,2025-04-10,3.0999999999999996,21,447,21,15.306122448979592,FALSE
KXCPICOREYOY-25MAR,2025-03-22,2025-04-10,3.0999999999999996,24,101,24,18.367346938775512,FALSE
KXCPICOREYOY-25MAR,2025-03-23,2025-04-10,3.0999999999999996,24,0,24,18.367346938775512,FALSE
KXCPICOREYOY-25MAR,2025-03-24,2025-04-10,3.0999999999999996,24,0,24,15.306122448979592,FALSE
KXCPICOREYOY-25MAR,2025-03-25,2025-04-10,3.0999999999999996,24,0,24,15.306122448979592,FALSE
KXCPICOREYOY-25MAR,2025-03-26,2025-04-10,3.0999999999999996,24,0,24,15.306122448979592,FALSE
KXCPICOREYOY-25MAR,2025-03-27,2025-04-10,3.0999999999999996,24,0,24,15.306122448979592,FALSE
KXCPICOREYOY-25MAR,2025-03-28,2025-04-10,3.0999999999999996,24,0,24,15.306122448979592,FALSE
KXCPICOREYOY-25MAR,2025-03-29,2025-04-10,3.0999999999999996,24,0,24,15.306122448979592,FALSE
KXCPICOREYOY-25MAR,2025-03-30,2025-04-10,3.0999999999999996,24,0,24,15.306122448979592,FALSE
KXCPICOREYOY-25MAR,2025-03-31,2025-04-10,3.0999999999999996,24,0,24,15.306122448979592,FALSE
KXCPICOREYOY-25MAR,2025-04-01,2025-04-10,3.0999999999999996,24,0,24,15.306122448979592,FALSE
KXCPICOREYOY-25MAR,2025-04-02,2025-04-10,3.0999999999999996,12,1702,12,3.061224489795918,FALSE
KXCPICOREYOY-25MAR,2025-04-03,2025-04-10,3.0999999999999996,12,0,12,3.061224489795918,FALSE
KXCPICOREYOY-25MAR,2025-04-04,2025-04-10,3.0999999999999996,12,0,12,9.183673469387756,FALSE
KXCPICOREYOY-25MAR,2025-04-05,2025-04-10,3.0999999999999996,12,0,12,9.183673469387756,FALSE
KXCPICOREYOY-25MAR,2025-04-06,2025-04-10,3.0999999999999996,12,0,12,9.183673469387756,FALSE
KXCPICOREYOY-25MAR,2025-04-07,2025-04-10,3.0999999999999996,12,0,12,9.183673469387756,FALSE
KXCPICOREYOY-25MAR,2025-04-08,2025-04-10,3.0999999999999996,12,221,12,9.183673469387756,FALSE
KXCPICOREYOY-25MAR,2025-04-09,2025-04-10,3.0999999999999996,4,3171,4,3.061224489795918,FALSE
KXCPICOREYOY-25MAR,2025-04-10,2025-04-10,3.0999999999999996,4,0,4,3.061224489795918,FALSE
KXCPICOREYOY-25NOV,2025-11-18,2025-12-18,3.0999999999999996,30,119,30,22.448979591836736,FALSE
KXCPICOREYOY-25NOV,2025-11-19,2025-12-18,3.0999999999999996,30,0,30,22.448979591836736,FALSE
KXCPICOREYOY-25NOV,2025-11-20,2025-12-18,3.0999999999999996,30,0,30,22.448979591836736,FALSE
KXCPICOREYOY-25NOV,2025-11-21,2025-12-18,3.0999999999999996,22,376,22,14.285714285714286,FALSE
KXCPICOREYOY-25NOV,2025-11-22,2025-12-18,3.0999999999999996,22,0,22,14.285714285714286,FALSE
KXCPICOREYOY-25NOV,2025-11-23,2025-12-18,3.0999999999999996,21,258,21,14.285714285714286,FALSE
KXCPICOREYOY-25NOV,2025-11-24,2025-12-18,3.0999999999999996,21,0,21,14.285714285714286,FALSE
KXCPICOREYOY-25NOV,2025-11-25,2025-12-18,3.0999999999999996,22,24922,22,15.306122448979592,FALSE
KXCPICOREYOY-25NOV,2025-11-26,2025-12-18,3.0999999999999996,21,10,21,14.285714285714286,FALSE
KXCPICOREYOY-25NOV,2025-11-27,2025-12-18,3.0999999999999996,21,0,21,14.285714285714286,FALSE
KXCPICOREYOY-25NOV,2025-11-28,2025-12-18,3.0999999999999996,22,44,22,15.306122448979592,FALSE
KXCPICOREYOY-25NOV,2025-11-29,2025-12-18,3.0999999999999996,22,0,22,15.306122448979592,FALSE
KXCPICOREYOY-25NOV,2025-11-30,2025-12-18,3.0999999999999996,22,0,22,15.306122448979592,FALSE
KXCPICOREYOY-25NOV,2025-12-01,2025-12-18,3.0999999999999996,19,24956,19,12.244897959183673,FALSE
KXCPICOREYOY-25NOV,2025-12-02,2025-12-18,3.0999999999999996,16,1443,16,9.183673469387756,FALSE
KXCPICOREYOY-25NOV,2025-12-03,2025-12-18,3.0999999999999996,16,788,16,12.244897959183673,FALSE
KXCPICOREYOY-25NOV,2025-12-04,2025-12-18,3.0999999999999996,16,0,16,12.244897959183673,FALSE
KXCPICOREYOY-25OCT,2025-10-16,2025-11-13,3.0999999999999996,24,1173,24,9.183673469387756,FALSE
KXCPICOREYOY-25OCT,2025-10-17,2025-11-13,3.0999999999999996,27,801,27,20.408163265306122,FALSE
KXCPICOREYOY-25OCT,2025-10-18,2025-11-13,3.0999999999999996,30,16,30,23.46938775510204,FALSE
KXCPICOREYOY-25OCT,2025-10-19,2025-11-13,3.0999999999999996,30,0,30,23.46938775510204,FALSE
KXCPICOREYOY-25OCT,2025-10-20,2025-11-13,3.0999999999999996,23,22,23,15.306122448979592,FALSE
KXCPICOREYOY-25OCT,2025-10-21,2025-11-13,3.0999999999999996,27,1,27,19.387755102040817,FALSE
KXCPICOREYOY-25OCT,2025-10-22,2025-11-13,3.0999999999999996,23,232,23,15.306122448979592,FALSE
KXCPICOREYOY-25OCT,2025-10-23,2025-11-13,3.0999999999999996,21,201,21,13.26530612244898,FALSE
KXCPICOREYOY-25OCT,2025-10-24,2025-11-13,3.0999999999999996,48,49,48,7.142857142857143,FALSE
KXCPICOREYOY-25OCT,2025-10-25,2025-11-13,3.0999999999999996,31,107,31,10.204081632653061,FALSE
KXCPICOREYOY-25OCT,2025-10-26,2025-11-13,3.0999999999999996,34,48,34,13.26530612244898,FALSE
KXCPICOREYOY-25OCT,2025-10-27,2025-11-13,3.0999999999999996,27,148,27,6.122448979591836,FALSE
KXCPICOREYOY-25OCT,2025-10-28,2025-11-13,3.0999999999999996,27,20,27,6.122448979591836,FALSE
KXCPICOREYOY-25OCT,2025-10-29,2025-11-13,3.0999999999999996,27,0,27,6.122448979591836,FALSE
KXCPICOREYOY-25OCT,2025-10-30,2025-11-13,3.0999999999999996,27,10,27,6.122448979591836,FALSE
KXCPICOREYOY-25OCT,2025-10-31,2025-11-13,3.0999999999999996,28.999999999999996,20,28.999999999999996,8.163265306122446,FALSE
KXCPICOREYOY-25OCT,2025-11-01,2025-11-13,3.0999999999999996,28.999999999999996,0,28.999999999999996,8.163265306122446,FALSE
KXCPICOREYOY-25OCT,2025-11-02,2025-11-13,3.0999999999999996,26,46,26,7.142857142857143,FALSE
KXCPICOREYOY-25OCT,2025-11-03,2025-11-13,3.0999999999999996,26,82,26,18.367346938775512,FALSE
KXCPICOREYOY-25OCT,2025-11-04,2025-11-13,3.0999999999999996,26,0,26,18.367346938775512,FALSE
KXCPICOREYOY-25OCT,2025-11-05,2025-11-13,3.0999999999999996,26,0,26,18.367346938775512,FALSE
KXCPICOREYOY-25OCT,2025-11-06,2025-11-13,3.0999999999999996,26,0,26,18.367346938775512,FALSE
KXCPICOREYOY-25OCT,2025-11-07,2025-11-13,3.0999999999999996,24,500,24,16.3265306122449,FALSE
KXCPICOREYOY-25OCT,2025-11-08,2025-11-13,3.0999999999999996,24,0,24,16.3265306122449,FALSE
KXCPICOREYOY-25OCT,2025-11-09,2025-11-13,3.0999999999999996,24,0,24,16.3265306122449,FALSE
KXCPICOREYOY-25OCT,2025-11-10,2025-11-13,3.0999999999999996,44,25120,44,28.571428571428573,FALSE
KXCPICOREYOY-25OCT,2025-11-11,2025-11-13,3.0999999999999996,28.999999999999996,549,28.999999999999996,6.122448979591833,FALSE
KXCPICOREYOY-25OCT,2025-11-12,2025-11-13,3.0999999999999996,62,4462,62,5.102040816326538,FALSE
KXCPICOREYOY-25OCT,2025-11-13,2025-11-13,3.0999999999999996,63,955,63,22.448979591836736,FALSE
KXCPICOREYOY-26APR,2026-04-12,2026-05-12,3.0999999999999996,10,0,6,0,FALSE
KXCPICOREYOY-26APR,2026-04-13,2026-05-12,3.0999999999999996,10,0,5,0,FALSE
KXCPICOREYOY-26APR,2026-04-14,2026-05-12,3.0999999999999996,10,0,5,0,FALSE
KXCPICOREYOY-26APR,2026-04-15,2026-05-12,3.0999999999999996,10,0,5,0,FALSE
KXCPICOREYOY-26APR,2026-04-16,2026-05-12,3.0999999999999996,10,0,5,0,FALSE
KXCPICOREYOY-26APR,2026-04-17,2026-05-12,3.0999999999999996,10,0,5,0,FALSE
KXCPICOREYOY-26APR,2026-04-18,2026-05-12,3.0999999999999996,10,0,2,0,FALSE
KXCPICOREYOY-26APR,2026-04-19,2026-05-12,3.0999999999999996,10,0,2,0,FALSE
KXCPICOREYOY-26APR,2026-04-20,2026-05-12,3.0999999999999996,10,0,2,0,FALSE
KXCPICOREYOY-26APR,2026-04-21,2026-05-12,3.0999999999999996,10,0,2,0,FALSE
KXCPICOREYOY-26APR,2026-04-22,2026-05-12,3.0999999999999996,10,0,2,0,FALSE
KXCPICOREYOY-26APR,2026-04-23,2026-05-12,3.0999999999999996,10,0,2,0,FALSE
KXCPICOREYOY-26APR,2026-04-24,2026-05-12,3.0999999999999996,10,0,2,0,FALSE
KXCPICOREYOY-26APR,2026-04-25,2026-05-12,3.0999999999999996,10,0,2,0,FALSE
KXCPICOREYOY-26APR,2026-04-26,2026-05-12,3.0999999999999996,10,0,2,0,FALSE
KXCPICOREYOY-26APR,2026-04-27,2026-05-12,3.0999999999999996,10,0,2,0,FALSE
KXCPICOREYOY-26APR,2026-04-28,2026-05-12,3.0999999999999996,10,0,2,0,FALSE
KXCPICOREYOY-26APR,2026-04-29,2026-05-12,3.0999999999999996,5,50,2,0,FALSE
KXCPICOREYOY-26FEB,2026-02-12,2026-03-11,3.0999999999999996,0,0,19,0,FALSE
KXCPICOREYOY-26FEB,2026-02-13,2026-03-11,3.0999999999999996,6,31,6,0,FALSE
KXCPICOREYOY-26FEB,2026-02-14,2026-03-11,3.0999999999999996,6,0,1,0,FALSE
KXCPICOREYOY-26FEB,2026-02-15,2026-03-11,3.0999999999999996,6,0,1,0,FALSE
KXCPICOREYOY-26FEB,2026-02-16,2026-03-11,3.0999999999999996,6,0,1,0,FALSE
KXCPICOREYOY-26JAN,2026-01-21,2026-02-13,3.0999999999999996,14.000000000000002,19,14.000000000000002,0,FALSE
KXCPICOREYOY-26JAN,2026-01-22,2026-02-13,3.0999999999999996,14.000000000000002,0,14.000000000000002,0,FALSE
KXCPICOREYOY-26JAN,2026-01-23,2026-02-13,3.0999999999999996,14.000000000000002,0,14.000000000000002,0,FALSE
KXCPICOREYOY-26JAN,2026-01-24,2026-02-13,3.0999999999999996,14.000000000000002,0,14.000000000000002,0,FALSE
KXCPICOREYOY-26JAN,2026-01-25,2026-02-13,3.0999999999999996,14.000000000000002,0,7.000000000000001,0,FALSE
KXCPICOREYOY-26JAN,2026-01-26,2026-02-13,3.0999999999999996,14.000000000000002,0,7.000000000000001,0,FALSE
KXCPICOREYOY-26JAN,2026-01-27,2026-02-13,3.0999999999999996,8,3038,8,0,FALSE
KXCPICOREYOY-26JAN,2026-01-28,2026-02-13,3.0999999999999996,7.000000000000001,147,7.000000000000001,6.122448979591838,FALSE
KXCPICOREYOY-26JAN,2026-01-29,2026-02-13,3.0999999999999996,7.000000000000001,127,4,0,FALSE
KXCPICOREYOY-26JAN,2026-01-30,2026-02-13,3.0999999999999996,5,1068,5,4.081632653061225,FALSE
KXCPICOREYOY-26JAN,2026-01-31,2026-02-13,3.0999999999999996,5,0,5,4.081632653061225,FALSE
KXCPICOREYOY-26JAN,2026-02-01,2026-02-13,3.0999999999999996,5,0,5,4.081632653061225,FALSE
KXCPICOREYOY-26JAN,2026-02-02,2026-02-13,3.0999999999999996,5,0,5,4.081632653061225,FALSE
KXCPICOREYOY-26JAN,2026-02-03,2026-02-13,3.0999999999999996,5,0,5,4.081632653061225,FALSE
KXCPICOREYOY-26JAN,2026-02-04,2026-02-13,3.0999999999999996,5,14,1,0,FALSE
KXCPICOREYOY-26JAN,2026-02-05,2026-02-13,3.0999999999999996,5,0,2,0,FALSE
KXCPICOREYOY-26JAN,2026-02-06,2026-02-13,3.0999999999999996,5,0,1,0,FALSE
KXCPICOREYOY-26JAN,2026-02-07,2026-02-13,3.0999999999999996,5,0,5,4.081632653061225,FALSE
KXCPICOREYOY-26JAN,2026-02-08,2026-02-13,3.0999999999999996,5,0,5,4.081632653061225,FALSE
KXCPICOREYOY-26JAN,2026-02-09,2026-02-13,3.0999999999999996,5,0,2,0,FALSE
KXCPICOREYOY-26JAN,2026-02-10,2026-02-13,3.0999999999999996,5,0,1,0,FALSE
KXCPICOREYOY-26JAN,2026-02-11,2026-02-13,3.0999999999999996,5,0,3,0,FALSE
KXCPICOREYOY-26JAN,2026-02-12,2026-02-13,3.0999999999999996,5,0,2,0,FALSE
KXCPICOREYOY-26JAN,2026-02-13,2026-02-13,3.0999999999999996,5,0,5,4.081632653061225,FALSE
KXCPICOREYOY-26JUL,2026-07-10,2026-08-05,3.0999999999999996,0,0,1,0,FALSE
KXCPICOREYOY-26JUL,2026-07-11,2026-08-05,3.0999999999999996,0,0,1,0,FALSE
KXCPICOREYOY-26JUL,2026-07-12,2026-08-05,3.0999999999999996,0,0,1,0,FALSE
KXCPICOREYOY-26JUN,2026-06-14,2026-07-14,3.0999999999999996,20,10,2,0,FALSE
KXCPICOREYOY-26JUN,2026-06-15,2026-07-14,3.0999999999999996,20,0,2,0,FALSE
KXCPICOREYOY-26JUN,2026-06-16,2026-07-14,3.0999999999999996,27,87,27,7.142857142857143,FALSE
KXCPICOREYOY-26JUN,2026-06-17,2026-07-14,3.0999999999999996,18,185.99,21,0,FALSE
KXCPICOREYOY-26JUN,2026-06-18,2026-07-14,3.0999999999999996,5,81.99,2,0,FALSE
KXCPICOREYOY-26JUN,2026-06-19,2026-07-14,3.0999999999999996,16,155.12,2,0,FALSE
KXCPICOREYOY-26JUN,2026-06-20,2026-07-14,3.0999999999999996,15,2931.84,2,0,FALSE
KXCPICOREYOY-26JUN,2026-06-21,2026-07-14,3.0999999999999996,22,101.01,22,0,FALSE
KXCPICOREYOY-26JUN,2026-06-22,2026-07-14,3.0999999999999996,6,0.01,6,0,FALSE
KXCPICOREYOY-26JUN,2026-06-23,2026-07-14,3.0999999999999996,6,0,6,0,FALSE
KXCPICOREYOY-26JUN,2026-06-24,2026-07-14,3.0999999999999996,6,0,6,0,FALSE
KXCPICOREYOY-26JUN,2026-06-25,2026-07-14,3.0999999999999996,6,0,2,0,FALSE
KXCPICOREYOY-26JUN,2026-06-26,2026-07-14,3.0999999999999996,6,0,2,0,FALSE
KXCPICOREYOY-26JUN,2026-06-27,2026-07-14,3.0999999999999996,6,0,6,0,FALSE
KXCPICOREYOY-26JUN,2026-06-28,2026-07-14,3.0999999999999996,6,0,6,3.061224489795918,FALSE
KXCPICOREYOY-26MAR,2026-03-15,2026-04-10,3.0999999999999996,0,0,3,0,FALSE
KXCPICOREYOY-26MAR,2026-03-16,2026-04-10,3.0999999999999996,0,0,3,0,FALSE
KXCPICOREYOY-26MAR,2026-03-17,2026-04-10,3.0999999999999996,0,0,3,0,FALSE
KXCPICOREYOY-26MAR,2026-03-18,2026-04-10,3.0999999999999996,0,0,3,0,FALSE
KXCPICOREYOY-26MAR,2026-03-19,2026-04-10,3.0999999999999996,6,9,6,4.081632653061225,FALSE
KXCPICOREYOY-26MAR,2026-03-20,2026-04-10,3.0999999999999996,6,0,6,1.0204081632653061,FALSE
KXCPICOREYOY-26MAR,2026-03-21,2026-04-10,3.0999999999999996,6,0,6,1.0204081632653061,FALSE
KXCPICOREYOY-26MAR,2026-03-22,2026-04-10,3.0999999999999996,6,0,6,4.081632653061225,FALSE
KXCPICOREYOY-26MAR,2026-03-23,2026-04-10,3.0999999999999996,5,1,33,0,FALSE
KXCPICOREYOY-26MAR,2026-03-24,2026-04-10,3.0999999999999996,5,0,4,0,FALSE
KXCPICOREYOY-26MAR,2026-03-25,2026-04-10,3.0999999999999996,5,0,1,0,FALSE
KXCPICOREYOY-26MAR,2026-03-26,2026-04-10,3.0999999999999996,5,0,1,0,FALSE
KXCPICOREYOY-26MAR,2026-03-27,2026-04-10,3.0999999999999996,5,0,3,0,FALSE
KXCPICOREYOY-26MAR,2026-03-28,2026-04-10,3.0999999999999996,5,0,5,0,FALSE
KXCPICOREYOY-26MAR,2026-03-29,2026-04-10,3.0999999999999996,5,0,5,0,FALSE
KXCPICOREYOY-26MAR,2026-03-30,2026-04-10,3.0999999999999996,5,0,5,0,FALSE
KXCPICOREYOY-26MAR,2026-03-31,2026-04-10,3.0999999999999996,5,0,5,0,FALSE
KXCPICOREYOY-26MAR,2026-04-01,2026-04-10,3.0999999999999996,5,0,5,0,FALSE
KXCPICOREYOY-26MAR,2026-04-02,2026-04-10,3.0999999999999996,6,47,2,0,FALSE
KXCPICOREYOY-26MAR,2026-04-03,2026-04-10,3.0999999999999996,6,0,6,0,FALSE
KXCPICOREYOY-26MAR,2026-04-04,2026-04-10,3.0999999999999996,6,10,4,0,FALSE
KXCPICOREYOY-26MAR,2026-04-05,2026-04-10,3.0999999999999996,6,250,3,0,FALSE
KXCPICOREYOY-26MAR,2026-04-06,2026-04-10,3.0999999999999996,1,23,1,0,FALSE
KXCPICOREYOY-26MAR,2026-04-07,2026-04-10,3.0999999999999996,1,0,1,0,FALSE
KXCPICOREYOY-26MAR,2026-04-08,2026-04-10,3.0999999999999996,1,0,1,0,FALSE
KXCPICOREYOY-26MAR,2026-04-09,2026-04-10,3.0999999999999996,1,0,1,0,FALSE
KXCPICOREYOY-26MAR,2026-04-10,2026-04-10,3.0999999999999996,1,0,1,0,FALSE
CPICOREYOY-23SEP,2023-09-15,2023-10-12,3.1,95,1555,95,0,FALSE
CPICOREYOY-23SEP,2023-09-16,2023-10-12,3.1,95,0,95,0,FALSE
CPICOREYOY-23SEP,2023-09-17,2023-10-12,3.1,97,945,97,0,FALSE
CPICOREYOY-23SEP,2023-09-18,2023-10-12,3.1,97,0,97,0,FALSE
CPICOREYOY-23SEP,2023-09-19,2023-10-12,3.1,92,565,92,0,FALSE
CPICOREYOY-23SEP,2023-09-20,2023-10-12,3.1,91,565,91,0,FALSE
CPICOREYOY-23SEP,2023-09-21,2023-10-12,3.1,91,0,91,0,FALSE
CPICOREYOY-23SEP,2023-09-22,2023-10-12,3.1,91,0,91,0,FALSE
CPICOREYOY-23SEP,2023-09-23,2023-10-12,3.1,91,0,91,0,FALSE
CPICOREYOY-23SEP,2023-09-24,2023-10-12,3.1,91,0,91,0,FALSE
CPICOREYOY-23SEP,2023-09-25,2023-10-12,3.1,91,0,91,0,FALSE
CPICOREYOY-23SEP,2023-09-26,2023-10-12,3.1,91,0,91,0,FALSE
CPICOREYOY-23SEP,2023-09-27,2023-10-12,3.1,96,333,96,0,FALSE
CPICOREYOY-23SEP,2023-09-28,2023-10-12,3.1,96,222,96,0,FALSE
CPICOREYOY-23SEP,2023-09-29,2023-10-12,3.1,97,555,97,0,FALSE
CPICOREYOY-23SEP,2023-09-30,2023-10-12,3.1,97,0,97,0,FALSE
CPICOREYOY-23SEP,2023-10-01,2023-10-12,3.1,97,0,97,0,FALSE
CPICOREYOY-23SEP,2023-10-02,2023-10-12,3.1,97,0,97,0,FALSE
CPICOREYOY-23SEP,2023-10-03,2023-10-12,3.1,97,0,97,0,FALSE
CPICOREYOY-23SEP,2023-10-04,2023-10-12,3.1,97,0,97,0,FALSE
CPICOREYOY-23SEP,2023-10-05,2023-10-12,3.1,97,0,97,0,FALSE
CPICOREYOY-23SEP,2023-10-06,2023-10-12,3.1,97,0,97,0,FALSE
CPICOREYOY-23SEP,2023-10-07,2023-10-12,3.1,97,0,97,0,FALSE
CPICOREYOY-23SEP,2023-10-08,2023-10-12,3.1,97,0,97,0,FALSE
CPICOREYOY-23SEP,2023-10-09,2023-10-12,3.1,97,0,97,0,FALSE
CPICOREYOY-23SEP,2023-10-10,2023-10-12,3.1,97,0,97,0,FALSE
CPICOREYOY-23SEP,2023-10-11,2023-10-12,3.1,97,0,97,0,FALSE
CPICOREYOY-23SEP,2023-10-12,2023-10-12,3.1,97,0,99,0,FALSE
CPICOREYOY-24APR,2024-04-15,2024-05-15,3.1,98,0,98,0,FALSE
CPICOREYOY-24APR,2024-04-16,2024-05-15,3.1,98,0,98,0,FALSE
CPICOREYOY-24APR,2024-04-17,2024-05-15,3.1,98,0,98,0,FALSE
CPICOREYOY-24APR,2024-04-18,2024-05-15,3.1,98,0,98,0,FALSE
CPICOREYOY-24APR,2024-04-19,2024-05-15,3.1,98,0,98,0,FALSE
CPICOREYOY-24APR,2024-04-20,2024-05-15,3.1,98,0,98,0,FALSE
CPICOREYOY-24APR,2024-04-21,2024-05-15,3.1,98,0,98,0,FALSE
CPICOREYOY-24APR,2024-04-22,2024-05-15,3.1,98,1150,98,1.0204081632653061,FALSE
CPICOREYOY-24APR,2024-04-23,2024-05-15,3.1,97,350,97,2.0408163265306123,FALSE
CPICOREYOY-24APR,2024-04-24,2024-05-15,3.1,97,0,97,2.0408163265306123,FALSE
CPICOREYOY-24APR,2024-04-25,2024-05-15,3.1,97,0,97,0,FALSE
CPICOREYOY-24APR,2024-04-26,2024-05-15,3.1,97,0,97,0,FALSE
CPICOREYOY-24APR,2024-04-27,2024-05-15,3.1,97,0,97,0,FALSE
CPICOREYOY-24APR,2024-04-28,2024-05-15,3.1,97,0,97,0,FALSE
CPICOREYOY-24APR,2024-04-29,2024-05-15,3.1,97,0,97,0,FALSE
CPICOREYOY-24APR,2024-04-30,2024-05-15,3.1,97,0,97,0,FALSE
CPICOREYOY-24APR,2024-05-01,2024-05-15,3.1,97,0,97,0,FALSE
CPICOREYOY-24APR,2024-05-02,2024-05-15,3.1,97,0,97,0,FALSE
CPICOREYOY-24APR,2024-05-03,2024-05-15,3.1,97,0,97,0,FALSE
CPICOREYOY-24APR,2024-05-04,2024-05-15,3.1,97,0,97,0,FALSE
CPICOREYOY-24APR,2024-05-05,2024-05-15,3.1,97,0,97,0,FALSE
CPICOREYOY-24APR,2024-05-06,2024-05-15,3.1,97,0,97,0,FALSE
CPICOREYOY-24APR,2024-05-07,2024-05-15,3.1,97,0,97,0,FALSE
CPICOREYOY-24APR,2024-05-08,2024-05-15,3.1,97,0,97,0,FALSE
CPICOREYOY-24APR,2024-05-09,2024-05-15,3.1,97,0,97,0,FALSE
CPICOREYOY-24APR,2024-05-10,2024-05-15,3.1,97,0,97,0,FALSE
CPICOREYOY-24APR,2024-05-11,2024-05-15,3.1,97,0,97,0,FALSE
CPICOREYOY-24APR,2024-05-12,2024-05-15,3.1,97,0,97,0,FALSE
CPICOREYOY-24APR,2024-05-13,2024-05-15,3.1,97,0,97,2.0408163265306123,FALSE
CPICOREYOY-24APR,2024-05-14,2024-05-15,3.1,97,0,97,2.0408163265306123,FALSE
CPICOREYOY-24APR,2024-05-15,2024-05-15,3.1,97,0,97,2.0408163265306123,FALSE
CPICOREYOY-24AUG,2024-08-25,2024-09-10,3.1,40,0,40,37.755102040816325,FALSE
CPICOREYOY-24AUG,2024-08-26,2024-09-10,3.1,40,0,40,37.755102040816325,FALSE
CPICOREYOY-24AUG,2024-08-27,2024-09-10,3.1,40,0,40,37.755102040816325,FALSE
CPICOREYOY-24AUG,2024-08-28,2024-09-10,3.1,40,0,40,37.755102040816325,FALSE
CPICOREYOY-24AUG,2024-08-29,2024-09-10,3.1,48,4500,48,45.91836734693877,FALSE
CPICOREYOY-24AUG,2024-08-30,2024-09-10,3.1,35,650,35,32.6530612244898,FALSE
CPICOREYOY-24AUG,2024-08-31,2024-09-10,3.1,35,0,35,32.6530612244898,FALSE
CPICOREYOY-24AUG,2024-09-01,2024-09-10,3.1,35,0,35,32.6530612244898,FALSE
CPICOREYOY-24AUG,2024-09-02,2024-09-10,3.1,35,0,35,32.6530612244898,FALSE
CPICOREYOY-24AUG,2024-09-03,2024-09-10,3.1,34,600,34,31.632653061224488,FALSE
CPICOREYOY-24AUG,2024-09-04,2024-09-10,3.1,34,0,34,31.632653061224488,FALSE
CPICOREYOY-24AUG,2024-09-05,2024-09-10,3.1,34,0,34,31.632653061224488,FALSE
CPICOREYOY-24AUG,2024-09-06,2024-09-10,3.1,34,0,34,31.632653061224488,FALSE
CPICOREYOY-24AUG,2024-09-07,2024-09-10,3.1,34,0,34,31.632653061224488,FALSE
CPICOREYOY-24AUG,2024-09-08,2024-09-10,3.1,34,0,34,31.632653061224488,FALSE
CPICOREYOY-24AUG,2024-09-09,2024-09-10,3.1,37,1200,37,3.061224489795918,FALSE
CPICOREYOY-24AUG,2024-09-10,2024-09-10,3.1,37,1000,37,25.510204081632654,FALSE
CPICOREYOY-24JUL,2024-07-15,2024-08-14,3.1,92,0,92,51.02040816326531,FALSE
CPICOREYOY-24JUL,2024-07-16,2024-08-14,3.1,92,0,92,51.02040816326531,FALSE
CPICOREYOY-24JUL,2024-07-17,2024-08-14,3.1,92,0,92,51.02040816326531,FALSE
CPICOREYOY-24JUL,2024-07-18,2024-08-14,3.1,61,3760,61,45.91836734693877,FALSE
CPICOREYOY-24JUL,2024-07-19,2024-08-14,3.1,56.00000000000001,910,56.00000000000001,40.81632653061225,FALSE
CPICOREYOY-24JUL,2024-07-20,2024-08-14,3.1,54,300,54,43.87755102040816,FALSE
CPICOREYOY-24JUL,2024-07-21,2024-08-14,3.1,54,0,54,43.87755102040816,FALSE
CPICOREYOY-24JUL,2024-07-22,2024-08-14,3.1,65,720,65,47.95918367346939,FALSE
CPICOREYOY-24JUL,2024-07-23,2024-08-14,3.1,65,600,65,46.93877551020408,FALSE
CPICOREYOY-24JUL,2024-07-24,2024-08-14,3.1,69,900,69,46.93877551020408,FALSE
CPICOREYOY-24JUL,2024-07-25,2024-08-14,3.1,71,600,71,52.04081632653061,FALSE
CPICOREYOY-24JUL,2024-07-26,2024-08-14,3.1,71,0,71,52.04081632653061,FALSE
CPICOREYOY-24JUL,2024-07-27,2024-08-14,3.1,71,0,71,52.04081632653061,FALSE
CPICOREYOY-24JUL,2024-07-28,2024-08-14,3.1,71,0,71,52.04081632653061,FALSE
CPICOREYOY-24JUL,2024-07-29,2024-08-14,3.1,73,5773,73,50,FALSE
CPICOREYOY-24JUL,2024-07-30,2024-08-14,3.1,73,0,73,50,FALSE
CPICOREYOY-24JUL,2024-07-31,2024-08-14,3.1,72,600,72,50,FALSE
CPICOREYOY-24JUL,2024-08-01,2024-08-14,3.1,67,1020,67,44.89795918367347,FALSE
CPICOREYOY-24JUL,2024-08-02,2024-08-14,3.1,66,180,66,43.87755102040816,FALSE
CPICOREYOY-24JUL,2024-08-03,2024-08-14,3.1,64,610,64,40.816326530612244,FALSE
CPICOREYOY-24JUL,2024-08-04,2024-08-14,3.1,64,0,64,40.816326530612244,FALSE
CPICOREYOY-24JUL,2024-08-05,2024-08-14,3.1,70,3665,70,51.02040816326531,FALSE
CPICOREYOY-24JUL,2024-08-06,2024-08-14,3.1,70,600,70,46.93877551020408,FALSE
CPICOREYOY-24JUL,2024-08-07,2024-08-14,3.1,71,300,71,47.95918367346939,FALSE
CPICOREYOY-24JUL,2024-08-08,2024-08-14,3.1,71,600,71,46.93877551020408,FALSE
CPICOREYOY-24JUL,2024-08-09,2024-08-14,3.1,74,1200,74,48.97959183673469,FALSE
CPICOREYOY-24JUL,2024-08-10,2024-08-14,3.1,74,0,74,45.91836734693877,FALSE
CPICOREYOY-24JUL,2024-08-11,2024-08-14,3.1,75,13,75,46.93877551020408,FALSE
CPICOREYOY-24JUL,2024-08-12,2024-08-14,3.1,71,1000,71,40.816326530612244,FALSE
CPICOREYOY-24JUL,2024-08-13,2024-08-14,3.1,69,800,69,37.755102040816325,FALSE
CPICOREYOY-24JUL,2024-08-14,2024-08-14,3.1,72,3050,72,50,FALSE
CPICOREYOY-24SEP,2024-09-24,2024-10-10,3.1,0,0,23,77.55102040816327,FALSE
CPICOREYOY-24SEP,2024-09-25,2024-10-10,3.1,64,2900,64,34.69387755102041,FALSE
CPICOREYOY-24SEP,2024-09-26,2024-10-10,3.1,64,0,64,34.69387755102041,FALSE
CPICOREYOY-24SEP,2024-09-27,2024-10-10,3.1,64,500,64,34.69387755102041,FALSE
CPICOREYOY-24SEP,2024-09-28,2024-10-10,3.1,68,200,68,38.775510204081634,FALSE
CPICOREYOY-24SEP,2024-09-29,2024-10-10,3.1,68,0,68,38.775510204081634,FALSE
CPICOREYOY-24SEP,2024-09-30,2024-10-10,3.1,67,30,67,28.571428571428573,FALSE
CPICOREYOY-24SEP,2024-10-01,2024-10-10,3.1,77,601,77,38.775510204081634,FALSE
CPICOREYOY-24SEP,2024-10-02,2024-10-10,3.1,74,2919,74,29.591836734693878,FALSE
CPICOREYOY-24SEP,2024-10-03,2024-10-10,3.1,78,540,78,29.591836734693878,FALSE
CPICOREYOY-24SEP,2024-10-04,2024-10-10,3.1,85,240,85,30.612244897959176,FALSE
CPICOREYOY-24SEP,2024-10-05,2024-10-10,3.1,85,0,85,30.612244897959176,FALSE
CPICOREYOY-24SEP,2024-10-06,2024-10-10,3.1,85,13,85,30.612244897959176,FALSE
CPICOREYOY-24SEP,2024-10-07,2024-10-10,3.1,85,770,85,24.489795918367346,FALSE
CPICOREYOY-24SEP,2024-10-08,2024-10-10,3.1,90,10,90,40.816326530612244,FALSE
CPICOREYOY-24SEP,2024-10-09,2024-10-10,3.1,84,986,84,27.551020408163275,FALSE
CPICOREYOY-24SEP,2024-10-10,2024-10-10,3.1,84,0,84,27.551020408163275,FALSE
KXCPICOREYOY-24NOV,2024-11-22,2024-12-11,3.1,0,0,7.000000000000001,0,FALSE
KXCPICOREYOY-24NOV,2024-11-23,2024-12-11,3.1,0,0,37,0,FALSE
KXCPICOREYOY-24NOV,2024-11-24,2024-12-11,3.1,0,0,37,0,FALSE
KXCPICOREYOY-24NOV,2024-11-25,2024-12-11,3.1,0,0,37,0,FALSE
KXCPICOREYOY-24NOV,2024-11-26,2024-12-11,3.1,0,0,37,0,FALSE
KXCPICOREYOY-24NOV,2024-11-27,2024-12-11,3.1,0,0,37,30.612244897959183,FALSE
KXCPICOREYOY-24NOV,2024-11-28,2024-12-11,3.1,0,0,37,30.612244897959183,FALSE
KXCPICOREYOY-24NOV,2024-11-29,2024-12-11,3.1,0,0,37,30.612244897959183,FALSE
KXCPICOREYOY-24NOV,2024-11-30,2024-12-11,3.1,0,0,37,30.612244897959183,FALSE
KXCPICOREYOY-24NOV,2024-12-01,2024-12-11,3.1,0,0,37,30.612244897959183,FALSE
KXCPICOREYOY-24NOV,2024-12-02,2024-12-11,3.1,0,0,37,30.612244897959183,FALSE
KXCPICOREYOY-24NOV,2024-12-03,2024-12-11,3.1,99,8,99,63.265306122448976,FALSE
KXCPICOREYOY-24NOV,2024-12-04,2024-12-11,3.1,99,0,99,63.265306122448976,FALSE
KXCPICOREYOY-24NOV,2024-12-05,2024-12-11,3.1,99,0,99,63.265306122448976,FALSE
KXCPICOREYOY-24NOV,2024-12-06,2024-12-11,3.1,99,0,99,63.265306122448976,FALSE
KXCPICOREYOY-24NOV,2024-12-07,2024-12-11,3.1,97,250,97,20.408163265306122,FALSE
KXCPICOREYOY-24NOV,2024-12-08,2024-12-11,3.1,97,0,97,20.408163265306122,FALSE
KXCPICOREYOY-24NOV,2024-12-09,2024-12-11,3.1,97,0,97,20.408163265306122,FALSE
KXCPICOREYOY-24NOV,2024-12-10,2024-12-11,3.1,99,8,99,22.448979591836736,FALSE
KXCPICOREYOY-24NOV,2024-12-11,2024-12-11,3.1,99,0,99,22.448979591836736,FALSE
KXCPICOREYOY-25APR,2025-04-13,2025-05-13,3.1,10,0,8,0,FALSE
KXCPICOREYOY-25APR,2025-04-14,2025-05-13,3.1,10,0,8,0,FALSE
KXCPICOREYOY-25APR,2025-04-15,2025-05-13,3.1,10,0,8,0,FALSE
KXCPICOREYOY-25APR,2025-04-16,2025-05-13,3.1,10,0,8,0,FALSE
KXCPICOREYOY-25APR,2025-04-17,2025-05-13,3.1,10,0,8,0,FALSE
KXCPICOREYOY-25APR,2025-04-18,2025-05-13,3.1,10,0,8,0,FALSE
KXCPICOREYOY-25APR,2025-04-19,2025-05-13,3.1,10,0,8,0,FALSE
KXCPICOREYOY-25APR,2025-04-20,2025-05-13,3.1,10,0,8,0,FALSE
KXCPICOREYOY-25APR,2025-04-21,2025-05-13,3.1,10,0,8,0,FALSE
KXCPICOREYOY-25APR,2025-04-22,2025-05-13,3.1,10,0,8,0,FALSE
KXCPICOREYOY-25APR,2025-04-23,2025-05-13,3.1,10,0,8,0,FALSE
KXCPICOREYOY-25APR,2025-04-24,2025-05-13,3.1,10,0,8,0,FALSE
KXCPICOREYOY-25APR,2025-04-25,2025-05-13,3.1,10,0,8,0,FALSE
KXCPICOREYOY-25APR,2025-04-26,2025-05-13,3.1,10,0,8,0,FALSE
KXCPICOREYOY-25APR,2025-04-27,2025-05-13,3.1,10,0,8,0,FALSE
KXCPICOREYOY-25APR,2025-04-28,2025-05-13,3.1,10,0,8,0,FALSE
KXCPICOREYOY-25APR,2025-04-29,2025-05-13,3.1,6,15,6,0,FALSE
KXCPICOREYOY-25APR,2025-04-30,2025-05-13,3.1,6,0,6,0,FALSE
KXCPICOREYOY-25APR,2025-05-01,2025-05-13,3.1,6,0,6,0,FALSE
KXCPICOREYOY-25APR,2025-05-02,2025-05-13,3.1,6,0,6,0,FALSE
KXCPICOREYOY-25APR,2025-05-03,2025-05-13,3.1,6,0,6,0,FALSE
KXCPICOREYOY-25APR,2025-05-04,2025-05-13,3.1,6,0,6,0,FALSE
KXCPICOREYOY-25APR,2025-05-05,2025-05-13,3.1,6,0,6,0,FALSE
KXCPICOREYOY-25APR,2025-05-06,2025-05-13,3.1,6,0,6,5.1020408163265305,FALSE
KXCPICOREYOY-25APR,2025-05-07,2025-05-13,3.1,6,0,6,5.1020408163265305,FALSE
KXCPICOREYOY-25APR,2025-05-08,2025-05-13,3.1,6,0,6,5.1020408163265305,FALSE
KXCPICOREYOY-25APR,2025-05-09,2025-05-13,3.1,6,0,6,5.1020408163265305,FALSE
KXCPICOREYOY-25APR,2025-05-10,2025-05-13,3.1,6,0,6,0,FALSE
KXCPICOREYOY-25APR,2025-05-11,2025-05-13,3.1,6,0,6,0,FALSE
KXCPICOREYOY-25APR,2025-05-12,2025-05-13,3.1,6,0,6,0,FALSE
KXCPICOREYOY-25APR,2025-05-13,2025-05-13,3.1,6,0,6,0,FALSE
KXCPICOREYOY-25AUG,2025-08-12,2025-09-11,3.1,23,0,23,10.204081632653061,FALSE
KXCPICOREYOY-25AUG,2025-08-13,2025-09-11,3.1,28.000000000000004,540,28.000000000000004,13.265306122448985,FALSE
KXCPICOREYOY-25AUG,2025-08-14,2025-09-11,3.1,23,34,23,8.16326530612245,FALSE
KXCPICOREYOY-25AUG,2025-08-15,2025-09-11,3.1,23,0,23,8.16326530612245,FALSE
KXCPICOREYOY-25AUG,2025-08-16,2025-09-11,3.1,23,0,23,8.16326530612245,FALSE
KXCPICOREYOY-25AUG,2025-08-17,2025-09-11,3.1,23,0,23,8.16326530612245,FALSE
KXCPICOREYOY-25AUG,2025-08-18,2025-09-11,3.1,23,0,23,8.16326530612245,FALSE
KXCPICOREYOY-25AUG,2025-08-19,2025-09-11,3.1,23,0,23,8.16326530612245,FALSE
KXCPICOREYOY-25AUG,2025-08-20,2025-09-11,3.1,28.999999999999996,65,28.999999999999996,18.367346938775505,FALSE
KXCPICOREYOY-25AUG,2025-08-21,2025-09-11,3.1,28.999999999999996,0,28.999999999999996,18.367346938775505,FALSE
KXCPICOREYOY-25AUG,2025-08-22,2025-09-11,3.1,28.999999999999996,0,28.999999999999996,18.367346938775505,FALSE
KXCPICOREYOY-25AUG,2025-08-23,2025-09-11,3.1,28.000000000000004,45,28.000000000000004,18.367346938775515,FALSE
KXCPICOREYOY-25AUG,2025-08-24,2025-09-11,3.1,28.000000000000004,0,28.000000000000004,18.367346938775515,FALSE
KXCPICOREYOY-25AUG,2025-08-25,2025-09-11,3.1,28.000000000000004,0,28.000000000000004,18.367346938775515,FALSE
KXCPICOREYOY-25AUG,2025-08-26,2025-09-11,3.1,28.000000000000004,0,28.000000000000004,14.285714285714288,FALSE
KXCPICOREYOY-25AUG,2025-08-27,2025-09-11,3.1,28.000000000000004,10,28.000000000000004,14.285714285714288,FALSE
KXCPICOREYOY-25AUG,2025-08-28,2025-09-11,3.1,28.000000000000004,0,28.000000000000004,14.285714285714288,FALSE
KXCPICOREYOY-25AUG,2025-08-29,2025-09-11,3.1,28.000000000000004,0,28.000000000000004,19.38775510204082,FALSE
KXCPICOREYOY-25AUG,2025-08-30,2025-09-11,3.1,28.999999999999996,65,28.999999999999996,20.40816326530612,FALSE
KXCPICOREYOY-25AUG,2025-08-31,2025-09-11,3.1,28.999999999999996,0,28.999999999999996,20.40816326530612,FALSE
KXCPICOREYOY-25AUG,2025-09-01,2025-09-11,3.1,28.999999999999996,0,28.999999999999996,20.40816326530612,FALSE
KXCPICOREYOY-25AUG,2025-09-02,2025-09-11,3.1,30,55,30,17.346938775510203,FALSE
KXCPICOREYOY-25AUG,2025-09-03,2025-09-11,3.1,30,30,30,17.346938775510203,FALSE
KXCPICOREYOY-25AUG,2025-09-04,2025-09-11,3.1,30,0,30,17.346938775510203,FALSE
KXCPICOREYOY-25AUG,2025-09-05,2025-09-11,3.1,23,30,23,14.285714285714286,FALSE
KXCPICOREYOY-25AUG,2025-09-06,2025-09-11,3.1,23,0,23,20.408163265306122,FALSE
KXCPICOREYOY-25AUG,2025-09-07,2025-09-11,3.1,28.000000000000004,72,28.000000000000004,25.510204081632658,FALSE
KXCPICOREYOY-25AUG,2025-09-08,2025-09-11,3.1,25,150,25,22.448979591836736,FALSE
KXCPICOREYOY-25AUG,2025-09-09,2025-09-11,3.1,25,20,25,18.367346938775512,FALSE
KXCPICOREYOY-25AUG,2025-09-10,2025-09-11,3.1,27,6800,27,23.46938775510204,FALSE
KXCPICOREYOY-25AUG,2025-09-11,2025-09-11,3.1,19,4104,19,17.346938775510203,FALSE
KXCPICOREYOY-25DEC,2025-12-18,2026-01-13,3.1,0,0,46,0,FALSE
KXCPICOREYOY-25DEC,2025-12-19,2026-01-13,3.1,0,0,46,0,FALSE
KXCPICOREYOY-25DEC,2025-12-20,2026-01-13,3.1,0,0,9,0,FALSE
KXCPICOREYOY-25DEC,2025-12-21,2026-01-13,3.1,0,0,46,0,FALSE
KXCPICOREYOY-25JUL,2025-07-13,2025-08-12,3.1,11,0,11,10.204081632653061,FALSE
KXCPICOREYOY-25JUL,2025-07-14,2025-08-12,3.1,12,20,12,11.224489795918368,FALSE
KXCPICOREYOY-25JUL,2025-07-15,2025-08-12,3.1,20,1056,20,19.387755102040817,FALSE
KXCPICOREYOY-25JUL,2025-07-16,2025-08-12,3.1,27,449,27,26.53061224489796,FALSE
KXCPICOREYOY-25JUL,2025-07-17,2025-08-12,3.1,27,35,27,20.408163265306122,FALSE
KXCPICOREYOY-25JUL,2025-07-18,2025-08-12,3.1,22,126,22,15.306122448979592,FALSE
KXCPICOREYOY-25JUL,2025-07-19,2025-08-12,3.1,22,0,22,15.306122448979592,FALSE
KXCPICOREYOY-25JUL,2025-07-20,2025-08-12,3.1,22,0,22,15.306122448979592,FALSE
KXCPICOREYOY-25JUL,2025-07-21,2025-08-12,3.1,22,0,22,15.306122448979592,FALSE
KXCPICOREYOY-25JUL,2025-07-22,2025-08-12,3.1,22,0,22,15.306122448979592,FALSE
KXCPICOREYOY-25JUL,2025-07-23,2025-08-12,3.1,20,740,20,13.26530612244898,FALSE
KXCPICOREYOY-25JUL,2025-07-24,2025-08-12,3.1,19,1000,19,12.244897959183673,FALSE
KXCPICOREYOY-25JUL,2025-07-25,2025-08-12,3.1,19,0,19,12.244897959183673,FALSE
KXCPICOREYOY-25JUL,2025-07-26,2025-08-12,3.1,19,0,19,12.244897959183673,FALSE
KXCPICOREYOY-25JUL,2025-07-27,2025-08-12,3.1,15,1,15,8.163265306122447,FALSE
KXCPICOREYOY-25JUL,2025-07-28,2025-08-12,3.1,15,0,15,8.163265306122447,FALSE
KXCPICOREYOY-25JUL,2025-07-29,2025-08-12,3.1,14.000000000000002,11,14.000000000000002,7.142857142857144,FALSE
KXCPICOREYOY-25JUL,2025-07-30,2025-08-12,3.1,15,1000,15,8.163265306122447,FALSE
KXCPICOREYOY-25JUL,2025-07-31,2025-08-12,3.1,12,112,12,5.10204081632653,FALSE
KXCPICOREYOY-25JUL,2025-08-01,2025-08-12,3.1,12,0,12,5.10204081632653,FALSE
KXCPICOREYOY-25JUL,2025-08-02,2025-08-12,3.1,12,0,12,5.10204081632653,FALSE
KXCPICOREYOY-25JUL,2025-08-03,2025-08-12,3.1,12,0,12,5.10204081632653,FALSE
KXCPICOREYOY-25JUL,2025-08-04,2025-08-12,3.1,18,3505,18,11.224489795918368,FALSE
KXCPICOREYOY-25JUL,2025-08-05,2025-08-12,3.1,14.000000000000002,3060,14.000000000000002,7.142857142857144,FALSE
KXCPICOREYOY-25JUL,2025-08-06,2025-08-12,3.1,10,1000,10,3.0612244897959173,FALSE
KXCPICOREYOY-25JUL,2025-08-07,2025-08-12,3.1,11,30,11,4.081632653061224,FALSE
KXCPICOREYOY-25JUL,2025-08-08,2025-08-12,3.1,5,1160,5,4.081632653061225,FALSE
KXCPICOREYOY-25JUL,2025-08-09,2025-08-12,3.1,5,0,5,4.081632653061225,FALSE
KXCPICOREYOY-25JUL,2025-08-10,2025-08-12,3.1,9,10,9,2.0408163265306114,FALSE
KXCPICOREYOY-25JUL,2025-08-11,2025-08-12,3.1,8,1712,8,7.142857142857143,FALSE
KXCPICOREYOY-25JUL,2025-08-12,2025-08-12,3.1,9,12674,9,4.081632653061225,FALSE
KXCPICOREYOY-25JUN,2025-06-15,2025-07-15,3.1,0,0,8,0,FALSE
KXCPICOREYOY-25JUN,2025-06-16,2025-07-15,3.1,0,0,8,0,FALSE
KXCPICOREYOY-25JUN,2025-06-17,2025-07-15,3.1,0,0,8,0,FALSE
KXCPICOREYOY-25JUN,2025-06-18,2025-07-15,3.1,0,0,8,0,FALSE
KXCPICOREYOY-25JUN,2025-06-19,2025-07-15,3.1,0,0,8,0,FALSE
KXCPICOREYOY-25JUN,2025-06-20,2025-07-15,3.1,0,0,8,0,FALSE
KXCPICOREYOY-25JUN,2025-06-21,2025-07-15,3.1,0,0,8,0,FALSE
KXCPICOREYOY-25JUN,2025-06-22,2025-07-15,3.1,0,0,7.000000000000001,1.020408163265307,FALSE
KXCPICOREYOY-25JUN,2025-06-23,2025-07-15,3.1,0,0,7.000000000000001,1.020408163265307,FALSE
KXCPICOREYOY-25JUN,2025-06-24,2025-07-15,3.1,0,0,7.000000000000001,1.020408163265307,FALSE
KXCPICOREYOY-25JUN,2025-06-25,2025-07-15,3.1,0,0,7.000000000000001,1.020408163265307,FALSE
KXCPICOREYOY-25JUN,2025-06-26,2025-07-15,3.1,0,0,7.000000000000001,1.020408163265307,FALSE
KXCPICOREYOY-25JUN,2025-06-27,2025-07-15,3.1,0,0,7.000000000000001,1.020408163265307,FALSE
KXCPICOREYOY-25JUN,2025-06-28,2025-07-15,3.1,0,0,7.000000000000001,1.020408163265307,FALSE
KXCPICOREYOY-25JUN,2025-06-29,2025-07-15,3.1,0,0,7.000000000000001,1.020408163265307,FALSE
KXCPICOREYOY-25JUN,2025-06-30,2025-07-15,3.1,0,0,7.000000000000001,1.020408163265307,FALSE
KXCPICOREYOY-25JUN,2025-07-01,2025-07-15,3.1,0,0,7.000000000000001,1.020408163265307,FALSE
KXCPICOREYOY-25JUN,2025-07-02,2025-07-15,3.1,0,0,7.000000000000001,1.020408163265307,FALSE
KXCPICOREYOY-25JUN,2025-07-03,2025-07-15,3.1,0,0,7.000000000000001,1.020408163265307,FALSE
KXCPICOREYOY-25JUN,2025-07-04,2025-07-15,3.1,5,10,5,4.081632653061225,FALSE
KXCPICOREYOY-25JUN,2025-07-05,2025-07-15,3.1,5,0,5,4.081632653061225,FALSE
KXCPICOREYOY-25JUN,2025-07-06,2025-07-15,3.1,5,0,5,4.081632653061225,FALSE
KXCPICOREYOY-25JUN,2025-07-07,2025-07-15,3.1,5,0,5,4.081632653061225,FALSE
KXCPICOREYOY-25JUN,2025-07-08,2025-07-15,3.1,5,0,5,4.081632653061225,FALSE
KXCPICOREYOY-25JUN,2025-07-09,2025-07-15,3.1,9,52,9,4.081632653061225,FALSE
KXCPICOREYOY-25JUN,2025-07-10,2025-07-15,3.1,9,0,9,4.081632653061225,FALSE
KXCPICOREYOY-25JUN,2025-07-11,2025-07-15,3.1,9,0,9,4.081632653061225,FALSE
KXCPICOREYOY-25JUN,2025-07-12,2025-07-15,3.1,9,0,9,4.081632653061225,FALSE
KXCPICOREYOY-25JUN,2025-07-13,2025-07-15,3.1,9,0,9,4.081632653061225,FALSE
KXCPICOREYOY-25JUN,2025-07-14,2025-07-15,3.1,7.000000000000001,26,7.000000000000001,2.040816326530613,FALSE
KXCPICOREYOY-25JUN,2025-07-15,2025-07-15,3.1,7.000000000000001,0,6,4.081632653061225,FALSE
KXCPICOREYOY-25MAY,2025-06-01,2025-06-11,3.1,0,0,3,0,FALSE
KXCPICOREYOY-25MAY,2025-06-02,2025-06-11,3.1,2,432,2,0,FALSE
KXCPICOREYOY-25MAY,2025-06-03,2025-06-11,3.1,2,0,2,1.0204081632653061,FALSE
KXCPICOREYOY-25MAY,2025-06-04,2025-06-11,3.1,2,0,2,1.0204081632653061,FALSE
KXCPICOREYOY-25MAY,2025-06-05,2025-06-11,3.1,2,0,2,1.0204081632653061,FALSE
KXCPICOREYOY-25MAY,2025-06-06,2025-06-11,3.1,2,0,2,1.0204081632653061,FALSE
KXCPICOREYOY-25MAY,2025-06-07,2025-06-11,3.1,2,0,2,1.0204081632653061,FALSE
KXCPICOREYOY-25MAY,2025-06-08,2025-06-11,3.1,2,0,2,1.0204081632653061,FALSE
KXCPICOREYOY-25MAY,2025-06-09,2025-06-11,3.1,1,35,1,0,FALSE
KXCPICOREYOY-25MAY,2025-06-10,2025-06-11,3.1,1,0,1,0,FALSE
KXCPICOREYOY-25MAY,2025-06-11,2025-06-11,3.1,1,0,1,0,FALSE
KXCPICOREYOY-25NOV,2025-12-05,2025-12-18,3.1,9,640,9,5.1020408163265305,FALSE
KXCPICOREYOY-25NOV,2025-12-06,2025-12-18,3.1,14.000000000000002,214,14.000000000000002,10.204081632653063,FALSE
KXCPICOREYOY-25NOV,2025-12-07,2025-12-18,3.1,14.000000000000002,1,14.000000000000002,10.204081632653063,FALSE
KXCPICOREYOY-25NOV,2025-12-08,2025-12-18,3.1,8,62,8,5.1020408163265305,FALSE
KXCPICOREYOY-25NOV,2025-12-09,2025-12-18,3.1,8,0,8,5.1020408163265305,FALSE
KXCPICOREYOY-25NOV,2025-12-10,2025-12-18,3.1,6,216,6,3.061224489795918,FALSE
KXCPICOREYOY-25NOV,2025-12-11,2025-12-18,3.1,3,152,3,2.0408163265306123,FALSE
KXCPICOREYOY-25NOV,2025-12-12,2025-12-18,3.1,4,10,4,1.0204081632653061,FALSE
KXCPICOREYOY-25NOV,2025-12-13,2025-12-18,3.1,4,0,4,1.0204081632653061,FALSE
KXCPICOREYOY-25NOV,2025-12-14,2025-12-18,3.1,4,0,4,1.0204081632653061,FALSE
KXCPICOREYOY-25NOV,2025-12-15,2025-12-18,3.1,4,0,4,1.0204081632653061,FALSE
KXCPICOREYOY-25NOV,2025-12-16,2025-12-18,3.1,3,10844,3,2.0408163265306123,FALSE
KXCPICOREYOY-25NOV,2025-12-17,2025-12-18,3.1,4,348,4,1.0204081632653061,FALSE
KXCPICOREYOY-25NOV,2025-12-18,2025-12-18,3.1,4,38,4,1.0204081632653061,FALSE
KXCPICOREYOY-25OCT,2025-10-14,2025-11-13,3.1,39,0,39,38.775510204081634,FALSE
KXCPICOREYOY-25OCT,2025-10-15,2025-11-13,3.1,31,831,31,16.3265306122449,FALSE
KXCPICOREYOY-25SEP,2025-09-15,2025-10-15,3.1,26,2040,26,18.367346938775512,FALSE
KXCPICOREYOY-25SEP,2025-09-16,2025-10-15,3.1,23,385,23,15.306122448979592,FALSE
KXCPICOREYOY-25SEP,2025-09-17,2025-10-15,3.1,23,6,23,15.306122448979592,FALSE
KXCPICOREYOY-25SEP,2025-09-18,2025-10-15,3.1,22,5,22,14.285714285714286,FALSE
KXCPICOREYOY-25SEP,2025-09-19,2025-10-15,3.1,22,1095,22,14.285714285714286,FALSE
KXCPICOREYOY-25SEP,2025-09-20,2025-10-15,3.1,22,0,22,14.285714285714286,FALSE
KXCPICOREYOY-25SEP,2025-09-21,2025-10-15,3.1,22,0,22,14.285714285714286,FALSE
KXCPICOREYOY-25SEP,2025-09-22,2025-10-15,3.1,22,0,22,14.285714285714286,FALSE
KXCPICOREYOY-25SEP,2025-09-23,2025-10-15,3.1,22,0,22,14.285714285714286,FALSE
KXCPICOREYOY-25SEP,2025-09-24,2025-10-15,3.1,22,61,22,14.285714285714286,FALSE
KXCPICOREYOY-25SEP,2025-09-25,2025-10-15,3.1,22,0,22,14.285714285714286,FALSE
KXCPICOREYOY-25SEP,2025-09-26,2025-10-15,3.1,22,228,22,11.224489795918368,FALSE
KXCPICOREYOY-25SEP,2025-09-27,2025-10-15,3.1,22,0,22,11.224489795918368,FALSE
KXCPICOREYOY-25SEP,2025-09-28,2025-10-15,3.1,22,0,22,11.224489795918368,FALSE
KXCPICOREYOY-25SEP,2025-09-29,2025-10-15,3.1,27,30,27,16.3265306122449,FALSE
KXCPICOREYOY-25SEP,2025-09-30,2025-10-15,3.1,27,0,27,16.3265306122449,FALSE
KXCPICOREYOY-25SEP,2025-10-01,2025-10-15,3.1,23,200,23,12.244897959183673,FALSE
KXCPICOREYOY-25SEP,2025-10-02,2025-10-15,3.1,21,450,21,17.346938775510203,FALSE
KXCPICOREYOY-25SEP,2025-10-03,2025-10-15,3.1,26,36,26,22.448979591836736,FALSE
KXCPICOREYOY-25SEP,2025-10-04,2025-10-15,3.1,26,0,26,22.448979591836736,FALSE
KXCPICOREYOY-25SEP,2025-10-05,2025-10-15,3.1,26,0,26,22.448979591836736,FALSE
KXCPICOREYOY-25SEP,2025-10-06,2025-10-15,3.1,22,5,22,18.367346938775512,FALSE
KXCPICOREYOY-25SEP,2025-10-07,2025-10-15,3.1,21,14,21,17.346938775510203,FALSE
KXCPICOREYOY-25SEP,2025-10-08,2025-10-15,3.1,24,2027,24,17.346938775510203,FALSE
KXCPICOREYOY-25SEP,2025-10-09,2025-10-15,3.1,21,3003,21,13.26530612244898,FALSE
KXCPICOREYOY-25SEP,2025-10-10,2025-10-15,3.1,28.000000000000004,779,28.000000000000004,20.408163265306126,FALSE
KXCPICOREYOY-25SEP,2025-10-11,2025-10-15,3.1,28.000000000000004,0,28.000000000000004,20.408163265306126,FALSE
KXCPICOREYOY-25SEP,2025-10-12,2025-10-15,3.1,28.000000000000004,1317,28.000000000000004,20.408163265306126,FALSE
KXCPICOREYOY-25SEP,2025-10-13,2025-10-15,3.1,28.999999999999996,1700,28.999999999999996,21.428571428571423,FALSE
KXCPICOREYOY-25SEP,2025-10-14,2025-10-15,3.1,20,496,20,17.346938775510203,FALSE
KXCPICOREYOY-25SEP,2025-10-15,2025-10-15,3.1,20,0,20,17.346938775510203,FALSE
KXCPICOREYOY-26APR,2026-04-30,2026-05-12,3.1,5,0,2,0,FALSE
KXCPICOREYOY-26APR,2026-05-01,2026-05-12,3.1,5,0,3,1.0204081632653061,FALSE
KXCPICOREYOY-26APR,2026-05-02,2026-05-12,3.1,5,0,3,1.0204081632653061,FALSE
KXCPICOREYOY-26APR,2026-05-03,2026-05-12,3.1,5,0,3,1.0204081632653061,FALSE
KXCPICOREYOY-26APR,2026-05-04,2026-05-12,3.1,5,0,3,1.0204081632653061,FALSE
KXCPICOREYOY-26APR,2026-05-05,2026-05-12,3.1,5,0,3,1.0204081632653061,FALSE
KXCPICOREYOY-26APR,2026-05-06,2026-05-12,3.1,5,0,3,1.0204081632653061,FALSE
KXCPICOREYOY-26APR,2026-05-07,2026-05-12,3.1,5,0,3,1.0204081632653061,FALSE
KXCPICOREYOY-26APR,2026-05-08,2026-05-12,3.1,5,0,3,1.0204081632653061,FALSE
KXCPICOREYOY-26APR,2026-05-09,2026-05-12,3.1,5,0,3,1.0204081632653061,FALSE
KXCPICOREYOY-26APR,2026-05-10,2026-05-12,3.1,5,0,3,1.0204081632653061,FALSE
KXCPICOREYOY-26APR,2026-05-11,2026-05-12,3.1,5,0,3,0,FALSE
KXCPICOREYOY-26APR,2026-05-12,2026-05-12,3.1,5,0,2,0,FALSE
KXCPICOREYOY-26AUG,2026-07-04,2026-08-03,3.1,22,0,22,0,FALSE
KXCPICOREYOY-26AUG,2026-07-05,2026-08-03,3.1,22,0,22,0,FALSE
KXCPICOREYOY-26AUG,2026-07-06,2026-08-03,3.1,22,0,22,0,FALSE
KXCPICOREYOY-26AUG,2026-07-07,2026-08-03,3.1,22,0,22,0,FALSE
KXCPICOREYOY-26AUG,2026-07-08,2026-08-03,3.1,22,0,5,0,FALSE
KXCPICOREYOY-26AUG,2026-07-09,2026-08-03,3.1,22,0,5,0,FALSE
KXCPICOREYOY-26AUG,2026-07-10,2026-08-03,3.1,22,0,5,0,FALSE
KXCPICOREYOY-26AUG,2026-07-11,2026-08-03,3.1,22,0,5,0,FALSE
KXCPICOREYOY-26AUG,2026-07-12,2026-08-03,3.1,22,0,5,0,FALSE
KXCPICOREYOY-26AUG,2026-07-13,2026-08-03,3.1,22,0,5,0,FALSE
KXCPICOREYOY-26AUG,2026-07-14,2026-08-03,3.1,22,0,5,0,FALSE
KXCPICOREYOY-26AUG,2026-07-15,2026-08-03,3.1,22,0,5,0,FALSE
KXCPICOREYOY-26AUG,2026-07-16,2026-08-03,3.1,22,0,8,0,FALSE
KXCPICOREYOY-26AUG,2026-07-17,2026-08-03,3.1,22,0,8,0,FALSE
KXCPICOREYOY-26AUG,2026-07-18,2026-08-03,3.1,22,0,8,0,FALSE
KXCPICOREYOY-26AUG,2026-07-19,2026-08-03,3.1,22,0,8,0,FALSE
KXCPICOREYOY-26AUG,2026-07-20,2026-08-03,3.1,22,0,8,0,FALSE
KXCPICOREYOY-26AUG,2026-07-21,2026-08-03,3.1,22,0,8,0,FALSE
KXCPICOREYOY-26AUG,2026-07-22,2026-08-03,3.1,22,0,2,0,FALSE
KXCPICOREYOY-26AUG,2026-07-23,2026-08-03,3.1,22,0,2,0,FALSE
KXCPICOREYOY-26AUG,2026-07-24,2026-08-03,3.1,22,0,2,0,FALSE
KXCPICOREYOY-26AUG,2026-07-25,2026-08-03,3.1,22,0,2,0,FALSE
KXCPICOREYOY-26AUG,2026-07-26,2026-08-03,3.1,22,0,2,0,FALSE
KXCPICOREYOY-26AUG,2026-07-27,2026-08-03,3.1,22,0,2,0,FALSE
KXCPICOREYOY-26AUG,2026-07-28,2026-08-03,3.1,22,0,2,0,FALSE
KXCPICOREYOY-26AUG,2026-07-29,2026-08-03,3.1,22,0,2,0,FALSE
KXCPICOREYOY-26AUG,2026-07-30,2026-08-03,3.1,22,0,2,0,FALSE
KXCPICOREYOY-26AUG,2026-07-31,2026-08-03,3.1,22,0,2,0,FALSE
KXCPICOREYOY-26AUG,2026-08-01,2026-08-03,3.1,22,0,2,0,FALSE
KXCPICOREYOY-26AUG,2026-08-02,2026-08-03,3.1,22,0,2,0,FALSE
KXCPICOREYOY-26AUG,2026-08-03,2026-08-03,3.1,22,0,1,0,FALSE
KXCPICOREYOY-26FEB,2026-02-17,2026-03-11,3.1,6,0,1,0,FALSE
KXCPICOREYOY-26FEB,2026-02-18,2026-03-11,3.1,6,0,1,0,FALSE
KXCPICOREYOY-26FEB,2026-02-19,2026-03-11,3.1,6,0,1,0,FALSE
KXCPICOREYOY-26FEB,2026-02-20,2026-03-11,3.1,6,0,1,0,FALSE
KXCPICOREYOY-26FEB,2026-02-21,2026-03-11,3.1,6,0,1,0,FALSE
KXCPICOREYOY-26FEB,2026-02-22,2026-03-11,3.1,6,0,1,0,FALSE
KXCPICOREYOY-26FEB,2026-02-23,2026-03-11,3.1,6,0,1,0,FALSE
KXCPICOREYOY-26FEB,2026-02-24,2026-03-11,3.1,6,0,1,0,FALSE
KXCPICOREYOY-26FEB,2026-02-25,2026-03-11,3.1,6,0,1,0,FALSE
KXCPICOREYOY-26FEB,2026-02-26,2026-03-11,3.1,6,0,1,0,FALSE
KXCPICOREYOY-26FEB,2026-02-27,2026-03-11,3.1,1,17,1,0,FALSE
KXCPICOREYOY-26FEB,2026-02-28,2026-03-11,3.1,1,0,1,0,FALSE
KXCPICOREYOY-26FEB,2026-03-01,2026-03-11,3.1,1,0,1,0,FALSE
KXCPICOREYOY-26FEB,2026-03-02,2026-03-11,3.1,1,0,1,0,FALSE
KXCPICOREYOY-26FEB,2026-03-03,2026-03-11,3.1,1,0,1,0,FALSE
KXCPICOREYOY-26FEB,2026-03-04,2026-03-11,3.1,1,0,1,0,FALSE
KXCPICOREYOY-26FEB,2026-03-05,2026-03-11,3.1,1,0,1,0,FALSE
KXCPICOREYOY-26FEB,2026-03-06,2026-03-11,3.1,1,0,1,0,FALSE
KXCPICOREYOY-26FEB,2026-03-07,2026-03-11,3.1,1,0,1,0,FALSE
KXCPICOREYOY-26FEB,2026-03-08,2026-03-11,3.1,1,0,1,0,FALSE
KXCPICOREYOY-26FEB,2026-03-09,2026-03-11,3.1,7.000000000000001,50,1,0,FALSE
KXCPICOREYOY-26FEB,2026-03-10,2026-03-11,3.1,2,104,2,0,FALSE
KXCPICOREYOY-26FEB,2026-03-11,2026-03-11,3.1,2,0,2,0,FALSE
KXCPICOREYOY-26JAN,2026-01-15,2026-02-13,3.1,9,57,9,0,FALSE
KXCPICOREYOY-26JAN,2026-01-16,2026-02-13,3.1,9,0,9,0,FALSE
KXCPICOREYOY-26JAN,2026-01-17,2026-02-13,3.1,9,62,9,0,FALSE
KXCPICOREYOY-26JAN,2026-01-18,2026-02-13,3.1,10,122,10,0,FALSE
KXCPICOREYOY-26JAN,2026-01-19,2026-02-13,3.1,13,85,13,0,FALSE
KXCPICOREYOY-26JAN,2026-01-20,2026-02-13,3.1,14.000000000000002,133,14.000000000000002,0,FALSE
KXCPICOREYOY-26JUL,2026-07-06,2026-08-05,3.1,0,0,1,0,FALSE
KXCPICOREYOY-26JUL,2026-07-07,2026-08-05,3.1,0,0,1,0,FALSE
KXCPICOREYOY-26JUL,2026-07-08,2026-08-05,3.1,0,0,1,0,FALSE
KXCPICOREYOY-26JUL,2026-07-09,2026-08-05,3.1,0,0,1,0,FALSE
KXCPICOREYOY-26JUL,2026-07-13,2026-08-05,3.1,0,0,1,0,FALSE
KXCPICOREYOY-26JUL,2026-07-14,2026-08-05,3.1,0,0,1,0,FALSE
KXCPICOREYOY-26JUL,2026-07-15,2026-08-05,3.1,0,0,2,0,FALSE
KXCPICOREYOY-26JUL,2026-07-16,2026-08-05,3.1,0,0,3,0,FALSE
KXCPICOREYOY-26JUL,2026-07-17,2026-08-05,3.1,0,0,3,0,FALSE
KXCPICOREYOY-26JUL,2026-07-18,2026-08-05,3.1,5,10,3,0,FALSE
KXCPICOREYOY-26JUL,2026-07-19,2026-08-05,3.1,5,0,5,4.081632653061225,FALSE
KXCPICOREYOY-26JUL,2026-07-20,2026-08-05,3.1,5,0,5,0,FALSE
KXCPICOREYOY-26JUL,2026-07-21,2026-08-05,3.1,5,0,5,0,FALSE
KXCPICOREYOY-26JUL,2026-07-22,2026-08-05,3.1,5,46,5,0,FALSE
KXCPICOREYOY-26JUL,2026-07-23,2026-08-05,3.1,5,556,4,1.0204081632653061,FALSE
KXCPICOREYOY-26JUL,2026-07-24,2026-08-05,3.1,5,0,4,0,FALSE
KXCPICOREYOY-26JUL,2026-07-25,2026-08-05,3.1,5,18.75,3,0,FALSE
KXCPICOREYOY-26JUL,2026-07-26,2026-08-05,3.1,5,0,3,0,FALSE
KXCPICOREYOY-26JUL,2026-07-27,2026-08-05,3.1,5,0,3,0,FALSE
KXCPICOREYOY-26JUL,2026-07-28,2026-08-05,3.1,5,0,2,0,FALSE
KXCPICOREYOY-26JUL,2026-07-29,2026-08-05,3.1,5,0,2,0,FALSE
KXCPICOREYOY-26JUL,2026-07-30,2026-08-05,3.1,5,0,2,0,FALSE
KXCPICOREYOY-26JUL,2026-07-31,2026-08-05,3.1,3,218.49,2,0,FALSE
KXCPICOREYOY-26JUL,2026-08-01,2026-08-05,3.1,3,0,2,0,FALSE
KXCPICOREYOY-26JUL,2026-08-02,2026-08-05,3.1,3,0,2,0,FALSE
KXCPICOREYOY-26JUL,2026-08-03,2026-08-05,3.1,3,0,2,0,FALSE
KXCPICOREYOY-26JUL,2026-08-04,2026-08-05,3.1,3,0,2,0,FALSE
KXCPICOREYOY-26JUL,2026-08-05,2026-08-05,3.1,3,0,2,0,FALSE
KXCPICOREYOY-26JUN,2026-06-29,2026-07-14,3.1,5,159,5,0,FALSE
KXCPICOREYOY-26JUN,2026-06-30,2026-07-14,3.1,5,10,3,0,FALSE
KXCPICOREYOY-26JUN,2026-07-01,2026-07-14,3.1,1,167.86,1,0,FALSE
KXCPICOREYOY-26JUN,2026-07-02,2026-07-14,3.1,1,0,1,0,FALSE
KXCPICOREYOY-26JUN,2026-07-03,2026-07-14,3.1,1,0,1,0,FALSE
KXCPICOREYOY-26JUN,2026-07-04,2026-07-14,3.1,1,0,1,0,FALSE
KXCPICOREYOY-26JUN,2026-07-05,2026-07-14,3.1,1,0,1,0,FALSE
KXCPICOREYOY-26JUN,2026-07-06,2026-07-14,3.1,1,0,1,0,FALSE
KXCPICOREYOY-26JUN,2026-07-07,2026-07-14,3.1,1,0,1,0,FALSE
KXCPICOREYOY-26JUN,2026-07-08,2026-07-14,3.1,1,0,1,0,FALSE
KXCPICOREYOY-26JUN,2026-07-09,2026-07-14,3.1,1,0,1,0,FALSE
KXCPICOREYOY-26JUN,2026-07-10,2026-07-14,3.1,2,10,2,1.0204081632653061,FALSE
KXCPICOREYOY-26JUN,2026-07-11,2026-07-14,3.1,2,0,1,0,FALSE
KXCPICOREYOY-26JUN,2026-07-12,2026-07-14,3.1,2,0,1,0,FALSE
KXCPICOREYOY-26JUN,2026-07-13,2026-07-14,3.1,2,0,1,0,FALSE
KXCPICOREYOY-26JUN,2026-07-14,2026-07-14,3.1,2,0,1,0,FALSE
KXCPICOREYOY-26MAY,2026-05-11,2026-06-10,3.1,3,0,3,2.0408163265306123,FALSE
KXCPICOREYOY-26MAY,2026-05-12,2026-06-10,3.1,9,200,9,6.122448979591836,FALSE
KXCPICOREYOY-26MAY,2026-05-13,2026-06-10,3.1,4,732,4,1.0204081632653061,FALSE
KXCPICOREYOY-26MAY,2026-05-14,2026-06-10,3.1,4,187,4,1.0204081632653061,FALSE
KXCPICOREYOY-26MAY,2026-05-15,2026-06-10,3.1,4,0,4,1.0204081632653061,FALSE
KXCPICOREYOY-26MAY,2026-05-16,2026-06-10,3.1,4,0,4,1.0204081632653061,FALSE
KXCPICOREYOY-26MAY,2026-05-17,2026-06-10,3.1,5,3000,5,2.0408163265306123,FALSE
KXCPICOREYOY-26MAY,2026-05-18,2026-06-10,3.1,5,0,5,2.0408163265306123,FALSE
KXCPICOREYOY-26MAY,2026-05-19,2026-06-10,3.1,3,447,3,2.0408163265306123,FALSE
KXCPICOREYOY-26MAY,2026-05-20,2026-06-10,3.1,3,0,3,2.0408163265306123,FALSE
KXCPICOREYOY-26MAY,2026-05-21,2026-06-10,3.1,2,30,2,1.0204081632653061,FALSE
KXCPICOREYOY-26MAY,2026-05-22,2026-06-10,3.1,2,5470,2,1.0204081632653061,FALSE
KXCPICOREYOY-26MAY,2026-05-23,2026-06-10,3.1,2,0,2,1.0204081632653061,FALSE
KXCPICOREYOY-26MAY,2026-05-24,2026-06-10,3.1,2,0,2,1.0204081632653061,FALSE
KXCPICOREYOY-26MAY,2026-05-25,2026-06-10,3.1,2,0,2,1.0204081632653061,FALSE
KXCPICOREYOY-26MAY,2026-05-26,2026-06-10,3.1,2,0,2,1.0204081632653061,FALSE
KXCPICOREYOY-26MAY,2026-05-27,2026-06-10,3.1,2,0,2,1.0204081632653061,FALSE
KXCPICOREYOY-26MAY,2026-05-28,2026-06-10,3.1,2,0,2,1.0204081632653061,FALSE
KXCPICOREYOY-26MAY,2026-05-29,2026-06-10,3.1,2,0,2,1.0204081632653061,FALSE
KXCPICOREYOY-26MAY,2026-05-30,2026-06-10,3.1,3,95.95,3,1.0204081632653061,FALSE
KXCPICOREYOY-26MAY,2026-05-31,2026-06-10,3.1,3,0,3,1.0204081632653061,FALSE
KXCPICOREYOY-26MAY,2026-06-01,2026-06-10,3.1,2,268.26,2,1.0204081632653061,FALSE
KXCPICOREYOY-26MAY,2026-06-02,2026-06-10,3.1,2,0,2,1.0204081632653061,FALSE
KXCPICOREYOY-26MAY,2026-06-03,2026-06-10,3.1,2,0,2,0,FALSE
KXCPICOREYOY-26MAY,2026-06-04,2026-06-10,3.1,2,0,2,1.0204081632653061,FALSE
KXCPICOREYOY-26MAY,2026-06-05,2026-06-10,3.1,2,0,2,1.0204081632653061,FALSE
KXCPICOREYOY-26MAY,2026-06-06,2026-06-10,3.1,3,200,3,1.0204081632653061,FALSE
KXCPICOREYOY-26MAY,2026-06-07,2026-06-10,3.1,3,0,3,1.0204081632653061,FALSE
KXCPICOREYOY-26MAY,2026-06-08,2026-06-10,3.1,3,50,3,0,FALSE
KXCPICOREYOY-26MAY,2026-06-09,2026-06-10,3.1,3,800,1,0,FALSE
KXCPICOREYOY-26MAY,2026-06-10,2026-06-10,3.1,3,0,2,0,FALSE
KXCPICOREYOY-26NOV,2026-07-06,2026-08-05,3.1,99,0,99,100,FALSE
KXCPICOREYOY-26NOV,2026-07-07,2026-08-05,3.1,99,0,99,100,FALSE
KXCPICOREYOY-26NOV,2026-07-08,2026-08-05,3.1,1,2000,48,0,FALSE
KXCPICOREYOY-26NOV,2026-07-09,2026-08-05,3.1,1,0,48,0,FALSE
KXCPICOREYOY-26NOV,2026-07-10,2026-08-05,3.1,1,0,48,0,FALSE
KXCPICOREYOY-26NOV,2026-07-11,2026-08-05,3.1,1,0,48,0,FALSE
KXCPICOREYOY-26NOV,2026-07-12,2026-08-05,3.1,1,0,48,0,FALSE
KXCPICOREYOY-26NOV,2026-07-13,2026-08-05,3.1,1,0,48,0,FALSE
KXCPICOREYOY-26NOV,2026-07-14,2026-08-05,3.1,1,0,48,0,FALSE
KXCPICOREYOY-26NOV,2026-07-15,2026-08-05,3.1,1,0,48,0,FALSE
KXCPICOREYOY-26NOV,2026-07-16,2026-08-05,3.1,1,0,48,0,FALSE
KXCPICOREYOY-26NOV,2026-07-17,2026-08-05,3.1,1,0,48,0,FALSE
KXCPICOREYOY-26NOV,2026-07-18,2026-08-05,3.1,1,0,48,0,FALSE
KXCPICOREYOY-26NOV,2026-07-19,2026-08-05,3.1,60,2,60,12.244897959183673,FALSE
KXCPICOREYOY-26NOV,2026-07-20,2026-08-05,3.1,60,0,60,12.244897959183673,FALSE
KXCPICOREYOY-26NOV,2026-07-21,2026-08-05,3.1,60,0,60,12.244897959183673,FALSE
KXCPICOREYOY-26NOV,2026-07-22,2026-08-05,3.1,60,0,60,12.244897959183673,FALSE
KXCPICOREYOY-26NOV,2026-07-23,2026-08-05,3.1,60,0,60,20.408163265306122,FALSE
KXCPICOREYOY-26NOV,2026-07-24,2026-08-05,3.1,60,0,60,20.408163265306122,FALSE
KXCPICOREYOY-26NOV,2026-07-25,2026-08-05,3.1,60,0,60,20.408163265306122,FALSE
KXCPICOREYOY-26NOV,2026-07-26,2026-08-05,3.1,60,0,60,20.408163265306122,FALSE
KXCPICOREYOY-26NOV,2026-07-27,2026-08-05,3.1,79,1,79,38.775510204081634,FALSE
KXCPICOREYOY-26NOV,2026-07-28,2026-08-05,3.1,19,1,41,0,FALSE
KXCPICOREYOY-26NOV,2026-07-29,2026-08-05,3.1,3,2,41,0,FALSE
KXCPICOREYOY-26NOV,2026-07-30,2026-08-05,3.1,3,0,41,0,FALSE
KXCPICOREYOY-26NOV,2026-07-31,2026-08-05,3.1,9,1,41,0,FALSE
KXCPICOREYOY-26NOV,2026-08-01,2026-08-05,3.1,9,0,41,0,FALSE
KXCPICOREYOY-26NOV,2026-08-02,2026-08-05,3.1,9,0,41,0,FALSE
KXCPICOREYOY-26NOV,2026-08-03,2026-08-05,3.1,9,0,41,0,FALSE
KXCPICOREYOY-26NOV,2026-08-04,2026-08-05,3.1,9,0,41,0,FALSE
KXCPICOREYOY-26NOV,2026-08-05,2026-08-05,3.1,9,1,41,36.734693877551024,FALSE
KXCPICOREYOY-26SEP,2026-07-16,2026-08-05,3.1,8,9,8,0,FALSE
KXCPICOREYOY-26SEP,2026-07-17,2026-08-05,3.1,8,0,8,0,FALSE
KXCPICOREYOY-26SEP,2026-07-18,2026-08-05,3.1,8,0,8,0,FALSE
KXCPICOREYOY-26SEP,2026-07-19,2026-08-05,3.1,8,0,8,0,FALSE
KXCPICOREYOY-26SEP,2026-07-20,2026-08-05,3.1,8,0,8,0,FALSE
KXCPICOREYOY-26SEP,2026-07-21,2026-08-05,3.1,8,0,8,0,FALSE
KXCPICOREYOY-26SEP,2026-07-22,2026-08-05,3.1,8,0,8,0,FALSE
KXCPICOREYOY-26SEP,2026-07-23,2026-08-05,3.1,8,0,8,0,FALSE
KXCPICOREYOY-26SEP,2026-07-24,2026-08-05,3.1,8,0,8,0,FALSE
KXCPICOREYOY-26SEP,2026-07-25,2026-08-05,3.1,8,0,8,0,FALSE
KXCPICOREYOY-26SEP,2026-07-26,2026-08-05,3.1,8,0,8,0,FALSE
KXCPICOREYOY-26SEP,2026-07-27,2026-08-05,3.1,8,0,8,0,FALSE
KXCPICOREYOY-26SEP,2026-07-28,2026-08-05,3.1,8,0,1,0,FALSE
KXCPICOREYOY-26SEP,2026-07-29,2026-08-05,3.1,8,0,1,0,FALSE
KXCPICOREYOY-26SEP,2026-07-30,2026-08-05,3.1,8,0,1,0,FALSE
KXCPICOREYOY-26SEP,2026-07-31,2026-08-05,3.1,8,0,1,0,FALSE
KXCPICOREYOY-26SEP,2026-08-01,2026-08-05,3.1,8,0,8,0,FALSE
KXCPICOREYOY-26SEP,2026-08-02,2026-08-05,3.1,8,0,8,0,FALSE
KXCPICOREYOY-26SEP,2026-08-03,2026-08-05,3.1,8,0,8,0,FALSE
KXCPICOREYOY-26SEP,2026-08-04,2026-08-05,3.1,8,0,8,0,FALSE
KXCPICOREYOY-26SEP,2026-08-05,2026-08-05,3.1,8,0,8,0,FALSE
CPICOREYOY-24AUG,2024-08-15,2024-09-10,3.1999999999999997,3,10,3,2.0408163265306123,FALSE
CPICOREYOY-24AUG,2024-08-16,2024-09-10,3.1999999999999997,3,0,3,2.0408163265306123,FALSE
CPICOREYOY-24AUG,2024-08-17,2024-09-10,3.1999999999999997,3,0,3,2.0408163265306123,FALSE
CPICOREYOY-24AUG,2024-08-18,2024-09-10,3.1999999999999997,3,0,3,2.0408163265306123,FALSE
CPICOREYOY-24AUG,2024-08-19,2024-09-10,3.1999999999999997,3,0,3,2.0408163265306123,FALSE
CPICOREYOY-24AUG,2024-08-20,2024-09-10,3.1999999999999997,3,0,3,2.0408163265306123,FALSE
CPICOREYOY-24AUG,2024-08-21,2024-09-10,3.1999999999999997,3,0,3,2.0408163265306123,FALSE
CPICOREYOY-24AUG,2024-08-22,2024-09-10,3.1999999999999997,3,0,3,2.0408163265306123,FALSE
CPICOREYOY-24AUG,2024-08-23,2024-09-10,3.1999999999999997,3,0,3,2.0408163265306123,FALSE
CPICOREYOY-24AUG,2024-08-24,2024-09-10,3.1999999999999997,3,0,3,2.0408163265306123,FALSE
CPICOREYOY-24JAN,2024-01-14,2024-02-13,3.1999999999999997,0,0,97,2.0408163265306123,FALSE
CPICOREYOY-24JAN,2024-01-15,2024-02-13,3.1999999999999997,0,0,97,2.0408163265306123,FALSE
CPICOREYOY-24JAN,2024-01-16,2024-02-13,3.1999999999999997,0,0,97,2.0408163265306123,FALSE
CPICOREYOY-24JAN,2024-01-17,2024-02-13,3.1999999999999997,0,0,97,2.0408163265306123,FALSE
CPICOREYOY-24JAN,2024-01-18,2024-02-13,3.1999999999999997,0,0,97,2.0408163265306123,FALSE
CPICOREYOY-24JAN,2024-01-19,2024-02-13,3.1999999999999997,0,0,97,2.0408163265306123,FALSE
CPICOREYOY-24JAN,2024-01-20,2024-02-13,3.1999999999999997,0,0,97,2.0408163265306123,FALSE
CPICOREYOY-24JAN,2024-01-21,2024-02-13,3.1999999999999997,0,0,97,2.0408163265306123,FALSE
CPICOREYOY-24JAN,2024-01-22,2024-02-13,3.1999999999999997,0,0,97,2.0408163265306123,FALSE
CPICOREYOY-24JAN,2024-01-23,2024-02-13,3.1999999999999997,0,0,97,2.0408163265306123,FALSE
CPICOREYOY-24JAN,2024-01-24,2024-02-13,3.1999999999999997,0,0,97,2.0408163265306123,FALSE
CPICOREYOY-24JAN,2024-01-25,2024-02-13,3.1999999999999997,0,0,97,2.0408163265306123,FALSE
CPICOREYOY-24JAN,2024-01-26,2024-02-13,3.1999999999999997,0,0,97,2.0408163265306123,FALSE
CPICOREYOY-24JAN,2024-01-27,2024-02-13,3.1999999999999997,0,0,97,2.0408163265306123,FALSE
CPICOREYOY-24JAN,2024-01-28,2024-02-13,3.1999999999999997,0,0,97,2.0408163265306123,FALSE
CPICOREYOY-24JAN,2024-01-29,2024-02-13,3.1999999999999997,0,0,97,2.0408163265306123,FALSE
CPICOREYOY-24JAN,2024-01-30,2024-02-13,3.1999999999999997,0,0,97,2.0408163265306123,FALSE
CPICOREYOY-24JAN,2024-01-31,2024-02-13,3.1999999999999997,0,0,97,2.0408163265306123,FALSE
CPICOREYOY-24JAN,2024-02-01,2024-02-13,3.1999999999999997,0,0,97,2.0408163265306123,FALSE
CPICOREYOY-24JAN,2024-02-02,2024-02-13,3.1999999999999997,0,0,97,2.0408163265306123,FALSE
CPICOREYOY-24JAN,2024-02-03,2024-02-13,3.1999999999999997,0,0,97,2.0408163265306123,FALSE
CPICOREYOY-24JAN,2024-02-04,2024-02-13,3.1999999999999997,0,0,97,2.0408163265306123,FALSE
CPICOREYOY-24JAN,2024-02-05,2024-02-13,3.1999999999999997,0,0,97,2.0408163265306123,FALSE
CPICOREYOY-24JAN,2024-02-06,2024-02-13,3.1999999999999997,0,0,97,2.0408163265306123,FALSE
CPICOREYOY-24JAN,2024-02-07,2024-02-13,3.1999999999999997,0,0,97,2.0408163265306123,FALSE
CPICOREYOY-24JAN,2024-02-08,2024-02-13,3.1999999999999997,0,0,97,2.0408163265306123,FALSE
CPICOREYOY-24JAN,2024-02-09,2024-02-13,3.1999999999999997,0,0,97,2.0408163265306123,FALSE
CPICOREYOY-24JAN,2024-02-10,2024-02-13,3.1999999999999997,0,0,97,2.0408163265306123,FALSE
CPICOREYOY-24JAN,2024-02-11,2024-02-13,3.1999999999999997,0,0,97,2.0408163265306123,FALSE
CPICOREYOY-24JAN,2024-02-12,2024-02-13,3.1999999999999997,0,0,97,2.0408163265306123,FALSE
CPICOREYOY-24JAN,2024-02-13,2024-02-13,3.1999999999999997,0,0,97,2.0408163265306123,FALSE
CPICOREYOY-24JUN,2024-06-25,2024-07-10,3.1999999999999997,0,0,68,31.632653061224488,FALSE
CPICOREYOY-24JUN,2024-06-26,2024-07-10,3.1999999999999997,0,0,68,31.632653061224488,FALSE
CPICOREYOY-24JUN,2024-06-27,2024-07-10,3.1999999999999997,0,0,69,30.612244897959183,FALSE
CPICOREYOY-24JUN,2024-06-28,2024-07-10,3.1999999999999997,0,0,69,30.612244897959183,FALSE
CPICOREYOY-24JUN,2024-06-29,2024-07-10,3.1999999999999997,0,0,69,30.612244897959183,FALSE
CPICOREYOY-24JUN,2024-06-30,2024-07-10,3.1999999999999997,0,0,69,30.612244897959183,FALSE
CPICOREYOY-24JUN,2024-07-01,2024-07-10,3.1999999999999997,0,0,69,30.612244897959183,FALSE
CPICOREYOY-24JUN,2024-07-02,2024-07-10,3.1999999999999997,0,0,70,29.591836734693878,FALSE
CPICOREYOY-24JUN,2024-07-03,2024-07-10,3.1999999999999997,0,0,70,29.591836734693878,FALSE
CPICOREYOY-24JUN,2024-07-04,2024-07-10,3.1999999999999997,0,0,70,29.591836734693878,FALSE
CPICOREYOY-24JUN,2024-07-05,2024-07-10,3.1999999999999997,0,0,70,29.591836734693878,FALSE
CPICOREYOY-24JUN,2024-07-06,2024-07-10,3.1999999999999997,0,0,70,29.591836734693878,FALSE
CPICOREYOY-24JUN,2024-07-07,2024-07-10,3.1999999999999997,0,0,70,29.591836734693878,FALSE
CPICOREYOY-24JUN,2024-07-08,2024-07-10,3.1999999999999997,0,0,67,32.6530612244898,FALSE
CPICOREYOY-24JUN,2024-07-09,2024-07-10,3.1999999999999997,0,0,72,27.551020408163264,FALSE
CPICOREYOY-24JUN,2024-07-10,2024-07-10,3.1999999999999997,0,0,77,22.448979591836736,FALSE
CPICOREYOY-24MAY,2024-05-28,2024-06-12,3.1999999999999997,0,0,93,6.122448979591836,FALSE
CPICOREYOY-24MAY,2024-05-29,2024-06-12,3.1999999999999997,0,0,93,6.122448979591836,FALSE
CPICOREYOY-24MAY,2024-05-30,2024-06-12,3.1999999999999997,0,0,93,6.122448979591836,FALSE
CPICOREYOY-24MAY,2024-05-31,2024-06-12,3.1999999999999997,0,0,93,6.122448979591836,FALSE
CPICOREYOY-24MAY,2024-06-01,2024-06-12,3.1999999999999997,0,0,93,6.122448979591836,FALSE
CPICOREYOY-24MAY,2024-06-02,2024-06-12,3.1999999999999997,0,0,93,6.122448979591836,FALSE
CPICOREYOY-24MAY,2024-06-03,2024-06-12,3.1999999999999997,0,0,93,6.122448979591836,FALSE
CPICOREYOY-24MAY,2024-06-04,2024-06-12,3.1999999999999997,0,0,93,6.122448979591836,FALSE
CPICOREYOY-24MAY,2024-06-05,2024-06-12,3.1999999999999997,0,0,93,6.122448979591836,FALSE
CPICOREYOY-24MAY,2024-06-06,2024-06-12,3.1999999999999997,0,0,93,6.122448979591836,FALSE
CPICOREYOY-24MAY,2024-06-07,2024-06-12,3.1999999999999997,0,0,93,6.122448979591836,FALSE
CPICOREYOY-24MAY,2024-06-08,2024-06-12,3.1999999999999997,0,0,93,6.122448979591836,FALSE
CPICOREYOY-24MAY,2024-06-09,2024-06-12,3.1999999999999997,0,0,93,6.122448979591836,FALSE
CPICOREYOY-24MAY,2024-06-10,2024-06-12,3.1999999999999997,0,0,93,6.122448979591836,FALSE
CPICOREYOY-24MAY,2024-06-11,2024-06-12,3.1999999999999997,0,0,98,1.0204081632653061,FALSE
CPICOREYOY-24MAY,2024-06-12,2024-06-12,3.1999999999999997,0,0,98,1.0204081632653061,FALSE
CPICOREYOY-24OCT,2024-10-13,2024-11-12,3.1999999999999997,0,0,1,0,FALSE
CPICOREYOY-24OCT,2024-10-14,2024-11-12,3.1999999999999997,0,0,1,0,FALSE
CPICOREYOY-24OCT,2024-10-15,2024-11-12,3.1999999999999997,0,0,1,0,FALSE
CPICOREYOY-24OCT,2024-10-16,2024-11-12,3.1999999999999997,0,0,1,0,FALSE
CPICOREYOY-24OCT,2024-10-17,2024-11-12,3.1999999999999997,0,0,1,0,FALSE
CPICOREYOY-24OCT,2024-10-18,2024-11-12,3.1999999999999997,0,0,1,0,FALSE
CPICOREYOY-24OCT,2024-10-19,2024-11-12,3.1999999999999997,0,0,1,0,FALSE
CPICOREYOY-24OCT,2024-10-20,2024-11-12,3.1999999999999997,0,0,1,0,FALSE
CPICOREYOY-24OCT,2024-10-21,2024-11-12,3.1999999999999997,72,1100,72,38.775510204081634,FALSE
CPICOREYOY-24OCT,2024-10-22,2024-11-12,3.1999999999999997,72,0,72,38.775510204081634,FALSE
CPICOREYOY-24OCT,2024-10-23,2024-11-12,3.1999999999999997,72,0,72,38.775510204081634,FALSE
CPICOREYOY-24OCT,2024-10-24,2024-11-12,3.1999999999999997,50,10,50,38.775510204081634,FALSE
CPICOREYOY-24OCT,2024-10-25,2024-11-12,3.1999999999999997,50,0,50,38.775510204081634,FALSE
CPICOREYOY-24OCT,2024-10-26,2024-11-12,3.1999999999999997,50,0,50,38.775510204081634,FALSE
CPICOREYOY-24OCT,2024-10-27,2024-11-12,3.1999999999999997,50,0,50,38.775510204081634,FALSE
CPICOREYOY-24OCT,2024-10-28,2024-11-12,3.1999999999999997,50,0,50,38.775510204081634,FALSE
CPICOREYOY-24OCT,2024-10-29,2024-11-12,3.1999999999999997,50,0,50,38.775510204081634,FALSE
CPICOREYOY-24OCT,2024-10-30,2024-11-12,3.1999999999999997,50,0,50,38.775510204081634,FALSE
CPICOREYOY-24OCT,2024-10-31,2024-11-12,3.1999999999999997,50,0,50,38.775510204081634,FALSE
CPICOREYOY-24OCT,2024-11-01,2024-11-12,3.1999999999999997,50,0,50,38.775510204081634,FALSE
CPICOREYOY-24OCT,2024-11-02,2024-11-12,3.1999999999999997,50,0,50,38.775510204081634,FALSE
CPICOREYOY-24OCT,2024-11-03,2024-11-12,3.1999999999999997,50,0,50,38.775510204081634,FALSE
CPICOREYOY-24OCT,2024-11-04,2024-11-12,3.1999999999999997,50,0,50,38.775510204081634,FALSE
CPICOREYOY-24OCT,2024-11-05,2024-11-12,3.1999999999999997,50,0,50,38.775510204081634,FALSE
CPICOREYOY-24OCT,2024-11-06,2024-11-12,3.1999999999999997,50,0,50,38.775510204081634,FALSE
CPICOREYOY-24OCT,2024-11-07,2024-11-12,3.1999999999999997,50,0,50,38.775510204081634,FALSE
CPICOREYOY-24OCT,2024-11-08,2024-11-12,3.1999999999999997,50,0,50,38.775510204081634,FALSE
CPICOREYOY-24OCT,2024-11-09,2024-11-12,3.1999999999999997,50,0,50,38.775510204081634,FALSE
CPICOREYOY-24OCT,2024-11-10,2024-11-12,3.1999999999999997,50,0,50,38.775510204081634,FALSE
CPICOREYOY-24OCT,2024-11-11,2024-11-12,3.1999999999999997,50,0,50,38.775510204081634,FALSE
CPICOREYOY-24OCT,2024-11-12,2024-11-12,3.1999999999999997,50,0,50,38.775510204081634,FALSE
KXCPICOREYOY-24DEC,2024-12-20,2025-01-15,3.1999999999999997,0,0,28.000000000000004,72.44897959183673,FALSE
KXCPICOREYOY-24DEC,2024-12-21,2025-01-15,3.1999999999999997,0,0,28.000000000000004,72.44897959183673,FALSE
KXCPICOREYOY-24DEC,2024-12-22,2025-01-15,3.1999999999999997,0,0,28.000000000000004,72.44897959183673,FALSE
KXCPICOREYOY-24DEC,2024-12-23,2025-01-15,3.1999999999999997,0,0,28.000000000000004,72.44897959183673,FALSE
KXCPICOREYOY-24DEC,2024-12-24,2025-01-15,3.1999999999999997,0,0,28.000000000000004,72.44897959183673,FALSE
KXCPICOREYOY-24DEC,2024-12-25,2025-01-15,3.1999999999999997,0,0,28.000000000000004,72.44897959183673,FALSE
KXCPICOREYOY-24DEC,2024-12-26,2025-01-15,3.1999999999999997,0,0,28.000000000000004,72.44897959183673,FALSE
KXCPICOREYOY-24DEC,2024-12-27,2025-01-15,3.1999999999999997,0,0,28.000000000000004,72.44897959183673,FALSE
KXCPICOREYOY-24DEC,2024-12-28,2025-01-15,3.1999999999999997,0,0,28.000000000000004,72.44897959183673,FALSE
KXCPICOREYOY-24DEC,2024-12-29,2025-01-15,3.1999999999999997,0,0,28.000000000000004,72.44897959183673,FALSE
KXCPICOREYOY-24DEC,2024-12-30,2025-01-15,3.1999999999999997,0,0,28.000000000000004,72.44897959183673,FALSE
KXCPICOREYOY-24DEC,2024-12-31,2025-01-15,3.1999999999999997,0,0,28.000000000000004,72.44897959183673,FALSE
KXCPICOREYOY-24DEC,2025-01-01,2025-01-15,3.1999999999999997,0,0,28.000000000000004,72.44897959183673,FALSE
KXCPICOREYOY-24DEC,2025-01-02,2025-01-15,3.1999999999999997,0,0,28.000000000000004,0,FALSE
KXCPICOREYOY-24DEC,2025-01-03,2025-01-15,3.1999999999999997,64,2056,64,45.91836734693877,FALSE
KXCPICOREYOY-24DEC,2025-01-04,2025-01-15,3.1999999999999997,74,700,74,56.12244897959184,FALSE
KXCPICOREYOY-24DEC,2025-01-05,2025-01-15,3.1999999999999997,66,215,66,47.95918367346939,FALSE
KXCPICOREYOY-24DEC,2025-01-06,2025-01-15,3.1999999999999997,64,1005,64,50,FALSE
KXCPICOREYOY-24DEC,2025-01-07,2025-01-15,3.1999999999999997,64,0,64,45.91836734693877,FALSE
KXCPICOREYOY-24DEC,2025-01-08,2025-01-15,3.1999999999999997,64,900,64,45.91836734693877,FALSE
KXCPICOREYOY-24DEC,2025-01-09,2025-01-15,3.1999999999999997,53,661,53,34.69387755102041,FALSE
KXCPICOREYOY-24DEC,2025-01-10,2025-01-15,3.1999999999999997,59,300,59,39.795918367346935,FALSE
KXCPICOREYOY-24DEC,2025-01-11,2025-01-15,3.1999999999999997,59,0,59,39.795918367346935,FALSE
KXCPICOREYOY-24DEC,2025-01-12,2025-01-15,3.1999999999999997,60,222,60,39.795918367346935,FALSE
KXCPICOREYOY-24DEC,2025-01-13,2025-01-15,3.1999999999999997,52,207,52,32.6530612244898,FALSE
KXCPICOREYOY-24DEC,2025-01-14,2025-01-15,3.1999999999999997,66,2622,66,47.95918367346939,FALSE
KXCPICOREYOY-24DEC,2025-01-15,2025-01-15,3.1999999999999997,63,731,63,55.10204081632653,FALSE
KXCPICOREYOY-25DEC,2025-12-22,2026-01-13,3.1999999999999997,1,10000,46,0,FALSE
KXCPICOREYOY-25DEC,2025-12-23,2026-01-13,3.1999999999999997,1,0,46,0,FALSE
KXCPICOREYOY-25DEC,2025-12-24,2026-01-13,3.1999999999999997,1,0,46,0,FALSE
KXCPICOREYOY-25DEC,2025-12-25,2026-01-13,3.1999999999999997,1,0,46,0,FALSE
KXCPICOREYOY-25DEC,2025-12-26,2026-01-13,3.1999999999999997,1,0,46,0,FALSE
KXCPICOREYOY-25DEC,2025-12-27,2026-01-13,3.1999999999999997,1,0,46,0,FALSE
KXCPICOREYOY-25DEC,2025-12-28,2026-01-13,3.1999999999999997,1,0,46,0,FALSE
KXCPICOREYOY-25DEC,2025-12-29,2026-01-13,3.1999999999999997,1,0,46,0,FALSE
KXCPICOREYOY-25DEC,2025-12-30,2026-01-13,3.1999999999999997,1,0,46,0,FALSE
KXCPICOREYOY-25DEC,2025-12-31,2026-01-13,3.1999999999999997,1,0,46,0,FALSE
KXCPICOREYOY-25DEC,2026-01-01,2026-01-13,3.1999999999999997,1,0,46,0,FALSE
KXCPICOREYOY-25DEC,2026-01-02,2026-01-13,3.1999999999999997,1,0,46,0,FALSE
KXCPICOREYOY-25DEC,2026-01-03,2026-01-13,3.1999999999999997,1,0,46,0,FALSE
KXCPICOREYOY-25DEC,2026-01-04,2026-01-13,3.1999999999999997,1,0,46,0,FALSE
KXCPICOREYOY-25DEC,2026-01-05,2026-01-13,3.1999999999999997,1,0,46,0,FALSE
KXCPICOREYOY-25DEC,2026-01-06,2026-01-13,3.1999999999999997,1,0,46,0,FALSE
KXCPICOREYOY-25DEC,2026-01-07,2026-01-13,3.1999999999999997,1,0,1,0,FALSE
KXCPICOREYOY-25DEC,2026-01-08,2026-01-13,3.1999999999999997,1,0,1,0,FALSE
KXCPICOREYOY-25DEC,2026-01-09,2026-01-13,3.1999999999999997,4,6,46,0,FALSE
KXCPICOREYOY-25DEC,2026-01-10,2026-01-13,3.1999999999999997,4,0,46,0,FALSE
KXCPICOREYOY-25DEC,2026-01-11,2026-01-13,3.1999999999999997,4,0,4,0,FALSE
KXCPICOREYOY-25DEC,2026-01-12,2026-01-13,3.1999999999999997,4,0,46,0,FALSE
KXCPICOREYOY-25DEC,2026-01-13,2026-01-13,3.1999999999999997,1,326,46,0,FALSE
KXCPICOREYOY-25FEB,2025-02-10,2025-03-12,3.1999999999999997,17,170,17,7.142857142857143,FALSE
KXCPICOREYOY-25FEB,2025-02-11,2025-03-12,3.1999999999999997,17,49,17,7.142857142857143,FALSE
KXCPICOREYOY-25FEB,2025-02-12,2025-03-12,3.1999999999999997,17,0,17,7.142857142857143,FALSE
KXCPICOREYOY-25FEB,2025-02-13,2025-03-12,3.1999999999999997,22,34,22,12.244897959183673,FALSE
KXCPICOREYOY-25FEB,2025-02-14,2025-03-12,3.1999999999999997,22,0,22,12.244897959183673,FALSE
KXCPICOREYOY-25FEB,2025-02-15,2025-03-12,3.1999999999999997,22,0,22,12.244897959183673,FALSE
KXCPICOREYOY-25FEB,2025-02-16,2025-03-12,3.1999999999999997,21,19,21,16.3265306122449,FALSE
KXCPICOREYOY-25FEB,2025-02-17,2025-03-12,3.1999999999999997,21,0,21,12.244897959183673,FALSE
KXCPICOREYOY-25FEB,2025-02-18,2025-03-12,3.1999999999999997,21,0,21,12.244897959183673,FALSE
KXCPICOREYOY-25FEB,2025-02-19,2025-03-12,3.1999999999999997,21,0,21,12.244897959183673,FALSE
KXCPICOREYOY-25FEB,2025-02-20,2025-03-12,3.1999999999999997,21,0,21,12.244897959183673,FALSE
KXCPICOREYOY-25FEB,2025-02-21,2025-03-12,3.1999999999999997,21,0,21,7.142857142857141,FALSE
KXCPICOREYOY-25FEB,2025-02-22,2025-03-12,3.1999999999999997,21,1,21,7.142857142857141,FALSE
KXCPICOREYOY-25FEB,2025-02-23,2025-03-12,3.1999999999999997,21,0,21,14.285714285714286,FALSE
KXCPICOREYOY-25FEB,2025-02-24,2025-03-12,3.1999999999999997,21,0,21,11.224489795918368,FALSE
KXCPICOREYOY-25FEB,2025-02-25,2025-03-12,3.1999999999999997,21,0,21,11.224489795918368,FALSE
KXCPICOREYOY-25FEB,2025-02-26,2025-03-12,3.1999999999999997,21,346,21,11.224489795918368,FALSE
KXCPICOREYOY-25FEB,2025-02-27,2025-03-12,3.1999999999999997,21,0,21,11.224489795918368,FALSE
KXCPICOREYOY-25FEB,2025-02-28,2025-03-12,3.1999999999999997,21,0,21,11.224489795918368,FALSE
KXCPICOREYOY-25FEB,2025-03-01,2025-03-12,3.1999999999999997,21,0,21,11.224489795918368,FALSE
KXCPICOREYOY-25FEB,2025-03-02,2025-03-12,3.1999999999999997,21,0,21,11.224489795918368,FALSE
KXCPICOREYOY-25FEB,2025-03-03,2025-03-12,3.1999999999999997,21,0,21,14.285714285714286,FALSE
KXCPICOREYOY-25FEB,2025-03-04,2025-03-12,3.1999999999999997,21,0,21,14.285714285714286,FALSE
KXCPICOREYOY-25FEB,2025-03-05,2025-03-12,3.1999999999999997,22,117,22,16.3265306122449,FALSE
KXCPICOREYOY-25FEB,2025-03-06,2025-03-12,3.1999999999999997,28.000000000000004,340,28.000000000000004,22.44897959183674,FALSE
KXCPICOREYOY-25FEB,2025-03-07,2025-03-12,3.1999999999999997,28.000000000000004,0,28.000000000000004,22.44897959183674,FALSE
KXCPICOREYOY-25FEB,2025-03-08,2025-03-12,3.1999999999999997,28.000000000000004,0,28.000000000000004,24.489795918367353,FALSE
KXCPICOREYOY-25FEB,2025-03-09,2025-03-12,3.1999999999999997,21,2,21,17.346938775510203,FALSE
KXCPICOREYOY-25FEB,2025-03-10,2025-03-12,3.1999999999999997,24,762,24,20.408163265306122,FALSE
KXCPICOREYOY-25FEB,2025-03-11,2025-03-12,3.1999999999999997,27,355,27,26.53061224489796,FALSE
KXCPICOREYOY-25FEB,2025-03-12,2025-03-12,3.1999999999999997,32,967,32,27.551020408163264,FALSE
KXCPICOREYOY-25JAN,2025-01-15,2025-02-12,3.1999999999999997,0,0,14.000000000000002,13.265306122448981,FALSE
KXCPICOREYOY-25JAN,2025-01-16,2025-02-12,3.1999999999999997,0,0,14.000000000000002,13.265306122448981,FALSE
KXCPICOREYOY-25JAN,2025-01-17,2025-02-12,3.1999999999999997,0,0,14.000000000000002,13.265306122448981,FALSE
KXCPICOREYOY-25JAN,2025-01-18,2025-02-12,3.1999999999999997,0,0,14.000000000000002,13.265306122448981,FALSE
KXCPICOREYOY-25JAN,2025-01-19,2025-02-12,3.1999999999999997,0,0,14.000000000000002,13.265306122448981,FALSE
KXCPICOREYOY-25JAN,2025-01-20,2025-02-12,3.1999999999999997,0,0,14.000000000000002,13.265306122448981,FALSE
KXCPICOREYOY-25JAN,2025-01-21,2025-02-12,3.1999999999999997,0,0,14.000000000000002,13.265306122448981,FALSE
KXCPICOREYOY-25JAN,2025-01-22,2025-02-12,3.1999999999999997,28.000000000000004,247,28.000000000000004,16.326530612244902,FALSE
KXCPICOREYOY-25JAN,2025-01-23,2025-02-12,3.1999999999999997,28.000000000000004,0,28.000000000000004,16.326530612244902,FALSE
KXCPICOREYOY-25JAN,2025-01-24,2025-02-12,3.1999999999999997,20,300,20,8.16326530612245,FALSE
KXCPICOREYOY-25JAN,2025-01-25,2025-02-12,3.1999999999999997,20,61,20,8.16326530612245,FALSE
KXCPICOREYOY-25JAN,2025-01-26,2025-02-12,3.1999999999999997,20,0,20,8.16326530612245,FALSE
KXCPICOREYOY-25JAN,2025-01-27,2025-02-12,3.1999999999999997,20,0,20,8.16326530612245,FALSE
KXCPICOREYOY-25JAN,2025-01-28,2025-02-12,3.1999999999999997,20,0,20,8.16326530612245,FALSE
KXCPICOREYOY-25JAN,2025-01-29,2025-02-12,3.1999999999999997,20,0,20,8.16326530612245,FALSE
KXCPICOREYOY-25JAN,2025-01-30,2025-02-12,3.1999999999999997,20,0,20,8.16326530612245,FALSE
KXCPICOREYOY-25JAN,2025-01-31,2025-02-12,3.1999999999999997,20,0,20,8.16326530612245,FALSE
KXCPICOREYOY-25JAN,2025-02-01,2025-02-12,3.1999999999999997,20,0,20,8.16326530612245,FALSE
KXCPICOREYOY-25JAN,2025-02-02,2025-02-12,3.1999999999999997,20,0,20,8.16326530612245,FALSE
KXCPICOREYOY-25JAN,2025-02-03,2025-02-12,3.1999999999999997,20,0,20,8.16326530612245,FALSE
KXCPICOREYOY-25JAN,2025-02-04,2025-02-12,3.1999999999999997,20,0,20,8.16326530612245,FALSE
KXCPICOREYOY-25JAN,2025-02-05,2025-02-12,3.1999999999999997,20,0,20,8.16326530612245,FALSE
KXCPICOREYOY-25JAN,2025-02-06,2025-02-12,3.1999999999999997,20,0,20,8.16326530612245,FALSE
KXCPICOREYOY-25JAN,2025-02-07,2025-02-12,3.1999999999999997,24,40,24,12.244897959183673,FALSE
KXCPICOREYOY-25JAN,2025-02-08,2025-02-12,3.1999999999999997,24,0,24,12.244897959183673,FALSE
KXCPICOREYOY-25JAN,2025-02-09,2025-02-12,3.1999999999999997,24,0,24,12.244897959183673,FALSE
KXCPICOREYOY-25JAN,2025-02-10,2025-02-12,3.1999999999999997,20,1778,20,8.16326530612245,FALSE
KXCPICOREYOY-25JAN,2025-02-11,2025-02-12,3.1999999999999997,14.000000000000002,11228,14.000000000000002,2.040816326530614,FALSE
KXCPICOREYOY-25JAN,2025-02-12,2025-02-12,3.1999999999999997,14.000000000000002,10125,14.000000000000002,2.040816326530614,FALSE
KXCPICOREYOY-25MAR,2025-03-11,2025-04-10,3.1999999999999997,28.000000000000004,0,28.000000000000004,7.142857142857143,FALSE
KXCPICOREYOY-25MAR,2025-03-12,2025-04-10,3.1999999999999997,12,305,12,1.0204081632653061,FALSE
KXCPICOREYOY-25MAR,2025-03-13,2025-04-10,3.1999999999999997,9,90,9,1.0204081632653061,FALSE
KXCPICOREYOY-25MAR,2025-03-14,2025-04-10,3.1999999999999997,6,26,6,5.1020408163265305,FALSE
KXCPICOREYOY-25MAR,2025-03-15,2025-04-10,3.1999999999999997,6,0,6,5.1020408163265305,FALSE
KXCPICOREYOY-25MAR,2025-03-16,2025-04-10,3.1999999999999997,6,0,6,5.1020408163265305,FALSE
KXCPICOREYOY-25MAR,2025-03-17,2025-04-10,3.1999999999999997,6,0,6,5.1020408163265305,FALSE
KXCPICOREYOY-25MAR,2025-03-18,2025-04-10,3.1999999999999997,6,0,6,5.1020408163265305,FALSE
KXCPICOREYOY-25MAR,2025-03-19,2025-04-10,3.1999999999999997,6,0,6,5.1020408163265305,FALSE
KXCPICOREYOY-25MAR,2025-03-20,2025-04-10,3.1999999999999997,6,0,6,5.1020408163265305,FALSE
KXCPICOREYOY-25MAR,2025-03-21,2025-04-10,3.1999999999999997,6,0,6,5.1020408163265305,FALSE
KXCPICOREYOY-25MAR,2025-03-22,2025-04-10,3.1999999999999997,6,0,6,5.1020408163265305,FALSE
KXCPICOREYOY-25MAR,2025-03-23,2025-04-10,3.1999999999999997,6,0,6,5.1020408163265305,FALSE
KXCPICOREYOY-25MAR,2025-03-24,2025-04-10,3.1999999999999997,9,480,9,8.16326530612245,FALSE
KXCPICOREYOY-25MAR,2025-03-25,2025-04-10,3.1999999999999997,9,0,9,8.16326530612245,FALSE
KXCPICOREYOY-25MAR,2025-03-26,2025-04-10,3.1999999999999997,9,0,9,8.16326530612245,FALSE
KXCPICOREYOY-25MAR,2025-03-27,2025-04-10,3.1999999999999997,9,0,9,8.16326530612245,FALSE
KXCPICOREYOY-25MAR,2025-03-28,2025-04-10,3.1999999999999997,9,0,9,8.16326530612245,FALSE
KXCPICOREYOY-25MAR,2025-03-29,2025-04-10,3.1999999999999997,9,0,9,8.16326530612245,FALSE
KXCPICOREYOY-25MAR,2025-03-30,2025-04-10,3.1999999999999997,9,0,9,8.16326530612245,FALSE
KXCPICOREYOY-25MAR,2025-03-31,2025-04-10,3.1999999999999997,9,0,9,8.16326530612245,FALSE
KXCPICOREYOY-25MAR,2025-04-01,2025-04-10,3.1999999999999997,9,100,9,8.16326530612245,FALSE
KXCPICOREYOY-25MAR,2025-04-02,2025-04-10,3.1999999999999997,9,0,9,8.16326530612245,FALSE
KXCPICOREYOY-25MAR,2025-04-03,2025-04-10,3.1999999999999997,9,0,9,8.16326530612245,FALSE
KXCPICOREYOY-25MAR,2025-04-04,2025-04-10,3.1999999999999997,3,151,3,2.0408163265306123,FALSE
KXCPICOREYOY-25MAR,2025-04-05,2025-04-10,3.1999999999999997,3,0,3,2.0408163265306123,FALSE
KXCPICOREYOY-25MAR,2025-04-06,2025-04-10,3.1999999999999997,3,0,3,2.0408163265306123,FALSE
KXCPICOREYOY-25MAR,2025-04-07,2025-04-10,3.1999999999999997,3,0,3,2.0408163265306123,FALSE
KXCPICOREYOY-25MAR,2025-04-08,2025-04-10,3.1999999999999997,3,0,3,2.0408163265306123,FALSE
KXCPICOREYOY-25MAR,2025-04-09,2025-04-10,3.1999999999999997,9,151,4,0,FALSE
KXCPICOREYOY-25MAR,2025-04-10,2025-04-10,3.1999999999999997,9,0,4,0,FALSE
KXCPICOREYOY-25NOV,2025-11-18,2025-12-18,3.1999999999999997,8,0,8,7.142857142857143,FALSE
KXCPICOREYOY-25NOV,2025-11-19,2025-12-18,3.1999999999999997,8,0,8,7.142857142857143,FALSE
KXCPICOREYOY-25NOV,2025-11-20,2025-12-18,3.1999999999999997,8,0,8,7.142857142857143,FALSE
KXCPICOREYOY-25NOV,2025-11-21,2025-12-18,3.1999999999999997,8,0,8,7.142857142857143,FALSE
KXCPICOREYOY-25NOV,2025-11-22,2025-12-18,3.1999999999999997,8,0,8,7.142857142857143,FALSE
KXCPICOREYOY-25NOV,2025-11-23,2025-12-18,3.1999999999999997,7.000000000000001,107,7.000000000000001,6.122448979591838,FALSE
KXCPICOREYOY-25NOV,2025-11-24,2025-12-18,3.1999999999999997,7.000000000000001,0,7.000000000000001,3.0612244897959195,FALSE
KXCPICOREYOY-25NOV,2025-11-25,2025-12-18,3.1999999999999997,7.000000000000001,200,7.000000000000001,3.0612244897959195,FALSE
KXCPICOREYOY-25NOV,2025-11-26,2025-12-18,3.1999999999999997,7.000000000000001,0,7.000000000000001,3.0612244897959195,FALSE
KXCPICOREYOY-25NOV,2025-11-27,2025-12-18,3.1999999999999997,7.000000000000001,0,7.000000000000001,3.0612244897959195,FALSE
KXCPICOREYOY-25NOV,2025-11-28,2025-12-18,3.1999999999999997,7.000000000000001,0,7.000000000000001,3.0612244897959195,FALSE
KXCPICOREYOY-25NOV,2025-11-29,2025-12-18,3.1999999999999997,7.000000000000001,0,7.000000000000001,3.0612244897959195,FALSE
KXCPICOREYOY-25NOV,2025-11-30,2025-12-18,3.1999999999999997,7.000000000000001,0,7.000000000000001,3.0612244897959195,FALSE
KXCPICOREYOY-25NOV,2025-12-01,2025-12-18,3.1999999999999997,7.000000000000001,0,7.000000000000001,3.0612244897959195,FALSE
KXCPICOREYOY-25NOV,2025-12-02,2025-12-18,3.1999999999999997,7.000000000000001,0,7.000000000000001,3.0612244897959195,FALSE
KXCPICOREYOY-25NOV,2025-12-03,2025-12-18,3.1999999999999997,4,4964,4,3.061224489795918,FALSE
KXCPICOREYOY-25NOV,2025-12-04,2025-12-18,3.1999999999999997,4,0,4,3.061224489795918,FALSE
KXCPICOREYOY-25OCT,2025-10-16,2025-11-13,3.1999999999999997,15,0,15,14.285714285714286,FALSE
KXCPICOREYOY-25OCT,2025-10-17,2025-11-13,3.1999999999999997,7.000000000000001,107,7.000000000000001,6.122448979591838,FALSE
KXCPICOREYOY-25OCT,2025-10-18,2025-11-13,3.1999999999999997,7.000000000000001,0,7.000000000000001,6.122448979591838,FALSE
KXCPICOREYOY-25OCT,2025-10-19,2025-11-13,3.1999999999999997,7.000000000000001,0,7.000000000000001,6.122448979591838,FALSE
KXCPICOREYOY-25OCT,2025-10-20,2025-11-13,3.1999999999999997,8,116,8,7.142857142857143,FALSE
KXCPICOREYOY-25OCT,2025-10-21,2025-11-13,3.1999999999999997,8,0,8,7.142857142857143,FALSE
KXCPICOREYOY-25OCT,2025-10-22,2025-11-13,3.1999999999999997,8,0,8,7.142857142857143,FALSE
KXCPICOREYOY-25OCT,2025-10-23,2025-11-13,3.1999999999999997,8,0,8,7.142857142857143,FALSE
KXCPICOREYOY-25OCT,2025-10-24,2025-11-13,3.1999999999999997,8,0,8,0,FALSE
KXCPICOREYOY-25OCT,2025-10-25,2025-11-13,3.1999999999999997,21,195,21,2.0408163265306123,FALSE
KXCPICOREYOY-25OCT,2025-10-26,2025-11-13,3.1999999999999997,21,0,21,2.0408163265306123,FALSE
KXCPICOREYOY-25OCT,2025-10-27,2025-11-13,3.1999999999999997,21,20,21,2.0408163265306123,FALSE
KXCPICOREYOY-25OCT,2025-10-28,2025-11-13,3.1999999999999997,21,0,21,2.0408163265306123,FALSE
KXCPICOREYOY-25OCT,2025-10-29,2025-11-13,3.1999999999999997,21,0,21,2.0408163265306123,FALSE
KXCPICOREYOY-25OCT,2025-10-30,2025-11-13,3.1999999999999997,21,0,21,2.0408163265306123,FALSE
KXCPICOREYOY-25OCT,2025-10-31,2025-11-13,3.1999999999999997,21,0,21,2.0408163265306123,FALSE
KXCPICOREYOY-25OCT,2025-11-01,2025-11-13,3.1999999999999997,21,0,21,2.0408163265306123,FALSE
KXCPICOREYOY-25OCT,2025-11-02,2025-11-13,3.1999999999999997,19,34,19,18.367346938775512,FALSE
KXCPICOREYOY-25OCT,2025-11-03,2025-11-13,3.1999999999999997,8,8,8,7.142857142857143,FALSE
KXCPICOREYOY-25OCT,2025-11-04,2025-11-13,3.1999999999999997,8,0,8,7.142857142857143,FALSE
KXCPICOREYOY-25OCT,2025-11-05,2025-11-13,3.1999999999999997,8,0,8,7.142857142857143,FALSE
KXCPICOREYOY-25OCT,2025-11-06,2025-11-13,3.1999999999999997,8,26,8,7.142857142857143,FALSE
KXCPICOREYOY-25OCT,2025-11-07,2025-11-13,3.1999999999999997,8,108,8,7.142857142857143,FALSE
KXCPICOREYOY-25OCT,2025-11-08,2025-11-13,3.1999999999999997,8,0,8,7.142857142857143,FALSE
KXCPICOREYOY-25OCT,2025-11-09,2025-11-13,3.1999999999999997,8,0,8,7.142857142857143,FALSE
KXCPICOREYOY-25OCT,2025-11-10,2025-11-13,3.1999999999999997,16,25000,16,12.244897959183673,FALSE
KXCPICOREYOY-25OCT,2025-11-11,2025-11-13,3.1999999999999997,23,25190,23,21.428571428571427,FALSE
KXCPICOREYOY-25OCT,2025-11-12,2025-11-13,3.1999999999999997,56.99999999999999,30390,56.99999999999999,56.12244897959183,FALSE
KXCPICOREYOY-25OCT,2025-11-13,2025-11-13,3.1999999999999997,63,248,63,62.244897959183675,FALSE
KXCPICOREYOY-26APR,2026-04-12,2026-05-12,3.1999999999999997,5,0,5,0,FALSE
KXCPICOREYOY-26APR,2026-04-13,2026-05-12,3.1999999999999997,5,0,5,0,FALSE
KXCPICOREYOY-26APR,2026-04-14,2026-05-12,3.1999999999999997,5,0,5,0,FALSE
KXCPICOREYOY-26APR,2026-04-15,2026-05-12,3.1999999999999997,5,0,5,0,FALSE
KXCPICOREYOY-26APR,2026-04-16,2026-05-12,3.1999999999999997,5,0,5,0,FALSE
KXCPICOREYOY-26APR,2026-04-17,2026-05-12,3.1999999999999997,5,0,5,0,FALSE
KXCPICOREYOY-26APR,2026-04-18,2026-05-12,3.1999999999999997,5,0,2,0,FALSE
KXCPICOREYOY-26APR,2026-04-19,2026-05-12,3.1999999999999997,5,0,2,0,FALSE
KXCPICOREYOY-26APR,2026-04-20,2026-05-12,3.1999999999999997,5,0,2,0,FALSE
KXCPICOREYOY-26APR,2026-04-21,2026-05-12,3.1999999999999997,5,0,2,0,FALSE
KXCPICOREYOY-26APR,2026-04-22,2026-05-12,3.1999999999999997,5,0,2,0,FALSE
KXCPICOREYOY-26APR,2026-04-23,2026-05-12,3.1999999999999997,5,0,2,0,FALSE
KXCPICOREYOY-26APR,2026-04-24,2026-05-12,3.1999999999999997,5,0,2,0,FALSE
KXCPICOREYOY-26APR,2026-04-25,2026-05-12,3.1999999999999997,5,0,2,0,FALSE
KXCPICOREYOY-26APR,2026-04-26,2026-05-12,3.1999999999999997,5,0,2,0,FALSE
KXCPICOREYOY-26APR,2026-04-27,2026-05-12,3.1999999999999997,5,0,2,0,FALSE
KXCPICOREYOY-26APR,2026-04-28,2026-05-12,3.1999999999999997,5,0,2,0,FALSE
KXCPICOREYOY-26APR,2026-04-29,2026-05-12,3.1999999999999997,3,50,2,0,FALSE
KXCPICOREYOY-26FEB,2026-02-12,2026-03-11,3.1999999999999997,0,0,19,0,FALSE
KXCPICOREYOY-26FEB,2026-02-13,2026-03-11,3.1999999999999997,0,0,5,0,FALSE
KXCPICOREYOY-26FEB,2026-02-14,2026-03-11,3.1999999999999997,0,0,1,0,FALSE
KXCPICOREYOY-26FEB,2026-02-15,2026-03-11,3.1999999999999997,0,0,1,0,FALSE
KXCPICOREYOY-26FEB,2026-02-16,2026-03-11,3.1999999999999997,0,0,1,0,FALSE
KXCPICOREYOY-26JAN,2026-01-31,2026-02-13,3.1999999999999997,12,23,5,0,FALSE
KXCPICOREYOY-26JAN,2026-02-01,2026-02-13,3.1999999999999997,12,0,5,0,FALSE
KXCPICOREYOY-26JAN,2026-02-02,2026-02-13,3.1999999999999997,12,0,5,0,FALSE
KXCPICOREYOY-26JAN,2026-02-03,2026-02-13,3.1999999999999997,12,0,5,0,FALSE
KXCPICOREYOY-26JAN,2026-02-04,2026-02-13,3.1999999999999997,12,0,1,0,FALSE
KXCPICOREYOY-26JAN,2026-02-05,2026-02-13,3.1999999999999997,12,0,2,0,FALSE
KXCPICOREYOY-26JAN,2026-02-06,2026-02-13,3.1999999999999997,12,0,1,0,FALSE
KXCPICOREYOY-26JAN,2026-02-07,2026-02-13,3.1999999999999997,12,0,5,0,FALSE
KXCPICOREYOY-26JAN,2026-02-08,2026-02-13,3.1999999999999997,12,0,5,0,FALSE
KXCPICOREYOY-26JAN,2026-02-09,2026-02-13,3.1999999999999997,12,0,2,0,FALSE
KXCPICOREYOY-26JAN,2026-02-10,2026-02-13,3.1999999999999997,12,0,1,0,FALSE
KXCPICOREYOY-26JAN,2026-02-11,2026-02-13,3.1999999999999997,12,0,3,0,FALSE
KXCPICOREYOY-26JAN,2026-02-12,2026-02-13,3.1999999999999997,12,0,2,0,FALSE
KXCPICOREYOY-26JAN,2026-02-13,2026-02-13,3.1999999999999997,12,0,5,0,FALSE
KXCPICOREYOY-26JUL,2026-07-10,2026-08-05,3.1999999999999997,1,0,1,0,FALSE
KXCPICOREYOY-26JUL,2026-07-11,2026-08-05,3.1999999999999997,1,0,1,0,FALSE
KXCPICOREYOY-26JUL,2026-07-12,2026-08-05,3.1999999999999997,1,0,1,0,FALSE
KXCPICOREYOY-26JUN,2026-06-14,2026-07-14,3.1999999999999997,0,0,2,0,FALSE
KXCPICOREYOY-26JUN,2026-06-15,2026-07-14,3.1999999999999997,0,0,2,0,FALSE
KXCPICOREYOY-26JUN,2026-06-16,2026-07-14,3.1999999999999997,22,54.98,22,3.061224489795918,FALSE
KXCPICOREYOY-26JUN,2026-06-17,2026-07-14,3.1999999999999997,16,193.82,21,0,FALSE
KXCPICOREYOY-26JUN,2026-06-18,2026-07-14,3.1999999999999997,9,24.27,2,0,FALSE
KXCPICOREYOY-26JUN,2026-06-19,2026-07-14,3.1999999999999997,3,65.02,2,0,FALSE
KXCPICOREYOY-26JUN,2026-06-20,2026-07-14,3.1999999999999997,3,21.01,2,0,FALSE
KXCPICOREYOY-26JUN,2026-06-21,2026-07-14,3.1999999999999997,3,47.99,3,0,FALSE
KXCPICOREYOY-26JUN,2026-06-22,2026-07-14,3.1999999999999997,3,0,3,0,FALSE
KXCPICOREYOY-26JUN,2026-06-23,2026-07-14,3.1999999999999997,3,0,3,0,FALSE
KXCPICOREYOY-26JUN,2026-06-24,2026-07-14,3.1999999999999997,3,0,3,0,FALSE
KXCPICOREYOY-26JUN,2026-06-25,2026-07-14,3.1999999999999997,3,0,2,0,FALSE
KXCPICOREYOY-26JUN,2026-06-26,2026-07-14,3.1999999999999997,3,0,2,0,FALSE
KXCPICOREYOY-26JUN,2026-06-27,2026-07-14,3.1999999999999997,3,4,3,0,FALSE
KXCPICOREYOY-26JUN,2026-06-28,2026-07-14,3.1999999999999997,3,0,3,2.0408163265306123,FALSE
CPICOREYOY-23SEP,2023-09-15,2023-10-12,3.2,95,1555,95,0,FALSE
CPICOREYOY-23SEP,2023-09-16,2023-10-12,3.2,95,0,95,0,FALSE
CPICOREYOY-23SEP,2023-09-17,2023-10-12,3.2,97,945,97,0,FALSE
CPICOREYOY-23SEP,2023-09-18,2023-10-12,3.2,97,0,97,0,FALSE
CPICOREYOY-23SEP,2023-09-19,2023-10-12,3.2,92,555,92,0,FALSE
CPICOREYOY-23SEP,2023-09-20,2023-10-12,3.2,91,555,91,0,FALSE
CPICOREYOY-23SEP,2023-09-21,2023-10-12,3.2,91,0,91,0,FALSE
CPICOREYOY-23SEP,2023-09-22,2023-10-12,3.2,91,0,91,0,FALSE
CPICOREYOY-23SEP,2023-09-23,2023-10-12,3.2,91,0,91,0,FALSE
CPICOREYOY-23SEP,2023-09-24,2023-10-12,3.2,91,0,91,0,FALSE
CPICOREYOY-23SEP,2023-09-25,2023-10-12,3.2,91,0,91,0,FALSE
CPICOREYOY-23SEP,2023-09-26,2023-10-12,3.2,91,0,91,0,FALSE
CPICOREYOY-23SEP,2023-09-27,2023-10-12,3.2,96,333,96,0,FALSE
CPICOREYOY-23SEP,2023-09-28,2023-10-12,3.2,96,222,96,0,FALSE
CPICOREYOY-23SEP,2023-09-29,2023-10-12,3.2,97,555,97,0,FALSE
CPICOREYOY-23SEP,2023-09-30,2023-10-12,3.2,97,0,97,0,FALSE
CPICOREYOY-23SEP,2023-10-01,2023-10-12,3.2,97,0,97,0,FALSE
CPICOREYOY-23SEP,2023-10-02,2023-10-12,3.2,97,0,97,0,FALSE
CPICOREYOY-23SEP,2023-10-03,2023-10-12,3.2,97,0,97,0,FALSE
CPICOREYOY-23SEP,2023-10-04,2023-10-12,3.2,97,0,97,0,FALSE
CPICOREYOY-23SEP,2023-10-05,2023-10-12,3.2,97,0,97,0,FALSE
CPICOREYOY-23SEP,2023-10-06,2023-10-12,3.2,97,0,97,0,FALSE
CPICOREYOY-23SEP,2023-10-07,2023-10-12,3.2,97,0,97,0,FALSE
CPICOREYOY-23SEP,2023-10-08,2023-10-12,3.2,97,0,97,0,FALSE
CPICOREYOY-23SEP,2023-10-09,2023-10-12,3.2,97,0,97,0,FALSE
CPICOREYOY-23SEP,2023-10-10,2023-10-12,3.2,97,0,97,0,FALSE
CPICOREYOY-23SEP,2023-10-11,2023-10-12,3.2,97,0,97,0,FALSE
CPICOREYOY-23SEP,2023-10-12,2023-10-12,3.2,97,0,99,0,FALSE
CPICOREYOY-24APR,2024-04-15,2024-05-15,3.2,0,0,95,1.0204081632653061,FALSE
CPICOREYOY-24APR,2024-04-16,2024-05-15,3.2,0,0,95,1.0204081632653061,FALSE
CPICOREYOY-24APR,2024-04-17,2024-05-15,3.2,0,0,95,1.0204081632653061,FALSE
CPICOREYOY-24APR,2024-04-18,2024-05-15,3.2,0,0,95,1.0204081632653061,FALSE
CPICOREYOY-24APR,2024-04-19,2024-05-15,3.2,0,0,95,1.0204081632653061,FALSE
CPICOREYOY-24APR,2024-04-20,2024-05-15,3.2,0,0,95,1.0204081632653061,FALSE
CPICOREYOY-24APR,2024-04-21,2024-05-15,3.2,0,0,95,1.0204081632653061,FALSE
CPICOREYOY-24APR,2024-04-22,2024-05-15,3.2,0,0,96,2.0408163265306123,FALSE
CPICOREYOY-24APR,2024-04-23,2024-05-15,3.2,0,0,96,1.0204081632653061,FALSE
CPICOREYOY-24APR,2024-04-24,2024-05-15,3.2,0,0,96,1.0204081632653061,FALSE
CPICOREYOY-24APR,2024-04-25,2024-05-15,3.2,0,0,96,2.0408163265306123,FALSE
CPICOREYOY-24APR,2024-04-26,2024-05-15,3.2,0,0,96,2.0408163265306123,FALSE
CPICOREYOY-24APR,2024-04-27,2024-05-15,3.2,0,0,96,2.0408163265306123,FALSE
CPICOREYOY-24APR,2024-04-28,2024-05-15,3.2,0,0,96,2.0408163265306123,FALSE
CPICOREYOY-24APR,2024-04-29,2024-05-15,3.2,0,0,96,2.0408163265306123,FALSE
CPICOREYOY-24APR,2024-04-30,2024-05-15,3.2,0,0,96,2.0408163265306123,FALSE
CPICOREYOY-24APR,2024-05-01,2024-05-15,3.2,0,0,96,2.0408163265306123,FALSE
CPICOREYOY-24APR,2024-05-02,2024-05-15,3.2,0,0,96,2.0408163265306123,FALSE
CPICOREYOY-24APR,2024-05-03,2024-05-15,3.2,0,0,97,0,FALSE
CPICOREYOY-24APR,2024-05-04,2024-05-15,3.2,0,0,97,0,FALSE
CPICOREYOY-24APR,2024-05-05,2024-05-15,3.2,0,0,97,0,FALSE
CPICOREYOY-24APR,2024-05-06,2024-05-15,3.2,0,0,97,0,FALSE
CPICOREYOY-24APR,2024-05-07,2024-05-15,3.2,0,0,97,0,FALSE
CPICOREYOY-24APR,2024-05-08,2024-05-15,3.2,0,0,97,0,FALSE
CPICOREYOY-24APR,2024-05-09,2024-05-15,3.2,0,0,97,0,FALSE
CPICOREYOY-24APR,2024-05-10,2024-05-15,3.2,0,0,97,0,FALSE
CPICOREYOY-24APR,2024-05-11,2024-05-15,3.2,0,0,97,0,FALSE
CPICOREYOY-24APR,2024-05-12,2024-05-15,3.2,0,0,97,0,FALSE
CPICOREYOY-24APR,2024-05-13,2024-05-15,3.2,0,0,96,1.0204081632653061,FALSE
CPICOREYOY-24APR,2024-05-14,2024-05-15,3.2,0,0,96,1.0204081632653061,FALSE
CPICOREYOY-24APR,2024-05-15,2024-05-15,3.2,0,0,96,1.0204081632653061,FALSE
CPICOREYOY-24AUG,2024-08-25,2024-09-10,3.2,3,0,3,2.0408163265306123,FALSE
CPICOREYOY-24AUG,2024-08-26,2024-09-10,3.2,3,0,3,2.0408163265306123,FALSE
CPICOREYOY-24AUG,2024-08-27,2024-09-10,3.2,3,0,3,2.0408163265306123,FALSE
CPICOREYOY-24AUG,2024-08-28,2024-09-10,3.2,3,0,3,2.0408163265306123,FALSE
CPICOREYOY-24AUG,2024-08-29,2024-09-10,3.2,3,0,3,2.0408163265306123,FALSE
CPICOREYOY-24AUG,2024-08-30,2024-09-10,3.2,3,0,3,2.0408163265306123,FALSE
CPICOREYOY-24AUG,2024-08-31,2024-09-10,3.2,3,0,3,2.0408163265306123,FALSE
CPICOREYOY-24AUG,2024-09-01,2024-09-10,3.2,3,0,3,2.0408163265306123,FALSE
CPICOREYOY-24AUG,2024-09-02,2024-09-10,3.2,3,0,3,2.0408163265306123,FALSE
CPICOREYOY-24AUG,2024-09-03,2024-09-10,3.2,3,0,3,2.0408163265306123,FALSE
CPICOREYOY-24AUG,2024-09-04,2024-09-10,3.2,3,0,3,2.0408163265306123,FALSE
CPICOREYOY-24AUG,2024-09-05,2024-09-10,3.2,3,0,3,2.0408163265306123,FALSE
CPICOREYOY-24AUG,2024-09-06,2024-09-10,3.2,3,0,3,2.0408163265306123,FALSE
CPICOREYOY-24AUG,2024-09-07,2024-09-10,3.2,3,0,3,2.0408163265306123,FALSE
CPICOREYOY-24AUG,2024-09-08,2024-09-10,3.2,3,0,3,2.0408163265306123,FALSE
CPICOREYOY-24AUG,2024-09-09,2024-09-10,3.2,34,60,34,26.53061224489796,FALSE
CPICOREYOY-24AUG,2024-09-10,2024-09-10,3.2,12,110,12,4.081632653061225,FALSE
CPICOREYOY-24JUL,2024-07-15,2024-08-14,3.2,42,0,42,34.69387755102041,FALSE
CPICOREYOY-24JUL,2024-07-16,2024-08-14,3.2,42,0,42,34.69387755102041,FALSE
CPICOREYOY-24JUL,2024-07-17,2024-08-14,3.2,42,0,42,34.69387755102041,FALSE
CPICOREYOY-24JUL,2024-07-18,2024-08-14,3.2,16,700,16,8.16326530612245,FALSE
CPICOREYOY-24JUL,2024-07-19,2024-08-14,3.2,16,0,16,8.16326530612245,FALSE
CPICOREYOY-24JUL,2024-07-20,2024-08-14,3.2,11,20,11,3.061224489795918,FALSE
CPICOREYOY-24JUL,2024-07-21,2024-08-14,3.2,11,0,11,3.061224489795918,FALSE
CPICOREYOY-24JUL,2024-07-22,2024-08-14,3.2,18,80,18,10.204081632653061,FALSE
CPICOREYOY-24JUL,2024-07-23,2024-08-14,3.2,19,50,19,11.224489795918368,FALSE
CPICOREYOY-24JUL,2024-07-24,2024-08-14,3.2,23,1003,23,15.306122448979592,FALSE
CPICOREYOY-24JUL,2024-07-25,2024-08-14,3.2,20,45,20,12.244897959183673,FALSE
CPICOREYOY-24JUL,2024-07-26,2024-08-14,3.2,20,0,20,12.244897959183673,FALSE
CPICOREYOY-24JUL,2024-07-27,2024-08-14,3.2,20,0,20,12.244897959183673,FALSE
CPICOREYOY-24JUL,2024-07-28,2024-08-14,3.2,20,0,20,12.244897959183673,FALSE
CPICOREYOY-24JUL,2024-07-29,2024-08-14,3.2,24,550,24,16.3265306122449,FALSE
CPICOREYOY-24JUL,2024-07-30,2024-08-14,3.2,24,0,24,16.3265306122449,FALSE
CPICOREYOY-24JUL,2024-07-31,2024-08-14,3.2,23,25,23,15.306122448979592,FALSE
CPICOREYOY-24JUL,2024-08-01,2024-08-14,3.2,23,0,23,15.306122448979592,FALSE
CPICOREYOY-24JUL,2024-08-02,2024-08-14,3.2,23,0,23,15.306122448979592,FALSE
CPICOREYOY-24JUL,2024-08-03,2024-08-14,3.2,24,127,24,21.428571428571427,FALSE
CPICOREYOY-24JUL,2024-08-04,2024-08-14,3.2,24,0,24,21.428571428571427,FALSE
CPICOREYOY-24JUL,2024-08-05,2024-08-14,3.2,20,200,20,17.346938775510203,FALSE
CPICOREYOY-24JUL,2024-08-06,2024-08-14,3.2,24,2080,24,21.428571428571427,FALSE
CPICOREYOY-24JUL,2024-08-07,2024-08-14,3.2,24,2100,24,21.428571428571427,FALSE
CPICOREYOY-24JUL,2024-08-08,2024-08-14,3.2,25,1000,25,22.448979591836736,FALSE
CPICOREYOY-24JUL,2024-08-09,2024-08-14,3.2,26,450,26,23.46938775510204,FALSE
CPICOREYOY-24JUL,2024-08-10,2024-08-14,3.2,28.999999999999996,2400,28.999999999999996,26.530612244897956,FALSE
CPICOREYOY-24JUL,2024-08-11,2024-08-14,3.2,28.999999999999996,0,28.999999999999996,26.530612244897956,FALSE
CPICOREYOY-24JUL,2024-08-12,2024-08-14,3.2,31,2273,31,28.571428571428573,FALSE
CPICOREYOY-24JUL,2024-08-13,2024-08-14,3.2,32,27,32,30.612244897959183,FALSE
CPICOREYOY-24JUL,2024-08-14,2024-08-14,3.2,23,915,23,21.428571428571427,FALSE
CPICOREYOY-24SEP,2024-09-24,2024-10-10,3.2,23,30,23,22.448979591836736,FALSE
CPICOREYOY-24SEP,2024-09-25,2024-10-10,3.2,30,1226,30,29.591836734693878,FALSE
CPICOREYOY-24SEP,2024-09-26,2024-10-10,3.2,30,0,30,29.591836734693878,FALSE
CPICOREYOY-24SEP,2024-09-27,2024-10-10,3.2,30,0,30,29.591836734693878,FALSE
CPICOREYOY-24SEP,2024-09-28,2024-10-10,3.2,30,0,30,29.591836734693878,FALSE
CPICOREYOY-24SEP,2024-09-29,2024-10-10,3.2,30,0,30,29.591836734693878,FALSE
CPICOREYOY-24SEP,2024-09-30,2024-10-10,3.2,39,22,39,38.775510204081634,FALSE
CPICOREYOY-24SEP,2024-10-01,2024-10-10,3.2,39,298,39,38.775510204081634,FALSE
CPICOREYOY-24SEP,2024-10-02,2024-10-10,3.2,45,5514,45,44.89795918367347,FALSE
CPICOREYOY-24SEP,2024-10-03,2024-10-10,3.2,49,1086,49,33.673469387755105,FALSE
CPICOREYOY-24SEP,2024-10-04,2024-10-10,3.2,55.00000000000001,1600,55.00000000000001,39.79591836734695,FALSE
CPICOREYOY-24SEP,2024-10-05,2024-10-10,3.2,55.00000000000001,0,55.00000000000001,39.79591836734695,FALSE
CPICOREYOY-24SEP,2024-10-06,2024-10-10,3.2,55.00000000000001,0,55.00000000000001,39.79591836734695,FALSE
CPICOREYOY-24SEP,2024-10-07,2024-10-10,3.2,61,900,61,45.91836734693877,FALSE
CPICOREYOY-24SEP,2024-10-08,2024-10-10,3.2,50,890,50,34.69387755102041,FALSE
CPICOREYOY-24SEP,2024-10-09,2024-10-10,3.2,56.99999999999999,3142,56.99999999999999,42.85714285714285,FALSE
CPICOREYOY-24SEP,2024-10-10,2024-10-10,3.2,56.99999999999999,1612,56.99999999999999,42.85714285714285,FALSE
KXCPICOREYOY-24NOV,2024-11-22,2024-12-11,3.2,0,0,7.000000000000001,0,FALSE
KXCPICOREYOY-24NOV,2024-11-23,2024-12-11,3.2,0,0,37,0,FALSE
KXCPICOREYOY-24NOV,2024-11-24,2024-12-11,3.2,0,0,37,0,FALSE
KXCPICOREYOY-24NOV,2024-11-25,2024-12-11,3.2,0,0,37,0,FALSE
KXCPICOREYOY-24NOV,2024-11-26,2024-12-11,3.2,0,0,37,0,FALSE
KXCPICOREYOY-24NOV,2024-11-27,2024-12-11,3.2,0,0,37,6.122448979591838,FALSE
KXCPICOREYOY-24NOV,2024-11-28,2024-12-11,3.2,0,0,37,6.122448979591838,FALSE
KXCPICOREYOY-24NOV,2024-11-29,2024-12-11,3.2,0,0,37,6.122448979591838,FALSE
KXCPICOREYOY-24NOV,2024-11-30,2024-12-11,3.2,0,0,37,6.122448979591838,FALSE
KXCPICOREYOY-24NOV,2024-12-01,2024-12-11,3.2,0,0,37,6.122448979591838,FALSE
KXCPICOREYOY-24NOV,2024-12-02,2024-12-11,3.2,0,0,37,6.122448979591838,FALSE
KXCPICOREYOY-24NOV,2024-12-03,2024-12-11,3.2,0,0,37,36.734693877551024,FALSE
KXCPICOREYOY-24NOV,2024-12-04,2024-12-11,3.2,0,0,37,36.734693877551024,FALSE
KXCPICOREYOY-24NOV,2024-12-05,2024-12-11,3.2,0,0,37,36.734693877551024,FALSE
KXCPICOREYOY-24NOV,2024-12-06,2024-12-11,3.2,0,0,37,36.734693877551024,FALSE
KXCPICOREYOY-24NOV,2024-12-07,2024-12-11,3.2,77,40,77,40.816326530612244,FALSE
KXCPICOREYOY-24NOV,2024-12-08,2024-12-11,3.2,77,0,77,40.816326530612244,FALSE
KXCPICOREYOY-24NOV,2024-12-09,2024-12-11,3.2,77,10,77,34.69387755102041,FALSE
KXCPICOREYOY-24NOV,2024-12-10,2024-12-11,3.2,77,76,77,41.83673469387755,FALSE
KXCPICOREYOY-24NOV,2024-12-11,2024-12-11,3.2,77,0,77,41.83673469387755,FALSE
KXCPICOREYOY-25APR,2025-05-08,2025-05-13,3.2,0,0,1,0,FALSE
KXCPICOREYOY-25APR,2025-05-09,2025-05-13,3.2,0,0,1,0,FALSE
KXCPICOREYOY-25APR,2025-05-10,2025-05-13,3.2,0,0,1,0,FALSE
KXCPICOREYOY-25APR,2025-05-11,2025-05-13,3.2,0,0,1,0,FALSE
KXCPICOREYOY-25APR,2025-05-12,2025-05-13,3.2,0,0,1,0,FALSE
KXCPICOREYOY-25APR,2025-05-13,2025-05-13,3.2,0,0,1,0,FALSE
KXCPICOREYOY-25AUG,2025-08-12,2025-09-11,3.2,13,205,13,7.142857142857143,FALSE
KXCPICOREYOY-25AUG,2025-08-13,2025-09-11,3.2,15,40,15,11.224489795918368,FALSE
KXCPICOREYOY-25AUG,2025-08-14,2025-09-11,3.2,15,0,15,11.224489795918368,FALSE
KXCPICOREYOY-25AUG,2025-08-15,2025-09-11,3.2,15,0,15,11.224489795918368,FALSE
KXCPICOREYOY-25AUG,2025-08-16,2025-09-11,3.2,15,0,15,11.224489795918368,FALSE
KXCPICOREYOY-25AUG,2025-08-17,2025-09-11,3.2,15,0,15,11.224489795918368,FALSE
KXCPICOREYOY-25AUG,2025-08-18,2025-09-11,3.2,15,0,15,11.224489795918368,FALSE
KXCPICOREYOY-25AUG,2025-08-19,2025-09-11,3.2,15,0,15,11.224489795918368,FALSE
KXCPICOREYOY-25AUG,2025-08-20,2025-09-11,3.2,11,15,11,7.142857142857143,FALSE
KXCPICOREYOY-25AUG,2025-08-21,2025-09-11,3.2,11,0,11,7.142857142857143,FALSE
KXCPICOREYOY-25AUG,2025-08-22,2025-09-11,3.2,11,0,11,9.183673469387756,FALSE
KXCPICOREYOY-25AUG,2025-08-23,2025-09-11,3.2,10,85,10,6.122448979591836,FALSE
KXCPICOREYOY-25AUG,2025-08-24,2025-09-11,3.2,10,0,10,6.122448979591836,FALSE
KXCPICOREYOY-25AUG,2025-08-25,2025-09-11,3.2,10,0,10,6.122448979591836,FALSE
KXCPICOREYOY-25AUG,2025-08-26,2025-09-11,3.2,14.000000000000002,26,14.000000000000002,8.163265306122451,FALSE
KXCPICOREYOY-25AUG,2025-08-27,2025-09-11,3.2,14.000000000000002,0,14.000000000000002,8.163265306122451,FALSE
KXCPICOREYOY-25AUG,2025-08-28,2025-09-11,3.2,14.000000000000002,0,14.000000000000002,8.163265306122451,FALSE
KXCPICOREYOY-25AUG,2025-08-29,2025-09-11,3.2,9,2,9,8.16326530612245,FALSE
KXCPICOREYOY-25AUG,2025-08-30,2025-09-11,3.2,9,0,9,8.16326530612245,FALSE
KXCPICOREYOY-25AUG,2025-08-31,2025-09-11,3.2,9,0,9,8.16326530612245,FALSE
KXCPICOREYOY-25AUG,2025-09-01,2025-09-11,3.2,9,0,9,8.16326530612245,FALSE
KXCPICOREYOY-25AUG,2025-09-02,2025-09-11,3.2,13,14,13,3.061224489795918,FALSE
KXCPICOREYOY-25AUG,2025-09-03,2025-09-11,3.2,13,0,13,3.061224489795918,FALSE
KXCPICOREYOY-25AUG,2025-09-04,2025-09-11,3.2,13,0,13,3.061224489795918,FALSE
KXCPICOREYOY-25AUG,2025-09-05,2025-09-11,3.2,9,14,9,8.16326530612245,FALSE
KXCPICOREYOY-25AUG,2025-09-06,2025-09-11,3.2,3,3693,3,2.0408163265306123,FALSE
KXCPICOREYOY-25AUG,2025-09-07,2025-09-11,3.2,3,0,3,2.0408163265306123,FALSE
KXCPICOREYOY-25AUG,2025-09-08,2025-09-11,3.2,3,0,3,2.0408163265306123,FALSE
KXCPICOREYOY-25AUG,2025-09-09,2025-09-11,3.2,7.000000000000001,27,7.000000000000001,6.122448979591838,FALSE
KXCPICOREYOY-25AUG,2025-09-10,2025-09-11,3.2,4,2013,4,3.061224489795918,FALSE
KXCPICOREYOY-25AUG,2025-09-11,2025-09-11,3.2,2,470,2,1.0204081632653061,FALSE
KXCPICOREYOY-25DEC,2025-12-18,2026-01-13,3.2,0,0,46,0,FALSE
KXCPICOREYOY-25DEC,2025-12-19,2026-01-13,3.2,0,0,46,0,FALSE
KXCPICOREYOY-25DEC,2025-12-20,2026-01-13,3.2,0,0,9,0,FALSE
KXCPICOREYOY-25DEC,2025-12-21,2026-01-13,3.2,0,0,46,0,FALSE
KXCPICOREYOY-25JUL,2025-07-17,2025-08-12,3.2,7.000000000000001,2000,7.000000000000001,6.122448979591838,FALSE
KXCPICOREYOY-25JUL,2025-07-18,2025-08-12,3.2,7.000000000000001,0,7.000000000000001,6.122448979591838,FALSE
KXCPICOREYOY-25JUL,2025-07-19,2025-08-12,3.2,7.000000000000001,0,7.000000000000001,6.122448979591838,FALSE
KXCPICOREYOY-25JUL,2025-07-20,2025-08-12,3.2,7.000000000000001,0,7.000000000000001,6.122448979591838,FALSE
KXCPICOREYOY-25JUL,2025-07-21,2025-08-12,3.2,7.000000000000001,0,7.000000000000001,6.122448979591838,FALSE
KXCPICOREYOY-25JUL,2025-07-22,2025-08-12,3.2,7.000000000000001,0,7.000000000000001,6.122448979591838,FALSE
KXCPICOREYOY-25JUL,2025-07-23,2025-08-12,3.2,7.000000000000001,0,7.000000000000001,6.122448979591838,FALSE
KXCPICOREYOY-25JUL,2025-07-24,2025-08-12,3.2,7.000000000000001,0,7.000000000000001,6.122448979591838,FALSE
KXCPICOREYOY-25JUL,2025-07-25,2025-08-12,3.2,7.000000000000001,0,7.000000000000001,6.122448979591838,FALSE
KXCPICOREYOY-25JUL,2025-07-26,2025-08-12,3.2,7.000000000000001,0,7.000000000000001,6.122448979591838,FALSE
KXCPICOREYOY-25JUL,2025-07-27,2025-08-12,3.2,7.000000000000001,0,7.000000000000001,6.122448979591838,FALSE
KXCPICOREYOY-25JUL,2025-07-28,2025-08-12,3.2,7.000000000000001,0,7.000000000000001,6.122448979591838,FALSE
KXCPICOREYOY-25JUL,2025-07-29,2025-08-12,3.2,7.000000000000001,0,7.000000000000001,6.122448979591838,FALSE
KXCPICOREYOY-25JUL,2025-07-30,2025-08-12,3.2,7.000000000000001,0,7.000000000000001,6.122448979591838,FALSE
KXCPICOREYOY-25JUL,2025-07-31,2025-08-12,3.2,7.000000000000001,0,7.000000000000001,6.122448979591838,FALSE
KXCPICOREYOY-25JUL,2025-08-01,2025-08-12,3.2,7.000000000000001,0,7.000000000000001,6.122448979591838,FALSE
KXCPICOREYOY-25JUL,2025-08-02,2025-08-12,3.2,7.000000000000001,0,7.000000000000001,6.122448979591838,FALSE
KXCPICOREYOY-25JUL,2025-08-03,2025-08-12,3.2,7.000000000000001,0,7.000000000000001,6.122448979591838,FALSE
KXCPICOREYOY-25JUL,2025-08-04,2025-08-12,3.2,7.000000000000001,5,7.000000000000001,6.122448979591838,FALSE
KXCPICOREYOY-25JUL,2025-08-05,2025-08-12,3.2,7.000000000000001,0,7.000000000000001,6.122448979591838,FALSE
KXCPICOREYOY-25JUL,2025-08-06,2025-08-12,3.2,7.000000000000001,0,7.000000000000001,6.122448979591838,FALSE
KXCPICOREYOY-25JUL,2025-08-07,2025-08-12,3.2,7.000000000000001,0,7.000000000000001,6.122448979591838,FALSE
KXCPICOREYOY-25JUL,2025-08-08,2025-08-12,3.2,7.000000000000001,0,5,0,FALSE
KXCPICOREYOY-25JUL,2025-08-09,2025-08-12,3.2,7.000000000000001,0,5,0,FALSE
KXCPICOREYOY-25JUL,2025-08-10,2025-08-12,3.2,7.000000000000001,0,7.000000000000001,6.122448979591838,FALSE
KXCPICOREYOY-25JUL,2025-08-11,2025-08-12,3.2,1,192,1,0,FALSE
KXCPICOREYOY-25JUL,2025-08-12,2025-08-12,3.2,5,97,5,4.081632653061225,FALSE
KXCPICOREYOY-25JUN,2025-06-15,2025-07-15,3.2,8,0,8,0,FALSE
KXCPICOREYOY-25JUN,2025-06-16,2025-07-15,3.2,8,0,8,0,FALSE
KXCPICOREYOY-25JUN,2025-06-17,2025-07-15,3.2,8,0,8,0,FALSE
KXCPICOREYOY-25JUN,2025-06-18,2025-07-15,3.2,8,0,8,0,FALSE
KXCPICOREYOY-25JUN,2025-06-19,2025-07-15,3.2,8,0,8,0,FALSE
KXCPICOREYOY-25JUN,2025-06-20,2025-07-15,3.2,8,0,8,0,FALSE
KXCPICOREYOY-25JUN,2025-06-21,2025-07-15,3.2,8,0,8,0,FALSE
KXCPICOREYOY-25JUN,2025-06-22,2025-07-15,3.2,7.000000000000001,4,7.000000000000001,5.1020408163265305,FALSE
KXCPICOREYOY-25JUN,2025-06-23,2025-07-15,3.2,7.000000000000001,0,7.000000000000001,5.1020408163265305,FALSE
KXCPICOREYOY-25JUN,2025-06-24,2025-07-15,3.2,7.000000000000001,0,7.000000000000001,5.1020408163265305,FALSE
KXCPICOREYOY-25JUN,2025-06-25,2025-07-15,3.2,7.000000000000001,0,7.000000000000001,5.1020408163265305,FALSE
KXCPICOREYOY-25JUN,2025-06-26,2025-07-15,3.2,7.000000000000001,0,7.000000000000001,5.1020408163265305,FALSE
KXCPICOREYOY-25JUN,2025-06-27,2025-07-15,3.2,7.000000000000001,0,7.000000000000001,5.1020408163265305,FALSE
KXCPICOREYOY-25JUN,2025-06-28,2025-07-15,3.2,7.000000000000001,0,7.000000000000001,5.1020408163265305,FALSE
KXCPICOREYOY-25JUN,2025-06-29,2025-07-15,3.2,7.000000000000001,0,7.000000000000001,5.1020408163265305,FALSE
KXCPICOREYOY-25JUN,2025-06-30,2025-07-15,3.2,7.000000000000001,0,7.000000000000001,5.1020408163265305,FALSE
KXCPICOREYOY-25JUN,2025-07-01,2025-07-15,3.2,7.000000000000001,0,7.000000000000001,5.1020408163265305,FALSE
KXCPICOREYOY-25JUN,2025-07-02,2025-07-15,3.2,7.000000000000001,0,7.000000000000001,5.1020408163265305,FALSE
KXCPICOREYOY-25JUN,2025-07-03,2025-07-15,3.2,7.000000000000001,0,7.000000000000001,5.1020408163265305,FALSE
KXCPICOREYOY-25JUN,2025-07-04,2025-07-15,3.2,7.000000000000001,0,5,0,FALSE
KXCPICOREYOY-25JUN,2025-07-05,2025-07-15,3.2,7.000000000000001,0,5,0,FALSE
KXCPICOREYOY-25JUN,2025-07-06,2025-07-15,3.2,7.000000000000001,0,5,0,FALSE
KXCPICOREYOY-25JUN,2025-07-07,2025-07-15,3.2,7.000000000000001,0,5,0,FALSE
KXCPICOREYOY-25JUN,2025-07-08,2025-07-15,3.2,7.000000000000001,0,5,0,FALSE
KXCPICOREYOY-25JUN,2025-07-09,2025-07-15,3.2,5,93,5,4.081632653061225,FALSE
KXCPICOREYOY-25JUN,2025-07-10,2025-07-15,3.2,5,0,5,4.081632653061225,FALSE
KXCPICOREYOY-25JUN,2025-07-11,2025-07-15,3.2,5,0,5,4.081632653061225,FALSE
KXCPICOREYOY-25JUN,2025-07-12,2025-07-15,3.2,5,0,5,4.081632653061225,FALSE
KXCPICOREYOY-25JUN,2025-07-13,2025-07-15,3.2,5,0,5,4.081632653061225,FALSE
KXCPICOREYOY-25JUN,2025-07-14,2025-07-15,3.2,5,0,5,4.081632653061225,FALSE
KXCPICOREYOY-25JUN,2025-07-15,2025-07-15,3.2,5,0,5,0,FALSE
KXCPICOREYOY-25MAY,2025-06-01,2025-06-11,3.2,3,66,3,0,FALSE
KXCPICOREYOY-25MAY,2025-06-02,2025-06-11,3.2,2,24,2,0,FALSE
KXCPICOREYOY-25MAY,2025-06-03,2025-06-11,3.2,2,0,2,0,FALSE
KXCPICOREYOY-25MAY,2025-06-04,2025-06-11,3.2,2,0,2,0,FALSE
KXCPICOREYOY-25MAY,2025-06-05,2025-06-11,3.2,2,0,2,0,FALSE
KXCPICOREYOY-25MAY,2025-06-06,2025-06-11,3.2,2,0,2,0,FALSE
KXCPICOREYOY-25MAY,2025-06-07,2025-06-11,3.2,2,0,2,0,FALSE
KXCPICOREYOY-25MAY,2025-06-08,2025-06-11,3.2,2,0,2,0,FALSE
KXCPICOREYOY-25MAY,2025-06-09,2025-06-11,3.2,2,0,1,0,FALSE
KXCPICOREYOY-25MAY,2025-06-10,2025-06-11,3.2,2,0,1,0,FALSE
KXCPICOREYOY-25MAY,2025-06-11,2025-06-11,3.2,2,0,1,0,FALSE
KXCPICOREYOY-25NOV,2025-12-05,2025-12-18,3.2,4,0,4,3.061224489795918,FALSE
KXCPICOREYOY-25NOV,2025-12-06,2025-12-18,3.2,4,0,4,3.061224489795918,FALSE
KXCPICOREYOY-25NOV,2025-12-07,2025-12-18,3.2,4,22,4,3.061224489795918,FALSE
KXCPICOREYOY-25NOV,2025-12-08,2025-12-18,3.2,3,95,3,2.0408163265306123,FALSE
KXCPICOREYOY-25NOV,2025-12-09,2025-12-18,3.2,3,140,3,2.0408163265306123,FALSE
KXCPICOREYOY-25NOV,2025-12-10,2025-12-18,3.2,3,0,3,2.0408163265306123,FALSE
KXCPICOREYOY-25NOV,2025-12-11,2025-12-18,3.2,3,0,3,0,FALSE
KXCPICOREYOY-25NOV,2025-12-12,2025-12-18,3.2,3,0,3,2.0408163265306123,FALSE
KXCPICOREYOY-25NOV,2025-12-13,2025-12-18,3.2,3,0,3,2.0408163265306123,FALSE
KXCPICOREYOY-25NOV,2025-12-14,2025-12-18,3.2,3,0,3,2.0408163265306123,FALSE
KXCPICOREYOY-25NOV,2025-12-15,2025-12-18,3.2,3,0,3,2.0408163265306123,FALSE
KXCPICOREYOY-25NOV,2025-12-16,2025-12-18,3.2,3,33,3,0,FALSE
KXCPICOREYOY-25NOV,2025-12-17,2025-12-18,3.2,3,33,3,2.0408163265306123,FALSE
KXCPICOREYOY-25NOV,2025-12-18,2025-12-18,3.2,3,0,3,2.0408163265306123,FALSE
KXCPICOREYOY-25OCT,2025-10-15,2025-11-13,3.2,15,500,15,14.285714285714286,FALSE
KXCPICOREYOY-25SEP,2025-09-15,2025-10-15,3.2,8,231,8,6.122448979591836,FALSE
KXCPICOREYOY-25SEP,2025-09-16,2025-10-15,3.2,8,0,8,6.122448979591836,FALSE
KXCPICOREYOY-25SEP,2025-09-17,2025-10-15,3.2,8,0,8,6.122448979591836,FALSE
KXCPICOREYOY-25SEP,2025-09-18,2025-10-15,3.2,8,0,8,6.122448979591836,FALSE
KXCPICOREYOY-25SEP,2025-09-19,2025-10-15,3.2,8,58,8,5.1020408163265305,FALSE
KXCPICOREYOY-25SEP,2025-09-20,2025-10-15,3.2,8,0,8,5.1020408163265305,FALSE
KXCPICOREYOY-25SEP,2025-09-21,2025-10-15,3.2,8,0,8,5.1020408163265305,FALSE
KXCPICOREYOY-25SEP,2025-09-22,2025-10-15,3.2,8,0,8,5.1020408163265305,FALSE
KXCPICOREYOY-25SEP,2025-09-23,2025-10-15,3.2,8,0,8,5.1020408163265305,FALSE
KXCPICOREYOY-25SEP,2025-09-24,2025-10-15,3.2,8,0,8,5.1020408163265305,FALSE
KXCPICOREYOY-25SEP,2025-09-25,2025-10-15,3.2,8,0,8,5.1020408163265305,FALSE
KXCPICOREYOY-25SEP,2025-09-26,2025-10-15,3.2,11,5,11,7.142857142857143,FALSE
KXCPICOREYOY-25SEP,2025-09-27,2025-10-15,3.2,11,0,11,7.142857142857143,FALSE
KXCPICOREYOY-25SEP,2025-09-28,2025-10-15,3.2,11,0,11,7.142857142857143,FALSE
KXCPICOREYOY-25SEP,2025-09-29,2025-10-15,3.2,11,0,11,7.142857142857143,FALSE
KXCPICOREYOY-25SEP,2025-09-30,2025-10-15,3.2,11,0,11,7.142857142857143,FALSE
KXCPICOREYOY-25SEP,2025-10-01,2025-10-15,3.2,11,0,11,7.142857142857143,FALSE
KXCPICOREYOY-25SEP,2025-10-02,2025-10-15,3.2,4,201,4,3.061224489795918,FALSE
KXCPICOREYOY-25SEP,2025-10-03,2025-10-15,3.2,4,0,4,3.061224489795918,FALSE
KXCPICOREYOY-25SEP,2025-10-04,2025-10-15,3.2,4,0,4,3.061224489795918,FALSE
KXCPICOREYOY-25SEP,2025-10-05,2025-10-15,3.2,4,0,4,3.061224489795918,FALSE
KXCPICOREYOY-25SEP,2025-10-06,2025-10-15,3.2,4,0,4,3.061224489795918,FALSE
KXCPICOREYOY-25SEP,2025-10-07,2025-10-15,3.2,4,0,4,3.061224489795918,FALSE
KXCPICOREYOY-25SEP,2025-10-08,2025-10-15,3.2,7.000000000000001,288,7.000000000000001,6.122448979591838,FALSE
KXCPICOREYOY-25SEP,2025-10-09,2025-10-15,3.2,8,599,8,4.081632653061225,FALSE
KXCPICOREYOY-25SEP,2025-10-10,2025-10-15,3.2,8,0,8,4.081632653061225,FALSE
KXCPICOREYOY-25SEP,2025-10-11,2025-10-15,3.2,8,117,8,4.081632653061225,FALSE
KXCPICOREYOY-25SEP,2025-10-12,2025-10-15,3.2,8,0,8,4.081632653061225,FALSE
KXCPICOREYOY-25SEP,2025-10-13,2025-10-15,3.2,8,0,8,4.081632653061225,FALSE
KXCPICOREYOY-25SEP,2025-10-14,2025-10-15,3.2,3,702,3,2.0408163265306123,FALSE
KXCPICOREYOY-25SEP,2025-10-15,2025-10-15,3.2,3,0,3,2.0408163265306123,FALSE
KXCPICOREYOY-26APR,2026-04-30,2026-05-12,3.2,3,0,2,0,FALSE
KXCPICOREYOY-26APR,2026-05-01,2026-05-12,3.2,3,0,3,0,FALSE
KXCPICOREYOY-26APR,2026-05-02,2026-05-12,3.2,3,0,3,0,FALSE
KXCPICOREYOY-26APR,2026-05-03,2026-05-12,3.2,3,0,3,0,FALSE
KXCPICOREYOY-26APR,2026-05-04,2026-05-12,3.2,3,0,3,0,FALSE
KXCPICOREYOY-26APR,2026-05-05,2026-05-12,3.2,3,0,3,0,FALSE
KXCPICOREYOY-26APR,2026-05-06,2026-05-12,3.2,3,0,3,0,FALSE
KXCPICOREYOY-26APR,2026-05-07,2026-05-12,3.2,3,0,3,0,FALSE
KXCPICOREYOY-26APR,2026-05-08,2026-05-12,3.2,3,0,3,0,FALSE
KXCPICOREYOY-26APR,2026-05-09,2026-05-12,3.2,3,0,3,0,FALSE
KXCPICOREYOY-26APR,2026-05-10,2026-05-12,3.2,3,0,3,0,FALSE
KXCPICOREYOY-26APR,2026-05-11,2026-05-12,3.2,3,0,3,0,FALSE
KXCPICOREYOY-26APR,2026-05-12,2026-05-12,3.2,3,0,2,0,FALSE
KXCPICOREYOY-26AUG,2026-07-04,2026-08-03,3.2,0,0,4,0,FALSE
KXCPICOREYOY-26AUG,2026-07-05,2026-08-03,3.2,0,0,4,0,FALSE
KXCPICOREYOY-26AUG,2026-07-06,2026-08-03,3.2,0,0,4,0,FALSE
KXCPICOREYOY-26AUG,2026-07-07,2026-08-03,3.2,0,0,4,0,FALSE
KXCPICOREYOY-26AUG,2026-07-08,2026-08-03,3.2,0,0,4,0,FALSE
KXCPICOREYOY-26AUG,2026-07-09,2026-08-03,3.2,0,0,4,0,FALSE
KXCPICOREYOY-26AUG,2026-07-10,2026-08-03,3.2,0,0,4,0,FALSE
KXCPICOREYOY-26AUG,2026-07-11,2026-08-03,3.2,0,0,4,0,FALSE
KXCPICOREYOY-26AUG,2026-07-12,2026-08-03,3.2,0,0,4,0,FALSE
KXCPICOREYOY-26AUG,2026-07-13,2026-08-03,3.2,0,0,4,0,FALSE
KXCPICOREYOY-26AUG,2026-07-14,2026-08-03,3.2,0,0,4,0,FALSE
KXCPICOREYOY-26AUG,2026-07-15,2026-08-03,3.2,0,0,4,0,FALSE
KXCPICOREYOY-26AUG,2026-07-16,2026-08-03,3.2,0,0,4,0,FALSE
KXCPICOREYOY-26AUG,2026-07-17,2026-08-03,3.2,0,0,4,0,FALSE
KXCPICOREYOY-26AUG,2026-07-18,2026-08-03,3.2,0,0,4,0,FALSE
KXCPICOREYOY-26AUG,2026-07-19,2026-08-03,3.2,0,0,4,0,FALSE
KXCPICOREYOY-26AUG,2026-07-20,2026-08-03,3.2,0,0,4,0,FALSE
KXCPICOREYOY-26AUG,2026-07-21,2026-08-03,3.2,0,0,4,0,FALSE
KXCPICOREYOY-26AUG,2026-07-22,2026-08-03,3.2,0,0,2,0,FALSE
KXCPICOREYOY-26AUG,2026-07-23,2026-08-03,3.2,0,0,2,0,FALSE
KXCPICOREYOY-26AUG,2026-07-24,2026-08-03,3.2,0,0,2,0,FALSE
KXCPICOREYOY-26AUG,2026-07-25,2026-08-03,3.2,0,0,2,0,FALSE
KXCPICOREYOY-26AUG,2026-07-26,2026-08-03,3.2,0,0,2,0,FALSE
KXCPICOREYOY-26AUG,2026-07-27,2026-08-03,3.2,0,0,2,0,FALSE
KXCPICOREYOY-26AUG,2026-07-28,2026-08-03,3.2,0,0,2,0,FALSE
KXCPICOREYOY-26AUG,2026-07-29,2026-08-03,3.2,0,0,2,0,FALSE
KXCPICOREYOY-26AUG,2026-07-30,2026-08-03,3.2,0,0,2,0,FALSE
KXCPICOREYOY-26AUG,2026-07-31,2026-08-03,3.2,0,0,2,0,FALSE
KXCPICOREYOY-26AUG,2026-08-01,2026-08-03,3.2,0,0,2,0,FALSE
KXCPICOREYOY-26AUG,2026-08-02,2026-08-03,3.2,0,0,2,0,FALSE
KXCPICOREYOY-26AUG,2026-08-03,2026-08-03,3.2,0,0,1,0,FALSE
KXCPICOREYOY-26FEB,2026-02-17,2026-03-11,3.2,0,0,1,0,FALSE
KXCPICOREYOY-26FEB,2026-02-18,2026-03-11,3.2,0,0,1,0,FALSE
KXCPICOREYOY-26FEB,2026-02-19,2026-03-11,3.2,0,0,1,0,FALSE
KXCPICOREYOY-26FEB,2026-02-20,2026-03-11,3.2,0,0,1,0,FALSE
KXCPICOREYOY-26FEB,2026-02-21,2026-03-11,3.2,0,0,1,0,FALSE
KXCPICOREYOY-26FEB,2026-02-22,2026-03-11,3.2,0,0,1,0,FALSE
KXCPICOREYOY-26FEB,2026-02-23,2026-03-11,3.2,0,0,1,0,FALSE
KXCPICOREYOY-26FEB,2026-02-24,2026-03-11,3.2,0,0,1,0,FALSE
KXCPICOREYOY-26FEB,2026-02-25,2026-03-11,3.2,0,0,1,0,FALSE
KXCPICOREYOY-26FEB,2026-02-26,2026-03-11,3.2,0,0,1,0,FALSE
KXCPICOREYOY-26FEB,2026-02-27,2026-03-11,3.2,0,0,1,0,FALSE
KXCPICOREYOY-26FEB,2026-02-28,2026-03-11,3.2,0,0,1,0,FALSE
KXCPICOREYOY-26FEB,2026-03-01,2026-03-11,3.2,0,0,1,0,FALSE
KXCPICOREYOY-26FEB,2026-03-02,2026-03-11,3.2,0,0,1,0,FALSE
KXCPICOREYOY-26FEB,2026-03-03,2026-03-11,3.2,0,0,1,0,FALSE
KXCPICOREYOY-26FEB,2026-03-04,2026-03-11,3.2,0,0,1,0,FALSE
KXCPICOREYOY-26FEB,2026-03-05,2026-03-11,3.2,0,0,1,0,FALSE
KXCPICOREYOY-26FEB,2026-03-06,2026-03-11,3.2,0,0,1,0,FALSE
KXCPICOREYOY-26FEB,2026-03-07,2026-03-11,3.2,0,0,1,0,FALSE
KXCPICOREYOY-26FEB,2026-03-08,2026-03-11,3.2,0,0,1,0,FALSE
KXCPICOREYOY-26FEB,2026-03-09,2026-03-11,3.2,6,50,1,0,FALSE
KXCPICOREYOY-26FEB,2026-03-10,2026-03-11,3.2,6,102,2,0,FALSE
KXCPICOREYOY-26FEB,2026-03-11,2026-03-11,3.2,6,0,2,0,FALSE
KXCPICOREYOY-26JUL,2026-07-06,2026-08-05,3.2,1,0,1,0,FALSE
KXCPICOREYOY-26JUL,2026-07-07,2026-08-05,3.2,1,0,1,0,FALSE
KXCPICOREYOY-26JUL,2026-07-08,2026-08-05,3.2,1,0,1,0,FALSE
KXCPICOREYOY-26JUL,2026-07-09,2026-08-05,3.2,1,0,1,0,FALSE
KXCPICOREYOY-26JUL,2026-07-13,2026-08-05,3.2,1,0,1,0,FALSE
KXCPICOREYOY-26JUL,2026-07-14,2026-08-05,3.2,1,0,1,0,FALSE
KXCPICOREYOY-26JUL,2026-07-15,2026-08-05,3.2,7.000000000000001,10,2,0,FALSE
KXCPICOREYOY-26JUL,2026-07-16,2026-08-05,3.2,7.000000000000001,0,3,0,FALSE
KXCPICOREYOY-26JUL,2026-07-17,2026-08-05,3.2,7.000000000000001,0,3,0,FALSE
KXCPICOREYOY-26JUL,2026-07-18,2026-08-05,3.2,7.000000000000001,0,3,0,FALSE
KXCPICOREYOY-26JUL,2026-07-19,2026-08-05,3.2,7.000000000000001,0,5,0,FALSE
KXCPICOREYOY-26JUL,2026-07-20,2026-08-05,3.2,7.000000000000001,0,5,0,FALSE
KXCPICOREYOY-26JUL,2026-07-21,2026-08-05,3.2,2,20,2,0,FALSE
KXCPICOREYOY-26JUL,2026-07-22,2026-08-05,3.2,5,1035,5,0,FALSE
KXCPICOREYOY-26JUL,2026-07-23,2026-08-05,3.2,5,0,4,1.0204081632653061,FALSE
KXCPICOREYOY-26JUL,2026-07-24,2026-08-05,3.2,5,0,4,0,FALSE
KXCPICOREYOY-26JUL,2026-07-25,2026-08-05,3.2,3,21.8,3,0,FALSE
KXCPICOREYOY-26JUL,2026-07-26,2026-08-05,3.2,3,0,3,0,FALSE
KXCPICOREYOY-26JUL,2026-07-27,2026-08-05,3.2,3,0,3,0,FALSE
KXCPICOREYOY-26JUL,2026-07-28,2026-08-05,3.2,3,0,2,0,FALSE
KXCPICOREYOY-26JUL,2026-07-29,2026-08-05,3.2,3,0,2,0,FALSE
KXCPICOREYOY-26JUL,2026-07-30,2026-08-05,3.2,3,0,2,0,FALSE
KXCPICOREYOY-26JUL,2026-07-31,2026-08-05,3.2,3,0,2,0,FALSE
KXCPICOREYOY-26JUL,2026-08-01,2026-08-05,3.2,3,0,2,0,FALSE
KXCPICOREYOY-26JUL,2026-08-02,2026-08-05,3.2,3,0,2,0,FALSE
KXCPICOREYOY-26JUL,2026-08-03,2026-08-05,3.2,3,0,2,0,FALSE
KXCPICOREYOY-26JUL,2026-08-04,2026-08-05,3.2,3,0,2,0,FALSE
KXCPICOREYOY-26JUL,2026-08-05,2026-08-05,3.2,3,0,2,0,FALSE
KXCPICOREYOY-26JUN,2026-06-29,2026-07-14,3.2,3,0,3,0,FALSE
KXCPICOREYOY-26JUN,2026-06-30,2026-07-14,3.2,3,0,3,0,FALSE
KXCPICOREYOY-26JUN,2026-07-01,2026-07-14,3.2,3,0,1,0,FALSE
KXCPICOREYOY-26JUN,2026-07-02,2026-07-14,3.2,3,0,1,0,FALSE
KXCPICOREYOY-26JUN,2026-07-03,2026-07-14,3.2,3,0,1,0,FALSE
KXCPICOREYOY-26JUN,2026-07-04,2026-07-14,3.2,3,0,1,0,FALSE
KXCPICOREYOY-26JUN,2026-07-05,2026-07-14,3.2,1,4,1,0,FALSE
KXCPICOREYOY-26JUN,2026-07-06,2026-07-14,3.2,1,0,1,0,FALSE
KXCPICOREYOY-26JUN,2026-07-07,2026-07-14,3.2,1,76.92,1,0,FALSE
KXCPICOREYOY-26JUN,2026-07-08,2026-07-14,3.2,1,10,1,0,FALSE
KXCPICOREYOY-26JUN,2026-07-09,2026-07-14,3.2,1,0,1,0,FALSE
KXCPICOREYOY-26JUN,2026-07-10,2026-07-14,3.2,1,0,1,0,FALSE
KXCPICOREYOY-26JUN,2026-07-11,2026-07-14,3.2,1,0,1,0,FALSE
KXCPICOREYOY-26JUN,2026-07-12,2026-07-14,3.2,1,0,1,0,FALSE
KXCPICOREYOY-26JUN,2026-07-13,2026-07-14,3.2,1,0,1,0,FALSE
KXCPICOREYOY-26JUN,2026-07-14,2026-07-14,3.2,1,0,1,0,FALSE
KXCPICOREYOY-26MAR,2026-03-15,2026-04-10,3.2,5,1,3,0,FALSE
KXCPICOREYOY-26MAR,2026-03-16,2026-04-10,3.2,5,0,3,0,FALSE
KXCPICOREYOY-26MAR,2026-03-17,2026-04-10,3.2,5,0,3,0,FALSE
KXCPICOREYOY-26MAR,2026-03-18,2026-04-10,3.2,5,0,3,0,FALSE
KXCPICOREYOY-26MAR,2026-03-19,2026-04-10,3.2,5,0,5,0,FALSE
KXCPICOREYOY-26MAR,2026-03-20,2026-04-10,3.2,9,2,6,4.081632653061225,FALSE
KXCPICOREYOY-26MAR,2026-03-21,2026-04-10,3.2,9,0,6,4.081632653061225,FALSE
KXCPICOREYOY-26MAR,2026-03-22,2026-04-10,3.2,9,0,6,0,FALSE
KXCPICOREYOY-26MAR,2026-03-23,2026-04-10,3.2,9,0,33,0,FALSE
KXCPICOREYOY-26MAR,2026-03-24,2026-04-10,3.2,9,0,4,0,FALSE
KXCPICOREYOY-26MAR,2026-03-25,2026-04-10,3.2,9,0,1,0,FALSE
KXCPICOREYOY-26MAR,2026-03-26,2026-04-10,3.2,9,0,1,0,FALSE
KXCPICOREYOY-26MAR,2026-03-27,2026-04-10,3.2,9,0,3,0,FALSE
KXCPICOREYOY-26MAR,2026-03-28,2026-04-10,3.2,9,0,5,0,FALSE
KXCPICOREYOY-26MAR,2026-03-29,2026-04-10,3.2,9,0,5,0,FALSE
KXCPICOREYOY-26MAR,2026-03-30,2026-04-10,3.2,9,0,5,0,FALSE
KXCPICOREYOY-26MAR,2026-03-31,2026-04-10,3.2,7.000000000000001,21,5,0,FALSE
KXCPICOREYOY-26MAR,2026-04-01,2026-04-10,3.2,7.000000000000001,0,5,0,FALSE
KXCPICOREYOY-26MAR,2026-04-02,2026-04-10,3.2,7.000000000000001,0,2,0,FALSE
KXCPICOREYOY-26MAR,2026-04-03,2026-04-10,3.2,8,117,6,0,FALSE
KXCPICOREYOY-26MAR,2026-04-04,2026-04-10,3.2,8,10,4,0,FALSE
KXCPICOREYOY-26MAR,2026-04-05,2026-04-10,3.2,8,0,3,0,FALSE
KXCPICOREYOY-26MAR,2026-04-06,2026-04-10,3.2,8,0,1,0,FALSE
KXCPICOREYOY-26MAR,2026-04-07,2026-04-10,3.2,8,0,1,0,FALSE
KXCPICOREYOY-26MAR,2026-04-08,2026-04-10,3.2,8,0,1,0,FALSE
KXCPICOREYOY-26MAR,2026-04-09,2026-04-10,3.2,1,10,1,0,FALSE
KXCPICOREYOY-26MAR,2026-04-10,2026-04-10,3.2,8,15,1,0,FALSE
KXCPICOREYOY-26MAY,2026-05-11,2026-06-10,3.2,3,0,3,0,FALSE
KXCPICOREYOY-26MAY,2026-05-12,2026-06-10,3.2,3,0,3,2.0408163265306123,FALSE
KXCPICOREYOY-26MAY,2026-05-13,2026-06-10,3.2,3,0,3,2.0408163265306123,FALSE
KXCPICOREYOY-26MAY,2026-05-14,2026-06-10,3.2,3,0,3,2.0408163265306123,FALSE
KXCPICOREYOY-26MAY,2026-05-15,2026-06-10,3.2,3,0,3,2.0408163265306123,FALSE
KXCPICOREYOY-26MAY,2026-05-16,2026-06-10,3.2,3,0,3,2.0408163265306123,FALSE
KXCPICOREYOY-26MAY,2026-05-17,2026-06-10,3.2,3,0,3,2.0408163265306123,FALSE
KXCPICOREYOY-26MAY,2026-05-18,2026-06-10,3.2,3,0,3,2.0408163265306123,FALSE
KXCPICOREYOY-26MAY,2026-05-19,2026-06-10,3.2,4,46.85,3,0,FALSE
KXCPICOREYOY-26MAY,2026-05-20,2026-06-10,3.2,4,0,3,0,FALSE
KXCPICOREYOY-26MAY,2026-05-21,2026-06-10,3.2,4,0,2,0,FALSE
KXCPICOREYOY-26MAY,2026-05-22,2026-06-10,3.2,4,0,2,0,FALSE
KXCPICOREYOY-26MAY,2026-05-23,2026-06-10,3.2,4,0,2,0,FALSE
KXCPICOREYOY-26MAY,2026-05-24,2026-06-10,3.2,4,0,2,0,FALSE
KXCPICOREYOY-26MAY,2026-05-25,2026-06-10,3.2,4,0,2,0,FALSE
KXCPICOREYOY-26MAY,2026-05-26,2026-06-10,3.2,4,0,2,0,FALSE
KXCPICOREYOY-26MAY,2026-05-27,2026-06-10,3.2,4,0,2,0,FALSE
KXCPICOREYOY-26MAY,2026-05-28,2026-06-10,3.2,4,0,2,0,FALSE
KXCPICOREYOY-26MAY,2026-05-29,2026-06-10,3.2,4,0,2,0,FALSE
KXCPICOREYOY-26MAY,2026-05-30,2026-06-10,3.2,4,0,3,1.0204081632653061,FALSE
KXCPICOREYOY-26MAY,2026-05-31,2026-06-10,3.2,4,0,3,1.0204081632653061,FALSE
KXCPICOREYOY-26MAY,2026-06-01,2026-06-10,3.2,4,0,2,0,FALSE
KXCPICOREYOY-26MAY,2026-06-02,2026-06-10,3.2,4,0,2,0,FALSE
KXCPICOREYOY-26MAY,2026-06-03,2026-06-10,3.2,4,0,2,0,FALSE
KXCPICOREYOY-26MAY,2026-06-04,2026-06-10,3.2,4,0,2,0,FALSE
KXCPICOREYOY-26MAY,2026-06-05,2026-06-10,3.2,4,0,2,0,FALSE
KXCPICOREYOY-26MAY,2026-06-06,2026-06-10,3.2,4,0,3,1.0204081632653061,FALSE
KXCPICOREYOY-26MAY,2026-06-07,2026-06-10,3.2,4,0,3,1.0204081632653061,FALSE
KXCPICOREYOY-26MAY,2026-06-08,2026-06-10,3.2,4,10,3,0,FALSE
KXCPICOREYOY-26MAY,2026-06-09,2026-06-10,3.2,2,818,1,0,FALSE
KXCPICOREYOY-26MAY,2026-06-10,2026-06-10,3.2,2,0,2,0,FALSE
KXCPICOREYOY-26NOV,2026-07-08,2026-08-05,3.2,0,0,48,0,FALSE
KXCPICOREYOY-26NOV,2026-07-09,2026-08-05,3.2,0,0,48,0,FALSE
KXCPICOREYOY-26NOV,2026-07-10,2026-08-05,3.2,0,0,48,0,FALSE
KXCPICOREYOY-26NOV,2026-07-11,2026-08-05,3.2,0,0,48,0,FALSE
KXCPICOREYOY-26NOV,2026-07-12,2026-08-05,3.2,0,0,48,0,FALSE
KXCPICOREYOY-26NOV,2026-07-13,2026-08-05,3.2,0,0,48,0,FALSE
KXCPICOREYOY-26NOV,2026-07-14,2026-08-05,3.2,0,0,48,0,FALSE
KXCPICOREYOY-26NOV,2026-07-15,2026-08-05,3.2,0,0,48,0,FALSE
KXCPICOREYOY-26NOV,2026-07-16,2026-08-05,3.2,0,0,48,0,FALSE
KXCPICOREYOY-26NOV,2026-07-17,2026-08-05,3.2,0,0,48,0,FALSE
KXCPICOREYOY-26NOV,2026-07-18,2026-08-05,3.2,0,0,48,0,FALSE
KXCPICOREYOY-26NOV,2026-07-19,2026-08-05,3.2,0,0,48,47.95918367346939,FALSE
KXCPICOREYOY-26NOV,2026-07-20,2026-08-05,3.2,21,1,48,47.95918367346939,FALSE
KXCPICOREYOY-26NOV,2026-07-21,2026-08-05,3.2,21,0,48,47.95918367346939,FALSE
KXCPICOREYOY-26NOV,2026-07-22,2026-08-05,3.2,21,0,48,47.95918367346939,FALSE
KXCPICOREYOY-26NOV,2026-07-23,2026-08-05,3.2,40,7,40,39.795918367346935,FALSE
KXCPICOREYOY-26NOV,2026-07-24,2026-08-05,3.2,40,0,40,39.795918367346935,FALSE
KXCPICOREYOY-26NOV,2026-07-25,2026-08-05,3.2,40,0,40,39.795918367346935,FALSE
KXCPICOREYOY-26NOV,2026-07-26,2026-08-05,3.2,40,0,40,39.795918367346935,FALSE
KXCPICOREYOY-26NOV,2026-07-27,2026-08-05,3.2,41,5,41,40.816326530612244,FALSE
KXCPICOREYOY-26NOV,2026-07-28,2026-08-05,3.2,41,0,41,0,FALSE
KXCPICOREYOY-26NOV,2026-07-29,2026-08-05,3.2,41,0,41,0,FALSE
KXCPICOREYOY-26NOV,2026-07-30,2026-08-05,3.2,41,0,41,0,FALSE
KXCPICOREYOY-26NOV,2026-07-31,2026-08-05,3.2,41,0,41,0,FALSE
KXCPICOREYOY-26NOV,2026-08-01,2026-08-05,3.2,41,0,41,0,FALSE
KXCPICOREYOY-26NOV,2026-08-02,2026-08-05,3.2,41,0,41,0,FALSE
KXCPICOREYOY-26NOV,2026-08-03,2026-08-05,3.2,41,0,41,0,FALSE
KXCPICOREYOY-26NOV,2026-08-04,2026-08-05,3.2,41,0,41,0,FALSE
KXCPICOREYOY-26NOV,2026-08-05,2026-08-05,3.2,41,0,41,0,FALSE
CPICOREYOY-23SEP,2023-09-15,2023-10-12,3.3,94,1555,94,0,FALSE
CPICOREYOY-23SEP,2023-09-16,2023-10-12,3.3,94,0,94,0,FALSE
CPICOREYOY-23SEP,2023-09-17,2023-10-12,3.3,97,945,97,0,FALSE
CPICOREYOY-23SEP,2023-09-18,2023-10-12,3.3,97,0,97,0,FALSE
CPICOREYOY-23SEP,2023-09-19,2023-10-12,3.3,91,655,91,0,FALSE
CPICOREYOY-23SEP,2023-09-20,2023-10-12,3.3,90,655,90,0,FALSE
CPICOREYOY-23SEP,2023-09-21,2023-10-12,3.3,90,0,90,0,FALSE
CPICOREYOY-23SEP,2023-09-22,2023-10-12,3.3,90,0,90,0,FALSE
CPICOREYOY-23SEP,2023-09-23,2023-10-12,3.3,90,0,90,0,FALSE
CPICOREYOY-23SEP,2023-09-24,2023-10-12,3.3,90,0,90,0,FALSE
CPICOREYOY-23SEP,2023-09-25,2023-10-12,3.3,90,0,90,0,FALSE
CPICOREYOY-23SEP,2023-09-26,2023-10-12,3.3,90,0,90,0,FALSE
CPICOREYOY-23SEP,2023-09-27,2023-10-12,3.3,96,333,96,0,FALSE
CPICOREYOY-23SEP,2023-09-28,2023-10-12,3.3,96,567,96,0,FALSE
CPICOREYOY-23SEP,2023-09-29,2023-10-12,3.3,97,1222,97,0,FALSE
CPICOREYOY-23SEP,2023-09-30,2023-10-12,3.3,97,0,97,0,FALSE
CPICOREYOY-23SEP,2023-10-01,2023-10-12,3.3,97,0,97,0,FALSE
CPICOREYOY-23SEP,2023-10-02,2023-10-12,3.3,97,0,97,0,FALSE
CPICOREYOY-23SEP,2023-10-03,2023-10-12,3.3,97,0,97,0,FALSE
CPICOREYOY-23SEP,2023-10-04,2023-10-12,3.3,97,0,97,0,FALSE
CPICOREYOY-23SEP,2023-10-05,2023-10-12,3.3,97,0,97,0,FALSE
CPICOREYOY-23SEP,2023-10-06,2023-10-12,3.3,97,0,97,0,FALSE
CPICOREYOY-23SEP,2023-10-07,2023-10-12,3.3,97,0,97,0,FALSE
CPICOREYOY-23SEP,2023-10-08,2023-10-12,3.3,97,0,97,0,FALSE
CPICOREYOY-23SEP,2023-10-09,2023-10-12,3.3,97,0,97,0,FALSE
CPICOREYOY-23SEP,2023-10-10,2023-10-12,3.3,97,0,97,0,FALSE
CPICOREYOY-23SEP,2023-10-11,2023-10-12,3.3,97,0,97,0,FALSE
CPICOREYOY-23SEP,2023-10-12,2023-10-12,3.3,97,0,99,0,FALSE
CPICOREYOY-24APR,2024-04-15,2024-05-15,3.3,0,0,95,3.061224489795918,FALSE
CPICOREYOY-24APR,2024-04-16,2024-05-15,3.3,0,0,95,3.061224489795918,FALSE
CPICOREYOY-24APR,2024-04-17,2024-05-15,3.3,0,0,95,3.061224489795918,FALSE
CPICOREYOY-24APR,2024-04-18,2024-05-15,3.3,0,0,95,3.061224489795918,FALSE
CPICOREYOY-24APR,2024-04-19,2024-05-15,3.3,0,0,95,3.061224489795918,FALSE
CPICOREYOY-24APR,2024-04-20,2024-05-15,3.3,0,0,95,3.061224489795918,FALSE
CPICOREYOY-24APR,2024-04-21,2024-05-15,3.3,0,0,95,3.061224489795918,FALSE
CPICOREYOY-24APR,2024-04-22,2024-05-15,3.3,96,800,96,1.0204081632653061,FALSE
CPICOREYOY-24APR,2024-04-23,2024-05-15,3.3,96,0,96,6.122448979591836,FALSE
CPICOREYOY-24APR,2024-04-24,2024-05-15,3.3,96,0,96,6.122448979591836,FALSE
CPICOREYOY-24APR,2024-04-25,2024-05-15,3.3,96,0,96,1.0204081632653061,FALSE
CPICOREYOY-24APR,2024-04-26,2024-05-15,3.3,96,0,96,1.0204081632653061,FALSE
CPICOREYOY-24APR,2024-04-27,2024-05-15,3.3,96,0,96,1.0204081632653061,FALSE
CPICOREYOY-24APR,2024-04-28,2024-05-15,3.3,96,0,96,1.0204081632653061,FALSE
CPICOREYOY-24APR,2024-04-29,2024-05-15,3.3,96,0,96,1.0204081632653061,FALSE
CPICOREYOY-24APR,2024-04-30,2024-05-15,3.3,96,0,96,1.0204081632653061,FALSE
CPICOREYOY-24APR,2024-05-01,2024-05-15,3.3,96,0,96,1.0204081632653061,FALSE
CPICOREYOY-24APR,2024-05-02,2024-05-15,3.3,96,0,96,1.0204081632653061,FALSE
CPICOREYOY-24APR,2024-05-03,2024-05-15,3.3,96,0,97,2.0408163265306123,FALSE
CPICOREYOY-24APR,2024-05-04,2024-05-15,3.3,96,0,97,2.0408163265306123,FALSE
CPICOREYOY-24APR,2024-05-05,2024-05-15,3.3,91,1,97,2.0408163265306123,FALSE
CPICOREYOY-24APR,2024-05-06,2024-05-15,3.3,91,0,97,2.0408163265306123,FALSE
CPICOREYOY-24APR,2024-05-07,2024-05-15,3.3,91,0,97,2.0408163265306123,FALSE
CPICOREYOY-24APR,2024-05-08,2024-05-15,3.3,91,0,97,2.0408163265306123,FALSE
CPICOREYOY-24APR,2024-05-09,2024-05-15,3.3,91,0,97,2.0408163265306123,FALSE
CPICOREYOY-24APR,2024-05-10,2024-05-15,3.3,91,0,97,2.0408163265306123,FALSE
CPICOREYOY-24APR,2024-05-11,2024-05-15,3.3,91,0,97,2.0408163265306123,FALSE
CPICOREYOY-24APR,2024-05-12,2024-05-15,3.3,91,0,97,2.0408163265306123,FALSE
CPICOREYOY-24APR,2024-05-13,2024-05-15,3.3,96,1120,96,3.061224489795918,FALSE
CPICOREYOY-24APR,2024-05-14,2024-05-15,3.3,96,0,96,3.061224489795918,FALSE
CPICOREYOY-24APR,2024-05-15,2024-05-15,3.3,96,0,96,1.0204081632653061,FALSE
CPICOREYOY-24FEB,2024-02-28,2024-03-12,3.3,0,0,99,0,FALSE
CPICOREYOY-24FEB,2024-02-29,2024-03-12,3.3,0,0,99,0,FALSE
CPICOREYOY-24FEB,2024-03-01,2024-03-12,3.3,0,0,99,0,FALSE
CPICOREYOY-24FEB,2024-03-02,2024-03-12,3.3,0,0,99,0,FALSE
CPICOREYOY-24FEB,2024-03-03,2024-03-12,3.3,0,0,99,0,FALSE
CPICOREYOY-24FEB,2024-03-04,2024-03-12,3.3,0,0,99,0,FALSE
CPICOREYOY-24FEB,2024-03-05,2024-03-12,3.3,0,0,99,0,FALSE
CPICOREYOY-24FEB,2024-03-06,2024-03-12,3.3,0,0,99,0,FALSE
CPICOREYOY-24FEB,2024-03-07,2024-03-12,3.3,0,0,99,0,FALSE
CPICOREYOY-24FEB,2024-03-08,2024-03-12,3.3,0,0,99,0,FALSE
CPICOREYOY-24FEB,2024-03-09,2024-03-12,3.3,0,0,99,0,FALSE
CPICOREYOY-24FEB,2024-03-10,2024-03-12,3.3,0,0,99,0,FALSE
CPICOREYOY-24FEB,2024-03-11,2024-03-12,3.3,0,0,99,0,FALSE
CPICOREYOY-24FEB,2024-03-12,2024-03-12,3.3,0,0,99,0,FALSE
CPICOREYOY-24JAN,2024-01-14,2024-02-13,3.3,97,0,97,8.16326530612245,FALSE
CPICOREYOY-24JAN,2024-01-15,2024-02-13,3.3,97,0,97,8.16326530612245,FALSE
CPICOREYOY-24JAN,2024-01-16,2024-02-13,3.3,97,0,97,8.16326530612245,FALSE
CPICOREYOY-24JAN,2024-01-17,2024-02-13,3.3,97,0,97,8.16326530612245,FALSE
CPICOREYOY-24JAN,2024-01-18,2024-02-13,3.3,97,0,97,8.16326530612245,FALSE
CPICOREYOY-24JAN,2024-01-19,2024-02-13,3.3,97,0,97,8.16326530612245,FALSE
CPICOREYOY-24JAN,2024-01-20,2024-02-13,3.3,97,0,97,8.16326530612245,FALSE
CPICOREYOY-24JAN,2024-01-21,2024-02-13,3.3,97,0,97,8.16326530612245,FALSE
CPICOREYOY-24JAN,2024-01-22,2024-02-13,3.3,97,0,97,8.16326530612245,FALSE
CPICOREYOY-24JAN,2024-01-23,2024-02-13,3.3,97,0,97,8.16326530612245,FALSE
CPICOREYOY-24JAN,2024-01-24,2024-02-13,3.3,97,0,97,8.16326530612245,FALSE
CPICOREYOY-24JAN,2024-01-25,2024-02-13,3.3,97,0,97,8.16326530612245,FALSE
CPICOREYOY-24JAN,2024-01-26,2024-02-13,3.3,97,0,97,8.16326530612245,FALSE
CPICOREYOY-24JAN,2024-01-27,2024-02-13,3.3,97,0,97,8.16326530612245,FALSE
CPICOREYOY-24JAN,2024-01-28,2024-02-13,3.3,97,0,97,8.16326530612245,FALSE
CPICOREYOY-24JAN,2024-01-29,2024-02-13,3.3,97,0,97,8.16326530612245,FALSE
CPICOREYOY-24JAN,2024-01-30,2024-02-13,3.3,97,0,97,8.16326530612245,FALSE
CPICOREYOY-24JAN,2024-01-31,2024-02-13,3.3,97,0,97,8.16326530612245,FALSE
CPICOREYOY-24JAN,2024-02-01,2024-02-13,3.3,97,0,97,8.16326530612245,FALSE
CPICOREYOY-24JAN,2024-02-02,2024-02-13,3.3,97,0,97,8.16326530612245,FALSE
CPICOREYOY-24JAN,2024-02-03,2024-02-13,3.3,97,0,97,8.16326530612245,FALSE
CPICOREYOY-24JAN,2024-02-04,2024-02-13,3.3,97,0,97,8.16326530612245,FALSE
CPICOREYOY-24JAN,2024-02-05,2024-02-13,3.3,97,0,97,8.16326530612245,FALSE
CPICOREYOY-24JAN,2024-02-06,2024-02-13,3.3,97,0,97,8.16326530612245,FALSE
CPICOREYOY-24JAN,2024-02-07,2024-02-13,3.3,97,0,97,8.16326530612245,FALSE
CPICOREYOY-24JAN,2024-02-08,2024-02-13,3.3,97,0,97,8.16326530612245,FALSE
CPICOREYOY-24JAN,2024-02-09,2024-02-13,3.3,97,0,97,8.16326530612245,FALSE
CPICOREYOY-24JAN,2024-02-10,2024-02-13,3.3,97,0,97,8.16326530612245,FALSE
CPICOREYOY-24JAN,2024-02-11,2024-02-13,3.3,97,0,97,8.16326530612245,FALSE
CPICOREYOY-24JAN,2024-02-12,2024-02-13,3.3,97,0,97,8.16326530612245,FALSE
CPICOREYOY-24JAN,2024-02-13,2024-02-13,3.3,97,0,97,8.16326530612245,FALSE
CPICOREYOY-24JUL,2024-07-15,2024-08-14,3.3,8,1,8,7.142857142857143,FALSE
CPICOREYOY-24JUL,2024-07-16,2024-08-14,3.3,8,0,8,7.142857142857143,FALSE
CPICOREYOY-24JUL,2024-07-17,2024-08-14,3.3,8,0,8,7.142857142857143,FALSE
CPICOREYOY-24JUL,2024-07-18,2024-08-14,3.3,8,0,8,7.142857142857143,FALSE
CPICOREYOY-24JUL,2024-07-19,2024-08-14,3.3,8,0,8,7.142857142857143,FALSE
CPICOREYOY-24JUL,2024-07-20,2024-08-14,3.3,8,0,8,7.142857142857143,FALSE
CPICOREYOY-24JUL,2024-07-21,2024-08-14,3.3,8,0,8,7.142857142857143,FALSE
CPICOREYOY-24JUL,2024-07-22,2024-08-14,3.3,8,0,8,7.142857142857143,FALSE
CPICOREYOY-24JUL,2024-07-23,2024-08-14,3.3,8,0,8,7.142857142857143,FALSE
CPICOREYOY-24JUL,2024-07-24,2024-08-14,3.3,8,0,8,7.142857142857143,FALSE
CPICOREYOY-24JUL,2024-07-25,2024-08-14,3.3,8,0,8,7.142857142857143,FALSE
CPICOREYOY-24JUL,2024-07-26,2024-08-14,3.3,8,0,8,7.142857142857143,FALSE
CPICOREYOY-24JUL,2024-07-27,2024-08-14,3.3,8,0,8,7.142857142857143,FALSE
CPICOREYOY-24JUL,2024-07-28,2024-08-14,3.3,8,0,8,7.142857142857143,FALSE
CPICOREYOY-24JUL,2024-07-29,2024-08-14,3.3,8,0,8,7.142857142857143,FALSE
CPICOREYOY-24JUL,2024-07-30,2024-08-14,3.3,8,0,8,7.142857142857143,FALSE
CPICOREYOY-24JUL,2024-07-31,2024-08-14,3.3,8,0,8,7.142857142857143,FALSE
CPICOREYOY-24JUL,2024-08-01,2024-08-14,3.3,8,90,8,7.142857142857143,FALSE
CPICOREYOY-24JUL,2024-08-02,2024-08-14,3.3,8,0,8,7.142857142857143,FALSE
CPICOREYOY-24JUL,2024-08-03,2024-08-14,3.3,3,302,3,2.0408163265306123,FALSE
CPICOREYOY-24JUL,2024-08-04,2024-08-14,3.3,3,0,3,2.0408163265306123,FALSE
CPICOREYOY-24JUL,2024-08-05,2024-08-14,3.3,3,0,3,2.0408163265306123,FALSE
CPICOREYOY-24JUL,2024-08-06,2024-08-14,3.3,3,600,3,2.0408163265306123,FALSE
CPICOREYOY-24JUL,2024-08-07,2024-08-14,3.3,3,0,3,2.0408163265306123,FALSE
CPICOREYOY-24JUL,2024-08-08,2024-08-14,3.3,3,0,3,2.0408163265306123,FALSE
CPICOREYOY-24JUL,2024-08-09,2024-08-14,3.3,3,0,3,2.0408163265306123,FALSE
CPICOREYOY-24JUL,2024-08-10,2024-08-14,3.3,3,0,3,2.0408163265306123,FALSE
CPICOREYOY-24JUL,2024-08-11,2024-08-14,3.3,3,0,3,2.0408163265306123,FALSE
CPICOREYOY-24JUL,2024-08-12,2024-08-14,3.3,3,600,3,2.0408163265306123,FALSE
CPICOREYOY-24JUL,2024-08-13,2024-08-14,3.3,2,10,2,1.0204081632653061,FALSE
CPICOREYOY-24JUL,2024-08-14,2024-08-14,3.3,2,998,2,1.0204081632653061,FALSE
CPICOREYOY-24JUN,2024-06-25,2024-07-10,3.3,68,1200,68,68.36734693877551,FALSE
CPICOREYOY-24JUN,2024-06-26,2024-07-10,3.3,68,600,68,68.36734693877551,FALSE
CPICOREYOY-24JUN,2024-06-27,2024-07-10,3.3,69,1800,69,69.38775510204081,FALSE
CPICOREYOY-24JUN,2024-06-28,2024-07-10,3.3,69,0,69,69.38775510204081,FALSE
CPICOREYOY-24JUN,2024-06-29,2024-07-10,3.3,69,0,69,69.38775510204081,FALSE
CPICOREYOY-24JUN,2024-06-30,2024-07-10,3.3,69,0,69,69.38775510204081,FALSE
CPICOREYOY-24JUN,2024-07-01,2024-07-10,3.3,69,0,69,69.38775510204081,FALSE
CPICOREYOY-24JUN,2024-07-02,2024-07-10,3.3,70,600,70,42.857142857142854,FALSE
CPICOREYOY-24JUN,2024-07-03,2024-07-10,3.3,70,0,70,42.857142857142854,FALSE
CPICOREYOY-24JUN,2024-07-04,2024-07-10,3.3,70,0,70,42.857142857142854,FALSE
CPICOREYOY-24JUN,2024-07-05,2024-07-10,3.3,70,0,70,42.857142857142854,FALSE
CPICOREYOY-24JUN,2024-07-06,2024-07-10,3.3,70,0,70,42.857142857142854,FALSE
CPICOREYOY-24JUN,2024-07-07,2024-07-10,3.3,70,0,70,42.857142857142854,FALSE
CPICOREYOY-24JUN,2024-07-08,2024-07-10,3.3,67,600,67,39.795918367346935,FALSE
CPICOREYOY-24JUN,2024-07-09,2024-07-10,3.3,72,2800,72,44.89795918367347,FALSE
CPICOREYOY-24JUN,2024-07-10,2024-07-10,3.3,77,3000,77,47.95918367346939,FALSE
CPICOREYOY-24MAR,2024-03-11,2024-04-10,3.3,0,0,98,1.0204081632653061,FALSE
CPICOREYOY-24MAR,2024-03-12,2024-04-10,3.3,0,0,99,0,FALSE
CPICOREYOY-24MAR,2024-03-13,2024-04-10,3.3,0,0,99,0,FALSE
CPICOREYOY-24MAR,2024-03-14,2024-04-10,3.3,0,0,99,0,FALSE
CPICOREYOY-24MAR,2024-03-15,2024-04-10,3.3,0,0,99,0,FALSE
CPICOREYOY-24MAR,2024-03-16,2024-04-10,3.3,0,0,99,0,FALSE
CPICOREYOY-24MAR,2024-03-17,2024-04-10,3.3,0,0,99,0,FALSE
CPICOREYOY-24MAR,2024-03-18,2024-04-10,3.3,0,0,99,0,FALSE
CPICOREYOY-24MAR,2024-03-19,2024-04-10,3.3,0,0,99,0,FALSE
CPICOREYOY-24MAR,2024-03-20,2024-04-10,3.3,0,0,99,0,FALSE
CPICOREYOY-24MAR,2024-03-21,2024-04-10,3.3,0,0,99,0,FALSE
CPICOREYOY-24MAR,2024-03-22,2024-04-10,3.3,0,0,99,0,FALSE
CPICOREYOY-24MAR,2024-03-23,2024-04-10,3.3,0,0,99,0,FALSE
CPICOREYOY-24MAR,2024-03-24,2024-04-10,3.3,0,0,99,0,FALSE
CPICOREYOY-24MAR,2024-03-25,2024-04-10,3.3,0,0,99,0,FALSE
CPICOREYOY-24MAR,2024-03-26,2024-04-10,3.3,0,0,99,0,FALSE
CPICOREYOY-24MAR,2024-03-27,2024-04-10,3.3,0,0,99,0,FALSE
CPICOREYOY-24MAR,2024-03-28,2024-04-10,3.3,0,0,99,0,FALSE
CPICOREYOY-24MAR,2024-03-29,2024-04-10,3.3,0,0,99,0,FALSE
CPICOREYOY-24MAR,2024-03-30,2024-04-10,3.3,0,0,99,0,FALSE
CPICOREYOY-24MAR,2024-03-31,2024-04-10,3.3,0,0,99,0,FALSE
CPICOREYOY-24MAR,2024-04-01,2024-04-10,3.3,0,0,99,0,FALSE
CPICOREYOY-24MAR,2024-04-02,2024-04-10,3.3,0,0,99,0,FALSE
CPICOREYOY-24MAR,2024-04-03,2024-04-10,3.3,0,0,99,0,FALSE
CPICOREYOY-24MAR,2024-04-04,2024-04-10,3.3,0,0,99,0,FALSE
CPICOREYOY-24MAR,2024-04-05,2024-04-10,3.3,0,0,99,0,FALSE
CPICOREYOY-24MAR,2024-04-06,2024-04-10,3.3,0,0,99,0,FALSE
CPICOREYOY-24MAR,2024-04-07,2024-04-10,3.3,0,0,99,0,FALSE
CPICOREYOY-24MAR,2024-04-08,2024-04-10,3.3,0,0,99,0,FALSE
CPICOREYOY-24MAR,2024-04-09,2024-04-10,3.3,0,0,99,0,FALSE
CPICOREYOY-24MAR,2024-04-10,2024-04-10,3.3,0,0,99,0,FALSE
CPICOREYOY-24MAY,2024-05-15,2024-06-12,3.3,0,0,86,13.26530612244898,FALSE
CPICOREYOY-24MAY,2024-05-16,2024-06-12,3.3,0,0,86,13.26530612244898,FALSE
CPICOREYOY-24MAY,2024-05-17,2024-06-12,3.3,0,0,85,14.285714285714286,FALSE
CPICOREYOY-24MAY,2024-05-18,2024-06-12,3.3,0,0,85,14.285714285714286,FALSE
CPICOREYOY-24MAY,2024-05-19,2024-06-12,3.3,0,0,83,16.3265306122449,FALSE
CPICOREYOY-24MAY,2024-05-20,2024-06-12,3.3,0,0,83,16.3265306122449,FALSE
CPICOREYOY-24MAY,2024-05-21,2024-06-12,3.3,0,0,82,17.346938775510203,FALSE
CPICOREYOY-24MAY,2024-05-22,2024-06-12,3.3,0,0,82,17.346938775510203,FALSE
CPICOREYOY-24MAY,2024-05-23,2024-06-12,3.3,0,0,82,17.346938775510203,FALSE
CPICOREYOY-24MAY,2024-05-24,2024-06-12,3.3,0,0,82,17.346938775510203,FALSE
CPICOREYOY-24MAY,2024-05-25,2024-06-12,3.3,0,0,90,9.183673469387756,FALSE
CPICOREYOY-24MAY,2024-05-26,2024-06-12,3.3,0,0,82,17.346938775510203,FALSE
CPICOREYOY-24MAY,2024-05-27,2024-06-12,3.3,0,0,82,17.346938775510203,FALSE
CPICOREYOY-24MAY,2024-05-28,2024-06-12,3.3,93,2100,93,11.224489795918368,FALSE
CPICOREYOY-24MAY,2024-05-29,2024-06-12,3.3,93,0,93,7.142857142857143,FALSE
CPICOREYOY-24MAY,2024-05-30,2024-06-12,3.3,93,0,93,7.142857142857143,FALSE
CPICOREYOY-24MAY,2024-05-31,2024-06-12,3.3,93,0,93,7.142857142857143,FALSE
CPICOREYOY-24MAY,2024-06-01,2024-06-12,3.3,93,0,93,7.142857142857143,FALSE
CPICOREYOY-24MAY,2024-06-02,2024-06-12,3.3,93,0,93,7.142857142857143,FALSE
CPICOREYOY-24MAY,2024-06-03,2024-06-12,3.3,93,0,93,7.142857142857143,FALSE
CPICOREYOY-24MAY,2024-06-04,2024-06-12,3.3,93,0,93,10.204081632653061,FALSE
CPICOREYOY-24MAY,2024-06-05,2024-06-12,3.3,93,0,93,10.204081632653061,FALSE
CPICOREYOY-24MAY,2024-06-06,2024-06-12,3.3,93,0,93,10.204081632653061,FALSE
CPICOREYOY-24MAY,2024-06-07,2024-06-12,3.3,93,0,93,10.204081632653061,FALSE
CPICOREYOY-24MAY,2024-06-08,2024-06-12,3.3,93,0,93,10.204081632653061,FALSE
CPICOREYOY-24MAY,2024-06-09,2024-06-12,3.3,93,0,93,10.204081632653061,FALSE
CPICOREYOY-24MAY,2024-06-10,2024-06-12,3.3,93,0,93,9.183673469387756,FALSE
CPICOREYOY-24MAY,2024-06-11,2024-06-12,3.3,98,2000,98,13.26530612244898,FALSE
CPICOREYOY-24MAY,2024-06-12,2024-06-12,3.3,98,0,98,13.26530612244898,FALSE
CPICOREYOY-24OCT,2024-10-13,2024-11-12,3.3,1,1,1,0,FALSE
CPICOREYOY-24OCT,2024-10-14,2024-11-12,3.3,1,0,1,0,FALSE
CPICOREYOY-24OCT,2024-10-15,2024-11-12,3.3,1,0,1,0,FALSE
CPICOREYOY-24OCT,2024-10-16,2024-11-12,3.3,1,0,1,0,FALSE
CPICOREYOY-24OCT,2024-10-17,2024-11-12,3.3,1,0,1,0,FALSE
CPICOREYOY-24OCT,2024-10-18,2024-11-12,3.3,1,0,1,0,FALSE
CPICOREYOY-24OCT,2024-10-19,2024-11-12,3.3,1,0,1,0,FALSE
CPICOREYOY-24OCT,2024-10-20,2024-11-12,3.3,1,0,1,0,FALSE
CPICOREYOY-24OCT,2024-10-21,2024-11-12,3.3,34,1200,34,28.571428571428573,FALSE
CPICOREYOY-24OCT,2024-10-22,2024-11-12,3.3,34,0,34,28.571428571428573,FALSE
CPICOREYOY-24OCT,2024-10-23,2024-11-12,3.3,34,0,34,28.571428571428573,FALSE
CPICOREYOY-24OCT,2024-10-24,2024-11-12,3.3,66,602,50,44.89795918367347,FALSE
CPICOREYOY-24OCT,2024-10-25,2024-11-12,3.3,66,0,50,44.89795918367347,FALSE
CPICOREYOY-24OCT,2024-10-26,2024-11-12,3.3,66,0,50,44.89795918367347,FALSE
CPICOREYOY-24OCT,2024-10-27,2024-11-12,3.3,66,0,50,44.89795918367347,FALSE
CPICOREYOY-24OCT,2024-10-28,2024-11-12,3.3,66,0,50,44.89795918367347,FALSE
CPICOREYOY-24OCT,2024-10-29,2024-11-12,3.3,66,0,50,44.89795918367347,FALSE
CPICOREYOY-24OCT,2024-10-30,2024-11-12,3.3,66,0,50,44.89795918367347,FALSE
CPICOREYOY-24OCT,2024-10-31,2024-11-12,3.3,66,0,50,44.89795918367347,FALSE
CPICOREYOY-24OCT,2024-11-01,2024-11-12,3.3,66,0,50,44.89795918367347,FALSE
CPICOREYOY-24OCT,2024-11-02,2024-11-12,3.3,66,0,50,44.89795918367347,FALSE
CPICOREYOY-24OCT,2024-11-03,2024-11-12,3.3,66,0,50,44.89795918367347,FALSE
CPICOREYOY-24OCT,2024-11-04,2024-11-12,3.3,66,0,50,44.89795918367347,FALSE
CPICOREYOY-24OCT,2024-11-05,2024-11-12,3.3,66,0,50,44.89795918367347,FALSE
CPICOREYOY-24OCT,2024-11-06,2024-11-12,3.3,66,0,50,44.89795918367347,FALSE
CPICOREYOY-24OCT,2024-11-07,2024-11-12,3.3,66,0,50,44.89795918367347,FALSE
CPICOREYOY-24OCT,2024-11-08,2024-11-12,3.3,66,0,50,44.89795918367347,FALSE
CPICOREYOY-24OCT,2024-11-09,2024-11-12,3.3,66,0,50,44.89795918367347,FALSE
CPICOREYOY-24OCT,2024-11-10,2024-11-12,3.3,66,0,50,44.89795918367347,FALSE
CPICOREYOY-24OCT,2024-11-11,2024-11-12,3.3,66,0,50,44.89795918367347,FALSE
CPICOREYOY-24OCT,2024-11-12,2024-11-12,3.3,69,599,50,30.612244897959183,FALSE
CPICOREYOY-24SEP,2024-10-03,2024-10-10,3.3,16,2433,16,15.306122448979592,FALSE
CPICOREYOY-24SEP,2024-10-04,2024-10-10,3.3,16,0,16,15.306122448979592,FALSE
CPICOREYOY-24SEP,2024-10-05,2024-10-10,3.3,16,0,16,15.306122448979592,FALSE
CPICOREYOY-24SEP,2024-10-06,2024-10-10,3.3,16,0,16,15.306122448979592,FALSE
CPICOREYOY-24SEP,2024-10-07,2024-10-10,3.3,16,0,16,15.306122448979592,FALSE
CPICOREYOY-24SEP,2024-10-08,2024-10-10,3.3,16,33,16,15.306122448979592,FALSE
CPICOREYOY-24SEP,2024-10-09,2024-10-10,3.3,15,117,15,14.285714285714286,FALSE
CPICOREYOY-24SEP,2024-10-10,2024-10-10,3.3,15,240,15,14.285714285714286,FALSE
KXCPICOREYOY-24DEC,2024-12-20,2025-01-15,3.3,28.000000000000004,50,28.000000000000004,27.55102040816327,FALSE
KXCPICOREYOY-24DEC,2024-12-21,2025-01-15,3.3,28.000000000000004,0,28.000000000000004,27.55102040816327,FALSE
KXCPICOREYOY-24DEC,2024-12-22,2025-01-15,3.3,28.000000000000004,0,28.000000000000004,27.55102040816327,FALSE
KXCPICOREYOY-24DEC,2024-12-23,2025-01-15,3.3,28.000000000000004,0,28.000000000000004,27.55102040816327,FALSE
KXCPICOREYOY-24DEC,2024-12-24,2025-01-15,3.3,28.000000000000004,0,28.000000000000004,27.55102040816327,FALSE
KXCPICOREYOY-24DEC,2024-12-25,2025-01-15,3.3,28.000000000000004,0,28.000000000000004,27.55102040816327,FALSE
KXCPICOREYOY-24DEC,2024-12-26,2025-01-15,3.3,28.000000000000004,0,28.000000000000004,27.55102040816327,FALSE
KXCPICOREYOY-24DEC,2024-12-27,2025-01-15,3.3,28.000000000000004,0,28.000000000000004,27.55102040816327,FALSE
KXCPICOREYOY-24DEC,2024-12-28,2025-01-15,3.3,28.000000000000004,0,28.000000000000004,27.55102040816327,FALSE
KXCPICOREYOY-24DEC,2024-12-29,2025-01-15,3.3,28.000000000000004,0,28.000000000000004,27.55102040816327,FALSE
KXCPICOREYOY-24DEC,2024-12-30,2025-01-15,3.3,28.000000000000004,0,28.000000000000004,27.55102040816327,FALSE
KXCPICOREYOY-24DEC,2024-12-31,2025-01-15,3.3,28.000000000000004,0,28.000000000000004,27.55102040816327,FALSE
KXCPICOREYOY-24DEC,2025-01-01,2025-01-15,3.3,28.000000000000004,0,28.000000000000004,27.55102040816327,FALSE
KXCPICOREYOY-24DEC,2025-01-02,2025-01-15,3.3,28.000000000000004,0,28.000000000000004,0,FALSE
KXCPICOREYOY-24DEC,2025-01-03,2025-01-15,3.3,19,966,19,18.367346938775512,FALSE
KXCPICOREYOY-24DEC,2025-01-04,2025-01-15,3.3,19,0,19,18.367346938775512,FALSE
KXCPICOREYOY-24DEC,2025-01-05,2025-01-15,3.3,19,0,19,18.367346938775512,FALSE
KXCPICOREYOY-24DEC,2025-01-06,2025-01-15,3.3,15,324,15,14.285714285714286,FALSE
KXCPICOREYOY-24DEC,2025-01-07,2025-01-15,3.3,19,10,19,18.367346938775512,FALSE
KXCPICOREYOY-24DEC,2025-01-08,2025-01-15,3.3,19,0,19,18.367346938775512,FALSE
KXCPICOREYOY-24DEC,2025-01-09,2025-01-15,3.3,19,0,19,18.367346938775512,FALSE
KXCPICOREYOY-24DEC,2025-01-10,2025-01-15,3.3,20,1510,20,19.387755102040817,FALSE
KXCPICOREYOY-24DEC,2025-01-11,2025-01-15,3.3,20,58,20,19.387755102040817,FALSE
KXCPICOREYOY-24DEC,2025-01-12,2025-01-15,3.3,21,223,21,20.408163265306122,FALSE
KXCPICOREYOY-24DEC,2025-01-13,2025-01-15,3.3,20,20,20,19.387755102040817,FALSE
KXCPICOREYOY-24DEC,2025-01-14,2025-01-15,3.3,19,89,19,18.367346938775512,FALSE
KXCPICOREYOY-24DEC,2025-01-15,2025-01-15,3.3,9,3636,9,8.16326530612245,FALSE
KXCPICOREYOY-24NOV,2024-11-22,2024-12-11,3.3,0,0,7.000000000000001,0,FALSE
KXCPICOREYOY-24NOV,2024-11-23,2024-12-11,3.3,37,500,37,0,FALSE
KXCPICOREYOY-24NOV,2024-11-24,2024-12-11,3.3,37,0,37,0,FALSE
KXCPICOREYOY-24NOV,2024-11-25,2024-12-11,3.3,37,0,37,0,FALSE
KXCPICOREYOY-24NOV,2024-11-26,2024-12-11,3.3,37,0,37,0,FALSE
KXCPICOREYOY-24NOV,2024-11-27,2024-12-11,3.3,37,0,37,0,FALSE
KXCPICOREYOY-24NOV,2024-11-28,2024-12-11,3.3,37,0,37,0,FALSE
KXCPICOREYOY-24NOV,2024-11-29,2024-12-11,3.3,37,0,37,0,FALSE
KXCPICOREYOY-24NOV,2024-11-30,2024-12-11,3.3,37,0,37,0,FALSE
KXCPICOREYOY-24NOV,2024-12-01,2024-12-11,3.3,37,0,37,0,FALSE
KXCPICOREYOY-24NOV,2024-12-02,2024-12-11,3.3,37,0,37,0,FALSE
KXCPICOREYOY-24NOV,2024-12-03,2024-12-11,3.3,37,0,37,0,FALSE
KXCPICOREYOY-24NOV,2024-12-04,2024-12-11,3.3,37,0,37,0,FALSE
KXCPICOREYOY-24NOV,2024-12-05,2024-12-11,3.3,37,501,37,0,FALSE
KXCPICOREYOY-24NOV,2024-12-06,2024-12-11,3.3,37,188,37,0,FALSE
KXCPICOREYOY-24NOV,2024-12-07,2024-12-11,3.3,37,0,37,36.734693877551024,FALSE
KXCPICOREYOY-24NOV,2024-12-08,2024-12-11,3.3,37,0,37,36.734693877551024,FALSE
KXCPICOREYOY-24NOV,2024-12-09,2024-12-11,3.3,43,57,43,42.857142857142854,FALSE
KXCPICOREYOY-24NOV,2024-12-10,2024-12-11,3.3,36,251,36,35.714285714285715,FALSE
KXCPICOREYOY-24NOV,2024-12-11,2024-12-11,3.3,36,156,36,35.714285714285715,FALSE
KXCPICOREYOY-25APR,2025-05-08,2025-05-13,3.3,1,20,1,0,FALSE
KXCPICOREYOY-25APR,2025-05-09,2025-05-13,3.3,1,0,1,0,FALSE
KXCPICOREYOY-25APR,2025-05-10,2025-05-13,3.3,1,0,1,0,FALSE
KXCPICOREYOY-25APR,2025-05-11,2025-05-13,3.3,1,0,1,0,FALSE
KXCPICOREYOY-25APR,2025-05-12,2025-05-13,3.3,1,0,1,0,FALSE
KXCPICOREYOY-25APR,2025-05-13,2025-05-13,3.3,1,0,1,0,FALSE
KXCPICOREYOY-25DEC,2025-12-18,2026-01-13,3.3,0,0,46,0,FALSE
KXCPICOREYOY-25DEC,2025-12-19,2026-01-13,3.3,0,0,46,0,FALSE
KXCPICOREYOY-25DEC,2025-12-20,2026-01-13,3.3,0,0,9,0,FALSE
KXCPICOREYOY-25DEC,2025-12-21,2026-01-13,3.3,0,0,46,0,FALSE
KXCPICOREYOY-25DEC,2025-12-22,2026-01-13,3.3,0,0,46,0,FALSE
KXCPICOREYOY-25DEC,2025-12-23,2026-01-13,3.3,0,0,46,0,FALSE
KXCPICOREYOY-25DEC,2025-12-24,2026-01-13,3.3,0,0,46,0,FALSE
KXCPICOREYOY-25DEC,2025-12-25,2026-01-13,3.3,0,0,46,0,FALSE
KXCPICOREYOY-25DEC,2025-12-26,2026-01-13,3.3,0,0,46,0,FALSE
KXCPICOREYOY-25DEC,2025-12-27,2026-01-13,3.3,0,0,46,0,FALSE
KXCPICOREYOY-25DEC,2025-12-28,2026-01-13,3.3,0,0,46,0,FALSE
KXCPICOREYOY-25DEC,2025-12-29,2026-01-13,3.3,0,0,46,0,FALSE
KXCPICOREYOY-25DEC,2025-12-30,2026-01-13,3.3,0,0,46,0,FALSE
KXCPICOREYOY-25DEC,2025-12-31,2026-01-13,3.3,0,0,46,0,FALSE
KXCPICOREYOY-25DEC,2026-01-01,2026-01-13,3.3,0,0,46,0,FALSE
KXCPICOREYOY-25DEC,2026-01-02,2026-01-13,3.3,0,0,46,0,FALSE
KXCPICOREYOY-25DEC,2026-01-03,2026-01-13,3.3,0,0,46,0,FALSE
KXCPICOREYOY-25DEC,2026-01-04,2026-01-13,3.3,0,0,46,0,FALSE
KXCPICOREYOY-25DEC,2026-01-05,2026-01-13,3.3,0,0,46,0,FALSE
KXCPICOREYOY-25DEC,2026-01-06,2026-01-13,3.3,0,0,46,0,FALSE
KXCPICOREYOY-25DEC,2026-01-07,2026-01-13,3.3,0,0,1,0,FALSE
KXCPICOREYOY-25DEC,2026-01-08,2026-01-13,3.3,0,0,1,0,FALSE
KXCPICOREYOY-25DEC,2026-01-09,2026-01-13,3.3,0,0,46,0,FALSE
KXCPICOREYOY-25DEC,2026-01-10,2026-01-13,3.3,0,0,46,0,FALSE
KXCPICOREYOY-25DEC,2026-01-11,2026-01-13,3.3,0,0,4,0,FALSE
KXCPICOREYOY-25DEC,2026-01-12,2026-01-13,3.3,0,0,46,0,FALSE
KXCPICOREYOY-25DEC,2026-01-13,2026-01-13,3.3,0,0,46,0,FALSE
KXCPICOREYOY-25FEB,2025-02-10,2025-03-12,3.3,10,130,10,9.183673469387756,FALSE
KXCPICOREYOY-25FEB,2025-02-11,2025-03-12,3.3,10,0,10,9.183673469387756,FALSE
KXCPICOREYOY-25FEB,2025-02-12,2025-03-12,3.3,10,20,10,9.183673469387756,FALSE
KXCPICOREYOY-25FEB,2025-02-13,2025-03-12,3.3,10,312,10,9.183673469387756,FALSE
KXCPICOREYOY-25FEB,2025-02-14,2025-03-12,3.3,10,0,10,9.183673469387756,FALSE
KXCPICOREYOY-25FEB,2025-02-15,2025-03-12,3.3,10,0,10,9.183673469387756,FALSE
KXCPICOREYOY-25FEB,2025-02-16,2025-03-12,3.3,5,10,5,4.081632653061225,FALSE
KXCPICOREYOY-25FEB,2025-02-17,2025-03-12,3.3,9,524,9,8.16326530612245,FALSE
KXCPICOREYOY-25FEB,2025-02-18,2025-03-12,3.3,9,0,9,8.16326530612245,FALSE
KXCPICOREYOY-25FEB,2025-02-19,2025-03-12,3.3,9,0,9,8.16326530612245,FALSE
KXCPICOREYOY-25FEB,2025-02-20,2025-03-12,3.3,9,0,9,8.16326530612245,FALSE
KXCPICOREYOY-25FEB,2025-02-21,2025-03-12,3.3,14.000000000000002,269,14.000000000000002,5.102040816326532,FALSE
KXCPICOREYOY-25FEB,2025-02-22,2025-03-12,3.3,14.000000000000002,574,14.000000000000002,5.102040816326532,FALSE
KXCPICOREYOY-25FEB,2025-02-23,2025-03-12,3.3,7.000000000000001,153,7.000000000000001,6.122448979591838,FALSE
KXCPICOREYOY-25FEB,2025-02-24,2025-03-12,3.3,10,62,10,1.0204081632653061,FALSE
KXCPICOREYOY-25FEB,2025-02-25,2025-03-12,3.3,10,18,10,1.0204081632653061,FALSE
KXCPICOREYOY-25FEB,2025-02-26,2025-03-12,3.3,10,0,10,1.0204081632653061,FALSE
KXCPICOREYOY-25FEB,2025-02-27,2025-03-12,3.3,10,0,10,1.0204081632653061,FALSE
KXCPICOREYOY-25FEB,2025-02-28,2025-03-12,3.3,10,0,10,1.0204081632653061,FALSE
KXCPICOREYOY-25FEB,2025-03-01,2025-03-12,3.3,10,0,10,1.0204081632653061,FALSE
KXCPICOREYOY-25FEB,2025-03-02,2025-03-12,3.3,10,0,10,1.0204081632653061,FALSE
KXCPICOREYOY-25FEB,2025-03-03,2025-03-12,3.3,7.000000000000001,725,7.000000000000001,6.122448979591838,FALSE
KXCPICOREYOY-25FEB,2025-03-04,2025-03-12,3.3,7.000000000000001,0,7.000000000000001,6.122448979591838,FALSE
KXCPICOREYOY-25FEB,2025-03-05,2025-03-12,3.3,6,275,6,5.1020408163265305,FALSE
KXCPICOREYOY-25FEB,2025-03-06,2025-03-12,3.3,6,0,6,5.1020408163265305,FALSE
KXCPICOREYOY-25FEB,2025-03-07,2025-03-12,3.3,6,90,6,5.1020408163265305,FALSE
KXCPICOREYOY-25FEB,2025-03-08,2025-03-12,3.3,4,1003,4,3.061224489795918,FALSE
KXCPICOREYOY-25FEB,2025-03-09,2025-03-12,3.3,4,1000,4,3.061224489795918,FALSE
KXCPICOREYOY-25FEB,2025-03-10,2025-03-12,3.3,4,0,4,3.061224489795918,FALSE
KXCPICOREYOY-25FEB,2025-03-11,2025-03-12,3.3,1,18,1,0,FALSE
KXCPICOREYOY-25FEB,2025-03-12,2025-03-12,3.3,5,250,5,4.081632653061225,FALSE
KXCPICOREYOY-25JAN,2025-01-15,2025-02-12,3.3,14.000000000000002,135,14.000000000000002,0,FALSE
KXCPICOREYOY-25JAN,2025-01-16,2025-02-12,3.3,14.000000000000002,0,14.000000000000002,0,FALSE
KXCPICOREYOY-25JAN,2025-01-17,2025-02-12,3.3,14.000000000000002,0,14.000000000000002,0,FALSE
KXCPICOREYOY-25JAN,2025-01-18,2025-02-12,3.3,14.000000000000002,0,14.000000000000002,0,FALSE
KXCPICOREYOY-25JAN,2025-01-19,2025-02-12,3.3,14.000000000000002,0,14.000000000000002,0,FALSE
KXCPICOREYOY-25JAN,2025-01-20,2025-02-12,3.3,14.000000000000002,0,14.000000000000002,0,FALSE
KXCPICOREYOY-25JAN,2025-01-21,2025-02-12,3.3,14.000000000000002,0,14.000000000000002,0,FALSE
KXCPICOREYOY-25JAN,2025-01-22,2025-02-12,3.3,12,68,12,11.224489795918368,FALSE
KXCPICOREYOY-25JAN,2025-01-23,2025-02-12,3.3,12,0,12,11.224489795918368,FALSE
KXCPICOREYOY-25JAN,2025-01-24,2025-02-12,3.3,12,0,12,11.224489795918368,FALSE
KXCPICOREYOY-25JAN,2025-01-25,2025-02-12,3.3,12,0,12,11.224489795918368,FALSE
KXCPICOREYOY-25JAN,2025-01-26,2025-02-12,3.3,12,0,12,11.224489795918368,FALSE
KXCPICOREYOY-25JAN,2025-01-27,2025-02-12,3.3,12,0,12,11.224489795918368,FALSE
KXCPICOREYOY-25JAN,2025-01-28,2025-02-12,3.3,12,0,12,11.224489795918368,FALSE
KXCPICOREYOY-25JAN,2025-01-29,2025-02-12,3.3,12,0,12,11.224489795918368,FALSE
KXCPICOREYOY-25JAN,2025-01-30,2025-02-12,3.3,12,0,12,11.224489795918368,FALSE
KXCPICOREYOY-25JAN,2025-01-31,2025-02-12,3.3,12,0,12,11.224489795918368,FALSE
KXCPICOREYOY-25JAN,2025-02-01,2025-02-12,3.3,12,0,12,11.224489795918368,FALSE
KXCPICOREYOY-25JAN,2025-02-02,2025-02-12,3.3,12,0,12,11.224489795918368,FALSE
KXCPICOREYOY-25JAN,2025-02-03,2025-02-12,3.3,12,0,12,11.224489795918368,FALSE
KXCPICOREYOY-25JAN,2025-02-04,2025-02-12,3.3,12,0,12,11.224489795918368,FALSE
KXCPICOREYOY-25JAN,2025-02-05,2025-02-12,3.3,12,0,12,11.224489795918368,FALSE
KXCPICOREYOY-25JAN,2025-02-06,2025-02-12,3.3,12,0,12,11.224489795918368,FALSE
KXCPICOREYOY-25JAN,2025-02-07,2025-02-12,3.3,12,0,12,11.224489795918368,FALSE
KXCPICOREYOY-25JAN,2025-02-08,2025-02-12,3.3,12,0,12,11.224489795918368,FALSE
KXCPICOREYOY-25JAN,2025-02-09,2025-02-12,3.3,12,0,12,11.224489795918368,FALSE
KXCPICOREYOY-25JAN,2025-02-10,2025-02-12,3.3,12,0,12,11.224489795918368,FALSE
KXCPICOREYOY-25JAN,2025-02-11,2025-02-12,3.3,12,0,12,11.224489795918368,FALSE
KXCPICOREYOY-25JAN,2025-02-12,2025-02-12,3.3,12,0,12,11.224489795918368,FALSE
KXCPICOREYOY-25JUN,2025-06-24,2025-07-15,3.3,0,0,6,0,FALSE
KXCPICOREYOY-25JUN,2025-06-25,2025-07-15,3.3,0,0,6,0,FALSE
KXCPICOREYOY-25JUN,2025-06-26,2025-07-15,3.3,0,0,6,0,FALSE
KXCPICOREYOY-25JUN,2025-06-27,2025-07-15,3.3,0,0,6,0,FALSE
KXCPICOREYOY-25JUN,2025-06-28,2025-07-15,3.3,0,0,6,0,FALSE
KXCPICOREYOY-25JUN,2025-06-29,2025-07-15,3.3,0,0,6,0,FALSE
KXCPICOREYOY-25JUN,2025-06-30,2025-07-15,3.3,0,0,6,0,FALSE
KXCPICOREYOY-25JUN,2025-07-01,2025-07-15,3.3,0,0,6,0,FALSE
KXCPICOREYOY-25JUN,2025-07-02,2025-07-15,3.3,0,0,6,0,FALSE
KXCPICOREYOY-25JUN,2025-07-03,2025-07-15,3.3,0,0,6,0,FALSE
KXCPICOREYOY-25JUN,2025-07-04,2025-07-15,3.3,0,0,5,0,FALSE
KXCPICOREYOY-25JUN,2025-07-05,2025-07-15,3.3,0,0,5,0,FALSE
KXCPICOREYOY-25JUN,2025-07-06,2025-07-15,3.3,0,0,5,0,FALSE
KXCPICOREYOY-25JUN,2025-07-07,2025-07-15,3.3,0,0,5,0,FALSE
KXCPICOREYOY-25JUN,2025-07-08,2025-07-15,3.3,0,0,5,0,FALSE
KXCPICOREYOY-25JUN,2025-07-09,2025-07-15,3.3,0,0,5,0,FALSE
KXCPICOREYOY-25JUN,2025-07-10,2025-07-15,3.3,0,0,5,0,FALSE
KXCPICOREYOY-25JUN,2025-07-11,2025-07-15,3.3,0,0,5,0,FALSE
KXCPICOREYOY-25JUN,2025-07-12,2025-07-15,3.3,0,0,5,0,FALSE
KXCPICOREYOY-25JUN,2025-07-13,2025-07-15,3.3,0,0,5,0,FALSE
KXCPICOREYOY-25JUN,2025-07-14,2025-07-15,3.3,0,0,5,0,FALSE
KXCPICOREYOY-25JUN,2025-07-15,2025-07-15,3.3,0,0,5,0,FALSE
KXCPICOREYOY-25MAR,2025-03-11,2025-04-10,3.3,0,0,11,0,FALSE
KXCPICOREYOY-25MAR,2025-03-12,2025-04-10,3.3,0,0,11,3.061224489795918,FALSE
KXCPICOREYOY-25MAR,2025-03-13,2025-04-10,3.3,0,0,9,7.142857142857143,FALSE
KXCPICOREYOY-25MAR,2025-03-14,2025-04-10,3.3,1,18,1,0,FALSE
KXCPICOREYOY-25MAR,2025-03-15,2025-04-10,3.3,1,0,1,0,FALSE
KXCPICOREYOY-25MAR,2025-03-16,2025-04-10,3.3,1,0,1,0,FALSE
KXCPICOREYOY-25MAR,2025-03-17,2025-04-10,3.3,1,0,1,0,FALSE
KXCPICOREYOY-25MAR,2025-03-18,2025-04-10,3.3,1,0,1,0,FALSE
KXCPICOREYOY-25MAR,2025-03-19,2025-04-10,3.3,1,0,1,0,FALSE
KXCPICOREYOY-25MAR,2025-03-20,2025-04-10,3.3,1,0,1,0,FALSE
KXCPICOREYOY-25MAR,2025-03-21,2025-04-10,3.3,1,0,1,0,FALSE
KXCPICOREYOY-25MAR,2025-03-22,2025-04-10,3.3,1,0,1,0,FALSE
KXCPICOREYOY-25MAR,2025-03-23,2025-04-10,3.3,1,0,1,0,FALSE
KXCPICOREYOY-25MAR,2025-03-24,2025-04-10,3.3,1,0,1,0,FALSE
KXCPICOREYOY-25MAR,2025-03-25,2025-04-10,3.3,1,3,1,0,FALSE
KXCPICOREYOY-25MAR,2025-03-26,2025-04-10,3.3,1,0,1,0,FALSE
KXCPICOREYOY-25MAR,2025-03-27,2025-04-10,3.3,1,0,1,0,FALSE
KXCPICOREYOY-25MAR,2025-03-28,2025-04-10,3.3,1,0,1,0,FALSE
KXCPICOREYOY-25MAR,2025-03-29,2025-04-10,3.3,1,0,1,0,FALSE
KXCPICOREYOY-25MAR,2025-03-30,2025-04-10,3.3,1,0,1,0,FALSE
KXCPICOREYOY-25MAR,2025-03-31,2025-04-10,3.3,1,0,1,0,FALSE
KXCPICOREYOY-25MAR,2025-04-01,2025-04-10,3.3,1,0,1,0,FALSE
KXCPICOREYOY-25MAR,2025-04-02,2025-04-10,3.3,1,0,1,0,FALSE
KXCPICOREYOY-25MAR,2025-04-03,2025-04-10,3.3,1,0,1,0,FALSE
KXCPICOREYOY-25MAR,2025-04-04,2025-04-10,3.3,1,0,1,0,FALSE
KXCPICOREYOY-25MAR,2025-04-05,2025-04-10,3.3,1,0,1,0,FALSE
KXCPICOREYOY-25MAR,2025-04-06,2025-04-10,3.3,1,0,1,0,FALSE
KXCPICOREYOY-25MAR,2025-04-07,2025-04-10,3.3,1,0,1,0,FALSE
KXCPICOREYOY-25MAR,2025-04-08,2025-04-10,3.3,1,0,1,0,FALSE
KXCPICOREYOY-25MAR,2025-04-09,2025-04-10,3.3,1,0,1,0,FALSE
KXCPICOREYOY-25MAR,2025-04-10,2025-04-10,3.3,1,0,1,0,FALSE
KXCPICOREYOY-25MAY,2025-06-01,2025-06-11,3.3,1,150,1,0,FALSE
KXCPICOREYOY-25MAY,2025-06-02,2025-06-11,3.3,1,0,1,0,FALSE
KXCPICOREYOY-25MAY,2025-06-03,2025-06-11,3.3,1,0,1,0,FALSE
KXCPICOREYOY-25MAY,2025-06-04,2025-06-11,3.3,1,0,1,0,FALSE
KXCPICOREYOY-25MAY,2025-06-05,2025-06-11,3.3,1,0,1,0,FALSE
KXCPICOREYOY-25MAY,2025-06-06,2025-06-11,3.3,1,0,1,0,FALSE
KXCPICOREYOY-25MAY,2025-06-07,2025-06-11,3.3,1,0,1,0,FALSE
KXCPICOREYOY-25MAY,2025-06-08,2025-06-11,3.3,1,0,1,0,FALSE
KXCPICOREYOY-25MAY,2025-06-09,2025-06-11,3.3,1,0,1,0,FALSE
KXCPICOREYOY-25MAY,2025-06-10,2025-06-11,3.3,1,0,1,0,FALSE
KXCPICOREYOY-25MAY,2025-06-11,2025-06-11,3.3,1,0,1,0,FALSE
KXCPICOREYOY-25NOV,2025-11-24,2025-12-18,3.3,4,250,4,3.061224489795918,FALSE
KXCPICOREYOY-25NOV,2025-11-25,2025-12-18,3.3,4,0,4,3.061224489795918,FALSE
KXCPICOREYOY-25NOV,2025-11-26,2025-12-18,3.3,4,0,4,3.061224489795918,FALSE
KXCPICOREYOY-25NOV,2025-11-27,2025-12-18,3.3,4,0,4,3.061224489795918,FALSE
KXCPICOREYOY-25NOV,2025-11-28,2025-12-18,3.3,4,0,4,3.061224489795918,FALSE
KXCPICOREYOY-25NOV,2025-11-29,2025-12-18,3.3,4,0,4,3.061224489795918,FALSE
KXCPICOREYOY-25NOV,2025-11-30,2025-12-18,3.3,4,0,4,3.061224489795918,FALSE
KXCPICOREYOY-25NOV,2025-12-01,2025-12-18,3.3,4,0,4,3.061224489795918,FALSE
KXCPICOREYOY-25NOV,2025-12-02,2025-12-18,3.3,4,0,4,3.061224489795918,FALSE
KXCPICOREYOY-25NOV,2025-12-03,2025-12-18,3.3,4,0,4,0,FALSE
KXCPICOREYOY-25NOV,2025-12-04,2025-12-18,3.3,4,0,4,0,FALSE
KXCPICOREYOY-25OCT,2025-10-22,2025-11-13,3.3,0,0,8,0,FALSE
KXCPICOREYOY-25OCT,2025-10-23,2025-11-13,3.3,0,0,8,0,FALSE
KXCPICOREYOY-25OCT,2025-10-24,2025-11-13,3.3,0,0,8,0,FALSE
KXCPICOREYOY-25OCT,2025-10-25,2025-11-13,3.3,0,0,19,18.367346938775512,FALSE
KXCPICOREYOY-25OCT,2025-10-26,2025-11-13,3.3,0,0,19,18.367346938775512,FALSE
KXCPICOREYOY-25OCT,2025-10-27,2025-11-13,3.3,0,0,19,18.367346938775512,FALSE
KXCPICOREYOY-25OCT,2025-10-28,2025-11-13,3.3,0,0,19,18.367346938775512,FALSE
KXCPICOREYOY-25OCT,2025-10-29,2025-11-13,3.3,0,0,19,18.367346938775512,FALSE
KXCPICOREYOY-25OCT,2025-10-30,2025-11-13,3.3,0,0,19,18.367346938775512,FALSE
KXCPICOREYOY-25OCT,2025-10-31,2025-11-13,3.3,0,0,19,18.367346938775512,FALSE
KXCPICOREYOY-25OCT,2025-11-01,2025-11-13,3.3,0,0,19,18.367346938775512,FALSE
KXCPICOREYOY-25OCT,2025-11-02,2025-11-13,3.3,0,0,19,0,FALSE
KXCPICOREYOY-25OCT,2025-11-03,2025-11-13,3.3,0,0,8,0,FALSE
KXCPICOREYOY-25OCT,2025-11-04,2025-11-13,3.3,0,0,8,0,FALSE
KXCPICOREYOY-25OCT,2025-11-05,2025-11-13,3.3,0,0,8,0,FALSE
KXCPICOREYOY-25OCT,2025-11-06,2025-11-13,3.3,0,0,8,0,FALSE
KXCPICOREYOY-25OCT,2025-11-07,2025-11-13,3.3,0,0,8,0,FALSE
KXCPICOREYOY-25OCT,2025-11-08,2025-11-13,3.3,0,0,8,0,FALSE
KXCPICOREYOY-25OCT,2025-11-09,2025-11-13,3.3,0,0,8,0,FALSE
KXCPICOREYOY-25OCT,2025-11-10,2025-11-13,3.3,4,25000,4,3.061224489795918,FALSE
KXCPICOREYOY-25OCT,2025-11-11,2025-11-13,3.3,2,25000,2,1.0204081632653061,FALSE
KXCPICOREYOY-25OCT,2025-11-12,2025-11-13,3.3,2,80,2,1.0204081632653061,FALSE
KXCPICOREYOY-25OCT,2025-11-13,2025-11-13,3.3,2,0,2,1.0204081632653061,FALSE
KXCPICOREYOY-26APR,2026-04-12,2026-05-12,3.3,0,0,5,0,FALSE
KXCPICOREYOY-26APR,2026-04-13,2026-05-12,3.3,0,0,5,0,FALSE
KXCPICOREYOY-26APR,2026-04-14,2026-05-12,3.3,0,0,5,0,FALSE
KXCPICOREYOY-26APR,2026-04-15,2026-05-12,3.3,0,0,5,0,FALSE
KXCPICOREYOY-26APR,2026-04-16,2026-05-12,3.3,0,0,5,0,FALSE
KXCPICOREYOY-26APR,2026-04-17,2026-05-12,3.3,0,0,5,0,FALSE
KXCPICOREYOY-26APR,2026-04-18,2026-05-12,3.3,0,0,2,0,FALSE
KXCPICOREYOY-26APR,2026-04-19,2026-05-12,3.3,0,0,2,0,FALSE
KXCPICOREYOY-26APR,2026-04-20,2026-05-12,3.3,0,0,2,0,FALSE
KXCPICOREYOY-26APR,2026-04-21,2026-05-12,3.3,0,0,2,0,FALSE
KXCPICOREYOY-26APR,2026-04-22,2026-05-12,3.3,0,0,2,0,FALSE
KXCPICOREYOY-26APR,2026-04-23,2026-05-12,3.3,0,0,2,0,FALSE
KXCPICOREYOY-26APR,2026-04-24,2026-05-12,3.3,0,0,2,0,FALSE
KXCPICOREYOY-26APR,2026-04-25,2026-05-12,3.3,0,0,2,0,FALSE
KXCPICOREYOY-26APR,2026-04-26,2026-05-12,3.3,0,0,2,0,FALSE
KXCPICOREYOY-26APR,2026-04-27,2026-05-12,3.3,0,0,2,0,FALSE
KXCPICOREYOY-26APR,2026-04-28,2026-05-12,3.3,0,0,2,0,FALSE
KXCPICOREYOY-26APR,2026-04-29,2026-05-12,3.3,0,0,2,0,FALSE
KXCPICOREYOY-26APR,2026-04-30,2026-05-12,3.3,0,0,2,0,FALSE
KXCPICOREYOY-26APR,2026-05-01,2026-05-12,3.3,3,31.21,3,0,FALSE
KXCPICOREYOY-26APR,2026-05-02,2026-05-12,3.3,3,0,3,0,FALSE
KXCPICOREYOY-26APR,2026-05-03,2026-05-12,3.3,3,0,3,0,FALSE
KXCPICOREYOY-26APR,2026-05-04,2026-05-12,3.3,3,0,3,0,FALSE
KXCPICOREYOY-26APR,2026-05-05,2026-05-12,3.3,3,0,3,0,FALSE
KXCPICOREYOY-26APR,2026-05-06,2026-05-12,3.3,3,0,3,0,FALSE
KXCPICOREYOY-26APR,2026-05-07,2026-05-12,3.3,3,0,3,0,FALSE
KXCPICOREYOY-26APR,2026-05-08,2026-05-12,3.3,3,0,3,0,FALSE
KXCPICOREYOY-26APR,2026-05-09,2026-05-12,3.3,3,0,3,0,FALSE
KXCPICOREYOY-26APR,2026-05-10,2026-05-12,3.3,3,0,3,0,FALSE
KXCPICOREYOY-26APR,2026-05-11,2026-05-12,3.3,3,0,3,0,FALSE
KXCPICOREYOY-26APR,2026-05-12,2026-05-12,3.3,3,0,2,0,FALSE
KXCPICOREYOY-26AUG,2026-07-04,2026-08-03,3.3,0,0,4,0,FALSE
KXCPICOREYOY-26AUG,2026-07-05,2026-08-03,3.3,0,0,4,0,FALSE
KXCPICOREYOY-26AUG,2026-07-06,2026-08-03,3.3,0,0,4,0,FALSE
KXCPICOREYOY-26AUG,2026-07-07,2026-08-03,3.3,0,0,4,0,FALSE
KXCPICOREYOY-26AUG,2026-07-08,2026-08-03,3.3,0,0,4,0,FALSE
KXCPICOREYOY-26AUG,2026-07-09,2026-08-03,3.3,0,0,4,0,FALSE
KXCPICOREYOY-26AUG,2026-07-10,2026-08-03,3.3,0,0,4,0,FALSE
KXCPICOREYOY-26AUG,2026-07-11,2026-08-03,3.3,0,0,4,0,FALSE
KXCPICOREYOY-26AUG,2026-07-12,2026-08-03,3.3,0,0,4,0,FALSE
KXCPICOREYOY-26AUG,2026-07-13,2026-08-03,3.3,0,0,4,0,FALSE
KXCPICOREYOY-26AUG,2026-07-14,2026-08-03,3.3,0,0,4,0,FALSE
KXCPICOREYOY-26AUG,2026-07-15,2026-08-03,3.3,0,0,4,0,FALSE
KXCPICOREYOY-26AUG,2026-07-16,2026-08-03,3.3,0,0,4,0,FALSE
KXCPICOREYOY-26AUG,2026-07-17,2026-08-03,3.3,0,0,4,0,FALSE
KXCPICOREYOY-26AUG,2026-07-18,2026-08-03,3.3,0,0,4,0,FALSE
KXCPICOREYOY-26AUG,2026-07-19,2026-08-03,3.3,0,0,4,0,FALSE
KXCPICOREYOY-26AUG,2026-07-20,2026-08-03,3.3,0,0,4,0,FALSE
KXCPICOREYOY-26AUG,2026-07-21,2026-08-03,3.3,0,0,4,0,FALSE
KXCPICOREYOY-26AUG,2026-07-22,2026-08-03,3.3,0,0,2,0,FALSE
KXCPICOREYOY-26AUG,2026-07-23,2026-08-03,3.3,0,0,2,0,FALSE
KXCPICOREYOY-26AUG,2026-07-24,2026-08-03,3.3,0,0,2,0,FALSE
KXCPICOREYOY-26AUG,2026-07-25,2026-08-03,3.3,0,0,2,0,FALSE
KXCPICOREYOY-26AUG,2026-07-26,2026-08-03,3.3,0,0,2,0,FALSE
KXCPICOREYOY-26AUG,2026-07-27,2026-08-03,3.3,0,0,2,0,FALSE
KXCPICOREYOY-26AUG,2026-07-28,2026-08-03,3.3,0,0,2,0,FALSE
KXCPICOREYOY-26AUG,2026-07-29,2026-08-03,3.3,0,0,2,0,FALSE
KXCPICOREYOY-26AUG,2026-07-30,2026-08-03,3.3,0,0,2,0,FALSE
KXCPICOREYOY-26AUG,2026-07-31,2026-08-03,3.3,0,0,2,0,FALSE
KXCPICOREYOY-26AUG,2026-08-01,2026-08-03,3.3,0,0,2,0,FALSE
KXCPICOREYOY-26AUG,2026-08-02,2026-08-03,3.3,0,0,2,0,FALSE
KXCPICOREYOY-26AUG,2026-08-03,2026-08-03,3.3,0,0,1,0,FALSE
KXCPICOREYOY-26FEB,2026-02-12,2026-03-11,3.3,0,0,19,0,FALSE
KXCPICOREYOY-26FEB,2026-02-13,2026-03-11,3.3,0,0,5,0,FALSE
KXCPICOREYOY-26FEB,2026-02-14,2026-03-11,3.3,0,0,1,0,FALSE
KXCPICOREYOY-26FEB,2026-02-15,2026-03-11,3.3,0,0,1,0,FALSE
KXCPICOREYOY-26FEB,2026-02-16,2026-03-11,3.3,0,0,1,0,FALSE
KXCPICOREYOY-26FEB,2026-03-06,2026-03-11,3.3,6,156,1,0,FALSE
KXCPICOREYOY-26FEB,2026-03-07,2026-03-11,3.3,6,0,1,0,FALSE
KXCPICOREYOY-26FEB,2026-03-08,2026-03-11,3.3,6,0,1,0,FALSE
KXCPICOREYOY-26FEB,2026-03-09,2026-03-11,3.3,6,0,1,0,FALSE
KXCPICOREYOY-26FEB,2026-03-10,2026-03-11,3.3,4,102,2,0,FALSE
KXCPICOREYOY-26FEB,2026-03-11,2026-03-11,3.3,1,187,1,0,FALSE
KXCPICOREYOY-26JAN,2026-02-01,2026-02-13,3.3,0,0,5,0,FALSE
KXCPICOREYOY-26JAN,2026-02-02,2026-02-13,3.3,0,0,5,0,FALSE
KXCPICOREYOY-26JAN,2026-02-03,2026-02-13,3.3,0,0,5,0,FALSE
KXCPICOREYOY-26JAN,2026-02-04,2026-02-13,3.3,0,0,1,0,FALSE
KXCPICOREYOY-26JAN,2026-02-05,2026-02-13,3.3,0,0,2,0,FALSE
KXCPICOREYOY-26JAN,2026-02-06,2026-02-13,3.3,0,0,1,0,FALSE
KXCPICOREYOY-26JAN,2026-02-07,2026-02-13,3.3,0,0,5,0,FALSE
KXCPICOREYOY-26JAN,2026-02-08,2026-02-13,3.3,0,0,5,0,FALSE
KXCPICOREYOY-26JAN,2026-02-09,2026-02-13,3.3,0,0,2,0,FALSE
KXCPICOREYOY-26JAN,2026-02-10,2026-02-13,3.3,11,8,1,0,FALSE
KXCPICOREYOY-26JAN,2026-02-11,2026-02-13,3.3,11,0,3,0,FALSE
KXCPICOREYOY-26JAN,2026-02-12,2026-02-13,3.3,11,0,2,0,FALSE
KXCPICOREYOY-26JAN,2026-02-13,2026-02-13,3.3,11,0,5,0,FALSE
KXCPICOREYOY-26JUL,2026-07-10,2026-08-05,3.3,0,0,1,0,FALSE
KXCPICOREYOY-26JUL,2026-07-11,2026-08-05,3.3,0,0,1,0,FALSE
KXCPICOREYOY-26JUL,2026-07-12,2026-08-05,3.3,0,0,1,0,FALSE
KXCPICOREYOY-26JUL,2026-07-16,2026-08-05,3.3,0,0,1,0,FALSE
KXCPICOREYOY-26JUL,2026-07-17,2026-08-05,3.3,0,0,1,0,FALSE
KXCPICOREYOY-26JUL,2026-07-18,2026-08-05,3.3,0,0,1,0,FALSE
KXCPICOREYOY-26JUL,2026-07-19,2026-08-05,3.3,0,0,1,0,FALSE
KXCPICOREYOY-26JUL,2026-07-20,2026-08-05,3.3,0,0,1,0,FALSE
KXCPICOREYOY-26JUL,2026-07-21,2026-08-05,3.3,0,0,1,0,FALSE
KXCPICOREYOY-26JUL,2026-07-22,2026-08-05,3.3,3,390,3,0,FALSE
KXCPICOREYOY-26JUL,2026-07-23,2026-08-05,3.3,3,1741,3,0,FALSE
KXCPICOREYOY-26JUL,2026-07-24,2026-08-05,3.3,3,0,3,0,FALSE
KXCPICOREYOY-26JUL,2026-07-25,2026-08-05,3.3,3,0,3,0,FALSE
KXCPICOREYOY-26JUL,2026-07-26,2026-08-05,3.3,3,0,3,0,FALSE
KXCPICOREYOY-26JUL,2026-07-27,2026-08-05,3.3,3,0,3,0,FALSE
KXCPICOREYOY-26JUL,2026-07-28,2026-08-05,3.3,3,0,2,0,FALSE
KXCPICOREYOY-26JUL,2026-07-29,2026-08-05,3.3,3,0,2,0,FALSE
KXCPICOREYOY-26JUL,2026-07-30,2026-08-05,3.3,1,34,1,0,FALSE
KXCPICOREYOY-26JUL,2026-07-31,2026-08-05,3.3,1,0,1,0,FALSE
KXCPICOREYOY-26JUL,2026-08-01,2026-08-05,3.3,1,0,1,0,FALSE
KXCPICOREYOY-26JUL,2026-08-02,2026-08-05,3.3,1,0,1,0,FALSE
KXCPICOREYOY-26JUL,2026-08-03,2026-08-05,3.3,1,0,1,0,FALSE
KXCPICOREYOY-26JUL,2026-08-04,2026-08-05,3.3,1,0,1,0,FALSE
KXCPICOREYOY-26JUL,2026-08-05,2026-08-05,3.3,1,0,1,0,FALSE
KXCPICOREYOY-26JUN,2026-06-14,2026-07-14,3.3,0,0,2,0,FALSE
KXCPICOREYOY-26JUN,2026-06-15,2026-07-14,3.3,0,0,2,0,FALSE
KXCPICOREYOY-26JUN,2026-06-16,2026-07-14,3.3,11,77.92,11,0,FALSE
KXCPICOREYOY-26JUN,2026-06-17,2026-07-14,3.3,21,74.01,21,0,FALSE
KXCPICOREYOY-26JUN,2026-06-18,2026-07-14,3.3,4,24.02,2,0,FALSE
KXCPICOREYOY-26JUN,2026-06-19,2026-07-14,3.3,3,0.03,2,0,FALSE
KXCPICOREYOY-26JUN,2026-06-20,2026-07-14,3.3,3,0.02,2,0,FALSE
KXCPICOREYOY-26JUN,2026-06-21,2026-07-14,3.3,3,77,3,0,FALSE
KXCPICOREYOY-26JUN,2026-06-22,2026-07-14,3.3,3,0,3,0,FALSE
KXCPICOREYOY-26JUN,2026-06-23,2026-07-14,3.3,3,0,3,0,FALSE
KXCPICOREYOY-26JUN,2026-06-24,2026-07-14,3.3,3,0,3,0,FALSE
KXCPICOREYOY-26JUN,2026-06-25,2026-07-14,3.3,3,0,2,0,FALSE
KXCPICOREYOY-26JUN,2026-06-26,2026-07-14,3.3,1,1,1,0,FALSE
KXCPICOREYOY-26JUN,2026-06-27,2026-07-14,3.3,4,350,3,0,FALSE
KXCPICOREYOY-26JUN,2026-06-28,2026-07-14,3.3,4,0,3,0,FALSE
KXCPICOREYOY-26JUN,2026-07-07,2026-07-14,3.3,1,247.62,1,0,FALSE
KXCPICOREYOY-26JUN,2026-07-08,2026-07-14,3.3,1,0,1,0,FALSE
KXCPICOREYOY-26JUN,2026-07-09,2026-07-14,3.3,1,0,1,0,FALSE
KXCPICOREYOY-26JUN,2026-07-10,2026-07-14,3.3,1,0,1,0,FALSE
KXCPICOREYOY-26JUN,2026-07-11,2026-07-14,3.3,1,0,1,0,FALSE
KXCPICOREYOY-26JUN,2026-07-12,2026-07-14,3.3,1,105,1,0,FALSE
KXCPICOREYOY-26JUN,2026-07-13,2026-07-14,3.3,1,0,1,0,FALSE
KXCPICOREYOY-26JUN,2026-07-14,2026-07-14,3.3,1,0,1,0,FALSE
KXCPICOREYOY-26MAR,2026-03-15,2026-04-10,3.3,5,1,3,0,FALSE
KXCPICOREYOY-26MAR,2026-03-16,2026-04-10,3.3,5,0,3,0,FALSE
KXCPICOREYOY-26MAR,2026-03-17,2026-04-10,3.3,5,0,3,0,FALSE
KXCPICOREYOY-26MAR,2026-03-18,2026-04-10,3.3,5,0,3,0,FALSE
KXCPICOREYOY-26MAR,2026-03-19,2026-04-10,3.3,5,0,5,0,FALSE
KXCPICOREYOY-26MAR,2026-03-20,2026-04-10,3.3,5,0,5,0,FALSE
KXCPICOREYOY-26MAR,2026-03-21,2026-04-10,3.3,5,0,5,0,FALSE
KXCPICOREYOY-26MAR,2026-03-22,2026-04-10,3.3,5,0,5,0,FALSE
KXCPICOREYOY-26MAR,2026-03-23,2026-04-10,3.3,33,75,33,0,FALSE
KXCPICOREYOY-26MAR,2026-03-24,2026-04-10,3.3,33,0,4,0,FALSE
KXCPICOREYOY-26MAR,2026-03-25,2026-04-10,3.3,33,0,1,0,FALSE
KXCPICOREYOY-26MAR,2026-03-26,2026-04-10,3.3,33,0,1,0,FALSE
KXCPICOREYOY-26MAR,2026-03-27,2026-04-10,3.3,33,0,3,0,FALSE
KXCPICOREYOY-26MAR,2026-03-28,2026-04-10,3.3,33,0,5,0,FALSE
KXCPICOREYOY-26MAR,2026-03-29,2026-04-10,3.3,33,0,5,0,FALSE
KXCPICOREYOY-26MAR,2026-03-30,2026-04-10,3.3,33,0,5,0,FALSE
KXCPICOREYOY-26MAR,2026-03-31,2026-04-10,3.3,33,0,5,0,FALSE
KXCPICOREYOY-26MAR,2026-04-01,2026-04-10,3.3,33,0,5,0,FALSE
KXCPICOREYOY-26MAR,2026-04-02,2026-04-10,3.3,7.000000000000001,111,2,0,FALSE
KXCPICOREYOY-26MAR,2026-04-03,2026-04-10,3.3,6,13,6,0,FALSE
KXCPICOREYOY-26MAR,2026-04-04,2026-04-10,3.3,6,0,4,0,FALSE
KXCPICOREYOY-26MAR,2026-04-05,2026-04-10,3.3,6,0,3,0,FALSE
KXCPICOREYOY-26MAR,2026-04-06,2026-04-10,3.3,4,797,1,0,FALSE
KXCPICOREYOY-26MAR,2026-04-07,2026-04-10,3.3,4,0,1,0,FALSE
KXCPICOREYOY-26MAR,2026-04-08,2026-04-10,3.3,4,0,1,0,FALSE
KXCPICOREYOY-26MAR,2026-04-09,2026-04-10,3.3,4,0,1,0,FALSE
KXCPICOREYOY-26MAR,2026-04-10,2026-04-10,3.3,4,0,1,0,FALSE
KXCPICOREYOY-26MAY,2026-06-08,2026-06-10,3.3,4,10,3,0,FALSE
KXCPICOREYOY-26MAY,2026-06-09,2026-06-10,3.3,3,84.84,1,0,FALSE
KXCPICOREYOY-26MAY,2026-06-10,2026-06-10,3.3,3,0,2,0,FALSE
KXCPICOREYOY-26NOV,2026-07-08,2026-08-05,3.3,40,1,48,0,FALSE
KXCPICOREYOY-26NOV,2026-07-09,2026-08-05,3.3,40,0,48,0,FALSE
KXCPICOREYOY-26NOV,2026-07-10,2026-08-05,3.3,40,0,48,0,FALSE
KXCPICOREYOY-26NOV,2026-07-11,2026-08-05,3.3,40,0,48,0,FALSE
KXCPICOREYOY-26NOV,2026-07-12,2026-08-05,3.3,40,0,48,0,FALSE
KXCPICOREYOY-26NOV,2026-07-13,2026-08-05,3.3,40,2,48,0,FALSE
KXCPICOREYOY-26NOV,2026-07-14,2026-08-05,3.3,40,0,48,0,FALSE
KXCPICOREYOY-26NOV,2026-07-15,2026-08-05,3.3,40,0,48,0,FALSE
KXCPICOREYOY-26NOV,2026-07-16,2026-08-05,3.3,40,0,48,0,FALSE
KXCPICOREYOY-26NOV,2026-07-17,2026-08-05,3.3,40,0,48,0,FALSE
KXCPICOREYOY-26NOV,2026-07-18,2026-08-05,3.3,40,0,48,0,FALSE
KXCPICOREYOY-26NOV,2026-07-19,2026-08-05,3.3,40,0,48,0,FALSE
KXCPICOREYOY-26NOV,2026-07-20,2026-08-05,3.3,1,6,48,0,FALSE
KXCPICOREYOY-26NOV,2026-07-21,2026-08-05,3.3,1,0,48,0,FALSE
KXCPICOREYOY-26NOV,2026-07-22,2026-08-05,3.3,1,0,48,0,FALSE
KXCPICOREYOY-26NOV,2026-07-23,2026-08-05,3.3,79,1,40,0,FALSE
KXCPICOREYOY-26NOV,2026-07-24,2026-08-05,3.3,79,0,40,0,FALSE
KXCPICOREYOY-26NOV,2026-07-25,2026-08-05,3.3,79,0,40,0,FALSE
KXCPICOREYOY-26NOV,2026-07-26,2026-08-05,3.3,79,0,40,0,FALSE
KXCPICOREYOY-26NOV,2026-07-27,2026-08-05,3.3,79,1961,41,0,FALSE
KXCPICOREYOY-26NOV,2026-07-28,2026-08-05,3.3,79,0,41,0,FALSE
KXCPICOREYOY-26NOV,2026-07-29,2026-08-05,3.3,79,0,41,0,FALSE
KXCPICOREYOY-26NOV,2026-07-30,2026-08-05,3.3,79,0,41,0,FALSE
KXCPICOREYOY-26NOV,2026-07-31,2026-08-05,3.3,79,0,41,0,FALSE
KXCPICOREYOY-26NOV,2026-08-01,2026-08-05,3.3,79,0,41,0,FALSE
KXCPICOREYOY-26NOV,2026-08-02,2026-08-05,3.3,79,0,41,0,FALSE
KXCPICOREYOY-26NOV,2026-08-03,2026-08-05,3.3,79,0,41,0,FALSE
KXCPICOREYOY-26NOV,2026-08-04,2026-08-05,3.3,79,0,41,0,FALSE
KXCPICOREYOY-26NOV,2026-08-05,2026-08-05,3.3,79,0,41,0,FALSE
CPICOREYOY-24AUG,2024-08-25,2024-09-10,3.3000000000000003,1,8,1,0,FALSE
CPICOREYOY-24AUG,2024-08-26,2024-09-10,3.3000000000000003,1,0,1,0,FALSE
CPICOREYOY-24AUG,2024-08-27,2024-09-10,3.3000000000000003,1,0,1,0,FALSE
CPICOREYOY-24AUG,2024-08-28,2024-09-10,3.3000000000000003,1,0,1,0,FALSE
CPICOREYOY-24AUG,2024-08-29,2024-09-10,3.3000000000000003,8,8,3,0,FALSE
CPICOREYOY-24AUG,2024-08-30,2024-09-10,3.3000000000000003,8,0,3,0,FALSE
CPICOREYOY-24AUG,2024-08-31,2024-09-10,3.3000000000000003,8,0,3,0,FALSE
CPICOREYOY-24AUG,2024-09-01,2024-09-10,3.3000000000000003,8,0,3,0,FALSE
CPICOREYOY-24AUG,2024-09-02,2024-09-10,3.3000000000000003,8,0,3,0,FALSE
CPICOREYOY-24AUG,2024-09-03,2024-09-10,3.3000000000000003,8,0,3,0,FALSE
CPICOREYOY-24AUG,2024-09-04,2024-09-10,3.3000000000000003,8,0,3,0,FALSE
CPICOREYOY-24AUG,2024-09-05,2024-09-10,3.3000000000000003,8,0,3,0,FALSE
CPICOREYOY-24AUG,2024-09-06,2024-09-10,3.3000000000000003,8,0,3,0,FALSE
CPICOREYOY-24AUG,2024-09-07,2024-09-10,3.3000000000000003,8,0,3,0,FALSE
CPICOREYOY-24AUG,2024-09-08,2024-09-10,3.3000000000000003,8,0,3,0,FALSE
CPICOREYOY-24AUG,2024-09-09,2024-09-10,3.3000000000000003,8,0,8,1.0204081632653053,FALSE
CPICOREYOY-24AUG,2024-09-10,2024-09-10,3.3000000000000003,8,0,8,1.0204081632653053,FALSE
KXCPICOREYOY-25AUG,2025-08-12,2025-09-11,3.3000000000000003,6,5,6,5.1020408163265305,FALSE
KXCPICOREYOY-25AUG,2025-08-13,2025-09-11,3.3000000000000003,4,66,4,3.061224489795918,FALSE
KXCPICOREYOY-25AUG,2025-08-14,2025-09-11,3.3000000000000003,4,0,4,3.061224489795918,FALSE
KXCPICOREYOY-25AUG,2025-08-15,2025-09-11,3.3000000000000003,4,0,4,3.061224489795918,FALSE
KXCPICOREYOY-25AUG,2025-08-16,2025-09-11,3.3000000000000003,4,0,4,3.061224489795918,FALSE
KXCPICOREYOY-25AUG,2025-08-17,2025-09-11,3.3000000000000003,4,0,4,3.061224489795918,FALSE
KXCPICOREYOY-25AUG,2025-08-18,2025-09-11,3.3000000000000003,4,0,4,3.061224489795918,FALSE
KXCPICOREYOY-25AUG,2025-08-19,2025-09-11,3.3000000000000003,4,0,4,3.061224489795918,FALSE
KXCPICOREYOY-25AUG,2025-08-20,2025-09-11,3.3000000000000003,4,0,4,3.061224489795918,FALSE
KXCPICOREYOY-25AUG,2025-08-21,2025-09-11,3.3000000000000003,4,11,4,3.061224489795918,FALSE
KXCPICOREYOY-25AUG,2025-08-22,2025-09-11,3.3000000000000003,2,872,2,1.0204081632653061,FALSE
KXCPICOREYOY-25AUG,2025-08-23,2025-09-11,3.3000000000000003,4,271,4,3.061224489795918,FALSE
KXCPICOREYOY-25AUG,2025-08-24,2025-09-11,3.3000000000000003,4,0,4,3.061224489795918,FALSE
KXCPICOREYOY-25AUG,2025-08-25,2025-09-11,3.3000000000000003,4,0,4,3.061224489795918,FALSE
KXCPICOREYOY-25AUG,2025-08-26,2025-09-11,3.3000000000000003,6,30,6,5.1020408163265305,FALSE
KXCPICOREYOY-25AUG,2025-08-27,2025-09-11,3.3000000000000003,6,0,6,5.1020408163265305,FALSE
KXCPICOREYOY-25AUG,2025-08-28,2025-09-11,3.3000000000000003,6,0,6,5.1020408163265305,FALSE
KXCPICOREYOY-25AUG,2025-08-29,2025-09-11,3.3000000000000003,10,1004,9,0,FALSE
KXCPICOREYOY-25AUG,2025-08-30,2025-09-11,3.3000000000000003,10,0,9,0,FALSE
KXCPICOREYOY-25AUG,2025-08-31,2025-09-11,3.3000000000000003,10,0,9,0,FALSE
KXCPICOREYOY-25AUG,2025-09-01,2025-09-11,3.3000000000000003,10,0,9,0,FALSE
KXCPICOREYOY-25AUG,2025-09-02,2025-09-11,3.3000000000000003,10,0,10,9.183673469387756,FALSE
KXCPICOREYOY-25AUG,2025-09-03,2025-09-11,3.3000000000000003,10,0,10,9.183673469387756,FALSE
KXCPICOREYOY-25AUG,2025-09-04,2025-09-11,3.3000000000000003,10,0,10,9.183673469387756,FALSE
KXCPICOREYOY-25AUG,2025-09-05,2025-09-11,3.3000000000000003,10,0,9,0,FALSE
KXCPICOREYOY-25AUG,2025-09-06,2025-09-11,3.3000000000000003,1,349,1,0,FALSE
KXCPICOREYOY-25AUG,2025-09-07,2025-09-11,3.3000000000000003,1,0,1,0,FALSE
KXCPICOREYOY-25AUG,2025-09-08,2025-09-11,3.3000000000000003,1,0,1,0,FALSE
KXCPICOREYOY-25AUG,2025-09-09,2025-09-11,3.3000000000000003,1,0,1,0,FALSE
KXCPICOREYOY-25AUG,2025-09-10,2025-09-11,3.3000000000000003,1,114,1,0,FALSE
KXCPICOREYOY-25AUG,2025-09-11,2025-09-11,3.3000000000000003,1,100,1,0,FALSE
KXCPICOREYOY-25JUN,2025-06-22,2025-07-15,3.3000000000000003,0,0,6,0,FALSE
KXCPICOREYOY-25JUN,2025-06-23,2025-07-15,3.3000000000000003,0,0,6,0,FALSE
KXCPICOREYOY-25NOV,2025-12-05,2025-12-18,3.3000000000000003,4,0,4,0,FALSE
KXCPICOREYOY-25NOV,2025-12-06,2025-12-18,3.3000000000000003,4,0,4,0,FALSE
KXCPICOREYOY-25NOV,2025-12-07,2025-12-18,3.3000000000000003,4,0,4,0,FALSE
KXCPICOREYOY-25NOV,2025-12-08,2025-12-18,3.3000000000000003,4,0,3,0,FALSE
KXCPICOREYOY-25NOV,2025-12-09,2025-12-18,3.3000000000000003,1,400,1,0,FALSE
KXCPICOREYOY-25NOV,2025-12-10,2025-12-18,3.3000000000000003,1,0,1,0,FALSE
KXCPICOREYOY-25NOV,2025-12-11,2025-12-18,3.3000000000000003,1,0,1,0,FALSE
KXCPICOREYOY-25NOV,2025-12-12,2025-12-18,3.3000000000000003,1,0,1,0,FALSE
KXCPICOREYOY-25NOV,2025-12-13,2025-12-18,3.3000000000000003,1,0,1,0,FALSE
KXCPICOREYOY-25NOV,2025-12-14,2025-12-18,3.3000000000000003,1,0,1,0,FALSE
KXCPICOREYOY-25NOV,2025-12-15,2025-12-18,3.3000000000000003,1,0,1,0,FALSE
KXCPICOREYOY-25NOV,2025-12-16,2025-12-18,3.3000000000000003,5,20,3,0,FALSE
KXCPICOREYOY-25NOV,2025-12-17,2025-12-18,3.3000000000000003,1,59,1,0,FALSE
KXCPICOREYOY-25NOV,2025-12-18,2025-12-18,3.3000000000000003,1,0,1,0,FALSE
KXCPICOREYOY-25SEP,2025-09-15,2025-10-15,3.3000000000000003,2,501,2,1.0204081632653061,FALSE
KXCPICOREYOY-25SEP,2025-09-16,2025-10-15,3.3000000000000003,2,0,2,1.0204081632653061,FALSE
KXCPICOREYOY-25SEP,2025-09-17,2025-10-15,3.3000000000000003,2,0,2,1.0204081632653061,FALSE
KXCPICOREYOY-25SEP,2025-09-18,2025-10-15,3.3000000000000003,2,0,2,1.0204081632653061,FALSE
KXCPICOREYOY-25SEP,2025-09-19,2025-10-15,3.3000000000000003,3,200,3,2.0408163265306123,FALSE
KXCPICOREYOY-25SEP,2025-09-20,2025-10-15,3.3000000000000003,3,0,3,2.0408163265306123,FALSE
KXCPICOREYOY-25SEP,2025-09-21,2025-10-15,3.3000000000000003,3,0,3,2.0408163265306123,FALSE
KXCPICOREYOY-25SEP,2025-09-22,2025-10-15,3.3000000000000003,3,0,3,2.0408163265306123,FALSE
KXCPICOREYOY-25SEP,2025-09-23,2025-10-15,3.3000000000000003,3,0,3,2.0408163265306123,FALSE
KXCPICOREYOY-25SEP,2025-09-24,2025-10-15,3.3000000000000003,3,0,3,2.0408163265306123,FALSE
KXCPICOREYOY-25SEP,2025-09-25,2025-10-15,3.3000000000000003,3,300,3,2.0408163265306123,FALSE
KXCPICOREYOY-25SEP,2025-09-26,2025-10-15,3.3000000000000003,4,6,4,3.061224489795918,FALSE
KXCPICOREYOY-25SEP,2025-09-27,2025-10-15,3.3000000000000003,4,0,4,3.061224489795918,FALSE
KXCPICOREYOY-25SEP,2025-09-28,2025-10-15,3.3000000000000003,4,0,4,3.061224489795918,FALSE
KXCPICOREYOY-25SEP,2025-09-29,2025-10-15,3.3000000000000003,4,0,4,3.061224489795918,FALSE
KXCPICOREYOY-25SEP,2025-09-30,2025-10-15,3.3000000000000003,4,0,4,3.061224489795918,FALSE
KXCPICOREYOY-25SEP,2025-10-01,2025-10-15,3.3000000000000003,4,0,4,3.061224489795918,FALSE
KXCPICOREYOY-25SEP,2025-10-02,2025-10-15,3.3000000000000003,1,2,1,0,FALSE
KXCPICOREYOY-25SEP,2025-10-03,2025-10-15,3.3000000000000003,1,0,1,0,FALSE
KXCPICOREYOY-25SEP,2025-10-04,2025-10-15,3.3000000000000003,1,0,1,0,FALSE
KXCPICOREYOY-25SEP,2025-10-05,2025-10-15,3.3000000000000003,1,0,1,0,FALSE
KXCPICOREYOY-25SEP,2025-10-06,2025-10-15,3.3000000000000003,1,0,1,0,FALSE
KXCPICOREYOY-25SEP,2025-10-07,2025-10-15,3.3000000000000003,1,0,1,0,FALSE
KXCPICOREYOY-25SEP,2025-10-08,2025-10-15,3.3000000000000003,1,0,1,0,FALSE
KXCPICOREYOY-25SEP,2025-10-09,2025-10-15,3.3000000000000003,4,1688,4,3.061224489795918,FALSE
KXCPICOREYOY-25SEP,2025-10-10,2025-10-15,3.3000000000000003,4,0,4,3.061224489795918,FALSE
KXCPICOREYOY-25SEP,2025-10-11,2025-10-15,3.3000000000000003,4,0,4,3.061224489795918,FALSE
KXCPICOREYOY-25SEP,2025-10-12,2025-10-15,3.3000000000000003,4,0,4,3.061224489795918,FALSE
KXCPICOREYOY-25SEP,2025-10-13,2025-10-15,3.3000000000000003,4,0,4,3.061224489795918,FALSE
KXCPICOREYOY-25SEP,2025-10-14,2025-10-15,3.3000000000000003,1,1089,1,0,FALSE
KXCPICOREYOY-25SEP,2025-10-15,2025-10-15,3.3000000000000003,1,0,1,0,FALSE
KXCPICOREYOY-26FEB,2026-02-17,2026-03-11,3.3000000000000003,0,0,1,0,FALSE
KXCPICOREYOY-26FEB,2026-02-18,2026-03-11,3.3000000000000003,0,0,1,0,FALSE
KXCPICOREYOY-26FEB,2026-02-19,2026-03-11,3.3000000000000003,0,0,1,0,FALSE
KXCPICOREYOY-26FEB,2026-02-20,2026-03-11,3.3000000000000003,0,0,1,0,FALSE
KXCPICOREYOY-26FEB,2026-02-21,2026-03-11,3.3000000000000003,0,0,1,0,FALSE
KXCPICOREYOY-26FEB,2026-02-22,2026-03-11,3.3000000000000003,0,0,1,0,FALSE
KXCPICOREYOY-26FEB,2026-02-23,2026-03-11,3.3000000000000003,0,0,1,0,FALSE
KXCPICOREYOY-26FEB,2026-02-24,2026-03-11,3.3000000000000003,0,0,1,0,FALSE
KXCPICOREYOY-26FEB,2026-02-25,2026-03-11,3.3000000000000003,0,0,1,0,FALSE
KXCPICOREYOY-26FEB,2026-02-26,2026-03-11,3.3000000000000003,0,0,1,0,FALSE
KXCPICOREYOY-26FEB,2026-02-27,2026-03-11,3.3000000000000003,0,0,1,0,FALSE
KXCPICOREYOY-26FEB,2026-02-28,2026-03-11,3.3000000000000003,0,0,1,0,FALSE
KXCPICOREYOY-26FEB,2026-03-01,2026-03-11,3.3000000000000003,0,0,1,0,FALSE
KXCPICOREYOY-26FEB,2026-03-02,2026-03-11,3.3000000000000003,0,0,1,0,FALSE
KXCPICOREYOY-26FEB,2026-03-03,2026-03-11,3.3000000000000003,0,0,1,0,FALSE
KXCPICOREYOY-26FEB,2026-03-04,2026-03-11,3.3000000000000003,0,0,1,0,FALSE
KXCPICOREYOY-26FEB,2026-03-05,2026-03-11,3.3000000000000003,0,0,1,0,FALSE
KXCPICOREYOY-26JUL,2026-07-08,2026-08-05,3.3000000000000003,0,0,1,0,FALSE
KXCPICOREYOY-26JUL,2026-07-09,2026-08-05,3.3000000000000003,0,0,1,0,FALSE
KXCPICOREYOY-26JUL,2026-07-13,2026-08-05,3.3000000000000003,0,0,1,0,FALSE
KXCPICOREYOY-26JUL,2026-07-14,2026-08-05,3.3000000000000003,0,0,1,0,FALSE
KXCPICOREYOY-26JUL,2026-07-15,2026-08-05,3.3000000000000003,0,0,1,0,FALSE
KXCPICOREYOY-26JUN,2026-06-29,2026-07-14,3.3000000000000003,4,0,3,0,FALSE
KXCPICOREYOY-26JUN,2026-06-30,2026-07-14,3.3000000000000003,4,0,3,0,FALSE
KXCPICOREYOY-26JUN,2026-07-01,2026-07-14,3.3000000000000003,4,0,1,0,FALSE
KXCPICOREYOY-26JUN,2026-07-02,2026-07-14,3.3000000000000003,4,0,1,0,FALSE
KXCPICOREYOY-26JUN,2026-07-03,2026-07-14,3.3000000000000003,4,0,1,0,FALSE
KXCPICOREYOY-26JUN,2026-07-04,2026-07-14,3.3000000000000003,4,0,1,0,FALSE
KXCPICOREYOY-26JUN,2026-07-05,2026-07-14,3.3000000000000003,4,0,1,0,FALSE
KXCPICOREYOY-26JUN,2026-07-06,2026-07-14,3.3000000000000003,4,0,1,0,FALSE
KXCPICOREYOY-26MAY,2026-05-11,2026-06-10,3.3000000000000003,3,0,3,0,FALSE
KXCPICOREYOY-26MAY,2026-05-12,2026-06-10,3.3000000000000003,3,0,3,0,FALSE
KXCPICOREYOY-26MAY,2026-05-13,2026-06-10,3.3000000000000003,3,0,3,0,FALSE
KXCPICOREYOY-26MAY,2026-05-14,2026-06-10,3.3000000000000003,3,0,3,0,FALSE
KXCPICOREYOY-26MAY,2026-05-15,2026-06-10,3.3000000000000003,3,0,3,0,FALSE
KXCPICOREYOY-26MAY,2026-05-16,2026-06-10,3.3000000000000003,3,0,3,0,FALSE
KXCPICOREYOY-26MAY,2026-05-17,2026-06-10,3.3000000000000003,3,0,3,0,FALSE
KXCPICOREYOY-26MAY,2026-05-18,2026-06-10,3.3000000000000003,3,0,3,0,FALSE
KXCPICOREYOY-26MAY,2026-05-19,2026-06-10,3.3000000000000003,3,0,3,0,FALSE
KXCPICOREYOY-26MAY,2026-05-20,2026-06-10,3.3000000000000003,3,0,3,0,FALSE
KXCPICOREYOY-26MAY,2026-05-21,2026-06-10,3.3000000000000003,3,0,2,0,FALSE
KXCPICOREYOY-26MAY,2026-05-22,2026-06-10,3.3000000000000003,3,0,2,0,FALSE
KXCPICOREYOY-26MAY,2026-05-23,2026-06-10,3.3000000000000003,3,0,2,0,FALSE
KXCPICOREYOY-26MAY,2026-05-24,2026-06-10,3.3000000000000003,3,0,2,0,FALSE
KXCPICOREYOY-26MAY,2026-05-25,2026-06-10,3.3000000000000003,3,0,2,0,FALSE
KXCPICOREYOY-26MAY,2026-05-26,2026-06-10,3.3000000000000003,3,0,2,0,FALSE
KXCPICOREYOY-26MAY,2026-05-27,2026-06-10,3.3000000000000003,3,0,2,0,FALSE
KXCPICOREYOY-26MAY,2026-05-28,2026-06-10,3.3000000000000003,3,0,2,0,FALSE
KXCPICOREYOY-26MAY,2026-05-29,2026-06-10,3.3000000000000003,2,5,2,0,FALSE
KXCPICOREYOY-26MAY,2026-05-30,2026-06-10,3.3000000000000003,2,0,2,0,FALSE
KXCPICOREYOY-26MAY,2026-05-31,2026-06-10,3.3000000000000003,2,0,2,0,FALSE
KXCPICOREYOY-26MAY,2026-06-01,2026-06-10,3.3000000000000003,2,0,2,0,FALSE
KXCPICOREYOY-26MAY,2026-06-02,2026-06-10,3.3000000000000003,2,0,2,0,FALSE
KXCPICOREYOY-26MAY,2026-06-03,2026-06-10,3.3000000000000003,2,0,2,0,FALSE
KXCPICOREYOY-26MAY,2026-06-04,2026-06-10,3.3000000000000003,2,0,2,0,FALSE
KXCPICOREYOY-26MAY,2026-06-05,2026-06-10,3.3000000000000003,2,0,2,0,FALSE
KXCPICOREYOY-26MAY,2026-06-06,2026-06-10,3.3000000000000003,2,0,2,0,FALSE
KXCPICOREYOY-26MAY,2026-06-07,2026-06-10,3.3000000000000003,2,0,2,0,FALSE
CPICOREYOY-23SEP,2023-09-15,2023-10-12,3.4,0,0,90,0,FALSE
CPICOREYOY-23SEP,2023-09-16,2023-10-12,3.4,0,0,90,2.0408163265306123,FALSE
CPICOREYOY-23SEP,2023-09-17,2023-10-12,3.4,0,0,90,0,FALSE
CPICOREYOY-23SEP,2023-09-18,2023-10-12,3.4,0,0,90,0,FALSE
CPICOREYOY-23SEP,2023-09-19,2023-10-12,3.4,0,0,90,0,FALSE
CPICOREYOY-23SEP,2023-09-20,2023-10-12,3.4,0,0,90,0,FALSE
CPICOREYOY-23SEP,2023-09-21,2023-10-12,3.4,0,0,90,0,FALSE
CPICOREYOY-23SEP,2023-09-22,2023-10-12,3.4,0,0,90,0,FALSE
CPICOREYOY-23SEP,2023-09-23,2023-10-12,3.4,0,0,90,0,FALSE
CPICOREYOY-23SEP,2023-09-24,2023-10-12,3.4,0,0,90,0,FALSE
CPICOREYOY-23SEP,2023-09-25,2023-10-12,3.4,0,0,90,0,FALSE
CPICOREYOY-23SEP,2023-09-26,2023-10-12,3.4,0,0,90,0,FALSE
CPICOREYOY-23SEP,2023-09-27,2023-10-12,3.4,0,0,90,0,FALSE
CPICOREYOY-23SEP,2023-09-28,2023-10-12,3.4,0,0,90,0,FALSE
CPICOREYOY-23SEP,2023-09-29,2023-10-12,3.4,0,0,90,0,FALSE
CPICOREYOY-23SEP,2023-09-30,2023-10-12,3.4,0,0,80,0,FALSE
CPICOREYOY-23SEP,2023-10-01,2023-10-12,3.4,0,0,80,0,FALSE
CPICOREYOY-23SEP,2023-10-02,2023-10-12,3.4,0,0,74,0,FALSE
CPICOREYOY-23SEP,2023-10-03,2023-10-12,3.4,0,0,74,0,FALSE
CPICOREYOY-23SEP,2023-10-04,2023-10-12,3.4,0,0,65,0,FALSE
CPICOREYOY-23SEP,2023-10-05,2023-10-12,3.4,0,0,65,0,FALSE
CPICOREYOY-23SEP,2023-10-06,2023-10-12,3.4,0,0,65,0,FALSE
CPICOREYOY-23SEP,2023-10-07,2023-10-12,3.4,0,0,65,0,FALSE
CPICOREYOY-23SEP,2023-10-08,2023-10-12,3.4,0,0,65,0,FALSE
CPICOREYOY-23SEP,2023-10-09,2023-10-12,3.4,0,0,65,0,FALSE
CPICOREYOY-23SEP,2023-10-10,2023-10-12,3.4,0,0,65,0,FALSE
CPICOREYOY-23SEP,2023-10-11,2023-10-12,3.4,0,0,65,0,FALSE
CPICOREYOY-23SEP,2023-10-12,2023-10-12,3.4,0,0,99,0,FALSE
CPICOREYOY-24APR,2024-04-15,2024-05-15,3.4,95,0,95,4.081632653061225,FALSE
CPICOREYOY-24APR,2024-04-16,2024-05-15,3.4,95,0,95,4.081632653061225,FALSE
CPICOREYOY-24APR,2024-04-17,2024-05-15,3.4,95,0,95,4.081632653061225,FALSE
CPICOREYOY-24APR,2024-04-18,2024-05-15,3.4,95,0,95,4.081632653061225,FALSE
CPICOREYOY-24APR,2024-04-19,2024-05-15,3.4,95,0,95,7.142857142857143,FALSE
CPICOREYOY-24APR,2024-04-20,2024-05-15,3.4,95,0,95,7.142857142857143,FALSE
CPICOREYOY-24APR,2024-04-21,2024-05-15,3.4,95,0,95,7.142857142857143,FALSE
CPICOREYOY-24APR,2024-04-22,2024-05-15,3.4,95,1190,95,7.142857142857143,FALSE
CPICOREYOY-24APR,2024-04-23,2024-05-15,3.4,90,5,90,4.081632653061225,FALSE
CPICOREYOY-24APR,2024-04-24,2024-05-15,3.4,90,0,90,4.081632653061225,FALSE
CPICOREYOY-24APR,2024-04-25,2024-05-15,3.4,90,0,90,6.122448979591836,FALSE
CPICOREYOY-24APR,2024-04-26,2024-05-15,3.4,90,0,90,6.122448979591836,FALSE
CPICOREYOY-24APR,2024-04-27,2024-05-15,3.4,90,0,90,6.122448979591836,FALSE
CPICOREYOY-24APR,2024-04-28,2024-05-15,3.4,90,0,90,6.122448979591836,FALSE
CPICOREYOY-24APR,2024-04-29,2024-05-15,3.4,90,0,90,6.122448979591836,FALSE
CPICOREYOY-24APR,2024-04-30,2024-05-15,3.4,90,0,90,6.122448979591836,FALSE
CPICOREYOY-24APR,2024-05-01,2024-05-15,3.4,90,0,90,6.122448979591836,FALSE
CPICOREYOY-24APR,2024-05-02,2024-05-15,3.4,90,0,90,6.122448979591836,FALSE
CPICOREYOY-24APR,2024-05-03,2024-05-15,3.4,97,152,97,9.183673469387756,FALSE
CPICOREYOY-24APR,2024-05-04,2024-05-15,3.4,97,0,97,9.183673469387756,FALSE
CPICOREYOY-24APR,2024-05-05,2024-05-15,3.4,97,0,97,9.183673469387756,FALSE
CPICOREYOY-24APR,2024-05-06,2024-05-15,3.4,97,0,97,25.510204081632654,FALSE
CPICOREYOY-24APR,2024-05-07,2024-05-15,3.4,97,0,97,25.510204081632654,FALSE
CPICOREYOY-24APR,2024-05-08,2024-05-15,3.4,97,0,97,25.510204081632654,FALSE
CPICOREYOY-24APR,2024-05-09,2024-05-15,3.4,97,0,97,9.183673469387756,FALSE
CPICOREYOY-24APR,2024-05-10,2024-05-15,3.4,97,0,97,9.183673469387756,FALSE
CPICOREYOY-24APR,2024-05-11,2024-05-15,3.4,97,0,97,9.183673469387756,FALSE
CPICOREYOY-24APR,2024-05-12,2024-05-15,3.4,97,0,97,9.183673469387756,FALSE
CPICOREYOY-24APR,2024-05-13,2024-05-15,3.4,93,1000,93,12.244897959183673,FALSE
CPICOREYOY-24APR,2024-05-14,2024-05-15,3.4,93,0,93,12.244897959183673,FALSE
CPICOREYOY-24APR,2024-05-15,2024-05-15,3.4,95,1153,95,14.285714285714286,FALSE
CPICOREYOY-24FEB,2024-02-23,2024-03-12,3.4,0,0,92,7.142857142857143,FALSE
CPICOREYOY-24FEB,2024-02-24,2024-03-12,3.4,0,0,92,7.142857142857143,FALSE
CPICOREYOY-24FEB,2024-02-25,2024-03-12,3.4,0,0,92,7.142857142857143,FALSE
CPICOREYOY-24FEB,2024-02-26,2024-03-12,3.4,0,0,92,7.142857142857143,FALSE
CPICOREYOY-24FEB,2024-02-27,2024-03-12,3.4,0,0,92,7.142857142857143,FALSE
CPICOREYOY-24FEB,2024-02-28,2024-03-12,3.4,99,10,99,0,FALSE
CPICOREYOY-24FEB,2024-02-29,2024-03-12,3.4,99,3,99,0,FALSE
CPICOREYOY-24FEB,2024-03-01,2024-03-12,3.4,99,0,99,0,FALSE
CPICOREYOY-24FEB,2024-03-02,2024-03-12,3.4,99,0,99,0,FALSE
CPICOREYOY-24FEB,2024-03-03,2024-03-12,3.4,99,0,99,0,FALSE
CPICOREYOY-24FEB,2024-03-04,2024-03-12,3.4,99,0,99,0,FALSE
CPICOREYOY-24FEB,2024-03-05,2024-03-12,3.4,99,0,99,0,FALSE
CPICOREYOY-24FEB,2024-03-06,2024-03-12,3.4,99,0,99,0,FALSE
CPICOREYOY-24FEB,2024-03-07,2024-03-12,3.4,99,0,99,0,FALSE
CPICOREYOY-24FEB,2024-03-08,2024-03-12,3.4,99,0,99,0,FALSE
CPICOREYOY-24FEB,2024-03-09,2024-03-12,3.4,99,0,99,0,FALSE
CPICOREYOY-24FEB,2024-03-10,2024-03-12,3.4,99,0,99,0,FALSE
CPICOREYOY-24FEB,2024-03-11,2024-03-12,3.4,99,0,99,0,FALSE
CPICOREYOY-24FEB,2024-03-12,2024-03-12,3.4,99,0,99,0,FALSE
CPICOREYOY-24JAN,2024-01-14,2024-02-13,3.4,89,0,89,40.816326530612244,FALSE
CPICOREYOY-24JAN,2024-01-15,2024-02-13,3.4,89,0,89,40.816326530612244,FALSE
CPICOREYOY-24JAN,2024-01-16,2024-02-13,3.4,89,0,89,40.816326530612244,FALSE
CPICOREYOY-24JAN,2024-01-17,2024-02-13,3.4,89,0,89,40.816326530612244,FALSE
CPICOREYOY-24JAN,2024-01-18,2024-02-13,3.4,89,0,89,40.816326530612244,FALSE
CPICOREYOY-24JAN,2024-01-19,2024-02-13,3.4,89,0,89,40.816326530612244,FALSE
CPICOREYOY-24JAN,2024-01-20,2024-02-13,3.4,89,0,89,40.816326530612244,FALSE
CPICOREYOY-24JAN,2024-01-21,2024-02-13,3.4,89,0,89,40.816326530612244,FALSE
CPICOREYOY-24JAN,2024-01-22,2024-02-13,3.4,89,0,89,40.816326530612244,FALSE
CPICOREYOY-24JAN,2024-01-23,2024-02-13,3.4,89,0,89,40.816326530612244,FALSE
CPICOREYOY-24JAN,2024-01-24,2024-02-13,3.4,89,0,89,40.816326530612244,FALSE
CPICOREYOY-24JAN,2024-01-25,2024-02-13,3.4,89,0,89,40.816326530612244,FALSE
CPICOREYOY-24JAN,2024-01-26,2024-02-13,3.4,89,0,89,40.816326530612244,FALSE
CPICOREYOY-24JAN,2024-01-27,2024-02-13,3.4,89,0,89,40.816326530612244,FALSE
CPICOREYOY-24JAN,2024-01-28,2024-02-13,3.4,89,0,89,40.816326530612244,FALSE
CPICOREYOY-24JAN,2024-01-29,2024-02-13,3.4,89,0,89,40.816326530612244,FALSE
CPICOREYOY-24JAN,2024-01-30,2024-02-13,3.4,89,0,89,40.816326530612244,FALSE
CPICOREYOY-24JAN,2024-01-31,2024-02-13,3.4,89,0,89,40.816326530612244,FALSE
CPICOREYOY-24JAN,2024-02-01,2024-02-13,3.4,89,0,89,40.816326530612244,FALSE
CPICOREYOY-24JAN,2024-02-02,2024-02-13,3.4,89,0,89,40.816326530612244,FALSE
CPICOREYOY-24JAN,2024-02-03,2024-02-13,3.4,89,0,89,40.816326530612244,FALSE
CPICOREYOY-24JAN,2024-02-04,2024-02-13,3.4,89,0,89,40.816326530612244,FALSE
CPICOREYOY-24JAN,2024-02-05,2024-02-13,3.4,89,0,89,40.816326530612244,FALSE
CPICOREYOY-24JAN,2024-02-06,2024-02-13,3.4,89,0,89,40.816326530612244,FALSE
CPICOREYOY-24JAN,2024-02-07,2024-02-13,3.4,89,0,89,40.816326530612244,FALSE
CPICOREYOY-24JAN,2024-02-08,2024-02-13,3.4,89,0,89,40.816326530612244,FALSE
CPICOREYOY-24JAN,2024-02-09,2024-02-13,3.4,89,0,89,40.816326530612244,FALSE
CPICOREYOY-24JAN,2024-02-10,2024-02-13,3.4,89,0,89,40.816326530612244,FALSE
CPICOREYOY-24JAN,2024-02-11,2024-02-13,3.4,89,0,89,40.816326530612244,FALSE
CPICOREYOY-24JAN,2024-02-12,2024-02-13,3.4,89,0,89,40.816326530612244,FALSE
CPICOREYOY-24JAN,2024-02-13,2024-02-13,3.4,89,0,89,40.816326530612244,FALSE
CPICOREYOY-24JUL,2024-07-30,2024-08-14,3.4,0,0,1,0,FALSE
CPICOREYOY-24JUL,2024-07-31,2024-08-14,3.4,0,0,1,0,FALSE
CPICOREYOY-24JUL,2024-08-01,2024-08-14,3.4,0,0,1,0,FALSE
CPICOREYOY-24JUL,2024-08-02,2024-08-14,3.4,0,0,1,0,FALSE
CPICOREYOY-24JUL,2024-08-03,2024-08-14,3.4,0,0,1,0,FALSE
CPICOREYOY-24JUL,2024-08-04,2024-08-14,3.4,0,0,1,0,FALSE
CPICOREYOY-24JUL,2024-08-05,2024-08-14,3.4,0,0,1,0,FALSE
CPICOREYOY-24JUL,2024-08-06,2024-08-14,3.4,0,0,1,0,FALSE
CPICOREYOY-24JUL,2024-08-07,2024-08-14,3.4,0,0,1,0,FALSE
CPICOREYOY-24JUL,2024-08-08,2024-08-14,3.4,0,0,1,0,FALSE
CPICOREYOY-24JUL,2024-08-09,2024-08-14,3.4,0,0,1,0,FALSE
CPICOREYOY-24JUL,2024-08-10,2024-08-14,3.4,0,0,1,0,FALSE
CPICOREYOY-24JUL,2024-08-11,2024-08-14,3.4,0,0,1,0,FALSE
CPICOREYOY-24JUL,2024-08-12,2024-08-14,3.4,1,8,1,0,FALSE
CPICOREYOY-24JUL,2024-08-13,2024-08-14,3.4,1,0,1,0,FALSE
CPICOREYOY-24JUL,2024-08-14,2024-08-14,3.4,1,0,1,0,FALSE
CPICOREYOY-24JUN,2024-07-02,2024-07-10,3.4,28.000000000000004,170,28.000000000000004,27.55102040816327,FALSE
CPICOREYOY-24JUN,2024-07-03,2024-07-10,3.4,28.000000000000004,0,28.000000000000004,27.55102040816327,FALSE
CPICOREYOY-24JUN,2024-07-04,2024-07-10,3.4,28.000000000000004,0,28.000000000000004,27.55102040816327,FALSE
CPICOREYOY-24JUN,2024-07-05,2024-07-10,3.4,28.000000000000004,0,28.000000000000004,27.55102040816327,FALSE
CPICOREYOY-24JUN,2024-07-06,2024-07-10,3.4,28.000000000000004,0,28.000000000000004,27.55102040816327,FALSE
CPICOREYOY-24JUN,2024-07-07,2024-07-10,3.4,28.000000000000004,0,28.000000000000004,27.55102040816327,FALSE
CPICOREYOY-24JUN,2024-07-08,2024-07-10,3.4,28.000000000000004,0,28.000000000000004,27.55102040816327,FALSE
CPICOREYOY-24JUN,2024-07-09,2024-07-10,3.4,28.000000000000004,0,28.000000000000004,27.55102040816327,FALSE
CPICOREYOY-24JUN,2024-07-10,2024-07-10,3.4,30,631,30,29.591836734693878,FALSE
CPICOREYOY-24MAR,2024-03-11,2024-04-10,3.4,98,0,98,11.224489795918368,FALSE
CPICOREYOY-24MAR,2024-03-12,2024-04-10,3.4,99,9,99,2.0408163265306123,FALSE
CPICOREYOY-24MAR,2024-03-13,2024-04-10,3.4,99,0,99,4.081632653061225,FALSE
CPICOREYOY-24MAR,2024-03-14,2024-04-10,3.4,99,0,99,4.081632653061225,FALSE
CPICOREYOY-24MAR,2024-03-15,2024-04-10,3.4,99,0,99,4.081632653061225,FALSE
CPICOREYOY-24MAR,2024-03-16,2024-04-10,3.4,99,0,99,4.081632653061225,FALSE
CPICOREYOY-24MAR,2024-03-17,2024-04-10,3.4,99,0,99,4.081632653061225,FALSE
CPICOREYOY-24MAR,2024-03-18,2024-04-10,3.4,99,0,99,4.081632653061225,FALSE
CPICOREYOY-24MAR,2024-03-19,2024-04-10,3.4,99,0,99,4.081632653061225,FALSE
CPICOREYOY-24MAR,2024-03-20,2024-04-10,3.4,99,0,99,4.081632653061225,FALSE
CPICOREYOY-24MAR,2024-03-21,2024-04-10,3.4,99,0,99,4.081632653061225,FALSE
CPICOREYOY-24MAR,2024-03-22,2024-04-10,3.4,99,0,99,4.081632653061225,FALSE
CPICOREYOY-24MAR,2024-03-23,2024-04-10,3.4,99,0,99,4.081632653061225,FALSE
CPICOREYOY-24MAR,2024-03-24,2024-04-10,3.4,99,0,99,4.081632653061225,FALSE
CPICOREYOY-24MAR,2024-03-25,2024-04-10,3.4,99,0,99,4.081632653061225,FALSE
CPICOREYOY-24MAR,2024-03-26,2024-04-10,3.4,99,0,99,4.081632653061225,FALSE
CPICOREYOY-24MAR,2024-03-27,2024-04-10,3.4,99,0,99,4.081632653061225,FALSE
CPICOREYOY-24MAR,2024-03-28,2024-04-10,3.4,99,0,99,4.081632653061225,FALSE
CPICOREYOY-24MAR,2024-03-29,2024-04-10,3.4,99,0,99,4.081632653061225,FALSE
CPICOREYOY-24MAR,2024-03-30,2024-04-10,3.4,99,0,99,4.081632653061225,FALSE
CPICOREYOY-24MAR,2024-03-31,2024-04-10,3.4,99,0,99,4.081632653061225,FALSE
CPICOREYOY-24MAR,2024-04-01,2024-04-10,3.4,99,0,99,4.081632653061225,FALSE
CPICOREYOY-24MAR,2024-04-02,2024-04-10,3.4,99,0,99,4.081632653061225,FALSE
CPICOREYOY-24MAR,2024-04-03,2024-04-10,3.4,99,0,99,4.081632653061225,FALSE
CPICOREYOY-24MAR,2024-04-04,2024-04-10,3.4,99,0,99,4.081632653061225,FALSE
CPICOREYOY-24MAR,2024-04-05,2024-04-10,3.4,99,0,99,0,FALSE
CPICOREYOY-24MAR,2024-04-06,2024-04-10,3.4,99,0,99,0,FALSE
CPICOREYOY-24MAR,2024-04-07,2024-04-10,3.4,99,0,99,0,FALSE
CPICOREYOY-24MAR,2024-04-08,2024-04-10,3.4,99,0,99,0,FALSE
CPICOREYOY-24MAR,2024-04-09,2024-04-10,3.4,99,0,99,0,FALSE
CPICOREYOY-24MAR,2024-04-10,2024-04-10,3.4,99,0,99,0,FALSE
CPICOREYOY-24MAY,2024-05-15,2024-06-12,3.4,86,1000,86,62.244897959183675,FALSE
CPICOREYOY-24MAY,2024-05-16,2024-06-12,3.4,86,168,86,36.734693877551024,FALSE
CPICOREYOY-24MAY,2024-05-17,2024-06-12,3.4,85,1295,85,37.755102040816325,FALSE
CPICOREYOY-24MAY,2024-05-18,2024-06-12,3.4,85,0,85,37.755102040816325,FALSE
CPICOREYOY-24MAY,2024-05-19,2024-06-12,3.4,83,272,83,35.714285714285715,FALSE
CPICOREYOY-24MAY,2024-05-20,2024-06-12,3.4,83,0,83,35.714285714285715,FALSE
CPICOREYOY-24MAY,2024-05-21,2024-06-12,3.4,82,52,82,34.69387755102041,FALSE
CPICOREYOY-24MAY,2024-05-22,2024-06-12,3.4,82,0,82,34.69387755102041,FALSE
CPICOREYOY-24MAY,2024-05-23,2024-06-12,3.4,82,0,82,34.69387755102041,FALSE
CPICOREYOY-24MAY,2024-05-24,2024-06-12,3.4,82,0,82,34.69387755102041,FALSE
CPICOREYOY-24MAY,2024-05-25,2024-06-12,3.4,90,1,90,33.67346938775511,FALSE
CPICOREYOY-24MAY,2024-05-26,2024-06-12,3.4,82,42,82,25.51020408163266,FALSE
CPICOREYOY-24MAY,2024-05-27,2024-06-12,3.4,82,0,82,25.51020408163266,FALSE
CPICOREYOY-24MAY,2024-05-28,2024-06-12,3.4,82,621,82,36.734693877551024,FALSE
CPICOREYOY-24MAY,2024-05-29,2024-06-12,3.4,86,1499,86,38.775510204081634,FALSE
CPICOREYOY-24MAY,2024-05-30,2024-06-12,3.4,86,0,86,38.775510204081634,FALSE
CPICOREYOY-24MAY,2024-05-31,2024-06-12,3.4,86,0,86,38.775510204081634,FALSE
CPICOREYOY-24MAY,2024-06-01,2024-06-12,3.4,86,0,86,38.775510204081634,FALSE
CPICOREYOY-24MAY,2024-06-02,2024-06-12,3.4,86,0,86,38.775510204081634,FALSE
CPICOREYOY-24MAY,2024-06-03,2024-06-12,3.4,86,0,86,38.775510204081634,FALSE
CPICOREYOY-24MAY,2024-06-04,2024-06-12,3.4,83,1500,83,37.755102040816325,FALSE
CPICOREYOY-24MAY,2024-06-05,2024-06-12,3.4,83,0,83,37.755102040816325,FALSE
CPICOREYOY-24MAY,2024-06-06,2024-06-12,3.4,83,0,83,33.673469387755105,FALSE
CPICOREYOY-24MAY,2024-06-07,2024-06-12,3.4,83,0,83,39.795918367346935,FALSE
CPICOREYOY-24MAY,2024-06-08,2024-06-12,3.4,83,0,83,37.755102040816325,FALSE
CPICOREYOY-24MAY,2024-06-09,2024-06-12,3.4,83,0,83,37.755102040816325,FALSE
CPICOREYOY-24MAY,2024-06-10,2024-06-12,3.4,84,1810,84,45.91836734693877,FALSE
CPICOREYOY-24MAY,2024-06-11,2024-06-12,3.4,85,262,85,41.83673469387755,FALSE
CPICOREYOY-24MAY,2024-06-12,2024-06-12,3.4,85,645,85,41.83673469387755,FALSE
CPICOREYOY-24OCT,2024-10-21,2024-11-12,3.4,6,2000,6,5.1020408163265305,FALSE
CPICOREYOY-24OCT,2024-10-22,2024-11-12,3.4,6,0,6,5.1020408163265305,FALSE
CPICOREYOY-24OCT,2024-10-23,2024-11-12,3.4,6,0,6,5.1020408163265305,FALSE
CPICOREYOY-24OCT,2024-10-24,2024-11-12,3.4,6,0,6,5.1020408163265305,FALSE
CPICOREYOY-24OCT,2024-10-25,2024-11-12,3.4,6,0,6,5.1020408163265305,FALSE
CPICOREYOY-24OCT,2024-10-26,2024-11-12,3.4,6,0,6,5.1020408163265305,FALSE
CPICOREYOY-24OCT,2024-10-27,2024-11-12,3.4,6,0,6,5.1020408163265305,FALSE
CPICOREYOY-24OCT,2024-10-28,2024-11-12,3.4,6,0,6,5.1020408163265305,FALSE
CPICOREYOY-24OCT,2024-10-29,2024-11-12,3.4,6,0,6,5.1020408163265305,FALSE
CPICOREYOY-24OCT,2024-10-30,2024-11-12,3.4,6,0,6,5.1020408163265305,FALSE
CPICOREYOY-24OCT,2024-10-31,2024-11-12,3.4,6,0,6,5.1020408163265305,FALSE
CPICOREYOY-24OCT,2024-11-01,2024-11-12,3.4,6,0,6,5.1020408163265305,FALSE
CPICOREYOY-24OCT,2024-11-02,2024-11-12,3.4,6,0,6,5.1020408163265305,FALSE
CPICOREYOY-24OCT,2024-11-03,2024-11-12,3.4,6,0,6,5.1020408163265305,FALSE
CPICOREYOY-24OCT,2024-11-04,2024-11-12,3.4,6,0,6,5.1020408163265305,FALSE
CPICOREYOY-24OCT,2024-11-05,2024-11-12,3.4,6,0,6,5.1020408163265305,FALSE
CPICOREYOY-24OCT,2024-11-06,2024-11-12,3.4,6,0,6,5.1020408163265305,FALSE
CPICOREYOY-24OCT,2024-11-07,2024-11-12,3.4,6,0,6,5.1020408163265305,FALSE
CPICOREYOY-24OCT,2024-11-08,2024-11-12,3.4,6,0,6,5.1020408163265305,FALSE
CPICOREYOY-24OCT,2024-11-09,2024-11-12,3.4,6,0,6,5.1020408163265305,FALSE
CPICOREYOY-24OCT,2024-11-10,2024-11-12,3.4,6,0,6,5.1020408163265305,FALSE
CPICOREYOY-24OCT,2024-11-11,2024-11-12,3.4,6,0,6,5.1020408163265305,FALSE
CPICOREYOY-24OCT,2024-11-12,2024-11-12,3.4,20,2000,20,19.387755102040817,FALSE
KXCPICOREYOY-24NOV,2024-11-22,2024-12-11,3.4,7.000000000000001,100,7.000000000000001,0,FALSE
KXCPICOREYOY-24NOV,2024-11-23,2024-12-11,3.4,7.000000000000001,0,7.000000000000001,0,FALSE
KXCPICOREYOY-24NOV,2024-11-24,2024-12-11,3.4,7.000000000000001,0,7.000000000000001,0,FALSE
KXCPICOREYOY-24NOV,2024-11-25,2024-12-11,3.4,7.000000000000001,0,7.000000000000001,0,FALSE
KXCPICOREYOY-24NOV,2024-11-26,2024-12-11,3.4,7.000000000000001,0,7.000000000000001,0,FALSE
KXCPICOREYOY-24NOV,2024-11-27,2024-12-11,3.4,7.000000000000001,0,7.000000000000001,0,FALSE
KXCPICOREYOY-24NOV,2024-11-28,2024-12-11,3.4,7.000000000000001,0,7.000000000000001,0,FALSE
KXCPICOREYOY-24NOV,2024-11-29,2024-12-11,3.4,7.000000000000001,0,7.000000000000001,0,FALSE
KXCPICOREYOY-24NOV,2024-11-30,2024-12-11,3.4,7.000000000000001,0,7.000000000000001,0,FALSE
KXCPICOREYOY-24NOV,2024-12-01,2024-12-11,3.4,7.000000000000001,0,7.000000000000001,0,FALSE
KXCPICOREYOY-24NOV,2024-12-02,2024-12-11,3.4,7.000000000000001,0,7.000000000000001,0,FALSE
KXCPICOREYOY-24NOV,2024-12-03,2024-12-11,3.4,1,100,1,0,FALSE
KXCPICOREYOY-24NOV,2024-12-04,2024-12-11,3.4,1,0,1,0,FALSE
KXCPICOREYOY-24NOV,2024-12-05,2024-12-11,3.4,1,0,1,0,FALSE
KXCPICOREYOY-24NOV,2024-12-06,2024-12-11,3.4,1,0,1,0,FALSE
KXCPICOREYOY-24NOV,2024-12-07,2024-12-11,3.4,1,0,1,0,FALSE
KXCPICOREYOY-24NOV,2024-12-08,2024-12-11,3.4,1,0,1,0,FALSE
KXCPICOREYOY-24NOV,2024-12-09,2024-12-11,3.4,1,0,1,0,FALSE
KXCPICOREYOY-24NOV,2024-12-10,2024-12-11,3.4,1,0,1,0,FALSE
KXCPICOREYOY-24NOV,2024-12-11,2024-12-11,3.4,1,0,1,0,FALSE
KXCPICOREYOY-25DEC,2025-12-18,2026-01-13,3.4,46,250,46,0,FALSE
KXCPICOREYOY-25DEC,2025-12-19,2026-01-13,3.4,46,0,46,0,FALSE
KXCPICOREYOY-25DEC,2025-12-20,2026-01-13,3.4,46,0,9,0,FALSE
KXCPICOREYOY-25DEC,2025-12-21,2026-01-13,3.4,46,0,46,0,FALSE
KXCPICOREYOY-25DEC,2025-12-22,2026-01-13,3.4,46,0,46,0,FALSE
KXCPICOREYOY-25DEC,2025-12-23,2026-01-13,3.4,46,0,46,0,FALSE
KXCPICOREYOY-25DEC,2025-12-24,2026-01-13,3.4,46,0,46,0,FALSE
KXCPICOREYOY-25DEC,2025-12-25,2026-01-13,3.4,46,0,46,0,FALSE
KXCPICOREYOY-25DEC,2025-12-26,2026-01-13,3.4,46,0,46,0,FALSE
KXCPICOREYOY-25DEC,2025-12-27,2026-01-13,3.4,46,0,46,0,FALSE
KXCPICOREYOY-25DEC,2025-12-28,2026-01-13,3.4,46,0,46,0,FALSE
KXCPICOREYOY-25DEC,2025-12-29,2026-01-13,3.4,46,0,46,0,FALSE
KXCPICOREYOY-25DEC,2025-12-30,2026-01-13,3.4,46,0,46,0,FALSE
KXCPICOREYOY-25DEC,2025-12-31,2026-01-13,3.4,46,0,46,0,FALSE
KXCPICOREYOY-25DEC,2026-01-01,2026-01-13,3.4,46,0,46,0,FALSE
KXCPICOREYOY-25DEC,2026-01-02,2026-01-13,3.4,46,0,46,0,FALSE
KXCPICOREYOY-25DEC,2026-01-03,2026-01-13,3.4,46,0,46,0,FALSE
KXCPICOREYOY-25DEC,2026-01-04,2026-01-13,3.4,46,0,46,0,FALSE
KXCPICOREYOY-25DEC,2026-01-05,2026-01-13,3.4,46,0,46,0,FALSE
KXCPICOREYOY-25DEC,2026-01-06,2026-01-13,3.4,46,0,46,0,FALSE
KXCPICOREYOY-25DEC,2026-01-07,2026-01-13,3.4,46,0,1,0,FALSE
KXCPICOREYOY-25DEC,2026-01-08,2026-01-13,3.4,46,0,1,0,FALSE
KXCPICOREYOY-25DEC,2026-01-09,2026-01-13,3.4,46,0,46,0,FALSE
KXCPICOREYOY-25DEC,2026-01-10,2026-01-13,3.4,46,0,46,0,FALSE
KXCPICOREYOY-25DEC,2026-01-11,2026-01-13,3.4,46,0,4,0,FALSE
KXCPICOREYOY-25DEC,2026-01-12,2026-01-13,3.4,46,0,46,0,FALSE
KXCPICOREYOY-25DEC,2026-01-13,2026-01-13,3.4,46,0,46,0,FALSE
KXCPICOREYOY-25FEB,2025-02-21,2025-03-12,3.4,9,52,9,1.0204081632653061,FALSE
KXCPICOREYOY-25FEB,2025-02-22,2025-03-12,3.4,9,0,9,1.0204081632653061,FALSE
KXCPICOREYOY-25FEB,2025-02-23,2025-03-12,3.4,9,0,7.000000000000001,0,FALSE
KXCPICOREYOY-25FEB,2025-02-24,2025-03-12,3.4,9,0,9,1.0204081632653061,FALSE
KXCPICOREYOY-25FEB,2025-02-25,2025-03-12,3.4,9,0,9,1.0204081632653061,FALSE
KXCPICOREYOY-25FEB,2025-02-26,2025-03-12,3.4,9,0,9,1.0204081632653061,FALSE
KXCPICOREYOY-25FEB,2025-02-27,2025-03-12,3.4,9,0,9,1.0204081632653061,FALSE
KXCPICOREYOY-25FEB,2025-02-28,2025-03-12,3.4,9,0,9,1.0204081632653061,FALSE
KXCPICOREYOY-25FEB,2025-03-01,2025-03-12,3.4,9,0,9,1.0204081632653061,FALSE
KXCPICOREYOY-25FEB,2025-03-02,2025-03-12,3.4,9,0,9,1.0204081632653061,FALSE
KXCPICOREYOY-25FEB,2025-03-03,2025-03-12,3.4,9,0,7.000000000000001,0,FALSE
KXCPICOREYOY-25FEB,2025-03-04,2025-03-12,3.4,9,0,7.000000000000001,0,FALSE
KXCPICOREYOY-25FEB,2025-03-05,2025-03-12,3.4,9,0,6,0,FALSE
KXCPICOREYOY-25FEB,2025-03-06,2025-03-12,3.4,9,0,6,0,FALSE
KXCPICOREYOY-25FEB,2025-03-07,2025-03-12,3.4,9,0,6,0,FALSE
KXCPICOREYOY-25FEB,2025-03-08,2025-03-12,3.4,9,0,4,0,FALSE
KXCPICOREYOY-25FEB,2025-03-09,2025-03-12,3.4,9,0,4,0,FALSE
KXCPICOREYOY-25FEB,2025-03-10,2025-03-12,3.4,9,0,4,0,FALSE
KXCPICOREYOY-25FEB,2025-03-11,2025-03-12,3.4,9,0,1,0,FALSE
KXCPICOREYOY-25FEB,2025-03-12,2025-03-12,3.4,9,0,5,0,FALSE
KXCPICOREYOY-25JUN,2025-06-24,2025-07-15,3.4,6,0,6,0,FALSE
KXCPICOREYOY-25JUN,2025-06-25,2025-07-15,3.4,6,0,6,0,FALSE
KXCPICOREYOY-25JUN,2025-06-26,2025-07-15,3.4,6,0,6,0,FALSE
KXCPICOREYOY-25JUN,2025-06-27,2025-07-15,3.4,6,0,6,0,FALSE
KXCPICOREYOY-25JUN,2025-06-28,2025-07-15,3.4,6,0,6,0,FALSE
KXCPICOREYOY-25JUN,2025-06-29,2025-07-15,3.4,6,0,6,0,FALSE
KXCPICOREYOY-25JUN,2025-06-30,2025-07-15,3.4,6,0,6,0,FALSE
KXCPICOREYOY-25JUN,2025-07-01,2025-07-15,3.4,6,0,6,0,FALSE
KXCPICOREYOY-25JUN,2025-07-02,2025-07-15,3.4,6,0,6,0,FALSE
KXCPICOREYOY-25JUN,2025-07-03,2025-07-15,3.4,6,0,6,0,FALSE
KXCPICOREYOY-25JUN,2025-07-04,2025-07-15,3.4,6,0,5,0,FALSE
KXCPICOREYOY-25JUN,2025-07-05,2025-07-15,3.4,6,0,5,0,FALSE
KXCPICOREYOY-25JUN,2025-07-06,2025-07-15,3.4,6,0,5,0,FALSE
KXCPICOREYOY-25JUN,2025-07-07,2025-07-15,3.4,6,0,5,0,FALSE
KXCPICOREYOY-25JUN,2025-07-08,2025-07-15,3.4,6,0,5,0,FALSE
KXCPICOREYOY-25JUN,2025-07-09,2025-07-15,3.4,6,0,5,0,FALSE
KXCPICOREYOY-25JUN,2025-07-10,2025-07-15,3.4,6,0,5,0,FALSE
KXCPICOREYOY-25JUN,2025-07-11,2025-07-15,3.4,6,0,5,0,FALSE
KXCPICOREYOY-25JUN,2025-07-12,2025-07-15,3.4,6,0,5,0,FALSE
KXCPICOREYOY-25JUN,2025-07-13,2025-07-15,3.4,6,0,5,0,FALSE
KXCPICOREYOY-25JUN,2025-07-14,2025-07-15,3.4,6,0,5,0,FALSE
KXCPICOREYOY-25JUN,2025-07-15,2025-07-15,3.4,6,0,5,0,FALSE
KXCPICOREYOY-25MAR,2025-03-11,2025-04-10,3.4,11,0,11,0,FALSE
KXCPICOREYOY-25MAR,2025-03-12,2025-04-10,3.4,11,0,11,7.142857142857143,FALSE
KXCPICOREYOY-25MAR,2025-03-13,2025-04-10,3.4,11,0,9,0,FALSE
KXCPICOREYOY-25MAR,2025-03-14,2025-04-10,3.4,9,9,1,0,FALSE
KXCPICOREYOY-25MAR,2025-03-15,2025-04-10,3.4,9,0,1,0,FALSE
KXCPICOREYOY-25MAR,2025-03-16,2025-04-10,3.4,9,0,1,0,FALSE
KXCPICOREYOY-25MAR,2025-03-17,2025-04-10,3.4,9,0,1,0,FALSE
KXCPICOREYOY-25MAR,2025-03-18,2025-04-10,3.4,9,0,1,0,FALSE
KXCPICOREYOY-25MAR,2025-03-19,2025-04-10,3.4,9,0,1,0,FALSE
KXCPICOREYOY-25MAR,2025-03-20,2025-04-10,3.4,9,0,1,0,FALSE
KXCPICOREYOY-25MAR,2025-03-21,2025-04-10,3.4,9,0,1,0,FALSE
KXCPICOREYOY-25MAR,2025-03-22,2025-04-10,3.4,9,0,1,0,FALSE
KXCPICOREYOY-25MAR,2025-03-23,2025-04-10,3.4,9,0,1,0,FALSE
KXCPICOREYOY-25MAR,2025-03-24,2025-04-10,3.4,9,0,1,0,FALSE
KXCPICOREYOY-25MAR,2025-03-25,2025-04-10,3.4,9,0,1,0,FALSE
KXCPICOREYOY-25MAR,2025-03-26,2025-04-10,3.4,9,0,1,0,FALSE
KXCPICOREYOY-25MAR,2025-03-27,2025-04-10,3.4,9,0,1,0,FALSE
KXCPICOREYOY-25MAR,2025-03-28,2025-04-10,3.4,9,0,1,0,FALSE
KXCPICOREYOY-25MAR,2025-03-29,2025-04-10,3.4,9,0,1,0,FALSE
KXCPICOREYOY-25MAR,2025-03-30,2025-04-10,3.4,9,0,1,0,FALSE
KXCPICOREYOY-25MAR,2025-03-31,2025-04-10,3.4,9,0,1,0,FALSE
KXCPICOREYOY-25MAR,2025-04-01,2025-04-10,3.4,9,0,1,0,FALSE
KXCPICOREYOY-25MAR,2025-04-02,2025-04-10,3.4,9,0,1,0,FALSE
KXCPICOREYOY-25MAR,2025-04-03,2025-04-10,3.4,9,0,1,0,FALSE
KXCPICOREYOY-25MAR,2025-04-04,2025-04-10,3.4,9,0,1,0,FALSE
KXCPICOREYOY-25MAR,2025-04-05,2025-04-10,3.4,9,0,1,0,FALSE
KXCPICOREYOY-25MAR,2025-04-06,2025-04-10,3.4,9,0,1,0,FALSE
KXCPICOREYOY-25MAR,2025-04-07,2025-04-10,3.4,9,0,1,0,FALSE
KXCPICOREYOY-25MAR,2025-04-08,2025-04-10,3.4,9,0,1,0,FALSE
KXCPICOREYOY-25MAR,2025-04-09,2025-04-10,3.4,9,0,1,0,FALSE
KXCPICOREYOY-25MAR,2025-04-10,2025-04-10,3.4,2,100,1,0,FALSE
KXCPICOREYOY-25NOV,2025-11-24,2025-12-18,3.4,4,250,4,0,FALSE
KXCPICOREYOY-25NOV,2025-11-25,2025-12-18,3.4,4,0,4,0,FALSE
KXCPICOREYOY-25NOV,2025-11-26,2025-12-18,3.4,4,0,4,0,FALSE
KXCPICOREYOY-25NOV,2025-11-27,2025-12-18,3.4,4,0,4,0,FALSE
KXCPICOREYOY-25NOV,2025-11-28,2025-12-18,3.4,4,0,4,0,FALSE
KXCPICOREYOY-25NOV,2025-11-29,2025-12-18,3.4,4,0,4,0,FALSE
KXCPICOREYOY-25NOV,2025-11-30,2025-12-18,3.4,4,0,4,0,FALSE
KXCPICOREYOY-25NOV,2025-12-01,2025-12-18,3.4,4,0,4,0,FALSE
KXCPICOREYOY-25NOV,2025-12-02,2025-12-18,3.4,6,33,4,0,FALSE
KXCPICOREYOY-25NOV,2025-12-03,2025-12-18,3.4,6,0,4,0,FALSE
KXCPICOREYOY-25NOV,2025-12-04,2025-12-18,3.4,6,0,4,0,FALSE
KXCPICOREYOY-25OCT,2025-10-22,2025-11-13,3.4,0,0,8,0,FALSE
KXCPICOREYOY-25OCT,2025-10-23,2025-11-13,3.4,0,0,8,0,FALSE
KXCPICOREYOY-25OCT,2025-10-24,2025-11-13,3.4,0,0,8,0,FALSE
KXCPICOREYOY-25OCT,2025-10-25,2025-11-13,3.4,0,0,19,0,FALSE
KXCPICOREYOY-25OCT,2025-10-26,2025-11-13,3.4,0,0,19,0,FALSE
KXCPICOREYOY-25OCT,2025-10-27,2025-11-13,3.4,0,0,19,0,FALSE
KXCPICOREYOY-25OCT,2025-10-28,2025-11-13,3.4,0,0,19,0,FALSE
KXCPICOREYOY-25OCT,2025-10-29,2025-11-13,3.4,0,0,19,0,FALSE
KXCPICOREYOY-25OCT,2025-10-30,2025-11-13,3.4,0,0,19,0,FALSE
KXCPICOREYOY-25OCT,2025-10-31,2025-11-13,3.4,0,0,19,0,FALSE
KXCPICOREYOY-25OCT,2025-11-01,2025-11-13,3.4,0,0,19,0,FALSE
KXCPICOREYOY-25OCT,2025-11-02,2025-11-13,3.4,0,0,19,0,FALSE
KXCPICOREYOY-25OCT,2025-11-03,2025-11-13,3.4,0,0,8,0,FALSE
KXCPICOREYOY-25OCT,2025-11-04,2025-11-13,3.4,0,0,8,0,FALSE
KXCPICOREYOY-25OCT,2025-11-05,2025-11-13,3.4,0,0,8,0,FALSE
KXCPICOREYOY-25OCT,2025-11-06,2025-11-13,3.4,0,0,8,0,FALSE
KXCPICOREYOY-25OCT,2025-11-07,2025-11-13,3.4,0,0,8,0,FALSE
KXCPICOREYOY-25OCT,2025-11-08,2025-11-13,3.4,0,0,8,0,FALSE
KXCPICOREYOY-25OCT,2025-11-09,2025-11-13,3.4,0,0,8,0,FALSE
KXCPICOREYOY-25OCT,2025-11-10,2025-11-13,3.4,0,0,4,0,FALSE
KXCPICOREYOY-25OCT,2025-11-11,2025-11-13,3.4,0,0,2,0,FALSE
KXCPICOREYOY-25OCT,2025-11-12,2025-11-13,3.4,0,0,2,0,FALSE
KXCPICOREYOY-25OCT,2025-11-13,2025-11-13,3.4,0,0,2,0,FALSE
KXCPICOREYOY-26APR,2026-04-12,2026-05-12,3.4,8,0,5,0,FALSE
KXCPICOREYOY-26APR,2026-04-13,2026-05-12,3.4,8,0,5,0,FALSE
KXCPICOREYOY-26APR,2026-04-14,2026-05-12,3.4,8,0,5,0,FALSE
KXCPICOREYOY-26APR,2026-04-15,2026-05-12,3.4,8,0,5,0,FALSE
KXCPICOREYOY-26APR,2026-04-16,2026-05-12,3.4,8,0,5,0,FALSE
KXCPICOREYOY-26APR,2026-04-17,2026-05-12,3.4,8,0,5,0,FALSE
KXCPICOREYOY-26APR,2026-04-18,2026-05-12,3.4,8,0,2,0,FALSE
KXCPICOREYOY-26APR,2026-04-19,2026-05-12,3.4,8,0,2,0,FALSE
KXCPICOREYOY-26APR,2026-04-20,2026-05-12,3.4,8,0,2,0,FALSE
KXCPICOREYOY-26APR,2026-04-21,2026-05-12,3.4,8,0,2,0,FALSE
KXCPICOREYOY-26APR,2026-04-22,2026-05-12,3.4,8,0,2,0,FALSE
KXCPICOREYOY-26APR,2026-04-23,2026-05-12,3.4,8,0,2,0,FALSE
KXCPICOREYOY-26APR,2026-04-24,2026-05-12,3.4,8,0,2,0,FALSE
KXCPICOREYOY-26APR,2026-04-25,2026-05-12,3.4,8,0,2,0,FALSE
KXCPICOREYOY-26APR,2026-04-26,2026-05-12,3.4,8,0,2,0,FALSE
KXCPICOREYOY-26APR,2026-04-27,2026-05-12,3.4,8,0,2,0,FALSE
KXCPICOREYOY-26APR,2026-04-28,2026-05-12,3.4,8,0,2,0,FALSE
KXCPICOREYOY-26APR,2026-04-29,2026-05-12,3.4,8,0,2,0,FALSE
KXCPICOREYOY-26FEB,2026-02-12,2026-03-11,3.4,0,0,19,0,FALSE
KXCPICOREYOY-26FEB,2026-02-13,2026-03-11,3.4,0,0,5,0,FALSE
KXCPICOREYOY-26FEB,2026-02-14,2026-03-11,3.4,0,0,1,0,FALSE
KXCPICOREYOY-26FEB,2026-02-15,2026-03-11,3.4,0,0,1,0,FALSE
KXCPICOREYOY-26FEB,2026-02-16,2026-03-11,3.4,0,0,1,0,FALSE
KXCPICOREYOY-26JAN,2026-02-01,2026-02-13,3.4,0,0,5,0,FALSE
KXCPICOREYOY-26JAN,2026-02-02,2026-02-13,3.4,0,0,5,0,FALSE
KXCPICOREYOY-26JAN,2026-02-03,2026-02-13,3.4,0,0,5,0,FALSE
KXCPICOREYOY-26JAN,2026-02-04,2026-02-13,3.4,0,0,1,0,FALSE
KXCPICOREYOY-26JAN,2026-02-05,2026-02-13,3.4,0,0,2,0,FALSE
KXCPICOREYOY-26JAN,2026-02-06,2026-02-13,3.4,0,0,1,0,FALSE
KXCPICOREYOY-26JAN,2026-02-07,2026-02-13,3.4,0,0,5,0,FALSE
KXCPICOREYOY-26JAN,2026-02-08,2026-02-13,3.4,0,0,5,0,FALSE
KXCPICOREYOY-26JAN,2026-02-09,2026-02-13,3.4,0,0,2,0,FALSE
KXCPICOREYOY-26JAN,2026-02-10,2026-02-13,3.4,0,0,1,0,FALSE
KXCPICOREYOY-26JAN,2026-02-11,2026-02-13,3.4,0,0,3,0,FALSE
KXCPICOREYOY-26JAN,2026-02-12,2026-02-13,3.4,0,0,2,0,FALSE
KXCPICOREYOY-26JAN,2026-02-13,2026-02-13,3.4,0,0,5,0,FALSE
KXCPICOREYOY-26JUL,2026-07-10,2026-08-05,3.4,0,0,1,0,FALSE
KXCPICOREYOY-26JUL,2026-07-11,2026-08-05,3.4,0,0,1,0,FALSE
KXCPICOREYOY-26JUL,2026-07-12,2026-08-05,3.4,0,0,1,0,FALSE
KXCPICOREYOY-26JUN,2026-06-14,2026-07-14,3.4,0,0,2,0,FALSE
KXCPICOREYOY-26JUN,2026-06-15,2026-07-14,3.4,0,0,2,0,FALSE
KXCPICOREYOY-26JUN,2026-06-16,2026-07-14,3.4,0,0,4,0,FALSE
KXCPICOREYOY-26JUN,2026-06-17,2026-07-14,3.4,0,0,4,0,FALSE
KXCPICOREYOY-26JUN,2026-06-18,2026-07-14,3.4,0,0,2,0,FALSE
KXCPICOREYOY-26JUN,2026-06-19,2026-07-14,3.4,0,0,2,0,FALSE
KXCPICOREYOY-26JUN,2026-06-20,2026-07-14,3.4,0,0,2,0,FALSE
KXCPICOREYOY-26JUN,2026-06-21,2026-07-14,3.4,0,0,3,0,FALSE
KXCPICOREYOY-26JUN,2026-06-22,2026-07-14,3.4,0,0,3,0,FALSE
KXCPICOREYOY-26JUN,2026-06-23,2026-07-14,3.4,0,0,3,0,FALSE
KXCPICOREYOY-26JUN,2026-06-24,2026-07-14,3.4,0,0,3,0,FALSE
KXCPICOREYOY-26JUN,2026-06-25,2026-07-14,3.4,0,0,2,0,FALSE
KXCPICOREYOY-26JUN,2026-06-26,2026-07-14,3.4,0,0,1,0,FALSE
KXCPICOREYOY-26JUN,2026-06-27,2026-07-14,3.4,0,0,3,0,FALSE
KXCPICOREYOY-26JUN,2026-06-28,2026-07-14,3.4,0,0,3,0,FALSE
KXCPICOREYOY-26MAR,2026-04-04,2026-04-10,3.4,0,0,1,0,FALSE
KXCPICOREYOY-26MAR,2026-04-05,2026-04-10,3.4,0,0,1,0,FALSE
KXCPICOREYOY-26MAR,2026-04-06,2026-04-10,3.4,1,231,1,0,FALSE
KXCPICOREYOY-26MAR,2026-04-07,2026-04-10,3.4,1,0,1,0,FALSE
KXCPICOREYOY-26MAR,2026-04-08,2026-04-10,3.4,1,0,1,0,FALSE
KXCPICOREYOY-26MAR,2026-04-09,2026-04-10,3.4,1,0,1,0,FALSE
KXCPICOREYOY-26MAR,2026-04-10,2026-04-10,3.4,1,0,1,0,FALSE
KXCPICOREYOY-26NOV,2026-07-08,2026-08-05,3.4,48,1,48,0,FALSE
KXCPICOREYOY-26NOV,2026-07-09,2026-08-05,3.4,48,0,48,0,FALSE
KXCPICOREYOY-26NOV,2026-07-10,2026-08-05,3.4,48,0,48,0,FALSE
KXCPICOREYOY-26NOV,2026-07-11,2026-08-05,3.4,48,0,48,0,FALSE
KXCPICOREYOY-26NOV,2026-07-12,2026-08-05,3.4,48,0,48,0,FALSE
KXCPICOREYOY-26NOV,2026-07-13,2026-08-05,3.4,48,0,48,0,FALSE
KXCPICOREYOY-26NOV,2026-07-14,2026-08-05,3.4,48,0,48,0,FALSE
KXCPICOREYOY-26NOV,2026-07-15,2026-08-05,3.4,48,0,48,0,FALSE
KXCPICOREYOY-26NOV,2026-07-16,2026-08-05,3.4,48,0,48,0,FALSE
KXCPICOREYOY-26NOV,2026-07-17,2026-08-05,3.4,48,0,48,0,FALSE
KXCPICOREYOY-26NOV,2026-07-18,2026-08-05,3.4,48,0,48,0,FALSE
KXCPICOREYOY-26NOV,2026-07-19,2026-08-05,3.4,48,0,48,0,FALSE
KXCPICOREYOY-26NOV,2026-07-20,2026-08-05,3.4,48,0,48,0,FALSE
KXCPICOREYOY-26NOV,2026-07-21,2026-08-05,3.4,48,0,48,0,FALSE
KXCPICOREYOY-26NOV,2026-07-22,2026-08-05,3.4,48,0,48,0,FALSE
KXCPICOREYOY-26NOV,2026-07-23,2026-08-05,3.4,96,2003,40,0,FALSE
KXCPICOREYOY-26NOV,2026-07-24,2026-08-05,3.4,96,0,40,0,FALSE
KXCPICOREYOY-26NOV,2026-07-25,2026-08-05,3.4,96,0,40,0,FALSE
KXCPICOREYOY-26NOV,2026-07-26,2026-08-05,3.4,96,0,40,0,FALSE
KXCPICOREYOY-26NOV,2026-07-27,2026-08-05,3.4,97,2001,41,0,FALSE
KXCPICOREYOY-26NOV,2026-07-28,2026-08-05,3.4,97,0,41,0,FALSE
KXCPICOREYOY-26NOV,2026-07-29,2026-08-05,3.4,97,0,41,0,FALSE
KXCPICOREYOY-26NOV,2026-07-30,2026-08-05,3.4,97,0,41,0,FALSE
KXCPICOREYOY-26NOV,2026-07-31,2026-08-05,3.4,97,0,41,0,FALSE
KXCPICOREYOY-26NOV,2026-08-01,2026-08-05,3.4,97,0,41,0,FALSE
KXCPICOREYOY-26NOV,2026-08-02,2026-08-05,3.4,97,0,41,0,FALSE
KXCPICOREYOY-26NOV,2026-08-03,2026-08-05,3.4,97,0,41,0,FALSE
KXCPICOREYOY-26NOV,2026-08-04,2026-08-05,3.4,97,0,41,0,FALSE
KXCPICOREYOY-26NOV,2026-08-05,2026-08-05,3.4,97,0,41,0,FALSE
CPICOREYOY-24AUG,2024-08-25,2024-09-10,3.4000000000000004,1,8,1,0,FALSE
CPICOREYOY-24AUG,2024-08-26,2024-09-10,3.4000000000000004,1,0,1,0,FALSE
CPICOREYOY-24AUG,2024-08-27,2024-09-10,3.4000000000000004,1,0,1,0,FALSE
CPICOREYOY-24AUG,2024-08-28,2024-09-10,3.4000000000000004,1,0,1,0,FALSE
CPICOREYOY-24AUG,2024-08-29,2024-09-10,3.4000000000000004,7.000000000000001,8,3,0,FALSE
CPICOREYOY-24AUG,2024-08-30,2024-09-10,3.4000000000000004,7.000000000000001,0,3,0,FALSE
CPICOREYOY-24AUG,2024-08-31,2024-09-10,3.4000000000000004,7.000000000000001,0,3,0,FALSE
CPICOREYOY-24AUG,2024-09-01,2024-09-10,3.4000000000000004,7.000000000000001,0,3,0,FALSE
CPICOREYOY-24AUG,2024-09-02,2024-09-10,3.4000000000000004,7.000000000000001,0,3,0,FALSE
CPICOREYOY-24AUG,2024-09-03,2024-09-10,3.4000000000000004,7.000000000000001,0,3,0,FALSE
CPICOREYOY-24AUG,2024-09-04,2024-09-10,3.4000000000000004,7.000000000000001,0,3,0,FALSE
CPICOREYOY-24AUG,2024-09-05,2024-09-10,3.4000000000000004,7.000000000000001,0,3,0,FALSE
CPICOREYOY-24AUG,2024-09-06,2024-09-10,3.4000000000000004,7.000000000000001,0,3,0,FALSE
CPICOREYOY-24AUG,2024-09-07,2024-09-10,3.4000000000000004,7.000000000000001,0,3,0,FALSE
CPICOREYOY-24AUG,2024-09-08,2024-09-10,3.4000000000000004,7.000000000000001,0,3,0,FALSE
CPICOREYOY-24AUG,2024-09-09,2024-09-10,3.4000000000000004,7.000000000000001,0,7.000000000000001,6.122448979591838,FALSE
CPICOREYOY-24AUG,2024-09-10,2024-09-10,3.4000000000000004,7.000000000000001,0,7.000000000000001,6.122448979591838,FALSE
KXCPICOREYOY-25JUN,2025-06-22,2025-07-15,3.4000000000000004,6,76,6,0,FALSE
KXCPICOREYOY-25JUN,2025-06-23,2025-07-15,3.4000000000000004,6,0,6,0,FALSE
KXCPICOREYOY-25NOV,2025-12-05,2025-12-18,3.4000000000000004,6,0,4,0,FALSE
KXCPICOREYOY-25NOV,2025-12-06,2025-12-18,3.4000000000000004,6,0,4,0,FALSE
KXCPICOREYOY-25NOV,2025-12-07,2025-12-18,3.4000000000000004,6,0,4,0,FALSE
KXCPICOREYOY-25NOV,2025-12-08,2025-12-18,3.4000000000000004,6,0,3,0,FALSE
KXCPICOREYOY-25NOV,2025-12-09,2025-12-18,3.4000000000000004,6,0,1,0,FALSE
KXCPICOREYOY-25NOV,2025-12-10,2025-12-18,3.4000000000000004,6,0,1,0,FALSE
KXCPICOREYOY-25NOV,2025-12-11,2025-12-18,3.4000000000000004,6,0,1,0,FALSE
KXCPICOREYOY-25NOV,2025-12-12,2025-12-18,3.4000000000000004,6,0,1,0,FALSE
KXCPICOREYOY-25NOV,2025-12-13,2025-12-18,3.4000000000000004,6,0,1,0,FALSE
KXCPICOREYOY-25NOV,2025-12-14,2025-12-18,3.4000000000000004,6,0,1,0,FALSE
KXCPICOREYOY-25NOV,2025-12-15,2025-12-18,3.4000000000000004,6,0,1,0,FALSE
KXCPICOREYOY-25NOV,2025-12-16,2025-12-18,3.4000000000000004,4,25,3,0,FALSE
KXCPICOREYOY-25NOV,2025-12-17,2025-12-18,3.4000000000000004,4,25,1,0,FALSE
KXCPICOREYOY-25NOV,2025-12-18,2025-12-18,3.4000000000000004,4,0,1,0,FALSE
KXCPICOREYOY-26APR,2026-04-30,2026-05-12,3.4000000000000004,8,0,2,0,FALSE
KXCPICOREYOY-26APR,2026-05-01,2026-05-12,3.4000000000000004,8,0,3,0,FALSE
KXCPICOREYOY-26APR,2026-05-02,2026-05-12,3.4000000000000004,8,0,3,0,FALSE
KXCPICOREYOY-26APR,2026-05-03,2026-05-12,3.4000000000000004,8,0,3,0,FALSE
KXCPICOREYOY-26APR,2026-05-04,2026-05-12,3.4000000000000004,8,0,3,0,FALSE
KXCPICOREYOY-26APR,2026-05-05,2026-05-12,3.4000000000000004,8,0,3,0,FALSE
KXCPICOREYOY-26APR,2026-05-06,2026-05-12,3.4000000000000004,8,0,3,0,FALSE
KXCPICOREYOY-26APR,2026-05-07,2026-05-12,3.4000000000000004,8,0,3,0,FALSE
KXCPICOREYOY-26APR,2026-05-08,2026-05-12,3.4000000000000004,8,0,3,0,FALSE
KXCPICOREYOY-26APR,2026-05-09,2026-05-12,3.4000000000000004,8,0,3,0,FALSE
KXCPICOREYOY-26APR,2026-05-10,2026-05-12,3.4000000000000004,8,0,3,0,FALSE
KXCPICOREYOY-26APR,2026-05-11,2026-05-12,3.4000000000000004,8,0,3,0,FALSE
KXCPICOREYOY-26APR,2026-05-12,2026-05-12,3.4000000000000004,8,0,2,0,FALSE
KXCPICOREYOY-26AUG,2026-07-04,2026-08-03,3.4000000000000004,0,0,4,0,FALSE
KXCPICOREYOY-26AUG,2026-07-05,2026-08-03,3.4000000000000004,0,0,4,0,FALSE
KXCPICOREYOY-26AUG,2026-07-06,2026-08-03,3.4000000000000004,0,0,4,0,FALSE
KXCPICOREYOY-26AUG,2026-07-07,2026-08-03,3.4000000000000004,0,0,4,0,FALSE
KXCPICOREYOY-26AUG,2026-07-08,2026-08-03,3.4000000000000004,0,0,4,0,FALSE
KXCPICOREYOY-26AUG,2026-07-09,2026-08-03,3.4000000000000004,0,0,4,0,FALSE
KXCPICOREYOY-26AUG,2026-07-10,2026-08-03,3.4000000000000004,0,0,4,0,FALSE
KXCPICOREYOY-26AUG,2026-07-11,2026-08-03,3.4000000000000004,0,0,4,0,FALSE
KXCPICOREYOY-26AUG,2026-07-12,2026-08-03,3.4000000000000004,0,0,4,0,FALSE
KXCPICOREYOY-26AUG,2026-07-13,2026-08-03,3.4000000000000004,0,0,4,0,FALSE
KXCPICOREYOY-26AUG,2026-07-14,2026-08-03,3.4000000000000004,0,0,4,0,FALSE
KXCPICOREYOY-26AUG,2026-07-15,2026-08-03,3.4000000000000004,0,0,4,0,FALSE
KXCPICOREYOY-26AUG,2026-07-16,2026-08-03,3.4000000000000004,0,0,4,0,FALSE
KXCPICOREYOY-26AUG,2026-07-17,2026-08-03,3.4000000000000004,0,0,4,0,FALSE
KXCPICOREYOY-26AUG,2026-07-18,2026-08-03,3.4000000000000004,0,0,4,0,FALSE
KXCPICOREYOY-26AUG,2026-07-19,2026-08-03,3.4000000000000004,0,0,4,0,FALSE
KXCPICOREYOY-26AUG,2026-07-20,2026-08-03,3.4000000000000004,0,0,4,0,FALSE
KXCPICOREYOY-26AUG,2026-07-21,2026-08-03,3.4000000000000004,0,0,4,0,FALSE
KXCPICOREYOY-26AUG,2026-07-22,2026-08-03,3.4000000000000004,0,0,2,0,FALSE
KXCPICOREYOY-26AUG,2026-07-23,2026-08-03,3.4000000000000004,0,0,2,0,FALSE
KXCPICOREYOY-26AUG,2026-07-24,2026-08-03,3.4000000000000004,0,0,2,0,FALSE
KXCPICOREYOY-26AUG,2026-07-25,2026-08-03,3.4000000000000004,0,0,2,0,FALSE
KXCPICOREYOY-26AUG,2026-07-26,2026-08-03,3.4000000000000004,0,0,2,0,FALSE
KXCPICOREYOY-26AUG,2026-07-27,2026-08-03,3.4000000000000004,0,0,2,0,FALSE
KXCPICOREYOY-26AUG,2026-07-28,2026-08-03,3.4000000000000004,0,0,2,0,FALSE
KXCPICOREYOY-26AUG,2026-07-29,2026-08-03,3.4000000000000004,0,0,2,0,FALSE
KXCPICOREYOY-26AUG,2026-07-30,2026-08-03,3.4000000000000004,0,0,2,0,FALSE
KXCPICOREYOY-26AUG,2026-07-31,2026-08-03,3.4000000000000004,0,0,2,0,FALSE
KXCPICOREYOY-26AUG,2026-08-01,2026-08-03,3.4000000000000004,0,0,2,0,FALSE
KXCPICOREYOY-26AUG,2026-08-02,2026-08-03,3.4000000000000004,0,0,2,0,FALSE
KXCPICOREYOY-26AUG,2026-08-03,2026-08-03,3.4000000000000004,0,0,1,0,FALSE
KXCPICOREYOY-26FEB,2026-02-17,2026-03-11,3.4000000000000004,0,0,1,0,FALSE
KXCPICOREYOY-26FEB,2026-02-18,2026-03-11,3.4000000000000004,0,0,1,0,FALSE
KXCPICOREYOY-26FEB,2026-02-19,2026-03-11,3.4000000000000004,0,0,1,0,FALSE
KXCPICOREYOY-26FEB,2026-02-20,2026-03-11,3.4000000000000004,0,0,1,0,FALSE
KXCPICOREYOY-26FEB,2026-02-21,2026-03-11,3.4000000000000004,0,0,1,0,FALSE
KXCPICOREYOY-26FEB,2026-02-22,2026-03-11,3.4000000000000004,0,0,1,0,FALSE
KXCPICOREYOY-26FEB,2026-02-23,2026-03-11,3.4000000000000004,0,0,1,0,FALSE
KXCPICOREYOY-26FEB,2026-02-24,2026-03-11,3.4000000000000004,0,0,1,0,FALSE
KXCPICOREYOY-26FEB,2026-02-25,2026-03-11,3.4000000000000004,0,0,1,0,FALSE
KXCPICOREYOY-26FEB,2026-02-26,2026-03-11,3.4000000000000004,0,0,1,0,FALSE
KXCPICOREYOY-26FEB,2026-02-27,2026-03-11,3.4000000000000004,0,0,1,0,FALSE
KXCPICOREYOY-26FEB,2026-02-28,2026-03-11,3.4000000000000004,0,0,1,0,FALSE
KXCPICOREYOY-26FEB,2026-03-01,2026-03-11,3.4000000000000004,0,0,1,0,FALSE
KXCPICOREYOY-26FEB,2026-03-02,2026-03-11,3.4000000000000004,0,0,1,0,FALSE
KXCPICOREYOY-26FEB,2026-03-03,2026-03-11,3.4000000000000004,0,0,1,0,FALSE
KXCPICOREYOY-26FEB,2026-03-04,2026-03-11,3.4000000000000004,0,0,1,0,FALSE
KXCPICOREYOY-26FEB,2026-03-05,2026-03-11,3.4000000000000004,0,0,1,0,FALSE
KXCPICOREYOY-26FEB,2026-03-06,2026-03-11,3.4000000000000004,0,0,1,0,FALSE
KXCPICOREYOY-26FEB,2026-03-07,2026-03-11,3.4000000000000004,0,0,1,0,FALSE
KXCPICOREYOY-26FEB,2026-03-08,2026-03-11,3.4000000000000004,0,0,1,0,FALSE
KXCPICOREYOY-26FEB,2026-03-09,2026-03-11,3.4000000000000004,0,0,1,0,FALSE
KXCPICOREYOY-26FEB,2026-03-10,2026-03-11,3.4000000000000004,4,100,2,0,FALSE
KXCPICOREYOY-26FEB,2026-03-11,2026-03-11,3.4000000000000004,1,17,1,0,FALSE
KXCPICOREYOY-26JUL,2026-07-08,2026-08-05,3.4000000000000004,0,0,1,0,FALSE
KXCPICOREYOY-26JUL,2026-07-09,2026-08-05,3.4000000000000004,0,0,1,0,FALSE
KXCPICOREYOY-26JUL,2026-07-13,2026-08-05,3.4000000000000004,0,0,1,0,FALSE
KXCPICOREYOY-26JUL,2026-07-14,2026-08-05,3.4000000000000004,0,0,1,0,FALSE
KXCPICOREYOY-26JUL,2026-07-15,2026-08-05,3.4000000000000004,0,0,1,0,FALSE
KXCPICOREYOY-26JUL,2026-07-16,2026-08-05,3.4000000000000004,0,0,1,0,FALSE
KXCPICOREYOY-26JUL,2026-07-17,2026-08-05,3.4000000000000004,0,0,1,0,FALSE
KXCPICOREYOY-26JUL,2026-07-18,2026-08-05,3.4000000000000004,0,0,1,0,FALSE
KXCPICOREYOY-26JUL,2026-07-19,2026-08-05,3.4000000000000004,0,0,1,0,FALSE
KXCPICOREYOY-26JUL,2026-07-20,2026-08-05,3.4000000000000004,0,0,1,0,FALSE
KXCPICOREYOY-26JUL,2026-07-21,2026-08-05,3.4000000000000004,0,0,1,0,FALSE
KXCPICOREYOY-26JUL,2026-07-22,2026-08-05,3.4000000000000004,3,467,3,0,FALSE
KXCPICOREYOY-26JUL,2026-07-23,2026-08-05,3.4000000000000004,3,652,3,0,FALSE
KXCPICOREYOY-26JUL,2026-07-24,2026-08-05,3.4000000000000004,1,21,1,0,FALSE
KXCPICOREYOY-26JUL,2026-07-25,2026-08-05,3.4000000000000004,3,31.21,3,0,FALSE
KXCPICOREYOY-26JUL,2026-07-26,2026-08-05,3.4000000000000004,3,0,3,0,FALSE
KXCPICOREYOY-26JUL,2026-07-27,2026-08-05,3.4000000000000004,3,0,3,0,FALSE
KXCPICOREYOY-26JUL,2026-07-28,2026-08-05,3.4000000000000004,3,0,2,0,FALSE
KXCPICOREYOY-26JUL,2026-07-29,2026-08-05,3.4000000000000004,3,0,2,0,FALSE
KXCPICOREYOY-26JUL,2026-07-30,2026-08-05,3.4000000000000004,3,0,1,0,FALSE
KXCPICOREYOY-26JUL,2026-07-31,2026-08-05,3.4000000000000004,3,0,1,0,FALSE
KXCPICOREYOY-26JUL,2026-08-01,2026-08-05,3.4000000000000004,3,0,1,0,FALSE
KXCPICOREYOY-26JUL,2026-08-02,2026-08-05,3.4000000000000004,3,0,1,0,FALSE
KXCPICOREYOY-26JUL,2026-08-03,2026-08-05,3.4000000000000004,3,0,1,0,FALSE
KXCPICOREYOY-26JUL,2026-08-04,2026-08-05,3.4000000000000004,3,0,1,0,FALSE
KXCPICOREYOY-26JUL,2026-08-05,2026-08-05,3.4000000000000004,3,0,1,0,FALSE
KXCPICOREYOY-26JUN,2026-06-29,2026-07-14,3.4000000000000004,0,0,3,0,FALSE
KXCPICOREYOY-26JUN,2026-06-30,2026-07-14,3.4000000000000004,0,0,3,0,FALSE
KXCPICOREYOY-26JUN,2026-07-01,2026-07-14,3.4000000000000004,0,0,1,0,FALSE
KXCPICOREYOY-26JUN,2026-07-02,2026-07-14,3.4000000000000004,0,0,1,0,FALSE
KXCPICOREYOY-26JUN,2026-07-03,2026-07-14,3.4000000000000004,0,0,1,0,FALSE
KXCPICOREYOY-26JUN,2026-07-04,2026-07-14,3.4000000000000004,0,0,1,0,FALSE
KXCPICOREYOY-26JUN,2026-07-05,2026-07-14,3.4000000000000004,0,0,1,0,FALSE
KXCPICOREYOY-26JUN,2026-07-06,2026-07-14,3.4000000000000004,0,0,1,0,FALSE
KXCPICOREYOY-26JUN,2026-07-07,2026-07-14,3.4000000000000004,0,0,1,0,FALSE
KXCPICOREYOY-26JUN,2026-07-08,2026-07-14,3.4000000000000004,0,0,1,0,FALSE
KXCPICOREYOY-26JUN,2026-07-09,2026-07-14,3.4000000000000004,0,0,1,0,FALSE
KXCPICOREYOY-26JUN,2026-07-10,2026-07-14,3.4000000000000004,0,0,1,0,FALSE
KXCPICOREYOY-26JUN,2026-07-11,2026-07-14,3.4000000000000004,0,0,1,0,FALSE
KXCPICOREYOY-26JUN,2026-07-12,2026-07-14,3.4000000000000004,0,0,1,0,FALSE
KXCPICOREYOY-26JUN,2026-07-13,2026-07-14,3.4000000000000004,1,166.33,1,0,FALSE
KXCPICOREYOY-26JUN,2026-07-14,2026-07-14,3.4000000000000004,1,0,1,0,FALSE
KXCPICOREYOY-26MAY,2026-05-11,2026-06-10,3.4000000000000004,3,0,3,0,FALSE
KXCPICOREYOY-26MAY,2026-05-12,2026-06-10,3.4000000000000004,3,0,3,0,FALSE
KXCPICOREYOY-26MAY,2026-05-13,2026-06-10,3.4000000000000004,3,0,3,0,FALSE
KXCPICOREYOY-26MAY,2026-05-14,2026-06-10,3.4000000000000004,3,0,3,0,FALSE
KXCPICOREYOY-26MAY,2026-05-15,2026-06-10,3.4000000000000004,3,0,3,0,FALSE
KXCPICOREYOY-26MAY,2026-05-16,2026-06-10,3.4000000000000004,3,0,3,0,FALSE
KXCPICOREYOY-26MAY,2026-05-17,2026-06-10,3.4000000000000004,3,0,3,0,FALSE
KXCPICOREYOY-26MAY,2026-05-18,2026-06-10,3.4000000000000004,3,0,3,0,FALSE
KXCPICOREYOY-26MAY,2026-05-19,2026-06-10,3.4000000000000004,3,0,3,0,FALSE
KXCPICOREYOY-26MAY,2026-05-20,2026-06-10,3.4000000000000004,3,0,3,0,FALSE
KXCPICOREYOY-26MAY,2026-05-21,2026-06-10,3.4000000000000004,3,0,2,0,FALSE
KXCPICOREYOY-26MAY,2026-05-22,2026-06-10,3.4000000000000004,3,0,2,0,FALSE
KXCPICOREYOY-26MAY,2026-05-23,2026-06-10,3.4000000000000004,3,0,2,0,FALSE
KXCPICOREYOY-26MAY,2026-05-24,2026-06-10,3.4000000000000004,3,0,2,0,FALSE
KXCPICOREYOY-26MAY,2026-05-25,2026-06-10,3.4000000000000004,3,0,2,0,FALSE
KXCPICOREYOY-26MAY,2026-05-26,2026-06-10,3.4000000000000004,3,0,2,0,FALSE
KXCPICOREYOY-26MAY,2026-05-27,2026-06-10,3.4000000000000004,3,0,2,0,FALSE
KXCPICOREYOY-26MAY,2026-05-28,2026-06-10,3.4000000000000004,3,0,2,0,FALSE
KXCPICOREYOY-26MAY,2026-05-29,2026-06-10,3.4000000000000004,2,5,2,0,FALSE
KXCPICOREYOY-26MAY,2026-05-30,2026-06-10,3.4000000000000004,2,0,2,0,FALSE
KXCPICOREYOY-26MAY,2026-05-31,2026-06-10,3.4000000000000004,2,0,2,0,FALSE
KXCPICOREYOY-26MAY,2026-06-01,2026-06-10,3.4000000000000004,2,0,2,0,FALSE
KXCPICOREYOY-26MAY,2026-06-02,2026-06-10,3.4000000000000004,2,0,2,0,FALSE
KXCPICOREYOY-26MAY,2026-06-03,2026-06-10,3.4000000000000004,2,0,2,0,FALSE
KXCPICOREYOY-26MAY,2026-06-04,2026-06-10,3.4000000000000004,2,0,2,0,FALSE
KXCPICOREYOY-26MAY,2026-06-05,2026-06-10,3.4000000000000004,2,0,2,0,FALSE
KXCPICOREYOY-26MAY,2026-06-06,2026-06-10,3.4000000000000004,2,0,2,0,FALSE
KXCPICOREYOY-26MAY,2026-06-07,2026-06-10,3.4000000000000004,2,0,2,0,FALSE
KXCPICOREYOY-26MAY,2026-06-08,2026-06-10,3.4000000000000004,4,10,3,0,FALSE
KXCPICOREYOY-26MAY,2026-06-09,2026-06-10,3.4000000000000004,4,0,1,0,FALSE
KXCPICOREYOY-26MAY,2026-06-10,2026-06-10,3.4000000000000004,4,0,2,0,FALSE
CPICOREYOY-23DEC,2023-12-15,2024-01-11,3.5,0,0,77,0,FALSE
CPICOREYOY-23DEC,2023-12-16,2024-01-11,3.5,0,0,77,0,FALSE
CPICOREYOY-23DEC,2023-12-17,2024-01-11,3.5,0,0,77,0,FALSE
CPICOREYOY-23DEC,2023-12-18,2024-01-11,3.5,0,0,77,22.448979591836736,FALSE
CPICOREYOY-23DEC,2023-12-19,2024-01-11,3.5,0,0,77,22.448979591836736,FALSE
CPICOREYOY-23DEC,2023-12-20,2024-01-11,3.5,0,0,77,22.448979591836736,FALSE
CPICOREYOY-23DEC,2023-12-21,2024-01-11,3.5,0,0,77,22.448979591836736,FALSE
CPICOREYOY-23DEC,2023-12-22,2024-01-11,3.5,0,0,92,0,FALSE
CPICOREYOY-23DEC,2023-12-23,2024-01-11,3.5,0,0,92,0,FALSE
CPICOREYOY-23DEC,2023-12-24,2024-01-11,3.5,0,0,92,0,FALSE
CPICOREYOY-23DEC,2023-12-25,2024-01-11,3.5,0,0,92,0,FALSE
CPICOREYOY-23DEC,2023-12-26,2024-01-11,3.5,0,0,92,0,FALSE
CPICOREYOY-23DEC,2023-12-27,2024-01-11,3.5,0,0,92,0,FALSE
CPICOREYOY-23DEC,2023-12-28,2024-01-11,3.5,0,0,92,0,FALSE
CPICOREYOY-23DEC,2023-12-29,2024-01-11,3.5,0,0,92,0,FALSE
CPICOREYOY-23DEC,2023-12-30,2024-01-11,3.5,0,0,92,0,FALSE
CPICOREYOY-23DEC,2023-12-31,2024-01-11,3.5,0,0,92,0,FALSE
CPICOREYOY-23DEC,2024-01-01,2024-01-11,3.5,0,0,92,0,FALSE
CPICOREYOY-23DEC,2024-01-02,2024-01-11,3.5,0,0,92,0,FALSE
CPICOREYOY-23DEC,2024-01-03,2024-01-11,3.5,0,0,92,0,FALSE
CPICOREYOY-23DEC,2024-01-04,2024-01-11,3.5,0,0,92,0,FALSE
CPICOREYOY-23DEC,2024-01-05,2024-01-11,3.5,0,0,91,0,FALSE
CPICOREYOY-23DEC,2024-01-06,2024-01-11,3.5,0,0,91,0,FALSE
CPICOREYOY-23DEC,2024-01-07,2024-01-11,3.5,0,0,91,0,FALSE
CPICOREYOY-23DEC,2024-01-08,2024-01-11,3.5,0,0,91,0,FALSE
CPICOREYOY-23DEC,2024-01-09,2024-01-11,3.5,0,0,87,12.244897959183673,FALSE
CPICOREYOY-23DEC,2024-01-10,2024-01-11,3.5,0,0,93,0,FALSE
CPICOREYOY-23DEC,2024-01-11,2024-01-11,3.5,0,0,87,12.244897959183673,FALSE
CPICOREYOY-23NOV,2023-11-19,2023-12-12,3.5,0,0,99,0,FALSE
CPICOREYOY-23NOV,2023-11-20,2023-12-12,3.5,0,0,99,0,FALSE
CPICOREYOY-23NOV,2023-11-21,2023-12-12,3.5,0,0,99,0,FALSE
CPICOREYOY-23NOV,2023-11-22,2023-12-12,3.5,0,0,99,0,FALSE
CPICOREYOY-23NOV,2023-11-23,2023-12-12,3.5,0,0,99,0,FALSE
CPICOREYOY-23NOV,2023-11-24,2023-12-12,3.5,0,0,99,0,FALSE
CPICOREYOY-23NOV,2023-11-25,2023-12-12,3.5,0,0,99,0,FALSE
CPICOREYOY-23NOV,2023-11-26,2023-12-12,3.5,0,0,99,0,FALSE
CPICOREYOY-23NOV,2023-11-27,2023-12-12,3.5,0,0,99,0,FALSE
CPICOREYOY-23NOV,2023-11-28,2023-12-12,3.5,0,0,99,0,FALSE
CPICOREYOY-23NOV,2023-11-29,2023-12-12,3.5,0,0,99,0,FALSE
CPICOREYOY-23NOV,2023-11-30,2023-12-12,3.5,0,0,99,0,FALSE
CPICOREYOY-23NOV,2023-12-01,2023-12-12,3.5,0,0,99,0,FALSE
CPICOREYOY-23NOV,2023-12-02,2023-12-12,3.5,0,0,99,0,FALSE
CPICOREYOY-23NOV,2023-12-03,2023-12-12,3.5,0,0,99,0,FALSE
CPICOREYOY-23NOV,2023-12-04,2023-12-12,3.5,0,0,99,0,FALSE
CPICOREYOY-23NOV,2023-12-05,2023-12-12,3.5,0,0,99,0,FALSE
CPICOREYOY-23NOV,2023-12-06,2023-12-12,3.5,0,0,99,0,FALSE
CPICOREYOY-23NOV,2023-12-07,2023-12-12,3.5,0,0,99,0,FALSE
CPICOREYOY-23NOV,2023-12-08,2023-12-12,3.5,0,0,99,0,FALSE
CPICOREYOY-23NOV,2023-12-09,2023-12-12,3.5,0,0,99,0,FALSE
CPICOREYOY-23NOV,2023-12-10,2023-12-12,3.5,0,0,99,0,FALSE
CPICOREYOY-23NOV,2023-12-11,2023-12-12,3.5,0,0,99,0,FALSE
CPICOREYOY-23NOV,2023-12-12,2023-12-12,3.5,0,0,99,0,FALSE
CPICOREYOY-23SEP,2023-09-15,2023-10-12,3.5,0,0,90,3.061224489795918,FALSE
CPICOREYOY-23SEP,2023-09-16,2023-10-12,3.5,0,0,90,1.0204081632653061,FALSE
CPICOREYOY-23SEP,2023-09-17,2023-10-12,3.5,0,0,90,0,FALSE
CPICOREYOY-23SEP,2023-09-18,2023-10-12,3.5,0,0,90,0,FALSE
CPICOREYOY-23SEP,2023-09-19,2023-10-12,3.5,0,0,90,2.0408163265306123,FALSE
CPICOREYOY-23SEP,2023-09-20,2023-10-12,3.5,0,0,90,0,FALSE
CPICOREYOY-23SEP,2023-09-21,2023-10-12,3.5,0,0,90,0,FALSE
CPICOREYOY-23SEP,2023-09-22,2023-10-12,3.5,0,0,90,0,FALSE
CPICOREYOY-23SEP,2023-09-23,2023-10-12,3.5,0,0,90,0,FALSE
CPICOREYOY-23SEP,2023-09-24,2023-10-12,3.5,0,0,90,0,FALSE
CPICOREYOY-23SEP,2023-09-25,2023-10-12,3.5,0,0,90,0,FALSE
CPICOREYOY-23SEP,2023-09-26,2023-10-12,3.5,0,0,90,0,FALSE
CPICOREYOY-23SEP,2023-09-27,2023-10-12,3.5,0,0,90,0,FALSE
CPICOREYOY-23SEP,2023-09-28,2023-10-12,3.5,0,0,90,0,FALSE
CPICOREYOY-23SEP,2023-09-29,2023-10-12,3.5,0,0,90,0,FALSE
CPICOREYOY-23SEP,2023-09-30,2023-10-12,3.5,0,0,80,0,FALSE
CPICOREYOY-23SEP,2023-10-01,2023-10-12,3.5,0,0,80,0,FALSE
CPICOREYOY-23SEP,2023-10-02,2023-10-12,3.5,0,0,74,0,FALSE
CPICOREYOY-23SEP,2023-10-03,2023-10-12,3.5,0,0,74,0,FALSE
CPICOREYOY-23SEP,2023-10-04,2023-10-12,3.5,0,0,65,0,FALSE
CPICOREYOY-23SEP,2023-10-05,2023-10-12,3.5,0,0,65,0,FALSE
CPICOREYOY-23SEP,2023-10-06,2023-10-12,3.5,0,0,65,0,FALSE
CPICOREYOY-23SEP,2023-10-07,2023-10-12,3.5,0,0,65,0,FALSE
CPICOREYOY-23SEP,2023-10-08,2023-10-12,3.5,0,0,65,0,FALSE
CPICOREYOY-23SEP,2023-10-09,2023-10-12,3.5,0,0,65,0,FALSE
CPICOREYOY-23SEP,2023-10-10,2023-10-12,3.5,0,0,65,0,FALSE
CPICOREYOY-23SEP,2023-10-11,2023-10-12,3.5,0,0,65,0,FALSE
CPICOREYOY-23SEP,2023-10-12,2023-10-12,3.5,0,0,99,0,FALSE
CPICOREYOY-24APR,2024-04-15,2024-05-15,3.5,91,0,91,10.204081632653061,FALSE
CPICOREYOY-24APR,2024-04-16,2024-05-15,3.5,91,400,91,41.83673469387755,FALSE
CPICOREYOY-24APR,2024-04-17,2024-05-15,3.5,91,0,91,41.83673469387755,FALSE
CPICOREYOY-24APR,2024-04-18,2024-05-15,3.5,91,0,91,41.83673469387755,FALSE
CPICOREYOY-24APR,2024-04-19,2024-05-15,3.5,88,7,88,38.775510204081634,FALSE
CPICOREYOY-24APR,2024-04-20,2024-05-15,3.5,88,5,88,38.775510204081634,FALSE
CPICOREYOY-24APR,2024-04-21,2024-05-15,3.5,88,0,88,38.775510204081634,FALSE
CPICOREYOY-24APR,2024-04-22,2024-05-15,3.5,88,1930,88,22.448979591836736,FALSE
CPICOREYOY-24APR,2024-04-23,2024-05-15,3.5,86,5,86,38.775510204081634,FALSE
CPICOREYOY-24APR,2024-04-24,2024-05-15,3.5,86,0,86,38.775510204081634,FALSE
CPICOREYOY-24APR,2024-04-25,2024-05-15,3.5,90,200,90,42.857142857142854,FALSE
CPICOREYOY-24APR,2024-04-26,2024-05-15,3.5,90,0,90,43.87755102040816,FALSE
CPICOREYOY-24APR,2024-04-27,2024-05-15,3.5,90,0,90,43.87755102040816,FALSE
CPICOREYOY-24APR,2024-04-28,2024-05-15,3.5,90,0,90,24.489795918367346,FALSE
CPICOREYOY-24APR,2024-04-29,2024-05-15,3.5,90,0,90,24.489795918367346,FALSE
CPICOREYOY-24APR,2024-04-30,2024-05-15,3.5,90,0,90,24.489795918367346,FALSE
CPICOREYOY-24APR,2024-05-01,2024-05-15,3.5,90,0,90,24.489795918367346,FALSE
CPICOREYOY-24APR,2024-05-02,2024-05-15,3.5,90,0,90,24.489795918367346,FALSE
CPICOREYOY-24APR,2024-05-03,2024-05-15,3.5,88,5,88,22.448979591836736,FALSE
CPICOREYOY-24APR,2024-05-04,2024-05-15,3.5,88,0,88,22.448979591836736,FALSE
CPICOREYOY-24APR,2024-05-05,2024-05-15,3.5,88,0,88,22.448979591836736,FALSE
CPICOREYOY-24APR,2024-05-06,2024-05-15,3.5,72,700,72,21.428571428571427,FALSE
CPICOREYOY-24APR,2024-05-07,2024-05-15,3.5,72,0,72,21.428571428571427,FALSE
CPICOREYOY-24APR,2024-05-08,2024-05-15,3.5,72,0,72,21.428571428571427,FALSE
CPICOREYOY-24APR,2024-05-09,2024-05-15,3.5,88,10,88,38.775510204081634,FALSE
CPICOREYOY-24APR,2024-05-10,2024-05-15,3.5,88,0,88,38.775510204081634,FALSE
CPICOREYOY-24APR,2024-05-11,2024-05-15,3.5,88,0,88,38.775510204081634,FALSE
CPICOREYOY-24APR,2024-05-12,2024-05-15,3.5,88,0,88,38.775510204081634,FALSE
CPICOREYOY-24APR,2024-05-13,2024-05-15,3.5,81,921,81,37.755102040816325,FALSE
CPICOREYOY-24APR,2024-05-14,2024-05-15,3.5,81,0,81,39.795918367346935,FALSE
CPICOREYOY-24APR,2024-05-15,2024-05-15,3.5,81,0,81,25.510204081632644,FALSE
CPICOREYOY-24FEB,2024-02-13,2024-03-12,3.5,0,0,75,24.489795918367346,FALSE
CPICOREYOY-24FEB,2024-02-14,2024-03-12,3.5,0,0,75,24.489795918367346,FALSE
CPICOREYOY-24FEB,2024-02-15,2024-03-12,3.5,0,0,75,24.489795918367346,FALSE
CPICOREYOY-24FEB,2024-02-16,2024-03-12,3.5,0,0,75,24.489795918367346,FALSE
CPICOREYOY-24FEB,2024-02-17,2024-03-12,3.5,0,0,75,24.489795918367346,FALSE
CPICOREYOY-24FEB,2024-02-18,2024-03-12,3.5,0,0,75,24.489795918367346,FALSE
CPICOREYOY-24FEB,2024-02-19,2024-03-12,3.5,0,0,75,24.489795918367346,FALSE
CPICOREYOY-24FEB,2024-02-20,2024-03-12,3.5,0,0,75,24.489795918367346,FALSE
CPICOREYOY-24FEB,2024-02-21,2024-03-12,3.5,0,0,75,24.489795918367346,FALSE
CPICOREYOY-24FEB,2024-02-22,2024-03-12,3.5,0,0,75,24.489795918367346,FALSE
CPICOREYOY-24FEB,2024-02-23,2024-03-12,3.5,92,400,92,17.346938775510203,FALSE
CPICOREYOY-24FEB,2024-02-24,2024-03-12,3.5,92,0,92,17.346938775510203,FALSE
CPICOREYOY-24FEB,2024-02-25,2024-03-12,3.5,92,0,92,17.346938775510203,FALSE
CPICOREYOY-24FEB,2024-02-26,2024-03-12,3.5,92,0,92,1.0204081632653061,FALSE
CPICOREYOY-24FEB,2024-02-27,2024-03-12,3.5,92,0,92,1.0204081632653061,FALSE
CPICOREYOY-24FEB,2024-02-28,2024-03-12,3.5,99,215,99,6.122448979591836,FALSE
CPICOREYOY-24FEB,2024-02-29,2024-03-12,3.5,99,5,99,10.204081632653061,FALSE
CPICOREYOY-24FEB,2024-03-01,2024-03-12,3.5,99,0,99,10.204081632653061,FALSE
CPICOREYOY-24FEB,2024-03-02,2024-03-12,3.5,99,0,99,10.204081632653061,FALSE
CPICOREYOY-24FEB,2024-03-03,2024-03-12,3.5,99,0,99,10.204081632653061,FALSE
CPICOREYOY-24FEB,2024-03-04,2024-03-12,3.5,99,0,99,16.3265306122449,FALSE
CPICOREYOY-24FEB,2024-03-05,2024-03-12,3.5,99,5,99,11.224489795918368,FALSE
CPICOREYOY-24FEB,2024-03-06,2024-03-12,3.5,99,5,99,5.1020408163265305,FALSE
CPICOREYOY-24FEB,2024-03-07,2024-03-12,3.5,99,0,99,5.1020408163265305,FALSE
CPICOREYOY-24FEB,2024-03-08,2024-03-12,3.5,99,10,99,4.081632653061225,FALSE
CPICOREYOY-24FEB,2024-03-09,2024-03-12,3.5,99,0,99,4.081632653061225,FALSE
CPICOREYOY-24FEB,2024-03-10,2024-03-12,3.5,99,0,99,4.081632653061225,FALSE
CPICOREYOY-24FEB,2024-03-11,2024-03-12,3.5,99,10,99,4.081632653061225,FALSE
CPICOREYOY-24FEB,2024-03-12,2024-03-12,3.5,99,0,99,4.081632653061225,FALSE
CPICOREYOY-24JAN,2024-01-14,2024-02-13,3.5,49,0,49,0,FALSE
CPICOREYOY-24JAN,2024-01-15,2024-02-13,3.5,49,0,49,0,FALSE
CPICOREYOY-24JAN,2024-01-16,2024-02-13,3.5,49,0,49,0,FALSE
CPICOREYOY-24JAN,2024-01-17,2024-02-13,3.5,49,0,49,0,FALSE
CPICOREYOY-24JAN,2024-01-18,2024-02-13,3.5,49,0,49,0,FALSE
CPICOREYOY-24JAN,2024-01-19,2024-02-13,3.5,49,0,49,0,FALSE
CPICOREYOY-24JAN,2024-01-20,2024-02-13,3.5,49,0,49,0,FALSE
CPICOREYOY-24JAN,2024-01-21,2024-02-13,3.5,49,0,49,3.061224489795918,FALSE
CPICOREYOY-24JAN,2024-01-22,2024-02-13,3.5,49,0,49,0,FALSE
CPICOREYOY-24JAN,2024-01-23,2024-02-13,3.5,49,0,49,0,FALSE
CPICOREYOY-24JAN,2024-01-24,2024-02-13,3.5,49,0,49,0,FALSE
CPICOREYOY-24JAN,2024-01-25,2024-02-13,3.5,49,0,49,0,FALSE
CPICOREYOY-24JAN,2024-01-26,2024-02-13,3.5,49,0,49,0,FALSE
CPICOREYOY-24JAN,2024-01-27,2024-02-13,3.5,49,0,49,0,FALSE
CPICOREYOY-24JAN,2024-01-28,2024-02-13,3.5,49,0,49,0,FALSE
CPICOREYOY-24JAN,2024-01-29,2024-02-13,3.5,49,0,49,0,FALSE
CPICOREYOY-24JAN,2024-01-30,2024-02-13,3.5,49,0,49,0,FALSE
CPICOREYOY-24JAN,2024-01-31,2024-02-13,3.5,49,0,49,0,FALSE
CPICOREYOY-24JAN,2024-02-01,2024-02-13,3.5,49,0,49,0,FALSE
CPICOREYOY-24JAN,2024-02-02,2024-02-13,3.5,49,0,49,0,FALSE
CPICOREYOY-24JAN,2024-02-03,2024-02-13,3.5,49,0,49,0,FALSE
CPICOREYOY-24JAN,2024-02-04,2024-02-13,3.5,49,0,49,0,FALSE
CPICOREYOY-24JAN,2024-02-05,2024-02-13,3.5,49,0,49,0,FALSE
CPICOREYOY-24JAN,2024-02-06,2024-02-13,3.5,49,0,49,0,FALSE
CPICOREYOY-24JAN,2024-02-07,2024-02-13,3.5,49,0,49,0,FALSE
CPICOREYOY-24JAN,2024-02-08,2024-02-13,3.5,49,0,49,0,FALSE
CPICOREYOY-24JAN,2024-02-09,2024-02-13,3.5,49,0,49,0,FALSE
CPICOREYOY-24JAN,2024-02-10,2024-02-13,3.5,49,0,49,0,FALSE
CPICOREYOY-24JAN,2024-02-11,2024-02-13,3.5,49,0,49,0,FALSE
CPICOREYOY-24JAN,2024-02-12,2024-02-13,3.5,49,0,49,0,FALSE
CPICOREYOY-24JAN,2024-02-13,2024-02-13,3.5,49,0,49,0,FALSE
CPICOREYOY-24JUL,2024-07-30,2024-08-14,3.5,1,8,1,0,FALSE
CPICOREYOY-24JUL,2024-07-31,2024-08-14,3.5,1,0,1,0,FALSE
CPICOREYOY-24JUL,2024-08-01,2024-08-14,3.5,1,0,1,0,FALSE
CPICOREYOY-24JUL,2024-08-02,2024-08-14,3.5,1,0,1,0,FALSE
CPICOREYOY-24JUL,2024-08-03,2024-08-14,3.5,1,0,1,0,FALSE
CPICOREYOY-24JUL,2024-08-04,2024-08-14,3.5,1,0,1,0,FALSE
CPICOREYOY-24JUL,2024-08-05,2024-08-14,3.5,1,0,1,0,FALSE
CPICOREYOY-24JUL,2024-08-06,2024-08-14,3.5,1,0,1,0,FALSE
CPICOREYOY-24JUL,2024-08-07,2024-08-14,3.5,1,0,1,0,FALSE
CPICOREYOY-24JUL,2024-08-08,2024-08-14,3.5,1,0,1,0,FALSE
CPICOREYOY-24JUL,2024-08-09,2024-08-14,3.5,1,0,1,0,FALSE
CPICOREYOY-24JUL,2024-08-10,2024-08-14,3.5,1,0,1,0,FALSE
CPICOREYOY-24JUL,2024-08-11,2024-08-14,3.5,1,0,1,0,FALSE
CPICOREYOY-24JUL,2024-08-12,2024-08-14,3.5,1,0,1,0,FALSE
CPICOREYOY-24JUL,2024-08-13,2024-08-14,3.5,1,0,1,0,FALSE
CPICOREYOY-24JUL,2024-08-14,2024-08-14,3.5,1,0,1,0,FALSE
CPICOREYOY-24MAR,2024-03-11,2024-04-10,3.5,87,958,87,22.448979591836736,FALSE
CPICOREYOY-24MAR,2024-03-12,2024-04-10,3.5,97,82,97,27.551020408163264,FALSE
CPICOREYOY-24MAR,2024-03-13,2024-04-10,3.5,95,1262,95,19.387755102040817,FALSE
CPICOREYOY-24MAR,2024-03-14,2024-04-10,3.5,95,0,95,19.387755102040817,FALSE
CPICOREYOY-24MAR,2024-03-15,2024-04-10,3.5,95,150,95,19.387755102040817,FALSE
CPICOREYOY-24MAR,2024-03-16,2024-04-10,3.5,95,0,95,19.387755102040817,FALSE
CPICOREYOY-24MAR,2024-03-17,2024-04-10,3.5,95,0,95,19.387755102040817,FALSE
CPICOREYOY-24MAR,2024-03-18,2024-04-10,3.5,95,0,95,19.387755102040817,FALSE
CPICOREYOY-24MAR,2024-03-19,2024-04-10,3.5,95,0,95,19.387755102040817,FALSE
CPICOREYOY-24MAR,2024-03-20,2024-04-10,3.5,95,0,95,40.81632653061224,FALSE
CPICOREYOY-24MAR,2024-03-21,2024-04-10,3.5,95,0,95,38.77551020408164,FALSE
CPICOREYOY-24MAR,2024-03-22,2024-04-10,3.5,95,0,95,36.734693877551024,FALSE
CPICOREYOY-24MAR,2024-03-23,2024-04-10,3.5,95,0,95,36.734693877551024,FALSE
CPICOREYOY-24MAR,2024-03-24,2024-04-10,3.5,95,0,95,36.734693877551024,FALSE
CPICOREYOY-24MAR,2024-03-25,2024-04-10,3.5,95,0,95,32.6530612244898,FALSE
CPICOREYOY-24MAR,2024-03-26,2024-04-10,3.5,95,0,95,34.69387755102041,FALSE
CPICOREYOY-24MAR,2024-03-27,2024-04-10,3.5,95,0,95,34.69387755102041,FALSE
CPICOREYOY-24MAR,2024-03-28,2024-04-10,3.5,95,0,95,34.69387755102041,FALSE
CPICOREYOY-24MAR,2024-03-29,2024-04-10,3.5,95,0,95,34.69387755102041,FALSE
CPICOREYOY-24MAR,2024-03-30,2024-04-10,3.5,95,0,95,34.69387755102041,FALSE
CPICOREYOY-24MAR,2024-03-31,2024-04-10,3.5,95,0,95,34.69387755102041,FALSE
CPICOREYOY-24MAR,2024-04-01,2024-04-10,3.5,95,0,95,34.69387755102041,FALSE
CPICOREYOY-24MAR,2024-04-02,2024-04-10,3.5,95,0,95,22.448979591836736,FALSE
CPICOREYOY-24MAR,2024-04-03,2024-04-10,3.5,95,0,95,26.53061224489796,FALSE
CPICOREYOY-24MAR,2024-04-04,2024-04-10,3.5,95,0,95,17.346938775510203,FALSE
CPICOREYOY-24MAR,2024-04-05,2024-04-10,3.5,99,1,99,21.428571428571427,FALSE
CPICOREYOY-24MAR,2024-04-06,2024-04-10,3.5,99,0,99,21.428571428571427,FALSE
CPICOREYOY-24MAR,2024-04-07,2024-04-10,3.5,99,0,99,21.428571428571427,FALSE
CPICOREYOY-24MAR,2024-04-08,2024-04-10,3.5,99,0,99,21.428571428571427,FALSE
CPICOREYOY-24MAR,2024-04-09,2024-04-10,3.5,99,0,99,21.428571428571427,FALSE
CPICOREYOY-24MAR,2024-04-10,2024-04-10,3.5,99,0,99,18.367346938775512,FALSE
CPICOREYOY-24MAY,2024-05-15,2024-06-12,3.5,0,0,25,24.489795918367346,FALSE
CPICOREYOY-24MAY,2024-05-16,2024-06-12,3.5,50,416,50,33.673469387755105,FALSE
CPICOREYOY-24MAY,2024-05-17,2024-06-12,3.5,48,950,48,23.46938775510204,FALSE
CPICOREYOY-24MAY,2024-05-18,2024-06-12,3.5,48,0,48,23.46938775510204,FALSE
CPICOREYOY-24MAY,2024-05-19,2024-06-12,3.5,48,200,48,23.46938775510204,FALSE
CPICOREYOY-24MAY,2024-05-20,2024-06-12,3.5,48,0,48,23.46938775510204,FALSE
CPICOREYOY-24MAY,2024-05-21,2024-06-12,3.5,48,0,48,23.46938775510204,FALSE
CPICOREYOY-24MAY,2024-05-22,2024-06-12,3.5,48,0,48,23.46938775510204,FALSE
CPICOREYOY-24MAY,2024-05-23,2024-06-12,3.5,48,64,48,23.46938775510204,FALSE
CPICOREYOY-24MAY,2024-05-24,2024-06-12,3.5,48,36,48,30.612244897959183,FALSE
CPICOREYOY-24MAY,2024-05-25,2024-06-12,3.5,56.99999999999999,8,56.99999999999999,34.6938775510204,FALSE
CPICOREYOY-24MAY,2024-05-26,2024-06-12,3.5,56.99999999999999,0,56.99999999999999,34.6938775510204,FALSE
CPICOREYOY-24MAY,2024-05-27,2024-06-12,3.5,56.99999999999999,0,56.99999999999999,34.6938775510204,FALSE
CPICOREYOY-24MAY,2024-05-28,2024-06-12,3.5,46,1410,46,32.6530612244898,FALSE
CPICOREYOY-24MAY,2024-05-29,2024-06-12,3.5,48,1864,48,28.571428571428573,FALSE
CPICOREYOY-24MAY,2024-05-30,2024-06-12,3.5,48,0,48,47.95918367346939,FALSE
CPICOREYOY-24MAY,2024-05-31,2024-06-12,3.5,48,0,48,27.551020408163264,FALSE
CPICOREYOY-24MAY,2024-06-01,2024-06-12,3.5,48,0,48,33.673469387755105,FALSE
CPICOREYOY-24MAY,2024-06-02,2024-06-12,3.5,48,0,48,33.673469387755105,FALSE
CPICOREYOY-24MAY,2024-06-03,2024-06-12,3.5,48,0,48,33.673469387755105,FALSE
CPICOREYOY-24MAY,2024-06-04,2024-06-12,3.5,46,6640,46,31.632653061224488,FALSE
CPICOREYOY-24MAY,2024-06-05,2024-06-12,3.5,46,1200,46,31.632653061224488,FALSE
CPICOREYOY-24MAY,2024-06-06,2024-06-12,3.5,50,10,50,35.714285714285715,FALSE
CPICOREYOY-24MAY,2024-06-07,2024-06-12,3.5,44,1990,44,35.714285714285715,FALSE
CPICOREYOY-24MAY,2024-06-08,2024-06-12,3.5,46,30,46,37.755102040816325,FALSE
CPICOREYOY-24MAY,2024-06-09,2024-06-12,3.5,46,0,46,37.755102040816325,FALSE
CPICOREYOY-24MAY,2024-06-10,2024-06-12,3.5,39,2009,39,29.591836734693878,FALSE
CPICOREYOY-24MAY,2024-06-11,2024-06-12,3.5,44,218,44,34.69387755102041,FALSE
CPICOREYOY-24MAY,2024-06-12,2024-06-12,3.5,44,0,44,38.775510204081634,FALSE
KXCPICOREYOY-25DEC,2025-12-18,2026-01-13,3.5,46,250,46,0,FALSE
KXCPICOREYOY-25DEC,2025-12-19,2026-01-13,3.5,46,0,46,0,FALSE
KXCPICOREYOY-25DEC,2025-12-20,2026-01-13,3.5,46,0,9,0,FALSE
KXCPICOREYOY-25DEC,2025-12-21,2026-01-13,3.5,46,0,46,0,FALSE
KXCPICOREYOY-25DEC,2025-12-22,2026-01-13,3.5,46,0,46,0,FALSE
KXCPICOREYOY-25DEC,2025-12-23,2026-01-13,3.5,46,0,46,0,FALSE
KXCPICOREYOY-25DEC,2025-12-24,2026-01-13,3.5,46,0,46,0,FALSE
KXCPICOREYOY-25DEC,2025-12-25,2026-01-13,3.5,46,0,46,0,FALSE
KXCPICOREYOY-25DEC,2025-12-26,2026-01-13,3.5,46,0,46,0,FALSE
KXCPICOREYOY-25DEC,2025-12-27,2026-01-13,3.5,46,0,46,0,FALSE
KXCPICOREYOY-25DEC,2025-12-28,2026-01-13,3.5,46,0,46,0,FALSE
KXCPICOREYOY-25DEC,2025-12-29,2026-01-13,3.5,46,0,46,0,FALSE
KXCPICOREYOY-25DEC,2025-12-30,2026-01-13,3.5,46,0,46,0,FALSE
KXCPICOREYOY-25DEC,2025-12-31,2026-01-13,3.5,46,0,46,0,FALSE
KXCPICOREYOY-25DEC,2026-01-01,2026-01-13,3.5,46,0,46,0,FALSE
KXCPICOREYOY-25DEC,2026-01-02,2026-01-13,3.5,46,0,46,0,FALSE
KXCPICOREYOY-25DEC,2026-01-03,2026-01-13,3.5,46,0,46,0,FALSE
KXCPICOREYOY-25DEC,2026-01-04,2026-01-13,3.5,46,0,46,0,FALSE
KXCPICOREYOY-25DEC,2026-01-05,2026-01-13,3.5,46,0,46,0,FALSE
KXCPICOREYOY-25DEC,2026-01-06,2026-01-13,3.5,46,0,46,0,FALSE
KXCPICOREYOY-25DEC,2026-01-07,2026-01-13,3.5,46,0,1,0,FALSE
KXCPICOREYOY-25DEC,2026-01-08,2026-01-13,3.5,46,0,1,0,FALSE
KXCPICOREYOY-25DEC,2026-01-09,2026-01-13,3.5,46,0,46,0,FALSE
KXCPICOREYOY-25DEC,2026-01-10,2026-01-13,3.5,46,0,46,0,FALSE
KXCPICOREYOY-25DEC,2026-01-11,2026-01-13,3.5,46,0,4,0,FALSE
KXCPICOREYOY-25DEC,2026-01-12,2026-01-13,3.5,46,0,46,0,FALSE
KXCPICOREYOY-25DEC,2026-01-13,2026-01-13,3.5,46,0,46,0,FALSE
KXCPICOREYOY-25FEB,2025-02-21,2025-03-12,3.5,8,58,8,7.142857142857143,FALSE
KXCPICOREYOY-25FEB,2025-02-22,2025-03-12,3.5,8,0,8,7.142857142857143,FALSE
KXCPICOREYOY-25FEB,2025-02-23,2025-03-12,3.5,8,0,7.000000000000001,0,FALSE
KXCPICOREYOY-25FEB,2025-02-24,2025-03-12,3.5,8,0,8,7.142857142857143,FALSE
KXCPICOREYOY-25FEB,2025-02-25,2025-03-12,3.5,8,0,8,7.142857142857143,FALSE
KXCPICOREYOY-25FEB,2025-02-26,2025-03-12,3.5,8,0,8,7.142857142857143,FALSE
KXCPICOREYOY-25FEB,2025-02-27,2025-03-12,3.5,8,0,8,7.142857142857143,FALSE
KXCPICOREYOY-25FEB,2025-02-28,2025-03-12,3.5,8,0,8,7.142857142857143,FALSE
KXCPICOREYOY-25FEB,2025-03-01,2025-03-12,3.5,8,0,8,7.142857142857143,FALSE
KXCPICOREYOY-25FEB,2025-03-02,2025-03-12,3.5,8,0,8,7.142857142857143,FALSE
KXCPICOREYOY-25FEB,2025-03-03,2025-03-12,3.5,8,0,7.000000000000001,0,FALSE
KXCPICOREYOY-25FEB,2025-03-04,2025-03-12,3.5,8,0,7.000000000000001,0,FALSE
KXCPICOREYOY-25FEB,2025-03-05,2025-03-12,3.5,8,0,6,0,FALSE
KXCPICOREYOY-25FEB,2025-03-06,2025-03-12,3.5,8,0,6,0,FALSE
KXCPICOREYOY-25FEB,2025-03-07,2025-03-12,3.5,8,0,6,0,FALSE
KXCPICOREYOY-25FEB,2025-03-08,2025-03-12,3.5,8,0,4,0,FALSE
KXCPICOREYOY-25FEB,2025-03-09,2025-03-12,3.5,8,0,4,0,FALSE
KXCPICOREYOY-25FEB,2025-03-10,2025-03-12,3.5,8,0,4,0,FALSE
KXCPICOREYOY-25FEB,2025-03-11,2025-03-12,3.5,8,0,1,0,FALSE
KXCPICOREYOY-25FEB,2025-03-12,2025-03-12,3.5,8,0,5,0,FALSE
KXCPICOREYOY-25MAR,2025-03-11,2025-04-10,3.5,8,0,8,0,FALSE
KXCPICOREYOY-25MAR,2025-03-12,2025-04-10,3.5,8,0,8,0,FALSE
KXCPICOREYOY-25MAR,2025-03-13,2025-04-10,3.5,8,0,8,0,FALSE
KXCPICOREYOY-25MAR,2025-03-14,2025-04-10,3.5,6,15,1,0,FALSE
KXCPICOREYOY-25MAR,2025-03-15,2025-04-10,3.5,6,0,1,0,FALSE
KXCPICOREYOY-25MAR,2025-03-16,2025-04-10,3.5,6,0,1,0,FALSE
KXCPICOREYOY-25MAR,2025-03-17,2025-04-10,3.5,6,0,1,0,FALSE
KXCPICOREYOY-25MAR,2025-03-18,2025-04-10,3.5,6,0,1,0,FALSE
KXCPICOREYOY-25MAR,2025-03-19,2025-04-10,3.5,6,0,1,0,FALSE
KXCPICOREYOY-25MAR,2025-03-20,2025-04-10,3.5,6,0,1,0,FALSE
KXCPICOREYOY-25MAR,2025-03-21,2025-04-10,3.5,6,0,1,0,FALSE
KXCPICOREYOY-25MAR,2025-03-22,2025-04-10,3.5,6,0,1,0,FALSE
KXCPICOREYOY-25MAR,2025-03-23,2025-04-10,3.5,6,0,1,0,FALSE
KXCPICOREYOY-25MAR,2025-03-24,2025-04-10,3.5,6,0,1,0,FALSE
KXCPICOREYOY-25MAR,2025-03-25,2025-04-10,3.5,6,0,1,0,FALSE
KXCPICOREYOY-25MAR,2025-03-26,2025-04-10,3.5,6,0,1,0,FALSE
KXCPICOREYOY-25MAR,2025-03-27,2025-04-10,3.5,6,0,1,0,FALSE
KXCPICOREYOY-25MAR,2025-03-28,2025-04-10,3.5,6,0,1,0,FALSE
KXCPICOREYOY-25MAR,2025-03-29,2025-04-10,3.5,6,0,1,0,FALSE
KXCPICOREYOY-25MAR,2025-03-30,2025-04-10,3.5,6,0,1,0,FALSE
KXCPICOREYOY-25MAR,2025-03-31,2025-04-10,3.5,6,0,1,0,FALSE
KXCPICOREYOY-25MAR,2025-04-01,2025-04-10,3.5,6,0,1,0,FALSE
KXCPICOREYOY-25MAR,2025-04-02,2025-04-10,3.5,6,0,1,0,FALSE
KXCPICOREYOY-25MAR,2025-04-03,2025-04-10,3.5,6,0,1,0,FALSE
KXCPICOREYOY-25MAR,2025-04-04,2025-04-10,3.5,6,0,1,0,FALSE
KXCPICOREYOY-25MAR,2025-04-05,2025-04-10,3.5,6,0,1,0,FALSE
KXCPICOREYOY-25MAR,2025-04-06,2025-04-10,3.5,6,0,1,0,FALSE
KXCPICOREYOY-25MAR,2025-04-07,2025-04-10,3.5,6,0,1,0,FALSE
KXCPICOREYOY-25MAR,2025-04-08,2025-04-10,3.5,6,0,1,0,FALSE
KXCPICOREYOY-25MAR,2025-04-09,2025-04-10,3.5,6,0,1,0,FALSE
KXCPICOREYOY-25MAR,2025-04-10,2025-04-10,3.5,1,200,1,0,FALSE
KXCPICOREYOY-25NOV,2025-11-25,2025-12-18,3.5,5,18,4,0,FALSE
KXCPICOREYOY-25NOV,2025-11-26,2025-12-18,3.5,5,0,4,0,FALSE
KXCPICOREYOY-25NOV,2025-11-27,2025-12-18,3.5,5,0,4,0,FALSE
KXCPICOREYOY-25NOV,2025-11-28,2025-12-18,3.5,5,0,4,0,FALSE
KXCPICOREYOY-25NOV,2025-11-29,2025-12-18,3.5,5,0,4,0,FALSE
KXCPICOREYOY-25NOV,2025-11-30,2025-12-18,3.5,5,0,4,0,FALSE
KXCPICOREYOY-25NOV,2025-12-01,2025-12-18,3.5,5,0,4,0,FALSE
KXCPICOREYOY-25NOV,2025-12-02,2025-12-18,3.5,5,0,4,0,FALSE
KXCPICOREYOY-25NOV,2025-12-03,2025-12-18,3.5,5,0,4,0,FALSE
KXCPICOREYOY-25NOV,2025-12-04,2025-12-18,3.5,5,0,4,0,FALSE
KXCPICOREYOY-25NOV,2025-12-05,2025-12-18,3.5,5,0,4,0,FALSE
KXCPICOREYOY-25NOV,2025-12-06,2025-12-18,3.5,5,0,4,0,FALSE
KXCPICOREYOY-25NOV,2025-12-07,2025-12-18,3.5,5,0,4,0,FALSE
KXCPICOREYOY-25NOV,2025-12-08,2025-12-18,3.5,5,0,3,0,FALSE
KXCPICOREYOY-25NOV,2025-12-09,2025-12-18,3.5,5,0,1,0,FALSE
KXCPICOREYOY-25NOV,2025-12-10,2025-12-18,3.5,5,0,1,0,FALSE
KXCPICOREYOY-25NOV,2025-12-11,2025-12-18,3.5,5,0,1,0,FALSE
KXCPICOREYOY-25NOV,2025-12-12,2025-12-18,3.5,5,0,1,0,FALSE
KXCPICOREYOY-25NOV,2025-12-13,2025-12-18,3.5,5,0,1,0,FALSE
KXCPICOREYOY-25NOV,2025-12-14,2025-12-18,3.5,5,0,1,0,FALSE
KXCPICOREYOY-25NOV,2025-12-15,2025-12-18,3.5,5,0,1,0,FALSE
KXCPICOREYOY-25NOV,2025-12-16,2025-12-18,3.5,4,25,3,0,FALSE
KXCPICOREYOY-25NOV,2025-12-17,2025-12-18,3.5,4,25,1,0,FALSE
KXCPICOREYOY-25NOV,2025-12-18,2025-12-18,3.5,4,0,1,0,FALSE
KXCPICOREYOY-25OCT,2025-10-22,2025-11-13,3.5,19,313,8,0,FALSE
KXCPICOREYOY-25OCT,2025-10-23,2025-11-13,3.5,19,0,8,0,FALSE
KXCPICOREYOY-25OCT,2025-10-24,2025-11-13,3.5,19,0,8,0,FALSE
KXCPICOREYOY-25OCT,2025-10-25,2025-11-13,3.5,19,0,19,0,FALSE
KXCPICOREYOY-25OCT,2025-10-26,2025-11-13,3.5,19,0,19,0,FALSE
KXCPICOREYOY-25OCT,2025-10-27,2025-11-13,3.5,19,0,19,0,FALSE
KXCPICOREYOY-25OCT,2025-10-28,2025-11-13,3.5,19,0,19,0,FALSE
KXCPICOREYOY-25OCT,2025-10-29,2025-11-13,3.5,19,0,19,0,FALSE
KXCPICOREYOY-25OCT,2025-10-30,2025-11-13,3.5,19,0,19,0,FALSE
KXCPICOREYOY-25OCT,2025-10-31,2025-11-13,3.5,19,0,19,0,FALSE
KXCPICOREYOY-25OCT,2025-11-01,2025-11-13,3.5,19,0,19,0,FALSE
KXCPICOREYOY-25OCT,2025-11-02,2025-11-13,3.5,19,0,19,0,FALSE
KXCPICOREYOY-25OCT,2025-11-03,2025-11-13,3.5,19,0,8,0,FALSE
KXCPICOREYOY-25OCT,2025-11-04,2025-11-13,3.5,19,0,8,0,FALSE
KXCPICOREYOY-25OCT,2025-11-05,2025-11-13,3.5,19,0,8,0,FALSE
KXCPICOREYOY-25OCT,2025-11-06,2025-11-13,3.5,19,0,8,0,FALSE
KXCPICOREYOY-25OCT,2025-11-07,2025-11-13,3.5,19,0,8,0,FALSE
KXCPICOREYOY-25OCT,2025-11-08,2025-11-13,3.5,19,0,8,0,FALSE
KXCPICOREYOY-25OCT,2025-11-09,2025-11-13,3.5,19,0,8,0,FALSE
KXCPICOREYOY-25OCT,2025-11-10,2025-11-13,3.5,19,0,4,0,FALSE
KXCPICOREYOY-25OCT,2025-11-11,2025-11-13,3.5,19,0,2,0,FALSE
KXCPICOREYOY-25OCT,2025-11-12,2025-11-13,3.5,19,0,2,0,FALSE
KXCPICOREYOY-25OCT,2025-11-13,2025-11-13,3.5,19,0,2,0,FALSE
KXCPICOREYOY-26APR,2026-04-29,2026-05-12,3.5,2,50,2,0,FALSE
KXCPICOREYOY-26APR,2026-04-30,2026-05-12,3.5,2,0,2,0,FALSE
KXCPICOREYOY-26APR,2026-05-01,2026-05-12,3.5,2,0,2,0,FALSE
KXCPICOREYOY-26APR,2026-05-02,2026-05-12,3.5,2,0,2,0,FALSE
KXCPICOREYOY-26APR,2026-05-03,2026-05-12,3.5,2,0,2,0,FALSE
KXCPICOREYOY-26APR,2026-05-04,2026-05-12,3.5,2,0,2,0,FALSE
KXCPICOREYOY-26APR,2026-05-05,2026-05-12,3.5,2,0,2,0,FALSE
KXCPICOREYOY-26APR,2026-05-06,2026-05-12,3.5,2,0,2,0,FALSE
KXCPICOREYOY-26APR,2026-05-07,2026-05-12,3.5,2,0,2,0,FALSE
KXCPICOREYOY-26APR,2026-05-08,2026-05-12,3.5,2,0,2,0,FALSE
KXCPICOREYOY-26APR,2026-05-09,2026-05-12,3.5,2,0,2,0,FALSE
KXCPICOREYOY-26APR,2026-05-10,2026-05-12,3.5,2,0,2,0,FALSE
KXCPICOREYOY-26APR,2026-05-11,2026-05-12,3.5,2,0,2,0,FALSE
KXCPICOREYOY-26APR,2026-05-12,2026-05-12,3.5,3,1439.89,2,0,FALSE
KXCPICOREYOY-26AUG,2026-07-04,2026-08-03,3.5,4,0,4,0,FALSE
KXCPICOREYOY-26AUG,2026-07-05,2026-08-03,3.5,4,0,4,0,FALSE
KXCPICOREYOY-26AUG,2026-07-06,2026-08-03,3.5,4,0,4,0,FALSE
KXCPICOREYOY-26AUG,2026-07-07,2026-08-03,3.5,4,0,4,0,FALSE
KXCPICOREYOY-26AUG,2026-07-08,2026-08-03,3.5,4,0,4,0,FALSE
KXCPICOREYOY-26AUG,2026-07-09,2026-08-03,3.5,4,0,4,0,FALSE
KXCPICOREYOY-26AUG,2026-07-10,2026-08-03,3.5,4,0,4,0,FALSE
KXCPICOREYOY-26AUG,2026-07-11,2026-08-03,3.5,4,0,4,0,FALSE
KXCPICOREYOY-26AUG,2026-07-12,2026-08-03,3.5,4,0,4,0,FALSE
KXCPICOREYOY-26AUG,2026-07-13,2026-08-03,3.5,4,0,4,0,FALSE
KXCPICOREYOY-26AUG,2026-07-14,2026-08-03,3.5,4,0,4,0,FALSE
KXCPICOREYOY-26AUG,2026-07-15,2026-08-03,3.5,4,0,4,0,FALSE
KXCPICOREYOY-26AUG,2026-07-16,2026-08-03,3.5,4,0,4,0,FALSE
KXCPICOREYOY-26AUG,2026-07-17,2026-08-03,3.5,4,0,4,0,FALSE
KXCPICOREYOY-26AUG,2026-07-18,2026-08-03,3.5,4,0,4,0,FALSE
KXCPICOREYOY-26AUG,2026-07-19,2026-08-03,3.5,4,0,4,0,FALSE
KXCPICOREYOY-26AUG,2026-07-20,2026-08-03,3.5,4,0,4,0,FALSE
KXCPICOREYOY-26AUG,2026-07-21,2026-08-03,3.5,4,0,4,0,FALSE
KXCPICOREYOY-26AUG,2026-07-22,2026-08-03,3.5,4,0,2,0,FALSE
KXCPICOREYOY-26AUG,2026-07-23,2026-08-03,3.5,4,0,2,0,FALSE
KXCPICOREYOY-26AUG,2026-07-24,2026-08-03,3.5,4,0,2,0,FALSE
KXCPICOREYOY-26AUG,2026-07-25,2026-08-03,3.5,4,0,2,0,FALSE
KXCPICOREYOY-26AUG,2026-07-26,2026-08-03,3.5,4,0,2,0,FALSE
KXCPICOREYOY-26AUG,2026-07-27,2026-08-03,3.5,4,0,2,0,FALSE
KXCPICOREYOY-26AUG,2026-07-28,2026-08-03,3.5,4,0,2,0,FALSE
KXCPICOREYOY-26AUG,2026-07-29,2026-08-03,3.5,4,0,2,0,FALSE
KXCPICOREYOY-26AUG,2026-07-30,2026-08-03,3.5,4,0,2,0,FALSE
KXCPICOREYOY-26AUG,2026-07-31,2026-08-03,3.5,4,0,2,0,FALSE
KXCPICOREYOY-26AUG,2026-08-01,2026-08-03,3.5,4,0,2,0,FALSE
KXCPICOREYOY-26AUG,2026-08-02,2026-08-03,3.5,4,0,2,0,FALSE
KXCPICOREYOY-26AUG,2026-08-03,2026-08-03,3.5,4,0,1,0,FALSE
KXCPICOREYOY-26FEB,2026-02-12,2026-03-11,3.5,19,99,19,0,FALSE
KXCPICOREYOY-26FEB,2026-02-13,2026-03-11,3.5,5,22,5,0,FALSE
KXCPICOREYOY-26FEB,2026-02-14,2026-03-11,3.5,5,0,1,0,FALSE
KXCPICOREYOY-26FEB,2026-02-15,2026-03-11,3.5,5,0,1,0,FALSE
KXCPICOREYOY-26FEB,2026-02-16,2026-03-11,3.5,5,0,1,0,FALSE
KXCPICOREYOY-26FEB,2026-02-17,2026-03-11,3.5,5,0,1,0,FALSE
KXCPICOREYOY-26FEB,2026-02-18,2026-03-11,3.5,5,0,1,0,FALSE
KXCPICOREYOY-26FEB,2026-02-19,2026-03-11,3.5,5,0,1,0,FALSE
KXCPICOREYOY-26FEB,2026-02-20,2026-03-11,3.5,5,0,1,0,FALSE
KXCPICOREYOY-26FEB,2026-02-21,2026-03-11,3.5,5,0,1,0,FALSE
KXCPICOREYOY-26FEB,2026-02-22,2026-03-11,3.5,5,0,1,0,FALSE
KXCPICOREYOY-26FEB,2026-02-23,2026-03-11,3.5,5,0,1,0,FALSE
KXCPICOREYOY-26FEB,2026-02-24,2026-03-11,3.5,5,0,1,0,FALSE
KXCPICOREYOY-26FEB,2026-02-25,2026-03-11,3.5,5,0,1,0,FALSE
KXCPICOREYOY-26FEB,2026-02-26,2026-03-11,3.5,5,0,1,0,FALSE
KXCPICOREYOY-26FEB,2026-02-27,2026-03-11,3.5,5,0,1,0,FALSE
KXCPICOREYOY-26FEB,2026-02-28,2026-03-11,3.5,5,0,1,0,FALSE
KXCPICOREYOY-26FEB,2026-03-01,2026-03-11,3.5,5,0,1,0,FALSE
KXCPICOREYOY-26FEB,2026-03-02,2026-03-11,3.5,5,0,1,0,FALSE
KXCPICOREYOY-26FEB,2026-03-03,2026-03-11,3.5,5,0,1,0,FALSE
KXCPICOREYOY-26FEB,2026-03-04,2026-03-11,3.5,5,0,1,0,FALSE
KXCPICOREYOY-26FEB,2026-03-05,2026-03-11,3.5,5,0,1,0,FALSE
KXCPICOREYOY-26FEB,2026-03-06,2026-03-11,3.5,5,0,1,0,FALSE
KXCPICOREYOY-26FEB,2026-03-07,2026-03-11,3.5,5,0,1,0,FALSE
KXCPICOREYOY-26FEB,2026-03-08,2026-03-11,3.5,5,0,1,0,FALSE
KXCPICOREYOY-26FEB,2026-03-09,2026-03-11,3.5,5,0,1,0,FALSE
KXCPICOREYOY-26FEB,2026-03-10,2026-03-11,3.5,6,102,2,0,FALSE
KXCPICOREYOY-26FEB,2026-03-11,2026-03-11,3.5,6,0,1,0,FALSE
KXCPICOREYOY-26JAN,2026-02-01,2026-02-13,3.5,6,5,5,0,FALSE
KXCPICOREYOY-26JAN,2026-02-02,2026-02-13,3.5,6,0,5,0,FALSE
KXCPICOREYOY-26JAN,2026-02-03,2026-02-13,3.5,6,0,5,0,FALSE
KXCPICOREYOY-26JAN,2026-02-04,2026-02-13,3.5,6,0,1,0,FALSE
KXCPICOREYOY-26JAN,2026-02-05,2026-02-13,3.5,6,0,2,0,FALSE
KXCPICOREYOY-26JAN,2026-02-06,2026-02-13,3.5,6,0,1,0,FALSE
KXCPICOREYOY-26JAN,2026-02-07,2026-02-13,3.5,6,0,5,0,FALSE
KXCPICOREYOY-26JAN,2026-02-08,2026-02-13,3.5,6,0,5,0,FALSE
KXCPICOREYOY-26JAN,2026-02-09,2026-02-13,3.5,6,0,2,0,FALSE
KXCPICOREYOY-26JAN,2026-02-10,2026-02-13,3.5,6,0,1,0,FALSE
KXCPICOREYOY-26JAN,2026-02-11,2026-02-13,3.5,6,0,3,0,FALSE
KXCPICOREYOY-26JAN,2026-02-12,2026-02-13,3.5,6,0,2,0,FALSE
KXCPICOREYOY-26JAN,2026-02-13,2026-02-13,3.5,6,0,5,0,FALSE
KXCPICOREYOY-26JUL,2026-07-08,2026-08-05,3.5,1,43,1,0,FALSE
KXCPICOREYOY-26JUL,2026-07-09,2026-08-05,3.5,1,0,1,0,FALSE
KXCPICOREYOY-26JUL,2026-07-10,2026-08-05,3.5,1,0,1,0,FALSE
KXCPICOREYOY-26JUL,2026-07-11,2026-08-05,3.5,1,0,1,0,FALSE
KXCPICOREYOY-26JUL,2026-07-12,2026-08-05,3.5,1,0,1,0,FALSE
KXCPICOREYOY-26JUL,2026-07-13,2026-08-05,3.5,1,0,1,0,FALSE
KXCPICOREYOY-26JUL,2026-07-14,2026-08-05,3.5,1,141.07,1,0,FALSE
KXCPICOREYOY-26JUL,2026-07-15,2026-08-05,3.5,1,0,1,0,FALSE
KXCPICOREYOY-26JUL,2026-07-16,2026-08-05,3.5,1,0,1,0,FALSE
KXCPICOREYOY-26JUL,2026-07-17,2026-08-05,3.5,1,0,1,0,FALSE
KXCPICOREYOY-26JUL,2026-07-18,2026-08-05,3.5,1,0,1,0,FALSE
KXCPICOREYOY-26JUL,2026-07-19,2026-08-05,3.5,1,0,1,0,FALSE
KXCPICOREYOY-26JUL,2026-07-20,2026-08-05,3.5,1,0,1,0,FALSE
KXCPICOREYOY-26JUL,2026-07-21,2026-08-05,3.5,1,0,1,0,FALSE
KXCPICOREYOY-26JUL,2026-07-22,2026-08-05,3.5,1,500,1,0,FALSE
KXCPICOREYOY-26JUL,2026-07-23,2026-08-05,3.5,2,490.46000000000004,2,0,FALSE
KXCPICOREYOY-26JUL,2026-07-24,2026-08-05,3.5,2,814.47,1,0,FALSE
KXCPICOREYOY-26JUL,2026-07-25,2026-08-05,3.5,1,361.54,1,0,FALSE
KXCPICOREYOY-26JUL,2026-07-26,2026-08-05,3.5,1,0,1,0,FALSE
KXCPICOREYOY-26JUL,2026-07-27,2026-08-05,3.5,1,0,1,0,FALSE
KXCPICOREYOY-26JUL,2026-07-28,2026-08-05,3.5,1,0,1,0,FALSE
KXCPICOREYOY-26JUL,2026-07-29,2026-08-05,3.5,1,0,1,0,FALSE
KXCPICOREYOY-26JUL,2026-07-30,2026-08-05,3.5,1,0,1,0,FALSE
KXCPICOREYOY-26JUL,2026-07-31,2026-08-05,3.5,1,0,1,0,FALSE
KXCPICOREYOY-26JUL,2026-08-01,2026-08-05,3.5,1,0,1,0,FALSE
KXCPICOREYOY-26JUL,2026-08-02,2026-08-05,3.5,1,500,1,0,FALSE
KXCPICOREYOY-26JUL,2026-08-03,2026-08-05,3.5,1,0,1,0,FALSE
KXCPICOREYOY-26JUL,2026-08-04,2026-08-05,3.5,1,0,1,0,FALSE
KXCPICOREYOY-26JUL,2026-08-05,2026-08-05,3.5,1,0,1,0,FALSE
KXCPICOREYOY-26JUN,2026-06-14,2026-07-14,3.5,4,0,2,0,FALSE
KXCPICOREYOY-26JUN,2026-06-15,2026-07-14,3.5,4,0,2,0,FALSE
KXCPICOREYOY-26JUN,2026-06-16,2026-07-14,3.5,4,0,4,0,FALSE
KXCPICOREYOY-26JUN,2026-06-17,2026-07-14,3.5,4,0,4,0,FALSE
KXCPICOREYOY-26JUN,2026-06-18,2026-07-14,3.5,4,0,2,0,FALSE
KXCPICOREYOY-26JUN,2026-06-19,2026-07-14,3.5,4,0,2,0,FALSE
KXCPICOREYOY-26JUN,2026-06-20,2026-07-14,3.5,4,0,2,0,FALSE
KXCPICOREYOY-26JUN,2026-06-21,2026-07-14,3.5,4,0,3,0,FALSE
KXCPICOREYOY-26JUN,2026-06-22,2026-07-14,3.5,4,0,3,0,FALSE
KXCPICOREYOY-26JUN,2026-06-23,2026-07-14,3.5,4,0,3,0,FALSE
KXCPICOREYOY-26JUN,2026-06-24,2026-07-14,3.5,4,0,3,0,FALSE
KXCPICOREYOY-26JUN,2026-06-25,2026-07-14,3.5,4,0,2,0,FALSE
KXCPICOREYOY-26JUN,2026-06-26,2026-07-14,3.5,4,0,1,0,FALSE
KXCPICOREYOY-26JUN,2026-06-27,2026-07-14,3.5,4,0,3,0,FALSE
KXCPICOREYOY-26JUN,2026-06-28,2026-07-14,3.5,4,0,3,0,FALSE
KXCPICOREYOY-26JUN,2026-06-29,2026-07-14,3.5,4,0,3,0,FALSE
KXCPICOREYOY-26JUN,2026-06-30,2026-07-14,3.5,4,0,3,0,FALSE
KXCPICOREYOY-26JUN,2026-07-01,2026-07-14,3.5,4,0,1,0,FALSE
KXCPICOREYOY-26JUN,2026-07-02,2026-07-14,3.5,4,0,1,0,FALSE
KXCPICOREYOY-26JUN,2026-07-03,2026-07-14,3.5,4,0,1,0,FALSE
KXCPICOREYOY-26JUN,2026-07-04,2026-07-14,3.5,4,0,1,0,FALSE
KXCPICOREYOY-26JUN,2026-07-05,2026-07-14,3.5,4,0,1,0,FALSE
KXCPICOREYOY-26JUN,2026-07-06,2026-07-14,3.5,4,0,1,0,FALSE
KXCPICOREYOY-26JUN,2026-07-07,2026-07-14,3.5,4,0,1,0,FALSE
KXCPICOREYOY-26JUN,2026-07-08,2026-07-14,3.5,4,0,1,0,FALSE
KXCPICOREYOY-26JUN,2026-07-09,2026-07-14,3.5,4,0,1,0,FALSE
KXCPICOREYOY-26JUN,2026-07-10,2026-07-14,3.5,4,0,1,0,FALSE
KXCPICOREYOY-26JUN,2026-07-11,2026-07-14,3.5,4,0,1,0,FALSE
KXCPICOREYOY-26JUN,2026-07-12,2026-07-14,3.5,4,0,1,0,FALSE
KXCPICOREYOY-26JUN,2026-07-13,2026-07-14,3.5,1,166,1,0,FALSE
KXCPICOREYOY-26JUN,2026-07-14,2026-07-14,3.5,1,0,1,0,FALSE
KXCPICOREYOY-26MAR,2026-04-04,2026-04-10,3.5,0,0,1,0,FALSE
KXCPICOREYOY-26MAR,2026-04-05,2026-04-10,3.5,0,0,1,0,FALSE
KXCPICOREYOY-26MAR,2026-04-06,2026-04-10,3.5,1,10,1,0,FALSE
KXCPICOREYOY-26MAR,2026-04-07,2026-04-10,3.5,1,0,1,0,FALSE
KXCPICOREYOY-26MAR,2026-04-08,2026-04-10,3.5,1,0,1,0,FALSE
KXCPICOREYOY-26MAR,2026-04-09,2026-04-10,3.5,1,0,1,0,FALSE
KXCPICOREYOY-26MAR,2026-04-10,2026-04-10,3.5,1,0,1,0,FALSE
KXCPICOREYOY-26MAY,2026-05-11,2026-06-10,3.5,3,0,3,0,FALSE
KXCPICOREYOY-26MAY,2026-05-12,2026-06-10,3.5,5,100,3,0,FALSE
KXCPICOREYOY-26MAY,2026-05-13,2026-06-10,3.5,5,0,3,0,FALSE
KXCPICOREYOY-26MAY,2026-05-14,2026-06-10,3.5,5,0,3,0,FALSE
KXCPICOREYOY-26MAY,2026-05-15,2026-06-10,3.5,5,0,3,0,FALSE
KXCPICOREYOY-26MAY,2026-05-16,2026-06-10,3.5,5,0,3,0,FALSE
KXCPICOREYOY-26MAY,2026-05-17,2026-06-10,3.5,5,0,3,0,FALSE
KXCPICOREYOY-26MAY,2026-05-18,2026-06-10,3.5,5,0,3,0,FALSE
KXCPICOREYOY-26MAY,2026-05-19,2026-06-10,3.5,5,0,3,0,FALSE
KXCPICOREYOY-26MAY,2026-05-20,2026-06-10,3.5,5,0,3,0,FALSE
KXCPICOREYOY-26MAY,2026-05-21,2026-06-10,3.5,5,0,2,0,FALSE
KXCPICOREYOY-26MAY,2026-05-22,2026-06-10,3.5,5,0,2,0,FALSE
KXCPICOREYOY-26MAY,2026-05-23,2026-06-10,3.5,5,0,2,0,FALSE
KXCPICOREYOY-26MAY,2026-05-24,2026-06-10,3.5,5,0,2,0,FALSE
KXCPICOREYOY-26MAY,2026-05-25,2026-06-10,3.5,5,0,2,0,FALSE
KXCPICOREYOY-26MAY,2026-05-26,2026-06-10,3.5,5,0,2,0,FALSE
KXCPICOREYOY-26MAY,2026-05-27,2026-06-10,3.5,5,0,2,0,FALSE
KXCPICOREYOY-26MAY,2026-05-28,2026-06-10,3.5,5,0,2,0,FALSE
KXCPICOREYOY-26MAY,2026-05-29,2026-06-10,3.5,2,5,2,0,FALSE
KXCPICOREYOY-26MAY,2026-05-30,2026-06-10,3.5,2,0,2,0,FALSE
KXCPICOREYOY-26MAY,2026-05-31,2026-06-10,3.5,2,0,2,0,FALSE
KXCPICOREYOY-26MAY,2026-06-01,2026-06-10,3.5,2,0,2,0,FALSE
KXCPICOREYOY-26MAY,2026-06-02,2026-06-10,3.5,2,0,2,0,FALSE
KXCPICOREYOY-26MAY,2026-06-03,2026-06-10,3.5,2,0,2,0,FALSE
KXCPICOREYOY-26MAY,2026-06-04,2026-06-10,3.5,2,0,2,0,FALSE
KXCPICOREYOY-26MAY,2026-06-05,2026-06-10,3.5,2,0,2,0,FALSE
KXCPICOREYOY-26MAY,2026-06-06,2026-06-10,3.5,2,0,2,0,FALSE
KXCPICOREYOY-26MAY,2026-06-07,2026-06-10,3.5,2,0,2,0,FALSE
KXCPICOREYOY-26MAY,2026-06-08,2026-06-10,3.5,4,10,3,0,FALSE
KXCPICOREYOY-26MAY,2026-06-09,2026-06-10,3.5,1,500,1,0,FALSE
KXCPICOREYOY-26MAY,2026-06-10,2026-06-10,3.5,1,0,1,0,FALSE
KXCPICOREYOY-26NOV,2026-07-23,2026-08-05,3.5,78,4001,40,0,FALSE
KXCPICOREYOY-26NOV,2026-07-24,2026-08-05,3.5,78,0,40,0,FALSE
KXCPICOREYOY-26NOV,2026-07-25,2026-08-05,3.5,78,0,40,0,FALSE
KXCPICOREYOY-26NOV,2026-07-26,2026-08-05,3.5,78,0,40,0,FALSE
KXCPICOREYOY-26NOV,2026-07-27,2026-08-05,3.5,80,1999,41,0,FALSE
KXCPICOREYOY-26NOV,2026-07-28,2026-08-05,3.5,79,1,41,0,FALSE
KXCPICOREYOY-26NOV,2026-07-29,2026-08-05,3.5,79,0,41,0,FALSE
KXCPICOREYOY-26NOV,2026-07-30,2026-08-05,3.5,79,0,41,0,FALSE
KXCPICOREYOY-26NOV,2026-07-31,2026-08-05,3.5,79,0,41,0,FALSE
KXCPICOREYOY-26NOV,2026-08-01,2026-08-05,3.5,79,0,41,0,FALSE
KXCPICOREYOY-26NOV,2026-08-02,2026-08-05,3.5,79,0,41,0,FALSE
KXCPICOREYOY-26NOV,2026-08-03,2026-08-05,3.5,79,0,41,0,FALSE
KXCPICOREYOY-26NOV,2026-08-04,2026-08-05,3.5,79,0,41,0,FALSE
KXCPICOREYOY-26NOV,2026-08-05,2026-08-05,3.5,37,489,37,0,FALSE
CPICOREYOY-24FEB,2024-02-28,2024-03-12,3.5999999999999996,93,46,93,41.83673469387755,FALSE
CPICOREYOY-24FEB,2024-02-29,2024-03-12,3.5999999999999996,89,102,89,58.16326530612245,FALSE
CPICOREYOY-24FEB,2024-03-01,2024-03-12,3.5999999999999996,89,0,89,58.16326530612245,FALSE
CPICOREYOY-24FEB,2024-03-02,2024-03-12,3.5999999999999996,89,0,89,52.04081632653061,FALSE
CPICOREYOY-24FEB,2024-03-03,2024-03-12,3.5999999999999996,89,0,89,50,FALSE
CPICOREYOY-24FEB,2024-03-04,2024-03-12,3.5999999999999996,83,10,83,8.16326530612245,FALSE
CPICOREYOY-24FEB,2024-03-05,2024-03-12,3.5999999999999996,88,5,88,40.816326530612244,FALSE
CPICOREYOY-24FEB,2024-03-06,2024-03-12,3.5999999999999996,94,112,94,42.857142857142854,FALSE
CPICOREYOY-24FEB,2024-03-07,2024-03-12,3.5999999999999996,94,0,94,65.3061224489796,FALSE
CPICOREYOY-24FEB,2024-03-08,2024-03-12,3.5999999999999996,95,874,95,43.87755102040816,FALSE
CPICOREYOY-24FEB,2024-03-09,2024-03-12,3.5999999999999996,95,0,95,40.81632653061224,FALSE
CPICOREYOY-24FEB,2024-03-10,2024-03-12,3.5999999999999996,95,0,95,40.81632653061224,FALSE
CPICOREYOY-24FEB,2024-03-11,2024-03-12,3.5999999999999996,95,535,95,43.87755102040816,FALSE
CPICOREYOY-24FEB,2024-03-12,2024-03-12,3.5999999999999996,95,0,95,43.87755102040816,FALSE
CPICOREYOY-24JAN,2024-01-14,2024-02-13,3.5999999999999996,63,351,49,48.97959183673469,FALSE
CPICOREYOY-24JAN,2024-01-15,2024-02-13,3.5999999999999996,63,0,49,19.387755102040817,FALSE
CPICOREYOY-24JAN,2024-01-16,2024-02-13,3.5999999999999996,63,0,49,19.387755102040817,FALSE
CPICOREYOY-24JAN,2024-01-17,2024-02-13,3.5999999999999996,74,286,49,19.387755102040817,FALSE
CPICOREYOY-24JAN,2024-01-18,2024-02-13,3.5999999999999996,81,240,49,19.387755102040817,FALSE
CPICOREYOY-24JAN,2024-01-19,2024-02-13,3.5999999999999996,81,0,49,19.387755102040817,FALSE
CPICOREYOY-24JAN,2024-01-20,2024-02-13,3.5999999999999996,81,0,49,19.387755102040817,FALSE
CPICOREYOY-24JAN,2024-01-21,2024-02-13,3.5999999999999996,46,116,46,16.3265306122449,FALSE
CPICOREYOY-24JAN,2024-01-22,2024-02-13,3.5999999999999996,80,759,49,19.387755102040817,FALSE
CPICOREYOY-24JAN,2024-01-23,2024-02-13,3.5999999999999996,80,0,49,9.183673469387756,FALSE
CPICOREYOY-24JAN,2024-01-24,2024-02-13,3.5999999999999996,77,30,49,0,FALSE
CPICOREYOY-24JAN,2024-01-25,2024-02-13,3.5999999999999996,77,0,49,0,FALSE
CPICOREYOY-24JAN,2024-01-26,2024-02-13,3.5999999999999996,77,0,49,0,FALSE
CPICOREYOY-24JAN,2024-01-27,2024-02-13,3.5999999999999996,77,0,49,0,FALSE
CPICOREYOY-24JAN,2024-01-28,2024-02-13,3.5999999999999996,77,0,49,0,FALSE
CPICOREYOY-24JAN,2024-01-29,2024-02-13,3.5999999999999996,77,0,49,0,FALSE
CPICOREYOY-24JAN,2024-01-30,2024-02-13,3.5999999999999996,77,0,49,0,FALSE
CPICOREYOY-24JAN,2024-01-31,2024-02-13,3.5999999999999996,82,10,49,0,FALSE
CPICOREYOY-24JAN,2024-02-01,2024-02-13,3.5999999999999996,85,700,49,15.306122448979592,FALSE
CPICOREYOY-24JAN,2024-02-02,2024-02-13,3.5999999999999996,85,0,49,15.306122448979592,FALSE
CPICOREYOY-24JAN,2024-02-03,2024-02-13,3.5999999999999996,85,0,49,15.306122448979592,FALSE
CPICOREYOY-24JAN,2024-02-04,2024-02-13,3.5999999999999996,82,20,49,15.306122448979592,FALSE
CPICOREYOY-24JAN,2024-02-05,2024-02-13,3.5999999999999996,82,5,49,15.306122448979592,FALSE
CPICOREYOY-24JAN,2024-02-06,2024-02-13,3.5999999999999996,82,0,49,15.306122448979592,FALSE
CPICOREYOY-24JAN,2024-02-07,2024-02-13,3.5999999999999996,82,0,49,15.306122448979592,FALSE
CPICOREYOY-24JAN,2024-02-08,2024-02-13,3.5999999999999996,84,450,49,17.346938775510203,FALSE
CPICOREYOY-24JAN,2024-02-09,2024-02-13,3.5999999999999996,84,0,49,9.183673469387756,FALSE
CPICOREYOY-24JAN,2024-02-10,2024-02-13,3.5999999999999996,84,0,49,9.183673469387756,FALSE
CPICOREYOY-24JAN,2024-02-11,2024-02-13,3.5999999999999996,84,0,49,9.183673469387756,FALSE
CPICOREYOY-24JAN,2024-02-12,2024-02-13,3.5999999999999996,94,20,49,0,FALSE
CPICOREYOY-24JAN,2024-02-13,2024-02-13,3.5999999999999996,91,192,49,0,FALSE
CPICOREYOY-24MAR,2024-03-11,2024-04-10,3.5999999999999996,65,5748,65,58.16326530612245,FALSE
CPICOREYOY-24MAR,2024-03-12,2024-04-10,3.5999999999999996,70,9803,70,57.142857142857146,FALSE
CPICOREYOY-24MAR,2024-03-13,2024-04-10,3.5999999999999996,76,9731,76,38.775510204081634,FALSE
CPICOREYOY-24MAR,2024-03-14,2024-04-10,3.5999999999999996,76,0,76,39.795918367346935,FALSE
CPICOREYOY-24MAR,2024-03-15,2024-04-10,3.5999999999999996,76,0,76,44.89795918367347,FALSE
CPICOREYOY-24MAR,2024-03-16,2024-04-10,3.5999999999999996,76,0,76,33.673469387755105,FALSE
CPICOREYOY-24MAR,2024-03-17,2024-04-10,3.5999999999999996,76,0,76,33.673469387755105,FALSE
CPICOREYOY-24MAR,2024-03-18,2024-04-10,3.5999999999999996,76,0,76,33.673469387755105,FALSE
CPICOREYOY-24MAR,2024-03-19,2024-04-10,3.5999999999999996,76,0,76,33.673469387755105,FALSE
CPICOREYOY-24MAR,2024-03-20,2024-04-10,3.5999999999999996,55.00000000000001,1064,55.00000000000001,12.24489795918368,FALSE
CPICOREYOY-24MAR,2024-03-21,2024-04-10,3.5999999999999996,56.99999999999999,5777,56.99999999999999,47.959183673469376,FALSE
CPICOREYOY-24MAR,2024-03-22,2024-04-10,3.5999999999999996,59,3000,59,43.87755102040816,FALSE
CPICOREYOY-24MAR,2024-03-23,2024-04-10,3.5999999999999996,59,0,59,43.87755102040816,FALSE
CPICOREYOY-24MAR,2024-03-24,2024-04-10,3.5999999999999996,59,0,59,43.87755102040816,FALSE
CPICOREYOY-24MAR,2024-03-25,2024-04-10,3.5999999999999996,63,1000,63,47.95918367346939,FALSE
CPICOREYOY-24MAR,2024-03-26,2024-04-10,3.5999999999999996,61,6000,61,46.93877551020408,FALSE
CPICOREYOY-24MAR,2024-03-27,2024-04-10,3.5999999999999996,61,0,61,46.93877551020408,FALSE
CPICOREYOY-24MAR,2024-03-28,2024-04-10,3.5999999999999996,61,0,61,46.93877551020408,FALSE
CPICOREYOY-24MAR,2024-03-29,2024-04-10,3.5999999999999996,61,0,61,46.93877551020408,FALSE
CPICOREYOY-24MAR,2024-03-30,2024-04-10,3.5999999999999996,61,0,61,46.93877551020408,FALSE
CPICOREYOY-24MAR,2024-03-31,2024-04-10,3.5999999999999996,61,0,61,46.93877551020408,FALSE
CPICOREYOY-24MAR,2024-04-01,2024-04-10,3.5999999999999996,61,0,61,46.93877551020408,FALSE
CPICOREYOY-24MAR,2024-04-02,2024-04-10,3.5999999999999996,73,300,73,47.95918367346939,FALSE
CPICOREYOY-24MAR,2024-04-03,2024-04-10,3.5999999999999996,69,460,69,57.142857142857146,FALSE
CPICOREYOY-24MAR,2024-04-04,2024-04-10,3.5999999999999996,78,12721,78,58.16326530612245,FALSE
CPICOREYOY-24MAR,2024-04-05,2024-04-10,3.5999999999999996,78,2935,78,59.183673469387756,FALSE
CPICOREYOY-24MAR,2024-04-06,2024-04-10,3.5999999999999996,78,0,78,53.06122448979592,FALSE
CPICOREYOY-24MAR,2024-04-07,2024-04-10,3.5999999999999996,78,0,78,58.16326530612245,FALSE
CPICOREYOY-24MAR,2024-04-08,2024-04-10,3.5999999999999996,78,699,78,58.16326530612245,FALSE
CPICOREYOY-24MAR,2024-04-09,2024-04-10,3.5999999999999996,78,0,78,58.16326530612245,FALSE
CPICOREYOY-24MAR,2024-04-10,2024-04-10,3.5999999999999996,81,183,81,61.224489795918366,FALSE
CPICOREYOY-24MAY,2024-05-15,2024-06-12,3.5999999999999996,25,2035,25,0,FALSE
CPICOREYOY-24MAY,2024-05-16,2024-06-12,3.5999999999999996,17,50,17,16.3265306122449,FALSE
CPICOREYOY-24MAY,2024-05-17,2024-06-12,3.5999999999999996,25,76,25,24.489795918367346,FALSE
CPICOREYOY-24MAY,2024-05-18,2024-06-12,3.5999999999999996,25,0,25,24.489795918367346,FALSE
CPICOREYOY-24MAY,2024-05-19,2024-06-12,3.5999999999999996,25,0,25,24.489795918367346,FALSE
CPICOREYOY-24MAY,2024-05-20,2024-06-12,3.5999999999999996,25,0,25,24.489795918367346,FALSE
CPICOREYOY-24MAY,2024-05-21,2024-06-12,3.5999999999999996,25,0,25,24.489795918367346,FALSE
CPICOREYOY-24MAY,2024-05-22,2024-06-12,3.5999999999999996,25,0,25,24.489795918367346,FALSE
CPICOREYOY-24MAY,2024-05-23,2024-06-12,3.5999999999999996,25,0,25,24.489795918367346,FALSE
CPICOREYOY-24MAY,2024-05-24,2024-06-12,3.5999999999999996,18,2,18,17.346938775510203,FALSE
CPICOREYOY-24MAY,2024-05-25,2024-06-12,3.5999999999999996,23,591,23,22.448979591836736,FALSE
CPICOREYOY-24MAY,2024-05-26,2024-06-12,3.5999999999999996,23,0,23,22.448979591836736,FALSE
CPICOREYOY-24MAY,2024-05-27,2024-06-12,3.5999999999999996,23,0,23,22.448979591836736,FALSE
CPICOREYOY-24MAY,2024-05-28,2024-06-12,3.5999999999999996,14.000000000000002,2100,14.000000000000002,13.265306122448981,FALSE
CPICOREYOY-24MAY,2024-05-29,2024-06-12,3.5999999999999996,20,999,20,19.387755102040817,FALSE
CPICOREYOY-24MAY,2024-05-30,2024-06-12,3.5999999999999996,48,61,48,0,FALSE
CPICOREYOY-24MAY,2024-05-31,2024-06-12,3.5999999999999996,21,2,21,20.408163265306122,FALSE
CPICOREYOY-24MAY,2024-06-01,2024-06-12,3.5999999999999996,15,1,15,14.285714285714286,FALSE
CPICOREYOY-24MAY,2024-06-02,2024-06-12,3.5999999999999996,15,0,15,14.285714285714286,FALSE
CPICOREYOY-24MAY,2024-06-03,2024-06-12,3.5999999999999996,15,0,15,14.285714285714286,FALSE
CPICOREYOY-24MAY,2024-06-04,2024-06-12,3.5999999999999996,15,2860,15,14.285714285714286,FALSE
CPICOREYOY-24MAY,2024-06-05,2024-06-12,3.5999999999999996,15,205,15,14.285714285714286,FALSE
CPICOREYOY-24MAY,2024-06-06,2024-06-12,3.5999999999999996,15,0,15,14.285714285714286,FALSE
CPICOREYOY-24MAY,2024-06-07,2024-06-12,3.5999999999999996,9,4200,9,8.16326530612245,FALSE
CPICOREYOY-24MAY,2024-06-08,2024-06-12,3.5999999999999996,9,0,9,8.16326530612245,FALSE
CPICOREYOY-24MAY,2024-06-09,2024-06-12,3.5999999999999996,9,61,9,8.16326530612245,FALSE
CPICOREYOY-24MAY,2024-06-10,2024-06-12,3.5999999999999996,10,2217,10,9.183673469387756,FALSE
CPICOREYOY-24MAY,2024-06-11,2024-06-12,3.5999999999999996,10,0,10,9.183673469387756,FALSE
CPICOREYOY-24MAY,2024-06-12,2024-06-12,3.5999999999999996,6,188,6,5.1020408163265305,FALSE
KXCPICOREYOY-26MAR,2026-04-04,2026-04-10,3.5999999999999996,0,0,1,0,FALSE
KXCPICOREYOY-26MAR,2026-04-05,2026-04-10,3.5999999999999996,0,0,1,0,FALSE
KXCPICOREYOY-26MAR,2026-04-06,2026-04-10,3.5999999999999996,0,0,1,0,FALSE
KXCPICOREYOY-26MAR,2026-04-07,2026-04-10,3.5999999999999996,2,62,1,0,FALSE
KXCPICOREYOY-26MAR,2026-04-08,2026-04-10,3.5999999999999996,2,0,1,0,FALSE
KXCPICOREYOY-26MAR,2026-04-09,2026-04-10,3.5999999999999996,2,0,1,0,FALSE
KXCPICOREYOY-26MAR,2026-04-10,2026-04-10,3.5999999999999996,2,0,1,0,FALSE
CPICOREYOY-23DEC,2023-12-15,2024-01-11,3.6,77,100,77,22.448979591836736,FALSE
CPICOREYOY-23DEC,2023-12-16,2024-01-11,3.6,77,0,77,22.448979591836736,FALSE
CPICOREYOY-23DEC,2023-12-17,2024-01-11,3.6,77,0,77,22.448979591836736,FALSE
CPICOREYOY-23DEC,2023-12-18,2024-01-11,3.6,77,0,77,40.816326530612244,FALSE
CPICOREYOY-23DEC,2023-12-19,2024-01-11,3.6,77,0,77,40.816326530612244,FALSE
CPICOREYOY-23DEC,2023-12-20,2024-01-11,3.6,77,0,77,40.816326530612244,FALSE
CPICOREYOY-23DEC,2023-12-21,2024-01-11,3.6,77,0,77,40.816326530612244,FALSE
CPICOREYOY-23DEC,2023-12-22,2024-01-11,3.6,77,0,92,7.142857142857143,FALSE
CPICOREYOY-23DEC,2023-12-23,2024-01-11,3.6,77,0,92,7.142857142857143,FALSE
CPICOREYOY-23DEC,2023-12-24,2024-01-11,3.6,77,0,92,7.142857142857143,FALSE
CPICOREYOY-23DEC,2023-12-25,2024-01-11,3.6,77,0,92,7.142857142857143,FALSE
CPICOREYOY-23DEC,2023-12-26,2024-01-11,3.6,77,0,92,7.142857142857143,FALSE
CPICOREYOY-23DEC,2023-12-27,2024-01-11,3.6,77,0,92,7.142857142857143,FALSE
CPICOREYOY-23DEC,2023-12-28,2024-01-11,3.6,77,0,92,7.142857142857143,FALSE
CPICOREYOY-23DEC,2023-12-29,2024-01-11,3.6,77,0,92,7.142857142857143,FALSE
CPICOREYOY-23DEC,2023-12-30,2024-01-11,3.6,77,0,92,7.142857142857143,FALSE
CPICOREYOY-23DEC,2023-12-31,2024-01-11,3.6,77,0,92,7.142857142857143,FALSE
CPICOREYOY-23DEC,2024-01-01,2024-01-11,3.6,77,0,92,7.142857142857143,FALSE
CPICOREYOY-23DEC,2024-01-02,2024-01-11,3.6,77,0,92,7.142857142857143,FALSE
CPICOREYOY-23DEC,2024-01-03,2024-01-11,3.6,77,0,92,7.142857142857143,FALSE
CPICOREYOY-23DEC,2024-01-04,2024-01-11,3.6,77,0,92,7.142857142857143,FALSE
CPICOREYOY-23DEC,2024-01-05,2024-01-11,3.6,77,0,91,8.16326530612245,FALSE
CPICOREYOY-23DEC,2024-01-06,2024-01-11,3.6,77,0,91,8.16326530612245,FALSE
CPICOREYOY-23DEC,2024-01-07,2024-01-11,3.6,77,0,91,8.16326530612245,FALSE
CPICOREYOY-23DEC,2024-01-08,2024-01-11,3.6,77,0,91,8.16326530612245,FALSE
CPICOREYOY-23DEC,2024-01-09,2024-01-11,3.6,87,36,87,3.061224489795918,FALSE
CPICOREYOY-23DEC,2024-01-10,2024-01-11,3.6,87,0,93,6.122448979591836,FALSE
CPICOREYOY-23DEC,2024-01-11,2024-01-11,3.6,87,0,87,2.0408163265306123,FALSE
CPICOREYOY-23NOV,2023-11-19,2023-12-12,3.6,99,10,99,0,FALSE
CPICOREYOY-23NOV,2023-11-20,2023-12-12,3.6,99,0,99,0,FALSE
CPICOREYOY-23NOV,2023-11-21,2023-12-12,3.6,99,0,99,0,FALSE
CPICOREYOY-23NOV,2023-11-22,2023-12-12,3.6,99,0,99,0,FALSE
CPICOREYOY-23NOV,2023-11-23,2023-12-12,3.6,99,0,99,0,FALSE
CPICOREYOY-23NOV,2023-11-24,2023-12-12,3.6,99,0,99,0,FALSE
CPICOREYOY-23NOV,2023-11-25,2023-12-12,3.6,99,0,99,0,FALSE
CPICOREYOY-23NOV,2023-11-26,2023-12-12,3.6,99,0,99,0,FALSE
CPICOREYOY-23NOV,2023-11-27,2023-12-12,3.6,99,0,99,0,FALSE
CPICOREYOY-23NOV,2023-11-28,2023-12-12,3.6,99,0,99,0,FALSE
CPICOREYOY-23NOV,2023-11-29,2023-12-12,3.6,99,0,99,0,FALSE
CPICOREYOY-23NOV,2023-11-30,2023-12-12,3.6,99,0,99,0,FALSE
CPICOREYOY-23NOV,2023-12-01,2023-12-12,3.6,99,0,99,0,FALSE
CPICOREYOY-23NOV,2023-12-02,2023-12-12,3.6,99,0,99,0,FALSE
CPICOREYOY-23NOV,2023-12-03,2023-12-12,3.6,99,0,99,0,FALSE
CPICOREYOY-23NOV,2023-12-04,2023-12-12,3.6,99,0,99,0,FALSE
CPICOREYOY-23NOV,2023-12-05,2023-12-12,3.6,99,0,99,0,FALSE
CPICOREYOY-23NOV,2023-12-06,2023-12-12,3.6,99,0,99,0,FALSE
CPICOREYOY-23NOV,2023-12-07,2023-12-12,3.6,99,0,99,0,FALSE
CPICOREYOY-23NOV,2023-12-08,2023-12-12,3.6,99,0,99,0,FALSE
CPICOREYOY-23NOV,2023-12-09,2023-12-12,3.6,99,0,99,0,FALSE
CPICOREYOY-23NOV,2023-12-10,2023-12-12,3.6,99,0,99,0,FALSE
CPICOREYOY-23NOV,2023-12-11,2023-12-12,3.6,99,0,99,0,FALSE
CPICOREYOY-23NOV,2023-12-12,2023-12-12,3.6,99,0,99,0,FALSE
CPICOREYOY-23OCT,2023-10-15,2023-11-14,3.6,0,0,99,0,FALSE
CPICOREYOY-23OCT,2023-10-16,2023-11-14,3.6,0,0,99,0,FALSE
CPICOREYOY-23OCT,2023-10-17,2023-11-14,3.6,0,0,99,0,FALSE
CPICOREYOY-23OCT,2023-10-18,2023-11-14,3.6,0,0,99,0,FALSE
CPICOREYOY-23OCT,2023-10-19,2023-11-14,3.6,0,0,99,0,FALSE
CPICOREYOY-23OCT,2023-10-20,2023-11-14,3.6,0,0,99,0,FALSE
CPICOREYOY-23OCT,2023-10-21,2023-11-14,3.6,0,0,99,0,FALSE
CPICOREYOY-23OCT,2023-10-22,2023-11-14,3.6,0,0,99,0,FALSE
CPICOREYOY-23OCT,2023-10-23,2023-11-14,3.6,0,0,99,0,FALSE
CPICOREYOY-23OCT,2023-10-24,2023-11-14,3.6,0,0,99,0,FALSE
CPICOREYOY-23OCT,2023-10-25,2023-11-14,3.6,0,0,99,0,FALSE
CPICOREYOY-23OCT,2023-10-26,2023-11-14,3.6,0,0,99,0,FALSE
CPICOREYOY-23OCT,2023-10-27,2023-11-14,3.6,0,0,99,0,FALSE
CPICOREYOY-23OCT,2023-10-28,2023-11-14,3.6,0,0,99,0,FALSE
CPICOREYOY-23OCT,2023-10-29,2023-11-14,3.6,0,0,99,0,FALSE
CPICOREYOY-23OCT,2023-10-30,2023-11-14,3.6,0,0,99,0,FALSE
CPICOREYOY-23OCT,2023-10-31,2023-11-14,3.6,0,0,99,0,FALSE
CPICOREYOY-23OCT,2023-11-01,2023-11-14,3.6,0,0,99,0,FALSE
CPICOREYOY-23OCT,2023-11-02,2023-11-14,3.6,0,0,99,0,FALSE
CPICOREYOY-23OCT,2023-11-03,2023-11-14,3.6,0,0,99,0,FALSE
CPICOREYOY-23OCT,2023-11-04,2023-11-14,3.6,0,0,99,0,FALSE
CPICOREYOY-23OCT,2023-11-05,2023-11-14,3.6,0,0,99,0,FALSE
CPICOREYOY-23OCT,2023-11-06,2023-11-14,3.6,0,0,99,0,FALSE
CPICOREYOY-23OCT,2023-11-07,2023-11-14,3.6,0,0,99,0,FALSE
CPICOREYOY-23OCT,2023-11-08,2023-11-14,3.6,0,0,99,0,FALSE
CPICOREYOY-23OCT,2023-11-09,2023-11-14,3.6,0,0,99,0,FALSE
CPICOREYOY-23OCT,2023-11-10,2023-11-14,3.6,0,0,99,0,FALSE
CPICOREYOY-23OCT,2023-11-11,2023-11-14,3.6,0,0,99,0,FALSE
CPICOREYOY-23OCT,2023-11-12,2023-11-14,3.6,0,0,99,0,FALSE
CPICOREYOY-23OCT,2023-11-13,2023-11-14,3.6,0,0,99,0,FALSE
CPICOREYOY-23OCT,2023-11-14,2023-11-14,3.6,0,0,99,0,FALSE
CPICOREYOY-23SEP,2023-09-15,2023-10-12,3.6,0,0,90,1.0204081632653061,FALSE
CPICOREYOY-23SEP,2023-09-16,2023-10-12,3.6,0,0,90,1.0204081632653061,FALSE
CPICOREYOY-23SEP,2023-09-17,2023-10-12,3.6,0,0,90,0,FALSE
CPICOREYOY-23SEP,2023-09-18,2023-10-12,3.6,0,0,90,0,FALSE
CPICOREYOY-23SEP,2023-09-19,2023-10-12,3.6,0,0,90,5.1020408163265305,FALSE
CPICOREYOY-23SEP,2023-09-20,2023-10-12,3.6,0,0,90,2.0408163265306123,FALSE
CPICOREYOY-23SEP,2023-09-21,2023-10-12,3.6,0,0,90,2.0408163265306123,FALSE
CPICOREYOY-23SEP,2023-09-22,2023-10-12,3.6,0,0,90,2.0408163265306123,FALSE
CPICOREYOY-23SEP,2023-09-23,2023-10-12,3.6,0,0,90,2.0408163265306123,FALSE
CPICOREYOY-23SEP,2023-09-24,2023-10-12,3.6,0,0,90,2.0408163265306123,FALSE
CPICOREYOY-23SEP,2023-09-25,2023-10-12,3.6,0,0,90,2.0408163265306123,FALSE
CPICOREYOY-23SEP,2023-09-26,2023-10-12,3.6,0,0,90,2.0408163265306123,FALSE
CPICOREYOY-23SEP,2023-09-27,2023-10-12,3.6,0,0,90,2.0408163265306123,FALSE
CPICOREYOY-23SEP,2023-09-28,2023-10-12,3.6,0,0,90,0,FALSE
CPICOREYOY-23SEP,2023-09-29,2023-10-12,3.6,0,0,90,0,FALSE
CPICOREYOY-23SEP,2023-09-30,2023-10-12,3.6,0,0,80,1.0204081632653061,FALSE
CPICOREYOY-23SEP,2023-10-01,2023-10-12,3.6,0,0,80,1.0204081632653061,FALSE
CPICOREYOY-23SEP,2023-10-02,2023-10-12,3.6,0,0,74,0,FALSE
CPICOREYOY-23SEP,2023-10-03,2023-10-12,3.6,0,0,74,0,FALSE
CPICOREYOY-23SEP,2023-10-04,2023-10-12,3.6,0,0,65,0,FALSE
CPICOREYOY-23SEP,2023-10-05,2023-10-12,3.6,0,0,65,0,FALSE
CPICOREYOY-23SEP,2023-10-06,2023-10-12,3.6,0,0,65,0,FALSE
CPICOREYOY-23SEP,2023-10-07,2023-10-12,3.6,0,0,65,0,FALSE
CPICOREYOY-23SEP,2023-10-08,2023-10-12,3.6,0,0,65,0,FALSE
CPICOREYOY-23SEP,2023-10-09,2023-10-12,3.6,0,0,65,0,FALSE
CPICOREYOY-23SEP,2023-10-10,2023-10-12,3.6,0,0,65,0,FALSE
CPICOREYOY-23SEP,2023-10-11,2023-10-12,3.6,0,0,65,0,FALSE
CPICOREYOY-23SEP,2023-10-12,2023-10-12,3.6,0,0,99,0,FALSE
CPICOREYOY-24APR,2024-04-15,2024-05-15,3.6,81,0,81,59.183673469387756,FALSE
CPICOREYOY-24APR,2024-04-16,2024-05-15,3.6,50,15,50,27.551020408163264,FALSE
CPICOREYOY-24APR,2024-04-17,2024-05-15,3.6,50,0,50,27.551020408163264,FALSE
CPICOREYOY-24APR,2024-04-18,2024-05-15,3.6,50,0,50,27.551020408163264,FALSE
CPICOREYOY-24APR,2024-04-19,2024-05-15,3.6,50,0,50,27.551020408163264,FALSE
CPICOREYOY-24APR,2024-04-20,2024-05-15,3.6,50,0,50,27.551020408163264,FALSE
CPICOREYOY-24APR,2024-04-21,2024-05-15,3.6,50,0,50,27.551020408163264,FALSE
CPICOREYOY-24APR,2024-04-22,2024-05-15,3.6,66,1012,66,38.775510204081634,FALSE
CPICOREYOY-24APR,2024-04-23,2024-05-15,3.6,48,15,48,18.367346938775512,FALSE
CPICOREYOY-24APR,2024-04-24,2024-05-15,3.6,48,0,48,18.367346938775512,FALSE
CPICOREYOY-24APR,2024-04-25,2024-05-15,3.6,48,0,48,18.367346938775512,FALSE
CPICOREYOY-24APR,2024-04-26,2024-05-15,3.6,47,30,47,17.346938775510203,FALSE
CPICOREYOY-24APR,2024-04-27,2024-05-15,3.6,47,0,47,17.346938775510203,FALSE
CPICOREYOY-24APR,2024-04-28,2024-05-15,3.6,66,10,66,36.734693877551024,FALSE
CPICOREYOY-24APR,2024-04-29,2024-05-15,3.6,66,0,66,36.734693877551024,FALSE
CPICOREYOY-24APR,2024-04-30,2024-05-15,3.6,66,5,66,36.734693877551024,FALSE
CPICOREYOY-24APR,2024-05-01,2024-05-15,3.6,66,0,66,36.734693877551024,FALSE
CPICOREYOY-24APR,2024-05-02,2024-05-15,3.6,66,0,66,36.734693877551024,FALSE
CPICOREYOY-24APR,2024-05-03,2024-05-15,3.6,66,0,66,36.734693877551024,FALSE
CPICOREYOY-24APR,2024-05-04,2024-05-15,3.6,66,0,66,36.734693877551024,FALSE
CPICOREYOY-24APR,2024-05-05,2024-05-15,3.6,66,0,66,36.734693877551024,FALSE
CPICOREYOY-24APR,2024-05-06,2024-05-15,3.6,51,5,51,8.16326530612245,FALSE
CPICOREYOY-24APR,2024-05-07,2024-05-15,3.6,51,1075,51,8.16326530612245,FALSE
CPICOREYOY-24APR,2024-05-08,2024-05-15,3.6,51,0,51,8.16326530612245,FALSE
CPICOREYOY-24APR,2024-05-09,2024-05-15,3.6,50,1400,50,31.632653061224488,FALSE
CPICOREYOY-24APR,2024-05-10,2024-05-15,3.6,50,0,50,31.632653061224488,FALSE
CPICOREYOY-24APR,2024-05-11,2024-05-15,3.6,50,0,50,31.632653061224488,FALSE
CPICOREYOY-24APR,2024-05-12,2024-05-15,3.6,50,0,50,31.632653061224488,FALSE
CPICOREYOY-24APR,2024-05-13,2024-05-15,3.6,44,2000,44,27.551020408163264,FALSE
CPICOREYOY-24APR,2024-05-14,2024-05-15,3.6,42,125,42,33.673469387755105,FALSE
CPICOREYOY-24APR,2024-05-15,2024-05-15,3.6,56.00000000000001,920,56.00000000000001,38.77551020408164,FALSE
CPICOREYOY-24FEB,2024-02-12,2024-03-12,3.6,0,0,50,50,FALSE
CPICOREYOY-24FEB,2024-02-13,2024-03-12,3.6,75,471,75,27.551020408163264,FALSE
CPICOREYOY-24FEB,2024-02-14,2024-03-12,3.6,75,0,75,68.36734693877551,FALSE
CPICOREYOY-24FEB,2024-02-15,2024-03-12,3.6,75,0,75,68.36734693877551,FALSE
CPICOREYOY-24FEB,2024-02-16,2024-03-12,3.6,75,0,75,68.36734693877551,FALSE
CPICOREYOY-24FEB,2024-02-17,2024-03-12,3.6,75,0,75,68.36734693877551,FALSE
CPICOREYOY-24FEB,2024-02-18,2024-03-12,3.6,75,0,75,68.36734693877551,FALSE
CPICOREYOY-24FEB,2024-02-19,2024-03-12,3.6,75,0,75,68.36734693877551,FALSE
CPICOREYOY-24FEB,2024-02-20,2024-03-12,3.6,75,0,75,68.36734693877551,FALSE
CPICOREYOY-24FEB,2024-02-21,2024-03-12,3.6,75,0,75,68.36734693877551,FALSE
CPICOREYOY-24FEB,2024-02-22,2024-03-12,3.6,75,0,75,68.36734693877551,FALSE
CPICOREYOY-24FEB,2024-02-23,2024-03-12,3.6,75,0,75,68.36734693877551,FALSE
CPICOREYOY-24FEB,2024-02-24,2024-03-12,3.6,75,0,75,68.36734693877551,FALSE
CPICOREYOY-24FEB,2024-02-25,2024-03-12,3.6,75,0,75,68.36734693877551,FALSE
CPICOREYOY-24FEB,2024-02-26,2024-03-12,3.6,91,425,91,56.12244897959184,FALSE
CPICOREYOY-24FEB,2024-02-27,2024-03-12,3.6,91,0,91,56.12244897959184,FALSE
CPICOREYOY-24JUL,2024-07-30,2024-08-14,3.6,1,8,1,0,FALSE
CPICOREYOY-24JUL,2024-07-31,2024-08-14,3.6,1,0,1,0,FALSE
CPICOREYOY-24JUL,2024-08-01,2024-08-14,3.6,1,0,1,0,FALSE
CPICOREYOY-24JUL,2024-08-02,2024-08-14,3.6,1,0,1,0,FALSE
CPICOREYOY-24JUL,2024-08-03,2024-08-14,3.6,1,0,1,0,FALSE
CPICOREYOY-24JUL,2024-08-04,2024-08-14,3.6,1,0,1,0,FALSE
CPICOREYOY-24JUL,2024-08-05,2024-08-14,3.6,1,0,1,0,FALSE
CPICOREYOY-24JUL,2024-08-06,2024-08-14,3.6,1,0,1,0,FALSE
CPICOREYOY-24JUL,2024-08-07,2024-08-14,3.6,1,0,1,0,FALSE
CPICOREYOY-24JUL,2024-08-08,2024-08-14,3.6,1,0,1,0,FALSE
CPICOREYOY-24JUL,2024-08-09,2024-08-14,3.6,1,0,1,0,FALSE
CPICOREYOY-24JUL,2024-08-10,2024-08-14,3.6,1,0,1,0,FALSE
CPICOREYOY-24JUL,2024-08-11,2024-08-14,3.6,1,0,1,0,FALSE
CPICOREYOY-24JUL,2024-08-12,2024-08-14,3.6,1,0,1,0,FALSE
CPICOREYOY-24JUL,2024-08-13,2024-08-14,3.6,1,0,1,0,FALSE
CPICOREYOY-24JUL,2024-08-14,2024-08-14,3.6,1,0,1,0,FALSE
CPICOREYOY-23DEC,2023-12-14,2024-01-11,3.6999999999999997,0,0,75,24.489795918367346,FALSE
CPICOREYOY-24FEB,2024-02-28,2024-03-12,3.6999999999999997,52,1085,52,48.97959183673469,FALSE
CPICOREYOY-24FEB,2024-02-29,2024-03-12,3.6999999999999997,32,460,32,28.571428571428573,FALSE
CPICOREYOY-24FEB,2024-03-01,2024-03-12,3.6999999999999997,32,0,32,28.571428571428573,FALSE
CPICOREYOY-24FEB,2024-03-02,2024-03-12,3.6999999999999997,38,250,38,34.69387755102041,FALSE
CPICOREYOY-24FEB,2024-03-03,2024-03-12,3.6999999999999997,40,250,40,36.734693877551024,FALSE
CPICOREYOY-24FEB,2024-03-04,2024-03-12,3.6999999999999997,75,94,75,72.44897959183673,FALSE
CPICOREYOY-24FEB,2024-03-05,2024-03-12,3.6999999999999997,48,492,48,45.91836734693877,FALSE
CPICOREYOY-24FEB,2024-03-06,2024-03-12,3.6999999999999997,52,2125,52,48.97959183673469,FALSE
CPICOREYOY-24FEB,2024-03-07,2024-03-12,3.6999999999999997,30,23,30,26.53061224489796,FALSE
CPICOREYOY-24FEB,2024-03-08,2024-03-12,3.6999999999999997,52,8541,52,48.97959183673469,FALSE
CPICOREYOY-24FEB,2024-03-09,2024-03-12,3.6999999999999997,55.00000000000001,30,55.00000000000001,52.040816326530624,FALSE
CPICOREYOY-24FEB,2024-03-10,2024-03-12,3.6999999999999997,55.00000000000001,0,55.00000000000001,52.040816326530624,FALSE
CPICOREYOY-24FEB,2024-03-11,2024-03-12,3.6999999999999997,52,1760,52,47.95918367346939,FALSE
CPICOREYOY-24FEB,2024-03-12,2024-03-12,3.6999999999999997,52,0,52,50,FALSE
CPICOREYOY-24JAN,2024-01-15,2024-02-13,3.6999999999999997,30,108,30,27.551020408163264,FALSE
CPICOREYOY-24JAN,2024-01-16,2024-02-13,3.6999999999999997,30,0,30,27.551020408163264,FALSE
CPICOREYOY-24JAN,2024-01-17,2024-02-13,3.6999999999999997,30,0,30,27.551020408163264,FALSE
CPICOREYOY-24JAN,2024-01-18,2024-02-13,3.6999999999999997,30,0,30,27.551020408163264,FALSE
CPICOREYOY-24JAN,2024-01-19,2024-02-13,3.6999999999999997,30,0,30,27.551020408163264,FALSE
CPICOREYOY-24JAN,2024-01-20,2024-02-13,3.6999999999999997,30,0,30,27.551020408163264,FALSE
CPICOREYOY-24JAN,2024-01-21,2024-02-13,3.6999999999999997,30,0,30,27.551020408163264,FALSE
CPICOREYOY-24JAN,2024-01-22,2024-02-13,3.6999999999999997,30,0,30,27.551020408163264,FALSE
CPICOREYOY-24JAN,2024-01-23,2024-02-13,3.6999999999999997,40,46,40,3.061224489795918,FALSE
CPICOREYOY-24JAN,2024-01-24,2024-02-13,3.6999999999999997,72,8,49,12.244897959183673,FALSE
CPICOREYOY-24JAN,2024-01-25,2024-02-13,3.6999999999999997,72,0,49,12.244897959183673,FALSE
CPICOREYOY-24JAN,2024-01-26,2024-02-13,3.6999999999999997,72,0,49,12.244897959183673,FALSE
CPICOREYOY-24JAN,2024-01-27,2024-02-13,3.6999999999999997,72,0,49,12.244897959183673,FALSE
CPICOREYOY-24JAN,2024-01-28,2024-02-13,3.6999999999999997,72,0,49,12.244897959183673,FALSE
CPICOREYOY-24JAN,2024-01-29,2024-02-13,3.6999999999999997,72,0,49,12.244897959183673,FALSE
CPICOREYOY-24JAN,2024-01-30,2024-02-13,3.6999999999999997,72,0,49,12.244897959183673,FALSE
CPICOREYOY-24JAN,2024-01-31,2024-02-13,3.6999999999999997,72,0,49,12.244897959183673,FALSE
CPICOREYOY-24JAN,2024-02-01,2024-02-13,3.6999999999999997,34,640,34,24.489795918367346,FALSE
CPICOREYOY-24JAN,2024-02-02,2024-02-13,3.6999999999999997,34,0,34,24.489795918367346,FALSE
CPICOREYOY-24JAN,2024-02-03,2024-02-13,3.6999999999999997,34,0,34,24.489795918367346,FALSE
CPICOREYOY-24JAN,2024-02-04,2024-02-13,3.6999999999999997,34,0,34,24.489795918367346,FALSE
CPICOREYOY-24JAN,2024-02-05,2024-02-13,3.6999999999999997,34,0,34,27.551020408163264,FALSE
CPICOREYOY-24JAN,2024-02-06,2024-02-13,3.6999999999999997,34,0,34,27.551020408163264,FALSE
CPICOREYOY-24JAN,2024-02-07,2024-02-13,3.6999999999999997,34,0,34,27.551020408163264,FALSE
CPICOREYOY-24JAN,2024-02-08,2024-02-13,3.6999999999999997,32,1,32,25.510204081632654,FALSE
CPICOREYOY-24JAN,2024-02-09,2024-02-13,3.6999999999999997,40,33,40,33.673469387755105,FALSE
CPICOREYOY-24JAN,2024-02-10,2024-02-13,3.6999999999999997,40,0,40,33.673469387755105,FALSE
CPICOREYOY-24JAN,2024-02-11,2024-02-13,3.6999999999999997,40,0,40,33.673469387755105,FALSE
CPICOREYOY-24JAN,2024-02-12,2024-02-13,3.6999999999999997,53,245,49,40.816326530612244,FALSE
CPICOREYOY-24JAN,2024-02-13,2024-02-13,3.6999999999999997,52,330,49,40.816326530612244,FALSE
CPICOREYOY-24MAR,2024-03-11,2024-04-10,3.6999999999999997,8,1707,8,7.142857142857143,FALSE
CPICOREYOY-24MAR,2024-03-12,2024-04-10,3.6999999999999997,14.000000000000002,2355,14.000000000000002,13.265306122448981,FALSE
CPICOREYOY-24MAR,2024-03-13,2024-04-10,3.6999999999999997,32,283,38,37.755102040816325,FALSE
CPICOREYOY-24MAR,2024-03-14,2024-04-10,3.6999999999999997,32,0,37,36.734693877551024,FALSE
CPICOREYOY-24MAR,2024-03-15,2024-04-10,3.6999999999999997,32,0,32,28.571428571428573,FALSE
CPICOREYOY-24MAR,2024-03-16,2024-04-10,3.6999999999999997,43,25,43,39.795918367346935,FALSE
CPICOREYOY-24MAR,2024-03-17,2024-04-10,3.6999999999999997,43,0,43,39.795918367346935,FALSE
CPICOREYOY-24MAR,2024-03-18,2024-04-10,3.6999999999999997,43,0,43,39.795918367346935,FALSE
CPICOREYOY-24MAR,2024-03-19,2024-04-10,3.6999999999999997,43,0,43,39.795918367346935,FALSE
CPICOREYOY-24MAR,2024-03-20,2024-04-10,3.6999999999999997,43,0,43,39.795918367346935,FALSE
CPICOREYOY-24MAR,2024-03-21,2024-04-10,3.6999999999999997,10,1520,10,6.122448979591836,FALSE
CPICOREYOY-24MAR,2024-03-22,2024-04-10,3.6999999999999997,16,1606,16,12.244897959183673,FALSE
CPICOREYOY-24MAR,2024-03-23,2024-04-10,3.6999999999999997,16,0,16,12.244897959183673,FALSE
CPICOREYOY-24MAR,2024-03-24,2024-04-10,3.6999999999999997,16,0,16,12.244897959183673,FALSE
CPICOREYOY-24MAR,2024-03-25,2024-04-10,3.6999999999999997,16,0,16,12.244897959183673,FALSE
CPICOREYOY-24MAR,2024-03-26,2024-04-10,3.6999999999999997,15,11370,15,5.1020408163265305,FALSE
CPICOREYOY-24MAR,2024-03-27,2024-04-10,3.6999999999999997,15,0,15,1.0204081632653044,FALSE
CPICOREYOY-24MAR,2024-03-28,2024-04-10,3.6999999999999997,15,0,15,1.0204081632653044,FALSE
CPICOREYOY-24MAR,2024-03-29,2024-04-10,3.6999999999999997,15,0,15,1.0204081632653044,FALSE
CPICOREYOY-24MAR,2024-03-30,2024-04-10,3.6999999999999997,15,0,15,1.0204081632653044,FALSE
CPICOREYOY-24MAR,2024-03-31,2024-04-10,3.6999999999999997,15,0,15,1.0204081632653044,FALSE
CPICOREYOY-24MAR,2024-04-01,2024-04-10,3.6999999999999997,15,0,15,1.0204081632653044,FALSE
CPICOREYOY-24MAR,2024-04-02,2024-04-10,3.6999999999999997,26,90,26,12.244897959183671,FALSE
CPICOREYOY-24MAR,2024-04-03,2024-04-10,3.6999999999999997,13,1000,13,12.244897959183673,FALSE
CPICOREYOY-24MAR,2024-04-04,2024-04-10,3.6999999999999997,21,3580,21,17.346938775510203,FALSE
CPICOREYOY-24MAR,2024-04-05,2024-04-10,3.6999999999999997,20,4330,20,16.3265306122449,FALSE
CPICOREYOY-24MAR,2024-04-06,2024-04-10,3.6999999999999997,26,1055,26,19.387755102040817,FALSE
CPICOREYOY-24MAR,2024-04-07,2024-04-10,3.6999999999999997,21,8,21,18.367346938775512,FALSE
CPICOREYOY-24MAR,2024-04-08,2024-04-10,3.6999999999999997,21,29,21,18.367346938775512,FALSE
CPICOREYOY-24MAR,2024-04-09,2024-04-10,3.6999999999999997,21,266,21,18.367346938775512,FALSE
CPICOREYOY-24MAR,2024-04-10,2024-04-10,3.6999999999999997,21,104,21,18.367346938775512,FALSE
CPICOREYOY-23DEC,2023-12-15,2024-01-11,3.7,0,0,75,2.0408163265306123,FALSE
CPICOREYOY-23DEC,2023-12-16,2024-01-11,3.7,0,0,75,2.0408163265306123,FALSE
CPICOREYOY-23DEC,2023-12-17,2024-01-11,3.7,0,0,75,2.0408163265306123,FALSE
CPICOREYOY-23DEC,2023-12-18,2024-01-11,3.7,0,0,37,36.734693877551024,FALSE
CPICOREYOY-23DEC,2023-12-19,2024-01-11,3.7,0,0,37,36.734693877551024,FALSE
CPICOREYOY-23DEC,2023-12-20,2024-01-11,3.7,0,0,37,36.734693877551024,FALSE
CPICOREYOY-23DEC,2023-12-21,2024-01-11,3.7,0,0,37,36.734693877551024,FALSE
CPICOREYOY-23DEC,2023-12-22,2024-01-11,3.7,92,400,92,57.142857142857146,FALSE
CPICOREYOY-23DEC,2023-12-23,2024-01-11,3.7,92,0,92,57.142857142857146,FALSE
CPICOREYOY-23DEC,2023-12-24,2024-01-11,3.7,92,0,92,57.142857142857146,FALSE
CPICOREYOY-23DEC,2023-12-25,2024-01-11,3.7,92,0,92,57.142857142857146,FALSE
CPICOREYOY-23DEC,2023-12-26,2024-01-11,3.7,92,0,92,57.142857142857146,FALSE
CPICOREYOY-23DEC,2023-12-27,2024-01-11,3.7,92,0,92,57.142857142857146,FALSE
CPICOREYOY-23DEC,2023-12-28,2024-01-11,3.7,92,0,92,57.142857142857146,FALSE
CPICOREYOY-23DEC,2023-12-29,2024-01-11,3.7,92,0,92,57.142857142857146,FALSE
CPICOREYOY-23DEC,2023-12-30,2024-01-11,3.7,92,0,92,57.142857142857146,FALSE
CPICOREYOY-23DEC,2023-12-31,2024-01-11,3.7,92,0,92,57.142857142857146,FALSE
CPICOREYOY-23DEC,2024-01-01,2024-01-11,3.7,92,0,92,57.142857142857146,FALSE
CPICOREYOY-23DEC,2024-01-02,2024-01-11,3.7,92,0,92,57.142857142857146,FALSE
CPICOREYOY-23DEC,2024-01-03,2024-01-11,3.7,92,0,92,57.142857142857146,FALSE
CPICOREYOY-23DEC,2024-01-04,2024-01-11,3.7,92,0,92,57.142857142857146,FALSE
CPICOREYOY-23DEC,2024-01-05,2024-01-11,3.7,91,454,91,66.3265306122449,FALSE
CPICOREYOY-23DEC,2024-01-06,2024-01-11,3.7,91,0,91,66.3265306122449,FALSE
CPICOREYOY-23DEC,2024-01-07,2024-01-11,3.7,91,0,91,66.3265306122449,FALSE
CPICOREYOY-23DEC,2024-01-08,2024-01-11,3.7,91,6,91,66.3265306122449,FALSE
CPICOREYOY-23DEC,2024-01-09,2024-01-11,3.7,84,29,84,59.183673469387756,FALSE
CPICOREYOY-23DEC,2024-01-10,2024-01-11,3.7,93,890,93,58.16326530612245,FALSE
CPICOREYOY-23DEC,2024-01-11,2024-01-11,3.7,85,389,85,55.10204081632653,FALSE
CPICOREYOY-23NOV,2023-11-19,2023-12-12,3.7,0,0,70,0,FALSE
CPICOREYOY-23NOV,2023-11-20,2023-12-12,3.7,0,0,70,0,FALSE
CPICOREYOY-23NOV,2023-11-21,2023-12-12,3.7,0,0,70,0,FALSE
CPICOREYOY-23NOV,2023-11-22,2023-12-12,3.7,0,0,70,0,FALSE
CPICOREYOY-23NOV,2023-11-23,2023-12-12,3.7,0,0,70,0,FALSE
CPICOREYOY-23NOV,2023-11-24,2023-12-12,3.7,0,0,70,0,FALSE
CPICOREYOY-23NOV,2023-11-25,2023-12-12,3.7,0,0,70,0,FALSE
CPICOREYOY-23NOV,2023-11-26,2023-12-12,3.7,0,0,70,0,FALSE
CPICOREYOY-23NOV,2023-11-27,2023-12-12,3.7,0,0,70,0,FALSE
CPICOREYOY-23NOV,2023-11-28,2023-12-12,3.7,0,0,99,0,FALSE
CPICOREYOY-23NOV,2023-11-29,2023-12-12,3.7,0,0,99,0,FALSE
CPICOREYOY-23NOV,2023-11-30,2023-12-12,3.7,0,0,99,0,FALSE
CPICOREYOY-23NOV,2023-12-01,2023-12-12,3.7,0,0,99,0,FALSE
CPICOREYOY-23NOV,2023-12-02,2023-12-12,3.7,0,0,99,0,FALSE
CPICOREYOY-23NOV,2023-12-03,2023-12-12,3.7,0,0,99,0,FALSE
CPICOREYOY-23NOV,2023-12-04,2023-12-12,3.7,0,0,99,0,FALSE
CPICOREYOY-23NOV,2023-12-05,2023-12-12,3.7,0,0,99,0,FALSE
CPICOREYOY-23NOV,2023-12-06,2023-12-12,3.7,0,0,99,0,FALSE
CPICOREYOY-23NOV,2023-12-07,2023-12-12,3.7,0,0,99,0,FALSE
CPICOREYOY-23NOV,2023-12-08,2023-12-12,3.7,0,0,99,0,FALSE
CPICOREYOY-23NOV,2023-12-09,2023-12-12,3.7,0,0,99,0,FALSE
CPICOREYOY-23NOV,2023-12-10,2023-12-12,3.7,0,0,99,0,FALSE
CPICOREYOY-23NOV,2023-12-11,2023-12-12,3.7,0,0,99,0,FALSE
CPICOREYOY-23NOV,2023-12-12,2023-12-12,3.7,0,0,99,0,FALSE
CPICOREYOY-23OCT,2023-10-15,2023-11-14,3.7,99,0,99,100,FALSE
CPICOREYOY-23OCT,2023-10-16,2023-11-14,3.7,99,0,99,0,FALSE
CPICOREYOY-23OCT,2023-10-17,2023-11-14,3.7,99,0,99,0,FALSE
CPICOREYOY-23OCT,2023-10-18,2023-11-14,3.7,99,0,99,0,FALSE
CPICOREYOY-23OCT,2023-10-19,2023-11-14,3.7,99,0,99,0,FALSE
CPICOREYOY-23OCT,2023-10-20,2023-11-14,3.7,99,0,99,0,FALSE
CPICOREYOY-23OCT,2023-10-21,2023-11-14,3.7,99,0,99,0,FALSE
CPICOREYOY-23OCT,2023-10-22,2023-11-14,3.7,99,0,99,0,FALSE
CPICOREYOY-23OCT,2023-10-23,2023-11-14,3.7,99,0,99,0,FALSE
CPICOREYOY-23OCT,2023-10-24,2023-11-14,3.7,99,0,99,0,FALSE
CPICOREYOY-23OCT,2023-10-25,2023-11-14,3.7,99,0,99,0,FALSE
CPICOREYOY-23OCT,2023-10-26,2023-11-14,3.7,99,0,99,0,FALSE
CPICOREYOY-23OCT,2023-10-27,2023-11-14,3.7,99,0,99,0,FALSE
CPICOREYOY-23OCT,2023-10-28,2023-11-14,3.7,99,0,99,0,FALSE
CPICOREYOY-23OCT,2023-10-29,2023-11-14,3.7,99,0,99,0,FALSE
CPICOREYOY-23OCT,2023-10-30,2023-11-14,3.7,99,0,99,0,FALSE
CPICOREYOY-23OCT,2023-10-31,2023-11-14,3.7,99,0,99,0,FALSE
CPICOREYOY-23OCT,2023-11-01,2023-11-14,3.7,99,0,99,0,FALSE
CPICOREYOY-23OCT,2023-11-02,2023-11-14,3.7,99,0,99,0,FALSE
CPICOREYOY-23OCT,2023-11-03,2023-11-14,3.7,99,0,99,0,FALSE
CPICOREYOY-23OCT,2023-11-04,2023-11-14,3.7,99,0,99,0,FALSE
CPICOREYOY-23OCT,2023-11-05,2023-11-14,3.7,99,0,99,0,FALSE
CPICOREYOY-23OCT,2023-11-06,2023-11-14,3.7,99,0,99,0,FALSE
CPICOREYOY-23OCT,2023-11-07,2023-11-14,3.7,99,0,99,0,FALSE
CPICOREYOY-23OCT,2023-11-08,2023-11-14,3.7,99,0,99,0,FALSE
CPICOREYOY-23OCT,2023-11-09,2023-11-14,3.7,99,0,99,0,FALSE
CPICOREYOY-23OCT,2023-11-10,2023-11-14,3.7,99,0,99,0,FALSE
CPICOREYOY-23OCT,2023-11-11,2023-11-14,3.7,99,0,99,0,FALSE
CPICOREYOY-23OCT,2023-11-12,2023-11-14,3.7,99,0,99,0,FALSE
CPICOREYOY-23OCT,2023-11-13,2023-11-14,3.7,99,0,99,0,FALSE
CPICOREYOY-23OCT,2023-11-14,2023-11-14,3.7,99,0,99,0,FALSE
CPICOREYOY-23SEP,2023-09-15,2023-10-12,3.7,0,0,90,1.0204081632653061,FALSE
CPICOREYOY-23SEP,2023-09-16,2023-10-12,3.7,0,0,90,1.0204081632653061,FALSE
CPICOREYOY-23SEP,2023-09-17,2023-10-12,3.7,0,0,90,2.0408163265306123,FALSE
CPICOREYOY-23SEP,2023-09-18,2023-10-12,3.7,0,0,90,2.0408163265306123,FALSE
CPICOREYOY-23SEP,2023-09-19,2023-10-12,3.7,0,0,90,1.0204081632653061,FALSE
CPICOREYOY-23SEP,2023-09-20,2023-10-12,3.7,0,0,90,6.122448979591836,FALSE
CPICOREYOY-23SEP,2023-09-21,2023-10-12,3.7,0,0,90,6.122448979591836,FALSE
CPICOREYOY-23SEP,2023-09-22,2023-10-12,3.7,0,0,90,6.122448979591836,FALSE
CPICOREYOY-23SEP,2023-09-23,2023-10-12,3.7,0,0,90,6.122448979591836,FALSE
CPICOREYOY-23SEP,2023-09-24,2023-10-12,3.7,0,0,90,6.122448979591836,FALSE
CPICOREYOY-23SEP,2023-09-25,2023-10-12,3.7,0,0,90,6.122448979591836,FALSE
CPICOREYOY-23SEP,2023-09-26,2023-10-12,3.7,0,0,90,6.122448979591836,FALSE
CPICOREYOY-23SEP,2023-09-27,2023-10-12,3.7,0,0,90,1.0204081632653061,FALSE
CPICOREYOY-23SEP,2023-09-28,2023-10-12,3.7,0,0,90,3.061224489795918,FALSE
CPICOREYOY-23SEP,2023-09-29,2023-10-12,3.7,0,0,90,2.0408163265306123,FALSE
CPICOREYOY-23SEP,2023-09-30,2023-10-12,3.7,0,0,80,1.0204081632653061,FALSE
CPICOREYOY-23SEP,2023-10-01,2023-10-12,3.7,0,0,80,1.0204081632653061,FALSE
CPICOREYOY-23SEP,2023-10-02,2023-10-12,3.7,0,0,74,1.0204081632653061,FALSE
CPICOREYOY-23SEP,2023-10-03,2023-10-12,3.7,0,0,74,1.0204081632653061,FALSE
CPICOREYOY-23SEP,2023-10-04,2023-10-12,3.7,0,0,65,1.0204081632653061,FALSE
CPICOREYOY-23SEP,2023-10-05,2023-10-12,3.7,0,0,65,1.0204081632653061,FALSE
CPICOREYOY-23SEP,2023-10-06,2023-10-12,3.7,0,0,65,1.0204081632653061,FALSE
CPICOREYOY-23SEP,2023-10-07,2023-10-12,3.7,0,0,65,1.0204081632653061,FALSE
CPICOREYOY-23SEP,2023-10-08,2023-10-12,3.7,0,0,65,1.0204081632653061,FALSE
CPICOREYOY-23SEP,2023-10-09,2023-10-12,3.7,0,0,65,1.0204081632653061,FALSE
CPICOREYOY-23SEP,2023-10-10,2023-10-12,3.7,0,0,65,1.0204081632653061,FALSE
CPICOREYOY-23SEP,2023-10-11,2023-10-12,3.7,0,0,65,1.0204081632653061,FALSE
CPICOREYOY-23SEP,2023-10-12,2023-10-12,3.7,0,0,99,0,FALSE
CPICOREYOY-24APR,2024-04-15,2024-05-15,3.7,23,0,23,10.204081632653061,FALSE
CPICOREYOY-24APR,2024-04-16,2024-05-15,3.7,23,0,23,10.204081632653061,FALSE
CPICOREYOY-24APR,2024-04-17,2024-05-15,3.7,23,0,23,10.204081632653061,FALSE
CPICOREYOY-24APR,2024-04-18,2024-05-15,3.7,23,0,23,10.204081632653061,FALSE
CPICOREYOY-24APR,2024-04-19,2024-05-15,3.7,23,0,23,10.204081632653061,FALSE
CPICOREYOY-24APR,2024-04-20,2024-05-15,3.7,23,0,23,10.204081632653061,FALSE
CPICOREYOY-24APR,2024-04-21,2024-05-15,3.7,23,0,23,10.204081632653061,FALSE
CPICOREYOY-24APR,2024-04-22,2024-05-15,3.7,28.000000000000004,1670,28.000000000000004,21.428571428571434,FALSE
CPICOREYOY-24APR,2024-04-23,2024-05-15,3.7,30,400,30,25.510204081632654,FALSE
CPICOREYOY-24APR,2024-04-24,2024-05-15,3.7,30,0,30,25.510204081632654,FALSE
CPICOREYOY-24APR,2024-04-25,2024-05-15,3.7,30,0,30,25.510204081632654,FALSE
CPICOREYOY-24APR,2024-04-26,2024-05-15,3.7,30,0,30,24.489795918367346,FALSE
CPICOREYOY-24APR,2024-04-27,2024-05-15,3.7,30,0,30,24.489795918367346,FALSE
CPICOREYOY-24APR,2024-04-28,2024-05-15,3.7,30,0,30,24.489795918367346,FALSE
CPICOREYOY-24APR,2024-04-29,2024-05-15,3.7,30,0,30,24.489795918367346,FALSE
CPICOREYOY-24APR,2024-04-30,2024-05-15,3.7,30,0,30,24.489795918367346,FALSE
CPICOREYOY-24APR,2024-05-01,2024-05-15,3.7,30,0,30,24.489795918367346,FALSE
CPICOREYOY-24APR,2024-05-02,2024-05-15,3.7,30,0,30,23.46938775510204,FALSE
CPICOREYOY-24APR,2024-05-03,2024-05-15,3.7,30,0,30,23.46938775510204,FALSE
CPICOREYOY-24APR,2024-05-04,2024-05-15,3.7,30,0,30,23.46938775510204,FALSE
CPICOREYOY-24APR,2024-05-05,2024-05-15,3.7,30,0,30,23.46938775510204,FALSE
CPICOREYOY-24APR,2024-05-06,2024-05-15,3.7,43,513,43,36.734693877551024,FALSE
CPICOREYOY-24APR,2024-05-07,2024-05-15,3.7,43,0,43,37.755102040816325,FALSE
CPICOREYOY-24APR,2024-05-08,2024-05-15,3.7,43,0,43,37.755102040816325,FALSE
CPICOREYOY-24APR,2024-05-09,2024-05-15,3.7,19,263,19,12.244897959183673,FALSE
CPICOREYOY-24APR,2024-05-10,2024-05-15,3.7,19,0,19,14.285714285714286,FALSE
CPICOREYOY-24APR,2024-05-11,2024-05-15,3.7,19,0,19,18.367346938775512,FALSE
CPICOREYOY-24APR,2024-05-12,2024-05-15,3.7,19,0,19,14.285714285714286,FALSE
CPICOREYOY-24APR,2024-05-13,2024-05-15,3.7,17,797,17,12.244897959183673,FALSE
CPICOREYOY-24APR,2024-05-14,2024-05-15,3.7,9,20,9,2.0408163265306114,FALSE
CPICOREYOY-24APR,2024-05-15,2024-05-15,3.7,18,20,18,11.224489795918368,FALSE
CPICOREYOY-24FEB,2024-02-12,2024-03-12,3.7,50,38,50,50,FALSE
CPICOREYOY-24FEB,2024-02-13,2024-03-12,3.7,48,1083,48,47.95918367346939,FALSE
CPICOREYOY-24FEB,2024-02-14,2024-03-12,3.7,8,660,8,7.142857142857143,FALSE
CPICOREYOY-24FEB,2024-02-15,2024-03-12,3.7,8,0,8,7.142857142857143,FALSE
CPICOREYOY-24FEB,2024-02-16,2024-03-12,3.7,8,0,8,7.142857142857143,FALSE
CPICOREYOY-24FEB,2024-02-17,2024-03-12,3.7,8,0,8,7.142857142857143,FALSE
CPICOREYOY-24FEB,2024-02-18,2024-03-12,3.7,8,0,8,7.142857142857143,FALSE
CPICOREYOY-24FEB,2024-02-19,2024-03-12,3.7,8,0,8,7.142857142857143,FALSE
CPICOREYOY-24FEB,2024-02-20,2024-03-12,3.7,8,0,8,7.142857142857143,FALSE
CPICOREYOY-24FEB,2024-02-21,2024-03-12,3.7,8,0,8,7.142857142857143,FALSE
CPICOREYOY-24FEB,2024-02-22,2024-03-12,3.7,8,0,8,7.142857142857143,FALSE
CPICOREYOY-24FEB,2024-02-23,2024-03-12,3.7,8,0,8,7.142857142857143,FALSE
CPICOREYOY-24FEB,2024-02-24,2024-03-12,3.7,8,0,8,7.142857142857143,FALSE
CPICOREYOY-24FEB,2024-02-25,2024-03-12,3.7,8,0,8,7.142857142857143,FALSE
CPICOREYOY-24FEB,2024-02-26,2024-03-12,3.7,36,120,36,35.714285714285715,FALSE
CPICOREYOY-24FEB,2024-02-27,2024-03-12,3.7,36,0,36,35.714285714285715,FALSE
CPICOREYOY-24JUL,2024-07-30,2024-08-14,3.7,0,0,1,0,FALSE
CPICOREYOY-24JUL,2024-07-31,2024-08-14,3.7,0,0,1,0,FALSE
CPICOREYOY-24JUL,2024-08-01,2024-08-14,3.7,0,0,1,0,FALSE
CPICOREYOY-24JUL,2024-08-02,2024-08-14,3.7,0,0,1,0,FALSE
CPICOREYOY-24JUL,2024-08-03,2024-08-14,3.7,1,8,1,0,FALSE
CPICOREYOY-24JUL,2024-08-04,2024-08-14,3.7,1,0,1,0,FALSE
CPICOREYOY-24JUL,2024-08-05,2024-08-14,3.7,1,0,1,0,FALSE
CPICOREYOY-24JUL,2024-08-06,2024-08-14,3.7,1,0,1,0,FALSE
CPICOREYOY-24JUL,2024-08-07,2024-08-14,3.7,1,0,1,0,FALSE
CPICOREYOY-24JUL,2024-08-08,2024-08-14,3.7,1,0,1,0,FALSE
CPICOREYOY-24JUL,2024-08-09,2024-08-14,3.7,1,0,1,0,FALSE
CPICOREYOY-24JUL,2024-08-10,2024-08-14,3.7,1,0,1,0,FALSE
CPICOREYOY-24JUL,2024-08-11,2024-08-14,3.7,1,0,1,0,FALSE
CPICOREYOY-24JUL,2024-08-12,2024-08-14,3.7,1,0,1,0,FALSE
CPICOREYOY-24JUL,2024-08-13,2024-08-14,3.7,1,0,1,0,FALSE
CPICOREYOY-24JUL,2024-08-14,2024-08-14,3.7,1,0,1,0,FALSE
KXCPICOREYOY-26MAR,2026-04-04,2026-04-10,3.7,0,0,1,0,FALSE
KXCPICOREYOY-26MAR,2026-04-05,2026-04-10,3.7,0,0,1,0,FALSE
KXCPICOREYOY-26MAR,2026-04-06,2026-04-10,3.7,0,0,1,0,FALSE
KXCPICOREYOY-26MAR,2026-04-07,2026-04-10,3.7,1,124,1,0,FALSE
KXCPICOREYOY-26MAR,2026-04-08,2026-04-10,3.7,1,0,1,0,FALSE
KXCPICOREYOY-26MAR,2026-04-09,2026-04-10,3.7,1,0,1,0,FALSE
KXCPICOREYOY-26MAR,2026-04-10,2026-04-10,3.7,1,0,1,0,FALSE
CPICOREYOY-23DEC,2023-12-14,2024-01-11,3.8,75,5,75,75.51020408163265,FALSE
CPICOREYOY-23DEC,2023-12-15,2024-01-11,3.8,75,0,75,75.51020408163265,FALSE
CPICOREYOY-23DEC,2023-12-16,2024-01-11,3.8,75,0,75,75.51020408163265,FALSE
CPICOREYOY-23DEC,2023-12-17,2024-01-11,3.8,75,0,75,75.51020408163265,FALSE
CPICOREYOY-23DEC,2023-12-18,2024-01-11,3.8,37,300,37,0,FALSE
CPICOREYOY-23DEC,2023-12-19,2024-01-11,3.8,37,0,37,0,FALSE
CPICOREYOY-23DEC,2023-12-20,2024-01-11,3.8,37,0,37,0,FALSE
CPICOREYOY-23DEC,2023-12-21,2024-01-11,3.8,37,0,37,0,FALSE
CPICOREYOY-23DEC,2023-12-22,2024-01-11,3.8,36,560,36,35.714285714285715,FALSE
CPICOREYOY-23DEC,2023-12-23,2024-01-11,3.8,36,0,36,35.714285714285715,FALSE
CPICOREYOY-23DEC,2023-12-24,2024-01-11,3.8,36,0,36,32.6530612244898,FALSE
CPICOREYOY-23DEC,2023-12-25,2024-01-11,3.8,36,0,36,32.6530612244898,FALSE
CPICOREYOY-23DEC,2023-12-26,2024-01-11,3.8,36,0,36,32.6530612244898,FALSE
CPICOREYOY-23DEC,2023-12-27,2024-01-11,3.8,36,0,36,32.6530612244898,FALSE
CPICOREYOY-23DEC,2023-12-28,2024-01-11,3.8,36,0,36,32.6530612244898,FALSE
CPICOREYOY-23DEC,2023-12-29,2024-01-11,3.8,36,0,36,32.6530612244898,FALSE
CPICOREYOY-23DEC,2023-12-30,2024-01-11,3.8,36,0,36,32.6530612244898,FALSE
CPICOREYOY-23DEC,2023-12-31,2024-01-11,3.8,36,0,36,32.6530612244898,FALSE
CPICOREYOY-23DEC,2024-01-01,2024-01-11,3.8,36,0,36,32.6530612244898,FALSE
CPICOREYOY-23DEC,2024-01-02,2024-01-11,3.8,36,0,36,32.6530612244898,FALSE
CPICOREYOY-23DEC,2024-01-03,2024-01-11,3.8,36,0,36,32.6530612244898,FALSE
CPICOREYOY-23DEC,2024-01-04,2024-01-11,3.8,36,0,36,32.6530612244898,FALSE
CPICOREYOY-23DEC,2024-01-05,2024-01-11,3.8,26,860,26,22.448979591836736,FALSE
CPICOREYOY-23DEC,2024-01-06,2024-01-11,3.8,26,13,26,22.448979591836736,FALSE
CPICOREYOY-23DEC,2024-01-07,2024-01-11,3.8,26,0,26,22.448979591836736,FALSE
CPICOREYOY-23DEC,2024-01-08,2024-01-11,3.8,26,0,26,21.428571428571427,FALSE
CPICOREYOY-23DEC,2024-01-09,2024-01-11,3.8,26,0,26,23.46938775510204,FALSE
CPICOREYOY-23DEC,2024-01-10,2024-01-11,3.8,36,76,36,30.612244897959183,FALSE
CPICOREYOY-23DEC,2024-01-11,2024-01-11,3.8,31,428,31,25.510204081632654,FALSE
CPICOREYOY-23NOV,2023-11-19,2023-12-12,3.8,0,0,70,0,FALSE
CPICOREYOY-23NOV,2023-11-20,2023-12-12,3.8,0,0,70,0,FALSE
CPICOREYOY-23NOV,2023-11-21,2023-12-12,3.8,0,0,70,0,FALSE
CPICOREYOY-23NOV,2023-11-22,2023-12-12,3.8,0,0,70,0,FALSE
CPICOREYOY-23NOV,2023-11-23,2023-12-12,3.8,0,0,70,0,FALSE
CPICOREYOY-23NOV,2023-11-24,2023-12-12,3.8,0,0,70,0,FALSE
CPICOREYOY-23NOV,2023-11-25,2023-12-12,3.8,0,0,70,0,FALSE
CPICOREYOY-23NOV,2023-11-26,2023-12-12,3.8,0,0,70,0,FALSE
CPICOREYOY-23NOV,2023-11-27,2023-12-12,3.8,0,0,70,0,FALSE
CPICOREYOY-23NOV,2023-11-28,2023-12-12,3.8,99,401,99,0,FALSE
CPICOREYOY-23NOV,2023-11-29,2023-12-12,3.8,99,18,99,0,FALSE
CPICOREYOY-23NOV,2023-11-30,2023-12-12,3.8,99,0,99,0,FALSE
CPICOREYOY-23NOV,2023-12-01,2023-12-12,3.8,99,0,99,0,FALSE
CPICOREYOY-23NOV,2023-12-02,2023-12-12,3.8,99,0,99,0,FALSE
CPICOREYOY-23NOV,2023-12-03,2023-12-12,3.8,99,0,99,0,FALSE
CPICOREYOY-23NOV,2023-12-04,2023-12-12,3.8,99,0,99,0,FALSE
CPICOREYOY-23NOV,2023-12-05,2023-12-12,3.8,99,0,99,0,FALSE
CPICOREYOY-23NOV,2023-12-06,2023-12-12,3.8,99,0,99,0,FALSE
CPICOREYOY-23NOV,2023-12-07,2023-12-12,3.8,99,0,99,0,FALSE
CPICOREYOY-23NOV,2023-12-08,2023-12-12,3.8,99,0,99,0,FALSE
CPICOREYOY-23NOV,2023-12-09,2023-12-12,3.8,99,0,99,0,FALSE
CPICOREYOY-23NOV,2023-12-10,2023-12-12,3.8,99,0,99,0,FALSE
CPICOREYOY-23NOV,2023-12-11,2023-12-12,3.8,99,0,99,53.06122448979592,FALSE
CPICOREYOY-23NOV,2023-12-12,2023-12-12,3.8,99,0,99,69.38775510204081,FALSE
CPICOREYOY-23SEP,2023-09-13,2023-10-12,3.8,0,0,86,13.26530612244898,FALSE
CPICOREYOY-23SEP,2023-09-14,2023-10-12,3.8,0,0,90,9.183673469387756,FALSE
CPICOREYOY-23SEP,2023-09-15,2023-10-12,3.8,0,0,90,4.081632653061225,FALSE
CPICOREYOY-23SEP,2023-09-16,2023-10-12,3.8,0,0,90,4.081632653061225,FALSE
CPICOREYOY-23SEP,2023-09-17,2023-10-12,3.8,0,0,90,7.142857142857143,FALSE
CPICOREYOY-23SEP,2023-09-18,2023-10-12,3.8,0,0,90,7.142857142857143,FALSE
CPICOREYOY-23SEP,2023-09-19,2023-10-12,3.8,0,0,90,1.0204081632653061,FALSE
CPICOREYOY-23SEP,2023-09-20,2023-10-12,3.8,0,0,90,1.0204081632653061,FALSE
CPICOREYOY-23SEP,2023-09-21,2023-10-12,3.8,0,0,90,1.0204081632653061,FALSE
CPICOREYOY-23SEP,2023-09-22,2023-10-12,3.8,0,0,90,1.0204081632653061,FALSE
CPICOREYOY-23SEP,2023-09-23,2023-10-12,3.8,0,0,90,1.0204081632653061,FALSE
CPICOREYOY-23SEP,2023-09-24,2023-10-12,3.8,0,0,90,1.0204081632653061,FALSE
CPICOREYOY-23SEP,2023-09-25,2023-10-12,3.8,0,0,90,1.0204081632653061,FALSE
CPICOREYOY-23SEP,2023-09-26,2023-10-12,3.8,0,0,90,1.0204081632653061,FALSE
CPICOREYOY-23SEP,2023-09-27,2023-10-12,3.8,0,0,90,6.122448979591836,FALSE
CPICOREYOY-23SEP,2023-09-28,2023-10-12,3.8,0,0,90,6.122448979591836,FALSE
CPICOREYOY-23SEP,2023-09-29,2023-10-12,3.8,0,0,90,7.142857142857143,FALSE
CPICOREYOY-23SEP,2023-09-30,2023-10-12,3.8,0,0,80,17.346938775510203,FALSE
CPICOREYOY-23SEP,2023-10-01,2023-10-12,3.8,0,0,80,17.346938775510203,FALSE
CPICOREYOY-23SEP,2023-10-02,2023-10-12,3.8,0,0,74,1.0204081632653061,FALSE
CPICOREYOY-23SEP,2023-10-03,2023-10-12,3.8,0,0,74,1.0204081632653061,FALSE
CPICOREYOY-23SEP,2023-10-04,2023-10-12,3.8,0,0,65,1.0204081632653061,FALSE
CPICOREYOY-23SEP,2023-10-05,2023-10-12,3.8,0,0,65,1.0204081632653061,FALSE
CPICOREYOY-23SEP,2023-10-06,2023-10-12,3.8,0,0,65,1.0204081632653061,FALSE
CPICOREYOY-23SEP,2023-10-07,2023-10-12,3.8,0,0,65,1.0204081632653061,FALSE
CPICOREYOY-23SEP,2023-10-08,2023-10-12,3.8,0,0,65,1.0204081632653061,FALSE
CPICOREYOY-23SEP,2023-10-09,2023-10-12,3.8,0,0,65,1.0204081632653061,FALSE
CPICOREYOY-23SEP,2023-10-10,2023-10-12,3.8,0,0,65,1.0204081632653061,FALSE
CPICOREYOY-23SEP,2023-10-11,2023-10-12,3.8,0,0,65,1.0204081632653061,FALSE
CPICOREYOY-23SEP,2023-10-12,2023-10-12,3.8,0,0,99,0,FALSE
CPICOREYOY-24APR,2024-04-15,2024-05-15,3.8,13,0,13,12.244897959183673,FALSE
CPICOREYOY-24APR,2024-04-16,2024-05-15,3.8,13,0,13,12.244897959183673,FALSE
CPICOREYOY-24APR,2024-04-17,2024-05-15,3.8,13,0,13,12.244897959183673,FALSE
CPICOREYOY-24APR,2024-04-18,2024-05-15,3.8,13,0,13,12.244897959183673,FALSE
CPICOREYOY-24APR,2024-04-19,2024-05-15,3.8,13,0,13,12.244897959183673,FALSE
CPICOREYOY-24APR,2024-04-20,2024-05-15,3.8,13,0,13,12.244897959183673,FALSE
CPICOREYOY-24APR,2024-04-21,2024-05-15,3.8,13,0,13,12.244897959183673,FALSE
CPICOREYOY-24APR,2024-04-22,2024-05-15,3.8,7.000000000000001,100,7.000000000000001,6.122448979591838,FALSE
CPICOREYOY-24APR,2024-04-23,2024-05-15,3.8,5,200,5,4.081632653061225,FALSE
CPICOREYOY-24APR,2024-04-24,2024-05-15,3.8,5,187,5,4.081632653061225,FALSE
CPICOREYOY-24APR,2024-04-25,2024-05-15,3.8,5,158,5,4.081632653061225,FALSE
CPICOREYOY-24APR,2024-04-26,2024-05-15,3.8,6,115,6,5.1020408163265305,FALSE
CPICOREYOY-24APR,2024-04-27,2024-05-15,3.8,6,0,6,5.1020408163265305,FALSE
CPICOREYOY-24APR,2024-04-28,2024-05-15,3.8,6,0,6,5.1020408163265305,FALSE
CPICOREYOY-24APR,2024-04-29,2024-05-15,3.8,6,188,6,5.1020408163265305,FALSE
CPICOREYOY-24APR,2024-04-30,2024-05-15,3.8,6,0,6,5.1020408163265305,FALSE
CPICOREYOY-24APR,2024-05-01,2024-05-15,3.8,6,15,6,5.1020408163265305,FALSE
CPICOREYOY-24APR,2024-05-02,2024-05-15,3.8,7.000000000000001,120,7.000000000000001,6.122448979591838,FALSE
CPICOREYOY-24APR,2024-05-03,2024-05-15,3.8,7.000000000000001,67,7.000000000000001,6.122448979591838,FALSE
CPICOREYOY-24APR,2024-05-04,2024-05-15,3.8,7.000000000000001,0,7.000000000000001,6.122448979591838,FALSE
CPICOREYOY-24APR,2024-05-05,2024-05-15,3.8,7.000000000000001,0,7.000000000000001,5.102040816326531,FALSE
CPICOREYOY-24APR,2024-05-06,2024-05-15,3.8,7.000000000000001,0,7.000000000000001,5.102040816326531,FALSE
CPICOREYOY-24APR,2024-05-07,2024-05-15,3.8,6,78,6,4.081632653061225,FALSE
CPICOREYOY-24APR,2024-05-08,2024-05-15,3.8,6,0,6,4.081632653061225,FALSE
CPICOREYOY-24APR,2024-05-09,2024-05-15,3.8,7.000000000000001,69,7.000000000000001,5.102040816326531,FALSE
CPICOREYOY-24APR,2024-05-10,2024-05-15,3.8,5,187,5,3.061224489795918,FALSE
CPICOREYOY-24APR,2024-05-11,2024-05-15,3.8,1,268,1,0,FALSE
CPICOREYOY-24APR,2024-05-12,2024-05-15,3.8,5,18,5,3.061224489795918,FALSE
CPICOREYOY-24APR,2024-05-13,2024-05-15,3.8,5,0,5,3.061224489795918,FALSE
CPICOREYOY-24APR,2024-05-14,2024-05-15,3.8,7.000000000000001,643,7.000000000000001,5.102040816326531,FALSE
CPICOREYOY-24APR,2024-05-15,2024-05-15,3.8,7.000000000000001,0,7.000000000000001,5.102040816326531,FALSE
CPICOREYOY-24FEB,2024-02-14,2024-03-12,3.8,0,0,1,0,FALSE
CPICOREYOY-24FEB,2024-02-15,2024-03-12,3.8,0,0,1,0,FALSE
CPICOREYOY-24FEB,2024-02-16,2024-03-12,3.8,0,0,1,0,FALSE
CPICOREYOY-24FEB,2024-02-17,2024-03-12,3.8,0,0,1,0,FALSE
CPICOREYOY-24FEB,2024-02-18,2024-03-12,3.8,0,0,1,0,FALSE
CPICOREYOY-24FEB,2024-02-19,2024-03-12,3.8,0,0,1,0,FALSE
CPICOREYOY-24FEB,2024-02-20,2024-03-12,3.8,0,0,1,0,FALSE
CPICOREYOY-24FEB,2024-02-21,2024-03-12,3.8,0,0,1,0,FALSE
CPICOREYOY-24FEB,2024-02-22,2024-03-12,3.8,0,0,1,0,FALSE
CPICOREYOY-24FEB,2024-02-23,2024-03-12,3.8,0,0,1,0,FALSE
CPICOREYOY-24FEB,2024-02-24,2024-03-12,3.8,0,0,1,0,FALSE
CPICOREYOY-24FEB,2024-02-25,2024-03-12,3.8,0,0,1,0,FALSE
CPICOREYOY-24FEB,2024-02-26,2024-03-12,3.8,0,0,1,0,FALSE
CPICOREYOY-24FEB,2024-02-27,2024-03-12,3.8,0,0,1,0,FALSE
CPICOREYOY-24FEB,2024-02-28,2024-03-12,3.8,4,528,4,3.061224489795918,FALSE
CPICOREYOY-24FEB,2024-02-29,2024-03-12,3.8,4,177,4,3.061224489795918,FALSE
CPICOREYOY-24FEB,2024-03-01,2024-03-12,3.8,4,0,4,3.061224489795918,FALSE
CPICOREYOY-24FEB,2024-03-02,2024-03-12,3.8,4,0,4,3.061224489795918,FALSE
CPICOREYOY-24FEB,2024-03-03,2024-03-12,3.8,4,0,4,3.061224489795918,FALSE
CPICOREYOY-24FEB,2024-03-04,2024-03-12,3.8,4,705,4,3.061224489795918,FALSE
CPICOREYOY-24FEB,2024-03-05,2024-03-12,3.8,3,295,3,2.0408163265306123,FALSE
CPICOREYOY-24FEB,2024-03-06,2024-03-12,3.8,4,1305,4,3.061224489795918,FALSE
CPICOREYOY-24FEB,2024-03-07,2024-03-12,3.8,4,0,4,3.061224489795918,FALSE
CPICOREYOY-24FEB,2024-03-08,2024-03-12,3.8,4,0,4,3.061224489795918,FALSE
CPICOREYOY-24FEB,2024-03-09,2024-03-12,3.8,4,0,4,3.061224489795918,FALSE
CPICOREYOY-24FEB,2024-03-10,2024-03-12,3.8,4,0,4,3.061224489795918,FALSE
CPICOREYOY-24FEB,2024-03-11,2024-03-12,3.8,5,105,5,1.0204081632653061,FALSE
CPICOREYOY-24FEB,2024-03-12,2024-03-12,3.8,3,12,3,2.0408163265306123,FALSE
CPICOREYOY-24JAN,2024-01-15,2024-02-13,3.8,3,83,3,2.0408163265306123,FALSE
CPICOREYOY-24JAN,2024-01-16,2024-02-13,3.8,3,0,3,2.0408163265306123,FALSE
CPICOREYOY-24JAN,2024-01-17,2024-02-13,3.8,3,0,3,2.0408163265306123,FALSE
CPICOREYOY-24JAN,2024-01-18,2024-02-13,3.8,3,0,3,2.0408163265306123,FALSE
CPICOREYOY-24JAN,2024-01-19,2024-02-13,3.8,3,0,3,2.0408163265306123,FALSE
CPICOREYOY-24JAN,2024-01-20,2024-02-13,3.8,3,0,3,2.0408163265306123,FALSE
CPICOREYOY-24JAN,2024-01-21,2024-02-13,3.8,3,0,3,2.0408163265306123,FALSE
CPICOREYOY-24JAN,2024-01-22,2024-02-13,3.8,3,0,3,2.0408163265306123,FALSE
CPICOREYOY-24JAN,2024-01-23,2024-02-13,3.8,37,59,37,27.551020408163264,FALSE
CPICOREYOY-24JAN,2024-01-24,2024-02-13,3.8,37,0,37,27.551020408163264,FALSE
CPICOREYOY-24JAN,2024-01-25,2024-02-13,3.8,37,0,37,27.551020408163264,FALSE
CPICOREYOY-24JAN,2024-01-26,2024-02-13,3.8,37,0,37,27.551020408163264,FALSE
CPICOREYOY-24JAN,2024-01-27,2024-02-13,3.8,37,0,37,27.551020408163264,FALSE
CPICOREYOY-24JAN,2024-01-28,2024-02-13,3.8,37,0,37,27.551020408163264,FALSE
CPICOREYOY-24JAN,2024-01-29,2024-02-13,3.8,37,0,37,27.551020408163264,FALSE
CPICOREYOY-24JAN,2024-01-30,2024-02-13,3.8,37,0,37,27.551020408163264,FALSE
CPICOREYOY-24JAN,2024-01-31,2024-02-13,3.8,37,0,37,27.551020408163264,FALSE
CPICOREYOY-24JAN,2024-02-01,2024-02-13,3.8,37,0,34,9.183673469387756,FALSE
CPICOREYOY-24JAN,2024-02-02,2024-02-13,3.8,37,0,34,9.183673469387756,FALSE
CPICOREYOY-24JAN,2024-02-03,2024-02-13,3.8,37,0,34,9.183673469387756,FALSE
CPICOREYOY-24JAN,2024-02-04,2024-02-13,3.8,37,0,34,9.183673469387756,FALSE
CPICOREYOY-24JAN,2024-02-05,2024-02-13,3.8,7.000000000000001,12,7.000000000000001,6.122448979591838,FALSE
CPICOREYOY-24JAN,2024-02-06,2024-02-13,3.8,7.000000000000001,0,7.000000000000001,6.122448979591838,FALSE
CPICOREYOY-24JAN,2024-02-07,2024-02-13,3.8,7.000000000000001,0,7.000000000000001,6.122448979591838,FALSE
CPICOREYOY-24JAN,2024-02-08,2024-02-13,3.8,7.000000000000001,0,7.000000000000001,6.122448979591838,FALSE
CPICOREYOY-24JAN,2024-02-09,2024-02-13,3.8,7.000000000000001,0,7.000000000000001,6.122448979591838,FALSE
CPICOREYOY-24JAN,2024-02-10,2024-02-13,3.8,7.000000000000001,0,7.000000000000001,6.122448979591838,FALSE
CPICOREYOY-24JAN,2024-02-11,2024-02-13,3.8,7.000000000000001,0,7.000000000000001,6.122448979591838,FALSE
CPICOREYOY-24JAN,2024-02-12,2024-02-13,3.8,9,111,9,8.16326530612245,FALSE
CPICOREYOY-24JAN,2024-02-13,2024-02-13,3.8,9,160,9,8.16326530612245,FALSE
CPICOREYOY-24JUL,2024-07-30,2024-08-14,3.8,1,8,1,0,FALSE
CPICOREYOY-24JUL,2024-07-31,2024-08-14,3.8,1,0,1,0,FALSE
CPICOREYOY-24JUL,2024-08-01,2024-08-14,3.8,1,0,1,0,FALSE
CPICOREYOY-24JUL,2024-08-02,2024-08-14,3.8,1,0,1,0,FALSE
CPICOREYOY-24JUL,2024-08-03,2024-08-14,3.8,1,0,1,0,FALSE
CPICOREYOY-24JUL,2024-08-04,2024-08-14,3.8,1,0,1,0,FALSE
CPICOREYOY-24JUL,2024-08-05,2024-08-14,3.8,1,0,1,0,FALSE
CPICOREYOY-24JUL,2024-08-06,2024-08-14,3.8,1,0,1,0,FALSE
CPICOREYOY-24JUL,2024-08-07,2024-08-14,3.8,1,0,1,0,FALSE
CPICOREYOY-24JUL,2024-08-08,2024-08-14,3.8,1,0,1,0,FALSE
CPICOREYOY-24JUL,2024-08-09,2024-08-14,3.8,1,0,1,0,FALSE
CPICOREYOY-24JUL,2024-08-10,2024-08-14,3.8,1,0,1,0,FALSE
CPICOREYOY-24JUL,2024-08-11,2024-08-14,3.8,1,0,1,0,FALSE
CPICOREYOY-24JUL,2024-08-12,2024-08-14,3.8,1,0,1,0,FALSE
CPICOREYOY-24JUL,2024-08-13,2024-08-14,3.8,1,0,1,0,FALSE
CPICOREYOY-24JUL,2024-08-14,2024-08-14,3.8,1,0,1,0,FALSE
CPICOREYOY-24MAR,2024-03-12,2024-04-10,3.8,1,5,1,0,FALSE
CPICOREYOY-24MAR,2024-03-13,2024-04-10,3.8,38,31,38,0,FALSE
CPICOREYOY-24MAR,2024-03-14,2024-04-10,3.8,37,5,37,0,FALSE
CPICOREYOY-24MAR,2024-03-15,2024-04-10,3.8,4,2500,4,3.061224489795918,FALSE
CPICOREYOY-24MAR,2024-03-16,2024-04-10,3.8,4,0,4,3.061224489795918,FALSE
CPICOREYOY-24MAR,2024-03-17,2024-04-10,3.8,4,0,4,3.061224489795918,FALSE
CPICOREYOY-24MAR,2024-03-18,2024-04-10,3.8,4,0,4,3.061224489795918,FALSE
CPICOREYOY-24MAR,2024-03-19,2024-04-10,3.8,4,0,4,3.061224489795918,FALSE
CPICOREYOY-24MAR,2024-03-20,2024-04-10,3.8,4,0,4,3.061224489795918,FALSE
CPICOREYOY-24MAR,2024-03-21,2024-04-10,3.8,4,0,4,3.061224489795918,FALSE
CPICOREYOY-24MAR,2024-03-22,2024-04-10,3.8,4,0,4,3.061224489795918,FALSE
CPICOREYOY-24MAR,2024-03-23,2024-04-10,3.8,4,0,4,3.061224489795918,FALSE
CPICOREYOY-24MAR,2024-03-24,2024-04-10,3.8,4,0,4,3.061224489795918,FALSE
CPICOREYOY-24MAR,2024-03-25,2024-04-10,3.8,4,0,4,3.061224489795918,FALSE
CPICOREYOY-24MAR,2024-03-26,2024-04-10,3.8,10,3288,10,9.183673469387756,FALSE
CPICOREYOY-24MAR,2024-03-27,2024-04-10,3.8,14.000000000000002,4,14.000000000000002,13.265306122448981,FALSE
CPICOREYOY-24MAR,2024-03-28,2024-04-10,3.8,14.000000000000002,0,14.000000000000002,13.265306122448981,FALSE
CPICOREYOY-24MAR,2024-03-29,2024-04-10,3.8,14.000000000000002,0,14.000000000000002,13.265306122448981,FALSE
CPICOREYOY-24MAR,2024-03-30,2024-04-10,3.8,14.000000000000002,0,14.000000000000002,13.265306122448981,FALSE
CPICOREYOY-24MAR,2024-03-31,2024-04-10,3.8,14.000000000000002,0,14.000000000000002,13.265306122448981,FALSE
CPICOREYOY-24MAR,2024-04-01,2024-04-10,3.8,14.000000000000002,0,14.000000000000002,13.265306122448981,FALSE
CPICOREYOY-24MAR,2024-04-02,2024-04-10,3.8,14.000000000000002,0,14.000000000000002,13.265306122448981,FALSE
CPICOREYOY-24MAR,2024-04-03,2024-04-10,3.8,14.000000000000002,0,13,0,FALSE
CPICOREYOY-24MAR,2024-04-04,2024-04-10,3.8,4,475,4,3.061224489795918,FALSE
CPICOREYOY-24MAR,2024-04-05,2024-04-10,3.8,4,0,4,3.061224489795918,FALSE
CPICOREYOY-24MAR,2024-04-06,2024-04-10,3.8,7.000000000000001,1039,7.000000000000001,6.122448979591838,FALSE
CPICOREYOY-24MAR,2024-04-07,2024-04-10,3.8,3,100,3,2.0408163265306123,FALSE
CPICOREYOY-24MAR,2024-04-08,2024-04-10,3.8,3,0,3,2.0408163265306123,FALSE
CPICOREYOY-24MAR,2024-04-09,2024-04-10,3.8,3,0,3,2.0408163265306123,FALSE
CPICOREYOY-24MAR,2024-04-10,2024-04-10,3.8,3,0,3,2.0408163265306123,FALSE
KXCPICOREYOY-26MAR,2026-04-04,2026-04-10,3.8,0,0,1,0,FALSE
KXCPICOREYOY-26MAR,2026-04-05,2026-04-10,3.8,0,0,1,0,FALSE
KXCPICOREYOY-26MAR,2026-04-06,2026-04-10,3.8,0,0,1,0,FALSE
KXCPICOREYOY-26MAR,2026-04-07,2026-04-10,3.8,2,60,1,0,FALSE
KXCPICOREYOY-26MAR,2026-04-08,2026-04-10,3.8,2,0,1,0,FALSE
KXCPICOREYOY-26MAR,2026-04-09,2026-04-10,3.8,2,0,1,0,FALSE
KXCPICOREYOY-26MAR,2026-04-10,2026-04-10,3.8,2,0,1,0,FALSE
CPICOREYOY-23OCT,2023-10-16,2023-11-14,3.8000000000000003,0,0,77,22.448979591836736,FALSE
CPICOREYOY-23OCT,2023-10-17,2023-11-14,3.8000000000000003,0,0,77,22.448979591836736,FALSE
CPICOREYOY-23OCT,2023-10-18,2023-11-14,3.8000000000000003,0,0,77,22.448979591836736,FALSE
CPICOREYOY-23OCT,2023-10-19,2023-11-14,3.8000000000000003,0,0,77,22.448979591836736,FALSE
CPICOREYOY-23OCT,2023-10-20,2023-11-14,3.8000000000000003,0,0,91,8.16326530612245,FALSE
CPICOREYOY-23OCT,2023-10-21,2023-11-14,3.8000000000000003,0,0,95,4.081632653061225,FALSE
CPICOREYOY-23OCT,2023-10-22,2023-11-14,3.8000000000000003,0,0,95,4.081632653061225,FALSE
CPICOREYOY-23OCT,2023-10-23,2023-11-14,3.8000000000000003,0,0,95,4.081632653061225,FALSE
CPICOREYOY-23OCT,2023-10-24,2023-11-14,3.8000000000000003,0,0,95,4.081632653061225,FALSE
CPICOREYOY-23OCT,2023-10-25,2023-11-14,3.8000000000000003,0,0,95,4.081632653061225,FALSE
CPICOREYOY-23OCT,2023-10-26,2023-11-14,3.8000000000000003,0,0,95,4.081632653061225,FALSE
CPICOREYOY-23OCT,2023-10-27,2023-11-14,3.8000000000000003,0,0,95,4.081632653061225,FALSE
CPICOREYOY-23OCT,2023-10-28,2023-11-14,3.8000000000000003,0,0,95,4.081632653061225,FALSE
CPICOREYOY-23OCT,2023-10-29,2023-11-14,3.8000000000000003,0,0,95,4.081632653061225,FALSE
CPICOREYOY-23OCT,2023-10-30,2023-11-14,3.8000000000000003,0,0,95,4.081632653061225,FALSE
CPICOREYOY-23OCT,2023-10-31,2023-11-14,3.8000000000000003,0,0,97,2.0408163265306123,FALSE
CPICOREYOY-23OCT,2023-11-01,2023-11-14,3.8000000000000003,0,0,97,2.0408163265306123,FALSE
CPICOREYOY-23OCT,2023-11-02,2023-11-14,3.8000000000000003,0,0,97,2.0408163265306123,FALSE
CPICOREYOY-23OCT,2023-11-03,2023-11-14,3.8000000000000003,0,0,97,2.0408163265306123,FALSE
CPICOREYOY-23OCT,2023-11-04,2023-11-14,3.8000000000000003,0,0,97,2.0408163265306123,FALSE
CPICOREYOY-23OCT,2023-11-05,2023-11-14,3.8000000000000003,0,0,97,2.0408163265306123,FALSE
CPICOREYOY-23OCT,2023-11-06,2023-11-14,3.8000000000000003,0,0,97,2.0408163265306123,FALSE
CPICOREYOY-23OCT,2023-11-07,2023-11-14,3.8000000000000003,0,0,97,2.0408163265306123,FALSE
CPICOREYOY-23OCT,2023-11-08,2023-11-14,3.8000000000000003,0,0,97,2.0408163265306123,FALSE
CPICOREYOY-23OCT,2023-11-09,2023-11-14,3.8000000000000003,0,0,97,2.0408163265306123,FALSE
CPICOREYOY-23OCT,2023-11-10,2023-11-14,3.8000000000000003,0,0,97,2.0408163265306123,FALSE
CPICOREYOY-23OCT,2023-11-11,2023-11-14,3.8000000000000003,0,0,97,2.0408163265306123,FALSE
CPICOREYOY-23OCT,2023-11-12,2023-11-14,3.8000000000000003,0,0,97,2.0408163265306123,FALSE
CPICOREYOY-23OCT,2023-11-13,2023-11-14,3.8000000000000003,0,0,98,1.0204081632653061,FALSE
CPICOREYOY-23OCT,2023-11-14,2023-11-14,3.8000000000000003,0,0,98,1.0204081632653061,FALSE
CPICOREYOY-23AUG,2023-08-14,2023-09-13,3.9,0,0,94,0,FALSE
CPICOREYOY-23AUG,2023-08-15,2023-09-13,3.9,0,0,94,0,FALSE
CPICOREYOY-23AUG,2023-08-16,2023-09-13,3.9,0,0,89,10.204081632653061,FALSE
CPICOREYOY-23AUG,2023-08-17,2023-09-13,3.9,0,0,89,10.204081632653061,FALSE
CPICOREYOY-23AUG,2023-08-18,2023-09-13,3.9,0,0,89,10.204081632653061,FALSE
CPICOREYOY-23AUG,2023-08-19,2023-09-13,3.9,0,0,89,10.204081632653061,FALSE
CPICOREYOY-23AUG,2023-08-20,2023-09-13,3.9,0,0,89,10.204081632653061,FALSE
CPICOREYOY-23AUG,2023-08-21,2023-09-13,3.9,0,0,89,0,FALSE
CPICOREYOY-23AUG,2023-08-22,2023-09-13,3.9,0,0,89,0,FALSE
CPICOREYOY-23AUG,2023-08-23,2023-09-13,3.9,0,0,89,0,FALSE
CPICOREYOY-23AUG,2023-08-24,2023-09-13,3.9,0,0,89,0,FALSE
CPICOREYOY-23AUG,2023-08-25,2023-09-13,3.9,0,0,91,0,FALSE
CPICOREYOY-23AUG,2023-08-26,2023-09-13,3.9,0,0,91,0,FALSE
CPICOREYOY-23AUG,2023-08-27,2023-09-13,3.9,0,0,91,0,FALSE
CPICOREYOY-23AUG,2023-08-28,2023-09-13,3.9,0,0,91,0,FALSE
CPICOREYOY-23AUG,2023-08-29,2023-09-13,3.9,0,0,97,0,FALSE
CPICOREYOY-23AUG,2023-08-30,2023-09-13,3.9,0,0,97,0,FALSE
CPICOREYOY-23AUG,2023-08-31,2023-09-13,3.9,0,0,97,0,FALSE
CPICOREYOY-23AUG,2023-09-01,2023-09-13,3.9,0,0,97,0,FALSE
CPICOREYOY-23AUG,2023-09-02,2023-09-13,3.9,0,0,97,0,FALSE
CPICOREYOY-23AUG,2023-09-03,2023-09-13,3.9,0,0,97,0,FALSE
CPICOREYOY-23AUG,2023-09-04,2023-09-13,3.9,0,0,97,0,FALSE
CPICOREYOY-23AUG,2023-09-05,2023-09-13,3.9,0,0,97,0,FALSE
CPICOREYOY-23AUG,2023-09-06,2023-09-13,3.9,0,0,97,0,FALSE
CPICOREYOY-23AUG,2023-09-07,2023-09-13,3.9,0,0,97,0,FALSE
CPICOREYOY-23AUG,2023-09-08,2023-09-13,3.9,0,0,97,0,FALSE
CPICOREYOY-23AUG,2023-09-09,2023-09-13,3.9,0,0,97,0,FALSE
CPICOREYOY-23AUG,2023-09-10,2023-09-13,3.9,0,0,97,0,FALSE
CPICOREYOY-23AUG,2023-09-11,2023-09-13,3.9,0,0,97,0,FALSE
CPICOREYOY-23AUG,2023-09-12,2023-09-13,3.9,0,0,97,0,FALSE
CPICOREYOY-23AUG,2023-09-13,2023-09-13,3.9,0,0,97,0,FALSE
CPICOREYOY-23DEC,2023-12-24,2024-01-11,3.9,4,10,4,3.061224489795918,FALSE
CPICOREYOY-23DEC,2023-12-25,2024-01-11,3.9,4,0,4,3.061224489795918,FALSE
CPICOREYOY-23DEC,2023-12-26,2024-01-11,3.9,4,0,4,3.061224489795918,FALSE
CPICOREYOY-23DEC,2023-12-27,2024-01-11,3.9,4,0,4,3.061224489795918,FALSE
CPICOREYOY-23DEC,2023-12-28,2024-01-11,3.9,4,0,4,3.061224489795918,FALSE
CPICOREYOY-23DEC,2023-12-29,2024-01-11,3.9,4,0,4,3.061224489795918,FALSE
CPICOREYOY-23DEC,2023-12-30,2024-01-11,3.9,4,0,4,3.061224489795918,FALSE
CPICOREYOY-23DEC,2023-12-31,2024-01-11,3.9,4,0,4,3.061224489795918,FALSE
CPICOREYOY-23DEC,2024-01-01,2024-01-11,3.9,4,0,4,3.061224489795918,FALSE
CPICOREYOY-23DEC,2024-01-02,2024-01-11,3.9,4,0,4,3.061224489795918,FALSE
CPICOREYOY-23DEC,2024-01-03,2024-01-11,3.9,4,0,4,3.061224489795918,FALSE
CPICOREYOY-23DEC,2024-01-04,2024-01-11,3.9,4,0,4,3.061224489795918,FALSE
CPICOREYOY-23DEC,2024-01-05,2024-01-11,3.9,4,0,4,3.061224489795918,FALSE
CPICOREYOY-23DEC,2024-01-06,2024-01-11,3.9,4,0,4,3.061224489795918,FALSE
CPICOREYOY-23DEC,2024-01-07,2024-01-11,3.9,4,0,4,3.061224489795918,FALSE
CPICOREYOY-23DEC,2024-01-08,2024-01-11,3.9,5,290,5,4.081632653061225,FALSE
CPICOREYOY-23DEC,2024-01-09,2024-01-11,3.9,3,45,3,2.0408163265306123,FALSE
CPICOREYOY-23DEC,2024-01-10,2024-01-11,3.9,6,390,6,5.1020408163265305,FALSE
CPICOREYOY-23DEC,2024-01-11,2024-01-11,3.9,6,434,6,5.1020408163265305,FALSE
CPICOREYOY-23NOV,2023-11-13,2023-12-12,3.9,0,0,77,22.448979591836736,FALSE
CPICOREYOY-23NOV,2023-11-14,2023-12-12,3.9,0,0,84,15.306122448979592,FALSE
CPICOREYOY-23NOV,2023-11-15,2023-12-12,3.9,0,0,84,15.306122448979592,FALSE
CPICOREYOY-23NOV,2023-11-16,2023-12-12,3.9,0,0,74,25.510204081632654,FALSE
CPICOREYOY-23NOV,2023-11-17,2023-12-12,3.9,0,0,74,25.510204081632654,FALSE
CPICOREYOY-23NOV,2023-11-18,2023-12-12,3.9,0,0,74,25.510204081632654,FALSE
CPICOREYOY-23NOV,2023-11-19,2023-12-12,3.9,0,0,70,29.591836734693878,FALSE
CPICOREYOY-23NOV,2023-11-20,2023-12-12,3.9,0,0,70,29.591836734693878,FALSE
CPICOREYOY-23NOV,2023-11-21,2023-12-12,3.9,0,0,70,29.591836734693878,FALSE
CPICOREYOY-23NOV,2023-11-22,2023-12-12,3.9,0,0,70,29.591836734693878,FALSE
CPICOREYOY-23NOV,2023-11-23,2023-12-12,3.9,0,0,70,29.591836734693878,FALSE
CPICOREYOY-23NOV,2023-11-24,2023-12-12,3.9,0,0,70,29.591836734693878,FALSE
CPICOREYOY-23NOV,2023-11-25,2023-12-12,3.9,0,0,70,29.591836734693878,FALSE
CPICOREYOY-23NOV,2023-11-26,2023-12-12,3.9,0,0,70,29.591836734693878,FALSE
CPICOREYOY-23NOV,2023-11-27,2023-12-12,3.9,0,0,70,29.591836734693878,FALSE
CPICOREYOY-23NOV,2023-11-28,2023-12-12,3.9,0,0,68,31.632653061224488,FALSE
CPICOREYOY-23NOV,2023-11-29,2023-12-12,3.9,0,0,68,31.632653061224488,FALSE
CPICOREYOY-23NOV,2023-11-30,2023-12-12,3.9,0,0,68,31.632653061224488,FALSE
CPICOREYOY-23NOV,2023-12-01,2023-12-12,3.9,0,0,68,31.632653061224488,FALSE
CPICOREYOY-23NOV,2023-12-02,2023-12-12,3.9,0,0,63,36.734693877551024,FALSE
CPICOREYOY-23NOV,2023-12-03,2023-12-12,3.9,0,0,63,36.734693877551024,FALSE
CPICOREYOY-23NOV,2023-12-04,2023-12-12,3.9,0,0,63,36.734693877551024,FALSE
CPICOREYOY-23NOV,2023-12-05,2023-12-12,3.9,0,0,63,36.734693877551024,FALSE
CPICOREYOY-23NOV,2023-12-06,2023-12-12,3.9,0,0,63,36.734693877551024,FALSE
CPICOREYOY-23NOV,2023-12-07,2023-12-12,3.9,0,0,63,36.734693877551024,FALSE
CPICOREYOY-23NOV,2023-12-08,2023-12-12,3.9,0,0,59,40.816326530612244,FALSE
CPICOREYOY-23NOV,2023-12-09,2023-12-12,3.9,0,0,59,40.816326530612244,FALSE
CPICOREYOY-23NOV,2023-12-10,2023-12-12,3.9,0,0,59,40.816326530612244,FALSE
CPICOREYOY-23NOV,2023-12-11,2023-12-12,3.9,0,0,47,44.89795918367347,FALSE
CPICOREYOY-23NOV,2023-12-12,2023-12-12,3.9,0,0,31,28.571428571428573,FALSE
CPICOREYOY-23SEP,2023-09-13,2023-10-12,3.9,86,1800,86,22.448979591836736,FALSE
CPICOREYOY-23SEP,2023-09-14,2023-10-12,3.9,90,1260,90,30.612244897959183,FALSE
CPICOREYOY-23SEP,2023-09-15,2023-10-12,3.9,90,0,90,30.612244897959183,FALSE
CPICOREYOY-23SEP,2023-09-16,2023-10-12,3.9,90,0,90,24.489795918367346,FALSE
CPICOREYOY-23SEP,2023-09-17,2023-10-12,3.9,90,0,90,24.489795918367346,FALSE
CPICOREYOY-23SEP,2023-09-18,2023-10-12,3.9,90,0,90,24.489795918367346,FALSE
CPICOREYOY-23SEP,2023-09-19,2023-10-12,3.9,90,0,90,24.489795918367346,FALSE
CPICOREYOY-23SEP,2023-09-20,2023-10-12,3.9,90,0,90,24.489795918367346,FALSE
CPICOREYOY-23SEP,2023-09-21,2023-10-12,3.9,90,0,90,16.3265306122449,FALSE
CPICOREYOY-23SEP,2023-09-22,2023-10-12,3.9,90,0,90,16.3265306122449,FALSE
CPICOREYOY-23SEP,2023-09-23,2023-10-12,3.9,90,0,90,16.3265306122449,FALSE
CPICOREYOY-23SEP,2023-09-24,2023-10-12,3.9,90,0,90,16.3265306122449,FALSE
CPICOREYOY-23SEP,2023-09-25,2023-10-12,3.9,90,0,90,16.3265306122449,FALSE
CPICOREYOY-23SEP,2023-09-26,2023-10-12,3.9,90,0,90,16.3265306122449,FALSE
CPICOREYOY-23SEP,2023-09-27,2023-10-12,3.9,90,0,90,16.3265306122449,FALSE
CPICOREYOY-23SEP,2023-09-28,2023-10-12,3.9,90,0,90,16.3265306122449,FALSE
CPICOREYOY-23SEP,2023-09-29,2023-10-12,3.9,90,0,90,16.3265306122449,FALSE
CPICOREYOY-23SEP,2023-09-30,2023-10-12,3.9,80,5,80,6.122448979591836,FALSE
CPICOREYOY-23SEP,2023-10-01,2023-10-12,3.9,80,0,80,6.122448979591836,FALSE
CPICOREYOY-23SEP,2023-10-02,2023-10-12,3.9,15,5,74,23.46938775510204,FALSE
CPICOREYOY-23SEP,2023-10-03,2023-10-12,3.9,15,0,74,23.46938775510204,FALSE
CPICOREYOY-23SEP,2023-10-04,2023-10-12,3.9,15,0,65,32.6530612244898,FALSE
CPICOREYOY-23SEP,2023-10-05,2023-10-12,3.9,15,0,65,32.6530612244898,FALSE
CPICOREYOY-23SEP,2023-10-06,2023-10-12,3.9,15,0,65,32.6530612244898,FALSE
CPICOREYOY-23SEP,2023-10-07,2023-10-12,3.9,15,0,65,32.6530612244898,FALSE
CPICOREYOY-23SEP,2023-10-08,2023-10-12,3.9,15,0,65,32.6530612244898,FALSE
CPICOREYOY-23SEP,2023-10-09,2023-10-12,3.9,15,0,65,32.6530612244898,FALSE
CPICOREYOY-23SEP,2023-10-10,2023-10-12,3.9,15,0,65,32.6530612244898,FALSE
CPICOREYOY-23SEP,2023-10-11,2023-10-12,3.9,15,0,65,32.6530612244898,FALSE
CPICOREYOY-23SEP,2023-10-12,2023-10-12,3.9,99,100,99,24.489795918367346,FALSE
CPICOREYOY-24APR,2024-05-05,2024-05-15,3.9,2,2,2,1.0204081632653061,FALSE
CPICOREYOY-24APR,2024-05-06,2024-05-15,3.9,2,0,2,1.0204081632653061,FALSE
CPICOREYOY-24APR,2024-05-07,2024-05-15,3.9,2,0,2,1.0204081632653061,FALSE
CPICOREYOY-24APR,2024-05-08,2024-05-15,3.9,2,0,2,1.0204081632653061,FALSE
CPICOREYOY-24APR,2024-05-09,2024-05-15,3.9,2,0,2,1.0204081632653061,FALSE
CPICOREYOY-24APR,2024-05-10,2024-05-15,3.9,2,0,2,1.0204081632653061,FALSE
CPICOREYOY-24APR,2024-05-11,2024-05-15,3.9,2,0,1,0,FALSE
CPICOREYOY-24APR,2024-05-12,2024-05-15,3.9,2,0,2,1.0204081632653061,FALSE
CPICOREYOY-24APR,2024-05-13,2024-05-15,3.9,2,0,2,1.0204081632653061,FALSE
CPICOREYOY-24APR,2024-05-14,2024-05-15,3.9,2,0,2,1.0204081632653061,FALSE
CPICOREYOY-24APR,2024-05-15,2024-05-15,3.9,2,0,2,1.0204081632653061,FALSE
CPICOREYOY-24FEB,2024-02-14,2024-03-12,3.9,1,200,1,0,FALSE
CPICOREYOY-24FEB,2024-02-15,2024-03-12,3.9,1,0,1,0,FALSE
CPICOREYOY-24FEB,2024-02-16,2024-03-12,3.9,1,0,1,0,FALSE
CPICOREYOY-24FEB,2024-02-17,2024-03-12,3.9,1,0,1,0,FALSE
CPICOREYOY-24FEB,2024-02-18,2024-03-12,3.9,1,0,1,0,FALSE
CPICOREYOY-24FEB,2024-02-19,2024-03-12,3.9,1,0,1,0,FALSE
CPICOREYOY-24FEB,2024-02-20,2024-03-12,3.9,1,0,1,0,FALSE
CPICOREYOY-24FEB,2024-02-21,2024-03-12,3.9,1,0,1,0,FALSE
CPICOREYOY-24FEB,2024-02-22,2024-03-12,3.9,1,0,1,0,FALSE
CPICOREYOY-24FEB,2024-02-23,2024-03-12,3.9,1,0,1,0,FALSE
CPICOREYOY-24FEB,2024-02-24,2024-03-12,3.9,1,0,1,0,FALSE
CPICOREYOY-24FEB,2024-02-25,2024-03-12,3.9,1,0,1,0,FALSE
CPICOREYOY-24FEB,2024-02-26,2024-03-12,3.9,1,0,1,0,FALSE
CPICOREYOY-24FEB,2024-02-27,2024-03-12,3.9,1,0,1,0,FALSE
CPICOREYOY-24FEB,2024-02-28,2024-03-12,3.9,1,0,1,0,FALSE
CPICOREYOY-24FEB,2024-02-29,2024-03-12,3.9,1,0,1,0,FALSE
CPICOREYOY-24FEB,2024-03-01,2024-03-12,3.9,1,0,1,0,FALSE
CPICOREYOY-24FEB,2024-03-02,2024-03-12,3.9,1,0,1,0,FALSE
CPICOREYOY-24FEB,2024-03-03,2024-03-12,3.9,1,0,1,0,FALSE
CPICOREYOY-24FEB,2024-03-04,2024-03-12,3.9,1,0,1,0,FALSE
CPICOREYOY-24FEB,2024-03-05,2024-03-12,3.9,1,0,1,0,FALSE
CPICOREYOY-24FEB,2024-03-06,2024-03-12,3.9,1,0,1,0,FALSE
CPICOREYOY-24FEB,2024-03-07,2024-03-12,3.9,1,0,1,0,FALSE
CPICOREYOY-24FEB,2024-03-08,2024-03-12,3.9,4,27,4,0,FALSE
CPICOREYOY-24FEB,2024-03-09,2024-03-12,3.9,4,23,4,0,FALSE
CPICOREYOY-24FEB,2024-03-10,2024-03-12,3.9,4,296,4,0,FALSE
CPICOREYOY-24FEB,2024-03-11,2024-03-12,3.9,4,0,4,3.061224489795918,FALSE
CPICOREYOY-24FEB,2024-03-12,2024-03-12,3.9,4,0,3,0,FALSE
CPICOREYOY-24JAN,2024-01-23,2024-02-13,3.9,0,0,10,9.183673469387756,FALSE
CPICOREYOY-24JAN,2024-01-24,2024-02-13,3.9,0,0,10,9.183673469387756,FALSE
CPICOREYOY-24JAN,2024-01-25,2024-02-13,3.9,0,0,10,9.183673469387756,FALSE
CPICOREYOY-24JAN,2024-01-26,2024-02-13,3.9,0,0,10,9.183673469387756,FALSE
CPICOREYOY-24JAN,2024-01-27,2024-02-13,3.9,0,0,10,9.183673469387756,FALSE
CPICOREYOY-24JAN,2024-01-28,2024-02-13,3.9,0,0,10,9.183673469387756,FALSE
CPICOREYOY-24JAN,2024-01-29,2024-02-13,3.9,0,0,10,9.183673469387756,FALSE
CPICOREYOY-24JAN,2024-01-30,2024-02-13,3.9,0,0,10,9.183673469387756,FALSE
CPICOREYOY-24JAN,2024-01-31,2024-02-13,3.9,0,0,10,9.183673469387756,FALSE
CPICOREYOY-24JAN,2024-02-01,2024-02-13,3.9,0,0,10,0,FALSE
CPICOREYOY-24JAN,2024-02-02,2024-02-13,3.9,0,0,10,0,FALSE
CPICOREYOY-24JAN,2024-02-03,2024-02-13,3.9,0,0,10,0,FALSE
CPICOREYOY-24JAN,2024-02-04,2024-02-13,3.9,0,0,10,0,FALSE
CPICOREYOY-24JAN,2024-02-05,2024-02-13,3.9,0,0,7.000000000000001,0,FALSE
CPICOREYOY-24JAN,2024-02-06,2024-02-13,3.9,0,0,7.000000000000001,0,FALSE
CPICOREYOY-24JAN,2024-02-07,2024-02-13,3.9,0,0,7.000000000000001,0,FALSE
CPICOREYOY-24JAN,2024-02-08,2024-02-13,3.9,0,0,7.000000000000001,0,FALSE
CPICOREYOY-24JAN,2024-02-09,2024-02-13,3.9,0,0,7.000000000000001,0,FALSE
CPICOREYOY-24JAN,2024-02-10,2024-02-13,3.9,0,0,7.000000000000001,0,FALSE
CPICOREYOY-24JAN,2024-02-11,2024-02-13,3.9,0,0,7.000000000000001,0,FALSE
CPICOREYOY-24JAN,2024-02-12,2024-02-13,3.9,0,0,9,0,FALSE
CPICOREYOY-24JAN,2024-02-13,2024-02-13,3.9,0,0,9,0,FALSE
KXCPICOREYOY-26MAR,2026-04-04,2026-04-10,3.9,0,0,1,0,FALSE
KXCPICOREYOY-26MAR,2026-04-05,2026-04-10,3.9,0,0,1,0,FALSE
KXCPICOREYOY-26MAR,2026-04-06,2026-04-10,3.9,0,0,1,0,FALSE
KXCPICOREYOY-26MAR,2026-04-07,2026-04-10,3.9,2,55,1,0,FALSE
KXCPICOREYOY-26MAR,2026-04-08,2026-04-10,3.9,2,0,1,0,FALSE
KXCPICOREYOY-26MAR,2026-04-09,2026-04-10,3.9,2,0,1,0,FALSE
KXCPICOREYOY-26MAR,2026-04-10,2026-04-10,3.9,2,0,1,0,FALSE
CPICOREYOY-23OCT,2023-10-16,2023-11-14,3.9000000000000004,77,4,77,77.55102040816327,FALSE
CPICOREYOY-23OCT,2023-10-17,2023-11-14,3.9000000000000004,77,0,77,77.55102040816327,FALSE
CPICOREYOY-23OCT,2023-10-18,2023-11-14,3.9000000000000004,77,0,77,77.55102040816327,FALSE
CPICOREYOY-23OCT,2023-10-19,2023-11-14,3.9000000000000004,77,0,77,77.55102040816327,FALSE
CPICOREYOY-23OCT,2023-10-20,2023-11-14,3.9000000000000004,91,4,91,58.16326530612245,FALSE
CPICOREYOY-23OCT,2023-10-21,2023-11-14,3.9000000000000004,95,125,95,62.244897959183675,FALSE
CPICOREYOY-23OCT,2023-10-22,2023-11-14,3.9000000000000004,95,0,95,17.346938775510203,FALSE
CPICOREYOY-23OCT,2023-10-23,2023-11-14,3.9000000000000004,95,0,95,17.346938775510203,FALSE
CPICOREYOY-23OCT,2023-10-24,2023-11-14,3.9000000000000004,95,0,95,17.346938775510203,FALSE
CPICOREYOY-23OCT,2023-10-25,2023-11-14,3.9000000000000004,95,0,95,21.428571428571427,FALSE
CPICOREYOY-23OCT,2023-10-26,2023-11-14,3.9000000000000004,95,0,95,21.428571428571427,FALSE
CPICOREYOY-23OCT,2023-10-27,2023-11-14,3.9000000000000004,95,0,95,21.428571428571427,FALSE
CPICOREYOY-23OCT,2023-10-28,2023-11-14,3.9000000000000004,95,0,95,21.428571428571427,FALSE
CPICOREYOY-23OCT,2023-10-29,2023-11-14,3.9000000000000004,95,0,95,8.16326530612245,FALSE
CPICOREYOY-23OCT,2023-10-30,2023-11-14,3.9000000000000004,95,0,95,8.16326530612245,FALSE
CPICOREYOY-23OCT,2023-10-31,2023-11-14,3.9000000000000004,97,100,97,10.204081632653061,FALSE
CPICOREYOY-23OCT,2023-11-01,2023-11-14,3.9000000000000004,97,0,97,10.204081632653061,FALSE
CPICOREYOY-23OCT,2023-11-02,2023-11-14,3.9000000000000004,97,0,97,22.448979591836736,FALSE
CPICOREYOY-23OCT,2023-11-03,2023-11-14,3.9000000000000004,97,0,97,15.306122448979592,FALSE
CPICOREYOY-23OCT,2023-11-04,2023-11-14,3.9000000000000004,97,0,97,15.306122448979592,FALSE
CPICOREYOY-23OCT,2023-11-05,2023-11-14,3.9000000000000004,97,0,97,15.306122448979592,FALSE
CPICOREYOY-23OCT,2023-11-06,2023-11-14,3.9000000000000004,97,0,97,15.306122448979592,FALSE
CPICOREYOY-23OCT,2023-11-07,2023-11-14,3.9000000000000004,97,0,97,15.306122448979592,FALSE
CPICOREYOY-23OCT,2023-11-08,2023-11-14,3.9000000000000004,97,0,97,15.306122448979592,FALSE
CPICOREYOY-23OCT,2023-11-09,2023-11-14,3.9000000000000004,97,0,97,10.204081632653061,FALSE
CPICOREYOY-23OCT,2023-11-10,2023-11-14,3.9000000000000004,97,0,97,8.16326530612245,FALSE
CPICOREYOY-23OCT,2023-11-11,2023-11-14,3.9000000000000004,97,100,97,8.16326530612245,FALSE
CPICOREYOY-23OCT,2023-11-12,2023-11-14,3.9000000000000004,97,0,97,8.16326530612245,FALSE
CPICOREYOY-23OCT,2023-11-13,2023-11-14,3.9000000000000004,98,125,98,10.204081632653061,FALSE
CPICOREYOY-23OCT,2023-11-14,2023-11-14,3.9000000000000004,98,0,98,8.16326530612245,FALSE
CPICOREYOY-23JUN,2023-07-06,2023-07-12,3.9999999999999996,0,0,97,0,FALSE
CPICOREYOY-23JUN,2023-07-07,2023-07-12,3.9999999999999996,0,0,97,0,FALSE
CPICOREYOY-23JUN,2023-07-08,2023-07-12,3.9999999999999996,0,0,97,0,FALSE
CPICOREYOY-23JUN,2023-07-09,2023-07-12,3.9999999999999996,0,0,97,0,FALSE
CPICOREYOY-23JUN,2023-07-10,2023-07-12,3.9999999999999996,0,0,97,0,FALSE
CPICOREYOY-23JUN,2023-07-11,2023-07-12,3.9999999999999996,0,0,97,0,FALSE
CPICOREYOY-23JUN,2023-07-12,2023-07-12,3.9999999999999996,0,0,97,0,FALSE
CPICOREYOY-23AUG,2023-08-14,2023-09-13,4,89,0,94,5.1020408163265305,FALSE
CPICOREYOY-23AUG,2023-08-15,2023-09-13,4,89,0,94,5.1020408163265305,FALSE
CPICOREYOY-23AUG,2023-08-16,2023-09-13,4,89,0,89,7.142857142857143,FALSE
CPICOREYOY-23AUG,2023-08-17,2023-09-13,4,89,0,89,7.142857142857143,FALSE
CPICOREYOY-23AUG,2023-08-18,2023-09-13,4,89,0,89,7.142857142857143,FALSE
CPICOREYOY-23AUG,2023-08-19,2023-09-13,4,89,0,89,7.142857142857143,FALSE
CPICOREYOY-23AUG,2023-08-20,2023-09-13,4,89,0,89,7.142857142857143,FALSE
CPICOREYOY-23AUG,2023-08-21,2023-09-13,4,89,0,89,0,FALSE
CPICOREYOY-23AUG,2023-08-22,2023-09-13,4,89,0,89,0,FALSE
CPICOREYOY-23AUG,2023-08-23,2023-09-13,4,89,0,89,0,FALSE
CPICOREYOY-23AUG,2023-08-24,2023-09-13,4,89,0,89,0,FALSE
CPICOREYOY-23AUG,2023-08-25,2023-09-13,4,89,0,91,0,FALSE
CPICOREYOY-23AUG,2023-08-26,2023-09-13,4,89,0,91,0,FALSE
CPICOREYOY-23AUG,2023-08-27,2023-09-13,4,89,0,91,0,FALSE
CPICOREYOY-23AUG,2023-08-28,2023-09-13,4,89,0,91,0,FALSE
CPICOREYOY-23AUG,2023-08-29,2023-09-13,4,89,0,97,2.0408163265306123,FALSE
CPICOREYOY-23AUG,2023-08-30,2023-09-13,4,89,0,97,2.0408163265306123,FALSE
CPICOREYOY-23AUG,2023-08-31,2023-09-13,4,89,0,97,2.0408163265306123,FALSE
CPICOREYOY-23AUG,2023-09-01,2023-09-13,4,89,0,97,2.0408163265306123,FALSE
CPICOREYOY-23AUG,2023-09-02,2023-09-13,4,89,0,97,2.0408163265306123,FALSE
CPICOREYOY-23AUG,2023-09-03,2023-09-13,4,89,0,97,2.0408163265306123,FALSE
CPICOREYOY-23AUG,2023-09-04,2023-09-13,4,89,0,97,2.0408163265306123,FALSE
CPICOREYOY-23AUG,2023-09-05,2023-09-13,4,89,0,97,2.0408163265306123,FALSE
CPICOREYOY-23AUG,2023-09-06,2023-09-13,4,89,0,97,2.0408163265306123,FALSE
CPICOREYOY-23AUG,2023-09-07,2023-09-13,4,89,0,97,2.0408163265306123,FALSE
CPICOREYOY-23AUG,2023-09-08,2023-09-13,4,89,0,97,2.0408163265306123,FALSE
CPICOREYOY-23AUG,2023-09-09,2023-09-13,4,89,0,97,2.0408163265306123,FALSE
CPICOREYOY-23AUG,2023-09-10,2023-09-13,4,89,0,97,2.0408163265306123,FALSE
CPICOREYOY-23AUG,2023-09-11,2023-09-13,4,89,0,97,2.0408163265306123,FALSE
CPICOREYOY-23AUG,2023-09-12,2023-09-13,4,89,0,97,2.0408163265306123,FALSE
CPICOREYOY-23AUG,2023-09-13,2023-09-13,4,89,0,97,2.0408163265306123,FALSE
CPICOREYOY-23NOV,2023-11-13,2023-12-12,4,77,156,77,33.673469387755105,FALSE
CPICOREYOY-23NOV,2023-11-14,2023-12-12,4,84,250,84,51.02040816326531,FALSE
CPICOREYOY-23NOV,2023-11-15,2023-12-12,4,84,0,84,47.95918367346939,FALSE
CPICOREYOY-23NOV,2023-11-16,2023-12-12,4,74,377,74,37.755102040816325,FALSE
CPICOREYOY-23NOV,2023-11-17,2023-12-12,4,74,0,74,37.755102040816325,FALSE
CPICOREYOY-23NOV,2023-11-18,2023-12-12,4,74,0,74,37.755102040816325,FALSE
CPICOREYOY-23NOV,2023-11-19,2023-12-12,4,70,100,70,33.673469387755105,FALSE
CPICOREYOY-23NOV,2023-11-20,2023-12-12,4,70,29,70,33.673469387755105,FALSE
CPICOREYOY-23NOV,2023-11-21,2023-12-12,4,70,0,70,33.673469387755105,FALSE
CPICOREYOY-23NOV,2023-11-22,2023-12-12,4,70,0,70,33.673469387755105,FALSE
CPICOREYOY-23NOV,2023-11-23,2023-12-12,4,70,0,70,33.673469387755105,FALSE
CPICOREYOY-23NOV,2023-11-24,2023-12-12,4,70,0,70,33.673469387755105,FALSE
CPICOREYOY-23NOV,2023-11-25,2023-12-12,4,70,0,70,33.673469387755105,FALSE
CPICOREYOY-23NOV,2023-11-26,2023-12-12,4,70,0,70,33.673469387755105,FALSE
CPICOREYOY-23NOV,2023-11-27,2023-12-12,4,70,0,70,33.673469387755105,FALSE
CPICOREYOY-23NOV,2023-11-28,2023-12-12,4,68,100,68,48.97959183673469,FALSE
CPICOREYOY-23NOV,2023-11-29,2023-12-12,4,68,0,68,48.97959183673469,FALSE
CPICOREYOY-23NOV,2023-11-30,2023-12-12,4,68,0,68,48.97959183673469,FALSE
CPICOREYOY-23NOV,2023-12-01,2023-12-12,4,68,0,68,48.97959183673469,FALSE
CPICOREYOY-23NOV,2023-12-02,2023-12-12,4,63,32,63,51.02040816326531,FALSE
CPICOREYOY-23NOV,2023-12-03,2023-12-12,4,63,0,63,51.02040816326531,FALSE
CPICOREYOY-23NOV,2023-12-04,2023-12-12,4,63,0,63,51.02040816326531,FALSE
CPICOREYOY-23NOV,2023-12-05,2023-12-12,4,63,0,63,51.02040816326531,FALSE
CPICOREYOY-23NOV,2023-12-06,2023-12-12,4,63,0,63,51.02040816326531,FALSE
CPICOREYOY-23NOV,2023-12-07,2023-12-12,4,63,0,63,51.02040816326531,FALSE
CPICOREYOY-23NOV,2023-12-08,2023-12-12,4,59,20,59,50,FALSE
CPICOREYOY-23NOV,2023-12-09,2023-12-12,4,59,0,59,50,FALSE
CPICOREYOY-23NOV,2023-12-10,2023-12-12,4,59,0,59,50,FALSE
CPICOREYOY-23NOV,2023-12-11,2023-12-12,4,47,220,47,2.0408163265306123,FALSE
CPICOREYOY-23NOV,2023-12-12,2023-12-12,4,31,5,31,2.0408163265306123,FALSE
CPICOREYOY-23OCT,2023-10-20,2023-11-14,4,0,0,34,33.673469387755105,FALSE
CPICOREYOY-23OCT,2023-10-21,2023-11-14,4,0,0,34,33.673469387755105,FALSE
CPICOREYOY-23OCT,2023-10-22,2023-11-14,4,78,2,78,44.89795918367347,FALSE
CPICOREYOY-23OCT,2023-10-23,2023-11-14,4,78,230,78,43.87755102040816,FALSE
CPICOREYOY-23OCT,2023-10-24,2023-11-14,4,78,0,78,43.87755102040816,FALSE
CPICOREYOY-23OCT,2023-10-25,2023-11-14,4,74,370,74,50,FALSE
CPICOREYOY-23OCT,2023-10-26,2023-11-14,4,74,0,74,48.97959183673469,FALSE
CPICOREYOY-23OCT,2023-10-27,2023-11-14,4,74,0,74,48.97959183673469,FALSE
CPICOREYOY-23OCT,2023-10-28,2023-11-14,4,74,0,74,48.97959183673469,FALSE
CPICOREYOY-23OCT,2023-10-29,2023-11-14,4,87,400,87,62.244897959183675,FALSE
CPICOREYOY-23OCT,2023-10-30,2023-11-14,4,87,0,87,62.244897959183675,FALSE
CPICOREYOY-23OCT,2023-10-31,2023-11-14,4,87,0,87,62.244897959183675,FALSE
CPICOREYOY-23OCT,2023-11-01,2023-11-14,4,87,0,87,62.244897959183675,FALSE
CPICOREYOY-23OCT,2023-11-02,2023-11-14,4,75,385,75,48.97959183673469,FALSE
CPICOREYOY-23OCT,2023-11-03,2023-11-14,4,82,1065,82,54.08163265306123,FALSE
CPICOREYOY-23OCT,2023-11-04,2023-11-14,4,82,0,82,54.08163265306123,FALSE
CPICOREYOY-23OCT,2023-11-05,2023-11-14,4,82,0,82,54.08163265306123,FALSE
CPICOREYOY-23OCT,2023-11-06,2023-11-14,4,82,0,82,54.08163265306123,FALSE
CPICOREYOY-23OCT,2023-11-07,2023-11-14,4,82,0,82,54.08163265306123,FALSE
CPICOREYOY-23OCT,2023-11-08,2023-11-14,4,82,185,82,54.08163265306123,FALSE
CPICOREYOY-23OCT,2023-11-09,2023-11-14,4,87,2,87,59.183673469387756,FALSE
CPICOREYOY-23OCT,2023-11-10,2023-11-14,4,89,198,89,62.244897959183675,FALSE
CPICOREYOY-23OCT,2023-11-11,2023-11-14,4,89,0,89,65.3061224489796,FALSE
CPICOREYOY-23OCT,2023-11-12,2023-11-14,4,89,0,89,65.3061224489796,FALSE
CPICOREYOY-23OCT,2023-11-13,2023-11-14,4,88,3500,88,63.265306122448976,FALSE
CPICOREYOY-23OCT,2023-11-14,2023-11-14,4,90,75,90,64.28571428571429,FALSE
CPICOREYOY-23SEP,2023-09-13,2023-10-12,4,64,3220,64,39.795918367346935,FALSE
CPICOREYOY-23SEP,2023-09-14,2023-10-12,4,60,700,60,34.69387755102041,FALSE
CPICOREYOY-23SEP,2023-09-15,2023-10-12,4,60,0,60,34.69387755102041,FALSE
CPICOREYOY-23SEP,2023-09-16,2023-10-12,4,66,900,66,38.775510204081634,FALSE
CPICOREYOY-23SEP,2023-09-17,2023-10-12,4,66,0,66,38.775510204081634,FALSE
CPICOREYOY-23SEP,2023-09-18,2023-10-12,4,66,0,66,38.775510204081634,FALSE
CPICOREYOY-23SEP,2023-09-19,2023-10-12,4,66,0,66,38.775510204081634,FALSE
CPICOREYOY-23SEP,2023-09-20,2023-10-12,4,66,0,66,38.775510204081634,FALSE
CPICOREYOY-23SEP,2023-09-21,2023-10-12,4,74,700,74,46.93877551020408,FALSE
CPICOREYOY-23SEP,2023-09-22,2023-10-12,4,74,0,74,46.93877551020408,FALSE
CPICOREYOY-23SEP,2023-09-23,2023-10-12,4,74,0,74,46.93877551020408,FALSE
CPICOREYOY-23SEP,2023-09-24,2023-10-12,4,74,0,74,46.93877551020408,FALSE
CPICOREYOY-23SEP,2023-09-25,2023-10-12,4,74,0,74,46.93877551020408,FALSE
CPICOREYOY-23SEP,2023-09-26,2023-10-12,4,74,0,74,46.93877551020408,FALSE
CPICOREYOY-23SEP,2023-09-27,2023-10-12,4,74,0,74,46.93877551020408,FALSE
CPICOREYOY-23SEP,2023-09-28,2023-10-12,4,74,0,74,46.93877551020408,FALSE
CPICOREYOY-23SEP,2023-09-29,2023-10-12,4,74,0,74,46.93877551020408,FALSE
CPICOREYOY-23SEP,2023-09-30,2023-10-12,4,74,0,74,46.93877551020408,FALSE
CPICOREYOY-23SEP,2023-10-01,2023-10-12,4,74,0,74,46.93877551020408,FALSE
CPICOREYOY-23SEP,2023-10-02,2023-10-12,4,74,0,74,46.93877551020408,FALSE
CPICOREYOY-23SEP,2023-10-03,2023-10-12,4,74,0,74,46.93877551020408,FALSE
CPICOREYOY-23SEP,2023-10-04,2023-10-12,4,65,100,65,37.755102040816325,FALSE
CPICOREYOY-23SEP,2023-10-05,2023-10-12,4,65,0,65,37.755102040816325,FALSE
CPICOREYOY-23SEP,2023-10-06,2023-10-12,4,65,0,65,37.755102040816325,FALSE
CPICOREYOY-23SEP,2023-10-07,2023-10-12,4,65,0,65,37.755102040816325,FALSE
CPICOREYOY-23SEP,2023-10-08,2023-10-12,4,65,0,65,37.755102040816325,FALSE
CPICOREYOY-23SEP,2023-10-09,2023-10-12,4,65,0,65,37.755102040816325,FALSE
CPICOREYOY-23SEP,2023-10-10,2023-10-12,4,65,0,65,37.755102040816325,FALSE
CPICOREYOY-23SEP,2023-10-11,2023-10-12,4,65,0,65,37.755102040816325,FALSE
CPICOREYOY-23SEP,2023-10-12,2023-10-12,4,75,2701,75,25.510204081632654,FALSE
CPICOREYOY-24JAN,2024-01-23,2024-02-13,4,10,47,10,0,FALSE
CPICOREYOY-24JAN,2024-01-24,2024-02-13,4,10,0,10,0,FALSE
CPICOREYOY-24JAN,2024-01-25,2024-02-13,4,10,0,10,0,FALSE
CPICOREYOY-24JAN,2024-01-26,2024-02-13,4,10,0,10,0,FALSE
CPICOREYOY-24JAN,2024-01-27,2024-02-13,4,10,0,10,0,FALSE
CPICOREYOY-24JAN,2024-01-28,2024-02-13,4,10,0,10,0,FALSE
CPICOREYOY-24JAN,2024-01-29,2024-02-13,4,10,0,10,0,FALSE
CPICOREYOY-24JAN,2024-01-30,2024-02-13,4,10,0,10,0,FALSE
CPICOREYOY-24JAN,2024-01-31,2024-02-13,4,10,0,10,0,FALSE
CPICOREYOY-24JAN,2024-02-01,2024-02-13,4,10,0,10,0,FALSE
CPICOREYOY-24JAN,2024-02-02,2024-02-13,4,10,0,10,0,FALSE
CPICOREYOY-24JAN,2024-02-03,2024-02-13,4,10,0,10,0,FALSE
CPICOREYOY-24JAN,2024-02-04,2024-02-13,4,10,0,10,0,FALSE
CPICOREYOY-24JAN,2024-02-05,2024-02-13,4,10,0,7.000000000000001,0,FALSE
CPICOREYOY-24JAN,2024-02-06,2024-02-13,4,10,0,7.000000000000001,0,FALSE
CPICOREYOY-24JAN,2024-02-07,2024-02-13,4,10,0,7.000000000000001,0,FALSE
CPICOREYOY-24JAN,2024-02-08,2024-02-13,4,10,0,7.000000000000001,0,FALSE
CPICOREYOY-24JAN,2024-02-09,2024-02-13,4,10,0,7.000000000000001,0,FALSE
CPICOREYOY-24JAN,2024-02-10,2024-02-13,4,10,0,7.000000000000001,0,FALSE
CPICOREYOY-24JAN,2024-02-11,2024-02-13,4,10,0,7.000000000000001,0,FALSE
CPICOREYOY-24JAN,2024-02-12,2024-02-13,4,10,0,9,0,FALSE
CPICOREYOY-24JAN,2024-02-13,2024-02-13,4,10,0,9,0,FALSE
KXCPICOREYOY-26MAR,2026-04-04,2026-04-10,4,1,200,1,0,FALSE
KXCPICOREYOY-26MAR,2026-04-05,2026-04-10,4,1,0,1,0,FALSE
KXCPICOREYOY-26MAR,2026-04-06,2026-04-10,4,2,93,1,0,FALSE
KXCPICOREYOY-26MAR,2026-04-07,2026-04-10,4,2,0,1,0,FALSE
KXCPICOREYOY-26MAR,2026-04-08,2026-04-10,4,2,0,1,0,FALSE
KXCPICOREYOY-26MAR,2026-04-09,2026-04-10,4,2,0,1,0,FALSE
KXCPICOREYOY-26MAR,2026-04-10,2026-04-10,4,2,0,1,0,FALSE
CPICOREYOY-23AUG,2023-08-14,2023-09-13,4.1,94,12,94,25.510204081632654,FALSE
CPICOREYOY-23AUG,2023-08-15,2023-09-13,4.1,94,125,94,25.510204081632654,FALSE
CPICOREYOY-23AUG,2023-08-16,2023-09-13,4.1,82,500,82,13.26530612244898,FALSE
CPICOREYOY-23AUG,2023-08-17,2023-09-13,4.1,82,0,82,13.26530612244898,FALSE
CPICOREYOY-23AUG,2023-08-18,2023-09-13,4.1,82,0,82,13.26530612244898,FALSE
CPICOREYOY-23AUG,2023-08-19,2023-09-13,4.1,82,0,82,13.26530612244898,FALSE
CPICOREYOY-23AUG,2023-08-20,2023-09-13,4.1,82,0,82,13.26530612244898,FALSE
CPICOREYOY-23AUG,2023-08-21,2023-09-13,4.1,82,0,89,10.204081632653061,FALSE
CPICOREYOY-23AUG,2023-08-22,2023-09-13,4.1,82,0,89,10.204081632653061,FALSE
CPICOREYOY-23AUG,2023-08-23,2023-09-13,4.1,82,0,89,10.204081632653061,FALSE
CPICOREYOY-23AUG,2023-08-24,2023-09-13,4.1,82,0,89,10.204081632653061,FALSE
CPICOREYOY-23AUG,2023-08-25,2023-09-13,4.1,82,0,91,8.16326530612245,FALSE
CPICOREYOY-23AUG,2023-08-26,2023-09-13,4.1,82,0,91,8.16326530612245,FALSE
CPICOREYOY-23AUG,2023-08-27,2023-09-13,4.1,82,0,91,8.16326530612245,FALSE
CPICOREYOY-23AUG,2023-08-28,2023-09-13,4.1,82,0,91,8.16326530612245,FALSE
CPICOREYOY-23AUG,2023-08-29,2023-09-13,4.1,97,187,97,5.1020408163265305,FALSE
CPICOREYOY-23AUG,2023-08-30,2023-09-13,4.1,97,0,97,5.1020408163265305,FALSE
CPICOREYOY-23AUG,2023-08-31,2023-09-13,4.1,97,0,97,7.142857142857143,FALSE
CPICOREYOY-23AUG,2023-09-01,2023-09-13,4.1,97,0,97,7.142857142857143,FALSE
CPICOREYOY-23AUG,2023-09-02,2023-09-13,4.1,97,0,97,7.142857142857143,FALSE
CPICOREYOY-23AUG,2023-09-03,2023-09-13,4.1,97,0,97,7.142857142857143,FALSE
CPICOREYOY-23AUG,2023-09-04,2023-09-13,4.1,97,0,97,7.142857142857143,FALSE
CPICOREYOY-23AUG,2023-09-05,2023-09-13,4.1,97,0,97,7.142857142857143,FALSE
CPICOREYOY-23AUG,2023-09-06,2023-09-13,4.1,97,0,97,7.142857142857143,FALSE
CPICOREYOY-23AUG,2023-09-07,2023-09-13,4.1,97,0,97,7.142857142857143,FALSE
CPICOREYOY-23AUG,2023-09-08,2023-09-13,4.1,97,0,97,7.142857142857143,FALSE
CPICOREYOY-23AUG,2023-09-09,2023-09-13,4.1,97,0,97,7.142857142857143,FALSE
CPICOREYOY-23AUG,2023-09-10,2023-09-13,4.1,97,0,97,7.142857142857143,FALSE
CPICOREYOY-23AUG,2023-09-11,2023-09-13,4.1,97,0,97,7.142857142857143,FALSE
CPICOREYOY-23AUG,2023-09-12,2023-09-13,4.1,97,0,97,6.122448979591836,FALSE
CPICOREYOY-23AUG,2023-09-13,2023-09-13,4.1,97,0,97,4.081632653061225,FALSE
CPICOREYOY-23JUN,2023-07-06,2023-07-12,4.1,97,300,97,0,FALSE
CPICOREYOY-23JUN,2023-07-07,2023-07-12,4.1,97,0,97,0,FALSE
CPICOREYOY-23JUN,2023-07-08,2023-07-12,4.1,97,0,97,0,FALSE
CPICOREYOY-23JUN,2023-07-09,2023-07-12,4.1,97,0,97,0,FALSE
CPICOREYOY-23JUN,2023-07-10,2023-07-12,4.1,97,0,97,0,FALSE
CPICOREYOY-23JUN,2023-07-11,2023-07-12,4.1,97,0,97,0,FALSE
CPICOREYOY-23JUN,2023-07-12,2023-07-12,4.1,97,0,97,0,FALSE
CPICOREYOY-23NOV,2023-11-13,2023-12-12,4.1,44,158,44,26.53061224489796,FALSE
CPICOREYOY-23NOV,2023-11-14,2023-12-12,4.1,34,690,34,26.53061224489796,FALSE
CPICOREYOY-23NOV,2023-11-15,2023-12-12,4.1,37,8,37,29.591836734693878,FALSE
CPICOREYOY-23NOV,2023-11-16,2023-12-12,4.1,37,0,37,34.69387755102041,FALSE
CPICOREYOY-23NOV,2023-11-17,2023-12-12,4.1,37,0,37,34.69387755102041,FALSE
CPICOREYOY-23NOV,2023-11-18,2023-12-12,4.1,37,0,37,34.69387755102041,FALSE
CPICOREYOY-23NOV,2023-11-19,2023-12-12,4.1,37,0,37,34.69387755102041,FALSE
CPICOREYOY-23NOV,2023-11-20,2023-12-12,4.1,37,0,37,34.69387755102041,FALSE
CPICOREYOY-23NOV,2023-11-21,2023-12-12,4.1,37,0,37,34.69387755102041,FALSE
CPICOREYOY-23NOV,2023-11-22,2023-12-12,4.1,37,0,37,34.69387755102041,FALSE
CPICOREYOY-23NOV,2023-11-23,2023-12-12,4.1,37,0,37,34.69387755102041,FALSE
CPICOREYOY-23NOV,2023-11-24,2023-12-12,4.1,37,0,37,34.69387755102041,FALSE
CPICOREYOY-23NOV,2023-11-25,2023-12-12,4.1,37,0,37,34.69387755102041,FALSE
CPICOREYOY-23NOV,2023-11-26,2023-12-12,4.1,37,0,37,34.69387755102041,FALSE
CPICOREYOY-23NOV,2023-11-27,2023-12-12,4.1,37,0,37,34.69387755102041,FALSE
CPICOREYOY-23NOV,2023-11-28,2023-12-12,4.1,20,110,20,17.346938775510203,FALSE
CPICOREYOY-23NOV,2023-11-29,2023-12-12,4.1,20,0,20,17.346938775510203,FALSE
CPICOREYOY-23NOV,2023-11-30,2023-12-12,4.1,20,0,20,17.346938775510203,FALSE
CPICOREYOY-23NOV,2023-12-01,2023-12-12,4.1,20,0,20,17.346938775510203,FALSE
CPICOREYOY-23NOV,2023-12-02,2023-12-12,4.1,13,16,13,10.204081632653061,FALSE
CPICOREYOY-23NOV,2023-12-03,2023-12-12,4.1,13,0,13,10.204081632653061,FALSE
CPICOREYOY-23NOV,2023-12-04,2023-12-12,4.1,13,0,13,10.204081632653061,FALSE
CPICOREYOY-23NOV,2023-12-05,2023-12-12,4.1,13,0,13,10.204081632653061,FALSE
CPICOREYOY-23NOV,2023-12-06,2023-12-12,4.1,13,0,13,10.204081632653061,FALSE
CPICOREYOY-23NOV,2023-12-07,2023-12-12,4.1,13,0,13,10.204081632653061,FALSE
CPICOREYOY-23NOV,2023-12-08,2023-12-12,4.1,10,20,10,7.142857142857143,FALSE
CPICOREYOY-23NOV,2023-12-09,2023-12-12,4.1,10,0,10,7.142857142857143,FALSE
CPICOREYOY-23NOV,2023-12-10,2023-12-12,4.1,10,0,10,7.142857142857143,FALSE
CPICOREYOY-23NOV,2023-12-11,2023-12-12,4.1,3,130,3,0,FALSE
CPICOREYOY-23NOV,2023-12-12,2023-12-12,4.1,3,0,3,0,FALSE
CPICOREYOY-23OCT,2023-10-20,2023-11-14,4.1,34,15,34,0,FALSE
CPICOREYOY-23OCT,2023-10-21,2023-11-14,4.1,34,0,34,0,FALSE
CPICOREYOY-23OCT,2023-10-22,2023-11-14,4.1,34,0,34,33.673469387755105,FALSE
CPICOREYOY-23OCT,2023-10-23,2023-11-14,4.1,35,45,35,34.69387755102041,FALSE
CPICOREYOY-23OCT,2023-10-24,2023-11-14,4.1,35,0,35,34.69387755102041,FALSE
CPICOREYOY-23OCT,2023-10-25,2023-11-14,4.1,25,340,25,24.489795918367346,FALSE
CPICOREYOY-23OCT,2023-10-26,2023-11-14,4.1,26,195,26,25.510204081632654,FALSE
CPICOREYOY-23OCT,2023-10-27,2023-11-14,4.1,26,205,26,25.510204081632654,FALSE
CPICOREYOY-23OCT,2023-10-28,2023-11-14,4.1,26,0,26,25.510204081632654,FALSE
CPICOREYOY-23OCT,2023-10-29,2023-11-14,4.1,26,0,26,25.510204081632654,FALSE
CPICOREYOY-23OCT,2023-10-30,2023-11-14,4.1,26,0,26,25.510204081632654,FALSE
CPICOREYOY-23OCT,2023-10-31,2023-11-14,4.1,26,0,26,25.510204081632654,FALSE
CPICOREYOY-23OCT,2023-11-01,2023-11-14,4.1,26,0,26,25.510204081632654,FALSE
CPICOREYOY-23OCT,2023-11-02,2023-11-14,4.1,27,480,27,26.53061224489796,FALSE
CPICOREYOY-23OCT,2023-11-03,2023-11-14,4.1,28.999999999999996,500,28.999999999999996,28.571428571428566,FALSE
CPICOREYOY-23OCT,2023-11-04,2023-11-14,4.1,28.999999999999996,0,28.999999999999996,28.571428571428566,FALSE
CPICOREYOY-23OCT,2023-11-05,2023-11-14,4.1,28.999999999999996,0,28.999999999999996,28.571428571428566,FALSE
CPICOREYOY-23OCT,2023-11-06,2023-11-14,4.1,28.999999999999996,0,28.999999999999996,28.571428571428566,FALSE
CPICOREYOY-23OCT,2023-11-07,2023-11-14,4.1,28.999999999999996,0,28.999999999999996,28.571428571428566,FALSE
CPICOREYOY-23OCT,2023-11-08,2023-11-14,4.1,28.999999999999996,0,28.999999999999996,28.571428571428566,FALSE
CPICOREYOY-23OCT,2023-11-09,2023-11-14,4.1,28.999999999999996,0,28.999999999999996,28.571428571428566,FALSE
CPICOREYOY-23OCT,2023-11-10,2023-11-14,4.1,28.000000000000004,35,28.000000000000004,27.55102040816327,FALSE
CPICOREYOY-23OCT,2023-11-11,2023-11-14,4.1,25,315,25,24.489795918367346,FALSE
CPICOREYOY-23OCT,2023-11-12,2023-11-14,4.1,25,0,25,24.489795918367346,FALSE
CPICOREYOY-23OCT,2023-11-13,2023-11-14,4.1,26,1635,26,25.510204081632654,FALSE
CPICOREYOY-23OCT,2023-11-14,2023-11-14,4.1,27,219,27,20.408163265306122,FALSE
CPICOREYOY-23SEP,2023-09-13,2023-10-12,4.1,25,2250,25,24.489795918367346,FALSE
CPICOREYOY-23SEP,2023-09-14,2023-10-12,4.1,26,900,26,25.510204081632654,FALSE
CPICOREYOY-23SEP,2023-09-15,2023-10-12,4.1,26,0,26,25.510204081632654,FALSE
CPICOREYOY-23SEP,2023-09-16,2023-10-12,4.1,28.000000000000004,900,28.000000000000004,27.55102040816327,FALSE
CPICOREYOY-23SEP,2023-09-17,2023-10-12,4.1,28.000000000000004,0,28.000000000000004,27.55102040816327,FALSE
CPICOREYOY-23SEP,2023-09-18,2023-10-12,4.1,28.000000000000004,0,28.000000000000004,23.469387755102044,FALSE
CPICOREYOY-23SEP,2023-09-19,2023-10-12,4.1,28.000000000000004,0,28.000000000000004,23.469387755102044,FALSE
CPICOREYOY-23SEP,2023-09-20,2023-10-12,4.1,28.000000000000004,0,28.000000000000004,23.469387755102044,FALSE
CPICOREYOY-23SEP,2023-09-21,2023-10-12,4.1,28.000000000000004,0,28.000000000000004,23.469387755102044,FALSE
CPICOREYOY-23SEP,2023-09-22,2023-10-12,4.1,28.000000000000004,0,28.000000000000004,23.469387755102044,FALSE
CPICOREYOY-23SEP,2023-09-23,2023-10-12,4.1,28.000000000000004,0,28.000000000000004,23.469387755102044,FALSE
CPICOREYOY-23SEP,2023-09-24,2023-10-12,4.1,28.000000000000004,0,28.000000000000004,23.469387755102044,FALSE
CPICOREYOY-23SEP,2023-09-25,2023-10-12,4.1,28.000000000000004,0,28.000000000000004,23.469387755102044,FALSE
CPICOREYOY-23SEP,2023-09-26,2023-10-12,4.1,28.000000000000004,0,28.000000000000004,23.469387755102044,FALSE
CPICOREYOY-23SEP,2023-09-27,2023-10-12,4.1,28.000000000000004,0,28.000000000000004,23.469387755102044,FALSE
CPICOREYOY-23SEP,2023-09-28,2023-10-12,4.1,28.000000000000004,0,28.000000000000004,23.469387755102044,FALSE
CPICOREYOY-23SEP,2023-09-29,2023-10-12,4.1,28.000000000000004,0,28.000000000000004,23.469387755102044,FALSE
CPICOREYOY-23SEP,2023-09-30,2023-10-12,4.1,28.000000000000004,0,28.000000000000004,23.469387755102044,FALSE
CPICOREYOY-23SEP,2023-10-01,2023-10-12,4.1,28.000000000000004,0,28.000000000000004,23.469387755102044,FALSE
CPICOREYOY-23SEP,2023-10-02,2023-10-12,4.1,28.000000000000004,0,28.000000000000004,23.469387755102044,FALSE
CPICOREYOY-23SEP,2023-10-03,2023-10-12,4.1,28.000000000000004,0,28.000000000000004,23.469387755102044,FALSE
CPICOREYOY-23SEP,2023-10-04,2023-10-12,4.1,28.000000000000004,0,28.000000000000004,23.469387755102044,FALSE
CPICOREYOY-23SEP,2023-10-05,2023-10-12,4.1,28.000000000000004,0,28.000000000000004,23.469387755102044,FALSE
CPICOREYOY-23SEP,2023-10-06,2023-10-12,4.1,28.000000000000004,0,28.000000000000004,23.469387755102044,FALSE
CPICOREYOY-23SEP,2023-10-07,2023-10-12,4.1,28.000000000000004,0,28.000000000000004,23.469387755102044,FALSE
CPICOREYOY-23SEP,2023-10-08,2023-10-12,4.1,28.000000000000004,0,28.000000000000004,23.469387755102044,FALSE
CPICOREYOY-23SEP,2023-10-09,2023-10-12,4.1,28.000000000000004,0,28.000000000000004,23.469387755102044,FALSE
CPICOREYOY-23SEP,2023-10-10,2023-10-12,4.1,28.000000000000004,0,28.000000000000004,23.469387755102044,FALSE
CPICOREYOY-23SEP,2023-10-11,2023-10-12,4.1,28.000000000000004,0,28.000000000000004,23.469387755102044,FALSE
CPICOREYOY-23SEP,2023-10-12,2023-10-12,4.1,50,4502,50,45.91836734693877,FALSE
CPICOREYOY-23JUN,2023-07-06,2023-07-12,4.199999999999999,0,0,97,0,FALSE
CPICOREYOY-23JUN,2023-07-07,2023-07-12,4.199999999999999,0,0,97,0,FALSE
CPICOREYOY-23JUN,2023-07-08,2023-07-12,4.199999999999999,0,0,97,0,FALSE
CPICOREYOY-23JUN,2023-07-09,2023-07-12,4.199999999999999,0,0,97,0,FALSE
CPICOREYOY-23JUN,2023-07-10,2023-07-12,4.199999999999999,0,0,97,0,FALSE
CPICOREYOY-23JUN,2023-07-11,2023-07-12,4.199999999999999,0,0,97,0,FALSE
CPICOREYOY-23JUN,2023-07-12,2023-07-12,4.199999999999999,0,0,97,0,FALSE
CPICOREYOY-23AUG,2023-08-14,2023-09-13,4.2,69,0,69,26.53061224489796,FALSE
CPICOREYOY-23AUG,2023-08-15,2023-09-13,4.2,69,0,69,26.53061224489796,FALSE
CPICOREYOY-23AUG,2023-08-16,2023-09-13,4.2,69,0,69,26.53061224489796,FALSE
CPICOREYOY-23AUG,2023-08-17,2023-09-13,4.2,69,0,69,26.53061224489796,FALSE
CPICOREYOY-23AUG,2023-08-18,2023-09-13,4.2,69,0,69,26.53061224489796,FALSE
CPICOREYOY-23AUG,2023-08-19,2023-09-13,4.2,69,0,69,26.53061224489796,FALSE
CPICOREYOY-23AUG,2023-08-20,2023-09-13,4.2,69,0,69,26.53061224489796,FALSE
CPICOREYOY-23AUG,2023-08-21,2023-09-13,4.2,89,350,89,46.93877551020408,FALSE
CPICOREYOY-23AUG,2023-08-22,2023-09-13,4.2,89,0,89,38.775510204081634,FALSE
CPICOREYOY-23AUG,2023-08-23,2023-09-13,4.2,89,0,89,38.775510204081634,FALSE
CPICOREYOY-23AUG,2023-08-24,2023-09-13,4.2,89,0,89,38.775510204081634,FALSE
CPICOREYOY-23AUG,2023-08-25,2023-09-13,4.2,91,300,91,40.816326530612244,FALSE
CPICOREYOY-23AUG,2023-08-26,2023-09-13,4.2,91,0,91,40.816326530612244,FALSE
CPICOREYOY-23AUG,2023-08-27,2023-09-13,4.2,91,0,91,40.816326530612244,FALSE
CPICOREYOY-23AUG,2023-08-28,2023-09-13,4.2,91,0,91,40.816326530612244,FALSE
CPICOREYOY-23AUG,2023-08-29,2023-09-13,4.2,92,1700,92,41.83673469387755,FALSE
CPICOREYOY-23AUG,2023-08-30,2023-09-13,4.2,92,0,92,41.83673469387755,FALSE
CPICOREYOY-23AUG,2023-08-31,2023-09-13,4.2,90,2700,90,39.795918367346935,FALSE
CPICOREYOY-23AUG,2023-09-01,2023-09-13,4.2,90,0,90,39.795918367346935,FALSE
CPICOREYOY-23AUG,2023-09-02,2023-09-13,4.2,90,0,90,39.795918367346935,FALSE
CPICOREYOY-23AUG,2023-09-03,2023-09-13,4.2,90,0,90,39.795918367346935,FALSE
CPICOREYOY-23AUG,2023-09-04,2023-09-13,4.2,90,0,90,39.795918367346935,FALSE
CPICOREYOY-23AUG,2023-09-05,2023-09-13,4.2,90,0,90,39.795918367346935,FALSE
CPICOREYOY-23AUG,2023-09-06,2023-09-13,4.2,90,0,90,39.795918367346935,FALSE
CPICOREYOY-23AUG,2023-09-07,2023-09-13,4.2,90,0,90,39.795918367346935,FALSE
CPICOREYOY-23AUG,2023-09-08,2023-09-13,4.2,90,0,90,39.795918367346935,FALSE
CPICOREYOY-23AUG,2023-09-09,2023-09-13,4.2,90,0,90,39.795918367346935,FALSE
CPICOREYOY-23AUG,2023-09-10,2023-09-13,4.2,90,0,90,39.795918367346935,FALSE
CPICOREYOY-23AUG,2023-09-11,2023-09-13,4.2,90,0,90,41.83673469387755,FALSE
CPICOREYOY-23AUG,2023-09-12,2023-09-13,4.2,91,28,91,45.91836734693877,FALSE
CPICOREYOY-23AUG,2023-09-13,2023-09-13,4.2,93,59,93,40.816326530612244,FALSE
CPICOREYOY-23JUL,2023-07-11,2023-08-10,4.2,0,0,97,0,FALSE
CPICOREYOY-23JUL,2023-07-12,2023-08-10,4.2,0,0,97,0,FALSE
CPICOREYOY-23JUL,2023-07-13,2023-08-10,4.2,0,0,97,0,FALSE
CPICOREYOY-23JUL,2023-07-14,2023-08-10,4.2,0,0,97,0,FALSE
CPICOREYOY-23JUL,2023-07-15,2023-08-10,4.2,0,0,97,0,FALSE
CPICOREYOY-23JUL,2023-07-16,2023-08-10,4.2,0,0,97,0,FALSE
CPICOREYOY-23JUL,2023-07-17,2023-08-10,4.2,0,0,97,0,FALSE
CPICOREYOY-23JUL,2023-07-18,2023-08-10,4.2,0,0,97,0,FALSE
CPICOREYOY-23JUL,2023-07-19,2023-08-10,4.2,0,0,95,0,FALSE
CPICOREYOY-23JUL,2023-07-20,2023-08-10,4.2,0,0,95,0,FALSE
CPICOREYOY-23JUL,2023-07-21,2023-08-10,4.2,0,0,95,0,FALSE
CPICOREYOY-23JUL,2023-07-22,2023-08-10,4.2,0,0,95,0,FALSE
CPICOREYOY-23JUL,2023-07-23,2023-08-10,4.2,0,0,95,0,FALSE
CPICOREYOY-23JUL,2023-07-24,2023-08-10,4.2,0,0,97,0,FALSE
CPICOREYOY-23JUL,2023-07-25,2023-08-10,4.2,0,0,96,0,FALSE
CPICOREYOY-23JUL,2023-07-26,2023-08-10,4.2,0,0,96,0,FALSE
CPICOREYOY-23JUL,2023-07-27,2023-08-10,4.2,0,0,96,0,FALSE
CPICOREYOY-23JUL,2023-07-28,2023-08-10,4.2,0,0,96,0,FALSE
CPICOREYOY-23JUL,2023-07-29,2023-08-10,4.2,0,0,96,0,FALSE
CPICOREYOY-23JUL,2023-07-30,2023-08-10,4.2,0,0,96,0,FALSE
CPICOREYOY-23JUL,2023-07-31,2023-08-10,4.2,0,0,95,0,FALSE
CPICOREYOY-23JUL,2023-08-01,2023-08-10,4.2,0,0,95,0,FALSE
CPICOREYOY-23JUL,2023-08-02,2023-08-10,4.2,0,0,94,0,FALSE
CPICOREYOY-23JUL,2023-08-03,2023-08-10,4.2,0,0,94,0,FALSE
CPICOREYOY-23JUL,2023-08-04,2023-08-10,4.2,0,0,96,0,FALSE
CPICOREYOY-23JUL,2023-08-05,2023-08-10,4.2,0,0,97,0,FALSE
CPICOREYOY-23JUL,2023-08-06,2023-08-10,4.2,0,0,97,0,FALSE
CPICOREYOY-23JUL,2023-08-07,2023-08-10,4.2,0,0,97,0,FALSE
CPICOREYOY-23JUL,2023-08-08,2023-08-10,4.2,0,0,97,0,FALSE
CPICOREYOY-23JUL,2023-08-09,2023-08-10,4.2,0,0,98,0,FALSE
CPICOREYOY-23JUL,2023-08-10,2023-08-10,4.2,0,0,98,0,FALSE
CPICOREYOY-23JUN,2023-06-20,2023-07-12,4.2,0,0,96,0,FALSE
CPICOREYOY-23JUN,2023-06-21,2023-07-12,4.2,0,0,96,0,FALSE
CPICOREYOY-23JUN,2023-06-22,2023-07-12,4.2,0,0,96,0,FALSE
CPICOREYOY-23JUN,2023-06-23,2023-07-12,4.2,0,0,96,0,FALSE
CPICOREYOY-23JUN,2023-06-24,2023-07-12,4.2,0,0,96,0,FALSE
CPICOREYOY-23JUN,2023-06-25,2023-07-12,4.2,0,0,96,0,FALSE
CPICOREYOY-23JUN,2023-06-26,2023-07-12,4.2,0,0,96,0,FALSE
CPICOREYOY-23JUN,2023-06-27,2023-07-12,4.2,0,0,96,0,FALSE
CPICOREYOY-23JUN,2023-06-28,2023-07-12,4.2,0,0,96,0,FALSE
CPICOREYOY-23JUN,2023-06-29,2023-07-12,4.2,0,0,96,0,FALSE
CPICOREYOY-23JUN,2023-06-30,2023-07-12,4.2,0,0,96,0,FALSE
CPICOREYOY-23JUN,2023-07-01,2023-07-12,4.2,0,0,96,0,FALSE
CPICOREYOY-23JUN,2023-07-02,2023-07-12,4.2,0,0,96,0,FALSE
CPICOREYOY-23JUN,2023-07-03,2023-07-12,4.2,0,0,96,0,FALSE
CPICOREYOY-23JUN,2023-07-04,2023-07-12,4.2,0,0,96,0,FALSE
CPICOREYOY-23JUN,2023-07-05,2023-07-12,4.2,0,0,97,0,FALSE
CPICOREYOY-23NOV,2023-11-13,2023-12-12,4.2,18,120,18,17.346938775510203,FALSE
CPICOREYOY-23NOV,2023-11-14,2023-12-12,4.2,8,120,8,7.142857142857143,FALSE
CPICOREYOY-23NOV,2023-11-15,2023-12-12,4.2,8,0,8,7.142857142857143,FALSE
CPICOREYOY-23NOV,2023-11-16,2023-12-12,4.2,3,353,3,2.0408163265306123,FALSE
CPICOREYOY-23NOV,2023-11-17,2023-12-12,4.2,3,0,3,2.0408163265306123,FALSE
CPICOREYOY-23NOV,2023-11-18,2023-12-12,4.2,3,0,3,2.0408163265306123,FALSE
CPICOREYOY-23NOV,2023-11-19,2023-12-12,4.2,3,0,3,2.0408163265306123,FALSE
CPICOREYOY-23NOV,2023-11-20,2023-12-12,4.2,3,0,3,2.0408163265306123,FALSE
CPICOREYOY-23NOV,2023-11-21,2023-12-12,4.2,3,0,3,2.0408163265306123,FALSE
CPICOREYOY-23NOV,2023-11-22,2023-12-12,4.2,3,0,3,2.0408163265306123,FALSE
CPICOREYOY-23NOV,2023-11-23,2023-12-12,4.2,3,0,3,2.0408163265306123,FALSE
CPICOREYOY-23NOV,2023-11-24,2023-12-12,4.2,3,0,3,2.0408163265306123,FALSE
CPICOREYOY-23NOV,2023-11-25,2023-12-12,4.2,3,0,3,2.0408163265306123,FALSE
CPICOREYOY-23NOV,2023-11-26,2023-12-12,4.2,3,0,3,2.0408163265306123,FALSE
CPICOREYOY-23NOV,2023-11-27,2023-12-12,4.2,3,0,3,2.0408163265306123,FALSE
CPICOREYOY-23NOV,2023-11-28,2023-12-12,4.2,3,0,3,2.0408163265306123,FALSE
CPICOREYOY-23NOV,2023-11-29,2023-12-12,4.2,3,0,3,2.0408163265306123,FALSE
CPICOREYOY-23NOV,2023-11-30,2023-12-12,4.2,3,0,3,2.0408163265306123,FALSE
CPICOREYOY-23NOV,2023-12-01,2023-12-12,4.2,3,0,3,2.0408163265306123,FALSE
CPICOREYOY-23NOV,2023-12-02,2023-12-12,4.2,3,0,3,2.0408163265306123,FALSE
CPICOREYOY-23NOV,2023-12-03,2023-12-12,4.2,3,0,3,2.0408163265306123,FALSE
CPICOREYOY-23NOV,2023-12-04,2023-12-12,4.2,3,0,3,2.0408163265306123,FALSE
CPICOREYOY-23NOV,2023-12-05,2023-12-12,4.2,3,0,3,2.0408163265306123,FALSE
CPICOREYOY-23NOV,2023-12-06,2023-12-12,4.2,3,0,3,2.0408163265306123,FALSE
CPICOREYOY-23NOV,2023-12-07,2023-12-12,4.2,3,0,3,2.0408163265306123,FALSE
CPICOREYOY-23NOV,2023-12-08,2023-12-12,4.2,3,0,3,2.0408163265306123,FALSE
CPICOREYOY-23NOV,2023-12-09,2023-12-12,4.2,3,0,3,2.0408163265306123,FALSE
CPICOREYOY-23NOV,2023-12-10,2023-12-12,4.2,3,0,3,2.0408163265306123,FALSE
CPICOREYOY-23NOV,2023-12-11,2023-12-12,4.2,3,0,3,0,FALSE
CPICOREYOY-23NOV,2023-12-12,2023-12-12,4.2,3,0,3,0,FALSE
CPICOREYOY-23OCT,2023-11-14,2023-11-14,4.2,7.000000000000001,200,7.000000000000001,6.122448979591838,FALSE
CPICOREYOY-23SEP,2023-09-18,2023-10-12,4.2,0,0,5,4.081632653061225,FALSE
CPICOREYOY-23SEP,2023-09-19,2023-10-12,4.2,0,0,5,4.081632653061225,FALSE
CPICOREYOY-23SEP,2023-09-20,2023-10-12,4.2,0,0,5,4.081632653061225,FALSE
CPICOREYOY-23SEP,2023-09-21,2023-10-12,4.2,0,0,5,4.081632653061225,FALSE
CPICOREYOY-23SEP,2023-09-22,2023-10-12,4.2,0,0,5,4.081632653061225,FALSE
CPICOREYOY-23SEP,2023-09-23,2023-10-12,4.2,0,0,5,4.081632653061225,FALSE
CPICOREYOY-23SEP,2023-09-24,2023-10-12,4.2,0,0,5,4.081632653061225,FALSE
CPICOREYOY-23SEP,2023-09-25,2023-10-12,4.2,0,0,5,4.081632653061225,FALSE
CPICOREYOY-23SEP,2023-09-26,2023-10-12,4.2,0,0,5,4.081632653061225,FALSE
CPICOREYOY-23SEP,2023-09-27,2023-10-12,4.2,0,0,5,4.081632653061225,FALSE
CPICOREYOY-23SEP,2023-09-28,2023-10-12,4.2,0,0,5,4.081632653061225,FALSE
CPICOREYOY-23SEP,2023-09-29,2023-10-12,4.2,0,0,5,4.081632653061225,FALSE
CPICOREYOY-23SEP,2023-09-30,2023-10-12,4.2,0,0,5,4.081632653061225,FALSE
CPICOREYOY-23SEP,2023-10-01,2023-10-12,4.2,0,0,5,4.081632653061225,FALSE
CPICOREYOY-23SEP,2023-10-02,2023-10-12,4.2,0,0,5,4.081632653061225,FALSE
CPICOREYOY-23SEP,2023-10-03,2023-10-12,4.2,0,0,5,4.081632653061225,FALSE
CPICOREYOY-23SEP,2023-10-04,2023-10-12,4.2,0,0,5,4.081632653061225,FALSE
CPICOREYOY-23SEP,2023-10-05,2023-10-12,4.2,0,0,5,4.081632653061225,FALSE
CPICOREYOY-23SEP,2023-10-06,2023-10-12,4.2,0,0,5,4.081632653061225,FALSE
CPICOREYOY-23SEP,2023-10-07,2023-10-12,4.2,0,0,5,4.081632653061225,FALSE
CPICOREYOY-23SEP,2023-10-08,2023-10-12,4.2,0,0,5,4.081632653061225,FALSE
CPICOREYOY-23SEP,2023-10-09,2023-10-12,4.2,0,0,5,4.081632653061225,FALSE
CPICOREYOY-23SEP,2023-10-10,2023-10-12,4.2,0,0,5,4.081632653061225,FALSE
CPICOREYOY-23SEP,2023-10-11,2023-10-12,4.2,0,0,5,4.081632653061225,FALSE
CPICOREYOY-23SEP,2023-10-12,2023-10-12,4.2,0,0,5,4.081632653061225,FALSE
CPICOREYOY-23AUG,2023-08-14,2023-09-13,4.3,43,0,43,28.571428571428573,FALSE
CPICOREYOY-23AUG,2023-08-15,2023-09-13,4.3,43,0,43,28.571428571428573,FALSE
CPICOREYOY-23AUG,2023-08-16,2023-09-13,4.3,43,0,43,28.571428571428573,FALSE
CPICOREYOY-23AUG,2023-08-17,2023-09-13,4.3,43,0,43,28.571428571428573,FALSE
CPICOREYOY-23AUG,2023-08-18,2023-09-13,4.3,43,0,43,28.571428571428573,FALSE
CPICOREYOY-23AUG,2023-08-19,2023-09-13,4.3,43,0,43,28.571428571428573,FALSE
CPICOREYOY-23AUG,2023-08-20,2023-09-13,4.3,43,0,43,29.591836734693878,FALSE
CPICOREYOY-23AUG,2023-08-21,2023-09-13,4.3,43,0,43,29.591836734693878,FALSE
CPICOREYOY-23AUG,2023-08-22,2023-09-13,4.3,51,1,51,35.714285714285715,FALSE
CPICOREYOY-23AUG,2023-08-23,2023-09-13,4.3,51,0,51,37.755102040816325,FALSE
CPICOREYOY-23AUG,2023-08-24,2023-09-13,4.3,51,0,51,37.755102040816325,FALSE
CPICOREYOY-23AUG,2023-08-25,2023-09-13,4.3,51,0,51,39.795918367346935,FALSE
CPICOREYOY-23AUG,2023-08-26,2023-09-13,4.3,51,0,51,39.795918367346935,FALSE
CPICOREYOY-23AUG,2023-08-27,2023-09-13,4.3,51,0,51,39.795918367346935,FALSE
CPICOREYOY-23AUG,2023-08-28,2023-09-13,4.3,51,0,51,39.795918367346935,FALSE
CPICOREYOY-23AUG,2023-08-29,2023-09-13,4.3,51,0,51,40.816326530612244,FALSE
CPICOREYOY-23AUG,2023-08-30,2023-09-13,4.3,51,0,51,40.816326530612244,FALSE
CPICOREYOY-23AUG,2023-08-31,2023-09-13,4.3,51,0,51,41.83673469387755,FALSE
CPICOREYOY-23AUG,2023-09-01,2023-09-13,4.3,51,0,51,41.83673469387755,FALSE
CPICOREYOY-23AUG,2023-09-02,2023-09-13,4.3,51,0,51,41.83673469387755,FALSE
CPICOREYOY-23AUG,2023-09-03,2023-09-13,4.3,51,0,51,41.83673469387755,FALSE
CPICOREYOY-23AUG,2023-09-04,2023-09-13,4.3,51,0,51,41.83673469387755,FALSE
CPICOREYOY-23AUG,2023-09-05,2023-09-13,4.3,51,0,51,41.83673469387755,FALSE
CPICOREYOY-23AUG,2023-09-06,2023-09-13,4.3,51,0,51,41.83673469387755,FALSE
CPICOREYOY-23AUG,2023-09-07,2023-09-13,4.3,51,0,51,41.83673469387755,FALSE
CPICOREYOY-23AUG,2023-09-08,2023-09-13,4.3,51,0,51,41.83673469387755,FALSE
CPICOREYOY-23AUG,2023-09-09,2023-09-13,4.3,51,0,51,41.83673469387755,FALSE
CPICOREYOY-23AUG,2023-09-10,2023-09-13,4.3,51,0,51,41.83673469387755,FALSE
CPICOREYOY-23AUG,2023-09-11,2023-09-13,4.3,49,4400,49,39.795918367346935,FALSE
CPICOREYOY-23AUG,2023-09-12,2023-09-13,4.3,46,1810,46,38.775510204081634,FALSE
CPICOREYOY-23AUG,2023-09-13,2023-09-13,4.3,53,18,53,45.91836734693877,FALSE
CPICOREYOY-23JUL,2023-07-11,2023-08-10,4.3,91,0,97,2.0408163265306123,FALSE
CPICOREYOY-23JUL,2023-07-12,2023-08-10,4.3,91,0,97,2.0408163265306123,FALSE
CPICOREYOY-23JUL,2023-07-13,2023-08-10,4.3,91,0,97,2.0408163265306123,FALSE
CPICOREYOY-23JUL,2023-07-14,2023-08-10,4.3,91,0,97,2.0408163265306123,FALSE
CPICOREYOY-23JUL,2023-07-15,2023-08-10,4.3,91,0,97,2.0408163265306123,FALSE
CPICOREYOY-23JUL,2023-07-16,2023-08-10,4.3,91,0,97,2.0408163265306123,FALSE
CPICOREYOY-23JUL,2023-07-17,2023-08-10,4.3,91,0,97,2.0408163265306123,FALSE
CPICOREYOY-23JUL,2023-07-18,2023-08-10,4.3,91,0,97,2.0408163265306123,FALSE
CPICOREYOY-23JUL,2023-07-19,2023-08-10,4.3,91,0,95,4.081632653061225,FALSE
CPICOREYOY-23JUL,2023-07-20,2023-08-10,4.3,91,0,95,4.081632653061225,FALSE
CPICOREYOY-23JUL,2023-07-21,2023-08-10,4.3,91,0,95,4.081632653061225,FALSE
CPICOREYOY-23JUL,2023-07-22,2023-08-10,4.3,91,0,95,4.081632653061225,FALSE
CPICOREYOY-23JUL,2023-07-23,2023-08-10,4.3,91,0,95,4.081632653061225,FALSE
CPICOREYOY-23JUL,2023-07-24,2023-08-10,4.3,91,0,97,2.0408163265306123,FALSE
CPICOREYOY-23JUL,2023-07-25,2023-08-10,4.3,91,0,96,3.061224489795918,FALSE
CPICOREYOY-23JUL,2023-07-26,2023-08-10,4.3,91,0,96,3.061224489795918,FALSE
CPICOREYOY-23JUL,2023-07-27,2023-08-10,4.3,91,0,96,3.061224489795918,FALSE
CPICOREYOY-23JUL,2023-07-28,2023-08-10,4.3,91,0,96,3.061224489795918,FALSE
CPICOREYOY-23JUL,2023-07-29,2023-08-10,4.3,91,0,96,3.061224489795918,FALSE
CPICOREYOY-23JUL,2023-07-30,2023-08-10,4.3,91,0,96,3.061224489795918,FALSE
CPICOREYOY-23JUL,2023-07-31,2023-08-10,4.3,91,0,95,4.081632653061225,FALSE
CPICOREYOY-23JUL,2023-08-01,2023-08-10,4.3,91,0,95,4.081632653061225,FALSE
CPICOREYOY-23JUL,2023-08-02,2023-08-10,4.3,91,0,94,5.1020408163265305,FALSE
CPICOREYOY-23JUL,2023-08-03,2023-08-10,4.3,91,0,94,5.1020408163265305,FALSE
CPICOREYOY-23JUL,2023-08-04,2023-08-10,4.3,91,0,96,3.061224489795918,FALSE
CPICOREYOY-23JUL,2023-08-05,2023-08-10,4.3,91,0,97,2.0408163265306123,FALSE
CPICOREYOY-23JUL,2023-08-06,2023-08-10,4.3,91,0,97,2.0408163265306123,FALSE
CPICOREYOY-23JUL,2023-08-07,2023-08-10,4.3,91,0,97,2.0408163265306123,FALSE
CPICOREYOY-23JUL,2023-08-08,2023-08-10,4.3,91,0,97,2.0408163265306123,FALSE
CPICOREYOY-23JUL,2023-08-09,2023-08-10,4.3,91,0,98,1.0204081632653061,FALSE
CPICOREYOY-23JUL,2023-08-10,2023-08-10,4.3,91,0,98,1.0204081632653061,FALSE
CPICOREYOY-23JUN,2023-06-20,2023-07-12,4.3,96,250,96,0,FALSE
CPICOREYOY-23JUN,2023-06-21,2023-07-12,4.3,96,0,96,0,FALSE
CPICOREYOY-23JUN,2023-06-22,2023-07-12,4.3,96,0,96,0,FALSE
CPICOREYOY-23JUN,2023-06-23,2023-07-12,4.3,96,0,96,0,FALSE
CPICOREYOY-23JUN,2023-06-24,2023-07-12,4.3,96,0,96,0,FALSE
CPICOREYOY-23JUN,2023-06-25,2023-07-12,4.3,96,0,96,0,FALSE
CPICOREYOY-23JUN,2023-06-26,2023-07-12,4.3,96,0,96,0,FALSE
CPICOREYOY-23JUN,2023-06-27,2023-07-12,4.3,96,0,96,0,FALSE
CPICOREYOY-23JUN,2023-06-28,2023-07-12,4.3,96,0,96,0,FALSE
CPICOREYOY-23JUN,2023-06-29,2023-07-12,4.3,96,0,96,0,FALSE
CPICOREYOY-23JUN,2023-06-30,2023-07-12,4.3,96,0,96,0,FALSE
CPICOREYOY-23JUN,2023-07-01,2023-07-12,4.3,96,0,96,0,FALSE
CPICOREYOY-23JUN,2023-07-02,2023-07-12,4.3,96,0,96,0,FALSE
CPICOREYOY-23JUN,2023-07-03,2023-07-12,4.3,96,0,96,0,FALSE
CPICOREYOY-23JUN,2023-07-04,2023-07-12,4.3,96,0,96,0,FALSE
CPICOREYOY-23JUN,2023-07-05,2023-07-12,4.3,97,45,97,0,FALSE
CPICOREYOY-23JUN,2023-07-06,2023-07-12,4.3,97,0,97,0,FALSE
CPICOREYOY-23JUN,2023-07-07,2023-07-12,4.3,97,0,97,0,FALSE
CPICOREYOY-23JUN,2023-07-08,2023-07-12,4.3,97,0,97,0,FALSE
CPICOREYOY-23JUN,2023-07-09,2023-07-12,4.3,97,0,97,0,FALSE
CPICOREYOY-23JUN,2023-07-10,2023-07-12,4.3,97,0,97,0,FALSE
CPICOREYOY-23JUN,2023-07-11,2023-07-12,4.3,97,0,97,0,FALSE
CPICOREYOY-23JUN,2023-07-12,2023-07-12,4.3,97,0,97,0,FALSE
CPICOREYOY-23NOV,2023-11-21,2023-12-12,4.3,0,0,1,0,FALSE
CPICOREYOY-23NOV,2023-11-22,2023-12-12,4.3,0,0,1,0,FALSE
CPICOREYOY-23NOV,2023-11-23,2023-12-12,4.3,0,0,1,0,FALSE
CPICOREYOY-23NOV,2023-11-24,2023-12-12,4.3,0,0,1,0,FALSE
CPICOREYOY-23NOV,2023-11-25,2023-12-12,4.3,0,0,1,0,FALSE
CPICOREYOY-23NOV,2023-11-26,2023-12-12,4.3,0,0,1,0,FALSE
CPICOREYOY-23NOV,2023-11-27,2023-12-12,4.3,0,0,1,0,FALSE
CPICOREYOY-23NOV,2023-11-28,2023-12-12,4.3,0,0,1,0,FALSE
CPICOREYOY-23NOV,2023-11-29,2023-12-12,4.3,0,0,1,0,FALSE
CPICOREYOY-23NOV,2023-11-30,2023-12-12,4.3,0,0,1,0,FALSE
CPICOREYOY-23NOV,2023-12-01,2023-12-12,4.3,0,0,1,0,FALSE
CPICOREYOY-23NOV,2023-12-02,2023-12-12,4.3,0,0,1,0,FALSE
CPICOREYOY-23NOV,2023-12-03,2023-12-12,4.3,0,0,1,0,FALSE
CPICOREYOY-23NOV,2023-12-04,2023-12-12,4.3,0,0,1,0,FALSE
CPICOREYOY-23NOV,2023-12-05,2023-12-12,4.3,0,0,1,0,FALSE
CPICOREYOY-23NOV,2023-12-06,2023-12-12,4.3,0,0,1,0,FALSE
CPICOREYOY-23NOV,2023-12-07,2023-12-12,4.3,0,0,1,0,FALSE
CPICOREYOY-23NOV,2023-12-08,2023-12-12,4.3,0,0,1,0,FALSE
CPICOREYOY-23NOV,2023-12-09,2023-12-12,4.3,0,0,1,0,FALSE
CPICOREYOY-23NOV,2023-12-10,2023-12-12,4.3,0,0,1,0,FALSE
CPICOREYOY-23NOV,2023-12-11,2023-12-12,4.3,0,0,1,0,FALSE
CPICOREYOY-23NOV,2023-12-12,2023-12-12,4.3,0,0,1,0,FALSE
CPICOREYOY-23SEP,2023-09-18,2023-10-12,4.3,0,0,5,0,FALSE
CPICOREYOY-23SEP,2023-09-19,2023-10-12,4.3,0,0,5,0,FALSE
CPICOREYOY-23SEP,2023-09-20,2023-10-12,4.3,0,0,5,0,FALSE
CPICOREYOY-23SEP,2023-09-21,2023-10-12,4.3,0,0,5,0,FALSE
CPICOREYOY-23SEP,2023-09-22,2023-10-12,4.3,0,0,5,0,FALSE
CPICOREYOY-23SEP,2023-09-23,2023-10-12,4.3,0,0,5,0,FALSE
CPICOREYOY-23SEP,2023-09-24,2023-10-12,4.3,0,0,5,0,FALSE
CPICOREYOY-23SEP,2023-09-25,2023-10-12,4.3,0,0,5,0,FALSE
CPICOREYOY-23SEP,2023-09-26,2023-10-12,4.3,0,0,5,0,FALSE
CPICOREYOY-23SEP,2023-09-27,2023-10-12,4.3,0,0,5,0,FALSE
CPICOREYOY-23SEP,2023-09-28,2023-10-12,4.3,0,0,5,0,FALSE
CPICOREYOY-23SEP,2023-09-29,2023-10-12,4.3,0,0,5,0,FALSE
CPICOREYOY-23SEP,2023-09-30,2023-10-12,4.3,0,0,5,0,FALSE
CPICOREYOY-23SEP,2023-10-01,2023-10-12,4.3,0,0,5,0,FALSE
CPICOREYOY-23SEP,2023-10-02,2023-10-12,4.3,0,0,5,0,FALSE
CPICOREYOY-23SEP,2023-10-03,2023-10-12,4.3,0,0,5,0,FALSE
CPICOREYOY-23SEP,2023-10-04,2023-10-12,4.3,0,0,5,0,FALSE
CPICOREYOY-23SEP,2023-10-05,2023-10-12,4.3,0,0,5,0,FALSE
CPICOREYOY-23SEP,2023-10-06,2023-10-12,4.3,0,0,5,0,FALSE
CPICOREYOY-23SEP,2023-10-07,2023-10-12,4.3,0,0,5,0,FALSE
CPICOREYOY-23SEP,2023-10-08,2023-10-12,4.3,0,0,5,0,FALSE
CPICOREYOY-23SEP,2023-10-09,2023-10-12,4.3,0,0,5,0,FALSE
CPICOREYOY-23SEP,2023-10-10,2023-10-12,4.3,0,0,5,0,FALSE
CPICOREYOY-23SEP,2023-10-11,2023-10-12,4.3,0,0,5,0,FALSE
CPICOREYOY-23SEP,2023-10-12,2023-10-12,4.3,0,0,5,0,FALSE
CPICOREYOY-23JUN,2023-06-12,2023-07-12,4.300000000000001,0,0,40,60.204081632653065,FALSE
CPICOREYOY-23JUN,2023-06-13,2023-07-12,4.300000000000001,0,0,95,0,FALSE
CPICOREYOY-23JUN,2023-06-14,2023-07-12,4.300000000000001,0,0,95,0,FALSE
CPICOREYOY-23JUN,2023-06-15,2023-07-12,4.300000000000001,0,0,95,0,FALSE
CPICOREYOY-23JUN,2023-06-16,2023-07-12,4.300000000000001,0,0,95,0,FALSE
CPICOREYOY-23JUN,2023-06-17,2023-07-12,4.300000000000001,0,0,97,0,FALSE
CPICOREYOY-23JUN,2023-06-18,2023-07-12,4.300000000000001,0,0,97,0,FALSE
CPICOREYOY-23JUN,2023-06-19,2023-07-12,4.300000000000001,0,0,97,0,FALSE
CPICOREYOY-23JUN,2023-07-06,2023-07-12,4.3999999999999995,97,300,97,0,FALSE
CPICOREYOY-23JUN,2023-07-07,2023-07-12,4.3999999999999995,97,0,97,0,FALSE
CPICOREYOY-23JUN,2023-07-08,2023-07-12,4.3999999999999995,97,0,97,0,FALSE
CPICOREYOY-23JUN,2023-07-09,2023-07-12,4.3999999999999995,97,0,97,0,FALSE
CPICOREYOY-23JUN,2023-07-10,2023-07-12,4.3999999999999995,97,0,97,0,FALSE
CPICOREYOY-23JUN,2023-07-11,2023-07-12,4.3999999999999995,97,0,97,2.0408163265306123,FALSE
CPICOREYOY-23JUN,2023-07-12,2023-07-12,4.3999999999999995,97,0,97,2.0408163265306123,FALSE
CPICOREYOY-23AUG,2023-08-14,2023-09-13,4.4,15,0,15,14.285714285714286,FALSE
CPICOREYOY-23AUG,2023-08-15,2023-09-13,4.4,15,0,15,14.285714285714286,FALSE
CPICOREYOY-23AUG,2023-08-16,2023-09-13,4.4,15,0,15,14.285714285714286,FALSE
CPICOREYOY-23AUG,2023-08-17,2023-09-13,4.4,15,0,15,14.285714285714286,FALSE
CPICOREYOY-23AUG,2023-08-18,2023-09-13,4.4,15,0,15,14.285714285714286,FALSE
CPICOREYOY-23AUG,2023-08-19,2023-09-13,4.4,15,0,15,14.285714285714286,FALSE
CPICOREYOY-23AUG,2023-08-20,2023-09-13,4.4,14.000000000000002,2500,14.000000000000002,13.265306122448981,FALSE
CPICOREYOY-23AUG,2023-08-21,2023-09-13,4.4,14.000000000000002,1150,14.000000000000002,13.265306122448981,FALSE
CPICOREYOY-23AUG,2023-08-22,2023-09-13,4.4,16,1,16,15.306122448979592,FALSE
CPICOREYOY-23AUG,2023-08-23,2023-09-13,4.4,14.000000000000002,300,14.000000000000002,13.265306122448981,FALSE
CPICOREYOY-23AUG,2023-08-24,2023-09-13,4.4,14.000000000000002,600,14.000000000000002,13.265306122448981,FALSE
CPICOREYOY-23AUG,2023-08-25,2023-09-13,4.4,12,949,12,11.224489795918368,FALSE
CPICOREYOY-23AUG,2023-08-26,2023-09-13,4.4,12,0,12,11.224489795918368,FALSE
CPICOREYOY-23AUG,2023-08-27,2023-09-13,4.4,12,0,12,11.224489795918368,FALSE
CPICOREYOY-23AUG,2023-08-28,2023-09-13,4.4,12,0,12,11.224489795918368,FALSE
CPICOREYOY-23AUG,2023-08-29,2023-09-13,4.4,11,305,11,10.204081632653061,FALSE
CPICOREYOY-23AUG,2023-08-30,2023-09-13,4.4,11,0,11,10.204081632653061,FALSE
CPICOREYOY-23AUG,2023-08-31,2023-09-13,4.4,10,200,10,9.183673469387756,FALSE
CPICOREYOY-23AUG,2023-09-01,2023-09-13,4.4,10,0,10,9.183673469387756,FALSE
CPICOREYOY-23AUG,2023-09-02,2023-09-13,4.4,10,0,10,9.183673469387756,FALSE
CPICOREYOY-23AUG,2023-09-03,2023-09-13,4.4,10,0,10,9.183673469387756,FALSE
CPICOREYOY-23AUG,2023-09-04,2023-09-13,4.4,10,0,10,9.183673469387756,FALSE
CPICOREYOY-23AUG,2023-09-05,2023-09-13,4.4,10,55,10,9.183673469387756,FALSE
CPICOREYOY-23AUG,2023-09-06,2023-09-13,4.4,10,1500,10,9.183673469387756,FALSE
CPICOREYOY-23AUG,2023-09-07,2023-09-13,4.4,10,0,10,9.183673469387756,FALSE
CPICOREYOY-23AUG,2023-09-08,2023-09-13,4.4,10,0,10,9.183673469387756,FALSE
CPICOREYOY-23AUG,2023-09-09,2023-09-13,4.4,10,0,10,9.183673469387756,FALSE
CPICOREYOY-23AUG,2023-09-10,2023-09-13,4.4,10,0,10,9.183673469387756,FALSE
CPICOREYOY-23AUG,2023-09-11,2023-09-13,4.4,10,145,10,9.183673469387756,FALSE
CPICOREYOY-23AUG,2023-09-12,2023-09-13,4.4,8,225,8,7.142857142857143,FALSE
CPICOREYOY-23AUG,2023-09-13,2023-09-13,4.4,8,0,8,7.142857142857143,FALSE
CPICOREYOY-23JUL,2023-07-11,2023-08-10,4.4,97,0,97,10.204081632653061,FALSE
CPICOREYOY-23JUL,2023-07-12,2023-08-10,4.4,97,1300,97,15.306122448979592,FALSE
CPICOREYOY-23JUL,2023-07-13,2023-08-10,4.4,97,0,97,15.306122448979592,FALSE
CPICOREYOY-23JUL,2023-07-14,2023-08-10,4.4,97,0,97,15.306122448979592,FALSE
CPICOREYOY-23JUL,2023-07-15,2023-08-10,4.4,97,0,97,14.285714285714286,FALSE
CPICOREYOY-23JUL,2023-07-16,2023-08-10,4.4,97,0,97,14.285714285714286,FALSE
CPICOREYOY-23JUL,2023-07-17,2023-08-10,4.4,97,0,97,14.285714285714286,FALSE
CPICOREYOY-23JUL,2023-07-18,2023-08-10,4.4,97,0,97,11.224489795918368,FALSE
CPICOREYOY-23JUL,2023-07-19,2023-08-10,4.4,95,300,95,14.285714285714286,FALSE
CPICOREYOY-23JUL,2023-07-20,2023-08-10,4.4,95,0,95,15.306122448979592,FALSE
CPICOREYOY-23JUL,2023-07-21,2023-08-10,4.4,95,0,95,15.306122448979592,FALSE
CPICOREYOY-23JUL,2023-07-22,2023-08-10,4.4,95,0,95,15.306122448979592,FALSE
CPICOREYOY-23JUL,2023-07-23,2023-08-10,4.4,95,0,95,11.224489795918368,FALSE
CPICOREYOY-23JUL,2023-07-24,2023-08-10,4.4,97,455,97,13.26530612244898,FALSE
CPICOREYOY-23JUL,2023-07-25,2023-08-10,4.4,96,250,96,9.183673469387756,FALSE
CPICOREYOY-23JUL,2023-07-26,2023-08-10,4.4,96,0,96,10.204081632653061,FALSE
CPICOREYOY-23JUL,2023-07-27,2023-08-10,4.4,96,0,96,10.204081632653061,FALSE
CPICOREYOY-23JUL,2023-07-28,2023-08-10,4.4,96,0,96,8.16326530612245,FALSE
CPICOREYOY-23JUL,2023-07-29,2023-08-10,4.4,96,0,96,8.16326530612245,FALSE
CPICOREYOY-23JUL,2023-07-30,2023-08-10,4.4,96,0,96,11.224489795918368,FALSE
CPICOREYOY-23JUL,2023-07-31,2023-08-10,4.4,95,5000,95,14.285714285714286,FALSE
CPICOREYOY-23JUL,2023-08-01,2023-08-10,4.4,95,0,95,16.3265306122449,FALSE
CPICOREYOY-23JUL,2023-08-02,2023-08-10,4.4,94,4000,94,19.387755102040817,FALSE
CPICOREYOY-23JUL,2023-08-03,2023-08-10,4.4,94,25,94,19.387755102040817,FALSE
CPICOREYOY-23JUL,2023-08-04,2023-08-10,4.4,96,100,96,17.346938775510203,FALSE
CPICOREYOY-23JUL,2023-08-05,2023-08-10,4.4,97,1,97,17.346938775510203,FALSE
CPICOREYOY-23JUL,2023-08-06,2023-08-10,4.4,97,0,97,17.346938775510203,FALSE
CPICOREYOY-23JUL,2023-08-07,2023-08-10,4.4,97,0,97,16.3265306122449,FALSE
CPICOREYOY-23JUL,2023-08-08,2023-08-10,4.4,97,0,97,16.3265306122449,FALSE
CPICOREYOY-23JUL,2023-08-09,2023-08-10,4.4,98,3001,98,11.224489795918368,FALSE
CPICOREYOY-23JUL,2023-08-10,2023-08-10,4.4,98,0,98,11.224489795918368,FALSE
CPICOREYOY-23JUN,2023-06-12,2023-07-12,4.4,40,0,40,39.795918367346935,FALSE
CPICOREYOY-23JUN,2023-06-13,2023-07-12,4.4,95,225,95,0,FALSE
CPICOREYOY-23JUN,2023-06-14,2023-07-12,4.4,95,0,95,0,FALSE
CPICOREYOY-23JUN,2023-06-15,2023-07-12,4.4,95,0,95,0,FALSE
CPICOREYOY-23JUN,2023-06-16,2023-07-12,4.4,95,0,95,0,FALSE
CPICOREYOY-23JUN,2023-06-17,2023-07-12,4.4,97,600,97,0,FALSE
CPICOREYOY-23JUN,2023-06-18,2023-07-12,4.4,97,0,97,0,FALSE
CPICOREYOY-23JUN,2023-06-19,2023-07-12,4.4,97,0,97,0,FALSE
CPICOREYOY-23JUN,2023-06-20,2023-07-12,4.4,95,550,95,3.061224489795918,FALSE
CPICOREYOY-23JUN,2023-06-21,2023-07-12,4.4,95,0,95,3.061224489795918,FALSE
CPICOREYOY-23JUN,2023-06-22,2023-07-12,4.4,95,0,95,3.061224489795918,FALSE
CPICOREYOY-23JUN,2023-06-23,2023-07-12,4.4,95,0,95,3.061224489795918,FALSE
CPICOREYOY-23JUN,2023-06-24,2023-07-12,4.4,95,0,95,3.061224489795918,FALSE
CPICOREYOY-23JUN,2023-06-25,2023-07-12,4.4,95,0,95,3.061224489795918,FALSE
CPICOREYOY-23JUN,2023-06-26,2023-07-12,4.4,95,0,95,3.061224489795918,FALSE
CPICOREYOY-23JUN,2023-06-27,2023-07-12,4.4,95,0,95,3.061224489795918,FALSE
CPICOREYOY-23JUN,2023-06-28,2023-07-12,4.4,95,0,95,0,FALSE
CPICOREYOY-23JUN,2023-06-29,2023-07-12,4.4,95,0,95,0,FALSE
CPICOREYOY-23JUN,2023-06-30,2023-07-12,4.4,95,0,95,0,FALSE
CPICOREYOY-23JUN,2023-07-01,2023-07-12,4.4,95,0,95,3.061224489795918,FALSE
CPICOREYOY-23JUN,2023-07-02,2023-07-12,4.4,95,0,95,3.061224489795918,FALSE
CPICOREYOY-23JUN,2023-07-03,2023-07-12,4.4,95,0,95,3.061224489795918,FALSE
CPICOREYOY-23JUN,2023-07-04,2023-07-12,4.4,95,0,95,3.061224489795918,FALSE
CPICOREYOY-23JUN,2023-07-05,2023-07-12,4.4,97,45,97,0,FALSE
CPICOREYOY-23NOV,2023-11-21,2023-12-12,4.4,0,0,1,0,FALSE
CPICOREYOY-23NOV,2023-11-22,2023-12-12,4.4,0,0,1,0,FALSE
CPICOREYOY-23NOV,2023-11-23,2023-12-12,4.4,0,0,1,0,FALSE
CPICOREYOY-23NOV,2023-11-24,2023-12-12,4.4,0,0,1,0,FALSE
CPICOREYOY-23NOV,2023-11-25,2023-12-12,4.4,0,0,1,0,FALSE
CPICOREYOY-23NOV,2023-11-26,2023-12-12,4.4,0,0,1,0,FALSE
CPICOREYOY-23NOV,2023-11-27,2023-12-12,4.4,0,0,1,0,FALSE
CPICOREYOY-23NOV,2023-11-28,2023-12-12,4.4,0,0,1,0,FALSE
CPICOREYOY-23NOV,2023-11-29,2023-12-12,4.4,0,0,1,0,FALSE
CPICOREYOY-23NOV,2023-11-30,2023-12-12,4.4,0,0,1,0,FALSE
CPICOREYOY-23NOV,2023-12-01,2023-12-12,4.4,0,0,1,0,FALSE
CPICOREYOY-23NOV,2023-12-02,2023-12-12,4.4,0,0,1,0,FALSE
CPICOREYOY-23NOV,2023-12-03,2023-12-12,4.4,0,0,1,0,FALSE
CPICOREYOY-23NOV,2023-12-04,2023-12-12,4.4,0,0,1,0,FALSE
CPICOREYOY-23NOV,2023-12-05,2023-12-12,4.4,0,0,1,0,FALSE
CPICOREYOY-23NOV,2023-12-06,2023-12-12,4.4,0,0,1,0,FALSE
CPICOREYOY-23NOV,2023-12-07,2023-12-12,4.4,0,0,1,0,FALSE
CPICOREYOY-23NOV,2023-12-08,2023-12-12,4.4,0,0,1,0,FALSE
CPICOREYOY-23NOV,2023-12-09,2023-12-12,4.4,0,0,1,0,FALSE
CPICOREYOY-23NOV,2023-12-10,2023-12-12,4.4,0,0,1,0,FALSE
CPICOREYOY-23NOV,2023-12-11,2023-12-12,4.4,0,0,1,0,FALSE
CPICOREYOY-23NOV,2023-12-12,2023-12-12,4.4,0,0,1,0,FALSE
CPICOREYOY-23SEP,2023-09-18,2023-10-12,4.4,0,0,5,0,FALSE
CPICOREYOY-23SEP,2023-09-19,2023-10-12,4.4,0,0,5,0,FALSE
CPICOREYOY-23SEP,2023-09-20,2023-10-12,4.4,0,0,5,0,FALSE
CPICOREYOY-23SEP,2023-09-21,2023-10-12,4.4,0,0,5,0,FALSE
CPICOREYOY-23SEP,2023-09-22,2023-10-12,4.4,0,0,5,0,FALSE
CPICOREYOY-23SEP,2023-09-23,2023-10-12,4.4,0,0,5,0,FALSE
CPICOREYOY-23SEP,2023-09-24,2023-10-12,4.4,0,0,5,0,FALSE
CPICOREYOY-23SEP,2023-09-25,2023-10-12,4.4,0,0,5,0,FALSE
CPICOREYOY-23SEP,2023-09-26,2023-10-12,4.4,0,0,5,0,FALSE
CPICOREYOY-23SEP,2023-09-27,2023-10-12,4.4,0,0,5,0,FALSE
CPICOREYOY-23SEP,2023-09-28,2023-10-12,4.4,0,0,5,0,FALSE
CPICOREYOY-23SEP,2023-09-29,2023-10-12,4.4,0,0,5,0,FALSE
CPICOREYOY-23SEP,2023-09-30,2023-10-12,4.4,0,0,5,0,FALSE
CPICOREYOY-23SEP,2023-10-01,2023-10-12,4.4,0,0,5,0,FALSE
CPICOREYOY-23SEP,2023-10-02,2023-10-12,4.4,0,0,5,0,FALSE
CPICOREYOY-23SEP,2023-10-03,2023-10-12,4.4,0,0,5,0,FALSE
CPICOREYOY-23SEP,2023-10-04,2023-10-12,4.4,0,0,5,0,FALSE
CPICOREYOY-23SEP,2023-10-05,2023-10-12,4.4,0,0,5,0,FALSE
CPICOREYOY-23SEP,2023-10-06,2023-10-12,4.4,0,0,5,0,FALSE
CPICOREYOY-23SEP,2023-10-07,2023-10-12,4.4,0,0,5,0,FALSE
CPICOREYOY-23SEP,2023-10-08,2023-10-12,4.4,0,0,5,0,FALSE
CPICOREYOY-23SEP,2023-10-09,2023-10-12,4.4,0,0,5,0,FALSE
CPICOREYOY-23SEP,2023-10-10,2023-10-12,4.4,0,0,5,0,FALSE
CPICOREYOY-23SEP,2023-10-11,2023-10-12,4.4,0,0,5,0,FALSE
CPICOREYOY-23SEP,2023-10-12,2023-10-12,4.4,0,0,5,0,FALSE
CPICOREYOY-23JUL,2023-07-11,2023-08-10,4.5,87,0,87,19.387755102040817,FALSE
CPICOREYOY-23JUL,2023-07-12,2023-08-10,4.5,82,1555,82,22.448979591836736,FALSE
CPICOREYOY-23JUL,2023-07-13,2023-08-10,4.5,82,0,82,22.448979591836736,FALSE
CPICOREYOY-23JUL,2023-07-14,2023-08-10,4.5,82,0,82,22.448979591836736,FALSE
CPICOREYOY-23JUL,2023-07-15,2023-08-10,4.5,83,50,83,23.46938775510204,FALSE
CPICOREYOY-23JUL,2023-07-16,2023-08-10,4.5,83,0,83,23.46938775510204,FALSE
CPICOREYOY-23JUL,2023-07-17,2023-08-10,4.5,83,0,83,23.46938775510204,FALSE
CPICOREYOY-23JUL,2023-07-18,2023-08-10,4.5,86,7533,86,27.551020408163264,FALSE
CPICOREYOY-23JUL,2023-07-19,2023-08-10,4.5,81,3694,81,31.632653061224488,FALSE
CPICOREYOY-23JUL,2023-07-20,2023-08-10,4.5,80,13013,80,41.83673469387755,FALSE
CPICOREYOY-23JUL,2023-07-21,2023-08-10,4.5,80,0,80,46.93877551020408,FALSE
CPICOREYOY-23JUL,2023-07-22,2023-08-10,4.5,80,0,80,42.857142857142854,FALSE
CPICOREYOY-23JUL,2023-07-23,2023-08-10,4.5,84,29,84,43.87755102040816,FALSE
CPICOREYOY-23JUL,2023-07-24,2023-08-10,4.5,84,0,84,43.87755102040816,FALSE
CPICOREYOY-23JUL,2023-07-25,2023-08-10,4.5,87,447,87,46.93877551020408,FALSE
CPICOREYOY-23JUL,2023-07-26,2023-08-10,4.5,86,2000,86,45.91836734693877,FALSE
CPICOREYOY-23JUL,2023-07-27,2023-08-10,4.5,86,0,86,34.69387755102041,FALSE
CPICOREYOY-23JUL,2023-07-28,2023-08-10,4.5,88,100,88,35.714285714285715,FALSE
CPICOREYOY-23JUL,2023-07-29,2023-08-10,4.5,88,0,88,35.714285714285715,FALSE
CPICOREYOY-23JUL,2023-07-30,2023-08-10,4.5,85,7250,85,39.795918367346935,FALSE
CPICOREYOY-23JUL,2023-07-31,2023-08-10,4.5,81,800,81,35.714285714285715,FALSE
CPICOREYOY-23JUL,2023-08-01,2023-08-10,4.5,79,50,79,38.775510204081634,FALSE
CPICOREYOY-23JUL,2023-08-02,2023-08-10,4.5,75,3662,75,40.816326530612244,FALSE
CPICOREYOY-23JUL,2023-08-03,2023-08-10,4.5,75,0,75,38.775510204081634,FALSE
CPICOREYOY-23JUL,2023-08-04,2023-08-10,4.5,79,1182,79,48.97959183673469,FALSE
CPICOREYOY-23JUL,2023-08-05,2023-08-10,4.5,80,50,80,44.89795918367347,FALSE
CPICOREYOY-23JUL,2023-08-06,2023-08-10,4.5,80,0,80,44.89795918367347,FALSE
CPICOREYOY-23JUL,2023-08-07,2023-08-10,4.5,81,2941,81,38.775510204081634,FALSE
CPICOREYOY-23JUL,2023-08-08,2023-08-10,4.5,81,0,81,28.571428571428573,FALSE
CPICOREYOY-23JUL,2023-08-09,2023-08-10,4.5,87,12877,87,39.795918367346935,FALSE
CPICOREYOY-23JUL,2023-08-10,2023-08-10,4.5,87,50,87,38.775510204081634,FALSE
CPICOREYOY-23JUN,2023-06-20,2023-07-12,4.5,0,0,94,1.0204081632653061,FALSE
CPICOREYOY-23JUN,2023-06-21,2023-07-12,4.5,0,0,92,1.0204081632653061,FALSE
CPICOREYOY-23JUN,2023-06-22,2023-07-12,4.5,0,0,92,1.0204081632653061,FALSE
CPICOREYOY-23JUN,2023-06-23,2023-07-12,4.5,0,0,92,1.0204081632653061,FALSE
CPICOREYOY-23JUN,2023-06-24,2023-07-12,4.5,0,0,92,1.0204081632653061,FALSE
CPICOREYOY-23JUN,2023-06-25,2023-07-12,4.5,0,0,92,1.0204081632653061,FALSE
CPICOREYOY-23JUN,2023-06-26,2023-07-12,4.5,0,0,92,1.0204081632653061,FALSE
CPICOREYOY-23JUN,2023-06-27,2023-07-12,4.5,0,0,91,1.0204081632653061,FALSE
CPICOREYOY-23JUN,2023-06-28,2023-07-12,4.5,0,0,95,3.061224489795918,FALSE
CPICOREYOY-23JUN,2023-06-29,2023-07-12,4.5,0,0,95,3.061224489795918,FALSE
CPICOREYOY-23JUN,2023-06-30,2023-07-12,4.5,0,0,95,3.061224489795918,FALSE
CPICOREYOY-23JUN,2023-07-01,2023-07-12,4.5,0,0,90,1.0204081632653061,FALSE
CPICOREYOY-23JUN,2023-07-02,2023-07-12,4.5,0,0,90,1.0204081632653061,FALSE
CPICOREYOY-23JUN,2023-07-03,2023-07-12,4.5,0,0,90,1.0204081632653061,FALSE
CPICOREYOY-23JUN,2023-07-04,2023-07-12,4.5,0,0,90,1.0204081632653061,FALSE
CPICOREYOY-23JUN,2023-07-05,2023-07-12,4.5,0,0,85,2.0408163265306123,FALSE
CPICOREYOY-23JUN,2023-07-06,2023-07-12,4.5,0,0,92,2.0408163265306123,FALSE
CPICOREYOY-23JUN,2023-07-07,2023-07-12,4.5,0,0,94,2.0408163265306123,FALSE
CPICOREYOY-23JUN,2023-07-08,2023-07-12,4.5,0,0,94,2.0408163265306123,FALSE
CPICOREYOY-23JUN,2023-07-09,2023-07-12,4.5,0,0,94,2.0408163265306123,FALSE
CPICOREYOY-23JUN,2023-07-10,2023-07-12,4.5,0,0,88,2.0408163265306123,FALSE
CPICOREYOY-23JUN,2023-07-11,2023-07-12,4.5,95,1,95,2.0408163265306123,FALSE
CPICOREYOY-23JUN,2023-07-12,2023-07-12,4.5,95,0,95,2.0408163265306123,FALSE
CPICOREYOY-23NOV,2023-11-21,2023-12-12,4.5,0,0,1,0,FALSE
CPICOREYOY-23NOV,2023-11-22,2023-12-12,4.5,0,0,1,0,FALSE
CPICOREYOY-23NOV,2023-11-23,2023-12-12,4.5,0,0,1,0,FALSE
CPICOREYOY-23NOV,2023-11-24,2023-12-12,4.5,0,0,1,0,FALSE
CPICOREYOY-23NOV,2023-11-25,2023-12-12,4.5,0,0,1,0,FALSE
CPICOREYOY-23NOV,2023-11-26,2023-12-12,4.5,0,0,1,0,FALSE
CPICOREYOY-23NOV,2023-11-27,2023-12-12,4.5,0,0,1,0,FALSE
CPICOREYOY-23NOV,2023-11-28,2023-12-12,4.5,0,0,1,0,FALSE
CPICOREYOY-23NOV,2023-11-29,2023-12-12,4.5,0,0,1,0,FALSE
CPICOREYOY-23NOV,2023-11-30,2023-12-12,4.5,0,0,1,0,FALSE
CPICOREYOY-23NOV,2023-12-01,2023-12-12,4.5,0,0,1,0,FALSE
CPICOREYOY-23NOV,2023-12-02,2023-12-12,4.5,0,0,1,0,FALSE
CPICOREYOY-23NOV,2023-12-03,2023-12-12,4.5,0,0,1,0,FALSE
CPICOREYOY-23NOV,2023-12-04,2023-12-12,4.5,0,0,1,0,FALSE
CPICOREYOY-23NOV,2023-12-05,2023-12-12,4.5,0,0,1,0,FALSE
CPICOREYOY-23NOV,2023-12-06,2023-12-12,4.5,0,0,1,0,FALSE
CPICOREYOY-23NOV,2023-12-07,2023-12-12,4.5,0,0,1,0,FALSE
CPICOREYOY-23NOV,2023-12-08,2023-12-12,4.5,0,0,1,0,FALSE
CPICOREYOY-23NOV,2023-12-09,2023-12-12,4.5,0,0,1,0,FALSE
CPICOREYOY-23NOV,2023-12-10,2023-12-12,4.5,0,0,1,0,FALSE
CPICOREYOY-23NOV,2023-12-11,2023-12-12,4.5,0,0,1,0,FALSE
CPICOREYOY-23NOV,2023-12-12,2023-12-12,4.5,0,0,1,0,FALSE
CPICOREYOY-23SEP,2023-09-18,2023-10-12,4.5,0,0,5,0,FALSE
CPICOREYOY-23SEP,2023-09-19,2023-10-12,4.5,0,0,5,0,FALSE
CPICOREYOY-23SEP,2023-09-20,2023-10-12,4.5,0,0,5,0,FALSE
CPICOREYOY-23SEP,2023-09-21,2023-10-12,4.5,0,0,5,0,FALSE
CPICOREYOY-23SEP,2023-09-22,2023-10-12,4.5,0,0,5,0,FALSE
CPICOREYOY-23SEP,2023-09-23,2023-10-12,4.5,0,0,5,0,FALSE
CPICOREYOY-23SEP,2023-09-24,2023-10-12,4.5,0,0,5,0,FALSE
CPICOREYOY-23SEP,2023-09-25,2023-10-12,4.5,0,0,5,0,FALSE
CPICOREYOY-23SEP,2023-09-26,2023-10-12,4.5,0,0,5,0,FALSE
CPICOREYOY-23SEP,2023-09-27,2023-10-12,4.5,0,0,5,0,FALSE
CPICOREYOY-23SEP,2023-09-28,2023-10-12,4.5,0,0,5,0,FALSE
CPICOREYOY-23SEP,2023-09-29,2023-10-12,4.5,0,0,5,0,FALSE
CPICOREYOY-23SEP,2023-09-30,2023-10-12,4.5,0,0,5,0,FALSE
CPICOREYOY-23SEP,2023-10-01,2023-10-12,4.5,0,0,5,0,FALSE
CPICOREYOY-23SEP,2023-10-02,2023-10-12,4.5,0,0,5,0,FALSE
CPICOREYOY-23SEP,2023-10-03,2023-10-12,4.5,0,0,5,0,FALSE
CPICOREYOY-23SEP,2023-10-04,2023-10-12,4.5,0,0,5,0,FALSE
CPICOREYOY-23SEP,2023-10-05,2023-10-12,4.5,0,0,5,0,FALSE
CPICOREYOY-23SEP,2023-10-06,2023-10-12,4.5,0,0,5,0,FALSE
CPICOREYOY-23SEP,2023-10-07,2023-10-12,4.5,0,0,5,0,FALSE
CPICOREYOY-23SEP,2023-10-08,2023-10-12,4.5,0,0,5,0,FALSE
CPICOREYOY-23SEP,2023-10-09,2023-10-12,4.5,0,0,5,0,FALSE
CPICOREYOY-23SEP,2023-10-10,2023-10-12,4.5,0,0,5,0,FALSE
CPICOREYOY-23SEP,2023-10-11,2023-10-12,4.5,0,0,5,0,FALSE
CPICOREYOY-23SEP,2023-10-12,2023-10-12,4.5,0,0,5,0,FALSE
CPICOREYOY-23JUN,2023-06-13,2023-07-12,4.500000000000001,0,0,94,4.081632653061225,FALSE
CPICOREYOY-23JUN,2023-06-14,2023-07-12,4.500000000000001,0,0,94,4.081632653061225,FALSE
CPICOREYOY-23JUN,2023-06-15,2023-07-12,4.500000000000001,0,0,94,4.081632653061225,FALSE
CPICOREYOY-23JUN,2023-06-16,2023-07-12,4.500000000000001,0,0,89,4.081632653061225,FALSE
CPICOREYOY-23JUN,2023-06-17,2023-07-12,4.500000000000001,0,0,89,2.0408163265306123,FALSE
CPICOREYOY-23JUN,2023-06-18,2023-07-12,4.500000000000001,0,0,94,2.0408163265306123,FALSE
CPICOREYOY-23JUN,2023-06-19,2023-07-12,4.500000000000001,0,0,94,2.0408163265306123,FALSE
CPICOREYOY-23JUN,2023-07-06,2023-07-12,4.6,0,0,92,5.1020408163265305,FALSE
CPICOREYOY-23JUN,2023-07-07,2023-07-12,4.6,0,0,94,3.061224489795918,FALSE
CPICOREYOY-23JUN,2023-07-08,2023-07-12,4.6,0,0,94,3.061224489795918,FALSE
CPICOREYOY-23JUN,2023-07-09,2023-07-12,4.6,0,0,94,3.061224489795918,FALSE
CPICOREYOY-23JUN,2023-07-10,2023-07-12,4.6,0,0,88,9.183673469387756,FALSE
CPICOREYOY-23JUN,2023-07-11,2023-07-12,4.6,0,0,92,3.061224489795918,FALSE
CPICOREYOY-23JUN,2023-07-12,2023-07-12,4.6,0,0,93,2.0408163265306123,FALSE
CPICOREYOY-23NOV,2023-11-21,2023-12-12,4.6,0,0,1,0,FALSE
CPICOREYOY-23NOV,2023-11-22,2023-12-12,4.6,0,0,1,0,FALSE
CPICOREYOY-23NOV,2023-11-23,2023-12-12,4.6,0,0,1,0,FALSE
CPICOREYOY-23NOV,2023-11-24,2023-12-12,4.6,0,0,1,0,FALSE
CPICOREYOY-23NOV,2023-11-25,2023-12-12,4.6,0,0,1,0,FALSE
CPICOREYOY-23NOV,2023-11-26,2023-12-12,4.6,0,0,1,0,FALSE
CPICOREYOY-23NOV,2023-11-27,2023-12-12,4.6,0,0,1,0,FALSE
CPICOREYOY-23NOV,2023-11-28,2023-12-12,4.6,0,0,1,0,FALSE
CPICOREYOY-23NOV,2023-11-29,2023-12-12,4.6,0,0,1,0,FALSE
CPICOREYOY-23NOV,2023-11-30,2023-12-12,4.6,0,0,1,0,FALSE
CPICOREYOY-23NOV,2023-12-01,2023-12-12,4.6,0,0,1,0,FALSE
CPICOREYOY-23NOV,2023-12-02,2023-12-12,4.6,0,0,1,0,FALSE
CPICOREYOY-23NOV,2023-12-03,2023-12-12,4.6,0,0,1,0,FALSE
CPICOREYOY-23NOV,2023-12-04,2023-12-12,4.6,0,0,1,0,FALSE
CPICOREYOY-23NOV,2023-12-05,2023-12-12,4.6,0,0,1,0,FALSE
CPICOREYOY-23NOV,2023-12-06,2023-12-12,4.6,0,0,1,0,FALSE
CPICOREYOY-23NOV,2023-12-07,2023-12-12,4.6,0,0,1,0,FALSE
CPICOREYOY-23NOV,2023-12-08,2023-12-12,4.6,0,0,1,0,FALSE
CPICOREYOY-23NOV,2023-12-09,2023-12-12,4.6,0,0,1,0,FALSE
CPICOREYOY-23NOV,2023-12-10,2023-12-12,4.6,0,0,1,0,FALSE
CPICOREYOY-23NOV,2023-12-11,2023-12-12,4.6,0,0,1,0,FALSE
CPICOREYOY-23NOV,2023-12-12,2023-12-12,4.6,0,0,1,0,FALSE
CPICOREYOY-23SEP,2023-09-18,2023-10-12,4.6,5,20,5,0,FALSE
CPICOREYOY-23SEP,2023-09-19,2023-10-12,4.6,5,0,5,0,FALSE
CPICOREYOY-23SEP,2023-09-20,2023-10-12,4.6,5,0,5,0,FALSE
CPICOREYOY-23SEP,2023-09-21,2023-10-12,4.6,5,0,5,0,FALSE
CPICOREYOY-23SEP,2023-09-22,2023-10-12,4.6,5,0,5,0,FALSE
CPICOREYOY-23SEP,2023-09-23,2023-10-12,4.6,5,0,5,0,FALSE
CPICOREYOY-23SEP,2023-09-24,2023-10-12,4.6,5,0,5,0,FALSE
CPICOREYOY-23SEP,2023-09-25,2023-10-12,4.6,5,0,5,0,FALSE
CPICOREYOY-23SEP,2023-09-26,2023-10-12,4.6,5,0,5,0,FALSE
CPICOREYOY-23SEP,2023-09-27,2023-10-12,4.6,5,0,5,0,FALSE
CPICOREYOY-23SEP,2023-09-28,2023-10-12,4.6,5,0,5,0,FALSE
CPICOREYOY-23SEP,2023-09-29,2023-10-12,4.6,5,0,5,0,FALSE
CPICOREYOY-23SEP,2023-09-30,2023-10-12,4.6,5,0,5,0,FALSE
CPICOREYOY-23SEP,2023-10-01,2023-10-12,4.6,5,0,5,0,FALSE
CPICOREYOY-23SEP,2023-10-02,2023-10-12,4.6,5,0,5,0,FALSE
CPICOREYOY-23SEP,2023-10-03,2023-10-12,4.6,5,0,5,0,FALSE
CPICOREYOY-23SEP,2023-10-04,2023-10-12,4.6,5,0,5,0,FALSE
CPICOREYOY-23SEP,2023-10-05,2023-10-12,4.6,5,0,5,0,FALSE
CPICOREYOY-23SEP,2023-10-06,2023-10-12,4.6,5,0,5,0,FALSE
CPICOREYOY-23SEP,2023-10-07,2023-10-12,4.6,5,0,5,0,FALSE
CPICOREYOY-23SEP,2023-10-08,2023-10-12,4.6,5,0,5,0,FALSE
CPICOREYOY-23SEP,2023-10-09,2023-10-12,4.6,5,0,5,0,FALSE
CPICOREYOY-23SEP,2023-10-10,2023-10-12,4.6,5,0,5,0,FALSE
CPICOREYOY-23SEP,2023-10-11,2023-10-12,4.6,5,0,5,0,FALSE
CPICOREYOY-23SEP,2023-10-12,2023-10-12,4.6,5,0,5,0,FALSE
CPICOREYOY-23JUL,2023-07-11,2023-08-10,4.6000000000000005,68,0,68,25.510204081632654,FALSE
CPICOREYOY-23JUL,2023-07-12,2023-08-10,4.6000000000000005,60,1204,60,29.591836734693878,FALSE
CPICOREYOY-23JUL,2023-07-13,2023-08-10,4.6000000000000005,60,0,60,29.591836734693878,FALSE
CPICOREYOY-23JUL,2023-07-14,2023-08-10,4.6000000000000005,60,500,60,29.591836734693878,FALSE
CPICOREYOY-23JUL,2023-07-15,2023-08-10,4.6000000000000005,60,0,60,29.591836734693878,FALSE
CPICOREYOY-23JUL,2023-07-16,2023-08-10,4.6000000000000005,60,0,60,29.591836734693878,FALSE
CPICOREYOY-23JUL,2023-07-17,2023-08-10,4.6000000000000005,60,0,60,41.83673469387755,FALSE
CPICOREYOY-23JUL,2023-07-18,2023-08-10,4.6000000000000005,59,5405,59,43.87755102040816,FALSE
CPICOREYOY-23JUL,2023-07-19,2023-08-10,4.6000000000000005,50,3350,50,39.795918367346935,FALSE
CPICOREYOY-23JUL,2023-07-20,2023-08-10,4.6000000000000005,39,2577,39,31.632653061224488,FALSE
CPICOREYOY-23JUL,2023-07-21,2023-08-10,4.6000000000000005,34,255,34,26.53061224489796,FALSE
CPICOREYOY-23JUL,2023-07-22,2023-08-10,4.6000000000000005,38,2000,38,27.551020408163264,FALSE
CPICOREYOY-23JUL,2023-07-23,2023-08-10,4.6000000000000005,41,1000,41,29.591836734693878,FALSE
CPICOREYOY-23JUL,2023-07-24,2023-08-10,4.6000000000000005,41,0,41,29.591836734693878,FALSE
CPICOREYOY-23JUL,2023-07-25,2023-08-10,4.6000000000000005,41,0,41,28.571428571428573,FALSE
CPICOREYOY-23JUL,2023-07-26,2023-08-10,4.6000000000000005,41,0,41,28.571428571428573,FALSE
CPICOREYOY-23JUL,2023-07-27,2023-08-10,4.6000000000000005,52,7000,52,39.795918367346935,FALSE
CPICOREYOY-23JUL,2023-07-28,2023-08-10,4.6000000000000005,53,800,53,42.857142857142854,FALSE
CPICOREYOY-23JUL,2023-07-29,2023-08-10,4.6000000000000005,53,0,53,40.816326530612244,FALSE
CPICOREYOY-23JUL,2023-07-30,2023-08-10,4.6000000000000005,46,3850,46,38.775510204081634,FALSE
CPICOREYOY-23JUL,2023-07-31,2023-08-10,4.6000000000000005,46,0,46,38.775510204081634,FALSE
CPICOREYOY-23JUL,2023-08-01,2023-08-10,4.6000000000000005,41,362,41,36.734693877551024,FALSE
CPICOREYOY-23JUL,2023-08-02,2023-08-10,4.6000000000000005,35,50,35,30.612244897959183,FALSE
CPICOREYOY-23JUL,2023-08-03,2023-08-10,4.6000000000000005,37,1450,37,31.632653061224488,FALSE
CPICOREYOY-23JUL,2023-08-04,2023-08-10,4.6000000000000005,31,1493,31,25.510204081632654,FALSE
CPICOREYOY-23JUL,2023-08-05,2023-08-10,4.6000000000000005,36,50,36,29.591836734693878,FALSE
CPICOREYOY-23JUL,2023-08-06,2023-08-10,4.6000000000000005,36,0,36,29.591836734693878,FALSE
CPICOREYOY-23JUL,2023-08-07,2023-08-10,4.6000000000000005,43,4875,43,36.734693877551024,FALSE
CPICOREYOY-23JUL,2023-08-08,2023-08-10,4.6000000000000005,53,187,53,47.95918367346939,FALSE
CPICOREYOY-23JUL,2023-08-09,2023-08-10,4.6000000000000005,48,11600,48,40.816326530612244,FALSE
CPICOREYOY-23JUL,2023-08-10,2023-08-10,4.6000000000000005,49,700,49,41.83673469387755,FALSE
CPICOREYOY-23JUN,2023-06-13,2023-07-12,4.6000000000000005,0,0,94,1.0204081632653061,FALSE
CPICOREYOY-23JUN,2023-06-14,2023-07-12,4.6000000000000005,0,0,94,1.0204081632653061,FALSE
CPICOREYOY-23JUN,2023-06-15,2023-07-12,4.6000000000000005,0,0,94,1.0204081632653061,FALSE
CPICOREYOY-23JUN,2023-06-16,2023-07-12,4.6000000000000005,0,0,89,6.122448979591836,FALSE
CPICOREYOY-23JUN,2023-06-17,2023-07-12,4.6000000000000005,0,0,89,8.16326530612245,FALSE
CPICOREYOY-23JUN,2023-06-18,2023-07-12,4.6000000000000005,0,0,94,3.061224489795918,FALSE
CPICOREYOY-23JUN,2023-06-19,2023-07-12,4.6000000000000005,0,0,94,3.061224489795918,FALSE
CPICOREYOY-23JUN,2023-06-20,2023-07-12,4.6000000000000005,0,0,94,1.0204081632653061,FALSE
CPICOREYOY-23JUN,2023-06-21,2023-07-12,4.6000000000000005,0,0,92,3.061224489795918,FALSE
CPICOREYOY-23JUN,2023-06-22,2023-07-12,4.6000000000000005,0,0,92,3.061224489795918,FALSE
CPICOREYOY-23JUN,2023-06-23,2023-07-12,4.6000000000000005,0,0,92,3.061224489795918,FALSE
CPICOREYOY-23JUN,2023-06-24,2023-07-12,4.6000000000000005,0,0,92,3.061224489795918,FALSE
CPICOREYOY-23JUN,2023-06-25,2023-07-12,4.6000000000000005,0,0,92,3.061224489795918,FALSE
CPICOREYOY-23JUN,2023-06-26,2023-07-12,4.6000000000000005,0,0,92,3.061224489795918,FALSE
CPICOREYOY-23JUN,2023-06-27,2023-07-12,4.6000000000000005,0,0,91,4.081632653061225,FALSE
CPICOREYOY-23JUN,2023-06-28,2023-07-12,4.6000000000000005,0,0,95,1.0204081632653061,FALSE
CPICOREYOY-23JUN,2023-06-29,2023-07-12,4.6000000000000005,0,0,95,1.0204081632653061,FALSE
CPICOREYOY-23JUN,2023-06-30,2023-07-12,4.6000000000000005,0,0,95,1.0204081632653061,FALSE
CPICOREYOY-23JUN,2023-07-01,2023-07-12,4.6000000000000005,0,0,90,5.1020408163265305,FALSE
CPICOREYOY-23JUN,2023-07-02,2023-07-12,4.6000000000000005,0,0,90,5.1020408163265305,FALSE
CPICOREYOY-23JUN,2023-07-03,2023-07-12,4.6000000000000005,0,0,90,5.1020408163265305,FALSE
CPICOREYOY-23JUN,2023-07-04,2023-07-12,4.6000000000000005,0,0,90,5.1020408163265305,FALSE
CPICOREYOY-23JUN,2023-07-05,2023-07-12,4.6000000000000005,0,0,85,12.244897959183673,FALSE
CPICOREYOY-23MAY,2023-06-01,2023-06-13,4.6000000000000005,0,0,97,0,FALSE
CPICOREYOY-23MAY,2023-06-02,2023-06-13,4.6000000000000005,0,0,97,0,FALSE
CPICOREYOY-23MAY,2023-06-03,2023-06-13,4.6000000000000005,0,0,97,0,FALSE
CPICOREYOY-23MAY,2023-06-04,2023-06-13,4.6000000000000005,0,0,97,0,FALSE
CPICOREYOY-23MAY,2023-06-05,2023-06-13,4.6000000000000005,0,0,97,0,FALSE
CPICOREYOY-23MAY,2023-06-06,2023-06-13,4.6000000000000005,0,0,97,0,FALSE
CPICOREYOY-23MAY,2023-06-07,2023-06-13,4.6000000000000005,0,0,97,0,FALSE
CPICOREYOY-23MAY,2023-06-08,2023-06-13,4.6000000000000005,0,0,97,0,FALSE
CPICOREYOY-23MAY,2023-06-09,2023-06-13,4.6000000000000005,0,0,97,0,FALSE
CPICOREYOY-23MAY,2023-06-10,2023-06-13,4.6000000000000005,0,0,97,0,FALSE
CPICOREYOY-23MAY,2023-06-11,2023-06-13,4.6000000000000005,0,0,97,0,FALSE
CPICOREYOY-23MAY,2023-06-12,2023-06-13,4.6000000000000005,0,0,97,0,FALSE
CPICOREYOY-23MAY,2023-06-13,2023-06-13,4.6000000000000005,0,0,97,0,FALSE
CPICOREYOY-23JUN,2023-07-06,2023-07-12,4.699999999999999,92,1000,92,36.73469387755101,FALSE
CPICOREYOY-23JUN,2023-07-07,2023-07-12,4.699999999999999,94,1,94,45.91836734693877,FALSE
CPICOREYOY-23JUN,2023-07-08,2023-07-12,4.699999999999999,94,0,94,34.69387755102041,FALSE
CPICOREYOY-23JUN,2023-07-09,2023-07-12,4.699999999999999,94,0,94,33.673469387755105,FALSE
CPICOREYOY-23JUN,2023-07-10,2023-07-12,4.699999999999999,88,4110,88,32.65306122448979,FALSE
CPICOREYOY-23JUN,2023-07-11,2023-07-12,4.699999999999999,92,3679,92,34.69387755102042,FALSE
CPICOREYOY-23JUN,2023-07-12,2023-07-12,4.699999999999999,93,3970,93,33.673469387755105,FALSE
CPICOREYOY-23APR,2023-04-20,2023-05-10,4.7,0,0,55.00000000000001,0,FALSE
CPICOREYOY-23APR,2023-04-21,2023-05-10,4.7,0,0,55.00000000000001,0,FALSE
CPICOREYOY-23APR,2023-04-22,2023-05-10,4.7,0,0,55.00000000000001,0,FALSE
CPICOREYOY-23APR,2023-04-23,2023-05-10,4.7,0,0,55.00000000000001,0,FALSE
CPICOREYOY-23APR,2023-04-24,2023-05-10,4.7,0,0,55.00000000000001,0,FALSE
CPICOREYOY-23APR,2023-04-25,2023-05-10,4.7,0,0,55.00000000000001,0,FALSE
CPICOREYOY-23APR,2023-04-26,2023-05-10,4.7,0,0,55.00000000000001,0,FALSE
CPICOREYOY-23APR,2023-04-27,2023-05-10,4.7,0,0,55.00000000000001,0,FALSE
CPICOREYOY-23APR,2023-04-28,2023-05-10,4.7,0,0,55.00000000000001,0,FALSE
CPICOREYOY-23APR,2023-04-29,2023-05-10,4.7,0,0,55.00000000000001,0,FALSE
CPICOREYOY-23APR,2023-04-30,2023-05-10,4.7,0,0,55.00000000000001,0,FALSE
CPICOREYOY-23APR,2023-05-01,2023-05-10,4.7,0,0,89,0,FALSE
CPICOREYOY-23APR,2023-05-02,2023-05-10,4.7,0,0,55.00000000000001,0,FALSE
CPICOREYOY-23APR,2023-05-03,2023-05-10,4.7,0,0,55.00000000000001,0,FALSE
CPICOREYOY-23APR,2023-05-04,2023-05-10,4.7,0,0,55.00000000000001,0,FALSE
CPICOREYOY-23APR,2023-05-05,2023-05-10,4.7,0,0,55.00000000000001,0,FALSE
CPICOREYOY-23APR,2023-05-06,2023-05-10,4.7,0,0,55.00000000000001,0,FALSE
CPICOREYOY-23APR,2023-05-07,2023-05-10,4.7,0,0,55.00000000000001,0,FALSE
CPICOREYOY-23APR,2023-05-08,2023-05-10,4.7,0,0,55.00000000000001,0,FALSE
CPICOREYOY-23APR,2023-05-09,2023-05-10,4.7,0,0,55.00000000000001,0,FALSE
CPICOREYOY-23APR,2023-05-10,2023-05-10,4.7,0,0,55.00000000000001,0,FALSE
CPICOREYOY-23JUL,2023-07-11,2023-08-10,4.7,43,0,43,18.367346938775512,FALSE
CPICOREYOY-23JUL,2023-07-12,2023-08-10,4.7,31,1593,31,15.306122448979592,FALSE
CPICOREYOY-23JUL,2023-07-13,2023-08-10,4.7,31,128,31,15.306122448979592,FALSE
CPICOREYOY-23JUL,2023-07-14,2023-08-10,4.7,31,0,31,15.306122448979592,FALSE
CPICOREYOY-23JUL,2023-07-15,2023-08-10,4.7,31,0,31,15.306122448979592,FALSE
CPICOREYOY-23JUL,2023-07-16,2023-08-10,4.7,31,0,31,15.306122448979592,FALSE
CPICOREYOY-23JUL,2023-07-17,2023-08-10,4.7,19,1225,19,10.204081632653061,FALSE
CPICOREYOY-23JUL,2023-07-18,2023-08-10,4.7,16,500,16,7.142857142857143,FALSE
CPICOREYOY-23JUL,2023-07-19,2023-08-10,4.7,11,1275,11,2.0408163265306123,FALSE
CPICOREYOY-23JUL,2023-07-20,2023-08-10,4.7,8,510,8,3.061224489795918,FALSE
CPICOREYOY-23JUL,2023-07-21,2023-08-10,4.7,8,0,8,6.122448979591836,FALSE
CPICOREYOY-23JUL,2023-07-22,2023-08-10,4.7,11,500,11,9.183673469387756,FALSE
CPICOREYOY-23JUL,2023-07-23,2023-08-10,4.7,12,1500,12,10.204081632653061,FALSE
CPICOREYOY-23JUL,2023-07-24,2023-08-10,4.7,12,2000,12,10.204081632653061,FALSE
CPICOREYOY-23JUL,2023-07-25,2023-08-10,4.7,13,372,13,11.224489795918368,FALSE
CPICOREYOY-23JUL,2023-07-26,2023-08-10,4.7,13,0,13,11.224489795918368,FALSE
CPICOREYOY-23JUL,2023-07-27,2023-08-10,4.7,13,0,13,11.224489795918368,FALSE
CPICOREYOY-23JUL,2023-07-28,2023-08-10,4.7,11,200,11,9.183673469387756,FALSE
CPICOREYOY-23JUL,2023-07-29,2023-08-10,4.7,13,11,13,11.224489795918368,FALSE
CPICOREYOY-23JUL,2023-07-30,2023-08-10,4.7,8,2539,8,6.122448979591836,FALSE
CPICOREYOY-23JUL,2023-07-31,2023-08-10,4.7,8,0,8,6.122448979591836,FALSE
CPICOREYOY-23JUL,2023-08-01,2023-08-10,4.7,5,261,5,4.081632653061225,FALSE
CPICOREYOY-23JUL,2023-08-02,2023-08-10,4.7,5,1750,5,4.081632653061225,FALSE
CPICOREYOY-23JUL,2023-08-03,2023-08-10,4.7,6,200,6,1.0204081632653061,FALSE
CPICOREYOY-23JUL,2023-08-04,2023-08-10,4.7,6,0,6,5.1020408163265305,FALSE
CPICOREYOY-23JUL,2023-08-05,2023-08-10,4.7,7.000000000000001,3000,7.000000000000001,6.122448979591838,FALSE
CPICOREYOY-23JUL,2023-08-06,2023-08-10,4.7,7.000000000000001,0,7.000000000000001,6.122448979591838,FALSE
CPICOREYOY-23JUL,2023-08-07,2023-08-10,4.7,7.000000000000001,510,7.000000000000001,6.122448979591838,FALSE
CPICOREYOY-23JUL,2023-08-08,2023-08-10,4.7,6,2350,6,5.1020408163265305,FALSE
CPICOREYOY-23JUL,2023-08-09,2023-08-10,4.7,8,5186,8,7.142857142857143,FALSE
CPICOREYOY-23JUL,2023-08-10,2023-08-10,4.7,8,0,8,7.142857142857143,FALSE
CPICOREYOY-23JUN,2023-06-20,2023-07-12,4.7,94,0,94,38.77551020408163,FALSE
CPICOREYOY-23JUN,2023-06-21,2023-07-12,4.7,92,842,92,20.408163265306122,FALSE
CPICOREYOY-23JUN,2023-06-22,2023-07-12,4.7,92,0,92,23.46938775510204,FALSE
CPICOREYOY-23JUN,2023-06-23,2023-07-12,4.7,92,0,92,24.489795918367346,FALSE
CPICOREYOY-23JUN,2023-06-24,2023-07-12,4.7,92,0,92,24.489795918367346,FALSE
CPICOREYOY-23JUN,2023-06-25,2023-07-12,4.7,92,0,92,24.489795918367346,FALSE
CPICOREYOY-23JUN,2023-06-26,2023-07-12,4.7,92,1125,92,25.510204081632654,FALSE
CPICOREYOY-23JUN,2023-06-27,2023-07-12,4.7,91,2500,91,37.755102040816325,FALSE
CPICOREYOY-23JUN,2023-06-28,2023-07-12,4.7,95,209,95,39.79591836734693,FALSE
CPICOREYOY-23JUN,2023-06-29,2023-07-12,4.7,95,0,95,39.79591836734693,FALSE
CPICOREYOY-23JUN,2023-06-30,2023-07-12,4.7,95,0,95,32.6530612244898,FALSE
CPICOREYOY-23JUN,2023-07-01,2023-07-12,4.7,90,4050,90,35.71428571428571,FALSE
CPICOREYOY-23JUN,2023-07-02,2023-07-12,4.7,90,0,90,28.571428571428573,FALSE
CPICOREYOY-23JUN,2023-07-03,2023-07-12,4.7,90,0,90,28.571428571428573,FALSE
CPICOREYOY-23JUN,2023-07-04,2023-07-12,4.7,90,0,90,33.67346938775511,FALSE
CPICOREYOY-23JUN,2023-07-05,2023-07-12,4.7,85,3116,85,29.591836734693867,FALSE
CPICOREYOY-23MAY,2023-05-16,2023-06-13,4.7,0,0,96,0,FALSE
CPICOREYOY-23MAY,2023-05-17,2023-06-13,4.7,0,0,94,5.1020408163265305,FALSE
CPICOREYOY-23MAY,2023-05-18,2023-06-13,4.7,0,0,94,5.1020408163265305,FALSE
CPICOREYOY-23MAY,2023-05-19,2023-06-13,4.7,0,0,94,5.1020408163265305,FALSE
CPICOREYOY-23MAY,2023-05-20,2023-06-13,4.7,0,0,95,4.081632653061225,FALSE
CPICOREYOY-23MAY,2023-05-21,2023-06-13,4.7,0,0,95,4.081632653061225,FALSE
CPICOREYOY-23MAY,2023-05-22,2023-06-13,4.7,0,0,99,0,FALSE
CPICOREYOY-23MAY,2023-05-23,2023-06-13,4.7,0,0,99,0,FALSE
CPICOREYOY-23MAY,2023-05-24,2023-06-13,4.7,0,0,99,0,FALSE
CPICOREYOY-23MAY,2023-05-25,2023-06-13,4.7,0,0,97,2.0408163265306123,FALSE
CPICOREYOY-23MAY,2023-05-26,2023-06-13,4.7,0,0,97,2.0408163265306123,FALSE
CPICOREYOY-23MAY,2023-05-27,2023-06-13,4.7,0,0,97,2.0408163265306123,FALSE
CPICOREYOY-23MAY,2023-05-28,2023-06-13,4.7,0,0,97,2.0408163265306123,FALSE
CPICOREYOY-23MAY,2023-05-29,2023-06-13,4.7,0,0,97,2.0408163265306123,FALSE
CPICOREYOY-23MAY,2023-05-30,2023-06-13,4.7,0,0,97,2.0408163265306123,FALSE
CPICOREYOY-23MAY,2023-05-31,2023-06-13,4.7,0,0,97,2.0408163265306123,FALSE
CPICOREYOY-23MAY,2023-06-01,2023-06-13,4.7,88,50,97,0,FALSE
CPICOREYOY-23MAY,2023-06-02,2023-06-13,4.7,88,0,97,0,FALSE
CPICOREYOY-23MAY,2023-06-03,2023-06-13,4.7,88,0,97,0,FALSE
CPICOREYOY-23MAY,2023-06-04,2023-06-13,4.7,88,0,97,0,FALSE
CPICOREYOY-23MAY,2023-06-05,2023-06-13,4.7,88,0,97,0,FALSE
CPICOREYOY-23MAY,2023-06-06,2023-06-13,4.7,88,0,97,0,FALSE
CPICOREYOY-23MAY,2023-06-07,2023-06-13,4.7,88,0,97,0,FALSE
CPICOREYOY-23MAY,2023-06-08,2023-06-13,4.7,88,0,97,0,FALSE
CPICOREYOY-23MAY,2023-06-09,2023-06-13,4.7,88,0,97,0,FALSE
CPICOREYOY-23MAY,2023-06-10,2023-06-13,4.7,88,0,97,0,FALSE
CPICOREYOY-23MAY,2023-06-11,2023-06-13,4.7,88,0,97,0,FALSE
CPICOREYOY-23MAY,2023-06-12,2023-06-13,4.7,88,0,97,0,FALSE
CPICOREYOY-23MAY,2023-06-13,2023-06-13,4.7,88,0,97,0,FALSE
CPICOREYOY-23NOV,2023-11-21,2023-12-12,4.7,0,0,1,0,FALSE
CPICOREYOY-23NOV,2023-11-22,2023-12-12,4.7,0,0,1,0,FALSE
CPICOREYOY-23NOV,2023-11-23,2023-12-12,4.7,0,0,1,0,FALSE
CPICOREYOY-23NOV,2023-11-24,2023-12-12,4.7,0,0,1,0,FALSE
CPICOREYOY-23NOV,2023-11-25,2023-12-12,4.7,0,0,1,0,FALSE
CPICOREYOY-23NOV,2023-11-26,2023-12-12,4.7,0,0,1,0,FALSE
CPICOREYOY-23NOV,2023-11-27,2023-12-12,4.7,0,0,1,0,FALSE
CPICOREYOY-23NOV,2023-11-28,2023-12-12,4.7,0,0,1,0,FALSE
CPICOREYOY-23NOV,2023-11-29,2023-12-12,4.7,0,0,1,0,FALSE
CPICOREYOY-23NOV,2023-11-30,2023-12-12,4.7,0,0,1,0,FALSE
CPICOREYOY-23NOV,2023-12-01,2023-12-12,4.7,0,0,1,0,FALSE
CPICOREYOY-23NOV,2023-12-02,2023-12-12,4.7,0,0,1,0,FALSE
CPICOREYOY-23NOV,2023-12-03,2023-12-12,4.7,0,0,1,0,FALSE
CPICOREYOY-23NOV,2023-12-04,2023-12-12,4.7,0,0,1,0,FALSE
CPICOREYOY-23NOV,2023-12-05,2023-12-12,4.7,0,0,1,0,FALSE
CPICOREYOY-23NOV,2023-12-06,2023-12-12,4.7,0,0,1,0,FALSE
CPICOREYOY-23NOV,2023-12-07,2023-12-12,4.7,0,0,1,0,FALSE
CPICOREYOY-23NOV,2023-12-08,2023-12-12,4.7,0,0,1,0,FALSE
CPICOREYOY-23NOV,2023-12-09,2023-12-12,4.7,0,0,1,0,FALSE
CPICOREYOY-23NOV,2023-12-10,2023-12-12,4.7,0,0,1,0,FALSE
CPICOREYOY-23NOV,2023-12-11,2023-12-12,4.7,0,0,1,0,FALSE
CPICOREYOY-23NOV,2023-12-12,2023-12-12,4.7,0,0,1,0,FALSE
CPICOREYOY-23JUN,2023-06-13,2023-07-12,4.700000000000001,94,600,94,11.224489795918368,FALSE
CPICOREYOY-23JUN,2023-06-14,2023-07-12,4.700000000000001,94,600,94,25.510204081632654,FALSE
CPICOREYOY-23JUN,2023-06-15,2023-07-12,4.700000000000001,94,0,94,25.510204081632654,FALSE
CPICOREYOY-23JUN,2023-06-16,2023-07-12,4.700000000000001,89,300,89,20.408163265306122,FALSE
CPICOREYOY-23JUN,2023-06-17,2023-07-12,4.700000000000001,89,0,89,20.408163265306122,FALSE
CPICOREYOY-23JUN,2023-06-18,2023-07-12,4.700000000000001,94,358,94,31.632653061224488,FALSE
CPICOREYOY-23JUN,2023-06-19,2023-07-12,4.700000000000001,94,0,94,29.591836734693878,FALSE
CPICOREYOY-23APR,2023-04-20,2023-05-10,4.8,55.00000000000001,4,55.00000000000001,0,FALSE
CPICOREYOY-23APR,2023-04-21,2023-05-10,4.8,55.00000000000001,0,55.00000000000001,0,FALSE
CPICOREYOY-23APR,2023-04-22,2023-05-10,4.8,55.00000000000001,0,55.00000000000001,0,FALSE
CPICOREYOY-23APR,2023-04-23,2023-05-10,4.8,55.00000000000001,0,55.00000000000001,0,FALSE
CPICOREYOY-23APR,2023-04-24,2023-05-10,4.8,55.00000000000001,0,55.00000000000001,0,FALSE
CPICOREYOY-23APR,2023-04-25,2023-05-10,4.8,55.00000000000001,0,55.00000000000001,0,FALSE
CPICOREYOY-23APR,2023-04-26,2023-05-10,4.8,55.00000000000001,0,55.00000000000001,0,FALSE
CPICOREYOY-23APR,2023-04-27,2023-05-10,4.8,55.00000000000001,0,55.00000000000001,0,FALSE
CPICOREYOY-23APR,2023-04-28,2023-05-10,4.8,55.00000000000001,0,55.00000000000001,0,FALSE
CPICOREYOY-23APR,2023-04-29,2023-05-10,4.8,55.00000000000001,0,55.00000000000001,0,FALSE
CPICOREYOY-23APR,2023-04-30,2023-05-10,4.8,55.00000000000001,0,55.00000000000001,0,FALSE
CPICOREYOY-23APR,2023-05-01,2023-05-10,4.8,55.00000000000001,0,89,0,FALSE
CPICOREYOY-23APR,2023-05-02,2023-05-10,4.8,55.00000000000001,0,55.00000000000001,0,FALSE
CPICOREYOY-23APR,2023-05-03,2023-05-10,4.8,55.00000000000001,0,55.00000000000001,0,FALSE
CPICOREYOY-23APR,2023-05-04,2023-05-10,4.8,55.00000000000001,0,55.00000000000001,0,FALSE
CPICOREYOY-23APR,2023-05-05,2023-05-10,4.8,55.00000000000001,0,55.00000000000001,0,FALSE
CPICOREYOY-23APR,2023-05-06,2023-05-10,4.8,55.00000000000001,0,55.00000000000001,0,FALSE
CPICOREYOY-23APR,2023-05-07,2023-05-10,4.8,55.00000000000001,0,55.00000000000001,0,FALSE
CPICOREYOY-23APR,2023-05-08,2023-05-10,4.8,55.00000000000001,0,55.00000000000001,0,FALSE
CPICOREYOY-23APR,2023-05-09,2023-05-10,4.8,55.00000000000001,0,55.00000000000001,0,FALSE
CPICOREYOY-23APR,2023-05-10,2023-05-10,4.8,55.00000000000001,0,55.00000000000001,0,FALSE
CPICOREYOY-23JUN,2023-07-06,2023-07-12,4.8,56.00000000000001,320,56.00000000000001,31.6326530612245,FALSE
CPICOREYOY-23JUN,2023-07-07,2023-07-12,4.8,49,318,49,21.428571428571423,FALSE
CPICOREYOY-23JUN,2023-07-08,2023-07-12,4.8,60,552,60,33.673469387755105,FALSE
CPICOREYOY-23JUN,2023-07-09,2023-07-12,4.8,61,161,61,34.69387755102041,FALSE
CPICOREYOY-23JUN,2023-07-10,2023-07-12,4.8,56.00000000000001,4678,56.00000000000001,28.571428571428577,FALSE
CPICOREYOY-23JUN,2023-07-11,2023-07-12,4.8,57.99999999999999,4428,57.99999999999999,31.63265306122448,FALSE
CPICOREYOY-23JUN,2023-07-12,2023-07-12,4.8,60,1250,60,37.755102040816325,FALSE
CPICOREYOY-23MAY,2023-05-16,2023-06-13,4.8,94,100,96,0,FALSE
CPICOREYOY-23MAY,2023-05-17,2023-06-13,4.8,94,0,94,1.0204081632653061,FALSE
CPICOREYOY-23MAY,2023-05-18,2023-06-13,4.8,94,0,94,6.122448979591836,FALSE
CPICOREYOY-23MAY,2023-05-19,2023-06-13,4.8,94,0,94,6.122448979591836,FALSE
CPICOREYOY-23MAY,2023-05-20,2023-06-13,4.8,95,50,95,7.142857142857143,FALSE
CPICOREYOY-23MAY,2023-05-21,2023-06-13,4.8,95,50,95,7.142857142857143,FALSE
CPICOREYOY-23MAY,2023-05-22,2023-06-13,4.8,99,1,99,11.224489795918368,FALSE
CPICOREYOY-23MAY,2023-05-23,2023-06-13,4.8,99,0,99,11.224489795918368,FALSE
CPICOREYOY-23MAY,2023-05-24,2023-06-13,4.8,99,0,99,11.224489795918368,FALSE
CPICOREYOY-23MAY,2023-05-25,2023-06-13,4.8,97,10,97,9.183673469387756,FALSE
CPICOREYOY-23MAY,2023-05-26,2023-06-13,4.8,97,0,97,9.183673469387756,FALSE
CPICOREYOY-23MAY,2023-05-27,2023-06-13,4.8,97,0,97,9.183673469387756,FALSE
CPICOREYOY-23MAY,2023-05-28,2023-06-13,4.8,97,0,97,9.183673469387756,FALSE
CPICOREYOY-23MAY,2023-05-29,2023-06-13,4.8,97,0,97,9.183673469387756,FALSE
CPICOREYOY-23MAY,2023-05-30,2023-06-13,4.8,97,0,97,9.183673469387756,FALSE
CPICOREYOY-23MAY,2023-05-31,2023-06-13,4.8,97,0,97,9.183673469387756,FALSE
CPICOREYOY-23NOV,2023-11-21,2023-12-12,4.8,1,1,1,0,FALSE
CPICOREYOY-23NOV,2023-11-22,2023-12-12,4.8,1,0,1,0,FALSE
CPICOREYOY-23NOV,2023-11-23,2023-12-12,4.8,1,0,1,0,FALSE
CPICOREYOY-23NOV,2023-11-24,2023-12-12,4.8,1,0,1,0,FALSE
CPICOREYOY-23NOV,2023-11-25,2023-12-12,4.8,1,0,1,0,FALSE
CPICOREYOY-23NOV,2023-11-26,2023-12-12,4.8,1,0,1,0,FALSE
CPICOREYOY-23NOV,2023-11-27,2023-12-12,4.8,1,0,1,0,FALSE
CPICOREYOY-23NOV,2023-11-28,2023-12-12,4.8,1,0,1,0,FALSE
CPICOREYOY-23NOV,2023-11-29,2023-12-12,4.8,1,0,1,0,FALSE
CPICOREYOY-23NOV,2023-11-30,2023-12-12,4.8,1,0,1,0,FALSE
CPICOREYOY-23NOV,2023-12-01,2023-12-12,4.8,1,0,1,0,FALSE
CPICOREYOY-23NOV,2023-12-02,2023-12-12,4.8,1,0,1,0,FALSE
CPICOREYOY-23NOV,2023-12-03,2023-12-12,4.8,1,0,1,0,FALSE
CPICOREYOY-23NOV,2023-12-04,2023-12-12,4.8,1,0,1,0,FALSE
CPICOREYOY-23NOV,2023-12-05,2023-12-12,4.8,1,0,1,0,FALSE
CPICOREYOY-23NOV,2023-12-06,2023-12-12,4.8,1,0,1,0,FALSE
CPICOREYOY-23NOV,2023-12-07,2023-12-12,4.8,1,0,1,0,FALSE
CPICOREYOY-23NOV,2023-12-08,2023-12-12,4.8,1,0,1,0,FALSE
CPICOREYOY-23NOV,2023-12-09,2023-12-12,4.8,1,0,1,0,FALSE
CPICOREYOY-23NOV,2023-12-10,2023-12-12,4.8,1,0,1,0,FALSE
CPICOREYOY-23NOV,2023-12-11,2023-12-12,4.8,1,0,1,0,FALSE
CPICOREYOY-23NOV,2023-12-12,2023-12-12,4.8,1,0,1,0,FALSE
CPICOREYOY-23JUL,2023-07-11,2023-08-10,4.800000000000001,25,0,25,7.142857142857143,FALSE
CPICOREYOY-23JUL,2023-07-12,2023-08-10,4.800000000000001,16,130,16,10.204081632653061,FALSE
CPICOREYOY-23JUL,2023-07-13,2023-08-10,4.800000000000001,16,0,16,11.224489795918368,FALSE
CPICOREYOY-23JUL,2023-07-14,2023-08-10,4.800000000000001,16,0,16,11.224489795918368,FALSE
CPICOREYOY-23JUL,2023-07-15,2023-08-10,4.800000000000001,16,0,16,11.224489795918368,FALSE
CPICOREYOY-23JUL,2023-07-16,2023-08-10,4.800000000000001,16,0,16,11.224489795918368,FALSE
CPICOREYOY-23JUL,2023-07-17,2023-08-10,4.800000000000001,9,1298,9,4.081632653061225,FALSE
CPICOREYOY-23JUL,2023-07-18,2023-08-10,4.800000000000001,9,0,9,4.081632653061225,FALSE
CPICOREYOY-23JUL,2023-07-19,2023-08-10,4.800000000000001,9,0,9,4.081632653061225,FALSE
CPICOREYOY-23JUL,2023-07-20,2023-08-10,4.800000000000001,9,0,8,4.081632653061225,FALSE
CPICOREYOY-23JUL,2023-07-21,2023-08-10,4.800000000000001,2,93,2,1.0204081632653061,FALSE
CPICOREYOY-23JUL,2023-07-22,2023-08-10,4.800000000000001,2,0,2,1.0204081632653061,FALSE
CPICOREYOY-23JUL,2023-07-23,2023-08-10,4.800000000000001,2,0,2,1.0204081632653061,FALSE
CPICOREYOY-23JUL,2023-07-24,2023-08-10,4.800000000000001,2,0,2,1.0204081632653061,FALSE
CPICOREYOY-23JUL,2023-07-25,2023-08-10,4.800000000000001,2,0,2,1.0204081632653061,FALSE
CPICOREYOY-23JUL,2023-07-26,2023-08-10,4.800000000000001,2,0,2,1.0204081632653061,FALSE
CPICOREYOY-23JUL,2023-07-27,2023-08-10,4.800000000000001,2,0,2,1.0204081632653061,FALSE
CPICOREYOY-23JUL,2023-07-28,2023-08-10,4.800000000000001,2,0,2,1.0204081632653061,FALSE
CPICOREYOY-23JUL,2023-07-29,2023-08-10,4.800000000000001,2,0,2,1.0204081632653061,FALSE
CPICOREYOY-23JUL,2023-07-30,2023-08-10,4.800000000000001,2,0,2,1.0204081632653061,FALSE
CPICOREYOY-23JUL,2023-07-31,2023-08-10,4.800000000000001,2,0,2,1.0204081632653061,FALSE
CPICOREYOY-23JUL,2023-08-01,2023-08-10,4.800000000000001,5,15,5,0,FALSE
CPICOREYOY-23JUL,2023-08-02,2023-08-10,4.800000000000001,5,0,5,0,FALSE
CPICOREYOY-23JUL,2023-08-03,2023-08-10,4.800000000000001,5,0,5,4.081632653061225,FALSE
CPICOREYOY-23JUL,2023-08-04,2023-08-10,4.800000000000001,1,15,1,0,FALSE
CPICOREYOY-23JUL,2023-08-05,2023-08-10,4.800000000000001,1,0,1,0,FALSE
CPICOREYOY-23JUL,2023-08-06,2023-08-10,4.800000000000001,1,0,1,0,FALSE
CPICOREYOY-23JUL,2023-08-07,2023-08-10,4.800000000000001,1,0,1,0,FALSE
CPICOREYOY-23JUL,2023-08-08,2023-08-10,4.800000000000001,1,0,1,0,FALSE
CPICOREYOY-23JUL,2023-08-09,2023-08-10,4.800000000000001,1,211,1,0,FALSE
CPICOREYOY-23JUL,2023-08-10,2023-08-10,4.800000000000001,1,0,1,0,FALSE
CPICOREYOY-23JUN,2023-06-13,2023-07-12,4.800000000000001,83,220,83,26.53061224489797,FALSE
CPICOREYOY-23JUN,2023-06-14,2023-07-12,4.800000000000001,69,2155,69,31.632653061224488,FALSE
CPICOREYOY-23JUN,2023-06-15,2023-07-12,4.800000000000001,69,905,69,48.97959183673469,FALSE
CPICOREYOY-23JUN,2023-06-16,2023-07-12,4.800000000000001,69,0,69,48.97959183673469,FALSE
CPICOREYOY-23JUN,2023-06-17,2023-07-12,4.800000000000001,69,0,69,37.755102040816325,FALSE
CPICOREYOY-23JUN,2023-06-18,2023-07-12,4.800000000000001,63,400,63,38.775510204081634,FALSE
CPICOREYOY-23JUN,2023-06-19,2023-07-12,4.800000000000001,65,10,65,39.795918367346935,FALSE
CPICOREYOY-23JUN,2023-06-20,2023-07-12,4.800000000000001,56.00000000000001,1260,56.00000000000001,34.69387755102042,FALSE
CPICOREYOY-23JUN,2023-06-21,2023-07-12,4.800000000000001,72,5739,72,37.755102040816325,FALSE
CPICOREYOY-23JUN,2023-06-22,2023-07-12,4.800000000000001,69,1585,69,39.795918367346935,FALSE
CPICOREYOY-23JUN,2023-06-23,2023-07-12,4.800000000000001,68,25,68,38.775510204081634,FALSE
CPICOREYOY-23JUN,2023-06-24,2023-07-12,4.800000000000001,68,0,68,38.775510204081634,FALSE
CPICOREYOY-23JUN,2023-06-25,2023-07-12,4.800000000000001,68,0,68,37.755102040816325,FALSE
CPICOREYOY-23JUN,2023-06-26,2023-07-12,4.800000000000001,67,2724,67,39.795918367346935,FALSE
CPICOREYOY-23JUN,2023-06-27,2023-07-12,4.800000000000001,54,1515,54,29.591836734693878,FALSE
CPICOREYOY-23JUN,2023-06-28,2023-07-12,4.800000000000001,56.00000000000001,2395,56.00000000000001,31.6326530612245,FALSE
CPICOREYOY-23JUN,2023-06-29,2023-07-12,4.800000000000001,56.00000000000001,100,56.00000000000001,31.6326530612245,FALSE
CPICOREYOY-23JUN,2023-06-30,2023-07-12,4.800000000000001,63,10,63,38.775510204081634,FALSE
CPICOREYOY-23JUN,2023-07-01,2023-07-12,4.800000000000001,55.00000000000001,510,55.00000000000001,31.6326530612245,FALSE
CPICOREYOY-23JUN,2023-07-02,2023-07-12,4.800000000000001,62,250,62,38.775510204081634,FALSE
CPICOREYOY-23JUN,2023-07-03,2023-07-12,4.800000000000001,62,250,62,39.795918367346935,FALSE
CPICOREYOY-23JUN,2023-07-04,2023-07-12,4.800000000000001,56.99999999999999,228,56.99999999999999,32.65306122448979,FALSE
CPICOREYOY-23JUN,2023-07-05,2023-07-12,4.800000000000001,56.00000000000001,1560,56.00000000000001,31.6326530612245,FALSE
CPICOREYOY-23MAY,2023-05-14,2023-06-13,4.800000000000001,0,0,87,12.244897959183673,FALSE
CPICOREYOY-23MAY,2023-05-15,2023-06-13,4.800000000000001,0,0,87,12.244897959183673,FALSE
CPICOREYOY-23MAY,2023-06-01,2023-06-13,4.800000000000001,95,114,97,2.0408163265306123,FALSE
CPICOREYOY-23MAY,2023-06-02,2023-06-13,4.800000000000001,95,0,97,2.0408163265306123,FALSE
CPICOREYOY-23MAY,2023-06-03,2023-06-13,4.800000000000001,95,0,97,2.0408163265306123,FALSE
CPICOREYOY-23MAY,2023-06-04,2023-06-13,4.800000000000001,95,0,97,2.0408163265306123,FALSE
CPICOREYOY-23MAY,2023-06-05,2023-06-13,4.800000000000001,95,0,97,2.0408163265306123,FALSE
CPICOREYOY-23MAY,2023-06-06,2023-06-13,4.800000000000001,95,0,97,2.0408163265306123,FALSE
CPICOREYOY-23MAY,2023-06-07,2023-06-13,4.800000000000001,95,0,97,2.0408163265306123,FALSE
CPICOREYOY-23MAY,2023-06-08,2023-06-13,4.800000000000001,95,0,97,2.0408163265306123,FALSE
CPICOREYOY-23MAY,2023-06-09,2023-06-13,4.800000000000001,95,0,97,2.0408163265306123,FALSE
CPICOREYOY-23MAY,2023-06-10,2023-06-13,4.800000000000001,95,0,97,2.0408163265306123,FALSE
CPICOREYOY-23MAY,2023-06-11,2023-06-13,4.800000000000001,95,0,97,2.0408163265306123,FALSE
CPICOREYOY-23MAY,2023-06-12,2023-06-13,4.800000000000001,95,0,97,2.0408163265306123,FALSE
CPICOREYOY-23MAY,2023-06-13,2023-06-13,4.800000000000001,95,0,97,0,FALSE
CPICOREYOY-23JUN,2023-07-06,2023-07-12,4.8999999999999995,25,760,25,16.3265306122449,FALSE
CPICOREYOY-23JUN,2023-07-07,2023-07-12,4.8999999999999995,28.000000000000004,520,28.000000000000004,19.38775510204082,FALSE
CPICOREYOY-23JUN,2023-07-08,2023-07-12,4.8999999999999995,27,20,27,18.367346938775512,FALSE
CPICOREYOY-23JUN,2023-07-09,2023-07-12,4.8999999999999995,27,2630,27,17.346938775510203,FALSE
CPICOREYOY-23JUN,2023-07-10,2023-07-12,4.8999999999999995,28.000000000000004,3760,28.000000000000004,19.38775510204082,FALSE
CPICOREYOY-23JUN,2023-07-11,2023-07-12,4.8999999999999995,27,1643,27,20.408163265306122,FALSE
CPICOREYOY-23JUN,2023-07-12,2023-07-12,4.8999999999999995,23,550,23,16.3265306122449,FALSE
CPICOREYOY-22DEC,2022-12-25,2022-12-25,4.9,0,0,59,0,FALSE
CPICOREYOY-23APR,2023-04-20,2023-05-10,4.9,0,0,55.00000000000001,0,FALSE
CPICOREYOY-23APR,2023-04-21,2023-05-10,4.9,0,0,55.00000000000001,0,FALSE
CPICOREYOY-23APR,2023-04-22,2023-05-10,4.9,0,0,55.00000000000001,0,FALSE
CPICOREYOY-23APR,2023-04-23,2023-05-10,4.9,0,0,55.00000000000001,0,FALSE
CPICOREYOY-23APR,2023-04-24,2023-05-10,4.9,0,0,55.00000000000001,0,FALSE
CPICOREYOY-23APR,2023-04-25,2023-05-10,4.9,0,0,55.00000000000001,0,FALSE
CPICOREYOY-23APR,2023-04-26,2023-05-10,4.9,0,0,55.00000000000001,0,FALSE
CPICOREYOY-23APR,2023-04-27,2023-05-10,4.9,0,0,55.00000000000001,0,FALSE
CPICOREYOY-23APR,2023-04-28,2023-05-10,4.9,0,0,55.00000000000001,0,FALSE
CPICOREYOY-23APR,2023-04-29,2023-05-10,4.9,0,0,55.00000000000001,0,FALSE
CPICOREYOY-23APR,2023-04-30,2023-05-10,4.9,0,0,55.00000000000001,0,FALSE
CPICOREYOY-23APR,2023-05-01,2023-05-10,4.9,0,0,89,0,FALSE
CPICOREYOY-23APR,2023-05-02,2023-05-10,4.9,0,0,55.00000000000001,0,FALSE
CPICOREYOY-23APR,2023-05-03,2023-05-10,4.9,0,0,55.00000000000001,0,FALSE
CPICOREYOY-23APR,2023-05-04,2023-05-10,4.9,0,0,55.00000000000001,0,FALSE
CPICOREYOY-23APR,2023-05-05,2023-05-10,4.9,0,0,55.00000000000001,0,FALSE
CPICOREYOY-23APR,2023-05-06,2023-05-10,4.9,0,0,55.00000000000001,0,FALSE
CPICOREYOY-23APR,2023-05-07,2023-05-10,4.9,0,0,55.00000000000001,0,FALSE
CPICOREYOY-23APR,2023-05-08,2023-05-10,4.9,0,0,55.00000000000001,0,FALSE
CPICOREYOY-23APR,2023-05-09,2023-05-10,4.9,0,0,55.00000000000001,0,FALSE
CPICOREYOY-23APR,2023-05-10,2023-05-10,4.9,0,0,55.00000000000001,0,FALSE
CPICOREYOY-23JUL,2023-07-11,2023-08-10,4.9,18,0,18,8.16326530612245,FALSE
CPICOREYOY-23JUL,2023-07-12,2023-08-10,4.9,6,100,6,5.1020408163265305,FALSE
CPICOREYOY-23JUL,2023-07-13,2023-08-10,4.9,5,300,5,4.081632653061225,FALSE
CPICOREYOY-23JUL,2023-07-14,2023-08-10,4.9,5,0,5,4.081632653061225,FALSE
CPICOREYOY-23JUL,2023-07-15,2023-08-10,4.9,5,0,5,4.081632653061225,FALSE
CPICOREYOY-23JUL,2023-07-16,2023-08-10,4.9,5,0,5,4.081632653061225,FALSE
CPICOREYOY-23JUL,2023-07-17,2023-08-10,4.9,5,706,5,4.081632653061225,FALSE
CPICOREYOY-23JUL,2023-07-18,2023-08-10,4.9,5,0,5,4.081632653061225,FALSE
CPICOREYOY-23JUL,2023-07-19,2023-08-10,4.9,5,0,5,4.081632653061225,FALSE
CPICOREYOY-23JUL,2023-07-20,2023-08-10,4.9,5,0,5,0,FALSE
CPICOREYOY-23JUL,2023-07-21,2023-08-10,4.9,5,0,2,0,FALSE
CPICOREYOY-23JUL,2023-07-22,2023-08-10,4.9,5,0,2,0,FALSE
CPICOREYOY-23JUL,2023-07-23,2023-08-10,4.9,5,0,2,0,FALSE
CPICOREYOY-23JUL,2023-07-24,2023-08-10,4.9,5,0,2,0,FALSE
CPICOREYOY-23JUL,2023-07-25,2023-08-10,4.9,5,0,2,0,FALSE
CPICOREYOY-23JUL,2023-07-26,2023-08-10,4.9,5,0,2,0,FALSE
CPICOREYOY-23JUL,2023-07-27,2023-08-10,4.9,5,0,2,0,FALSE
CPICOREYOY-23JUL,2023-07-28,2023-08-10,4.9,5,0,2,0,FALSE
CPICOREYOY-23JUL,2023-07-29,2023-08-10,4.9,5,0,2,0,FALSE
CPICOREYOY-23JUL,2023-07-30,2023-08-10,4.9,5,0,2,0,FALSE
CPICOREYOY-23JUL,2023-07-31,2023-08-10,4.9,5,0,2,0,FALSE
CPICOREYOY-23JUL,2023-08-01,2023-08-10,4.9,5,0,5,0,FALSE
CPICOREYOY-23JUL,2023-08-02,2023-08-10,4.9,5,0,5,0,FALSE
CPICOREYOY-23JUL,2023-08-03,2023-08-10,4.9,5,0,5,0,FALSE
CPICOREYOY-23JUL,2023-08-04,2023-08-10,4.9,5,0,1,0,FALSE
CPICOREYOY-23JUL,2023-08-05,2023-08-10,4.9,5,0,1,0,FALSE
CPICOREYOY-23JUL,2023-08-06,2023-08-10,4.9,5,0,1,0,FALSE
CPICOREYOY-23JUL,2023-08-07,2023-08-10,4.9,5,0,1,0,FALSE
CPICOREYOY-23JUL,2023-08-08,2023-08-10,4.9,5,0,1,0,FALSE
CPICOREYOY-23JUL,2023-08-09,2023-08-10,4.9,5,0,1,0,FALSE
CPICOREYOY-23JUL,2023-08-10,2023-08-10,4.9,5,0,1,0,FALSE
CPICOREYOY-23JUN,2023-06-13,2023-07-12,4.9,56.99999999999999,138,56.99999999999999,21.42857142857142,FALSE
CPICOREYOY-23JUN,2023-06-14,2023-07-12,4.9,38,1235,38,20.408163265306122,FALSE
CPICOREYOY-23JUN,2023-06-15,2023-07-12,4.9,21,480,21,3.061224489795918,FALSE
CPICOREYOY-23JUN,2023-06-16,2023-07-12,4.9,21,0,21,3.061224489795918,FALSE
CPICOREYOY-23JUN,2023-06-17,2023-07-12,4.9,32,850,32,14.285714285714286,FALSE
CPICOREYOY-23JUN,2023-06-18,2023-07-12,4.9,25,50,25,7.142857142857143,FALSE
CPICOREYOY-23JUN,2023-06-19,2023-07-12,4.9,26,10,26,17.346938775510203,FALSE
CPICOREYOY-23JUN,2023-06-20,2023-07-12,4.9,22,193,22,14.285714285714286,FALSE
CPICOREYOY-23JUN,2023-06-21,2023-07-12,4.9,35,8725,35,16.3265306122449,FALSE
CPICOREYOY-23JUN,2023-06-22,2023-07-12,4.9,30,4077,30,17.346938775510203,FALSE
CPICOREYOY-23JUN,2023-06-23,2023-07-12,4.9,30,500,30,19.387755102040817,FALSE
CPICOREYOY-23JUN,2023-06-24,2023-07-12,4.9,30,0,30,19.387755102040817,FALSE
CPICOREYOY-23JUN,2023-06-25,2023-07-12,4.9,31,13,31,19.387755102040817,FALSE
CPICOREYOY-23JUN,2023-06-26,2023-07-12,4.9,28.000000000000004,3529,28.000000000000004,19.38775510204082,FALSE
CPICOREYOY-23JUN,2023-06-27,2023-07-12,4.9,25,3211,25,16.3265306122449,FALSE
CPICOREYOY-23JUN,2023-06-28,2023-07-12,4.9,25,0,25,16.3265306122449,FALSE
CPICOREYOY-23JUN,2023-06-29,2023-07-12,4.9,25,0,25,19.387755102040817,FALSE
CPICOREYOY-23JUN,2023-06-30,2023-07-12,4.9,25,200,25,19.387755102040817,FALSE
CPICOREYOY-23JUN,2023-07-01,2023-07-12,4.9,24,750,24,17.346938775510203,FALSE
CPICOREYOY-23JUN,2023-07-02,2023-07-12,4.9,24,0,24,17.346938775510203,FALSE
CPICOREYOY-23JUN,2023-07-03,2023-07-12,4.9,23,1250,23,16.3265306122449,FALSE
CPICOREYOY-23JUN,2023-07-04,2023-07-12,4.9,25,1233,25,17.346938775510203,FALSE
CPICOREYOY-23JUN,2023-07-05,2023-07-12,4.9,25,2425,25,16.3265306122449,FALSE
CPICOREYOY-23MAR,2023-04-12,2023-04-12,4.9,0,0,98,0,FALSE
CPICOREYOY-23MAY,2023-05-14,2023-06-13,4.9,87,0,87,15.306122448979592,FALSE
CPICOREYOY-23MAY,2023-05-15,2023-06-13,4.9,87,0,87,15.306122448979592,FALSE
CPICOREYOY-23MAY,2023-05-16,2023-06-13,4.9,86,70,96,3.061224489795918,FALSE
CPICOREYOY-23MAY,2023-05-17,2023-06-13,4.9,93,80,93,17.346938775510203,FALSE
CPICOREYOY-23MAY,2023-05-18,2023-06-13,4.9,88,30,88,13.26530612244898,FALSE
CPICOREYOY-23MAY,2023-05-19,2023-06-13,4.9,88,0,88,13.26530612244898,FALSE
CPICOREYOY-23MAY,2023-05-20,2023-06-13,4.9,88,0,88,12.244897959183673,FALSE
CPICOREYOY-23MAY,2023-05-21,2023-06-13,4.9,88,0,88,12.244897959183673,FALSE
CPICOREYOY-23MAY,2023-05-22,2023-06-13,4.9,88,0,88,12.244897959183673,FALSE
CPICOREYOY-23MAY,2023-05-23,2023-06-13,4.9,88,0,88,12.244897959183673,FALSE
CPICOREYOY-23MAY,2023-05-24,2023-06-13,4.9,88,0,88,13.26530612244898,FALSE
CPICOREYOY-23MAY,2023-05-25,2023-06-13,4.9,88,0,88,5.1020408163265305,FALSE
CPICOREYOY-23MAY,2023-05-26,2023-06-13,4.9,88,0,88,5.1020408163265305,FALSE
CPICOREYOY-23MAY,2023-05-27,2023-06-13,4.9,88,0,88,5.1020408163265305,FALSE
CPICOREYOY-23MAY,2023-05-28,2023-06-13,4.9,88,0,88,5.1020408163265305,FALSE
CPICOREYOY-23MAY,2023-05-29,2023-06-13,4.9,88,0,88,5.1020408163265305,FALSE
CPICOREYOY-23MAY,2023-05-30,2023-06-13,4.9,88,0,88,8.16326530612245,FALSE
CPICOREYOY-23MAY,2023-05-31,2023-06-13,4.9,88,0,88,8.16326530612245,FALSE
CPICOREYOY-23MAY,2023-06-01,2023-06-13,4.9,97,637,97,7.142857142857143,FALSE
CPICOREYOY-23MAY,2023-06-02,2023-06-13,4.9,97,0,97,3.061224489795918,FALSE
CPICOREYOY-23MAY,2023-06-03,2023-06-13,4.9,97,0,97,3.061224489795918,FALSE
CPICOREYOY-23MAY,2023-06-04,2023-06-13,4.9,97,0,97,3.061224489795918,FALSE
CPICOREYOY-23MAY,2023-06-05,2023-06-13,4.9,97,0,97,7.142857142857143,FALSE
CPICOREYOY-23MAY,2023-06-06,2023-06-13,4.9,97,0,97,7.142857142857143,FALSE
CPICOREYOY-23MAY,2023-06-07,2023-06-13,4.9,97,0,97,7.142857142857143,FALSE
CPICOREYOY-23MAY,2023-06-08,2023-06-13,4.9,97,0,97,7.142857142857143,FALSE
CPICOREYOY-23MAY,2023-06-09,2023-06-13,4.9,97,0,97,7.142857142857143,FALSE
CPICOREYOY-23MAY,2023-06-10,2023-06-13,4.9,97,0,97,7.142857142857143,FALSE
CPICOREYOY-23MAY,2023-06-11,2023-06-13,4.9,97,0,97,7.142857142857143,FALSE
CPICOREYOY-23MAY,2023-06-12,2023-06-13,4.9,97,0,97,2.0408163265306123,FALSE
CPICOREYOY-23MAY,2023-06-13,2023-06-13,4.9,97,0,97,2.0408163265306123,FALSE
CPICOREYOY-22DEC,2022-12-25,2022-12-25,5,59,182,59,40.816326530612244,FALSE
CPICOREYOY-23APR,2023-04-20,2023-05-10,5,0,0,55.00000000000001,0,FALSE
CPICOREYOY-23APR,2023-04-21,2023-05-10,5,0,0,55.00000000000001,0,FALSE
CPICOREYOY-23APR,2023-04-22,2023-05-10,5,0,0,55.00000000000001,0,FALSE
CPICOREYOY-23APR,2023-04-23,2023-05-10,5,0,0,55.00000000000001,0,FALSE
CPICOREYOY-23APR,2023-04-24,2023-05-10,5,0,0,55.00000000000001,0,FALSE
CPICOREYOY-23APR,2023-04-25,2023-05-10,5,0,0,55.00000000000001,0,FALSE
CPICOREYOY-23APR,2023-04-26,2023-05-10,5,0,0,55.00000000000001,0,FALSE
CPICOREYOY-23APR,2023-04-27,2023-05-10,5,0,0,55.00000000000001,0,FALSE
CPICOREYOY-23APR,2023-04-28,2023-05-10,5,0,0,55.00000000000001,0,FALSE
CPICOREYOY-23APR,2023-04-29,2023-05-10,5,0,0,55.00000000000001,0,FALSE
CPICOREYOY-23APR,2023-04-30,2023-05-10,5,0,0,55.00000000000001,0,FALSE
CPICOREYOY-23APR,2023-05-01,2023-05-10,5,0,0,89,0,FALSE
CPICOREYOY-23APR,2023-05-02,2023-05-10,5,0,0,55.00000000000001,0,FALSE
CPICOREYOY-23APR,2023-05-03,2023-05-10,5,0,0,55.00000000000001,0,FALSE
CPICOREYOY-23APR,2023-05-04,2023-05-10,5,0,0,55.00000000000001,0,FALSE
CPICOREYOY-23APR,2023-05-05,2023-05-10,5,0,0,55.00000000000001,0,FALSE
CPICOREYOY-23APR,2023-05-06,2023-05-10,5,0,0,55.00000000000001,0,FALSE
CPICOREYOY-23APR,2023-05-07,2023-05-10,5,0,0,55.00000000000001,0,FALSE
CPICOREYOY-23APR,2023-05-08,2023-05-10,5,0,0,55.00000000000001,0,FALSE
CPICOREYOY-23APR,2023-05-09,2023-05-10,5,0,0,55.00000000000001,0,FALSE
CPICOREYOY-23APR,2023-05-10,2023-05-10,5,0,0,55.00000000000001,0,FALSE
CPICOREYOY-23FEB,2023-03-01,2023-03-14,5,0,0,98,1.0204081632653061,FALSE
CPICOREYOY-23FEB,2023-03-02,2023-03-14,5,0,0,98,1.0204081632653061,FALSE
CPICOREYOY-23FEB,2023-03-03,2023-03-14,5,0,0,98,1.0204081632653061,FALSE
CPICOREYOY-23FEB,2023-03-04,2023-03-14,5,0,0,98,1.0204081632653061,FALSE
CPICOREYOY-23FEB,2023-03-05,2023-03-14,5,0,0,98,1.0204081632653061,FALSE
CPICOREYOY-23FEB,2023-03-06,2023-03-14,5,0,0,98,0,FALSE
CPICOREYOY-23FEB,2023-03-07,2023-03-14,5,0,0,98,0,FALSE
CPICOREYOY-23FEB,2023-03-08,2023-03-14,5,0,0,98,0,FALSE
CPICOREYOY-23FEB,2023-03-09,2023-03-14,5,0,0,98,0,FALSE
CPICOREYOY-23FEB,2023-03-10,2023-03-14,5,0,0,98,0,FALSE
CPICOREYOY-23FEB,2023-03-11,2023-03-14,5,0,0,98,0,FALSE
CPICOREYOY-23FEB,2023-03-12,2023-03-14,5,0,0,98,0,FALSE
CPICOREYOY-23FEB,2023-03-13,2023-03-14,5,0,0,98,0,FALSE
CPICOREYOY-23FEB,2023-03-14,2023-03-14,5,0,0,98,1.0204081632653061,FALSE
CPICOREYOY-23JUL,2023-07-11,2023-08-10,5,10,65,10,9.183673469387756,FALSE
CPICOREYOY-23JUL,2023-07-12,2023-08-10,5,10,0,6,0,FALSE
CPICOREYOY-23JUL,2023-07-13,2023-08-10,5,10,0,5,0,FALSE
CPICOREYOY-23JUL,2023-07-14,2023-08-10,5,10,0,5,0,FALSE
CPICOREYOY-23JUL,2023-07-15,2023-08-10,5,10,0,5,0,FALSE
CPICOREYOY-23JUL,2023-07-16,2023-08-10,5,10,0,5,0,FALSE
CPICOREYOY-23JUL,2023-07-17,2023-08-10,5,10,0,5,0,FALSE
CPICOREYOY-23JUL,2023-07-18,2023-08-10,5,10,0,5,0,FALSE
CPICOREYOY-23JUL,2023-07-19,2023-08-10,5,10,0,5,0,FALSE
CPICOREYOY-23JUL,2023-07-20,2023-08-10,5,10,0,5,0,FALSE
CPICOREYOY-23JUL,2023-07-21,2023-08-10,5,10,0,2,0,FALSE
CPICOREYOY-23JUL,2023-07-22,2023-08-10,5,10,0,2,0,FALSE
CPICOREYOY-23JUL,2023-07-23,2023-08-10,5,10,0,2,0,FALSE
CPICOREYOY-23JUL,2023-07-24,2023-08-10,5,10,0,2,0,FALSE
CPICOREYOY-23JUL,2023-07-25,2023-08-10,5,10,0,2,0,FALSE
CPICOREYOY-23JUL,2023-07-26,2023-08-10,5,10,0,2,0,FALSE
CPICOREYOY-23JUL,2023-07-27,2023-08-10,5,10,0,2,0,FALSE
CPICOREYOY-23JUL,2023-07-28,2023-08-10,5,10,0,2,0,FALSE
CPICOREYOY-23JUL,2023-07-29,2023-08-10,5,10,0,2,0,FALSE
CPICOREYOY-23JUL,2023-07-30,2023-08-10,5,10,0,2,0,FALSE
CPICOREYOY-23JUL,2023-07-31,2023-08-10,5,10,0,2,0,FALSE
CPICOREYOY-23JUL,2023-08-01,2023-08-10,5,10,0,5,0,FALSE
CPICOREYOY-23JUL,2023-08-02,2023-08-10,5,10,0,5,0,FALSE
CPICOREYOY-23JUL,2023-08-03,2023-08-10,5,10,0,5,0,FALSE
CPICOREYOY-23JUL,2023-08-04,2023-08-10,5,10,0,1,0,FALSE
CPICOREYOY-23JUL,2023-08-05,2023-08-10,5,10,0,1,0,FALSE
CPICOREYOY-23JUL,2023-08-06,2023-08-10,5,10,0,1,0,FALSE
CPICOREYOY-23JUL,2023-08-07,2023-08-10,5,10,0,1,0,FALSE
CPICOREYOY-23JUL,2023-08-08,2023-08-10,5,10,0,1,0,FALSE
CPICOREYOY-23JUL,2023-08-09,2023-08-10,5,10,0,1,0,FALSE
CPICOREYOY-23JUL,2023-08-10,2023-08-10,5,10,0,1,0,FALSE
CPICOREYOY-23JUN,2023-06-20,2023-07-12,5,8,181,8,3.061224489795918,FALSE
CPICOREYOY-23JUN,2023-06-21,2023-07-12,5,19,14090,19,8.16326530612245,FALSE
CPICOREYOY-23JUN,2023-06-22,2023-07-12,5,13,4610,13,5.1020408163265305,FALSE
CPICOREYOY-23JUN,2023-06-23,2023-07-12,5,11,6425,11,4.081632653061224,FALSE
CPICOREYOY-23JUN,2023-06-24,2023-07-12,5,11,0,11,4.081632653061224,FALSE
CPICOREYOY-23JUN,2023-06-25,2023-07-12,5,12,50,12,5.10204081632653,FALSE
CPICOREYOY-23JUN,2023-06-26,2023-07-12,5,9,2025,9,2.0408163265306114,FALSE
CPICOREYOY-23JUN,2023-06-27,2023-07-12,5,9,1070,9,2.0408163265306114,FALSE
CPICOREYOY-23JUN,2023-06-28,2023-07-12,5,9,0,9,2.0408163265306114,FALSE
CPICOREYOY-23JUN,2023-06-29,2023-07-12,5,6,10,6,5.1020408163265305,FALSE
CPICOREYOY-23JUN,2023-06-30,2023-07-12,5,6,581,6,5.1020408163265305,FALSE
CPICOREYOY-23JUN,2023-07-01,2023-07-12,5,7.000000000000001,120,7.000000000000001,1.020408163265307,FALSE
CPICOREYOY-23JUN,2023-07-02,2023-07-12,5,7.000000000000001,0,7.000000000000001,1.020408163265307,FALSE
CPICOREYOY-23JUN,2023-07-03,2023-07-12,5,7.000000000000001,0,7.000000000000001,1.020408163265307,FALSE
CPICOREYOY-23JUN,2023-07-04,2023-07-12,5,8,900,8,2.0408163265306123,FALSE
CPICOREYOY-23JUN,2023-07-05,2023-07-12,5,9,540,9,3.061224489795918,FALSE
CPICOREYOY-23JUN,2023-07-06,2023-07-12,5,9,8,9,3.061224489795918,FALSE
CPICOREYOY-23JUN,2023-07-07,2023-07-12,5,9,0,9,4.081632653061225,FALSE
CPICOREYOY-23JUN,2023-07-08,2023-07-12,5,9,0,9,4.081632653061225,FALSE
CPICOREYOY-23JUN,2023-07-09,2023-07-12,5,10,5700,10,8.16326530612245,FALSE
CPICOREYOY-23JUN,2023-07-10,2023-07-12,5,9,300,9,7.142857142857143,FALSE
CPICOREYOY-23JUN,2023-07-11,2023-07-12,5,7.000000000000001,400,7.000000000000001,5.102040816326531,FALSE
CPICOREYOY-23JUN,2023-07-12,2023-07-12,5,7.000000000000001,333,7.000000000000001,5.102040816326531,FALSE
CPICOREYOY-23MAR,2023-03-16,2023-04-12,5,0,0,83,16.3265306122449,FALSE
CPICOREYOY-23MAR,2023-03-17,2023-04-12,5,0,0,83,16.3265306122449,FALSE
CPICOREYOY-23MAR,2023-03-18,2023-04-12,5,0,0,83,16.3265306122449,FALSE
CPICOREYOY-23MAR,2023-03-19,2023-04-12,5,0,0,83,16.3265306122449,FALSE
CPICOREYOY-23MAR,2023-03-20,2023-04-12,5,0,0,83,16.3265306122449,FALSE
CPICOREYOY-23MAR,2023-03-21,2023-04-12,5,0,0,83,16.3265306122449,FALSE
CPICOREYOY-23MAR,2023-03-22,2023-04-12,5,0,0,83,16.3265306122449,FALSE
CPICOREYOY-23MAR,2023-03-23,2023-04-12,5,0,0,83,16.3265306122449,FALSE
CPICOREYOY-23MAR,2023-03-24,2023-04-12,5,0,0,83,16.3265306122449,FALSE
CPICOREYOY-23MAR,2023-03-25,2023-04-12,5,0,0,83,16.3265306122449,FALSE
CPICOREYOY-23MAR,2023-03-26,2023-04-12,5,0,0,83,16.3265306122449,FALSE
CPICOREYOY-23MAR,2023-03-27,2023-04-12,5,0,0,89,10.204081632653061,FALSE
CPICOREYOY-23MAR,2023-03-28,2023-04-12,5,0,0,95,4.081632653061225,FALSE
CPICOREYOY-23MAR,2023-03-29,2023-04-12,5,0,0,95,4.081632653061225,FALSE
CPICOREYOY-23MAR,2023-03-30,2023-04-12,5,0,0,95,4.081632653061225,FALSE
CPICOREYOY-23MAR,2023-03-31,2023-04-12,5,0,0,95,4.081632653061225,FALSE
CPICOREYOY-23MAR,2023-04-01,2023-04-12,5,0,0,95,4.081632653061225,FALSE
CPICOREYOY-23MAR,2023-04-02,2023-04-12,5,0,0,95,4.081632653061225,FALSE
CPICOREYOY-23MAR,2023-04-03,2023-04-12,5,0,0,96,0,FALSE
CPICOREYOY-23MAR,2023-04-04,2023-04-12,5,0,0,97,0,FALSE
CPICOREYOY-23MAR,2023-04-05,2023-04-12,5,0,0,97,0,FALSE
CPICOREYOY-23MAR,2023-04-06,2023-04-12,5,0,0,97,0,FALSE
CPICOREYOY-23MAR,2023-04-07,2023-04-12,5,0,0,95,0,FALSE
CPICOREYOY-23MAR,2023-04-08,2023-04-12,5,0,0,98,0,FALSE
CPICOREYOY-23MAR,2023-04-09,2023-04-12,5,0,0,98,0,FALSE
CPICOREYOY-23MAR,2023-04-10,2023-04-12,5,0,0,98,0,FALSE
CPICOREYOY-23MAR,2023-04-11,2023-04-12,5,0,0,98,0,FALSE
CPICOREYOY-23MAR,2023-04-12,2023-04-12,5,93,143,98,0,FALSE
CPICOREYOY-23MAY,2023-05-16,2023-06-13,5,96,554,96,33.673469387755105,FALSE
CPICOREYOY-23MAY,2023-05-17,2023-06-13,5,76,140,76,20.408163265306115,FALSE
CPICOREYOY-23MAY,2023-05-18,2023-06-13,5,75,25,75,13.26530612244898,FALSE
CPICOREYOY-23MAY,2023-05-19,2023-06-13,5,75,0,75,13.26530612244898,FALSE
CPICOREYOY-23MAY,2023-05-20,2023-06-13,5,76,5,76,20.408163265306115,FALSE
CPICOREYOY-23MAY,2023-05-21,2023-06-13,5,76,0,76,21.42857142857142,FALSE
CPICOREYOY-23MAY,2023-05-22,2023-06-13,5,76,0,76,21.42857142857142,FALSE
CPICOREYOY-23MAY,2023-05-23,2023-06-13,5,76,0,76,16.3265306122449,FALSE
CPICOREYOY-23MAY,2023-05-24,2023-06-13,5,75,20,75,20.408163265306115,FALSE
CPICOREYOY-23MAY,2023-05-25,2023-06-13,5,83,25,83,23.46938775510204,FALSE
CPICOREYOY-23MAY,2023-05-26,2023-06-13,5,83,0,83,23.46938775510204,FALSE
CPICOREYOY-23MAY,2023-05-27,2023-06-13,5,83,7,83,23.46938775510204,FALSE
CPICOREYOY-23MAY,2023-05-28,2023-06-13,5,83,0,83,24.489795918367346,FALSE
CPICOREYOY-23MAY,2023-05-29,2023-06-13,5,83,0,83,24.489795918367346,FALSE
CPICOREYOY-23MAY,2023-05-30,2023-06-13,5,80,56,80,24.48979591836734,FALSE
CPICOREYOY-23MAY,2023-05-31,2023-06-13,5,80,0,80,20.408163265306122,FALSE
CPICOREYOY-23JUN,2023-06-13,2023-07-12,5.000000000000001,36,429,36,12.244897959183673,FALSE
CPICOREYOY-23JUN,2023-06-14,2023-07-12,5.000000000000001,18,1040,18,13.26530612244898,FALSE
CPICOREYOY-23JUN,2023-06-15,2023-07-12,5.000000000000001,18,0,18,13.26530612244898,FALSE
CPICOREYOY-23JUN,2023-06-16,2023-07-12,5.000000000000001,18,0,18,13.26530612244898,FALSE
CPICOREYOY-23JUN,2023-06-17,2023-07-12,5.000000000000001,18,0,18,13.26530612244898,FALSE
CPICOREYOY-23JUN,2023-06-18,2023-07-12,5.000000000000001,18,0,18,13.26530612244898,FALSE
CPICOREYOY-23JUN,2023-06-19,2023-07-12,5.000000000000001,9,1000,9,4.081632653061225,FALSE
CPICOREYOY-23MAY,2023-05-14,2023-06-13,5.000000000000001,72,0,72,24.489795918367346,FALSE
CPICOREYOY-23MAY,2023-05-15,2023-06-13,5.000000000000001,72,0,72,21.428571428571427,FALSE
CPICOREYOY-23MAY,2023-06-01,2023-06-13,5.000000000000001,90,2073,90,20.408163265306122,FALSE
CPICOREYOY-23MAY,2023-06-02,2023-06-13,5.000000000000001,94,270,94,16.3265306122449,FALSE
CPICOREYOY-23MAY,2023-06-03,2023-06-13,5.000000000000001,94,0,94,23.46938775510204,FALSE
CPICOREYOY-23MAY,2023-06-04,2023-06-13,5.000000000000001,94,0,94,23.46938775510204,FALSE
CPICOREYOY-23MAY,2023-06-05,2023-06-13,5.000000000000001,90,207,90,14.285714285714286,FALSE
CPICOREYOY-23MAY,2023-06-06,2023-06-13,5.000000000000001,90,165,90,6.122448979591836,FALSE
CPICOREYOY-23MAY,2023-06-07,2023-06-13,5.000000000000001,90,0,90,6.122448979591836,FALSE
CPICOREYOY-23MAY,2023-06-08,2023-06-13,5.000000000000001,90,30,90,13.26530612244898,FALSE
CPICOREYOY-23MAY,2023-06-09,2023-06-13,5.000000000000001,90,0,90,11.224489795918368,FALSE
CPICOREYOY-23MAY,2023-06-10,2023-06-13,5.000000000000001,90,0,90,11.224489795918368,FALSE
CPICOREYOY-23MAY,2023-06-11,2023-06-13,5.000000000000001,90,0,90,7.142857142857143,FALSE
CPICOREYOY-23MAY,2023-06-12,2023-06-13,5.000000000000001,95,360,95,11.224489795918368,FALSE
CPICOREYOY-23MAY,2023-06-13,2023-06-13,5.000000000000001,97,313,97,12.244897959183673,FALSE
CPICOREYOY-23FEB,2023-03-01,2023-03-14,5.1,98,100,98,98.9795918367347,FALSE
CPICOREYOY-23FEB,2023-03-02,2023-03-14,5.1,98,0,98,98.9795918367347,FALSE
CPICOREYOY-23FEB,2023-03-03,2023-03-14,5.1,98,0,98,98.9795918367347,FALSE
CPICOREYOY-23FEB,2023-03-04,2023-03-14,5.1,98,0,98,98.9795918367347,FALSE
CPICOREYOY-23FEB,2023-03-05,2023-03-14,5.1,98,0,98,98.9795918367347,FALSE
CPICOREYOY-23FEB,2023-03-06,2023-03-14,5.1,98,0,98,0,FALSE
CPICOREYOY-23FEB,2023-03-07,2023-03-14,5.1,98,0,98,0,FALSE
CPICOREYOY-23FEB,2023-03-08,2023-03-14,5.1,98,0,98,0,FALSE
CPICOREYOY-23FEB,2023-03-09,2023-03-14,5.1,98,0,98,0,FALSE
CPICOREYOY-23FEB,2023-03-10,2023-03-14,5.1,98,0,98,0,FALSE
CPICOREYOY-23FEB,2023-03-11,2023-03-14,5.1,98,40,98,0,FALSE
CPICOREYOY-23FEB,2023-03-12,2023-03-14,5.1,98,0,98,0,FALSE
CPICOREYOY-23FEB,2023-03-13,2023-03-14,5.1,98,0,98,1.0204081632653061,FALSE
CPICOREYOY-23FEB,2023-03-14,2023-03-14,5.1,98,84,98,4.081632653061225,FALSE
CPICOREYOY-23JUN,2023-07-06,2023-07-12,5.1,6,0,6,5.1020408163265305,FALSE
CPICOREYOY-23JUN,2023-07-07,2023-07-12,5.1,5,55,5,4.081632653061225,FALSE
CPICOREYOY-23JUN,2023-07-08,2023-07-12,5.1,5,0,5,4.081632653061225,FALSE
CPICOREYOY-23JUN,2023-07-09,2023-07-12,5.1,2,25,2,1.0204081632653061,FALSE
CPICOREYOY-23JUN,2023-07-10,2023-07-12,5.1,2,350,2,1.0204081632653061,FALSE
CPICOREYOY-23JUN,2023-07-11,2023-07-12,5.1,2,30,2,1.0204081632653061,FALSE
CPICOREYOY-23JUN,2023-07-12,2023-07-12,5.1,2,648,2,1.0204081632653061,FALSE
CPICOREYOY-23MAR,2023-03-16,2023-04-12,5.1,83,796,83,59.183673469387756,FALSE
CPICOREYOY-23MAR,2023-03-17,2023-04-12,5.1,83,0,83,55.10204081632653,FALSE
CPICOREYOY-23MAR,2023-03-18,2023-04-12,5.1,83,0,83,7.142857142857143,FALSE
CPICOREYOY-23MAR,2023-03-19,2023-04-12,5.1,83,0,83,7.142857142857143,FALSE
CPICOREYOY-23MAR,2023-03-20,2023-04-12,5.1,83,0,83,7.142857142857143,FALSE
CPICOREYOY-23MAR,2023-03-21,2023-04-12,5.1,83,0,83,7.142857142857143,FALSE
CPICOREYOY-23MAR,2023-03-22,2023-04-12,5.1,83,0,83,8.16326530612245,FALSE
CPICOREYOY-23MAR,2023-03-23,2023-04-12,5.1,83,0,83,8.16326530612245,FALSE
CPICOREYOY-23MAR,2023-03-24,2023-04-12,5.1,83,0,83,8.16326530612245,FALSE
CPICOREYOY-23MAR,2023-03-25,2023-04-12,5.1,83,0,83,8.16326530612245,FALSE
CPICOREYOY-23MAR,2023-03-26,2023-04-12,5.1,83,0,83,8.16326530612245,FALSE
CPICOREYOY-23MAR,2023-03-27,2023-04-12,5.1,89,50,89,14.285714285714286,FALSE
CPICOREYOY-23MAR,2023-03-28,2023-04-12,5.1,95,2000,95,12.244897959183673,FALSE
CPICOREYOY-23MAR,2023-03-29,2023-04-12,5.1,95,0,95,12.244897959183673,FALSE
CPICOREYOY-23MAR,2023-03-30,2023-04-12,5.1,95,0,95,12.244897959183673,FALSE
CPICOREYOY-23MAR,2023-03-31,2023-04-12,5.1,95,0,95,12.244897959183673,FALSE
CPICOREYOY-23MAR,2023-04-01,2023-04-12,5.1,95,0,95,12.244897959183673,FALSE
CPICOREYOY-23MAR,2023-04-02,2023-04-12,5.1,95,0,95,12.244897959183673,FALSE
CPICOREYOY-23MAR,2023-04-03,2023-04-12,5.1,95,0,96,3.061224489795918,FALSE
CPICOREYOY-23MAR,2023-04-04,2023-04-12,5.1,95,0,97,0,FALSE
CPICOREYOY-23MAR,2023-04-05,2023-04-12,5.1,95,0,97,0,FALSE
CPICOREYOY-23MAR,2023-04-06,2023-04-12,5.1,95,0,97,0,FALSE
CPICOREYOY-23MAR,2023-04-07,2023-04-12,5.1,95,0,95,0,FALSE
CPICOREYOY-23MAR,2023-04-08,2023-04-12,5.1,95,0,98,0,FALSE
CPICOREYOY-23MAR,2023-04-09,2023-04-12,5.1,95,0,98,0,FALSE
CPICOREYOY-23MAR,2023-04-10,2023-04-12,5.1,95,0,98,0,FALSE
CPICOREYOY-23MAR,2023-04-11,2023-04-12,5.1,95,0,98,0,FALSE
CPICOREYOY-22DEC,2022-12-25,2022-12-25,5.1000000000000005,55.00000000000001,93,56.99999999999999,2.0408163265306194,FALSE
CPICOREYOY-23APR,2023-04-16,2023-05-10,5.1000000000000005,0,0,87,0,FALSE
CPICOREYOY-23APR,2023-04-17,2023-05-10,5.1000000000000005,0,0,86,0,FALSE
CPICOREYOY-23APR,2023-04-18,2023-05-10,5.1000000000000005,0,0,86,0,FALSE
CPICOREYOY-23APR,2023-04-19,2023-05-10,5.1000000000000005,0,0,86,0,FALSE
CPICOREYOY-23APR,2023-04-20,2023-05-10,5.1000000000000005,0,0,55.00000000000001,0,FALSE
CPICOREYOY-23APR,2023-04-21,2023-05-10,5.1000000000000005,0,0,55.00000000000001,0,FALSE
CPICOREYOY-23APR,2023-04-22,2023-05-10,5.1000000000000005,0,0,55.00000000000001,0,FALSE
CPICOREYOY-23APR,2023-04-23,2023-05-10,5.1000000000000005,0,0,55.00000000000001,0,FALSE
CPICOREYOY-23APR,2023-04-24,2023-05-10,5.1000000000000005,0,0,55.00000000000001,0,FALSE
CPICOREYOY-23APR,2023-04-25,2023-05-10,5.1000000000000005,0,0,55.00000000000001,0,FALSE
CPICOREYOY-23APR,2023-04-26,2023-05-10,5.1000000000000005,0,0,55.00000000000001,0,FALSE
CPICOREYOY-23APR,2023-04-27,2023-05-10,5.1000000000000005,0,0,55.00000000000001,0,FALSE
CPICOREYOY-23APR,2023-04-28,2023-05-10,5.1000000000000005,0,0,55.00000000000001,0,FALSE
CPICOREYOY-23APR,2023-04-29,2023-05-10,5.1000000000000005,0,0,55.00000000000001,0,FALSE
CPICOREYOY-23APR,2023-04-30,2023-05-10,5.1000000000000005,0,0,55.00000000000001,0,FALSE
CPICOREYOY-23APR,2023-05-01,2023-05-10,5.1000000000000005,0,0,89,10.204081632653061,FALSE
CPICOREYOY-23APR,2023-05-02,2023-05-10,5.1000000000000005,0,0,55.00000000000001,0,FALSE
CPICOREYOY-23APR,2023-05-03,2023-05-10,5.1000000000000005,0,0,55.00000000000001,0,FALSE
CPICOREYOY-23APR,2023-05-04,2023-05-10,5.1000000000000005,0,0,55.00000000000001,0,FALSE
CPICOREYOY-23APR,2023-05-05,2023-05-10,5.1000000000000005,0,0,55.00000000000001,0,FALSE
CPICOREYOY-23APR,2023-05-06,2023-05-10,5.1000000000000005,0,0,55.00000000000001,0,FALSE
CPICOREYOY-23APR,2023-05-07,2023-05-10,5.1000000000000005,0,0,55.00000000000001,0,FALSE
CPICOREYOY-23APR,2023-05-08,2023-05-10,5.1000000000000005,0,0,55.00000000000001,0,FALSE
CPICOREYOY-23APR,2023-05-09,2023-05-10,5.1000000000000005,0,0,55.00000000000001,0,FALSE
CPICOREYOY-23APR,2023-05-10,2023-05-10,5.1000000000000005,0,0,55.00000000000001,0,FALSE
CPICOREYOY-23JUN,2023-06-13,2023-07-12,5.1000000000000005,24,713,24,16.3265306122449,FALSE
CPICOREYOY-23JUN,2023-06-14,2023-07-12,5.1000000000000005,5,1090,5,4.081632653061225,FALSE
CPICOREYOY-23JUN,2023-06-15,2023-07-12,5.1000000000000005,5,0,5,4.081632653061225,FALSE
CPICOREYOY-23JUN,2023-06-16,2023-07-12,5.1000000000000005,5,0,5,4.081632653061225,FALSE
CPICOREYOY-23JUN,2023-06-17,2023-07-12,5.1000000000000005,5,0,5,4.081632653061225,FALSE
CPICOREYOY-23JUN,2023-06-18,2023-07-12,5.1000000000000005,5,0,5,4.081632653061225,FALSE
CPICOREYOY-23JUN,2023-06-19,2023-07-12,5.1000000000000005,5,0,5,3.061224489795918,FALSE
CPICOREYOY-23JUN,2023-06-20,2023-07-12,5.1000000000000005,5,0,5,2.0408163265306123,FALSE
CPICOREYOY-23JUN,2023-06-21,2023-07-12,5.1000000000000005,11,9960,11,5.1020408163265305,FALSE
CPICOREYOY-23JUN,2023-06-22,2023-07-12,5.1000000000000005,8,3336,8,2.0408163265306123,FALSE
CPICOREYOY-23JUN,2023-06-23,2023-07-12,5.1000000000000005,7.000000000000001,636,7.000000000000001,1.020408163265307,FALSE
CPICOREYOY-23JUN,2023-06-24,2023-07-12,5.1000000000000005,7.000000000000001,0,7.000000000000001,1.020408163265307,FALSE
CPICOREYOY-23JUN,2023-06-25,2023-07-12,5.1000000000000005,7.000000000000001,0,7.000000000000001,1.020408163265307,FALSE
CPICOREYOY-23JUN,2023-06-26,2023-07-12,5.1000000000000005,7.000000000000001,3000,7.000000000000001,1.020408163265307,FALSE
CPICOREYOY-23JUN,2023-06-27,2023-07-12,5.1000000000000005,7.000000000000001,0,7.000000000000001,1.020408163265307,FALSE
CPICOREYOY-23JUN,2023-06-28,2023-07-12,5.1000000000000005,7.000000000000001,0,7.000000000000001,1.020408163265307,FALSE
CPICOREYOY-23JUN,2023-06-29,2023-07-12,5.1000000000000005,7.000000000000001,0,6,0,FALSE
CPICOREYOY-23JUN,2023-06-30,2023-07-12,5.1000000000000005,7.000000000000001,0,6,0,FALSE
CPICOREYOY-23JUN,2023-07-01,2023-07-12,5.1000000000000005,7.000000000000001,0,7.000000000000001,5.1020408163265305,FALSE
CPICOREYOY-23JUN,2023-07-02,2023-07-12,5.1000000000000005,6,82,6,5.1020408163265305,FALSE
CPICOREYOY-23JUN,2023-07-03,2023-07-12,5.1000000000000005,6,0,6,5.1020408163265305,FALSE
CPICOREYOY-23JUN,2023-07-04,2023-07-12,5.1000000000000005,6,0,6,5.1020408163265305,FALSE
CPICOREYOY-23JUN,2023-07-05,2023-07-12,5.1000000000000005,6,0,6,5.1020408163265305,FALSE
CPICOREYOY-23MAR,2023-04-12,2023-04-12,5.1000000000000005,95,0,98,0,FALSE
CPICOREYOY-23MAY,2023-05-14,2023-06-13,5.1000000000000005,48,0,48,47.95918367346939,FALSE
CPICOREYOY-23MAY,2023-05-15,2023-06-13,5.1000000000000005,51,25,51,51.02040816326531,FALSE
CPICOREYOY-23MAY,2023-05-16,2023-06-13,5.1000000000000005,63,319,63,63.265306122448976,FALSE
CPICOREYOY-23MAY,2023-05-17,2023-06-13,5.1000000000000005,56.00000000000001,100,56.00000000000001,56.122448979591844,FALSE
CPICOREYOY-23MAY,2023-05-18,2023-06-13,5.1000000000000005,62,10,62,62.244897959183675,FALSE
CPICOREYOY-23MAY,2023-05-19,2023-06-13,5.1000000000000005,62,0,62,62.244897959183675,FALSE
CPICOREYOY-23MAY,2023-05-20,2023-06-13,5.1000000000000005,56.00000000000001,40,56.00000000000001,56.122448979591844,FALSE
CPICOREYOY-23MAY,2023-05-21,2023-06-13,5.1000000000000005,55.00000000000001,10,55.00000000000001,55.10204081632654,FALSE
CPICOREYOY-23MAY,2023-05-22,2023-06-13,5.1000000000000005,55.00000000000001,20,55.00000000000001,55.10204081632654,FALSE
CPICOREYOY-23MAY,2023-05-23,2023-06-13,5.1000000000000005,60,6,60,60.204081632653065,FALSE
CPICOREYOY-23MAY,2023-05-24,2023-06-13,5.1000000000000005,55.00000000000001,24,55.00000000000001,55.10204081632654,FALSE
CPICOREYOY-23MAY,2023-05-25,2023-06-13,5.1000000000000005,60,7,60,60.204081632653065,FALSE
CPICOREYOY-23MAY,2023-05-26,2023-06-13,5.1000000000000005,60,0,60,60.204081632653065,FALSE
CPICOREYOY-23MAY,2023-05-27,2023-06-13,5.1000000000000005,60,5,60,60.204081632653065,FALSE
CPICOREYOY-23MAY,2023-05-28,2023-06-13,5.1000000000000005,59,11,59,59.183673469387756,FALSE
CPICOREYOY-23MAY,2023-05-29,2023-06-13,5.1000000000000005,59,0,59,59.183673469387756,FALSE
CPICOREYOY-23MAY,2023-05-30,2023-06-13,5.1000000000000005,56.00000000000001,12,56.00000000000001,56.122448979591844,FALSE
CPICOREYOY-23MAY,2023-05-31,2023-06-13,5.1000000000000005,60,131,60,60.204081632653065,FALSE
CPICOREYOY-23MAY,2023-06-01,2023-06-13,5.1000000000000005,70,1154,70,70.40816326530613,FALSE
CPICOREYOY-23MAY,2023-06-02,2023-06-13,5.1000000000000005,78,157,78,78.57142857142857,FALSE
CPICOREYOY-23MAY,2023-06-03,2023-06-13,5.1000000000000005,71,50,71,71.42857142857143,FALSE
CPICOREYOY-23MAY,2023-06-04,2023-06-13,5.1000000000000005,71,54,71,71.42857142857143,FALSE
CPICOREYOY-23MAY,2023-06-05,2023-06-13,5.1000000000000005,76,100,76,76.53061224489795,FALSE
CPICOREYOY-23MAY,2023-06-06,2023-06-13,5.1000000000000005,84,506,84,84.6938775510204,FALSE
CPICOREYOY-23MAY,2023-06-07,2023-06-13,5.1000000000000005,84,20,84,40.816326530612244,FALSE
CPICOREYOY-23MAY,2023-06-08,2023-06-13,5.1000000000000005,77,10,77,17.346938775510203,FALSE
CPICOREYOY-23MAY,2023-06-09,2023-06-13,5.1000000000000005,79,200,79,27.551020408163264,FALSE
CPICOREYOY-23MAY,2023-06-10,2023-06-13,5.1000000000000005,79,0,79,21.428571428571438,FALSE
CPICOREYOY-23MAY,2023-06-11,2023-06-13,5.1000000000000005,83,13,83,25.51020408163266,FALSE
CPICOREYOY-23MAY,2023-06-12,2023-06-13,5.1000000000000005,84,412,84,19.387755102040817,FALSE
CPICOREYOY-23MAY,2023-06-13,2023-06-13,5.1000000000000005,85,773,85,24.489795918367346,FALSE
CPICOREYOY-23JUN,2023-07-06,2023-07-12,5.199999999999999,6,0,6,0,FALSE
CPICOREYOY-23JUN,2023-07-07,2023-07-12,5.199999999999999,6,0,5,0,FALSE
CPICOREYOY-23JUN,2023-07-08,2023-07-12,5.199999999999999,6,0,5,0,FALSE
CPICOREYOY-23JUN,2023-07-09,2023-07-12,5.199999999999999,6,0,2,0,FALSE
CPICOREYOY-23JUN,2023-07-10,2023-07-12,5.199999999999999,6,0,2,0,FALSE
CPICOREYOY-23JUN,2023-07-11,2023-07-12,5.199999999999999,6,0,2,0,FALSE
CPICOREYOY-23JUN,2023-07-12,2023-07-12,5.199999999999999,6,0,2,0,FALSE
CPICOREYOY-22DEC,2022-12-25,2022-12-25,5.2,56.99999999999999,93,56.99999999999999,10.204081632653054,FALSE
CPICOREYOY-23APR,2023-04-13,2023-05-10,5.2,0,0,88,11.224489795918368,FALSE
CPICOREYOY-23APR,2023-04-14,2023-05-10,5.2,0,0,84,15.306122448979592,FALSE
CPICOREYOY-23APR,2023-04-15,2023-05-10,5.2,0,0,84,15.306122448979592,FALSE
CPICOREYOY-23APR,2023-04-16,2023-05-10,5.2,85,46,87,12.244897959183673,FALSE
CPICOREYOY-23APR,2023-04-17,2023-05-10,5.2,85,0,86,13.26530612244898,FALSE
CPICOREYOY-23APR,2023-04-18,2023-05-10,5.2,85,0,86,13.26530612244898,FALSE
CPICOREYOY-23APR,2023-04-19,2023-05-10,5.2,85,0,86,13.26530612244898,FALSE
CPICOREYOY-23APR,2023-04-20,2023-05-10,5.2,85,0,55.00000000000001,0,FALSE
CPICOREYOY-23APR,2023-04-21,2023-05-10,5.2,85,0,55.00000000000001,0,FALSE
CPICOREYOY-23APR,2023-04-22,2023-05-10,5.2,85,0,55.00000000000001,0,FALSE
CPICOREYOY-23APR,2023-04-23,2023-05-10,5.2,85,0,55.00000000000001,0,FALSE
CPICOREYOY-23APR,2023-04-24,2023-05-10,5.2,85,0,55.00000000000001,0,FALSE
CPICOREYOY-23APR,2023-04-25,2023-05-10,5.2,85,0,55.00000000000001,0,FALSE
CPICOREYOY-23APR,2023-04-26,2023-05-10,5.2,85,0,55.00000000000001,0,FALSE
CPICOREYOY-23APR,2023-04-27,2023-05-10,5.2,89,100,55.00000000000001,0,FALSE
CPICOREYOY-23APR,2023-04-28,2023-05-10,5.2,89,0,55.00000000000001,0,FALSE
CPICOREYOY-23APR,2023-04-29,2023-05-10,5.2,89,0,55.00000000000001,0,FALSE
CPICOREYOY-23APR,2023-04-30,2023-05-10,5.2,89,0,55.00000000000001,0,FALSE
CPICOREYOY-23APR,2023-05-01,2023-05-10,5.2,89,0,89,1.0204081632653061,FALSE
CPICOREYOY-23APR,2023-05-02,2023-05-10,5.2,89,0,55.00000000000001,0,FALSE
CPICOREYOY-23APR,2023-05-03,2023-05-10,5.2,89,0,55.00000000000001,0,FALSE
CPICOREYOY-23APR,2023-05-04,2023-05-10,5.2,89,0,55.00000000000001,0,FALSE
CPICOREYOY-23APR,2023-05-05,2023-05-10,5.2,89,0,55.00000000000001,0,FALSE
CPICOREYOY-23APR,2023-05-06,2023-05-10,5.2,89,0,55.00000000000001,0,FALSE
CPICOREYOY-23APR,2023-05-07,2023-05-10,5.2,89,0,55.00000000000001,0,FALSE
CPICOREYOY-23APR,2023-05-08,2023-05-10,5.2,92,360,55.00000000000001,0,FALSE
CPICOREYOY-23APR,2023-05-09,2023-05-10,5.2,92,0,55.00000000000001,0,FALSE
CPICOREYOY-23APR,2023-05-10,2023-05-10,5.2,92,0,55.00000000000001,0,FALSE
CPICOREYOY-23FEB,2023-03-06,2023-03-14,5.2,0,0,56.99999999999999,1.0204081632653061,FALSE
CPICOREYOY-23FEB,2023-03-07,2023-03-14,5.2,0,0,56.99999999999999,1.0204081632653061,FALSE
CPICOREYOY-23FEB,2023-03-08,2023-03-14,5.2,0,0,56.99999999999999,1.0204081632653061,FALSE
CPICOREYOY-23FEB,2023-03-09,2023-03-14,5.2,0,0,56.99999999999999,1.0204081632653061,FALSE
CPICOREYOY-23FEB,2023-03-10,2023-03-14,5.2,0,0,56.99999999999999,1.0204081632653061,FALSE
CPICOREYOY-23FEB,2023-03-11,2023-03-14,5.2,0,0,56.99999999999999,1.0204081632653061,FALSE
CPICOREYOY-23FEB,2023-03-12,2023-03-14,5.2,0,0,56.99999999999999,1.0204081632653061,FALSE
CPICOREYOY-23FEB,2023-03-13,2023-03-14,5.2,95,5,95,3.061224489795918,FALSE
CPICOREYOY-23FEB,2023-03-14,2023-03-14,5.2,94,150,94,8.16326530612245,FALSE
CPICOREYOY-23JUN,2023-06-20,2023-07-12,5.2,3,300,3,2.0408163265306123,FALSE
CPICOREYOY-23JUN,2023-06-21,2023-07-12,5.2,6,204,6,5.1020408163265305,FALSE
CPICOREYOY-23JUN,2023-06-22,2023-07-12,5.2,6,0,6,5.1020408163265305,FALSE
CPICOREYOY-23JUN,2023-06-23,2023-07-12,5.2,6,0,6,5.1020408163265305,FALSE
CPICOREYOY-23JUN,2023-06-24,2023-07-12,5.2,6,0,6,5.1020408163265305,FALSE
CPICOREYOY-23JUN,2023-06-25,2023-07-12,5.2,6,0,6,5.1020408163265305,FALSE
CPICOREYOY-23JUN,2023-06-26,2023-07-12,5.2,6,0,6,5.1020408163265305,FALSE
CPICOREYOY-23JUN,2023-06-27,2023-07-12,5.2,6,0,6,5.1020408163265305,FALSE
CPICOREYOY-23JUN,2023-06-28,2023-07-12,5.2,6,0,6,5.1020408163265305,FALSE
CPICOREYOY-23JUN,2023-06-29,2023-07-12,5.2,6,0,6,0,FALSE
CPICOREYOY-23JUN,2023-06-30,2023-07-12,5.2,6,0,6,0,FALSE
CPICOREYOY-23JUN,2023-07-01,2023-07-12,5.2,6,0,6,0,FALSE
CPICOREYOY-23JUN,2023-07-02,2023-07-12,5.2,6,0,6,0,FALSE
CPICOREYOY-23JUN,2023-07-03,2023-07-12,5.2,6,0,6,0,FALSE
CPICOREYOY-23JUN,2023-07-04,2023-07-12,5.2,6,0,6,0,FALSE
CPICOREYOY-23JUN,2023-07-05,2023-07-12,5.2,6,0,6,0,FALSE
CPICOREYOY-23MAR,2023-03-13,2023-04-12,5.2,0,0,23,77.55102040816327,FALSE
CPICOREYOY-23MAR,2023-03-14,2023-04-12,5.2,0,0,23,77.55102040816327,FALSE
CPICOREYOY-23MAR,2023-03-15,2023-04-12,5.2,0,0,69,30.612244897959183,FALSE
CPICOREYOY-23MAR,2023-03-16,2023-04-12,5.2,0,0,25,11.224489795918364,FALSE
CPICOREYOY-23MAR,2023-03-17,2023-04-12,5.2,0,0,28.999999999999996,14.285714285714281,FALSE
CPICOREYOY-23MAR,2023-03-18,2023-04-12,5.2,76,46,76,47.95918367346939,FALSE
CPICOREYOY-23MAR,2023-03-19,2023-04-12,5.2,76,0,76,47.95918367346939,FALSE
CPICOREYOY-23MAR,2023-03-20,2023-04-12,5.2,76,0,76,47.95918367346939,FALSE
CPICOREYOY-23MAR,2023-03-21,2023-04-12,5.2,76,0,76,47.95918367346939,FALSE
CPICOREYOY-23MAR,2023-03-22,2023-04-12,5.2,75,10,75,18.367346938775515,FALSE
CPICOREYOY-23MAR,2023-03-23,2023-04-12,5.2,75,0,75,18.367346938775515,FALSE
CPICOREYOY-23MAR,2023-03-24,2023-04-12,5.2,75,0,75,18.367346938775515,FALSE
CPICOREYOY-23MAR,2023-03-25,2023-04-12,5.2,75,0,75,18.367346938775515,FALSE
CPICOREYOY-23MAR,2023-03-26,2023-04-12,5.2,75,0,75,18.367346938775515,FALSE
CPICOREYOY-23MAR,2023-03-27,2023-04-12,5.2,75,0,75,18.367346938775515,FALSE
CPICOREYOY-23MAR,2023-03-28,2023-04-12,5.2,83,2080,83,26.53061224489797,FALSE
CPICOREYOY-23MAR,2023-03-29,2023-04-12,5.2,83,0,83,26.53061224489797,FALSE
CPICOREYOY-23MAR,2023-03-30,2023-04-12,5.2,83,0,83,20.408163265306122,FALSE
CPICOREYOY-23MAR,2023-03-31,2023-04-12,5.2,83,0,83,19.387755102040817,FALSE
CPICOREYOY-23MAR,2023-04-01,2023-04-12,5.2,83,0,83,19.387755102040817,FALSE
CPICOREYOY-23MAR,2023-04-02,2023-04-12,5.2,83,0,83,19.387755102040817,FALSE
CPICOREYOY-23MAR,2023-04-03,2023-04-12,5.2,96,2700,96,7.142857142857143,FALSE
CPICOREYOY-23MAR,2023-04-04,2023-04-12,5.2,96,0,97,2.0408163265306123,FALSE
CPICOREYOY-23MAR,2023-04-05,2023-04-12,5.2,95,46,97,2.0408163265306123,FALSE
CPICOREYOY-23MAR,2023-04-06,2023-04-12,5.2,95,0,97,2.0408163265306123,FALSE
CPICOREYOY-23MAR,2023-04-07,2023-04-12,5.2,95,0,95,4.081632653061225,FALSE
CPICOREYOY-23MAR,2023-04-08,2023-04-12,5.2,95,0,98,1.0204081632653061,FALSE
CPICOREYOY-23MAR,2023-04-09,2023-04-12,5.2,95,0,98,1.0204081632653061,FALSE
CPICOREYOY-23MAR,2023-04-10,2023-04-12,5.2,95,0,98,1.0204081632653061,FALSE
CPICOREYOY-23MAR,2023-04-11,2023-04-12,5.2,95,0,98,1.0204081632653061,FALSE
CPICOREYOY-23MAR,2023-04-12,2023-04-12,5.2,95,0,98,1.0204081632653061,FALSE
CPICOREYOY-23JUN,2023-06-13,2023-07-12,5.200000000000001,8,539,8,7.142857142857143,FALSE
CPICOREYOY-23JUN,2023-06-14,2023-07-12,5.200000000000001,8,0,5,0,FALSE
CPICOREYOY-23JUN,2023-06-15,2023-07-12,5.200000000000001,8,0,5,0,FALSE
CPICOREYOY-23JUN,2023-06-16,2023-07-12,5.200000000000001,8,0,5,0,FALSE
CPICOREYOY-23JUN,2023-06-17,2023-07-12,5.200000000000001,8,0,5,0,FALSE
CPICOREYOY-23JUN,2023-06-18,2023-07-12,5.200000000000001,8,0,5,0,FALSE
CPICOREYOY-23JUN,2023-06-19,2023-07-12,5.200000000000001,2,35,2,1.0204081632653061,FALSE
CPICOREYOY-23MAY,2023-06-07,2023-06-13,5.200000000000001,44,15,44,43.87755102040816,FALSE
CPICOREYOY-23MAY,2023-06-08,2023-06-13,5.200000000000001,60,70,60,60.204081632653065,FALSE
CPICOREYOY-23MAY,2023-06-09,2023-06-13,5.200000000000001,52,55,52,35.714285714285715,FALSE
CPICOREYOY-23MAY,2023-06-10,2023-06-13,5.200000000000001,57.99999999999999,80,57.99999999999999,41.83673469387754,FALSE
CPICOREYOY-23MAY,2023-06-11,2023-06-13,5.200000000000001,57.99999999999999,10,57.99999999999999,41.83673469387754,FALSE
CPICOREYOY-23MAY,2023-06-12,2023-06-13,5.200000000000001,65,860,65,45.91836734693877,FALSE
CPICOREYOY-23MAY,2023-06-13,2023-06-13,5.200000000000001,61,616,61,41.83673469387755,FALSE
CPICOREYOY-23APR,2023-04-13,2023-05-10,5.3,88,400,88,13.26530612244898,FALSE
CPICOREYOY-23APR,2023-04-14,2023-05-10,5.3,84,380,84,15.306122448979592,FALSE
CPICOREYOY-23APR,2023-04-15,2023-05-10,5.3,84,0,84,15.306122448979592,FALSE
CPICOREYOY-23FEB,2023-03-06,2023-03-14,5.3,0,0,56.99999999999999,41.83673469387756,FALSE
CPICOREYOY-23FEB,2023-03-07,2023-03-14,5.3,0,0,56.99999999999999,41.83673469387756,FALSE
CPICOREYOY-23FEB,2023-03-08,2023-03-14,5.3,0,0,56.99999999999999,41.83673469387756,FALSE
CPICOREYOY-23FEB,2023-03-09,2023-03-14,5.3,0,0,56.99999999999999,41.83673469387756,FALSE
CPICOREYOY-23FEB,2023-03-10,2023-03-14,5.3,0,0,56.99999999999999,41.83673469387756,FALSE
CPICOREYOY-23FEB,2023-03-11,2023-03-14,5.3,0,0,56.99999999999999,41.83673469387756,FALSE
CPICOREYOY-23FEB,2023-03-12,2023-03-14,5.3,0,0,56.99999999999999,41.83673469387756,FALSE
CPICOREYOY-23FEB,2023-03-13,2023-03-14,5.3,0,0,56.99999999999999,38.77551020408164,FALSE
CPICOREYOY-23FEB,2023-03-14,2023-03-14,5.3,86,945,86,29.591836734693885,FALSE
CPICOREYOY-23MAR,2023-03-13,2023-04-12,5.3,23,0,23,13.26530612244898,FALSE
CPICOREYOY-23MAR,2023-03-14,2023-04-12,5.3,23,0,23,13.26530612244898,FALSE
CPICOREYOY-23MAR,2023-03-15,2023-04-12,5.3,69,50,69,24.489795918367346,FALSE
CPICOREYOY-23MAR,2023-03-16,2023-04-12,5.3,25,90,25,13.265306122448981,FALSE
CPICOREYOY-23MAR,2023-03-17,2023-04-12,5.3,25,0,28.999999999999996,14.285714285714286,FALSE
CPICOREYOY-23MAR,2023-03-18,2023-04-12,5.3,25,0,28.999999999999996,14.285714285714281,FALSE
CPICOREYOY-23MAR,2023-03-19,2023-04-12,5.3,25,0,28.999999999999996,14.285714285714281,FALSE
CPICOREYOY-23MAR,2023-03-20,2023-04-12,5.3,25,0,28.999999999999996,14.285714285714281,FALSE
CPICOREYOY-23MAR,2023-03-21,2023-04-12,5.3,25,0,28.999999999999996,14.285714285714281,FALSE
CPICOREYOY-23MAR,2023-03-22,2023-04-12,5.3,56.99999999999999,40,56.99999999999999,30.612244897959176,FALSE
CPICOREYOY-23MAR,2023-03-23,2023-04-12,5.3,56.99999999999999,0,56.99999999999999,30.612244897959176,FALSE
CPICOREYOY-23MAR,2023-03-24,2023-04-12,5.3,56.99999999999999,0,56.99999999999999,30.612244897959176,FALSE
CPICOREYOY-23MAR,2023-03-25,2023-04-12,5.3,56.99999999999999,0,56.99999999999999,30.612244897959176,FALSE
CPICOREYOY-23MAR,2023-03-26,2023-04-12,5.3,56.99999999999999,0,56.99999999999999,30.612244897959176,FALSE
CPICOREYOY-23MAR,2023-03-27,2023-04-12,5.3,56.99999999999999,0,56.99999999999999,30.612244897959176,FALSE
CPICOREYOY-23MAR,2023-03-28,2023-04-12,5.3,56.99999999999999,0,56.99999999999999,30.612244897959176,FALSE
CPICOREYOY-23MAR,2023-03-29,2023-04-12,5.3,56.99999999999999,0,56.99999999999999,35.71428571428571,FALSE
CPICOREYOY-23MAR,2023-03-30,2023-04-12,5.3,63,103,63,38.775510204081634,FALSE
CPICOREYOY-23MAR,2023-03-31,2023-04-12,5.3,64,150,64,38.775510204081634,FALSE
CPICOREYOY-23MAR,2023-04-01,2023-04-12,5.3,64,0,64,38.775510204081634,FALSE
CPICOREYOY-23MAR,2023-04-02,2023-04-12,5.3,64,0,64,38.775510204081634,FALSE
CPICOREYOY-23MAR,2023-04-03,2023-04-12,5.3,89,3020,89,11.224489795918368,FALSE
CPICOREYOY-23MAR,2023-04-04,2023-04-12,5.3,97,1,97,19.387755102040817,FALSE
CPICOREYOY-23MAR,2023-04-05,2023-04-12,5.3,97,0,97,19.387755102040817,FALSE
CPICOREYOY-23MAR,2023-04-06,2023-04-12,5.3,97,0,97,19.387755102040817,FALSE
CPICOREYOY-23MAR,2023-04-07,2023-04-12,5.3,95,10,95,6.122448979591836,FALSE
CPICOREYOY-23MAR,2023-04-08,2023-04-12,5.3,98,10,98,9.183673469387756,FALSE
CPICOREYOY-23MAR,2023-04-09,2023-04-12,5.3,98,0,98,9.183673469387756,FALSE
CPICOREYOY-23MAR,2023-04-10,2023-04-12,5.3,98,0,98,6.122448979591836,FALSE
CPICOREYOY-23MAR,2023-04-11,2023-04-12,5.3,98,0,98,6.122448979591836,FALSE
CPICOREYOY-22DEC,2022-12-25,2022-12-25,5.300000000000001,0,0,47,2.0408163265306123,FALSE
CPICOREYOY-23APR,2023-04-10,2023-05-10,5.300000000000001,0,0,83,16.3265306122449,FALSE
CPICOREYOY-23APR,2023-04-11,2023-05-10,5.300000000000001,0,0,83,16.3265306122449,FALSE
CPICOREYOY-23APR,2023-04-12,2023-05-10,5.300000000000001,0,0,83,16.3265306122449,FALSE
CPICOREYOY-23APR,2023-04-16,2023-05-10,5.300000000000001,87,23,87,18.367346938775512,FALSE
CPICOREYOY-23APR,2023-04-17,2023-05-10,5.300000000000001,86,1537,86,10.204081632653061,FALSE
CPICOREYOY-23APR,2023-04-18,2023-05-10,5.300000000000001,86,0,86,6.122448979591836,FALSE
CPICOREYOY-23APR,2023-04-19,2023-05-10,5.300000000000001,86,0,86,21.428571428571427,FALSE
CPICOREYOY-23APR,2023-04-20,2023-05-10,5.300000000000001,72,335,55.00000000000001,44.89795918367346,FALSE
CPICOREYOY-23APR,2023-04-21,2023-05-10,5.300000000000001,72,0,55.00000000000001,44.89795918367346,FALSE
CPICOREYOY-23APR,2023-04-22,2023-05-10,5.300000000000001,83,155,55.00000000000001,44.89795918367346,FALSE
CPICOREYOY-23APR,2023-04-23,2023-05-10,5.300000000000001,83,0,55.00000000000001,44.89795918367346,FALSE
CPICOREYOY-23APR,2023-04-24,2023-05-10,5.300000000000001,83,0,55.00000000000001,44.89795918367346,FALSE
CPICOREYOY-23APR,2023-04-25,2023-05-10,5.300000000000001,83,0,55.00000000000001,44.89795918367346,FALSE
CPICOREYOY-23APR,2023-04-26,2023-05-10,5.300000000000001,83,0,55.00000000000001,44.89795918367346,FALSE
CPICOREYOY-23APR,2023-04-27,2023-05-10,5.300000000000001,83,0,55.00000000000001,44.89795918367346,FALSE
CPICOREYOY-23APR,2023-04-28,2023-05-10,5.300000000000001,82,360,55.00000000000001,44.89795918367346,FALSE
CPICOREYOY-23APR,2023-04-29,2023-05-10,5.300000000000001,88,640,55.00000000000001,44.89795918367346,FALSE
CPICOREYOY-23APR,2023-04-30,2023-05-10,5.300000000000001,88,0,55.00000000000001,44.89795918367346,FALSE
CPICOREYOY-23APR,2023-05-01,2023-05-10,5.300000000000001,88,0,88,37.755102040816325,FALSE
CPICOREYOY-23APR,2023-05-02,2023-05-10,5.300000000000001,88,0,55.00000000000001,44.89795918367346,FALSE
CPICOREYOY-23APR,2023-05-03,2023-05-10,5.300000000000001,88,0,55.00000000000001,44.89795918367346,FALSE
CPICOREYOY-23APR,2023-05-04,2023-05-10,5.300000000000001,88,0,55.00000000000001,44.89795918367346,FALSE
CPICOREYOY-23APR,2023-05-05,2023-05-10,5.300000000000001,88,0,55.00000000000001,44.89795918367346,FALSE
CPICOREYOY-23APR,2023-05-06,2023-05-10,5.300000000000001,88,0,55.00000000000001,44.89795918367346,FALSE
CPICOREYOY-23APR,2023-05-07,2023-05-10,5.300000000000001,88,0,55.00000000000001,44.89795918367346,FALSE
CPICOREYOY-23APR,2023-05-08,2023-05-10,5.300000000000001,82,1000,55.00000000000001,44.89795918367346,FALSE
CPICOREYOY-23APR,2023-05-09,2023-05-10,5.300000000000001,82,0,55.00000000000001,44.89795918367346,FALSE
CPICOREYOY-23APR,2023-05-10,2023-05-10,5.300000000000001,92,271,55.00000000000001,44.89795918367346,FALSE
CPICOREYOY-23MAR,2023-04-12,2023-04-12,5.300000000000001,98,0,98,6.122448979591836,FALSE
CPICOREYOY-23MAY,2023-06-09,2023-06-13,5.300000000000001,17,150,17,15.306122448979592,FALSE
CPICOREYOY-23MAY,2023-06-10,2023-06-13,5.300000000000001,17,0,17,15.306122448979592,FALSE
CPICOREYOY-23MAY,2023-06-11,2023-06-13,5.300000000000001,17,0,17,15.306122448979592,FALSE
CPICOREYOY-23MAY,2023-06-12,2023-06-13,5.300000000000001,20,100,20,18.367346938775512,FALSE
CPICOREYOY-23MAY,2023-06-13,2023-06-13,5.300000000000001,20,0,20,18.367346938775512,FALSE
CPICOREYOY-22DEC,2022-12-25,2022-12-25,5.4,0,0,47,6.122448979591836,FALSE
CPICOREYOY-23APR,2023-04-10,2023-05-10,5.4,83,20,83,9.183673469387756,FALSE
CPICOREYOY-23APR,2023-04-11,2023-05-10,5.4,83,0,83,9.183673469387756,FALSE
CPICOREYOY-23APR,2023-04-12,2023-05-10,5.4,83,0,83,42.857142857142854,FALSE
CPICOREYOY-23APR,2023-04-13,2023-05-10,5.4,75,170,75,29.591836734693878,FALSE
CPICOREYOY-23APR,2023-04-14,2023-05-10,5.4,69,160,69,23.46938775510204,FALSE
CPICOREYOY-23APR,2023-04-15,2023-05-10,5.4,69,0,69,28.571428571428573,FALSE
CPICOREYOY-23APR,2023-04-16,2023-05-10,5.4,69,0,69,31.632653061224488,FALSE
CPICOREYOY-23APR,2023-04-17,2023-05-10,5.4,76,612,76,48.97959183673469,FALSE
CPICOREYOY-23APR,2023-04-18,2023-05-10,5.4,80,310,80,53.06122448979592,FALSE
CPICOREYOY-23APR,2023-04-19,2023-05-10,5.4,65,650,65,34.69387755102041,FALSE
CPICOREYOY-23APR,2023-04-20,2023-05-10,5.4,55.00000000000001,470,55.00000000000001,36.73469387755103,FALSE
CPICOREYOY-23APR,2023-04-21,2023-05-10,5.4,55.00000000000001,0,55.00000000000001,36.73469387755103,FALSE
CPICOREYOY-23APR,2023-04-22,2023-05-10,5.4,64,140,55.00000000000001,25.51020408163266,FALSE
CPICOREYOY-23APR,2023-04-23,2023-05-10,5.4,56.99999999999999,520,55.00000000000001,27.55102040816327,FALSE
CPICOREYOY-23APR,2023-04-24,2023-05-10,5.4,65,200,55.00000000000001,26.53061224489797,FALSE
CPICOREYOY-23APR,2023-04-25,2023-05-10,5.4,68,80,55.00000000000001,17.34693877551021,FALSE
CPICOREYOY-23APR,2023-04-26,2023-05-10,5.4,65,240,55.00000000000001,29.591836734693885,FALSE
CPICOREYOY-23APR,2023-04-27,2023-05-10,5.4,68,140,55.00000000000001,23.46938775510205,FALSE
CPICOREYOY-23APR,2023-04-28,2023-05-10,5.4,60,206,55.00000000000001,25.51020408163266,FALSE
CPICOREYOY-23APR,2023-04-29,2023-05-10,5.4,60,0,55.00000000000001,25.51020408163266,FALSE
CPICOREYOY-23APR,2023-04-30,2023-05-10,5.4,60,0,55.00000000000001,25.51020408163266,FALSE
CPICOREYOY-23APR,2023-05-01,2023-05-10,5.4,51,101,51,33.673469387755105,FALSE
CPICOREYOY-23APR,2023-05-02,2023-05-10,5.4,65,10,55.00000000000001,25.51020408163266,FALSE
CPICOREYOY-23APR,2023-05-03,2023-05-10,5.4,65,93,55.00000000000001,25.51020408163266,FALSE
CPICOREYOY-23APR,2023-05-04,2023-05-10,5.4,65,2,55.00000000000001,25.51020408163266,FALSE
CPICOREYOY-23APR,2023-05-05,2023-05-10,5.4,65,10,55.00000000000001,25.51020408163266,FALSE
CPICOREYOY-23APR,2023-05-06,2023-05-10,5.4,65,0,55.00000000000001,25.51020408163266,FALSE
CPICOREYOY-23APR,2023-05-07,2023-05-10,5.4,65,0,55.00000000000001,25.51020408163266,FALSE
CPICOREYOY-23APR,2023-05-08,2023-05-10,5.4,64,992,55.00000000000001,37.75510204081633,FALSE
CPICOREYOY-23APR,2023-05-09,2023-05-10,5.4,75,1547,55.00000000000001,36.73469387755103,FALSE
CPICOREYOY-23APR,2023-05-10,2023-05-10,5.4,74,490,55.00000000000001,28.57142857142858,FALSE
CPICOREYOY-23FEB,2023-03-06,2023-03-14,5.4,56.99999999999999,1,56.99999999999999,57.14285714285713,FALSE
CPICOREYOY-23FEB,2023-03-07,2023-03-14,5.4,56.99999999999999,0,56.99999999999999,57.14285714285713,FALSE
CPICOREYOY-23FEB,2023-03-08,2023-03-14,5.4,56.99999999999999,0,56.99999999999999,57.14285714285713,FALSE
CPICOREYOY-23FEB,2023-03-09,2023-03-14,5.4,56.99999999999999,0,56.99999999999999,57.14285714285713,FALSE
CPICOREYOY-23FEB,2023-03-10,2023-03-14,5.4,56.99999999999999,0,56.99999999999999,55.10204081632652,FALSE
CPICOREYOY-23FEB,2023-03-11,2023-03-14,5.4,56.99999999999999,0,56.99999999999999,29.591836734693867,FALSE
CPICOREYOY-23FEB,2023-03-12,2023-03-14,5.4,56.99999999999999,0,56.99999999999999,29.591836734693867,FALSE
CPICOREYOY-23FEB,2023-03-13,2023-03-14,5.4,56.99999999999999,0,56.99999999999999,29.591836734693867,FALSE
CPICOREYOY-23FEB,2023-03-14,2023-03-14,5.4,56.99999999999999,0,56.99999999999999,33.67346938775509,FALSE
CPICOREYOY-23MAR,2023-03-13,2023-04-12,5.4,10,0,10,5.1020408163265305,FALSE
CPICOREYOY-23MAR,2023-03-14,2023-04-12,5.4,10,0,10,5.1020408163265305,FALSE
CPICOREYOY-23MAR,2023-03-15,2023-04-12,5.4,45,50,45,40.816326530612244,FALSE
CPICOREYOY-23MAR,2023-03-16,2023-04-12,5.4,14.000000000000002,293,14.000000000000002,0,FALSE
CPICOREYOY-23MAR,2023-03-17,2023-04-12,5.4,28.999999999999996,10,28.999999999999996,0,FALSE
CPICOREYOY-23MAR,2023-03-18,2023-04-12,5.4,28.999999999999996,0,28.999999999999996,14.285714285714286,FALSE
CPICOREYOY-23MAR,2023-03-19,2023-04-12,5.4,28.999999999999996,0,28.999999999999996,14.285714285714286,FALSE
CPICOREYOY-23MAR,2023-03-20,2023-04-12,5.4,28.999999999999996,10,28.999999999999996,14.285714285714286,FALSE
CPICOREYOY-23MAR,2023-03-21,2023-04-12,5.4,28.999999999999996,0,28.999999999999996,14.285714285714286,FALSE
CPICOREYOY-23MAR,2023-03-22,2023-04-12,5.4,27,5,27,12.244897959183673,FALSE
CPICOREYOY-23MAR,2023-03-23,2023-04-12,5.4,27,0,27,12.244897959183673,FALSE
CPICOREYOY-23MAR,2023-03-24,2023-04-12,5.4,27,0,27,12.244897959183673,FALSE
CPICOREYOY-23MAR,2023-03-25,2023-04-12,5.4,27,0,27,12.244897959183673,FALSE
CPICOREYOY-23MAR,2023-03-26,2023-04-12,5.4,27,0,27,12.244897959183673,FALSE
CPICOREYOY-23MAR,2023-03-27,2023-04-12,5.4,27,0,27,12.244897959183673,FALSE
CPICOREYOY-23MAR,2023-03-28,2023-04-12,5.4,27,0,27,12.244897959183673,FALSE
CPICOREYOY-23MAR,2023-03-29,2023-04-12,5.4,22,1,22,7.142857142857143,FALSE
CPICOREYOY-23MAR,2023-03-30,2023-04-12,5.4,25,100,25,11.224489795918364,FALSE
CPICOREYOY-23MAR,2023-03-31,2023-04-12,5.4,26,160,26,12.244897959183671,FALSE
CPICOREYOY-23MAR,2023-04-01,2023-04-12,5.4,26,0,26,12.244897959183671,FALSE
CPICOREYOY-23MAR,2023-04-02,2023-04-12,5.4,26,0,26,11.224489795918368,FALSE
CPICOREYOY-23MAR,2023-04-03,2023-04-12,5.4,78,3693,78,13.26530612244898,FALSE
CPICOREYOY-23MAR,2023-04-04,2023-04-12,5.4,78,0,78,10.204081632653061,FALSE
CPICOREYOY-23MAR,2023-04-05,2023-04-12,5.4,78,0,78,9.183673469387756,FALSE
CPICOREYOY-23MAR,2023-04-06,2023-04-12,5.4,78,0,78,9.183673469387756,FALSE
CPICOREYOY-23MAR,2023-04-07,2023-04-12,5.4,89,124,89,7.142857142857143,FALSE
CPICOREYOY-23MAR,2023-04-08,2023-04-12,5.4,89,0,89,7.142857142857143,FALSE
CPICOREYOY-23MAR,2023-04-09,2023-04-12,5.4,89,0,89,8.16326530612245,FALSE
CPICOREYOY-23MAR,2023-04-10,2023-04-12,5.4,92,1000,92,3.061224489795918,FALSE
CPICOREYOY-23MAR,2023-04-11,2023-04-12,5.4,92,0,92,4.081632653061225,FALSE
CPICOREYOY-23MAR,2023-04-12,2023-04-12,5.4,92,0,92,3.061224489795918,FALSE
CPICOREYOY-23MAY,2023-06-09,2023-06-13,5.4,2,100,2,1.0204081632653061,FALSE
CPICOREYOY-23MAY,2023-06-10,2023-06-13,5.4,2,0,2,1.0204081632653061,FALSE
CPICOREYOY-23MAY,2023-06-11,2023-06-13,5.4,2,0,2,1.0204081632653061,FALSE
CPICOREYOY-23MAY,2023-06-12,2023-06-13,5.4,2,0,2,1.0204081632653061,FALSE
CPICOREYOY-23MAY,2023-06-13,2023-06-13,5.4,2,0,2,1.0204081632653061,FALSE
CPICOREYOY-22DEC,2022-12-25,2022-12-25,5.5,0,0,47,38.775510204081634,FALSE
CPICOREYOY-23APR,2023-04-13,2023-05-10,5.5,46,90,46,23.46938775510204,FALSE
CPICOREYOY-23APR,2023-04-14,2023-05-10,5.5,46,0,46,23.46938775510204,FALSE
CPICOREYOY-23APR,2023-04-15,2023-05-10,5.5,41,30,41,18.367346938775512,FALSE
CPICOREYOY-23APR,2023-04-20,2023-05-10,5.5,19,331,19,13.26530612244898,FALSE
CPICOREYOY-23APR,2023-04-21,2023-05-10,5.5,19,0,19,13.26530612244898,FALSE
CPICOREYOY-23APR,2023-04-22,2023-05-10,5.5,30,114,30,24.489795918367346,FALSE
CPICOREYOY-23APR,2023-04-23,2023-05-10,5.5,28.000000000000004,50,28.000000000000004,22.44897959183674,FALSE
CPICOREYOY-23APR,2023-04-24,2023-05-10,5.5,28.999999999999996,200,28.999999999999996,23.469387755102037,FALSE
CPICOREYOY-23APR,2023-04-25,2023-05-10,5.5,38,635,38,32.6530612244898,FALSE
CPICOREYOY-23APR,2023-04-26,2023-05-10,5.5,26,440,26,20.408163265306122,FALSE
CPICOREYOY-23APR,2023-04-27,2023-05-10,5.5,32,300,32,26.53061224489796,FALSE
CPICOREYOY-23APR,2023-04-28,2023-05-10,5.5,30,61,30,24.489795918367346,FALSE
CPICOREYOY-23APR,2023-04-29,2023-05-10,5.5,30,0,30,24.489795918367346,FALSE
CPICOREYOY-23APR,2023-04-30,2023-05-10,5.5,30,0,30,24.489795918367346,FALSE
CPICOREYOY-23APR,2023-05-01,2023-05-10,5.5,18,51,18,12.244897959183673,FALSE
CPICOREYOY-23APR,2023-05-02,2023-05-10,5.5,30,50,30,24.489795918367346,FALSE
CPICOREYOY-23APR,2023-05-03,2023-05-10,5.5,30,0,30,24.489795918367346,FALSE
CPICOREYOY-23APR,2023-05-04,2023-05-10,5.5,30,35,30,24.489795918367346,FALSE
CPICOREYOY-23APR,2023-05-05,2023-05-10,5.5,30,0,30,24.489795918367346,FALSE
CPICOREYOY-23APR,2023-05-06,2023-05-10,5.5,30,0,30,24.489795918367346,FALSE
CPICOREYOY-23APR,2023-05-07,2023-05-10,5.5,30,0,30,24.489795918367346,FALSE
CPICOREYOY-23APR,2023-05-08,2023-05-10,5.5,18,460,18,12.244897959183673,FALSE
CPICOREYOY-23APR,2023-05-09,2023-05-10,5.5,19,805,19,10.204081632653061,FALSE
CPICOREYOY-23APR,2023-05-10,2023-05-10,5.5,27,784,27,24.489795918367346,FALSE
CPICOREYOY-23FEB,2023-03-10,2023-03-14,5.5,0,0,3,2.0408163265306123,FALSE
CPICOREYOY-23FEB,2023-03-11,2023-03-14,5.5,28.000000000000004,4,28.000000000000004,26.530612244897963,FALSE
CPICOREYOY-23FEB,2023-03-12,2023-03-14,5.5,28.000000000000004,0,28.000000000000004,26.530612244897963,FALSE
CPICOREYOY-23FEB,2023-03-13,2023-03-14,5.5,28.000000000000004,0,28.000000000000004,26.530612244897963,FALSE
CPICOREYOY-23FEB,2023-03-14,2023-03-14,5.5,24,960,24,16.3265306122449,FALSE
CPICOREYOY-23MAR,2023-03-13,2023-04-12,5.5,5,0,5,4.081632653061225,FALSE
CPICOREYOY-23MAR,2023-03-14,2023-04-12,5.5,5,0,5,4.081632653061225,FALSE
CPICOREYOY-23MAR,2023-03-15,2023-04-12,5.5,5,0,5,4.081632653061225,FALSE
CPICOREYOY-23MAR,2023-03-16,2023-04-12,5.5,15,150,14.000000000000002,0,FALSE
CPICOREYOY-23MAR,2023-03-17,2023-04-12,5.5,15,0,15,0,FALSE
CPICOREYOY-23MAR,2023-03-18,2023-04-12,5.5,15,0,15,0,FALSE
CPICOREYOY-23MAR,2023-03-19,2023-04-12,5.5,15,0,15,0,FALSE
CPICOREYOY-23MAR,2023-03-20,2023-04-12,5.5,15,0,15,0,FALSE
CPICOREYOY-23MAR,2023-03-21,2023-04-12,5.5,15,0,15,0,FALSE
CPICOREYOY-23MAR,2023-03-22,2023-04-12,5.5,15,0,15,14.285714285714286,FALSE
CPICOREYOY-23MAR,2023-03-23,2023-04-12,5.5,15,0,15,14.285714285714286,FALSE
CPICOREYOY-23MAR,2023-03-24,2023-04-12,5.5,15,0,15,14.285714285714286,FALSE
CPICOREYOY-23MAR,2023-03-25,2023-04-12,5.5,15,0,15,14.285714285714286,FALSE
CPICOREYOY-23MAR,2023-03-26,2023-04-12,5.5,15,0,15,14.285714285714286,FALSE
CPICOREYOY-23MAR,2023-03-27,2023-04-12,5.5,15,0,15,14.285714285714286,FALSE
CPICOREYOY-23MAR,2023-03-28,2023-04-12,5.5,15,0,15,14.285714285714286,FALSE
CPICOREYOY-23MAR,2023-03-29,2023-04-12,5.5,15,0,15,14.285714285714286,FALSE
CPICOREYOY-23MAR,2023-03-30,2023-04-12,5.5,14.000000000000002,100,14.000000000000002,13.265306122448981,FALSE
CPICOREYOY-23MAR,2023-03-31,2023-04-12,5.5,14.000000000000002,0,14.000000000000002,13.265306122448981,FALSE
CPICOREYOY-23MAR,2023-04-01,2023-04-12,5.5,14.000000000000002,0,14.000000000000002,13.265306122448981,FALSE
CPICOREYOY-23MAR,2023-04-02,2023-04-12,5.5,15,10,15,8.163265306122447,FALSE
CPICOREYOY-23MAR,2023-04-03,2023-04-12,5.5,65,3680,65,27.551020408163264,FALSE
CPICOREYOY-23MAR,2023-04-04,2023-04-12,5.5,68,10,68,18.367346938775512,FALSE
CPICOREYOY-23MAR,2023-04-05,2023-04-12,5.5,69,7,69,19.387755102040817,FALSE
CPICOREYOY-23MAR,2023-04-06,2023-04-12,5.5,69,0,69,19.387755102040817,FALSE
CPICOREYOY-23MAR,2023-04-07,2023-04-12,5.5,82,10,82,19.387755102040817,FALSE
CPICOREYOY-23MAR,2023-04-08,2023-04-12,5.5,82,0,82,20.408163265306122,FALSE
CPICOREYOY-23MAR,2023-04-09,2023-04-12,5.5,81,25,81,16.3265306122449,FALSE
CPICOREYOY-23MAR,2023-04-10,2023-04-12,5.5,89,1174,89,36.734693877551024,FALSE
CPICOREYOY-23MAR,2023-04-11,2023-04-12,5.5,88,4119,88,40.816326530612244,FALSE
CPICOREYOY-23MAR,2023-04-12,2023-04-12,5.5,89,120,89,47.95918367346939,FALSE
CPICOREYOY-23APR,2023-04-10,2023-05-10,5.500000000000001,74,320,74,74.48979591836735,FALSE
CPICOREYOY-23APR,2023-04-11,2023-05-10,5.500000000000001,74,0,74,74.48979591836735,FALSE
CPICOREYOY-23APR,2023-04-12,2023-05-10,5.500000000000001,41,571,41,18.367346938775512,FALSE
CPICOREYOY-23APR,2023-04-16,2023-05-10,5.500000000000001,38,50,38,21.428571428571427,FALSE
CPICOREYOY-23APR,2023-04-17,2023-05-10,5.500000000000001,28.000000000000004,448,28.000000000000004,11.224489795918371,FALSE
CPICOREYOY-23APR,2023-04-18,2023-05-10,5.500000000000001,28.000000000000004,0,28.000000000000004,11.224489795918371,FALSE
CPICOREYOY-23APR,2023-04-19,2023-05-10,5.500000000000001,31,175,31,14.285714285714286,FALSE
CPICOREYOY-23FEB,2023-03-10,2023-03-14,5.6,0,0,3,0,FALSE
CPICOREYOY-23FEB,2023-03-11,2023-03-14,5.6,0,0,2,1.0204081632653061,FALSE
CPICOREYOY-23FEB,2023-03-12,2023-03-14,5.6,0,0,2,1.0204081632653061,FALSE
CPICOREYOY-23FEB,2023-03-13,2023-03-14,5.6,0,0,2,1.0204081632653061,FALSE
CPICOREYOY-23FEB,2023-03-14,2023-03-14,5.6,8,400,8,6.122448979591836,FALSE
CPICOREYOY-23MAR,2023-04-02,2023-04-12,5.6,7.000000000000001,10,7.000000000000001,6.122448979591838,FALSE
CPICOREYOY-23MAR,2023-04-03,2023-04-12,5.6,38,2225,38,37.755102040816325,FALSE
CPICOREYOY-23MAR,2023-04-04,2023-04-12,5.6,50,250,50,50,FALSE
CPICOREYOY-23MAR,2023-04-05,2023-04-12,5.6,50,0,50,50,FALSE
CPICOREYOY-23MAR,2023-04-06,2023-04-12,5.6,50,0,50,50,FALSE
CPICOREYOY-23MAR,2023-04-07,2023-04-12,5.6,63,200,63,61.224489795918366,FALSE
CPICOREYOY-23MAR,2023-04-08,2023-04-12,5.6,62,226,62,51.02040816326531,FALSE
CPICOREYOY-23MAR,2023-04-09,2023-04-12,5.6,65,1250,65,55.10204081632653,FALSE
CPICOREYOY-23MAR,2023-04-10,2023-04-12,5.6,53,4496,53,41.83673469387755,FALSE
CPICOREYOY-23MAR,2023-04-11,2023-04-12,5.6,48,150,48,39.795918367346935,FALSE
CPICOREYOY-22DEC,2022-12-25,2022-12-25,5.6000000000000005,0,0,47,0,FALSE
CPICOREYOY-23APR,2023-04-12,2023-05-10,5.6000000000000005,23,270,23,22.448979591836736,FALSE
CPICOREYOY-23APR,2023-04-13,2023-05-10,5.6000000000000005,23,0,23,22.448979591836736,FALSE
CPICOREYOY-23APR,2023-04-14,2023-05-10,5.6000000000000005,23,0,23,22.448979591836736,FALSE
CPICOREYOY-23APR,2023-04-15,2023-05-10,5.6000000000000005,23,0,23,22.448979591836736,FALSE
CPICOREYOY-23APR,2023-04-16,2023-05-10,5.6000000000000005,17,42,17,11.224489795918368,FALSE
CPICOREYOY-23APR,2023-04-17,2023-05-10,5.6000000000000005,17,0,17,11.224489795918368,FALSE
CPICOREYOY-23APR,2023-04-18,2023-05-10,5.6000000000000005,17,0,17,12.244897959183673,FALSE
CPICOREYOY-23APR,2023-04-19,2023-05-10,5.6000000000000005,17,0,17,12.244897959183673,FALSE
CPICOREYOY-23APR,2023-04-20,2023-05-10,5.6000000000000005,6,220,6,1.0204081632653061,FALSE
CPICOREYOY-23APR,2023-04-21,2023-05-10,5.6000000000000005,6,0,6,1.0204081632653061,FALSE
CPICOREYOY-23APR,2023-04-22,2023-05-10,5.6000000000000005,6,0,6,1.0204081632653061,FALSE
CPICOREYOY-23APR,2023-04-23,2023-05-10,5.6000000000000005,6,0,6,1.0204081632653061,FALSE
CPICOREYOY-23APR,2023-04-24,2023-05-10,5.6000000000000005,6,0,6,1.0204081632653061,FALSE
CPICOREYOY-23APR,2023-04-25,2023-05-10,5.6000000000000005,6,0,6,1.0204081632653061,FALSE
CPICOREYOY-23APR,2023-04-26,2023-05-10,5.6000000000000005,6,100,6,1.0204081632653061,FALSE
CPICOREYOY-23APR,2023-04-27,2023-05-10,5.6000000000000005,6,0,6,1.0204081632653061,FALSE
CPICOREYOY-23APR,2023-04-28,2023-05-10,5.6000000000000005,6,0,6,1.0204081632653061,FALSE
CPICOREYOY-23APR,2023-04-29,2023-05-10,5.6000000000000005,6,0,6,1.0204081632653061,FALSE
CPICOREYOY-23APR,2023-04-30,2023-05-10,5.6000000000000005,6,0,6,1.0204081632653061,FALSE
CPICOREYOY-23APR,2023-05-01,2023-05-10,5.6000000000000005,6,0,6,1.0204081632653061,FALSE
CPICOREYOY-23APR,2023-05-02,2023-05-10,5.6000000000000005,6,0,6,1.0204081632653061,FALSE
CPICOREYOY-23APR,2023-05-03,2023-05-10,5.6000000000000005,6,0,6,1.0204081632653061,FALSE
CPICOREYOY-23APR,2023-05-04,2023-05-10,5.6000000000000005,6,0,6,1.0204081632653061,FALSE
CPICOREYOY-23APR,2023-05-05,2023-05-10,5.6000000000000005,6,0,6,1.0204081632653061,FALSE
CPICOREYOY-23APR,2023-05-06,2023-05-10,5.6000000000000005,6,0,6,1.0204081632653061,FALSE
CPICOREYOY-23APR,2023-05-07,2023-05-10,5.6000000000000005,6,0,6,1.0204081632653061,FALSE
CPICOREYOY-23APR,2023-05-08,2023-05-10,5.6000000000000005,6,0,6,1.0204081632653061,FALSE
CPICOREYOY-23APR,2023-05-09,2023-05-10,5.6000000000000005,9,27,9,4.081632653061225,FALSE
CPICOREYOY-23APR,2023-05-10,2023-05-10,5.6000000000000005,3,51,3,1.0204081632653061,FALSE
CPICOREYOY-23MAR,2023-04-12,2023-04-12,5.6000000000000005,42,1500,42,33.673469387755105,FALSE
CPICOREYOY-22DEC,2022-12-25,2022-12-25,5.7,0,0,47,0,FALSE
CPICOREYOY-23APR,2023-04-20,2023-05-10,5.7,5,0,5,3.061224489795918,FALSE
CPICOREYOY-23APR,2023-04-21,2023-05-10,5.7,5,0,5,3.061224489795918,FALSE
CPICOREYOY-23APR,2023-04-22,2023-05-10,5.7,5,0,5,3.061224489795918,FALSE
CPICOREYOY-23APR,2023-04-23,2023-05-10,5.7,5,0,5,3.061224489795918,FALSE
CPICOREYOY-23APR,2023-04-24,2023-05-10,5.7,5,0,5,3.061224489795918,FALSE
CPICOREYOY-23APR,2023-04-25,2023-05-10,5.7,5,0,5,3.061224489795918,FALSE
CPICOREYOY-23APR,2023-04-26,2023-05-10,5.7,5,0,5,3.061224489795918,FALSE
CPICOREYOY-23APR,2023-04-27,2023-05-10,5.7,5,0,5,3.061224489795918,FALSE
CPICOREYOY-23APR,2023-04-28,2023-05-10,5.7,5,0,5,3.061224489795918,FALSE
CPICOREYOY-23APR,2023-04-29,2023-05-10,5.7,5,0,5,3.061224489795918,FALSE
CPICOREYOY-23APR,2023-04-30,2023-05-10,5.7,5,0,5,3.061224489795918,FALSE
CPICOREYOY-23APR,2023-05-01,2023-05-10,5.7,5,0,5,3.061224489795918,FALSE
CPICOREYOY-23APR,2023-05-02,2023-05-10,5.7,5,0,5,3.061224489795918,FALSE
CPICOREYOY-23APR,2023-05-03,2023-05-10,5.7,5,0,5,3.061224489795918,FALSE
CPICOREYOY-23APR,2023-05-04,2023-05-10,5.7,5,0,5,3.061224489795918,FALSE
CPICOREYOY-23APR,2023-05-05,2023-05-10,5.7,5,0,5,3.061224489795918,FALSE
CPICOREYOY-23APR,2023-05-06,2023-05-10,5.7,5,0,5,3.061224489795918,FALSE
CPICOREYOY-23APR,2023-05-07,2023-05-10,5.7,5,0,5,3.061224489795918,FALSE
CPICOREYOY-23APR,2023-05-08,2023-05-10,5.7,5,0,5,3.061224489795918,FALSE
CPICOREYOY-23APR,2023-05-09,2023-05-10,5.7,5,0,5,3.061224489795918,FALSE
CPICOREYOY-23APR,2023-05-10,2023-05-10,5.7,5,0,3,1.0204081632653061,FALSE
CPICOREYOY-23FEB,2023-03-10,2023-03-14,5.7,3,1600,3,0,FALSE
CPICOREYOY-23FEB,2023-03-11,2023-03-14,5.7,2,150,2,0,FALSE
CPICOREYOY-23FEB,2023-03-12,2023-03-14,5.7,2,0,2,0,FALSE
CPICOREYOY-23FEB,2023-03-13,2023-03-14,5.7,2,0,2,0,FALSE
CPICOREYOY-23FEB,2023-03-14,2023-03-14,5.7,2,0,2,1.0204081632653061,FALSE
CPICOREYOY-23MAR,2023-04-07,2023-04-12,5.7,0,0,3,2.0408163265306123,FALSE
CPICOREYOY-23MAR,2023-04-08,2023-04-12,5.7,12,20,12,9.183673469387756,FALSE
CPICOREYOY-23MAR,2023-04-09,2023-04-12,5.7,11,42,11,8.16326530612245,FALSE
CPICOREYOY-23MAR,2023-04-10,2023-04-12,5.7,12,22,12,10.204081632653061,FALSE
CPICOREYOY-23MAR,2023-04-11,2023-04-12,5.7,9,410,9,8.16326530612245,FALSE
CPICOREYOY-23MAR,2023-04-12,2023-04-12,5.7,9,0,9,8.16326530612245,FALSE
CPICOREYOY-23APR,2023-04-16,2023-05-10,5.700000000000001,6,33,6,4.081632653061225,FALSE
CPICOREYOY-23APR,2023-04-17,2023-05-10,5.700000000000001,6,0,6,4.081632653061225,FALSE
CPICOREYOY-23APR,2023-04-18,2023-05-10,5.700000000000001,5,200,5,3.061224489795918,FALSE
CPICOREYOY-23APR,2023-04-19,2023-05-10,5.700000000000001,5,0,5,3.061224489795918,FALSE
CPICOREYOY-23MAR,2023-04-07,2023-04-12,5.8,3,1000,3,0,FALSE
CPICOREYOY-23MAR,2023-04-08,2023-04-12,5.8,3,600,3,2.0408163265306123,FALSE
CPICOREYOY-23MAR,2023-04-09,2023-04-12,5.8,3,0,3,2.0408163265306123,FALSE
CPICOREYOY-23MAR,2023-04-10,2023-04-12,5.8,2,5,2,1.0204081632653061,FALSE
CPICOREYOY-23MAR,2023-04-11,2023-04-12,5.8,1,1500,1,0,FALSE
CPICOREYOY-22DEC,2022-12-25,2022-12-25,5.800000000000001,0,0,47,0,FALSE
CPICOREYOY-23APR,2023-04-16,2023-05-10,5.800000000000001,2,33,2,1.0204081632653061,FALSE
CPICOREYOY-23APR,2023-04-17,2023-05-10,5.800000000000001,2,0,2,1.0204081632653061,FALSE
CPICOREYOY-23APR,2023-04-18,2023-05-10,5.800000000000001,2,0,2,1.0204081632653061,FALSE
CPICOREYOY-23APR,2023-04-19,2023-05-10,5.800000000000001,2,0,2,1.0204081632653061,FALSE
CPICOREYOY-23APR,2023-04-20,2023-05-10,5.800000000000001,2,0,2,1.0204081632653061,FALSE
CPICOREYOY-23APR,2023-04-21,2023-05-10,5.800000000000001,2,0,2,1.0204081632653061,FALSE
CPICOREYOY-23APR,2023-04-22,2023-05-10,5.800000000000001,2,0,2,1.0204081632653061,FALSE
CPICOREYOY-23APR,2023-04-23,2023-05-10,5.800000000000001,2,0,2,1.0204081632653061,FALSE
CPICOREYOY-23APR,2023-04-24,2023-05-10,5.800000000000001,2,0,2,1.0204081632653061,FALSE
CPICOREYOY-23APR,2023-04-25,2023-05-10,5.800000000000001,2,0,2,1.0204081632653061,FALSE
CPICOREYOY-23APR,2023-04-26,2023-05-10,5.800000000000001,2,0,2,1.0204081632653061,FALSE
CPICOREYOY-23APR,2023-04-27,2023-05-10,5.800000000000001,2,0,2,1.0204081632653061,FALSE
CPICOREYOY-23APR,2023-04-28,2023-05-10,5.800000000000001,2,0,2,1.0204081632653061,FALSE
CPICOREYOY-23APR,2023-04-29,2023-05-10,5.800000000000001,2,0,2,1.0204081632653061,FALSE
CPICOREYOY-23APR,2023-04-30,2023-05-10,5.800000000000001,2,0,2,1.0204081632653061,FALSE
CPICOREYOY-23APR,2023-05-01,2023-05-10,5.800000000000001,2,0,2,1.0204081632653061,FALSE
CPICOREYOY-23APR,2023-05-02,2023-05-10,5.800000000000001,2,0,2,1.0204081632653061,FALSE
CPICOREYOY-23APR,2023-05-03,2023-05-10,5.800000000000001,2,0,2,1.0204081632653061,FALSE
CPICOREYOY-23APR,2023-05-04,2023-05-10,5.800000000000001,2,0,2,1.0204081632653061,FALSE
CPICOREYOY-23APR,2023-05-05,2023-05-10,5.800000000000001,2,0,2,1.0204081632653061,FALSE
CPICOREYOY-23APR,2023-05-06,2023-05-10,5.800000000000001,2,0,2,1.0204081632653061,FALSE
CPICOREYOY-23APR,2023-05-07,2023-05-10,5.800000000000001,2,0,2,1.0204081632653061,FALSE
CPICOREYOY-23APR,2023-05-08,2023-05-10,5.800000000000001,2,0,2,1.0204081632653061,FALSE
CPICOREYOY-23APR,2023-05-09,2023-05-10,5.800000000000001,2,0,2,1.0204081632653061,FALSE
CPICOREYOY-23APR,2023-05-10,2023-05-10,5.800000000000001,2,0,2,0,FALSE
CPICOREYOY-23JAN,2023-02-07,2023-02-07,5.800000000000001,0,0,3,97.95918367346938,FALSE
CPICOREYOY-23MAR,2023-04-12,2023-04-12,5.800000000000001,1,0,1,0,FALSE
CPICOREYOY-22DEC,2022-12-25,2022-12-25,5.9,0,0,47,0,FALSE
CPICOREYOY-23JAN,2023-02-07,2023-02-07,5.9,2,4,3,0,FALSE
CPICOREYOY-22DEC,2022-12-25,2022-12-25,6,0,0,47,0,FALSE
CPICOREYOY-23JAN,2023-02-07,2023-02-07,6.000000000000001,3,3,3,2.0408163265306123,FALSE
CPICOREYOY-22DEC,2022-12-25,2022-12-25,6.1000000000000005,0,0,47,0,FALSE
CPICOREYOY-22DEC,2022-12-25,2022-12-25,6.2,47,93,47,0,FALSE
CPICOREYOY-22DEC,2022-12-25,2022-12-25,6.300000000000001,45,93,45,0,FALSE
CPICOREYOY-22DEC,2022-12-25,2022-12-25,6.4,39,182,39,0,FALSE
