date,contract_preamble,expiry_date,daily_volume,mean,median,mode,skewness,kurtosis,variance
2022-12-25,CPICOREYOY-22DEC,2022-12-25,736,5.346938775510203,5.3,5.1,0.21904761904762063,-1.8522548466788065,0.05187838400666389
2023-02-07,CPICOREYOY-23JAN,2023-02-07,7,5.904081632653062,5.9,5.9,0.9999999999999023,43.08511874999954,7.996668054977107e-4
2023-03-01,CPICOREYOY-23FEB,2023-03-14,100,5.198979591836734,5.199999999999999,5.199999999999999,-0.9999999999992539,91.09970412371084,1.0099958350687142e-4
2023-03-02,CPICOREYOY-23FEB,2023-03-14,0,5.198979591836734,5.199999999999999,5.199999999999999,-0.9999999999992539,91.09970412371084,1.0099958350687142e-4
2023-03-03,CPICOREYOY-23FEB,2023-03-14,0,5.198979591836734,5.199999999999999,5.199999999999999,-0.9999999999992539,91.09970412371084,1.0099958350687142e-4
2023-03-04,CPICOREYOY-23FEB,2023-03-14,0,5.198979591836734,5.199999999999999,5.199999999999999,-0.9999999999992539,91.09970412371084,1.0099958350687142e-4
2023-03-05,CPICOREYOY-23FEB,2023-03-14,0,5.198979591836734,5.199999999999999,5.199999999999999,-0.9999999999992539,91.09970412371084,1.0099958350687142e-4
2023-03-06,CPICOREYOY-23FEB,2023-03-14,1,5.456122448979591,5.5,5.5,-1.0000000000000142,-1.3003950043156653,0.0026665972511453816
2023-03-07,CPICOREYOY-23FEB,2023-03-14,0,5.456122448979591,5.5,5.5,-1.0000000000000142,-1.3003950043156653,0.0026665972511453816
2023-03-08,CPICOREYOY-23FEB,2023-03-14,0,5.456122448979591,5.5,5.5,-1.0000000000000142,-1.3003950043156653,0.0026665972511453816
2023-03-09,CPICOREYOY-23FEB,2023-03-14,0,5.456122448979591,5.5,5.5,-1.0000000000000142,-1.3003950043156653,0.0026665972511453816
2023-03-10,CPICOREYOY-23FEB,2023-03-14,1600,5.458163265306123,5.5,5.5,-0.9111111111111007,-0.7682698139645181,0.003045605997501066
2023-03-11,CPICOREYOY-23FEB,2023-03-14,194,5.48469387755102,5.5,5.3999999999999995,-0.21126760563380342,-1.179312027709706,0.007418783840066654
2023-03-12,CPICOREYOY-23FEB,2023-03-14,0,5.48469387755102,5.5,5.3999999999999995,-0.21126760563380342,-1.179312027709706,0.007418783840066654
2023-03-13,CPICOREYOY-23FEB,2023-03-14,5,5.480612244897959,5.5,5.3999999999999995,-0.2533333333333403,-0.5455510297888573,0.00870574760516453
2023-03-13,CPICOREYOY-23MAR,2023-04-12,0,5.335714285714286,5.3,5.3,0.9999999999999977,4.071472542877198,0.005765306122448972
2023-03-14,CPICOREYOY-23FEB,2023-03-14,2539,5.469387755102041,5.5,5.5,-0.32608695652174974,0.31277773668638664,0.01559350270720534
2023-03-14,CPICOREYOY-23MAR,2023-04-12,0,5.335714285714286,5.3,5.3,0.9999999999999977,4.071472542877198,0.005765306122448972
2023-03-15,CPICOREYOY-23MAR,2023-04-12,100,5.418367346938775,5.3999999999999995,5.5,0.23076923076923597,-1.3114574098905787,0.008438150770512298
2023-03-16,CPICOREYOY-23MAR,2023-04-12,1329,5.221428571428571,5.199999999999999,5.199999999999999,0.39622641509433804,-0.035772510247282785,0.007602040816326535
2023-03-17,CPICOREYOY-23MAR,2023-04-12,10,5.226530612244897,5.199999999999999,5.199999999999999,0.4482758620689593,-0.357748890049737,0.008071636817992507
2023-03-18,CPICOREYOY-23MAR,2023-04-12,46,5.303061224489796,5.3,5.3,0.03703703703703074,-0.5672296745847967,0.014378384006663908
2023-03-19,CPICOREYOY-23MAR,2023-04-12,0,5.303061224489796,5.3,5.3,0.03703703703703074,-0.5672296745847967,0.014378384006663908
2023-03-20,CPICOREYOY-23MAR,2023-04-12,10,5.303061224489796,5.3,5.3,0.03703703703703074,-0.5672296745847967,0.014378384006663908
2023-03-21,CPICOREYOY-23MAR,2023-04-12,0,5.303061224489796,5.3,5.3,0.03703703703703074,-0.5672296745847967,0.014378384006663908
2023-03-22,CPICOREYOY-23MAR,2023-04-12,55,5.357142857142856,5.3999999999999995,5.3999999999999995,-0.3442622950819659,-0.9216664740661158,0.024897959183673483
2023-03-23,CPICOREYOY-23MAR,2023-04-12,0,5.357142857142856,5.3999999999999995,5.3999999999999995,-0.3442622950819659,-0.9216664740661158,0.024897959183673483
2023-03-24,CPICOREYOY-23MAR,2023-04-12,0,5.357142857142856,5.3999999999999995,5.3999999999999995,-0.3442622950819659,-0.9216664740661158,0.024897959183673483
2023-03-25,CPICOREYOY-23MAR,2023-04-12,0,5.357142857142856,5.3999999999999995,5.3999999999999995,-0.3442622950819659,-0.9216664740661158,0.024897959183673483
2023-03-26,CPICOREYOY-23MAR,2023-04-12,0,5.357142857142856,5.3999999999999995,5.3999999999999995,-0.3442622950819659,-0.9216664740661158,0.024897959183673483
2023-03-27,CPICOREYOY-23MAR,2023-04-12,50,5.363265306122448,5.3999999999999995,5.3999999999999995,-0.31034482758620674,-0.8629091710709558,0.02232403165347774
2023-03-28,CPICOREYOY-23MAR,2023-04-12,4080,5.377551020408164,5.3999999999999995,5.3999999999999995,-0.21568627450979577,-0.6400047275943415,0.017659308621407764
2023-03-29,CPICOREYOY-23MAR,2023-04-12,1,5.372448979591837,5.3999999999999995,5.3999999999999995,-0.27835051546390627,-0.4498058214536096,0.01689400249895878
2023-03-30,CPICOREYOY-23MAR,2023-04-12,303,5.380612244897959,5.3999999999999995,5.3999999999999995,-0.20430107526881375,-0.45142567626740426,0.01666493127863392
2023-03-31,CPICOREYOY-23MAR,2023-04-12,310,5.382653061224489,5.3999999999999995,5.3999999999999995,-0.18279569892472514,-0.46376981751831137,0.016739900041649332
2023-04-01,CPICOREYOY-23MAR,2023-04-12,0,5.382653061224489,5.3999999999999995,5.3999999999999995,-0.18279569892472514,-0.46376981751831137,0.016739900041649332
2023-04-02,CPICOREYOY-23MAR,2023-04-12,20,5.389795918367347,5.3999999999999995,5.3999999999999995,-0.09999999999999466,-0.14181714688758085,0.02030403998334028
2023-04-03,CPICOREYOY-23MAR,2023-04-12,15318,5.568367346938776,5.6,5.699999999999999,-0.2952380952380982,-0.18139750727564152,0.019917742607246946
2023-04-04,CPICOREYOY-23MAR,2023-04-12,261,5.594897959183673,5.6499999999999995,5.699999999999999,-0.048543689320385844,-0.969142546469898,0.015586214077467688
2023-04-05,CPICOREYOY-23MAR,2023-04-12,53,5.595918367346938,5.6499999999999995,5.699999999999999,-0.03921568627451461,-0.9234845162591099,0.015493544356518086
2023-04-06,CPICOREYOY-23MAR,2023-04-12,0,5.595918367346938,5.6499999999999995,5.699999999999999,-0.03921568627451461,-0.9234845162591099,0.015493544356518086
2023-04-07,CPICOREYOY-23MAR,2023-04-12,1344,5.633673469387755,5.699999999999999,5.699999999999999,-0.9420289855072486,1.5323979358732558,0.012641607663473518
2023-04-08,CPICOREYOY-23MAR,2023-04-12,856,5.646938775510204,5.699999999999999,5.699999999999999,-0.6666666666666586,0.44803068440921745,0.013715118700541424
2023-04-09,CPICOREYOY-23MAR,2023-04-12,1317,5.6479591836734695,5.699999999999999,5.699999999999999,-0.6800000000000016,0.4714275753504906,0.013720324864639715
2023-04-10,CPICOREYOY-23APR,2023-05-10,340,5.558163265306122,5.6000000000000005,5.6000000000000005,-0.9999999999999916,0.18406688986531838,0.005698667221990852
2023-04-10,CPICOREYOY-23MAR,2023-04-12,6697,5.646938775510203,5.699999999999999,5.699999999999999,-0.6842105263157815,1.2545498235158457,0.010653894210745514
2023-04-11,CPICOREYOY-23APR,2023-05-10,0,5.558163265306122,5.6000000000000005,5.6000000000000005,-0.9999999999999916,0.18406688986531838,0.005698667221990852
2023-04-11,CPICOREYOY-23MAR,2023-04-12,6179,5.636734693877551,5.6,5.6,0.4864864864864873,1.2219042094826174,0.009670970428987909
2023-04-12,CPICOREYOY-23APR,2023-05-10,841,5.546938775510204,5.5,5.5,0.5897435897435934,-1.1060029077929872,0.010245730945439407
2023-04-12,CPICOREYOY-23MAR,2023-04-12,1763,5.631632653061225,5.6,5.6,0.4626865671641951,1.3270781789748893,0.009305497709287801
2023-04-13,CPICOREYOY-23APR,2023-05-10,660,5.53265306122449,5.5,5.5,0.31372549019608204,-0.9099595757604191,0.016076634735526892
2023-04-14,CPICOREYOY-23APR,2023-05-10,540,5.522448979591837,5.5,5.5,0.19642857142857173,-1.1599787597031734,0.018475635152020026
2023-04-15,CPICOREYOY-23APR,2023-05-10,30,5.5173469387755105,5.5,5.5,0.1588785046729,-1.1322331716073122,0.018168471470220778
2023-04-16,CPICOREYOY-23APR,2023-05-10,227,5.5173469387755105,5.5,5.5,0.16831683168317121,-0.32191622620748284,0.018372553102873845
2023-04-17,CPICOREYOY-23APR,2023-05-10,2597,5.513265306122449,5.5,5.5,0.15294117647059627,0.1561525115633673,0.01706892961266143
2023-04-18,CPICOREYOY-23APR,2023-05-10,510,5.516326530612245,5.5,5.5,0.20000000000000212,0.29064493956984583,0.016059975010412366
2023-04-19,CPICOREYOY-23APR,2023-05-10,825,5.504081632653061,5.5,5.5,0.04081632653061715,-0.22244386476344946,0.018146605581007943
2023-04-20,CPICOREYOY-23APR,2023-05-10,1360,5.483673469387755,5.5,5.4,-0.22222222222221344,3.242598338059288,0.010345689296126575
2023-04-21,CPICOREYOY-23APR,2023-05-10,0,5.483673469387755,5.5,5.4,-0.22222222222221344,3.242598338059288,0.010345689296126575
2023-04-22,CPICOREYOY-23APR,2023-05-10,409,5.494897959183673,5.5,5.4,-0.06024096385542915,1.4641255863738074,0.01170866305705951
2023-04-23,CPICOREYOY-23APR,2023-05-10,570,5.492857142857143,5.5,5.4,-0.0864197530864197,1.7195227200000334,0.011479591836734648
2023-04-24,CPICOREYOY-23APR,2023-05-10,400,5.493877551020408,5.5,5.4,-0.07317073170731553,1.5887597389176102,0.011595168679716737
2023-04-25,CPICOREYOY-23APR,2023-05-10,715,5.503061224489796,5.5,5.4,0.032967032967027486,0.6523224567461217,0.012541649312786283
2023-04-26,CPICOREYOY-23APR,2023-05-10,780,5.490816326530612,5.5,5.4,-0.11392405063291447,2.0009027857449997,0.011242190753852516
2023-04-27,CPICOREYOY-23APR,2023-05-10,540,5.496938775510204,5.5,5.4,-0.035294117647063195,1.2319354507695186,0.011929404414827104
2023-04-28,CPICOREYOY-23APR,2023-05-10,627,5.494897959183673,5.5,5.4,-0.06024096385542915,1.4641255863738074,0.01170866305705951
2023-04-29,CPICOREYOY-23APR,2023-05-10,640,5.494897959183673,5.5,5.4,-0.06024096385542915,1.4641255863738074,0.01170866305705951
2023-04-30,CPICOREYOY-23APR,2023-05-10,0,5.494897959183673,5.5,5.4,-0.06024096385542915,1.4641255863738074,0.01170866305705951
2023-05-01,CPICOREYOY-23APR,2023-05-10,152,5.457142857142857,5.5,5.4,-0.43749999999999933,1.3256387506760525,0.01755102040816323
2023-05-02,CPICOREYOY-23APR,2023-05-10,60,5.494897959183673,5.5,5.4,-0.06024096385542915,1.4641255863738074,0.01170866305705951
2023-05-03,CPICOREYOY-23APR,2023-05-10,93,5.494897959183673,5.5,5.4,-0.06024096385542915,1.4641255863738074,0.01170866305705951
2023-05-04,CPICOREYOY-23APR,2023-05-10,37,5.494897959183673,5.5,5.4,-0.06024096385542915,1.4641255863738074,0.01170866305705951
2023-05-05,CPICOREYOY-23APR,2023-05-10,10,5.494897959183673,5.5,5.4,-0.06024096385542915,1.4641255863738074,0.01170866305705951
2023-05-06,CPICOREYOY-23APR,2023-05-10,0,5.494897959183673,5.5,5.4,-0.06024096385542915,1.4641255863738074,0.01170866305705951
2023-05-07,CPICOREYOY-23APR,2023-05-10,0,5.494897959183673,5.5,5.4,-0.06024096385542915,1.4641255863738074,0.01170866305705951
2023-05-08,CPICOREYOY-23APR,2023-05-10,2812,5.48265306122449,5.5,5.4,-0.23943661971831498,3.4603391939630628,0.010209287796751317
2023-05-09,CPICOREYOY-23APR,2023-05-10,2379,5.486734693877551,5.5,5.4,-0.1733333333333315,2.466534940024127,0.011354643898375642
2023-05-10,CPICOREYOY-23APR,2023-05-10,1596,5.48469387755102,5.5,5.4,-0.2054794520547962,-0.12504621764068746,0.008031028738025773
2023-05-14,CPICOREYOY-23MAY,2023-06-13,0,5.108163265306122,5.1000000000000005,5.2,0.09302325581395468,-0.7564909927782368,0.01115785089546022
2023-05-15,CPICOREYOY-23MAY,2023-06-13,25,5.1112244897959185,5.2,5.2,-1.0000000000000016,-0.7479561997287187,0.011404623073719278
2023-05-16,CPICOREYOY-23MAY,2023-06-13,1043,5.160204081632653,5.2,5.2,-1.0000000000000044,-0.16489781640322176,0.0030081216159933595
2023-05-17,CPICOREYOY-23MAY,2023-06-13,320,5.121428571428571,5.2,5.2,-0.9999999999999946,1.3573820866105173,0.011887755102040844
2023-05-18,CPICOREYOY-23MAY,2023-06-13,65,5.121428571428571,5.2,5.2,-0.9999999999999943,0.652730728929062,0.01413265306122453
2023-05-19,CPICOREYOY-23MAY,2023-06-13,0,5.121428571428571,5.2,5.2,-0.9999999999999943,0.652730728929062,0.01413265306122453
2023-05-20,CPICOREYOY-23MAY,2023-06-13,95,5.11734693877551,5.2,5.2,-1.0000000000000004,0.575244589169329,0.013066430653894252
2023-05-21,CPICOREYOY-23MAY,2023-06-13,60,5.116326530612246,5.2,5.2,-1.0000000000000016,0.5646932969093359,0.012998750520616451
2023-05-22,CPICOREYOY-23MAY,2023-06-13,21,5.1204081632653065,5.2,5.2,-0.9999999999999954,-0.37562257863609094,0.010807996668055021
2023-05-23,CPICOREYOY-23MAY,2023-06-13,6,5.125510204081633,5.2,5.2,-0.9999999999999991,-0.2932873866260284,0.01108392336526452
2023-05-24,CPICOREYOY-23MAY,2023-06-13,44,5.119387755102041,5.2,5.2,-0.9999999999999971,-0.46408368246959686,0.010950645564348237
2023-05-25,CPICOREYOY-23MAY,2023-06-13,42,5.130612244897959,5.2,5.2,-0.9999999999999898,1.2336952702166313,0.011103706788838031
2023-05-26,CPICOREYOY-23MAY,2023-06-13,0,5.130612244897959,5.2,5.2,-0.9999999999999898,1.2336952702166313,0.011103706788838031
2023-05-27,CPICOREYOY-23MAY,2023-06-13,12,5.130612244897959,5.2,5.2,-0.9999999999999898,1.2336952702166313,0.011103706788838031
2023-05-28,CPICOREYOY-23MAY,2023-06-13,11,5.1295918367346935,5.2,5.2,-0.9999999999999916,1.2051614733402056,0.01106309870887135
2023-05-29,CPICOREYOY-23MAY,2023-06-13,0,5.1295918367346935,5.2,5.2,-0.9999999999999916,1.2051614733402056,0.01106309870887135
2023-05-30,CPICOREYOY-23MAY,2023-06-13,68,5.123469387755102,5.2,5.2,-1.000000000000002,0.7088695337077504,0.011387963348604792
2023-05-31,CPICOREYOY-23MAY,2023-06-13,131,5.127551020408164,5.2,5.2,-0.9999999999999954,0.7915002818384584,0.01158788004997922
2023-06-01,CPICOREYOY-23MAY,2023-06-13,4028,5.159183673469388,5.2,5.2,-0.9999999999999917,2.432910473509742,0.0050687213660974536
2023-06-02,CPICOREYOY-23MAY,2023-06-13,427,5.171428571428572,5.2,5.2,-0.9999999999999984,6.255293351800594,0.0038775510204081547
2023-06-03,CPICOREYOY-23MAY,2023-06-13,50,5.164285714285715,5.2,5.2,-0.9999999999999987,4.290025925925968,0.004132653061224479
2023-06-04,CPICOREYOY-23MAY,2023-06-13,54,5.164285714285715,5.2,5.2,-0.9999999999999987,4.290025925925968,0.004132653061224479
2023-06-05,CPICOREYOY-23MAY,2023-06-13,307,5.165306122448979,5.2,5.2,-0.9999999999999938,3.4067059415196654,0.004918783840066635
2023-06-06,CPICOREYOY-23MAY,2023-06-13,671,5.173469387755102,5.2,5.2,-0.9999999999999872,5.3765104069940435,0.004602249062890462
2023-06-07,CPICOREYOY-23MAY,2023-06-13,35,5.217346938775511,5.2,5.300000000000001,0.24637681159420666,1.426941052420739,0.009392961266139145
2023-06-08,CPICOREYOY-23MAY,2023-06-13,110,5.226530612244899,5.300000000000001,5.300000000000001,-0.9999999999999973,0.5972659157349098,0.01133694294044152
2023-06-09,CPICOREYOY-23MAY,2023-06-13,505,5.237755102040817,5.300000000000001,5.300000000000001,-0.642105263157898,0.023946910484188066,0.015003123698458999
2023-06-10,CPICOREYOY-23MAY,2023-06-13,80,5.243877551020409,5.300000000000001,5.300000000000001,-0.6179775280898928,0.11401627926999947,0.015115576842982115
2023-06-11,CPICOREYOY-23MAY,2023-06-13,23,5.247959183673469,5.300000000000001,5.300000000000001,-0.5999999999999998,0.4867807752791715,0.014332569762598944
2023-06-12,CPICOREYOY-23JUN,2023-07-12,0,4.439795918367348,4.4,4.4,0.9999999999999906,-1.8495219035202257,0.0023958767180341355
2023-06-12,CPICOREYOY-23MAY,2023-06-13,1732,5.264285714285715,5.300000000000001,5.300000000000001,-0.46666666666667617,1.005649514369022,0.012500000000000013
2023-06-13,CPICOREYOY-23JUN,2023-07-12,2864,4.99795918367347,5,4.9,-0.01515151515151039,-0.4179793008844159,0.02877134527280299
2023-06-13,CPICOREYOY-23MAY,2023-06-13,1702,5.2653061224489806,5.300000000000001,5.300000000000001,-0.45945945945945554,-0.29056487412943843,0.010224906289046242
2023-06-14,CPICOREYOY-23JUN,2023-07-12,6120,4.919387755102041,4.9,4.9,0.19587628865979084,-0.03478078476564095,0.017277176176593054
2023-06-15,CPICOREYOY-23JUN,2023-07-12,1385,4.902040816326531,4.9,4.9,0.025000000000003048,0.5316818180921574,0.015914202415660123
2023-06-16,CPICOREYOY-23JUN,2023-07-12,300,4.896938775510204,4.9,4.9,-0.03529411764705287,0.22495226059034445,0.0174396084964598
2023-06-17,CPICOREYOY-23JUN,2023-07-12,1450,4.910204081632654,4.9,4.9,0.10638297872340793,-0.2703816198297191,0.0174468971261974
2023-06-18,CPICOREYOY-23JUN,2023-07-12,808,4.902040816326531,4.9,4.9,0.022727272727275503,0.04621065118241985,0.01591420241566012
2023-06-19,CPICOREYOY-23JUN,2023-07-12,1055,4.896938775510204,4.9,4.9,-0.03797468354430846,1.3824154894829235,0.013766139108704676
2023-06-20,CPICOREYOY-23JUN,2023-07-12,2734,4.878571428571428,4.9,4.8,-0.2359550561797839,2.4451638917793908,0.01739795918367348
2023-06-21,CPICOREYOY-23JUN,2023-07-12,39560,4.926530612244898,4.9,4.9,0.24074074074073765,0.788057031137281,0.02603082049146188
2023-06-22,CPICOREYOY-23JUN,2023-07-12,13608,4.9091836734693874,4.9,4.9,0.09278350515463242,1.5248466407896135,0.023078925447730107
2023-06-23,CPICOREYOY-23JUN,2023-07-12,7586,4.905102040816327,4.9,4.9,0.0526315789473656,1.787636285216454,0.02211682632236568
2023-06-24,CPICOREYOY-23JUN,2023-07-12,0,4.905102040816327,4.9,4.9,0.0526315789473656,1.787636285216454,0.02211682632236568
2023-06-25,CPICOREYOY-23JUN,2023-07-12,63,4.9071428571428575,4.9,4.9,0.07216494845360798,1.6385836318200706,0.022499999999999996
2023-06-26,CPICOREYOY-23JUN,2023-07-12,12403,4.9,4.9,4.9,0,2.0834519999999914,0.02142857142857143
2023-06-27,CPICOREYOY-23JUN,2023-07-12,8296,4.88265306122449,4.9,4.8,-0.16504854368932323,1.8838498172215994,0.02245418575593503
2023-06-28,CPICOREYOY-23JUN,2023-07-12,2604,4.892857142857143,4.9,4.8,-0.07526881720431007,2.1456555819102805,0.01862244897959185
2023-06-29,CPICOREYOY-23JUN,2023-07-12,110,4.878571428571428,4.9,4.8,-0.26582278481013627,0.23032936288088024,0.010663265306122462
2023-06-30,CPICOREYOY-23JUN,2023-07-12,791,4.885714285714286,4.9,4.9,-0.1944444444444435,0.5244395999999987,0.010204081632653073
2023-07-01,CPICOREYOY-23JUN,2023-07-12,5430,4.873469387755102,4.9,4.8,-0.276595744680847,1.3750532413839842,0.01745939192003334
2023-07-02,CPICOREYOY-23JUN,2023-07-12,332,4.880612244897959,4.9,4.9,-0.21839080459769725,1.5792111444579593,0.017073094543940043
2023-07-03,CPICOREYOY-23JUN,2023-07-12,1500,4.879591836734694,4.9,4.9,-0.23255813953488116,1.645612700099397,0.01693044564764683
2023-07-04,CPICOREYOY-23JUN,2023-07-12,2361,4.877551020408164,4.9,4.8,-0.23404255319148956,1.257189851274119,0.017863390254060824
2023-07-05,CPICOREYOY-23JUN,2023-07-12,7731,4.877551020408164,4.9,4.9,-0.22916666666666693,0.24559232005588338,0.016638900458142453
2023-07-06,CPICOREYOY-23JUN,2023-07-12,2688,4.88469387755102,4.8999999999999995,4.799999999999999,-0.16853932584269718,0.6469594949215409,0.014765722615576859
2023-07-07,CPICOREYOY-23JUN,2023-07-12,894,4.8816326530612235,4.799999999999999,4.799999999999999,0.8510638297872334,0.385390717914289,0.014560599750104146
2023-07-08,CPICOREYOY-23JUN,2023-07-12,572,4.891836734693877,4.8999999999999995,4.799999999999999,-0.09523809523809625,0.6211104683195483,0.013606830487296977
2023-07-09,CPICOREYOY-23JUN,2023-07-12,8516,4.8908163265306115,4.8999999999999995,4.8999999999999995,-0.11111111111111362,0.15251903722301785,0.012262598917117893
2023-07-10,CPICOREYOY-23JUN,2023-07-12,13198,4.8795918367346935,4.8999999999999995,4.799999999999999,-0.21739130434782367,-0.27697761074289184,0.014073302790503976
2023-07-11,CPICOREYOY-23JUL,2023-08-10,65,4.747959183673469,4.7,4.7,0.3430656934306538,-0.5950846204247013,0.03229175343606831
2023-07-11,CPICOREYOY-23JUN,2023-07-12,10181,4.878571428571428,4.8999999999999995,4.799999999999999,-0.24137931034482632,1.1124082939679045,0.014336734693877574
2023-07-12,CPICOREYOY-23JUL,2023-08-10,5882,4.691836734693878,4.7,4.7,-0.07407407407407489,-0.5271981464572706,0.02034152436484801
2023-07-12,CPICOREYOY-23JUN,2023-07-12,6751,4.877551020408163,4.8999999999999995,4.8999999999999995,-0.2750000000000001,1.6046873062476585,0.013373594335693484
2023-07-13,CPICOREYOY-23JUL,2023-08-10,428,4.690816326530612,4.7,4.7,-0.08411214953271222,-0.5687614562999261,0.019813619325281168
2023-07-14,CPICOREYOY-23JUL,2023-08-10,500,4.690816326530612,4.7,4.7,-0.08411214953271222,-0.5687614562999261,0.019813619325281168
2023-07-15,CPICOREYOY-23JUL,2023-08-10,50,4.691836734693878,4.7,4.7,-0.07547169811320836,-0.5370905545729299,0.01952519783423577
2023-07-16,CPICOREYOY-23JUL,2023-08-10,0,4.691836734693878,4.7,4.7,-0.07547169811320836,-0.5370905545729299,0.01952519783423577
2023-07-17,CPICOREYOY-23JUL,2023-08-10,3229,4.672448979591837,4.7,4.7,-0.3103448275862039,0.4903728992072103,0.015465431070387363
2023-07-18,CPICOREYOY-23JUL,2023-08-10,13438,4.671428571428572,4.7,4.7,-0.3414634146341551,0.9468026938775376,0.014285714285714315
2023-07-19,CPICOREYOY-23JUL,2023-08-10,8619,4.6499999999999995,4.65,4.7,0.5268817204301044,1.1223200913732887,0.015561224489795956
2023-07-20,CPICOREYOY-23JUL,2023-08-10,16100,4.626530612244898,4.6,4.6,0.3611111111111056,0.6494934242077126,0.01052061640982927
2023-07-21,CPICOREYOY-23JUL,2023-08-10,348,4.618367346938776,4.6,4.6,0.2812500000000063,0.32538919132432964,0.00884631403581843
2023-07-22,CPICOREYOY-23JUL,2023-08-10,2500,4.625510204081632,4.6,4.6,0.3521126760563432,-0.022996855737966282,0.009859433569346128
2023-07-23,CPICOREYOY-23JUL,2023-08-10,2529,4.633673469387755,4.6,4.6,0.46478873239437235,0.13148944666814266,0.009580383173677659
2023-07-24,CPICOREYOY-23JUL,2023-08-10,2455,4.635714285714286,4.6,4.6,0.5072463768115915,-0.007369491129012307,0.008826530612244917
2023-07-25,CPICOREYOY-23JUL,2023-08-10,1069,4.6387755102040815,4.6,4.6,0.5588235294117798,0.23845208381279503,0.008904623073719307
2023-07-26,CPICOREYOY-23JUL,2023-08-10,2000,4.637755102040816,4.6,4.6,0.5362318840579716,0.156723435191497,0.009084756351520222
2023-07-27,CPICOREYOY-23JUL,2023-08-10,7000,4.648979591836735,4.7,4.7,-0.6578947368421144,0.12098728615087095,0.009233652644731385
2023-07-28,CPICOREYOY-23JUL,2023-08-10,1100,4.6499999999999995,4.7,4.7,-0.6901408450704182,0.48742799999998576,0.0084183673469388
2023-07-29,CPICOREYOY-23JUL,2023-08-10,11,4.652040816326531,4.7,4.7,-0.6438356164383607,0.3281156700502401,0.008822365680966289
2023-07-30,CPICOREYOY-23JUL,2023-08-10,13639,4.636734693877551,4.6,4.6,0.5142857142857129,0.3879235308025746,0.008242399000416518
2023-07-31,CPICOREYOY-23JUL,2023-08-10,5800,4.631632653061225,4.6,4.7,0.41333333333333583,0.07124128811043384,0.009305497709287822
2023-08-01,CPICOREYOY-23JUL,2023-08-10,688,4.6204081632653065,4.6,4.6,0.2941176470588328,-0.23059711526322024,0.008154935443565204
2023-08-02,CPICOREYOY-23JUL,2023-08-10,9462,4.609183673469388,4.6,4.6,0.13432835820895825,-0.3405174136228837,0.008589129529362787
2023-08-03,CPICOREYOY-23JUL,2023-08-10,1675,4.616326530612245,4.6,4.6,0.2162162162162184,0.5807081011117772,0.010957934194085832
2023-08-04,CPICOREYOY-23JUL,2023-08-10,2790,4.612244897959183,4.6,4.6,0.2068965517241326,0.009580207706229249,0.007401082882132459
2023-08-05,CPICOREYOY-23JUL,2023-08-10,3101,4.6204081632653065,4.6,4.6,0.32258064516128665,-0.23899586022713937,0.007542690545606013
2023-08-06,CPICOREYOY-23JUL,2023-08-10,0,4.6204081632653065,4.6,4.6,0.32258064516128665,-0.23899586022713937,0.007542690545606013
2023-08-07,CPICOREYOY-23JUL,2023-08-10,8326,4.628571428571428,4.6,4.6,0.4117647058823506,-0.34341315789474836,0.007755102040816345
2023-08-08,CPICOREYOY-23JUL,2023-08-10,2537,4.637755102040816,4.7,4.7,-0.859154929577456,-0.34863878033498397,0.007860266555601854
2023-08-09,CPICOREYOY-23JUL,2023-08-10,32875,4.641836734693877,4.6,4.7,0.6119402985074699,-0.1577855318826309,0.006719075385256163
2023-08-10,CPICOREYOY-23JUL,2023-08-10,750,4.642857142857143,4.6,4.7,0.6176470588235383,-0.1569000000000078,0.0067346938775510404
2023-08-14,CPICOREYOY-23AUG,2023-09-13,12,4.321428571428571,4.3,4.3999999999999995,0.23076923076922978,-0.9697555958774853,0.012704081632653092
2023-08-15,CPICOREYOY-23AUG,2023-09-13,125,4.321428571428571,4.3,4.3999999999999995,0.23076923076922978,-0.9697555958774853,0.012704081632653092
2023-08-16,CPICOREYOY-23AUG,2023-09-13,500,4.298979591836734,4.3,4.3999999999999995,-0.008849557522124959,-0.5499274402717664,0.02193773427738445
2023-08-17,CPICOREYOY-23AUG,2023-09-13,0,4.298979591836734,4.3,4.3999999999999995,-0.008849557522124959,-0.5499274402717664,0.02193773427738445
2023-08-18,CPICOREYOY-23AUG,2023-09-13,0,4.298979591836734,4.3,4.3999999999999995,-0.008849557522124959,-0.5499274402717664,0.02193773427738445
2023-08-19,CPICOREYOY-23AUG,2023-09-13,0,4.298979591836734,4.3,4.3999999999999995,-0.008849557522124959,-0.5499274402717664,0.02193773427738445
2023-08-20,CPICOREYOY-23AUG,2023-09-13,2500,4.297959183673469,4.3,4.3999999999999995,-0.017857142857145007,-0.529174141333439,0.021628488129945878
2023-08-21,CPICOREYOY-23AUG,2023-09-13,1500,4.345918367346938,4.3,4.3,0.6923076923076958,-0.6093630965644925,0.007177217825905885
2023-08-22,CPICOREYOY-23AUG,2023-09-13,2,4.356122448979592,4.3999999999999995,4.3,-0.5890410958904109,-0.7496839304019542,0.007564556434818839
2023-08-23,CPICOREYOY-23AUG,2023-09-13,300,4.354081632653061,4.3999999999999995,4.3,-0.6338028169014118,-0.6664187221243281,0.007177217825905884
2023-08-24,CPICOREYOY-23AUG,2023-09-13,600,4.354081632653061,4.3999999999999995,4.3,-0.6338028169014118,-0.6664187221243281,0.007177217825905884
2023-08-25,CPICOREYOY-23AUG,2023-09-13,1249,4.354081632653061,4.3999999999999995,4.3,-0.67164179104478,-0.52535429565543,0.006360891295293634
2023-08-26,CPICOREYOY-23AUG,2023-09-13,0,4.354081632653061,4.3999999999999995,4.3,-0.67164179104478,-0.52535429565543,0.006360891295293634
2023-08-27,CPICOREYOY-23AUG,2023-09-13,0,4.354081632653061,4.3999999999999995,4.3,-0.67164179104478,-0.52535429565543,0.006360891295293634
2023-08-28,CPICOREYOY-23AUG,2023-09-13,0,4.354081632653061,4.3999999999999995,4.3,-0.67164179104478,-0.52535429565543,0.006360891295293634
2023-08-29,CPICOREYOY-23AUG,2023-09-13,2192,4.3520408163265305,4.3999999999999995,4.3,-0.7014925373134274,0.4897419310618898,0.006781549354435654
2023-08-30,CPICOREYOY-23AUG,2023-09-13,0,4.3520408163265305,4.3999999999999995,4.3,-0.7014925373134274,0.4897419310618898,0.006781549354435654
2023-08-31,CPICOREYOY-23AUG,2023-09-13,2900,4.348979591836734,4.3999999999999995,4.3999999999999995,-0.7352941176470589,0.34122955786232634,0.006988754685547691
2023-09-01,CPICOREYOY-23AUG,2023-09-13,0,4.348979591836734,4.3999999999999995,4.3999999999999995,-0.7352941176470589,0.34122955786232634,0.006988754685547691
2023-09-02,CPICOREYOY-23AUG,2023-09-13,0,4.348979591836734,4.3999999999999995,4.3999999999999995,-0.7352941176470589,0.34122955786232634,0.006988754685547691
2023-09-03,CPICOREYOY-23AUG,2023-09-13,0,4.348979591836734,4.3999999999999995,4.3999999999999995,-0.7352941176470589,0.34122955786232634,0.006988754685547691
2023-09-04,CPICOREYOY-23AUG,2023-09-13,0,4.348979591836734,4.3999999999999995,4.3999999999999995,-0.7352941176470589,0.34122955786232634,0.006988754685547691
2023-09-05,CPICOREYOY-23AUG,2023-09-13,55,4.348979591836734,4.3999999999999995,4.3999999999999995,-0.7352941176470589,0.34122955786232634,0.006988754685547691
2023-09-06,CPICOREYOY-23AUG,2023-09-13,1500,4.348979591836734,4.3999999999999995,4.3999999999999995,-0.7352941176470589,0.34122955786232634,0.006988754685547691
2023-09-07,CPICOREYOY-23AUG,2023-09-13,0,4.348979591836734,4.3999999999999995,4.3999999999999995,-0.7352941176470589,0.34122955786232634,0.006988754685547691
2023-09-08,CPICOREYOY-23AUG,2023-09-13,0,4.348979591836734,4.3999999999999995,4.3999999999999995,-0.7352941176470589,0.34122955786232634,0.006988754685547691
2023-09-09,CPICOREYOY-23AUG,2023-09-13,0,4.348979591836734,4.3999999999999995,4.3999999999999995,-0.7352941176470589,0.34122955786232634,0.006988754685547691
2023-09-10,CPICOREYOY-23AUG,2023-09-13,0,4.348979591836734,4.3999999999999995,4.3999999999999995,-0.7352941176470589,0.34122955786232634,0.006988754685547691
2023-09-11,CPICOREYOY-23AUG,2023-09-13,4545,4.346938775510204,4.3,4.3,0.676470588235287,0.3143427120061033,0.006980424822990424
2023-09-12,CPICOREYOY-23AUG,2023-09-13,2063,4.3428571428571425,4.3,4.3,0.6774193548387082,0.568543080124885,0.0063265306122448975
2023-09-13,CPICOREYOY-23AUG,2023-09-13,77,4.3520408163265305,4.3999999999999995,4.3999999999999995,-0.7704918032786829,0.9613155270574745,0.005965222823823404
2023-09-13,CPICOREYOY-23SEP,2023-10-12,7270,4.075510204081632,4.1,4.1,-0.3333333333333375,-0.868960824071384,0.009400249895876707
2023-09-14,CPICOREYOY-23SEP,2023-10-12,2860,4.076530612244897,4.1,4.1,-0.3150684931506815,-0.9565453030317252,0.00873490212411494
2023-09-15,CPICOREYOY-23SEP,2023-10-12,31429,4.064285714285714,4.1,4.1,-0.41176470588235176,3.6468490053637703,0.01617346938775508
2023-09-16,CPICOREYOY-23SEP,2023-10-12,3581,4.070408163265306,4.1,4.1,-0.3493975903614463,5.748141083541656,0.018410037484381487
2023-09-17,CPICOREYOY-23SEP,2023-10-12,21605,4.08265306122449,4.1,4.1,-0.23943661971830835,-0.08990063429358486,0.009597042898792154
2023-09-18,CPICOREYOY-23SEP,2023-10-12,23218,4.086734693877551,4.1,4.1,-0.17333333333333115,-0.04123678271204145,0.010946480633069546
2023-09-19,CPICOREYOY-23SEP,2023-10-12,15432,4.071428571428571,4.1,4.1,-0.3111111111111102,2.3433000000000117,0.02020408163265304
2023-09-20,CPICOREYOY-23SEP,2023-10-12,4450,4.078571428571429,4.1,4.1,-0.2530120481927704,1.0841000000000198,0.015153061224489776
2023-09-21,CPICOREYOY-23SEP,2023-10-12,7126,4.086734693877551,4.1,4.1,-0.1733333333333312,1.6546152759177062,0.014619950020824637
2023-09-22,CPICOREYOY-23SEP,2023-10-12,808,4.086734693877551,4.1,4.1,-0.1733333333333312,1.6546152759177062,0.014619950020824637
2023-09-23,CPICOREYOY-23SEP,2023-10-12,0,4.086734693877551,4.1,4.1,-0.1733333333333312,1.6546152759177062,0.014619950020824637
2023-09-24,CPICOREYOY-23SEP,2023-10-12,1405,4.086734693877551,4.1,4.1,-0.1733333333333312,1.6546152759177062,0.014619950020824637
2023-09-25,CPICOREYOY-23SEP,2023-10-12,5485,4.086734693877551,4.1,4.1,-0.1733333333333312,1.6546152759177062,0.014619950020824637
2023-09-26,CPICOREYOY-23SEP,2023-10-12,5202,4.086734693877551,4.1,4.1,-0.1733333333333312,1.6546152759177062,0.014619950020824637
2023-09-27,CPICOREYOY-23SEP,2023-10-12,7653,4.091836734693878,4.1,4.1,-0.11428571428570951,2.0118656624922275,0.01217825905872552
2023-09-28,CPICOREYOY-23SEP,2023-10-12,4452,4.093877551020408,4.1,4.1,-0.08823529411764498,0.6354764691514134,0.010778842149104528
2023-09-29,CPICOREYOY-23SEP,2023-10-12,5247,4.094897959183673,4.1,4.1,-0.07462686567163786,0.4455133715137607,0.01028009162848812
2023-09-30,CPICOREYOY-23SEP,2023-10-12,560,4.0836734693877546,4.1,4.1,-0.20512820512820212,0.18396009636546662,0.01381507705122865
2023-10-01,CPICOREYOY-23SEP,2023-10-12,0,4.0836734693877546,4.1,4.1,-0.20512820512820212,0.18396009636546662,0.01381507705122865
2023-10-02,CPICOREYOY-23SEP,2023-10-12,5,4.103061224489795,4.1,4.1,0.05084745762712483,0.5568068204079348,0.007643690129112861
2023-10-03,CPICOREYOY-23SEP,2023-10-12,0,4.103061224489795,4.1,4.1,0.05084745762712483,0.5568068204079348,0.007643690129112861
2023-10-04,CPICOREYOY-23SEP,2023-10-12,100,4.093877551020408,4.1,4.1,-0.08823529411764497,-0.04828308899030498,0.008533944189920857
2023-10-05,CPICOREYOY-23SEP,2023-10-12,0,4.093877551020408,4.1,4.1,-0.08823529411764497,-0.04828308899030498,0.008533944189920857
2023-10-06,CPICOREYOY-23SEP,2023-10-12,0,4.093877551020408,4.1,4.1,-0.08823529411764497,-0.04828308899030498,0.008533944189920857
2023-10-07,CPICOREYOY-23SEP,2023-10-12,0,4.093877551020408,4.1,4.1,-0.08823529411764497,-0.04828308899030498,0.008533944189920857
2023-10-08,CPICOREYOY-23SEP,2023-10-12,0,4.093877551020408,4.1,4.1,-0.08823529411764497,-0.04828308899030498,0.008533944189920857
2023-10-09,CPICOREYOY-23SEP,2023-10-12,0,4.093877551020408,4.1,4.1,-0.08823529411764497,-0.04828308899030498,0.008533944189920857
2023-10-10,CPICOREYOY-23SEP,2023-10-12,0,4.093877551020408,4.1,4.1,-0.08823529411764497,-0.04828308899030498,0.008533944189920857
2023-10-11,CPICOREYOY-23SEP,2023-10-12,0,4.093877551020408,4.1,4.1,-0.08823529411764497,-0.04828308899030498,0.008533944189920857
2023-10-12,CPICOREYOY-23SEP,2023-10-12,7303,4.129591836734693,4.1,4.199999999999999,0.37662337662336626,-1.1468490399066817,0.007797792586422309
2023-10-15,CPICOREYOY-23OCT,2023-11-14,0,3.8000000000000003,3.8000000000000003,3.8000000000000003,NA,NA,0
2023-10-16,CPICOREYOY-23OCT,2023-11-14,4,3.977551020408164,4,4,-1.0000000000000013,-0.31058684210521204,0.0017409412744689744
2023-10-17,CPICOREYOY-23OCT,2023-11-14,0,3.977551020408164,4,4,-1.0000000000000013,-0.31058684210521204,0.0017409412744689744
2023-10-18,CPICOREYOY-23OCT,2023-11-14,0,3.977551020408164,4,4,-1.0000000000000013,-0.31058684210521204,0.0017409412744689744
2023-10-19,CPICOREYOY-23OCT,2023-11-14,0,3.977551020408164,4,4,-1.0000000000000013,-0.31058684210521204,0.0017409412744689744
2023-10-20,CPICOREYOY-23OCT,2023-11-14,19,4.025510204081633,4,4,0.6097560975609766,-0.5758542331262348,0.0035329029571011922
2023-10-21,CPICOREYOY-23OCT,2023-11-14,125,4.029591836734695,4,4,0.7837837837837868,-0.6381234298772855,0.002899833402748839
2023-10-22,CPICOREYOY-23OCT,2023-11-14,2,4.108163265306122,4.1,4.1,0.13793103448276073,-0.2592293470156921,0.006668054977092839
2023-10-23,CPICOREYOY-23OCT,2023-11-14,275,4.109183673469387,4.1,4.1,0.1525423728813601,-0.2827538123194073,0.006752394835485175
2023-10-24,CPICOREYOY-23OCT,2023-11-14,0,4.109183673469387,4.1,4.1,0.1525423728813601,-0.2827538123194073,0.006752394835485175
2023-10-25,CPICOREYOY-23OCT,2023-11-14,710,4.094897959183673,4.1,4.1,-0.09433962264151291,-0.29202071743241476,0.006198458975426868
2023-10-26,CPICOREYOY-23OCT,2023-11-14,195,4.095918367346939,4.1,4.1,-0.0740740740740752,-0.33618664875991966,0.0063098708871303245
2023-10-27,CPICOREYOY-23OCT,2023-11-14,205,4.095918367346939,4.1,4.1,-0.0740740740740752,-0.33618664875991966,0.0063098708871303245
2023-10-28,CPICOREYOY-23OCT,2023-11-14,0,4.095918367346939,4.1,4.1,-0.0740740740740752,-0.33618664875991966,0.0063098708871303245
2023-10-29,CPICOREYOY-23OCT,2023-11-14,400,4.109183673469388,4.1,4.1,0.2195121951219572,1.3445139045679921,0.004915660141607636
2023-10-30,CPICOREYOY-23OCT,2023-11-14,0,4.109183673469388,4.1,4.1,0.2195121951219572,1.3445139045679921,0.004915660141607636
2023-10-31,CPICOREYOY-23OCT,2023-11-14,100,4.1112244897959185,4.1,4.1,0.28205128205129476,0.8904040291240216,0.004261765930862114
2023-11-01,CPICOREYOY-23OCT,2023-11-14,0,4.1112244897959185,4.1,4.1,0.28205128205129476,0.8904040291240216,0.004261765930862114
2023-11-02,CPICOREYOY-23OCT,2023-11-14,865,4.1,4.1,4.1,0,-0.5497499999999946,0.005714285714285677
2023-11-03,CPICOREYOY-23OCT,2023-11-14,1565,4.109183673469387,4.1,4.1,0.19148936170213293,0.0013233322823213989,0.005119741774260692
2023-11-04,CPICOREYOY-23OCT,2023-11-14,0,4.109183673469387,4.1,4.1,0.19148936170213293,0.0013233322823213989,0.005119741774260692
2023-11-05,CPICOREYOY-23OCT,2023-11-14,0,4.109183673469387,4.1,4.1,0.19148936170213293,0.0013233322823213989,0.005119741774260692
2023-11-06,CPICOREYOY-23OCT,2023-11-14,0,4.109183673469387,4.1,4.1,0.19148936170213293,0.0013233322823213989,0.005119741774260692
2023-11-07,CPICOREYOY-23OCT,2023-11-14,0,4.109183673469387,4.1,4.1,0.19148936170213293,0.0013233322823213989,0.005119741774260692
2023-11-08,CPICOREYOY-23OCT,2023-11-14,185,4.109183673469387,4.1,4.1,0.19148936170213293,0.0013233322823213989,0.005119741774260692
2023-11-09,CPICOREYOY-23OCT,2023-11-14,2,4.114285714285714,4.1,4.1,0.3333333333333333,0.6895500000000112,0.004489795918367318
2023-11-10,CPICOREYOY-23OCT,2023-11-14,233,4.115306122448978,4.1,4.1,0.38461538461538775,1.118715062366591,0.004153477717617634
2023-11-11,CPICOREYOY-23OCT,2023-11-14,415,4.112244897959183,4.1,4.1,0.3333333333333263,1.3691491040649293,0.00393169512703038
2023-11-12,CPICOREYOY-23OCT,2023-11-14,0,4.112244897959183,4.1,4.1,0.3333333333333263,1.3691491040649293,0.00393169512703038
2023-11-13,CPICOREYOY-23NOV,2023-12-12,434,4.1387755102040815,4.1,4.1,0.46341463414634465,-1.118679968096101,0.010333194502290716
2023-11-13,CPICOREYOY-23OCT,2023-11-14,5260,4.1132653061224485,4.1,4.1,0.35135135135134793,0.5470806729694861,0.0038036234902123866
2023-11-14,CPICOREYOY-23NOV,2023-12-12,1060,4.125510204081632,4.1,4.1,0.45454545454546247,-0.2977355674485671,0.006390045814244059
2023-11-14,CPICOREYOY-23OCT,2023-11-14,494,4.1224489795918355,4.1,4.1,0.5238095238095054,1.0336475078930025,0.005210329029570996
2023-11-15,CPICOREYOY-23NOV,2023-12-12,8,4.128571428571428,4.1,4.1,0.48275862068965414,-0.4368087890624879,0.006530612244897952
2023-11-16,CPICOREYOY-23NOV,2023-12-12,730,4.1132653061224485,4.1,4.1,0.20634920634920392,-1.090280949331678,0.006660766347355253
2023-11-17,CPICOREYOY-23NOV,2023-12-12,0,4.1132653061224485,4.1,4.1,0.20634920634920392,-1.090280949331678,0.006660766347355253
2023-11-18,CPICOREYOY-23NOV,2023-12-12,0,4.1132653061224485,4.1,4.1,0.20634920634920392,-1.090280949331678,0.006660766347355253
2023-11-19,CPICOREYOY-23NOV,2023-12-12,110,4.109183673469387,4.1,4.199999999999999,0.13432835820895864,-1.2278021394587726,0.007160558100791322
2023-11-20,CPICOREYOY-23NOV,2023-12-12,29,4.109183673469387,4.1,4.199999999999999,0.13432835820895864,-1.2278021394587726,0.007160558100791322
2023-11-21,CPICOREYOY-23NOV,2023-12-12,1,4.109183673469387,4.1,4.199999999999999,0.13432835820895864,-1.2278021394587726,0.007160558100791322
2023-11-22,CPICOREYOY-23NOV,2023-12-12,0,4.109183673469387,4.1,4.199999999999999,0.13432835820895864,-1.2278021394587726,0.007160558100791322
2023-11-23,CPICOREYOY-23NOV,2023-12-12,0,4.109183673469387,4.1,4.199999999999999,0.13432835820895864,-1.2278021394587726,0.007160558100791322
2023-11-24,CPICOREYOY-23NOV,2023-12-12,0,4.109183673469387,4.1,4.199999999999999,0.13432835820895864,-1.2278021394587726,0.007160558100791322
2023-11-25,CPICOREYOY-23NOV,2023-12-12,0,4.109183673469387,4.1,4.199999999999999,0.13432835820895864,-1.2278021394587726,0.007160558100791322
2023-11-26,CPICOREYOY-23NOV,2023-12-12,0,4.109183673469387,4.1,4.199999999999999,0.13432835820895864,-1.2278021394587726,0.007160558100791322
2023-11-27,CPICOREYOY-23NOV,2023-12-12,0,4.109183673469387,4.1,4.199999999999999,0.13432835820895864,-1.2278021394587726,0.007160558100791322
2023-11-28,CPICOREYOY-23NOV,2023-12-12,611,4.089795918367346,4.1,4.1,-0.1923076923076989,-0.3218592442497683,0.00561016243231986
2023-11-29,CPICOREYOY-23NOV,2023-12-12,18,4.089795918367346,4.1,4.1,-0.1923076923076989,-0.3218592442497683,0.00561016243231986
2023-11-30,CPICOREYOY-23NOV,2023-12-12,0,4.089795918367346,4.1,4.1,-0.1923076923076989,-0.3218592442497683,0.00561016243231986
2023-12-01,CPICOREYOY-23NOV,2023-12-12,0,4.089795918367346,4.1,4.1,-0.1923076923076989,-0.3218592442497683,0.00561016243231986
2023-12-02,CPICOREYOY-23NOV,2023-12-12,48,4.077551020408163,4.1,4.1,-0.44000000000000083,0.3759806496936635,0.005006247396917949
2023-12-03,CPICOREYOY-23NOV,2023-12-12,0,4.077551020408163,4.1,4.1,-0.44000000000000083,0.3759806496936635,0.005006247396917949
2023-12-04,CPICOREYOY-23NOV,2023-12-12,0,4.077551020408163,4.1,4.1,-0.44000000000000083,0.3759806496936635,0.005006247396917949
2023-12-05,CPICOREYOY-23NOV,2023-12-12,0,4.077551020408163,4.1,4.1,-0.44000000000000083,0.3759806496936635,0.005006247396917949
2023-12-06,CPICOREYOY-23NOV,2023-12-12,0,4.077551020408163,4.1,4.1,-0.44000000000000083,0.3759806496936635,0.005006247396917949
2023-12-07,CPICOREYOY-23NOV,2023-12-12,0,4.077551020408163,4.1,4.1,-0.44000000000000083,0.3759806496936635,0.005006247396917949
2023-12-08,CPICOREYOY-23NOV,2023-12-12,40,4.070408163265306,4.1,4.1,-0.5686274509803924,0.8122975811322646,0.004736568096626406
2023-12-09,CPICOREYOY-23NOV,2023-12-12,0,4.070408163265306,4.1,4.1,-0.5686274509803924,0.8122975811322646,0.004736568096626406
2023-12-10,CPICOREYOY-23NOV,2023-12-12,0,4.070408163265306,4.1,4.1,-0.5686274509803924,0.8122975811322646,0.004736568096626406
2023-12-11,CPICOREYOY-23NOV,2023-12-12,350,3.948979591836735,3.9,3.9,1.000000000000002,-1.06194862973212,0.0029071220324864695
2023-12-12,CPICOREYOY-23NOV,2023-12-12,5,3.932653061224489,3.9,3.9,0.9999999999999974,0.2688824541437054,0.002607246980424828
2023-12-14,CPICOREYOY-23DEC,2024-01-11,5,3.8755102040816323,3.9,3.9,-1.000000000000011,-0.6402547297297589,0.001849229487713456
2023-12-15,CPICOREYOY-23DEC,2024-01-11,100,3.8530612244897955,3.9,3.9,-0.9999999999999992,-0.4446589350710246,0.006980424822990402
2023-12-16,CPICOREYOY-23DEC,2024-01-11,0,3.8530612244897955,3.9,3.9,-0.9999999999999992,-0.4446589350710246,0.006980424822990402
2023-12-17,CPICOREYOY-23DEC,2024-01-11,0,3.8530612244897955,3.9,3.9,-0.9999999999999992,-0.4446589350710246,0.006980424822990402
2023-12-18,CPICOREYOY-23DEC,2024-01-11,300,3.7142857142857144,3.7,3.7,0.2413793103448265,-1.254821938775511,0.005714285714285725
2023-12-19,CPICOREYOY-23DEC,2024-01-11,0,3.7142857142857144,3.7,3.7,0.2413793103448265,-1.254821938775511,0.005714285714285725
2023-12-20,CPICOREYOY-23DEC,2024-01-11,0,3.7142857142857144,3.7,3.7,0.2413793103448265,-1.254821938775511,0.005714285714285725
2023-12-21,CPICOREYOY-23DEC,2024-01-11,0,3.7142857142857144,3.7,3.7,0.2413793103448265,-1.254821938775511,0.005714285714285725
2023-12-22,CPICOREYOY-23DEC,2024-01-11,960,3.828571428571429,3.8000000000000003,3.8000000000000003,0.6666666666666765,-0.6226640138408146,0.0034693877551020247
2023-12-23,CPICOREYOY-23DEC,2024-01-11,0,3.828571428571429,3.8000000000000003,3.8000000000000003,0.6666666666666765,-0.6226640138408146,0.0034693877551020247
2023-12-24,CPICOREYOY-23DEC,2024-01-11,10,3.8316326530612246,3.8000000000000003,3.8000000000000003,0.6888888888888964,-0.01846913630658875,0.00420345689296125
2023-12-25,CPICOREYOY-23DEC,2024-01-11,0,3.8316326530612246,3.8000000000000003,3.8000000000000003,0.6888888888888964,-0.01846913630658875,0.00420345689296125
2023-12-26,CPICOREYOY-23DEC,2024-01-11,0,3.8316326530612246,3.8000000000000003,3.8000000000000003,0.6888888888888964,-0.01846913630658875,0.00420345689296125
2023-12-27,CPICOREYOY-23DEC,2024-01-11,0,3.8316326530612246,3.8000000000000003,3.8000000000000003,0.6888888888888964,-0.01846913630658875,0.00420345689296125
2023-12-28,CPICOREYOY-23DEC,2024-01-11,0,3.8316326530612246,3.8000000000000003,3.8000000000000003,0.6888888888888964,-0.01846913630658875,0.00420345689296125
2023-12-29,CPICOREYOY-23DEC,2024-01-11,0,3.8316326530612246,3.8000000000000003,3.8000000000000003,0.6888888888888964,-0.01846913630658875,0.00420345689296125
2023-12-30,CPICOREYOY-23DEC,2024-01-11,0,3.8316326530612246,3.8000000000000003,3.8000000000000003,0.6888888888888964,-0.01846913630658875,0.00420345689296125
2023-12-31,CPICOREYOY-23DEC,2024-01-11,0,3.8316326530612246,3.8000000000000003,3.8000000000000003,0.6888888888888964,-0.01846913630658875,0.00420345689296125
2024-01-01,CPICOREYOY-23DEC,2024-01-11,0,3.8316326530612246,3.8000000000000003,3.8000000000000003,0.6888888888888964,-0.01846913630658875,0.00420345689296125
2024-01-02,CPICOREYOY-23DEC,2024-01-11,0,3.8316326530612246,3.8000000000000003,3.8000000000000003,0.6888888888888964,-0.01846913630658875,0.00420345689296125
2024-01-03,CPICOREYOY-23DEC,2024-01-11,0,3.8316326530612246,3.8000000000000003,3.8000000000000003,0.6888888888888964,-0.01846913630658875,0.00420345689296125
2024-01-04,CPICOREYOY-23DEC,2024-01-11,0,3.8316326530612246,3.8000000000000003,3.8000000000000003,0.6888888888888964,-0.01846913630658875,0.00420345689296125
2024-01-05,CPICOREYOY-23DEC,2024-01-11,1314,3.820408163265306,3.8000000000000003,3.8000000000000003,0.5555555555555393,0.805458923851837,0.003869221157850881
2024-01-06,CPICOREYOY-23DEC,2024-01-11,13,3.820408163265306,3.8000000000000003,3.8000000000000003,0.5555555555555393,0.805458923851837,0.003869221157850881
2024-01-07,CPICOREYOY-23DEC,2024-01-11,0,3.820408163265306,3.8000000000000003,3.8000000000000003,0.5555555555555393,0.805458923851837,0.003869221157850881
2024-01-08,CPICOREYOY-23DEC,2024-01-11,296,3.821428571428571,3.8000000000000003,3.8000000000000003,0.5675675675675549,0.8769296296296578,0.004132653061224475
2024-01-09,CPICOREYOY-23DEC,2024-01-11,110,3.8000000000000003,3.8000000000000003,3.8000000000000003,0,0.5711555621653885,0.008367346938775501
2024-01-10,CPICOREYOY-23DEC,2024-01-11,1356,3.8346938775510204,3.8000000000000003,3.8000000000000003,0.7391304347826052,0.11484951696197898,0.004510620574760499
2024-01-11,CPICOREYOY-23DEC,2024-01-11,1251,3.8091836734693882,3.8000000000000003,3.8000000000000003,0.147540983606554,0.4213790889886946,0.00960953769262806
2024-01-14,CPICOREYOY-24JAN,2024-02-13,351,3.585714285714286,3.5,3.6999999999999997,0.7777777777777799,-1.2763466262975718,0.013877551020408139
2024-01-15,CPICOREYOY-24JAN,2024-02-13,191,3.6173469387755097,3.5,3.5,0.8273381294964032,-1.4048712514813364,0.023678675551853372
2024-01-16,CPICOREYOY-24JAN,2024-02-13,0,3.6173469387755097,3.5,3.5,0.8273381294964032,-1.4048712514813364,0.023678675551853372
2024-01-17,CPICOREYOY-24JAN,2024-02-13,286,3.6173469387755097,3.5,3.5,0.8273381294964032,-1.4048712514813364,0.023678675551853372
2024-01-18,CPICOREYOY-24JAN,2024-02-13,240,3.6173469387755097,3.5,3.5,0.8273381294964032,-1.4048712514813364,0.023678675551853372
2024-01-19,CPICOREYOY-24JAN,2024-02-13,0,3.6173469387755097,3.5,3.5,0.8273381294964032,-1.4048712514813364,0.023678675551853372
2024-01-20,CPICOREYOY-24JAN,2024-02-13,0,3.6173469387755097,3.5,3.5,0.8273381294964032,-1.4048712514813364,0.023678675551853372
2024-01-21,CPICOREYOY-24JAN,2024-02-13,116,3.614285714285714,3.5,3.5,0.8235294117647066,-1.3747014669187125,0.02346938775510202
2024-01-22,CPICOREYOY-24JAN,2024-02-13,759,3.6173469387755097,3.5,3.5,0.8273381294964032,-1.4048712514813364,0.023678675551853372
2024-01-23,CPICOREYOY-24JAN,2024-02-13,152,3.6714285714285713,3.5,3.5,0.8749999999999994,-1.586066673309948,0.045714285714285714
2024-01-24,CPICOREYOY-24JAN,2024-02-13,38,3.6806122448979592,3.5,3.5,0.8805970149253736,-1.6785896335501416,0.04707309454394002
2024-01-25,CPICOREYOY-24JAN,2024-02-13,0,3.6806122448979592,3.5,3.5,0.8805970149253736,-1.6785896335501416,0.04707309454394002
2024-01-26,CPICOREYOY-24JAN,2024-02-13,0,3.6806122448979592,3.5,3.5,0.8805970149253736,-1.6785896335501416,0.04707309454394002
2024-01-27,CPICOREYOY-24JAN,2024-02-13,0,3.6806122448979592,3.5,3.5,0.8805970149253736,-1.6785896335501416,0.04707309454394002
2024-01-28,CPICOREYOY-24JAN,2024-02-13,0,3.6806122448979592,3.5,3.5,0.8805970149253736,-1.6785896335501416,0.04707309454394002
2024-01-29,CPICOREYOY-24JAN,2024-02-13,0,3.6806122448979592,3.5,3.5,0.8805970149253736,-1.6785896335501416,0.04707309454394002
2024-01-30,CPICOREYOY-24JAN,2024-02-13,0,3.6806122448979592,3.5,3.5,0.8805970149253736,-1.6785896335501416,0.04707309454394002
2024-01-31,CPICOREYOY-24JAN,2024-02-13,10,3.6806122448979592,3.5,3.5,0.8805970149253736,-1.6785896335501416,0.04707309454394002
2024-02-01,CPICOREYOY-24JAN,2024-02-13,1340,3.6285714285714286,3.5,3.5,0.8400000000000003,-1.387422446587457,0.02795918367346937
2024-02-02,CPICOREYOY-24JAN,2024-02-13,0,3.6285714285714286,3.5,3.5,0.8400000000000003,-1.387422446587457,0.02795918367346937
2024-02-03,CPICOREYOY-24JAN,2024-02-13,0,3.6285714285714286,3.5,3.5,0.8400000000000003,-1.387422446587457,0.02795918367346937
2024-02-04,CPICOREYOY-24JAN,2024-02-13,20,3.6285714285714286,3.5,3.5,0.8400000000000003,-1.387422446587457,0.02795918367346937
2024-02-05,CPICOREYOY-24JAN,2024-02-13,17,3.6255102040816327,3.5,3.5,0.836734693877552,-1.4074497851350902,0.026594127446897105
2024-02-06,CPICOREYOY-24JAN,2024-02-13,0,3.6255102040816327,3.5,3.5,0.836734693877552,-1.4074497851350902,0.026594127446897105
2024-02-07,CPICOREYOY-24JAN,2024-02-13,0,3.6255102040816327,3.5,3.5,0.836734693877552,-1.4074497851350902,0.026594127446897105
2024-02-08,CPICOREYOY-24JAN,2024-02-13,451,3.623469387755102,3.5,3.5,0.8344827586206919,-1.3667932629590798,0.02608184089962514
2024-02-09,CPICOREYOY-24JAN,2024-02-13,33,3.631632653061225,3.5,3.5,0.8431372549019606,-1.515245448435809,0.02808100791336941
2024-02-10,CPICOREYOY-24JAN,2024-02-13,0,3.631632653061225,3.5,3.5,0.8431372549019606,-1.515245448435809,0.02808100791336941
2024-02-11,CPICOREYOY-24JAN,2024-02-13,0,3.631632653061225,3.5,3.5,0.8431372549019606,-1.515245448435809,0.02808100791336941
2024-02-12,CPICOREYOY-24FEB,2024-03-12,38,3.75,3.7500000000000004,3.7,1.0000000000000044,-2.0199,0.0025000000000000044
2024-02-12,CPICOREYOY-24JAN,2024-02-13,376,3.642857142857143,3.5,3.5,0.8536585365853658,-1.6333577908587247,0.031020408163265286
2024-02-13,CPICOREYOY-24FEB,2024-03-12,1554,3.7234693877551024,3.7,3.8000000000000003,0.32394366197183305,-1.3935088752645886,0.006694085797584352
2024-02-13,CPICOREYOY-24JAN,2024-02-13,682,3.642857142857143,3.5,3.5,0.8536585365853658,-1.6333577908587247,0.031020408163265286
2024-02-14,CPICOREYOY-24FEB,2024-03-12,860,3.6826530612244897,3.7,3.7,-0.5483870967741892,-0.005091693689073029,0.0028623490212411544
2024-02-15,CPICOREYOY-24FEB,2024-03-12,0,3.6826530612244897,3.7,3.7,-0.5483870967741892,-0.005091693689073029,0.0028623490212411544
2024-02-16,CPICOREYOY-24FEB,2024-03-12,0,3.6826530612244897,3.7,3.7,-0.5483870967741892,-0.005091693689073029,0.0028623490212411544
2024-02-17,CPICOREYOY-24FEB,2024-03-12,0,3.6826530612244897,3.7,3.7,-0.5483870967741892,-0.005091693689073029,0.0028623490212411544
2024-02-18,CPICOREYOY-24FEB,2024-03-12,0,3.6826530612244897,3.7,3.7,-0.5483870967741892,-0.005091693689073029,0.0028623490212411544
2024-02-19,CPICOREYOY-24FEB,2024-03-12,0,3.6826530612244897,3.7,3.7,-0.5483870967741892,-0.005091693689073029,0.0028623490212411544
2024-02-20,CPICOREYOY-24FEB,2024-03-12,0,3.6826530612244897,3.7,3.7,-0.5483870967741892,-0.005091693689073029,0.0028623490212411544
2024-02-21,CPICOREYOY-24FEB,2024-03-12,0,3.6826530612244897,3.7,3.7,-0.5483870967741892,-0.005091693689073029,0.0028623490212411544
2024-02-22,CPICOREYOY-24FEB,2024-03-12,0,3.6826530612244897,3.7,3.7,-0.5483870967741892,-0.005091693689073029,0.0028623490212411544
2024-02-23,CPICOREYOY-24FEB,2024-03-12,400,3.6755102040816325,3.7,3.7,-0.6315789473684166,1.0185527665439578,0.004706372344856319
2024-02-24,CPICOREYOY-24FEB,2024-03-12,0,3.6755102040816325,3.7,3.7,-0.6315789473684166,1.0185527665439578,0.004706372344856319
2024-02-25,CPICOREYOY-24FEB,2024-03-12,0,3.6755102040816325,3.7,3.7,-0.6315789473684166,1.0185527665439578,0.004706372344856319
2024-02-26,CPICOREYOY-24FEB,2024-03-12,545,3.720408163265306,3.7,3.7,0.3999999999999957,1.8541770331095941,0.00611411911703458
2024-02-27,CPICOREYOY-24FEB,2024-03-12,0,3.720408163265306,3.7,3.7,0.3999999999999957,1.8541770331095941,0.00611411911703458
2024-02-28,CPICOREYOY-24FEB,2024-03-12,1884,3.7489795918367346,3.8,3.8,-0.8928571428571415,-0.29872667740784253,0.004335693461057892
2024-02-29,CPICOREYOY-24FEB,2024-03-12,747,3.724489795918367,3.6999999999999997,3.6999999999999997,0.5454545454545521,0.048669833324920475,0.004502290712203245
2024-03-01,CPICOREYOY-24FEB,2024-03-12,0,3.724489795918367,3.6999999999999997,3.6999999999999997,0.5454545454545521,0.048669833324920475,0.004502290712203245
2024-03-02,CPICOREYOY-24FEB,2024-03-12,250,3.7306122448979586,3.6999999999999997,3.6999999999999997,0.6000000000000029,-0.2772991869924897,0.004777176176593082
2024-03-03,CPICOREYOY-24FEB,2024-03-12,250,3.7326530612244895,3.6999999999999997,3.6999999999999997,0.6153846153846143,-0.34691051586878086,0.0048521449396084935
2024-03-04,CPICOREYOY-24FEB,2024-03-12,809,3.762244897959184,3.8,3.8,-0.860465116279063,0.2056920831840121,0.006227613494377331
2024-03-05,CPICOREYOY-24FEB,2024-03-12,797,3.7387755102040816,3.6999999999999997,3.8,0.6333333333333301,-0.5646457676121579,0.0050270720533111156
2024-03-06,CPICOREYOY-24FEB,2024-03-12,3547,3.7499999999999996,3.8,3.8,-0.8909090909090952,-0.2990111111111231,0.00413265306122449
2024-03-07,CPICOREYOY-24FEB,2024-03-12,23,3.7275510204081628,3.6999999999999997,3.6999999999999997,0.7297297297297353,0.5924047371786108,0.003628696376509788
2024-03-08,CPICOREYOY-24FEB,2024-03-12,9452,3.751020408163265,3.8,3.8,-0.888888888888891,-0.32485027534470934,0.003927530195751772
2024-03-09,CPICOREYOY-24FEB,2024-03-12,53,3.754081632653061,3.8,3.8,-0.8823529411764659,-0.2659166292019379,0.003911911703456895
2024-03-10,CPICOREYOY-24FEB,2024-03-12,296,3.754081632653061,3.8,3.8,-0.8823529411764659,-0.2659166292019379,0.003911911703456895
2024-03-11,CPICOREYOY-24FEB,2024-03-12,2410,3.755102040816326,3.8,3.8,-0.758620689655166,1.9736665228271715,0.005331112036651399
2024-03-11,CPICOREYOY-24MAR,2024-04-10,8413,3.6591836734693874,3.6999999999999997,3.6999999999999997,-0.7407407407407429,0.2861575640981595,0.006701374427321931
2024-03-12,CPICOREYOY-24FEB,2024-03-12,12,3.75,3.8,3.8,-0.9245283018867887,-0.3955346031150362,0.0037244897959183686
2024-03-12,CPICOREYOY-24MAR,2024-04-10,12254,3.6816326530612242,3.6999999999999997,3.6999999999999997,-0.4090909090909,-0.14667123062487608,0.004560599750104108
2024-03-13,CPICOREYOY-24MAR,2024-04-10,11307,3.710204081632653,3.6999999999999997,3.6999999999999997,0.15624999999999858,-0.5181500077212458,0.007242815493544342
2024-03-14,CPICOREYOY-24MAR,2024-04-10,5,3.7091836734693873,3.6999999999999997,3.6999999999999997,0.14285714285713946,-0.5017307539262292,0.007160558100791324
2024-03-15,CPICOREYOY-24MAR,2024-04-10,2650,3.7071428571428573,3.6999999999999997,3.6999999999999997,0.11475409836066254,-0.21377184361064305,0.0076020408163265185
2024-03-16,CPICOREYOY-24MAR,2024-04-10,25,3.7183673469387752,3.6999999999999997,3.8,0.25000000000000616,-0.4962215710082867,0.008438150770512272
2024-03-17,CPICOREYOY-24MAR,2024-04-10,0,3.7183673469387752,3.6999999999999997,3.8,0.25000000000000616,-0.4962215710082867,0.008438150770512272
2024-03-18,CPICOREYOY-24MAR,2024-04-10,0,3.7183673469387752,3.6999999999999997,3.8,0.25000000000000616,-0.4962215710082867,0.008438150770512272
2024-03-19,CPICOREYOY-24MAR,2024-04-10,0,3.7183673469387752,3.6999999999999997,3.8,0.25000000000000616,-0.4962215710082867,0.008438150770512272
2024-03-20,CPICOREYOY-24MAR,2024-04-10,1064,3.696938775510204,3.6999999999999997,3.6,-0.032258064516128296,-1.3990853813963477,0.010908996251561824
2024-03-21,CPICOREYOY-24MAR,2024-04-10,7297,3.6653061224489796,3.6999999999999997,3.6999999999999997,-0.5862068965517286,0.9280470887676118,0.006143273635984988
2024-03-22,CPICOREYOY-24MAR,2024-04-10,4606,3.673469387755102,3.6999999999999997,3.6999999999999997,-0.4193548387096728,0.15159681077953202,0.007051228654727179
2024-03-23,CPICOREYOY-24MAR,2024-04-10,0,3.673469387755102,3.6999999999999997,3.6999999999999997,-0.4193548387096728,0.15159681077953202,0.007051228654727179
2024-03-24,CPICOREYOY-24MAR,2024-04-10,0,3.673469387755102,3.6999999999999997,3.6999999999999997,-0.4193548387096728,0.15159681077953202,0.007051228654727179
2024-03-25,CPICOREYOY-24MAR,2024-04-10,1000,3.6775510204081634,3.6999999999999997,3.6999999999999997,-0.3793103448275802,0.2438299425919963,0.006842982090795485
2024-03-26,CPICOREYOY-24MAR,2024-04-10,20658,3.6806122448979592,3.6999999999999997,3.6999999999999997,-0.29230769230768794,0.47252595340659864,0.008909829237817562
2024-03-27,CPICOREYOY-24MAR,2024-04-10,4,3.68469387755102,3.6999999999999997,3.6999999999999997,-0.21739130434782747,0.26938617700470147,0.01027592669720948
2024-03-28,CPICOREYOY-24MAR,2024-04-10,0,3.68469387755102,3.6999999999999997,3.6999999999999997,-0.21739130434782747,0.26938617700470147,0.01027592669720948
2024-03-29,CPICOREYOY-24MAR,2024-04-10,0,3.68469387755102,3.6999999999999997,3.6999999999999997,-0.21739130434782747,0.26938617700470147,0.01027592669720948
2024-03-30,CPICOREYOY-24MAR,2024-04-10,0,3.68469387755102,3.6999999999999997,3.6999999999999997,-0.21739130434782747,0.26938617700470147,0.01027592669720948
2024-03-31,CPICOREYOY-24MAR,2024-04-10,0,3.68469387755102,3.6999999999999997,3.6999999999999997,-0.21739130434782747,0.26938617700470147,0.01027592669720948
2024-04-01,CPICOREYOY-24MAR,2024-04-10,0,3.68469387755102,3.6999999999999997,3.6999999999999997,-0.21739130434782747,0.26938617700470147,0.01027592669720948
2024-04-02,CPICOREYOY-24MAR,2024-04-10,390,3.7081632653061223,3.6999999999999997,3.6999999999999997,0.11764705882353092,-0.2897829909189942,0.010341524364847969
2024-04-03,CPICOREYOY-24MAR,2024-04-10,1460,3.6775510204081634,3.6999999999999997,3.6999999999999997,-0.47826086956520986,0.04371627307234682,0.005006247396917935
2024-04-04,CPICOREYOY-24MAR,2024-04-10,16776,3.697959183673469,3.6999999999999997,3.6999999999999997,-0.041666666666662674,0.6404370510397,0.006322365680966253
2024-04-05,CPICOREYOY-24MAR,2024-04-10,7266,3.701020408163265,3.6999999999999997,3.6999999999999997,0.02325581395349121,0.3719521011448377,0.004998958767180332
2024-04-06,CPICOREYOY-24MAR,2024-04-10,2094,3.710204081632653,3.6999999999999997,3.6999999999999997,0.19230769230769895,-0.06527799129638412,0.006426488962932102
2024-04-07,CPICOREYOY-24MAR,2024-04-10,108,3.701020408163265,3.6999999999999997,3.6999999999999997,0.02325581395349121,0.06669614629333509,0.00479487713452727
2024-04-08,CPICOREYOY-24MAR,2024-04-10,728,3.701020408163265,3.6999999999999997,3.6999999999999997,0.02325581395349121,0.06669614629333509,0.00479487713452727
2024-04-09,CPICOREYOY-24MAR,2024-04-10,266,3.701020408163265,3.6999999999999997,3.6999999999999997,0.02325581395349121,0.06669614629333509,0.00479487713452727
2024-04-10,CPICOREYOY-24MAR,2024-04-10,287,3.704081632653061,3.6999999999999997,3.6999999999999997,0.1000000000000013,0.2902017056271715,0.004473136193252803
2024-04-15,CPICOREYOY-24APR,2024-05-15,0,3.703061224489796,3.7,3.7,0.04615384615384503,1.685291492296538,0.012949812578092459
2024-04-16,CPICOREYOY-24APR,2024-05-15,415,3.6714285714285717,3.65,3.6,0.7291666666666684,0.21629615999999663,0.015306122448979591
2024-04-17,CPICOREYOY-24APR,2024-05-15,0,3.6714285714285717,3.65,3.6,0.7291666666666684,0.21629615999999663,0.015306122448979591
2024-04-18,CPICOREYOY-24APR,2024-05-15,0,3.6714285714285717,3.65,3.6,0.7291666666666684,0.21629615999999663,0.015306122448979591
2024-04-19,CPICOREYOY-24APR,2024-05-15,7,3.6683673469387754,3.65,3.6,0.6767676767676748,0.03206358225856931,0.016040191586838816
2024-04-20,CPICOREYOY-24APR,2024-05-15,5,3.6683673469387754,3.65,3.6,0.6767676767676748,0.03206358225856931,0.016040191586838816
2024-04-21,CPICOREYOY-24APR,2024-05-15,0,3.6683673469387754,3.65,3.6,0.6767676767676748,0.03206358225856931,0.016040191586838816
2024-04-22,CPICOREYOY-24APR,2024-05-15,7852,3.6806122448979592,3.7,3.7,-0.22352941176470723,1.9707385205132608,0.016052686380674724
2024-04-23,CPICOREYOY-24APR,2024-05-15,975,3.6540816326530616,3.6,3.6,0.49532710280374087,0.9261517316612271,0.019830279050395683
2024-04-24,CPICOREYOY-24APR,2024-05-15,187,3.6540816326530616,3.6,3.6,0.49532710280374087,0.9261517316612271,0.019830279050395683
2024-04-25,CPICOREYOY-24APR,2024-05-15,358,3.6673469387755104,3.6,3.6,0.7021276595744691,0.37990353179123915,0.01403581840899626
2024-04-26,CPICOREYOY-24APR,2024-05-15,145,3.6673469387755104,3.6,3.6,0.7021276595744645,0.3181142277091946,0.014443981674302381
2024-04-27,CPICOREYOY-24APR,2024-05-15,0,3.6673469387755104,3.6,3.6,0.7021276595744645,0.3181142277091946,0.014443981674302381
2024-04-28,CPICOREYOY-24APR,2024-05-15,10,3.6867346938775514,3.7,3.7,-0.16049382716049704,1.1492656818433042,0.013395460224906296
2024-04-29,CPICOREYOY-24APR,2024-05-15,188,3.6867346938775514,3.7,3.7,-0.16049382716049704,1.1492656818433042,0.013395460224906296
2024-04-30,CPICOREYOY-24APR,2024-05-15,5,3.6867346938775514,3.7,3.7,-0.16049382716049704,1.1492656818433042,0.013395460224906296
2024-05-01,CPICOREYOY-24APR,2024-05-15,15,3.6867346938775514,3.7,3.7,-0.16049382716049704,1.1492656818433042,0.013395460224906296
2024-05-02,CPICOREYOY-24APR,2024-05-15,120,3.687755102040817,3.7,3.7,-0.14634146341463053,1.0745539600810652,0.01372761349437735
2024-05-03,CPICOREYOY-24APR,2024-05-15,224,3.688775510204082,3.7,3.7,-0.13580246913580268,-0.2683047956659954,0.0124250312369846
2024-05-04,CPICOREYOY-24APR,2024-05-15,0,3.688775510204082,3.7,3.7,-0.13580246913580268,-0.2683047956659954,0.0124250312369846
2024-05-05,CPICOREYOY-24APR,2024-05-15,3,3.6897959183673477,3.7,3.7,-0.12195121951219384,-0.043585697467567464,0.012957101207830082
2024-05-06,CPICOREYOY-24APR,2024-05-15,1218,3.6714285714285717,3.7,3.8000000000000003,-0.22222222222222127,-1.2963567888379854,0.02000000000000002
2024-05-07,CPICOREYOY-24APR,2024-05-15,1153,3.6704081632653063,3.7,3.8000000000000003,-0.232,-1.2969736226115314,0.019634527280299897
2024-05-08,CPICOREYOY-24APR,2024-05-15,0,3.6704081632653063,3.7,3.8000000000000003,-0.232,-1.2969736226115314,0.019634527280299897
2024-05-09,CPICOREYOY-24APR,2024-05-15,1742,3.6622448979591837,3.65,3.6,0.7011494252873556,0.36526520334108925,0.012145980841316127
2024-05-10,CPICOREYOY-24APR,2024-05-15,187,3.6602040816326533,3.65,3.6,0.694117647058825,0.4215924452668163,0.011375468554768857
2024-05-11,CPICOREYOY-24APR,2024-05-15,268,3.6551020408163266,3.65,3.6,0.6749999999999993,-0.3948404321675212,0.009208663057059575
2024-05-12,CPICOREYOY-24APR,2024-05-15,18,3.6602040816326533,3.65,3.6,0.694117647058825,0.4215924452668163,0.011375468554768857
2024-05-13,CPICOREYOY-24APR,2024-05-15,5838,3.6357142857142857,3.6,3.6,0.3763440860215039,1.6133503642039448,0.01739795918367348
2024-05-14,CPICOREYOY-24APR,2024-05-15,788,3.627551020408163,3.6,3.6,0.3176470588235267,2.245991067801021,0.016281757600999588
2024-05-15,CPICOREYOY-24APR,2024-05-15,2093,3.6530612244897958,3.7,3.7,-0.4893617021276583,1.7421778009663225,0.01779675135360267
2024-05-15,CPICOREYOY-24MAY,2024-06-12,3035,3.5112244897959184,3.5,3.5,0.29729729729729765,-0.3860605890423501,0.0036495210329029635
2024-05-16,CPICOREYOY-24MAY,2024-06-12,634,3.5530612244897957,3.5500000000000003,3.5,0.6666666666666746,-0.872896490399159,0.008408996251561843
2024-05-17,CPICOREYOY-24MAY,2024-06-12,2321,3.5581632653061224,3.5,3.5,0.6705882352941169,-1.1725249701353768,0.010188463140358171
2024-05-18,CPICOREYOY-24MAY,2024-06-12,0,3.5581632653061224,3.5,3.5,0.6705882352941169,-1.1725249701353768,0.010188463140358171
2024-05-19,CPICOREYOY-24MAY,2024-06-12,472,3.5561224489795915,3.5,3.5,0.6321839080459786,-1.2087338905489877,0.010625780924614732
2024-05-20,CPICOREYOY-24MAY,2024-06-12,0,3.5561224489795915,3.5,3.5,0.6321839080459786,-1.2087338905489877,0.010625780924614732
2024-05-21,CPICOREYOY-24MAY,2024-06-12,52,3.5551020408163265,3.5,3.5,0.6136363636363638,-1.2280312848483435,0.010841316118284034
2024-05-22,CPICOREYOY-24MAY,2024-06-12,0,3.5551020408163265,3.5,3.5,0.6136363636363638,-1.2280312848483435,0.010841316118284034
2024-05-23,CPICOREYOY-24MAY,2024-06-12,64,3.5551020408163265,3.5,3.5,0.6136363636363638,-1.2280312848483435,0.010841316118284034
2024-05-24,CPICOREYOY-24MAY,2024-06-12,38,3.5479591836734694,3.5,3.5,0.5802469135802472,-1.0189915761485704,0.00943461057892544
2024-05-25,CPICOREYOY-24MAY,2024-06-12,600,3.570408163265306,3.6,3.6,-0.39726027397260316,-0.9311439177031509,0.008410037484381497
2024-05-26,CPICOREYOY-24MAY,2024-06-12,42,3.5622448979591836,3.6,3.6,-0.4567901234567917,-1.1042224347094205,0.010309246147438557
2024-05-27,CPICOREYOY-24MAY,2024-06-12,0,3.5622448979591836,3.6,3.6,-0.4567901234567917,-1.1042224347094205,0.010309246147438557
2024-05-28,CPICOREYOY-24MAY,2024-06-12,6231,3.5357142857142856,3.5,3.5,0.4320987654321025,-0.2622915889704438,0.01086734693877551
2024-05-29,CPICOREYOY-24MAY,2024-06-12,4362,3.5479591836734694,3.5,3.5,0.5529411764705886,-0.22069126990704557,0.011475426905456054
2024-05-30,CPICOREYOY-24MAY,2024-06-12,61,3.528571428571429,3.5,3.6,0.42424242424242237,0.8299907755102214,0.007142857142857156
2024-05-31,CPICOREYOY-24MAY,2024-06-12,2,3.548979591836735,3.5,3.5,0.5581395348837176,-0.2660308235294062,0.01168263223656809
2024-06-01,CPICOREYOY-24MAY,2024-06-12,1,3.5428571428571427,3.5,3.5,0.5250000000000035,0.02847508650518904,0.01040816326530612
2024-06-02,CPICOREYOY-24MAY,2024-06-12,0,3.5428571428571427,3.5,3.5,0.5250000000000035,0.02847508650518904,0.01040816326530612
2024-06-03,CPICOREYOY-24MAY,2024-06-12,0,3.5428571428571427,3.5,3.5,0.5250000000000035,0.02847508650518904,0.01040816326530612
2024-06-04,CPICOREYOY-24MAY,2024-06-12,11000,3.5377551020408164,3.5,3.5,0.45679012345678616,-0.23186688891924323,0.010921491045397752
2024-06-05,CPICOREYOY-24MAY,2024-06-12,1405,3.5377551020408164,3.5,3.5,0.45679012345678616,-0.23186688891924323,0.010921491045397752
2024-06-06,CPICOREYOY-24MAY,2024-06-12,10,3.5418367346938777,3.5500000000000003,3.6,0.4823529411764725,-0.20605172934776483,0.01100478967097043
2024-06-07,CPICOREYOY-24MAY,2024-06-12,6190,3.5295918367346935,3.5,3.5,0.3972602739726029,0.050698074401478,0.009430445647646817
2024-06-08,CPICOREYOY-24MAY,2024-06-12,30,3.5316326530612243,3.5,3.5,0.4133333333333309,0.04664918959379394,0.009509579341940862
2024-06-09,CPICOREYOY-24MAY,2024-06-12,61,3.5316326530612243,3.5,3.5,0.4133333333333309,0.04664918959379394,0.009509579341940862
2024-06-10,CPICOREYOY-24MAY,2024-06-12,6036,3.526530612244898,3.5,3.5,0.3823529411764654,0.13898796501040644,0.009296126613910874
2024-06-11,CPICOREYOY-24MAY,2024-06-12,2480,3.5377551020408164,3.5,3.5,0.5522388059701508,-0.35148456007224693,0.007452103290295711
2024-06-12,CPICOREYOY-24MAY,2024-06-12,833,3.5336734693877556,3.5,3.5,0.5238095238095246,-0.23567986214889203,0.006519158683881721
2024-06-25,CPICOREYOY-24JUN,2024-07-10,1200,3.3683673469387756,3.4,3.4,-1.0000000000000078,-1.4083402503610845,0.002162640566430658
2024-06-26,CPICOREYOY-24JUN,2024-07-10,600,3.3683673469387756,3.4,3.4,-1.0000000000000078,-1.4083402503610845,0.002162640566430658
2024-06-27,CPICOREYOY-24JUN,2024-07-10,1800,3.3693877551020406,3.4,3.4,-1.0000000000000038,-1.326142941176479,0.002124114952103294
2024-06-28,CPICOREYOY-24JUN,2024-07-10,0,3.3693877551020406,3.4,3.4,-1.0000000000000038,-1.326142941176479,0.002124114952103294
2024-06-29,CPICOREYOY-24JUN,2024-07-10,0,3.3693877551020406,3.4,3.4,-1.0000000000000038,-1.326142941176479,0.002124114952103294
2024-06-30,CPICOREYOY-24JUN,2024-07-10,0,3.3693877551020406,3.4,3.4,-1.0000000000000038,-1.326142941176479,0.002124114952103294
2024-07-01,CPICOREYOY-24JUN,2024-07-10,0,3.3693877551020406,3.4,3.4,-1.0000000000000038,-1.326142941176479,0.002124114952103294
2024-07-02,CPICOREYOY-24JUN,2024-07-10,770,3.3979591836734695,3.4,3.4,-0.03571428571428222,-1.2830389740913297,0.005710120783007091
2024-07-03,CPICOREYOY-24JUN,2024-07-10,0,3.3979591836734695,3.4,3.4,-0.03571428571428222,-1.2830389740913297,0.005710120783007091
2024-07-04,CPICOREYOY-24JUN,2024-07-10,0,3.3979591836734695,3.4,3.4,-0.03571428571428222,-1.2830389740913297,0.005710120783007091
2024-07-05,CPICOREYOY-24JUN,2024-07-10,0,3.3979591836734695,3.4,3.4,-0.03571428571428222,-1.2830389740913297,0.005710120783007091
2024-07-06,CPICOREYOY-24JUN,2024-07-10,0,3.3979591836734695,3.4,3.4,-0.03571428571428222,-1.2830389740913297,0.005710120783007091
2024-07-07,CPICOREYOY-24JUN,2024-07-10,0,3.3979591836734695,3.4,3.4,-0.03571428571428222,-1.2830389740913297,0.005710120783007091
2024-07-08,CPICOREYOY-24JUN,2024-07-10,600,3.3948979591836737,3.4,3.4,-0.0847457627118598,-1.3606761865723356,0.005994377342773856
2024-07-09,CPICOREYOY-24JUN,2024-07-10,2800,3.4,3.4,3.4,0,-1.2213000000000003,0.005510204081632664
2024-07-10,CPICOREYOY-24JUN,2024-07-10,3631,3.4071428571428575,3.4,3.4,0.13725490196078372,-1.0960061072443859,0.005153061224489805
2024-07-15,CPICOREYOY-24JUL,2024-08-14,1,3.241836734693878,3.2,3.2,0.7454545454545481,-0.2287425440708475,0.005290503956684714
2024-07-16,CPICOREYOY-24JUL,2024-08-14,0,3.241836734693878,3.2,3.2,0.7454545454545481,-0.2287425440708475,0.005290503956684714
2024-07-17,CPICOREYOY-24JUL,2024-08-14,0,3.241836734693878,3.2,3.2,0.7454545454545481,-0.2287425440708475,0.005290503956684714
2024-07-18,CPICOREYOY-24JUL,2024-08-14,4560,3.1744897959183676,3.2,3.2,-0.36231884057970953,0.1479093843796231,0.009655351936693049
2024-07-19,CPICOREYOY-24JUL,2024-08-14,910,3.169387755102041,3.2,3.2,-0.40540540540540126,0.11090240758540082,0.00987921699291962
2024-07-20,CPICOREYOY-24JUL,2024-08-14,320,3.1622448979591837,3.2,3.2,-0.5211267605633817,0.6730829205868516,0.009084756351520201
2024-07-21,CPICOREYOY-24JUL,2024-08-14,0,3.1622448979591837,3.2,3.2,-0.5211267605633817,0.6730829205868516,0.009084756351520201
2024-07-22,CPICOREYOY-24JUL,2024-08-14,800,3.1806122448979597,3.2,3.2,-0.2835820895522339,0.05398123676818978,0.009726155768429827
2024-07-23,CPICOREYOY-24JUL,2024-08-14,650,3.1816326530612247,3.2,3.2,-0.264705882352941,-0.02219670763187853,0.00986672219908372
2024-07-24,CPICOREYOY-24JUL,2024-08-14,1903,3.189795918367347,3.2,3.2,-0.14705882352941027,-0.1643188885705209,0.01009995835068722
2024-07-25,CPICOREYOY-24JUL,2024-08-14,645,3.188775510204082,3.2,3.2,-0.1746031746031749,0.10053779091574055,0.009567888379841736
2024-07-26,CPICOREYOY-24JUL,2024-08-14,0,3.188775510204082,3.2,3.2,-0.1746031746031749,0.10053779091574055,0.009567888379841736
2024-07-27,CPICOREYOY-24JUL,2024-08-14,0,3.188775510204082,3.2,3.2,-0.1746031746031749,0.10053779091574055,0.009567888379841736
2024-07-28,CPICOREYOY-24JUL,2024-08-14,0,3.188775510204082,3.2,3.2,-0.1746031746031749,0.10053779091574055,0.009567888379841736
2024-07-29,CPICOREYOY-24JUL,2024-08-14,6323,3.1948979591836735,3.2,3.2,-0.07692307692307279,-0.054302051882428426,0.009871928363182013
2024-07-30,CPICOREYOY-24JUL,2024-08-14,24,3.1948979591836735,3.2,3.2,-0.07692307692307279,-0.054302051882428426,0.009871928363182013
2024-07-31,CPICOREYOY-24JUL,2024-08-14,625,3.192857142857143,3.2,3.2,-0.10769230769230725,-0.044596845552904885,0.00984693877551021
2024-08-01,CPICOREYOY-24JUL,2024-08-14,1110,3.1877551020408164,3.2,3.2,-0.1714285714285734,-0.23100446723567591,0.010258225739275307
2024-08-02,CPICOREYOY-24JUL,2024-08-14,180,3.1867346938775514,3.2,3.2,-0.18309859154929942,-0.2606916290587522,0.010334235735110376
2024-08-03,CPICOREYOY-24JUL,2024-08-14,2467,3.1816326530612247,3.2,3.2,-0.26470588235294096,-0.5120097905182202,0.008642232403165357
2024-08-04,CPICOREYOY-24JUL,2024-08-14,0,3.1816326530612247,3.2,3.2,-0.26470588235294096,-0.5120097905182202,0.008642232403165357
2024-08-05,CPICOREYOY-24JUL,2024-08-14,3865,3.1836734693877555,3.2,3.2,-0.27586206896552035,-0.02036049752462965,0.0076926280716368275
2024-08-06,CPICOREYOY-24JUL,2024-08-14,3280,3.1877551020408164,3.2,3.2,-0.19354838709677635,-0.2481697588247247,0.0082174094127447
2024-08-07,CPICOREYOY-24JUL,2024-08-14,2400,3.188775510204082,3.2,3.2,-0.18032786885245927,-0.19248892585574762,0.008139316951270315
2024-08-08,CPICOREYOY-24JUL,2024-08-14,1600,3.189795918367347,3.2,3.2,-0.16129032258064346,-0.24176464223871763,0.008263223656809674
2024-08-09,CPICOREYOY-24JUL,2024-08-14,1650,3.1938775510204085,3.2,3.2,-0.0999999999999975,-0.09929073565816937,0.008125780924614754
2024-08-10,CPICOREYOY-24JUL,2024-08-14,2400,3.1969387755102043,3.2,3.2,-0.047619047619053334,-0.22361377795483905,0.008460016659725124
2024-08-11,CPICOREYOY-24JUL,2024-08-14,13,3.1979591836734693,3.2,3.2,-0.03225806451612588,-0.1530579047356455,0.008363182007496887
2024-08-12,CPICOREYOY-24AUG,2024-09-10,5875,3.143877551020408,3.1999999999999997,3.1999999999999997,-0.9999999999999963,1.52151214420969,0.007360474802165746
2024-08-12,CPICOREYOY-24JUL,2024-08-14,3881,3.1959183673469393,3.2,3.2,-0.05882352941175897,-0.4809113198062458,0.008962932111620171
2024-08-13,CPICOREYOY-24AUG,2024-09-10,1507,3.122448979591837,3.1999999999999997,3.1999999999999997,-0.9999999999999961,-0.6893850665691987,0.01194502290712201
2024-08-13,CPICOREYOY-24JUL,2024-08-14,837,3.1938775510204085,3.2,3.2,-0.08571428571428977,-0.670886070922716,0.008942107455227001
2024-08-14,CPICOREYOY-24AUG,2024-09-10,300,3.076530612244898,3.1,3,-0.2839506172839529,-1.1387540760116819,0.009959391920033306
2024-08-14,CPICOREYOY-24JUL,2024-08-14,5551,3.1938775510204085,3.2,3.2,-0.11538461538461248,-0.32914412672840765,0.005880882965431079
2024-08-15,CPICOREYOY-24AUG,2024-09-10,917,3.0877551020408163,3.1,3.1,-0.16216216216216425,-0.6987140672780763,0.010054144106622228
2024-08-16,CPICOREYOY-24AUG,2024-09-10,0,3.0877551020408163,3.1,3.1,-0.16216216216216425,-0.6987140672780763,0.010054144106622228
2024-08-17,CPICOREYOY-24AUG,2024-09-10,2025,3.1061224489795918,3.1,3.1999999999999997,0.07317073170731539,-0.6936022120234306,0.010982923781757583
2024-08-18,CPICOREYOY-24AUG,2024-09-10,0,3.1061224489795918,3.1,3.1999999999999997,0.07317073170731539,-0.6936022120234306,0.010982923781757583
2024-08-19,CPICOREYOY-24AUG,2024-09-10,875,3.103061224489796,3.1,3.1999999999999997,0.037974683544302924,-0.662534243097237,0.010704914618908773
2024-08-20,CPICOREYOY-24AUG,2024-09-10,900,3.120408163265306,3.1,3.1,0.3225806451612878,-0.3771468454216871,0.006726364014993734
2024-08-21,CPICOREYOY-24AUG,2024-09-10,0,3.120408163265306,3.1,3.1,0.3225806451612878,-0.3771468454216871,0.006726364014993734
2024-08-22,CPICOREYOY-24AUG,2024-09-10,0,3.120408163265306,3.1,3.1,0.3225806451612878,-0.3771468454216871,0.006726364014993734
2024-08-23,CPICOREYOY-24AUG,2024-09-10,1341,3.127551020408163,3.1,3.1,0.490909090909088,-0.6445243982634192,0.00526134943773426
2024-08-24,CPICOREYOY-24AUG,2024-09-10,0,3.127551020408163,3.1,3.1,0.490909090909088,-0.6445243982634192,0.00526134943773426
2024-08-25,CPICOREYOY-24AUG,2024-09-10,32,3.127551020408163,3.1,3.1,0.490909090909087,-0.6445243982634326,0.005261349437734271
2024-08-26,CPICOREYOY-24AUG,2024-09-10,0,3.127551020408163,3.1,3.1,0.490909090909087,-0.6445243982634326,0.005261349437734271
2024-08-27,CPICOREYOY-24AUG,2024-09-10,0,3.127551020408163,3.1,3.1,0.490909090909087,-0.6445243982634326,0.005261349437734271
2024-08-28,CPICOREYOY-24AUG,2024-09-10,0,3.127551020408163,3.1,3.1,0.490909090909087,-0.6445243982634326,0.005261349437734271
2024-08-29,CPICOREYOY-24AUG,2024-09-10,4532,3.1357142857142857,3.1,3.2,0.5555555555555536,-0.7250889908256974,0.005561224489795912
2024-08-30,CPICOREYOY-24AUG,2024-09-10,700,3.1224489795918373,3.1,3.1,0.4400000000000097,-0.48399773685565917,0.005006247396917945
2024-08-31,CPICOREYOY-24AUG,2024-09-10,0,3.1224489795918373,3.1,3.1,0.4400000000000097,-0.48399773685565917,0.005006247396917945
2024-09-01,CPICOREYOY-24AUG,2024-09-10,0,3.1224489795918373,3.1,3.1,0.4400000000000097,-0.48399773685565917,0.005006247396917945
2024-09-02,CPICOREYOY-24AUG,2024-09-10,0,3.1224489795918373,3.1,3.1,0.4400000000000097,-0.48399773685565917,0.005006247396917945
2024-09-03,CPICOREYOY-24AUG,2024-09-10,666,3.121428571428572,3.1,3.1,0.4285714285714272,-0.43990671697311434,0.004948979591836728
2024-09-04,CPICOREYOY-24AUG,2024-09-10,0,3.121428571428572,3.1,3.1,0.4285714285714272,-0.43990671697311434,0.004948979591836728
2024-09-05,CPICOREYOY-24AUG,2024-09-10,0,3.121428571428572,3.1,3.1,0.4285714285714272,-0.43990671697311434,0.004948979591836728
2024-09-06,CPICOREYOY-24AUG,2024-09-10,50,3.0979591836734692,3.1,3.1,-0.02777777777777512,-0.7393264681176359,0.008975426905456043
2024-09-07,CPICOREYOY-24AUG,2024-09-10,0,3.0979591836734692,3.1,3.1,-0.02777777777777512,-0.7393264681176359,0.008975426905456043
2024-09-08,CPICOREYOY-24AUG,2024-09-10,0,3.0979591836734692,3.1,3.1,-0.02777777777777512,-0.7393264681176359,0.008975426905456043
2024-09-09,CPICOREYOY-24AUG,2024-09-10,1290,3.1632653061224487,3.1,3.1,0.6078431372549026,-0.14473229718180214,0.020895460224906303
2024-09-10,CPICOREYOY-24AUG,2024-09-10,1110,3.140816326530612,3.1,3.1,0.5000000000000006,1.8032153898452545,0.016497292794668893
2024-09-24,CPICOREYOY-24SEP,2024-10-10,30,3.2224489795918374,3.2,3.2,1.0000000000000013,-0.3105868421053213,0.0017409412744689744
2024-09-25,CPICOREYOY-24SEP,2024-10-10,4126,3.1938775510204085,3.2,3.1,-0.09375000000000444,-1.4826534105389029,0.006493127863390266
2024-09-26,CPICOREYOY-24SEP,2024-10-10,0,3.1938775510204085,3.2,3.1,-0.09375000000000444,-1.4826534105389029,0.006493127863390266
2024-09-27,CPICOREYOY-24SEP,2024-10-10,516,3.1938775510204085,3.2,3.1,-0.09375000000000444,-1.4826534105389029,0.006493127863390266
2024-09-28,CPICOREYOY-24SEP,2024-10-10,200,3.1979591836734698,3.2,3.2,-0.03333333333333733,-1.3973472141989596,0.0061182840483132135
2024-09-29,CPICOREYOY-24SEP,2024-10-10,0,3.1979591836734698,3.2,3.2,-0.03333333333333733,-1.3973472141989596,0.0061182840483132135
2024-09-30,CPICOREYOY-24SEP,2024-10-10,52,3.2061224489795923,3.2,3.3000000000000003,0.08571428571428977,-1.6113470818117959,0.007105372761349451
2024-10-01,CPICOREYOY-24SEP,2024-10-10,899,3.2163265306122453,3.2,3.2,0.2666666666666624,-1.28108523893737,0.005855893377759277
2024-10-02,CPICOREYOY-24SEP,2024-10-10,8433,3.219387755102041,3.2,3.3000000000000003,0.27536231884058116,-1.4372671533952466,0.006664931278633915
2024-10-03,CPICOREYOY-24SEP,2024-10-10,4059,3.242857142857143,3.2,3.3000000000000003,0.5000000000000033,-1.0882945312500028,0.009795918367346935
2024-10-04,CPICOREYOY-24SEP,2024-10-10,1840,3.256122448979592,3.3000000000000003,3.3000000000000003,-0.5890410958904106,-0.8375351075899409,0.008380882965431066
2024-10-05,CPICOREYOY-24SEP,2024-10-10,0,3.256122448979592,3.3000000000000003,3.3000000000000003,-0.5890410958904106,-0.8375351075899409,0.008380882965431066
2024-10-06,CPICOREYOY-24SEP,2024-10-10,13,3.256122448979592,3.3000000000000003,3.3000000000000003,-0.5890410958904106,-0.8375351075899409,0.008380882965431066
2024-10-07,CPICOREYOY-24SEP,2024-10-10,1670,3.262244897959184,3.3000000000000003,3.3000000000000003,-0.552238805970151,-0.7246615449927347,0.008268429820907952
2024-10-08,CPICOREYOY-24SEP,2024-10-10,941,3.2561224489795917,3.2500000000000004,3.2,0.7534246575342481,-0.7298593436249647,0.007360474802165759
2024-10-09,CPICOREYOY-24SEP,2024-10-10,4478,3.2540816326530617,3.3000000000000003,3.3000000000000003,-0.6164383561643864,-0.3603518267819714,0.009218034152436484
2024-10-10,CPICOREYOY-24SEP,2024-10-10,1852,3.2540816326530617,3.3000000000000003,3.3000000000000003,-0.6164383561643864,-0.3603518267819714,0.009218034152436484
2024-10-13,CPICOREYOY-24OCT,2024-11-12,1,3.0734693877551025,3.1,3.1,-0.9999999999999859,-0.9120519230768886,0.00194918783840067
2024-10-14,CPICOREYOY-24OCT,2024-11-12,0,3.0734693877551025,3.1,3.1,-0.9999999999999859,-0.9120519230768886,0.00194918783840067
2024-10-15,CPICOREYOY-24OCT,2024-11-12,0,3.0734693877551025,3.1,3.1,-0.9999999999999859,-0.9120519230768886,0.00194918783840067
2024-10-16,CPICOREYOY-24OCT,2024-11-12,0,3.0734693877551025,3.1,3.1,-0.9999999999999859,-0.9120519230768886,0.00194918783840067
2024-10-17,CPICOREYOY-24OCT,2024-11-12,0,3.0734693877551025,3.1,3.1,-0.9999999999999859,-0.9120519230768886,0.00194918783840067
2024-10-18,CPICOREYOY-24OCT,2024-11-12,0,3.0734693877551025,3.1,3.1,-0.9999999999999859,-0.9120519230768886,0.00194918783840067
2024-10-19,CPICOREYOY-24OCT,2024-11-12,0,3.0734693877551025,3.1,3.1,-0.9999999999999859,-0.9120519230768886,0.00194918783840067
2024-10-20,CPICOREYOY-24OCT,2024-11-12,0,3.0734693877551025,3.1,3.1,-0.9999999999999859,-0.9120519230768886,0.00194918783840067
2024-10-21,CPICOREYOY-24OCT,2024-11-12,4570,3.3000000000000003,3.3,3.3,0,-0.5295833333333322,0.011020408163265306
2024-10-22,CPICOREYOY-24OCT,2024-11-12,0,3.3000000000000003,3.3,3.3,0,-0.5295833333333322,0.011020408163265306
2024-10-23,CPICOREYOY-24OCT,2024-11-12,0,3.3000000000000003,3.3,3.3,0,-0.5295833333333322,0.011020408163265306
2024-10-24,CPICOREYOY-24OCT,2024-11-12,612,3.343877551020408,3.35,3.4,0.6615384615384605,-0.4815698628310421,0.005727821740941285
2024-10-25,CPICOREYOY-24OCT,2024-11-12,0,3.343877551020408,3.35,3.4,0.6615384615384605,-0.4815698628310421,0.005727821740941285
2024-10-26,CPICOREYOY-24OCT,2024-11-12,0,3.343877551020408,3.35,3.4,0.6615384615384605,-0.4815698628310421,0.005727821740941285
2024-10-27,CPICOREYOY-24OCT,2024-11-12,0,3.343877551020408,3.35,3.4,0.6615384615384605,-0.4815698628310421,0.005727821740941285
2024-10-28,CPICOREYOY-24OCT,2024-11-12,0,3.343877551020408,3.35,3.4,0.6615384615384605,-0.4815698628310421,0.005727821740941285
2024-10-29,CPICOREYOY-24OCT,2024-11-12,0,3.343877551020408,3.35,3.4,0.6615384615384605,-0.4815698628310421,0.005727821740941285
2024-10-30,CPICOREYOY-24OCT,2024-11-12,0,3.343877551020408,3.35,3.4,0.6615384615384605,-0.4815698628310421,0.005727821740941285
2024-10-31,CPICOREYOY-24OCT,2024-11-12,0,3.343877551020408,3.35,3.4,0.6615384615384605,-0.4815698628310421,0.005727821740941285
2024-11-01,CPICOREYOY-24OCT,2024-11-12,0,3.343877551020408,3.35,3.4,0.6615384615384605,-0.4815698628310421,0.005727821740941285
2024-11-02,CPICOREYOY-24OCT,2024-11-12,0,3.343877551020408,3.35,3.4,0.6615384615384605,-0.4815698628310421,0.005727821740941285
2024-11-03,CPICOREYOY-24OCT,2024-11-12,0,3.343877551020408,3.35,3.4,0.6615384615384605,-0.4815698628310421,0.005727821740941285
2024-11-04,CPICOREYOY-24OCT,2024-11-12,0,3.343877551020408,3.35,3.4,0.6615384615384605,-0.4815698628310421,0.005727821740941285
2024-11-05,CPICOREYOY-24OCT,2024-11-12,0,3.343877551020408,3.35,3.4,0.6615384615384605,-0.4815698628310421,0.005727821740941285
2024-11-06,CPICOREYOY-24OCT,2024-11-12,0,3.343877551020408,3.35,3.4,0.6615384615384605,-0.4815698628310421,0.005727821740941285
2024-11-07,CPICOREYOY-24OCT,2024-11-12,0,3.343877551020408,3.35,3.4,0.6615384615384605,-0.4815698628310421,0.005727821740941285
2024-11-08,CPICOREYOY-24OCT,2024-11-12,0,3.343877551020408,3.35,3.4,0.6615384615384605,-0.4815698628310421,0.005727821740941285
2024-11-09,CPICOREYOY-24OCT,2024-11-12,0,3.343877551020408,3.35,3.4,0.6615384615384605,-0.4815698628310421,0.005727821740941285
2024-11-10,CPICOREYOY-24OCT,2024-11-12,0,3.343877551020408,3.35,3.4,0.6615384615384605,-0.4815698628310421,0.005727821740941285
2024-11-11,CPICOREYOY-24OCT,2024-11-12,0,3.343877551020408,3.35,3.4,0.6615384615384605,-0.4815698628310421,0.005727821740941285
2024-11-11,KXCPICOREYOY-24NOV,2024-12-11,0,2.7,2.7,2.7,NA,NA,0
2024-11-12,CPICOREYOY-24OCT,2024-11-12,2599,3.358163265306122,3.35,3.3,0.7215189873417704,-0.9369910146610541,0.00855581007913371
2024-11-12,KXCPICOREYOY-24NOV,2024-12-11,0,2.7,2.7,2.7,NA,NA,0
2024-11-13,KXCPICOREYOY-24NOV,2024-12-11,0,2.7,2.7,2.7,NA,NA,0
2024-11-14,KXCPICOREYOY-24NOV,2024-12-11,0,2.7,2.7,2.7,NA,NA,0
2024-11-15,KXCPICOREYOY-24NOV,2024-12-11,0,2.7,2.7,2.7,NA,NA,0
2024-11-16,KXCPICOREYOY-24NOV,2024-12-11,0,2.7,2.7,2.7,NA,NA,0
2024-11-17,KXCPICOREYOY-24NOV,2024-12-11,0,2.7,2.7,2.7,NA,NA,0
2024-11-18,KXCPICOREYOY-24NOV,2024-12-11,0,2.7,2.7,2.7,NA,NA,0
2024-11-19,KXCPICOREYOY-24NOV,2024-12-11,0,2.7,2.7,2.7,NA,NA,0
2024-11-20,KXCPICOREYOY-24NOV,2024-12-11,0,2.7,2.7,2.7,NA,NA,0
2024-11-21,KXCPICOREYOY-24NOV,2024-12-11,0,2.7,2.7,2.7,NA,NA,0
2024-11-22,KXCPICOREYOY-24NOV,2024-12-11,100,2.7061224489795923,2.7,2.7,1.000000000000047,11.112019565217217,5.747605164514797e-4
2024-11-23,KXCPICOREYOY-24NOV,2024-12-11,500,2.742857142857143,2.7,2.7,0.9999999999999961,0.10364999999999824,0.0036734693877551
2024-11-24,KXCPICOREYOY-24NOV,2024-12-11,0,2.742857142857143,2.7,2.7,0.9999999999999961,0.10364999999999824,0.0036734693877551
2024-11-25,KXCPICOREYOY-24NOV,2024-12-11,0,2.742857142857143,2.7,2.7,0.9999999999999961,0.10364999999999824,0.0036734693877551
2024-11-26,KXCPICOREYOY-24NOV,2024-12-11,0,2.742857142857143,2.7,2.7,0.9999999999999961,0.10364999999999824,0.0036734693877551
2024-11-27,KXCPICOREYOY-24NOV,2024-12-11,32,3.142857142857143,3.1,3.1,0.9999999999999954,0.10365000000001334,0.003673469387755109
2024-11-28,KXCPICOREYOY-24NOV,2024-12-11,0,3.142857142857143,3.1,3.1,0.9999999999999954,0.10365000000001334,0.003673469387755109
2024-11-29,KXCPICOREYOY-24NOV,2024-12-11,0,3.142857142857143,3.1,3.1,0.9999999999999954,0.10365000000001334,0.003673469387755109
2024-11-30,KXCPICOREYOY-24NOV,2024-12-11,0,3.142857142857143,3.1,3.1,0.9999999999999954,0.10365000000001334,0.003673469387755109
2024-12-01,KXCPICOREYOY-24NOV,2024-12-11,0,3.142857142857143,3.1,3.1,0.9999999999999954,0.10365000000001334,0.003673469387755109
2024-12-02,KXCPICOREYOY-24NOV,2024-12-11,0,3.142857142857143,3.1,3.1,0.9999999999999954,0.10365000000001334,0.003673469387755109
2024-12-03,KXCPICOREYOY-24NOV,2024-12-11,108,3.236734693877551,3.2,3.2,0.9999999999999868,-1.7230596774193534,0.002324031653477722
2024-12-04,KXCPICOREYOY-24NOV,2024-12-11,0,3.236734693877551,3.2,3.2,0.9999999999999868,-1.7230596774193534,0.002324031653477722
2024-12-05,KXCPICOREYOY-24NOV,2024-12-11,501,3.236734693877551,3.2,3.2,0.9999999999999868,-1.7230596774193534,0.002324031653477722
2024-12-06,KXCPICOREYOY-24NOV,2024-12-11,1051,3.236734693877551,3.2,3.2,0.9999999999999868,-1.7230596774193534,0.002324031653477722
2024-12-07,KXCPICOREYOY-24NOV,2024-12-11,290,3.3122448979591836,3.3000000000000003,3.3000000000000003,0.20000000000000273,-0.6984981765844704,0.006380674718867122
2024-12-08,KXCPICOREYOY-24NOV,2024-12-11,0,3.3122448979591836,3.3000000000000003,3.3000000000000003,0.20000000000000273,-0.6984981765844704,0.006380674718867122
2024-12-09,KXCPICOREYOY-24NOV,2024-12-11,83,3.3183673469387753,3.3000000000000003,3.4,0.27272727272726666,-0.7666559448170687,0.006805497709287778
2024-12-10,KXCPICOREYOY-24NOV,2024-12-11,399,3.3132653061224495,3.3000000000000003,3.3000000000000003,0.22807017543859393,-1.238653670067378,0.005640358184089945
2024-12-11,KXCPICOREYOY-24NOV,2024-12-11,156,3.3132653061224495,3.3000000000000003,3.3000000000000003,0.22807017543859393,-1.238653670067378,0.005640358184089945
2024-12-20,KXCPICOREYOY-24DEC,2025-01-15,50,3.3275510204081633,3.3,3.3,1.0000000000000069,-1.0300859154929751,0.0019960433152853016
2024-12-21,KXCPICOREYOY-24DEC,2025-01-15,0,3.3275510204081633,3.3,3.3,1.0000000000000069,-1.0300859154929751,0.0019960433152853016
2024-12-22,KXCPICOREYOY-24DEC,2025-01-15,0,3.3275510204081633,3.3,3.3,1.0000000000000069,-1.0300859154929751,0.0019960433152853016
2024-12-23,KXCPICOREYOY-24DEC,2025-01-15,0,3.3275510204081633,3.3,3.3,1.0000000000000069,-1.0300859154929751,0.0019960433152853016
2024-12-24,KXCPICOREYOY-24DEC,2025-01-15,0,3.3275510204081633,3.3,3.3,1.0000000000000069,-1.0300859154929751,0.0019960433152853016
2024-12-25,KXCPICOREYOY-24DEC,2025-01-15,0,3.3275510204081633,3.3,3.3,1.0000000000000069,-1.0300859154929751,0.0019960433152853016
2024-12-26,KXCPICOREYOY-24DEC,2025-01-15,0,3.3275510204081633,3.3,3.3,1.0000000000000069,-1.0300859154929751,0.0019960433152853016
2024-12-27,KXCPICOREYOY-24DEC,2025-01-15,0,3.3275510204081633,3.3,3.3,1.0000000000000069,-1.0300859154929751,0.0019960433152853016
2024-12-28,KXCPICOREYOY-24DEC,2025-01-15,0,3.3275510204081633,3.3,3.3,1.0000000000000069,-1.0300859154929751,0.0019960433152853016
2024-12-29,KXCPICOREYOY-24DEC,2025-01-15,0,3.3275510204081633,3.3,3.3,1.0000000000000069,-1.0300859154929751,0.0019960433152853016
2024-12-30,KXCPICOREYOY-24DEC,2025-01-15,0,3.3275510204081633,3.3,3.3,1.0000000000000069,-1.0300859154929751,0.0019960433152853016
2024-12-31,KXCPICOREYOY-24DEC,2025-01-15,0,3.3275510204081633,3.3,3.3,1.0000000000000069,-1.0300859154929751,0.0019960433152853016
2025-01-01,KXCPICOREYOY-24DEC,2025-01-15,0,3.3275510204081633,3.3,3.3,1.0000000000000069,-1.0300859154929751,0.0019960433152853016
2025-01-02,KXCPICOREYOY-24DEC,2025-01-15,200,3.0275510204081635,3,3,1.0000000000000229,-1.0300859154929751,0.0019960433152853016
2025-01-03,KXCPICOREYOY-24DEC,2025-01-15,3372,3.2744897959183676,3.3,3.3,-0.40983606557377705,-0.5478667749479582,0.00720637234485631
2025-01-04,KXCPICOREYOY-24DEC,2025-01-15,700,3.2846938775510206,3.3,3.3,-0.29411764705882487,0.0670178444112084,0.006602457309454393
2025-01-05,KXCPICOREYOY-24DEC,2025-01-15,215,3.276530612244898,3.3,3.3,-0.38983050847457157,-0.45738191289261154,0.0071022490628904625
2025-01-06,KXCPICOREYOY-24DEC,2025-01-15,1429,3.270408163265306,3.3,3.3,-0.5087719298245617,-0.36233619903453596,0.006573302790503956
2025-01-07,KXCPICOREYOY-24DEC,2025-01-15,10,3.2744897959183676,3.3,3.3,-0.40983606557377705,-0.5478667749479582,0.00720637234485631
2025-01-08,KXCPICOREYOY-24DEC,2025-01-15,900,3.2744897959183676,3.3,3.3,-0.40983606557377705,-0.5478667749479582,0.00720637234485631
2025-01-09,KXCPICOREYOY-24DEC,2025-01-15,661,3.263265306122449,3.3,3.1999999999999997,-0.4999999999999997,-0.8275062862311975,0.007630154102457312
2025-01-10,KXCPICOREYOY-24DEC,2025-01-15,1810,3.270408163265306,3.3,3.3,-0.4328358208955225,-0.7590244896705687,0.007593710953769265
2025-01-11,KXCPICOREYOY-24DEC,2025-01-15,58,3.270408163265306,3.3,3.3,-0.4328358208955225,-0.7590244896705687,0.007593710953769265
2025-01-12,KXCPICOREYOY-24DEC,2025-01-15,445,3.2724489795918363,3.3,3.3,-0.4029850746268687,-0.7717497073012667,0.0077103290295710124
2025-01-13,KXCPICOREYOY-24DEC,2025-01-15,257,3.2653061224489797,3.3,3.1999999999999997,-0.4722222222222186,-0.8764597612419975,0.007367763431903378
2025-01-13,KXCPICOREYOY-25JAN,2025-02-12,0,3.174489795918367,3.1999999999999997,3.1999999999999997,-1.0000000000000013,3.1927867181648812,0.0033288213244481346
2025-01-14,KXCPICOREYOY-24DEC,2025-01-15,2711,3.2785714285714285,3.3,3.3,-0.3684210526315775,-0.4480648458626342,0.006581632653061227
2025-01-14,KXCPICOREYOY-25JAN,2025-02-12,0,3.174489795918367,3.1999999999999997,3.1999999999999997,-1.0000000000000013,3.1927867181648812,0.0033288213244481346
2025-01-15,KXCPICOREYOY-24DEC,2025-01-15,4367,3.265306122448979,3.3,3.3,-0.6800000000000036,-0.05141686258180922,0.0051228654727197
2025-01-15,KXCPICOREYOY-25JAN,2025-02-12,1424,3.1377551020408165,3.1999999999999997,3.1999999999999997,-0.7011494252873568,-0.7553164021225576,0.013166389004581405
2025-01-16,KXCPICOREYOY-25JAN,2025-02-12,0,3.1377551020408165,3.1999999999999997,3.1999999999999997,-0.7011494252873568,-0.7553164021225576,0.013166389004581405
2025-01-17,KXCPICOREYOY-25JAN,2025-02-12,1,3.1285714285714286,3.1,3.1999999999999997,0.29787234042553123,-0.7945897959183625,0.012857142857142838
2025-01-18,KXCPICOREYOY-25JAN,2025-02-12,0,3.1285714285714286,3.1,3.1999999999999997,0.29787234042553123,-0.7945897959183625,0.012857142857142838
2025-01-19,KXCPICOREYOY-25JAN,2025-02-12,24,3.1357142857142857,3.1,3.1999999999999997,0.4022988505747118,-0.3773106367155399,0.011683673469387736
2025-01-20,KXCPICOREYOY-25JAN,2025-02-12,30,3.1377551020408165,3.1,3.1999999999999997,0.4352941176470609,-0.22870652344799147,0.011329654310703857
2025-01-21,KXCPICOREYOY-25JAN,2025-02-12,117,3.1377551020408165,3.1,3.1999999999999997,0.4352941176470609,-0.22870652344799147,0.011329654310703857
2025-01-22,KXCPICOREYOY-25JAN,2025-02-12,522,3.1724489795918367,3.1999999999999997,3.1999999999999997,-0.26213592233009514,-0.5918395260979232,0.018526655560183243
2025-01-23,KXCPICOREYOY-25JAN,2025-02-12,145,3.173469387755102,3.1999999999999997,3.1999999999999997,-0.2549019607843106,-0.6712841893491088,0.017867555185339425
2025-01-24,KXCPICOREYOY-25JAN,2025-02-12,319,3.164285714285714,3.1999999999999997,3.1999999999999997,-0.36842105263158254,-0.3725322863403906,0.016989795918367332
2025-01-25,KXCPICOREYOY-25JAN,2025-02-12,61,3.164285714285714,3.1999999999999997,3.1999999999999997,-0.36842105263158254,-0.3725322863403906,0.016989795918367332
2025-01-26,KXCPICOREYOY-25JAN,2025-02-12,0,3.164285714285714,3.1999999999999997,3.1999999999999997,-0.36842105263158254,-0.3725322863403906,0.016989795918367332
2025-01-27,KXCPICOREYOY-25JAN,2025-02-12,0,3.164285714285714,3.1999999999999997,3.1999999999999997,-0.36842105263158254,-0.3725322863403906,0.016989795918367332
2025-01-28,KXCPICOREYOY-25JAN,2025-02-12,0,3.164285714285714,3.1999999999999997,3.1999999999999997,-0.36842105263158254,-0.3725322863403906,0.016989795918367332
2025-01-29,KXCPICOREYOY-25JAN,2025-02-12,0,3.164285714285714,3.1999999999999997,3.1999999999999997,-0.36842105263158254,-0.3725322863403906,0.016989795918367332
2025-01-30,KXCPICOREYOY-25JAN,2025-02-12,893,3.165306122448979,3.1999999999999997,3.1999999999999997,-0.3617021276595769,-0.3835290025325624,0.016551436901291114
2025-01-31,KXCPICOREYOY-25JAN,2025-02-12,7,3.1673469387755095,3.1999999999999997,3.1999999999999997,-0.3478260869565215,-0.43130193905816583,0.015668471470220723
2025-02-01,KXCPICOREYOY-25JAN,2025-02-12,1000,3.1683673469387754,3.1999999999999997,3.1999999999999997,-0.34065934065934395,-0.471305765664062,0.015223865056226556
2025-02-02,KXCPICOREYOY-25JAN,2025-02-12,1,3.174489795918367,3.1999999999999997,3.1999999999999997,-0.29411764705882354,-0.19999514968203602,0.013736984589754253
2025-02-03,KXCPICOREYOY-25JAN,2025-02-12,144,3.1612244897959183,3.1999999999999997,3.1999999999999997,-0.3877551020408191,0.7934633666274742,0.02094543940024989
2025-02-04,KXCPICOREYOY-25JAN,2025-02-12,3,3.173469387755102,3.1999999999999997,3.1999999999999997,-0.30232558139534504,1.4920631590608453,0.019704289879216984
2025-02-05,KXCPICOREYOY-25JAN,2025-02-12,226,3.173469387755102,3.1999999999999997,3.1999999999999997,-0.30232558139534504,1.4920631590608453,0.019704289879216984
2025-02-06,KXCPICOREYOY-25JAN,2025-02-12,26,3.193877551020408,3.1999999999999997,3.1999999999999997,-0.09090909090908882,0.020077779034628485,0.010166597251145344
2025-02-07,KXCPICOREYOY-25JAN,2025-02-12,1263,3.1724489795918367,3.1999999999999997,3.1999999999999997,-0.2842105263157873,0.7809381867090011,0.02179196168263223
2025-02-08,KXCPICOREYOY-25JAN,2025-02-12,100,3.173469387755102,3.1999999999999997,3.1999999999999997,-0.2765957446808476,0.87455544846605,0.021541024573094533
2025-02-09,KXCPICOREYOY-25JAN,2025-02-12,1,3.174489795918367,3.1999999999999997,3.1999999999999997,-0.26881720430107514,0.9720521072684516,0.021288004997917526
2025-02-10,KXCPICOREYOY-25FEB,2025-03-12,371,3.1193877551020406,3.1,3.1,0.1743119266055058,-0.631831112253197,0.020950645564348176
2025-02-10,KXCPICOREYOY-25JAN,2025-02-12,4224,3.1755102040816325,3.1999999999999997,3.1999999999999997,-0.28571428571428426,0.18851336991609724,0.01531861724281548
2025-02-11,KXCPICOREYOY-25FEB,2025-03-12,189,3.1193877551020406,3.1,3.1,0.1743119266055058,-0.631831112253197,0.020950645564348176
2025-02-11,KXCPICOREYOY-25JAN,2025-02-12,11693,3.1785714285714284,3.1999999999999997,3.1999999999999997,-0.30434782608695576,0.7722572778828041,0.012908163265306112
2025-02-12,KXCPICOREYOY-25FEB,2025-03-12,270,3.1377551020408165,3.1,3.1,0.4065934065934035,-0.09675249335053726,0.016839858392336513
2025-02-12,KXCPICOREYOY-25JAN,2025-02-12,14394,3.1846938775510205,3.1999999999999997,3.1999999999999997,-0.2380952380952396,0.530894964877318,0.009255518533944176
2025-02-13,KXCPICOREYOY-25FEB,2025-03-12,356,3.1612244897959183,3.1999999999999997,3.1999999999999997,-0.38775510204081465,-0.3691704372878486,0.018088296543107025
2025-02-14,KXCPICOREYOY-25FEB,2025-03-12,17,3.1663265306122446,3.1999999999999997,3.1999999999999997,-0.3548387096774205,-0.07364297588934043,0.016927321949187824
2025-02-15,KXCPICOREYOY-25FEB,2025-03-12,66,3.1663265306122446,3.1999999999999997,3.1999999999999997,-0.3548387096774205,-0.07364297588934043,0.016927321949187824
2025-02-16,KXCPICOREYOY-25FEB,2025-03-12,29,3.1602040816326533,3.1999999999999997,3.1999999999999997,-0.44827586206896514,0.06807280498929913,0.01484485630987087
2025-02-17,KXCPICOREYOY-25FEB,2025-03-12,544,3.1673469387755104,3.1999999999999997,3.1999999999999997,-0.3636363636363635,0.009635706203413363,0.015056226572261543
2025-02-18,KXCPICOREYOY-25FEB,2025-03-12,0,3.1673469387755104,3.1999999999999997,3.1999999999999997,-0.3636363636363635,0.009635706203413363,0.015056226572261543
2025-02-19,KXCPICOREYOY-25FEB,2025-03-12,0,3.1673469387755104,3.1999999999999997,3.1999999999999997,-0.3636363636363635,0.009635706203413363,0.015056226572261543
2025-02-20,KXCPICOREYOY-25FEB,2025-03-12,0,3.1673469387755104,3.1999999999999997,3.1999999999999997,-0.3636363636363635,0.009635706203413363,0.015056226572261543
2025-02-21,KXCPICOREYOY-25FEB,2025-03-12,2528,3.1877551020408164,3.1999999999999997,3.1999999999999997,-0.1111111111111085,0.9620233795491542,0.026584756351520196
2025-02-22,KXCPICOREYOY-25FEB,2025-03-12,1545,3.1867346938775514,3.1999999999999997,3.1999999999999997,-0.11926605504587011,1.0915990880579063,0.02502811328613077
2025-02-23,KXCPICOREYOY-25FEB,2025-03-12,190,3.1642857142857146,3.1999999999999997,3.1999999999999997,-0.4022988505747118,-0.33238471476266174,0.012704081632653044
2025-02-24,KXCPICOREYOY-25FEB,2025-03-12,183,3.1846938775510205,3.1999999999999997,3.1999999999999997,-0.14563106796116168,1.6621061900434446,0.023541232819658472
2025-02-25,KXCPICOREYOY-25FEB,2025-03-12,888,3.1816326530612247,3.1999999999999997,3.1999999999999997,-0.16981132075471303,1.4934555827018157,0.024356518117451056
2025-02-26,KXCPICOREYOY-25FEB,2025-03-12,346,3.1816326530612247,3.1999999999999997,3.1999999999999997,-0.16981132075471303,1.4934555827018157,0.024356518117451056
2025-02-27,KXCPICOREYOY-25FEB,2025-03-12,203,3.1816326530612247,3.1999999999999997,3.1999999999999997,-0.16981132075471303,1.4934555827018157,0.024356518117451056
2025-02-28,KXCPICOREYOY-25FEB,2025-03-12,0,3.1816326530612247,3.1999999999999997,3.1999999999999997,-0.16981132075471303,1.4934555827018157,0.024356518117451056
2025-03-01,KXCPICOREYOY-25FEB,2025-03-12,0,3.1816326530612247,3.1999999999999997,3.1999999999999997,-0.16981132075471303,1.4934555827018157,0.024356518117451056
2025-03-02,KXCPICOREYOY-25FEB,2025-03-12,0,3.1816326530612247,3.1999999999999997,3.1999999999999997,-0.16981132075471303,1.4934555827018157,0.024356518117451056
2025-03-03,KXCPICOREYOY-25FEB,2025-03-12,1619,3.164285714285714,3.1999999999999997,3.1,-0.4022988505747119,0.1184631824521003,0.012295918367346921
2025-03-04,KXCPICOREYOY-25FEB,2025-03-12,1832,3.1816326530612242,3.1999999999999997,3.1999999999999997,-0.2571428571428513,-0.16657478522778169,0.009458558933777577
2025-03-05,KXCPICOREYOY-25FEB,2025-03-12,2025,3.1816326530612242,3.1999999999999997,3.1999999999999997,-0.2571428571428575,-0.2567377765009957,0.008846314035818391
2025-03-06,KXCPICOREYOY-25FEB,2025-03-12,344,3.183673469387755,3.1999999999999997,3.1,-0.19999999999999724,-0.717991264248206,0.009937526030820472
2025-03-07,KXCPICOREYOY-25FEB,2025-03-12,354,3.187755102040816,3.1999999999999997,3.1,-0.15789473684210162,-0.6493610922440798,0.0096459808413161
2025-03-08,KXCPICOREYOY-25FEB,2025-03-12,1013,3.1795918367346943,3.1999999999999997,3.1,-0.24999999999999786,0.3342035999548796,0.011624323198667207
2025-03-09,KXCPICOREYOY-25FEB,2025-03-12,1401,3.174489795918367,3.1999999999999997,3.1999999999999997,-0.35211267605633817,0.7168141949713722,0.010879841732611395
2025-03-10,KXCPICOREYOY-25FEB,2025-03-12,1240,3.1806122448979592,3.1999999999999997,3.1999999999999997,-0.2676056338028189,0.7155712104831022,0.011154727197001233
2025-03-11,KXCPICOREYOY-25FEB,2025-03-12,3689,3.183673469387755,3.1999999999999997,3.1999999999999997,-0.23529411764706187,0.885662058916207,0.010345689296126599
2025-03-11,KXCPICOREYOY-25MAR,2025-04-10,170,3.0306122448979593,3,3,0.5172413793103472,1.4936280890532734,0.009879216992919614
2025-03-12,KXCPICOREYOY-25FEB,2025-03-12,1686,3.193877551020408,3.1999999999999997,3.1,-0.07894736842105657,-1.0238622560321147,0.008738025822573908
2025-03-12,KXCPICOREYOY-25MAR,2025-04-10,3110,3.085714285714286,3.1,2.9,-0.1014492753623185,-0.060301789395202476,0.03081632653061224
2025-03-13,KXCPICOREYOY-25MAR,2025-04-10,2401,3.079591836734694,3.1,3.1999999999999997,-0.16666666666666874,-0.632344070548672,0.021420241566014145
2025-03-14,KXCPICOREYOY-25MAR,2025-04-10,184,3.0581632653061224,3,3,0.5533980582524266,-1.1723672688886368,0.015086422324031637
2025-03-15,KXCPICOREYOY-25MAR,2025-04-10,13,3.0571428571428574,3,3,0.5384615384615368,-1.1908660800000017,0.015306122448979576
2025-03-16,KXCPICOREYOY-25MAR,2025-04-10,0,3.0571428571428574,3,3,0.5384615384615368,-1.1908660800000017,0.015306122448979576
2025-03-17,KXCPICOREYOY-25MAR,2025-04-10,0,3.0571428571428574,3,3,0.5384615384615368,-1.1908660800000017,0.015306122448979576
2025-03-18,KXCPICOREYOY-25MAR,2025-04-10,0,3.0571428571428574,3,3,0.5384615384615368,-1.1908660800000017,0.015306122448979576
2025-03-19,KXCPICOREYOY-25MAR,2025-04-10,150,3.0520408163265307,3,3,0.5151515151515159,-0.9964261042608631,0.014332569762598906
2025-03-20,KXCPICOREYOY-25MAR,2025-04-10,10,3.0469387755102044,3,3,0.4893617021276585,-0.7562204538782056,0.013306955435235312
2025-03-21,KXCPICOREYOY-25MAR,2025-04-10,447,3.0479591836734694,3,3,0.49473684210526336,-0.8084349218169882,0.013516243231986665
2025-03-22,KXCPICOREYOY-25MAR,2025-04-10,102,3.0510204081632653,3,3,0.5102040816326525,-0.9523711170837772,0.014131611828404823
2025-03-23,KXCPICOREYOY-25MAR,2025-04-10,0,3.0510204081632653,3,3,0.5102040816326525,-0.9523711170837772,0.014131611828404823
2025-03-24,KXCPICOREYOY-25MAR,2025-04-10,480,3.054081632653061,3,3,0.5247524752475236,-0.8781639885751344,0.01534048313202831
2025-03-25,KXCPICOREYOY-25MAR,2025-04-10,243,3.0561224489795915,3,3,0.5445544554455458,-0.8657584287844129,0.015115576842982082
2025-03-26,KXCPICOREYOY-25MAR,2025-04-10,2560,3.054081632653061,3,3,0.5353535353535341,-0.8446125705942604,0.01513640149937525
2025-03-27,KXCPICOREYOY-25MAR,2025-04-10,0,3.054081632653061,3,3,0.5353535353535341,-0.8446125705942604,0.01513640149937525
2025-03-28,KXCPICOREYOY-25MAR,2025-04-10,0,3.054081632653061,3,3,0.5353535353535341,-0.8446125705942604,0.01513640149937525
2025-03-29,KXCPICOREYOY-25MAR,2025-04-10,0,3.054081632653061,3,3,0.5353535353535341,-0.8446125705942604,0.01513640149937525
2025-03-30,KXCPICOREYOY-25MAR,2025-04-10,0,3.054081632653061,3,3,0.5353535353535341,-0.8446125705942604,0.01513640149937525
2025-03-31,KXCPICOREYOY-25MAR,2025-04-10,204,3.0448979591836736,3,3,0.48888888888888515,-0.6845694142649075,0.01512703040399832
2025-04-01,KXCPICOREYOY-25MAR,2025-04-10,130,3.0530612244897957,3,3,0.5306122448979567,-0.8321171882658542,0.015143690129112859
2025-04-02,KXCPICOREYOY-25MAR,2025-04-10,2722,3.0316326530612243,3,3,0.43661971830986274,0.6493023843500745,0.011754477301124529
2025-04-03,KXCPICOREYOY-25MAR,2025-04-10,1,3.0234693877551018,3,3,0.29113924050633117,0.35848855614188047,0.013020616409829237
2025-04-04,KXCPICOREYOY-25MAR,2025-04-10,383,3.0367346938775506,3,3,0.48648648648648046,-0.29486609174440703,0.009262807163681799
2025-04-05,KXCPICOREYOY-25MAR,2025-04-10,218,3.0275510204081635,3,3.1,0.3253012048192796,-0.650234129394291,0.010771553519366933
2025-04-06,KXCPICOREYOY-25MAR,2025-04-10,0,3.0275510204081635,3,3.1,0.3253012048192796,-0.650234129394291,0.010771553519366933
2025-04-07,KXCPICOREYOY-25MAR,2025-04-10,1444,3.022448979591837,3,3,0.3055555555555501,-0.21921537035950456,0.009904206580591417
2025-04-08,KXCPICOREYOY-25MAR,2025-04-10,1143,3.0275510204081635,3,3,0.41538461538461857,0.08695023688042403,0.008934818825489377
2025-04-09,KXCPICOREYOY-25MAR,2025-04-10,45486,2.9653061224489794,3,2.9,-0.5666666666666621,1.0276217787187862,0.005531028738025826
2025-04-10,KXCPICOREYOY-25MAR,2025-04-10,2730,2.963265306122449,3,2.9,-0.5999999999999996,1.263568574135566,0.005385256143273639
2025-04-13,KXCPICOREYOY-25APR,2025-05-13,1234,2.789795918367347,2.8000000000000003,2.9,-0.0943396226415127,-1.2590138463848843,0.016426488962932095
2025-04-14,KXCPICOREYOY-25APR,2025-05-13,655,2.7908163265306123,2.8000000000000003,2.9,-0.08571428571428785,-1.2411144576047168,0.015731986672219887
2025-04-15,KXCPICOREYOY-25APR,2025-05-13,0,2.7908163265306123,2.8000000000000003,2.9,-0.08571428571428785,-1.2411144576047168,0.015731986672219887
2025-04-16,KXCPICOREYOY-25APR,2025-05-13,1232,2.7836734693877556,2.8000000000000003,2.8000000000000003,-0.17777777777778,-0.894256481326313,0.013202832153269457
2025-04-17,KXCPICOREYOY-25APR,2025-05-13,1283,2.7673469387755105,2.8000000000000003,2.8000000000000003,-0.4324324324324316,-0.04968062079769631,0.01077051228654727
2025-04-18,KXCPICOREYOY-25APR,2025-05-13,12040,2.779591836734694,2.8000000000000003,2.8000000000000003,-0.3225806451612942,0.465018038170526,0.008563098708871297
2025-04-19,KXCPICOREYOY-25APR,2025-05-13,0,2.779591836734694,2.8000000000000003,2.8000000000000003,-0.3225806451612942,0.465018038170526,0.008563098708871297
2025-04-20,KXCPICOREYOY-25APR,2025-05-13,660,2.8091836734693882,2.8000000000000003,2.9,0.06976744186046346,-1.0952250908677028,0.023895251978342344
2025-04-21,KXCPICOREYOY-25APR,2025-05-13,1122,2.8040816326530615,2.8000000000000003,2.9,0.029411764705879525,-1.1935451264177697,0.02528946272386504
2025-04-22,KXCPICOREYOY-25APR,2025-05-13,0,2.8040816326530615,2.8000000000000003,2.9,0.029411764705879525,-1.1935451264177697,0.02528946272386504
2025-04-23,KXCPICOREYOY-25APR,2025-05-13,973,2.8122448979591836,2.8000000000000003,2.8000000000000003,0.10714285714285458,-0.8170675321361021,0.021074552269887536
2025-04-24,KXCPICOREYOY-25APR,2025-05-13,0,2.8122448979591836,2.8000000000000003,2.8000000000000003,0.10714285714285458,-0.8170675321361021,0.021074552269887536
2025-04-25,KXCPICOREYOY-25APR,2025-05-13,0,2.8122448979591836,2.8000000000000003,2.8000000000000003,0.10714285714285458,-0.8170675321361021,0.021074552269887536
2025-04-26,KXCPICOREYOY-25APR,2025-05-13,3,2.8122448979591836,2.8000000000000003,2.8000000000000003,0.10714285714285458,-0.8170675321361021,0.021074552269887536
2025-04-27,KXCPICOREYOY-25APR,2025-05-13,500,2.813265306122449,2.8000000000000003,2.8000000000000003,0.11504424778760916,-0.857015701778634,0.021354643898375665
2025-04-28,KXCPICOREYOY-25APR,2025-05-13,300,2.8173469387755103,2.8000000000000003,2.8000000000000003,0.1452991452991443,-1.0045663167943117,0.02245418575593501
2025-04-29,KXCPICOREYOY-25APR,2025-05-13,63,2.826530612244898,2.8000000000000003,2.7,0.20634920634920725,-1.1822503826432,0.022153269471053713
2025-04-30,KXCPICOREYOY-25APR,2025-05-13,6877,2.8377551020408163,2.8000000000000003,2.8000000000000003,0.3737373737373753,-0.4543158044895783,0.01683985839233651
2025-05-01,KXCPICOREYOY-25APR,2025-05-13,0,2.8377551020408163,2.8000000000000003,2.8000000000000003,0.3737373737373753,-0.4543158044895783,0.01683985839233651
2025-05-02,KXCPICOREYOY-25APR,2025-05-13,0,2.8377551020408163,2.8000000000000003,2.8000000000000003,0.3737373737373753,-0.4543158044895783,0.01683985839233651
2025-05-03,KXCPICOREYOY-25APR,2025-05-13,1005,2.838775510204082,2.8000000000000003,2.8000000000000003,0.3800000000000028,-0.4582953778610097,0.016863806747188653
2025-05-04,KXCPICOREYOY-25APR,2025-05-13,15,2.8377551020408163,2.8000000000000003,2.8000000000000003,0.3737373737373753,-0.4543158044895783,0.01683985839233651
2025-05-05,KXCPICOREYOY-25APR,2025-05-13,569,2.830612244897959,2.8000000000000003,2.8000000000000003,0.30612244897959356,-0.4944640315199047,0.01783840066638899
2025-05-06,KXCPICOREYOY-25APR,2025-05-13,1964,2.848979591836735,2.8000000000000003,2.8000000000000003,0.41379310344827724,-0.5130345825515077,0.026784673052894618
2025-05-07,KXCPICOREYOY-25APR,2025-05-13,470,2.8540816326530614,2.8000000000000003,2.8000000000000003,0.42399999999999927,-0.6019150029798066,0.027585381091211985
2025-05-08,KXCPICOREYOY-25APR,2025-05-13,64,2.845918367346939,2.8000000000000003,2.8000000000000003,0.3383458646616526,-0.7660351091439037,0.02921803415243647
2025-05-09,KXCPICOREYOY-25APR,2025-05-13,209,2.8448979591836734,2.8000000000000003,2.8000000000000003,0.3333333333333342,-0.7572239841252184,0.02920866305705955
2025-05-10,KXCPICOREYOY-25APR,2025-05-13,1093,2.823469387755102,2.8000000000000003,2.9,0.223300970873784,-0.6005712409141162,0.017510412328196567
2025-05-11,KXCPICOREYOY-25APR,2025-05-13,733,2.8265306122448983,2.8000000000000003,2.9,0.249999999999997,-0.5646680690827841,0.01725531028738024
2025-05-12,KXCPICOREYOY-25APR,2025-05-13,265,2.830612244897959,2.8000000000000003,2.8000000000000003,0.3260869565217363,-0.17880039696669847,0.015797584339858377
2025-05-13,KXCPICOREYOY-25APR,2025-05-13,1015,2.8285714285714283,2.8000000000000003,2.8000000000000003,0.285714285714285,-0.3841592592592544,0.016530612244897942
2025-05-13,KXCPICOREYOY-25MAY,2025-06-11,3537,2.83265306122449,2.9,2.9,-1.0000000000000036,0.03310029231699385,0.011382757184506438
2025-05-14,KXCPICOREYOY-25MAY,2025-06-11,810,2.845918367346939,2.9,2.9,-0.7066666666666656,-0.17386919043609161,0.013911911703456873
2025-05-15,KXCPICOREYOY-25MAY,2025-06-11,1035,2.841836734693878,2.9,2.9,-0.721518987341772,-0.28261808707180114,0.013861932528113267
2025-05-16,KXCPICOREYOY-25MAY,2025-06-11,0,2.841836734693878,2.9,2.9,-0.721518987341772,-0.28261808707180114,0.013861932528113267
2025-05-17,KXCPICOREYOY-25MAY,2025-06-11,0,2.841836734693878,2.9,2.9,-0.721518987341772,-0.28261808707180114,0.013861932528113267
2025-05-18,KXCPICOREYOY-25MAY,2025-06-11,405,2.851020408163265,2.9,2.9,-0.6857142857142821,-0.002922344615657657,0.013927530195751752
2025-05-19,KXCPICOREYOY-25MAY,2025-06-11,1594,2.877551020408163,2.9,2.9,-0.25000000000000056,-0.18997965729574995,0.017659308621407733
2025-05-20,KXCPICOREYOY-25MAY,2025-06-11,295,2.88265306122449,2.9,3,-0.17171717171717052,-0.3757132030067911,0.01898479800083297
2025-05-21,KXCPICOREYOY-25MAY,2025-06-11,602,2.8877551020408165,2.9,3,-0.12244897959183378,-0.2298970453293938,0.019033735943356923
2025-05-22,KXCPICOREYOY-25MAY,2025-06-11,624,2.8857142857142857,2.9,3,-0.14285714285714238,-0.28067294484911587,0.01897959183673468
2025-05-23,KXCPICOREYOY-25MAY,2025-06-11,51,2.9163265306122446,2.9,2.9,0.23529411764705524,0.45094393206978634,0.009121199500208238
2025-05-24,KXCPICOREYOY-25MAY,2025-06-11,0,2.9163265306122446,2.9,2.9,0.23529411764705524,0.45094393206978634,0.009121199500208238
2025-05-25,KXCPICOREYOY-25MAY,2025-06-11,0,2.9163265306122446,2.9,2.9,0.23529411764705524,0.45094393206978634,0.009121199500208238
2025-05-26,KXCPICOREYOY-25MAY,2025-06-11,30,2.9183673469387754,2.9,2.9,0.27272727272727276,0.566680851838238,0.008438150770512277
2025-05-27,KXCPICOREYOY-25MAY,2025-06-11,1393,2.9132653061224487,2.9,2.9,0.19402985074627263,0.18364646376432647,0.00870158267388587
2025-05-28,KXCPICOREYOY-25MAY,2025-06-11,477,2.9122448979591837,2.9,2.9,0.18181818181817747,0.18821882670275158,0.008625572678050801
2025-05-29,KXCPICOREYOY-25MAY,2025-06-11,0,2.9122448979591837,2.9,2.9,0.18181818181817747,0.18821882670275158,0.008625572678050801
2025-05-30,KXCPICOREYOY-25MAY,2025-06-11,0,2.9122448979591837,2.9,2.9,0.18181818181817747,0.18821882670275158,0.008625572678050801
2025-05-31,KXCPICOREYOY-25MAY,2025-06-11,400,2.9102040816326533,2.9,2.9,0.15625000000000533,0.20310627046744845,0.008467305289462714
2025-06-01,KXCPICOREYOY-25MAY,2025-06-11,267,2.8979591836734695,2.9,2.9,-0.03225806451613295,-0.060480944554018645,0.008771345272802987
2025-06-02,KXCPICOREYOY-25MAY,2025-06-11,484,2.9061224489795916,2.9,2.9,0.0967741935483918,0.15349831207165776,0.008533944189920855
2025-06-03,KXCPICOREYOY-25MAY,2025-06-11,187,2.909183673469388,2.9,2.9,0.13846153846154186,0.43907552751625545,0.010017700957934184
2025-06-04,KXCPICOREYOY-25MAY,2025-06-11,20,2.9071428571428566,2.9,2.9,0.11111111111111076,0.5212188917823259,0.009846938775510196
2025-06-05,KXCPICOREYOY-25MAY,2025-06-11,0,2.9071428571428566,2.9,2.9,0.11111111111111076,0.5212188917823259,0.009846938775510196
2025-06-06,KXCPICOREYOY-25MAY,2025-06-11,787,2.901020408163266,2.9,2.9,0.015384615384617252,0.32789207772452533,0.010100999583506862
2025-06-07,KXCPICOREYOY-25MAY,2025-06-11,1287,2.9020408163265308,2.9,2.9,0.029411764705885923,0.16977173396043055,0.010403998334027477
2025-06-08,KXCPICOREYOY-25MAY,2025-06-11,275,2.8918367346938774,2.9,2.9,-0.1176470588235309,1.1155831581101756,0.012382340691378581
2025-06-09,KXCPICOREYOY-25MAY,2025-06-11,3611,2.871428571428571,2.9,2.9,-0.3783783783783775,0.5235818668252086,0.011836734693877535
2025-06-10,KXCPICOREYOY-25MAY,2025-06-11,1109,2.8877551020408165,2.9,2.9,-0.22222222222222518,0.5612204383800341,0.007605164514785492
2025-06-11,KXCPICOREYOY-25MAY,2025-06-11,1385,2.886734693877551,2.9,2.9,-0.27659574468084785,1.2216806013667618,0.006252603082049133
2025-06-15,KXCPICOREYOY-25JUN,2025-07-15,665,2.885714285714286,2.9000000000000004,2.9000000000000004,-0.20588235294117566,-0.08563837429112153,0.00938775510204082
2025-06-16,KXCPICOREYOY-25JUN,2025-07-15,0,2.885714285714286,2.9000000000000004,2.9000000000000004,-0.20588235294117566,-0.08563837429112153,0.00938775510204082
2025-06-17,KXCPICOREYOY-25JUN,2025-07-15,108,2.908163265306123,2.9000000000000004,2.9000000000000004,0.10810810810810348,-0.5143960593860357,0.010137442732194926
2025-06-18,KXCPICOREYOY-25JUN,2025-07-15,0,2.908163265306123,2.9000000000000004,2.9000000000000004,0.10810810810810348,-0.5143960593860357,0.010137442732194926
2025-06-19,KXCPICOREYOY-25JUN,2025-07-15,0,2.908163265306123,2.9000000000000004,2.9000000000000004,0.10810810810810348,-0.5143960593860357,0.010137442732194926
2025-06-20,KXCPICOREYOY-25JUN,2025-07-15,183,2.908163265306123,2.9000000000000004,2.9000000000000004,0.10526315789473804,-0.5920803072654035,0.010341524364847986
2025-06-21,KXCPICOREYOY-25JUN,2025-07-15,0,2.908163265306123,2.9000000000000004,2.9000000000000004,0.10526315789473804,-0.5920803072654035,0.010341524364847986
2025-06-22,KXCPICOREYOY-25JUN,2025-07-15,2183,2.9204081632653067,2.9000000000000004,3.0000000000000004,0.18181818181818388,0.6105497057491962,0.01937942523948356
2025-06-23,KXCPICOREYOY-25JUN,2025-07-15,649,2.9040816326530616,2.9000000000000004,2.8000000000000003,0.04255319148936219,1.5834297895340228,0.01814660558100792
2025-06-24,KXCPICOREYOY-25JUN,2025-07-15,464,2.9010204081632653,2.9,2.8000000000000003,0.010309278350516718,1.3713785579098134,0.019080591420241558
2025-06-25,KXCPICOREYOY-25JUN,2025-07-15,0,2.9010204081632653,2.9,2.8000000000000003,0.010309278350516718,1.3713785579098134,0.019080591420241558
2025-06-26,KXCPICOREYOY-25JUN,2025-07-15,52,2.909183673469388,2.9,2.8000000000000003,0.08571428571428784,0.49410077147834475,0.021446272386505615
2025-06-27,KXCPICOREYOY-25JUN,2025-07-15,719,2.9163265306122454,2.9,2.9,0.16326530612245102,0.5963054292912835,0.020549770928779673
2025-06-28,KXCPICOREYOY-25JUN,2025-07-15,1722,2.9071428571428575,2.8000000000000003,2.8000000000000003,0.8536585365853671,-0.013370062723211174,0.023520408163265293
2025-06-29,KXCPICOREYOY-25JUN,2025-07-15,636,2.901020408163266,2.8000000000000003,2.8000000000000003,0.846153846153845,0.2700413634956371,0.02295814244064972
2025-06-30,KXCPICOREYOY-25JUN,2025-07-15,13,2.9234693877551026,2.9,2.9,0.23711340206185746,0.552498455766874,0.020163473552686377
2025-07-01,KXCPICOREYOY-25JUN,2025-07-15,2170,2.9183673469387754,2.9,2.9,0.16666666666666674,0.1859175744481001,0.02190753852561432
2025-07-02,KXCPICOREYOY-25JUN,2025-07-15,1904,2.9132653061224487,2.9,2.9,0.1238095238095264,0.3668127727550847,0.02155872553102873
2025-07-03,KXCPICOREYOY-25JUN,2025-07-15,5848,2.9204081632653063,2.9,2.8000000000000003,0.1785714285714308,0.2322147473435856,0.021216159933361088
2025-07-04,KXCPICOREYOY-25JUN,2025-07-15,4755,2.9122448979591837,2.9,2.8000000000000003,0.11538461538461685,-0.7314433274320038,0.016584756351520184
2025-07-05,KXCPICOREYOY-25JUN,2025-07-15,5260,2.9030612244897958,2.9,2.9,0.032967032967032184,0.3531157889843546,0.018051853394418983
2025-07-06,KXCPICOREYOY-25JUN,2025-07-15,459,2.9061224489795916,2.9,2.9,0.0714285714285749,0.7289387480473488,0.01690129112869637
2025-07-07,KXCPICOREYOY-25JUN,2025-07-15,13223,2.8948979591836737,2.9,2.9,-0.06666666666666315,1.0621857559623384,0.015994377342773838
2025-07-08,KXCPICOREYOY-25JUN,2025-07-15,518,2.9,2.9,2.9,4.6298662303517195e-15,0.33109690844233475,0.017755102040816314
2025-07-09,KXCPICOREYOY-25JUN,2025-07-15,212,2.9081632653061225,2.9,2.9,0.07843137254902059,0.7961682619892714,0.02279050395668471
2025-07-10,KXCPICOREYOY-25JUN,2025-07-15,3341,2.9132653061224496,2.9,2.9,0.12621359223301234,0.7498540616335689,0.0227832153269471
2025-07-11,KXCPICOREYOY-25JUN,2025-07-15,571,2.9204081632653063,2.9,2.9,0.23809523809524105,1.3149295532362535,0.017338608912952934
2025-07-12,KXCPICOREYOY-25JUN,2025-07-15,878,2.9010204081632653,2.9,2.9,0.010309278350516713,0.7753402325210574,0.023570387338608913
2025-07-13,KXCPICOREYOY-25JUL,2025-08-12,0,2.988775510204082,3.0000000000000004,3.0000000000000004,-0.10679611650485467,-0.5642463636357302,0.017935235318617227
2025-07-13,KXCPICOREYOY-25JUN,2025-07-15,933,2.9163265306122446,2.9,2.9,0.19512195121951464,1.476322849644382,0.017284464806330693
2025-07-14,KXCPICOREYOY-25JUL,2025-08-12,20,2.989795918367347,3.0000000000000004,3.0000000000000004,-0.09615384615384945,-0.5855263661674424,0.01826322365680965
2025-07-14,KXCPICOREYOY-25JUN,2025-07-15,7041,2.9193877551020404,2.9,2.9,0.23456790123456947,1.4323260950154308,0.0166649312786339
2025-07-15,KXCPICOREYOY-25JUL,2025-08-12,3588,3.0234693877551027,3.0000000000000004,3.0000000000000004,0.21904761904761674,-0.12740689464423394,0.018326738858808814
2025-07-15,KXCPICOREYOY-25JUN,2025-07-15,7900,2.9132653061224487,2.9,2.9,0.1940298507462727,1.017086746981434,0.010538317367763424
2025-07-16,KXCPICOREYOY-25JUL,2025-08-12,4791,3.0306122448979598,3.0000000000000004,3.0000000000000004,0.26785714285714435,-0.3457263980813705,0.020287380258225726
2025-07-17,KXCPICOREYOY-25JUL,2025-08-12,2698,3.0438775510204086,3.1,3.1,-0.4621848739495775,-0.32310315768818976,0.023074760516451468
2025-07-18,KXCPICOREYOY-25JUL,2025-08-12,545,3.0418367346938777,3.0000000000000004,3.0000000000000004,0.3831775700934599,0.2467499518044689,0.01998438150770511
2025-07-19,KXCPICOREYOY-25JUL,2025-08-12,53,3.04795918367347,3.1,3.1,-0.48571428571428266,0.31947176467353833,0.02004685547688462
2025-07-20,KXCPICOREYOY-25JUL,2025-08-12,0,3.04795918367347,3.1,3.1,-0.48571428571428266,0.31947176467353833,0.02004685547688462
2025-07-21,KXCPICOREYOY-25JUL,2025-08-12,2027,3.0530612244897966,3.1,3.1,-0.45999999999999514,-0.587414244350458,0.016164098292378158
2025-07-22,KXCPICOREYOY-25JUL,2025-08-12,155,3.04795918367347,3.1,3.1,-0.48571428571428266,0.3234653269566472,0.02045501874219074
2025-07-23,KXCPICOREYOY-25JUL,2025-08-12,768,3.0448979591836736,3.1,3.1,-0.5192307692307655,0.32798445036379187,0.02022907122032485
2025-07-24,KXCPICOREYOY-25JUL,2025-08-12,1221,3.0326530612244906,3.0000000000000004,3.1,0.28571428571428553,-0.03936396425481359,0.020974593919200323
2025-07-25,KXCPICOREYOY-25JUL,2025-08-12,57,3.0377551020408164,3.1,3.1,-0.559633027522936,-0.015820090705858547,0.021125572678050798
2025-07-26,KXCPICOREYOY-25JUL,2025-08-12,0,3.0377551020408164,3.1,3.1,-0.559633027522936,-0.015820090705858547,0.021125572678050798
2025-07-27,KXCPICOREYOY-25JUL,2025-08-12,1001,3.0326530612244906,3.1,3.1,-0.6226415094339641,0.13200758677687174,0.020158267388588075
2025-07-28,KXCPICOREYOY-25JUL,2025-08-12,18,3.029591836734694,3.0500000000000003,3.1,0.26605504587155615,0.12625775694379593,0.020042690545605986
2025-07-29,KXCPICOREYOY-25JUL,2025-08-12,1020,3.0377551020408164,3.1,3.1,-0.6161616161616122,0.7184835800628808,0.018472511453561005
2025-07-30,KXCPICOREYOY-25JUL,2025-08-12,3520,3.018367346938776,3.0000000000000004,3.0000000000000004,0.1875000000000001,0.25784085293983283,0.01925447730112452
2025-07-31,KXCPICOREYOY-25JUL,2025-08-12,546,3.0530612244897966,3.1,3.1,-0.5749999999999942,0.5306150070485782,0.011470220741357753
2025-08-01,KXCPICOREYOY-25JUL,2025-08-12,836,3.0316326530612248,3.0500000000000003,3.1,0.3069306930693056,0.592332496020151,0.018489171178675542
2025-08-02,KXCPICOREYOY-25JUL,2025-08-12,4305,3.0326530612244906,3.0000000000000004,3.1,0.33333333333333326,0.8148429294680333,0.017913369429404403
2025-08-03,KXCPICOREYOY-25JUL,2025-08-12,1033,3.0316326530612248,3.0000000000000004,3.0000000000000004,0.32631578947368284,0.8125556401758214,0.017876926280716358
2025-08-04,KXCPICOREYOY-25JUL,2025-08-12,8470,3.039795918367347,3.0000000000000004,3.0000000000000004,0.39393939393939365,0.6476195956196853,0.018314244064972916
2025-08-05,KXCPICOREYOY-25JUL,2025-08-12,6635,3.0408163265306127,3.0000000000000004,3.0000000000000004,0.5000000000000012,0.1936144297575466,0.012211578508954586
2025-08-06,KXCPICOREYOY-25JUL,2025-08-12,1688,3.0418367346938777,3.0000000000000004,3.1,0.5061728395061703,0.45414435465480674,0.011412952936276534
2025-08-07,KXCPICOREYOY-25JUL,2025-08-12,1930,3.0306122448979598,3.0000000000000004,3.0000000000000004,0.3571428571428541,1.1125895042504954,0.014981257809246133
2025-08-08,KXCPICOREYOY-25JUL,2025-08-12,2797,3.026530612244898,3.0000000000000004,3.0000000000000004,0.4193548387096797,-0.41065710820451207,0.006643065389421057
2025-08-09,KXCPICOREYOY-25JUL,2025-08-12,2023,3.025510204081633,3.0000000000000004,3.0000000000000004,0.47169811320753946,0.07003520833950683,0.005777800916284864
2025-08-10,KXCPICOREYOY-25JUL,2025-08-12,61,3.0316326530612248,3.0000000000000004,3.0000000000000004,0.3827160493827145,1.4792966714919418,0.014203456892961255
2025-08-11,KXCPICOREYOY-25JUL,2025-08-12,7380,3.0459183673469394,3.1,3.1,-0.7910447761194024,3.4166130864487556,0.010238442315701774
2025-08-12,KXCPICOREYOY-25AUG,2025-09-11,3215,3.069387755102041,3.1,3.1,-0.2777777777777752,0.20952129991934543,0.026001665972511447
2025-08-12,KXCPICOREYOY-25JUL,2025-08-12,21684,3.0469387755102044,3.0000000000000004,3.0000000000000004,0.6388888888888827,1.267724838404285,0.009225322782174077
2025-08-13,KXCPICOREYOY-25AUG,2025-09-11,1325,3.0867346938775513,3.1,3.1,-0.1287128712871271,-0.3543466213720965,0.019109745939191992
2025-08-14,KXCPICOREYOY-25AUG,2025-09-11,63,3.0857142857142863,3.1,3.1,-0.15217391304347785,0.03607170934256354,0.017346938775510194
2025-08-15,KXCPICOREYOY-25AUG,2025-09-11,0,3.0857142857142863,3.1,3.1,-0.15217391304347785,0.03607170934256354,0.017346938775510194
2025-08-16,KXCPICOREYOY-25AUG,2025-09-11,0,3.0857142857142863,3.1,3.1,-0.15217391304347785,0.03607170934256354,0.017346938775510194
2025-08-17,KXCPICOREYOY-25AUG,2025-09-11,10,3.0867346938775513,3.1,3.1,-0.1428571428571411,0.05330487329488642,0.01727301124531444
2025-08-18,KXCPICOREYOY-25AUG,2025-09-11,0,3.0867346938775513,3.1,3.1,-0.1428571428571411,0.05330487329488642,0.01727301124531444
2025-08-19,KXCPICOREYOY-25AUG,2025-09-11,0,3.0867346938775513,3.1,3.1,-0.1428571428571411,0.05330487329488642,0.01727301124531444
2025-08-20,KXCPICOREYOY-25AUG,2025-09-11,80,3.0887755102040826,3.1,3.1,-0.11827956989246878,0.01918385183125526,0.016710745522698862
2025-08-21,KXCPICOREYOY-25AUG,2025-09-11,750,3.092857142857143,3.1,3.1,-0.07865168539325822,0.03450000000000575,0.015153061224489782
2025-08-22,KXCPICOREYOY-25AUG,2025-09-11,872,3.090816326530612,3.1,3.1,-0.10344827586206654,-0.20233398054984342,0.014099333610995404
2025-08-23,KXCPICOREYOY-25AUG,2025-09-11,416,3.0908163265306126,3.1,3.1,-0.10344827586206654,0.1487618206172181,0.014711578508954588
2025-08-24,KXCPICOREYOY-25AUG,2025-09-11,198,3.0765306122448983,3.1,3.0000000000000004,-0.22772277227722532,-0.12403337532263459,0.017306330695543506
2025-08-25,KXCPICOREYOY-25AUG,2025-09-11,37,3.078571428571429,3.1,3.1,-0.21212121212121154,-0.10114124012714365,0.017193877551020392
2025-08-26,KXCPICOREYOY-25AUG,2025-09-11,450,3.091836734693878,3.1,3.1,-0.08163265306122108,0.08139795779870829,0.019729279466888787
2025-08-27,KXCPICOREYOY-25AUG,2025-09-11,62,3.091836734693878,3.1,3.1,-0.08163265306122108,0.08139795779870829,0.019729279466888787
2025-08-28,KXCPICOREYOY-25AUG,2025-09-11,0,3.091836734693878,3.1,3.1,-0.08163265306122108,0.08139795779870829,0.019729279466888787
2025-08-29,KXCPICOREYOY-25AUG,2025-09-11,1413,3.075510204081633,3.1,3.1,-0.25531914893616886,-0.37919464864864505,0.016951270304039968
2025-08-30,KXCPICOREYOY-25AUG,2025-09-11,65,3.0765306122448983,3.1,3.1,-0.24210526315789668,-0.40573593169449707,0.01710224906289045
2025-08-31,KXCPICOREYOY-25AUG,2025-09-11,0,3.0765306122448983,3.1,3.1,-0.24210526315789668,-0.40573593169449707,0.01710224906289045
2025-09-01,KXCPICOREYOY-25AUG,2025-09-11,99,3.0765306122448983,3.1,3.1,-0.24210526315789668,-0.40573593169449707,0.01710224906289045
2025-09-02,KXCPICOREYOY-25AUG,2025-09-11,102,3.0908163265306126,3.1,3.1,-0.08256880733944758,-0.19071260719640293,0.023487088713036227
2025-09-03,KXCPICOREYOY-25AUG,2025-09-11,30,3.0908163265306126,3.1,3.1,-0.08256880733944758,-0.19071260719640293,0.023487088713036227
2025-09-04,KXCPICOREYOY-25AUG,2025-09-11,0,3.0908163265306126,3.1,3.1,-0.08256880733944758,-0.19071260719640293,0.023487088713036227
2025-09-05,KXCPICOREYOY-25AUG,2025-09-11,44,3.070408163265306,3.1,3.1,-0.3258426966292091,-0.22486773565217177,0.016165139525197818
2025-09-06,KXCPICOREYOY-25AUG,2025-09-11,7150,3.0673469387755103,3.1,3.1,-0.39999999999999986,-0.8510290889176106,0.010974593919200313
2025-09-07,KXCPICOREYOY-25AUG,2025-09-11,184,3.0775510204081638,3.1,3.1,-0.2749999999999954,-0.8933698998292638,0.01153685964181589
2025-09-08,KXCPICOREYOY-25AUG,2025-09-11,150,3.0744897959183675,3.1,3.1,-0.3246753246753247,-0.8076414282260589,0.011083923365264455
2025-09-09,KXCPICOREYOY-25AUG,2025-09-11,740,3.089795918367347,3.1,3.1,-0.1428571428571416,0.02295831526411396,0.010099958350687199
2025-09-10,KXCPICOREYOY-25AUG,2025-09-11,13040,3.08265306122449,3.1,3.1,-0.22666666666666532,-0.3511038662745505,0.010209287796751336
2025-09-11,KXCPICOREYOY-25AUG,2025-09-11,5317,3.0765306122448983,3.1,3.1,-0.377049180327865,0.1398323136478874,0.008326738858808812
2025-09-15,KXCPICOREYOY-25SEP,2025-10-15,4228,3.072448979591837,3.1,3.1,-0.2903225806451592,0.3899693358173453,0.017302165764264875
2025-09-16,KXCPICOREYOY-25SEP,2025-10-15,2235,3.0683673469387758,3.1,3.1,-0.3406593406593391,0.5175538776425102,0.016040191586838802
2025-09-17,KXCPICOREYOY-25SEP,2025-10-15,120,3.0704081632653066,3.1,3.1,-0.3258426966292092,0.6931502970237706,0.015552894627238634
2025-09-18,KXCPICOREYOY-25SEP,2025-10-15,876,3.0724489795918375,3.1,3.1,-0.3176470588235272,0.5085634221465622,0.014240941274468955
2025-09-19,KXCPICOREYOY-25SEP,2025-10-15,1567,3.0714285714285716,3.1,3.1,-0.3181818181818124,0.6708375000000086,0.014693877551020394
2025-09-20,KXCPICOREYOY-25SEP,2025-10-15,0,3.0714285714285716,3.1,3.1,-0.3181818181818124,0.6708375000000086,0.014693877551020394
2025-09-21,KXCPICOREYOY-25SEP,2025-10-15,0,3.0714285714285716,3.1,3.1,-0.3181818181818124,0.6708375000000086,0.014693877551020394
2025-09-22,KXCPICOREYOY-25SEP,2025-10-15,51,3.0744897959183675,3.1,3.1,-0.29411764705882354,0.7336837645518464,0.0145533111203665
2025-09-23,KXCPICOREYOY-25SEP,2025-10-15,0,3.0744897959183675,3.1,3.1,-0.29411764705882354,0.7336837645518464,0.0145533111203665
2025-09-24,KXCPICOREYOY-25SEP,2025-10-15,61,3.0744897959183675,3.1,3.1,-0.29411764705882354,0.7336837645518464,0.0145533111203665
2025-09-25,KXCPICOREYOY-25SEP,2025-10-15,2049,3.0744897959183675,3.1,3.1,-0.29411764705882354,0.7336837645518464,0.0145533111203665
2025-09-26,KXCPICOREYOY-25SEP,2025-10-15,561,3.0704081632653066,3.1,3.1,-0.29896907216494895,0.7949908526937493,0.02045085381091211
2025-09-27,KXCPICOREYOY-25SEP,2025-10-15,28,3.0714285714285716,3.1,3.1,-0.29166666666666585,0.8775000000000048,0.02020408163265305
2025-09-28,KXCPICOREYOY-25SEP,2025-10-15,500,3.0734693877551025,3.1,3.1,-0.2765957446808477,1.0530099627693517,0.019704289879216984
2025-09-29,KXCPICOREYOY-25SEP,2025-10-15,2421,3.0867346938775513,3.1,3.1,-0.1428571428571411,-0.041728652689612566,0.01584443981674301
2025-09-30,KXCPICOREYOY-25SEP,2025-10-15,0,3.0867346938775513,3.1,3.1,-0.1428571428571411,-0.041728652689612566,0.01584443981674301
2025-10-01,KXCPICOREYOY-25SEP,2025-10-15,371,3.0836734693877554,3.1,3.1,-0.18604651162790434,0.19202757403924187,0.01524364847980007
2025-10-02,KXCPICOREYOY-25SEP,2025-10-15,871,3.0663265306122454,3.1,3.1,-0.41772151898734317,-0.2820053515031109,0.011213036234902106
2025-10-03,KXCPICOREYOY-25SEP,2025-10-15,58,3.0714285714285716,3.1,3.1,-0.33333333333333254,-0.5085018960068899,0.012040816326530592
2025-10-04,KXCPICOREYOY-25SEP,2025-10-15,171,3.069387755102041,3.1,3.1,-0.3488372093023226,-0.5523365790287591,0.012124114952103271
2025-10-05,KXCPICOREYOY-25SEP,2025-10-15,11,3.0673469387755103,3.1,3.1,-0.3636363636363585,-0.6486726976537196,0.012607246980424805
2025-10-06,KXCPICOREYOY-25SEP,2025-10-15,235,3.0653061224489804,3.1,3.1,-0.4146341463414609,-0.33632584503099094,0.012265722615576824
2025-10-07,KXCPICOREYOY-25SEP,2025-10-15,1934,3.069387755102041,3.1,3.1,-0.3947368421052597,-0.15711526640559415,0.011920033319450211
2025-10-08,KXCPICOREYOY-25SEP,2025-10-15,17343,3.0806122448979596,3.1,3.1,-0.24675324675324292,0.10311048074463525,0.011971053727613479
2025-10-09,KXCPICOREYOY-25SEP,2025-10-15,6791,3.078571428571429,3.1,3.1,-0.25925925925925863,0.7551153812136433,0.013724489795918353
2025-10-10,KXCPICOREYOY-25SEP,2025-10-15,3399,3.088775510204082,3.1,3.1,-0.12941176470587762,0.32830148078951105,0.01466992919616825
2025-10-11,KXCPICOREYOY-25SEP,2025-10-15,375,3.091836734693878,3.1,3.1,-0.09756097560975205,0.5489028298842813,0.013810912119950008
2025-10-12,KXCPICOREYOY-25SEP,2025-10-15,1317,3.091836734693878,3.1,3.1,-0.09756097560975205,0.5489028298842813,0.013810912119950008
2025-10-13,KXCPICOREYOY-25SEP,2025-10-15,1700,3.092857142857143,3.1,3.1,-0.08433734939759015,0.492387887936248,0.013928571428571415
2025-10-14,KXCPICOREYOY-25OCT,2025-11-13,0,3.138775510204082,3.1,3.1,1.0000000000000053,-1.8118436842105337,0.0023740108288213286
2025-10-14,KXCPICOREYOY-25SEP,2025-10-15,2404,3.0775510204081633,3.1,3.1,-0.3437500000000012,0.8684707525503454,0.008883798417326097
2025-10-15,KXCPICOREYOY-25OCT,2025-11-13,1375,3.113265306122449,3.1,3.1,0.1733333333333367,-0.8432057638444475,0.010334235735110388
2025-10-15,KXCPICOREYOY-25SEP,2025-10-15,71,3.079591836734694,3.1,3.1,-0.3225806451612876,0.9463332589753439,0.00897126197417741
2025-10-16,KXCPICOREYOY-25OCT,2025-11-13,1441,3.0948979591836734,3.1,3.1,-0.06329113924050848,-0.4870049176465039,0.013137234485630978
2025-10-17,KXCPICOREYOY-25OCT,2025-11-13,908,3.089795918367347,3.1,3.1,-0.13513513513513392,-0.4621831902278415,0.010916284881299447
2025-10-18,KXCPICOREYOY-25OCT,2025-11-13,244,3.08265306122449,3.1,3,-0.1954022988505734,-0.8360738176293117,0.012046022490628892
2025-10-19,KXCPICOREYOY-25OCT,2025-11-13,0,3.08265306122449,3.1,3,-0.1954022988505734,-0.8360738176293117,0.012046022490628892
2025-10-20,KXCPICOREYOY-25OCT,2025-11-13,188,3.0755102040816324,3.1,3.1,-0.2926829268292719,-0.5129985818950429,0.011645147855060383
2025-10-21,KXCPICOREYOY-25OCT,2025-11-13,11,3.0795918367346933,3.1,3.1,-0.23255813953488658,-0.7179762143060002,0.012236568096626394
2025-10-22,KXCPICOREYOY-25OCT,2025-11-13,545,3.0755102040816324,3.1,3.1,-0.2926829268292719,-0.5129985818950429,0.011645147855060383
2025-10-23,KXCPICOREYOY-25OCT,2025-11-13,1815,3.069387755102041,3.1,3.1,-0.35714285714285887,-0.4794567105731624,0.01192003331945022
2025-10-24,KXCPICOREYOY-25OCT,2025-11-13,223,3.039795918367347,3,3.1,0.5652173913043527,-0.6890593488660426,0.006885672636401502
2025-10-25,KXCPICOREYOY-25OCT,2025-11-13,402,3.114285714285714,3.1,3.1,0.11475409836065537,-0.7809110483072015,0.02673469387755101
2025-10-26,KXCPICOREYOY-25OCT,2025-11-13,172,3.122448979591837,3.1,3.1,0.1833333333333338,-0.8155765237917234,0.02623073719283631
2025-10-27,KXCPICOREYOY-25OCT,2025-11-13,777,3.1142857142857143,3.1,3.1,0.12280701754385924,-0.5984784332168771,0.024897959183673456
2025-10-28,KXCPICOREYOY-25OCT,2025-11-13,40,3.1183673469387756,3.1,3.1,0.16363636363636364,-0.5715120962218818,0.024152436484797993
2025-10-29,KXCPICOREYOY-25OCT,2025-11-13,94,3.120408163265306,3.1,3.1,0.18518518518518742,-0.559564186324097,0.023869221157850888
2025-10-30,KXCPICOREYOY-25OCT,2025-11-13,138,3.1163265306122447,3.1,3.1,0.1428571428571446,-0.6005570469035515,0.02483548521449395
2025-10-31,KXCPICOREYOY-25OCT,2025-11-13,20,3.1183673469387756,3.1,3.1,0.15789473684210528,-0.6596358639845143,0.024968763015410237
2025-11-01,KXCPICOREYOY-25OCT,2025-11-13,0,3.1183673469387756,3.1,3.1,0.15789473684210528,-0.6596358639845143,0.024968763015410237
2025-11-02,KXCPICOREYOY-25OCT,2025-11-13,352,3.074489795918367,3.1,3.1,-0.22522522522522898,-1.0959997807663684,0.01945127030403997
2025-11-03,KXCPICOREYOY-25OCT,2025-11-13,196,3.061224489795918,3,3,0.5999999999999985,-0.9103094493802697,0.014414827155351926
2025-11-04,KXCPICOREYOY-25OCT,2025-11-13,0,3.061224489795918,3,3,0.5999999999999985,-0.9103094493802697,0.014414827155351926
2025-11-05,KXCPICOREYOY-25OCT,2025-11-13,0,3.061224489795918,3,3,0.5999999999999985,-0.9103094493802697,0.014414827155351926
2025-11-06,KXCPICOREYOY-25OCT,2025-11-13,26,3.061224489795918,3,3,0.5999999999999985,-0.9103094493802697,0.014414827155351926
2025-11-07,KXCPICOREYOY-25OCT,2025-11-13,627,3.061224489795918,3.1,3,-0.3877551020408188,-0.8255309451943709,0.014006663890045805
2025-11-08,KXCPICOREYOY-25OCT,2025-11-13,0,3.061224489795918,3.1,3,-0.3877551020408188,-0.8255309451943709,0.014006663890045805
2025-11-09,KXCPICOREYOY-25OCT,2025-11-13,0,3.061224489795918,3.1,3,-0.3877551020408188,-0.8255309451943709,0.014006663890045805
2025-11-10,KXCPICOREYOY-25OCT,2025-11-13,75127,3.0989795918367347,3.1,3.1999999999999997,-0.008130081300813994,-1.1575189221580853,0.0209173261141191
2025-11-11,KXCPICOREYOY-25OCT,2025-11-13,51510,3.091836734693877,3.1,3.1,-0.07272727272727363,-1.0480371348689415,0.019321116201582656
2025-11-12,KXCPICOREYOY-25OCT,2025-11-13,35245,3.1785714285714284,3.3,3.3,-0.9834710743801621,-1.09796910376097,0.02515306122448978
2025-11-13,KXCPICOREYOY-25OCT,2025-11-13,1283,3.25,3.3,3.3,-0.960784313725487,-0.37663832169009126,0.00556122448979591
2025-11-18,KXCPICOREYOY-25NOV,2025-12-18,221,3.054081632653061,3.0500000000000003,2.9,0.45299145299145194,-1.298341787825835,0.017789462723865043
2025-11-19,KXCPICOREYOY-25NOV,2025-12-18,66,3.0561224489795915,3.1,2.9,-0.3739130434782607,-1.3074949409353196,0.017768638067471875
2025-11-20,KXCPICOREYOY-25NOV,2025-12-18,18,3.0581632653061224,3.1,2.9,-0.36283185840708115,-1.312620106020764,0.017739483548521437
2025-11-21,KXCPICOREYOY-25NOV,2025-12-18,508,3.0520408163265307,3,3,0.5151515151515158,-0.8072226638979871,0.01453665139525197
2025-11-22,KXCPICOREYOY-25NOV,2025-12-18,300,3.0428571428571427,3,2.9,0.3962264150943423,-0.9683458259894246,0.01612244897959183
2025-11-23,KXCPICOREYOY-25NOV,2025-12-18,737,3.0448979591836736,3.1,2.9,-0.5094339622641508,-1.012591585981358,0.015535193669304453
2025-11-24,KXCPICOREYOY-25NOV,2025-12-18,10666,3.0540816326530615,3.1,3.1,0.5145631067961195,-0.06443375528331208,0.0159527280299875
2025-11-25,KXCPICOREYOY-25NOV,2025-12-18,52591,3.0438775510204086,3,3,0.4526315789473727,0.05336760767435367,0.01634006663890045
2025-11-26,KXCPICOREYOY-25NOV,2025-12-18,189,3.043877551020408,3,2.9,0.4174757281553395,-0.1233122785739651,0.016952311536859638
2025-11-27,KXCPICOREYOY-25NOV,2025-12-18,57,3.0357142857142856,3,2.9,0.3535353535353566,0.006561108224957035,0.017193877551020403
2025-11-28,KXCPICOREYOY-25NOV,2025-12-18,46,3.0479591836734694,3,2.9,0.4563106796116506,-0.1615966619532876,0.016781549354435644
2025-11-29,KXCPICOREYOY-25NOV,2025-12-18,221,3.0479591836734694,3,2.9,0.4563106796116506,-0.1615966619532876,0.016781549354435644
2025-11-30,KXCPICOREYOY-25NOV,2025-12-18,0,3.0479591836734694,3,2.9,0.4563106796116506,-0.1615966619532876,0.016781549354435644
2025-12-01,KXCPICOREYOY-25NOV,2025-12-18,50998,3.0346938775510206,3,3,0.3777777777777799,0.41789180860428043,0.01593919200333194
2025-12-02,KXCPICOREYOY-25NOV,2025-12-18,2499,3.036734693877551,3,3,0.4186046511627856,0.7670420993165257,0.014773011245314447
2025-12-03,KXCPICOREYOY-25NOV,2025-12-18,32757,3.0285714285714285,3,3,0.3333333333333321,-0.5912796610169506,0.012040816326530607
2025-12-04,KXCPICOREYOY-25NOV,2025-12-18,50661,3.0234693877551018,3,2.9,0.2643678160919509,-0.6488703827388536,0.012612453144523113
2025-12-05,KXCPICOREYOY-25NOV,2025-12-18,51941,2.978571428571429,3.0000000000000004,3.0000000000000004,-0.22105263157894667,0.179523933402709,0.017397959183673463
2025-12-06,KXCPICOREYOY-25NOV,2025-12-18,583,2.991836734693878,3.0000000000000004,3.0000000000000004,-0.07547169811320847,-0.28249455428660664,0.019933361099541847
2025-12-07,KXCPICOREYOY-25NOV,2025-12-18,200,2.987755102040816,3.0000000000000004,2.9000000000000004,-0.10909090909091043,-0.3688016815354591,0.02025822573927529
2025-12-08,KXCPICOREYOY-25NOV,2025-12-18,28765,2.9806122448979595,3.0000000000000004,2.9000000000000004,-0.1809523809523822,-0.4680101420860163,0.017277176176593072
2025-12-09,KXCPICOREYOY-25NOV,2025-12-18,5112,2.9765306122448982,3.0000000000000004,3.0000000000000004,-0.2584269662921368,-0.14835993593566954,0.014449187838400657
2025-12-10,KXCPICOREYOY-25NOV,2025-12-18,998,2.9704081632653065,3.0000000000000004,2.9000000000000004,-0.33333333333333365,0.23822003701182437,0.012695751770095782
2025-12-11,KXCPICOREYOY-25NOV,2025-12-18,3424,2.9520408163265306,2.95,2.9000000000000004,0.5604395604395611,-0.7848063370481548,0.011679508538109113
2025-12-12,KXCPICOREYOY-25NOV,2025-12-18,54,2.9612244897959186,3.0000000000000004,3.0000000000000004,-0.4318181818181796,0.17288085327783786,0.01278217409412744
2025-12-13,KXCPICOREYOY-25NOV,2025-12-18,462,2.9571428571428573,3.0000000000000004,3.0000000000000004,-0.45652173913043315,0.22932759924385948,0.014081632653061218
2025-12-14,KXCPICOREYOY-25NOV,2025-12-18,60,2.958163265306123,3.0000000000000004,3.0000000000000004,-0.4606741573033727,0.3062579659329754,0.013861932528113281
2025-12-15,KXCPICOREYOY-25NOV,2025-12-18,26154,2.9510204081632656,2.9000000000000004,2.9000000000000004,0.5208333333333328,0.11929320186679737,0.01453977509371095
2025-12-16,KXCPICOREYOY-25NOV,2025-12-18,34553,2.9673469387755107,3.0000000000000004,3.0000000000000004,-0.4999999999999993,0.6333102521362912,0.009341940857975841
2025-12-17,KXCPICOREYOY-25NOV,2025-12-18,10829,2.9448979591836744,2.9000000000000004,2.9000000000000004,0.5789473684210539,1.270385503665171,0.011657642648896288
2025-12-18,KXCPICOREYOY-25DEC,2026-01-13,4690,2.6857142857142855,2.7,2.8000000000000003,-0.13461538461538822,-1.522078792899412,0.013265306122449003
2025-12-18,KXCPICOREYOY-25NOV,2025-12-18,3416,2.937755102040817,2.9000000000000004,2.9000000000000004,0.5211267605633819,1.307100530032539,0.011941899208663051
2025-12-19,KXCPICOREYOY-25DEC,2026-01-13,12565,2.6959183673469385,2.7,2.8000000000000003,-0.04255319148936217,-1.2982800973499262,0.011820074968763035
2025-12-20,KXCPICOREYOY-25DEC,2026-01-13,272,2.710204081632653,2.7,2.8000000000000003,0.09999999999999898,-1.0657628597349718,0.01397750937109539
2025-12-21,KXCPICOREYOY-25DEC,2026-01-13,750,2.7071428571428573,2.7,2.8000000000000003,0.08433734939759,-0.7389781163434916,0.01066326530612247
2025-12-22,KXCPICOREYOY-25DEC,2026-01-13,159981,2.683673469387755,2.6999999999999997,2.8,-0.15094339622641706,-1.059830653797442,0.014835485214493937
2025-12-23,KXCPICOREYOY-25DEC,2026-01-13,16045,2.6826530612244897,2.6999999999999997,2.8,-0.15887850467289616,-0.9903064428352382,0.015719491878383986
2025-12-24,KXCPICOREYOY-25DEC,2026-01-13,5155,2.6897959183673463,2.6999999999999997,2.8,-0.0999999999999991,-0.5250787102266892,0.01458975426905454
2025-12-25,KXCPICOREYOY-25DEC,2026-01-13,325,2.6887755102040813,2.6999999999999997,2.8,-0.10891089108910924,-0.5730592338235745,0.014669929196168243
2025-12-26,KXCPICOREYOY-25DEC,2026-01-13,2953,2.674489795918367,2.6999999999999997,2.8,-0.217391304347826,-1.074568817273452,0.01843086214077466
2025-12-27,KXCPICOREYOY-25DEC,2026-01-13,1036,2.6714285714285713,2.6999999999999997,2.8,-0.23728813559321968,-1.1492786257698338,0.01857142857142855
2025-12-28,KXCPICOREYOY-25DEC,2026-01-13,773,2.6826530612244897,2.6999999999999997,2.8,-0.15887850467289616,-0.7050006640265654,0.01673990004164929
2025-12-29,KXCPICOREYOY-25DEC,2026-01-13,10420,2.673469387755102,2.6999999999999997,2.8,-0.22413793103448373,-1.1006938925895555,0.018479800083298602
2025-12-30,KXCPICOREYOY-25DEC,2026-01-13,10783,2.674489795918367,2.6999999999999997,2.8,-0.217391304347826,-1.074568817273452,0.01843086214077466
2025-12-31,KXCPICOREYOY-25DEC,2026-01-13,19104,2.6989795918367343,2.6999999999999997,2.8,-0.010989010989012324,0.27269461044186594,0.013162224073302774
2026-01-01,KXCPICOREYOY-25DEC,2026-01-13,1214,2.693877551020408,2.6999999999999997,2.8,-0.06250000000000307,-0.18008613954643948,0.014656393169512682
2026-01-02,KXCPICOREYOY-25DEC,2026-01-13,1217,2.696938775510204,2.6999999999999997,2.8,-0.03225806451612827,-0.4786757461789155,0.013766139108704688
2026-01-03,KXCPICOREYOY-25DEC,2026-01-13,491,2.6979591836734693,2.6999999999999997,2.8,-0.021739130434785245,-0.42307850201535135,0.01387338608912951
2026-01-04,KXCPICOREYOY-25DEC,2026-01-13,310,2.691836734693877,2.6999999999999997,2.8,-0.08163265306122554,-0.7446150096830726,0.014219075385256123
2026-01-05,KXCPICOREYOY-25DEC,2026-01-13,21333,2.714285714285714,2.6999999999999997,2.8,0.18421052631578888,1.0842727199999942,0.010204081632653048
2026-01-06,KXCPICOREYOY-25DEC,2026-01-13,13209,2.7102040816326527,2.6999999999999997,2.8,0.12499999999999885,0.17181968241470535,0.010099958350687197
2026-01-07,KXCPICOREYOY-25DEC,2026-01-13,23241,2.741836734693878,2.6999999999999997,2.6999999999999997,0.40594059405940763,-0.06903948305148777,0.01733132028321532
2026-01-08,KXCPICOREYOY-25DEC,2026-01-13,2316,2.7295918367346936,2.6999999999999997,2.8,0.27619047619047654,-0.3016511236584938,0.01738962932111619
2026-01-09,KXCPICOREYOY-25DEC,2026-01-13,3443,2.70204081632653,2.6999999999999997,2.8,0.022727272727275497,-0.16427832277618037,0.011220324864639713
2026-01-10,KXCPICOREYOY-25DEC,2026-01-13,1136,2.712244897959183,2.6999999999999997,2.8,0.15384615384615025,-1.1607436386690122,0.008421491045397732
2026-01-11,KXCPICOREYOY-25DEC,2026-01-13,1164,2.729591836734694,2.6999999999999997,2.8,0.2566371681415971,1.4664888172236994,0.022695751770095772
2026-01-12,KXCPICOREYOY-25DEC,2026-01-13,29053,2.705102040816326,2.6999999999999997,2.8,0.05882352941176162,-0.23877022062117037,0.010892336526447294
2026-01-13,KXCPICOREYOY-25DEC,2026-01-13,6593,2.7836734693877547,2.8,2.9,-0.15094339622641278,-0.2703953618335695,0.017488546438983746
2026-01-14,KXCPICOREYOY-26JAN,2026-02-13,431,2.821428571428571,2.8,2.8,0.9999999999999957,-0.11909999999998755,0.0016836734693877582
2026-01-15,KXCPICOREYOY-26JAN,2026-02-13,289,2.65,2.6,2.6,0.45794392523364313,-0.140230863023584,0.024540816326530615
2026-01-16,KXCPICOREYOY-26JAN,2026-02-13,90,2.648979591836735,2.6,2.6,0.4528301886792424,-0.07293913663739016,0.024335693461057892
2026-01-17,KXCPICOREYOY-26JAN,2026-02-13,73,2.6479591836734695,2.6,2.6,0.4476190476190477,-0.04438894767662349,0.024332569762598913
2026-01-18,KXCPICOREYOY-26JAN,2026-02-13,637,2.6346938775510207,2.5500000000000003,2.5,1.0000000000000018,-0.43854004862630447,0.02981674302374011
2026-01-19,KXCPICOREYOY-26JAN,2026-02-13,653,2.703061224489796,2.6,2.6,0.6965517241379311,-0.782918542739623,0.043153894210745516
2026-01-20,KXCPICOREYOY-26JAN,2026-02-13,445,2.721428571428572,2.7,2.6,0.13043478260869518,-0.8679774006329057,0.04188775510204082
2026-01-21,KXCPICOREYOY-26JAN,2026-02-13,168,2.712244897959184,2.6999999999999997,2.6,0.07058823529411852,-0.872298075385932,0.04678883798417327
2026-01-22,KXCPICOREYOY-26JAN,2026-02-13,227,2.6918367346938776,2.6999999999999997,2.6,-0.06060606060605808,-0.7718541433668804,0.02666805497709287
2026-01-23,KXCPICOREYOY-26JAN,2026-02-13,60,2.648979591836735,2.6999999999999997,2.4,-0.2976190476190474,-1.0701430434076187,0.0400499791753436
2026-01-24,KXCPICOREYOY-26JAN,2026-02-13,40,2.642857142857143,2.6999999999999997,2.4,-0.3218390804597691,-1.1259346583668253,0.04122448979591836
2026-01-25,KXCPICOREYOY-26JAN,2026-02-13,331,2.6040816326530614,2.5,2.5,0.7183098591549307,-1.443834722133058,0.028146605581007896
2026-01-26,KXCPICOREYOY-26JAN,2026-02-13,164,2.612244897959184,2.6,2.8,0.08571428571428366,-1.4018377587292958,0.027197001249479366
2026-01-27,KXCPICOREYOY-26JAN,2026-02-13,4574,2.5816326530612246,2.5,2.5,0.6666666666666676,0.28781092154050336,0.029458558933777582
2026-01-28,KXCPICOREYOY-26JAN,2026-02-13,1522,2.6438775510204082,2.6,2.5,0.2429378531073445,0.07257912868431582,0.053074760516451464
2026-01-29,KXCPICOREYOY-26JAN,2026-02-13,983,2.620408163265306,2.5,2.5,0.746835443037974,-0.42425260416666344,0.039583506872136603
2026-01-30,KXCPICOREYOY-26JAN,2026-02-13,2576,2.6285714285714286,2.5500000000000003,2.5,0.7590361445783133,0.26966088182316605,0.04612244897959182
2026-01-31,KXCPICOREYOY-26JAN,2026-02-13,109,2.630612244897959,2.6,2.5,0.18518518518518343,0.3412154287539675,0.04518533944189919
2026-02-01,KXCPICOREYOY-26JAN,2026-02-13,353,2.6265306122448977,2.5,2.5,0.8157894736842092,0.4516990966290768,0.044602249062890446
2026-02-02,KXCPICOREYOY-26JAN,2026-02-13,123,2.629591836734694,2.6,2.5,0.1895424836601309,0.675823933929169,0.04187942523948353
2026-02-03,KXCPICOREYOY-26JAN,2026-02-13,625,2.6255102040816327,2.6,2.5,0.8039215686274515,0.706552002924318,0.04230841316118283
2026-02-04,KXCPICOREYOY-26JAN,2026-02-13,537,2.5510204081632653,2.5,2.5,0.6249999999999996,-0.4385348684210526,0.013927530195751756
2026-02-05,KXCPICOREYOY-26JAN,2026-02-13,851,2.6040816326530614,2.6,2.5,0.030769230769231142,-0.8519472767013245,0.025289462723865043
2026-02-06,KXCPICOREYOY-26JAN,2026-02-13,936,2.5316326530612243,2.5,2.5,0.6888888888888941,-0.685337368317922,0.003591211995002089
2026-02-07,KXCPICOREYOY-26JAN,2026-02-13,241,2.6479591836734695,2.6,2.6,0.40869565217390963,1.9459502819984333,0.03249583506872135
2026-02-08,KXCPICOREYOY-26JAN,2026-02-13,121,2.643877551020408,2.6,2.5,0.3439999999999999,1.9502167841938993,0.03246251561849227
2026-02-09,KXCPICOREYOY-26FEB,2026-03-11,29,2.6612244897959183,2.8,2.8,-0.9999999999999964,-1.4199503747893407,0.02849645980841314
2026-02-09,KXCPICOREYOY-26JAN,2026-02-13,1730,2.6387755102040815,2.6,2.6,0.4523809523809505,-0.31867318677330436,0.014006663890045797
2026-02-10,KXCPICOREYOY-26FEB,2026-03-11,0,2.6612244897959183,2.8,2.8,-0.9999999999999964,-1.4199503747893407,0.02849645980841314
2026-02-10,KXCPICOREYOY-26JAN,2026-02-13,2393,2.6040816326530614,2.6,2.6,0.04255319148936223,-0.7388233270968922,0.017738442315701777
2026-02-11,KXCPICOREYOY-26FEB,2026-03-11,15,2.6632653061224487,2.8,2.8,-0.9999999999999976,-1.3846813082237752,0.028446480633069537
2026-02-11,KXCPICOREYOY-26JAN,2026-02-13,1828,2.579591836734694,2.6,2.6,-0.19230769230769462,-0.8143943707205858,0.019175343606830476
2026-02-12,KXCPICOREYOY-26FEB,2026-03-11,99,2.6816326530612242,2.8,2.8,-0.7631578947368428,-1.3951513213686926,0.034968763015410236
2026-02-12,KXCPICOREYOY-26JAN,2026-02-13,2790,2.5744897959183675,2.6,2.6,-0.3086419753086417,-0.15740240566076968,0.01210433152852977
2026-02-13,KXCPICOREYOY-26FEB,2026-03-11,2946,2.516326530612245,2.5,2.5,0.19512195121951442,2.0367997221503504,0.014427321949187841
2026-02-13,KXCPICOREYOY-26JAN,2026-02-13,2654,2.9112244897959183,2.9499999999999997,3,0.10280373831775715,-0.6524895953084644,0.016506663890045833
2026-02-14,KXCPICOREYOY-26FEB,2026-03-11,686,2.5020408163265304,2.5,2.4,0.023255813953486113,-0.005630394519326565,0.013465222823823408
2026-02-15,KXCPICOREYOY-26FEB,2026-03-11,845,2.5061224489795917,2.5,2.5,0.06976744186046846,-0.08967298093604681,0.013635985006247398
2026-02-16,KXCPICOREYOY-26FEB,2026-03-11,982,2.5020408163265304,2.5,2.4,0.02325581395349117,-0.01679188811165755,0.01366930445647647
2026-02-17,KXCPICOREYOY-26FEB,2026-03-11,885,2.5000000000000004,2.5000000000000004,2.4000000000000004,0,0.04290000000000038,0.013469387755102027
2026-02-18,KXCPICOREYOY-26FEB,2026-03-11,606,2.5000000000000004,2.5000000000000004,2.4000000000000004,0,0.04290000000000038,0.013469387755102027
2026-02-19,KXCPICOREYOY-26FEB,2026-03-11,7634,2.542857142857143,2.5000000000000004,2.5000000000000004,0.4883720930232548,-0.17915332936979134,0.011836734693877532
2026-02-20,KXCPICOREYOY-26FEB,2026-03-11,2199,2.4734693877551024,2.5000000000000004,2.5000000000000004,-0.3611111111111126,0.5936731442117407,0.010928779675135353
2026-02-21,KXCPICOREYOY-26FEB,2026-03-11,316,2.484693877551021,2.5000000000000004,2.5000000000000004,-0.2054794520547956,1.0552625487377343,0.011908579758433978
2026-02-22,KXCPICOREYOY-26FEB,2026-03-11,20,2.4857142857142858,2.5000000000000004,2.5000000000000004,-0.18918918918918862,0.9713618213157198,0.012040816326530604
2026-02-23,KXCPICOREYOY-26FEB,2026-03-11,137,2.4938775510204083,2.5000000000000004,2.5000000000000004,-0.08333333333333134,0.8564389029522221,0.011595168679716774
2026-02-24,KXCPICOREYOY-26FEB,2026-03-11,634,2.481632653061225,2.5000000000000004,2.5000000000000004,-0.2571428571428571,0.7318408795228031,0.011703456892961261
2026-02-25,KXCPICOREYOY-26FEB,2026-03-11,1059,2.488775510204082,2.5000000000000004,2.5000000000000004,-0.1549295774647891,0.6216710888576946,0.011608704706372337
2026-02-26,KXCPICOREYOY-26FEB,2026-03-11,4831,2.496938775510204,2.5000000000000004,2.5000000000000004,-0.03896103896104369,0.7191015802998271,0.012337567680133266
2026-02-27,KXCPICOREYOY-26FEB,2026-03-11,1508,2.516326530612245,2.5000000000000004,2.5000000000000004,0.17391304347826309,0.30829360557054386,0.01708038317367762
2026-02-28,KXCPICOREYOY-26FEB,2026-03-11,902,2.518367346938776,2.5000000000000004,2.5000000000000004,0.18367346938775517,-0.1735253762904927,0.019866722199083704
2026-03-01,KXCPICOREYOY-26FEB,2026-03-11,627,2.5000000000000004,2.5000000000000004,2.5000000000000004,0,-0.12182952249134793,0.017346938775510194
2026-03-02,KXCPICOREYOY-26FEB,2026-03-11,1888,2.5010204081632654,2.5000000000000004,2.5000000000000004,0.009900990099011102,-0.3291849581013433,0.01846834652228237
2026-03-03,KXCPICOREYOY-26FEB,2026-03-11,873,2.5051020408163267,2.5000000000000004,2.5000000000000004,0.0495049504950512,-0.37072593304316115,0.01885152019991669
2026-03-04,KXCPICOREYOY-26FEB,2026-03-11,621,2.5173469387755105,2.5000000000000004,2.5000000000000004,0.1827956989247347,0.0634538790981849,0.015311328613077869
2026-03-05,KXCPICOREYOY-26FEB,2026-03-11,902,2.5204081632653064,2.5000000000000004,2.5000000000000004,0.21739130434782417,-0.036446770853314714,0.01591003748438149
2026-03-06,KXCPICOREYOY-26FEB,2026-03-11,3873,2.529591836734694,2.5,2.5,0.34117647058823525,0.3698277366595888,0.014328404831320299
2026-03-07,KXCPICOREYOY-26FEB,2026-03-11,1265,2.533673469387755,2.5,2.5,0.3333333333333338,-0.1529271230510294,0.01651915868388173
2026-03-08,KXCPICOREYOY-26FEB,2026-03-11,2571,2.5183673469387755,2.5,2.5,0.21951219512195105,0.46604909911844894,0.012723865056226585
2026-03-09,KXCPICOREYOY-26FEB,2026-03-11,2511,2.4959183673469387,2.5,2.5,-0.03921568627451026,1.9770290616495396,0.022228238234069143
2026-03-10,KXCPICOREYOY-26FEB,2026-03-11,7930,2.4857142857142858,2.5,2.4,-0.14583333333333273,0.5198475312314046,0.01673469387755103
2026-03-11,KXCPICOREYOY-26FEB,2026-03-11,5428,2.489795918367347,2.5,2.4,-0.14705882352941022,0.18867445318596765,0.008263223656809674
2026-03-11,KXCPICOREYOY-26MAR,2026-04-10,4728,2.636734693877551,2.6,2.6,0.25352112676056343,0.762195487723536,0.044568929612661394
2026-03-12,KXCPICOREYOY-26MAR,2026-04-10,1377,2.6418367346938774,2.6,2.6,0.27516778523490054,0.7255261097883374,0.04549458558933778
2026-03-13,KXCPICOREYOY-26MAR,2026-04-10,1551,2.6612244897959183,2.6999999999999997,2.6,-0.3333333333333319,1.6065994554909855,0.025843398583923358
2026-03-14,KXCPICOREYOY-26MAR,2026-04-10,76,2.673469387755102,2.6999999999999997,2.6,-0.2599999999999969,-0.3812249272022137,0.015826738858808812
2026-03-15,KXCPICOREYOY-26MAR,2026-04-10,250,2.6755102040816325,2.6999999999999997,2.6999999999999997,-0.22641509433962143,0.959141517888404,0.023277800916284872
2026-03-16,KXCPICOREYOY-26MAR,2026-04-10,113,2.6571428571428575,2.6999999999999997,2.6,-0.36206896551724044,1.822818943976495,0.02714285714285714
2026-03-17,KXCPICOREYOY-26MAR,2026-04-10,20,2.6561224489795916,2.6999999999999997,2.6,-0.3739130434782572,1.8719049847262506,0.026952311536859636
2026-03-18,KXCPICOREYOY-26MAR,2026-04-10,2594,2.6704081632653063,2.6999999999999997,2.6999999999999997,-0.2566371681415894,1.490628976193035,0.026777384423157007
2026-03-19,KXCPICOREYOY-26MAR,2026-04-10,5512,2.821428571428571,2.8,2.6999999999999997,0.17073170731707243,-0.6199113080589713,0.023520408163265328
2026-03-20,KXCPICOREYOY-26MAR,2026-04-10,4397,2.789795918367347,2.8,2.6,-0.049999999999999496,-0.22570693596609237,0.0656101624323199
2026-03-21,KXCPICOREYOY-26MAR,2026-04-10,4400,2.9551020408163264,3,3.1,-0.3283582089552243,-0.4722207183966609,0.0328821324448147
2026-03-22,KXCPICOREYOY-26MAR,2026-04-10,494,2.7755102040816326,2.6999999999999997,2.6999999999999997,0.5000000000000016,-0.617966724533451,0.034910453977509366
2026-03-23,KXCPICOREYOY-26MAR,2026-04-10,3787,2.691836734693877,2.6999999999999997,2.6999999999999997,-0.11111111111110647,0.7976680644154008,0.01115785089546021
2026-03-24,KXCPICOREYOY-26MAR,2026-04-10,1112,2.6989795918367343,2.6999999999999997,2.6,-0.008547008547005864,0.546002911169734,0.026835693461057887
2026-03-25,KXCPICOREYOY-26MAR,2026-04-10,6046,2.654081632653061,2.6999999999999997,2.6,-0.5294117647058805,1.8559633864877965,0.013911911703456879
2026-03-26,KXCPICOREYOY-26MAR,2026-04-10,4444,2.6673469387755095,2.6999999999999997,2.6999999999999997,-0.43243243243243235,0.3383557423542922,0.01036234902124113
2026-03-27,KXCPICOREYOY-26MAR,2026-04-10,1757,2.6418367346938774,2.6999999999999997,2.6999999999999997,-0.6,0.6058484381699598,0.016310912119950005
2026-03-28,KXCPICOREYOY-26MAR,2026-04-10,3079,2.648979591836735,2.6,2.6,0.40677966101694696,0.9600835678483683,0.02678467305289462
2026-03-29,KXCPICOREYOY-26MAR,2026-04-10,697,2.6510204081632653,2.6,2.6,0.45454545454545453,1.4145159728277887,0.025356101624323193
2026-03-30,KXCPICOREYOY-26MAR,2026-04-10,6027,2.644897959183673,2.6999999999999997,2.6999999999999997,-0.5094339622641474,0.6847861080583022,0.020637234485630974
2026-03-31,KXCPICOREYOY-26MAR,2026-04-10,1764,2.6469387755102036,2.65,2.6999999999999997,0.4599999999999995,1.221476772346982,0.018204914618908774
2026-04-01,KXCPICOREYOY-26MAR,2026-04-10,738,2.642857142857143,2.6999999999999997,2.6999999999999997,-0.6222222222222209,-0.22288002081164926,0.012653061224489776
2026-04-02,KXCPICOREYOY-26MAR,2026-04-10,6097,2.6704081632653063,2.6999999999999997,2.6999999999999997,-0.36708860759493744,-0.29156085683898114,0.011267180341524345
2026-04-03,KXCPICOREYOY-26MAR,2026-04-10,2822,2.689795918367347,2.6999999999999997,2.6999999999999997,-0.11363636363636263,2.3745796444377705,0.018467305289462718
2026-04-04,KXCPICOREYOY-26MAR,2026-04-10,4354,2.6765306122448975,2.6999999999999997,2.6,-0.27710843373493693,1.0614204436170915,0.012816534777176161
2026-04-05,KXCPICOREYOY-26MAR,2026-04-10,2560,2.6765306122448975,2.6999999999999997,2.6999999999999997,-0.3432835820895488,-0.41636806602402165,0.00812265722615575
2026-04-06,KXCPICOREYOY-26MAR,2026-04-10,5371,2.6755102040816325,2.6999999999999997,2.6999999999999997,-0.38709677419354666,1.109808240418336,0.008379841732611396
2026-04-07,KXCPICOREYOY-26MAR,2026-04-10,1478,2.6795918367346943,2.6999999999999997,2.6999999999999997,-0.38461538461538164,0.26089698151207097,0.00570595585172843
2026-04-08,KXCPICOREYOY-26MAR,2026-04-10,6803,2.6520408163265303,2.6999999999999997,2.6999999999999997,-0.580246913580248,0.13431653688338674,0.01106726364014992
2026-04-09,KXCPICOREYOY-26MAR,2026-04-10,37916.88,2.655102040816326,2.6999999999999997,2.6999999999999997,-0.550000000000002,0.1405744044450432,0.011045397750937092
2026-04-10,KXCPICOREYOY-26MAR,2026-04-10,15477.86,2.6642857142857146,2.6999999999999997,2.6999999999999997,-0.38461538461538375,1.4687182615047494,0.016989795918367336
2026-04-12,KXCPICOREYOY-26APR,2026-05-12,8285.79,2.6612244897959183,2.6999999999999997,2.6999999999999997,-0.35185185185185025,1.1474985788167533,0.025027072053311117
2026-04-13,KXCPICOREYOY-26APR,2026-05-12,3619.3399999999997,2.6806122448979592,2.6999999999999997,2.6999999999999997,-0.1544715447154447,8.990369951704658e-4,0.02605268638067471
2026-04-14,KXCPICOREYOY-26APR,2026-05-12,1217.53,2.674489795918367,2.6999999999999997,2.6999999999999997,-0.1999999999999999,0.1437652029905787,0.029043107038733855
2026-04-15,KXCPICOREYOY-26APR,2026-05-12,388.85999999999996,2.6826530612244897,2.6999999999999997,2.6999999999999997,-0.1317829457364332,-0.11114199048284812,0.030209287796751347
2026-04-16,KXCPICOREYOY-26APR,2026-05-12,33.46,2.6785714285714284,2.6999999999999997,2.6999999999999997,-0.16279069767441473,-0.06187535692563584,0.030051020408163258
2026-04-17,KXCPICOREYOY-26APR,2026-05-12,31,2.6693877551020404,2.6999999999999997,2.6999999999999997,-0.2419354838709655,0.23298523647495983,0.028654727197001243
2026-04-18,KXCPICOREYOY-26APR,2026-05-12,482.96,2.6653061224489796,2.6999999999999997,2.6999999999999997,-0.28333333333333144,-0.697078287963611,0.02369429404414826
2026-04-19,KXCPICOREYOY-26APR,2026-05-12,418.02,2.6612244897959183,2.6999999999999997,2.6999999999999997,-0.3166666666666652,-0.6709921371891405,0.023394418992086618
2026-04-20,KXCPICOREYOY-26APR,2026-05-12,1157.59,2.6704081632653063,2.6999999999999997,2.6999999999999997,-0.25663716814159326,-0.5249661151489629,0.02147126197417741
2026-04-21,KXCPICOREYOY-26APR,2026-05-12,391,2.6704081632653063,2.6999999999999997,2.6999999999999997,-0.2566371681415894,-0.5238869920302673,0.021879425239483538
2026-04-22,KXCPICOREYOY-26APR,2026-05-12,0,2.6704081632653063,2.6999999999999997,2.6999999999999997,-0.2566371681415894,-0.5238869920302673,0.021879425239483538
2026-04-23,KXCPICOREYOY-26APR,2026-05-12,315,2.6714285714285713,2.6999999999999997,2.6999999999999997,-0.2456140350877186,-0.5512624999999987,0.022040816326530595
2026-04-24,KXCPICOREYOY-26APR,2026-05-12,1069.74,2.674489795918367,2.6999999999999997,2.6999999999999997,-0.22935779816513754,-0.37056917586593796,0.020675760099958338
2026-04-25,KXCPICOREYOY-26APR,2026-05-12,1409.69,2.6714285714285713,2.6999999999999997,2.6999999999999997,-0.2592592592592585,-0.327686526447311,0.019999999999999987
2026-04-26,KXCPICOREYOY-26APR,2026-05-12,20,2.6755102040816325,2.6999999999999997,2.6999999999999997,-0.21428571428571314,0.07470439888684677,0.022461474385672628
2026-04-27,KXCPICOREYOY-26APR,2026-05-12,3960.21,2.6877551020408164,2.6999999999999997,2.6999999999999997,-0.13043478260869257,0.9031210030298444,0.018013327780091615
2026-04-28,KXCPICOREYOY-26APR,2026-05-12,135.73,2.693877551020408,2.6999999999999997,2.6999999999999997,-0.06976744186046346,1.0239908037587035,0.015268638067471873
2026-04-29,KXCPICOREYOY-26APR,2026-05-12,195,2.693877551020408,2.6999999999999997,2.6999999999999997,-0.06976744186046346,1.0239908037587035,0.015268638067471873
2026-04-30,KXCPICOREYOY-26APR,2026-05-12,5933.66,2.7020408163265306,2.7,2.7,0.024390243902436652,0.6712884899735951,0.013873386089129539
2026-05-01,KXCPICOREYOY-26APR,2026-05-12,10632.31,2.7051020408163264,2.7,2.7,0.054945054945056776,1.6212494889232367,0.01701478550603916
2026-05-02,KXCPICOREYOY-26APR,2026-05-12,1726.1,2.7081632653061223,2.7,2.7,0.08695652173913142,1.6200935579436706,0.016668054977092884
2026-05-03,KXCPICOREYOY-26APR,2026-05-12,680.98,2.721428571428572,2.7,2.7,0.22580645161290705,1.3814975995496273,0.01862244897959184
2026-05-04,KXCPICOREYOY-26APR,2026-05-12,90.63,2.7173469387755103,2.7,2.7,0.19540229885057325,1.6427752100037099,0.018168471470220746
2026-05-05,KXCPICOREYOY-26APR,2026-05-12,2923.89,2.7357142857142858,2.7,2.8000000000000003,0.36082474226803984,1.4645364435955655,0.01801020408163266
2026-05-06,KXCPICOREYOY-26APR,2026-05-12,2199.02,2.738775510204082,2.7,2.7,0.4418604651162817,1.6991989585798715,0.014618908788004998
2026-05-07,KXCPICOREYOY-26APR,2026-05-12,4016.62,2.7438775510204083,2.7,2.7,0.5733333333333328,2.7735546565074065,0.01327884214910454
2026-05-08,KXCPICOREYOY-26APR,2026-05-12,4169.639999999999,2.727551020408163,2.7,2.7,0.4029850746268622,4.082853376369018,0.012200124947938365
2026-05-09,KXCPICOREYOY-26APR,2026-05-12,1275.17,2.731632653061225,2.7,2.7,0.44927536231884413,3.948532976921851,0.01216264056643066
2026-05-10,KXCPICOREYOY-26APR,2026-05-12,685.95,2.727551020408163,2.7,2.7,0.4153846153846184,4.305666373104125,0.011996043315285303
2026-05-11,KXCPICOREYOY-26APR,2026-05-12,7421.88,2.718367346938776,2.7,2.7,0.31034482758620663,0.36374174506661516,0.0066014160766347425
2026-05-11,KXCPICOREYOY-26MAY,2026-06-10,620,2.7867346938775515,2.8000000000000003,2.8000000000000003,-0.09489051094890384,-0.6988449858202888,0.03278321532694711
2026-05-12,KXCPICOREYOY-26APR,2026-05-12,5121.610000000001,2.722448979591837,2.7,2.7,0.478260869565218,-0.48129027586981765,0.004394002498958774
2026-05-12,KXCPICOREYOY-26MAY,2026-06-10,8324.17,2.861224489795919,2.9000000000000004,2.8000000000000003,-0.27941176470588397,0.1881431340739761,0.03278217409412745
2026-05-13,KXCPICOREYOY-26MAY,2026-06-10,18830.239999999998,2.885714285714286,2.9000000000000004,2.9000000000000004,-0.12962962962962912,0.16596599999999784,0.02244897959183674
2026-05-14,KXCPICOREYOY-26MAY,2026-06-10,2769.57,2.879591836734694,2.9000000000000004,2.8000000000000003,-0.16393442622950655,0.25352654620561976,0.025297792586422327
2026-05-15,KXCPICOREYOY-26MAY,2026-06-10,1794.18,2.9020408163265308,2.9000000000000004,2.8000000000000003,0.016949152542371237,0.4469515998184286,0.02448563098708871
2026-05-16,KXCPICOREYOY-26MAY,2026-06-10,1953.42,2.9204081632653067,2.9000000000000004,2.8000000000000003,0.18867924528301702,0.04216241364299922,0.01958350687213661
2026-05-17,KXCPICOREYOY-26MAY,2026-06-10,4058.77,2.9153061224489796,2.9000000000000004,2.8000000000000003,0.14018691588785112,0.008541995779993705,0.020275926697209498
2026-05-18,KXCPICOREYOY-26MAY,2026-06-10,1673.5,2.9142857142857146,2.9000000000000004,2.9000000000000004,0.13999999999999949,0.09532101977107166,0.018979591836734692
2026-05-19,KXCPICOREYOY-26MAY,2026-06-10,1441.32,2.9163265306122454,2.9000000000000004,2.8000000000000003,0.1739130434782582,-0.31026797689100594,0.014631403581840896
2026-05-20,KXCPICOREYOY-26MAY,2026-06-10,1201.58,2.912244897959184,2.9000000000000004,2.8000000000000003,0.12500000000000147,-0.4309875948422883,0.015768429820907953
2026-05-21,KXCPICOREYOY-26MAY,2026-06-10,645.4,2.9040816326530616,2.9000000000000004,2.8000000000000003,0.04166666666666716,-0.5216932968078694,0.015085381091211996
2026-05-22,KXCPICOREYOY-26MAY,2026-06-10,6993.84,2.895918367346939,2.9000000000000004,2.9000000000000004,-0.04651162790697728,-0.13966766745937553,0.01304456476468139
2026-05-23,KXCPICOREYOY-26MAY,2026-06-10,1607.04,2.895918367346939,2.9000000000000004,2.8000000000000003,-0.04651162790697727,-0.13900622548038477,0.01284048313202833
2026-05-24,KXCPICOREYOY-26MAY,2026-06-10,868.4000000000001,2.9,2.9000000000000004,3.0000000000000004,0,-0.27983964843750453,0.013061224489795931
2026-05-25,KXCPICOREYOY-26MAY,2026-06-10,968.27,2.905102040816327,2.9000000000000004,2.8000000000000003,0.0505050505050478,-0.5963798955894433,0.015382132444814664
2026-05-26,KXCPICOREYOY-26MAY,2026-06-10,573.72,2.900000000000001,2.9000000000000004,2.8000000000000003,0,-0.5667384000000038,0.015306122448979595
2026-05-27,KXCPICOREYOY-26MAY,2026-06-10,602.37,2.9030612244897966,2.9000000000000004,2.8000000000000003,0.03225806451612824,-0.4236371633803975,0.014786547271970017
2026-05-28,KXCPICOREYOY-26MAY,2026-06-10,579.73,2.9030612244897966,2.9000000000000004,2.8000000000000003,0.03225806451612824,-0.4236371633803975,0.014786547271970017
2026-05-29,KXCPICOREYOY-26MAY,2026-06-10,575.04,2.906122448979592,2.9000000000000004,2.9000000000000004,0.07142857142856968,-0.0706500954101621,0.013227821740941276
2026-05-30,KXCPICOREYOY-26MAY,2026-06-10,745.08,2.89795918367347,2.9000000000000004,2.8000000000000003,-0.021276595744678783,0.30421157285136324,0.015097875885047901
2026-05-31,KXCPICOREYOY-26MAY,2026-06-10,4.43,2.908163265306123,2.9000000000000004,2.9000000000000004,0.09302325581395456,0.5782313436454647,0.014219075385256151
2026-06-01,KXCPICOREYOY-26MAY,2026-06-10,3130.58,2.884693877551021,2.9000000000000004,2.8000000000000003,-0.18072289156626575,-0.21550507686167553,0.011092253227821756
2026-06-02,KXCPICOREYOY-26MAY,2026-06-10,2603.19,2.8826530612244903,2.9000000000000004,2.8000000000000003,-0.20481927710843212,-0.16356888104017075,0.01082153269471055
2026-06-03,KXCPICOREYOY-26MAY,2026-06-10,83.27000000000001,2.876530612244898,2.9000000000000004,2.8000000000000003,-0.27710843373493627,-0.7952937876730979,0.010775718450645582
2026-06-04,KXCPICOREYOY-26MAY,2026-06-10,114.16,2.879591836734694,2.9000000000000004,2.8000000000000003,-0.23255813953488125,-0.3442161032986908,0.01203248646397336
2026-06-05,KXCPICOREYOY-26MAY,2026-06-10,1717.73,2.876530612244898,2.9000000000000004,2.9000000000000004,-0.27710843373493627,-0.18087314531924514,0.011592044981257823
2026-06-06,KXCPICOREYOY-26MAY,2026-06-10,4015.29,2.8836734693877557,2.9000000000000004,2.8000000000000003,-0.21052631578947034,1.8978255790545857,0.011366097459391926
2026-06-07,KXCPICOREYOY-26MAY,2026-06-10,1511.06,2.88265306122449,2.9000000000000004,2.9000000000000004,-0.26984126984127466,3.272055060908883,0.009801124531445236
2026-06-08,KXCPICOREYOY-26MAY,2026-06-10,9092.4,2.859183673469388,2.9,2.8000000000000003,-0.571428571428567,1.0088653592994312,0.008129945855893361
2026-06-09,KXCPICOREYOY-26MAY,2026-06-10,7618.74,2.8448979591836734,2.8000000000000003,2.8000000000000003,0.6666666666666631,0.7449843750000102,0.006963765097875867
2026-06-10,KXCPICOREYOY-26MAY,2026-06-10,4896.07,2.8377551020408163,2.8000000000000003,2.8000000000000003,0.6271186440678,1.6960760862303905,0.0062276134943773254
2026-06-14,KXCPICOREYOY-26JUN,2026-07-14,10,2.863265306122449,2.9,2.9,-0.9473684210526309,-1.3545580606813958,0.002528113286130783
2026-06-15,KXCPICOREYOY-26JUN,2026-07-14,8,2.862244897959184,2.9,2.9,-0.9487179487179509,-1.3896737738542828,0.0025541441066222453
2026-06-16,KXCPICOREYOY-26JUN,2026-07-14,227.9,2.9479591836734693,2.9,2.9,0.6438356164383563,0.6820739544421959,0.015352977925864226
2026-06-17,KXCPICOREYOY-26JUN,2026-07-14,453.83,2.9040816326530616,2.9,2.9,0.0952380952380963,0.3951028074001903,0.004881299458558942
2026-06-18,KXCPICOREYOY-26JUN,2026-07-14,130.28,2.8816326530612244,2.9,2.9,-0.9000000000000208,0.6151400475846054,0.001703456892961269
2026-06-19,KXCPICOREYOY-26JUN,2026-07-14,220.17,2.8816326530612244,2.9,2.9,-0.9000000000000208,0.6151400475846054,0.001703456892961269
2026-06-20,KXCPICOREYOY-26JUN,2026-07-14,2957.8700000000003,2.8816326530612244,2.9,2.9,-0.9000000000000208,0.6151400475846054,0.001703456892961269
2026-06-21,KXCPICOREYOY-26JUN,2026-07-14,228.48000000000002,2.823469387755102,2.8,2.8,0.9999999999999875,2.3873797622503252,0.002204289879216997
2026-06-22,KXCPICOREYOY-26JUN,2026-07-14,0.01,2.813265306122449,2.8,2.8,0.9999999999999859,16.305500127248067,0.002987296959600172
2026-06-23,KXCPICOREYOY-26JUN,2026-07-14,0,2.813265306122449,2.8,2.8,0.9999999999999859,16.305500127248067,0.002987296959600172
2026-06-24,KXCPICOREYOY-26JUN,2026-07-14,0,2.813265306122449,2.8,2.8,0.9999999999999859,16.305500127248067,0.002987296959600172
2026-06-25,KXCPICOREYOY-26JUN,2026-07-14,23.97,2.3642857142857143,2.4,2.4,-0.8139534883720897,1.1127083786982181,0.003316326530612251
2026-06-26,KXCPICOREYOY-26JUN,2026-07-14,1,2.3642857142857143,2.4,2.4,-0.8139534883720897,1.1127083786982181,0.003316326530612251
2026-06-27,KXCPICOREYOY-26JUN,2026-07-14,364,2.4132653061224487,2.4,2.4,1.0000000000000202,16.305500127248184,0.002987296959600167
2026-06-28,KXCPICOREYOY-26JUN,2026-07-14,3.86,2.963265306122449,2.9499999999999997,2.9,1.0000000000000009,4.830105121098614,0.006813827571845063
2026-06-29,KXCPICOREYOY-26JUN,2026-07-14,1018.46,2.878571428571429,2.9000000000000004,2.9000000000000004,-0.6363636363636337,2.831811153119072,0.0035204081632653084
2026-06-30,KXCPICOREYOY-26JUN,2026-07-14,1426.5,2.8540816326530614,2.9000000000000004,2.9000000000000004,-0.9183673469387791,-0.8316936292423942,0.0030955851728446536
2026-07-01,KXCPICOREYOY-26JUN,2026-07-14,39660.08,2.8336734693877554,2.9000000000000004,2.9000000000000004,-0.9420289855072458,1.9701035782047622,0.008559975010412342
2026-07-02,KXCPICOREYOY-26JUN,2026-07-14,155.54,2.8163265306122454,2.8000000000000003,2.9000000000000004,0.1904761904761926,-0.39805561746398554,0.009937526030820506
2026-07-03,KXCPICOREYOY-26JUN,2026-07-14,75.82,2.8204081632653066,2.9000000000000004,2.9000000000000004,-0.9512195121951192,-0.4058561013192019,0.01019575177009581
2026-07-04,KXCPICOREYOY-26AUG,2026-08-03,0,2.5214285714285714,2.5,2.5,0.7777777777777743,2.2081952908587343,0.002908163265306128
2026-07-04,KXCPICOREYOY-26JUN,2026-07-14,716.51,2.771428571428572,2.8000000000000003,2.8000000000000003,-0.6363636363636337,2.439844970414195,0.005306122448979599
2026-07-05,KXCPICOREYOY-26AUG,2026-08-03,0,2.5214285714285714,2.5,2.5,0.7777777777777743,2.2081952908587343,0.002908163265306128
2026-07-05,KXCPICOREYOY-26JUN,2026-07-14,163.53,2.7979591836734694,2.8000000000000003,2.8000000000000003,-0.0624999999999939,4.382042030244918,0.004485630987088718
2026-07-06,KXCPICOREYOY-26AUG,2026-08-03,0,2.5214285714285714,2.5,2.5,0.7777777777777743,2.2081952908587343,0.002908163265306128
2026-07-06,KXCPICOREYOY-26JUL,2026-08-05,5,2.83265306122449,2.7,2.7,1,-1.2651975730872569,0.025872553102873806
2026-07-06,KXCPICOREYOY-26JUN,2026-07-14,279.8,2.7969387755102044,2.8000000000000003,2.8000000000000003,-0.09090909090908862,4.0364157363845,0.004582465639316957
2026-07-06,KXCPICOREYOY-26NOV,2026-08-05,0,3.2,3.2,3.2,NA,NA,0
2026-07-07,KXCPICOREYOY-26AUG,2026-08-03,10,2.5214285714285714,2.5,2.5,0.7777777777777743,2.2081952908587343,0.002908163265306128
2026-07-07,KXCPICOREYOY-26JUL,2026-08-05,0,2.83265306122449,2.7,2.7,1,-1.2651975730872569,0.025872553102873806
2026-07-07,KXCPICOREYOY-26JUN,2026-07-14,5881.44,2.853061224489796,2.8000000000000003,2.8000000000000003,0.6341463414634126,-0.036171366768136703,0.010857975843398563
2026-07-07,KXCPICOREYOY-26NOV,2026-08-05,0,3.2,3.2,3.2,NA,NA,0
2026-07-08,KXCPICOREYOY-26AUG,2026-08-03,6073.57,2.4673469387755103,2.5,2.5,-0.6956521739130418,2.4226517058135766,0.004443981674302381
2026-07-08,KXCPICOREYOY-26JUL,2026-08-05,43,2.83265306122449,2.7,2.7,1,-1.2651975730872569,0.025872553102873806
2026-07-08,KXCPICOREYOY-26JUN,2026-07-14,5045.07,2.819387755102041,2.8000000000000003,2.8000000000000003,0.38775510204081054,1.7512479446830795,0.0062567680133277645
2026-07-08,KXCPICOREYOY-26NOV,2026-08-05,10010,3.0183673469387755,3,3.1,0.23684210526315766,-1.585453901009502,0.007417742607246993
2026-07-08,KXCPICOREYOY-26SEP,2026-08-05,12000,2.1020408163265305,2.1,2.1,0.9999999999999023,43.085118750000376,1.9991670137442768e-4
2026-07-09,KXCPICOREYOY-26AUG,2026-08-03,0,2.4673469387755103,2.5,2.5,-0.6956521739130418,2.4226517058135766,0.004443981674302381
2026-07-09,KXCPICOREYOY-26JUL,2026-08-05,0,2.83265306122449,2.7,2.7,1,-1.2651975730872569,0.025872553102873806
2026-07-09,KXCPICOREYOY-26JUN,2026-07-14,2691.69,2.829591836734694,2.8000000000000003,2.8000000000000003,0.527272727272721,-0.6114646729771858,0.0051447313619325105
2026-07-09,KXCPICOREYOY-26NOV,2026-08-05,0,3.0183673469387755,3,3.1,0.23684210526315766,-1.585453901009502,0.007417742607246993
2026-07-09,KXCPICOREYOY-26SEP,2026-08-05,2,2.1346938775510207,2.1,2.1,1.0000000000000049,-1.6145277573529497,0.002265722615576847
2026-07-10,KXCPICOREYOY-26AUG,2026-08-03,50,2.4673469387755103,2.5,2.5,-0.6956521739130418,2.4226517058135766,0.004443981674302381
2026-07-10,KXCPICOREYOY-26JUL,2026-08-05,5995,2.8102040816326532,2.6999999999999997,2.6999999999999997,0.7605633802816928,-1.1435674610164395,0.030508121615993356
2026-07-10,KXCPICOREYOY-26JUN,2026-07-14,3554.57,2.8255102040816324,2.8000000000000003,2.8000000000000003,0.40983606557377067,2.2753022429114873,0.008839025406080784
2026-07-10,KXCPICOREYOY-26NOV,2026-08-05,0,3.0183673469387755,3,3.1,0.23684210526315766,-1.585453901009502,0.007417742607246993
2026-07-10,KXCPICOREYOY-26SEP,2026-08-05,0,2.1346938775510207,2.1,2.1,1.0000000000000049,-1.6145277573529497,0.002265722615576847
2026-07-11,KXCPICOREYOY-26AUG,2026-08-03,0,2.4673469387755103,2.5,2.5,-0.6956521739130418,2.4226517058135766,0.004443981674302381
2026-07-11,KXCPICOREYOY-26JUL,2026-08-05,0,2.8102040816326532,2.6999999999999997,2.6999999999999997,0.7605633802816928,-1.1435674610164395,0.030508121615993356
2026-07-11,KXCPICOREYOY-26JUN,2026-07-14,15486.64,2.823469387755102,2.8000000000000003,2.8000000000000003,0.40350877192982815,-0.39874886360196227,0.006694085797584323
2026-07-11,KXCPICOREYOY-26NOV,2026-08-05,0,3.0183673469387755,3,3.1,0.23684210526315766,-1.585453901009502,0.007417742607246993
2026-07-11,KXCPICOREYOY-26SEP,2026-08-05,0,2.1346938775510207,2.1,2.1,1.0000000000000049,-1.6145277573529497,0.002265722615576847
2026-07-12,KXCPICOREYOY-26AUG,2026-08-03,0,2.4673469387755103,2.5,2.5,-0.6956521739130418,2.4226517058135766,0.004443981674302381
2026-07-12,KXCPICOREYOY-26JUL,2026-08-05,0.43,2.8081632653061224,2.6999999999999997,2.6999999999999997,0.7571428571428582,-1.0740385511876387,0.02993336109954188
2026-07-12,KXCPICOREYOY-26JUN,2026-07-14,2415.06,2.8316326530612246,2.8000000000000003,2.9,0.4920634920634904,-0.830874174765897,0.005836109954185737
2026-07-12,KXCPICOREYOY-26NOV,2026-08-05,0,3.0183673469387755,3,3.1,0.23684210526315766,-1.585453901009502,0.007417742607246993
2026-07-12,KXCPICOREYOY-26SEP,2026-08-05,0,2.1346938775510207,2.1,2.1,1.0000000000000049,-1.6145277573529497,0.002265722615576847
2026-07-13,KXCPICOREYOY-26AUG,2026-08-03,10,2.4673469387755103,2.5,2.5,-0.6956521739130418,2.4226517058135766,0.004443981674302381
2026-07-13,KXCPICOREYOY-26JUL,2026-08-05,4,2.772448979591837,2.7,2.7,0.6761904761904786,-1.3804076946531458,0.01485318617242818
2026-07-13,KXCPICOREYOY-26JUN,2026-07-14,12960.34,2.8173469387755103,2.8000000000000003,2.8000000000000003,0.32075471698113034,-0.07485224246658406,0.006127655143690114
2026-07-13,KXCPICOREYOY-26NOV,2026-08-05,2,3.0183673469387755,3,3.1,0.23684210526315766,-1.585453901009502,0.007417742607246993
2026-07-13,KXCPICOREYOY-26SEP,2026-08-05,11,2.5346938775510206,2.5,2.5,1.0000000000000049,-1.6145277573529497,0.002265722615576847
2026-07-14,KXCPICOREYOY-26AUG,2026-08-03,229,2.4673469387755103,2.5,2.5,-0.6956521739130418,2.4226517058135766,0.004443981674302381
2026-07-14,KXCPICOREYOY-26JUL,2026-08-05,1969.91,2.6326530612244903,2.7,2.7,0.45714285714286274,-0.989726643055227,0.006484798000832975
2026-07-14,KXCPICOREYOY-26JUN,2026-07-14,1280.84,2.8163265306122454,2.8000000000000003,2.8000000000000003,0.3478260869565171,0.21880076033058993,0.005039566847147007
2026-07-14,KXCPICOREYOY-26NOV,2026-08-05,1197.05,2.992857142857143,3,3.1,-0.06930693069306906,-1.110948780435369,0.015561224489795902
2026-07-14,KXCPICOREYOY-26SEP,2026-08-05,10,2.571428571428571,2.5,2.5,0.9999999999999958,-1.647299999999992,0.00897959183673471
2026-07-15,KXCPICOREYOY-26AUG,2026-08-03,0,2.4673469387755103,2.5,2.5,-0.6956521739130418,2.4226517058135766,0.004443981674302381
2026-07-15,KXCPICOREYOY-26JUL,2026-08-05,184,2.6336734693877553,2.65,2.7,0.4647887323943673,-0.33009478427394123,0.006927321949187828
2026-07-15,KXCPICOREYOY-26NOV,2026-08-05,0,2.992857142857143,3,3.1,-0.06930693069306906,-1.110948780435369,0.015561224489795902
2026-07-15,KXCPICOREYOY-26SEP,2026-08-05,0,2.571428571428571,2.5,2.5,0.9999999999999958,-1.647299999999992,0.00897959183673471
2026-07-16,KXCPICOREYOY-26AUG,2026-08-03,927,2.4836734693877554,2.5,2.5,-0.25806451612902814,2.3896172344569866,0.0089171178675552
2026-07-16,KXCPICOREYOY-26JUL,2026-08-05,864.92,2.526530612244898,2.5,2.6,0.3823529411764717,0.04604216307668452,0.007459391920033324
2026-07-16,KXCPICOREYOY-26NOV,2026-08-05,80,2.992857142857143,3,3.1,-0.06930693069306906,-1.110948780435369,0.015561224489795902
2026-07-16,KXCPICOREYOY-26SEP,2026-08-05,113,2.5530612244897957,2.5,2.5,0.9999999999999943,2.3444582499811215,0.0071845064556434945
2026-07-17,KXCPICOREYOY-26AUG,2026-08-03,152,2.4836734693877554,2.5,2.5,-0.25806451612902814,2.3896172344569866,0.0089171178675552
2026-07-17,KXCPICOREYOY-26JUL,2026-08-05,435.03000000000003,2.490816326530612,2.5,2.5,-0.11688311688311406,0.022937034069928863,0.013691170345689285
2026-07-17,KXCPICOREYOY-26NOV,2026-08-05,0,2.992857142857143,3,3.1,-0.06930693069306906,-1.110948780435369,0.015561224489795902
2026-07-17,KXCPICOREYOY-26SEP,2026-08-05,0,2.5530612244897957,2.5,2.5,0.9999999999999943,2.3444582499811215,0.0071845064556434945
2026-07-18,KXCPICOREYOY-26AUG,2026-08-03,40,2.4836734693877554,2.5,2.5,-0.25806451612902814,2.3896172344569866,0.0089171178675552
2026-07-18,KXCPICOREYOY-26JUL,2026-08-05,10,2.490816326530612,2.5,2.5,-0.11688311688311406,0.022937034069928863,0.013691170345689285
2026-07-18,KXCPICOREYOY-26NOV,2026-08-05,0,2.992857142857143,3,3.1,-0.06930693069306906,-1.110948780435369,0.015561224489795902
2026-07-18,KXCPICOREYOY-26SEP,2026-08-05,0,2.5530612244897957,2.5,2.5,0.9999999999999943,2.3444582499811215,0.0071845064556434945
2026-07-19,KXCPICOREYOY-26AUG,2026-08-03,31,2.6428571428571432,2.7,2.7,-0.7368421052631547,-0.43164254182983575,0.010816326530612257
2026-07-19,KXCPICOREYOY-26JUL,2026-08-05,13,2.6091836734693876,2.6,2.6,0.04972375690607854,-0.20221733685228083,0.06022178259058725
2026-07-19,KXCPICOREYOY-26NOV,2026-08-05,2,3.1530612244897958,3.2,3.3000000000000003,-0.32857142857142757,-1.3313794087895892,0.02840899625156189
2026-07-19,KXCPICOREYOY-26SEP,2026-08-05,0,2.5530612244897957,2.5,2.5,0.9999999999999943,2.3444582499811215,0.0071845064556434945
2026-07-20,KXCPICOREYOY-26AUG,2026-08-03,49,2.6234693877551023,2.7,2.7,-0.7894736842105248,-0.543245524798015,0.018122657226155792
2026-07-20,KXCPICOREYOY-26JUL,2026-08-05,744.87,2.556122448979592,2.6,2.6,-0.4623655913978489,0.8093904660496185,0.015523740108288222
2026-07-20,KXCPICOREYOY-26NOV,2026-08-05,3993,3.1530612244897958,3.2,3.3000000000000003,-0.32857142857142757,-1.3313794087895892,0.02840899625156189
2026-07-20,KXCPICOREYOY-26SEP,2026-08-05,0,2.5530612244897957,2.5,2.5,0.9999999999999943,2.3444582499811215,0.0071845064556434945
2026-07-21,KXCPICOREYOY-26AUG,2026-08-03,0,2.6234693877551023,2.7,2.7,-0.7894736842105248,-0.543245524798015,0.018122657226155792
2026-07-21,KXCPICOREYOY-26JUL,2026-08-05,2271.38,2.5479591836734694,2.5500000000000003,2.6,0.44761904761904775,2.457382720531384,0.023108079966680545
2026-07-21,KXCPICOREYOY-26NOV,2026-08-05,0,3.1530612244897958,3.2,3.3000000000000003,-0.32857142857142757,-1.3313794087895892,0.02840899625156189
2026-07-21,KXCPICOREYOY-26SEP,2026-08-05,0,2.5530612244897957,2.5,2.5,0.9999999999999943,2.3444582499811215,0.0071845064556434945
2026-07-22,KXCPICOREYOY-26AUG,2026-08-03,3,2.6214285714285714,2.7,2.7,-0.8279569892473082,-0.6462808187093358,0.017193877551020434
2026-07-22,KXCPICOREYOY-26JUL,2026-08-05,5191.15,2.529591836734694,2.6,2.6,-0.8518518518518524,0.3106996440331504,0.012083506872136605
2026-07-22,KXCPICOREYOY-26NOV,2026-08-05,0,3.1530612244897958,3.2,3.3000000000000003,-0.32857142857142757,-1.3313794087895892,0.02840899625156189
2026-07-22,KXCPICOREYOY-26SEP,2026-08-05,0,2.5530612244897957,2.5,2.5,0.9999999999999943,2.3444582499811215,0.0071845064556434945
2026-07-23,KXCPICOREYOY-26AUG,2026-08-03,41,2.6153061224489798,2.7,2.7,-0.8383838383838378,-0.9362371502355415,0.01803102873802585
2026-07-23,KXCPICOREYOY-26JUL,2026-08-05,4091.1,2.492857142857143,2.4,2.4,0.705426356589148,3.505152042664661,0.038826530612244906
2026-07-23,KXCPICOREYOY-26NOV,2026-08-05,15919.95,3.1673469387755104,3.2,3.3000000000000003,-0.29090909090909417,-1.1462619017923885,0.01750520616409832
2026-07-23,KXCPICOREYOY-26SEP,2026-08-05,0,2.5530612244897957,2.5,2.5,0.9999999999999943,2.3444582499811215,0.0071845064556434945
2026-07-24,KXCPICOREYOY-26AUG,2026-08-03,0,2.6153061224489798,2.7,2.7,-0.8383838383838378,-0.9362371502355415,0.01803102873802585
2026-07-24,KXCPICOREYOY-26JUL,2026-08-05,4370,2.4357142857142855,2.5,2.5,-0.7590361445783107,1.0647536355224245,0.014132653061224482
2026-07-24,KXCPICOREYOY-26NOV,2026-08-05,0,3.1673469387755104,3.2,3.3000000000000003,-0.29090909090909417,-1.1462619017923885,0.01750520616409832
2026-07-24,KXCPICOREYOY-26SEP,2026-08-05,0,2.5530612244897957,2.5,2.5,0.9999999999999943,2.3444582499811215,0.0071845064556434945
2026-07-25,KXCPICOREYOY-26AUG,2026-08-03,0,2.6153061224489798,2.7,2.7,-0.8383838383838378,-0.9362371502355415,0.01803102873802585
2026-07-25,KXCPICOREYOY-26JUL,2026-08-05,1783.44,2.4224489795918367,2.4,2.5,0.25000000000000056,1.066278560885638,0.015006247396917942
2026-07-25,KXCPICOREYOY-26NOV,2026-08-05,0,3.1673469387755104,3.2,3.3000000000000003,-0.29090909090909417,-1.1462619017923885,0.01750520616409832
2026-07-25,KXCPICOREYOY-26SEP,2026-08-05,0,2.5530612244897957,2.5,2.5,0.9999999999999943,2.3444582499811215,0.0071845064556434945
2026-07-26,KXCPICOREYOY-26AUG,2026-08-03,0,2.6153061224489798,2.7,2.7,-0.8383838383838378,-0.9362371502355415,0.01803102873802585
2026-07-26,KXCPICOREYOY-26JUL,2026-08-05,1233.19,2.435714285714286,2.4,2.5,0.4666666666666708,2.556667313019398,0.010663265306122445
2026-07-26,KXCPICOREYOY-26NOV,2026-08-05,0,3.1673469387755104,3.2,3.3000000000000003,-0.29090909090909417,-1.1462619017923885,0.01750520616409832
2026-07-26,KXCPICOREYOY-26SEP,2026-08-05,0,2.5530612244897957,2.5,2.5,0.9999999999999943,2.3444582499811215,0.0071845064556434945
2026-07-27,KXCPICOREYOY-26AUG,2026-08-03,0,2.6153061224489798,2.7,2.7,-0.8383838383838378,-0.9362371502355415,0.01803102873802585
2026-07-27,KXCPICOREYOY-26JUL,2026-08-05,62.29,2.4367346938775514,2.4,2.5,0.47368421052632154,2.513379216582657,0.010691378592253222
2026-07-27,KXCPICOREYOY-26NOV,2026-08-05,5971,3.219387755102041,3.2,3.3000000000000003,0.31147540983606725,-0.8512505552326695,0.00605268638067473
2026-07-27,KXCPICOREYOY-26SEP,2026-08-05,0,2.5530612244897957,2.5,2.5,0.9999999999999943,2.3444582499811215,0.0071845064556434945
2026-07-28,KXCPICOREYOY-26AUG,2026-08-03,70,2.4306122448979592,2.4,2.4,0.4285714285714307,-0.18870449999999872,0.008246563931695119
2026-07-28,KXCPICOREYOY-26JUL,2026-08-05,347.82,2.4387755102040813,2.4,2.4,0.6129032258064483,2.4109168418113764,0.0070678883798417315
2026-07-28,KXCPICOREYOY-26NOV,2026-08-05,66,2.989795918367347,3,3.1,-0.11111111111111004,-0.9255072433686409,0.013569346105789241
2026-07-28,KXCPICOREYOY-26SEP,2026-08-05,28,2.5408163265306123,2.5,2.5,1.0000000000000002,-1.8830239655172418,0.002415660141607668
2026-07-29,KXCPICOREYOY-26AUG,2026-08-03,54,2.641836734693878,2.7,2.7,-0.7808219178082173,-0.33473698650021877,0.008555810079133707
2026-07-29,KXCPICOREYOY-26JUL,2026-08-05,43.11,2.436734693877551,2.4,2.4,0.5806451612903224,2.202330103806224,0.0072219908371511845
2026-07-29,KXCPICOREYOY-26NOV,2026-08-05,8.01,2.987755102040816,3,3.1,-0.13043478260869248,-0.300235431390278,0.014748021657642638
2026-07-29,KXCPICOREYOY-26SEP,2026-08-05,42.97,2.5785714285714283,2.5,2.5,1.000000000000001,-1.7736314564780173,0.009030612244897976
2026-07-30,KXCPICOREYOY-26AUG,2026-08-03,107,2.4510204081632656,2.5,2.5,-0.5853658536585331,0.6010383950630604,0.012090795501874214
2026-07-30,KXCPICOREYOY-26JUL,2026-08-05,80.11,2.416326530612245,2.4,2.5,0.1999999999999971,-0.08386584619405868,0.010141607663473537
2026-07-30,KXCPICOREYOY-26NOV,2026-08-05,11,2.971428571428571,3,3.1,-0.2592592592592583,-0.4894888224897005,0.022244897959183666
2026-07-30,KXCPICOREYOY-26SEP,2026-08-05,21,2.5785714285714283,2.5,2.5,1.000000000000001,-1.7736314564780173,0.009030612244897976
2026-07-31,KXCPICOREYOY-26AUG,2026-08-03,0,2.4510204081632656,2.5,2.5,-0.5853658536585331,0.6010383950630604,0.012090795501874214
2026-07-31,KXCPICOREYOY-26JUL,2026-08-05,12200.97,2.4581632653061227,2.5,2.5,-0.3504273504273482,-0.09437880527122289,0.021821116201582665
2026-07-31,KXCPICOREYOY-26NOV,2026-08-05,1,2.971428571428571,3,3.1,-0.2592592592592583,-0.4894888224897005,0.022244897959183666
2026-07-31,KXCPICOREYOY-26SEP,2026-08-05,0,2.5785714285714283,2.5,2.5,1.000000000000001,-1.7736314564780173,0.009030612244897976
2026-08-01,KXCPICOREYOY-26AUG,2026-08-03,0,2.4510204081632656,2.5,2.5,-0.5853658536585331,0.6010383950630604,0.012090795501874214
2026-08-01,KXCPICOREYOY-26JUL,2026-08-05,179.36,2.4714285714285715,2.5,2.4,-0.2799999999999989,0.7054968749999979,0.01795918367346939
2026-08-01,KXCPICOREYOY-26NOV,2026-08-05,0.02,2.969387755102041,3,3.1,-0.27272727272727004,-0.077142708421436,0.023756768013327774
2026-08-01,KXCPICOREYOY-26SEP,2026-08-05,10,2.6255102040816327,2.5,2.5,1,-0.6022074464628062,0.02761453561016245
2026-08-02,KXCPICOREYOY-26AUG,2026-08-03,0,2.4510204081632656,2.5,2.5,-0.5853658536585331,0.6010383950630604,0.012090795501874214
2026-08-02,KXCPICOREYOY-26JUL,2026-08-05,797.9,2.480612244897959,2.5,2.5,-0.2183908045977025,0.8759854777828728,0.017277176176593086
2026-08-02,KXCPICOREYOY-26NOV,2026-08-05,0,2.969387755102041,3,3.1,-0.27272727272727004,-0.077142708421436,0.023756768013327774
2026-08-02,KXCPICOREYOY-26SEP,2026-08-05,0,2.6255102040816327,2.5,2.5,1,-0.6022074464628062,0.02761453561016245
2026-08-03,KXCPICOREYOY-26AUG,2026-08-03,2,2.45,2.5,2.5,-0.6049382716049362,0.17320080000000226,0.011479591836734688
2026-08-03,KXCPICOREYOY-26JUL,2026-08-05,659.9399999999999,2.5,2.5,2.5,0,0.48527812499999756,0.01795918367346939
2026-08-03,KXCPICOREYOY-26NOV,2026-08-05,0,2.969387755102041,3,3.1,-0.27272727272727004,-0.077142708421436,0.023756768013327774
2026-08-03,KXCPICOREYOY-26SEP,2026-08-05,0,2.6255102040816327,2.5,2.5,1,-0.6022074464628062,0.02761453561016245
2026-08-04,KXCPICOREYOY-26JUL,2026-08-05,247.41,2.48265306122449,2.5,2.4,-0.16190476190476066,0.2970352580170661,0.018984798000832998
2026-08-04,KXCPICOREYOY-26NOV,2026-08-05,0,2.969387755102041,3,3.1,-0.27272727272727004,-0.077142708421436,0.023756768013327774
2026-08-04,KXCPICOREYOY-26SEP,2026-08-05,0,2.6255102040816327,2.5,2.5,1,-0.6022074464628062,0.02761453561016245
2026-08-05,KXCPICOREYOY-26JUL,2026-08-05,1,2.480612244897959,2.4499999999999997,2.4,0.7383177570093452,0.2835576470733079,0.019113910870470648
2026-08-05,KXCPICOREYOY-26NOV,2026-08-05,685,3.006122448979592,3,3.2,0.04109589041096087,-0.7272320840217237,0.03567680133277802
2026-08-05,KXCPICOREYOY-26SEP,2026-08-05,30,2.583673469387755,2.5,2.5,0.9999999999999982,0.4094532662129766,0.01544773011245315
