date,contract_preamble,expiry_date,mean,median,mode,skewness,kurtosis,variance
2024-12-20,KXGDPYEAR-25,2026-02-20,2.554761904761905,2.65,5,0.9221032132424537,-2.019348624862621,5.9800963718820865
2024-12-20,KXGDPYEAR-26,2026-08-05,2.314779095176201,2.3,2.3,0.09744169529139075,12.718177246770306,0.24585382182900262
2024-12-20,KXGDPYEAR-27,2026-08-05,2.0076383085144998,1.8,1.8,0.37400640422233034,2.898797807861639,0.6732893756761689
2024-12-20,KXGDPYEAR-28,2026-08-04,2.4731462188993745,2.3,2.3,0.1400696034980221,-0.34308140549094945,2.8598708587524024
2024-12-20,KXGDPYEAR-29,2026-08-04,2.3444515498705965,2.3,2.8,0.03264685533572642,-0.4834652040264813,2.997886909329589
2024-12-20,KXGDPYEAR-30,2026-08-05,2.53,2.3,2.3,0.20390070921985817,-0.3831493711206555,2.1596999999999995
2024-12-20,KXGDPYEAR-31,2026-08-04,2.248014310493019,2.3,2.8,-0.037566168275753146,-0.7012489658312346,2.719168761277071
2024-12-20,KXGDPYEAR-32,2026-08-04,2.675002825369558,2.3,1.8,0.23810070525900007,-1.1546447091476657,3.45779719496512
2024-12-20,KXGDPYEAR-33,2026-08-05,2.8592210044753155,2.3,2.3,0.3689059934043657,-1.0555602215262991,3.4287871306045083
2024-12-20,KXGDPYEAR-34,2026-08-05,2.3636376657707103,2.3,0.1,0.04455795922498969,-0.6997330658180774,3.1110572835108945
2024-12-20,KXGDPYEAR-35,2026-08-04,2.749826891591256,2.8,1.8,-0.03218786147859579,-1.1621044533643832,3.3473672445211338
2024-12-20,KXGDPYEAR-36,2026-08-04,2.695242416882835,2.3,0.1,0.24894730630532177,-1.127603469239581,3.5316813541751007
2024-12-21,KXGDPYEAR-25,2026-02-20,2.466428328226081,2.3,2.3,0.18040228824506388,-0.5269912515907844,1.390398308874052
2024-12-21,KXGDPYEAR-26,2026-08-05,2.314779095176201,2.3,2.3,0.09744169529139075,12.718177246770306,0.24585382182900262
2024-12-21,KXGDPYEAR-27,2026-08-05,2.0076383085144998,1.8,1.8,0.37400640422233034,2.898797807861639,0.6732893756761689
2024-12-21,KXGDPYEAR-28,2026-08-04,2.4731462188993745,2.3,2.3,0.1400696034980221,-0.34308140549094945,2.8598708587524024
2024-12-21,KXGDPYEAR-29,2026-08-04,2.3444515498705965,2.3,2.8,0.03264685533572642,-0.4834652040264813,2.997886909329589
2024-12-21,KXGDPYEAR-30,2026-08-05,2.53,2.3,2.3,0.20390070921985817,-0.3831493711206555,2.1596999999999995
2024-12-21,KXGDPYEAR-31,2026-08-04,2.248014310493019,2.3,2.8,-0.037566168275753146,-0.7012489658312346,2.719168761277071
2024-12-21,KXGDPYEAR-32,2026-08-04,2.675002825369558,2.3,1.8,0.23810070525900007,-1.1546447091476657,3.45779719496512
2024-12-21,KXGDPYEAR-33,2026-08-05,2.8592210044753155,2.3,2.3,0.3689059934043657,-1.0555602215262991,3.4287871306045083
2024-12-21,KXGDPYEAR-34,2026-08-05,2.3636376657707103,2.3,0.1,0.04455795922498969,-0.6997330658180774,3.1110572835108945
2024-12-21,KXGDPYEAR-35,2026-08-04,2.749826891591256,2.8,1.8,-0.03218786147859579,-1.1621044533643832,3.3473672445211338
2024-12-21,KXGDPYEAR-36,2026-08-04,2.695242416882835,2.3,0.1,0.24894730630532177,-1.127603469239581,3.5316813541751007
2024-12-22,KXGDPYEAR-25,2026-02-20,2.47542694850202,2.3,2.3,0.1845398870385316,-0.6034296687720442,1.4339386808853625
2024-12-22,KXGDPYEAR-26,2026-08-05,2.314779095176201,2.3,2.3,0.09744169529139075,12.718177246770306,0.24585382182900262
2024-12-22,KXGDPYEAR-27,2026-08-05,2.0076383085144998,1.8,1.8,0.37400640422233034,2.898797807861639,0.6732893756761689
2024-12-22,KXGDPYEAR-28,2026-08-04,2.4731462188993745,2.3,2.3,0.1400696034980221,-0.34308140549094945,2.8598708587524024
2024-12-22,KXGDPYEAR-29,2026-08-04,2.3444515498705965,2.3,2.8,0.03264685533572642,-0.4834652040264813,2.997886909329589
2024-12-22,KXGDPYEAR-30,2026-08-05,2.53,2.3,2.3,0.20390070921985817,-0.3831493711206555,2.1596999999999995
2024-12-22,KXGDPYEAR-31,2026-08-04,2.248014310493019,2.3,2.8,-0.037566168275753146,-0.7012489658312346,2.719168761277071
2024-12-22,KXGDPYEAR-32,2026-08-04,2.675002825369558,2.3,1.8,0.23810070525900007,-1.1546447091476657,3.45779719496512
2024-12-22,KXGDPYEAR-33,2026-08-05,2.8592210044753155,2.3,2.3,0.3689059934043657,-1.0555602215262991,3.4287871306045083
2024-12-22,KXGDPYEAR-34,2026-08-05,2.3636376657707103,2.3,0.1,0.04455795922498969,-0.6997330658180774,3.1110572835108945
2024-12-22,KXGDPYEAR-35,2026-08-04,2.749826891591256,2.8,1.8,-0.03218786147859579,-1.1621044533643832,3.3473672445211338
2024-12-22,KXGDPYEAR-36,2026-08-04,2.695242416882835,2.3,0.1,0.24894730630532177,-1.127603469239581,3.5316813541751007
2024-12-23,KXGDPYEAR-25,2026-02-20,2.47542694850202,2.3,2.3,0.1845398870385316,-0.6034296687720442,1.4339386808853625
2024-12-23,KXGDPYEAR-26,2026-08-05,2.314779095176201,2.3,2.3,0.09744169529139075,12.718177246770306,0.24585382182900262
2024-12-23,KXGDPYEAR-27,2026-08-05,2.0076383085144998,1.8,1.8,0.37400640422233034,2.898797807861639,0.6732893756761689
2024-12-23,KXGDPYEAR-28,2026-08-04,2.4731462188993745,2.3,2.3,0.1400696034980221,-0.34308140549094945,2.8598708587524024
2024-12-23,KXGDPYEAR-29,2026-08-04,2.3444515498705965,2.3,2.8,0.03264685533572642,-0.4834652040264813,2.997886909329589
2024-12-23,KXGDPYEAR-30,2026-08-05,2.53,2.3,2.3,0.20390070921985817,-0.3831493711206555,2.1596999999999995
2024-12-23,KXGDPYEAR-31,2026-08-04,2.248014310493019,2.3,2.8,-0.037566168275753146,-0.7012489658312346,2.719168761277071
2024-12-23,KXGDPYEAR-32,2026-08-04,2.675002825369558,2.3,1.8,0.23810070525900007,-1.1546447091476657,3.45779719496512
2024-12-23,KXGDPYEAR-33,2026-08-05,2.8592210044753155,2.3,2.3,0.3689059934043657,-1.0555602215262991,3.4287871306045083
2024-12-23,KXGDPYEAR-34,2026-08-05,2.3636376657707103,2.3,0.1,0.04455795922498969,-0.6997330658180774,3.1110572835108945
2024-12-23,KXGDPYEAR-35,2026-08-04,2.749826891591256,2.8,1.8,-0.03218786147859579,-1.1621044533643832,3.3473672445211338
2024-12-23,KXGDPYEAR-36,2026-08-04,2.695242416882835,2.3,0.1,0.24894730630532177,-1.127603469239581,3.5316813541751007
2024-12-24,KXGDPYEAR-25,2026-02-20,2.47542694850202,2.3,2.3,0.1845398870385316,-0.6034296687720442,1.4339386808853625
2024-12-24,KXGDPYEAR-26,2026-08-05,2.314779095176201,2.3,2.3,0.09744169529139075,12.718177246770306,0.24585382182900262
2024-12-24,KXGDPYEAR-27,2026-08-05,2.0076383085144998,1.8,1.8,0.37400640422233034,2.898797807861639,0.6732893756761689
2024-12-24,KXGDPYEAR-28,2026-08-04,2.4731462188993745,2.3,2.3,0.1400696034980221,-0.34308140549094945,2.8598708587524024
2024-12-24,KXGDPYEAR-29,2026-08-04,2.3444515498705965,2.3,2.8,0.03264685533572642,-0.4834652040264813,2.997886909329589
2024-12-24,KXGDPYEAR-30,2026-08-05,2.53,2.3,2.3,0.20390070921985817,-0.3831493711206555,2.1596999999999995
2024-12-24,KXGDPYEAR-31,2026-08-04,2.248014310493019,2.3,2.8,-0.037566168275753146,-0.7012489658312346,2.719168761277071
2024-12-24,KXGDPYEAR-32,2026-08-04,2.675002825369558,2.3,1.8,0.23810070525900007,-1.1546447091476657,3.45779719496512
2024-12-24,KXGDPYEAR-33,2026-08-05,2.8592210044753155,2.3,2.3,0.3689059934043657,-1.0555602215262991,3.4287871306045083
2024-12-24,KXGDPYEAR-34,2026-08-05,2.3636376657707103,2.3,0.1,0.04455795922498969,-0.6997330658180774,3.1110572835108945
2024-12-24,KXGDPYEAR-35,2026-08-04,2.749826891591256,2.8,1.8,-0.03218786147859579,-1.1621044533643832,3.3473672445211338
2024-12-24,KXGDPYEAR-36,2026-08-04,2.695242416882835,2.3,0.1,0.24894730630532177,-1.127603469239581,3.5316813541751007
2024-12-25,KXGDPYEAR-25,2026-02-20,2.47542694850202,2.3,2.3,0.1845398870385316,-0.6034296687720442,1.4339386808853625
2024-12-25,KXGDPYEAR-26,2026-08-05,2.314779095176201,2.3,2.3,0.09744169529139075,12.718177246770306,0.24585382182900262
2024-12-25,KXGDPYEAR-27,2026-08-05,2.0076383085144998,1.8,1.8,0.37400640422233034,2.898797807861639,0.6732893756761689
2024-12-25,KXGDPYEAR-28,2026-08-04,2.4731462188993745,2.3,2.3,0.1400696034980221,-0.34308140549094945,2.8598708587524024
2024-12-25,KXGDPYEAR-29,2026-08-04,2.3444515498705965,2.3,2.8,0.03264685533572642,-0.4834652040264813,2.997886909329589
2024-12-25,KXGDPYEAR-30,2026-08-05,2.53,2.3,2.3,0.20390070921985817,-0.3831493711206555,2.1596999999999995
2024-12-25,KXGDPYEAR-31,2026-08-04,2.248014310493019,2.3,2.8,-0.037566168275753146,-0.7012489658312346,2.719168761277071
2024-12-25,KXGDPYEAR-32,2026-08-04,2.675002825369558,2.3,1.8,0.23810070525900007,-1.1546447091476657,3.45779719496512
2024-12-25,KXGDPYEAR-33,2026-08-05,2.8592210044753155,2.3,2.3,0.3689059934043657,-1.0555602215262991,3.4287871306045083
2024-12-25,KXGDPYEAR-34,2026-08-05,2.3636376657707103,2.3,0.1,0.04455795922498969,-0.6997330658180774,3.1110572835108945
2024-12-25,KXGDPYEAR-35,2026-08-04,2.749826891591256,2.8,1.8,-0.03218786147859579,-1.1621044533643832,3.3473672445211338
2024-12-25,KXGDPYEAR-36,2026-08-04,2.695242416882835,2.3,0.1,0.24894730630532177,-1.127603469239581,3.5316813541751007
2024-12-26,KXGDPYEAR-25,2026-02-20,2.47542694850202,2.3,2.3,0.1845398870385316,-0.6034296687720442,1.4339386808853625
2024-12-26,KXGDPYEAR-26,2026-08-05,2.314779095176201,2.3,2.3,0.09744169529139075,12.718177246770306,0.24585382182900262
2024-12-26,KXGDPYEAR-27,2026-08-05,2.0076383085144998,1.8,1.8,0.37400640422233034,2.898797807861639,0.6732893756761689
2024-12-26,KXGDPYEAR-28,2026-08-04,2.4731462188993745,2.3,2.3,0.1400696034980221,-0.34308140549094945,2.8598708587524024
2024-12-26,KXGDPYEAR-29,2026-08-04,2.3444515498705965,2.3,2.8,0.03264685533572642,-0.4834652040264813,2.997886909329589
2024-12-26,KXGDPYEAR-30,2026-08-05,2.53,2.3,2.3,0.20390070921985817,-0.3831493711206555,2.1596999999999995
2024-12-26,KXGDPYEAR-31,2026-08-04,2.248014310493019,2.3,2.8,-0.037566168275753146,-0.7012489658312346,2.719168761277071
2024-12-26,KXGDPYEAR-32,2026-08-04,2.675002825369558,2.3,1.8,0.23810070525900007,-1.1546447091476657,3.45779719496512
2024-12-26,KXGDPYEAR-33,2026-08-05,2.8592210044753155,2.3,2.3,0.3689059934043657,-1.0555602215262991,3.4287871306045083
2024-12-26,KXGDPYEAR-34,2026-08-05,2.3636376657707103,2.3,0.1,0.04455795922498969,-0.6997330658180774,3.1110572835108945
2024-12-26,KXGDPYEAR-35,2026-08-04,2.749826891591256,2.8,1.8,-0.03218786147859579,-1.1621044533643832,3.3473672445211338
2024-12-26,KXGDPYEAR-36,2026-08-04,2.695242416882835,2.3,0.1,0.24894730630532177,-1.127603469239581,3.5316813541751007
2024-12-27,KXGDPYEAR-25,2026-02-20,2.47542694850202,2.3,2.3,0.1845398870385316,-0.6034296687720442,1.4339386808853625
2024-12-27,KXGDPYEAR-26,2026-08-05,2.314779095176201,2.3,2.3,0.09744169529139075,12.718177246770306,0.24585382182900262
2024-12-27,KXGDPYEAR-27,2026-08-05,2.0076383085144998,1.8,1.8,0.37400640422233034,2.898797807861639,0.6732893756761689
2024-12-27,KXGDPYEAR-28,2026-08-04,2.4731462188993745,2.3,2.3,0.1400696034980221,-0.34308140549094945,2.8598708587524024
2024-12-27,KXGDPYEAR-29,2026-08-04,2.3444515498705965,2.3,2.8,0.03264685533572642,-0.4834652040264813,2.997886909329589
2024-12-27,KXGDPYEAR-30,2026-08-05,2.53,2.3,2.3,0.20390070921985817,-0.3831493711206555,2.1596999999999995
2024-12-27,KXGDPYEAR-31,2026-08-04,2.248014310493019,2.3,2.8,-0.037566168275753146,-0.7012489658312346,2.719168761277071
2024-12-27,KXGDPYEAR-32,2026-08-04,2.675002825369558,2.3,1.8,0.23810070525900007,-1.1546447091476657,3.45779719496512
2024-12-27,KXGDPYEAR-33,2026-08-05,2.8592210044753155,2.3,2.3,0.3689059934043657,-1.0555602215262991,3.4287871306045083
2024-12-27,KXGDPYEAR-34,2026-08-05,2.3636376657707103,2.3,0.1,0.04455795922498969,-0.6997330658180774,3.1110572835108945
2024-12-27,KXGDPYEAR-35,2026-08-04,2.749826891591256,2.8,1.8,-0.03218786147859579,-1.1621044533643832,3.3473672445211338
2024-12-27,KXGDPYEAR-36,2026-08-04,2.695242416882835,2.3,0.1,0.24894730630532177,-1.127603469239581,3.5316813541751007
2024-12-28,KXGDPYEAR-25,2026-02-20,2.1604970309160962,2.3,2.3,-0.12890272894345367,-0.7574849840926703,1.7479057256537
2024-12-28,KXGDPYEAR-26,2026-08-05,2.314779095176201,2.3,2.3,0.09744169529139075,12.718177246770306,0.24585382182900262
2024-12-28,KXGDPYEAR-27,2026-08-05,2.0076383085144998,1.8,1.8,0.37400640422233034,2.898797807861639,0.6732893756761689
2024-12-28,KXGDPYEAR-28,2026-08-04,2.4731462188993745,2.3,2.3,0.1400696034980221,-0.34308140549094945,2.8598708587524024
2024-12-28,KXGDPYEAR-29,2026-08-04,2.3444515498705965,2.3,2.8,0.03264685533572642,-0.4834652040264813,2.997886909329589
2024-12-28,KXGDPYEAR-30,2026-08-05,2.53,2.3,2.3,0.20390070921985817,-0.3831493711206555,2.1596999999999995
2024-12-28,KXGDPYEAR-31,2026-08-04,2.248014310493019,2.3,2.8,-0.037566168275753146,-0.7012489658312346,2.719168761277071
2024-12-28,KXGDPYEAR-32,2026-08-04,2.675002825369558,2.3,1.8,0.23810070525900007,-1.1546447091476657,3.45779719496512
2024-12-28,KXGDPYEAR-33,2026-08-05,2.8592210044753155,2.3,2.3,0.3689059934043657,-1.0555602215262991,3.4287871306045083
2024-12-28,KXGDPYEAR-34,2026-08-05,2.3636376657707103,2.3,0.1,0.04455795922498969,-0.6997330658180774,3.1110572835108945
2024-12-28,KXGDPYEAR-35,2026-08-04,2.749826891591256,2.8,1.8,-0.03218786147859579,-1.1621044533643832,3.3473672445211338
2024-12-28,KXGDPYEAR-36,2026-08-04,2.695242416882835,2.3,0.1,0.24894730630532177,-1.127603469239581,3.5316813541751007
2024-12-29,KXGDPYEAR-25,2026-02-20,2.1656749499936927,2.3,2.3,-0.12890272894345364,-0.6771967225629645,1.6837243912700337
2024-12-29,KXGDPYEAR-26,2026-08-05,2.314779095176201,2.3,2.3,0.09744169529139075,12.718177246770306,0.24585382182900262
2024-12-29,KXGDPYEAR-27,2026-08-05,2.0076383085144998,1.8,1.8,0.37400640422233034,2.898797807861639,0.6732893756761689
2024-12-29,KXGDPYEAR-28,2026-08-04,2.4731462188993745,2.3,2.3,0.1400696034980221,-0.34308140549094945,2.8598708587524024
2024-12-29,KXGDPYEAR-29,2026-08-04,2.3444515498705965,2.3,2.8,0.03264685533572642,-0.4834652040264813,2.997886909329589
2024-12-29,KXGDPYEAR-30,2026-08-05,2.53,2.3,2.3,0.20390070921985817,-0.3831493711206555,2.1596999999999995
2024-12-29,KXGDPYEAR-31,2026-08-04,2.248014310493019,2.3,2.8,-0.037566168275753146,-0.7012489658312346,2.719168761277071
2024-12-29,KXGDPYEAR-32,2026-08-04,2.675002825369558,2.3,1.8,0.23810070525900007,-1.1546447091476657,3.45779719496512
2024-12-29,KXGDPYEAR-33,2026-08-05,2.8592210044753155,2.3,2.3,0.3689059934043657,-1.0555602215262991,3.4287871306045083
2024-12-29,KXGDPYEAR-34,2026-08-05,2.3636376657707103,2.3,0.1,0.04455795922498969,-0.6997330658180774,3.1110572835108945
2024-12-29,KXGDPYEAR-35,2026-08-04,2.749826891591256,2.8,1.8,-0.03218786147859579,-1.1621044533643832,3.3473672445211338
2024-12-29,KXGDPYEAR-36,2026-08-04,2.695242416882835,2.3,0.1,0.24894730630532177,-1.127603469239581,3.5316813541751007
2024-12-30,KXGDPYEAR-25,2026-02-20,2.1656749499936927,2.3,2.3,-0.12890272894345364,-0.6771967225629645,1.6837243912700337
2024-12-30,KXGDPYEAR-26,2026-08-05,2.314779095176201,2.3,2.3,0.09744169529139075,12.718177246770306,0.24585382182900262
2024-12-30,KXGDPYEAR-27,2026-08-05,2.0076383085144998,1.8,1.8,0.37400640422233034,2.898797807861639,0.6732893756761689
2024-12-30,KXGDPYEAR-28,2026-08-04,2.4731462188993745,2.3,2.3,0.1400696034980221,-0.34308140549094945,2.8598708587524024
2024-12-30,KXGDPYEAR-29,2026-08-04,2.3444515498705965,2.3,2.8,0.03264685533572642,-0.4834652040264813,2.997886909329589
2024-12-30,KXGDPYEAR-30,2026-08-05,2.53,2.3,2.3,0.20390070921985817,-0.3831493711206555,2.1596999999999995
2024-12-30,KXGDPYEAR-31,2026-08-04,2.248014310493019,2.3,2.8,-0.037566168275753146,-0.7012489658312346,2.719168761277071
2024-12-30,KXGDPYEAR-32,2026-08-04,2.675002825369558,2.3,1.8,0.23810070525900007,-1.1546447091476657,3.45779719496512
2024-12-30,KXGDPYEAR-33,2026-08-05,2.8592210044753155,2.3,2.3,0.3689059934043657,-1.0555602215262991,3.4287871306045083
2024-12-30,KXGDPYEAR-34,2026-08-05,2.3636376657707103,2.3,0.1,0.04455795922498969,-0.6997330658180774,3.1110572835108945
2024-12-30,KXGDPYEAR-35,2026-08-04,2.749826891591256,2.8,1.8,-0.03218786147859579,-1.1621044533643832,3.3473672445211338
2024-12-30,KXGDPYEAR-36,2026-08-04,2.695242416882835,2.3,0.1,0.24894730630532177,-1.127603469239581,3.5316813541751007
2024-12-31,KXGDPYEAR-25,2026-02-20,2.1699251461763533,2.3,2.3,-0.11844974691178546,-0.8148638058394861,1.7913595430639015
2024-12-31,KXGDPYEAR-26,2026-08-05,2.314779095176201,2.3,2.3,0.09744169529139075,12.718177246770306,0.24585382182900262
2024-12-31,KXGDPYEAR-27,2026-08-05,2.0076383085144998,1.8,1.8,0.37400640422233034,2.898797807861639,0.6732893756761689
2024-12-31,KXGDPYEAR-28,2026-08-04,2.4731462188993745,2.3,2.3,0.1400696034980221,-0.34308140549094945,2.8598708587524024
2024-12-31,KXGDPYEAR-29,2026-08-04,2.3444515498705965,2.3,2.8,0.03264685533572642,-0.4834652040264813,2.997886909329589
2024-12-31,KXGDPYEAR-30,2026-08-05,2.53,2.3,2.3,0.20390070921985817,-0.3831493711206555,2.1596999999999995
2024-12-31,KXGDPYEAR-31,2026-08-04,2.248014310493019,2.3,2.8,-0.037566168275753146,-0.7012489658312346,2.719168761277071
2024-12-31,KXGDPYEAR-32,2026-08-04,2.675002825369558,2.3,1.8,0.23810070525900007,-1.1546447091476657,3.45779719496512
2024-12-31,KXGDPYEAR-33,2026-08-05,2.8592210044753155,2.3,2.3,0.3689059934043657,-1.0555602215262991,3.4287871306045083
2024-12-31,KXGDPYEAR-34,2026-08-05,2.3636376657707103,2.3,0.1,0.04455795922498969,-0.6997330658180774,3.1110572835108945
2024-12-31,KXGDPYEAR-35,2026-08-04,2.749826891591256,2.8,1.8,-0.03218786147859579,-1.1621044533643832,3.3473672445211338
2024-12-31,KXGDPYEAR-36,2026-08-04,2.695242416882835,2.3,0.1,0.24894730630532177,-1.127603469239581,3.5316813541751007
2025-01-01,KXGDPYEAR-25,2026-02-20,2.2930089690457938,2.3,2.3,-0.0056750303890650885,-1.0057243328843204,2.219406511688629
2025-01-01,KXGDPYEAR-26,2026-08-05,2.314779095176201,2.3,2.3,0.09744169529139075,12.718177246770306,0.24585382182900262
2025-01-01,KXGDPYEAR-27,2026-08-05,2.0076383085144998,1.8,1.8,0.37400640422233034,2.898797807861639,0.6732893756761689
2025-01-01,KXGDPYEAR-28,2026-08-04,2.4731462188993745,2.3,2.3,0.1400696034980221,-0.34308140549094945,2.8598708587524024
2025-01-01,KXGDPYEAR-29,2026-08-04,2.3444515498705965,2.3,2.8,0.03264685533572642,-0.4834652040264813,2.997886909329589
2025-01-01,KXGDPYEAR-30,2026-08-05,2.53,2.3,2.3,0.20390070921985817,-0.3831493711206555,2.1596999999999995
2025-01-01,KXGDPYEAR-31,2026-08-04,2.248014310493019,2.3,2.8,-0.037566168275753146,-0.7012489658312346,2.719168761277071
2025-01-01,KXGDPYEAR-32,2026-08-04,2.675002825369558,2.3,1.8,0.23810070525900007,-1.1546447091476657,3.45779719496512
2025-01-01,KXGDPYEAR-33,2026-08-05,2.8592210044753155,2.3,2.3,0.3689059934043657,-1.0555602215262991,3.4287871306045083
2025-01-01,KXGDPYEAR-34,2026-08-05,2.3636376657707103,2.3,0.1,0.04455795922498969,-0.6997330658180774,3.1110572835108945
2025-01-01,KXGDPYEAR-35,2026-08-04,2.749826891591256,2.8,1.8,-0.03218786147859579,-1.1621044533643832,3.3473672445211338
2025-01-01,KXGDPYEAR-36,2026-08-04,2.695242416882835,2.3,0.1,0.24894730630532177,-1.127603469239581,3.5316813541751007
2025-01-02,KXGDPYEAR-25,2026-02-20,2.2930629264163604,2.3,2.3,-0.005675030389065121,-0.9902366423638633,2.2022773180706645
2025-01-02,KXGDPYEAR-26,2026-08-05,2.314779095176201,2.3,2.3,0.09744169529139075,12.718177246770306,0.24585382182900262
2025-01-02,KXGDPYEAR-27,2026-08-05,2.0076383085144998,1.8,1.8,0.37400640422233034,2.898797807861639,0.6732893756761689
2025-01-02,KXGDPYEAR-28,2026-08-04,2.4731462188993745,2.3,2.3,0.1400696034980221,-0.34308140549094945,2.8598708587524024
2025-01-02,KXGDPYEAR-29,2026-08-04,2.3444515498705965,2.3,2.8,0.03264685533572642,-0.4834652040264813,2.997886909329589
2025-01-02,KXGDPYEAR-30,2026-08-05,2.53,2.3,2.3,0.20390070921985817,-0.3831493711206555,2.1596999999999995
2025-01-02,KXGDPYEAR-31,2026-08-04,2.248014310493019,2.3,2.8,-0.037566168275753146,-0.7012489658312346,2.719168761277071
2025-01-02,KXGDPYEAR-32,2026-08-04,2.675002825369558,2.3,1.8,0.23810070525900007,-1.1546447091476657,3.45779719496512
2025-01-02,KXGDPYEAR-33,2026-08-05,2.8592210044753155,2.3,2.3,0.3689059934043657,-1.0555602215262991,3.4287871306045083
2025-01-02,KXGDPYEAR-34,2026-08-05,2.3636376657707103,2.3,0.1,0.04455795922498969,-0.6997330658180774,3.1110572835108945
2025-01-02,KXGDPYEAR-35,2026-08-04,2.749826891591256,2.8,1.8,-0.03218786147859579,-1.1621044533643832,3.3473672445211338
2025-01-02,KXGDPYEAR-36,2026-08-04,2.695242416882835,2.3,0.1,0.24894730630532177,-1.127603469239581,3.5316813541751007
2025-01-03,KXGDPYEAR-25,2026-02-20,2.2930629264163604,2.3,2.3,-0.005675030389065121,-0.9902366423638633,2.2022773180706645
2025-01-03,KXGDPYEAR-26,2026-08-05,2.314779095176201,2.3,2.3,0.09744169529139075,12.718177246770306,0.24585382182900262
2025-01-03,KXGDPYEAR-27,2026-08-05,2.0076383085144998,1.8,1.8,0.37400640422233034,2.898797807861639,0.6732893756761689
2025-01-03,KXGDPYEAR-28,2026-08-04,2.4731462188993745,2.3,2.3,0.1400696034980221,-0.34308140549094945,2.8598708587524024
2025-01-03,KXGDPYEAR-29,2026-08-04,2.3444515498705965,2.3,2.8,0.03264685533572642,-0.4834652040264813,2.997886909329589
2025-01-03,KXGDPYEAR-30,2026-08-05,2.53,2.3,2.3,0.20390070921985817,-0.3831493711206555,2.1596999999999995
2025-01-03,KXGDPYEAR-31,2026-08-04,2.248014310493019,2.3,2.8,-0.037566168275753146,-0.7012489658312346,2.719168761277071
2025-01-03,KXGDPYEAR-32,2026-08-04,2.675002825369558,2.3,1.8,0.23810070525900007,-1.1546447091476657,3.45779719496512
2025-01-03,KXGDPYEAR-33,2026-08-05,2.8592210044753155,2.3,2.3,0.3689059934043657,-1.0555602215262991,3.4287871306045083
2025-01-03,KXGDPYEAR-34,2026-08-05,2.3636376657707103,2.3,0.1,0.04455795922498969,-0.6997330658180774,3.1110572835108945
2025-01-03,KXGDPYEAR-35,2026-08-04,2.749826891591256,2.8,1.8,-0.03218786147859579,-1.1621044533643832,3.3473672445211338
2025-01-03,KXGDPYEAR-36,2026-08-04,2.695242416882835,2.3,0.1,0.24894730630532177,-1.127603469239581,3.5316813541751007
2025-01-04,KXGDPYEAR-25,2026-02-20,2.249938051249122,2.3,2.3,-0.04032021058663815,-1.011918943841028,2.2516870591422835
2025-01-04,KXGDPYEAR-26,2026-08-05,2.314779095176201,2.3,2.3,0.09744169529139075,12.718177246770306,0.24585382182900262
2025-01-04,KXGDPYEAR-27,2026-08-05,2.0076383085144998,1.8,1.8,0.37400640422233034,2.898797807861639,0.6732893756761689
2025-01-04,KXGDPYEAR-28,2026-08-04,2.4731462188993745,2.3,2.3,0.1400696034980221,-0.34308140549094945,2.8598708587524024
2025-01-04,KXGDPYEAR-29,2026-08-04,2.3444515498705965,2.3,2.8,0.03264685533572642,-0.4834652040264813,2.997886909329589
2025-01-04,KXGDPYEAR-30,2026-08-05,2.53,2.3,2.3,0.20390070921985817,-0.3831493711206555,2.1596999999999995
2025-01-04,KXGDPYEAR-31,2026-08-04,2.248014310493019,2.3,2.8,-0.037566168275753146,-0.7012489658312346,2.719168761277071
2025-01-04,KXGDPYEAR-32,2026-08-04,2.675002825369558,2.3,1.8,0.23810070525900007,-1.1546447091476657,3.45779719496512
2025-01-04,KXGDPYEAR-33,2026-08-05,2.8592210044753155,2.3,2.3,0.3689059934043657,-1.0555602215262991,3.4287871306045083
2025-01-04,KXGDPYEAR-34,2026-08-05,2.3636376657707103,2.3,0.1,0.04455795922498969,-0.6997330658180774,3.1110572835108945
2025-01-04,KXGDPYEAR-35,2026-08-04,2.749826891591256,2.8,1.8,-0.03218786147859579,-1.1621044533643832,3.3473672445211338
2025-01-04,KXGDPYEAR-36,2026-08-04,2.695242416882835,2.3,0.1,0.24894730630532177,-1.127603469239581,3.5316813541751007
2025-01-05,KXGDPYEAR-25,2026-02-20,2.36819290979621,2.3,2.3,0.057449625233825956,-0.9409511080889916,2.1145862387456837
2025-01-05,KXGDPYEAR-26,2026-08-05,2.314779095176201,2.3,2.3,0.09744169529139075,12.718177246770306,0.24585382182900262
2025-01-05,KXGDPYEAR-27,2026-08-05,2.0076383085144998,1.8,1.8,0.37400640422233034,2.898797807861639,0.6732893756761689
2025-01-05,KXGDPYEAR-28,2026-08-04,2.4731462188993745,2.3,2.3,0.1400696034980221,-0.34308140549094945,2.8598708587524024
2025-01-05,KXGDPYEAR-29,2026-08-04,2.3444515498705965,2.3,2.8,0.03264685533572642,-0.4834652040264813,2.997886909329589
2025-01-05,KXGDPYEAR-30,2026-08-05,2.53,2.3,2.3,0.20390070921985817,-0.3831493711206555,2.1596999999999995
2025-01-05,KXGDPYEAR-31,2026-08-04,2.248014310493019,2.3,2.8,-0.037566168275753146,-0.7012489658312346,2.719168761277071
2025-01-05,KXGDPYEAR-32,2026-08-04,2.675002825369558,2.3,1.8,0.23810070525900007,-1.1546447091476657,3.45779719496512
2025-01-05,KXGDPYEAR-33,2026-08-05,2.8592210044753155,2.3,2.3,0.3689059934043657,-1.0555602215262991,3.4287871306045083
2025-01-05,KXGDPYEAR-34,2026-08-05,2.3636376657707103,2.3,0.1,0.04455795922498969,-0.6997330658180774,3.1110572835108945
2025-01-05,KXGDPYEAR-35,2026-08-04,2.749826891591256,2.8,1.8,-0.03218786147859579,-1.1621044533643832,3.3473672445211338
2025-01-05,KXGDPYEAR-36,2026-08-04,2.695242416882835,2.3,0.1,0.24894730630532177,-1.127603469239581,3.5316813541751007
2025-01-06,KXGDPYEAR-25,2026-02-20,2.2768460943546334,2.3,2.3,-0.019000258587277028,-0.9865523377193197,2.2116592422339174
2025-01-06,KXGDPYEAR-26,2026-08-05,2.314779095176201,2.3,2.3,0.09744169529139075,12.718177246770306,0.24585382182900262
2025-01-06,KXGDPYEAR-27,2026-08-05,2.0076383085144998,1.8,1.8,0.37400640422233034,2.898797807861639,0.6732893756761689
2025-01-06,KXGDPYEAR-28,2026-08-04,2.4731462188993745,2.3,2.3,0.1400696034980221,-0.34308140549094945,2.8598708587524024
2025-01-06,KXGDPYEAR-29,2026-08-04,2.3444515498705965,2.3,2.8,0.03264685533572642,-0.4834652040264813,2.997886909329589
2025-01-06,KXGDPYEAR-30,2026-08-05,2.53,2.3,2.3,0.20390070921985817,-0.3831493711206555,2.1596999999999995
2025-01-06,KXGDPYEAR-31,2026-08-04,2.248014310493019,2.3,2.8,-0.037566168275753146,-0.7012489658312346,2.719168761277071
2025-01-06,KXGDPYEAR-32,2026-08-04,2.675002825369558,2.3,1.8,0.23810070525900007,-1.1546447091476657,3.45779719496512
2025-01-06,KXGDPYEAR-33,2026-08-05,2.8592210044753155,2.3,2.3,0.3689059934043657,-1.0555602215262991,3.4287871306045083
2025-01-06,KXGDPYEAR-34,2026-08-05,2.3636376657707103,2.3,0.1,0.04455795922498969,-0.6997330658180774,3.1110572835108945
2025-01-06,KXGDPYEAR-35,2026-08-04,2.749826891591256,2.8,1.8,-0.03218786147859579,-1.1621044533643832,3.3473672445211338
2025-01-06,KXGDPYEAR-36,2026-08-04,2.695242416882835,2.3,0.1,0.24894730630532177,-1.127603469239581,3.5316813541751007
2025-01-07,KXGDPYEAR-25,2026-02-20,2.2768460943546334,2.3,2.3,-0.019000258587277028,-0.9865523377193197,2.2116592422339174
2025-01-07,KXGDPYEAR-26,2026-08-05,2.314779095176201,2.3,2.3,0.09744169529139075,12.718177246770306,0.24585382182900262
2025-01-07,KXGDPYEAR-27,2026-08-05,2.0076383085144998,1.8,1.8,0.37400640422233034,2.898797807861639,0.6732893756761689
2025-01-07,KXGDPYEAR-28,2026-08-04,2.4731462188993745,2.3,2.3,0.1400696034980221,-0.34308140549094945,2.8598708587524024
2025-01-07,KXGDPYEAR-29,2026-08-04,2.3444515498705965,2.3,2.8,0.03264685533572642,-0.4834652040264813,2.997886909329589
2025-01-07,KXGDPYEAR-30,2026-08-05,2.53,2.3,2.3,0.20390070921985817,-0.3831493711206555,2.1596999999999995
2025-01-07,KXGDPYEAR-31,2026-08-04,2.248014310493019,2.3,2.8,-0.037566168275753146,-0.7012489658312346,2.719168761277071
2025-01-07,KXGDPYEAR-32,2026-08-04,2.675002825369558,2.3,1.8,0.23810070525900007,-1.1546447091476657,3.45779719496512
2025-01-07,KXGDPYEAR-33,2026-08-05,2.8592210044753155,2.3,2.3,0.3689059934043657,-1.0555602215262991,3.4287871306045083
2025-01-07,KXGDPYEAR-34,2026-08-05,2.3636376657707103,2.3,0.1,0.04455795922498969,-0.6997330658180774,3.1110572835108945
2025-01-07,KXGDPYEAR-35,2026-08-04,2.749826891591256,2.8,1.8,-0.03218786147859579,-1.1621044533643832,3.3473672445211338
2025-01-07,KXGDPYEAR-36,2026-08-04,2.695242416882835,2.3,0.1,0.24894730630532177,-1.127603469239581,3.5316813541751007
2025-01-08,KXGDPYEAR-25,2026-02-20,2.2768460943546334,2.3,2.3,-0.019000258587277028,-0.9865523377193197,2.2116592422339174
2025-01-08,KXGDPYEAR-26,2026-08-05,2.314779095176201,2.3,2.3,0.09744169529139075,12.718177246770306,0.24585382182900262
2025-01-08,KXGDPYEAR-27,2026-08-05,2.0076383085144998,1.8,1.8,0.37400640422233034,2.898797807861639,0.6732893756761689
2025-01-08,KXGDPYEAR-28,2026-08-04,2.4731462188993745,2.3,2.3,0.1400696034980221,-0.34308140549094945,2.8598708587524024
2025-01-08,KXGDPYEAR-29,2026-08-04,2.3444515498705965,2.3,2.8,0.03264685533572642,-0.4834652040264813,2.997886909329589
2025-01-08,KXGDPYEAR-30,2026-08-05,2.53,2.3,2.3,0.20390070921985817,-0.3831493711206555,2.1596999999999995
2025-01-08,KXGDPYEAR-31,2026-08-04,2.248014310493019,2.3,2.8,-0.037566168275753146,-0.7012489658312346,2.719168761277071
2025-01-08,KXGDPYEAR-32,2026-08-04,2.675002825369558,2.3,1.8,0.23810070525900007,-1.1546447091476657,3.45779719496512
2025-01-08,KXGDPYEAR-33,2026-08-05,2.8592210044753155,2.3,2.3,0.3689059934043657,-1.0555602215262991,3.4287871306045083
2025-01-08,KXGDPYEAR-34,2026-08-05,2.3636376657707103,2.3,0.1,0.04455795922498969,-0.6997330658180774,3.1110572835108945
2025-01-08,KXGDPYEAR-35,2026-08-04,2.749826891591256,2.8,1.8,-0.03218786147859579,-1.1621044533643832,3.3473672445211338
2025-01-08,KXGDPYEAR-36,2026-08-04,2.695242416882835,2.3,0.1,0.24894730630532177,-1.127603469239581,3.5316813541751007
2025-01-09,KXGDPYEAR-25,2026-02-20,2.2768460943546334,2.3,2.3,-0.019000258587277028,-0.9865523377193197,2.2116592422339174
2025-01-09,KXGDPYEAR-26,2026-08-05,2.314779095176201,2.3,2.3,0.09744169529139075,12.718177246770306,0.24585382182900262
2025-01-09,KXGDPYEAR-27,2026-08-05,2.0076383085144998,1.8,1.8,0.37400640422233034,2.898797807861639,0.6732893756761689
2025-01-09,KXGDPYEAR-28,2026-08-04,2.4731462188993745,2.3,2.3,0.1400696034980221,-0.34308140549094945,2.8598708587524024
2025-01-09,KXGDPYEAR-29,2026-08-04,2.3444515498705965,2.3,2.8,0.03264685533572642,-0.4834652040264813,2.997886909329589
2025-01-09,KXGDPYEAR-30,2026-08-05,2.53,2.3,2.3,0.20390070921985817,-0.3831493711206555,2.1596999999999995
2025-01-09,KXGDPYEAR-31,2026-08-04,2.248014310493019,2.3,2.8,-0.037566168275753146,-0.7012489658312346,2.719168761277071
2025-01-09,KXGDPYEAR-32,2026-08-04,2.675002825369558,2.3,1.8,0.23810070525900007,-1.1546447091476657,3.45779719496512
2025-01-09,KXGDPYEAR-33,2026-08-05,2.8592210044753155,2.3,2.3,0.3689059934043657,-1.0555602215262991,3.4287871306045083
2025-01-09,KXGDPYEAR-34,2026-08-05,2.3636376657707103,2.3,0.1,0.04455795922498969,-0.6997330658180774,3.1110572835108945
2025-01-09,KXGDPYEAR-35,2026-08-04,2.749826891591256,2.8,1.8,-0.03218786147859579,-1.1621044533643832,3.3473672445211338
2025-01-09,KXGDPYEAR-36,2026-08-04,2.695242416882835,2.3,0.1,0.24894730630532177,-1.127603469239581,3.5316813541751007
2025-01-10,KXGDPYEAR-25,2026-02-20,2.177125112316467,2.3,0.1,-0.10142236516823532,-0.9077881472026679,2.169662977355382
2025-01-10,KXGDPYEAR-26,2026-08-05,2.314779095176201,2.3,2.3,0.09744169529139075,12.718177246770306,0.24585382182900262
2025-01-10,KXGDPYEAR-27,2026-08-05,2.0076383085144998,1.8,1.8,0.37400640422233034,2.898797807861639,0.6732893756761689
2025-01-10,KXGDPYEAR-28,2026-08-04,2.4731462188993745,2.3,2.3,0.1400696034980221,-0.34308140549094945,2.8598708587524024
2025-01-10,KXGDPYEAR-29,2026-08-04,2.3444515498705965,2.3,2.8,0.03264685533572642,-0.4834652040264813,2.997886909329589
2025-01-10,KXGDPYEAR-30,2026-08-05,2.53,2.3,2.3,0.20390070921985817,-0.3831493711206555,2.1596999999999995
2025-01-10,KXGDPYEAR-31,2026-08-04,2.248014310493019,2.3,2.8,-0.037566168275753146,-0.7012489658312346,2.719168761277071
2025-01-10,KXGDPYEAR-32,2026-08-04,2.675002825369558,2.3,1.8,0.23810070525900007,-1.1546447091476657,3.45779719496512
2025-01-10,KXGDPYEAR-33,2026-08-05,2.8592210044753155,2.3,2.3,0.3689059934043657,-1.0555602215262991,3.4287871306045083
2025-01-10,KXGDPYEAR-34,2026-08-05,2.3636376657707103,2.3,0.1,0.04455795922498969,-0.6997330658180774,3.1110572835108945
2025-01-10,KXGDPYEAR-35,2026-08-04,2.749826891591256,2.8,1.8,-0.03218786147859579,-1.1621044533643832,3.3473672445211338
2025-01-10,KXGDPYEAR-36,2026-08-04,2.695242416882835,2.3,0.1,0.24894730630532177,-1.127603469239581,3.5316813541751007
2025-01-11,KXGDPYEAR-25,2026-02-20,2.177125112316467,2.3,0.1,-0.10142236516823532,-0.9077881472026679,2.169662977355382
2025-01-11,KXGDPYEAR-26,2026-08-05,2.314779095176201,2.3,2.3,0.09744169529139075,12.718177246770306,0.24585382182900262
2025-01-11,KXGDPYEAR-27,2026-08-05,2.0076383085144998,1.8,1.8,0.37400640422233034,2.898797807861639,0.6732893756761689
2025-01-11,KXGDPYEAR-28,2026-08-04,2.4731462188993745,2.3,2.3,0.1400696034980221,-0.34308140549094945,2.8598708587524024
2025-01-11,KXGDPYEAR-29,2026-08-04,2.3444515498705965,2.3,2.8,0.03264685533572642,-0.4834652040264813,2.997886909329589
2025-01-11,KXGDPYEAR-30,2026-08-05,2.53,2.3,2.3,0.20390070921985817,-0.3831493711206555,2.1596999999999995
2025-01-11,KXGDPYEAR-31,2026-08-04,2.248014310493019,2.3,2.8,-0.037566168275753146,-0.7012489658312346,2.719168761277071
2025-01-11,KXGDPYEAR-32,2026-08-04,2.675002825369558,2.3,1.8,0.23810070525900007,-1.1546447091476657,3.45779719496512
2025-01-11,KXGDPYEAR-33,2026-08-05,2.8592210044753155,2.3,2.3,0.3689059934043657,-1.0555602215262991,3.4287871306045083
2025-01-11,KXGDPYEAR-34,2026-08-05,2.3636376657707103,2.3,0.1,0.04455795922498969,-0.6997330658180774,3.1110572835108945
2025-01-11,KXGDPYEAR-35,2026-08-04,2.749826891591256,2.8,1.8,-0.03218786147859579,-1.1621044533643832,3.3473672445211338
2025-01-11,KXGDPYEAR-36,2026-08-04,2.695242416882835,2.3,0.1,0.24894730630532177,-1.127603469239581,3.5316813541751007
2025-01-12,KXGDPYEAR-25,2026-02-20,2.1540497039058764,2.3,0.1,-0.12169124652042278,-0.8940565051914335,2.1217272818041164
2025-01-12,KXGDPYEAR-26,2026-08-05,2.314779095176201,2.3,2.3,0.09744169529139075,12.718177246770306,0.24585382182900262
2025-01-12,KXGDPYEAR-27,2026-08-05,2.0076383085144998,1.8,1.8,0.37400640422233034,2.898797807861639,0.6732893756761689
2025-01-12,KXGDPYEAR-28,2026-08-04,2.4731462188993745,2.3,2.3,0.1400696034980221,-0.34308140549094945,2.8598708587524024
2025-01-12,KXGDPYEAR-29,2026-08-04,2.3444515498705965,2.3,2.8,0.03264685533572642,-0.4834652040264813,2.997886909329589
2025-01-12,KXGDPYEAR-30,2026-08-05,2.53,2.3,2.3,0.20390070921985817,-0.3831493711206555,2.1596999999999995
2025-01-12,KXGDPYEAR-31,2026-08-04,2.248014310493019,2.3,2.8,-0.037566168275753146,-0.7012489658312346,2.719168761277071
2025-01-12,KXGDPYEAR-32,2026-08-04,2.675002825369558,2.3,1.8,0.23810070525900007,-1.1546447091476657,3.45779719496512
2025-01-12,KXGDPYEAR-33,2026-08-05,2.8592210044753155,2.3,2.3,0.3689059934043657,-1.0555602215262991,3.4287871306045083
2025-01-12,KXGDPYEAR-34,2026-08-05,2.3636376657707103,2.3,0.1,0.04455795922498969,-0.6997330658180774,3.1110572835108945
2025-01-12,KXGDPYEAR-35,2026-08-04,2.749826891591256,2.8,1.8,-0.03218786147859579,-1.1621044533643832,3.3473672445211338
2025-01-12,KXGDPYEAR-36,2026-08-04,2.695242416882835,2.3,0.1,0.24894730630532177,-1.127603469239581,3.5316813541751007
2025-01-13,KXGDPYEAR-25,2026-02-20,2.1540497039058764,2.3,0.1,-0.12169124652042278,-0.8940565051914335,2.1217272818041164
2025-01-13,KXGDPYEAR-26,2026-08-05,2.314779095176201,2.3,2.3,0.09744169529139075,12.718177246770306,0.24585382182900262
2025-01-13,KXGDPYEAR-27,2026-08-05,2.0076383085144998,1.8,1.8,0.37400640422233034,2.898797807861639,0.6732893756761689
2025-01-13,KXGDPYEAR-28,2026-08-04,2.4731462188993745,2.3,2.3,0.1400696034980221,-0.34308140549094945,2.8598708587524024
2025-01-13,KXGDPYEAR-29,2026-08-04,2.3444515498705965,2.3,2.8,0.03264685533572642,-0.4834652040264813,2.997886909329589
2025-01-13,KXGDPYEAR-30,2026-08-05,2.53,2.3,2.3,0.20390070921985817,-0.3831493711206555,2.1596999999999995
2025-01-13,KXGDPYEAR-31,2026-08-04,2.248014310493019,2.3,2.8,-0.037566168275753146,-0.7012489658312346,2.719168761277071
2025-01-13,KXGDPYEAR-32,2026-08-04,2.675002825369558,2.3,1.8,0.23810070525900007,-1.1546447091476657,3.45779719496512
2025-01-13,KXGDPYEAR-33,2026-08-05,2.8592210044753155,2.3,2.3,0.3689059934043657,-1.0555602215262991,3.4287871306045083
2025-01-13,KXGDPYEAR-34,2026-08-05,2.3636376657707103,2.3,0.1,0.04455795922498969,-0.6997330658180774,3.1110572835108945
2025-01-13,KXGDPYEAR-35,2026-08-04,2.749826891591256,2.8,1.8,-0.03218786147859579,-1.1621044533643832,3.3473672445211338
2025-01-13,KXGDPYEAR-36,2026-08-04,2.695242416882835,2.3,0.1,0.24894730630532177,-1.127603469239581,3.5316813541751007
2025-01-14,KXGDPYEAR-25,2026-02-20,2.1540497039058764,2.3,0.1,-0.12169124652042278,-0.8940565051914335,2.1217272818041164
2025-01-14,KXGDPYEAR-26,2026-08-05,2.314779095176201,2.3,2.3,0.09744169529139075,12.718177246770306,0.24585382182900262
2025-01-14,KXGDPYEAR-27,2026-08-05,2.0076383085144998,1.8,1.8,0.37400640422233034,2.898797807861639,0.6732893756761689
2025-01-14,KXGDPYEAR-28,2026-08-04,2.4731462188993745,2.3,2.3,0.1400696034980221,-0.34308140549094945,2.8598708587524024
2025-01-14,KXGDPYEAR-29,2026-08-04,2.3444515498705965,2.3,2.8,0.03264685533572642,-0.4834652040264813,2.997886909329589
2025-01-14,KXGDPYEAR-30,2026-08-05,2.53,2.3,2.3,0.20390070921985817,-0.3831493711206555,2.1596999999999995
2025-01-14,KXGDPYEAR-31,2026-08-04,2.248014310493019,2.3,2.8,-0.037566168275753146,-0.7012489658312346,2.719168761277071
2025-01-14,KXGDPYEAR-32,2026-08-04,2.675002825369558,2.3,1.8,0.23810070525900007,-1.1546447091476657,3.45779719496512
2025-01-14,KXGDPYEAR-33,2026-08-05,2.8592210044753155,2.3,2.3,0.3689059934043657,-1.0555602215262991,3.4287871306045083
2025-01-14,KXGDPYEAR-34,2026-08-05,2.3636376657707103,2.3,0.1,0.04455795922498969,-0.6997330658180774,3.1110572835108945
2025-01-14,KXGDPYEAR-35,2026-08-04,2.749826891591256,2.8,1.8,-0.03218786147859579,-1.1621044533643832,3.3473672445211338
2025-01-14,KXGDPYEAR-36,2026-08-04,2.695242416882835,2.3,0.1,0.24894730630532177,-1.127603469239581,3.5316813541751007
2025-01-15,KXGDPYEAR-25,2026-02-20,2.1540497039058764,2.3,0.1,-0.12169124652042278,-0.8940565051914335,2.1217272818041164
2025-01-15,KXGDPYEAR-26,2026-08-05,2.314779095176201,2.3,2.3,0.09744169529139075,12.718177246770306,0.24585382182900262
2025-01-15,KXGDPYEAR-27,2026-08-05,2.0076383085144998,1.8,1.8,0.37400640422233034,2.898797807861639,0.6732893756761689
2025-01-15,KXGDPYEAR-28,2026-08-04,2.4731462188993745,2.3,2.3,0.1400696034980221,-0.34308140549094945,2.8598708587524024
2025-01-15,KXGDPYEAR-29,2026-08-04,2.3444515498705965,2.3,2.8,0.03264685533572642,-0.4834652040264813,2.997886909329589
2025-01-15,KXGDPYEAR-30,2026-08-05,2.53,2.3,2.3,0.20390070921985817,-0.3831493711206555,2.1596999999999995
2025-01-15,KXGDPYEAR-31,2026-08-04,2.248014310493019,2.3,2.8,-0.037566168275753146,-0.7012489658312346,2.719168761277071
2025-01-15,KXGDPYEAR-32,2026-08-04,2.675002825369558,2.3,1.8,0.23810070525900007,-1.1546447091476657,3.45779719496512
2025-01-15,KXGDPYEAR-33,2026-08-05,2.8592210044753155,2.3,2.3,0.3689059934043657,-1.0555602215262991,3.4287871306045083
2025-01-15,KXGDPYEAR-34,2026-08-05,2.3636376657707103,2.3,0.1,0.04455795922498969,-0.6997330658180774,3.1110572835108945
2025-01-15,KXGDPYEAR-35,2026-08-04,2.749826891591256,2.8,1.8,-0.03218786147859579,-1.1621044533643832,3.3473672445211338
2025-01-15,KXGDPYEAR-36,2026-08-04,2.695242416882835,2.3,0.1,0.24894730630532177,-1.127603469239581,3.5316813541751007
2025-01-16,KXGDPYEAR-25,2026-02-20,2.2330116140105742,2.3,0.1,-0.05442597770117461,-0.971757122356876,2.2287471780076986
2025-01-16,KXGDPYEAR-26,2026-08-05,2.314779095176201,2.3,2.3,0.09744169529139075,12.718177246770306,0.24585382182900262
2025-01-16,KXGDPYEAR-27,2026-08-05,2.0076383085144998,1.8,1.8,0.37400640422233034,2.898797807861639,0.6732893756761689
2025-01-16,KXGDPYEAR-28,2026-08-04,2.4731462188993745,2.3,2.3,0.1400696034980221,-0.34308140549094945,2.8598708587524024
2025-01-16,KXGDPYEAR-29,2026-08-04,2.3444515498705965,2.3,2.8,0.03264685533572642,-0.4834652040264813,2.997886909329589
2025-01-16,KXGDPYEAR-30,2026-08-05,2.53,2.3,2.3,0.20390070921985817,-0.3831493711206555,2.1596999999999995
2025-01-16,KXGDPYEAR-31,2026-08-04,2.248014310493019,2.3,2.8,-0.037566168275753146,-0.7012489658312346,2.719168761277071
2025-01-16,KXGDPYEAR-32,2026-08-04,2.675002825369558,2.3,1.8,0.23810070525900007,-1.1546447091476657,3.45779719496512
2025-01-16,KXGDPYEAR-33,2026-08-05,2.8592210044753155,2.3,2.3,0.3689059934043657,-1.0555602215262991,3.4287871306045083
2025-01-16,KXGDPYEAR-34,2026-08-05,2.3636376657707103,2.3,0.1,0.04455795922498969,-0.6997330658180774,3.1110572835108945
2025-01-16,KXGDPYEAR-35,2026-08-04,2.749826891591256,2.8,1.8,-0.03218786147859579,-1.1621044533643832,3.3473672445211338
2025-01-16,KXGDPYEAR-36,2026-08-04,2.695242416882835,2.3,0.1,0.24894730630532177,-1.127603469239581,3.5316813541751007
2025-01-17,KXGDPYEAR-25,2026-02-20,2.242158450375811,2.3,0.1,-0.047163516215728965,-0.9654285261325786,2.21928961931428
2025-01-17,KXGDPYEAR-26,2026-08-05,2.314779095176201,2.3,2.3,0.09744169529139075,12.718177246770306,0.24585382182900262
2025-01-17,KXGDPYEAR-27,2026-08-05,2.0076383085144998,1.8,1.8,0.37400640422233034,2.898797807861639,0.6732893756761689
2025-01-17,KXGDPYEAR-28,2026-08-04,2.4731462188993745,2.3,2.3,0.1400696034980221,-0.34308140549094945,2.8598708587524024
2025-01-17,KXGDPYEAR-29,2026-08-04,2.3444515498705965,2.3,2.8,0.03264685533572642,-0.4834652040264813,2.997886909329589
2025-01-17,KXGDPYEAR-30,2026-08-05,2.53,2.3,2.3,0.20390070921985817,-0.3831493711206555,2.1596999999999995
2025-01-17,KXGDPYEAR-31,2026-08-04,2.248014310493019,2.3,2.8,-0.037566168275753146,-0.7012489658312346,2.719168761277071
2025-01-17,KXGDPYEAR-32,2026-08-04,2.675002825369558,2.3,1.8,0.23810070525900007,-1.1546447091476657,3.45779719496512
2025-01-17,KXGDPYEAR-33,2026-08-05,2.8592210044753155,2.3,2.3,0.3689059934043657,-1.0555602215262991,3.4287871306045083
2025-01-17,KXGDPYEAR-34,2026-08-05,2.3636376657707103,2.3,0.1,0.04455795922498969,-0.6997330658180774,3.1110572835108945
2025-01-17,KXGDPYEAR-35,2026-08-04,2.749826891591256,2.8,1.8,-0.03218786147859579,-1.1621044533643832,3.3473672445211338
2025-01-17,KXGDPYEAR-36,2026-08-04,2.695242416882835,2.3,0.1,0.24894730630532177,-1.127603469239581,3.5316813541751007
2025-01-18,KXGDPYEAR-25,2026-02-20,2.2313987514991034,2.3,0.1,-0.055167901133135785,-0.9838831445877214,2.239235652176219
2025-01-18,KXGDPYEAR-26,2026-08-05,2.314779095176201,2.3,2.3,0.09744169529139075,12.718177246770306,0.24585382182900262
2025-01-18,KXGDPYEAR-27,2026-08-05,2.0076383085144998,1.8,1.8,0.37400640422233034,2.898797807861639,0.6732893756761689
2025-01-18,KXGDPYEAR-28,2026-08-04,2.4731462188993745,2.3,2.3,0.1400696034980221,-0.34308140549094945,2.8598708587524024
2025-01-18,KXGDPYEAR-29,2026-08-04,2.3444515498705965,2.3,2.8,0.03264685533572642,-0.4834652040264813,2.997886909329589
2025-01-18,KXGDPYEAR-30,2026-08-05,2.53,2.3,2.3,0.20390070921985817,-0.3831493711206555,2.1596999999999995
2025-01-18,KXGDPYEAR-31,2026-08-04,2.248014310493019,2.3,2.8,-0.037566168275753146,-0.7012489658312346,2.719168761277071
2025-01-18,KXGDPYEAR-32,2026-08-04,2.675002825369558,2.3,1.8,0.23810070525900007,-1.1546447091476657,3.45779719496512
2025-01-18,KXGDPYEAR-33,2026-08-05,2.8592210044753155,2.3,2.3,0.3689059934043657,-1.0555602215262991,3.4287871306045083
2025-01-18,KXGDPYEAR-34,2026-08-05,2.3636376657707103,2.3,0.1,0.04455795922498969,-0.6997330658180774,3.1110572835108945
2025-01-18,KXGDPYEAR-35,2026-08-04,2.749826891591256,2.8,1.8,-0.03218786147859579,-1.1621044533643832,3.3473672445211338
2025-01-18,KXGDPYEAR-36,2026-08-04,2.695242416882835,2.3,0.1,0.24894730630532177,-1.127603469239581,3.5316813541751007
2025-01-19,KXGDPYEAR-25,2026-02-20,2.185992897409994,2.3,0.1,-0.0934781501896768,-0.9587343859690645,2.1481873628381556
2025-01-19,KXGDPYEAR-26,2026-08-05,2.314779095176201,2.3,2.3,0.09744169529139075,12.718177246770306,0.24585382182900262
2025-01-19,KXGDPYEAR-27,2026-08-05,2.0076383085144998,1.8,1.8,0.37400640422233034,2.898797807861639,0.6732893756761689
2025-01-19,KXGDPYEAR-28,2026-08-04,2.4731462188993745,2.3,2.3,0.1400696034980221,-0.34308140549094945,2.8598708587524024
2025-01-19,KXGDPYEAR-29,2026-08-04,2.3444515498705965,2.3,2.8,0.03264685533572642,-0.4834652040264813,2.997886909329589
2025-01-19,KXGDPYEAR-30,2026-08-05,2.53,2.3,2.3,0.20390070921985817,-0.3831493711206555,2.1596999999999995
2025-01-19,KXGDPYEAR-31,2026-08-04,2.248014310493019,2.3,2.8,-0.037566168275753146,-0.7012489658312346,2.719168761277071
2025-01-19,KXGDPYEAR-32,2026-08-04,2.675002825369558,2.3,1.8,0.23810070525900007,-1.1546447091476657,3.45779719496512
2025-01-19,KXGDPYEAR-33,2026-08-05,2.8592210044753155,2.3,2.3,0.3689059934043657,-1.0555602215262991,3.4287871306045083
2025-01-19,KXGDPYEAR-34,2026-08-05,2.3636376657707103,2.3,0.1,0.04455795922498969,-0.6997330658180774,3.1110572835108945
2025-01-19,KXGDPYEAR-35,2026-08-04,2.749826891591256,2.8,1.8,-0.03218786147859579,-1.1621044533643832,3.3473672445211338
2025-01-19,KXGDPYEAR-36,2026-08-04,2.695242416882835,2.3,0.1,0.24894730630532177,-1.127603469239581,3.5316813541751007
2025-01-20,KXGDPYEAR-25,2026-02-20,2.0641891487391306,2.3,2.8,-0.21321908255474475,-0.6101547106044656,1.8062902688254283
2025-01-20,KXGDPYEAR-26,2026-08-05,2.314779095176201,2.3,2.3,0.09744169529139075,12.718177246770306,0.24585382182900262
2025-01-20,KXGDPYEAR-27,2026-08-05,2.0076383085144998,1.8,1.8,0.37400640422233034,2.898797807861639,0.6732893756761689
2025-01-20,KXGDPYEAR-28,2026-08-04,2.4731462188993745,2.3,2.3,0.1400696034980221,-0.34308140549094945,2.8598708587524024
2025-01-20,KXGDPYEAR-29,2026-08-04,2.3444515498705965,2.3,2.8,0.03264685533572642,-0.4834652040264813,2.997886909329589
2025-01-20,KXGDPYEAR-30,2026-08-05,2.53,2.3,2.3,0.20390070921985817,-0.3831493711206555,2.1596999999999995
2025-01-20,KXGDPYEAR-31,2026-08-04,2.248014310493019,2.3,2.8,-0.037566168275753146,-0.7012489658312346,2.719168761277071
2025-01-20,KXGDPYEAR-32,2026-08-04,2.675002825369558,2.3,1.8,0.23810070525900007,-1.1546447091476657,3.45779719496512
2025-01-20,KXGDPYEAR-33,2026-08-05,2.8592210044753155,2.3,2.3,0.3689059934043657,-1.0555602215262991,3.4287871306045083
2025-01-20,KXGDPYEAR-34,2026-08-05,2.3636376657707103,2.3,0.1,0.04455795922498969,-0.6997330658180774,3.1110572835108945
2025-01-20,KXGDPYEAR-35,2026-08-04,2.749826891591256,2.8,1.8,-0.03218786147859579,-1.1621044533643832,3.3473672445211338
2025-01-20,KXGDPYEAR-36,2026-08-04,2.695242416882835,2.3,0.1,0.24894730630532177,-1.127603469239581,3.5316813541751007
2025-01-21,KXGDPYEAR-25,2026-02-20,2.0607766279308395,2.3,2.3,-0.21481458565630185,-0.6065371300341931,1.8244462600481077
2025-01-21,KXGDPYEAR-26,2026-08-05,2.314779095176201,2.3,2.3,0.09744169529139075,12.718177246770306,0.24585382182900262
2025-01-21,KXGDPYEAR-27,2026-08-05,2.0076383085144998,1.8,1.8,0.37400640422233034,2.898797807861639,0.6732893756761689
2025-01-21,KXGDPYEAR-28,2026-08-04,2.4731462188993745,2.3,2.3,0.1400696034980221,-0.34308140549094945,2.8598708587524024
2025-01-21,KXGDPYEAR-29,2026-08-04,2.3444515498705965,2.3,2.8,0.03264685533572642,-0.4834652040264813,2.997886909329589
2025-01-21,KXGDPYEAR-30,2026-08-05,2.53,2.3,2.3,0.20390070921985817,-0.3831493711206555,2.1596999999999995
2025-01-21,KXGDPYEAR-31,2026-08-04,2.248014310493019,2.3,2.8,-0.037566168275753146,-0.7012489658312346,2.719168761277071
2025-01-21,KXGDPYEAR-32,2026-08-04,2.675002825369558,2.3,1.8,0.23810070525900007,-1.1546447091476657,3.45779719496512
2025-01-21,KXGDPYEAR-33,2026-08-05,2.8592210044753155,2.3,2.3,0.3689059934043657,-1.0555602215262991,3.4287871306045083
2025-01-21,KXGDPYEAR-34,2026-08-05,2.3636376657707103,2.3,0.1,0.04455795922498969,-0.6997330658180774,3.1110572835108945
2025-01-21,KXGDPYEAR-35,2026-08-04,2.749826891591256,2.8,1.8,-0.03218786147859579,-1.1621044533643832,3.3473672445211338
2025-01-21,KXGDPYEAR-36,2026-08-04,2.695242416882835,2.3,0.1,0.24894730630532177,-1.127603469239581,3.5316813541751007
2025-01-22,KXGDPYEAR-25,2026-02-20,2.0597275968833957,2.3,2.8,-0.22362332260769668,-0.5905347960988188,1.7079354678586316
2025-01-22,KXGDPYEAR-26,2026-08-05,2.314779095176201,2.3,2.3,0.09744169529139075,12.718177246770306,0.24585382182900262
2025-01-22,KXGDPYEAR-27,2026-08-05,2.0076383085144998,1.8,1.8,0.37400640422233034,2.898797807861639,0.6732893756761689
2025-01-22,KXGDPYEAR-28,2026-08-04,2.4731462188993745,2.3,2.3,0.1400696034980221,-0.34308140549094945,2.8598708587524024
2025-01-22,KXGDPYEAR-29,2026-08-04,2.3444515498705965,2.3,2.8,0.03264685533572642,-0.4834652040264813,2.997886909329589
2025-01-22,KXGDPYEAR-30,2026-08-05,2.53,2.3,2.3,0.20390070921985817,-0.3831493711206555,2.1596999999999995
2025-01-22,KXGDPYEAR-31,2026-08-04,2.248014310493019,2.3,2.8,-0.037566168275753146,-0.7012489658312346,2.719168761277071
2025-01-22,KXGDPYEAR-32,2026-08-04,2.675002825369558,2.3,1.8,0.23810070525900007,-1.1546447091476657,3.45779719496512
2025-01-22,KXGDPYEAR-33,2026-08-05,2.8592210044753155,2.3,2.3,0.3689059934043657,-1.0555602215262991,3.4287871306045083
2025-01-22,KXGDPYEAR-34,2026-08-05,2.3636376657707103,2.3,0.1,0.04455795922498969,-0.6997330658180774,3.1110572835108945
2025-01-22,KXGDPYEAR-35,2026-08-04,2.749826891591256,2.8,1.8,-0.03218786147859579,-1.1621044533643832,3.3473672445211338
2025-01-22,KXGDPYEAR-36,2026-08-04,2.695242416882835,2.3,0.1,0.24894730630532177,-1.127603469239581,3.5316813541751007
2025-01-23,KXGDPYEAR-25,2026-02-20,2.046077236782119,2.3,2.8,-0.2346158956188692,-0.6031004582633224,1.7226036051630909
2025-01-23,KXGDPYEAR-26,2026-08-05,2.314779095176201,2.3,2.3,0.09744169529139075,12.718177246770306,0.24585382182900262
2025-01-23,KXGDPYEAR-27,2026-08-05,2.0076383085144998,1.8,1.8,0.37400640422233034,2.898797807861639,0.6732893756761689
2025-01-23,KXGDPYEAR-28,2026-08-04,2.4731462188993745,2.3,2.3,0.1400696034980221,-0.34308140549094945,2.8598708587524024
2025-01-23,KXGDPYEAR-29,2026-08-04,2.3444515498705965,2.3,2.8,0.03264685533572642,-0.4834652040264813,2.997886909329589
2025-01-23,KXGDPYEAR-30,2026-08-05,2.53,2.3,2.3,0.20390070921985817,-0.3831493711206555,2.1596999999999995
2025-01-23,KXGDPYEAR-31,2026-08-04,2.248014310493019,2.3,2.8,-0.037566168275753146,-0.7012489658312346,2.719168761277071
2025-01-23,KXGDPYEAR-32,2026-08-04,2.675002825369558,2.3,1.8,0.23810070525900007,-1.1546447091476657,3.45779719496512
2025-01-23,KXGDPYEAR-33,2026-08-05,2.8592210044753155,2.3,2.3,0.3689059934043657,-1.0555602215262991,3.4287871306045083
2025-01-23,KXGDPYEAR-34,2026-08-05,2.3636376657707103,2.3,0.1,0.04455795922498969,-0.6997330658180774,3.1110572835108945
2025-01-23,KXGDPYEAR-35,2026-08-04,2.749826891591256,2.8,1.8,-0.03218786147859579,-1.1621044533643832,3.3473672445211338
2025-01-23,KXGDPYEAR-36,2026-08-04,2.695242416882835,2.3,0.1,0.24894730630532177,-1.127603469239581,3.5316813541751007
2025-01-24,KXGDPYEAR-25,2026-02-20,2.05368187464381,2.3,2.3,-0.23461589561886925,-0.5409753629211904,1.6728871542340997
2025-01-24,KXGDPYEAR-26,2026-08-05,2.314779095176201,2.3,2.3,0.09744169529139075,12.718177246770306,0.24585382182900262
2025-01-24,KXGDPYEAR-27,2026-08-05,2.0076383085144998,1.8,1.8,0.37400640422233034,2.898797807861639,0.6732893756761689
2025-01-24,KXGDPYEAR-28,2026-08-04,2.4731462188993745,2.3,2.3,0.1400696034980221,-0.34308140549094945,2.8598708587524024
2025-01-24,KXGDPYEAR-29,2026-08-04,2.3444515498705965,2.3,2.8,0.03264685533572642,-0.4834652040264813,2.997886909329589
2025-01-24,KXGDPYEAR-30,2026-08-05,2.53,2.3,2.3,0.20390070921985817,-0.3831493711206555,2.1596999999999995
2025-01-24,KXGDPYEAR-31,2026-08-04,2.248014310493019,2.3,2.8,-0.037566168275753146,-0.7012489658312346,2.719168761277071
2025-01-24,KXGDPYEAR-32,2026-08-04,2.675002825369558,2.3,1.8,0.23810070525900007,-1.1546447091476657,3.45779719496512
2025-01-24,KXGDPYEAR-33,2026-08-05,2.8592210044753155,2.3,2.3,0.3689059934043657,-1.0555602215262991,3.4287871306045083
2025-01-24,KXGDPYEAR-34,2026-08-05,2.3636376657707103,2.3,0.1,0.04455795922498969,-0.6997330658180774,3.1110572835108945
2025-01-24,KXGDPYEAR-35,2026-08-04,2.749826891591256,2.8,1.8,-0.03218786147859579,-1.1621044533643832,3.3473672445211338
2025-01-24,KXGDPYEAR-36,2026-08-04,2.695242416882835,2.3,0.1,0.24894730630532177,-1.127603469239581,3.5316813541751007
2025-01-25,KXGDPYEAR-25,2026-02-20,2.051373670668558,2.3,2.3,-0.23794839323537093,-0.5182069961452718,1.658246088313637
2025-01-25,KXGDPYEAR-26,2026-08-05,2.314779095176201,2.3,2.3,0.09744169529139075,12.718177246770306,0.24585382182900262
2025-01-25,KXGDPYEAR-27,2026-08-05,2.0076383085144998,1.8,1.8,0.37400640422233034,2.898797807861639,0.6732893756761689
2025-01-25,KXGDPYEAR-28,2026-08-04,2.4731462188993745,2.3,2.3,0.1400696034980221,-0.34308140549094945,2.8598708587524024
2025-01-25,KXGDPYEAR-29,2026-08-04,2.3444515498705965,2.3,2.8,0.03264685533572642,-0.4834652040264813,2.997886909329589
2025-01-25,KXGDPYEAR-30,2026-08-05,2.53,2.3,2.3,0.20390070921985817,-0.3831493711206555,2.1596999999999995
2025-01-25,KXGDPYEAR-31,2026-08-04,2.248014310493019,2.3,2.8,-0.037566168275753146,-0.7012489658312346,2.719168761277071
2025-01-25,KXGDPYEAR-32,2026-08-04,2.675002825369558,2.3,1.8,0.23810070525900007,-1.1546447091476657,3.45779719496512
2025-01-25,KXGDPYEAR-33,2026-08-05,2.8592210044753155,2.3,2.3,0.3689059934043657,-1.0555602215262991,3.4287871306045083
2025-01-25,KXGDPYEAR-34,2026-08-05,2.3636376657707103,2.3,0.1,0.04455795922498969,-0.6997330658180774,3.1110572835108945
2025-01-25,KXGDPYEAR-35,2026-08-04,2.749826891591256,2.8,1.8,-0.03218786147859579,-1.1621044533643832,3.3473672445211338
2025-01-25,KXGDPYEAR-36,2026-08-04,2.695242416882835,2.3,0.1,0.24894730630532177,-1.127603469239581,3.5316813541751007
2025-01-26,KXGDPYEAR-25,2026-02-20,2.077390144204906,2.3,2.3,-0.21167746314635288,-0.5865021121140894,1.6783905469734595
2025-01-26,KXGDPYEAR-26,2026-08-05,2.314779095176201,2.3,2.3,0.09744169529139075,12.718177246770306,0.24585382182900262
2025-01-26,KXGDPYEAR-27,2026-08-05,2.0076383085144998,1.8,1.8,0.37400640422233034,2.898797807861639,0.6732893756761689
2025-01-26,KXGDPYEAR-28,2026-08-04,2.4731462188993745,2.3,2.3,0.1400696034980221,-0.34308140549094945,2.8598708587524024
2025-01-26,KXGDPYEAR-29,2026-08-04,2.3444515498705965,2.3,2.8,0.03264685533572642,-0.4834652040264813,2.997886909329589
2025-01-26,KXGDPYEAR-30,2026-08-05,2.53,2.3,2.3,0.20390070921985817,-0.3831493711206555,2.1596999999999995
2025-01-26,KXGDPYEAR-31,2026-08-04,2.248014310493019,2.3,2.8,-0.037566168275753146,-0.7012489658312346,2.719168761277071
2025-01-26,KXGDPYEAR-32,2026-08-04,2.675002825369558,2.3,1.8,0.23810070525900007,-1.1546447091476657,3.45779719496512
2025-01-26,KXGDPYEAR-33,2026-08-05,2.8592210044753155,2.3,2.3,0.3689059934043657,-1.0555602215262991,3.4287871306045083
2025-01-26,KXGDPYEAR-34,2026-08-05,2.3636376657707103,2.3,0.1,0.04455795922498969,-0.6997330658180774,3.1110572835108945
2025-01-26,KXGDPYEAR-35,2026-08-04,2.749826891591256,2.8,1.8,-0.03218786147859579,-1.1621044533643832,3.3473672445211338
2025-01-26,KXGDPYEAR-36,2026-08-04,2.695242416882835,2.3,0.1,0.24894730630532177,-1.127603469239581,3.5316813541751007
2025-01-27,KXGDPYEAR-25,2026-02-20,2.077390144204906,2.3,2.3,-0.21167746314635288,-0.5865021121140894,1.6783905469734595
2025-01-27,KXGDPYEAR-26,2026-08-05,2.314779095176201,2.3,2.3,0.09744169529139075,12.718177246770306,0.24585382182900262
2025-01-27,KXGDPYEAR-27,2026-08-05,2.0076383085144998,1.8,1.8,0.37400640422233034,2.898797807861639,0.6732893756761689
2025-01-27,KXGDPYEAR-28,2026-08-04,2.4731462188993745,2.3,2.3,0.1400696034980221,-0.34308140549094945,2.8598708587524024
2025-01-27,KXGDPYEAR-29,2026-08-04,2.3444515498705965,2.3,2.8,0.03264685533572642,-0.4834652040264813,2.997886909329589
2025-01-27,KXGDPYEAR-30,2026-08-05,2.53,2.3,2.3,0.20390070921985817,-0.3831493711206555,2.1596999999999995
2025-01-27,KXGDPYEAR-31,2026-08-04,2.248014310493019,2.3,2.8,-0.037566168275753146,-0.7012489658312346,2.719168761277071
2025-01-27,KXGDPYEAR-32,2026-08-04,2.675002825369558,2.3,1.8,0.23810070525900007,-1.1546447091476657,3.45779719496512
2025-01-27,KXGDPYEAR-33,2026-08-05,2.8592210044753155,2.3,2.3,0.3689059934043657,-1.0555602215262991,3.4287871306045083
2025-01-27,KXGDPYEAR-34,2026-08-05,2.3636376657707103,2.3,0.1,0.04455795922498969,-0.6997330658180774,3.1110572835108945
2025-01-27,KXGDPYEAR-35,2026-08-04,2.749826891591256,2.8,1.8,-0.03218786147859579,-1.1621044533643832,3.3473672445211338
2025-01-27,KXGDPYEAR-36,2026-08-04,2.695242416882835,2.3,0.1,0.24894730630532177,-1.127603469239581,3.5316813541751007
2025-01-28,KXGDPYEAR-25,2026-02-20,2.077390144204906,2.3,2.3,-0.21167746314635288,-0.5865021121140894,1.6783905469734595
2025-01-28,KXGDPYEAR-26,2026-08-05,2.314779095176201,2.3,2.3,0.09744169529139075,12.718177246770306,0.24585382182900262
2025-01-28,KXGDPYEAR-27,2026-08-05,2.0076383085144998,1.8,1.8,0.37400640422233034,2.898797807861639,0.6732893756761689
2025-01-28,KXGDPYEAR-28,2026-08-04,2.4731462188993745,2.3,2.3,0.1400696034980221,-0.34308140549094945,2.8598708587524024
2025-01-28,KXGDPYEAR-29,2026-08-04,2.3444515498705965,2.3,2.8,0.03264685533572642,-0.4834652040264813,2.997886909329589
2025-01-28,KXGDPYEAR-30,2026-08-05,2.53,2.3,2.3,0.20390070921985817,-0.3831493711206555,2.1596999999999995
2025-01-28,KXGDPYEAR-31,2026-08-04,2.248014310493019,2.3,2.8,-0.037566168275753146,-0.7012489658312346,2.719168761277071
2025-01-28,KXGDPYEAR-32,2026-08-04,2.675002825369558,2.3,1.8,0.23810070525900007,-1.1546447091476657,3.45779719496512
2025-01-28,KXGDPYEAR-33,2026-08-05,2.8592210044753155,2.3,2.3,0.3689059934043657,-1.0555602215262991,3.4287871306045083
2025-01-28,KXGDPYEAR-34,2026-08-05,2.3636376657707103,2.3,0.1,0.04455795922498969,-0.6997330658180774,3.1110572835108945
2025-01-28,KXGDPYEAR-35,2026-08-04,2.749826891591256,2.8,1.8,-0.03218786147859579,-1.1621044533643832,3.3473672445211338
2025-01-28,KXGDPYEAR-36,2026-08-04,2.695242416882835,2.3,0.1,0.24894730630532177,-1.127603469239581,3.5316813541751007
2025-01-29,KXGDPYEAR-25,2026-02-20,2.077390144204906,2.3,2.3,-0.21167746314635288,-0.5865021121140894,1.6783905469734595
2025-01-29,KXGDPYEAR-26,2026-08-05,2.314779095176201,2.3,2.3,0.09744169529139075,12.718177246770306,0.24585382182900262
2025-01-29,KXGDPYEAR-27,2026-08-05,2.0076383085144998,1.8,1.8,0.37400640422233034,2.898797807861639,0.6732893756761689
2025-01-29,KXGDPYEAR-28,2026-08-04,2.4731462188993745,2.3,2.3,0.1400696034980221,-0.34308140549094945,2.8598708587524024
2025-01-29,KXGDPYEAR-29,2026-08-04,2.3444515498705965,2.3,2.8,0.03264685533572642,-0.4834652040264813,2.997886909329589
2025-01-29,KXGDPYEAR-30,2026-08-05,2.53,2.3,2.3,0.20390070921985817,-0.3831493711206555,2.1596999999999995
2025-01-29,KXGDPYEAR-31,2026-08-04,2.248014310493019,2.3,2.8,-0.037566168275753146,-0.7012489658312346,2.719168761277071
2025-01-29,KXGDPYEAR-32,2026-08-04,2.675002825369558,2.3,1.8,0.23810070525900007,-1.1546447091476657,3.45779719496512
2025-01-29,KXGDPYEAR-33,2026-08-05,2.8592210044753155,2.3,2.3,0.3689059934043657,-1.0555602215262991,3.4287871306045083
2025-01-29,KXGDPYEAR-34,2026-08-05,2.3636376657707103,2.3,0.1,0.04455795922498969,-0.6997330658180774,3.1110572835108945
2025-01-29,KXGDPYEAR-35,2026-08-04,2.749826891591256,2.8,1.8,-0.03218786147859579,-1.1621044533643832,3.3473672445211338
2025-01-29,KXGDPYEAR-36,2026-08-04,2.695242416882835,2.3,0.1,0.24894730630532177,-1.127603469239581,3.5316813541751007
2025-01-30,KXGDPYEAR-25,2026-02-20,2.1002422367499416,2.3,2.8,-0.18540490024785652,-0.6000675868018073,1.7506452250010205
2025-01-30,KXGDPYEAR-26,2026-08-05,2.314779095176201,2.3,2.3,0.09744169529139075,12.718177246770306,0.24585382182900262
2025-01-30,KXGDPYEAR-27,2026-08-05,2.0076383085144998,1.8,1.8,0.37400640422233034,2.898797807861639,0.6732893756761689
2025-01-30,KXGDPYEAR-28,2026-08-04,2.4731462188993745,2.3,2.3,0.1400696034980221,-0.34308140549094945,2.8598708587524024
2025-01-30,KXGDPYEAR-29,2026-08-04,2.3444515498705965,2.3,2.8,0.03264685533572642,-0.4834652040264813,2.997886909329589
2025-01-30,KXGDPYEAR-30,2026-08-05,2.53,2.3,2.3,0.20390070921985817,-0.3831493711206555,2.1596999999999995
2025-01-30,KXGDPYEAR-31,2026-08-04,2.248014310493019,2.3,2.8,-0.037566168275753146,-0.7012489658312346,2.719168761277071
2025-01-30,KXGDPYEAR-32,2026-08-04,2.675002825369558,2.3,1.8,0.23810070525900007,-1.1546447091476657,3.45779719496512
2025-01-30,KXGDPYEAR-33,2026-08-05,2.8592210044753155,2.3,2.3,0.3689059934043657,-1.0555602215262991,3.4287871306045083
2025-01-30,KXGDPYEAR-34,2026-08-05,2.3636376657707103,2.3,0.1,0.04455795922498969,-0.6997330658180774,3.1110572835108945
2025-01-30,KXGDPYEAR-35,2026-08-04,2.749826891591256,2.8,1.8,-0.03218786147859579,-1.1621044533643832,3.3473672445211338
2025-01-30,KXGDPYEAR-36,2026-08-04,2.695242416882835,2.3,0.1,0.24894730630532177,-1.127603469239581,3.5316813541751007
2025-01-31,KXGDPYEAR-25,2026-02-20,2.1082878282986797,2.3,2.8,-0.18424916759535062,-0.4949540300852546,1.6791168932222846
2025-01-31,KXGDPYEAR-26,2026-08-05,2.314779095176201,2.3,2.3,0.09744169529139075,12.718177246770306,0.24585382182900262
2025-01-31,KXGDPYEAR-27,2026-08-05,2.0076383085144998,1.8,1.8,0.37400640422233034,2.898797807861639,0.6732893756761689
2025-01-31,KXGDPYEAR-28,2026-08-04,2.4731462188993745,2.3,2.3,0.1400696034980221,-0.34308140549094945,2.8598708587524024
2025-01-31,KXGDPYEAR-29,2026-08-04,2.3444515498705965,2.3,2.8,0.03264685533572642,-0.4834652040264813,2.997886909329589
2025-01-31,KXGDPYEAR-30,2026-08-05,2.53,2.3,2.3,0.20390070921985817,-0.3831493711206555,2.1596999999999995
2025-01-31,KXGDPYEAR-31,2026-08-04,2.248014310493019,2.3,2.8,-0.037566168275753146,-0.7012489658312346,2.719168761277071
2025-01-31,KXGDPYEAR-32,2026-08-04,2.675002825369558,2.3,1.8,0.23810070525900007,-1.1546447091476657,3.45779719496512
2025-01-31,KXGDPYEAR-33,2026-08-05,2.8592210044753155,2.3,2.3,0.3689059934043657,-1.0555602215262991,3.4287871306045083
2025-01-31,KXGDPYEAR-34,2026-08-05,2.3636376657707103,2.3,0.1,0.04455795922498969,-0.6997330658180774,3.1110572835108945
2025-01-31,KXGDPYEAR-35,2026-08-04,2.749826891591256,2.8,1.8,-0.03218786147859579,-1.1621044533643832,3.3473672445211338
2025-01-31,KXGDPYEAR-36,2026-08-04,2.695242416882835,2.3,0.1,0.24894730630532177,-1.127603469239581,3.5316813541751007
2025-02-01,KXGDPYEAR-25,2026-02-20,2.0401381114757133,2.3,2.8,-0.2475535018776261,-0.5415015161263366,1.6631898531096807
2025-02-01,KXGDPYEAR-26,2026-08-05,2.314779095176201,2.3,2.3,0.09744169529139075,12.718177246770306,0.24585382182900262
2025-02-01,KXGDPYEAR-27,2026-08-05,2.0076383085144998,1.8,1.8,0.37400640422233034,2.898797807861639,0.6732893756761689
2025-02-01,KXGDPYEAR-28,2026-08-04,2.4731462188993745,2.3,2.3,0.1400696034980221,-0.34308140549094945,2.8598708587524024
2025-02-01,KXGDPYEAR-29,2026-08-04,2.3444515498705965,2.3,2.8,0.03264685533572642,-0.4834652040264813,2.997886909329589
2025-02-01,KXGDPYEAR-30,2026-08-05,2.53,2.3,2.3,0.20390070921985817,-0.3831493711206555,2.1596999999999995
2025-02-01,KXGDPYEAR-31,2026-08-04,2.248014310493019,2.3,2.8,-0.037566168275753146,-0.7012489658312346,2.719168761277071
2025-02-01,KXGDPYEAR-32,2026-08-04,2.675002825369558,2.3,1.8,0.23810070525900007,-1.1546447091476657,3.45779719496512
2025-02-01,KXGDPYEAR-33,2026-08-05,2.8592210044753155,2.3,2.3,0.3689059934043657,-1.0555602215262991,3.4287871306045083
2025-02-01,KXGDPYEAR-34,2026-08-05,2.3636376657707103,2.3,0.1,0.04455795922498969,-0.6997330658180774,3.1110572835108945
2025-02-01,KXGDPYEAR-35,2026-08-04,2.749826891591256,2.8,1.8,-0.03218786147859579,-1.1621044533643832,3.3473672445211338
2025-02-01,KXGDPYEAR-36,2026-08-04,2.695242416882835,2.3,0.1,0.24894730630532177,-1.127603469239581,3.5316813541751007
2025-02-02,KXGDPYEAR-25,2026-02-20,2.0398600645845333,2.3,2.8,-0.25513805587626837,-0.5129046647252142,1.6223860690331828
2025-02-02,KXGDPYEAR-26,2026-08-05,2.314779095176201,2.3,2.3,0.09744169529139075,12.718177246770306,0.24585382182900262
2025-02-02,KXGDPYEAR-27,2026-08-05,2.0076383085144998,1.8,1.8,0.37400640422233034,2.898797807861639,0.6732893756761689
2025-02-02,KXGDPYEAR-28,2026-08-04,2.4731462188993745,2.3,2.3,0.1400696034980221,-0.34308140549094945,2.8598708587524024
2025-02-02,KXGDPYEAR-29,2026-08-04,2.3444515498705965,2.3,2.8,0.03264685533572642,-0.4834652040264813,2.997886909329589
2025-02-02,KXGDPYEAR-30,2026-08-05,2.53,2.3,2.3,0.20390070921985817,-0.3831493711206555,2.1596999999999995
2025-02-02,KXGDPYEAR-31,2026-08-04,2.248014310493019,2.3,2.8,-0.037566168275753146,-0.7012489658312346,2.719168761277071
2025-02-02,KXGDPYEAR-32,2026-08-04,2.675002825369558,2.3,1.8,0.23810070525900007,-1.1546447091476657,3.45779719496512
2025-02-02,KXGDPYEAR-33,2026-08-05,2.8592210044753155,2.3,2.3,0.3689059934043657,-1.0555602215262991,3.4287871306045083
2025-02-02,KXGDPYEAR-34,2026-08-05,2.3636376657707103,2.3,0.1,0.04455795922498969,-0.6997330658180774,3.1110572835108945
2025-02-02,KXGDPYEAR-35,2026-08-04,2.749826891591256,2.8,1.8,-0.03218786147859579,-1.1621044533643832,3.3473672445211338
2025-02-02,KXGDPYEAR-36,2026-08-04,2.695242416882835,2.3,0.1,0.24894730630532177,-1.127603469239581,3.5316813541751007
2025-02-03,KXGDPYEAR-25,2026-02-20,2.0301352001929023,2.3,2.8,-0.25970740249959595,-0.549308102157235,1.6525906420145562
2025-02-03,KXGDPYEAR-26,2026-08-05,2.314779095176201,2.3,2.3,0.09744169529139075,12.718177246770306,0.24585382182900262
2025-02-03,KXGDPYEAR-27,2026-08-05,2.0076383085144998,1.8,1.8,0.37400640422233034,2.898797807861639,0.6732893756761689
2025-02-03,KXGDPYEAR-28,2026-08-04,2.4731462188993745,2.3,2.3,0.1400696034980221,-0.34308140549094945,2.8598708587524024
2025-02-03,KXGDPYEAR-29,2026-08-04,2.3444515498705965,2.3,2.8,0.03264685533572642,-0.4834652040264813,2.997886909329589
2025-02-03,KXGDPYEAR-30,2026-08-05,2.53,2.3,2.3,0.20390070921985817,-0.3831493711206555,2.1596999999999995
2025-02-03,KXGDPYEAR-31,2026-08-04,2.248014310493019,2.3,2.8,-0.037566168275753146,-0.7012489658312346,2.719168761277071
2025-02-03,KXGDPYEAR-32,2026-08-04,2.675002825369558,2.3,1.8,0.23810070525900007,-1.1546447091476657,3.45779719496512
2025-02-03,KXGDPYEAR-33,2026-08-05,2.8592210044753155,2.3,2.3,0.3689059934043657,-1.0555602215262991,3.4287871306045083
2025-02-03,KXGDPYEAR-34,2026-08-05,2.3636376657707103,2.3,0.1,0.04455795922498969,-0.6997330658180774,3.1110572835108945
2025-02-03,KXGDPYEAR-35,2026-08-04,2.749826891591256,2.8,1.8,-0.03218786147859579,-1.1621044533643832,3.3473672445211338
2025-02-03,KXGDPYEAR-36,2026-08-04,2.695242416882835,2.3,0.1,0.24894730630532177,-1.127603469239581,3.5316813541751007
2025-02-04,KXGDPYEAR-25,2026-02-20,2.0301352001929023,2.3,2.8,-0.25970740249959595,-0.549308102157235,1.6525906420145562
2025-02-04,KXGDPYEAR-26,2026-08-05,2.314779095176201,2.3,2.3,0.09744169529139075,12.718177246770306,0.24585382182900262
2025-02-04,KXGDPYEAR-27,2026-08-05,2.0076383085144998,1.8,1.8,0.37400640422233034,2.898797807861639,0.6732893756761689
2025-02-04,KXGDPYEAR-28,2026-08-04,2.4731462188993745,2.3,2.3,0.1400696034980221,-0.34308140549094945,2.8598708587524024
2025-02-04,KXGDPYEAR-29,2026-08-04,2.3444515498705965,2.3,2.8,0.03264685533572642,-0.4834652040264813,2.997886909329589
2025-02-04,KXGDPYEAR-30,2026-08-05,2.53,2.3,2.3,0.20390070921985817,-0.3831493711206555,2.1596999999999995
2025-02-04,KXGDPYEAR-31,2026-08-04,2.248014310493019,2.3,2.8,-0.037566168275753146,-0.7012489658312346,2.719168761277071
2025-02-04,KXGDPYEAR-32,2026-08-04,2.675002825369558,2.3,1.8,0.23810070525900007,-1.1546447091476657,3.45779719496512
2025-02-04,KXGDPYEAR-33,2026-08-05,2.8592210044753155,2.3,2.3,0.3689059934043657,-1.0555602215262991,3.4287871306045083
2025-02-04,KXGDPYEAR-34,2026-08-05,2.3636376657707103,2.3,0.1,0.04455795922498969,-0.6997330658180774,3.1110572835108945
2025-02-04,KXGDPYEAR-35,2026-08-04,2.749826891591256,2.8,1.8,-0.03218786147859579,-1.1621044533643832,3.3473672445211338
2025-02-04,KXGDPYEAR-36,2026-08-04,2.695242416882835,2.3,0.1,0.24894730630532177,-1.127603469239581,3.5316813541751007
2025-02-05,KXGDPYEAR-25,2026-02-20,2.030662616364003,2.3,2.8,-0.26206249910319057,-0.5218711664698197,1.6343356289311106
2025-02-05,KXGDPYEAR-26,2026-08-05,2.314779095176201,2.3,2.3,0.09744169529139075,12.718177246770306,0.24585382182900262
2025-02-05,KXGDPYEAR-27,2026-08-05,2.0076383085144998,1.8,1.8,0.37400640422233034,2.898797807861639,0.6732893756761689
2025-02-05,KXGDPYEAR-28,2026-08-04,2.4731462188993745,2.3,2.3,0.1400696034980221,-0.34308140549094945,2.8598708587524024
2025-02-05,KXGDPYEAR-29,2026-08-04,2.3444515498705965,2.3,2.8,0.03264685533572642,-0.4834652040264813,2.997886909329589
2025-02-05,KXGDPYEAR-30,2026-08-05,2.53,2.3,2.3,0.20390070921985817,-0.3831493711206555,2.1596999999999995
2025-02-05,KXGDPYEAR-31,2026-08-04,2.248014310493019,2.3,2.8,-0.037566168275753146,-0.7012489658312346,2.719168761277071
2025-02-05,KXGDPYEAR-32,2026-08-04,2.675002825369558,2.3,1.8,0.23810070525900007,-1.1546447091476657,3.45779719496512
2025-02-05,KXGDPYEAR-33,2026-08-05,2.8592210044753155,2.3,2.3,0.3689059934043657,-1.0555602215262991,3.4287871306045083
2025-02-05,KXGDPYEAR-34,2026-08-05,2.3636376657707103,2.3,0.1,0.04455795922498969,-0.6997330658180774,3.1110572835108945
2025-02-05,KXGDPYEAR-35,2026-08-04,2.749826891591256,2.8,1.8,-0.03218786147859579,-1.1621044533643832,3.3473672445211338
2025-02-05,KXGDPYEAR-36,2026-08-04,2.695242416882835,2.3,0.1,0.24894730630532177,-1.127603469239581,3.5316813541751007
2025-02-06,KXGDPYEAR-25,2026-02-20,2.073067372177209,2.3,2.8,-0.2242702243513287,-0.5352988494308089,1.6016500080461986
2025-02-06,KXGDPYEAR-26,2026-08-05,2.314779095176201,2.3,2.3,0.09744169529139075,12.718177246770306,0.24585382182900262
2025-02-06,KXGDPYEAR-27,2026-08-05,2.0076383085144998,1.8,1.8,0.37400640422233034,2.898797807861639,0.6732893756761689
2025-02-06,KXGDPYEAR-28,2026-08-04,2.4731462188993745,2.3,2.3,0.1400696034980221,-0.34308140549094945,2.8598708587524024
2025-02-06,KXGDPYEAR-29,2026-08-04,2.3444515498705965,2.3,2.8,0.03264685533572642,-0.4834652040264813,2.997886909329589
2025-02-06,KXGDPYEAR-30,2026-08-05,2.53,2.3,2.3,0.20390070921985817,-0.3831493711206555,2.1596999999999995
2025-02-06,KXGDPYEAR-31,2026-08-04,2.248014310493019,2.3,2.8,-0.037566168275753146,-0.7012489658312346,2.719168761277071
2025-02-06,KXGDPYEAR-32,2026-08-04,2.675002825369558,2.3,1.8,0.23810070525900007,-1.1546447091476657,3.45779719496512
2025-02-06,KXGDPYEAR-33,2026-08-05,2.8592210044753155,2.3,2.3,0.3689059934043657,-1.0555602215262991,3.4287871306045083
2025-02-06,KXGDPYEAR-34,2026-08-05,2.3636376657707103,2.3,0.1,0.04455795922498969,-0.6997330658180774,3.1110572835108945
2025-02-06,KXGDPYEAR-35,2026-08-04,2.749826891591256,2.8,1.8,-0.03218786147859579,-1.1621044533643832,3.3473672445211338
2025-02-06,KXGDPYEAR-36,2026-08-04,2.695242416882835,2.3,0.1,0.24894730630532177,-1.127603469239581,3.5316813541751007
2025-02-07,KXGDPYEAR-25,2026-02-20,2.073067372177209,2.3,2.8,-0.2242702243513287,-0.5352988494308089,1.6016500080461986
2025-02-07,KXGDPYEAR-26,2026-08-05,2.314779095176201,2.3,2.3,0.09744169529139075,12.718177246770306,0.24585382182900262
2025-02-07,KXGDPYEAR-27,2026-08-05,2.0076383085144998,1.8,1.8,0.37400640422233034,2.898797807861639,0.6732893756761689
2025-02-07,KXGDPYEAR-28,2026-08-04,2.4731462188993745,2.3,2.3,0.1400696034980221,-0.34308140549094945,2.8598708587524024
2025-02-07,KXGDPYEAR-29,2026-08-04,2.3444515498705965,2.3,2.8,0.03264685533572642,-0.4834652040264813,2.997886909329589
2025-02-07,KXGDPYEAR-30,2026-08-05,2.53,2.3,2.3,0.20390070921985817,-0.3831493711206555,2.1596999999999995
2025-02-07,KXGDPYEAR-31,2026-08-04,2.248014310493019,2.3,2.8,-0.037566168275753146,-0.7012489658312346,2.719168761277071
2025-02-07,KXGDPYEAR-32,2026-08-04,2.675002825369558,2.3,1.8,0.23810070525900007,-1.1546447091476657,3.45779719496512
2025-02-07,KXGDPYEAR-33,2026-08-05,2.8592210044753155,2.3,2.3,0.3689059934043657,-1.0555602215262991,3.4287871306045083
2025-02-07,KXGDPYEAR-34,2026-08-05,2.3636376657707103,2.3,0.1,0.04455795922498969,-0.6997330658180774,3.1110572835108945
2025-02-07,KXGDPYEAR-35,2026-08-04,2.749826891591256,2.8,1.8,-0.03218786147859579,-1.1621044533643832,3.3473672445211338
2025-02-07,KXGDPYEAR-36,2026-08-04,2.695242416882835,2.3,0.1,0.24894730630532177,-1.127603469239581,3.5316813541751007
2025-02-08,KXGDPYEAR-25,2026-02-20,2.073067372177209,2.3,2.8,-0.2242702243513287,-0.5352988494308089,1.6016500080461986
2025-02-08,KXGDPYEAR-26,2026-08-05,2.314779095176201,2.3,2.3,0.09744169529139075,12.718177246770306,0.24585382182900262
2025-02-08,KXGDPYEAR-27,2026-08-05,2.0076383085144998,1.8,1.8,0.37400640422233034,2.898797807861639,0.6732893756761689
2025-02-08,KXGDPYEAR-28,2026-08-04,2.4731462188993745,2.3,2.3,0.1400696034980221,-0.34308140549094945,2.8598708587524024
2025-02-08,KXGDPYEAR-29,2026-08-04,2.3444515498705965,2.3,2.8,0.03264685533572642,-0.4834652040264813,2.997886909329589
2025-02-08,KXGDPYEAR-30,2026-08-05,2.53,2.3,2.3,0.20390070921985817,-0.3831493711206555,2.1596999999999995
2025-02-08,KXGDPYEAR-31,2026-08-04,2.248014310493019,2.3,2.8,-0.037566168275753146,-0.7012489658312346,2.719168761277071
2025-02-08,KXGDPYEAR-32,2026-08-04,2.675002825369558,2.3,1.8,0.23810070525900007,-1.1546447091476657,3.45779719496512
2025-02-08,KXGDPYEAR-33,2026-08-05,2.8592210044753155,2.3,2.3,0.3689059934043657,-1.0555602215262991,3.4287871306045083
2025-02-08,KXGDPYEAR-34,2026-08-05,2.3636376657707103,2.3,0.1,0.04455795922498969,-0.6997330658180774,3.1110572835108945
2025-02-08,KXGDPYEAR-35,2026-08-04,2.749826891591256,2.8,1.8,-0.03218786147859579,-1.1621044533643832,3.3473672445211338
2025-02-08,KXGDPYEAR-36,2026-08-04,2.695242416882835,2.3,0.1,0.24894730630532177,-1.127603469239581,3.5316813541751007
2025-02-09,KXGDPYEAR-25,2026-02-20,2.073067372177209,2.3,2.8,-0.2242702243513287,-0.5352988494308089,1.6016500080461986
2025-02-09,KXGDPYEAR-26,2026-08-05,2.314779095176201,2.3,2.3,0.09744169529139075,12.718177246770306,0.24585382182900262
2025-02-09,KXGDPYEAR-27,2026-08-05,2.0076383085144998,1.8,1.8,0.37400640422233034,2.898797807861639,0.6732893756761689
2025-02-09,KXGDPYEAR-28,2026-08-04,2.4731462188993745,2.3,2.3,0.1400696034980221,-0.34308140549094945,2.8598708587524024
2025-02-09,KXGDPYEAR-29,2026-08-04,2.3444515498705965,2.3,2.8,0.03264685533572642,-0.4834652040264813,2.997886909329589
2025-02-09,KXGDPYEAR-30,2026-08-05,2.53,2.3,2.3,0.20390070921985817,-0.3831493711206555,2.1596999999999995
2025-02-09,KXGDPYEAR-31,2026-08-04,2.248014310493019,2.3,2.8,-0.037566168275753146,-0.7012489658312346,2.719168761277071
2025-02-09,KXGDPYEAR-32,2026-08-04,2.675002825369558,2.3,1.8,0.23810070525900007,-1.1546447091476657,3.45779719496512
2025-02-09,KXGDPYEAR-33,2026-08-05,2.8592210044753155,2.3,2.3,0.3689059934043657,-1.0555602215262991,3.4287871306045083
2025-02-09,KXGDPYEAR-34,2026-08-05,2.3636376657707103,2.3,0.1,0.04455795922498969,-0.6997330658180774,3.1110572835108945
2025-02-09,KXGDPYEAR-35,2026-08-04,2.749826891591256,2.8,1.8,-0.03218786147859579,-1.1621044533643832,3.3473672445211338
2025-02-09,KXGDPYEAR-36,2026-08-04,2.695242416882835,2.3,0.1,0.24894730630532177,-1.127603469239581,3.5316813541751007
2025-02-10,KXGDPYEAR-25,2026-02-20,2.0275273508929756,2.3,2.8,-0.26231188528812927,-0.5438952942361874,1.6511026998908167
2025-02-10,KXGDPYEAR-26,2026-08-05,2.314779095176201,2.3,2.3,0.09744169529139075,12.718177246770306,0.24585382182900262
2025-02-10,KXGDPYEAR-27,2026-08-05,2.0076383085144998,1.8,1.8,0.37400640422233034,2.898797807861639,0.6732893756761689
2025-02-10,KXGDPYEAR-28,2026-08-04,2.4731462188993745,2.3,2.3,0.1400696034980221,-0.34308140549094945,2.8598708587524024
2025-02-10,KXGDPYEAR-29,2026-08-04,2.3444515498705965,2.3,2.8,0.03264685533572642,-0.4834652040264813,2.997886909329589
2025-02-10,KXGDPYEAR-30,2026-08-05,2.53,2.3,2.3,0.20390070921985817,-0.3831493711206555,2.1596999999999995
2025-02-10,KXGDPYEAR-31,2026-08-04,2.248014310493019,2.3,2.8,-0.037566168275753146,-0.7012489658312346,2.719168761277071
2025-02-10,KXGDPYEAR-32,2026-08-04,2.675002825369558,2.3,1.8,0.23810070525900007,-1.1546447091476657,3.45779719496512
2025-02-10,KXGDPYEAR-33,2026-08-05,2.8592210044753155,2.3,2.3,0.3689059934043657,-1.0555602215262991,3.4287871306045083
2025-02-10,KXGDPYEAR-34,2026-08-05,2.3636376657707103,2.3,0.1,0.04455795922498969,-0.6997330658180774,3.1110572835108945
2025-02-10,KXGDPYEAR-35,2026-08-04,2.749826891591256,2.8,1.8,-0.03218786147859579,-1.1621044533643832,3.3473672445211338
2025-02-10,KXGDPYEAR-36,2026-08-04,2.695242416882835,2.3,0.1,0.24894730630532177,-1.127603469239581,3.5316813541751007
2025-02-11,KXGDPYEAR-25,2026-02-20,2.0275273508929756,2.3,2.8,-0.26231188528812927,-0.5438952942361874,1.6511026998908167
2025-02-11,KXGDPYEAR-26,2026-08-05,2.314779095176201,2.3,2.3,0.09744169529139075,12.718177246770306,0.24585382182900262
2025-02-11,KXGDPYEAR-27,2026-08-05,2.0076383085144998,1.8,1.8,0.37400640422233034,2.898797807861639,0.6732893756761689
2025-02-11,KXGDPYEAR-28,2026-08-04,2.4731462188993745,2.3,2.3,0.1400696034980221,-0.34308140549094945,2.8598708587524024
2025-02-11,KXGDPYEAR-29,2026-08-04,2.3444515498705965,2.3,2.8,0.03264685533572642,-0.4834652040264813,2.997886909329589
2025-02-11,KXGDPYEAR-30,2026-08-05,2.53,2.3,2.3,0.20390070921985817,-0.3831493711206555,2.1596999999999995
2025-02-11,KXGDPYEAR-31,2026-08-04,2.248014310493019,2.3,2.8,-0.037566168275753146,-0.7012489658312346,2.719168761277071
2025-02-11,KXGDPYEAR-32,2026-08-04,2.675002825369558,2.3,1.8,0.23810070525900007,-1.1546447091476657,3.45779719496512
2025-02-11,KXGDPYEAR-33,2026-08-05,2.8592210044753155,2.3,2.3,0.3689059934043657,-1.0555602215262991,3.4287871306045083
2025-02-11,KXGDPYEAR-34,2026-08-05,2.3636376657707103,2.3,0.1,0.04455795922498969,-0.6997330658180774,3.1110572835108945
2025-02-11,KXGDPYEAR-35,2026-08-04,2.749826891591256,2.8,1.8,-0.03218786147859579,-1.1621044533643832,3.3473672445211338
2025-02-11,KXGDPYEAR-36,2026-08-04,2.695242416882835,2.3,0.1,0.24894730630532177,-1.127603469239581,3.5316813541751007
2025-02-12,KXGDPYEAR-25,2026-02-20,2.0275273508929756,2.3,2.8,-0.26231188528812927,-0.5438952942361874,1.6511026998908167
2025-02-12,KXGDPYEAR-26,2026-08-05,2.314779095176201,2.3,2.3,0.09744169529139075,12.718177246770306,0.24585382182900262
2025-02-12,KXGDPYEAR-27,2026-08-05,2.0076383085144998,1.8,1.8,0.37400640422233034,2.898797807861639,0.6732893756761689
2025-02-12,KXGDPYEAR-28,2026-08-04,2.4731462188993745,2.3,2.3,0.1400696034980221,-0.34308140549094945,2.8598708587524024
2025-02-12,KXGDPYEAR-29,2026-08-04,2.3444515498705965,2.3,2.8,0.03264685533572642,-0.4834652040264813,2.997886909329589
2025-02-12,KXGDPYEAR-30,2026-08-05,2.53,2.3,2.3,0.20390070921985817,-0.3831493711206555,2.1596999999999995
2025-02-12,KXGDPYEAR-31,2026-08-04,2.248014310493019,2.3,2.8,-0.037566168275753146,-0.7012489658312346,2.719168761277071
2025-02-12,KXGDPYEAR-32,2026-08-04,2.675002825369558,2.3,1.8,0.23810070525900007,-1.1546447091476657,3.45779719496512
2025-02-12,KXGDPYEAR-33,2026-08-05,2.8592210044753155,2.3,2.3,0.3689059934043657,-1.0555602215262991,3.4287871306045083
2025-02-12,KXGDPYEAR-34,2026-08-05,2.3636376657707103,2.3,0.1,0.04455795922498969,-0.6997330658180774,3.1110572835108945
2025-02-12,KXGDPYEAR-35,2026-08-04,2.749826891591256,2.8,1.8,-0.03218786147859579,-1.1621044533643832,3.3473672445211338
2025-02-12,KXGDPYEAR-36,2026-08-04,2.695242416882835,2.3,0.1,0.24894730630532177,-1.127603469239581,3.5316813541751007
2025-02-13,KXGDPYEAR-25,2026-02-20,2.0275273508929756,2.3,2.8,-0.26231188528812927,-0.5438952942361874,1.6511026998908167
2025-02-13,KXGDPYEAR-26,2026-08-05,2.314779095176201,2.3,2.3,0.09744169529139075,12.718177246770306,0.24585382182900262
2025-02-13,KXGDPYEAR-27,2026-08-05,2.0076383085144998,1.8,1.8,0.37400640422233034,2.898797807861639,0.6732893756761689
2025-02-13,KXGDPYEAR-28,2026-08-04,2.4731462188993745,2.3,2.3,0.1400696034980221,-0.34308140549094945,2.8598708587524024
2025-02-13,KXGDPYEAR-29,2026-08-04,2.3444515498705965,2.3,2.8,0.03264685533572642,-0.4834652040264813,2.997886909329589
2025-02-13,KXGDPYEAR-30,2026-08-05,2.53,2.3,2.3,0.20390070921985817,-0.3831493711206555,2.1596999999999995
2025-02-13,KXGDPYEAR-31,2026-08-04,2.248014310493019,2.3,2.8,-0.037566168275753146,-0.7012489658312346,2.719168761277071
2025-02-13,KXGDPYEAR-32,2026-08-04,2.675002825369558,2.3,1.8,0.23810070525900007,-1.1546447091476657,3.45779719496512
2025-02-13,KXGDPYEAR-33,2026-08-05,2.8592210044753155,2.3,2.3,0.3689059934043657,-1.0555602215262991,3.4287871306045083
2025-02-13,KXGDPYEAR-34,2026-08-05,2.3636376657707103,2.3,0.1,0.04455795922498969,-0.6997330658180774,3.1110572835108945
2025-02-13,KXGDPYEAR-35,2026-08-04,2.749826891591256,2.8,1.8,-0.03218786147859579,-1.1621044533643832,3.3473672445211338
2025-02-13,KXGDPYEAR-36,2026-08-04,2.695242416882835,2.3,0.1,0.24894730630532177,-1.127603469239581,3.5316813541751007
2025-02-14,KXGDPYEAR-25,2026-02-20,2.0275273508929756,2.3,2.8,-0.26231188528812927,-0.5438952942361874,1.6511026998908167
2025-02-14,KXGDPYEAR-26,2026-08-05,2.314779095176201,2.3,2.3,0.09744169529139075,12.718177246770306,0.24585382182900262
2025-02-14,KXGDPYEAR-27,2026-08-05,2.0076383085144998,1.8,1.8,0.37400640422233034,2.898797807861639,0.6732893756761689
2025-02-14,KXGDPYEAR-28,2026-08-04,2.4731462188993745,2.3,2.3,0.1400696034980221,-0.34308140549094945,2.8598708587524024
2025-02-14,KXGDPYEAR-29,2026-08-04,2.3444515498705965,2.3,2.8,0.03264685533572642,-0.4834652040264813,2.997886909329589
2025-02-14,KXGDPYEAR-30,2026-08-05,2.53,2.3,2.3,0.20390070921985817,-0.3831493711206555,2.1596999999999995
2025-02-14,KXGDPYEAR-31,2026-08-04,2.248014310493019,2.3,2.8,-0.037566168275753146,-0.7012489658312346,2.719168761277071
2025-02-14,KXGDPYEAR-32,2026-08-04,2.675002825369558,2.3,1.8,0.23810070525900007,-1.1546447091476657,3.45779719496512
2025-02-14,KXGDPYEAR-33,2026-08-05,2.8592210044753155,2.3,2.3,0.3689059934043657,-1.0555602215262991,3.4287871306045083
2025-02-14,KXGDPYEAR-34,2026-08-05,2.3636376657707103,2.3,0.1,0.04455795922498969,-0.6997330658180774,3.1110572835108945
2025-02-14,KXGDPYEAR-35,2026-08-04,2.749826891591256,2.8,1.8,-0.03218786147859579,-1.1621044533643832,3.3473672445211338
2025-02-14,KXGDPYEAR-36,2026-08-04,2.695242416882835,2.3,0.1,0.24894730630532177,-1.127603469239581,3.5316813541751007
2025-02-15,KXGDPYEAR-25,2026-02-20,2.025170252748541,2.3,1.8,-0.2660103514089429,-0.5184421719583683,1.634528642656076
2025-02-15,KXGDPYEAR-26,2026-08-05,2.314779095176201,2.3,2.3,0.09744169529139075,12.718177246770306,0.24585382182900262
2025-02-15,KXGDPYEAR-27,2026-08-05,2.0076383085144998,1.8,1.8,0.37400640422233034,2.898797807861639,0.6732893756761689
2025-02-15,KXGDPYEAR-28,2026-08-04,2.4731462188993745,2.3,2.3,0.1400696034980221,-0.34308140549094945,2.8598708587524024
2025-02-15,KXGDPYEAR-29,2026-08-04,2.3444515498705965,2.3,2.8,0.03264685533572642,-0.4834652040264813,2.997886909329589
2025-02-15,KXGDPYEAR-30,2026-08-05,2.53,2.3,2.3,0.20390070921985817,-0.3831493711206555,2.1596999999999995
2025-02-15,KXGDPYEAR-31,2026-08-04,2.248014310493019,2.3,2.8,-0.037566168275753146,-0.7012489658312346,2.719168761277071
2025-02-15,KXGDPYEAR-32,2026-08-04,2.675002825369558,2.3,1.8,0.23810070525900007,-1.1546447091476657,3.45779719496512
2025-02-15,KXGDPYEAR-33,2026-08-05,2.8592210044753155,2.3,2.3,0.3689059934043657,-1.0555602215262991,3.4287871306045083
2025-02-15,KXGDPYEAR-34,2026-08-05,2.3636376657707103,2.3,0.1,0.04455795922498969,-0.6997330658180774,3.1110572835108945
2025-02-15,KXGDPYEAR-35,2026-08-04,2.749826891591256,2.8,1.8,-0.03218786147859579,-1.1621044533643832,3.3473672445211338
2025-02-15,KXGDPYEAR-36,2026-08-04,2.695242416882835,2.3,0.1,0.24894730630532177,-1.127603469239581,3.5316813541751007
2025-02-16,KXGDPYEAR-25,2026-02-20,2.0637924151696607,2.3,1.8,-0.23373493975903595,-0.4631657981477675,1.5969205477269015
2025-02-16,KXGDPYEAR-26,2026-08-05,2.314779095176201,2.3,2.3,0.09744169529139075,12.718177246770306,0.24585382182900262
2025-02-16,KXGDPYEAR-27,2026-08-05,2.0076383085144998,1.8,1.8,0.37400640422233034,2.898797807861639,0.6732893756761689
2025-02-16,KXGDPYEAR-28,2026-08-04,2.4731462188993745,2.3,2.3,0.1400696034980221,-0.34308140549094945,2.8598708587524024
2025-02-16,KXGDPYEAR-29,2026-08-04,2.3444515498705965,2.3,2.8,0.03264685533572642,-0.4834652040264813,2.997886909329589
2025-02-16,KXGDPYEAR-30,2026-08-05,2.53,2.3,2.3,0.20390070921985817,-0.3831493711206555,2.1596999999999995
2025-02-16,KXGDPYEAR-31,2026-08-04,2.248014310493019,2.3,2.8,-0.037566168275753146,-0.7012489658312346,2.719168761277071
2025-02-16,KXGDPYEAR-32,2026-08-04,2.675002825369558,2.3,1.8,0.23810070525900007,-1.1546447091476657,3.45779719496512
2025-02-16,KXGDPYEAR-33,2026-08-05,2.8592210044753155,2.3,2.3,0.3689059934043657,-1.0555602215262991,3.4287871306045083
2025-02-16,KXGDPYEAR-34,2026-08-05,2.3636376657707103,2.3,0.1,0.04455795922498969,-0.6997330658180774,3.1110572835108945
2025-02-16,KXGDPYEAR-35,2026-08-04,2.749826891591256,2.8,1.8,-0.03218786147859579,-1.1621044533643832,3.3473672445211338
2025-02-16,KXGDPYEAR-36,2026-08-04,2.695242416882835,2.3,0.1,0.24894730630532177,-1.127603469239581,3.5316813541751007
2025-02-17,KXGDPYEAR-25,2026-02-20,2.0452289691345573,2.3,1.8,-0.25341627370322034,-0.4137397236060796,1.5814201462820319
2025-02-17,KXGDPYEAR-26,2026-08-05,2.314779095176201,2.3,2.3,0.09744169529139075,12.718177246770306,0.24585382182900262
2025-02-17,KXGDPYEAR-27,2026-08-05,2.0076383085144998,1.8,1.8,0.37400640422233034,2.898797807861639,0.6732893756761689
2025-02-17,KXGDPYEAR-28,2026-08-04,2.4731462188993745,2.3,2.3,0.1400696034980221,-0.34308140549094945,2.8598708587524024
2025-02-17,KXGDPYEAR-29,2026-08-04,2.3444515498705965,2.3,2.8,0.03264685533572642,-0.4834652040264813,2.997886909329589
2025-02-17,KXGDPYEAR-30,2026-08-05,2.53,2.3,2.3,0.20390070921985817,-0.3831493711206555,2.1596999999999995
2025-02-17,KXGDPYEAR-31,2026-08-04,2.248014310493019,2.3,2.8,-0.037566168275753146,-0.7012489658312346,2.719168761277071
2025-02-17,KXGDPYEAR-32,2026-08-04,2.675002825369558,2.3,1.8,0.23810070525900007,-1.1546447091476657,3.45779719496512
2025-02-17,KXGDPYEAR-33,2026-08-05,2.8592210044753155,2.3,2.3,0.3689059934043657,-1.0555602215262991,3.4287871306045083
2025-02-17,KXGDPYEAR-34,2026-08-05,2.3636376657707103,2.3,0.1,0.04455795922498969,-0.6997330658180774,3.1110572835108945
2025-02-17,KXGDPYEAR-35,2026-08-04,2.749826891591256,2.8,1.8,-0.03218786147859579,-1.1621044533643832,3.3473672445211338
2025-02-17,KXGDPYEAR-36,2026-08-04,2.695242416882835,2.3,0.1,0.24894730630532177,-1.127603469239581,3.5316813541751007
2025-02-18,KXGDPYEAR-25,2026-02-20,2.058157793948679,2.3,2.3,-0.2534162737032208,-0.2942132734515943,1.5042948062002652
2025-02-18,KXGDPYEAR-26,2026-08-05,2.314779095176201,2.3,2.3,0.09744169529139075,12.718177246770306,0.24585382182900262
2025-02-18,KXGDPYEAR-27,2026-08-05,2.0076383085144998,1.8,1.8,0.37400640422233034,2.898797807861639,0.6732893756761689
2025-02-18,KXGDPYEAR-28,2026-08-04,2.4731462188993745,2.3,2.3,0.1400696034980221,-0.34308140549094945,2.8598708587524024
2025-02-18,KXGDPYEAR-29,2026-08-04,2.3444515498705965,2.3,2.8,0.03264685533572642,-0.4834652040264813,2.997886909329589
2025-02-18,KXGDPYEAR-30,2026-08-05,2.53,2.3,2.3,0.20390070921985817,-0.3831493711206555,2.1596999999999995
2025-02-18,KXGDPYEAR-31,2026-08-04,2.248014310493019,2.3,2.8,-0.037566168275753146,-0.7012489658312346,2.719168761277071
2025-02-18,KXGDPYEAR-32,2026-08-04,2.675002825369558,2.3,1.8,0.23810070525900007,-1.1546447091476657,3.45779719496512
2025-02-18,KXGDPYEAR-33,2026-08-05,2.8592210044753155,2.3,2.3,0.3689059934043657,-1.0555602215262991,3.4287871306045083
2025-02-18,KXGDPYEAR-34,2026-08-05,2.3636376657707103,2.3,0.1,0.04455795922498969,-0.6997330658180774,3.1110572835108945
2025-02-18,KXGDPYEAR-35,2026-08-04,2.749826891591256,2.8,1.8,-0.03218786147859579,-1.1621044533643832,3.3473672445211338
2025-02-18,KXGDPYEAR-36,2026-08-04,2.695242416882835,2.3,0.1,0.24894730630532177,-1.127603469239581,3.5316813541751007
2025-02-19,KXGDPYEAR-25,2026-02-20,2.058157793948679,2.3,2.3,-0.2534162737032208,-0.2942132734515943,1.5042948062002652
2025-02-19,KXGDPYEAR-26,2026-08-05,2.314779095176201,2.3,2.3,0.09744169529139075,12.718177246770306,0.24585382182900262
2025-02-19,KXGDPYEAR-27,2026-08-05,2.0076383085144998,1.8,1.8,0.37400640422233034,2.898797807861639,0.6732893756761689
2025-02-19,KXGDPYEAR-28,2026-08-04,2.4731462188993745,2.3,2.3,0.1400696034980221,-0.34308140549094945,2.8598708587524024
2025-02-19,KXGDPYEAR-29,2026-08-04,2.3444515498705965,2.3,2.8,0.03264685533572642,-0.4834652040264813,2.997886909329589
2025-02-19,KXGDPYEAR-30,2026-08-05,2.53,2.3,2.3,0.20390070921985817,-0.3831493711206555,2.1596999999999995
2025-02-19,KXGDPYEAR-31,2026-08-04,2.248014310493019,2.3,2.8,-0.037566168275753146,-0.7012489658312346,2.719168761277071
2025-02-19,KXGDPYEAR-32,2026-08-04,2.675002825369558,2.3,1.8,0.23810070525900007,-1.1546447091476657,3.45779719496512
2025-02-19,KXGDPYEAR-33,2026-08-05,2.8592210044753155,2.3,2.3,0.3689059934043657,-1.0555602215262991,3.4287871306045083
2025-02-19,KXGDPYEAR-34,2026-08-05,2.3636376657707103,2.3,0.1,0.04455795922498969,-0.6997330658180774,3.1110572835108945
2025-02-19,KXGDPYEAR-35,2026-08-04,2.749826891591256,2.8,1.8,-0.03218786147859579,-1.1621044533643832,3.3473672445211338
2025-02-19,KXGDPYEAR-36,2026-08-04,2.695242416882835,2.3,0.1,0.24894730630532177,-1.127603469239581,3.5316813541751007
2025-02-20,KXGDPYEAR-25,2026-02-20,2.075658767772512,2.3,2.8,-0.2337349397590358,-0.32580666818531245,1.504287125266728
2025-02-20,KXGDPYEAR-26,2026-08-05,2.314779095176201,2.3,2.3,0.09744169529139075,12.718177246770306,0.24585382182900262
2025-02-20,KXGDPYEAR-27,2026-08-05,2.0076383085144998,1.8,1.8,0.37400640422233034,2.898797807861639,0.6732893756761689
2025-02-20,KXGDPYEAR-28,2026-08-04,2.4731462188993745,2.3,2.3,0.1400696034980221,-0.34308140549094945,2.8598708587524024
2025-02-20,KXGDPYEAR-29,2026-08-04,2.3444515498705965,2.3,2.8,0.03264685533572642,-0.4834652040264813,2.997886909329589
2025-02-20,KXGDPYEAR-30,2026-08-05,2.53,2.3,2.3,0.20390070921985817,-0.3831493711206555,2.1596999999999995
2025-02-20,KXGDPYEAR-31,2026-08-04,2.248014310493019,2.3,2.8,-0.037566168275753146,-0.7012489658312346,2.719168761277071
2025-02-20,KXGDPYEAR-32,2026-08-04,2.675002825369558,2.3,1.8,0.23810070525900007,-1.1546447091476657,3.45779719496512
2025-02-20,KXGDPYEAR-33,2026-08-05,2.8592210044753155,2.3,2.3,0.3689059934043657,-1.0555602215262991,3.4287871306045083
2025-02-20,KXGDPYEAR-34,2026-08-05,2.3636376657707103,2.3,0.1,0.04455795922498969,-0.6997330658180774,3.1110572835108945
2025-02-20,KXGDPYEAR-35,2026-08-04,2.749826891591256,2.8,1.8,-0.03218786147859579,-1.1621044533643832,3.3473672445211338
2025-02-20,KXGDPYEAR-36,2026-08-04,2.695242416882835,2.3,0.1,0.24894730630532177,-1.127603469239581,3.5316813541751007
2025-02-21,KXGDPYEAR-25,2026-02-20,2.1057236824054377,2.3,2.8,-0.20114563345729708,-0.39282136431860115,1.5186776673871323
2025-02-21,KXGDPYEAR-26,2026-08-05,2.314779095176201,2.3,2.3,0.09744169529139075,12.718177246770306,0.24585382182900262
2025-02-21,KXGDPYEAR-27,2026-08-05,2.0076383085144998,1.8,1.8,0.37400640422233034,2.898797807861639,0.6732893756761689
2025-02-21,KXGDPYEAR-28,2026-08-04,2.4731462188993745,2.3,2.3,0.1400696034980221,-0.34308140549094945,2.8598708587524024
2025-02-21,KXGDPYEAR-29,2026-08-04,2.3444515498705965,2.3,2.8,0.03264685533572642,-0.4834652040264813,2.997886909329589
2025-02-21,KXGDPYEAR-30,2026-08-05,2.53,2.3,2.3,0.20390070921985817,-0.3831493711206555,2.1596999999999995
2025-02-21,KXGDPYEAR-31,2026-08-04,2.248014310493019,2.3,2.8,-0.037566168275753146,-0.7012489658312346,2.719168761277071
2025-02-21,KXGDPYEAR-32,2026-08-04,2.675002825369558,2.3,1.8,0.23810070525900007,-1.1546447091476657,3.45779719496512
2025-02-21,KXGDPYEAR-33,2026-08-05,2.8592210044753155,2.3,2.3,0.3689059934043657,-1.0555602215262991,3.4287871306045083
2025-02-21,KXGDPYEAR-34,2026-08-05,2.3636376657707103,2.3,0.1,0.04455795922498969,-0.6997330658180774,3.1110572835108945
2025-02-21,KXGDPYEAR-35,2026-08-04,2.749826891591256,2.8,1.8,-0.03218786147859579,-1.1621044533643832,3.3473672445211338
2025-02-21,KXGDPYEAR-36,2026-08-04,2.695242416882835,2.3,0.1,0.24894730630532177,-1.127603469239581,3.5316813541751007
2025-02-22,KXGDPYEAR-25,2026-02-20,2.1313166268130823,2.3,2.3,-0.1747123532447572,-0.44340845724534494,1.5053799086406316
2025-02-22,KXGDPYEAR-26,2026-08-05,2.314779095176201,2.3,2.3,0.09744169529139075,12.718177246770306,0.24585382182900262
2025-02-22,KXGDPYEAR-27,2026-08-05,2.0076383085144998,1.8,1.8,0.37400640422233034,2.898797807861639,0.6732893756761689
2025-02-22,KXGDPYEAR-28,2026-08-04,2.4731462188993745,2.3,2.3,0.1400696034980221,-0.34308140549094945,2.8598708587524024
2025-02-22,KXGDPYEAR-29,2026-08-04,2.3444515498705965,2.3,2.8,0.03264685533572642,-0.4834652040264813,2.997886909329589
2025-02-22,KXGDPYEAR-30,2026-08-05,2.53,2.3,2.3,0.20390070921985817,-0.3831493711206555,2.1596999999999995
2025-02-22,KXGDPYEAR-31,2026-08-04,2.248014310493019,2.3,2.8,-0.037566168275753146,-0.7012489658312346,2.719168761277071
2025-02-22,KXGDPYEAR-32,2026-08-04,2.675002825369558,2.3,1.8,0.23810070525900007,-1.1546447091476657,3.45779719496512
2025-02-22,KXGDPYEAR-33,2026-08-05,2.8592210044753155,2.3,2.3,0.3689059934043657,-1.0555602215262991,3.4287871306045083
2025-02-22,KXGDPYEAR-34,2026-08-05,2.3636376657707103,2.3,0.1,0.04455795922498969,-0.6997330658180774,3.1110572835108945
2025-02-22,KXGDPYEAR-35,2026-08-04,2.749826891591256,2.8,1.8,-0.03218786147859579,-1.1621044533643832,3.3473672445211338
2025-02-22,KXGDPYEAR-36,2026-08-04,2.695242416882835,2.3,0.1,0.24894730630532177,-1.127603469239581,3.5316813541751007
2025-02-23,KXGDPYEAR-25,2026-02-20,2.1313166268130823,2.3,2.3,-0.1747123532447572,-0.44340845724534494,1.5053799086406316
2025-02-23,KXGDPYEAR-26,2026-08-05,2.314779095176201,2.3,2.3,0.09744169529139075,12.718177246770306,0.24585382182900262
2025-02-23,KXGDPYEAR-27,2026-08-05,2.0076383085144998,1.8,1.8,0.37400640422233034,2.898797807861639,0.6732893756761689
2025-02-23,KXGDPYEAR-28,2026-08-04,2.4731462188993745,2.3,2.3,0.1400696034980221,-0.34308140549094945,2.8598708587524024
2025-02-23,KXGDPYEAR-29,2026-08-04,2.3444515498705965,2.3,2.8,0.03264685533572642,-0.4834652040264813,2.997886909329589
2025-02-23,KXGDPYEAR-30,2026-08-05,2.53,2.3,2.3,0.20390070921985817,-0.3831493711206555,2.1596999999999995
2025-02-23,KXGDPYEAR-31,2026-08-04,2.248014310493019,2.3,2.8,-0.037566168275753146,-0.7012489658312346,2.719168761277071
2025-02-23,KXGDPYEAR-32,2026-08-04,2.675002825369558,2.3,1.8,0.23810070525900007,-1.1546447091476657,3.45779719496512
2025-02-23,KXGDPYEAR-33,2026-08-05,2.8592210044753155,2.3,2.3,0.3689059934043657,-1.0555602215262991,3.4287871306045083
2025-02-23,KXGDPYEAR-34,2026-08-05,2.3636376657707103,2.3,0.1,0.04455795922498969,-0.6997330658180774,3.1110572835108945
2025-02-23,KXGDPYEAR-35,2026-08-04,2.749826891591256,2.8,1.8,-0.03218786147859579,-1.1621044533643832,3.3473672445211338
2025-02-23,KXGDPYEAR-36,2026-08-04,2.695242416882835,2.3,0.1,0.24894730630532177,-1.127603469239581,3.5316813541751007
2025-02-24,KXGDPYEAR-25,2026-02-20,2.1313166268130823,2.3,2.3,-0.1747123532447572,-0.44340845724534494,1.5053799086406316
2025-02-24,KXGDPYEAR-26,2026-08-05,2.314779095176201,2.3,2.3,0.09744169529139075,12.718177246770306,0.24585382182900262
2025-02-24,KXGDPYEAR-27,2026-08-05,2.0076383085144998,1.8,1.8,0.37400640422233034,2.898797807861639,0.6732893756761689
2025-02-24,KXGDPYEAR-28,2026-08-04,2.4731462188993745,2.3,2.3,0.1400696034980221,-0.34308140549094945,2.8598708587524024
2025-02-24,KXGDPYEAR-29,2026-08-04,2.3444515498705965,2.3,2.8,0.03264685533572642,-0.4834652040264813,2.997886909329589
2025-02-24,KXGDPYEAR-30,2026-08-05,2.53,2.3,2.3,0.20390070921985817,-0.3831493711206555,2.1596999999999995
2025-02-24,KXGDPYEAR-31,2026-08-04,2.248014310493019,2.3,2.8,-0.037566168275753146,-0.7012489658312346,2.719168761277071
2025-02-24,KXGDPYEAR-32,2026-08-04,2.675002825369558,2.3,1.8,0.23810070525900007,-1.1546447091476657,3.45779719496512
2025-02-24,KXGDPYEAR-33,2026-08-05,2.8592210044753155,2.3,2.3,0.3689059934043657,-1.0555602215262991,3.4287871306045083
2025-02-24,KXGDPYEAR-34,2026-08-05,2.3636376657707103,2.3,0.1,0.04455795922498969,-0.6997330658180774,3.1110572835108945
2025-02-24,KXGDPYEAR-35,2026-08-04,2.749826891591256,2.8,1.8,-0.03218786147859579,-1.1621044533643832,3.3473672445211338
2025-02-24,KXGDPYEAR-36,2026-08-04,2.695242416882835,2.3,0.1,0.24894730630532177,-1.127603469239581,3.5316813541751007
2025-02-25,KXGDPYEAR-25,2026-02-20,2.1313166268130823,2.3,2.3,-0.1747123532447572,-0.44340845724534494,1.5053799086406316
2025-02-25,KXGDPYEAR-26,2026-08-05,2.314779095176201,2.3,2.3,0.09744169529139075,12.718177246770306,0.24585382182900262
2025-02-25,KXGDPYEAR-27,2026-08-05,2.0076383085144998,1.8,1.8,0.37400640422233034,2.898797807861639,0.6732893756761689
2025-02-25,KXGDPYEAR-28,2026-08-04,2.4731462188993745,2.3,2.3,0.1400696034980221,-0.34308140549094945,2.8598708587524024
2025-02-25,KXGDPYEAR-29,2026-08-04,2.3444515498705965,2.3,2.8,0.03264685533572642,-0.4834652040264813,2.997886909329589
2025-02-25,KXGDPYEAR-30,2026-08-05,2.53,2.3,2.3,0.20390070921985817,-0.3831493711206555,2.1596999999999995
2025-02-25,KXGDPYEAR-31,2026-08-04,2.248014310493019,2.3,2.8,-0.037566168275753146,-0.7012489658312346,2.719168761277071
2025-02-25,KXGDPYEAR-32,2026-08-04,2.675002825369558,2.3,1.8,0.23810070525900007,-1.1546447091476657,3.45779719496512
2025-02-25,KXGDPYEAR-33,2026-08-05,2.8592210044753155,2.3,2.3,0.3689059934043657,-1.0555602215262991,3.4287871306045083
2025-02-25,KXGDPYEAR-34,2026-08-05,2.3636376657707103,2.3,0.1,0.04455795922498969,-0.6997330658180774,3.1110572835108945
2025-02-25,KXGDPYEAR-35,2026-08-04,2.749826891591256,2.8,1.8,-0.03218786147859579,-1.1621044533643832,3.3473672445211338
2025-02-25,KXGDPYEAR-36,2026-08-04,2.695242416882835,2.3,0.1,0.24894730630532177,-1.127603469239581,3.5316813541751007
2025-02-26,KXGDPYEAR-25,2026-02-20,2.1313166268130823,2.3,2.3,-0.1747123532447572,-0.44340845724534494,1.5053799086406316
2025-02-26,KXGDPYEAR-26,2026-08-05,2.314779095176201,2.3,2.3,0.09744169529139075,12.718177246770306,0.24585382182900262
2025-02-26,KXGDPYEAR-27,2026-08-05,2.0076383085144998,1.8,1.8,0.37400640422233034,2.898797807861639,0.6732893756761689
2025-02-26,KXGDPYEAR-28,2026-08-04,2.4731462188993745,2.3,2.3,0.1400696034980221,-0.34308140549094945,2.8598708587524024
2025-02-26,KXGDPYEAR-29,2026-08-04,2.3444515498705965,2.3,2.8,0.03264685533572642,-0.4834652040264813,2.997886909329589
2025-02-26,KXGDPYEAR-30,2026-08-05,2.53,2.3,2.3,0.20390070921985817,-0.3831493711206555,2.1596999999999995
2025-02-26,KXGDPYEAR-31,2026-08-04,2.248014310493019,2.3,2.8,-0.037566168275753146,-0.7012489658312346,2.719168761277071
2025-02-26,KXGDPYEAR-32,2026-08-04,2.675002825369558,2.3,1.8,0.23810070525900007,-1.1546447091476657,3.45779719496512
2025-02-26,KXGDPYEAR-33,2026-08-05,2.8592210044753155,2.3,2.3,0.3689059934043657,-1.0555602215262991,3.4287871306045083
2025-02-26,KXGDPYEAR-34,2026-08-05,2.3636376657707103,2.3,0.1,0.04455795922498969,-0.6997330658180774,3.1110572835108945
2025-02-26,KXGDPYEAR-35,2026-08-04,2.749826891591256,2.8,1.8,-0.03218786147859579,-1.1621044533643832,3.3473672445211338
2025-02-26,KXGDPYEAR-36,2026-08-04,2.695242416882835,2.3,0.1,0.24894730630532177,-1.127603469239581,3.5316813541751007
2025-02-27,KXGDPYEAR-25,2026-02-20,2.1313166268130823,2.3,2.3,-0.1747123532447572,-0.44340845724534494,1.5053799086406316
2025-02-27,KXGDPYEAR-26,2026-08-05,2.314779095176201,2.3,2.3,0.09744169529139075,12.718177246770306,0.24585382182900262
2025-02-27,KXGDPYEAR-27,2026-08-05,2.0076383085144998,1.8,1.8,0.37400640422233034,2.898797807861639,0.6732893756761689
2025-02-27,KXGDPYEAR-28,2026-08-04,2.4731462188993745,2.3,2.3,0.1400696034980221,-0.34308140549094945,2.8598708587524024
2025-02-27,KXGDPYEAR-29,2026-08-04,2.3444515498705965,2.3,2.8,0.03264685533572642,-0.4834652040264813,2.997886909329589
2025-02-27,KXGDPYEAR-30,2026-08-05,2.53,2.3,2.3,0.20390070921985817,-0.3831493711206555,2.1596999999999995
2025-02-27,KXGDPYEAR-31,2026-08-04,2.248014310493019,2.3,2.8,-0.037566168275753146,-0.7012489658312346,2.719168761277071
2025-02-27,KXGDPYEAR-32,2026-08-04,2.675002825369558,2.3,1.8,0.23810070525900007,-1.1546447091476657,3.45779719496512
2025-02-27,KXGDPYEAR-33,2026-08-05,2.8592210044753155,2.3,2.3,0.3689059934043657,-1.0555602215262991,3.4287871306045083
2025-02-27,KXGDPYEAR-34,2026-08-05,2.3636376657707103,2.3,0.1,0.04455795922498969,-0.6997330658180774,3.1110572835108945
2025-02-27,KXGDPYEAR-35,2026-08-04,2.749826891591256,2.8,1.8,-0.03218786147859579,-1.1621044533643832,3.3473672445211338
2025-02-27,KXGDPYEAR-36,2026-08-04,2.695242416882835,2.3,0.1,0.24894730630532177,-1.127603469239581,3.5316813541751007
2025-02-28,KXGDPYEAR-25,2026-02-20,1.968044889784939,1.8,2.3,0.15984116056770373,-0.6212372717264913,1.6400625007538963
2025-02-28,KXGDPYEAR-26,2026-08-05,2.314779095176201,2.3,2.3,0.09744169529139075,12.718177246770306,0.24585382182900262
2025-02-28,KXGDPYEAR-27,2026-08-05,2.0076383085144998,1.8,1.8,0.37400640422233034,2.898797807861639,0.6732893756761689
2025-02-28,KXGDPYEAR-28,2026-08-04,2.4731462188993745,2.3,2.3,0.1400696034980221,-0.34308140549094945,2.8598708587524024
2025-02-28,KXGDPYEAR-29,2026-08-04,2.3444515498705965,2.3,2.8,0.03264685533572642,-0.4834652040264813,2.997886909329589
2025-02-28,KXGDPYEAR-30,2026-08-05,2.53,2.3,2.3,0.20390070921985817,-0.3831493711206555,2.1596999999999995
2025-02-28,KXGDPYEAR-31,2026-08-04,2.248014310493019,2.3,2.8,-0.037566168275753146,-0.7012489658312346,2.719168761277071
2025-02-28,KXGDPYEAR-32,2026-08-04,2.675002825369558,2.3,1.8,0.23810070525900007,-1.1546447091476657,3.45779719496512
2025-02-28,KXGDPYEAR-33,2026-08-05,2.8592210044753155,2.3,2.3,0.3689059934043657,-1.0555602215262991,3.4287871306045083
2025-02-28,KXGDPYEAR-34,2026-08-05,2.3636376657707103,2.3,0.1,0.04455795922498969,-0.6997330658180774,3.1110572835108945
2025-02-28,KXGDPYEAR-35,2026-08-04,2.749826891591256,2.8,1.8,-0.03218786147859579,-1.1621044533643832,3.3473672445211338
2025-02-28,KXGDPYEAR-36,2026-08-04,2.695242416882835,2.3,0.1,0.24894730630532177,-1.127603469239581,3.5316813541751007
2025-03-01,KXGDPYEAR-25,2026-02-20,1.9275188326395938,1.8,2.3,0.12049078573776324,-0.6275117039017508,1.682239919897629
2025-03-01,KXGDPYEAR-26,2026-08-05,2.314779095176201,2.3,2.3,0.09744169529139075,12.718177246770306,0.24585382182900262
2025-03-01,KXGDPYEAR-27,2026-08-05,2.0076383085144998,1.8,1.8,0.37400640422233034,2.898797807861639,0.6732893756761689
2025-03-01,KXGDPYEAR-28,2026-08-04,2.4731462188993745,2.3,2.3,0.1400696034980221,-0.34308140549094945,2.8598708587524024
2025-03-01,KXGDPYEAR-29,2026-08-04,2.3444515498705965,2.3,2.8,0.03264685533572642,-0.4834652040264813,2.997886909329589
2025-03-01,KXGDPYEAR-30,2026-08-05,2.53,2.3,2.3,0.20390070921985817,-0.3831493711206555,2.1596999999999995
2025-03-01,KXGDPYEAR-31,2026-08-04,2.248014310493019,2.3,2.8,-0.037566168275753146,-0.7012489658312346,2.719168761277071
2025-03-01,KXGDPYEAR-32,2026-08-04,2.675002825369558,2.3,1.8,0.23810070525900007,-1.1546447091476657,3.45779719496512
2025-03-01,KXGDPYEAR-33,2026-08-05,2.8592210044753155,2.3,2.3,0.3689059934043657,-1.0555602215262991,3.4287871306045083
2025-03-01,KXGDPYEAR-34,2026-08-05,2.3636376657707103,2.3,0.1,0.04455795922498969,-0.6997330658180774,3.1110572835108945
2025-03-01,KXGDPYEAR-35,2026-08-04,2.749826891591256,2.8,1.8,-0.03218786147859579,-1.1621044533643832,3.3473672445211338
2025-03-01,KXGDPYEAR-36,2026-08-04,2.695242416882835,2.3,0.1,0.24894730630532177,-1.127603469239581,3.5316813541751007
2025-03-02,KXGDPYEAR-25,2026-02-20,1.9275188326395938,1.8,2.3,0.12049078573776324,-0.6275117039017508,1.682239919897629
2025-03-02,KXGDPYEAR-26,2026-08-05,2.314779095176201,2.3,2.3,0.09744169529139075,12.718177246770306,0.24585382182900262
2025-03-02,KXGDPYEAR-27,2026-08-05,2.0076383085144998,1.8,1.8,0.37400640422233034,2.898797807861639,0.6732893756761689
2025-03-02,KXGDPYEAR-28,2026-08-04,2.4731462188993745,2.3,2.3,0.1400696034980221,-0.34308140549094945,2.8598708587524024
2025-03-02,KXGDPYEAR-29,2026-08-04,2.3444515498705965,2.3,2.8,0.03264685533572642,-0.4834652040264813,2.997886909329589
2025-03-02,KXGDPYEAR-30,2026-08-05,2.53,2.3,2.3,0.20390070921985817,-0.3831493711206555,2.1596999999999995
2025-03-02,KXGDPYEAR-31,2026-08-04,2.248014310493019,2.3,2.8,-0.037566168275753146,-0.7012489658312346,2.719168761277071
2025-03-02,KXGDPYEAR-32,2026-08-04,2.675002825369558,2.3,1.8,0.23810070525900007,-1.1546447091476657,3.45779719496512
2025-03-02,KXGDPYEAR-33,2026-08-05,2.8592210044753155,2.3,2.3,0.3689059934043657,-1.0555602215262991,3.4287871306045083
2025-03-02,KXGDPYEAR-34,2026-08-05,2.3636376657707103,2.3,0.1,0.04455795922498969,-0.6997330658180774,3.1110572835108945
2025-03-02,KXGDPYEAR-35,2026-08-04,2.749826891591256,2.8,1.8,-0.03218786147859579,-1.1621044533643832,3.3473672445211338
2025-03-02,KXGDPYEAR-36,2026-08-04,2.695242416882835,2.3,0.1,0.24894730630532177,-1.127603469239581,3.5316813541751007
2025-03-03,KXGDPYEAR-25,2026-02-20,1.931006804908149,1.8,2.3,0.1204907857377632,-0.692636043114748,1.7277966159620428
2025-03-03,KXGDPYEAR-26,2026-08-05,2.314779095176201,2.3,2.3,0.09744169529139075,12.718177246770306,0.24585382182900262
2025-03-03,KXGDPYEAR-27,2026-08-05,2.0076383085144998,1.8,1.8,0.37400640422233034,2.898797807861639,0.6732893756761689
2025-03-03,KXGDPYEAR-28,2026-08-04,2.4731462188993745,2.3,2.3,0.1400696034980221,-0.34308140549094945,2.8598708587524024
2025-03-03,KXGDPYEAR-29,2026-08-04,2.3444515498705965,2.3,2.8,0.03264685533572642,-0.4834652040264813,2.997886909329589
2025-03-03,KXGDPYEAR-30,2026-08-05,2.53,2.3,2.3,0.20390070921985817,-0.3831493711206555,2.1596999999999995
2025-03-03,KXGDPYEAR-31,2026-08-04,2.248014310493019,2.3,2.8,-0.037566168275753146,-0.7012489658312346,2.719168761277071
2025-03-03,KXGDPYEAR-32,2026-08-04,2.675002825369558,2.3,1.8,0.23810070525900007,-1.1546447091476657,3.45779719496512
2025-03-03,KXGDPYEAR-33,2026-08-05,2.8592210044753155,2.3,2.3,0.3689059934043657,-1.0555602215262991,3.4287871306045083
2025-03-03,KXGDPYEAR-34,2026-08-05,2.3636376657707103,2.3,0.1,0.04455795922498969,-0.6997330658180774,3.1110572835108945
2025-03-03,KXGDPYEAR-35,2026-08-04,2.749826891591256,2.8,1.8,-0.03218786147859579,-1.1621044533643832,3.3473672445211338
2025-03-03,KXGDPYEAR-36,2026-08-04,2.695242416882835,2.3,0.1,0.24894730630532177,-1.127603469239581,3.5316813541751007
2025-03-04,KXGDPYEAR-25,2026-02-20,1.8450192653049546,1.8,0.1,0.04051232776098073,-0.726766102929536,1.7746608556870545
2025-03-04,KXGDPYEAR-26,2026-08-05,2.314779095176201,2.3,2.3,0.09744169529139075,12.718177246770306,0.24585382182900262
2025-03-04,KXGDPYEAR-27,2026-08-05,2.0076383085144998,1.8,1.8,0.37400640422233034,2.898797807861639,0.6732893756761689
2025-03-04,KXGDPYEAR-28,2026-08-04,2.4731462188993745,2.3,2.3,0.1400696034980221,-0.34308140549094945,2.8598708587524024
2025-03-04,KXGDPYEAR-29,2026-08-04,2.3444515498705965,2.3,2.8,0.03264685533572642,-0.4834652040264813,2.997886909329589
2025-03-04,KXGDPYEAR-30,2026-08-05,2.53,2.3,2.3,0.20390070921985817,-0.3831493711206555,2.1596999999999995
2025-03-04,KXGDPYEAR-31,2026-08-04,2.248014310493019,2.3,2.8,-0.037566168275753146,-0.7012489658312346,2.719168761277071
2025-03-04,KXGDPYEAR-32,2026-08-04,2.675002825369558,2.3,1.8,0.23810070525900007,-1.1546447091476657,3.45779719496512
2025-03-04,KXGDPYEAR-33,2026-08-05,2.8592210044753155,2.3,2.3,0.3689059934043657,-1.0555602215262991,3.4287871306045083
2025-03-04,KXGDPYEAR-34,2026-08-05,2.3636376657707103,2.3,0.1,0.04455795922498969,-0.6997330658180774,3.1110572835108945
2025-03-04,KXGDPYEAR-35,2026-08-04,2.749826891591256,2.8,1.8,-0.03218786147859579,-1.1621044533643832,3.3473672445211338
2025-03-04,KXGDPYEAR-36,2026-08-04,2.695242416882835,2.3,0.1,0.24894730630532177,-1.127603469239581,3.5316813541751007
2025-03-05,KXGDPYEAR-25,2026-02-20,1.78025825315995,1.8,0.1,-0.017864286182441288,-0.6507613705856476,1.7463730657657925
2025-03-05,KXGDPYEAR-26,2026-08-05,2.314779095176201,2.3,2.3,0.09744169529139075,12.718177246770306,0.24585382182900262
2025-03-05,KXGDPYEAR-27,2026-08-05,2.0076383085144998,1.8,1.8,0.37400640422233034,2.898797807861639,0.6732893756761689
2025-03-05,KXGDPYEAR-28,2026-08-04,2.4731462188993745,2.3,2.3,0.1400696034980221,-0.34308140549094945,2.8598708587524024
2025-03-05,KXGDPYEAR-29,2026-08-04,2.3444515498705965,2.3,2.8,0.03264685533572642,-0.4834652040264813,2.997886909329589
2025-03-05,KXGDPYEAR-30,2026-08-05,2.53,2.3,2.3,0.20390070921985817,-0.3831493711206555,2.1596999999999995
2025-03-05,KXGDPYEAR-31,2026-08-04,2.248014310493019,2.3,2.8,-0.037566168275753146,-0.7012489658312346,2.719168761277071
2025-03-05,KXGDPYEAR-32,2026-08-04,2.675002825369558,2.3,1.8,0.23810070525900007,-1.1546447091476657,3.45779719496512
2025-03-05,KXGDPYEAR-33,2026-08-05,2.8592210044753155,2.3,2.3,0.3689059934043657,-1.0555602215262991,3.4287871306045083
2025-03-05,KXGDPYEAR-34,2026-08-05,2.3636376657707103,2.3,0.1,0.04455795922498969,-0.6997330658180774,3.1110572835108945
2025-03-05,KXGDPYEAR-35,2026-08-04,2.749826891591256,2.8,1.8,-0.03218786147859579,-1.1621044533643832,3.3473672445211338
2025-03-05,KXGDPYEAR-36,2026-08-04,2.695242416882835,2.3,0.1,0.24894730630532177,-1.127603469239581,3.5316813541751007
2025-03-06,KXGDPYEAR-25,2026-02-20,1.720808367768595,1.3,0.1,0.3748340775401377,-0.6380167231338789,1.7813906172027074
2025-03-06,KXGDPYEAR-26,2026-08-05,2.314779095176201,2.3,2.3,0.09744169529139075,12.718177246770306,0.24585382182900262
2025-03-06,KXGDPYEAR-27,2026-08-05,2.0076383085144998,1.8,1.8,0.37400640422233034,2.898797807861639,0.6732893756761689
2025-03-06,KXGDPYEAR-28,2026-08-04,2.4731462188993745,2.3,2.3,0.1400696034980221,-0.34308140549094945,2.8598708587524024
2025-03-06,KXGDPYEAR-29,2026-08-04,2.3444515498705965,2.3,2.8,0.03264685533572642,-0.4834652040264813,2.997886909329589
2025-03-06,KXGDPYEAR-30,2026-08-05,2.53,2.3,2.3,0.20390070921985817,-0.3831493711206555,2.1596999999999995
2025-03-06,KXGDPYEAR-31,2026-08-04,2.248014310493019,2.3,2.8,-0.037566168275753146,-0.7012489658312346,2.719168761277071
2025-03-06,KXGDPYEAR-32,2026-08-04,2.675002825369558,2.3,1.8,0.23810070525900007,-1.1546447091476657,3.45779719496512
2025-03-06,KXGDPYEAR-33,2026-08-05,2.8592210044753155,2.3,2.3,0.3689059934043657,-1.0555602215262991,3.4287871306045083
2025-03-06,KXGDPYEAR-34,2026-08-05,2.3636376657707103,2.3,0.1,0.04455795922498969,-0.6997330658180774,3.1110572835108945
2025-03-06,KXGDPYEAR-35,2026-08-04,2.749826891591256,2.8,1.8,-0.03218786147859579,-1.1621044533643832,3.3473672445211338
2025-03-06,KXGDPYEAR-36,2026-08-04,2.695242416882835,2.3,0.1,0.24894730630532177,-1.127603469239581,3.5316813541751007
2025-03-07,KXGDPYEAR-25,2026-02-20,1.6922884551135409,1.3,0.1,0.36420612970603655,-0.38640535921516506,1.71493974368095
2025-03-07,KXGDPYEAR-26,2026-08-05,2.314779095176201,2.3,2.3,0.09744169529139075,12.718177246770306,0.24585382182900262
2025-03-07,KXGDPYEAR-27,2026-08-05,2.0076383085144998,1.8,1.8,0.37400640422233034,2.898797807861639,0.6732893756761689
2025-03-07,KXGDPYEAR-28,2026-08-04,2.4731462188993745,2.3,2.3,0.1400696034980221,-0.34308140549094945,2.8598708587524024
2025-03-07,KXGDPYEAR-29,2026-08-04,2.3444515498705965,2.3,2.8,0.03264685533572642,-0.4834652040264813,2.997886909329589
2025-03-07,KXGDPYEAR-30,2026-08-05,2.53,2.3,2.3,0.20390070921985817,-0.3831493711206555,2.1596999999999995
2025-03-07,KXGDPYEAR-31,2026-08-04,2.248014310493019,2.3,2.8,-0.037566168275753146,-0.7012489658312346,2.719168761277071
2025-03-07,KXGDPYEAR-32,2026-08-04,2.675002825369558,2.3,1.8,0.23810070525900007,-1.1546447091476657,3.45779719496512
2025-03-07,KXGDPYEAR-33,2026-08-05,2.8592210044753155,2.3,2.3,0.3689059934043657,-1.0555602215262991,3.4287871306045083
2025-03-07,KXGDPYEAR-34,2026-08-05,2.3636376657707103,2.3,0.1,0.04455795922498969,-0.6997330658180774,3.1110572835108945
2025-03-07,KXGDPYEAR-35,2026-08-04,2.749826891591256,2.8,1.8,-0.03218786147859579,-1.1621044533643832,3.3473672445211338
2025-03-07,KXGDPYEAR-36,2026-08-04,2.695242416882835,2.3,0.1,0.24894730630532177,-1.127603469239581,3.5316813541751007
2025-03-08,KXGDPYEAR-25,2026-02-20,1.654944321114159,1.3,0.1,0.3353157664577109,-0.3061411674595913,1.668169590877645
2025-03-08,KXGDPYEAR-26,2026-08-05,2.314779095176201,2.3,2.3,0.09744169529139075,12.718177246770306,0.24585382182900262
2025-03-08,KXGDPYEAR-27,2026-08-05,2.0076383085144998,1.8,1.8,0.37400640422233034,2.898797807861639,0.6732893756761689
2025-03-08,KXGDPYEAR-28,2026-08-04,2.4731462188993745,2.3,2.3,0.1400696034980221,-0.34308140549094945,2.8598708587524024
2025-03-08,KXGDPYEAR-29,2026-08-04,2.3444515498705965,2.3,2.8,0.03264685533572642,-0.4834652040264813,2.997886909329589
2025-03-08,KXGDPYEAR-30,2026-08-05,2.53,2.3,2.3,0.20390070921985817,-0.3831493711206555,2.1596999999999995
2025-03-08,KXGDPYEAR-31,2026-08-04,2.248014310493019,2.3,2.8,-0.037566168275753146,-0.7012489658312346,2.719168761277071
2025-03-08,KXGDPYEAR-32,2026-08-04,2.675002825369558,2.3,1.8,0.23810070525900007,-1.1546447091476657,3.45779719496512
2025-03-08,KXGDPYEAR-33,2026-08-05,2.8592210044753155,2.3,2.3,0.3689059934043657,-1.0555602215262991,3.4287871306045083
2025-03-08,KXGDPYEAR-34,2026-08-05,2.3636376657707103,2.3,0.1,0.04455795922498969,-0.6997330658180774,3.1110572835108945
2025-03-08,KXGDPYEAR-35,2026-08-04,2.749826891591256,2.8,1.8,-0.03218786147859579,-1.1621044533643832,3.3473672445211338
2025-03-08,KXGDPYEAR-36,2026-08-04,2.695242416882835,2.3,0.1,0.24894730630532177,-1.127603469239581,3.5316813541751007
2025-03-09,KXGDPYEAR-25,2026-02-20,1.6834364805691566,1.3,0.1,0.36312149471894134,-0.30520185770730324,1.6536209188613693
2025-03-09,KXGDPYEAR-26,2026-08-05,2.314779095176201,2.3,2.3,0.09744169529139075,12.718177246770306,0.24585382182900262
2025-03-09,KXGDPYEAR-27,2026-08-05,2.0076383085144998,1.8,1.8,0.37400640422233034,2.898797807861639,0.6732893756761689
2025-03-09,KXGDPYEAR-28,2026-08-04,2.4731462188993745,2.3,2.3,0.1400696034980221,-0.34308140549094945,2.8598708587524024
2025-03-09,KXGDPYEAR-29,2026-08-04,2.3444515498705965,2.3,2.8,0.03264685533572642,-0.4834652040264813,2.997886909329589
2025-03-09,KXGDPYEAR-30,2026-08-05,2.53,2.3,2.3,0.20390070921985817,-0.3831493711206555,2.1596999999999995
2025-03-09,KXGDPYEAR-31,2026-08-04,2.248014310493019,2.3,2.8,-0.037566168275753146,-0.7012489658312346,2.719168761277071
2025-03-09,KXGDPYEAR-32,2026-08-04,2.675002825369558,2.3,1.8,0.23810070525900007,-1.1546447091476657,3.45779719496512
2025-03-09,KXGDPYEAR-33,2026-08-05,2.8592210044753155,2.3,2.3,0.3689059934043657,-1.0555602215262991,3.4287871306045083
2025-03-09,KXGDPYEAR-34,2026-08-05,2.3636376657707103,2.3,0.1,0.04455795922498969,-0.6997330658180774,3.1110572835108945
2025-03-09,KXGDPYEAR-35,2026-08-04,2.749826891591256,2.8,1.8,-0.03218786147859579,-1.1621044533643832,3.3473672445211338
2025-03-09,KXGDPYEAR-36,2026-08-04,2.695242416882835,2.3,0.1,0.24894730630532177,-1.127603469239581,3.5316813541751007
2025-03-10,KXGDPYEAR-25,2026-02-20,1.6834364805691566,1.3,0.1,0.36312149471894134,-0.30520185770730324,1.6536209188613693
2025-03-10,KXGDPYEAR-26,2026-08-05,2.314779095176201,2.3,2.3,0.09744169529139075,12.718177246770306,0.24585382182900262
2025-03-10,KXGDPYEAR-27,2026-08-05,2.0076383085144998,1.8,1.8,0.37400640422233034,2.898797807861639,0.6732893756761689
2025-03-10,KXGDPYEAR-28,2026-08-04,2.4731462188993745,2.3,2.3,0.1400696034980221,-0.34308140549094945,2.8598708587524024
2025-03-10,KXGDPYEAR-29,2026-08-04,2.3444515498705965,2.3,2.8,0.03264685533572642,-0.4834652040264813,2.997886909329589
2025-03-10,KXGDPYEAR-30,2026-08-05,2.53,2.3,2.3,0.20390070921985817,-0.3831493711206555,2.1596999999999995
2025-03-10,KXGDPYEAR-31,2026-08-04,2.248014310493019,2.3,2.8,-0.037566168275753146,-0.7012489658312346,2.719168761277071
2025-03-10,KXGDPYEAR-32,2026-08-04,2.675002825369558,2.3,1.8,0.23810070525900007,-1.1546447091476657,3.45779719496512
2025-03-10,KXGDPYEAR-33,2026-08-05,2.8592210044753155,2.3,2.3,0.3689059934043657,-1.0555602215262991,3.4287871306045083
2025-03-10,KXGDPYEAR-34,2026-08-05,2.3636376657707103,2.3,0.1,0.04455795922498969,-0.6997330658180774,3.1110572835108945
2025-03-10,KXGDPYEAR-35,2026-08-04,2.749826891591256,2.8,1.8,-0.03218786147859579,-1.1621044533643832,3.3473672445211338
2025-03-10,KXGDPYEAR-36,2026-08-04,2.695242416882835,2.3,0.1,0.24894730630532177,-1.127603469239581,3.5316813541751007
2025-03-11,KXGDPYEAR-25,2026-02-20,1.6913287938346389,1.3,0.1,0.369497347075983,-0.3260058445763101,1.6506824516168337
2025-03-11,KXGDPYEAR-26,2026-08-05,2.314779095176201,2.3,2.3,0.09744169529139075,12.718177246770306,0.24585382182900262
2025-03-11,KXGDPYEAR-27,2026-08-05,2.0076383085144998,1.8,1.8,0.37400640422233034,2.898797807861639,0.6732893756761689
2025-03-11,KXGDPYEAR-28,2026-08-04,2.4731462188993745,2.3,2.3,0.1400696034980221,-0.34308140549094945,2.8598708587524024
2025-03-11,KXGDPYEAR-29,2026-08-04,2.3444515498705965,2.3,2.8,0.03264685533572642,-0.4834652040264813,2.997886909329589
2025-03-11,KXGDPYEAR-30,2026-08-05,2.53,2.3,2.3,0.20390070921985817,-0.3831493711206555,2.1596999999999995
2025-03-11,KXGDPYEAR-31,2026-08-04,2.248014310493019,2.3,2.8,-0.037566168275753146,-0.7012489658312346,2.719168761277071
2025-03-11,KXGDPYEAR-32,2026-08-04,2.675002825369558,2.3,1.8,0.23810070525900007,-1.1546447091476657,3.45779719496512
2025-03-11,KXGDPYEAR-33,2026-08-05,2.8592210044753155,2.3,2.3,0.3689059934043657,-1.0555602215262991,3.4287871306045083
2025-03-11,KXGDPYEAR-34,2026-08-05,2.3636376657707103,2.3,0.1,0.04455795922498969,-0.6997330658180774,3.1110572835108945
2025-03-11,KXGDPYEAR-35,2026-08-04,2.749826891591256,2.8,1.8,-0.03218786147859579,-1.1621044533643832,3.3473672445211338
2025-03-11,KXGDPYEAR-36,2026-08-04,2.695242416882835,2.3,0.1,0.24894730630532177,-1.127603469239581,3.5316813541751007
2025-03-12,KXGDPYEAR-25,2026-02-20,1.649053414798259,1.3,0.1,0.32841955034877207,-0.327999779332945,1.6723170984076927
2025-03-12,KXGDPYEAR-26,2026-08-05,2.314779095176201,2.3,2.3,0.09744169529139075,12.718177246770306,0.24585382182900262
2025-03-12,KXGDPYEAR-27,2026-08-05,2.0076383085144998,1.8,1.8,0.37400640422233034,2.898797807861639,0.6732893756761689
2025-03-12,KXGDPYEAR-28,2026-08-04,2.4731462188993745,2.3,2.3,0.1400696034980221,-0.34308140549094945,2.8598708587524024
2025-03-12,KXGDPYEAR-29,2026-08-04,2.3444515498705965,2.3,2.8,0.03264685533572642,-0.4834652040264813,2.997886909329589
2025-03-12,KXGDPYEAR-30,2026-08-05,2.53,2.3,2.3,0.20390070921985817,-0.3831493711206555,2.1596999999999995
2025-03-12,KXGDPYEAR-31,2026-08-04,2.248014310493019,2.3,2.8,-0.037566168275753146,-0.7012489658312346,2.719168761277071
2025-03-12,KXGDPYEAR-32,2026-08-04,2.675002825369558,2.3,1.8,0.23810070525900007,-1.1546447091476657,3.45779719496512
2025-03-12,KXGDPYEAR-33,2026-08-05,2.8592210044753155,2.3,2.3,0.3689059934043657,-1.0555602215262991,3.4287871306045083
2025-03-12,KXGDPYEAR-34,2026-08-05,2.3636376657707103,2.3,0.1,0.04455795922498969,-0.6997330658180774,3.1110572835108945
2025-03-12,KXGDPYEAR-35,2026-08-04,2.749826891591256,2.8,1.8,-0.03218786147859579,-1.1621044533643832,3.3473672445211338
2025-03-12,KXGDPYEAR-36,2026-08-04,2.695242416882835,2.3,0.1,0.24894730630532177,-1.127603469239581,3.5316813541751007
2025-03-13,KXGDPYEAR-25,2026-02-20,1.6385016618646155,1.3,0.1,0.32036704322524645,-0.28330436801686965,1.686650511944415
2025-03-13,KXGDPYEAR-26,2026-08-05,2.314779095176201,2.3,2.3,0.09744169529139075,12.718177246770306,0.24585382182900262
2025-03-13,KXGDPYEAR-27,2026-08-05,2.0076383085144998,1.8,1.8,0.37400640422233034,2.898797807861639,0.6732893756761689
2025-03-13,KXGDPYEAR-28,2026-08-04,2.4731462188993745,2.3,2.3,0.1400696034980221,-0.34308140549094945,2.8598708587524024
2025-03-13,KXGDPYEAR-29,2026-08-04,2.3444515498705965,2.3,2.8,0.03264685533572642,-0.4834652040264813,2.997886909329589
2025-03-13,KXGDPYEAR-30,2026-08-05,2.53,2.3,2.3,0.20390070921985817,-0.3831493711206555,2.1596999999999995
2025-03-13,KXGDPYEAR-31,2026-08-04,2.248014310493019,2.3,2.8,-0.037566168275753146,-0.7012489658312346,2.719168761277071
2025-03-13,KXGDPYEAR-32,2026-08-04,2.675002825369558,2.3,1.8,0.23810070525900007,-1.1546447091476657,3.45779719496512
2025-03-13,KXGDPYEAR-33,2026-08-05,2.8592210044753155,2.3,2.3,0.3689059934043657,-1.0555602215262991,3.4287871306045083
2025-03-13,KXGDPYEAR-34,2026-08-05,2.3636376657707103,2.3,0.1,0.04455795922498969,-0.6997330658180774,3.1110572835108945
2025-03-13,KXGDPYEAR-35,2026-08-04,2.749826891591256,2.8,1.8,-0.03218786147859579,-1.1621044533643832,3.3473672445211338
2025-03-13,KXGDPYEAR-36,2026-08-04,2.695242416882835,2.3,0.1,0.24894730630532177,-1.127603469239581,3.5316813541751007
2025-03-14,KXGDPYEAR-25,2026-02-20,1.575974179344621,1.3,0.1,0.2718396564718546,-0.0014443217412165588,1.5994269135583685
2025-03-14,KXGDPYEAR-26,2026-08-05,2.314779095176201,2.3,2.3,0.09744169529139075,12.718177246770306,0.24585382182900262
2025-03-14,KXGDPYEAR-27,2026-08-05,2.0076383085144998,1.8,1.8,0.37400640422233034,2.898797807861639,0.6732893756761689
2025-03-14,KXGDPYEAR-28,2026-08-04,2.4731462188993745,2.3,2.3,0.1400696034980221,-0.34308140549094945,2.8598708587524024
2025-03-14,KXGDPYEAR-29,2026-08-04,2.3444515498705965,2.3,2.8,0.03264685533572642,-0.4834652040264813,2.997886909329589
2025-03-14,KXGDPYEAR-30,2026-08-05,2.53,2.3,2.3,0.20390070921985817,-0.3831493711206555,2.1596999999999995
2025-03-14,KXGDPYEAR-31,2026-08-04,2.248014310493019,2.3,2.8,-0.037566168275753146,-0.7012489658312346,2.719168761277071
2025-03-14,KXGDPYEAR-32,2026-08-04,2.675002825369558,2.3,1.8,0.23810070525900007,-1.1546447091476657,3.45779719496512
2025-03-14,KXGDPYEAR-33,2026-08-05,2.8592210044753155,2.3,2.3,0.3689059934043657,-1.0555602215262991,3.4287871306045083
2025-03-14,KXGDPYEAR-34,2026-08-05,2.3636376657707103,2.3,0.1,0.04455795922498969,-0.6997330658180774,3.1110572835108945
2025-03-14,KXGDPYEAR-35,2026-08-04,2.749826891591256,2.8,1.8,-0.03218786147859579,-1.1621044533643832,3.3473672445211338
2025-03-14,KXGDPYEAR-36,2026-08-04,2.695242416882835,2.3,0.1,0.24894730630532177,-1.127603469239581,3.5316813541751007
2025-03-15,KXGDPYEAR-25,2026-02-20,1.6099713681065604,1.3,0.1,0.30162806473495485,-0.12124731582154746,1.576834469490186
2025-03-15,KXGDPYEAR-26,2026-08-05,2.314779095176201,2.3,2.3,0.09744169529139075,12.718177246770306,0.24585382182900262
2025-03-15,KXGDPYEAR-27,2026-08-05,2.0076383085144998,1.8,1.8,0.37400640422233034,2.898797807861639,0.6732893756761689
2025-03-15,KXGDPYEAR-28,2026-08-04,2.4731462188993745,2.3,2.3,0.1400696034980221,-0.34308140549094945,2.8598708587524024
2025-03-15,KXGDPYEAR-29,2026-08-04,2.3444515498705965,2.3,2.8,0.03264685533572642,-0.4834652040264813,2.997886909329589
2025-03-15,KXGDPYEAR-30,2026-08-05,2.53,2.3,2.3,0.20390070921985817,-0.3831493711206555,2.1596999999999995
2025-03-15,KXGDPYEAR-31,2026-08-04,2.248014310493019,2.3,2.8,-0.037566168275753146,-0.7012489658312346,2.719168761277071
2025-03-15,KXGDPYEAR-32,2026-08-04,2.675002825369558,2.3,1.8,0.23810070525900007,-1.1546447091476657,3.45779719496512
2025-03-15,KXGDPYEAR-33,2026-08-05,2.8592210044753155,2.3,2.3,0.3689059934043657,-1.0555602215262991,3.4287871306045083
2025-03-15,KXGDPYEAR-34,2026-08-05,2.3636376657707103,2.3,0.1,0.04455795922498969,-0.6997330658180774,3.1110572835108945
2025-03-15,KXGDPYEAR-35,2026-08-04,2.749826891591256,2.8,1.8,-0.03218786147859579,-1.1621044533643832,3.3473672445211338
2025-03-15,KXGDPYEAR-36,2026-08-04,2.695242416882835,2.3,0.1,0.24894730630532177,-1.127603469239581,3.5316813541751007
2025-03-16,KXGDPYEAR-25,2026-02-20,1.6099713681065604,1.3,0.1,0.30162806473495485,-0.12124731582154746,1.576834469490186
2025-03-16,KXGDPYEAR-26,2026-08-05,2.314779095176201,2.3,2.3,0.09744169529139075,12.718177246770306,0.24585382182900262
2025-03-16,KXGDPYEAR-27,2026-08-05,2.0076383085144998,1.8,1.8,0.37400640422233034,2.898797807861639,0.6732893756761689
2025-03-16,KXGDPYEAR-28,2026-08-04,2.4731462188993745,2.3,2.3,0.1400696034980221,-0.34308140549094945,2.8598708587524024
2025-03-16,KXGDPYEAR-29,2026-08-04,2.3444515498705965,2.3,2.8,0.03264685533572642,-0.4834652040264813,2.997886909329589
2025-03-16,KXGDPYEAR-30,2026-08-05,2.53,2.3,2.3,0.20390070921985817,-0.3831493711206555,2.1596999999999995
2025-03-16,KXGDPYEAR-31,2026-08-04,2.248014310493019,2.3,2.8,-0.037566168275753146,-0.7012489658312346,2.719168761277071
2025-03-16,KXGDPYEAR-32,2026-08-04,2.675002825369558,2.3,1.8,0.23810070525900007,-1.1546447091476657,3.45779719496512
2025-03-16,KXGDPYEAR-33,2026-08-05,2.8592210044753155,2.3,2.3,0.3689059934043657,-1.0555602215262991,3.4287871306045083
2025-03-16,KXGDPYEAR-34,2026-08-05,2.3636376657707103,2.3,0.1,0.04455795922498969,-0.6997330658180774,3.1110572835108945
2025-03-16,KXGDPYEAR-35,2026-08-04,2.749826891591256,2.8,1.8,-0.03218786147859579,-1.1621044533643832,3.3473672445211338
2025-03-16,KXGDPYEAR-36,2026-08-04,2.695242416882835,2.3,0.1,0.24894730630532177,-1.127603469239581,3.5316813541751007
2025-03-17,KXGDPYEAR-25,2026-02-20,1.6629249436271878,1.3,1.3,0.35524556668264257,-0.10995865604910326,1.5493704203302472
2025-03-17,KXGDPYEAR-26,2026-08-05,2.314779095176201,2.3,2.3,0.09744169529139075,12.718177246770306,0.24585382182900262
2025-03-17,KXGDPYEAR-27,2026-08-05,2.0076383085144998,1.8,1.8,0.37400640422233034,2.898797807861639,0.6732893756761689
2025-03-17,KXGDPYEAR-28,2026-08-04,2.4731462188993745,2.3,2.3,0.1400696034980221,-0.34308140549094945,2.8598708587524024
2025-03-17,KXGDPYEAR-29,2026-08-04,2.3444515498705965,2.3,2.8,0.03264685533572642,-0.4834652040264813,2.997886909329589
2025-03-17,KXGDPYEAR-30,2026-08-05,2.53,2.3,2.3,0.20390070921985817,-0.3831493711206555,2.1596999999999995
2025-03-17,KXGDPYEAR-31,2026-08-04,2.248014310493019,2.3,2.8,-0.037566168275753146,-0.7012489658312346,2.719168761277071
2025-03-17,KXGDPYEAR-32,2026-08-04,2.675002825369558,2.3,1.8,0.23810070525900007,-1.1546447091476657,3.45779719496512
2025-03-17,KXGDPYEAR-33,2026-08-05,2.8592210044753155,2.3,2.3,0.3689059934043657,-1.0555602215262991,3.4287871306045083
2025-03-17,KXGDPYEAR-34,2026-08-05,2.3636376657707103,2.3,0.1,0.04455795922498969,-0.6997330658180774,3.1110572835108945
2025-03-17,KXGDPYEAR-35,2026-08-04,2.749826891591256,2.8,1.8,-0.03218786147859579,-1.1621044533643832,3.3473672445211338
2025-03-17,KXGDPYEAR-36,2026-08-04,2.695242416882835,2.3,0.1,0.24894730630532177,-1.127603469239581,3.5316813541751007
2025-03-18,KXGDPYEAR-25,2026-02-20,1.6349702299666793,1.3,1.8,0.3364164513421437,0.06189964095993261,1.518248323525172
2025-03-18,KXGDPYEAR-26,2026-08-05,2.314779095176201,2.3,2.3,0.09744169529139075,12.718177246770306,0.24585382182900262
2025-03-18,KXGDPYEAR-27,2026-08-05,2.0076383085144998,1.8,1.8,0.37400640422233034,2.898797807861639,0.6732893756761689
2025-03-18,KXGDPYEAR-28,2026-08-04,2.4731462188993745,2.3,2.3,0.1400696034980221,-0.34308140549094945,2.8598708587524024
2025-03-18,KXGDPYEAR-29,2026-08-04,2.3444515498705965,2.3,2.8,0.03264685533572642,-0.4834652040264813,2.997886909329589
2025-03-18,KXGDPYEAR-30,2026-08-05,2.53,2.3,2.3,0.20390070921985817,-0.3831493711206555,2.1596999999999995
2025-03-18,KXGDPYEAR-31,2026-08-04,2.248014310493019,2.3,2.8,-0.037566168275753146,-0.7012489658312346,2.719168761277071
2025-03-18,KXGDPYEAR-32,2026-08-04,2.675002825369558,2.3,1.8,0.23810070525900007,-1.1546447091476657,3.45779719496512
2025-03-18,KXGDPYEAR-33,2026-08-05,2.8592210044753155,2.3,2.3,0.3689059934043657,-1.0555602215262991,3.4287871306045083
2025-03-18,KXGDPYEAR-34,2026-08-05,2.3636376657707103,2.3,0.1,0.04455795922498969,-0.6997330658180774,3.1110572835108945
2025-03-18,KXGDPYEAR-35,2026-08-04,2.749826891591256,2.8,1.8,-0.03218786147859579,-1.1621044533643832,3.3473672445211338
2025-03-18,KXGDPYEAR-36,2026-08-04,2.695242416882835,2.3,0.1,0.24894730630532177,-1.127603469239581,3.5316813541751007
2025-03-19,KXGDPYEAR-25,2026-02-20,1.6312747587255532,1.3,1.8,0.33641645134214365,0.09985726897470837,1.5027228632871479
2025-03-19,KXGDPYEAR-26,2026-08-05,2.314779095176201,2.3,2.3,0.09744169529139075,12.718177246770306,0.24585382182900262
2025-03-19,KXGDPYEAR-27,2026-08-05,2.0076383085144998,1.8,1.8,0.37400640422233034,2.898797807861639,0.6732893756761689
2025-03-19,KXGDPYEAR-28,2026-08-04,2.4731462188993745,2.3,2.3,0.1400696034980221,-0.34308140549094945,2.8598708587524024
2025-03-19,KXGDPYEAR-29,2026-08-04,2.3444515498705965,2.3,2.8,0.03264685533572642,-0.4834652040264813,2.997886909329589
2025-03-19,KXGDPYEAR-30,2026-08-05,2.53,2.3,2.3,0.20390070921985817,-0.3831493711206555,2.1596999999999995
2025-03-19,KXGDPYEAR-31,2026-08-04,2.248014310493019,2.3,2.8,-0.037566168275753146,-0.7012489658312346,2.719168761277071
2025-03-19,KXGDPYEAR-32,2026-08-04,2.675002825369558,2.3,1.8,0.23810070525900007,-1.1546447091476657,3.45779719496512
2025-03-19,KXGDPYEAR-33,2026-08-05,2.8592210044753155,2.3,2.3,0.3689059934043657,-1.0555602215262991,3.4287871306045083
2025-03-19,KXGDPYEAR-34,2026-08-05,2.3636376657707103,2.3,0.1,0.04455795922498969,-0.6997330658180774,3.1110572835108945
2025-03-19,KXGDPYEAR-35,2026-08-04,2.749826891591256,2.8,1.8,-0.03218786147859579,-1.1621044533643832,3.3473672445211338
2025-03-19,KXGDPYEAR-36,2026-08-04,2.695242416882835,2.3,0.1,0.24894730630532177,-1.127603469239581,3.5316813541751007
2025-03-20,KXGDPYEAR-25,2026-02-20,1.6636804117600519,1.3,1.8,0.3637394575172066,-0.016091315903990377,1.5504289266377436
2025-03-20,KXGDPYEAR-26,2026-08-05,2.314779095176201,2.3,2.3,0.09744169529139075,12.718177246770306,0.24585382182900262
2025-03-20,KXGDPYEAR-27,2026-08-05,2.0076383085144998,1.8,1.8,0.37400640422233034,2.898797807861639,0.6732893756761689
2025-03-20,KXGDPYEAR-28,2026-08-04,2.4731462188993745,2.3,2.3,0.1400696034980221,-0.34308140549094945,2.8598708587524024
2025-03-20,KXGDPYEAR-29,2026-08-04,2.3444515498705965,2.3,2.8,0.03264685533572642,-0.4834652040264813,2.997886909329589
2025-03-20,KXGDPYEAR-30,2026-08-05,2.53,2.3,2.3,0.20390070921985817,-0.3831493711206555,2.1596999999999995
2025-03-20,KXGDPYEAR-31,2026-08-04,2.248014310493019,2.3,2.8,-0.037566168275753146,-0.7012489658312346,2.719168761277071
2025-03-20,KXGDPYEAR-32,2026-08-04,2.675002825369558,2.3,1.8,0.23810070525900007,-1.1546447091476657,3.45779719496512
2025-03-20,KXGDPYEAR-33,2026-08-05,2.8592210044753155,2.3,2.3,0.3689059934043657,-1.0555602215262991,3.4287871306045083
2025-03-20,KXGDPYEAR-34,2026-08-05,2.3636376657707103,2.3,0.1,0.04455795922498969,-0.6997330658180774,3.1110572835108945
2025-03-20,KXGDPYEAR-35,2026-08-04,2.749826891591256,2.8,1.8,-0.03218786147859579,-1.1621044533643832,3.3473672445211338
2025-03-20,KXGDPYEAR-36,2026-08-04,2.695242416882835,2.3,0.1,0.24894730630532177,-1.127603469239581,3.5316813541751007
2025-03-21,KXGDPYEAR-25,2026-02-20,1.6280373831775699,1.3,0.1,0.32172318973418873,-0.08126203406948518,1.599587736920255
2025-03-21,KXGDPYEAR-26,2026-08-05,2.314779095176201,2.3,2.3,0.09744169529139075,12.718177246770306,0.24585382182900262
2025-03-21,KXGDPYEAR-27,2026-08-05,2.0076383085144998,1.8,1.8,0.37400640422233034,2.898797807861639,0.6732893756761689
2025-03-21,KXGDPYEAR-28,2026-08-04,2.4731462188993745,2.3,2.3,0.1400696034980221,-0.34308140549094945,2.8598708587524024
2025-03-21,KXGDPYEAR-29,2026-08-04,2.3444515498705965,2.3,2.8,0.03264685533572642,-0.4834652040264813,2.997886909329589
2025-03-21,KXGDPYEAR-30,2026-08-05,2.53,2.3,2.3,0.20390070921985817,-0.3831493711206555,2.1596999999999995
2025-03-21,KXGDPYEAR-31,2026-08-04,2.248014310493019,2.3,2.8,-0.037566168275753146,-0.7012489658312346,2.719168761277071
2025-03-21,KXGDPYEAR-32,2026-08-04,2.675002825369558,2.3,1.8,0.23810070525900007,-1.1546447091476657,3.45779719496512
2025-03-21,KXGDPYEAR-33,2026-08-05,2.8592210044753155,2.3,2.3,0.3689059934043657,-1.0555602215262991,3.4287871306045083
2025-03-21,KXGDPYEAR-34,2026-08-05,2.3636376657707103,2.3,0.1,0.04455795922498969,-0.6997330658180774,3.1110572835108945
2025-03-21,KXGDPYEAR-35,2026-08-04,2.749826891591256,2.8,1.8,-0.03218786147859579,-1.1621044533643832,3.3473672445211338
2025-03-21,KXGDPYEAR-36,2026-08-04,2.695242416882835,2.3,0.1,0.24894730630532177,-1.127603469239581,3.5316813541751007
2025-03-22,KXGDPYEAR-25,2026-02-20,1.6524901630129287,1.8,0.1,-0.1423735066569732,-0.05206642075477497,1.6160519778402767
2025-03-22,KXGDPYEAR-26,2026-08-05,2.314779095176201,2.3,2.3,0.09744169529139075,12.718177246770306,0.24585382182900262
2025-03-22,KXGDPYEAR-27,2026-08-05,2.0076383085144998,1.8,1.8,0.37400640422233034,2.898797807861639,0.6732893756761689
2025-03-22,KXGDPYEAR-28,2026-08-04,2.4731462188993745,2.3,2.3,0.1400696034980221,-0.34308140549094945,2.8598708587524024
2025-03-22,KXGDPYEAR-29,2026-08-04,2.3444515498705965,2.3,2.8,0.03264685533572642,-0.4834652040264813,2.997886909329589
2025-03-22,KXGDPYEAR-30,2026-08-05,2.53,2.3,2.3,0.20390070921985817,-0.3831493711206555,2.1596999999999995
2025-03-22,KXGDPYEAR-31,2026-08-04,2.248014310493019,2.3,2.8,-0.037566168275753146,-0.7012489658312346,2.719168761277071
2025-03-22,KXGDPYEAR-32,2026-08-04,2.675002825369558,2.3,1.8,0.23810070525900007,-1.1546447091476657,3.45779719496512
2025-03-22,KXGDPYEAR-33,2026-08-05,2.8592210044753155,2.3,2.3,0.3689059934043657,-1.0555602215262991,3.4287871306045083
2025-03-22,KXGDPYEAR-34,2026-08-05,2.3636376657707103,2.3,0.1,0.04455795922498969,-0.6997330658180774,3.1110572835108945
2025-03-22,KXGDPYEAR-35,2026-08-04,2.749826891591256,2.8,1.8,-0.03218786147859579,-1.1621044533643832,3.3473672445211338
2025-03-22,KXGDPYEAR-36,2026-08-04,2.695242416882835,2.3,0.1,0.24894730630532177,-1.127603469239581,3.5316813541751007
2025-03-23,KXGDPYEAR-25,2026-02-20,1.6524901630129287,1.8,0.1,-0.1423735066569732,-0.05206642075477497,1.6160519778402767
2025-03-23,KXGDPYEAR-26,2026-08-05,2.314779095176201,2.3,2.3,0.09744169529139075,12.718177246770306,0.24585382182900262
2025-03-23,KXGDPYEAR-27,2026-08-05,2.0076383085144998,1.8,1.8,0.37400640422233034,2.898797807861639,0.6732893756761689
2025-03-23,KXGDPYEAR-28,2026-08-04,2.4731462188993745,2.3,2.3,0.1400696034980221,-0.34308140549094945,2.8598708587524024
2025-03-23,KXGDPYEAR-29,2026-08-04,2.3444515498705965,2.3,2.8,0.03264685533572642,-0.4834652040264813,2.997886909329589
2025-03-23,KXGDPYEAR-30,2026-08-05,2.53,2.3,2.3,0.20390070921985817,-0.3831493711206555,2.1596999999999995
2025-03-23,KXGDPYEAR-31,2026-08-04,2.248014310493019,2.3,2.8,-0.037566168275753146,-0.7012489658312346,2.719168761277071
2025-03-23,KXGDPYEAR-32,2026-08-04,2.675002825369558,2.3,1.8,0.23810070525900007,-1.1546447091476657,3.45779719496512
2025-03-23,KXGDPYEAR-33,2026-08-05,2.8592210044753155,2.3,2.3,0.3689059934043657,-1.0555602215262991,3.4287871306045083
2025-03-23,KXGDPYEAR-34,2026-08-05,2.3636376657707103,2.3,0.1,0.04455795922498969,-0.6997330658180774,3.1110572835108945
2025-03-23,KXGDPYEAR-35,2026-08-04,2.749826891591256,2.8,1.8,-0.03218786147859579,-1.1621044533643832,3.3473672445211338
2025-03-23,KXGDPYEAR-36,2026-08-04,2.695242416882835,2.3,0.1,0.24894730630532177,-1.127603469239581,3.5316813541751007
2025-03-24,KXGDPYEAR-25,2026-02-20,1.6203567103379941,1.3,0.1,0.30723260479358044,-0.05666484593865606,1.6314572326608505
2025-03-24,KXGDPYEAR-26,2026-08-05,2.314779095176201,2.3,2.3,0.09744169529139075,12.718177246770306,0.24585382182900262
2025-03-24,KXGDPYEAR-27,2026-08-05,2.0076383085144998,1.8,1.8,0.37400640422233034,2.898797807861639,0.6732893756761689
2025-03-24,KXGDPYEAR-28,2026-08-04,2.4731462188993745,2.3,2.3,0.1400696034980221,-0.34308140549094945,2.8598708587524024
2025-03-24,KXGDPYEAR-29,2026-08-04,2.3444515498705965,2.3,2.8,0.03264685533572642,-0.4834652040264813,2.997886909329589
2025-03-24,KXGDPYEAR-30,2026-08-05,2.53,2.3,2.3,0.20390070921985817,-0.3831493711206555,2.1596999999999995
2025-03-24,KXGDPYEAR-31,2026-08-04,2.248014310493019,2.3,2.8,-0.037566168275753146,-0.7012489658312346,2.719168761277071
2025-03-24,KXGDPYEAR-32,2026-08-04,2.675002825369558,2.3,1.8,0.23810070525900007,-1.1546447091476657,3.45779719496512
2025-03-24,KXGDPYEAR-33,2026-08-05,2.8592210044753155,2.3,2.3,0.3689059934043657,-1.0555602215262991,3.4287871306045083
2025-03-24,KXGDPYEAR-34,2026-08-05,2.3636376657707103,2.3,0.1,0.04455795922498969,-0.6997330658180774,3.1110572835108945
2025-03-24,KXGDPYEAR-35,2026-08-04,2.749826891591256,2.8,1.8,-0.03218786147859579,-1.1621044533643832,3.3473672445211338
2025-03-24,KXGDPYEAR-36,2026-08-04,2.695242416882835,2.3,0.1,0.24894730630532177,-1.127603469239581,3.5316813541751007
2025-03-25,KXGDPYEAR-25,2026-02-20,1.5805979711692473,1.3,0.1,0.2694350456269866,-0.03230108206185811,1.6332455580738334
2025-03-25,KXGDPYEAR-26,2026-08-05,2.314779095176201,2.3,2.3,0.09744169529139075,12.718177246770306,0.24585382182900262
2025-03-25,KXGDPYEAR-27,2026-08-05,2.0076383085144998,1.8,1.8,0.37400640422233034,2.898797807861639,0.6732893756761689
2025-03-25,KXGDPYEAR-28,2026-08-04,2.4731462188993745,2.3,2.3,0.1400696034980221,-0.34308140549094945,2.8598708587524024
2025-03-25,KXGDPYEAR-29,2026-08-04,2.3444515498705965,2.3,2.8,0.03264685533572642,-0.4834652040264813,2.997886909329589
2025-03-25,KXGDPYEAR-30,2026-08-05,2.53,2.3,2.3,0.20390070921985817,-0.3831493711206555,2.1596999999999995
2025-03-25,KXGDPYEAR-31,2026-08-04,2.248014310493019,2.3,2.8,-0.037566168275753146,-0.7012489658312346,2.719168761277071
2025-03-25,KXGDPYEAR-32,2026-08-04,2.675002825369558,2.3,1.8,0.23810070525900007,-1.1546447091476657,3.45779719496512
2025-03-25,KXGDPYEAR-33,2026-08-05,2.8592210044753155,2.3,2.3,0.3689059934043657,-1.0555602215262991,3.4287871306045083
2025-03-25,KXGDPYEAR-34,2026-08-05,2.3636376657707103,2.3,0.1,0.04455795922498969,-0.6997330658180774,3.1110572835108945
2025-03-25,KXGDPYEAR-35,2026-08-04,2.749826891591256,2.8,1.8,-0.03218786147859579,-1.1621044533643832,3.3473672445211338
2025-03-25,KXGDPYEAR-36,2026-08-04,2.695242416882835,2.3,0.1,0.24894730630532177,-1.127603469239581,3.5316813541751007
2025-03-26,KXGDPYEAR-25,2026-02-20,1.5805979711692473,1.3,0.1,0.2694350456269866,-0.03230108206185811,1.6332455580738334
2025-03-26,KXGDPYEAR-26,2026-08-05,2.314779095176201,2.3,2.3,0.09744169529139075,12.718177246770306,0.24585382182900262
2025-03-26,KXGDPYEAR-27,2026-08-05,2.0076383085144998,1.8,1.8,0.37400640422233034,2.898797807861639,0.6732893756761689
2025-03-26,KXGDPYEAR-28,2026-08-04,2.4731462188993745,2.3,2.3,0.1400696034980221,-0.34308140549094945,2.8598708587524024
2025-03-26,KXGDPYEAR-29,2026-08-04,2.3444515498705965,2.3,2.8,0.03264685533572642,-0.4834652040264813,2.997886909329589
2025-03-26,KXGDPYEAR-30,2026-08-05,2.53,2.3,2.3,0.20390070921985817,-0.3831493711206555,2.1596999999999995
2025-03-26,KXGDPYEAR-31,2026-08-04,2.248014310493019,2.3,2.8,-0.037566168275753146,-0.7012489658312346,2.719168761277071
2025-03-26,KXGDPYEAR-32,2026-08-04,2.675002825369558,2.3,1.8,0.23810070525900007,-1.1546447091476657,3.45779719496512
2025-03-26,KXGDPYEAR-33,2026-08-05,2.8592210044753155,2.3,2.3,0.3689059934043657,-1.0555602215262991,3.4287871306045083
2025-03-26,KXGDPYEAR-34,2026-08-05,2.3636376657707103,2.3,0.1,0.04455795922498969,-0.6997330658180774,3.1110572835108945
2025-03-26,KXGDPYEAR-35,2026-08-04,2.749826891591256,2.8,1.8,-0.03218786147859579,-1.1621044533643832,3.3473672445211338
2025-03-26,KXGDPYEAR-36,2026-08-04,2.695242416882835,2.3,0.1,0.24894730630532177,-1.127603469239581,3.5316813541751007
2025-03-27,KXGDPYEAR-25,2026-02-20,1.5805979711692473,1.3,0.1,0.2694350456269866,-0.03230108206185811,1.6332455580738334
2025-03-27,KXGDPYEAR-26,2026-08-05,2.314779095176201,2.3,2.3,0.09744169529139075,12.718177246770306,0.24585382182900262
2025-03-27,KXGDPYEAR-27,2026-08-05,2.0076383085144998,1.8,1.8,0.37400640422233034,2.898797807861639,0.6732893756761689
2025-03-27,KXGDPYEAR-28,2026-08-04,2.4731462188993745,2.3,2.3,0.1400696034980221,-0.34308140549094945,2.8598708587524024
2025-03-27,KXGDPYEAR-29,2026-08-04,2.3444515498705965,2.3,2.8,0.03264685533572642,-0.4834652040264813,2.997886909329589
2025-03-27,KXGDPYEAR-30,2026-08-05,2.53,2.3,2.3,0.20390070921985817,-0.3831493711206555,2.1596999999999995
2025-03-27,KXGDPYEAR-31,2026-08-04,2.248014310493019,2.3,2.8,-0.037566168275753146,-0.7012489658312346,2.719168761277071
2025-03-27,KXGDPYEAR-32,2026-08-04,2.675002825369558,2.3,1.8,0.23810070525900007,-1.1546447091476657,3.45779719496512
2025-03-27,KXGDPYEAR-33,2026-08-05,2.8592210044753155,2.3,2.3,0.3689059934043657,-1.0555602215262991,3.4287871306045083
2025-03-27,KXGDPYEAR-34,2026-08-05,2.3636376657707103,2.3,0.1,0.04455795922498969,-0.6997330658180774,3.1110572835108945
2025-03-27,KXGDPYEAR-35,2026-08-04,2.749826891591256,2.8,1.8,-0.03218786147859579,-1.1621044533643832,3.3473672445211338
2025-03-27,KXGDPYEAR-36,2026-08-04,2.695242416882835,2.3,0.1,0.24894730630532177,-1.127603469239581,3.5316813541751007
2025-03-28,KXGDPYEAR-25,2026-02-20,1.5618189142914696,1.3,0.1,0.2657751605120025,0.18304934051083777,1.5396530919939462
2025-03-28,KXGDPYEAR-26,2026-08-05,2.314779095176201,2.3,2.3,0.09744169529139075,12.718177246770306,0.24585382182900262
2025-03-28,KXGDPYEAR-27,2026-08-05,2.0076383085144998,1.8,1.8,0.37400640422233034,2.898797807861639,0.6732893756761689
2025-03-28,KXGDPYEAR-28,2026-08-04,2.4731462188993745,2.3,2.3,0.1400696034980221,-0.34308140549094945,2.8598708587524024
2025-03-28,KXGDPYEAR-29,2026-08-04,2.3444515498705965,2.3,2.8,0.03264685533572642,-0.4834652040264813,2.997886909329589
2025-03-28,KXGDPYEAR-30,2026-08-05,2.53,2.3,2.3,0.20390070921985817,-0.3831493711206555,2.1596999999999995
2025-03-28,KXGDPYEAR-31,2026-08-04,2.248014310493019,2.3,2.8,-0.037566168275753146,-0.7012489658312346,2.719168761277071
2025-03-28,KXGDPYEAR-32,2026-08-04,2.675002825369558,2.3,1.8,0.23810070525900007,-1.1546447091476657,3.45779719496512
2025-03-28,KXGDPYEAR-33,2026-08-05,2.8592210044753155,2.3,2.3,0.3689059934043657,-1.0555602215262991,3.4287871306045083
2025-03-28,KXGDPYEAR-34,2026-08-05,2.3636376657707103,2.3,0.1,0.04455795922498969,-0.6997330658180774,3.1110572835108945
2025-03-28,KXGDPYEAR-35,2026-08-04,2.749826891591256,2.8,1.8,-0.03218786147859579,-1.1621044533643832,3.3473672445211338
2025-03-28,KXGDPYEAR-36,2026-08-04,2.695242416882835,2.3,0.1,0.24894730630532177,-1.127603469239581,3.5316813541751007
2025-03-29,KXGDPYEAR-25,2026-02-20,1.5618189142914696,1.3,0.1,0.2657751605120025,0.18304934051083777,1.5396530919939462
2025-03-29,KXGDPYEAR-26,2026-08-05,2.314779095176201,2.3,2.3,0.09744169529139075,12.718177246770306,0.24585382182900262
2025-03-29,KXGDPYEAR-27,2026-08-05,2.0076383085144998,1.8,1.8,0.37400640422233034,2.898797807861639,0.6732893756761689
2025-03-29,KXGDPYEAR-28,2026-08-04,2.4731462188993745,2.3,2.3,0.1400696034980221,-0.34308140549094945,2.8598708587524024
2025-03-29,KXGDPYEAR-29,2026-08-04,2.3444515498705965,2.3,2.8,0.03264685533572642,-0.4834652040264813,2.997886909329589
2025-03-29,KXGDPYEAR-30,2026-08-05,2.53,2.3,2.3,0.20390070921985817,-0.3831493711206555,2.1596999999999995
2025-03-29,KXGDPYEAR-31,2026-08-04,2.248014310493019,2.3,2.8,-0.037566168275753146,-0.7012489658312346,2.719168761277071
2025-03-29,KXGDPYEAR-32,2026-08-04,2.675002825369558,2.3,1.8,0.23810070525900007,-1.1546447091476657,3.45779719496512
2025-03-29,KXGDPYEAR-33,2026-08-05,2.8592210044753155,2.3,2.3,0.3689059934043657,-1.0555602215262991,3.4287871306045083
2025-03-29,KXGDPYEAR-34,2026-08-05,2.3636376657707103,2.3,0.1,0.04455795922498969,-0.6997330658180774,3.1110572835108945
2025-03-29,KXGDPYEAR-35,2026-08-04,2.749826891591256,2.8,1.8,-0.03218786147859579,-1.1621044533643832,3.3473672445211338
2025-03-29,KXGDPYEAR-36,2026-08-04,2.695242416882835,2.3,0.1,0.24894730630532177,-1.127603469239581,3.5316813541751007
2025-03-30,KXGDPYEAR-25,2026-02-20,1.5757905439755973,1.3,1.3,0.28054279922220854,0.18305696741389355,1.5337494385887736
2025-03-30,KXGDPYEAR-26,2026-08-05,2.314779095176201,2.3,2.3,0.09744169529139075,12.718177246770306,0.24585382182900262
2025-03-30,KXGDPYEAR-27,2026-08-05,2.0076383085144998,1.8,1.8,0.37400640422233034,2.898797807861639,0.6732893756761689
2025-03-30,KXGDPYEAR-28,2026-08-04,2.4731462188993745,2.3,2.3,0.1400696034980221,-0.34308140549094945,2.8598708587524024
2025-03-30,KXGDPYEAR-29,2026-08-04,2.3444515498705965,2.3,2.8,0.03264685533572642,-0.4834652040264813,2.997886909329589
2025-03-30,KXGDPYEAR-30,2026-08-05,2.53,2.3,2.3,0.20390070921985817,-0.3831493711206555,2.1596999999999995
2025-03-30,KXGDPYEAR-31,2026-08-04,2.248014310493019,2.3,2.8,-0.037566168275753146,-0.7012489658312346,2.719168761277071
2025-03-30,KXGDPYEAR-32,2026-08-04,2.675002825369558,2.3,1.8,0.23810070525900007,-1.1546447091476657,3.45779719496512
2025-03-30,KXGDPYEAR-33,2026-08-05,2.8592210044753155,2.3,2.3,0.3689059934043657,-1.0555602215262991,3.4287871306045083
2025-03-30,KXGDPYEAR-34,2026-08-05,2.3636376657707103,2.3,0.1,0.04455795922498969,-0.6997330658180774,3.1110572835108945
2025-03-30,KXGDPYEAR-35,2026-08-04,2.749826891591256,2.8,1.8,-0.03218786147859579,-1.1621044533643832,3.3473672445211338
2025-03-30,KXGDPYEAR-36,2026-08-04,2.695242416882835,2.3,0.1,0.24894730630532177,-1.127603469239581,3.5316813541751007
2025-03-31,KXGDPYEAR-25,2026-02-20,1.5757905439755973,1.3,1.3,0.28054279922220854,0.18305696741389355,1.5337494385887736
2025-03-31,KXGDPYEAR-26,2026-08-05,2.314779095176201,2.3,2.3,0.09744169529139075,12.718177246770306,0.24585382182900262
2025-03-31,KXGDPYEAR-27,2026-08-05,2.0076383085144998,1.8,1.8,0.37400640422233034,2.898797807861639,0.6732893756761689
2025-03-31,KXGDPYEAR-28,2026-08-04,2.4731462188993745,2.3,2.3,0.1400696034980221,-0.34308140549094945,2.8598708587524024
2025-03-31,KXGDPYEAR-29,2026-08-04,2.3444515498705965,2.3,2.8,0.03264685533572642,-0.4834652040264813,2.997886909329589
2025-03-31,KXGDPYEAR-30,2026-08-05,2.53,2.3,2.3,0.20390070921985817,-0.3831493711206555,2.1596999999999995
2025-03-31,KXGDPYEAR-31,2026-08-04,2.248014310493019,2.3,2.8,-0.037566168275753146,-0.7012489658312346,2.719168761277071
2025-03-31,KXGDPYEAR-32,2026-08-04,2.675002825369558,2.3,1.8,0.23810070525900007,-1.1546447091476657,3.45779719496512
2025-03-31,KXGDPYEAR-33,2026-08-05,2.8592210044753155,2.3,2.3,0.3689059934043657,-1.0555602215262991,3.4287871306045083
2025-03-31,KXGDPYEAR-34,2026-08-05,2.3636376657707103,2.3,0.1,0.04455795922498969,-0.6997330658180774,3.1110572835108945
2025-03-31,KXGDPYEAR-35,2026-08-04,2.749826891591256,2.8,1.8,-0.03218786147859579,-1.1621044533643832,3.3473672445211338
2025-03-31,KXGDPYEAR-36,2026-08-04,2.695242416882835,2.3,0.1,0.24894730630532177,-1.127603469239581,3.5316813541751007
2025-04-01,KXGDPYEAR-25,2026-02-20,1.559489777631624,1.3,0.1,0.2630283072776048,0.17531535686271527,1.5339573926327328
2025-04-01,KXGDPYEAR-26,2026-08-05,2.314779095176201,2.3,2.3,0.09744169529139075,12.718177246770306,0.24585382182900262
2025-04-01,KXGDPYEAR-27,2026-08-05,2.0076383085144998,1.8,1.8,0.37400640422233034,2.898797807861639,0.6732893756761689
2025-04-01,KXGDPYEAR-28,2026-08-04,2.4731462188993745,2.3,2.3,0.1400696034980221,-0.34308140549094945,2.8598708587524024
2025-04-01,KXGDPYEAR-29,2026-08-04,2.3444515498705965,2.3,2.8,0.03264685533572642,-0.4834652040264813,2.997886909329589
2025-04-01,KXGDPYEAR-30,2026-08-05,2.53,2.3,2.3,0.20390070921985817,-0.3831493711206555,2.1596999999999995
2025-04-01,KXGDPYEAR-31,2026-08-04,2.248014310493019,2.3,2.8,-0.037566168275753146,-0.7012489658312346,2.719168761277071
2025-04-01,KXGDPYEAR-32,2026-08-04,2.675002825369558,2.3,1.8,0.23810070525900007,-1.1546447091476657,3.45779719496512
2025-04-01,KXGDPYEAR-33,2026-08-05,2.8592210044753155,2.3,2.3,0.3689059934043657,-1.0555602215262991,3.4287871306045083
2025-04-01,KXGDPYEAR-34,2026-08-05,2.3636376657707103,2.3,0.1,0.04455795922498969,-0.6997330658180774,3.1110572835108945
2025-04-01,KXGDPYEAR-35,2026-08-04,2.749826891591256,2.8,1.8,-0.03218786147859579,-1.1621044533643832,3.3473672445211338
2025-04-01,KXGDPYEAR-36,2026-08-04,2.695242416882835,2.3,0.1,0.24894730630532177,-1.127603469239581,3.5316813541751007
2025-04-02,KXGDPYEAR-25,2026-02-20,1.5156168098072211,1.3,0.1,0.21842118168064584,0.23584751676899707,1.5518824425046418
2025-04-02,KXGDPYEAR-26,2026-08-05,2.314779095176201,2.3,2.3,0.09744169529139075,12.718177246770306,0.24585382182900262
2025-04-02,KXGDPYEAR-27,2026-08-05,2.0076383085144998,1.8,1.8,0.37400640422233034,2.898797807861639,0.6732893756761689
2025-04-02,KXGDPYEAR-28,2026-08-04,2.4731462188993745,2.3,2.3,0.1400696034980221,-0.34308140549094945,2.8598708587524024
2025-04-02,KXGDPYEAR-29,2026-08-04,2.3444515498705965,2.3,2.8,0.03264685533572642,-0.4834652040264813,2.997886909329589
2025-04-02,KXGDPYEAR-30,2026-08-05,2.53,2.3,2.3,0.20390070921985817,-0.3831493711206555,2.1596999999999995
2025-04-02,KXGDPYEAR-31,2026-08-04,2.248014310493019,2.3,2.8,-0.037566168275753146,-0.7012489658312346,2.719168761277071
2025-04-02,KXGDPYEAR-32,2026-08-04,2.675002825369558,2.3,1.8,0.23810070525900007,-1.1546447091476657,3.45779719496512
2025-04-02,KXGDPYEAR-33,2026-08-05,2.8592210044753155,2.3,2.3,0.3689059934043657,-1.0555602215262991,3.4287871306045083
2025-04-02,KXGDPYEAR-34,2026-08-05,2.3636376657707103,2.3,0.1,0.04455795922498969,-0.6997330658180774,3.1110572835108945
2025-04-02,KXGDPYEAR-35,2026-08-04,2.749826891591256,2.8,1.8,-0.03218786147859579,-1.1621044533643832,3.3473672445211338
2025-04-02,KXGDPYEAR-36,2026-08-04,2.695242416882835,2.3,0.1,0.24894730630532177,-1.127603469239581,3.5316813541751007
2025-04-03,KXGDPYEAR-25,2026-02-20,1.4192926484322745,1.3,0.1,0.12063318168724102,0.34919728923127336,1.5437168164088129
2025-04-03,KXGDPYEAR-26,2026-08-05,2.314779095176201,2.3,2.3,0.09744169529139075,12.718177246770306,0.24585382182900262
2025-04-03,KXGDPYEAR-27,2026-08-05,2.0076383085144998,1.8,1.8,0.37400640422233034,2.898797807861639,0.6732893756761689
2025-04-03,KXGDPYEAR-28,2026-08-04,2.4731462188993745,2.3,2.3,0.1400696034980221,-0.34308140549094945,2.8598708587524024
2025-04-03,KXGDPYEAR-29,2026-08-04,2.3444515498705965,2.3,2.8,0.03264685533572642,-0.4834652040264813,2.997886909329589
2025-04-03,KXGDPYEAR-30,2026-08-05,2.53,2.3,2.3,0.20390070921985817,-0.3831493711206555,2.1596999999999995
2025-04-03,KXGDPYEAR-31,2026-08-04,2.248014310493019,2.3,2.8,-0.037566168275753146,-0.7012489658312346,2.719168761277071
2025-04-03,KXGDPYEAR-32,2026-08-04,2.675002825369558,2.3,1.8,0.23810070525900007,-1.1546447091476657,3.45779719496512
2025-04-03,KXGDPYEAR-33,2026-08-05,2.8592210044753155,2.3,2.3,0.3689059934043657,-1.0555602215262991,3.4287871306045083
2025-04-03,KXGDPYEAR-34,2026-08-05,2.3636376657707103,2.3,0.1,0.04455795922498969,-0.6997330658180774,3.1110572835108945
2025-04-03,KXGDPYEAR-35,2026-08-04,2.749826891591256,2.8,1.8,-0.03218786147859579,-1.1621044533643832,3.3473672445211338
2025-04-03,KXGDPYEAR-36,2026-08-04,2.695242416882835,2.3,0.1,0.24894730630532177,-1.127603469239581,3.5316813541751007
2025-04-04,KXGDPYEAR-25,2026-02-20,1.2178131820910933,0.8,0.1,0.44030150598821516,1.0583078265328698,1.5863959921257385
2025-04-04,KXGDPYEAR-26,2026-08-05,2.314779095176201,2.3,2.3,0.09744169529139075,12.718177246770306,0.24585382182900262
2025-04-04,KXGDPYEAR-27,2026-08-05,2.0076383085144998,1.8,1.8,0.37400640422233034,2.898797807861639,0.6732893756761689
2025-04-04,KXGDPYEAR-28,2026-08-04,2.4731462188993745,2.3,2.3,0.1400696034980221,-0.34308140549094945,2.8598708587524024
2025-04-04,KXGDPYEAR-29,2026-08-04,2.3444515498705965,2.3,2.8,0.03264685533572642,-0.4834652040264813,2.997886909329589
2025-04-04,KXGDPYEAR-30,2026-08-05,2.53,2.3,2.3,0.20390070921985817,-0.3831493711206555,2.1596999999999995
2025-04-04,KXGDPYEAR-31,2026-08-04,2.248014310493019,2.3,2.8,-0.037566168275753146,-0.7012489658312346,2.719168761277071
2025-04-04,KXGDPYEAR-32,2026-08-04,2.675002825369558,2.3,1.8,0.23810070525900007,-1.1546447091476657,3.45779719496512
2025-04-04,KXGDPYEAR-33,2026-08-05,2.8592210044753155,2.3,2.3,0.3689059934043657,-1.0555602215262991,3.4287871306045083
2025-04-04,KXGDPYEAR-34,2026-08-05,2.3636376657707103,2.3,0.1,0.04455795922498969,-0.6997330658180774,3.1110572835108945
2025-04-04,KXGDPYEAR-35,2026-08-04,2.749826891591256,2.8,1.8,-0.03218786147859579,-1.1621044533643832,3.3473672445211338
2025-04-04,KXGDPYEAR-36,2026-08-04,2.695242416882835,2.3,0.1,0.24894730630532177,-1.127603469239581,3.5316813541751007
2025-04-05,KXGDPYEAR-25,2026-02-20,1.177065269412317,0.8,0.1,0.40138778749198306,1.1715534673588586,1.5715825573853563
2025-04-05,KXGDPYEAR-26,2026-08-05,2.314779095176201,2.3,2.3,0.09744169529139075,12.718177246770306,0.24585382182900262
2025-04-05,KXGDPYEAR-27,2026-08-05,2.0076383085144998,1.8,1.8,0.37400640422233034,2.898797807861639,0.6732893756761689
2025-04-05,KXGDPYEAR-28,2026-08-04,2.4731462188993745,2.3,2.3,0.1400696034980221,-0.34308140549094945,2.8598708587524024
2025-04-05,KXGDPYEAR-29,2026-08-04,2.3444515498705965,2.3,2.8,0.03264685533572642,-0.4834652040264813,2.997886909329589
2025-04-05,KXGDPYEAR-30,2026-08-05,2.53,2.3,2.3,0.20390070921985817,-0.3831493711206555,2.1596999999999995
2025-04-05,KXGDPYEAR-31,2026-08-04,2.248014310493019,2.3,2.8,-0.037566168275753146,-0.7012489658312346,2.719168761277071
2025-04-05,KXGDPYEAR-32,2026-08-04,2.675002825369558,2.3,1.8,0.23810070525900007,-1.1546447091476657,3.45779719496512
2025-04-05,KXGDPYEAR-33,2026-08-05,2.8592210044753155,2.3,2.3,0.3689059934043657,-1.0555602215262991,3.4287871306045083
2025-04-05,KXGDPYEAR-34,2026-08-05,2.3636376657707103,2.3,0.1,0.04455795922498969,-0.6997330658180774,3.1110572835108945
2025-04-05,KXGDPYEAR-35,2026-08-04,2.749826891591256,2.8,1.8,-0.03218786147859579,-1.1621044533643832,3.3473672445211338
2025-04-05,KXGDPYEAR-36,2026-08-04,2.695242416882835,2.3,0.1,0.24894730630532177,-1.127603469239581,3.5316813541751007
2025-04-06,KXGDPYEAR-25,2026-02-20,1.1775426269918292,0.8,0.1,0.4006773017423551,1.1397903461898595,1.5652219682872914
2025-04-06,KXGDPYEAR-26,2026-08-05,2.314779095176201,2.3,2.3,0.09744169529139075,12.718177246770306,0.24585382182900262
2025-04-06,KXGDPYEAR-27,2026-08-05,2.0076383085144998,1.8,1.8,0.37400640422233034,2.898797807861639,0.6732893756761689
2025-04-06,KXGDPYEAR-28,2026-08-04,2.4731462188993745,2.3,2.3,0.1400696034980221,-0.34308140549094945,2.8598708587524024
2025-04-06,KXGDPYEAR-29,2026-08-04,2.3444515498705965,2.3,2.8,0.03264685533572642,-0.4834652040264813,2.997886909329589
2025-04-06,KXGDPYEAR-30,2026-08-05,2.53,2.3,2.3,0.20390070921985817,-0.3831493711206555,2.1596999999999995
2025-04-06,KXGDPYEAR-31,2026-08-04,2.248014310493019,2.3,2.8,-0.037566168275753146,-0.7012489658312346,2.719168761277071
2025-04-06,KXGDPYEAR-32,2026-08-04,2.675002825369558,2.3,1.8,0.23810070525900007,-1.1546447091476657,3.45779719496512
2025-04-06,KXGDPYEAR-33,2026-08-05,2.8592210044753155,2.3,2.3,0.3689059934043657,-1.0555602215262991,3.4287871306045083
2025-04-06,KXGDPYEAR-34,2026-08-05,2.3636376657707103,2.3,0.1,0.04455795922498969,-0.6997330658180774,3.1110572835108945
2025-04-06,KXGDPYEAR-35,2026-08-04,2.749826891591256,2.8,1.8,-0.03218786147859579,-1.1621044533643832,3.3473672445211338
2025-04-06,KXGDPYEAR-36,2026-08-04,2.695242416882835,2.3,0.1,0.24894730630532177,-1.127603469239581,3.5316813541751007
2025-04-07,KXGDPYEAR-25,2026-02-20,1.1163104793507017,0.8,0.1,0.3312272147583568,1.200119384834399,1.5886202065486288
2025-04-07,KXGDPYEAR-26,2026-08-05,2.314779095176201,2.3,2.3,0.09744169529139075,12.718177246770306,0.24585382182900262
2025-04-07,KXGDPYEAR-27,2026-08-05,2.0076383085144998,1.8,1.8,0.37400640422233034,2.898797807861639,0.6732893756761689
2025-04-07,KXGDPYEAR-28,2026-08-04,2.4731462188993745,2.3,2.3,0.1400696034980221,-0.34308140549094945,2.8598708587524024
2025-04-07,KXGDPYEAR-29,2026-08-04,2.3444515498705965,2.3,2.8,0.03264685533572642,-0.4834652040264813,2.997886909329589
2025-04-07,KXGDPYEAR-30,2026-08-05,2.53,2.3,2.3,0.20390070921985817,-0.3831493711206555,2.1596999999999995
2025-04-07,KXGDPYEAR-31,2026-08-04,2.248014310493019,2.3,2.8,-0.037566168275753146,-0.7012489658312346,2.719168761277071
2025-04-07,KXGDPYEAR-32,2026-08-04,2.675002825369558,2.3,1.8,0.23810070525900007,-1.1546447091476657,3.45779719496512
2025-04-07,KXGDPYEAR-33,2026-08-05,2.8592210044753155,2.3,2.3,0.3689059934043657,-1.0555602215262991,3.4287871306045083
2025-04-07,KXGDPYEAR-34,2026-08-05,2.3636376657707103,2.3,0.1,0.04455795922498969,-0.6997330658180774,3.1110572835108945
2025-04-07,KXGDPYEAR-35,2026-08-04,2.749826891591256,2.8,1.8,-0.03218786147859579,-1.1621044533643832,3.3473672445211338
2025-04-07,KXGDPYEAR-36,2026-08-04,2.695242416882835,2.3,0.1,0.24894730630532177,-1.127603469239581,3.5316813541751007
2025-04-08,KXGDPYEAR-25,2026-02-20,1.13062536294279,0.8,0.1,0.34670832768998655,1.1897490041203076,1.5807530501194518
2025-04-08,KXGDPYEAR-26,2026-08-05,2.314779095176201,2.3,2.3,0.09744169529139075,12.718177246770306,0.24585382182900262
2025-04-08,KXGDPYEAR-27,2026-08-05,2.0076383085144998,1.8,1.8,0.37400640422233034,2.898797807861639,0.6732893756761689
2025-04-08,KXGDPYEAR-28,2026-08-04,2.4731462188993745,2.3,2.3,0.1400696034980221,-0.34308140549094945,2.8598708587524024
2025-04-08,KXGDPYEAR-29,2026-08-04,2.3444515498705965,2.3,2.8,0.03264685533572642,-0.4834652040264813,2.997886909329589
2025-04-08,KXGDPYEAR-30,2026-08-05,2.53,2.3,2.3,0.20390070921985817,-0.3831493711206555,2.1596999999999995
2025-04-08,KXGDPYEAR-31,2026-08-04,2.248014310493019,2.3,2.8,-0.037566168275753146,-0.7012489658312346,2.719168761277071
2025-04-08,KXGDPYEAR-32,2026-08-04,2.675002825369558,2.3,1.8,0.23810070525900007,-1.1546447091476657,3.45779719496512
2025-04-08,KXGDPYEAR-33,2026-08-05,2.8592210044753155,2.3,2.3,0.3689059934043657,-1.0555602215262991,3.4287871306045083
2025-04-08,KXGDPYEAR-34,2026-08-05,2.3636376657707103,2.3,0.1,0.04455795922498969,-0.6997330658180774,3.1110572835108945
2025-04-08,KXGDPYEAR-35,2026-08-04,2.749826891591256,2.8,1.8,-0.03218786147859579,-1.1621044533643832,3.3473672445211338
2025-04-08,KXGDPYEAR-36,2026-08-04,2.695242416882835,2.3,0.1,0.24894730630532177,-1.127603469239581,3.5316813541751007
2025-04-09,KXGDPYEAR-25,2026-02-20,1.0710710373091668,0.8,0.1,0.3083052430249284,1.115078509888348,1.3176885181889986
2025-04-09,KXGDPYEAR-26,2026-08-05,2.314779095176201,2.3,2.3,0.09744169529139075,12.718177246770306,0.24585382182900262
2025-04-09,KXGDPYEAR-27,2026-08-05,2.0076383085144998,1.8,1.8,0.37400640422233034,2.898797807861639,0.6732893756761689
2025-04-09,KXGDPYEAR-28,2026-08-04,2.4731462188993745,2.3,2.3,0.1400696034980221,-0.34308140549094945,2.8598708587524024
2025-04-09,KXGDPYEAR-29,2026-08-04,2.3444515498705965,2.3,2.8,0.03264685533572642,-0.4834652040264813,2.997886909329589
2025-04-09,KXGDPYEAR-30,2026-08-05,2.53,2.3,2.3,0.20390070921985817,-0.3831493711206555,2.1596999999999995
2025-04-09,KXGDPYEAR-31,2026-08-04,2.248014310493019,2.3,2.8,-0.037566168275753146,-0.7012489658312346,2.719168761277071
2025-04-09,KXGDPYEAR-32,2026-08-04,2.675002825369558,2.3,1.8,0.23810070525900007,-1.1546447091476657,3.45779719496512
2025-04-09,KXGDPYEAR-33,2026-08-05,2.8592210044753155,2.3,2.3,0.3689059934043657,-1.0555602215262991,3.4287871306045083
2025-04-09,KXGDPYEAR-34,2026-08-05,2.3636376657707103,2.3,0.1,0.04455795922498969,-0.6997330658180774,3.1110572835108945
2025-04-09,KXGDPYEAR-35,2026-08-04,2.749826891591256,2.8,1.8,-0.03218786147859579,-1.1621044533643832,3.3473672445211338
2025-04-09,KXGDPYEAR-36,2026-08-04,2.695242416882835,2.3,0.1,0.24894730630532177,-1.127603469239581,3.5316813541751007
2025-04-10,KXGDPYEAR-25,2026-02-20,1.066056312316449,0.8,0.1,0.30372465813823174,1.165229370576406,1.3128151974854407
2025-04-10,KXGDPYEAR-26,2026-08-05,2.314779095176201,2.3,2.3,0.09744169529139075,12.718177246770306,0.24585382182900262
2025-04-10,KXGDPYEAR-27,2026-08-05,2.0076383085144998,1.8,1.8,0.37400640422233034,2.898797807861639,0.6732893756761689
2025-04-10,KXGDPYEAR-28,2026-08-04,2.4731462188993745,2.3,2.3,0.1400696034980221,-0.34308140549094945,2.8598708587524024
2025-04-10,KXGDPYEAR-29,2026-08-04,2.3444515498705965,2.3,2.8,0.03264685533572642,-0.4834652040264813,2.997886909329589
2025-04-10,KXGDPYEAR-30,2026-08-05,2.53,2.3,2.3,0.20390070921985817,-0.3831493711206555,2.1596999999999995
2025-04-10,KXGDPYEAR-31,2026-08-04,2.248014310493019,2.3,2.8,-0.037566168275753146,-0.7012489658312346,2.719168761277071
2025-04-10,KXGDPYEAR-32,2026-08-04,2.675002825369558,2.3,1.8,0.23810070525900007,-1.1546447091476657,3.45779719496512
2025-04-10,KXGDPYEAR-33,2026-08-05,2.8592210044753155,2.3,2.3,0.3689059934043657,-1.0555602215262991,3.4287871306045083
2025-04-10,KXGDPYEAR-34,2026-08-05,2.3636376657707103,2.3,0.1,0.04455795922498969,-0.6997330658180774,3.1110572835108945
2025-04-10,KXGDPYEAR-35,2026-08-04,2.749826891591256,2.8,1.8,-0.03218786147859579,-1.1621044533643832,3.3473672445211338
2025-04-10,KXGDPYEAR-36,2026-08-04,2.695242416882835,2.3,0.1,0.24894730630532177,-1.127603469239581,3.5316813541751007
2025-04-11,KXGDPYEAR-25,2026-02-20,1.0323126571758536,0.8,0.1,0.26576678359713674,1.258382722835365,1.3033820258953777
2025-04-11,KXGDPYEAR-26,2026-08-05,2.314779095176201,2.3,2.3,0.09744169529139075,12.718177246770306,0.24585382182900262
2025-04-11,KXGDPYEAR-27,2026-08-05,2.0076383085144998,1.8,1.8,0.37400640422233034,2.898797807861639,0.6732893756761689
2025-04-11,KXGDPYEAR-28,2026-08-04,2.4731462188993745,2.3,2.3,0.1400696034980221,-0.34308140549094945,2.8598708587524024
2025-04-11,KXGDPYEAR-29,2026-08-04,2.3444515498705965,2.3,2.8,0.03264685533572642,-0.4834652040264813,2.997886909329589
2025-04-11,KXGDPYEAR-30,2026-08-05,2.53,2.3,2.3,0.20390070921985817,-0.3831493711206555,2.1596999999999995
2025-04-11,KXGDPYEAR-31,2026-08-04,2.248014310493019,2.3,2.8,-0.037566168275753146,-0.7012489658312346,2.719168761277071
2025-04-11,KXGDPYEAR-32,2026-08-04,2.675002825369558,2.3,1.8,0.23810070525900007,-1.1546447091476657,3.45779719496512
2025-04-11,KXGDPYEAR-33,2026-08-05,2.8592210044753155,2.3,2.3,0.3689059934043657,-1.0555602215262991,3.4287871306045083
2025-04-11,KXGDPYEAR-34,2026-08-05,2.3636376657707103,2.3,0.1,0.04455795922498969,-0.6997330658180774,3.1110572835108945
2025-04-11,KXGDPYEAR-35,2026-08-04,2.749826891591256,2.8,1.8,-0.03218786147859579,-1.1621044533643832,3.3473672445211338
2025-04-11,KXGDPYEAR-36,2026-08-04,2.695242416882835,2.3,0.1,0.24894730630532177,-1.127603469239581,3.5316813541751007
2025-04-12,KXGDPYEAR-25,2026-02-20,1.0636215180434023,0.8,0.1,0.29958025425028767,1.153018880620066,1.316982221276546
2025-04-12,KXGDPYEAR-26,2026-08-05,2.314779095176201,2.3,2.3,0.09744169529139075,12.718177246770306,0.24585382182900262
2025-04-12,KXGDPYEAR-27,2026-08-05,2.0076383085144998,1.8,1.8,0.37400640422233034,2.898797807861639,0.6732893756761689
2025-04-12,KXGDPYEAR-28,2026-08-04,2.4731462188993745,2.3,2.3,0.1400696034980221,-0.34308140549094945,2.8598708587524024
2025-04-12,KXGDPYEAR-29,2026-08-04,2.3444515498705965,2.3,2.8,0.03264685533572642,-0.4834652040264813,2.997886909329589
2025-04-12,KXGDPYEAR-30,2026-08-05,2.53,2.3,2.3,0.20390070921985817,-0.3831493711206555,2.1596999999999995
2025-04-12,KXGDPYEAR-31,2026-08-04,2.248014310493019,2.3,2.8,-0.037566168275753146,-0.7012489658312346,2.719168761277071
2025-04-12,KXGDPYEAR-32,2026-08-04,2.675002825369558,2.3,1.8,0.23810070525900007,-1.1546447091476657,3.45779719496512
2025-04-12,KXGDPYEAR-33,2026-08-05,2.8592210044753155,2.3,2.3,0.3689059934043657,-1.0555602215262991,3.4287871306045083
2025-04-12,KXGDPYEAR-34,2026-08-05,2.3636376657707103,2.3,0.1,0.04455795922498969,-0.6997330658180774,3.1110572835108945
2025-04-12,KXGDPYEAR-35,2026-08-04,2.749826891591256,2.8,1.8,-0.03218786147859579,-1.1621044533643832,3.3473672445211338
2025-04-12,KXGDPYEAR-36,2026-08-04,2.695242416882835,2.3,0.1,0.24894730630532177,-1.127603469239581,3.5316813541751007
2025-04-13,KXGDPYEAR-25,2026-02-20,1.0636215180434023,0.8,0.1,0.29958025425028767,1.153018880620066,1.316982221276546
2025-04-13,KXGDPYEAR-26,2026-08-05,2.314779095176201,2.3,2.3,0.09744169529139075,12.718177246770306,0.24585382182900262
2025-04-13,KXGDPYEAR-27,2026-08-05,2.0076383085144998,1.8,1.8,0.37400640422233034,2.898797807861639,0.6732893756761689
2025-04-13,KXGDPYEAR-28,2026-08-04,2.4731462188993745,2.3,2.3,0.1400696034980221,-0.34308140549094945,2.8598708587524024
2025-04-13,KXGDPYEAR-29,2026-08-04,2.3444515498705965,2.3,2.8,0.03264685533572642,-0.4834652040264813,2.997886909329589
2025-04-13,KXGDPYEAR-30,2026-08-05,2.53,2.3,2.3,0.20390070921985817,-0.3831493711206555,2.1596999999999995
2025-04-13,KXGDPYEAR-31,2026-08-04,2.248014310493019,2.3,2.8,-0.037566168275753146,-0.7012489658312346,2.719168761277071
2025-04-13,KXGDPYEAR-32,2026-08-04,2.675002825369558,2.3,1.8,0.23810070525900007,-1.1546447091476657,3.45779719496512
2025-04-13,KXGDPYEAR-33,2026-08-05,2.8592210044753155,2.3,2.3,0.3689059934043657,-1.0555602215262991,3.4287871306045083
2025-04-13,KXGDPYEAR-34,2026-08-05,2.3636376657707103,2.3,0.1,0.04455795922498969,-0.6997330658180774,3.1110572835108945
2025-04-13,KXGDPYEAR-35,2026-08-04,2.749826891591256,2.8,1.8,-0.03218786147859579,-1.1621044533643832,3.3473672445211338
2025-04-13,KXGDPYEAR-36,2026-08-04,2.695242416882835,2.3,0.1,0.24894730630532177,-1.127603469239581,3.5316813541751007
2025-04-14,KXGDPYEAR-25,2026-02-20,1.0314947086584818,0.8,0.1,0.26487733704319494,1.2612912690221192,1.303000440748376
2025-04-14,KXGDPYEAR-26,2026-08-05,2.314779095176201,2.3,2.3,0.09744169529139075,12.718177246770306,0.24585382182900262
2025-04-14,KXGDPYEAR-27,2026-08-05,2.0076383085144998,1.8,1.8,0.37400640422233034,2.898797807861639,0.6732893756761689
2025-04-14,KXGDPYEAR-28,2026-08-04,2.4731462188993745,2.3,2.3,0.1400696034980221,-0.34308140549094945,2.8598708587524024
2025-04-14,KXGDPYEAR-29,2026-08-04,2.3444515498705965,2.3,2.8,0.03264685533572642,-0.4834652040264813,2.997886909329589
2025-04-14,KXGDPYEAR-30,2026-08-05,2.53,2.3,2.3,0.20390070921985817,-0.3831493711206555,2.1596999999999995
2025-04-14,KXGDPYEAR-31,2026-08-04,2.248014310493019,2.3,2.8,-0.037566168275753146,-0.7012489658312346,2.719168761277071
2025-04-14,KXGDPYEAR-32,2026-08-04,2.675002825369558,2.3,1.8,0.23810070525900007,-1.1546447091476657,3.45779719496512
2025-04-14,KXGDPYEAR-33,2026-08-05,2.8592210044753155,2.3,2.3,0.3689059934043657,-1.0555602215262991,3.4287871306045083
2025-04-14,KXGDPYEAR-34,2026-08-05,2.3636376657707103,2.3,0.1,0.04455795922498969,-0.6997330658180774,3.1110572835108945
2025-04-14,KXGDPYEAR-35,2026-08-04,2.749826891591256,2.8,1.8,-0.03218786147859579,-1.1621044533643832,3.3473672445211338
2025-04-14,KXGDPYEAR-36,2026-08-04,2.695242416882835,2.3,0.1,0.24894730630532177,-1.127603469239581,3.5316813541751007
2025-04-15,KXGDPYEAR-25,2026-02-20,1.0327075592414026,0.3,0.1,0.8271018323645839,1.1648169588015627,1.3328684771706043
2025-04-15,KXGDPYEAR-26,2026-08-05,2.314779095176201,2.3,2.3,0.09744169529139075,12.718177246770306,0.24585382182900262
2025-04-15,KXGDPYEAR-27,2026-08-05,2.0076383085144998,1.8,1.8,0.37400640422233034,2.898797807861639,0.6732893756761689
2025-04-15,KXGDPYEAR-28,2026-08-04,2.4731462188993745,2.3,2.3,0.1400696034980221,-0.34308140549094945,2.8598708587524024
2025-04-15,KXGDPYEAR-29,2026-08-04,2.3444515498705965,2.3,2.8,0.03264685533572642,-0.4834652040264813,2.997886909329589
2025-04-15,KXGDPYEAR-30,2026-08-05,2.53,2.3,2.3,0.20390070921985817,-0.3831493711206555,2.1596999999999995
2025-04-15,KXGDPYEAR-31,2026-08-04,2.248014310493019,2.3,2.8,-0.037566168275753146,-0.7012489658312346,2.719168761277071
2025-04-15,KXGDPYEAR-32,2026-08-04,2.675002825369558,2.3,1.8,0.23810070525900007,-1.1546447091476657,3.45779719496512
2025-04-15,KXGDPYEAR-33,2026-08-05,2.8592210044753155,2.3,2.3,0.3689059934043657,-1.0555602215262991,3.4287871306045083
2025-04-15,KXGDPYEAR-34,2026-08-05,2.3636376657707103,2.3,0.1,0.04455795922498969,-0.6997330658180774,3.1110572835108945
2025-04-15,KXGDPYEAR-35,2026-08-04,2.749826891591256,2.8,1.8,-0.03218786147859579,-1.1621044533643832,3.3473672445211338
2025-04-15,KXGDPYEAR-36,2026-08-04,2.695242416882835,2.3,0.1,0.24894730630532177,-1.127603469239581,3.5316813541751007
2025-04-16,KXGDPYEAR-25,2026-02-20,1.045608604584563,0.8,0.1,0.2728363932314422,1.075861090104011,1.36094303912557
2025-04-16,KXGDPYEAR-26,2026-08-05,2.314779095176201,2.3,2.3,0.09744169529139075,12.718177246770306,0.24585382182900262
2025-04-16,KXGDPYEAR-27,2026-08-05,2.0076383085144998,1.8,1.8,0.37400640422233034,2.898797807861639,0.6732893756761689
2025-04-16,KXGDPYEAR-28,2026-08-04,2.4731462188993745,2.3,2.3,0.1400696034980221,-0.34308140549094945,2.8598708587524024
2025-04-16,KXGDPYEAR-29,2026-08-04,2.3444515498705965,2.3,2.8,0.03264685533572642,-0.4834652040264813,2.997886909329589
2025-04-16,KXGDPYEAR-30,2026-08-05,2.53,2.3,2.3,0.20390070921985817,-0.3831493711206555,2.1596999999999995
2025-04-16,KXGDPYEAR-31,2026-08-04,2.248014310493019,2.3,2.8,-0.037566168275753146,-0.7012489658312346,2.719168761277071
2025-04-16,KXGDPYEAR-32,2026-08-04,2.675002825369558,2.3,1.8,0.23810070525900007,-1.1546447091476657,3.45779719496512
2025-04-16,KXGDPYEAR-33,2026-08-05,2.8592210044753155,2.3,2.3,0.3689059934043657,-1.0555602215262991,3.4287871306045083
2025-04-16,KXGDPYEAR-34,2026-08-05,2.3636376657707103,2.3,0.1,0.04455795922498969,-0.6997330658180774,3.1110572835108945
2025-04-16,KXGDPYEAR-35,2026-08-04,2.749826891591256,2.8,1.8,-0.03218786147859579,-1.1621044533643832,3.3473672445211338
2025-04-16,KXGDPYEAR-36,2026-08-04,2.695242416882835,2.3,0.1,0.24894730630532177,-1.127603469239581,3.5316813541751007
2025-04-17,KXGDPYEAR-25,2026-02-20,1.0703263967447534,0.8,0.1,0.2978216435488867,0.9824985601413028,1.3562211296090954
2025-04-17,KXGDPYEAR-26,2026-08-05,2.314779095176201,2.3,2.3,0.09744169529139075,12.718177246770306,0.24585382182900262
2025-04-17,KXGDPYEAR-27,2026-08-05,2.0076383085144998,1.8,1.8,0.37400640422233034,2.898797807861639,0.6732893756761689
2025-04-17,KXGDPYEAR-28,2026-08-04,2.4731462188993745,2.3,2.3,0.1400696034980221,-0.34308140549094945,2.8598708587524024
2025-04-17,KXGDPYEAR-29,2026-08-04,2.3444515498705965,2.3,2.8,0.03264685533572642,-0.4834652040264813,2.997886909329589
2025-04-17,KXGDPYEAR-30,2026-08-05,2.53,2.3,2.3,0.20390070921985817,-0.3831493711206555,2.1596999999999995
2025-04-17,KXGDPYEAR-31,2026-08-04,2.248014310493019,2.3,2.8,-0.037566168275753146,-0.7012489658312346,2.719168761277071
2025-04-17,KXGDPYEAR-32,2026-08-04,2.675002825369558,2.3,1.8,0.23810070525900007,-1.1546447091476657,3.45779719496512
2025-04-17,KXGDPYEAR-33,2026-08-05,2.8592210044753155,2.3,2.3,0.3689059934043657,-1.0555602215262991,3.4287871306045083
2025-04-17,KXGDPYEAR-34,2026-08-05,2.3636376657707103,2.3,0.1,0.04455795922498969,-0.6997330658180774,3.1110572835108945
2025-04-17,KXGDPYEAR-35,2026-08-04,2.749826891591256,2.8,1.8,-0.03218786147859579,-1.1621044533643832,3.3473672445211338
2025-04-17,KXGDPYEAR-36,2026-08-04,2.695242416882835,2.3,0.1,0.24894730630532177,-1.127603469239581,3.5316813541751007
2025-04-18,KXGDPYEAR-25,2026-02-20,1.0704346273233767,0.8,0.1,0.2961137646762332,0.9580545026144867,1.3636902480844884
2025-04-18,KXGDPYEAR-26,2026-08-05,2.314779095176201,2.3,2.3,0.09744169529139075,12.718177246770306,0.24585382182900262
2025-04-18,KXGDPYEAR-27,2026-08-05,2.0076383085144998,1.8,1.8,0.37400640422233034,2.898797807861639,0.6732893756761689
2025-04-18,KXGDPYEAR-28,2026-08-04,2.4731462188993745,2.3,2.3,0.1400696034980221,-0.34308140549094945,2.8598708587524024
2025-04-18,KXGDPYEAR-29,2026-08-04,2.3444515498705965,2.3,2.8,0.03264685533572642,-0.4834652040264813,2.997886909329589
2025-04-18,KXGDPYEAR-30,2026-08-05,2.53,2.3,2.3,0.20390070921985817,-0.3831493711206555,2.1596999999999995
2025-04-18,KXGDPYEAR-31,2026-08-04,2.248014310493019,2.3,2.8,-0.037566168275753146,-0.7012489658312346,2.719168761277071
2025-04-18,KXGDPYEAR-32,2026-08-04,2.675002825369558,2.3,1.8,0.23810070525900007,-1.1546447091476657,3.45779719496512
2025-04-18,KXGDPYEAR-33,2026-08-05,2.8592210044753155,2.3,2.3,0.3689059934043657,-1.0555602215262991,3.4287871306045083
2025-04-18,KXGDPYEAR-34,2026-08-05,2.3636376657707103,2.3,0.1,0.04455795922498969,-0.6997330658180774,3.1110572835108945
2025-04-18,KXGDPYEAR-35,2026-08-04,2.749826891591256,2.8,1.8,-0.03218786147859579,-1.1621044533643832,3.3473672445211338
2025-04-18,KXGDPYEAR-36,2026-08-04,2.695242416882835,2.3,0.1,0.24894730630532177,-1.127603469239581,3.5316813541751007
2025-04-19,KXGDPYEAR-25,2026-02-20,1.0704346273233767,0.8,0.1,0.2961137646762332,0.9580545026144867,1.3636902480844884
2025-04-19,KXGDPYEAR-26,2026-08-05,2.314779095176201,2.3,2.3,0.09744169529139075,12.718177246770306,0.24585382182900262
2025-04-19,KXGDPYEAR-27,2026-08-05,2.0076383085144998,1.8,1.8,0.37400640422233034,2.898797807861639,0.6732893756761689
2025-04-19,KXGDPYEAR-28,2026-08-04,2.4731462188993745,2.3,2.3,0.1400696034980221,-0.34308140549094945,2.8598708587524024
2025-04-19,KXGDPYEAR-29,2026-08-04,2.3444515498705965,2.3,2.8,0.03264685533572642,-0.4834652040264813,2.997886909329589
2025-04-19,KXGDPYEAR-30,2026-08-05,2.53,2.3,2.3,0.20390070921985817,-0.3831493711206555,2.1596999999999995
2025-04-19,KXGDPYEAR-31,2026-08-04,2.248014310493019,2.3,2.8,-0.037566168275753146,-0.7012489658312346,2.719168761277071
2025-04-19,KXGDPYEAR-32,2026-08-04,2.675002825369558,2.3,1.8,0.23810070525900007,-1.1546447091476657,3.45779719496512
2025-04-19,KXGDPYEAR-33,2026-08-05,2.8592210044753155,2.3,2.3,0.3689059934043657,-1.0555602215262991,3.4287871306045083
2025-04-19,KXGDPYEAR-34,2026-08-05,2.3636376657707103,2.3,0.1,0.04455795922498969,-0.6997330658180774,3.1110572835108945
2025-04-19,KXGDPYEAR-35,2026-08-04,2.749826891591256,2.8,1.8,-0.03218786147859579,-1.1621044533643832,3.3473672445211338
2025-04-19,KXGDPYEAR-36,2026-08-04,2.695242416882835,2.3,0.1,0.24894730630532177,-1.127603469239581,3.5316813541751007
2025-04-20,KXGDPYEAR-25,2026-02-20,1.0630715602510965,0.8,0.1,0.29957664470408457,1.1506874299365153,1.3077052747997109
2025-04-20,KXGDPYEAR-26,2026-08-05,2.314779095176201,2.3,2.3,0.09744169529139075,12.718177246770306,0.24585382182900262
2025-04-20,KXGDPYEAR-27,2026-08-05,2.0076383085144998,1.8,1.8,0.37400640422233034,2.898797807861639,0.6732893756761689
2025-04-20,KXGDPYEAR-28,2026-08-04,2.4731462188993745,2.3,2.3,0.1400696034980221,-0.34308140549094945,2.8598708587524024
2025-04-20,KXGDPYEAR-29,2026-08-04,2.3444515498705965,2.3,2.8,0.03264685533572642,-0.4834652040264813,2.997886909329589
2025-04-20,KXGDPYEAR-30,2026-08-05,2.53,2.3,2.3,0.20390070921985817,-0.3831493711206555,2.1596999999999995
2025-04-20,KXGDPYEAR-31,2026-08-04,2.248014310493019,2.3,2.8,-0.037566168275753146,-0.7012489658312346,2.719168761277071
2025-04-20,KXGDPYEAR-32,2026-08-04,2.675002825369558,2.3,1.8,0.23810070525900007,-1.1546447091476657,3.45779719496512
2025-04-20,KXGDPYEAR-33,2026-08-05,2.8592210044753155,2.3,2.3,0.3689059934043657,-1.0555602215262991,3.4287871306045083
2025-04-20,KXGDPYEAR-34,2026-08-05,2.3636376657707103,2.3,0.1,0.04455795922498969,-0.6997330658180774,3.1110572835108945
2025-04-20,KXGDPYEAR-35,2026-08-04,2.749826891591256,2.8,1.8,-0.03218786147859579,-1.1621044533643832,3.3473672445211338
2025-04-20,KXGDPYEAR-36,2026-08-04,2.695242416882835,2.3,0.1,0.24894730630532177,-1.127603469239581,3.5316813541751007
2025-04-21,KXGDPYEAR-25,2026-02-20,1.0630715602510965,0.8,0.1,0.29957664470408457,1.1506874299365153,1.3077052747997109
2025-04-21,KXGDPYEAR-26,2026-08-05,2.314779095176201,2.3,2.3,0.09744169529139075,12.718177246770306,0.24585382182900262
2025-04-21,KXGDPYEAR-27,2026-08-05,2.0076383085144998,1.8,1.8,0.37400640422233034,2.898797807861639,0.6732893756761689
2025-04-21,KXGDPYEAR-28,2026-08-04,2.4731462188993745,2.3,2.3,0.1400696034980221,-0.34308140549094945,2.8598708587524024
2025-04-21,KXGDPYEAR-29,2026-08-04,2.3444515498705965,2.3,2.8,0.03264685533572642,-0.4834652040264813,2.997886909329589
2025-04-21,KXGDPYEAR-30,2026-08-05,2.53,2.3,2.3,0.20390070921985817,-0.3831493711206555,2.1596999999999995
2025-04-21,KXGDPYEAR-31,2026-08-04,2.248014310493019,2.3,2.8,-0.037566168275753146,-0.7012489658312346,2.719168761277071
2025-04-21,KXGDPYEAR-32,2026-08-04,2.675002825369558,2.3,1.8,0.23810070525900007,-1.1546447091476657,3.45779719496512
2025-04-21,KXGDPYEAR-33,2026-08-05,2.8592210044753155,2.3,2.3,0.3689059934043657,-1.0555602215262991,3.4287871306045083
2025-04-21,KXGDPYEAR-34,2026-08-05,2.3636376657707103,2.3,0.1,0.04455795922498969,-0.6997330658180774,3.1110572835108945
2025-04-21,KXGDPYEAR-35,2026-08-04,2.749826891591256,2.8,1.8,-0.03218786147859579,-1.1621044533643832,3.3473672445211338
2025-04-21,KXGDPYEAR-36,2026-08-04,2.695242416882835,2.3,0.1,0.24894730630532177,-1.127603469239581,3.5316813541751007
2025-04-22,KXGDPYEAR-25,2026-02-20,1.0749299704376911,0.8,0.1,0.3114893320592481,1.0805301049669263,1.315177036942128
2025-04-22,KXGDPYEAR-26,2026-08-05,2.314779095176201,2.3,2.3,0.09744169529139075,12.718177246770306,0.24585382182900262
2025-04-22,KXGDPYEAR-27,2026-08-05,2.0076383085144998,1.8,1.8,0.37400640422233034,2.898797807861639,0.6732893756761689
2025-04-22,KXGDPYEAR-28,2026-08-04,2.4731462188993745,2.3,2.3,0.1400696034980221,-0.34308140549094945,2.8598708587524024
2025-04-22,KXGDPYEAR-29,2026-08-04,2.3444515498705965,2.3,2.8,0.03264685533572642,-0.4834652040264813,2.997886909329589
2025-04-22,KXGDPYEAR-30,2026-08-05,2.53,2.3,2.3,0.20390070921985817,-0.3831493711206555,2.1596999999999995
2025-04-22,KXGDPYEAR-31,2026-08-04,2.248014310493019,2.3,2.8,-0.037566168275753146,-0.7012489658312346,2.719168761277071
2025-04-22,KXGDPYEAR-32,2026-08-04,2.675002825369558,2.3,1.8,0.23810070525900007,-1.1546447091476657,3.45779719496512
2025-04-22,KXGDPYEAR-33,2026-08-05,2.8592210044753155,2.3,2.3,0.3689059934043657,-1.0555602215262991,3.4287871306045083
2025-04-22,KXGDPYEAR-34,2026-08-05,2.3636376657707103,2.3,0.1,0.04455795922498969,-0.6997330658180774,3.1110572835108945
2025-04-22,KXGDPYEAR-35,2026-08-04,2.749826891591256,2.8,1.8,-0.03218786147859579,-1.1621044533643832,3.3473672445211338
2025-04-22,KXGDPYEAR-36,2026-08-04,2.695242416882835,2.3,0.1,0.24894730630532177,-1.127603469239581,3.5316813541751007
2025-04-23,KXGDPYEAR-25,2026-02-20,1.0569727547931382,0.8,0.1,0.29409862570735645,1.1741585905800926,1.2982939639398379
2025-04-23,KXGDPYEAR-26,2026-08-05,2.314779095176201,2.3,2.3,0.09744169529139075,12.718177246770306,0.24585382182900262
2025-04-23,KXGDPYEAR-27,2026-08-05,2.0076383085144998,1.8,1.8,0.37400640422233034,2.898797807861639,0.6732893756761689
2025-04-23,KXGDPYEAR-28,2026-08-04,2.4731462188993745,2.3,2.3,0.1400696034980221,-0.34308140549094945,2.8598708587524024
2025-04-23,KXGDPYEAR-29,2026-08-04,2.3444515498705965,2.3,2.8,0.03264685533572642,-0.4834652040264813,2.997886909329589
2025-04-23,KXGDPYEAR-30,2026-08-05,2.53,2.3,2.3,0.20390070921985817,-0.3831493711206555,2.1596999999999995
2025-04-23,KXGDPYEAR-31,2026-08-04,2.248014310493019,2.3,2.8,-0.037566168275753146,-0.7012489658312346,2.719168761277071
2025-04-23,KXGDPYEAR-32,2026-08-04,2.675002825369558,2.3,1.8,0.23810070525900007,-1.1546447091476657,3.45779719496512
2025-04-23,KXGDPYEAR-33,2026-08-05,2.8592210044753155,2.3,2.3,0.3689059934043657,-1.0555602215262991,3.4287871306045083
2025-04-23,KXGDPYEAR-34,2026-08-05,2.3636376657707103,2.3,0.1,0.04455795922498969,-0.6997330658180774,3.1110572835108945
2025-04-23,KXGDPYEAR-35,2026-08-04,2.749826891591256,2.8,1.8,-0.03218786147859579,-1.1621044533643832,3.3473672445211338
2025-04-23,KXGDPYEAR-36,2026-08-04,2.695242416882835,2.3,0.1,0.24894730630532177,-1.127603469239581,3.5316813541751007
2025-04-24,KXGDPYEAR-25,2026-02-20,1.0569727547931382,0.8,0.1,0.29409862570735645,1.1741585905800926,1.2982939639398379
2025-04-24,KXGDPYEAR-26,2026-08-05,2.314779095176201,2.3,2.3,0.09744169529139075,12.718177246770306,0.24585382182900262
2025-04-24,KXGDPYEAR-27,2026-08-05,2.0076383085144998,1.8,1.8,0.37400640422233034,2.898797807861639,0.6732893756761689
2025-04-24,KXGDPYEAR-28,2026-08-04,2.4731462188993745,2.3,2.3,0.1400696034980221,-0.34308140549094945,2.8598708587524024
2025-04-24,KXGDPYEAR-29,2026-08-04,2.3444515498705965,2.3,2.8,0.03264685533572642,-0.4834652040264813,2.997886909329589
2025-04-24,KXGDPYEAR-30,2026-08-05,2.53,2.3,2.3,0.20390070921985817,-0.3831493711206555,2.1596999999999995
2025-04-24,KXGDPYEAR-31,2026-08-04,2.248014310493019,2.3,2.8,-0.037566168275753146,-0.7012489658312346,2.719168761277071
2025-04-24,KXGDPYEAR-32,2026-08-04,2.675002825369558,2.3,1.8,0.23810070525900007,-1.1546447091476657,3.45779719496512
2025-04-24,KXGDPYEAR-33,2026-08-05,2.8592210044753155,2.3,2.3,0.3689059934043657,-1.0555602215262991,3.4287871306045083
2025-04-24,KXGDPYEAR-34,2026-08-05,2.3636376657707103,2.3,0.1,0.04455795922498969,-0.6997330658180774,3.1110572835108945
2025-04-24,KXGDPYEAR-35,2026-08-04,2.749826891591256,2.8,1.8,-0.03218786147859579,-1.1621044533643832,3.3473672445211338
2025-04-24,KXGDPYEAR-36,2026-08-04,2.695242416882835,2.3,0.1,0.24894730630532177,-1.127603469239581,3.5316813541751007
2025-04-25,KXGDPYEAR-25,2026-02-20,1.0569727547931382,0.8,0.1,0.29409862570735645,1.1741585905800926,1.2982939639398379
2025-04-25,KXGDPYEAR-26,2026-08-05,2.314779095176201,2.3,2.3,0.09744169529139075,12.718177246770306,0.24585382182900262
2025-04-25,KXGDPYEAR-27,2026-08-05,2.0076383085144998,1.8,1.8,0.37400640422233034,2.898797807861639,0.6732893756761689
2025-04-25,KXGDPYEAR-28,2026-08-04,2.4731462188993745,2.3,2.3,0.1400696034980221,-0.34308140549094945,2.8598708587524024
2025-04-25,KXGDPYEAR-29,2026-08-04,2.3444515498705965,2.3,2.8,0.03264685533572642,-0.4834652040264813,2.997886909329589
2025-04-25,KXGDPYEAR-30,2026-08-05,2.53,2.3,2.3,0.20390070921985817,-0.3831493711206555,2.1596999999999995
2025-04-25,KXGDPYEAR-31,2026-08-04,2.248014310493019,2.3,2.8,-0.037566168275753146,-0.7012489658312346,2.719168761277071
2025-04-25,KXGDPYEAR-32,2026-08-04,2.675002825369558,2.3,1.8,0.23810070525900007,-1.1546447091476657,3.45779719496512
2025-04-25,KXGDPYEAR-33,2026-08-05,2.8592210044753155,2.3,2.3,0.3689059934043657,-1.0555602215262991,3.4287871306045083
2025-04-25,KXGDPYEAR-34,2026-08-05,2.3636376657707103,2.3,0.1,0.04455795922498969,-0.6997330658180774,3.1110572835108945
2025-04-25,KXGDPYEAR-35,2026-08-04,2.749826891591256,2.8,1.8,-0.03218786147859579,-1.1621044533643832,3.3473672445211338
2025-04-25,KXGDPYEAR-36,2026-08-04,2.695242416882835,2.3,0.1,0.24894730630532177,-1.127603469239581,3.5316813541751007
2025-04-26,KXGDPYEAR-25,2026-02-20,1.0569727547931382,0.8,0.1,0.29409862570735645,1.1741585905800926,1.2982939639398379
2025-04-26,KXGDPYEAR-26,2026-08-05,2.314779095176201,2.3,2.3,0.09744169529139075,12.718177246770306,0.24585382182900262
2025-04-26,KXGDPYEAR-27,2026-08-05,2.0076383085144998,1.8,1.8,0.37400640422233034,2.898797807861639,0.6732893756761689
2025-04-26,KXGDPYEAR-28,2026-08-04,2.4731462188993745,2.3,2.3,0.1400696034980221,-0.34308140549094945,2.8598708587524024
2025-04-26,KXGDPYEAR-29,2026-08-04,2.3444515498705965,2.3,2.8,0.03264685533572642,-0.4834652040264813,2.997886909329589
2025-04-26,KXGDPYEAR-30,2026-08-05,2.53,2.3,2.3,0.20390070921985817,-0.3831493711206555,2.1596999999999995
2025-04-26,KXGDPYEAR-31,2026-08-04,2.248014310493019,2.3,2.8,-0.037566168275753146,-0.7012489658312346,2.719168761277071
2025-04-26,KXGDPYEAR-32,2026-08-04,2.675002825369558,2.3,1.8,0.23810070525900007,-1.1546447091476657,3.45779719496512
2025-04-26,KXGDPYEAR-33,2026-08-05,2.8592210044753155,2.3,2.3,0.3689059934043657,-1.0555602215262991,3.4287871306045083
2025-04-26,KXGDPYEAR-34,2026-08-05,2.3636376657707103,2.3,0.1,0.04455795922498969,-0.6997330658180774,3.1110572835108945
2025-04-26,KXGDPYEAR-35,2026-08-04,2.749826891591256,2.8,1.8,-0.03218786147859579,-1.1621044533643832,3.3473672445211338
2025-04-26,KXGDPYEAR-36,2026-08-04,2.695242416882835,2.3,0.1,0.24894730630532177,-1.127603469239581,3.5316813541751007
2025-04-27,KXGDPYEAR-25,2026-02-20,1.0569727547931382,0.8,0.1,0.29409862570735645,1.1741585905800926,1.2982939639398379
2025-04-27,KXGDPYEAR-26,2026-08-05,2.314779095176201,2.3,2.3,0.09744169529139075,12.718177246770306,0.24585382182900262
2025-04-27,KXGDPYEAR-27,2026-08-05,2.0076383085144998,1.8,1.8,0.37400640422233034,2.898797807861639,0.6732893756761689
2025-04-27,KXGDPYEAR-28,2026-08-04,2.4731462188993745,2.3,2.3,0.1400696034980221,-0.34308140549094945,2.8598708587524024
2025-04-27,KXGDPYEAR-29,2026-08-04,2.3444515498705965,2.3,2.8,0.03264685533572642,-0.4834652040264813,2.997886909329589
2025-04-27,KXGDPYEAR-30,2026-08-05,2.53,2.3,2.3,0.20390070921985817,-0.3831493711206555,2.1596999999999995
2025-04-27,KXGDPYEAR-31,2026-08-04,2.248014310493019,2.3,2.8,-0.037566168275753146,-0.7012489658312346,2.719168761277071
2025-04-27,KXGDPYEAR-32,2026-08-04,2.675002825369558,2.3,1.8,0.23810070525900007,-1.1546447091476657,3.45779719496512
2025-04-27,KXGDPYEAR-33,2026-08-05,2.8592210044753155,2.3,2.3,0.3689059934043657,-1.0555602215262991,3.4287871306045083
2025-04-27,KXGDPYEAR-34,2026-08-05,2.3636376657707103,2.3,0.1,0.04455795922498969,-0.6997330658180774,3.1110572835108945
2025-04-27,KXGDPYEAR-35,2026-08-04,2.749826891591256,2.8,1.8,-0.03218786147859579,-1.1621044533643832,3.3473672445211338
2025-04-27,KXGDPYEAR-36,2026-08-04,2.695242416882835,2.3,0.1,0.24894730630532177,-1.127603469239581,3.5316813541751007
2025-04-28,KXGDPYEAR-25,2026-02-20,1.0487394957983194,0.8,0.1,0.28516377649325625,1.2008767735127153,1.2949353859190733
2025-04-28,KXGDPYEAR-26,2026-08-05,2.314779095176201,2.3,2.3,0.09744169529139075,12.718177246770306,0.24585382182900262
2025-04-28,KXGDPYEAR-27,2026-08-05,2.0076383085144998,1.8,1.8,0.37400640422233034,2.898797807861639,0.6732893756761689
2025-04-28,KXGDPYEAR-28,2026-08-04,2.4731462188993745,2.3,2.3,0.1400696034980221,-0.34308140549094945,2.8598708587524024
2025-04-28,KXGDPYEAR-29,2026-08-04,2.3444515498705965,2.3,2.8,0.03264685533572642,-0.4834652040264813,2.997886909329589
2025-04-28,KXGDPYEAR-30,2026-08-05,2.53,2.3,2.3,0.20390070921985817,-0.3831493711206555,2.1596999999999995
2025-04-28,KXGDPYEAR-31,2026-08-04,2.248014310493019,2.3,2.8,-0.037566168275753146,-0.7012489658312346,2.719168761277071
2025-04-28,KXGDPYEAR-32,2026-08-04,2.675002825369558,2.3,1.8,0.23810070525900007,-1.1546447091476657,3.45779719496512
2025-04-28,KXGDPYEAR-33,2026-08-05,2.8592210044753155,2.3,2.3,0.3689059934043657,-1.0555602215262991,3.4287871306045083
2025-04-28,KXGDPYEAR-34,2026-08-05,2.3636376657707103,2.3,0.1,0.04455795922498969,-0.6997330658180774,3.1110572835108945
2025-04-28,KXGDPYEAR-35,2026-08-04,2.749826891591256,2.8,1.8,-0.03218786147859579,-1.1621044533643832,3.3473672445211338
2025-04-28,KXGDPYEAR-36,2026-08-04,2.695242416882835,2.3,0.1,0.24894730630532177,-1.127603469239581,3.5316813541751007
2025-04-29,KXGDPYEAR-25,2026-02-20,1.083209743298691,0.8,0.1,0.32236852556519413,1.0941151569076482,1.3080923743499364
2025-04-29,KXGDPYEAR-26,2026-08-05,2.314779095176201,2.3,2.3,0.09744169529139075,12.718177246770306,0.24585382182900262
2025-04-29,KXGDPYEAR-27,2026-08-05,2.0076383085144998,1.8,1.8,0.37400640422233034,2.898797807861639,0.6732893756761689
2025-04-29,KXGDPYEAR-28,2026-08-04,2.4731462188993745,2.3,2.3,0.1400696034980221,-0.34308140549094945,2.8598708587524024
2025-04-29,KXGDPYEAR-29,2026-08-04,2.3444515498705965,2.3,2.8,0.03264685533572642,-0.4834652040264813,2.997886909329589
2025-04-29,KXGDPYEAR-30,2026-08-05,2.53,2.3,2.3,0.20390070921985817,-0.3831493711206555,2.1596999999999995
2025-04-29,KXGDPYEAR-31,2026-08-04,2.248014310493019,2.3,2.8,-0.037566168275753146,-0.7012489658312346,2.719168761277071
2025-04-29,KXGDPYEAR-32,2026-08-04,2.675002825369558,2.3,1.8,0.23810070525900007,-1.1546447091476657,3.45779719496512
2025-04-29,KXGDPYEAR-33,2026-08-05,2.8592210044753155,2.3,2.3,0.3689059934043657,-1.0555602215262991,3.4287871306045083
2025-04-29,KXGDPYEAR-34,2026-08-05,2.3636376657707103,2.3,0.1,0.04455795922498969,-0.6997330658180774,3.1110572835108945
2025-04-29,KXGDPYEAR-35,2026-08-04,2.749826891591256,2.8,1.8,-0.03218786147859579,-1.1621044533643832,3.3473672445211338
2025-04-29,KXGDPYEAR-36,2026-08-04,2.695242416882835,2.3,0.1,0.24894730630532177,-1.127603469239581,3.5316813541751007
2025-04-30,KXGDPYEAR-25,2026-02-20,1.0421304347826088,0.8,0.1,0.2812427404122939,1.3090644898028687,1.259719809073724
2025-04-30,KXGDPYEAR-26,2026-08-05,2.314779095176201,2.3,2.3,0.09744169529139075,12.718177246770306,0.24585382182900262
2025-04-30,KXGDPYEAR-27,2026-08-05,2.0076383085144998,1.8,1.8,0.37400640422233034,2.898797807861639,0.6732893756761689
2025-04-30,KXGDPYEAR-28,2026-08-04,2.4731462188993745,2.3,2.3,0.1400696034980221,-0.34308140549094945,2.8598708587524024
2025-04-30,KXGDPYEAR-29,2026-08-04,2.3444515498705965,2.3,2.8,0.03264685533572642,-0.4834652040264813,2.997886909329589
2025-04-30,KXGDPYEAR-30,2026-08-05,2.53,2.3,2.3,0.20390070921985817,-0.3831493711206555,2.1596999999999995
2025-04-30,KXGDPYEAR-31,2026-08-04,2.248014310493019,2.3,2.8,-0.037566168275753146,-0.7012489658312346,2.719168761277071
2025-04-30,KXGDPYEAR-32,2026-08-04,2.675002825369558,2.3,1.8,0.23810070525900007,-1.1546447091476657,3.45779719496512
2025-04-30,KXGDPYEAR-33,2026-08-05,2.8592210044753155,2.3,2.3,0.3689059934043657,-1.0555602215262991,3.4287871306045083
2025-04-30,KXGDPYEAR-34,2026-08-05,2.3636376657707103,2.3,0.1,0.04455795922498969,-0.6997330658180774,3.1110572835108945
2025-04-30,KXGDPYEAR-35,2026-08-04,2.749826891591256,2.8,1.8,-0.03218786147859579,-1.1621044533643832,3.3473672445211338
2025-04-30,KXGDPYEAR-36,2026-08-04,2.695242416882835,2.3,0.1,0.24894730630532177,-1.127603469239581,3.5316813541751007
2025-05-01,KXGDPYEAR-25,2026-02-20,1.039516129032258,0.8,0.1,0.27835051546391754,1.3176733452447387,1.2586804110301768
2025-05-01,KXGDPYEAR-26,2026-08-05,2.314779095176201,2.3,2.3,0.09744169529139075,12.718177246770306,0.24585382182900262
2025-05-01,KXGDPYEAR-27,2026-08-05,2.0076383085144998,1.8,1.8,0.37400640422233034,2.898797807861639,0.6732893756761689
2025-05-01,KXGDPYEAR-28,2026-08-04,2.4731462188993745,2.3,2.3,0.1400696034980221,-0.34308140549094945,2.8598708587524024
2025-05-01,KXGDPYEAR-29,2026-08-04,2.3444515498705965,2.3,2.8,0.03264685533572642,-0.4834652040264813,2.997886909329589
2025-05-01,KXGDPYEAR-30,2026-08-05,2.53,2.3,2.3,0.20390070921985817,-0.3831493711206555,2.1596999999999995
2025-05-01,KXGDPYEAR-31,2026-08-04,2.248014310493019,2.3,2.8,-0.037566168275753146,-0.7012489658312346,2.719168761277071
2025-05-01,KXGDPYEAR-32,2026-08-04,2.675002825369558,2.3,1.8,0.23810070525900007,-1.1546447091476657,3.45779719496512
2025-05-01,KXGDPYEAR-33,2026-08-05,2.8592210044753155,2.3,2.3,0.3689059934043657,-1.0555602215262991,3.4287871306045083
2025-05-01,KXGDPYEAR-34,2026-08-05,2.3636376657707103,2.3,0.1,0.04455795922498969,-0.6997330658180774,3.1110572835108945
2025-05-01,KXGDPYEAR-35,2026-08-04,2.749826891591256,2.8,1.8,-0.03218786147859579,-1.1621044533643832,3.3473672445211338
2025-05-01,KXGDPYEAR-36,2026-08-04,2.695242416882835,2.3,0.1,0.24894730630532177,-1.127603469239581,3.5316813541751007
2025-05-02,KXGDPYEAR-25,2026-02-20,1.0792108476319,0.8,0.1,0.31701835799550526,1.01539381653732,1.2832096079435074
2025-05-02,KXGDPYEAR-26,2026-08-05,2.314779095176201,2.3,2.3,0.09744169529139075,12.718177246770306,0.24585382182900262
2025-05-02,KXGDPYEAR-27,2026-08-05,2.0076383085144998,1.8,1.8,0.37400640422233034,2.898797807861639,0.6732893756761689
2025-05-02,KXGDPYEAR-28,2026-08-04,2.4731462188993745,2.3,2.3,0.1400696034980221,-0.34308140549094945,2.8598708587524024
2025-05-02,KXGDPYEAR-29,2026-08-04,2.3444515498705965,2.3,2.8,0.03264685533572642,-0.4834652040264813,2.997886909329589
2025-05-02,KXGDPYEAR-30,2026-08-05,2.53,2.3,2.3,0.20390070921985817,-0.3831493711206555,2.1596999999999995
2025-05-02,KXGDPYEAR-31,2026-08-04,2.248014310493019,2.3,2.8,-0.037566168275753146,-0.7012489658312346,2.719168761277071
2025-05-02,KXGDPYEAR-32,2026-08-04,2.675002825369558,2.3,1.8,0.23810070525900007,-1.1546447091476657,3.45779719496512
2025-05-02,KXGDPYEAR-33,2026-08-05,2.8592210044753155,2.3,2.3,0.3689059934043657,-1.0555602215262991,3.4287871306045083
2025-05-02,KXGDPYEAR-34,2026-08-05,2.3636376657707103,2.3,0.1,0.04455795922498969,-0.6997330658180774,3.1110572835108945
2025-05-02,KXGDPYEAR-35,2026-08-04,2.749826891591256,2.8,1.8,-0.03218786147859579,-1.1621044533643832,3.3473672445211338
2025-05-02,KXGDPYEAR-36,2026-08-04,2.695242416882835,2.3,0.1,0.24894730630532177,-1.127603469239581,3.5316813541751007
2025-05-03,KXGDPYEAR-25,2026-02-20,1.0792108476319,0.8,0.1,0.31701835799550526,1.01539381653732,1.2832096079435074
2025-05-03,KXGDPYEAR-26,2026-08-05,2.314779095176201,2.3,2.3,0.09744169529139075,12.718177246770306,0.24585382182900262
2025-05-03,KXGDPYEAR-27,2026-08-05,2.0076383085144998,1.8,1.8,0.37400640422233034,2.898797807861639,0.6732893756761689
2025-05-03,KXGDPYEAR-28,2026-08-04,2.4731462188993745,2.3,2.3,0.1400696034980221,-0.34308140549094945,2.8598708587524024
2025-05-03,KXGDPYEAR-29,2026-08-04,2.3444515498705965,2.3,2.8,0.03264685533572642,-0.4834652040264813,2.997886909329589
2025-05-03,KXGDPYEAR-30,2026-08-05,2.53,2.3,2.3,0.20390070921985817,-0.3831493711206555,2.1596999999999995
2025-05-03,KXGDPYEAR-31,2026-08-04,2.248014310493019,2.3,2.8,-0.037566168275753146,-0.7012489658312346,2.719168761277071
2025-05-03,KXGDPYEAR-32,2026-08-04,2.675002825369558,2.3,1.8,0.23810070525900007,-1.1546447091476657,3.45779719496512
2025-05-03,KXGDPYEAR-33,2026-08-05,2.8592210044753155,2.3,2.3,0.3689059934043657,-1.0555602215262991,3.4287871306045083
2025-05-03,KXGDPYEAR-34,2026-08-05,2.3636376657707103,2.3,0.1,0.04455795922498969,-0.6997330658180774,3.1110572835108945
2025-05-03,KXGDPYEAR-35,2026-08-04,2.749826891591256,2.8,1.8,-0.03218786147859579,-1.1621044533643832,3.3473672445211338
2025-05-03,KXGDPYEAR-36,2026-08-04,2.695242416882835,2.3,0.1,0.24894730630532177,-1.127603469239581,3.5316813541751007
2025-05-04,KXGDPYEAR-25,2026-02-20,1.0792108476319,0.8,0.1,0.31701835799550526,1.01539381653732,1.2832096079435074
2025-05-04,KXGDPYEAR-26,2026-08-05,2.314779095176201,2.3,2.3,0.09744169529139075,12.718177246770306,0.24585382182900262
2025-05-04,KXGDPYEAR-27,2026-08-05,2.0076383085144998,1.8,1.8,0.37400640422233034,2.898797807861639,0.6732893756761689
2025-05-04,KXGDPYEAR-28,2026-08-04,2.4731462188993745,2.3,2.3,0.1400696034980221,-0.34308140549094945,2.8598708587524024
2025-05-04,KXGDPYEAR-29,2026-08-04,2.3444515498705965,2.3,2.8,0.03264685533572642,-0.4834652040264813,2.997886909329589
2025-05-04,KXGDPYEAR-30,2026-08-05,2.53,2.3,2.3,0.20390070921985817,-0.3831493711206555,2.1596999999999995
2025-05-04,KXGDPYEAR-31,2026-08-04,2.248014310493019,2.3,2.8,-0.037566168275753146,-0.7012489658312346,2.719168761277071
2025-05-04,KXGDPYEAR-32,2026-08-04,2.675002825369558,2.3,1.8,0.23810070525900007,-1.1546447091476657,3.45779719496512
2025-05-04,KXGDPYEAR-33,2026-08-05,2.8592210044753155,2.3,2.3,0.3689059934043657,-1.0555602215262991,3.4287871306045083
2025-05-04,KXGDPYEAR-34,2026-08-05,2.3636376657707103,2.3,0.1,0.04455795922498969,-0.6997330658180774,3.1110572835108945
2025-05-04,KXGDPYEAR-35,2026-08-04,2.749826891591256,2.8,1.8,-0.03218786147859579,-1.1621044533643832,3.3473672445211338
2025-05-04,KXGDPYEAR-36,2026-08-04,2.695242416882835,2.3,0.1,0.24894730630532177,-1.127603469239581,3.5316813541751007
2025-05-05,KXGDPYEAR-25,2026-02-20,1.1074380165289257,0.8,0.1,0.3470149253731344,0.9407127515060738,1.2917628577282971
2025-05-05,KXGDPYEAR-26,2026-08-05,2.314779095176201,2.3,2.3,0.09744169529139075,12.718177246770306,0.24585382182900262
2025-05-05,KXGDPYEAR-27,2026-08-05,2.0076383085144998,1.8,1.8,0.37400640422233034,2.898797807861639,0.6732893756761689
2025-05-05,KXGDPYEAR-28,2026-08-04,2.4731462188993745,2.3,2.3,0.1400696034980221,-0.34308140549094945,2.8598708587524024
2025-05-05,KXGDPYEAR-29,2026-08-04,2.3444515498705965,2.3,2.8,0.03264685533572642,-0.4834652040264813,2.997886909329589
2025-05-05,KXGDPYEAR-30,2026-08-05,2.53,2.3,2.3,0.20390070921985817,-0.3831493711206555,2.1596999999999995
2025-05-05,KXGDPYEAR-31,2026-08-04,2.248014310493019,2.3,2.8,-0.037566168275753146,-0.7012489658312346,2.719168761277071
2025-05-05,KXGDPYEAR-32,2026-08-04,2.675002825369558,2.3,1.8,0.23810070525900007,-1.1546447091476657,3.45779719496512
2025-05-05,KXGDPYEAR-33,2026-08-05,2.8592210044753155,2.3,2.3,0.3689059934043657,-1.0555602215262991,3.4287871306045083
2025-05-05,KXGDPYEAR-34,2026-08-05,2.3636376657707103,2.3,0.1,0.04455795922498969,-0.6997330658180774,3.1110572835108945
2025-05-05,KXGDPYEAR-35,2026-08-04,2.749826891591256,2.8,1.8,-0.03218786147859579,-1.1621044533643832,3.3473672445211338
2025-05-05,KXGDPYEAR-36,2026-08-04,2.695242416882835,2.3,0.1,0.24894730630532177,-1.127603469239581,3.5316813541751007
2025-05-06,KXGDPYEAR-25,2026-02-20,1.1074380165289257,0.8,0.1,0.3470149253731344,0.9407127515060738,1.2917628577282971
2025-05-06,KXGDPYEAR-26,2026-08-05,2.314779095176201,2.3,2.3,0.09744169529139075,12.718177246770306,0.24585382182900262
2025-05-06,KXGDPYEAR-27,2026-08-05,2.0076383085144998,1.8,1.8,0.37400640422233034,2.898797807861639,0.6732893756761689
2025-05-06,KXGDPYEAR-28,2026-08-04,2.4731462188993745,2.3,2.3,0.1400696034980221,-0.34308140549094945,2.8598708587524024
2025-05-06,KXGDPYEAR-29,2026-08-04,2.3444515498705965,2.3,2.8,0.03264685533572642,-0.4834652040264813,2.997886909329589
2025-05-06,KXGDPYEAR-30,2026-08-05,2.53,2.3,2.3,0.20390070921985817,-0.3831493711206555,2.1596999999999995
2025-05-06,KXGDPYEAR-31,2026-08-04,2.248014310493019,2.3,2.8,-0.037566168275753146,-0.7012489658312346,2.719168761277071
2025-05-06,KXGDPYEAR-32,2026-08-04,2.675002825369558,2.3,1.8,0.23810070525900007,-1.1546447091476657,3.45779719496512
2025-05-06,KXGDPYEAR-33,2026-08-05,2.8592210044753155,2.3,2.3,0.3689059934043657,-1.0555602215262991,3.4287871306045083
2025-05-06,KXGDPYEAR-34,2026-08-05,2.3636376657707103,2.3,0.1,0.04455795922498969,-0.6997330658180774,3.1110572835108945
2025-05-06,KXGDPYEAR-35,2026-08-04,2.749826891591256,2.8,1.8,-0.03218786147859579,-1.1621044533643832,3.3473672445211338
2025-05-06,KXGDPYEAR-36,2026-08-04,2.695242416882835,2.3,0.1,0.24894730630532177,-1.127603469239581,3.5316813541751007
2025-05-07,KXGDPYEAR-25,2026-02-20,1.0752000000000002,0.8,0.1,0.3127272727272726,1.0266884129915619,1.28186496
2025-05-07,KXGDPYEAR-26,2026-08-05,2.314779095176201,2.3,2.3,0.09744169529139075,12.718177246770306,0.24585382182900262
2025-05-07,KXGDPYEAR-27,2026-08-05,2.0076383085144998,1.8,1.8,0.37400640422233034,2.898797807861639,0.6732893756761689
2025-05-07,KXGDPYEAR-28,2026-08-04,2.4731462188993745,2.3,2.3,0.1400696034980221,-0.34308140549094945,2.8598708587524024
2025-05-07,KXGDPYEAR-29,2026-08-04,2.3444515498705965,2.3,2.8,0.03264685533572642,-0.4834652040264813,2.997886909329589
2025-05-07,KXGDPYEAR-30,2026-08-05,2.53,2.3,2.3,0.20390070921985817,-0.3831493711206555,2.1596999999999995
2025-05-07,KXGDPYEAR-31,2026-08-04,2.248014310493019,2.3,2.8,-0.037566168275753146,-0.7012489658312346,2.719168761277071
2025-05-07,KXGDPYEAR-32,2026-08-04,2.675002825369558,2.3,1.8,0.23810070525900007,-1.1546447091476657,3.45779719496512
2025-05-07,KXGDPYEAR-33,2026-08-05,2.8592210044753155,2.3,2.3,0.3689059934043657,-1.0555602215262991,3.4287871306045083
2025-05-07,KXGDPYEAR-34,2026-08-05,2.3636376657707103,2.3,0.1,0.04455795922498969,-0.6997330658180774,3.1110572835108945
2025-05-07,KXGDPYEAR-35,2026-08-04,2.749826891591256,2.8,1.8,-0.03218786147859579,-1.1621044533643832,3.3473672445211338
2025-05-07,KXGDPYEAR-36,2026-08-04,2.695242416882835,2.3,0.1,0.24894730630532177,-1.127603469239581,3.5316813541751007
2025-05-08,KXGDPYEAR-25,2026-02-20,1.1158333333333335,0.8,0.1,0.35586854460093875,0.9200769397948512,1.2939993055555552
2025-05-08,KXGDPYEAR-26,2026-08-05,2.314779095176201,2.3,2.3,0.09744169529139075,12.718177246770306,0.24585382182900262
2025-05-08,KXGDPYEAR-27,2026-08-05,2.0076383085144998,1.8,1.8,0.37400640422233034,2.898797807861639,0.6732893756761689
2025-05-08,KXGDPYEAR-28,2026-08-04,2.4731462188993745,2.3,2.3,0.1400696034980221,-0.34308140549094945,2.8598708587524024
2025-05-08,KXGDPYEAR-29,2026-08-04,2.3444515498705965,2.3,2.8,0.03264685533572642,-0.4834652040264813,2.997886909329589
2025-05-08,KXGDPYEAR-30,2026-08-05,2.53,2.3,2.3,0.20390070921985817,-0.3831493711206555,2.1596999999999995
2025-05-08,KXGDPYEAR-31,2026-08-04,2.248014310493019,2.3,2.8,-0.037566168275753146,-0.7012489658312346,2.719168761277071
2025-05-08,KXGDPYEAR-32,2026-08-04,2.675002825369558,2.3,1.8,0.23810070525900007,-1.1546447091476657,3.45779719496512
2025-05-08,KXGDPYEAR-33,2026-08-05,2.8592210044753155,2.3,2.3,0.3689059934043657,-1.0555602215262991,3.4287871306045083
2025-05-08,KXGDPYEAR-34,2026-08-05,2.3636376657707103,2.3,0.1,0.04455795922498969,-0.6997330658180774,3.1110572835108945
2025-05-08,KXGDPYEAR-35,2026-08-04,2.749826891591256,2.8,1.8,-0.03218786147859579,-1.1621044533643832,3.3473672445211338
2025-05-08,KXGDPYEAR-36,2026-08-04,2.695242416882835,2.3,0.1,0.24894730630532177,-1.127603469239581,3.5316813541751007
2025-05-09,KXGDPYEAR-25,2026-02-20,1.0779969768613618,0.8,0.1,0.31572043559789065,1.0187937528595379,1.2828060495238243
2025-05-09,KXGDPYEAR-26,2026-08-05,2.314779095176201,2.3,2.3,0.09744169529139075,12.718177246770306,0.24585382182900262
2025-05-09,KXGDPYEAR-27,2026-08-05,2.0076383085144998,1.8,1.8,0.37400640422233034,2.898797807861639,0.6732893756761689
2025-05-09,KXGDPYEAR-28,2026-08-04,2.4731462188993745,2.3,2.3,0.1400696034980221,-0.34308140549094945,2.8598708587524024
2025-05-09,KXGDPYEAR-29,2026-08-04,2.3444515498705965,2.3,2.8,0.03264685533572642,-0.4834652040264813,2.997886909329589
2025-05-09,KXGDPYEAR-30,2026-08-05,2.53,2.3,2.3,0.20390070921985817,-0.3831493711206555,2.1596999999999995
2025-05-09,KXGDPYEAR-31,2026-08-04,2.248014310493019,2.3,2.8,-0.037566168275753146,-0.7012489658312346,2.719168761277071
2025-05-09,KXGDPYEAR-32,2026-08-04,2.675002825369558,2.3,1.8,0.23810070525900007,-1.1546447091476657,3.45779719496512
2025-05-09,KXGDPYEAR-33,2026-08-05,2.8592210044753155,2.3,2.3,0.3689059934043657,-1.0555602215262991,3.4287871306045083
2025-05-09,KXGDPYEAR-34,2026-08-05,2.3636376657707103,2.3,0.1,0.04455795922498969,-0.6997330658180774,3.1110572835108945
2025-05-09,KXGDPYEAR-35,2026-08-04,2.749826891591256,2.8,1.8,-0.03218786147859579,-1.1621044533643832,3.3473672445211338
2025-05-09,KXGDPYEAR-36,2026-08-04,2.695242416882835,2.3,0.1,0.24894730630532177,-1.127603469239581,3.5316813541751007
2025-05-10,KXGDPYEAR-25,2026-02-20,1.0910569105691057,0.8,0.1,0.32965009208103124,0.9830396730286974,1.2869931918831383
2025-05-10,KXGDPYEAR-26,2026-08-05,2.314779095176201,2.3,2.3,0.09744169529139075,12.718177246770306,0.24585382182900262
2025-05-10,KXGDPYEAR-27,2026-08-05,2.0076383085144998,1.8,1.8,0.37400640422233034,2.898797807861639,0.6732893756761689
2025-05-10,KXGDPYEAR-28,2026-08-04,2.4731462188993745,2.3,2.3,0.1400696034980221,-0.34308140549094945,2.8598708587524024
2025-05-10,KXGDPYEAR-29,2026-08-04,2.3444515498705965,2.3,2.8,0.03264685533572642,-0.4834652040264813,2.997886909329589
2025-05-10,KXGDPYEAR-30,2026-08-05,2.53,2.3,2.3,0.20390070921985817,-0.3831493711206555,2.1596999999999995
2025-05-10,KXGDPYEAR-31,2026-08-04,2.248014310493019,2.3,2.8,-0.037566168275753146,-0.7012489658312346,2.719168761277071
2025-05-10,KXGDPYEAR-32,2026-08-04,2.675002825369558,2.3,1.8,0.23810070525900007,-1.1546447091476657,3.45779719496512
2025-05-10,KXGDPYEAR-33,2026-08-05,2.8592210044753155,2.3,2.3,0.3689059934043657,-1.0555602215262991,3.4287871306045083
2025-05-10,KXGDPYEAR-34,2026-08-05,2.3636376657707103,2.3,0.1,0.04455795922498969,-0.6997330658180774,3.1110572835108945
2025-05-10,KXGDPYEAR-35,2026-08-04,2.749826891591256,2.8,1.8,-0.03218786147859579,-1.1621044533643832,3.3473672445211338
2025-05-10,KXGDPYEAR-36,2026-08-04,2.695242416882835,2.3,0.1,0.24894730630532177,-1.127603469239581,3.5316813541751007
2025-05-11,KXGDPYEAR-25,2026-02-20,1.0910569105691057,0.8,0.1,0.32965009208103124,0.9830396730286974,1.2869931918831383
2025-05-11,KXGDPYEAR-26,2026-08-05,2.314779095176201,2.3,2.3,0.09744169529139075,12.718177246770306,0.24585382182900262
2025-05-11,KXGDPYEAR-27,2026-08-05,2.0076383085144998,1.8,1.8,0.37400640422233034,2.898797807861639,0.6732893756761689
2025-05-11,KXGDPYEAR-28,2026-08-04,2.4731462188993745,2.3,2.3,0.1400696034980221,-0.34308140549094945,2.8598708587524024
2025-05-11,KXGDPYEAR-29,2026-08-04,2.3444515498705965,2.3,2.8,0.03264685533572642,-0.4834652040264813,2.997886909329589
2025-05-11,KXGDPYEAR-30,2026-08-05,2.53,2.3,2.3,0.20390070921985817,-0.3831493711206555,2.1596999999999995
2025-05-11,KXGDPYEAR-31,2026-08-04,2.248014310493019,2.3,2.8,-0.037566168275753146,-0.7012489658312346,2.719168761277071
2025-05-11,KXGDPYEAR-32,2026-08-04,2.675002825369558,2.3,1.8,0.23810070525900007,-1.1546447091476657,3.45779719496512
2025-05-11,KXGDPYEAR-33,2026-08-05,2.8592210044753155,2.3,2.3,0.3689059934043657,-1.0555602215262991,3.4287871306045083
2025-05-11,KXGDPYEAR-34,2026-08-05,2.3636376657707103,2.3,0.1,0.04455795922498969,-0.6997330658180774,3.1110572835108945
2025-05-11,KXGDPYEAR-35,2026-08-04,2.749826891591256,2.8,1.8,-0.03218786147859579,-1.1621044533643832,3.3473672445211338
2025-05-11,KXGDPYEAR-36,2026-08-04,2.695242416882835,2.3,0.1,0.24894730630532177,-1.127603469239581,3.5316813541751007
2025-05-12,KXGDPYEAR-25,2026-02-20,1.1156292117760644,0.8,0.1,0.35565364672929484,0.9205703288444176,1.2939466011421532
2025-05-12,KXGDPYEAR-26,2026-08-05,2.314779095176201,2.3,2.3,0.09744169529139075,12.718177246770306,0.24585382182900262
2025-05-12,KXGDPYEAR-27,2026-08-05,2.0076383085144998,1.8,1.8,0.37400640422233034,2.898797807861639,0.6732893756761689
2025-05-12,KXGDPYEAR-28,2026-08-04,2.4731462188993745,2.3,2.3,0.1400696034980221,-0.34308140549094945,2.8598708587524024
2025-05-12,KXGDPYEAR-29,2026-08-04,2.3444515498705965,2.3,2.8,0.03264685533572642,-0.4834652040264813,2.997886909329589
2025-05-12,KXGDPYEAR-30,2026-08-05,2.53,2.3,2.3,0.20390070921985817,-0.3831493711206555,2.1596999999999995
2025-05-12,KXGDPYEAR-31,2026-08-04,2.248014310493019,2.3,2.8,-0.037566168275753146,-0.7012489658312346,2.719168761277071
2025-05-12,KXGDPYEAR-32,2026-08-04,2.675002825369558,2.3,1.8,0.23810070525900007,-1.1546447091476657,3.45779719496512
2025-05-12,KXGDPYEAR-33,2026-08-05,2.8592210044753155,2.3,2.3,0.3689059934043657,-1.0555602215262991,3.4287871306045083
2025-05-12,KXGDPYEAR-34,2026-08-05,2.3636376657707103,2.3,0.1,0.04455795922498969,-0.6997330658180774,3.1110572835108945
2025-05-12,KXGDPYEAR-35,2026-08-04,2.749826891591256,2.8,1.8,-0.03218786147859579,-1.1621044533643832,3.3473672445211338
2025-05-12,KXGDPYEAR-36,2026-08-04,2.695242416882835,2.3,0.1,0.24894730630532177,-1.127603469239581,3.5316813541751007
2025-05-13,KXGDPYEAR-25,2026-02-20,1.2088036690335124,0.8,0.1,0.4516981611898533,0.7169540302734991,1.2824885775909878
2025-05-13,KXGDPYEAR-26,2026-08-05,2.314779095176201,2.3,2.3,0.09744169529139075,12.718177246770306,0.24585382182900262
2025-05-13,KXGDPYEAR-27,2026-08-05,2.0076383085144998,1.8,1.8,0.37400640422233034,2.898797807861639,0.6732893756761689
2025-05-13,KXGDPYEAR-28,2026-08-04,2.4731462188993745,2.3,2.3,0.1400696034980221,-0.34308140549094945,2.8598708587524024
2025-05-13,KXGDPYEAR-29,2026-08-04,2.3444515498705965,2.3,2.8,0.03264685533572642,-0.4834652040264813,2.997886909329589
2025-05-13,KXGDPYEAR-30,2026-08-05,2.53,2.3,2.3,0.20390070921985817,-0.3831493711206555,2.1596999999999995
2025-05-13,KXGDPYEAR-31,2026-08-04,2.248014310493019,2.3,2.8,-0.037566168275753146,-0.7012489658312346,2.719168761277071
2025-05-13,KXGDPYEAR-32,2026-08-04,2.675002825369558,2.3,1.8,0.23810070525900007,-1.1546447091476657,3.45779719496512
2025-05-13,KXGDPYEAR-33,2026-08-05,2.8592210044753155,2.3,2.3,0.3689059934043657,-1.0555602215262991,3.4287871306045083
2025-05-13,KXGDPYEAR-34,2026-08-05,2.3636376657707103,2.3,0.1,0.04455795922498969,-0.6997330658180774,3.1110572835108945
2025-05-13,KXGDPYEAR-35,2026-08-04,2.749826891591256,2.8,1.8,-0.03218786147859579,-1.1621044533643832,3.3473672445211338
2025-05-13,KXGDPYEAR-36,2026-08-04,2.695242416882835,2.3,0.1,0.24894730630532177,-1.127603469239581,3.5316813541751007
2025-05-14,KXGDPYEAR-25,2026-02-20,1.2768448497343825,1.3,0.1,-0.02482091110085446,0.3789792388090043,1.3039442646124406
2025-05-14,KXGDPYEAR-26,2026-08-05,2.314779095176201,2.3,2.3,0.09744169529139075,12.718177246770306,0.24585382182900262
2025-05-14,KXGDPYEAR-27,2026-08-05,2.0076383085144998,1.8,1.8,0.37400640422233034,2.898797807861639,0.6732893756761689
2025-05-14,KXGDPYEAR-28,2026-08-04,2.4731462188993745,2.3,2.3,0.1400696034980221,-0.34308140549094945,2.8598708587524024
2025-05-14,KXGDPYEAR-29,2026-08-04,2.3444515498705965,2.3,2.8,0.03264685533572642,-0.4834652040264813,2.997886909329589
2025-05-14,KXGDPYEAR-30,2026-08-05,2.53,2.3,2.3,0.20390070921985817,-0.3831493711206555,2.1596999999999995
2025-05-14,KXGDPYEAR-31,2026-08-04,2.248014310493019,2.3,2.8,-0.037566168275753146,-0.7012489658312346,2.719168761277071
2025-05-14,KXGDPYEAR-32,2026-08-04,2.675002825369558,2.3,1.8,0.23810070525900007,-1.1546447091476657,3.45779719496512
2025-05-14,KXGDPYEAR-33,2026-08-05,2.8592210044753155,2.3,2.3,0.3689059934043657,-1.0555602215262991,3.4287871306045083
2025-05-14,KXGDPYEAR-34,2026-08-05,2.3636376657707103,2.3,0.1,0.04455795922498969,-0.6997330658180774,3.1110572835108945
2025-05-14,KXGDPYEAR-35,2026-08-04,2.749826891591256,2.8,1.8,-0.03218786147859579,-1.1621044533643832,3.3473672445211338
2025-05-14,KXGDPYEAR-36,2026-08-04,2.695242416882835,2.3,0.1,0.24894730630532177,-1.127603469239581,3.5316813541751007
2025-05-15,KXGDPYEAR-25,2026-02-20,1.2952114594581767,1.3,0.1,-0.005114024123986866,0.28681743397880943,1.3003906102088723
2025-05-15,KXGDPYEAR-26,2026-08-05,2.314779095176201,2.3,2.3,0.09744169529139075,12.718177246770306,0.24585382182900262
2025-05-15,KXGDPYEAR-27,2026-08-05,2.0076383085144998,1.8,1.8,0.37400640422233034,2.898797807861639,0.6732893756761689
2025-05-15,KXGDPYEAR-28,2026-08-04,2.4731462188993745,2.3,2.3,0.1400696034980221,-0.34308140549094945,2.8598708587524024
2025-05-15,KXGDPYEAR-29,2026-08-04,2.3444515498705965,2.3,2.8,0.03264685533572642,-0.4834652040264813,2.997886909329589
2025-05-15,KXGDPYEAR-30,2026-08-05,2.53,2.3,2.3,0.20390070921985817,-0.3831493711206555,2.1596999999999995
2025-05-15,KXGDPYEAR-31,2026-08-04,2.248014310493019,2.3,2.8,-0.037566168275753146,-0.7012489658312346,2.719168761277071
2025-05-15,KXGDPYEAR-32,2026-08-04,2.675002825369558,2.3,1.8,0.23810070525900007,-1.1546447091476657,3.45779719496512
2025-05-15,KXGDPYEAR-33,2026-08-05,2.8592210044753155,2.3,2.3,0.3689059934043657,-1.0555602215262991,3.4287871306045083
2025-05-15,KXGDPYEAR-34,2026-08-05,2.3636376657707103,2.3,0.1,0.04455795922498969,-0.6997330658180774,3.1110572835108945
2025-05-15,KXGDPYEAR-35,2026-08-04,2.749826891591256,2.8,1.8,-0.03218786147859579,-1.1621044533643832,3.3473672445211338
2025-05-15,KXGDPYEAR-36,2026-08-04,2.695242416882835,2.3,0.1,0.24894730630532177,-1.127603469239581,3.5316813541751007
2025-05-16,KXGDPYEAR-25,2026-02-20,1.317338680289209,1.3,0.1,0.018398510326217546,0.17426726491772015,1.308790767512666
2025-05-16,KXGDPYEAR-26,2026-08-05,2.314779095176201,2.3,2.3,0.09744169529139075,12.718177246770306,0.24585382182900262
2025-05-16,KXGDPYEAR-27,2026-08-05,2.0076383085144998,1.8,1.8,0.37400640422233034,2.898797807861639,0.6732893756761689
2025-05-16,KXGDPYEAR-28,2026-08-04,2.4731462188993745,2.3,2.3,0.1400696034980221,-0.34308140549094945,2.8598708587524024
2025-05-16,KXGDPYEAR-29,2026-08-04,2.3444515498705965,2.3,2.8,0.03264685533572642,-0.4834652040264813,2.997886909329589
2025-05-16,KXGDPYEAR-30,2026-08-05,2.53,2.3,2.3,0.20390070921985817,-0.3831493711206555,2.1596999999999995
2025-05-16,KXGDPYEAR-31,2026-08-04,2.248014310493019,2.3,2.8,-0.037566168275753146,-0.7012489658312346,2.719168761277071
2025-05-16,KXGDPYEAR-32,2026-08-04,2.675002825369558,2.3,1.8,0.23810070525900007,-1.1546447091476657,3.45779719496512
2025-05-16,KXGDPYEAR-33,2026-08-05,2.8592210044753155,2.3,2.3,0.3689059934043657,-1.0555602215262991,3.4287871306045083
2025-05-16,KXGDPYEAR-34,2026-08-05,2.3636376657707103,2.3,0.1,0.04455795922498969,-0.6997330658180774,3.1110572835108945
2025-05-16,KXGDPYEAR-35,2026-08-04,2.749826891591256,2.8,1.8,-0.03218786147859579,-1.1621044533643832,3.3473672445211338
2025-05-16,KXGDPYEAR-36,2026-08-04,2.695242416882835,2.3,0.1,0.24894730630532177,-1.127603469239581,3.5316813541751007
2025-05-17,KXGDPYEAR-25,2026-02-20,1.3584760341601652,1.3,0.1,0.06262891370448481,0.1568162410633014,1.3012481748789448
2025-05-17,KXGDPYEAR-26,2026-08-05,2.314779095176201,2.3,2.3,0.09744169529139075,12.718177246770306,0.24585382182900262
2025-05-17,KXGDPYEAR-27,2026-08-05,2.0076383085144998,1.8,1.8,0.37400640422233034,2.898797807861639,0.6732893756761689
2025-05-17,KXGDPYEAR-28,2026-08-04,2.4731462188993745,2.3,2.3,0.1400696034980221,-0.34308140549094945,2.8598708587524024
2025-05-17,KXGDPYEAR-29,2026-08-04,2.3444515498705965,2.3,2.8,0.03264685533572642,-0.4834652040264813,2.997886909329589
2025-05-17,KXGDPYEAR-30,2026-08-05,2.53,2.3,2.3,0.20390070921985817,-0.3831493711206555,2.1596999999999995
2025-05-17,KXGDPYEAR-31,2026-08-04,2.248014310493019,2.3,2.8,-0.037566168275753146,-0.7012489658312346,2.719168761277071
2025-05-17,KXGDPYEAR-32,2026-08-04,2.675002825369558,2.3,1.8,0.23810070525900007,-1.1546447091476657,3.45779719496512
2025-05-17,KXGDPYEAR-33,2026-08-05,2.8592210044753155,2.3,2.3,0.3689059934043657,-1.0555602215262991,3.4287871306045083
2025-05-17,KXGDPYEAR-34,2026-08-05,2.3636376657707103,2.3,0.1,0.04455795922498969,-0.6997330658180774,3.1110572835108945
2025-05-17,KXGDPYEAR-35,2026-08-04,2.749826891591256,2.8,1.8,-0.03218786147859579,-1.1621044533643832,3.3473672445211338
2025-05-17,KXGDPYEAR-36,2026-08-04,2.695242416882835,2.3,0.1,0.24894730630532177,-1.127603469239581,3.5316813541751007
2025-05-18,KXGDPYEAR-25,2026-02-20,1.3589050052075566,1.3,0.1,0.06320006177038331,0.167564221184608,1.2959541671120531
2025-05-18,KXGDPYEAR-26,2026-08-05,2.314779095176201,2.3,2.3,0.09744169529139075,12.718177246770306,0.24585382182900262
2025-05-18,KXGDPYEAR-27,2026-08-05,2.0076383085144998,1.8,1.8,0.37400640422233034,2.898797807861639,0.6732893756761689
2025-05-18,KXGDPYEAR-28,2026-08-04,2.4731462188993745,2.3,2.3,0.1400696034980221,-0.34308140549094945,2.8598708587524024
2025-05-18,KXGDPYEAR-29,2026-08-04,2.3444515498705965,2.3,2.8,0.03264685533572642,-0.4834652040264813,2.997886909329589
2025-05-18,KXGDPYEAR-30,2026-08-05,2.53,2.3,2.3,0.20390070921985817,-0.3831493711206555,2.1596999999999995
2025-05-18,KXGDPYEAR-31,2026-08-04,2.248014310493019,2.3,2.8,-0.037566168275753146,-0.7012489658312346,2.719168761277071
2025-05-18,KXGDPYEAR-32,2026-08-04,2.675002825369558,2.3,1.8,0.23810070525900007,-1.1546447091476657,3.45779719496512
2025-05-18,KXGDPYEAR-33,2026-08-05,2.8592210044753155,2.3,2.3,0.3689059934043657,-1.0555602215262991,3.4287871306045083
2025-05-18,KXGDPYEAR-34,2026-08-05,2.3636376657707103,2.3,0.1,0.04455795922498969,-0.6997330658180774,3.1110572835108945
2025-05-18,KXGDPYEAR-35,2026-08-04,2.749826891591256,2.8,1.8,-0.03218786147859579,-1.1621044533643832,3.3473672445211338
2025-05-18,KXGDPYEAR-36,2026-08-04,2.695242416882835,2.3,0.1,0.24894730630532177,-1.127603469239581,3.5316813541751007
2025-05-19,KXGDPYEAR-25,2026-02-20,1.3349630044570011,1.3,0.1,0.037450589075927534,0.19974245632919363,1.2914315343395928
2025-05-19,KXGDPYEAR-26,2026-08-05,2.314779095176201,2.3,2.3,0.09744169529139075,12.718177246770306,0.24585382182900262
2025-05-19,KXGDPYEAR-27,2026-08-05,2.0076383085144998,1.8,1.8,0.37400640422233034,2.898797807861639,0.6732893756761689
2025-05-19,KXGDPYEAR-28,2026-08-04,2.4731462188993745,2.3,2.3,0.1400696034980221,-0.34308140549094945,2.8598708587524024
2025-05-19,KXGDPYEAR-29,2026-08-04,2.3444515498705965,2.3,2.8,0.03264685533572642,-0.4834652040264813,2.997886909329589
2025-05-19,KXGDPYEAR-30,2026-08-05,2.53,2.3,2.3,0.20390070921985817,-0.3831493711206555,2.1596999999999995
2025-05-19,KXGDPYEAR-31,2026-08-04,2.248014310493019,2.3,2.8,-0.037566168275753146,-0.7012489658312346,2.719168761277071
2025-05-19,KXGDPYEAR-32,2026-08-04,2.675002825369558,2.3,1.8,0.23810070525900007,-1.1546447091476657,3.45779719496512
2025-05-19,KXGDPYEAR-33,2026-08-05,2.8592210044753155,2.3,2.3,0.3689059934043657,-1.0555602215262991,3.4287871306045083
2025-05-19,KXGDPYEAR-34,2026-08-05,2.3636376657707103,2.3,0.1,0.04455795922498969,-0.6997330658180774,3.1110572835108945
2025-05-19,KXGDPYEAR-35,2026-08-04,2.749826891591256,2.8,1.8,-0.03218786147859579,-1.1621044533643832,3.3473672445211338
2025-05-19,KXGDPYEAR-36,2026-08-04,2.695242416882835,2.3,0.1,0.24894730630532177,-1.127603469239581,3.5316813541751007
2025-05-20,KXGDPYEAR-25,2026-02-20,1.3438420929638806,1.3,0.1,0.04684036891949522,0.1671264491446509,1.2965747179376559
2025-05-20,KXGDPYEAR-26,2026-08-05,2.314779095176201,2.3,2.3,0.09744169529139075,12.718177246770306,0.24585382182900262
2025-05-20,KXGDPYEAR-27,2026-08-05,2.0076383085144998,1.8,1.8,0.37400640422233034,2.898797807861639,0.6732893756761689
2025-05-20,KXGDPYEAR-28,2026-08-04,2.4731462188993745,2.3,2.3,0.1400696034980221,-0.34308140549094945,2.8598708587524024
2025-05-20,KXGDPYEAR-29,2026-08-04,2.3444515498705965,2.3,2.8,0.03264685533572642,-0.4834652040264813,2.997886909329589
2025-05-20,KXGDPYEAR-30,2026-08-05,2.53,2.3,2.3,0.20390070921985817,-0.3831493711206555,2.1596999999999995
2025-05-20,KXGDPYEAR-31,2026-08-04,2.248014310493019,2.3,2.8,-0.037566168275753146,-0.7012489658312346,2.719168761277071
2025-05-20,KXGDPYEAR-32,2026-08-04,2.675002825369558,2.3,1.8,0.23810070525900007,-1.1546447091476657,3.45779719496512
2025-05-20,KXGDPYEAR-33,2026-08-05,2.8592210044753155,2.3,2.3,0.3689059934043657,-1.0555602215262991,3.4287871306045083
2025-05-20,KXGDPYEAR-34,2026-08-05,2.3636376657707103,2.3,0.1,0.04455795922498969,-0.6997330658180774,3.1110572835108945
2025-05-20,KXGDPYEAR-35,2026-08-04,2.749826891591256,2.8,1.8,-0.03218786147859579,-1.1621044533643832,3.3473672445211338
2025-05-20,KXGDPYEAR-36,2026-08-04,2.695242416882835,2.3,0.1,0.24894730630532177,-1.127603469239581,3.5316813541751007
2025-05-21,KXGDPYEAR-25,2026-02-20,1.3039467510644516,1.3,0.1,0.004178855406511915,0.18654977760315816,1.3030198822231593
2025-05-21,KXGDPYEAR-26,2026-08-05,2.314779095176201,2.3,2.3,0.09744169529139075,12.718177246770306,0.24585382182900262
2025-05-21,KXGDPYEAR-27,2026-08-05,2.0076383085144998,1.8,1.8,0.37400640422233034,2.898797807861639,0.6732893756761689
2025-05-21,KXGDPYEAR-28,2026-08-04,2.4731462188993745,2.3,2.3,0.1400696034980221,-0.34308140549094945,2.8598708587524024
2025-05-21,KXGDPYEAR-29,2026-08-04,2.3444515498705965,2.3,2.8,0.03264685533572642,-0.4834652040264813,2.997886909329589
2025-05-21,KXGDPYEAR-30,2026-08-05,2.53,2.3,2.3,0.20390070921985817,-0.3831493711206555,2.1596999999999995
2025-05-21,KXGDPYEAR-31,2026-08-04,2.248014310493019,2.3,2.8,-0.037566168275753146,-0.7012489658312346,2.719168761277071
2025-05-21,KXGDPYEAR-32,2026-08-04,2.675002825369558,2.3,1.8,0.23810070525900007,-1.1546447091476657,3.45779719496512
2025-05-21,KXGDPYEAR-33,2026-08-05,2.8592210044753155,2.3,2.3,0.3689059934043657,-1.0555602215262991,3.4287871306045083
2025-05-21,KXGDPYEAR-34,2026-08-05,2.3636376657707103,2.3,0.1,0.04455795922498969,-0.6997330658180774,3.1110572835108945
2025-05-21,KXGDPYEAR-35,2026-08-04,2.749826891591256,2.8,1.8,-0.03218786147859579,-1.1621044533643832,3.3473672445211338
2025-05-21,KXGDPYEAR-36,2026-08-04,2.695242416882835,2.3,0.1,0.24894730630532177,-1.127603469239581,3.5316813541751007
2025-05-22,KXGDPYEAR-25,2026-02-20,1.309544916228268,1.3,0.1,0.010118973666661363,0.18315494854784564,1.3023074898256644
2025-05-22,KXGDPYEAR-26,2026-08-05,2.314779095176201,2.3,2.3,0.09744169529139075,12.718177246770306,0.24585382182900262
2025-05-22,KXGDPYEAR-27,2026-08-05,2.0076383085144998,1.8,1.8,0.37400640422233034,2.898797807861639,0.6732893756761689
2025-05-22,KXGDPYEAR-28,2026-08-04,2.4731462188993745,2.3,2.3,0.1400696034980221,-0.34308140549094945,2.8598708587524024
2025-05-22,KXGDPYEAR-29,2026-08-04,2.3444515498705965,2.3,2.8,0.03264685533572642,-0.4834652040264813,2.997886909329589
2025-05-22,KXGDPYEAR-30,2026-08-05,2.53,2.3,2.3,0.20390070921985817,-0.3831493711206555,2.1596999999999995
2025-05-22,KXGDPYEAR-31,2026-08-04,2.248014310493019,2.3,2.8,-0.037566168275753146,-0.7012489658312346,2.719168761277071
2025-05-22,KXGDPYEAR-32,2026-08-04,2.675002825369558,2.3,1.8,0.23810070525900007,-1.1546447091476657,3.45779719496512
2025-05-22,KXGDPYEAR-33,2026-08-05,2.8592210044753155,2.3,2.3,0.3689059934043657,-1.0555602215262991,3.4287871306045083
2025-05-22,KXGDPYEAR-34,2026-08-05,2.3636376657707103,2.3,0.1,0.04455795922498969,-0.6997330658180774,3.1110572835108945
2025-05-22,KXGDPYEAR-35,2026-08-04,2.749826891591256,2.8,1.8,-0.03218786147859579,-1.1621044533643832,3.3473672445211338
2025-05-22,KXGDPYEAR-36,2026-08-04,2.695242416882835,2.3,0.1,0.24894730630532177,-1.127603469239581,3.5316813541751007
2025-05-23,KXGDPYEAR-25,2026-02-20,1.309544916228268,1.3,0.1,0.010118973666661363,0.18315494854784564,1.3023074898256644
2025-05-23,KXGDPYEAR-26,2026-08-05,2.314779095176201,2.3,2.3,0.09744169529139075,12.718177246770306,0.24585382182900262
2025-05-23,KXGDPYEAR-27,2026-08-05,2.0076383085144998,1.8,1.8,0.37400640422233034,2.898797807861639,0.6732893756761689
2025-05-23,KXGDPYEAR-28,2026-08-04,2.4731462188993745,2.3,2.3,0.1400696034980221,-0.34308140549094945,2.8598708587524024
2025-05-23,KXGDPYEAR-29,2026-08-04,2.3444515498705965,2.3,2.8,0.03264685533572642,-0.4834652040264813,2.997886909329589
2025-05-23,KXGDPYEAR-30,2026-08-05,2.53,2.3,2.3,0.20390070921985817,-0.3831493711206555,2.1596999999999995
2025-05-23,KXGDPYEAR-31,2026-08-04,2.248014310493019,2.3,2.8,-0.037566168275753146,-0.7012489658312346,2.719168761277071
2025-05-23,KXGDPYEAR-32,2026-08-04,2.675002825369558,2.3,1.8,0.23810070525900007,-1.1546447091476657,3.45779719496512
2025-05-23,KXGDPYEAR-33,2026-08-05,2.8592210044753155,2.3,2.3,0.3689059934043657,-1.0555602215262991,3.4287871306045083
2025-05-23,KXGDPYEAR-34,2026-08-05,2.3636376657707103,2.3,0.1,0.04455795922498969,-0.6997330658180774,3.1110572835108945
2025-05-23,KXGDPYEAR-35,2026-08-04,2.749826891591256,2.8,1.8,-0.03218786147859579,-1.1621044533643832,3.3473672445211338
2025-05-23,KXGDPYEAR-36,2026-08-04,2.695242416882835,2.3,0.1,0.24894730630532177,-1.127603469239581,3.5316813541751007
2025-05-24,KXGDPYEAR-25,2026-02-20,1.3307470177045784,1.3,0.1,0.03251595891435137,0.11531168327957797,1.3132364064956463
2025-05-24,KXGDPYEAR-26,2026-08-05,2.314779095176201,2.3,2.3,0.09744169529139075,12.718177246770306,0.24585382182900262
2025-05-24,KXGDPYEAR-27,2026-08-05,2.0076383085144998,1.8,1.8,0.37400640422233034,2.898797807861639,0.6732893756761689
2025-05-24,KXGDPYEAR-28,2026-08-04,2.4731462188993745,2.3,2.3,0.1400696034980221,-0.34308140549094945,2.8598708587524024
2025-05-24,KXGDPYEAR-29,2026-08-04,2.3444515498705965,2.3,2.8,0.03264685533572642,-0.4834652040264813,2.997886909329589
2025-05-24,KXGDPYEAR-30,2026-08-05,2.53,2.3,2.3,0.20390070921985817,-0.3831493711206555,2.1596999999999995
2025-05-24,KXGDPYEAR-31,2026-08-04,2.248014310493019,2.3,2.8,-0.037566168275753146,-0.7012489658312346,2.719168761277071
2025-05-24,KXGDPYEAR-32,2026-08-04,2.675002825369558,2.3,1.8,0.23810070525900007,-1.1546447091476657,3.45779719496512
2025-05-24,KXGDPYEAR-33,2026-08-05,2.8592210044753155,2.3,2.3,0.3689059934043657,-1.0555602215262991,3.4287871306045083
2025-05-24,KXGDPYEAR-34,2026-08-05,2.3636376657707103,2.3,0.1,0.04455795922498969,-0.6997330658180774,3.1110572835108945
2025-05-24,KXGDPYEAR-35,2026-08-04,2.749826891591256,2.8,1.8,-0.03218786147859579,-1.1621044533643832,3.3473672445211338
2025-05-24,KXGDPYEAR-36,2026-08-04,2.695242416882835,2.3,0.1,0.24894730630532177,-1.127603469239581,3.5316813541751007
2025-05-25,KXGDPYEAR-25,2026-02-20,1.3214145789558753,1.3,0.1,0.022718714698129854,0.15767010854778274,1.313272594085175
2025-05-25,KXGDPYEAR-26,2026-08-05,2.314779095176201,2.3,2.3,0.09744169529139075,12.718177246770306,0.24585382182900262
2025-05-25,KXGDPYEAR-27,2026-08-05,2.0076383085144998,1.8,1.8,0.37400640422233034,2.898797807861639,0.6732893756761689
2025-05-25,KXGDPYEAR-28,2026-08-04,2.4731462188993745,2.3,2.3,0.1400696034980221,-0.34308140549094945,2.8598708587524024
2025-05-25,KXGDPYEAR-29,2026-08-04,2.3444515498705965,2.3,2.8,0.03264685533572642,-0.4834652040264813,2.997886909329589
2025-05-25,KXGDPYEAR-30,2026-08-05,2.53,2.3,2.3,0.20390070921985817,-0.3831493711206555,2.1596999999999995
2025-05-25,KXGDPYEAR-31,2026-08-04,2.248014310493019,2.3,2.8,-0.037566168275753146,-0.7012489658312346,2.719168761277071
2025-05-25,KXGDPYEAR-32,2026-08-04,2.675002825369558,2.3,1.8,0.23810070525900007,-1.1546447091476657,3.45779719496512
2025-05-25,KXGDPYEAR-33,2026-08-05,2.8592210044753155,2.3,2.3,0.3689059934043657,-1.0555602215262991,3.4287871306045083
2025-05-25,KXGDPYEAR-34,2026-08-05,2.3636376657707103,2.3,0.1,0.04455795922498969,-0.6997330658180774,3.1110572835108945
2025-05-25,KXGDPYEAR-35,2026-08-04,2.749826891591256,2.8,1.8,-0.03218786147859579,-1.1621044533643832,3.3473672445211338
2025-05-25,KXGDPYEAR-36,2026-08-04,2.695242416882835,2.3,0.1,0.24894730630532177,-1.127603469239581,3.5316813541751007
2025-05-26,KXGDPYEAR-25,2026-02-20,1.304707233065442,1.3,0.1,0.005057357838904469,0.26133459764750233,1.2828595870774187
2025-05-26,KXGDPYEAR-26,2026-08-05,2.314779095176201,2.3,2.3,0.09744169529139075,12.718177246770306,0.24585382182900262
2025-05-26,KXGDPYEAR-27,2026-08-05,2.0076383085144998,1.8,1.8,0.37400640422233034,2.898797807861639,0.6732893756761689
2025-05-26,KXGDPYEAR-28,2026-08-04,2.4731462188993745,2.3,2.3,0.1400696034980221,-0.34308140549094945,2.8598708587524024
2025-05-26,KXGDPYEAR-29,2026-08-04,2.3444515498705965,2.3,2.8,0.03264685533572642,-0.4834652040264813,2.997886909329589
2025-05-26,KXGDPYEAR-30,2026-08-05,2.53,2.3,2.3,0.20390070921985817,-0.3831493711206555,2.1596999999999995
2025-05-26,KXGDPYEAR-31,2026-08-04,2.248014310493019,2.3,2.8,-0.037566168275753146,-0.7012489658312346,2.719168761277071
2025-05-26,KXGDPYEAR-32,2026-08-04,2.675002825369558,2.3,1.8,0.23810070525900007,-1.1546447091476657,3.45779719496512
2025-05-26,KXGDPYEAR-33,2026-08-05,2.8592210044753155,2.3,2.3,0.3689059934043657,-1.0555602215262991,3.4287871306045083
2025-05-26,KXGDPYEAR-34,2026-08-05,2.3636376657707103,2.3,0.1,0.04455795922498969,-0.6997330658180774,3.1110572835108945
2025-05-26,KXGDPYEAR-35,2026-08-04,2.749826891591256,2.8,1.8,-0.03218786147859579,-1.1621044533643832,3.3473672445211338
2025-05-26,KXGDPYEAR-36,2026-08-04,2.695242416882835,2.3,0.1,0.24894730630532177,-1.127603469239581,3.5316813541751007
2025-05-27,KXGDPYEAR-25,2026-02-20,1.3279199110122357,1.3,0.1,0.030179151136226854,0.209026896470891,1.2616120247314713
2025-05-27,KXGDPYEAR-26,2026-08-05,2.314779095176201,2.3,2.3,0.09744169529139075,12.718177246770306,0.24585382182900262
2025-05-27,KXGDPYEAR-27,2026-08-05,2.0076383085144998,1.8,1.8,0.37400640422233034,2.898797807861639,0.6732893756761689
2025-05-27,KXGDPYEAR-28,2026-08-04,2.4731462188993745,2.3,2.3,0.1400696034980221,-0.34308140549094945,2.8598708587524024
2025-05-27,KXGDPYEAR-29,2026-08-04,2.3444515498705965,2.3,2.8,0.03264685533572642,-0.4834652040264813,2.997886909329589
2025-05-27,KXGDPYEAR-30,2026-08-05,2.53,2.3,2.3,0.20390070921985817,-0.3831493711206555,2.1596999999999995
2025-05-27,KXGDPYEAR-31,2026-08-04,2.248014310493019,2.3,2.8,-0.037566168275753146,-0.7012489658312346,2.719168761277071
2025-05-27,KXGDPYEAR-32,2026-08-04,2.675002825369558,2.3,1.8,0.23810070525900007,-1.1546447091476657,3.45779719496512
2025-05-27,KXGDPYEAR-33,2026-08-05,2.8592210044753155,2.3,2.3,0.3689059934043657,-1.0555602215262991,3.4287871306045083
2025-05-27,KXGDPYEAR-34,2026-08-05,2.3636376657707103,2.3,0.1,0.04455795922498969,-0.6997330658180774,3.1110572835108945
2025-05-27,KXGDPYEAR-35,2026-08-04,2.749826891591256,2.8,1.8,-0.03218786147859579,-1.1621044533643832,3.3473672445211338
2025-05-27,KXGDPYEAR-36,2026-08-04,2.695242416882835,2.3,0.1,0.24894730630532177,-1.127603469239581,3.5316813541751007
2025-05-28,KXGDPYEAR-25,2026-02-20,1.312542372881356,1.3,0.1,0.013574660633484071,0.2709529580405081,1.2663850617638608
2025-05-28,KXGDPYEAR-26,2026-08-05,2.314779095176201,2.3,2.3,0.09744169529139075,12.718177246770306,0.24585382182900262
2025-05-28,KXGDPYEAR-27,2026-08-05,2.0076383085144998,1.8,1.8,0.37400640422233034,2.898797807861639,0.6732893756761689
2025-05-28,KXGDPYEAR-28,2026-08-04,2.4731462188993745,2.3,2.3,0.1400696034980221,-0.34308140549094945,2.8598708587524024
2025-05-28,KXGDPYEAR-29,2026-08-04,2.3444515498705965,2.3,2.8,0.03264685533572642,-0.4834652040264813,2.997886909329589
2025-05-28,KXGDPYEAR-30,2026-08-05,2.53,2.3,2.3,0.20390070921985817,-0.3831493711206555,2.1596999999999995
2025-05-28,KXGDPYEAR-31,2026-08-04,2.248014310493019,2.3,2.8,-0.037566168275753146,-0.7012489658312346,2.719168761277071
2025-05-28,KXGDPYEAR-32,2026-08-04,2.675002825369558,2.3,1.8,0.23810070525900007,-1.1546447091476657,3.45779719496512
2025-05-28,KXGDPYEAR-33,2026-08-05,2.8592210044753155,2.3,2.3,0.3689059934043657,-1.0555602215262991,3.4287871306045083
2025-05-28,KXGDPYEAR-34,2026-08-05,2.3636376657707103,2.3,0.1,0.04455795922498969,-0.6997330658180774,3.1110572835108945
2025-05-28,KXGDPYEAR-35,2026-08-04,2.749826891591256,2.8,1.8,-0.03218786147859579,-1.1621044533643832,3.3473672445211338
2025-05-28,KXGDPYEAR-36,2026-08-04,2.695242416882835,2.3,0.1,0.24894730630532177,-1.127603469239581,3.5316813541751007
2025-05-29,KXGDPYEAR-25,2026-02-20,1.3123908120349401,1.3,0.1,0.01333704774175568,0.2568188575487196,1.2817261183756263
2025-05-29,KXGDPYEAR-26,2026-08-05,2.314779095176201,2.3,2.3,0.09744169529139075,12.718177246770306,0.24585382182900262
2025-05-29,KXGDPYEAR-27,2026-08-05,2.0076383085144998,1.8,1.8,0.37400640422233034,2.898797807861639,0.6732893756761689
2025-05-29,KXGDPYEAR-28,2026-08-04,2.4731462188993745,2.3,2.3,0.1400696034980221,-0.34308140549094945,2.8598708587524024
2025-05-29,KXGDPYEAR-29,2026-08-04,2.3444515498705965,2.3,2.8,0.03264685533572642,-0.4834652040264813,2.997886909329589
2025-05-29,KXGDPYEAR-30,2026-08-05,2.53,2.3,2.3,0.20390070921985817,-0.3831493711206555,2.1596999999999995
2025-05-29,KXGDPYEAR-31,2026-08-04,2.248014310493019,2.3,2.8,-0.037566168275753146,-0.7012489658312346,2.719168761277071
2025-05-29,KXGDPYEAR-32,2026-08-04,2.675002825369558,2.3,1.8,0.23810070525900007,-1.1546447091476657,3.45779719496512
2025-05-29,KXGDPYEAR-33,2026-08-05,2.8592210044753155,2.3,2.3,0.3689059934043657,-1.0555602215262991,3.4287871306045083
2025-05-29,KXGDPYEAR-34,2026-08-05,2.3636376657707103,2.3,0.1,0.04455795922498969,-0.6997330658180774,3.1110572835108945
2025-05-29,KXGDPYEAR-35,2026-08-04,2.749826891591256,2.8,1.8,-0.03218786147859579,-1.1621044533643832,3.3473672445211338
2025-05-29,KXGDPYEAR-36,2026-08-04,2.695242416882835,2.3,0.1,0.24894730630532177,-1.127603469239581,3.5316813541751007
2025-05-30,KXGDPYEAR-25,2026-02-20,1.3461058473077783,1.3,0.1,0.048574173158591985,0.1112752897914584,1.3158023747214884
2025-05-30,KXGDPYEAR-26,2026-08-05,2.314779095176201,2.3,2.3,0.09744169529139075,12.718177246770306,0.24585382182900262
2025-05-30,KXGDPYEAR-27,2026-08-05,2.0076383085144998,1.8,1.8,0.37400640422233034,2.898797807861639,0.6732893756761689
2025-05-30,KXGDPYEAR-28,2026-08-04,2.4731462188993745,2.3,2.3,0.1400696034980221,-0.34308140549094945,2.8598708587524024
2025-05-30,KXGDPYEAR-29,2026-08-04,2.3444515498705965,2.3,2.8,0.03264685533572642,-0.4834652040264813,2.997886909329589
2025-05-30,KXGDPYEAR-30,2026-08-05,2.53,2.3,2.3,0.20390070921985817,-0.3831493711206555,2.1596999999999995
2025-05-30,KXGDPYEAR-31,2026-08-04,2.248014310493019,2.3,2.8,-0.037566168275753146,-0.7012489658312346,2.719168761277071
2025-05-30,KXGDPYEAR-32,2026-08-04,2.675002825369558,2.3,1.8,0.23810070525900007,-1.1546447091476657,3.45779719496512
2025-05-30,KXGDPYEAR-33,2026-08-05,2.8592210044753155,2.3,2.3,0.3689059934043657,-1.0555602215262991,3.4287871306045083
2025-05-30,KXGDPYEAR-34,2026-08-05,2.3636376657707103,2.3,0.1,0.04455795922498969,-0.6997330658180774,3.1110572835108945
2025-05-30,KXGDPYEAR-35,2026-08-04,2.749826891591256,2.8,1.8,-0.03218786147859579,-1.1621044533643832,3.3473672445211338
2025-05-30,KXGDPYEAR-36,2026-08-04,2.695242416882835,2.3,0.1,0.24894730630532177,-1.127603469239581,3.5316813541751007
2025-05-31,KXGDPYEAR-25,2026-02-20,1.3337934885309337,1.3,0.1,0.03566148362471715,0.16563157174030918,1.321730883226667
2025-05-31,KXGDPYEAR-26,2026-08-05,2.314779095176201,2.3,2.3,0.09744169529139075,12.718177246770306,0.24585382182900262
2025-05-31,KXGDPYEAR-27,2026-08-05,2.0076383085144998,1.8,1.8,0.37400640422233034,2.898797807861639,0.6732893756761689
2025-05-31,KXGDPYEAR-28,2026-08-04,2.4731462188993745,2.3,2.3,0.1400696034980221,-0.34308140549094945,2.8598708587524024
2025-05-31,KXGDPYEAR-29,2026-08-04,2.3444515498705965,2.3,2.8,0.03264685533572642,-0.4834652040264813,2.997886909329589
2025-05-31,KXGDPYEAR-30,2026-08-05,2.53,2.3,2.3,0.20390070921985817,-0.3831493711206555,2.1596999999999995
2025-05-31,KXGDPYEAR-31,2026-08-04,2.248014310493019,2.3,2.8,-0.037566168275753146,-0.7012489658312346,2.719168761277071
2025-05-31,KXGDPYEAR-32,2026-08-04,2.675002825369558,2.3,1.8,0.23810070525900007,-1.1546447091476657,3.45779719496512
2025-05-31,KXGDPYEAR-33,2026-08-05,2.8592210044753155,2.3,2.3,0.3689059934043657,-1.0555602215262991,3.4287871306045083
2025-05-31,KXGDPYEAR-34,2026-08-05,2.3636376657707103,2.3,0.1,0.04455795922498969,-0.6997330658180774,3.1110572835108945
2025-05-31,KXGDPYEAR-35,2026-08-04,2.749826891591256,2.8,1.8,-0.03218786147859579,-1.1621044533643832,3.3473672445211338
2025-05-31,KXGDPYEAR-36,2026-08-04,2.695242416882835,2.3,0.1,0.24894730630532177,-1.127603469239581,3.5316813541751007
2025-06-01,KXGDPYEAR-25,2026-02-20,1.3818839088432906,1.3,0.1,0.08673138144000081,0.12655812823971324,1.330080701381333
2025-06-01,KXGDPYEAR-26,2026-08-05,2.314779095176201,2.3,2.3,0.09744169529139075,12.718177246770306,0.24585382182900262
2025-06-01,KXGDPYEAR-27,2026-08-05,2.0076383085144998,1.8,1.8,0.37400640422233034,2.898797807861639,0.6732893756761689
2025-06-01,KXGDPYEAR-28,2026-08-04,2.4731462188993745,2.3,2.3,0.1400696034980221,-0.34308140549094945,2.8598708587524024
2025-06-01,KXGDPYEAR-29,2026-08-04,2.3444515498705965,2.3,2.8,0.03264685533572642,-0.4834652040264813,2.997886909329589
2025-06-01,KXGDPYEAR-30,2026-08-05,2.53,2.3,2.3,0.20390070921985817,-0.3831493711206555,2.1596999999999995
2025-06-01,KXGDPYEAR-31,2026-08-04,2.248014310493019,2.3,2.8,-0.037566168275753146,-0.7012489658312346,2.719168761277071
2025-06-01,KXGDPYEAR-32,2026-08-04,2.675002825369558,2.3,1.8,0.23810070525900007,-1.1546447091476657,3.45779719496512
2025-06-01,KXGDPYEAR-33,2026-08-05,2.8592210044753155,2.3,2.3,0.3689059934043657,-1.0555602215262991,3.4287871306045083
2025-06-01,KXGDPYEAR-34,2026-08-05,2.3636376657707103,2.3,0.1,0.04455795922498969,-0.6997330658180774,3.1110572835108945
2025-06-01,KXGDPYEAR-35,2026-08-04,2.749826891591256,2.8,1.8,-0.03218786147859579,-1.1621044533643832,3.3473672445211338
2025-06-01,KXGDPYEAR-36,2026-08-04,2.695242416882835,2.3,0.1,0.24894730630532177,-1.127603469239581,3.5316813541751007
2025-06-02,KXGDPYEAR-25,2026-02-20,1.3515911733556336,1.3,0.1,0.05601713587143424,0.2528599275851833,1.290561166941697
2025-06-02,KXGDPYEAR-26,2026-08-05,2.314779095176201,2.3,2.3,0.09744169529139075,12.718177246770306,0.24585382182900262
2025-06-02,KXGDPYEAR-27,2026-08-05,2.0076383085144998,1.8,1.8,0.37400640422233034,2.898797807861639,0.6732893756761689
2025-06-02,KXGDPYEAR-28,2026-08-04,2.4731462188993745,2.3,2.3,0.1400696034980221,-0.34308140549094945,2.8598708587524024
2025-06-02,KXGDPYEAR-29,2026-08-04,2.3444515498705965,2.3,2.8,0.03264685533572642,-0.4834652040264813,2.997886909329589
2025-06-02,KXGDPYEAR-30,2026-08-05,2.53,2.3,2.3,0.20390070921985817,-0.3831493711206555,2.1596999999999995
2025-06-02,KXGDPYEAR-31,2026-08-04,2.248014310493019,2.3,2.8,-0.037566168275753146,-0.7012489658312346,2.719168761277071
2025-06-02,KXGDPYEAR-32,2026-08-04,2.675002825369558,2.3,1.8,0.23810070525900007,-1.1546447091476657,3.45779719496512
2025-06-02,KXGDPYEAR-33,2026-08-05,2.8592210044753155,2.3,2.3,0.3689059934043657,-1.0555602215262991,3.4287871306045083
2025-06-02,KXGDPYEAR-34,2026-08-05,2.3636376657707103,2.3,0.1,0.04455795922498969,-0.6997330658180774,3.1110572835108945
2025-06-02,KXGDPYEAR-35,2026-08-04,2.749826891591256,2.8,1.8,-0.03218786147859579,-1.1621044533643832,3.3473672445211338
2025-06-02,KXGDPYEAR-36,2026-08-04,2.695242416882835,2.3,0.1,0.24894730630532177,-1.127603469239581,3.5316813541751007
2025-06-03,KXGDPYEAR-25,2026-02-20,1.3515911733556336,1.3,0.1,0.05601713587143424,0.2528599275851833,1.290561166941697
2025-06-03,KXGDPYEAR-26,2026-08-05,2.314779095176201,2.3,2.3,0.09744169529139075,12.718177246770306,0.24585382182900262
2025-06-03,KXGDPYEAR-27,2026-08-05,2.0076383085144998,1.8,1.8,0.37400640422233034,2.898797807861639,0.6732893756761689
2025-06-03,KXGDPYEAR-28,2026-08-04,2.4731462188993745,2.3,2.3,0.1400696034980221,-0.34308140549094945,2.8598708587524024
2025-06-03,KXGDPYEAR-29,2026-08-04,2.3444515498705965,2.3,2.8,0.03264685533572642,-0.4834652040264813,2.997886909329589
2025-06-03,KXGDPYEAR-30,2026-08-05,2.53,2.3,2.3,0.20390070921985817,-0.3831493711206555,2.1596999999999995
2025-06-03,KXGDPYEAR-31,2026-08-04,2.248014310493019,2.3,2.8,-0.037566168275753146,-0.7012489658312346,2.719168761277071
2025-06-03,KXGDPYEAR-32,2026-08-04,2.675002825369558,2.3,1.8,0.23810070525900007,-1.1546447091476657,3.45779719496512
2025-06-03,KXGDPYEAR-33,2026-08-05,2.8592210044753155,2.3,2.3,0.3689059934043657,-1.0555602215262991,3.4287871306045083
2025-06-03,KXGDPYEAR-34,2026-08-05,2.3636376657707103,2.3,0.1,0.04455795922498969,-0.6997330658180774,3.1110572835108945
2025-06-03,KXGDPYEAR-35,2026-08-04,2.749826891591256,2.8,1.8,-0.03218786147859579,-1.1621044533643832,3.3473672445211338
2025-06-03,KXGDPYEAR-36,2026-08-04,2.695242416882835,2.3,0.1,0.24894730630532177,-1.127603469239581,3.5316813541751007
2025-06-04,KXGDPYEAR-25,2026-02-20,1.385040625353816,1.3,0.1,0.09308988263154763,0.2449772200026028,1.2820682084120154
2025-06-04,KXGDPYEAR-26,2026-08-05,2.314779095176201,2.3,2.3,0.09744169529139075,12.718177246770306,0.24585382182900262
2025-06-04,KXGDPYEAR-27,2026-08-05,2.0076383085144998,1.8,1.8,0.37400640422233034,2.898797807861639,0.6732893756761689
2025-06-04,KXGDPYEAR-28,2026-08-04,2.4731462188993745,2.3,2.3,0.1400696034980221,-0.34308140549094945,2.8598708587524024
2025-06-04,KXGDPYEAR-29,2026-08-04,2.3444515498705965,2.3,2.8,0.03264685533572642,-0.4834652040264813,2.997886909329589
2025-06-04,KXGDPYEAR-30,2026-08-05,2.53,2.3,2.3,0.20390070921985817,-0.3831493711206555,2.1596999999999995
2025-06-04,KXGDPYEAR-31,2026-08-04,2.248014310493019,2.3,2.8,-0.037566168275753146,-0.7012489658312346,2.719168761277071
2025-06-04,KXGDPYEAR-32,2026-08-04,2.675002825369558,2.3,1.8,0.23810070525900007,-1.1546447091476657,3.45779719496512
2025-06-04,KXGDPYEAR-33,2026-08-05,2.8592210044753155,2.3,2.3,0.3689059934043657,-1.0555602215262991,3.4287871306045083
2025-06-04,KXGDPYEAR-34,2026-08-05,2.3636376657707103,2.3,0.1,0.04455795922498969,-0.6997330658180774,3.1110572835108945
2025-06-04,KXGDPYEAR-35,2026-08-04,2.749826891591256,2.8,1.8,-0.03218786147859579,-1.1621044533643832,3.3473672445211338
2025-06-04,KXGDPYEAR-36,2026-08-04,2.695242416882835,2.3,0.1,0.24894730630532177,-1.127603469239581,3.5316813541751007
2025-06-05,KXGDPYEAR-25,2026-02-20,1.385040625353816,1.3,0.1,0.09308988263154763,0.2449772200026028,1.2820682084120154
2025-06-05,KXGDPYEAR-26,2026-08-05,2.314779095176201,2.3,2.3,0.09744169529139075,12.718177246770306,0.24585382182900262
2025-06-05,KXGDPYEAR-27,2026-08-05,2.0076383085144998,1.8,1.8,0.37400640422233034,2.898797807861639,0.6732893756761689
2025-06-05,KXGDPYEAR-28,2026-08-04,2.4731462188993745,2.3,2.3,0.1400696034980221,-0.34308140549094945,2.8598708587524024
2025-06-05,KXGDPYEAR-29,2026-08-04,2.3444515498705965,2.3,2.8,0.03264685533572642,-0.4834652040264813,2.997886909329589
2025-06-05,KXGDPYEAR-30,2026-08-05,2.53,2.3,2.3,0.20390070921985817,-0.3831493711206555,2.1596999999999995
2025-06-05,KXGDPYEAR-31,2026-08-04,2.248014310493019,2.3,2.8,-0.037566168275753146,-0.7012489658312346,2.719168761277071
2025-06-05,KXGDPYEAR-32,2026-08-04,2.675002825369558,2.3,1.8,0.23810070525900007,-1.1546447091476657,3.45779719496512
2025-06-05,KXGDPYEAR-33,2026-08-05,2.8592210044753155,2.3,2.3,0.3689059934043657,-1.0555602215262991,3.4287871306045083
2025-06-05,KXGDPYEAR-34,2026-08-05,2.3636376657707103,2.3,0.1,0.04455795922498969,-0.6997330658180774,3.1110572835108945
2025-06-05,KXGDPYEAR-35,2026-08-04,2.749826891591256,2.8,1.8,-0.03218786147859579,-1.1621044533643832,3.3473672445211338
2025-06-05,KXGDPYEAR-36,2026-08-04,2.695242416882835,2.3,0.1,0.24894730630532177,-1.127603469239581,3.5316813541751007
2025-06-06,KXGDPYEAR-25,2026-02-20,1.385040625353816,1.3,0.1,0.09308988263154763,0.2449772200026028,1.2820682084120154
2025-06-06,KXGDPYEAR-26,2026-08-05,2.314779095176201,2.3,2.3,0.09744169529139075,12.718177246770306,0.24585382182900262
2025-06-06,KXGDPYEAR-27,2026-08-05,2.0076383085144998,1.8,1.8,0.37400640422233034,2.898797807861639,0.6732893756761689
2025-06-06,KXGDPYEAR-28,2026-08-04,2.4731462188993745,2.3,2.3,0.1400696034980221,-0.34308140549094945,2.8598708587524024
2025-06-06,KXGDPYEAR-29,2026-08-04,2.3444515498705965,2.3,2.8,0.03264685533572642,-0.4834652040264813,2.997886909329589
2025-06-06,KXGDPYEAR-30,2026-08-05,2.53,2.3,2.3,0.20390070921985817,-0.3831493711206555,2.1596999999999995
2025-06-06,KXGDPYEAR-31,2026-08-04,2.248014310493019,2.3,2.8,-0.037566168275753146,-0.7012489658312346,2.719168761277071
2025-06-06,KXGDPYEAR-32,2026-08-04,2.675002825369558,2.3,1.8,0.23810070525900007,-1.1546447091476657,3.45779719496512
2025-06-06,KXGDPYEAR-33,2026-08-05,2.8592210044753155,2.3,2.3,0.3689059934043657,-1.0555602215262991,3.4287871306045083
2025-06-06,KXGDPYEAR-34,2026-08-05,2.3636376657707103,2.3,0.1,0.04455795922498969,-0.6997330658180774,3.1110572835108945
2025-06-06,KXGDPYEAR-35,2026-08-04,2.749826891591256,2.8,1.8,-0.03218786147859579,-1.1621044533643832,3.3473672445211338
2025-06-06,KXGDPYEAR-36,2026-08-04,2.695242416882835,2.3,0.1,0.24894730630532177,-1.127603469239581,3.5316813541751007
2025-06-07,KXGDPYEAR-25,2026-02-20,1.385040625353816,1.3,0.1,0.09308988263154763,0.2449772200026028,1.2820682084120154
2025-06-07,KXGDPYEAR-26,2026-08-05,2.314779095176201,2.3,2.3,0.09744169529139075,12.718177246770306,0.24585382182900262
2025-06-07,KXGDPYEAR-27,2026-08-05,2.0076383085144998,1.8,1.8,0.37400640422233034,2.898797807861639,0.6732893756761689
2025-06-07,KXGDPYEAR-28,2026-08-04,2.4731462188993745,2.3,2.3,0.1400696034980221,-0.34308140549094945,2.8598708587524024
2025-06-07,KXGDPYEAR-29,2026-08-04,2.3444515498705965,2.3,2.8,0.03264685533572642,-0.4834652040264813,2.997886909329589
2025-06-07,KXGDPYEAR-30,2026-08-05,2.53,2.3,2.3,0.20390070921985817,-0.3831493711206555,2.1596999999999995
2025-06-07,KXGDPYEAR-31,2026-08-04,2.248014310493019,2.3,2.8,-0.037566168275753146,-0.7012489658312346,2.719168761277071
2025-06-07,KXGDPYEAR-32,2026-08-04,2.675002825369558,2.3,1.8,0.23810070525900007,-1.1546447091476657,3.45779719496512
2025-06-07,KXGDPYEAR-33,2026-08-05,2.8592210044753155,2.3,2.3,0.3689059934043657,-1.0555602215262991,3.4287871306045083
2025-06-07,KXGDPYEAR-34,2026-08-05,2.3636376657707103,2.3,0.1,0.04455795922498969,-0.6997330658180774,3.1110572835108945
2025-06-07,KXGDPYEAR-35,2026-08-04,2.749826891591256,2.8,1.8,-0.03218786147859579,-1.1621044533643832,3.3473672445211338
2025-06-07,KXGDPYEAR-36,2026-08-04,2.695242416882835,2.3,0.1,0.24894730630532177,-1.127603469239581,3.5316813541751007
2025-06-08,KXGDPYEAR-25,2026-02-20,1.385040625353816,1.3,0.1,0.09308988263154763,0.2449772200026028,1.2820682084120154
2025-06-08,KXGDPYEAR-26,2026-08-05,2.314779095176201,2.3,2.3,0.09744169529139075,12.718177246770306,0.24585382182900262
2025-06-08,KXGDPYEAR-27,2026-08-05,2.0076383085144998,1.8,1.8,0.37400640422233034,2.898797807861639,0.6732893756761689
2025-06-08,KXGDPYEAR-28,2026-08-04,2.4731462188993745,2.3,2.3,0.1400696034980221,-0.34308140549094945,2.8598708587524024
2025-06-08,KXGDPYEAR-29,2026-08-04,2.3444515498705965,2.3,2.8,0.03264685533572642,-0.4834652040264813,2.997886909329589
2025-06-08,KXGDPYEAR-30,2026-08-05,2.53,2.3,2.3,0.20390070921985817,-0.3831493711206555,2.1596999999999995
2025-06-08,KXGDPYEAR-31,2026-08-04,2.248014310493019,2.3,2.8,-0.037566168275753146,-0.7012489658312346,2.719168761277071
2025-06-08,KXGDPYEAR-32,2026-08-04,2.675002825369558,2.3,1.8,0.23810070525900007,-1.1546447091476657,3.45779719496512
2025-06-08,KXGDPYEAR-33,2026-08-05,2.8592210044753155,2.3,2.3,0.3689059934043657,-1.0555602215262991,3.4287871306045083
2025-06-08,KXGDPYEAR-34,2026-08-05,2.3636376657707103,2.3,0.1,0.04455795922498969,-0.6997330658180774,3.1110572835108945
2025-06-08,KXGDPYEAR-35,2026-08-04,2.749826891591256,2.8,1.8,-0.03218786147859579,-1.1621044533643832,3.3473672445211338
2025-06-08,KXGDPYEAR-36,2026-08-04,2.695242416882835,2.3,0.1,0.24894730630532177,-1.127603469239581,3.5316813541751007
2025-06-09,KXGDPYEAR-25,2026-02-20,1.385040625353816,1.3,0.1,0.09308988263154763,0.2449772200026028,1.2820682084120154
2025-06-09,KXGDPYEAR-26,2026-08-05,2.314779095176201,2.3,2.3,0.09744169529139075,12.718177246770306,0.24585382182900262
2025-06-09,KXGDPYEAR-27,2026-08-05,2.0076383085144998,1.8,1.8,0.37400640422233034,2.898797807861639,0.6732893756761689
2025-06-09,KXGDPYEAR-28,2026-08-04,2.4731462188993745,2.3,2.3,0.1400696034980221,-0.34308140549094945,2.8598708587524024
2025-06-09,KXGDPYEAR-29,2026-08-04,2.3444515498705965,2.3,2.8,0.03264685533572642,-0.4834652040264813,2.997886909329589
2025-06-09,KXGDPYEAR-30,2026-08-05,2.53,2.3,2.3,0.20390070921985817,-0.3831493711206555,2.1596999999999995
2025-06-09,KXGDPYEAR-31,2026-08-04,2.248014310493019,2.3,2.8,-0.037566168275753146,-0.7012489658312346,2.719168761277071
2025-06-09,KXGDPYEAR-32,2026-08-04,2.675002825369558,2.3,1.8,0.23810070525900007,-1.1546447091476657,3.45779719496512
2025-06-09,KXGDPYEAR-33,2026-08-05,2.8592210044753155,2.3,2.3,0.3689059934043657,-1.0555602215262991,3.4287871306045083
2025-06-09,KXGDPYEAR-34,2026-08-05,2.3636376657707103,2.3,0.1,0.04455795922498969,-0.6997330658180774,3.1110572835108945
2025-06-09,KXGDPYEAR-35,2026-08-04,2.749826891591256,2.8,1.8,-0.03218786147859579,-1.1621044533643832,3.3473672445211338
2025-06-09,KXGDPYEAR-36,2026-08-04,2.695242416882835,2.3,0.1,0.24894730630532177,-1.127603469239581,3.5316813541751007
2025-06-10,KXGDPYEAR-25,2026-02-20,1.3503028165348454,1.3,0.1,0.056278234587083385,0.49162784943305704,1.2375970161374423
2025-06-10,KXGDPYEAR-26,2026-08-05,2.314779095176201,2.3,2.3,0.09744169529139075,12.718177246770306,0.24585382182900262
2025-06-10,KXGDPYEAR-27,2026-08-05,2.0076383085144998,1.8,1.8,0.37400640422233034,2.898797807861639,0.6732893756761689
2025-06-10,KXGDPYEAR-28,2026-08-04,2.4731462188993745,2.3,2.3,0.1400696034980221,-0.34308140549094945,2.8598708587524024
2025-06-10,KXGDPYEAR-29,2026-08-04,2.3444515498705965,2.3,2.8,0.03264685533572642,-0.4834652040264813,2.997886909329589
2025-06-10,KXGDPYEAR-30,2026-08-05,2.53,2.3,2.3,0.20390070921985817,-0.3831493711206555,2.1596999999999995
2025-06-10,KXGDPYEAR-31,2026-08-04,2.248014310493019,2.3,2.8,-0.037566168275753146,-0.7012489658312346,2.719168761277071
2025-06-10,KXGDPYEAR-32,2026-08-04,2.675002825369558,2.3,1.8,0.23810070525900007,-1.1546447091476657,3.45779719496512
2025-06-10,KXGDPYEAR-33,2026-08-05,2.8592210044753155,2.3,2.3,0.3689059934043657,-1.0555602215262991,3.4287871306045083
2025-06-10,KXGDPYEAR-34,2026-08-05,2.3636376657707103,2.3,0.1,0.04455795922498969,-0.6997330658180774,3.1110572835108945
2025-06-10,KXGDPYEAR-35,2026-08-04,2.749826891591256,2.8,1.8,-0.03218786147859579,-1.1621044533643832,3.3473672445211338
2025-06-10,KXGDPYEAR-36,2026-08-04,2.695242416882835,2.3,0.1,0.24894730630532177,-1.127603469239581,3.5316813541751007
2025-06-11,KXGDPYEAR-25,2026-02-20,1.2754532059296304,1.3,0.1,-0.027773567747802284,0.9136848256556838,1.2352375602768266
2025-06-11,KXGDPYEAR-26,2026-08-05,2.314779095176201,2.3,2.3,0.09744169529139075,12.718177246770306,0.24585382182900262
2025-06-11,KXGDPYEAR-27,2026-08-05,2.0076383085144998,1.8,1.8,0.37400640422233034,2.898797807861639,0.6732893756761689
2025-06-11,KXGDPYEAR-28,2026-08-04,2.4731462188993745,2.3,2.3,0.1400696034980221,-0.34308140549094945,2.8598708587524024
2025-06-11,KXGDPYEAR-29,2026-08-04,2.3444515498705965,2.3,2.8,0.03264685533572642,-0.4834652040264813,2.997886909329589
2025-06-11,KXGDPYEAR-30,2026-08-05,2.53,2.3,2.3,0.20390070921985817,-0.3831493711206555,2.1596999999999995
2025-06-11,KXGDPYEAR-31,2026-08-04,2.248014310493019,2.3,2.8,-0.037566168275753146,-0.7012489658312346,2.719168761277071
2025-06-11,KXGDPYEAR-32,2026-08-04,2.675002825369558,2.3,1.8,0.23810070525900007,-1.1546447091476657,3.45779719496512
2025-06-11,KXGDPYEAR-33,2026-08-05,2.8592210044753155,2.3,2.3,0.3689059934043657,-1.0555602215262991,3.4287871306045083
2025-06-11,KXGDPYEAR-34,2026-08-05,2.3636376657707103,2.3,0.1,0.04455795922498969,-0.6997330658180774,3.1110572835108945
2025-06-11,KXGDPYEAR-35,2026-08-04,2.749826891591256,2.8,1.8,-0.03218786147859579,-1.1621044533643832,3.3473672445211338
2025-06-11,KXGDPYEAR-36,2026-08-04,2.695242416882835,2.3,0.1,0.24894730630532177,-1.127603469239581,3.5316813541751007
2025-06-12,KXGDPYEAR-25,2026-02-20,1.2754532059296304,1.3,0.1,-0.027773567747802284,0.9136848256556838,1.2352375602768266
2025-06-12,KXGDPYEAR-26,2026-08-05,2.314779095176201,2.3,2.3,0.09744169529139075,12.718177246770306,0.24585382182900262
2025-06-12,KXGDPYEAR-27,2026-08-05,2.0076383085144998,1.8,1.8,0.37400640422233034,2.898797807861639,0.6732893756761689
2025-06-12,KXGDPYEAR-28,2026-08-04,2.4731462188993745,2.3,2.3,0.1400696034980221,-0.34308140549094945,2.8598708587524024
2025-06-12,KXGDPYEAR-29,2026-08-04,2.3444515498705965,2.3,2.8,0.03264685533572642,-0.4834652040264813,2.997886909329589
2025-06-12,KXGDPYEAR-30,2026-08-05,2.53,2.3,2.3,0.20390070921985817,-0.3831493711206555,2.1596999999999995
2025-06-12,KXGDPYEAR-31,2026-08-04,2.248014310493019,2.3,2.8,-0.037566168275753146,-0.7012489658312346,2.719168761277071
2025-06-12,KXGDPYEAR-32,2026-08-04,2.675002825369558,2.3,1.8,0.23810070525900007,-1.1546447091476657,3.45779719496512
2025-06-12,KXGDPYEAR-33,2026-08-05,2.8592210044753155,2.3,2.3,0.3689059934043657,-1.0555602215262991,3.4287871306045083
2025-06-12,KXGDPYEAR-34,2026-08-05,2.3636376657707103,2.3,0.1,0.04455795922498969,-0.6997330658180774,3.1110572835108945
2025-06-12,KXGDPYEAR-35,2026-08-04,2.749826891591256,2.8,1.8,-0.03218786147859579,-1.1621044533643832,3.3473672445211338
2025-06-12,KXGDPYEAR-36,2026-08-04,2.695242416882835,2.3,0.1,0.24894730630532177,-1.127603469239581,3.5316813541751007
2025-06-13,KXGDPYEAR-25,2026-02-20,1.2754532059296304,1.3,0.1,-0.027773567747802284,0.9136848256556838,1.2352375602768266
2025-06-13,KXGDPYEAR-26,2026-08-05,2.314779095176201,2.3,2.3,0.09744169529139075,12.718177246770306,0.24585382182900262
2025-06-13,KXGDPYEAR-27,2026-08-05,2.0076383085144998,1.8,1.8,0.37400640422233034,2.898797807861639,0.6732893756761689
2025-06-13,KXGDPYEAR-28,2026-08-04,2.4731462188993745,2.3,2.3,0.1400696034980221,-0.34308140549094945,2.8598708587524024
2025-06-13,KXGDPYEAR-29,2026-08-04,2.3444515498705965,2.3,2.8,0.03264685533572642,-0.4834652040264813,2.997886909329589
2025-06-13,KXGDPYEAR-30,2026-08-05,2.53,2.3,2.3,0.20390070921985817,-0.3831493711206555,2.1596999999999995
2025-06-13,KXGDPYEAR-31,2026-08-04,2.248014310493019,2.3,2.8,-0.037566168275753146,-0.7012489658312346,2.719168761277071
2025-06-13,KXGDPYEAR-32,2026-08-04,2.675002825369558,2.3,1.8,0.23810070525900007,-1.1546447091476657,3.45779719496512
2025-06-13,KXGDPYEAR-33,2026-08-05,2.8592210044753155,2.3,2.3,0.3689059934043657,-1.0555602215262991,3.4287871306045083
2025-06-13,KXGDPYEAR-34,2026-08-05,2.3636376657707103,2.3,0.1,0.04455795922498969,-0.6997330658180774,3.1110572835108945
2025-06-13,KXGDPYEAR-35,2026-08-04,2.749826891591256,2.8,1.8,-0.03218786147859579,-1.1621044533643832,3.3473672445211338
2025-06-13,KXGDPYEAR-36,2026-08-04,2.695242416882835,2.3,0.1,0.24894730630532177,-1.127603469239581,3.5316813541751007
2025-06-14,KXGDPYEAR-25,2026-02-20,1.2754532059296304,1.3,0.1,-0.027773567747802284,0.9136848256556838,1.2352375602768266
2025-06-14,KXGDPYEAR-26,2026-08-05,2.314779095176201,2.3,2.3,0.09744169529139075,12.718177246770306,0.24585382182900262
2025-06-14,KXGDPYEAR-27,2026-08-05,2.0076383085144998,1.8,1.8,0.37400640422233034,2.898797807861639,0.6732893756761689
2025-06-14,KXGDPYEAR-28,2026-08-04,2.4731462188993745,2.3,2.3,0.1400696034980221,-0.34308140549094945,2.8598708587524024
2025-06-14,KXGDPYEAR-29,2026-08-04,2.3444515498705965,2.3,2.8,0.03264685533572642,-0.4834652040264813,2.997886909329589
2025-06-14,KXGDPYEAR-30,2026-08-05,2.53,2.3,2.3,0.20390070921985817,-0.3831493711206555,2.1596999999999995
2025-06-14,KXGDPYEAR-31,2026-08-04,2.248014310493019,2.3,2.8,-0.037566168275753146,-0.7012489658312346,2.719168761277071
2025-06-14,KXGDPYEAR-32,2026-08-04,2.675002825369558,2.3,1.8,0.23810070525900007,-1.1546447091476657,3.45779719496512
2025-06-14,KXGDPYEAR-33,2026-08-05,2.8592210044753155,2.3,2.3,0.3689059934043657,-1.0555602215262991,3.4287871306045083
2025-06-14,KXGDPYEAR-34,2026-08-05,2.3636376657707103,2.3,0.1,0.04455795922498969,-0.6997330658180774,3.1110572835108945
2025-06-14,KXGDPYEAR-35,2026-08-04,2.749826891591256,2.8,1.8,-0.03218786147859579,-1.1621044533643832,3.3473672445211338
2025-06-14,KXGDPYEAR-36,2026-08-04,2.695242416882835,2.3,0.1,0.24894730630532177,-1.127603469239581,3.5316813541751007
2025-06-15,KXGDPYEAR-25,2026-02-20,1.2754532059296304,1.3,0.1,-0.027773567747802284,0.9136848256556838,1.2352375602768266
2025-06-15,KXGDPYEAR-26,2026-08-05,2.314779095176201,2.3,2.3,0.09744169529139075,12.718177246770306,0.24585382182900262
2025-06-15,KXGDPYEAR-27,2026-08-05,2.0076383085144998,1.8,1.8,0.37400640422233034,2.898797807861639,0.6732893756761689
2025-06-15,KXGDPYEAR-28,2026-08-04,2.4731462188993745,2.3,2.3,0.1400696034980221,-0.34308140549094945,2.8598708587524024
2025-06-15,KXGDPYEAR-29,2026-08-04,2.3444515498705965,2.3,2.8,0.03264685533572642,-0.4834652040264813,2.997886909329589
2025-06-15,KXGDPYEAR-30,2026-08-05,2.53,2.3,2.3,0.20390070921985817,-0.3831493711206555,2.1596999999999995
2025-06-15,KXGDPYEAR-31,2026-08-04,2.248014310493019,2.3,2.8,-0.037566168275753146,-0.7012489658312346,2.719168761277071
2025-06-15,KXGDPYEAR-32,2026-08-04,2.675002825369558,2.3,1.8,0.23810070525900007,-1.1546447091476657,3.45779719496512
2025-06-15,KXGDPYEAR-33,2026-08-05,2.8592210044753155,2.3,2.3,0.3689059934043657,-1.0555602215262991,3.4287871306045083
2025-06-15,KXGDPYEAR-34,2026-08-05,2.3636376657707103,2.3,0.1,0.04455795922498969,-0.6997330658180774,3.1110572835108945
2025-06-15,KXGDPYEAR-35,2026-08-04,2.749826891591256,2.8,1.8,-0.03218786147859579,-1.1621044533643832,3.3473672445211338
2025-06-15,KXGDPYEAR-36,2026-08-04,2.695242416882835,2.3,0.1,0.24894730630532177,-1.127603469239581,3.5316813541751007
2025-06-16,KXGDPYEAR-25,2026-02-20,1.2754532059296304,1.3,0.1,-0.027773567747802284,0.9136848256556838,1.2352375602768266
2025-06-16,KXGDPYEAR-26,2026-08-05,2.314779095176201,2.3,2.3,0.09744169529139075,12.718177246770306,0.24585382182900262
2025-06-16,KXGDPYEAR-27,2026-08-05,2.0076383085144998,1.8,1.8,0.37400640422233034,2.898797807861639,0.6732893756761689
2025-06-16,KXGDPYEAR-28,2026-08-04,2.4731462188993745,2.3,2.3,0.1400696034980221,-0.34308140549094945,2.8598708587524024
2025-06-16,KXGDPYEAR-29,2026-08-04,2.3444515498705965,2.3,2.8,0.03264685533572642,-0.4834652040264813,2.997886909329589
2025-06-16,KXGDPYEAR-30,2026-08-05,2.53,2.3,2.3,0.20390070921985817,-0.3831493711206555,2.1596999999999995
2025-06-16,KXGDPYEAR-31,2026-08-04,2.248014310493019,2.3,2.8,-0.037566168275753146,-0.7012489658312346,2.719168761277071
2025-06-16,KXGDPYEAR-32,2026-08-04,2.675002825369558,2.3,1.8,0.23810070525900007,-1.1546447091476657,3.45779719496512
2025-06-16,KXGDPYEAR-33,2026-08-05,2.8592210044753155,2.3,2.3,0.3689059934043657,-1.0555602215262991,3.4287871306045083
2025-06-16,KXGDPYEAR-34,2026-08-05,2.3636376657707103,2.3,0.1,0.04455795922498969,-0.6997330658180774,3.1110572835108945
2025-06-16,KXGDPYEAR-35,2026-08-04,2.749826891591256,2.8,1.8,-0.03218786147859579,-1.1621044533643832,3.3473672445211338
2025-06-16,KXGDPYEAR-36,2026-08-04,2.695242416882835,2.3,0.1,0.24894730630532177,-1.127603469239581,3.5316813541751007
2025-06-17,KXGDPYEAR-25,2026-02-20,1.2739852687666509,1.3,0.1,-0.029398742583901738,0.913001479501617,1.237922199438217
2025-06-17,KXGDPYEAR-26,2026-08-05,2.314779095176201,2.3,2.3,0.09744169529139075,12.718177246770306,0.24585382182900262
2025-06-17,KXGDPYEAR-27,2026-08-05,2.0076383085144998,1.8,1.8,0.37400640422233034,2.898797807861639,0.6732893756761689
2025-06-17,KXGDPYEAR-28,2026-08-04,2.4731462188993745,2.3,2.3,0.1400696034980221,-0.34308140549094945,2.8598708587524024
2025-06-17,KXGDPYEAR-29,2026-08-04,2.3444515498705965,2.3,2.8,0.03264685533572642,-0.4834652040264813,2.997886909329589
2025-06-17,KXGDPYEAR-30,2026-08-05,2.53,2.3,2.3,0.20390070921985817,-0.3831493711206555,2.1596999999999995
2025-06-17,KXGDPYEAR-31,2026-08-04,2.248014310493019,2.3,2.8,-0.037566168275753146,-0.7012489658312346,2.719168761277071
2025-06-17,KXGDPYEAR-32,2026-08-04,2.675002825369558,2.3,1.8,0.23810070525900007,-1.1546447091476657,3.45779719496512
2025-06-17,KXGDPYEAR-33,2026-08-05,2.8592210044753155,2.3,2.3,0.3689059934043657,-1.0555602215262991,3.4287871306045083
2025-06-17,KXGDPYEAR-34,2026-08-05,2.3636376657707103,2.3,0.1,0.04455795922498969,-0.6997330658180774,3.1110572835108945
2025-06-17,KXGDPYEAR-35,2026-08-04,2.749826891591256,2.8,1.8,-0.03218786147859579,-1.1621044533643832,3.3473672445211338
2025-06-17,KXGDPYEAR-36,2026-08-04,2.695242416882835,2.3,0.1,0.24894730630532177,-1.127603469239581,3.5316813541751007
2025-06-18,KXGDPYEAR-25,2026-02-20,1.309623226227369,1.3,0.1,0.010882597067232191,0.8536143748371043,1.244973451256334
2025-06-18,KXGDPYEAR-26,2026-08-05,2.314779095176201,2.3,2.3,0.09744169529139075,12.718177246770306,0.24585382182900262
2025-06-18,KXGDPYEAR-27,2026-08-05,2.0076383085144998,1.8,1.8,0.37400640422233034,2.898797807861639,0.6732893756761689
2025-06-18,KXGDPYEAR-28,2026-08-04,2.4731462188993745,2.3,2.3,0.1400696034980221,-0.34308140549094945,2.8598708587524024
2025-06-18,KXGDPYEAR-29,2026-08-04,2.3444515498705965,2.3,2.8,0.03264685533572642,-0.4834652040264813,2.997886909329589
2025-06-18,KXGDPYEAR-30,2026-08-05,2.53,2.3,2.3,0.20390070921985817,-0.3831493711206555,2.1596999999999995
2025-06-18,KXGDPYEAR-31,2026-08-04,2.248014310493019,2.3,2.8,-0.037566168275753146,-0.7012489658312346,2.719168761277071
2025-06-18,KXGDPYEAR-32,2026-08-04,2.675002825369558,2.3,1.8,0.23810070525900007,-1.1546447091476657,3.45779719496512
2025-06-18,KXGDPYEAR-33,2026-08-05,2.8592210044753155,2.3,2.3,0.3689059934043657,-1.0555602215262991,3.4287871306045083
2025-06-18,KXGDPYEAR-34,2026-08-05,2.3636376657707103,2.3,0.1,0.04455795922498969,-0.6997330658180774,3.1110572835108945
2025-06-18,KXGDPYEAR-35,2026-08-04,2.749826891591256,2.8,1.8,-0.03218786147859579,-1.1621044533643832,3.3473672445211338
2025-06-18,KXGDPYEAR-36,2026-08-04,2.695242416882835,2.3,0.1,0.24894730630532177,-1.127603469239581,3.5316813541751007
2025-06-19,KXGDPYEAR-25,2026-02-20,1.366577160006318,1.3,1.8,0.07756716967243253,0.8669614120944047,1.1884674975607858
2025-06-19,KXGDPYEAR-26,2026-08-05,2.314779095176201,2.3,2.3,0.09744169529139075,12.718177246770306,0.24585382182900262
2025-06-19,KXGDPYEAR-27,2026-08-05,2.0076383085144998,1.8,1.8,0.37400640422233034,2.898797807861639,0.6732893756761689
2025-06-19,KXGDPYEAR-28,2026-08-04,2.4731462188993745,2.3,2.3,0.1400696034980221,-0.34308140549094945,2.8598708587524024
2025-06-19,KXGDPYEAR-29,2026-08-04,2.3444515498705965,2.3,2.8,0.03264685533572642,-0.4834652040264813,2.997886909329589
2025-06-19,KXGDPYEAR-30,2026-08-05,2.53,2.3,2.3,0.20390070921985817,-0.3831493711206555,2.1596999999999995
2025-06-19,KXGDPYEAR-31,2026-08-04,2.248014310493019,2.3,2.8,-0.037566168275753146,-0.7012489658312346,2.719168761277071
2025-06-19,KXGDPYEAR-32,2026-08-04,2.675002825369558,2.3,1.8,0.23810070525900007,-1.1546447091476657,3.45779719496512
2025-06-19,KXGDPYEAR-33,2026-08-05,2.8592210044753155,2.3,2.3,0.3689059934043657,-1.0555602215262991,3.4287871306045083
2025-06-19,KXGDPYEAR-34,2026-08-05,2.3636376657707103,2.3,0.1,0.04455795922498969,-0.6997330658180774,3.1110572835108945
2025-06-19,KXGDPYEAR-35,2026-08-04,2.749826891591256,2.8,1.8,-0.03218786147859579,-1.1621044533643832,3.3473672445211338
2025-06-19,KXGDPYEAR-36,2026-08-04,2.695242416882835,2.3,0.1,0.24894730630532177,-1.127603469239581,3.5316813541751007
2025-06-20,KXGDPYEAR-25,2026-02-20,1.366577160006318,1.3,1.8,0.07756716967243253,0.8669614120944047,1.1884674975607858
2025-06-20,KXGDPYEAR-26,2026-08-05,2.314779095176201,2.3,2.3,0.09744169529139075,12.718177246770306,0.24585382182900262
2025-06-20,KXGDPYEAR-27,2026-08-05,2.0076383085144998,1.8,1.8,0.37400640422233034,2.898797807861639,0.6732893756761689
2025-06-20,KXGDPYEAR-28,2026-08-04,2.4731462188993745,2.3,2.3,0.1400696034980221,-0.34308140549094945,2.8598708587524024
2025-06-20,KXGDPYEAR-29,2026-08-04,2.3444515498705965,2.3,2.8,0.03264685533572642,-0.4834652040264813,2.997886909329589
2025-06-20,KXGDPYEAR-30,2026-08-05,2.53,2.3,2.3,0.20390070921985817,-0.3831493711206555,2.1596999999999995
2025-06-20,KXGDPYEAR-31,2026-08-04,2.248014310493019,2.3,2.8,-0.037566168275753146,-0.7012489658312346,2.719168761277071
2025-06-20,KXGDPYEAR-32,2026-08-04,2.675002825369558,2.3,1.8,0.23810070525900007,-1.1546447091476657,3.45779719496512
2025-06-20,KXGDPYEAR-33,2026-08-05,2.8592210044753155,2.3,2.3,0.3689059934043657,-1.0555602215262991,3.4287871306045083
2025-06-20,KXGDPYEAR-34,2026-08-05,2.3636376657707103,2.3,0.1,0.04455795922498969,-0.6997330658180774,3.1110572835108945
2025-06-20,KXGDPYEAR-35,2026-08-04,2.749826891591256,2.8,1.8,-0.03218786147859579,-1.1621044533643832,3.3473672445211338
2025-06-20,KXGDPYEAR-36,2026-08-04,2.695242416882835,2.3,0.1,0.24894730630532177,-1.127603469239581,3.5316813541751007
2025-06-21,KXGDPYEAR-25,2026-02-20,1.3699626865671641,1.3,0.1,0.07903055848261319,0.5589770204485545,1.2235567150256181
2025-06-21,KXGDPYEAR-26,2026-08-05,2.314779095176201,2.3,2.3,0.09744169529139075,12.718177246770306,0.24585382182900262
2025-06-21,KXGDPYEAR-27,2026-08-05,2.0076383085144998,1.8,1.8,0.37400640422233034,2.898797807861639,0.6732893756761689
2025-06-21,KXGDPYEAR-28,2026-08-04,2.4731462188993745,2.3,2.3,0.1400696034980221,-0.34308140549094945,2.8598708587524024
2025-06-21,KXGDPYEAR-29,2026-08-04,2.3444515498705965,2.3,2.8,0.03264685533572642,-0.4834652040264813,2.997886909329589
2025-06-21,KXGDPYEAR-30,2026-08-05,2.53,2.3,2.3,0.20390070921985817,-0.3831493711206555,2.1596999999999995
2025-06-21,KXGDPYEAR-31,2026-08-04,2.248014310493019,2.3,2.8,-0.037566168275753146,-0.7012489658312346,2.719168761277071
2025-06-21,KXGDPYEAR-32,2026-08-04,2.675002825369558,2.3,1.8,0.23810070525900007,-1.1546447091476657,3.45779719496512
2025-06-21,KXGDPYEAR-33,2026-08-05,2.8592210044753155,2.3,2.3,0.3689059934043657,-1.0555602215262991,3.4287871306045083
2025-06-21,KXGDPYEAR-34,2026-08-05,2.3636376657707103,2.3,0.1,0.04455795922498969,-0.6997330658180774,3.1110572835108945
2025-06-21,KXGDPYEAR-35,2026-08-04,2.749826891591256,2.8,1.8,-0.03218786147859579,-1.1621044533643832,3.3473672445211338
2025-06-21,KXGDPYEAR-36,2026-08-04,2.695242416882835,2.3,0.1,0.24894730630532177,-1.127603469239581,3.5316813541751007
2025-06-22,KXGDPYEAR-25,2026-02-20,1.3699626865671641,1.3,0.1,0.07903055848261319,0.5589770204485545,1.2235567150256181
2025-06-22,KXGDPYEAR-26,2026-08-05,2.314779095176201,2.3,2.3,0.09744169529139075,12.718177246770306,0.24585382182900262
2025-06-22,KXGDPYEAR-27,2026-08-05,2.0076383085144998,1.8,1.8,0.37400640422233034,2.898797807861639,0.6732893756761689
2025-06-22,KXGDPYEAR-28,2026-08-04,2.4731462188993745,2.3,2.3,0.1400696034980221,-0.34308140549094945,2.8598708587524024
2025-06-22,KXGDPYEAR-29,2026-08-04,2.3444515498705965,2.3,2.8,0.03264685533572642,-0.4834652040264813,2.997886909329589
2025-06-22,KXGDPYEAR-30,2026-08-05,2.53,2.3,2.3,0.20390070921985817,-0.3831493711206555,2.1596999999999995
2025-06-22,KXGDPYEAR-31,2026-08-04,2.248014310493019,2.3,2.8,-0.037566168275753146,-0.7012489658312346,2.719168761277071
2025-06-22,KXGDPYEAR-32,2026-08-04,2.675002825369558,2.3,1.8,0.23810070525900007,-1.1546447091476657,3.45779719496512
2025-06-22,KXGDPYEAR-33,2026-08-05,2.8592210044753155,2.3,2.3,0.3689059934043657,-1.0555602215262991,3.4287871306045083
2025-06-22,KXGDPYEAR-34,2026-08-05,2.3636376657707103,2.3,0.1,0.04455795922498969,-0.6997330658180774,3.1110572835108945
2025-06-22,KXGDPYEAR-35,2026-08-04,2.749826891591256,2.8,1.8,-0.03218786147859579,-1.1621044533643832,3.3473672445211338
2025-06-22,KXGDPYEAR-36,2026-08-04,2.695242416882835,2.3,0.1,0.24894730630532177,-1.127603469239581,3.5316813541751007
2025-06-23,KXGDPYEAR-25,2026-02-20,1.3699626865671641,1.3,0.1,0.07903055848261319,0.5589770204485545,1.2235567150256181
2025-06-23,KXGDPYEAR-26,2026-08-05,2.314779095176201,2.3,2.3,0.09744169529139075,12.718177246770306,0.24585382182900262
2025-06-23,KXGDPYEAR-27,2026-08-05,2.0076383085144998,1.8,1.8,0.37400640422233034,2.898797807861639,0.6732893756761689
2025-06-23,KXGDPYEAR-28,2026-08-04,2.4731462188993745,2.3,2.3,0.1400696034980221,-0.34308140549094945,2.8598708587524024
2025-06-23,KXGDPYEAR-29,2026-08-04,2.3444515498705965,2.3,2.8,0.03264685533572642,-0.4834652040264813,2.997886909329589
2025-06-23,KXGDPYEAR-30,2026-08-05,2.53,2.3,2.3,0.20390070921985817,-0.3831493711206555,2.1596999999999995
2025-06-23,KXGDPYEAR-31,2026-08-04,2.248014310493019,2.3,2.8,-0.037566168275753146,-0.7012489658312346,2.719168761277071
2025-06-23,KXGDPYEAR-32,2026-08-04,2.675002825369558,2.3,1.8,0.23810070525900007,-1.1546447091476657,3.45779719496512
2025-06-23,KXGDPYEAR-33,2026-08-05,2.8592210044753155,2.3,2.3,0.3689059934043657,-1.0555602215262991,3.4287871306045083
2025-06-23,KXGDPYEAR-34,2026-08-05,2.3636376657707103,2.3,0.1,0.04455795922498969,-0.6997330658180774,3.1110572835108945
2025-06-23,KXGDPYEAR-35,2026-08-04,2.749826891591256,2.8,1.8,-0.03218786147859579,-1.1621044533643832,3.3473672445211338
2025-06-23,KXGDPYEAR-36,2026-08-04,2.695242416882835,2.3,0.1,0.24894730630532177,-1.127603469239581,3.5316813541751007
2025-06-24,KXGDPYEAR-25,2026-02-20,1.3771262165683194,1.3,0.1,0.08587978093581831,0.5034286912606141,1.2693245944609786
2025-06-24,KXGDPYEAR-26,2026-08-05,2.314779095176201,2.3,2.3,0.09744169529139075,12.718177246770306,0.24585382182900262
2025-06-24,KXGDPYEAR-27,2026-08-05,2.0076383085144998,1.8,1.8,0.37400640422233034,2.898797807861639,0.6732893756761689
2025-06-24,KXGDPYEAR-28,2026-08-04,2.4731462188993745,2.3,2.3,0.1400696034980221,-0.34308140549094945,2.8598708587524024
2025-06-24,KXGDPYEAR-29,2026-08-04,2.3444515498705965,2.3,2.8,0.03264685533572642,-0.4834652040264813,2.997886909329589
2025-06-24,KXGDPYEAR-30,2026-08-05,2.53,2.3,2.3,0.20390070921985817,-0.3831493711206555,2.1596999999999995
2025-06-24,KXGDPYEAR-31,2026-08-04,2.248014310493019,2.3,2.8,-0.037566168275753146,-0.7012489658312346,2.719168761277071
2025-06-24,KXGDPYEAR-32,2026-08-04,2.675002825369558,2.3,1.8,0.23810070525900007,-1.1546447091476657,3.45779719496512
2025-06-24,KXGDPYEAR-33,2026-08-05,2.8592210044753155,2.3,2.3,0.3689059934043657,-1.0555602215262991,3.4287871306045083
2025-06-24,KXGDPYEAR-34,2026-08-05,2.3636376657707103,2.3,0.1,0.04455795922498969,-0.6997330658180774,3.1110572835108945
2025-06-24,KXGDPYEAR-35,2026-08-04,2.749826891591256,2.8,1.8,-0.03218786147859579,-1.1621044533643832,3.3473672445211338
2025-06-24,KXGDPYEAR-36,2026-08-04,2.695242416882835,2.3,0.1,0.24894730630532177,-1.127603469239581,3.5316813541751007
2025-06-25,KXGDPYEAR-25,2026-02-20,1.4462814121122807,1.3,0.1,0.16014128733803182,0.18389859771680728,1.2743317218879424
2025-06-25,KXGDPYEAR-26,2026-08-05,2.314779095176201,2.3,2.3,0.09744169529139075,12.718177246770306,0.24585382182900262
2025-06-25,KXGDPYEAR-27,2026-08-05,2.0076383085144998,1.8,1.8,0.37400640422233034,2.898797807861639,0.6732893756761689
2025-06-25,KXGDPYEAR-28,2026-08-04,2.4731462188993745,2.3,2.3,0.1400696034980221,-0.34308140549094945,2.8598708587524024
2025-06-25,KXGDPYEAR-29,2026-08-04,2.3444515498705965,2.3,2.8,0.03264685533572642,-0.4834652040264813,2.997886909329589
2025-06-25,KXGDPYEAR-30,2026-08-05,2.53,2.3,2.3,0.20390070921985817,-0.3831493711206555,2.1596999999999995
2025-06-25,KXGDPYEAR-31,2026-08-04,2.248014310493019,2.3,2.8,-0.037566168275753146,-0.7012489658312346,2.719168761277071
2025-06-25,KXGDPYEAR-32,2026-08-04,2.675002825369558,2.3,1.8,0.23810070525900007,-1.1546447091476657,3.45779719496512
2025-06-25,KXGDPYEAR-33,2026-08-05,2.8592210044753155,2.3,2.3,0.3689059934043657,-1.0555602215262991,3.4287871306045083
2025-06-25,KXGDPYEAR-34,2026-08-05,2.3636376657707103,2.3,0.1,0.04455795922498969,-0.6997330658180774,3.1110572835108945
2025-06-25,KXGDPYEAR-35,2026-08-04,2.749826891591256,2.8,1.8,-0.03218786147859579,-1.1621044533643832,3.3473672445211338
2025-06-25,KXGDPYEAR-36,2026-08-04,2.695242416882835,2.3,0.1,0.24894730630532177,-1.127603469239581,3.5316813541751007
2025-06-26,KXGDPYEAR-25,2026-02-20,1.358198718761907,1.3,0.1,0.0641541348688043,0.49639383734203024,1.315657046096741
2025-06-26,KXGDPYEAR-26,2026-08-05,2.314779095176201,2.3,2.3,0.09744169529139075,12.718177246770306,0.24585382182900262
2025-06-26,KXGDPYEAR-27,2026-08-05,2.0076383085144998,1.8,1.8,0.37400640422233034,2.898797807861639,0.6732893756761689
2025-06-26,KXGDPYEAR-28,2026-08-04,2.4731462188993745,2.3,2.3,0.1400696034980221,-0.34308140549094945,2.8598708587524024
2025-06-26,KXGDPYEAR-29,2026-08-04,2.3444515498705965,2.3,2.8,0.03264685533572642,-0.4834652040264813,2.997886909329589
2025-06-26,KXGDPYEAR-30,2026-08-05,2.53,2.3,2.3,0.20390070921985817,-0.3831493711206555,2.1596999999999995
2025-06-26,KXGDPYEAR-31,2026-08-04,2.248014310493019,2.3,2.8,-0.037566168275753146,-0.7012489658312346,2.719168761277071
2025-06-26,KXGDPYEAR-32,2026-08-04,2.675002825369558,2.3,1.8,0.23810070525900007,-1.1546447091476657,3.45779719496512
2025-06-26,KXGDPYEAR-33,2026-08-05,2.8592210044753155,2.3,2.3,0.3689059934043657,-1.0555602215262991,3.4287871306045083
2025-06-26,KXGDPYEAR-34,2026-08-05,2.3636376657707103,2.3,0.1,0.04455795922498969,-0.6997330658180774,3.1110572835108945
2025-06-26,KXGDPYEAR-35,2026-08-04,2.749826891591256,2.8,1.8,-0.03218786147859579,-1.1621044533643832,3.3473672445211338
2025-06-26,KXGDPYEAR-36,2026-08-04,2.695242416882835,2.3,0.1,0.24894730630532177,-1.127603469239581,3.5316813541751007
2025-06-27,KXGDPYEAR-25,2026-02-20,1.3635935132338277,1.3,1.3,0.07481849967434231,0.8777827208442788,1.2053742439832187
2025-06-27,KXGDPYEAR-26,2026-08-05,2.314779095176201,2.3,2.3,0.09744169529139075,12.718177246770306,0.24585382182900262
2025-06-27,KXGDPYEAR-27,2026-08-05,2.0076383085144998,1.8,1.8,0.37400640422233034,2.898797807861639,0.6732893756761689
2025-06-27,KXGDPYEAR-28,2026-08-04,2.4731462188993745,2.3,2.3,0.1400696034980221,-0.34308140549094945,2.8598708587524024
2025-06-27,KXGDPYEAR-29,2026-08-04,2.3444515498705965,2.3,2.8,0.03264685533572642,-0.4834652040264813,2.997886909329589
2025-06-27,KXGDPYEAR-30,2026-08-05,2.53,2.3,2.3,0.20390070921985817,-0.3831493711206555,2.1596999999999995
2025-06-27,KXGDPYEAR-31,2026-08-04,2.248014310493019,2.3,2.8,-0.037566168275753146,-0.7012489658312346,2.719168761277071
2025-06-27,KXGDPYEAR-32,2026-08-04,2.675002825369558,2.3,1.8,0.23810070525900007,-1.1546447091476657,3.45779719496512
2025-06-27,KXGDPYEAR-33,2026-08-05,2.8592210044753155,2.3,2.3,0.3689059934043657,-1.0555602215262991,3.4287871306045083
2025-06-27,KXGDPYEAR-34,2026-08-05,2.3636376657707103,2.3,0.1,0.04455795922498969,-0.6997330658180774,3.1110572835108945
2025-06-27,KXGDPYEAR-35,2026-08-04,2.749826891591256,2.8,1.8,-0.03218786147859579,-1.1621044533643832,3.3473672445211338
2025-06-27,KXGDPYEAR-36,2026-08-04,2.695242416882835,2.3,0.1,0.24894730630532177,-1.127603469239581,3.5316813541751007
2025-06-28,KXGDPYEAR-25,2026-02-20,1.3823619113753416,1.3,1.3,0.0968541690600689,0.8333021885986782,1.2101043194093999
2025-06-28,KXGDPYEAR-26,2026-08-05,2.314779095176201,2.3,2.3,0.09744169529139075,12.718177246770306,0.24585382182900262
2025-06-28,KXGDPYEAR-27,2026-08-05,2.0076383085144998,1.8,1.8,0.37400640422233034,2.898797807861639,0.6732893756761689
2025-06-28,KXGDPYEAR-28,2026-08-04,2.4731462188993745,2.3,2.3,0.1400696034980221,-0.34308140549094945,2.8598708587524024
2025-06-28,KXGDPYEAR-29,2026-08-04,2.3444515498705965,2.3,2.8,0.03264685533572642,-0.4834652040264813,2.997886909329589
2025-06-28,KXGDPYEAR-30,2026-08-05,2.53,2.3,2.3,0.20390070921985817,-0.3831493711206555,2.1596999999999995
2025-06-28,KXGDPYEAR-31,2026-08-04,2.248014310493019,2.3,2.8,-0.037566168275753146,-0.7012489658312346,2.719168761277071
2025-06-28,KXGDPYEAR-32,2026-08-04,2.675002825369558,2.3,1.8,0.23810070525900007,-1.1546447091476657,3.45779719496512
2025-06-28,KXGDPYEAR-33,2026-08-05,2.8592210044753155,2.3,2.3,0.3689059934043657,-1.0555602215262991,3.4287871306045083
2025-06-28,KXGDPYEAR-34,2026-08-05,2.3636376657707103,2.3,0.1,0.04455795922498969,-0.6997330658180774,3.1110572835108945
2025-06-28,KXGDPYEAR-35,2026-08-04,2.749826891591256,2.8,1.8,-0.03218786147859579,-1.1621044533643832,3.3473672445211338
2025-06-28,KXGDPYEAR-36,2026-08-04,2.695242416882835,2.3,0.1,0.24894730630532177,-1.127603469239581,3.5316813541751007
2025-06-29,KXGDPYEAR-25,2026-02-20,1.4226255613081895,1.3,1.3,0.14608843992783352,0.8524647881755127,1.1948454900235552
2025-06-29,KXGDPYEAR-26,2026-08-05,2.314779095176201,2.3,2.3,0.09744169529139075,12.718177246770306,0.24585382182900262
2025-06-29,KXGDPYEAR-27,2026-08-05,2.0076383085144998,1.8,1.8,0.37400640422233034,2.898797807861639,0.6732893756761689
2025-06-29,KXGDPYEAR-28,2026-08-04,2.4731462188993745,2.3,2.3,0.1400696034980221,-0.34308140549094945,2.8598708587524024
2025-06-29,KXGDPYEAR-29,2026-08-04,2.3444515498705965,2.3,2.8,0.03264685533572642,-0.4834652040264813,2.997886909329589
2025-06-29,KXGDPYEAR-30,2026-08-05,2.53,2.3,2.3,0.20390070921985817,-0.3831493711206555,2.1596999999999995
2025-06-29,KXGDPYEAR-31,2026-08-04,2.248014310493019,2.3,2.8,-0.037566168275753146,-0.7012489658312346,2.719168761277071
2025-06-29,KXGDPYEAR-32,2026-08-04,2.675002825369558,2.3,1.8,0.23810070525900007,-1.1546447091476657,3.45779719496512
2025-06-29,KXGDPYEAR-33,2026-08-05,2.8592210044753155,2.3,2.3,0.3689059934043657,-1.0555602215262991,3.4287871306045083
2025-06-29,KXGDPYEAR-34,2026-08-05,2.3636376657707103,2.3,0.1,0.04455795922498969,-0.6997330658180774,3.1110572835108945
2025-06-29,KXGDPYEAR-35,2026-08-04,2.749826891591256,2.8,1.8,-0.03218786147859579,-1.1621044533643832,3.3473672445211338
2025-06-29,KXGDPYEAR-36,2026-08-04,2.695242416882835,2.3,0.1,0.24894730630532177,-1.127603469239581,3.5316813541751007
2025-06-30,KXGDPYEAR-25,2026-02-20,1.4226255613081895,1.3,1.3,0.14608843992783352,0.8524647881755127,1.1948454900235552
2025-06-30,KXGDPYEAR-26,2026-08-05,2.314779095176201,2.3,2.3,0.09744169529139075,12.718177246770306,0.24585382182900262
2025-06-30,KXGDPYEAR-27,2026-08-05,2.0076383085144998,1.8,1.8,0.37400640422233034,2.898797807861639,0.6732893756761689
2025-06-30,KXGDPYEAR-28,2026-08-04,2.4731462188993745,2.3,2.3,0.1400696034980221,-0.34308140549094945,2.8598708587524024
2025-06-30,KXGDPYEAR-29,2026-08-04,2.3444515498705965,2.3,2.8,0.03264685533572642,-0.4834652040264813,2.997886909329589
2025-06-30,KXGDPYEAR-30,2026-08-05,2.53,2.3,2.3,0.20390070921985817,-0.3831493711206555,2.1596999999999995
2025-06-30,KXGDPYEAR-31,2026-08-04,2.248014310493019,2.3,2.8,-0.037566168275753146,-0.7012489658312346,2.719168761277071
2025-06-30,KXGDPYEAR-32,2026-08-04,2.675002825369558,2.3,1.8,0.23810070525900007,-1.1546447091476657,3.45779719496512
2025-06-30,KXGDPYEAR-33,2026-08-05,2.8592210044753155,2.3,2.3,0.3689059934043657,-1.0555602215262991,3.4287871306045083
2025-06-30,KXGDPYEAR-34,2026-08-05,2.3636376657707103,2.3,0.1,0.04455795922498969,-0.6997330658180774,3.1110572835108945
2025-06-30,KXGDPYEAR-35,2026-08-04,2.749826891591256,2.8,1.8,-0.03218786147859579,-1.1621044533643832,3.3473672445211338
2025-06-30,KXGDPYEAR-36,2026-08-04,2.695242416882835,2.3,0.1,0.24894730630532177,-1.127603469239581,3.5316813541751007
2025-07-01,KXGDPYEAR-25,2026-02-20,1.3840268924529349,1.3,1.3,0.10184834439840709,1.0765776385672456,1.177605302126558
2025-07-01,KXGDPYEAR-26,2026-08-05,2.314779095176201,2.3,2.3,0.09744169529139075,12.718177246770306,0.24585382182900262
2025-07-01,KXGDPYEAR-27,2026-08-05,2.0076383085144998,1.8,1.8,0.37400640422233034,2.898797807861639,0.6732893756761689
2025-07-01,KXGDPYEAR-28,2026-08-04,2.4731462188993745,2.3,2.3,0.1400696034980221,-0.34308140549094945,2.8598708587524024
2025-07-01,KXGDPYEAR-29,2026-08-04,2.3444515498705965,2.3,2.8,0.03264685533572642,-0.4834652040264813,2.997886909329589
2025-07-01,KXGDPYEAR-30,2026-08-05,2.53,2.3,2.3,0.20390070921985817,-0.3831493711206555,2.1596999999999995
2025-07-01,KXGDPYEAR-31,2026-08-04,2.248014310493019,2.3,2.8,-0.037566168275753146,-0.7012489658312346,2.719168761277071
2025-07-01,KXGDPYEAR-32,2026-08-04,2.675002825369558,2.3,1.8,0.23810070525900007,-1.1546447091476657,3.45779719496512
2025-07-01,KXGDPYEAR-33,2026-08-05,2.8592210044753155,2.3,2.3,0.3689059934043657,-1.0555602215262991,3.4287871306045083
2025-07-01,KXGDPYEAR-34,2026-08-05,2.3636376657707103,2.3,0.1,0.04455795922498969,-0.6997330658180774,3.1110572835108945
2025-07-01,KXGDPYEAR-35,2026-08-04,2.749826891591256,2.8,1.8,-0.03218786147859579,-1.1621044533643832,3.3473672445211338
2025-07-01,KXGDPYEAR-36,2026-08-04,2.695242416882835,2.3,0.1,0.24894730630532177,-1.127603469239581,3.5316813541751007
2025-07-02,KXGDPYEAR-25,2026-02-20,1.395624750747812,1.3,1.3,0.11616962434176087,1.0675913355504454,1.1774974426690017
2025-07-02,KXGDPYEAR-26,2026-08-05,2.314779095176201,2.3,2.3,0.09744169529139075,12.718177246770306,0.24585382182900262
2025-07-02,KXGDPYEAR-27,2026-08-05,2.0076383085144998,1.8,1.8,0.37400640422233034,2.898797807861639,0.6732893756761689
2025-07-02,KXGDPYEAR-28,2026-08-04,2.4731462188993745,2.3,2.3,0.1400696034980221,-0.34308140549094945,2.8598708587524024
2025-07-02,KXGDPYEAR-29,2026-08-04,2.3444515498705965,2.3,2.8,0.03264685533572642,-0.4834652040264813,2.997886909329589
2025-07-02,KXGDPYEAR-30,2026-08-05,2.53,2.3,2.3,0.20390070921985817,-0.3831493711206555,2.1596999999999995
2025-07-02,KXGDPYEAR-31,2026-08-04,2.248014310493019,2.3,2.8,-0.037566168275753146,-0.7012489658312346,2.719168761277071
2025-07-02,KXGDPYEAR-32,2026-08-04,2.675002825369558,2.3,1.8,0.23810070525900007,-1.1546447091476657,3.45779719496512
2025-07-02,KXGDPYEAR-33,2026-08-05,2.8592210044753155,2.3,2.3,0.3689059934043657,-1.0555602215262991,3.4287871306045083
2025-07-02,KXGDPYEAR-34,2026-08-05,2.3636376657707103,2.3,0.1,0.04455795922498969,-0.6997330658180774,3.1110572835108945
2025-07-02,KXGDPYEAR-35,2026-08-04,2.749826891591256,2.8,1.8,-0.03218786147859579,-1.1621044533643832,3.3473672445211338
2025-07-02,KXGDPYEAR-36,2026-08-04,2.695242416882835,2.3,0.1,0.24894730630532177,-1.127603469239581,3.5316813541751007
2025-07-03,KXGDPYEAR-25,2026-02-20,1.4434609855535916,1.3,1.3,0.17150456994899746,0.7547592310941882,1.2106346068572726
2025-07-03,KXGDPYEAR-26,2026-08-05,2.314779095176201,2.3,2.3,0.09744169529139075,12.718177246770306,0.24585382182900262
2025-07-03,KXGDPYEAR-27,2026-08-05,2.0076383085144998,1.8,1.8,0.37400640422233034,2.898797807861639,0.6732893756761689
2025-07-03,KXGDPYEAR-28,2026-08-04,2.4731462188993745,2.3,2.3,0.1400696034980221,-0.34308140549094945,2.8598708587524024
2025-07-03,KXGDPYEAR-29,2026-08-04,2.3444515498705965,2.3,2.8,0.03264685533572642,-0.4834652040264813,2.997886909329589
2025-07-03,KXGDPYEAR-30,2026-08-05,2.53,2.3,2.3,0.20390070921985817,-0.3831493711206555,2.1596999999999995
2025-07-03,KXGDPYEAR-31,2026-08-04,2.248014310493019,2.3,2.8,-0.037566168275753146,-0.7012489658312346,2.719168761277071
2025-07-03,KXGDPYEAR-32,2026-08-04,2.675002825369558,2.3,1.8,0.23810070525900007,-1.1546447091476657,3.45779719496512
2025-07-03,KXGDPYEAR-33,2026-08-05,2.8592210044753155,2.3,2.3,0.3689059934043657,-1.0555602215262991,3.4287871306045083
2025-07-03,KXGDPYEAR-34,2026-08-05,2.3636376657707103,2.3,0.1,0.04455795922498969,-0.6997330658180774,3.1110572835108945
2025-07-03,KXGDPYEAR-35,2026-08-04,2.749826891591256,2.8,1.8,-0.03218786147859579,-1.1621044533643832,3.3473672445211338
2025-07-03,KXGDPYEAR-36,2026-08-04,2.695242416882835,2.3,0.1,0.24894730630532177,-1.127603469239581,3.5316813541751007
2025-07-04,KXGDPYEAR-25,2026-02-20,1.4434609855535916,1.3,1.3,0.17150456994899746,0.7547592310941882,1.2106346068572726
2025-07-04,KXGDPYEAR-26,2026-08-05,2.314779095176201,2.3,2.3,0.09744169529139075,12.718177246770306,0.24585382182900262
2025-07-04,KXGDPYEAR-27,2026-08-05,2.0076383085144998,1.8,1.8,0.37400640422233034,2.898797807861639,0.6732893756761689
2025-07-04,KXGDPYEAR-28,2026-08-04,2.4731462188993745,2.3,2.3,0.1400696034980221,-0.34308140549094945,2.8598708587524024
2025-07-04,KXGDPYEAR-29,2026-08-04,2.3444515498705965,2.3,2.8,0.03264685533572642,-0.4834652040264813,2.997886909329589
2025-07-04,KXGDPYEAR-30,2026-08-05,2.53,2.3,2.3,0.20390070921985817,-0.3831493711206555,2.1596999999999995
2025-07-04,KXGDPYEAR-31,2026-08-04,2.248014310493019,2.3,2.8,-0.037566168275753146,-0.7012489658312346,2.719168761277071
2025-07-04,KXGDPYEAR-32,2026-08-04,2.675002825369558,2.3,1.8,0.23810070525900007,-1.1546447091476657,3.45779719496512
2025-07-04,KXGDPYEAR-33,2026-08-05,2.8592210044753155,2.3,2.3,0.3689059934043657,-1.0555602215262991,3.4287871306045083
2025-07-04,KXGDPYEAR-34,2026-08-05,2.3636376657707103,2.3,0.1,0.04455795922498969,-0.6997330658180774,3.1110572835108945
2025-07-04,KXGDPYEAR-35,2026-08-04,2.749826891591256,2.8,1.8,-0.03218786147859579,-1.1621044533643832,3.3473672445211338
2025-07-04,KXGDPYEAR-36,2026-08-04,2.695242416882835,2.3,0.1,0.24894730630532177,-1.127603469239581,3.5316813541751007
2025-07-05,KXGDPYEAR-25,2026-02-20,1.4845808722353901,1.3,1.3,0.21377504812514678,0.4129117582573927,1.23618526408701
2025-07-05,KXGDPYEAR-26,2026-08-05,2.314779095176201,2.3,2.3,0.09744169529139075,12.718177246770306,0.24585382182900262
2025-07-05,KXGDPYEAR-27,2026-08-05,2.0076383085144998,1.8,1.8,0.37400640422233034,2.898797807861639,0.6732893756761689
2025-07-05,KXGDPYEAR-28,2026-08-04,2.4731462188993745,2.3,2.3,0.1400696034980221,-0.34308140549094945,2.8598708587524024
2025-07-05,KXGDPYEAR-29,2026-08-04,2.3444515498705965,2.3,2.8,0.03264685533572642,-0.4834652040264813,2.997886909329589
2025-07-05,KXGDPYEAR-30,2026-08-05,2.53,2.3,2.3,0.20390070921985817,-0.3831493711206555,2.1596999999999995
2025-07-05,KXGDPYEAR-31,2026-08-04,2.248014310493019,2.3,2.8,-0.037566168275753146,-0.7012489658312346,2.719168761277071
2025-07-05,KXGDPYEAR-32,2026-08-04,2.675002825369558,2.3,1.8,0.23810070525900007,-1.1546447091476657,3.45779719496512
2025-07-05,KXGDPYEAR-33,2026-08-05,2.8592210044753155,2.3,2.3,0.3689059934043657,-1.0555602215262991,3.4287871306045083
2025-07-05,KXGDPYEAR-34,2026-08-05,2.3636376657707103,2.3,0.1,0.04455795922498969,-0.6997330658180774,3.1110572835108945
2025-07-05,KXGDPYEAR-35,2026-08-04,2.749826891591256,2.8,1.8,-0.03218786147859579,-1.1621044533643832,3.3473672445211338
2025-07-05,KXGDPYEAR-36,2026-08-04,2.695242416882835,2.3,0.1,0.24894730630532177,-1.127603469239581,3.5316813541751007
2025-07-06,KXGDPYEAR-25,2026-02-20,1.4845808722353901,1.3,1.3,0.21377504812514678,0.4129117582573927,1.23618526408701
2025-07-06,KXGDPYEAR-26,2026-08-05,2.314779095176201,2.3,2.3,0.09744169529139075,12.718177246770306,0.24585382182900262
2025-07-06,KXGDPYEAR-27,2026-08-05,2.0076383085144998,1.8,1.8,0.37400640422233034,2.898797807861639,0.6732893756761689
2025-07-06,KXGDPYEAR-28,2026-08-04,2.4731462188993745,2.3,2.3,0.1400696034980221,-0.34308140549094945,2.8598708587524024
2025-07-06,KXGDPYEAR-29,2026-08-04,2.3444515498705965,2.3,2.8,0.03264685533572642,-0.4834652040264813,2.997886909329589
2025-07-06,KXGDPYEAR-30,2026-08-05,2.53,2.3,2.3,0.20390070921985817,-0.3831493711206555,2.1596999999999995
2025-07-06,KXGDPYEAR-31,2026-08-04,2.248014310493019,2.3,2.8,-0.037566168275753146,-0.7012489658312346,2.719168761277071
2025-07-06,KXGDPYEAR-32,2026-08-04,2.675002825369558,2.3,1.8,0.23810070525900007,-1.1546447091476657,3.45779719496512
2025-07-06,KXGDPYEAR-33,2026-08-05,2.8592210044753155,2.3,2.3,0.3689059934043657,-1.0555602215262991,3.4287871306045083
2025-07-06,KXGDPYEAR-34,2026-08-05,2.3636376657707103,2.3,0.1,0.04455795922498969,-0.6997330658180774,3.1110572835108945
2025-07-06,KXGDPYEAR-35,2026-08-04,2.749826891591256,2.8,1.8,-0.03218786147859579,-1.1621044533643832,3.3473672445211338
2025-07-06,KXGDPYEAR-36,2026-08-04,2.695242416882835,2.3,0.1,0.24894730630532177,-1.127603469239581,3.5316813541751007
2025-07-07,KXGDPYEAR-25,2026-02-20,1.4845808722353901,1.3,1.3,0.21377504812514678,0.4129117582573927,1.23618526408701
2025-07-07,KXGDPYEAR-26,2026-08-05,2.314779095176201,2.3,2.3,0.09744169529139075,12.718177246770306,0.24585382182900262
2025-07-07,KXGDPYEAR-27,2026-08-05,2.0076383085144998,1.8,1.8,0.37400640422233034,2.898797807861639,0.6732893756761689
2025-07-07,KXGDPYEAR-28,2026-08-04,2.4731462188993745,2.3,2.3,0.1400696034980221,-0.34308140549094945,2.8598708587524024
2025-07-07,KXGDPYEAR-29,2026-08-04,2.3444515498705965,2.3,2.8,0.03264685533572642,-0.4834652040264813,2.997886909329589
2025-07-07,KXGDPYEAR-30,2026-08-05,2.53,2.3,2.3,0.20390070921985817,-0.3831493711206555,2.1596999999999995
2025-07-07,KXGDPYEAR-31,2026-08-04,2.248014310493019,2.3,2.8,-0.037566168275753146,-0.7012489658312346,2.719168761277071
2025-07-07,KXGDPYEAR-32,2026-08-04,2.675002825369558,2.3,1.8,0.23810070525900007,-1.1546447091476657,3.45779719496512
2025-07-07,KXGDPYEAR-33,2026-08-05,2.8592210044753155,2.3,2.3,0.3689059934043657,-1.0555602215262991,3.4287871306045083
2025-07-07,KXGDPYEAR-34,2026-08-05,2.3636376657707103,2.3,0.1,0.04455795922498969,-0.6997330658180774,3.1110572835108945
2025-07-07,KXGDPYEAR-35,2026-08-04,2.749826891591256,2.8,1.8,-0.03218786147859579,-1.1621044533643832,3.3473672445211338
2025-07-07,KXGDPYEAR-36,2026-08-04,2.695242416882835,2.3,0.1,0.24894730630532177,-1.127603469239581,3.5316813541751007
2025-07-08,KXGDPYEAR-25,2026-02-20,1.4845808722353901,1.3,1.3,0.21377504812514678,0.4129117582573927,1.23618526408701
2025-07-08,KXGDPYEAR-26,2026-08-05,2.314779095176201,2.3,2.3,0.09744169529139075,12.718177246770306,0.24585382182900262
2025-07-08,KXGDPYEAR-27,2026-08-05,2.0076383085144998,1.8,1.8,0.37400640422233034,2.898797807861639,0.6732893756761689
2025-07-08,KXGDPYEAR-28,2026-08-04,2.4731462188993745,2.3,2.3,0.1400696034980221,-0.34308140549094945,2.8598708587524024
2025-07-08,KXGDPYEAR-29,2026-08-04,2.3444515498705965,2.3,2.8,0.03264685533572642,-0.4834652040264813,2.997886909329589
2025-07-08,KXGDPYEAR-30,2026-08-05,2.53,2.3,2.3,0.20390070921985817,-0.3831493711206555,2.1596999999999995
2025-07-08,KXGDPYEAR-31,2026-08-04,2.248014310493019,2.3,2.8,-0.037566168275753146,-0.7012489658312346,2.719168761277071
2025-07-08,KXGDPYEAR-32,2026-08-04,2.675002825369558,2.3,1.8,0.23810070525900007,-1.1546447091476657,3.45779719496512
2025-07-08,KXGDPYEAR-33,2026-08-05,2.8592210044753155,2.3,2.3,0.3689059934043657,-1.0555602215262991,3.4287871306045083
2025-07-08,KXGDPYEAR-34,2026-08-05,2.3636376657707103,2.3,0.1,0.04455795922498969,-0.6997330658180774,3.1110572835108945
2025-07-08,KXGDPYEAR-35,2026-08-04,2.749826891591256,2.8,1.8,-0.03218786147859579,-1.1621044533643832,3.3473672445211338
2025-07-08,KXGDPYEAR-36,2026-08-04,2.695242416882835,2.3,0.1,0.24894730630532177,-1.127603469239581,3.5316813541751007
2025-07-09,KXGDPYEAR-25,2026-02-20,1.4845808722353901,1.3,1.3,0.21377504812514678,0.4129117582573927,1.23618526408701
2025-07-09,KXGDPYEAR-26,2026-08-05,2.314779095176201,2.3,2.3,0.09744169529139075,12.718177246770306,0.24585382182900262
2025-07-09,KXGDPYEAR-27,2026-08-05,2.0076383085144998,1.8,1.8,0.37400640422233034,2.898797807861639,0.6732893756761689
2025-07-09,KXGDPYEAR-28,2026-08-04,2.4731462188993745,2.3,2.3,0.1400696034980221,-0.34308140549094945,2.8598708587524024
2025-07-09,KXGDPYEAR-29,2026-08-04,2.3444515498705965,2.3,2.8,0.03264685533572642,-0.4834652040264813,2.997886909329589
2025-07-09,KXGDPYEAR-30,2026-08-05,2.53,2.3,2.3,0.20390070921985817,-0.3831493711206555,2.1596999999999995
2025-07-09,KXGDPYEAR-31,2026-08-04,2.248014310493019,2.3,2.8,-0.037566168275753146,-0.7012489658312346,2.719168761277071
2025-07-09,KXGDPYEAR-32,2026-08-04,2.675002825369558,2.3,1.8,0.23810070525900007,-1.1546447091476657,3.45779719496512
2025-07-09,KXGDPYEAR-33,2026-08-05,2.8592210044753155,2.3,2.3,0.3689059934043657,-1.0555602215262991,3.4287871306045083
2025-07-09,KXGDPYEAR-34,2026-08-05,2.3636376657707103,2.3,0.1,0.04455795922498969,-0.6997330658180774,3.1110572835108945
2025-07-09,KXGDPYEAR-35,2026-08-04,2.749826891591256,2.8,1.8,-0.03218786147859579,-1.1621044533643832,3.3473672445211338
2025-07-09,KXGDPYEAR-36,2026-08-04,2.695242416882835,2.3,0.1,0.24894730630532177,-1.127603469239581,3.5316813541751007
2025-07-10,KXGDPYEAR-25,2026-02-20,1.5059809456598447,1.3,1.3,0.2379011716760061,0.3600894805981141,1.219560205706092
2025-07-10,KXGDPYEAR-26,2026-08-05,2.314779095176201,2.3,2.3,0.09744169529139075,12.718177246770306,0.24585382182900262
2025-07-10,KXGDPYEAR-27,2026-08-05,2.0076383085144998,1.8,1.8,0.37400640422233034,2.898797807861639,0.6732893756761689
2025-07-10,KXGDPYEAR-28,2026-08-04,2.4731462188993745,2.3,2.3,0.1400696034980221,-0.34308140549094945,2.8598708587524024
2025-07-10,KXGDPYEAR-29,2026-08-04,2.3444515498705965,2.3,2.8,0.03264685533572642,-0.4834652040264813,2.997886909329589
2025-07-10,KXGDPYEAR-30,2026-08-05,2.53,2.3,2.3,0.20390070921985817,-0.3831493711206555,2.1596999999999995
2025-07-10,KXGDPYEAR-31,2026-08-04,2.248014310493019,2.3,2.8,-0.037566168275753146,-0.7012489658312346,2.719168761277071
2025-07-10,KXGDPYEAR-32,2026-08-04,2.675002825369558,2.3,1.8,0.23810070525900007,-1.1546447091476657,3.45779719496512
2025-07-10,KXGDPYEAR-33,2026-08-05,2.8592210044753155,2.3,2.3,0.3689059934043657,-1.0555602215262991,3.4287871306045083
2025-07-10,KXGDPYEAR-34,2026-08-05,2.3636376657707103,2.3,0.1,0.04455795922498969,-0.6997330658180774,3.1110572835108945
2025-07-10,KXGDPYEAR-35,2026-08-04,2.749826891591256,2.8,1.8,-0.03218786147859579,-1.1621044533643832,3.3473672445211338
2025-07-10,KXGDPYEAR-36,2026-08-04,2.695242416882835,2.3,0.1,0.24894730630532177,-1.127603469239581,3.5316813541751007
2025-07-11,KXGDPYEAR-25,2026-02-20,1.4918962069660375,1.3,1.3,0.2192457682049537,0.3286339188333236,1.230458098941327
2025-07-11,KXGDPYEAR-26,2026-08-05,2.314779095176201,2.3,2.3,0.09744169529139075,12.718177246770306,0.24585382182900262
2025-07-11,KXGDPYEAR-27,2026-08-05,2.0076383085144998,1.8,1.8,0.37400640422233034,2.898797807861639,0.6732893756761689
2025-07-11,KXGDPYEAR-28,2026-08-04,2.4731462188993745,2.3,2.3,0.1400696034980221,-0.34308140549094945,2.8598708587524024
2025-07-11,KXGDPYEAR-29,2026-08-04,2.3444515498705965,2.3,2.8,0.03264685533572642,-0.4834652040264813,2.997886909329589
2025-07-11,KXGDPYEAR-30,2026-08-05,2.53,2.3,2.3,0.20390070921985817,-0.3831493711206555,2.1596999999999995
2025-07-11,KXGDPYEAR-31,2026-08-04,2.248014310493019,2.3,2.8,-0.037566168275753146,-0.7012489658312346,2.719168761277071
2025-07-11,KXGDPYEAR-32,2026-08-04,2.675002825369558,2.3,1.8,0.23810070525900007,-1.1546447091476657,3.45779719496512
2025-07-11,KXGDPYEAR-33,2026-08-05,2.8592210044753155,2.3,2.3,0.3689059934043657,-1.0555602215262991,3.4287871306045083
2025-07-11,KXGDPYEAR-34,2026-08-05,2.3636376657707103,2.3,0.1,0.04455795922498969,-0.6997330658180774,3.1110572835108945
2025-07-11,KXGDPYEAR-35,2026-08-04,2.749826891591256,2.8,1.8,-0.03218786147859579,-1.1621044533643832,3.3473672445211338
2025-07-11,KXGDPYEAR-36,2026-08-04,2.695242416882835,2.3,0.1,0.24894730630532177,-1.127603469239581,3.5316813541751007
2025-07-12,KXGDPYEAR-25,2026-02-20,1.4918962069660375,1.3,1.3,0.2192457682049537,0.3286339188333236,1.230458098941327
2025-07-12,KXGDPYEAR-26,2026-08-05,2.314779095176201,2.3,2.3,0.09744169529139075,12.718177246770306,0.24585382182900262
2025-07-12,KXGDPYEAR-27,2026-08-05,2.0076383085144998,1.8,1.8,0.37400640422233034,2.898797807861639,0.6732893756761689
2025-07-12,KXGDPYEAR-28,2026-08-04,2.4731462188993745,2.3,2.3,0.1400696034980221,-0.34308140549094945,2.8598708587524024
2025-07-12,KXGDPYEAR-29,2026-08-04,2.3444515498705965,2.3,2.8,0.03264685533572642,-0.4834652040264813,2.997886909329589
2025-07-12,KXGDPYEAR-30,2026-08-05,2.53,2.3,2.3,0.20390070921985817,-0.3831493711206555,2.1596999999999995
2025-07-12,KXGDPYEAR-31,2026-08-04,2.248014310493019,2.3,2.8,-0.037566168275753146,-0.7012489658312346,2.719168761277071
2025-07-12,KXGDPYEAR-32,2026-08-04,2.675002825369558,2.3,1.8,0.23810070525900007,-1.1546447091476657,3.45779719496512
2025-07-12,KXGDPYEAR-33,2026-08-05,2.8592210044753155,2.3,2.3,0.3689059934043657,-1.0555602215262991,3.4287871306045083
2025-07-12,KXGDPYEAR-34,2026-08-05,2.3636376657707103,2.3,0.1,0.04455795922498969,-0.6997330658180774,3.1110572835108945
2025-07-12,KXGDPYEAR-35,2026-08-04,2.749826891591256,2.8,1.8,-0.03218786147859579,-1.1621044533643832,3.3473672445211338
2025-07-12,KXGDPYEAR-36,2026-08-04,2.695242416882835,2.3,0.1,0.24894730630532177,-1.127603469239581,3.5316813541751007
2025-07-13,KXGDPYEAR-25,2026-02-20,1.4918962069660375,1.3,1.3,0.2192457682049537,0.3286339188333236,1.230458098941327
2025-07-13,KXGDPYEAR-26,2026-08-05,2.314779095176201,2.3,2.3,0.09744169529139075,12.718177246770306,0.24585382182900262
2025-07-13,KXGDPYEAR-27,2026-08-05,2.0076383085144998,1.8,1.8,0.37400640422233034,2.898797807861639,0.6732893756761689
2025-07-13,KXGDPYEAR-28,2026-08-04,2.4731462188993745,2.3,2.3,0.1400696034980221,-0.34308140549094945,2.8598708587524024
2025-07-13,KXGDPYEAR-29,2026-08-04,2.3444515498705965,2.3,2.8,0.03264685533572642,-0.4834652040264813,2.997886909329589
2025-07-13,KXGDPYEAR-30,2026-08-05,2.53,2.3,2.3,0.20390070921985817,-0.3831493711206555,2.1596999999999995
2025-07-13,KXGDPYEAR-31,2026-08-04,2.248014310493019,2.3,2.8,-0.037566168275753146,-0.7012489658312346,2.719168761277071
2025-07-13,KXGDPYEAR-32,2026-08-04,2.675002825369558,2.3,1.8,0.23810070525900007,-1.1546447091476657,3.45779719496512
2025-07-13,KXGDPYEAR-33,2026-08-05,2.8592210044753155,2.3,2.3,0.3689059934043657,-1.0555602215262991,3.4287871306045083
2025-07-13,KXGDPYEAR-34,2026-08-05,2.3636376657707103,2.3,0.1,0.04455795922498969,-0.6997330658180774,3.1110572835108945
2025-07-13,KXGDPYEAR-35,2026-08-04,2.749826891591256,2.8,1.8,-0.03218786147859579,-1.1621044533643832,3.3473672445211338
2025-07-13,KXGDPYEAR-36,2026-08-04,2.695242416882835,2.3,0.1,0.24894730630532177,-1.127603469239581,3.5316813541751007
2025-07-14,KXGDPYEAR-25,2026-02-20,1.4918962069660375,1.3,1.3,0.2192457682049537,0.3286339188333236,1.230458098941327
2025-07-14,KXGDPYEAR-26,2026-08-05,2.314779095176201,2.3,2.3,0.09744169529139075,12.718177246770306,0.24585382182900262
2025-07-14,KXGDPYEAR-27,2026-08-05,2.0076383085144998,1.8,1.8,0.37400640422233034,2.898797807861639,0.6732893756761689
2025-07-14,KXGDPYEAR-28,2026-08-04,2.4731462188993745,2.3,2.3,0.1400696034980221,-0.34308140549094945,2.8598708587524024
2025-07-14,KXGDPYEAR-29,2026-08-04,2.3444515498705965,2.3,2.8,0.03264685533572642,-0.4834652040264813,2.997886909329589
2025-07-14,KXGDPYEAR-30,2026-08-05,2.53,2.3,2.3,0.20390070921985817,-0.3831493711206555,2.1596999999999995
2025-07-14,KXGDPYEAR-31,2026-08-04,2.248014310493019,2.3,2.8,-0.037566168275753146,-0.7012489658312346,2.719168761277071
2025-07-14,KXGDPYEAR-32,2026-08-04,2.675002825369558,2.3,1.8,0.23810070525900007,-1.1546447091476657,3.45779719496512
2025-07-14,KXGDPYEAR-33,2026-08-05,2.8592210044753155,2.3,2.3,0.3689059934043657,-1.0555602215262991,3.4287871306045083
2025-07-14,KXGDPYEAR-34,2026-08-05,2.3636376657707103,2.3,0.1,0.04455795922498969,-0.6997330658180774,3.1110572835108945
2025-07-14,KXGDPYEAR-35,2026-08-04,2.749826891591256,2.8,1.8,-0.03218786147859579,-1.1621044533643832,3.3473672445211338
2025-07-14,KXGDPYEAR-36,2026-08-04,2.695242416882835,2.3,0.1,0.24894730630532177,-1.127603469239581,3.5316813541751007
2025-07-15,KXGDPYEAR-25,2026-02-20,1.4918962069660375,1.3,1.3,0.2192457682049537,0.3286339188333236,1.230458098941327
2025-07-15,KXGDPYEAR-26,2026-08-05,2.314779095176201,2.3,2.3,0.09744169529139075,12.718177246770306,0.24585382182900262
2025-07-15,KXGDPYEAR-27,2026-08-05,2.0076383085144998,1.8,1.8,0.37400640422233034,2.898797807861639,0.6732893756761689
2025-07-15,KXGDPYEAR-28,2026-08-04,2.4731462188993745,2.3,2.3,0.1400696034980221,-0.34308140549094945,2.8598708587524024
2025-07-15,KXGDPYEAR-29,2026-08-04,2.3444515498705965,2.3,2.8,0.03264685533572642,-0.4834652040264813,2.997886909329589
2025-07-15,KXGDPYEAR-30,2026-08-05,2.53,2.3,2.3,0.20390070921985817,-0.3831493711206555,2.1596999999999995
2025-07-15,KXGDPYEAR-31,2026-08-04,2.248014310493019,2.3,2.8,-0.037566168275753146,-0.7012489658312346,2.719168761277071
2025-07-15,KXGDPYEAR-32,2026-08-04,2.675002825369558,2.3,1.8,0.23810070525900007,-1.1546447091476657,3.45779719496512
2025-07-15,KXGDPYEAR-33,2026-08-05,2.8592210044753155,2.3,2.3,0.3689059934043657,-1.0555602215262991,3.4287871306045083
2025-07-15,KXGDPYEAR-34,2026-08-05,2.3636376657707103,2.3,0.1,0.04455795922498969,-0.6997330658180774,3.1110572835108945
2025-07-15,KXGDPYEAR-35,2026-08-04,2.749826891591256,2.8,1.8,-0.03218786147859579,-1.1621044533643832,3.3473672445211338
2025-07-15,KXGDPYEAR-36,2026-08-04,2.695242416882835,2.3,0.1,0.24894730630532177,-1.127603469239581,3.5316813541751007
2025-07-16,KXGDPYEAR-25,2026-02-20,1.4926948468404737,1.3,1.8,0.2303125306433704,0.6732893447091723,1.15606153896095
2025-07-16,KXGDPYEAR-26,2026-08-05,2.314779095176201,2.3,2.3,0.09744169529139075,12.718177246770306,0.24585382182900262
2025-07-16,KXGDPYEAR-27,2026-08-05,2.0076383085144998,1.8,1.8,0.37400640422233034,2.898797807861639,0.6732893756761689
2025-07-16,KXGDPYEAR-28,2026-08-04,2.4731462188993745,2.3,2.3,0.1400696034980221,-0.34308140549094945,2.8598708587524024
2025-07-16,KXGDPYEAR-29,2026-08-04,2.3444515498705965,2.3,2.8,0.03264685533572642,-0.4834652040264813,2.997886909329589
2025-07-16,KXGDPYEAR-30,2026-08-05,2.53,2.3,2.3,0.20390070921985817,-0.3831493711206555,2.1596999999999995
2025-07-16,KXGDPYEAR-31,2026-08-04,2.248014310493019,2.3,2.8,-0.037566168275753146,-0.7012489658312346,2.719168761277071
2025-07-16,KXGDPYEAR-32,2026-08-04,2.675002825369558,2.3,1.8,0.23810070525900007,-1.1546447091476657,3.45779719496512
2025-07-16,KXGDPYEAR-33,2026-08-05,2.8592210044753155,2.3,2.3,0.3689059934043657,-1.0555602215262991,3.4287871306045083
2025-07-16,KXGDPYEAR-34,2026-08-05,2.3636376657707103,2.3,0.1,0.04455795922498969,-0.6997330658180774,3.1110572835108945
2025-07-16,KXGDPYEAR-35,2026-08-04,2.749826891591256,2.8,1.8,-0.03218786147859579,-1.1621044533643832,3.3473672445211338
2025-07-16,KXGDPYEAR-36,2026-08-04,2.695242416882835,2.3,0.1,0.24894730630532177,-1.127603469239581,3.5316813541751007
2025-07-17,KXGDPYEAR-25,2026-02-20,1.4908226399651514,1.3,1.8,0.23117650616759824,0.7597822471802633,1.1305267928027047
2025-07-17,KXGDPYEAR-26,2026-08-05,2.314779095176201,2.3,2.3,0.09744169529139075,12.718177246770306,0.24585382182900262
2025-07-17,KXGDPYEAR-27,2026-08-05,2.0076383085144998,1.8,1.8,0.37400640422233034,2.898797807861639,0.6732893756761689
2025-07-17,KXGDPYEAR-28,2026-08-04,2.4731462188993745,2.3,2.3,0.1400696034980221,-0.34308140549094945,2.8598708587524024
2025-07-17,KXGDPYEAR-29,2026-08-04,2.3444515498705965,2.3,2.8,0.03264685533572642,-0.4834652040264813,2.997886909329589
2025-07-17,KXGDPYEAR-30,2026-08-05,2.53,2.3,2.3,0.20390070921985817,-0.3831493711206555,2.1596999999999995
2025-07-17,KXGDPYEAR-31,2026-08-04,2.248014310493019,2.3,2.8,-0.037566168275753146,-0.7012489658312346,2.719168761277071
2025-07-17,KXGDPYEAR-32,2026-08-04,2.675002825369558,2.3,1.8,0.23810070525900007,-1.1546447091476657,3.45779719496512
2025-07-17,KXGDPYEAR-33,2026-08-05,2.8592210044753155,2.3,2.3,0.3689059934043657,-1.0555602215262991,3.4287871306045083
2025-07-17,KXGDPYEAR-34,2026-08-05,2.3636376657707103,2.3,0.1,0.04455795922498969,-0.6997330658180774,3.1110572835108945
2025-07-17,KXGDPYEAR-35,2026-08-04,2.749826891591256,2.8,1.8,-0.03218786147859579,-1.1621044533643832,3.3473672445211338
2025-07-17,KXGDPYEAR-36,2026-08-04,2.695242416882835,2.3,0.1,0.24894730630532177,-1.127603469239581,3.5316813541751007
2025-07-18,KXGDPYEAR-25,2026-02-20,1.4904143991373786,1.3,1.8,0.23555808404123957,0.8520781325069975,1.1023169120425298
2025-07-18,KXGDPYEAR-26,2026-08-05,2.314779095176201,2.3,2.3,0.09744169529139075,12.718177246770306,0.24585382182900262
2025-07-18,KXGDPYEAR-27,2026-08-05,2.0076383085144998,1.8,1.8,0.37400640422233034,2.898797807861639,0.6732893756761689
2025-07-18,KXGDPYEAR-28,2026-08-04,2.4731462188993745,2.3,2.3,0.1400696034980221,-0.34308140549094945,2.8598708587524024
2025-07-18,KXGDPYEAR-29,2026-08-04,2.3444515498705965,2.3,2.8,0.03264685533572642,-0.4834652040264813,2.997886909329589
2025-07-18,KXGDPYEAR-30,2026-08-05,2.53,2.3,2.3,0.20390070921985817,-0.3831493711206555,2.1596999999999995
2025-07-18,KXGDPYEAR-31,2026-08-04,2.248014310493019,2.3,2.8,-0.037566168275753146,-0.7012489658312346,2.719168761277071
2025-07-18,KXGDPYEAR-32,2026-08-04,2.675002825369558,2.3,1.8,0.23810070525900007,-1.1546447091476657,3.45779719496512
2025-07-18,KXGDPYEAR-33,2026-08-05,2.8592210044753155,2.3,2.3,0.3689059934043657,-1.0555602215262991,3.4287871306045083
2025-07-18,KXGDPYEAR-34,2026-08-05,2.3636376657707103,2.3,0.1,0.04455795922498969,-0.6997330658180774,3.1110572835108945
2025-07-18,KXGDPYEAR-35,2026-08-04,2.749826891591256,2.8,1.8,-0.03218786147859579,-1.1621044533643832,3.3473672445211338
2025-07-18,KXGDPYEAR-36,2026-08-04,2.695242416882835,2.3,0.1,0.24894730630532177,-1.127603469239581,3.5316813541751007
2025-07-19,KXGDPYEAR-25,2026-02-20,1.5106480524404033,1.3,1.8,0.26423147496887106,0.9348344370213888,1.0695913241639698
2025-07-19,KXGDPYEAR-26,2026-08-05,2.314779095176201,2.3,2.3,0.09744169529139075,12.718177246770306,0.24585382182900262
2025-07-19,KXGDPYEAR-27,2026-08-05,2.0076383085144998,1.8,1.8,0.37400640422233034,2.898797807861639,0.6732893756761689
2025-07-19,KXGDPYEAR-28,2026-08-04,2.4731462188993745,2.3,2.3,0.1400696034980221,-0.34308140549094945,2.8598708587524024
2025-07-19,KXGDPYEAR-29,2026-08-04,2.3444515498705965,2.3,2.8,0.03264685533572642,-0.4834652040264813,2.997886909329589
2025-07-19,KXGDPYEAR-30,2026-08-05,2.53,2.3,2.3,0.20390070921985817,-0.3831493711206555,2.1596999999999995
2025-07-19,KXGDPYEAR-31,2026-08-04,2.248014310493019,2.3,2.8,-0.037566168275753146,-0.7012489658312346,2.719168761277071
2025-07-19,KXGDPYEAR-32,2026-08-04,2.675002825369558,2.3,1.8,0.23810070525900007,-1.1546447091476657,3.45779719496512
2025-07-19,KXGDPYEAR-33,2026-08-05,2.8592210044753155,2.3,2.3,0.3689059934043657,-1.0555602215262991,3.4287871306045083
2025-07-19,KXGDPYEAR-34,2026-08-05,2.3636376657707103,2.3,0.1,0.04455795922498969,-0.6997330658180774,3.1110572835108945
2025-07-19,KXGDPYEAR-35,2026-08-04,2.749826891591256,2.8,1.8,-0.03218786147859579,-1.1621044533643832,3.3473672445211338
2025-07-19,KXGDPYEAR-36,2026-08-04,2.695242416882835,2.3,0.1,0.24894730630532177,-1.127603469239581,3.5316813541751007
2025-07-20,KXGDPYEAR-25,2026-02-20,1.5087545513834695,1.3,1.8,0.264231474968871,0.9734364868075427,1.0603721172559615
2025-07-20,KXGDPYEAR-26,2026-08-05,2.314779095176201,2.3,2.3,0.09744169529139075,12.718177246770306,0.24585382182900262
2025-07-20,KXGDPYEAR-27,2026-08-05,2.0076383085144998,1.8,1.8,0.37400640422233034,2.898797807861639,0.6732893756761689
2025-07-20,KXGDPYEAR-28,2026-08-04,2.4731462188993745,2.3,2.3,0.1400696034980221,-0.34308140549094945,2.8598708587524024
2025-07-20,KXGDPYEAR-29,2026-08-04,2.3444515498705965,2.3,2.8,0.03264685533572642,-0.4834652040264813,2.997886909329589
2025-07-20,KXGDPYEAR-30,2026-08-05,2.53,2.3,2.3,0.20390070921985817,-0.3831493711206555,2.1596999999999995
2025-07-20,KXGDPYEAR-31,2026-08-04,2.248014310493019,2.3,2.8,-0.037566168275753146,-0.7012489658312346,2.719168761277071
2025-07-20,KXGDPYEAR-32,2026-08-04,2.675002825369558,2.3,1.8,0.23810070525900007,-1.1546447091476657,3.45779719496512
2025-07-20,KXGDPYEAR-33,2026-08-05,2.8592210044753155,2.3,2.3,0.3689059934043657,-1.0555602215262991,3.4287871306045083
2025-07-20,KXGDPYEAR-34,2026-08-05,2.3636376657707103,2.3,0.1,0.04455795922498969,-0.6997330658180774,3.1110572835108945
2025-07-20,KXGDPYEAR-35,2026-08-04,2.749826891591256,2.8,1.8,-0.03218786147859579,-1.1621044533643832,3.3473672445211338
2025-07-20,KXGDPYEAR-36,2026-08-04,2.695242416882835,2.3,0.1,0.24894730630532177,-1.127603469239581,3.5316813541751007
2025-07-21,KXGDPYEAR-25,2026-02-20,1.460096057690738,1.3,1.8,0.2036080315348606,1.2422770673912193,1.0618185448036714
2025-07-21,KXGDPYEAR-26,2026-08-05,2.314779095176201,2.3,2.3,0.09744169529139075,12.718177246770306,0.24585382182900262
2025-07-21,KXGDPYEAR-27,2026-08-05,2.0076383085144998,1.8,1.8,0.37400640422233034,2.898797807861639,0.6732893756761689
2025-07-21,KXGDPYEAR-28,2026-08-04,2.4731462188993745,2.3,2.3,0.1400696034980221,-0.34308140549094945,2.8598708587524024
2025-07-21,KXGDPYEAR-29,2026-08-04,2.3444515498705965,2.3,2.8,0.03264685533572642,-0.4834652040264813,2.997886909329589
2025-07-21,KXGDPYEAR-30,2026-08-05,2.53,2.3,2.3,0.20390070921985817,-0.3831493711206555,2.1596999999999995
2025-07-21,KXGDPYEAR-31,2026-08-04,2.248014310493019,2.3,2.8,-0.037566168275753146,-0.7012489658312346,2.719168761277071
2025-07-21,KXGDPYEAR-32,2026-08-04,2.675002825369558,2.3,1.8,0.23810070525900007,-1.1546447091476657,3.45779719496512
2025-07-21,KXGDPYEAR-33,2026-08-05,2.8592210044753155,2.3,2.3,0.3689059934043657,-1.0555602215262991,3.4287871306045083
2025-07-21,KXGDPYEAR-34,2026-08-05,2.3636376657707103,2.3,0.1,0.04455795922498969,-0.6997330658180774,3.1110572835108945
2025-07-21,KXGDPYEAR-35,2026-08-04,2.749826891591256,2.8,1.8,-0.03218786147859579,-1.1621044533643832,3.3473672445211338
2025-07-21,KXGDPYEAR-36,2026-08-04,2.695242416882835,2.3,0.1,0.24894730630532177,-1.127603469239581,3.5316813541751007
2025-07-22,KXGDPYEAR-25,2026-02-20,1.460096057690738,1.3,1.8,0.2036080315348606,1.2422770673912193,1.0618185448036714
2025-07-22,KXGDPYEAR-26,2026-08-05,2.314779095176201,2.3,2.3,0.09744169529139075,12.718177246770306,0.24585382182900262
2025-07-22,KXGDPYEAR-27,2026-08-05,2.0076383085144998,1.8,1.8,0.37400640422233034,2.898797807861639,0.6732893756761689
2025-07-22,KXGDPYEAR-28,2026-08-04,2.4731462188993745,2.3,2.3,0.1400696034980221,-0.34308140549094945,2.8598708587524024
2025-07-22,KXGDPYEAR-29,2026-08-04,2.3444515498705965,2.3,2.8,0.03264685533572642,-0.4834652040264813,2.997886909329589
2025-07-22,KXGDPYEAR-30,2026-08-05,2.53,2.3,2.3,0.20390070921985817,-0.3831493711206555,2.1596999999999995
2025-07-22,KXGDPYEAR-31,2026-08-04,2.248014310493019,2.3,2.8,-0.037566168275753146,-0.7012489658312346,2.719168761277071
2025-07-22,KXGDPYEAR-32,2026-08-04,2.675002825369558,2.3,1.8,0.23810070525900007,-1.1546447091476657,3.45779719496512
2025-07-22,KXGDPYEAR-33,2026-08-05,2.8592210044753155,2.3,2.3,0.3689059934043657,-1.0555602215262991,3.4287871306045083
2025-07-22,KXGDPYEAR-34,2026-08-05,2.3636376657707103,2.3,0.1,0.04455795922498969,-0.6997330658180774,3.1110572835108945
2025-07-22,KXGDPYEAR-35,2026-08-04,2.749826891591256,2.8,1.8,-0.03218786147859579,-1.1621044533643832,3.3473672445211338
2025-07-22,KXGDPYEAR-36,2026-08-04,2.695242416882835,2.3,0.1,0.24894730630532177,-1.127603469239581,3.5316813541751007
2025-07-23,KXGDPYEAR-25,2026-02-20,1.4847241238328863,1.3,1.8,0.2450562386262189,1.4616002757722706,1.0083673711701848
2025-07-23,KXGDPYEAR-26,2026-08-05,2.314779095176201,2.3,2.3,0.09744169529139075,12.718177246770306,0.24585382182900262
2025-07-23,KXGDPYEAR-27,2026-08-05,2.0076383085144998,1.8,1.8,0.37400640422233034,2.898797807861639,0.6732893756761689
2025-07-23,KXGDPYEAR-28,2026-08-04,2.4731462188993745,2.3,2.3,0.1400696034980221,-0.34308140549094945,2.8598708587524024
2025-07-23,KXGDPYEAR-29,2026-08-04,2.3444515498705965,2.3,2.8,0.03264685533572642,-0.4834652040264813,2.997886909329589
2025-07-23,KXGDPYEAR-30,2026-08-05,2.53,2.3,2.3,0.20390070921985817,-0.3831493711206555,2.1596999999999995
2025-07-23,KXGDPYEAR-31,2026-08-04,2.248014310493019,2.3,2.8,-0.037566168275753146,-0.7012489658312346,2.719168761277071
2025-07-23,KXGDPYEAR-32,2026-08-04,2.675002825369558,2.3,1.8,0.23810070525900007,-1.1546447091476657,3.45779719496512
2025-07-23,KXGDPYEAR-33,2026-08-05,2.8592210044753155,2.3,2.3,0.3689059934043657,-1.0555602215262991,3.4287871306045083
2025-07-23,KXGDPYEAR-34,2026-08-05,2.3636376657707103,2.3,0.1,0.04455795922498969,-0.6997330658180774,3.1110572835108945
2025-07-23,KXGDPYEAR-35,2026-08-04,2.749826891591256,2.8,1.8,-0.03218786147859579,-1.1621044533643832,3.3473672445211338
2025-07-23,KXGDPYEAR-36,2026-08-04,2.695242416882835,2.3,0.1,0.24894730630532177,-1.127603469239581,3.5316813541751007
2025-07-24,KXGDPYEAR-25,2026-02-20,1.5111255101207584,1.3,1.8,0.274623623740471,1.2188248855650015,1.022154598431766
2025-07-24,KXGDPYEAR-26,2026-08-05,2.314779095176201,2.3,2.3,0.09744169529139075,12.718177246770306,0.24585382182900262
2025-07-24,KXGDPYEAR-27,2026-08-05,2.0076383085144998,1.8,1.8,0.37400640422233034,2.898797807861639,0.6732893756761689
2025-07-24,KXGDPYEAR-28,2026-08-04,2.4731462188993745,2.3,2.3,0.1400696034980221,-0.34308140549094945,2.8598708587524024
2025-07-24,KXGDPYEAR-29,2026-08-04,2.3444515498705965,2.3,2.8,0.03264685533572642,-0.4834652040264813,2.997886909329589
2025-07-24,KXGDPYEAR-30,2026-08-05,2.53,2.3,2.3,0.20390070921985817,-0.3831493711206555,2.1596999999999995
2025-07-24,KXGDPYEAR-31,2026-08-04,2.248014310493019,2.3,2.8,-0.037566168275753146,-0.7012489658312346,2.719168761277071
2025-07-24,KXGDPYEAR-32,2026-08-04,2.675002825369558,2.3,1.8,0.23810070525900007,-1.1546447091476657,3.45779719496512
2025-07-24,KXGDPYEAR-33,2026-08-05,2.8592210044753155,2.3,2.3,0.3689059934043657,-1.0555602215262991,3.4287871306045083
2025-07-24,KXGDPYEAR-34,2026-08-05,2.3636376657707103,2.3,0.1,0.04455795922498969,-0.6997330658180774,3.1110572835108945
2025-07-24,KXGDPYEAR-35,2026-08-04,2.749826891591256,2.8,1.8,-0.03218786147859579,-1.1621044533643832,3.3473672445211338
2025-07-24,KXGDPYEAR-36,2026-08-04,2.695242416882835,2.3,0.1,0.24894730630532177,-1.127603469239581,3.5316813541751007
2025-07-25,KXGDPYEAR-25,2026-02-20,1.5002721807286923,1.3,1.8,0.26297627822115893,1.2928745371015014,0.9969041132241157
2025-07-25,KXGDPYEAR-26,2026-08-05,2.314779095176201,2.3,2.3,0.09744169529139075,12.718177246770306,0.24585382182900262
2025-07-25,KXGDPYEAR-27,2026-08-05,2.0076383085144998,1.8,1.8,0.37400640422233034,2.898797807861639,0.6732893756761689
2025-07-25,KXGDPYEAR-28,2026-08-04,2.4731462188993745,2.3,2.3,0.1400696034980221,-0.34308140549094945,2.8598708587524024
2025-07-25,KXGDPYEAR-29,2026-08-04,2.3444515498705965,2.3,2.8,0.03264685533572642,-0.4834652040264813,2.997886909329589
2025-07-25,KXGDPYEAR-30,2026-08-05,2.53,2.3,2.3,0.20390070921985817,-0.3831493711206555,2.1596999999999995
2025-07-25,KXGDPYEAR-31,2026-08-04,2.248014310493019,2.3,2.8,-0.037566168275753146,-0.7012489658312346,2.719168761277071
2025-07-25,KXGDPYEAR-32,2026-08-04,2.675002825369558,2.3,1.8,0.23810070525900007,-1.1546447091476657,3.45779719496512
2025-07-25,KXGDPYEAR-33,2026-08-05,2.8592210044753155,2.3,2.3,0.3689059934043657,-1.0555602215262991,3.4287871306045083
2025-07-25,KXGDPYEAR-34,2026-08-05,2.3636376657707103,2.3,0.1,0.04455795922498969,-0.6997330658180774,3.1110572835108945
2025-07-25,KXGDPYEAR-35,2026-08-04,2.749826891591256,2.8,1.8,-0.03218786147859579,-1.1621044533643832,3.3473672445211338
2025-07-25,KXGDPYEAR-36,2026-08-04,2.695242416882835,2.3,0.1,0.24894730630532177,-1.127603469239581,3.5316813541751007
2025-07-26,KXGDPYEAR-25,2026-02-20,1.5002721807286923,1.3,1.8,0.26297627822115893,1.2928745371015014,0.9969041132241157
2025-07-26,KXGDPYEAR-26,2026-08-05,2.314779095176201,2.3,2.3,0.09744169529139075,12.718177246770306,0.24585382182900262
2025-07-26,KXGDPYEAR-27,2026-08-05,2.0076383085144998,1.8,1.8,0.37400640422233034,2.898797807861639,0.6732893756761689
2025-07-26,KXGDPYEAR-28,2026-08-04,2.4731462188993745,2.3,2.3,0.1400696034980221,-0.34308140549094945,2.8598708587524024
2025-07-26,KXGDPYEAR-29,2026-08-04,2.3444515498705965,2.3,2.8,0.03264685533572642,-0.4834652040264813,2.997886909329589
2025-07-26,KXGDPYEAR-30,2026-08-05,2.53,2.3,2.3,0.20390070921985817,-0.3831493711206555,2.1596999999999995
2025-07-26,KXGDPYEAR-31,2026-08-04,2.248014310493019,2.3,2.8,-0.037566168275753146,-0.7012489658312346,2.719168761277071
2025-07-26,KXGDPYEAR-32,2026-08-04,2.675002825369558,2.3,1.8,0.23810070525900007,-1.1546447091476657,3.45779719496512
2025-07-26,KXGDPYEAR-33,2026-08-05,2.8592210044753155,2.3,2.3,0.3689059934043657,-1.0555602215262991,3.4287871306045083
2025-07-26,KXGDPYEAR-34,2026-08-05,2.3636376657707103,2.3,0.1,0.04455795922498969,-0.6997330658180774,3.1110572835108945
2025-07-26,KXGDPYEAR-35,2026-08-04,2.749826891591256,2.8,1.8,-0.03218786147859579,-1.1621044533643832,3.3473672445211338
2025-07-26,KXGDPYEAR-36,2026-08-04,2.695242416882835,2.3,0.1,0.24894730630532177,-1.127603469239581,3.5316813541751007
2025-07-27,KXGDPYEAR-25,2026-02-20,1.5002721807286923,1.3,1.8,0.26297627822115893,1.2928745371015014,0.9969041132241157
2025-07-27,KXGDPYEAR-26,2026-08-05,2.314779095176201,2.3,2.3,0.09744169529139075,12.718177246770306,0.24585382182900262
2025-07-27,KXGDPYEAR-27,2026-08-05,2.0076383085144998,1.8,1.8,0.37400640422233034,2.898797807861639,0.6732893756761689
2025-07-27,KXGDPYEAR-28,2026-08-04,2.4731462188993745,2.3,2.3,0.1400696034980221,-0.34308140549094945,2.8598708587524024
2025-07-27,KXGDPYEAR-29,2026-08-04,2.3444515498705965,2.3,2.8,0.03264685533572642,-0.4834652040264813,2.997886909329589
2025-07-27,KXGDPYEAR-30,2026-08-05,2.53,2.3,2.3,0.20390070921985817,-0.3831493711206555,2.1596999999999995
2025-07-27,KXGDPYEAR-31,2026-08-04,2.248014310493019,2.3,2.8,-0.037566168275753146,-0.7012489658312346,2.719168761277071
2025-07-27,KXGDPYEAR-32,2026-08-04,2.675002825369558,2.3,1.8,0.23810070525900007,-1.1546447091476657,3.45779719496512
2025-07-27,KXGDPYEAR-33,2026-08-05,2.8592210044753155,2.3,2.3,0.3689059934043657,-1.0555602215262991,3.4287871306045083
2025-07-27,KXGDPYEAR-34,2026-08-05,2.3636376657707103,2.3,0.1,0.04455795922498969,-0.6997330658180774,3.1110572835108945
2025-07-27,KXGDPYEAR-35,2026-08-04,2.749826891591256,2.8,1.8,-0.03218786147859579,-1.1621044533643832,3.3473672445211338
2025-07-27,KXGDPYEAR-36,2026-08-04,2.695242416882835,2.3,0.1,0.24894730630532177,-1.127603469239581,3.5316813541751007
2025-07-28,KXGDPYEAR-25,2026-02-20,1.532685159723623,1.3,1.8,0.292470443515275,0.8585909587845051,1.058479145939615
2025-07-28,KXGDPYEAR-26,2026-08-05,2.314779095176201,2.3,2.3,0.09744169529139075,12.718177246770306,0.24585382182900262
2025-07-28,KXGDPYEAR-27,2026-08-05,2.0076383085144998,1.8,1.8,0.37400640422233034,2.898797807861639,0.6732893756761689
2025-07-28,KXGDPYEAR-28,2026-08-04,2.4731462188993745,2.3,2.3,0.1400696034980221,-0.34308140549094945,2.8598708587524024
2025-07-28,KXGDPYEAR-29,2026-08-04,2.3444515498705965,2.3,2.8,0.03264685533572642,-0.4834652040264813,2.997886909329589
2025-07-28,KXGDPYEAR-30,2026-08-05,2.53,2.3,2.3,0.20390070921985817,-0.3831493711206555,2.1596999999999995
2025-07-28,KXGDPYEAR-31,2026-08-04,2.248014310493019,2.3,2.8,-0.037566168275753146,-0.7012489658312346,2.719168761277071
2025-07-28,KXGDPYEAR-32,2026-08-04,2.675002825369558,2.3,1.8,0.23810070525900007,-1.1546447091476657,3.45779719496512
2025-07-28,KXGDPYEAR-33,2026-08-05,2.8592210044753155,2.3,2.3,0.3689059934043657,-1.0555602215262991,3.4287871306045083
2025-07-28,KXGDPYEAR-34,2026-08-05,2.3636376657707103,2.3,0.1,0.04455795922498969,-0.6997330658180774,3.1110572835108945
2025-07-28,KXGDPYEAR-35,2026-08-04,2.749826891591256,2.8,1.8,-0.03218786147859579,-1.1621044533643832,3.3473672445211338
2025-07-28,KXGDPYEAR-36,2026-08-04,2.695242416882835,2.3,0.1,0.24894730630532177,-1.127603469239581,3.5316813541751007
2025-07-29,KXGDPYEAR-25,2026-02-20,1.545109066816692,1.3,1.8,0.31246386760823947,0.9755663085139887,1.0349019386479696
2025-07-29,KXGDPYEAR-26,2026-08-05,2.314779095176201,2.3,2.3,0.09744169529139075,12.718177246770306,0.24585382182900262
2025-07-29,KXGDPYEAR-27,2026-08-05,2.0076383085144998,1.8,1.8,0.37400640422233034,2.898797807861639,0.6732893756761689
2025-07-29,KXGDPYEAR-28,2026-08-04,2.4731462188993745,2.3,2.3,0.1400696034980221,-0.34308140549094945,2.8598708587524024
2025-07-29,KXGDPYEAR-29,2026-08-04,2.3444515498705965,2.3,2.8,0.03264685533572642,-0.4834652040264813,2.997886909329589
2025-07-29,KXGDPYEAR-30,2026-08-05,2.53,2.3,2.3,0.20390070921985817,-0.3831493711206555,2.1596999999999995
2025-07-29,KXGDPYEAR-31,2026-08-04,2.248014310493019,2.3,2.8,-0.037566168275753146,-0.7012489658312346,2.719168761277071
2025-07-29,KXGDPYEAR-32,2026-08-04,2.675002825369558,2.3,1.8,0.23810070525900007,-1.1546447091476657,3.45779719496512
2025-07-29,KXGDPYEAR-33,2026-08-05,2.8592210044753155,2.3,2.3,0.3689059934043657,-1.0555602215262991,3.4287871306045083
2025-07-29,KXGDPYEAR-34,2026-08-05,2.3636376657707103,2.3,0.1,0.04455795922498969,-0.6997330658180774,3.1110572835108945
2025-07-29,KXGDPYEAR-35,2026-08-04,2.749826891591256,2.8,1.8,-0.03218786147859579,-1.1621044533643832,3.3473672445211338
2025-07-29,KXGDPYEAR-36,2026-08-04,2.695242416882835,2.3,0.1,0.24894730630532177,-1.127603469239581,3.5316813541751007
2025-07-30,KXGDPYEAR-25,2026-02-20,1.633265137945729,1.8,1.8,-0.23883636113312878,1.7944542170538629,0.9143194622990976
2025-07-30,KXGDPYEAR-26,2026-08-05,2.314779095176201,2.3,2.3,0.09744169529139075,12.718177246770306,0.24585382182900262
2025-07-30,KXGDPYEAR-27,2026-08-05,2.0076383085144998,1.8,1.8,0.37400640422233034,2.898797807861639,0.6732893756761689
2025-07-30,KXGDPYEAR-28,2026-08-04,2.4731462188993745,2.3,2.3,0.1400696034980221,-0.34308140549094945,2.8598708587524024
2025-07-30,KXGDPYEAR-29,2026-08-04,2.3444515498705965,2.3,2.8,0.03264685533572642,-0.4834652040264813,2.997886909329589
2025-07-30,KXGDPYEAR-30,2026-08-05,2.53,2.3,2.3,0.20390070921985817,-0.3831493711206555,2.1596999999999995
2025-07-30,KXGDPYEAR-31,2026-08-04,2.248014310493019,2.3,2.8,-0.037566168275753146,-0.7012489658312346,2.719168761277071
2025-07-30,KXGDPYEAR-32,2026-08-04,2.675002825369558,2.3,1.8,0.23810070525900007,-1.1546447091476657,3.45779719496512
2025-07-30,KXGDPYEAR-33,2026-08-05,2.8592210044753155,2.3,2.3,0.3689059934043657,-1.0555602215262991,3.4287871306045083
2025-07-30,KXGDPYEAR-34,2026-08-05,2.3636376657707103,2.3,0.1,0.04455795922498969,-0.6997330658180774,3.1110572835108945
2025-07-30,KXGDPYEAR-35,2026-08-04,2.749826891591256,2.8,1.8,-0.03218786147859579,-1.1621044533643832,3.3473672445211338
2025-07-30,KXGDPYEAR-36,2026-08-04,2.695242416882835,2.3,0.1,0.24894730630532177,-1.127603469239581,3.5316813541751007
2025-07-31,KXGDPYEAR-25,2026-02-20,1.5423430805278668,1.3,1.3,0.35096095335752076,2.178158866326233,0.9259162734905637
2025-07-31,KXGDPYEAR-26,2026-08-05,2.314779095176201,2.3,2.3,0.09744169529139075,12.718177246770306,0.24585382182900262
2025-07-31,KXGDPYEAR-27,2026-08-05,2.0076383085144998,1.8,1.8,0.37400640422233034,2.898797807861639,0.6732893756761689
2025-07-31,KXGDPYEAR-28,2026-08-04,2.4731462188993745,2.3,2.3,0.1400696034980221,-0.34308140549094945,2.8598708587524024
2025-07-31,KXGDPYEAR-29,2026-08-04,2.3444515498705965,2.3,2.8,0.03264685533572642,-0.4834652040264813,2.997886909329589
2025-07-31,KXGDPYEAR-30,2026-08-05,2.53,2.3,2.3,0.20390070921985817,-0.3831493711206555,2.1596999999999995
2025-07-31,KXGDPYEAR-31,2026-08-04,2.248014310493019,2.3,2.8,-0.037566168275753146,-0.7012489658312346,2.719168761277071
2025-07-31,KXGDPYEAR-32,2026-08-04,2.675002825369558,2.3,1.8,0.23810070525900007,-1.1546447091476657,3.45779719496512
2025-07-31,KXGDPYEAR-33,2026-08-05,2.8592210044753155,2.3,2.3,0.3689059934043657,-1.0555602215262991,3.4287871306045083
2025-07-31,KXGDPYEAR-34,2026-08-05,2.3636376657707103,2.3,0.1,0.04455795922498969,-0.6997330658180774,3.1110572835108945
2025-07-31,KXGDPYEAR-35,2026-08-04,2.749826891591256,2.8,1.8,-0.03218786147859579,-1.1621044533643832,3.3473672445211338
2025-07-31,KXGDPYEAR-36,2026-08-04,2.695242416882835,2.3,0.1,0.24894730630532177,-1.127603469239581,3.5316813541751007
2025-08-01,KXGDPYEAR-25,2026-02-20,1.5087570007815767,1.3,1.3,0.3010232856553874,2.1427086279547662,0.9433025078132188
2025-08-01,KXGDPYEAR-26,2026-08-05,2.314779095176201,2.3,2.3,0.09744169529139075,12.718177246770306,0.24585382182900262
2025-08-01,KXGDPYEAR-27,2026-08-05,2.0076383085144998,1.8,1.8,0.37400640422233034,2.898797807861639,0.6732893756761689
2025-08-01,KXGDPYEAR-28,2026-08-04,2.4731462188993745,2.3,2.3,0.1400696034980221,-0.34308140549094945,2.8598708587524024
2025-08-01,KXGDPYEAR-29,2026-08-04,2.3444515498705965,2.3,2.8,0.03264685533572642,-0.4834652040264813,2.997886909329589
2025-08-01,KXGDPYEAR-30,2026-08-05,2.53,2.3,2.3,0.20390070921985817,-0.3831493711206555,2.1596999999999995
2025-08-01,KXGDPYEAR-31,2026-08-04,2.248014310493019,2.3,2.8,-0.037566168275753146,-0.7012489658312346,2.719168761277071
2025-08-01,KXGDPYEAR-32,2026-08-04,2.675002825369558,2.3,1.8,0.23810070525900007,-1.1546447091476657,3.45779719496512
2025-08-01,KXGDPYEAR-33,2026-08-05,2.8592210044753155,2.3,2.3,0.3689059934043657,-1.0555602215262991,3.4287871306045083
2025-08-01,KXGDPYEAR-34,2026-08-05,2.3636376657707103,2.3,0.1,0.04455795922498969,-0.6997330658180774,3.1110572835108945
2025-08-01,KXGDPYEAR-35,2026-08-04,2.749826891591256,2.8,1.8,-0.03218786147859579,-1.1621044533643832,3.3473672445211338
2025-08-01,KXGDPYEAR-36,2026-08-04,2.695242416882835,2.3,0.1,0.24894730630532177,-1.127603469239581,3.5316813541751007
2025-08-02,KXGDPYEAR-25,2026-02-20,1.5093942037029695,1.3,1.3,0.3020419017336574,2.1452895077222722,0.942831108251698
2025-08-02,KXGDPYEAR-26,2026-08-05,2.314779095176201,2.3,2.3,0.09744169529139075,12.718177246770306,0.24585382182900262
2025-08-02,KXGDPYEAR-27,2026-08-05,2.0076383085144998,1.8,1.8,0.37400640422233034,2.898797807861639,0.6732893756761689
2025-08-02,KXGDPYEAR-28,2026-08-04,2.4731462188993745,2.3,2.3,0.1400696034980221,-0.34308140549094945,2.8598708587524024
2025-08-02,KXGDPYEAR-29,2026-08-04,2.3444515498705965,2.3,2.8,0.03264685533572642,-0.4834652040264813,2.997886909329589
2025-08-02,KXGDPYEAR-30,2026-08-05,2.53,2.3,2.3,0.20390070921985817,-0.3831493711206555,2.1596999999999995
2025-08-02,KXGDPYEAR-31,2026-08-04,2.248014310493019,2.3,2.8,-0.037566168275753146,-0.7012489658312346,2.719168761277071
2025-08-02,KXGDPYEAR-32,2026-08-04,2.675002825369558,2.3,1.8,0.23810070525900007,-1.1546447091476657,3.45779719496512
2025-08-02,KXGDPYEAR-33,2026-08-05,2.8592210044753155,2.3,2.3,0.3689059934043657,-1.0555602215262991,3.4287871306045083
2025-08-02,KXGDPYEAR-34,2026-08-05,2.3636376657707103,2.3,0.1,0.04455795922498969,-0.6997330658180774,3.1110572835108945
2025-08-02,KXGDPYEAR-35,2026-08-04,2.749826891591256,2.8,1.8,-0.03218786147859579,-1.1621044533643832,3.3473672445211338
2025-08-02,KXGDPYEAR-36,2026-08-04,2.695242416882835,2.3,0.1,0.24894730630532177,-1.127603469239581,3.5316813541751007
2025-08-03,KXGDPYEAR-25,2026-02-20,1.5233672533802542,1.3,1.8,0.31866716229803294,2.1304038839817396,0.9322999832721011
2025-08-03,KXGDPYEAR-26,2026-08-05,2.314779095176201,2.3,2.3,0.09744169529139075,12.718177246770306,0.24585382182900262
2025-08-03,KXGDPYEAR-27,2026-08-05,2.0076383085144998,1.8,1.8,0.37400640422233034,2.898797807861639,0.6732893756761689
2025-08-03,KXGDPYEAR-28,2026-08-04,2.4731462188993745,2.3,2.3,0.1400696034980221,-0.34308140549094945,2.8598708587524024
2025-08-03,KXGDPYEAR-29,2026-08-04,2.3444515498705965,2.3,2.8,0.03264685533572642,-0.4834652040264813,2.997886909329589
2025-08-03,KXGDPYEAR-30,2026-08-05,2.53,2.3,2.3,0.20390070921985817,-0.3831493711206555,2.1596999999999995
2025-08-03,KXGDPYEAR-31,2026-08-04,2.248014310493019,2.3,2.8,-0.037566168275753146,-0.7012489658312346,2.719168761277071
2025-08-03,KXGDPYEAR-32,2026-08-04,2.675002825369558,2.3,1.8,0.23810070525900007,-1.1546447091476657,3.45779719496512
2025-08-03,KXGDPYEAR-33,2026-08-05,2.8592210044753155,2.3,2.3,0.3689059934043657,-1.0555602215262991,3.4287871306045083
2025-08-03,KXGDPYEAR-34,2026-08-05,2.3636376657707103,2.3,0.1,0.04455795922498969,-0.6997330658180774,3.1110572835108945
2025-08-03,KXGDPYEAR-35,2026-08-04,2.749826891591256,2.8,1.8,-0.03218786147859579,-1.1621044533643832,3.3473672445211338
2025-08-03,KXGDPYEAR-36,2026-08-04,2.695242416882835,2.3,0.1,0.24894730630532177,-1.127603469239581,3.5316813541751007
2025-08-04,KXGDPYEAR-25,2026-02-20,1.5360766818487266,1.3,1.8,0.34129419289027785,2.279480863238537,0.8928213357162502
2025-08-04,KXGDPYEAR-26,2026-08-05,2.314779095176201,2.3,2.3,0.09744169529139075,12.718177246770306,0.24585382182900262
2025-08-04,KXGDPYEAR-27,2026-08-05,2.0076383085144998,1.8,1.8,0.37400640422233034,2.898797807861639,0.6732893756761689
2025-08-04,KXGDPYEAR-28,2026-08-04,2.4731462188993745,2.3,2.3,0.1400696034980221,-0.34308140549094945,2.8598708587524024
2025-08-04,KXGDPYEAR-29,2026-08-04,2.3444515498705965,2.3,2.8,0.03264685533572642,-0.4834652040264813,2.997886909329589
2025-08-04,KXGDPYEAR-30,2026-08-05,2.53,2.3,2.3,0.20390070921985817,-0.3831493711206555,2.1596999999999995
2025-08-04,KXGDPYEAR-31,2026-08-04,2.248014310493019,2.3,2.8,-0.037566168275753146,-0.7012489658312346,2.719168761277071
2025-08-04,KXGDPYEAR-32,2026-08-04,2.675002825369558,2.3,1.8,0.23810070525900007,-1.1546447091476657,3.45779719496512
2025-08-04,KXGDPYEAR-33,2026-08-05,2.8592210044753155,2.3,2.3,0.3689059934043657,-1.0555602215262991,3.4287871306045083
2025-08-04,KXGDPYEAR-34,2026-08-05,2.3636376657707103,2.3,0.1,0.04455795922498969,-0.6997330658180774,3.1110572835108945
2025-08-04,KXGDPYEAR-35,2026-08-04,2.749826891591256,2.8,1.8,-0.03218786147859579,-1.1621044533643832,3.3473672445211338
2025-08-04,KXGDPYEAR-36,2026-08-04,2.695242416882835,2.3,0.1,0.24894730630532177,-1.127603469239581,3.5316813541751007
2025-08-05,KXGDPYEAR-25,2026-02-20,1.5501800154568244,1.8,1.8,-0.3642429972296737,2.354702519109882,0.8811371280626639
2025-08-05,KXGDPYEAR-26,2026-08-05,2.314779095176201,2.3,2.3,0.09744169529139075,12.718177246770306,0.24585382182900262
2025-08-05,KXGDPYEAR-27,2026-08-05,2.0076383085144998,1.8,1.8,0.37400640422233034,2.898797807861639,0.6732893756761689
2025-08-05,KXGDPYEAR-28,2026-08-04,2.4731462188993745,2.3,2.3,0.1400696034980221,-0.34308140549094945,2.8598708587524024
2025-08-05,KXGDPYEAR-29,2026-08-04,2.3444515498705965,2.3,2.8,0.03264685533572642,-0.4834652040264813,2.997886909329589
2025-08-05,KXGDPYEAR-30,2026-08-05,2.53,2.3,2.3,0.20390070921985817,-0.3831493711206555,2.1596999999999995
2025-08-05,KXGDPYEAR-31,2026-08-04,2.248014310493019,2.3,2.8,-0.037566168275753146,-0.7012489658312346,2.719168761277071
2025-08-05,KXGDPYEAR-32,2026-08-04,2.675002825369558,2.3,1.8,0.23810070525900007,-1.1546447091476657,3.45779719496512
2025-08-05,KXGDPYEAR-33,2026-08-05,2.8592210044753155,2.3,2.3,0.3689059934043657,-1.0555602215262991,3.4287871306045083
2025-08-05,KXGDPYEAR-34,2026-08-05,2.3636376657707103,2.3,0.1,0.04455795922498969,-0.6997330658180774,3.1110572835108945
2025-08-05,KXGDPYEAR-35,2026-08-04,2.749826891591256,2.8,1.8,-0.03218786147859579,-1.1621044533643832,3.3473672445211338
2025-08-05,KXGDPYEAR-36,2026-08-04,2.695242416882835,2.3,0.1,0.24894730630532177,-1.127603469239581,3.5316813541751007
2025-08-06,KXGDPYEAR-25,2026-02-20,1.5477022653721682,1.3,1.8,0.35973414872852516,2.3208693168373067,0.8892512404993417
2025-08-06,KXGDPYEAR-26,2026-08-05,2.314779095176201,2.3,2.3,0.09744169529139075,12.718177246770306,0.24585382182900262
2025-08-06,KXGDPYEAR-27,2026-08-05,2.0076383085144998,1.8,1.8,0.37400640422233034,2.898797807861639,0.6732893756761689
2025-08-06,KXGDPYEAR-28,2026-08-04,2.4731462188993745,2.3,2.3,0.1400696034980221,-0.34308140549094945,2.8598708587524024
2025-08-06,KXGDPYEAR-29,2026-08-04,2.3444515498705965,2.3,2.8,0.03264685533572642,-0.4834652040264813,2.997886909329589
2025-08-06,KXGDPYEAR-30,2026-08-05,2.53,2.3,2.3,0.20390070921985817,-0.3831493711206555,2.1596999999999995
2025-08-06,KXGDPYEAR-31,2026-08-04,2.248014310493019,2.3,2.8,-0.037566168275753146,-0.7012489658312346,2.719168761277071
2025-08-06,KXGDPYEAR-32,2026-08-04,2.675002825369558,2.3,1.8,0.23810070525900007,-1.1546447091476657,3.45779719496512
2025-08-06,KXGDPYEAR-33,2026-08-05,2.8592210044753155,2.3,2.3,0.3689059934043657,-1.0555602215262991,3.4287871306045083
2025-08-06,KXGDPYEAR-34,2026-08-05,2.3636376657707103,2.3,0.1,0.04455795922498969,-0.6997330658180774,3.1110572835108945
2025-08-06,KXGDPYEAR-35,2026-08-04,2.749826891591256,2.8,1.8,-0.03218786147859579,-1.1621044533643832,3.3473672445211338
2025-08-06,KXGDPYEAR-36,2026-08-04,2.695242416882835,2.3,0.1,0.24894730630532177,-1.127603469239581,3.5316813541751007
2025-08-07,KXGDPYEAR-25,2026-02-20,1.5850955562461155,1.8,1.8,-0.3235626100229844,2.4918221105888625,0.8638762882586868
2025-08-07,KXGDPYEAR-26,2026-08-05,2.314779095176201,2.3,2.3,0.09744169529139075,12.718177246770306,0.24585382182900262
2025-08-07,KXGDPYEAR-27,2026-08-05,2.0076383085144998,1.8,1.8,0.37400640422233034,2.898797807861639,0.6732893756761689
2025-08-07,KXGDPYEAR-28,2026-08-04,2.4731462188993745,2.3,2.3,0.1400696034980221,-0.34308140549094945,2.8598708587524024
2025-08-07,KXGDPYEAR-29,2026-08-04,2.3444515498705965,2.3,2.8,0.03264685533572642,-0.4834652040264813,2.997886909329589
2025-08-07,KXGDPYEAR-30,2026-08-05,2.53,2.3,2.3,0.20390070921985817,-0.3831493711206555,2.1596999999999995
2025-08-07,KXGDPYEAR-31,2026-08-04,2.248014310493019,2.3,2.8,-0.037566168275753146,-0.7012489658312346,2.719168761277071
2025-08-07,KXGDPYEAR-32,2026-08-04,2.675002825369558,2.3,1.8,0.23810070525900007,-1.1546447091476657,3.45779719496512
2025-08-07,KXGDPYEAR-33,2026-08-05,2.8592210044753155,2.3,2.3,0.3689059934043657,-1.0555602215262991,3.4287871306045083
2025-08-07,KXGDPYEAR-34,2026-08-05,2.3636376657707103,2.3,0.1,0.04455795922498969,-0.6997330658180774,3.1110572835108945
2025-08-07,KXGDPYEAR-35,2026-08-04,2.749826891591256,2.8,1.8,-0.03218786147859579,-1.1621044533643832,3.3473672445211338
2025-08-07,KXGDPYEAR-36,2026-08-04,2.695242416882835,2.3,0.1,0.24894730630532177,-1.127603469239581,3.5316813541751007
2025-08-08,KXGDPYEAR-25,2026-02-20,1.5850955562461155,1.8,1.8,-0.3235626100229844,2.4918221105888625,0.8638762882586868
2025-08-08,KXGDPYEAR-26,2026-08-05,2.314779095176201,2.3,2.3,0.09744169529139075,12.718177246770306,0.24585382182900262
2025-08-08,KXGDPYEAR-27,2026-08-05,2.0076383085144998,1.8,1.8,0.37400640422233034,2.898797807861639,0.6732893756761689
2025-08-08,KXGDPYEAR-28,2026-08-04,2.4731462188993745,2.3,2.3,0.1400696034980221,-0.34308140549094945,2.8598708587524024
2025-08-08,KXGDPYEAR-29,2026-08-04,2.3444515498705965,2.3,2.8,0.03264685533572642,-0.4834652040264813,2.997886909329589
2025-08-08,KXGDPYEAR-30,2026-08-05,2.53,2.3,2.3,0.20390070921985817,-0.3831493711206555,2.1596999999999995
2025-08-08,KXGDPYEAR-31,2026-08-04,2.248014310493019,2.3,2.8,-0.037566168275753146,-0.7012489658312346,2.719168761277071
2025-08-08,KXGDPYEAR-32,2026-08-04,2.675002825369558,2.3,1.8,0.23810070525900007,-1.1546447091476657,3.45779719496512
2025-08-08,KXGDPYEAR-33,2026-08-05,2.8592210044753155,2.3,2.3,0.3689059934043657,-1.0555602215262991,3.4287871306045083
2025-08-08,KXGDPYEAR-34,2026-08-05,2.3636376657707103,2.3,0.1,0.04455795922498969,-0.6997330658180774,3.1110572835108945
2025-08-08,KXGDPYEAR-35,2026-08-04,2.749826891591256,2.8,1.8,-0.03218786147859579,-1.1621044533643832,3.3473672445211338
2025-08-08,KXGDPYEAR-36,2026-08-04,2.695242416882835,2.3,0.1,0.24894730630532177,-1.127603469239581,3.5316813541751007
2025-08-09,KXGDPYEAR-25,2026-02-20,1.5850955562461155,1.8,1.8,-0.3235626100229844,2.4918221105888625,0.8638762882586868
2025-08-09,KXGDPYEAR-26,2026-08-05,2.314779095176201,2.3,2.3,0.09744169529139075,12.718177246770306,0.24585382182900262
2025-08-09,KXGDPYEAR-27,2026-08-05,2.0076383085144998,1.8,1.8,0.37400640422233034,2.898797807861639,0.6732893756761689
2025-08-09,KXGDPYEAR-28,2026-08-04,2.4731462188993745,2.3,2.3,0.1400696034980221,-0.34308140549094945,2.8598708587524024
2025-08-09,KXGDPYEAR-29,2026-08-04,2.3444515498705965,2.3,2.8,0.03264685533572642,-0.4834652040264813,2.997886909329589
2025-08-09,KXGDPYEAR-30,2026-08-05,2.53,2.3,2.3,0.20390070921985817,-0.3831493711206555,2.1596999999999995
2025-08-09,KXGDPYEAR-31,2026-08-04,2.248014310493019,2.3,2.8,-0.037566168275753146,-0.7012489658312346,2.719168761277071
2025-08-09,KXGDPYEAR-32,2026-08-04,2.675002825369558,2.3,1.8,0.23810070525900007,-1.1546447091476657,3.45779719496512
2025-08-09,KXGDPYEAR-33,2026-08-05,2.8592210044753155,2.3,2.3,0.3689059934043657,-1.0555602215262991,3.4287871306045083
2025-08-09,KXGDPYEAR-34,2026-08-05,2.3636376657707103,2.3,0.1,0.04455795922498969,-0.6997330658180774,3.1110572835108945
2025-08-09,KXGDPYEAR-35,2026-08-04,2.749826891591256,2.8,1.8,-0.03218786147859579,-1.1621044533643832,3.3473672445211338
2025-08-09,KXGDPYEAR-36,2026-08-04,2.695242416882835,2.3,0.1,0.24894730630532177,-1.127603469239581,3.5316813541751007
2025-08-10,KXGDPYEAR-25,2026-02-20,1.5850955562461155,1.8,1.8,-0.3235626100229844,2.4918221105888625,0.8638762882586868
2025-08-10,KXGDPYEAR-26,2026-08-05,2.314779095176201,2.3,2.3,0.09744169529139075,12.718177246770306,0.24585382182900262
2025-08-10,KXGDPYEAR-27,2026-08-05,2.0076383085144998,1.8,1.8,0.37400640422233034,2.898797807861639,0.6732893756761689
2025-08-10,KXGDPYEAR-28,2026-08-04,2.4731462188993745,2.3,2.3,0.1400696034980221,-0.34308140549094945,2.8598708587524024
2025-08-10,KXGDPYEAR-29,2026-08-04,2.3444515498705965,2.3,2.8,0.03264685533572642,-0.4834652040264813,2.997886909329589
2025-08-10,KXGDPYEAR-30,2026-08-05,2.53,2.3,2.3,0.20390070921985817,-0.3831493711206555,2.1596999999999995
2025-08-10,KXGDPYEAR-31,2026-08-04,2.248014310493019,2.3,2.8,-0.037566168275753146,-0.7012489658312346,2.719168761277071
2025-08-10,KXGDPYEAR-32,2026-08-04,2.675002825369558,2.3,1.8,0.23810070525900007,-1.1546447091476657,3.45779719496512
2025-08-10,KXGDPYEAR-33,2026-08-05,2.8592210044753155,2.3,2.3,0.3689059934043657,-1.0555602215262991,3.4287871306045083
2025-08-10,KXGDPYEAR-34,2026-08-05,2.3636376657707103,2.3,0.1,0.04455795922498969,-0.6997330658180774,3.1110572835108945
2025-08-10,KXGDPYEAR-35,2026-08-04,2.749826891591256,2.8,1.8,-0.03218786147859579,-1.1621044533643832,3.3473672445211338
2025-08-10,KXGDPYEAR-36,2026-08-04,2.695242416882835,2.3,0.1,0.24894730630532177,-1.127603469239581,3.5316813541751007
2025-08-11,KXGDPYEAR-25,2026-02-20,1.5850955562461155,1.8,1.8,-0.3235626100229844,2.4918221105888625,0.8638762882586868
2025-08-11,KXGDPYEAR-26,2026-08-05,2.314779095176201,2.3,2.3,0.09744169529139075,12.718177246770306,0.24585382182900262
2025-08-11,KXGDPYEAR-27,2026-08-05,2.0076383085144998,1.8,1.8,0.37400640422233034,2.898797807861639,0.6732893756761689
2025-08-11,KXGDPYEAR-28,2026-08-04,2.4731462188993745,2.3,2.3,0.1400696034980221,-0.34308140549094945,2.8598708587524024
2025-08-11,KXGDPYEAR-29,2026-08-04,2.3444515498705965,2.3,2.8,0.03264685533572642,-0.4834652040264813,2.997886909329589
2025-08-11,KXGDPYEAR-30,2026-08-05,2.53,2.3,2.3,0.20390070921985817,-0.3831493711206555,2.1596999999999995
2025-08-11,KXGDPYEAR-31,2026-08-04,2.248014310493019,2.3,2.8,-0.037566168275753146,-0.7012489658312346,2.719168761277071
2025-08-11,KXGDPYEAR-32,2026-08-04,2.675002825369558,2.3,1.8,0.23810070525900007,-1.1546447091476657,3.45779719496512
2025-08-11,KXGDPYEAR-33,2026-08-05,2.8592210044753155,2.3,2.3,0.3689059934043657,-1.0555602215262991,3.4287871306045083
2025-08-11,KXGDPYEAR-34,2026-08-05,2.3636376657707103,2.3,0.1,0.04455795922498969,-0.6997330658180774,3.1110572835108945
2025-08-11,KXGDPYEAR-35,2026-08-04,2.749826891591256,2.8,1.8,-0.03218786147859579,-1.1621044533643832,3.3473672445211338
2025-08-11,KXGDPYEAR-36,2026-08-04,2.695242416882835,2.3,0.1,0.24894730630532177,-1.127603469239581,3.5316813541751007
2025-08-12,KXGDPYEAR-25,2026-02-20,1.5850955562461155,1.8,1.8,-0.3235626100229844,2.4918221105888625,0.8638762882586868
2025-08-12,KXGDPYEAR-26,2026-08-05,2.314779095176201,2.3,2.3,0.09744169529139075,12.718177246770306,0.24585382182900262
2025-08-12,KXGDPYEAR-27,2026-08-05,2.0076383085144998,1.8,1.8,0.37400640422233034,2.898797807861639,0.6732893756761689
2025-08-12,KXGDPYEAR-28,2026-08-04,2.4731462188993745,2.3,2.3,0.1400696034980221,-0.34308140549094945,2.8598708587524024
2025-08-12,KXGDPYEAR-29,2026-08-04,2.3444515498705965,2.3,2.8,0.03264685533572642,-0.4834652040264813,2.997886909329589
2025-08-12,KXGDPYEAR-30,2026-08-05,2.53,2.3,2.3,0.20390070921985817,-0.3831493711206555,2.1596999999999995
2025-08-12,KXGDPYEAR-31,2026-08-04,2.248014310493019,2.3,2.8,-0.037566168275753146,-0.7012489658312346,2.719168761277071
2025-08-12,KXGDPYEAR-32,2026-08-04,2.675002825369558,2.3,1.8,0.23810070525900007,-1.1546447091476657,3.45779719496512
2025-08-12,KXGDPYEAR-33,2026-08-05,2.8592210044753155,2.3,2.3,0.3689059934043657,-1.0555602215262991,3.4287871306045083
2025-08-12,KXGDPYEAR-34,2026-08-05,2.3636376657707103,2.3,0.1,0.04455795922498969,-0.6997330658180774,3.1110572835108945
2025-08-12,KXGDPYEAR-35,2026-08-04,2.749826891591256,2.8,1.8,-0.03218786147859579,-1.1621044533643832,3.3473672445211338
2025-08-12,KXGDPYEAR-36,2026-08-04,2.695242416882835,2.3,0.1,0.24894730630532177,-1.127603469239581,3.5316813541751007
2025-08-13,KXGDPYEAR-25,2026-02-20,1.657124731509092,1.8,1.8,-0.20136281534221703,1.4992561750405118,0.9377285999279494
2025-08-13,KXGDPYEAR-26,2026-08-05,2.314779095176201,2.3,2.3,0.09744169529139075,12.718177246770306,0.24585382182900262
2025-08-13,KXGDPYEAR-27,2026-08-05,2.0076383085144998,1.8,1.8,0.37400640422233034,2.898797807861639,0.6732893756761689
2025-08-13,KXGDPYEAR-28,2026-08-04,2.4731462188993745,2.3,2.3,0.1400696034980221,-0.34308140549094945,2.8598708587524024
2025-08-13,KXGDPYEAR-29,2026-08-04,2.3444515498705965,2.3,2.8,0.03264685533572642,-0.4834652040264813,2.997886909329589
2025-08-13,KXGDPYEAR-30,2026-08-05,2.53,2.3,2.3,0.20390070921985817,-0.3831493711206555,2.1596999999999995
2025-08-13,KXGDPYEAR-31,2026-08-04,2.248014310493019,2.3,2.8,-0.037566168275753146,-0.7012489658312346,2.719168761277071
2025-08-13,KXGDPYEAR-32,2026-08-04,2.675002825369558,2.3,1.8,0.23810070525900007,-1.1546447091476657,3.45779719496512
2025-08-13,KXGDPYEAR-33,2026-08-05,2.8592210044753155,2.3,2.3,0.3689059934043657,-1.0555602215262991,3.4287871306045083
2025-08-13,KXGDPYEAR-34,2026-08-05,2.3636376657707103,2.3,0.1,0.04455795922498969,-0.6997330658180774,3.1110572835108945
2025-08-13,KXGDPYEAR-35,2026-08-04,2.749826891591256,2.8,1.8,-0.03218786147859579,-1.1621044533643832,3.3473672445211338
2025-08-13,KXGDPYEAR-36,2026-08-04,2.695242416882835,2.3,0.1,0.24894730630532177,-1.127603469239581,3.5316813541751007
2025-08-14,KXGDPYEAR-25,2026-02-20,1.657124731509092,1.8,1.8,-0.20136281534221703,1.4992561750405118,0.9377285999279494
2025-08-14,KXGDPYEAR-26,2026-08-05,2.314779095176201,2.3,2.3,0.09744169529139075,12.718177246770306,0.24585382182900262
2025-08-14,KXGDPYEAR-27,2026-08-05,2.0076383085144998,1.8,1.8,0.37400640422233034,2.898797807861639,0.6732893756761689
2025-08-14,KXGDPYEAR-28,2026-08-04,2.4731462188993745,2.3,2.3,0.1400696034980221,-0.34308140549094945,2.8598708587524024
2025-08-14,KXGDPYEAR-29,2026-08-04,2.3444515498705965,2.3,2.8,0.03264685533572642,-0.4834652040264813,2.997886909329589
2025-08-14,KXGDPYEAR-30,2026-08-05,2.53,2.3,2.3,0.20390070921985817,-0.3831493711206555,2.1596999999999995
2025-08-14,KXGDPYEAR-31,2026-08-04,2.248014310493019,2.3,2.8,-0.037566168275753146,-0.7012489658312346,2.719168761277071
2025-08-14,KXGDPYEAR-32,2026-08-04,2.675002825369558,2.3,1.8,0.23810070525900007,-1.1546447091476657,3.45779719496512
2025-08-14,KXGDPYEAR-33,2026-08-05,2.8592210044753155,2.3,2.3,0.3689059934043657,-1.0555602215262991,3.4287871306045083
2025-08-14,KXGDPYEAR-34,2026-08-05,2.3636376657707103,2.3,0.1,0.04455795922498969,-0.6997330658180774,3.1110572835108945
2025-08-14,KXGDPYEAR-35,2026-08-04,2.749826891591256,2.8,1.8,-0.03218786147859579,-1.1621044533643832,3.3473672445211338
2025-08-14,KXGDPYEAR-36,2026-08-04,2.695242416882835,2.3,0.1,0.24894730630532177,-1.127603469239581,3.5316813541751007
2025-08-15,KXGDPYEAR-25,2026-02-20,1.6526753629437974,1.8,1.8,-0.21518229938931785,1.7245478970152535,0.89275085594469
2025-08-15,KXGDPYEAR-26,2026-08-05,2.314779095176201,2.3,2.3,0.09744169529139075,12.718177246770306,0.24585382182900262
2025-08-15,KXGDPYEAR-27,2026-08-05,2.0076383085144998,1.8,1.8,0.37400640422233034,2.898797807861639,0.6732893756761689
2025-08-15,KXGDPYEAR-28,2026-08-04,2.4731462188993745,2.3,2.3,0.1400696034980221,-0.34308140549094945,2.8598708587524024
2025-08-15,KXGDPYEAR-29,2026-08-04,2.3444515498705965,2.3,2.8,0.03264685533572642,-0.4834652040264813,2.997886909329589
2025-08-15,KXGDPYEAR-30,2026-08-05,2.53,2.3,2.3,0.20390070921985817,-0.3831493711206555,2.1596999999999995
2025-08-15,KXGDPYEAR-31,2026-08-04,2.248014310493019,2.3,2.8,-0.037566168275753146,-0.7012489658312346,2.719168761277071
2025-08-15,KXGDPYEAR-32,2026-08-04,2.675002825369558,2.3,1.8,0.23810070525900007,-1.1546447091476657,3.45779719496512
2025-08-15,KXGDPYEAR-33,2026-08-05,2.8592210044753155,2.3,2.3,0.3689059934043657,-1.0555602215262991,3.4287871306045083
2025-08-15,KXGDPYEAR-34,2026-08-05,2.3636376657707103,2.3,0.1,0.04455795922498969,-0.6997330658180774,3.1110572835108945
2025-08-15,KXGDPYEAR-35,2026-08-04,2.749826891591256,2.8,1.8,-0.03218786147859579,-1.1621044533643832,3.3473672445211338
2025-08-15,KXGDPYEAR-36,2026-08-04,2.695242416882835,2.3,0.1,0.24894730630532177,-1.127603469239581,3.5316813541751007
2025-08-16,KXGDPYEAR-25,2026-02-20,1.6072833548039762,1.3,1.8,0.44633705618347813,1.8907689017119909,0.9239089593185841
2025-08-16,KXGDPYEAR-26,2026-08-05,2.314779095176201,2.3,2.3,0.09744169529139075,12.718177246770306,0.24585382182900262
2025-08-16,KXGDPYEAR-27,2026-08-05,2.0076383085144998,1.8,1.8,0.37400640422233034,2.898797807861639,0.6732893756761689
2025-08-16,KXGDPYEAR-28,2026-08-04,2.4731462188993745,2.3,2.3,0.1400696034980221,-0.34308140549094945,2.8598708587524024
2025-08-16,KXGDPYEAR-29,2026-08-04,2.3444515498705965,2.3,2.8,0.03264685533572642,-0.4834652040264813,2.997886909329589
2025-08-16,KXGDPYEAR-30,2026-08-05,2.53,2.3,2.3,0.20390070921985817,-0.3831493711206555,2.1596999999999995
2025-08-16,KXGDPYEAR-31,2026-08-04,2.248014310493019,2.3,2.8,-0.037566168275753146,-0.7012489658312346,2.719168761277071
2025-08-16,KXGDPYEAR-32,2026-08-04,2.675002825369558,2.3,1.8,0.23810070525900007,-1.1546447091476657,3.45779719496512
2025-08-16,KXGDPYEAR-33,2026-08-05,2.8592210044753155,2.3,2.3,0.3689059934043657,-1.0555602215262991,3.4287871306045083
2025-08-16,KXGDPYEAR-34,2026-08-05,2.3636376657707103,2.3,0.1,0.04455795922498969,-0.6997330658180774,3.1110572835108945
2025-08-16,KXGDPYEAR-35,2026-08-04,2.749826891591256,2.8,1.8,-0.03218786147859579,-1.1621044533643832,3.3473672445211338
2025-08-16,KXGDPYEAR-36,2026-08-04,2.695242416882835,2.3,0.1,0.24894730630532177,-1.127603469239581,3.5316813541751007
2025-08-17,KXGDPYEAR-25,2026-02-20,1.6072833548039762,1.3,1.8,0.44633705618347813,1.8907689017119909,0.9239089593185841
2025-08-17,KXGDPYEAR-26,2026-08-05,2.314779095176201,2.3,2.3,0.09744169529139075,12.718177246770306,0.24585382182900262
2025-08-17,KXGDPYEAR-27,2026-08-05,2.0076383085144998,1.8,1.8,0.37400640422233034,2.898797807861639,0.6732893756761689
2025-08-17,KXGDPYEAR-28,2026-08-04,2.4731462188993745,2.3,2.3,0.1400696034980221,-0.34308140549094945,2.8598708587524024
2025-08-17,KXGDPYEAR-29,2026-08-04,2.3444515498705965,2.3,2.8,0.03264685533572642,-0.4834652040264813,2.997886909329589
2025-08-17,KXGDPYEAR-30,2026-08-05,2.53,2.3,2.3,0.20390070921985817,-0.3831493711206555,2.1596999999999995
2025-08-17,KXGDPYEAR-31,2026-08-04,2.248014310493019,2.3,2.8,-0.037566168275753146,-0.7012489658312346,2.719168761277071
2025-08-17,KXGDPYEAR-32,2026-08-04,2.675002825369558,2.3,1.8,0.23810070525900007,-1.1546447091476657,3.45779719496512
2025-08-17,KXGDPYEAR-33,2026-08-05,2.8592210044753155,2.3,2.3,0.3689059934043657,-1.0555602215262991,3.4287871306045083
2025-08-17,KXGDPYEAR-34,2026-08-05,2.3636376657707103,2.3,0.1,0.04455795922498969,-0.6997330658180774,3.1110572835108945
2025-08-17,KXGDPYEAR-35,2026-08-04,2.749826891591256,2.8,1.8,-0.03218786147859579,-1.1621044533643832,3.3473672445211338
2025-08-17,KXGDPYEAR-36,2026-08-04,2.695242416882835,2.3,0.1,0.24894730630532177,-1.127603469239581,3.5316813541751007
2025-08-18,KXGDPYEAR-25,2026-02-20,1.6012478558368364,1.3,1.3,0.44633705618347824,1.995886295185386,0.9075802038028236
2025-08-18,KXGDPYEAR-26,2026-08-05,2.314779095176201,2.3,2.3,0.09744169529139075,12.718177246770306,0.24585382182900262
2025-08-18,KXGDPYEAR-27,2026-08-05,2.0076383085144998,1.8,1.8,0.37400640422233034,2.898797807861639,0.6732893756761689
2025-08-18,KXGDPYEAR-28,2026-08-04,2.4731462188993745,2.3,2.3,0.1400696034980221,-0.34308140549094945,2.8598708587524024
2025-08-18,KXGDPYEAR-29,2026-08-04,2.3444515498705965,2.3,2.8,0.03264685533572642,-0.4834652040264813,2.997886909329589
2025-08-18,KXGDPYEAR-30,2026-08-05,2.53,2.3,2.3,0.20390070921985817,-0.3831493711206555,2.1596999999999995
2025-08-18,KXGDPYEAR-31,2026-08-04,2.248014310493019,2.3,2.8,-0.037566168275753146,-0.7012489658312346,2.719168761277071
2025-08-18,KXGDPYEAR-32,2026-08-04,2.675002825369558,2.3,1.8,0.23810070525900007,-1.1546447091476657,3.45779719496512
2025-08-18,KXGDPYEAR-33,2026-08-05,2.8592210044753155,2.3,2.3,0.3689059934043657,-1.0555602215262991,3.4287871306045083
2025-08-18,KXGDPYEAR-34,2026-08-05,2.3636376657707103,2.3,0.1,0.04455795922498969,-0.6997330658180774,3.1110572835108945
2025-08-18,KXGDPYEAR-35,2026-08-04,2.749826891591256,2.8,1.8,-0.03218786147859579,-1.1621044533643832,3.3473672445211338
2025-08-18,KXGDPYEAR-36,2026-08-04,2.695242416882835,2.3,0.1,0.24894730630532177,-1.127603469239581,3.5316813541751007
2025-08-19,KXGDPYEAR-25,2026-02-20,1.621450095206404,1.8,1.8,-0.26890833511987444,2.181636221029345,0.8691235733742261
2025-08-19,KXGDPYEAR-26,2026-08-05,2.314779095176201,2.3,2.3,0.09744169529139075,12.718177246770306,0.24585382182900262
2025-08-19,KXGDPYEAR-27,2026-08-05,2.0076383085144998,1.8,1.8,0.37400640422233034,2.898797807861639,0.6732893756761689
2025-08-19,KXGDPYEAR-28,2026-08-04,2.4731462188993745,2.3,2.3,0.1400696034980221,-0.34308140549094945,2.8598708587524024
2025-08-19,KXGDPYEAR-29,2026-08-04,2.3444515498705965,2.3,2.8,0.03264685533572642,-0.4834652040264813,2.997886909329589
2025-08-19,KXGDPYEAR-30,2026-08-05,2.53,2.3,2.3,0.20390070921985817,-0.3831493711206555,2.1596999999999995
2025-08-19,KXGDPYEAR-31,2026-08-04,2.248014310493019,2.3,2.8,-0.037566168275753146,-0.7012489658312346,2.719168761277071
2025-08-19,KXGDPYEAR-32,2026-08-04,2.675002825369558,2.3,1.8,0.23810070525900007,-1.1546447091476657,3.45779719496512
2025-08-19,KXGDPYEAR-33,2026-08-05,2.8592210044753155,2.3,2.3,0.3689059934043657,-1.0555602215262991,3.4287871306045083
2025-08-19,KXGDPYEAR-34,2026-08-05,2.3636376657707103,2.3,0.1,0.04455795922498969,-0.6997330658180774,3.1110572835108945
2025-08-19,KXGDPYEAR-35,2026-08-04,2.749826891591256,2.8,1.8,-0.03218786147859579,-1.1621044533643832,3.3473672445211338
2025-08-19,KXGDPYEAR-36,2026-08-04,2.695242416882835,2.3,0.1,0.24894730630532177,-1.127603469239581,3.5316813541751007
2025-08-20,KXGDPYEAR-25,2026-02-20,1.621450095206404,1.8,1.8,-0.26890833511987444,2.181636221029345,0.8691235733742261
2025-08-20,KXGDPYEAR-26,2026-08-05,2.314779095176201,2.3,2.3,0.09744169529139075,12.718177246770306,0.24585382182900262
2025-08-20,KXGDPYEAR-27,2026-08-05,2.0076383085144998,1.8,1.8,0.37400640422233034,2.898797807861639,0.6732893756761689
2025-08-20,KXGDPYEAR-28,2026-08-04,2.4731462188993745,2.3,2.3,0.1400696034980221,-0.34308140549094945,2.8598708587524024
2025-08-20,KXGDPYEAR-29,2026-08-04,2.3444515498705965,2.3,2.8,0.03264685533572642,-0.4834652040264813,2.997886909329589
2025-08-20,KXGDPYEAR-30,2026-08-05,2.53,2.3,2.3,0.20390070921985817,-0.3831493711206555,2.1596999999999995
2025-08-20,KXGDPYEAR-31,2026-08-04,2.248014310493019,2.3,2.8,-0.037566168275753146,-0.7012489658312346,2.719168761277071
2025-08-20,KXGDPYEAR-32,2026-08-04,2.675002825369558,2.3,1.8,0.23810070525900007,-1.1546447091476657,3.45779719496512
2025-08-20,KXGDPYEAR-33,2026-08-05,2.8592210044753155,2.3,2.3,0.3689059934043657,-1.0555602215262991,3.4287871306045083
2025-08-20,KXGDPYEAR-34,2026-08-05,2.3636376657707103,2.3,0.1,0.04455795922498969,-0.6997330658180774,3.1110572835108945
2025-08-20,KXGDPYEAR-35,2026-08-04,2.749826891591256,2.8,1.8,-0.03218786147859579,-1.1621044533643832,3.3473672445211338
2025-08-20,KXGDPYEAR-36,2026-08-04,2.695242416882835,2.3,0.1,0.24894730630532177,-1.127603469239581,3.5316813541751007
2025-08-21,KXGDPYEAR-25,2026-02-20,1.6097307150551,1.3,1.3,0.5015658250301227,2.7333662659443805,0.7865623684500728
2025-08-21,KXGDPYEAR-26,2026-08-05,2.314779095176201,2.3,2.3,0.09744169529139075,12.718177246770306,0.24585382182900262
2025-08-21,KXGDPYEAR-27,2026-08-05,2.0076383085144998,1.8,1.8,0.37400640422233034,2.898797807861639,0.6732893756761689
2025-08-21,KXGDPYEAR-28,2026-08-04,2.4731462188993745,2.3,2.3,0.1400696034980221,-0.34308140549094945,2.8598708587524024
2025-08-21,KXGDPYEAR-29,2026-08-04,2.3444515498705965,2.3,2.8,0.03264685533572642,-0.4834652040264813,2.997886909329589
2025-08-21,KXGDPYEAR-30,2026-08-05,2.53,2.3,2.3,0.20390070921985817,-0.3831493711206555,2.1596999999999995
2025-08-21,KXGDPYEAR-31,2026-08-04,2.248014310493019,2.3,2.8,-0.037566168275753146,-0.7012489658312346,2.719168761277071
2025-08-21,KXGDPYEAR-32,2026-08-04,2.675002825369558,2.3,1.8,0.23810070525900007,-1.1546447091476657,3.45779719496512
2025-08-21,KXGDPYEAR-33,2026-08-05,2.8592210044753155,2.3,2.3,0.3689059934043657,-1.0555602215262991,3.4287871306045083
2025-08-21,KXGDPYEAR-34,2026-08-05,2.3636376657707103,2.3,0.1,0.04455795922498969,-0.6997330658180774,3.1110572835108945
2025-08-21,KXGDPYEAR-35,2026-08-04,2.749826891591256,2.8,1.8,-0.03218786147859579,-1.1621044533643832,3.3473672445211338
2025-08-21,KXGDPYEAR-36,2026-08-04,2.695242416882835,2.3,0.1,0.24894730630532177,-1.127603469239581,3.5316813541751007
2025-08-22,KXGDPYEAR-25,2026-02-20,1.6097307150551,1.3,1.3,0.5015658250301227,2.7333662659443805,0.7865623684500728
2025-08-22,KXGDPYEAR-26,2026-08-05,2.314779095176201,2.3,2.3,0.09744169529139075,12.718177246770306,0.24585382182900262
2025-08-22,KXGDPYEAR-27,2026-08-05,2.0076383085144998,1.8,1.8,0.37400640422233034,2.898797807861639,0.6732893756761689
2025-08-22,KXGDPYEAR-28,2026-08-04,2.4731462188993745,2.3,2.3,0.1400696034980221,-0.34308140549094945,2.8598708587524024
2025-08-22,KXGDPYEAR-29,2026-08-04,2.3444515498705965,2.3,2.8,0.03264685533572642,-0.4834652040264813,2.997886909329589
2025-08-22,KXGDPYEAR-30,2026-08-05,2.53,2.3,2.3,0.20390070921985817,-0.3831493711206555,2.1596999999999995
2025-08-22,KXGDPYEAR-31,2026-08-04,2.248014310493019,2.3,2.8,-0.037566168275753146,-0.7012489658312346,2.719168761277071
2025-08-22,KXGDPYEAR-32,2026-08-04,2.675002825369558,2.3,1.8,0.23810070525900007,-1.1546447091476657,3.45779719496512
2025-08-22,KXGDPYEAR-33,2026-08-05,2.8592210044753155,2.3,2.3,0.3689059934043657,-1.0555602215262991,3.4287871306045083
2025-08-22,KXGDPYEAR-34,2026-08-05,2.3636376657707103,2.3,0.1,0.04455795922498969,-0.6997330658180774,3.1110572835108945
2025-08-22,KXGDPYEAR-35,2026-08-04,2.749826891591256,2.8,1.8,-0.03218786147859579,-1.1621044533643832,3.3473672445211338
2025-08-22,KXGDPYEAR-36,2026-08-04,2.695242416882835,2.3,0.1,0.24894730630532177,-1.127603469239581,3.5316813541751007
2025-08-23,KXGDPYEAR-25,2026-02-20,1.5939822522785396,1.3,1.3,0.4797446620188953,2.8715991427058443,0.7918667749892526
2025-08-23,KXGDPYEAR-26,2026-08-05,2.314779095176201,2.3,2.3,0.09744169529139075,12.718177246770306,0.24585382182900262
2025-08-23,KXGDPYEAR-27,2026-08-05,2.0076383085144998,1.8,1.8,0.37400640422233034,2.898797807861639,0.6732893756761689
2025-08-23,KXGDPYEAR-28,2026-08-04,2.4731462188993745,2.3,2.3,0.1400696034980221,-0.34308140549094945,2.8598708587524024
2025-08-23,KXGDPYEAR-29,2026-08-04,2.3444515498705965,2.3,2.8,0.03264685533572642,-0.4834652040264813,2.997886909329589
2025-08-23,KXGDPYEAR-30,2026-08-05,2.53,2.3,2.3,0.20390070921985817,-0.3831493711206555,2.1596999999999995
2025-08-23,KXGDPYEAR-31,2026-08-04,2.248014310493019,2.3,2.8,-0.037566168275753146,-0.7012489658312346,2.719168761277071
2025-08-23,KXGDPYEAR-32,2026-08-04,2.675002825369558,2.3,1.8,0.23810070525900007,-1.1546447091476657,3.45779719496512
2025-08-23,KXGDPYEAR-33,2026-08-05,2.8592210044753155,2.3,2.3,0.3689059934043657,-1.0555602215262991,3.4287871306045083
2025-08-23,KXGDPYEAR-34,2026-08-05,2.3636376657707103,2.3,0.1,0.04455795922498969,-0.6997330658180774,3.1110572835108945
2025-08-23,KXGDPYEAR-35,2026-08-04,2.749826891591256,2.8,1.8,-0.03218786147859579,-1.1621044533643832,3.3473672445211338
2025-08-23,KXGDPYEAR-36,2026-08-04,2.695242416882835,2.3,0.1,0.24894730630532177,-1.127603469239581,3.5316813541751007
2025-08-24,KXGDPYEAR-25,2026-02-20,1.5823507549794402,1.3,1.3,0.4618221706785694,2.8780423960448553,0.7994625654850602
2025-08-24,KXGDPYEAR-26,2026-08-05,2.314779095176201,2.3,2.3,0.09744169529139075,12.718177246770306,0.24585382182900262
2025-08-24,KXGDPYEAR-27,2026-08-05,2.0076383085144998,1.8,1.8,0.37400640422233034,2.898797807861639,0.6732893756761689
2025-08-24,KXGDPYEAR-28,2026-08-04,2.4731462188993745,2.3,2.3,0.1400696034980221,-0.34308140549094945,2.8598708587524024
2025-08-24,KXGDPYEAR-29,2026-08-04,2.3444515498705965,2.3,2.8,0.03264685533572642,-0.4834652040264813,2.997886909329589
2025-08-24,KXGDPYEAR-30,2026-08-05,2.53,2.3,2.3,0.20390070921985817,-0.3831493711206555,2.1596999999999995
2025-08-24,KXGDPYEAR-31,2026-08-04,2.248014310493019,2.3,2.8,-0.037566168275753146,-0.7012489658312346,2.719168761277071
2025-08-24,KXGDPYEAR-32,2026-08-04,2.675002825369558,2.3,1.8,0.23810070525900007,-1.1546447091476657,3.45779719496512
2025-08-24,KXGDPYEAR-33,2026-08-05,2.8592210044753155,2.3,2.3,0.3689059934043657,-1.0555602215262991,3.4287871306045083
2025-08-24,KXGDPYEAR-34,2026-08-05,2.3636376657707103,2.3,0.1,0.04455795922498969,-0.6997330658180774,3.1110572835108945
2025-08-24,KXGDPYEAR-35,2026-08-04,2.749826891591256,2.8,1.8,-0.03218786147859579,-1.1621044533643832,3.3473672445211338
2025-08-24,KXGDPYEAR-36,2026-08-04,2.695242416882835,2.3,0.1,0.24894730630532177,-1.127603469239581,3.5316813541751007
2025-08-25,KXGDPYEAR-25,2026-02-20,1.5823507549794402,1.3,1.3,0.4618221706785694,2.8780423960448553,0.7994625654850602
2025-08-25,KXGDPYEAR-26,2026-08-05,2.314779095176201,2.3,2.3,0.09744169529139075,12.718177246770306,0.24585382182900262
2025-08-25,KXGDPYEAR-27,2026-08-05,2.0076383085144998,1.8,1.8,0.37400640422233034,2.898797807861639,0.6732893756761689
2025-08-25,KXGDPYEAR-28,2026-08-04,2.4731462188993745,2.3,2.3,0.1400696034980221,-0.34308140549094945,2.8598708587524024
2025-08-25,KXGDPYEAR-29,2026-08-04,2.3444515498705965,2.3,2.8,0.03264685533572642,-0.4834652040264813,2.997886909329589
2025-08-25,KXGDPYEAR-30,2026-08-05,2.53,2.3,2.3,0.20390070921985817,-0.3831493711206555,2.1596999999999995
2025-08-25,KXGDPYEAR-31,2026-08-04,2.248014310493019,2.3,2.8,-0.037566168275753146,-0.7012489658312346,2.719168761277071
2025-08-25,KXGDPYEAR-32,2026-08-04,2.675002825369558,2.3,1.8,0.23810070525900007,-1.1546447091476657,3.45779719496512
2025-08-25,KXGDPYEAR-33,2026-08-05,2.8592210044753155,2.3,2.3,0.3689059934043657,-1.0555602215262991,3.4287871306045083
2025-08-25,KXGDPYEAR-34,2026-08-05,2.3636376657707103,2.3,0.1,0.04455795922498969,-0.6997330658180774,3.1110572835108945
2025-08-25,KXGDPYEAR-35,2026-08-04,2.749826891591256,2.8,1.8,-0.03218786147859579,-1.1621044533643832,3.3473672445211338
2025-08-25,KXGDPYEAR-36,2026-08-04,2.695242416882835,2.3,0.1,0.24894730630532177,-1.127603469239581,3.5316813541751007
2025-08-26,KXGDPYEAR-25,2026-02-20,1.5823507549794402,1.3,1.3,0.4618221706785694,2.8780423960448553,0.7994625654850602
2025-08-26,KXGDPYEAR-26,2026-08-05,2.314779095176201,2.3,2.3,0.09744169529139075,12.718177246770306,0.24585382182900262
2025-08-26,KXGDPYEAR-27,2026-08-05,2.0076383085144998,1.8,1.8,0.37400640422233034,2.898797807861639,0.6732893756761689
2025-08-26,KXGDPYEAR-28,2026-08-04,2.4731462188993745,2.3,2.3,0.1400696034980221,-0.34308140549094945,2.8598708587524024
2025-08-26,KXGDPYEAR-29,2026-08-04,2.3444515498705965,2.3,2.8,0.03264685533572642,-0.4834652040264813,2.997886909329589
2025-08-26,KXGDPYEAR-30,2026-08-05,2.53,2.3,2.3,0.20390070921985817,-0.3831493711206555,2.1596999999999995
2025-08-26,KXGDPYEAR-31,2026-08-04,2.248014310493019,2.3,2.8,-0.037566168275753146,-0.7012489658312346,2.719168761277071
2025-08-26,KXGDPYEAR-32,2026-08-04,2.675002825369558,2.3,1.8,0.23810070525900007,-1.1546447091476657,3.45779719496512
2025-08-26,KXGDPYEAR-33,2026-08-05,2.8592210044753155,2.3,2.3,0.3689059934043657,-1.0555602215262991,3.4287871306045083
2025-08-26,KXGDPYEAR-34,2026-08-05,2.3636376657707103,2.3,0.1,0.04455795922498969,-0.6997330658180774,3.1110572835108945
2025-08-26,KXGDPYEAR-35,2026-08-04,2.749826891591256,2.8,1.8,-0.03218786147859579,-1.1621044533643832,3.3473672445211338
2025-08-26,KXGDPYEAR-36,2026-08-04,2.695242416882835,2.3,0.1,0.24894730630532177,-1.127603469239581,3.5316813541751007
2025-08-27,KXGDPYEAR-25,2026-02-20,1.633452365231728,1.8,1.8,-0.27183436050553933,2.672711063977208,0.7603730293954206
2025-08-27,KXGDPYEAR-26,2026-08-05,2.314779095176201,2.3,2.3,0.09744169529139075,12.718177246770306,0.24585382182900262
2025-08-27,KXGDPYEAR-27,2026-08-05,2.0076383085144998,1.8,1.8,0.37400640422233034,2.898797807861639,0.6732893756761689
2025-08-27,KXGDPYEAR-28,2026-08-04,2.4731462188993745,2.3,2.3,0.1400696034980221,-0.34308140549094945,2.8598708587524024
2025-08-27,KXGDPYEAR-29,2026-08-04,2.3444515498705965,2.3,2.8,0.03264685533572642,-0.4834652040264813,2.997886909329589
2025-08-27,KXGDPYEAR-30,2026-08-05,2.53,2.3,2.3,0.20390070921985817,-0.3831493711206555,2.1596999999999995
2025-08-27,KXGDPYEAR-31,2026-08-04,2.248014310493019,2.3,2.8,-0.037566168275753146,-0.7012489658312346,2.719168761277071
2025-08-27,KXGDPYEAR-32,2026-08-04,2.675002825369558,2.3,1.8,0.23810070525900007,-1.1546447091476657,3.45779719496512
2025-08-27,KXGDPYEAR-33,2026-08-05,2.8592210044753155,2.3,2.3,0.3689059934043657,-1.0555602215262991,3.4287871306045083
2025-08-27,KXGDPYEAR-34,2026-08-05,2.3636376657707103,2.3,0.1,0.04455795922498969,-0.6997330658180774,3.1110572835108945
2025-08-27,KXGDPYEAR-35,2026-08-04,2.749826891591256,2.8,1.8,-0.03218786147859579,-1.1621044533643832,3.3473672445211338
2025-08-27,KXGDPYEAR-36,2026-08-04,2.695242416882835,2.3,0.1,0.24894730630532177,-1.127603469239581,3.5316813541751007
2025-08-28,KXGDPYEAR-25,2026-02-20,1.666467662462932,1.8,1.3,-0.21742192384728556,2.815092187214961,0.753618600979816
2025-08-28,KXGDPYEAR-26,2026-08-05,2.314779095176201,2.3,2.3,0.09744169529139075,12.718177246770306,0.24585382182900262
2025-08-28,KXGDPYEAR-27,2026-08-05,2.0076383085144998,1.8,1.8,0.37400640422233034,2.898797807861639,0.6732893756761689
2025-08-28,KXGDPYEAR-28,2026-08-04,2.4731462188993745,2.3,2.3,0.1400696034980221,-0.34308140549094945,2.8598708587524024
2025-08-28,KXGDPYEAR-29,2026-08-04,2.3444515498705965,2.3,2.8,0.03264685533572642,-0.4834652040264813,2.997886909329589
2025-08-28,KXGDPYEAR-30,2026-08-05,2.53,2.3,2.3,0.20390070921985817,-0.3831493711206555,2.1596999999999995
2025-08-28,KXGDPYEAR-31,2026-08-04,2.248014310493019,2.3,2.8,-0.037566168275753146,-0.7012489658312346,2.719168761277071
2025-08-28,KXGDPYEAR-32,2026-08-04,2.675002825369558,2.3,1.8,0.23810070525900007,-1.1546447091476657,3.45779719496512
2025-08-28,KXGDPYEAR-33,2026-08-05,2.8592210044753155,2.3,2.3,0.3689059934043657,-1.0555602215262991,3.4287871306045083
2025-08-28,KXGDPYEAR-34,2026-08-05,2.3636376657707103,2.3,0.1,0.04455795922498969,-0.6997330658180774,3.1110572835108945
2025-08-28,KXGDPYEAR-35,2026-08-04,2.749826891591256,2.8,1.8,-0.03218786147859579,-1.1621044533643832,3.3473672445211338
2025-08-28,KXGDPYEAR-36,2026-08-04,2.695242416882835,2.3,0.1,0.24894730630532177,-1.127603469239581,3.5316813541751007
2025-08-29,KXGDPYEAR-25,2026-02-20,1.685827149069907,1.8,1.3,-0.1900528257547971,2.9819137098251254,0.7322315394107346
2025-08-29,KXGDPYEAR-26,2026-08-05,2.314779095176201,2.3,2.3,0.09744169529139075,12.718177246770306,0.24585382182900262
2025-08-29,KXGDPYEAR-27,2026-08-05,2.0076383085144998,1.8,1.8,0.37400640422233034,2.898797807861639,0.6732893756761689
2025-08-29,KXGDPYEAR-28,2026-08-04,2.4731462188993745,2.3,2.3,0.1400696034980221,-0.34308140549094945,2.8598708587524024
2025-08-29,KXGDPYEAR-29,2026-08-04,2.3444515498705965,2.3,2.8,0.03264685533572642,-0.4834652040264813,2.997886909329589
2025-08-29,KXGDPYEAR-30,2026-08-05,2.53,2.3,2.3,0.20390070921985817,-0.3831493711206555,2.1596999999999995
2025-08-29,KXGDPYEAR-31,2026-08-04,2.248014310493019,2.3,2.8,-0.037566168275753146,-0.7012489658312346,2.719168761277071
2025-08-29,KXGDPYEAR-32,2026-08-04,2.675002825369558,2.3,1.8,0.23810070525900007,-1.1546447091476657,3.45779719496512
2025-08-29,KXGDPYEAR-33,2026-08-05,2.8592210044753155,2.3,2.3,0.3689059934043657,-1.0555602215262991,3.4287871306045083
2025-08-29,KXGDPYEAR-34,2026-08-05,2.3636376657707103,2.3,0.1,0.04455795922498969,-0.6997330658180774,3.1110572835108945
2025-08-29,KXGDPYEAR-35,2026-08-04,2.749826891591256,2.8,1.8,-0.03218786147859579,-1.1621044533643832,3.3473672445211338
2025-08-29,KXGDPYEAR-36,2026-08-04,2.695242416882835,2.3,0.1,0.24894730630532177,-1.127603469239581,3.5316813541751007
2025-08-30,KXGDPYEAR-25,2026-02-20,1.7431034482758618,1.8,1.8,-0.10000000000000012,2.7869951340379924,0.7148662306777643
2025-08-30,KXGDPYEAR-26,2026-08-05,2.314779095176201,2.3,2.3,0.09744169529139075,12.718177246770306,0.24585382182900262
2025-08-30,KXGDPYEAR-27,2026-08-05,2.0076383085144998,1.8,1.8,0.37400640422233034,2.898797807861639,0.6732893756761689
2025-08-30,KXGDPYEAR-28,2026-08-04,2.4731462188993745,2.3,2.3,0.1400696034980221,-0.34308140549094945,2.8598708587524024
2025-08-30,KXGDPYEAR-29,2026-08-04,2.3444515498705965,2.3,2.8,0.03264685533572642,-0.4834652040264813,2.997886909329589
2025-08-30,KXGDPYEAR-30,2026-08-05,2.53,2.3,2.3,0.20390070921985817,-0.3831493711206555,2.1596999999999995
2025-08-30,KXGDPYEAR-31,2026-08-04,2.248014310493019,2.3,2.8,-0.037566168275753146,-0.7012489658312346,2.719168761277071
2025-08-30,KXGDPYEAR-32,2026-08-04,2.675002825369558,2.3,1.8,0.23810070525900007,-1.1546447091476657,3.45779719496512
2025-08-30,KXGDPYEAR-33,2026-08-05,2.8592210044753155,2.3,2.3,0.3689059934043657,-1.0555602215262991,3.4287871306045083
2025-08-30,KXGDPYEAR-34,2026-08-05,2.3636376657707103,2.3,0.1,0.04455795922498969,-0.6997330658180774,3.1110572835108945
2025-08-30,KXGDPYEAR-35,2026-08-04,2.749826891591256,2.8,1.8,-0.03218786147859579,-1.1621044533643832,3.3473672445211338
2025-08-30,KXGDPYEAR-36,2026-08-04,2.695242416882835,2.3,0.1,0.24894730630532177,-1.127603469239581,3.5316813541751007
2025-08-31,KXGDPYEAR-25,2026-02-20,1.7245614035087717,1.8,1.8,-0.13437500000000002,3.0700240890797126,0.7074669128962756
2025-08-31,KXGDPYEAR-26,2026-08-05,2.314779095176201,2.3,2.3,0.09744169529139075,12.718177246770306,0.24585382182900262
2025-08-31,KXGDPYEAR-27,2026-08-05,2.0076383085144998,1.8,1.8,0.37400640422233034,2.898797807861639,0.6732893756761689
2025-08-31,KXGDPYEAR-28,2026-08-04,2.4731462188993745,2.3,2.3,0.1400696034980221,-0.34308140549094945,2.8598708587524024
2025-08-31,KXGDPYEAR-29,2026-08-04,2.3444515498705965,2.3,2.8,0.03264685533572642,-0.4834652040264813,2.997886909329589
2025-08-31,KXGDPYEAR-30,2026-08-05,2.53,2.3,2.3,0.20390070921985817,-0.3831493711206555,2.1596999999999995
2025-08-31,KXGDPYEAR-31,2026-08-04,2.248014310493019,2.3,2.8,-0.037566168275753146,-0.7012489658312346,2.719168761277071
2025-08-31,KXGDPYEAR-32,2026-08-04,2.675002825369558,2.3,1.8,0.23810070525900007,-1.1546447091476657,3.45779719496512
2025-08-31,KXGDPYEAR-33,2026-08-05,2.8592210044753155,2.3,2.3,0.3689059934043657,-1.0555602215262991,3.4287871306045083
2025-08-31,KXGDPYEAR-34,2026-08-05,2.3636376657707103,2.3,0.1,0.04455795922498969,-0.6997330658180774,3.1110572835108945
2025-08-31,KXGDPYEAR-35,2026-08-04,2.749826891591256,2.8,1.8,-0.03218786147859579,-1.1621044533643832,3.3473672445211338
2025-08-31,KXGDPYEAR-36,2026-08-04,2.695242416882835,2.3,0.1,0.24894730630532177,-1.127603469239581,3.5316813541751007
2025-09-01,KXGDPYEAR-25,2026-02-20,1.7290598290598291,1.8,1.8,-0.12259970457902546,2.658793314516985,0.7316341588136459
2025-09-01,KXGDPYEAR-26,2026-08-05,2.314779095176201,2.3,2.3,0.09744169529139075,12.718177246770306,0.24585382182900262
2025-09-01,KXGDPYEAR-27,2026-08-05,2.0076383085144998,1.8,1.8,0.37400640422233034,2.898797807861639,0.6732893756761689
2025-09-01,KXGDPYEAR-28,2026-08-04,2.4731462188993745,2.3,2.3,0.1400696034980221,-0.34308140549094945,2.8598708587524024
2025-09-01,KXGDPYEAR-29,2026-08-04,2.3444515498705965,2.3,2.8,0.03264685533572642,-0.4834652040264813,2.997886909329589
2025-09-01,KXGDPYEAR-30,2026-08-05,2.53,2.3,2.3,0.20390070921985817,-0.3831493711206555,2.1596999999999995
2025-09-01,KXGDPYEAR-31,2026-08-04,2.248014310493019,2.3,2.8,-0.037566168275753146,-0.7012489658312346,2.719168761277071
2025-09-01,KXGDPYEAR-32,2026-08-04,2.675002825369558,2.3,1.8,0.23810070525900007,-1.1546447091476657,3.45779719496512
2025-09-01,KXGDPYEAR-33,2026-08-05,2.8592210044753155,2.3,2.3,0.3689059934043657,-1.0555602215262991,3.4287871306045083
2025-09-01,KXGDPYEAR-34,2026-08-05,2.3636376657707103,2.3,0.1,0.04455795922498969,-0.6997330658180774,3.1110572835108945
2025-09-01,KXGDPYEAR-35,2026-08-04,2.749826891591256,2.8,1.8,-0.03218786147859579,-1.1621044533643832,3.3473672445211338
2025-09-01,KXGDPYEAR-36,2026-08-04,2.695242416882835,2.3,0.1,0.24894730630532177,-1.127603469239581,3.5316813541751007
2025-09-02,KXGDPYEAR-25,2026-02-20,1.7231433506044906,1.8,1.8,-0.1326378539493296,2.6799719339962325,0.7358029000032811
2025-09-02,KXGDPYEAR-26,2026-08-05,2.314779095176201,2.3,2.3,0.09744169529139075,12.718177246770306,0.24585382182900262
2025-09-02,KXGDPYEAR-27,2026-08-05,2.0076383085144998,1.8,1.8,0.37400640422233034,2.898797807861639,0.6732893756761689
2025-09-02,KXGDPYEAR-28,2026-08-04,2.4731462188993745,2.3,2.3,0.1400696034980221,-0.34308140549094945,2.8598708587524024
2025-09-02,KXGDPYEAR-29,2026-08-04,2.3444515498705965,2.3,2.8,0.03264685533572642,-0.4834652040264813,2.997886909329589
2025-09-02,KXGDPYEAR-30,2026-08-05,2.53,2.3,2.3,0.20390070921985817,-0.3831493711206555,2.1596999999999995
2025-09-02,KXGDPYEAR-31,2026-08-04,2.248014310493019,2.3,2.8,-0.037566168275753146,-0.7012489658312346,2.719168761277071
2025-09-02,KXGDPYEAR-32,2026-08-04,2.675002825369558,2.3,1.8,0.23810070525900007,-1.1546447091476657,3.45779719496512
2025-09-02,KXGDPYEAR-33,2026-08-05,2.8592210044753155,2.3,2.3,0.3689059934043657,-1.0555602215262991,3.4287871306045083
2025-09-02,KXGDPYEAR-34,2026-08-05,2.3636376657707103,2.3,0.1,0.04455795922498969,-0.6997330658180774,3.1110572835108945
2025-09-02,KXGDPYEAR-35,2026-08-04,2.749826891591256,2.8,1.8,-0.03218786147859579,-1.1621044533643832,3.3473672445211338
2025-09-02,KXGDPYEAR-36,2026-08-04,2.695242416882835,2.3,0.1,0.24894730630532177,-1.127603469239581,3.5316813541751007
2025-09-03,KXGDPYEAR-25,2026-02-20,1.760505017805115,1.8,1.8,-0.0653104925053534,2.3673367796786007,0.7856528365724259
2025-09-03,KXGDPYEAR-26,2026-08-05,2.314779095176201,2.3,2.3,0.09744169529139075,12.718177246770306,0.24585382182900262
2025-09-03,KXGDPYEAR-27,2026-08-05,2.0076383085144998,1.8,1.8,0.37400640422233034,2.898797807861639,0.6732893756761689
2025-09-03,KXGDPYEAR-28,2026-08-04,2.4731462188993745,2.3,2.3,0.1400696034980221,-0.34308140549094945,2.8598708587524024
2025-09-03,KXGDPYEAR-29,2026-08-04,2.3444515498705965,2.3,2.8,0.03264685533572642,-0.4834652040264813,2.997886909329589
2025-09-03,KXGDPYEAR-30,2026-08-05,2.53,2.3,2.3,0.20390070921985817,-0.3831493711206555,2.1596999999999995
2025-09-03,KXGDPYEAR-31,2026-08-04,2.248014310493019,2.3,2.8,-0.037566168275753146,-0.7012489658312346,2.719168761277071
2025-09-03,KXGDPYEAR-32,2026-08-04,2.675002825369558,2.3,1.8,0.23810070525900007,-1.1546447091476657,3.45779719496512
2025-09-03,KXGDPYEAR-33,2026-08-05,2.8592210044753155,2.3,2.3,0.3689059934043657,-1.0555602215262991,3.4287871306045083
2025-09-03,KXGDPYEAR-34,2026-08-05,2.3636376657707103,2.3,0.1,0.04455795922498969,-0.6997330658180774,3.1110572835108945
2025-09-03,KXGDPYEAR-35,2026-08-04,2.749826891591256,2.8,1.8,-0.03218786147859579,-1.1621044533643832,3.3473672445211338
2025-09-03,KXGDPYEAR-36,2026-08-04,2.695242416882835,2.3,0.1,0.24894730630532177,-1.127603469239581,3.5316813541751007
2025-09-04,KXGDPYEAR-25,2026-02-20,1.760505017805115,1.8,1.8,-0.0653104925053534,2.3673367796786007,0.7856528365724259
2025-09-04,KXGDPYEAR-26,2026-08-05,2.314779095176201,2.3,2.3,0.09744169529139075,12.718177246770306,0.24585382182900262
2025-09-04,KXGDPYEAR-27,2026-08-05,2.0076383085144998,1.8,1.8,0.37400640422233034,2.898797807861639,0.6732893756761689
2025-09-04,KXGDPYEAR-28,2026-08-04,2.4731462188993745,2.3,2.3,0.1400696034980221,-0.34308140549094945,2.8598708587524024
2025-09-04,KXGDPYEAR-29,2026-08-04,2.3444515498705965,2.3,2.8,0.03264685533572642,-0.4834652040264813,2.997886909329589
2025-09-04,KXGDPYEAR-30,2026-08-05,2.53,2.3,2.3,0.20390070921985817,-0.3831493711206555,2.1596999999999995
2025-09-04,KXGDPYEAR-31,2026-08-04,2.248014310493019,2.3,2.8,-0.037566168275753146,-0.7012489658312346,2.719168761277071
2025-09-04,KXGDPYEAR-32,2026-08-04,2.675002825369558,2.3,1.8,0.23810070525900007,-1.1546447091476657,3.45779719496512
2025-09-04,KXGDPYEAR-33,2026-08-05,2.8592210044753155,2.3,2.3,0.3689059934043657,-1.0555602215262991,3.4287871306045083
2025-09-04,KXGDPYEAR-34,2026-08-05,2.3636376657707103,2.3,0.1,0.04455795922498969,-0.6997330658180774,3.1110572835108945
2025-09-04,KXGDPYEAR-35,2026-08-04,2.749826891591256,2.8,1.8,-0.03218786147859579,-1.1621044533643832,3.3473672445211338
2025-09-04,KXGDPYEAR-36,2026-08-04,2.695242416882835,2.3,0.1,0.24894730630532177,-1.127603469239581,3.5316813541751007
2025-09-05,KXGDPYEAR-25,2026-02-20,1.760505017805115,1.8,1.8,-0.0653104925053534,2.3673367796786007,0.7856528365724259
2025-09-05,KXGDPYEAR-26,2026-08-05,2.314779095176201,2.3,2.3,0.09744169529139075,12.718177246770306,0.24585382182900262
2025-09-05,KXGDPYEAR-27,2026-08-05,2.0076383085144998,1.8,1.8,0.37400640422233034,2.898797807861639,0.6732893756761689
2025-09-05,KXGDPYEAR-28,2026-08-04,2.4731462188993745,2.3,2.3,0.1400696034980221,-0.34308140549094945,2.8598708587524024
2025-09-05,KXGDPYEAR-29,2026-08-04,2.3444515498705965,2.3,2.8,0.03264685533572642,-0.4834652040264813,2.997886909329589
2025-09-05,KXGDPYEAR-30,2026-08-05,2.53,2.3,2.3,0.20390070921985817,-0.3831493711206555,2.1596999999999995
2025-09-05,KXGDPYEAR-31,2026-08-04,2.248014310493019,2.3,2.8,-0.037566168275753146,-0.7012489658312346,2.719168761277071
2025-09-05,KXGDPYEAR-32,2026-08-04,2.675002825369558,2.3,1.8,0.23810070525900007,-1.1546447091476657,3.45779719496512
2025-09-05,KXGDPYEAR-33,2026-08-05,2.8592210044753155,2.3,2.3,0.3689059934043657,-1.0555602215262991,3.4287871306045083
2025-09-05,KXGDPYEAR-34,2026-08-05,2.3636376657707103,2.3,0.1,0.04455795922498969,-0.6997330658180774,3.1110572835108945
2025-09-05,KXGDPYEAR-35,2026-08-04,2.749826891591256,2.8,1.8,-0.03218786147859579,-1.1621044533643832,3.3473672445211338
2025-09-05,KXGDPYEAR-36,2026-08-04,2.695242416882835,2.3,0.1,0.24894730630532177,-1.127603469239581,3.5316813541751007
2025-09-06,KXGDPYEAR-25,2026-02-20,1.7261819626539532,1.8,1.8,-0.1207382056058571,2.4463587532236923,0.8159414416611459
2025-09-06,KXGDPYEAR-26,2026-08-05,2.314779095176201,2.3,2.3,0.09744169529139075,12.718177246770306,0.24585382182900262
2025-09-06,KXGDPYEAR-27,2026-08-05,2.0076383085144998,1.8,1.8,0.37400640422233034,2.898797807861639,0.6732893756761689
2025-09-06,KXGDPYEAR-28,2026-08-04,2.4731462188993745,2.3,2.3,0.1400696034980221,-0.34308140549094945,2.8598708587524024
2025-09-06,KXGDPYEAR-29,2026-08-04,2.3444515498705965,2.3,2.8,0.03264685533572642,-0.4834652040264813,2.997886909329589
2025-09-06,KXGDPYEAR-30,2026-08-05,2.53,2.3,2.3,0.20390070921985817,-0.3831493711206555,2.1596999999999995
2025-09-06,KXGDPYEAR-31,2026-08-04,2.248014310493019,2.3,2.8,-0.037566168275753146,-0.7012489658312346,2.719168761277071
2025-09-06,KXGDPYEAR-32,2026-08-04,2.675002825369558,2.3,1.8,0.23810070525900007,-1.1546447091476657,3.45779719496512
2025-09-06,KXGDPYEAR-33,2026-08-05,2.8592210044753155,2.3,2.3,0.3689059934043657,-1.0555602215262991,3.4287871306045083
2025-09-06,KXGDPYEAR-34,2026-08-05,2.3636376657707103,2.3,0.1,0.04455795922498969,-0.6997330658180774,3.1110572835108945
2025-09-06,KXGDPYEAR-35,2026-08-04,2.749826891591256,2.8,1.8,-0.03218786147859579,-1.1621044533643832,3.3473672445211338
2025-09-06,KXGDPYEAR-36,2026-08-04,2.695242416882835,2.3,0.1,0.24894730630532177,-1.127603469239581,3.5316813541751007
2025-09-07,KXGDPYEAR-25,2026-02-20,1.6899309342057434,1.8,1.3,-0.18286496497302532,2.9357712805768177,0.7606728778180657
2025-09-07,KXGDPYEAR-26,2026-08-05,2.314779095176201,2.3,2.3,0.09744169529139075,12.718177246770306,0.24585382182900262
2025-09-07,KXGDPYEAR-27,2026-08-05,2.0076383085144998,1.8,1.8,0.37400640422233034,2.898797807861639,0.6732893756761689
2025-09-07,KXGDPYEAR-28,2026-08-04,2.4731462188993745,2.3,2.3,0.1400696034980221,-0.34308140549094945,2.8598708587524024
2025-09-07,KXGDPYEAR-29,2026-08-04,2.3444515498705965,2.3,2.8,0.03264685533572642,-0.4834652040264813,2.997886909329589
2025-09-07,KXGDPYEAR-30,2026-08-05,2.53,2.3,2.3,0.20390070921985817,-0.3831493711206555,2.1596999999999995
2025-09-07,KXGDPYEAR-31,2026-08-04,2.248014310493019,2.3,2.8,-0.037566168275753146,-0.7012489658312346,2.719168761277071
2025-09-07,KXGDPYEAR-32,2026-08-04,2.675002825369558,2.3,1.8,0.23810070525900007,-1.1546447091476657,3.45779719496512
2025-09-07,KXGDPYEAR-33,2026-08-05,2.8592210044753155,2.3,2.3,0.3689059934043657,-1.0555602215262991,3.4287871306045083
2025-09-07,KXGDPYEAR-34,2026-08-05,2.3636376657707103,2.3,0.1,0.04455795922498969,-0.6997330658180774,3.1110572835108945
2025-09-07,KXGDPYEAR-35,2026-08-04,2.749826891591256,2.8,1.8,-0.03218786147859579,-1.1621044533643832,3.3473672445211338
2025-09-07,KXGDPYEAR-36,2026-08-04,2.695242416882835,2.3,0.1,0.24894730630532177,-1.127603469239581,3.5316813541751007
2025-09-08,KXGDPYEAR-25,2026-02-20,1.69766813112538,1.8,1.8,-0.18286496497302554,3.3232406885230255,0.7079938864835299
2025-09-08,KXGDPYEAR-26,2026-08-05,2.314779095176201,2.3,2.3,0.09744169529139075,12.718177246770306,0.24585382182900262
2025-09-08,KXGDPYEAR-27,2026-08-05,2.0076383085144998,1.8,1.8,0.37400640422233034,2.898797807861639,0.6732893756761689
2025-09-08,KXGDPYEAR-28,2026-08-04,2.4731462188993745,2.3,2.3,0.1400696034980221,-0.34308140549094945,2.8598708587524024
2025-09-08,KXGDPYEAR-29,2026-08-04,2.3444515498705965,2.3,2.8,0.03264685533572642,-0.4834652040264813,2.997886909329589
2025-09-08,KXGDPYEAR-30,2026-08-05,2.53,2.3,2.3,0.20390070921985817,-0.3831493711206555,2.1596999999999995
2025-09-08,KXGDPYEAR-31,2026-08-04,2.248014310493019,2.3,2.8,-0.037566168275753146,-0.7012489658312346,2.719168761277071
2025-09-08,KXGDPYEAR-32,2026-08-04,2.675002825369558,2.3,1.8,0.23810070525900007,-1.1546447091476657,3.45779719496512
2025-09-08,KXGDPYEAR-33,2026-08-05,2.8592210044753155,2.3,2.3,0.3689059934043657,-1.0555602215262991,3.4287871306045083
2025-09-08,KXGDPYEAR-34,2026-08-05,2.3636376657707103,2.3,0.1,0.04455795922498969,-0.6997330658180774,3.1110572835108945
2025-09-08,KXGDPYEAR-35,2026-08-04,2.749826891591256,2.8,1.8,-0.03218786147859579,-1.1621044533643832,3.3473672445211338
2025-09-08,KXGDPYEAR-36,2026-08-04,2.695242416882835,2.3,0.1,0.24894730630532177,-1.127603469239581,3.5316813541751007
2025-09-09,KXGDPYEAR-25,2026-02-20,1.6862123613312203,1.8,1.3,-0.18884797475013154,2.9551088284554305,0.763027016709321
2025-09-09,KXGDPYEAR-26,2026-08-05,2.314779095176201,2.3,2.3,0.09744169529139075,12.718177246770306,0.24585382182900262
2025-09-09,KXGDPYEAR-27,2026-08-05,2.0076383085144998,1.8,1.8,0.37400640422233034,2.898797807861639,0.6732893756761689
2025-09-09,KXGDPYEAR-28,2026-08-04,2.4731462188993745,2.3,2.3,0.1400696034980221,-0.34308140549094945,2.8598708587524024
2025-09-09,KXGDPYEAR-29,2026-08-04,2.3444515498705965,2.3,2.8,0.03264685533572642,-0.4834652040264813,2.997886909329589
2025-09-09,KXGDPYEAR-30,2026-08-05,2.53,2.3,2.3,0.20390070921985817,-0.3831493711206555,2.1596999999999995
2025-09-09,KXGDPYEAR-31,2026-08-04,2.248014310493019,2.3,2.8,-0.037566168275753146,-0.7012489658312346,2.719168761277071
2025-09-09,KXGDPYEAR-32,2026-08-04,2.675002825369558,2.3,1.8,0.23810070525900007,-1.1546447091476657,3.45779719496512
2025-09-09,KXGDPYEAR-33,2026-08-05,2.8592210044753155,2.3,2.3,0.3689059934043657,-1.0555602215262991,3.4287871306045083
2025-09-09,KXGDPYEAR-34,2026-08-05,2.3636376657707103,2.3,0.1,0.04455795922498969,-0.6997330658180774,3.1110572835108945
2025-09-09,KXGDPYEAR-35,2026-08-04,2.749826891591256,2.8,1.8,-0.03218786147859579,-1.1621044533643832,3.3473672445211338
2025-09-09,KXGDPYEAR-36,2026-08-04,2.695242416882835,2.3,0.1,0.24894730630532177,-1.127603469239581,3.5316813541751007
2025-09-10,KXGDPYEAR-25,2026-02-20,1.6862123613312203,1.8,1.3,-0.18884797475013154,2.9551088284554305,0.763027016709321
2025-09-10,KXGDPYEAR-26,2026-08-05,2.314779095176201,2.3,2.3,0.09744169529139075,12.718177246770306,0.24585382182900262
2025-09-10,KXGDPYEAR-27,2026-08-05,2.0076383085144998,1.8,1.8,0.37400640422233034,2.898797807861639,0.6732893756761689
2025-09-10,KXGDPYEAR-28,2026-08-04,2.4731462188993745,2.3,2.3,0.1400696034980221,-0.34308140549094945,2.8598708587524024
2025-09-10,KXGDPYEAR-29,2026-08-04,2.3444515498705965,2.3,2.8,0.03264685533572642,-0.4834652040264813,2.997886909329589
2025-09-10,KXGDPYEAR-30,2026-08-05,2.53,2.3,2.3,0.20390070921985817,-0.3831493711206555,2.1596999999999995
2025-09-10,KXGDPYEAR-31,2026-08-04,2.248014310493019,2.3,2.8,-0.037566168275753146,-0.7012489658312346,2.719168761277071
2025-09-10,KXGDPYEAR-32,2026-08-04,2.675002825369558,2.3,1.8,0.23810070525900007,-1.1546447091476657,3.45779719496512
2025-09-10,KXGDPYEAR-33,2026-08-05,2.8592210044753155,2.3,2.3,0.3689059934043657,-1.0555602215262991,3.4287871306045083
2025-09-10,KXGDPYEAR-34,2026-08-05,2.3636376657707103,2.3,0.1,0.04455795922498969,-0.6997330658180774,3.1110572835108945
2025-09-10,KXGDPYEAR-35,2026-08-04,2.749826891591256,2.8,1.8,-0.03218786147859579,-1.1621044533643832,3.3473672445211338
2025-09-10,KXGDPYEAR-36,2026-08-04,2.695242416882835,2.3,0.1,0.24894730630532177,-1.127603469239581,3.5316813541751007
2025-09-11,KXGDPYEAR-25,2026-02-20,1.6862123613312203,1.8,1.3,-0.18884797475013154,2.9551088284554305,0.763027016709321
2025-09-11,KXGDPYEAR-26,2026-08-05,2.314779095176201,2.3,2.3,0.09744169529139075,12.718177246770306,0.24585382182900262
2025-09-11,KXGDPYEAR-27,2026-08-05,2.0076383085144998,1.8,1.8,0.37400640422233034,2.898797807861639,0.6732893756761689
2025-09-11,KXGDPYEAR-28,2026-08-04,2.4731462188993745,2.3,2.3,0.1400696034980221,-0.34308140549094945,2.8598708587524024
2025-09-11,KXGDPYEAR-29,2026-08-04,2.3444515498705965,2.3,2.8,0.03264685533572642,-0.4834652040264813,2.997886909329589
2025-09-11,KXGDPYEAR-30,2026-08-05,2.53,2.3,2.3,0.20390070921985817,-0.3831493711206555,2.1596999999999995
2025-09-11,KXGDPYEAR-31,2026-08-04,2.248014310493019,2.3,2.8,-0.037566168275753146,-0.7012489658312346,2.719168761277071
2025-09-11,KXGDPYEAR-32,2026-08-04,2.675002825369558,2.3,1.8,0.23810070525900007,-1.1546447091476657,3.45779719496512
2025-09-11,KXGDPYEAR-33,2026-08-05,2.8592210044753155,2.3,2.3,0.3689059934043657,-1.0555602215262991,3.4287871306045083
2025-09-11,KXGDPYEAR-34,2026-08-05,2.3636376657707103,2.3,0.1,0.04455795922498969,-0.6997330658180774,3.1110572835108945
2025-09-11,KXGDPYEAR-35,2026-08-04,2.749826891591256,2.8,1.8,-0.03218786147859579,-1.1621044533643832,3.3473672445211338
2025-09-11,KXGDPYEAR-36,2026-08-04,2.695242416882835,2.3,0.1,0.24894730630532177,-1.127603469239581,3.5316813541751007
2025-09-12,KXGDPYEAR-25,2026-02-20,1.728000876475893,1.8,1.3,-0.12551642268204818,3.3377658935548444,0.7150971041565929
2025-09-12,KXGDPYEAR-26,2026-08-05,2.314779095176201,2.3,2.3,0.09744169529139075,12.718177246770306,0.24585382182900262
2025-09-12,KXGDPYEAR-27,2026-08-05,2.0076383085144998,1.8,1.8,0.37400640422233034,2.898797807861639,0.6732893756761689
2025-09-12,KXGDPYEAR-28,2026-08-04,2.4731462188993745,2.3,2.3,0.1400696034980221,-0.34308140549094945,2.8598708587524024
2025-09-12,KXGDPYEAR-29,2026-08-04,2.3444515498705965,2.3,2.8,0.03264685533572642,-0.4834652040264813,2.997886909329589
2025-09-12,KXGDPYEAR-30,2026-08-05,2.53,2.3,2.3,0.20390070921985817,-0.3831493711206555,2.1596999999999995
2025-09-12,KXGDPYEAR-31,2026-08-04,2.248014310493019,2.3,2.8,-0.037566168275753146,-0.7012489658312346,2.719168761277071
2025-09-12,KXGDPYEAR-32,2026-08-04,2.675002825369558,2.3,1.8,0.23810070525900007,-1.1546447091476657,3.45779719496512
2025-09-12,KXGDPYEAR-33,2026-08-05,2.8592210044753155,2.3,2.3,0.3689059934043657,-1.0555602215262991,3.4287871306045083
2025-09-12,KXGDPYEAR-34,2026-08-05,2.3636376657707103,2.3,0.1,0.04455795922498969,-0.6997330658180774,3.1110572835108945
2025-09-12,KXGDPYEAR-35,2026-08-04,2.749826891591256,2.8,1.8,-0.03218786147859579,-1.1621044533643832,3.3473672445211338
2025-09-12,KXGDPYEAR-36,2026-08-04,2.695242416882835,2.3,0.1,0.24894730630532177,-1.127603469239581,3.5316813541751007
2025-09-13,KXGDPYEAR-25,2026-02-20,1.728000876475893,1.8,1.3,-0.12551642268204818,3.3377658935548444,0.7150971041565929
2025-09-13,KXGDPYEAR-26,2026-08-05,2.314779095176201,2.3,2.3,0.09744169529139075,12.718177246770306,0.24585382182900262
2025-09-13,KXGDPYEAR-27,2026-08-05,2.0076383085144998,1.8,1.8,0.37400640422233034,2.898797807861639,0.6732893756761689
2025-09-13,KXGDPYEAR-28,2026-08-04,2.4731462188993745,2.3,2.3,0.1400696034980221,-0.34308140549094945,2.8598708587524024
2025-09-13,KXGDPYEAR-29,2026-08-04,2.3444515498705965,2.3,2.8,0.03264685533572642,-0.4834652040264813,2.997886909329589
2025-09-13,KXGDPYEAR-30,2026-08-05,2.53,2.3,2.3,0.20390070921985817,-0.3831493711206555,2.1596999999999995
2025-09-13,KXGDPYEAR-31,2026-08-04,2.248014310493019,2.3,2.8,-0.037566168275753146,-0.7012489658312346,2.719168761277071
2025-09-13,KXGDPYEAR-32,2026-08-04,2.675002825369558,2.3,1.8,0.23810070525900007,-1.1546447091476657,3.45779719496512
2025-09-13,KXGDPYEAR-33,2026-08-05,2.8592210044753155,2.3,2.3,0.3689059934043657,-1.0555602215262991,3.4287871306045083
2025-09-13,KXGDPYEAR-34,2026-08-05,2.3636376657707103,2.3,0.1,0.04455795922498969,-0.6997330658180774,3.1110572835108945
2025-09-13,KXGDPYEAR-35,2026-08-04,2.749826891591256,2.8,1.8,-0.03218786147859579,-1.1621044533643832,3.3473672445211338
2025-09-13,KXGDPYEAR-36,2026-08-04,2.695242416882835,2.3,0.1,0.24894730630532177,-1.127603469239581,3.5316813541751007
2025-09-14,KXGDPYEAR-25,2026-02-20,1.7365210888680687,1.8,1.3,-0.11038106967345432,3.2192129077760754,0.725613288054155
2025-09-14,KXGDPYEAR-26,2026-08-05,2.314779095176201,2.3,2.3,0.09744169529139075,12.718177246770306,0.24585382182900262
2025-09-14,KXGDPYEAR-27,2026-08-05,2.0076383085144998,1.8,1.8,0.37400640422233034,2.898797807861639,0.6732893756761689
2025-09-14,KXGDPYEAR-28,2026-08-04,2.4731462188993745,2.3,2.3,0.1400696034980221,-0.34308140549094945,2.8598708587524024
2025-09-14,KXGDPYEAR-29,2026-08-04,2.3444515498705965,2.3,2.8,0.03264685533572642,-0.4834652040264813,2.997886909329589
2025-09-14,KXGDPYEAR-30,2026-08-05,2.53,2.3,2.3,0.20390070921985817,-0.3831493711206555,2.1596999999999995
2025-09-14,KXGDPYEAR-31,2026-08-04,2.248014310493019,2.3,2.8,-0.037566168275753146,-0.7012489658312346,2.719168761277071
2025-09-14,KXGDPYEAR-32,2026-08-04,2.675002825369558,2.3,1.8,0.23810070525900007,-1.1546447091476657,3.45779719496512
2025-09-14,KXGDPYEAR-33,2026-08-05,2.8592210044753155,2.3,2.3,0.3689059934043657,-1.0555602215262991,3.4287871306045083
2025-09-14,KXGDPYEAR-34,2026-08-05,2.3636376657707103,2.3,0.1,0.04455795922498969,-0.6997330658180774,3.1110572835108945
2025-09-14,KXGDPYEAR-35,2026-08-04,2.749826891591256,2.8,1.8,-0.03218786147859579,-1.1621044533643832,3.3473672445211338
2025-09-14,KXGDPYEAR-36,2026-08-04,2.695242416882835,2.3,0.1,0.24894730630532177,-1.127603469239581,3.5316813541751007
2025-09-15,KXGDPYEAR-25,2026-02-20,1.7365210888680687,1.8,1.3,-0.11038106967345432,3.2192129077760754,0.725613288054155
2025-09-15,KXGDPYEAR-26,2026-08-05,2.314779095176201,2.3,2.3,0.09744169529139075,12.718177246770306,0.24585382182900262
2025-09-15,KXGDPYEAR-27,2026-08-05,2.0076383085144998,1.8,1.8,0.37400640422233034,2.898797807861639,0.6732893756761689
2025-09-15,KXGDPYEAR-28,2026-08-04,2.4731462188993745,2.3,2.3,0.1400696034980221,-0.34308140549094945,2.8598708587524024
2025-09-15,KXGDPYEAR-29,2026-08-04,2.3444515498705965,2.3,2.8,0.03264685533572642,-0.4834652040264813,2.997886909329589
2025-09-15,KXGDPYEAR-30,2026-08-05,2.53,2.3,2.3,0.20390070921985817,-0.3831493711206555,2.1596999999999995
2025-09-15,KXGDPYEAR-31,2026-08-04,2.248014310493019,2.3,2.8,-0.037566168275753146,-0.7012489658312346,2.719168761277071
2025-09-15,KXGDPYEAR-32,2026-08-04,2.675002825369558,2.3,1.8,0.23810070525900007,-1.1546447091476657,3.45779719496512
2025-09-15,KXGDPYEAR-33,2026-08-05,2.8592210044753155,2.3,2.3,0.3689059934043657,-1.0555602215262991,3.4287871306045083
2025-09-15,KXGDPYEAR-34,2026-08-05,2.3636376657707103,2.3,0.1,0.04455795922498969,-0.6997330658180774,3.1110572835108945
2025-09-15,KXGDPYEAR-35,2026-08-04,2.749826891591256,2.8,1.8,-0.03218786147859579,-1.1621044533643832,3.3473672445211338
2025-09-15,KXGDPYEAR-36,2026-08-04,2.695242416882835,2.3,0.1,0.24894730630532177,-1.127603469239581,3.5316813541751007
2025-09-16,KXGDPYEAR-25,2026-02-20,1.7251603229864783,1.8,1.8,-0.1451845781628033,4.536908916061556,0.638747419989986
2025-09-16,KXGDPYEAR-26,2026-08-05,2.314779095176201,2.3,2.3,0.09744169529139075,12.718177246770306,0.24585382182900262
2025-09-16,KXGDPYEAR-27,2026-08-05,2.0076383085144998,1.8,1.8,0.37400640422233034,2.898797807861639,0.6732893756761689
2025-09-16,KXGDPYEAR-28,2026-08-04,2.4731462188993745,2.3,2.3,0.1400696034980221,-0.34308140549094945,2.8598708587524024
2025-09-16,KXGDPYEAR-29,2026-08-04,2.3444515498705965,2.3,2.8,0.03264685533572642,-0.4834652040264813,2.997886909329589
2025-09-16,KXGDPYEAR-30,2026-08-05,2.53,2.3,2.3,0.20390070921985817,-0.3831493711206555,2.1596999999999995
2025-09-16,KXGDPYEAR-31,2026-08-04,2.248014310493019,2.3,2.8,-0.037566168275753146,-0.7012489658312346,2.719168761277071
2025-09-16,KXGDPYEAR-32,2026-08-04,2.675002825369558,2.3,1.8,0.23810070525900007,-1.1546447091476657,3.45779719496512
2025-09-16,KXGDPYEAR-33,2026-08-05,2.8592210044753155,2.3,2.3,0.3689059934043657,-1.0555602215262991,3.4287871306045083
2025-09-16,KXGDPYEAR-34,2026-08-05,2.3636376657707103,2.3,0.1,0.04455795922498969,-0.6997330658180774,3.1110572835108945
2025-09-16,KXGDPYEAR-35,2026-08-04,2.749826891591256,2.8,1.8,-0.03218786147859579,-1.1621044533643832,3.3473672445211338
2025-09-16,KXGDPYEAR-36,2026-08-04,2.695242416882835,2.3,0.1,0.24894730630532177,-1.127603469239581,3.5316813541751007
2025-09-17,KXGDPYEAR-25,2026-02-20,1.7223919236784122,1.8,1.8,-0.15298950124124114,4.709917277890782,0.6245986439873288
2025-09-17,KXGDPYEAR-26,2026-08-05,2.314779095176201,2.3,2.3,0.09744169529139075,12.718177246770306,0.24585382182900262
2025-09-17,KXGDPYEAR-27,2026-08-05,2.0076383085144998,1.8,1.8,0.37400640422233034,2.898797807861639,0.6732893756761689
2025-09-17,KXGDPYEAR-28,2026-08-04,2.4731462188993745,2.3,2.3,0.1400696034980221,-0.34308140549094945,2.8598708587524024
2025-09-17,KXGDPYEAR-29,2026-08-04,2.3444515498705965,2.3,2.8,0.03264685533572642,-0.4834652040264813,2.997886909329589
2025-09-17,KXGDPYEAR-30,2026-08-05,2.53,2.3,2.3,0.20390070921985817,-0.3831493711206555,2.1596999999999995
2025-09-17,KXGDPYEAR-31,2026-08-04,2.248014310493019,2.3,2.8,-0.037566168275753146,-0.7012489658312346,2.719168761277071
2025-09-17,KXGDPYEAR-32,2026-08-04,2.675002825369558,2.3,1.8,0.23810070525900007,-1.1546447091476657,3.45779719496512
2025-09-17,KXGDPYEAR-33,2026-08-05,2.8592210044753155,2.3,2.3,0.3689059934043657,-1.0555602215262991,3.4287871306045083
2025-09-17,KXGDPYEAR-34,2026-08-05,2.3636376657707103,2.3,0.1,0.04455795922498969,-0.6997330658180774,3.1110572835108945
2025-09-17,KXGDPYEAR-35,2026-08-04,2.749826891591256,2.8,1.8,-0.03218786147859579,-1.1621044533643832,3.3473672445211338
2025-09-17,KXGDPYEAR-36,2026-08-04,2.695242416882835,2.3,0.1,0.24894730630532177,-1.127603469239581,3.5316813541751007
2025-09-18,KXGDPYEAR-25,2026-02-20,1.7249603642451734,1.8,1.8,-0.1529895012412414,4.946507833651602,0.6041202764003398
2025-09-18,KXGDPYEAR-26,2026-08-05,2.314779095176201,2.3,2.3,0.09744169529139075,12.718177246770306,0.24585382182900262
2025-09-18,KXGDPYEAR-27,2026-08-05,2.0076383085144998,1.8,1.8,0.37400640422233034,2.898797807861639,0.6732893756761689
2025-09-18,KXGDPYEAR-28,2026-08-04,2.4731462188993745,2.3,2.3,0.1400696034980221,-0.34308140549094945,2.8598708587524024
2025-09-18,KXGDPYEAR-29,2026-08-04,2.3444515498705965,2.3,2.8,0.03264685533572642,-0.4834652040264813,2.997886909329589
2025-09-18,KXGDPYEAR-30,2026-08-05,2.53,2.3,2.3,0.20390070921985817,-0.3831493711206555,2.1596999999999995
2025-09-18,KXGDPYEAR-31,2026-08-04,2.248014310493019,2.3,2.8,-0.037566168275753146,-0.7012489658312346,2.719168761277071
2025-09-18,KXGDPYEAR-32,2026-08-04,2.675002825369558,2.3,1.8,0.23810070525900007,-1.1546447091476657,3.45779719496512
2025-09-18,KXGDPYEAR-33,2026-08-05,2.8592210044753155,2.3,2.3,0.3689059934043657,-1.0555602215262991,3.4287871306045083
2025-09-18,KXGDPYEAR-34,2026-08-05,2.3636376657707103,2.3,0.1,0.04455795922498969,-0.6997330658180774,3.1110572835108945
2025-09-18,KXGDPYEAR-35,2026-08-04,2.749826891591256,2.8,1.8,-0.03218786147859579,-1.1621044533643832,3.3473672445211338
2025-09-18,KXGDPYEAR-36,2026-08-04,2.695242416882835,2.3,0.1,0.24894730630532177,-1.127603469239581,3.5316813541751007
2025-09-19,KXGDPYEAR-25,2026-02-20,1.7548897385046567,1.8,1.8,-0.0918772859615718,4.689064682651854,0.5889921365856369
2025-09-19,KXGDPYEAR-26,2026-08-05,2.314779095176201,2.3,2.3,0.09744169529139075,12.718177246770306,0.24585382182900262
2025-09-19,KXGDPYEAR-27,2026-08-05,2.0076383085144998,1.8,1.8,0.37400640422233034,2.898797807861639,0.6732893756761689
2025-09-19,KXGDPYEAR-28,2026-08-04,2.4731462188993745,2.3,2.3,0.1400696034980221,-0.34308140549094945,2.8598708587524024
2025-09-19,KXGDPYEAR-29,2026-08-04,2.3444515498705965,2.3,2.8,0.03264685533572642,-0.4834652040264813,2.997886909329589
2025-09-19,KXGDPYEAR-30,2026-08-05,2.53,2.3,2.3,0.20390070921985817,-0.3831493711206555,2.1596999999999995
2025-09-19,KXGDPYEAR-31,2026-08-04,2.248014310493019,2.3,2.8,-0.037566168275753146,-0.7012489658312346,2.719168761277071
2025-09-19,KXGDPYEAR-32,2026-08-04,2.675002825369558,2.3,1.8,0.23810070525900007,-1.1546447091476657,3.45779719496512
2025-09-19,KXGDPYEAR-33,2026-08-05,2.8592210044753155,2.3,2.3,0.3689059934043657,-1.0555602215262991,3.4287871306045083
2025-09-19,KXGDPYEAR-34,2026-08-05,2.3636376657707103,2.3,0.1,0.04455795922498969,-0.6997330658180774,3.1110572835108945
2025-09-19,KXGDPYEAR-35,2026-08-04,2.749826891591256,2.8,1.8,-0.03218786147859579,-1.1621044533643832,3.3473672445211338
2025-09-19,KXGDPYEAR-36,2026-08-04,2.695242416882835,2.3,0.1,0.24894730630532177,-1.127603469239581,3.5316813541751007
2025-09-20,KXGDPYEAR-25,2026-02-20,1.7548897385046567,1.8,1.8,-0.0918772859615718,4.689064682651854,0.5889921365856369
2025-09-20,KXGDPYEAR-26,2026-08-05,2.314779095176201,2.3,2.3,0.09744169529139075,12.718177246770306,0.24585382182900262
2025-09-20,KXGDPYEAR-27,2026-08-05,2.0076383085144998,1.8,1.8,0.37400640422233034,2.898797807861639,0.6732893756761689
2025-09-20,KXGDPYEAR-28,2026-08-04,2.4731462188993745,2.3,2.3,0.1400696034980221,-0.34308140549094945,2.8598708587524024
2025-09-20,KXGDPYEAR-29,2026-08-04,2.3444515498705965,2.3,2.8,0.03264685533572642,-0.4834652040264813,2.997886909329589
2025-09-20,KXGDPYEAR-30,2026-08-05,2.53,2.3,2.3,0.20390070921985817,-0.3831493711206555,2.1596999999999995
2025-09-20,KXGDPYEAR-31,2026-08-04,2.248014310493019,2.3,2.8,-0.037566168275753146,-0.7012489658312346,2.719168761277071
2025-09-20,KXGDPYEAR-32,2026-08-04,2.675002825369558,2.3,1.8,0.23810070525900007,-1.1546447091476657,3.45779719496512
2025-09-20,KXGDPYEAR-33,2026-08-05,2.8592210044753155,2.3,2.3,0.3689059934043657,-1.0555602215262991,3.4287871306045083
2025-09-20,KXGDPYEAR-34,2026-08-05,2.3636376657707103,2.3,0.1,0.04455795922498969,-0.6997330658180774,3.1110572835108945
2025-09-20,KXGDPYEAR-35,2026-08-04,2.749826891591256,2.8,1.8,-0.03218786147859579,-1.1621044533643832,3.3473672445211338
2025-09-20,KXGDPYEAR-36,2026-08-04,2.695242416882835,2.3,0.1,0.24894730630532177,-1.127603469239581,3.5316813541751007
2025-09-21,KXGDPYEAR-25,2026-02-20,1.7548897385046567,1.8,1.8,-0.0918772859615718,4.689064682651854,0.5889921365856369
2025-09-21,KXGDPYEAR-26,2026-08-05,2.314779095176201,2.3,2.3,0.09744169529139075,12.718177246770306,0.24585382182900262
2025-09-21,KXGDPYEAR-27,2026-08-05,2.0076383085144998,1.8,1.8,0.37400640422233034,2.898797807861639,0.6732893756761689
2025-09-21,KXGDPYEAR-28,2026-08-04,2.4731462188993745,2.3,2.3,0.1400696034980221,-0.34308140549094945,2.8598708587524024
2025-09-21,KXGDPYEAR-29,2026-08-04,2.3444515498705965,2.3,2.8,0.03264685533572642,-0.4834652040264813,2.997886909329589
2025-09-21,KXGDPYEAR-30,2026-08-05,2.53,2.3,2.3,0.20390070921985817,-0.3831493711206555,2.1596999999999995
2025-09-21,KXGDPYEAR-31,2026-08-04,2.248014310493019,2.3,2.8,-0.037566168275753146,-0.7012489658312346,2.719168761277071
2025-09-21,KXGDPYEAR-32,2026-08-04,2.675002825369558,2.3,1.8,0.23810070525900007,-1.1546447091476657,3.45779719496512
2025-09-21,KXGDPYEAR-33,2026-08-05,2.8592210044753155,2.3,2.3,0.3689059934043657,-1.0555602215262991,3.4287871306045083
2025-09-21,KXGDPYEAR-34,2026-08-05,2.3636376657707103,2.3,0.1,0.04455795922498969,-0.6997330658180774,3.1110572835108945
2025-09-21,KXGDPYEAR-35,2026-08-04,2.749826891591256,2.8,1.8,-0.03218786147859579,-1.1621044533643832,3.3473672445211338
2025-09-21,KXGDPYEAR-36,2026-08-04,2.695242416882835,2.3,0.1,0.24894730630532177,-1.127603469239581,3.5316813541751007
2025-09-22,KXGDPYEAR-25,2026-02-20,1.7263950892857145,1.8,1.8,-0.15037622558333977,4.977907341114712,0.5925417665235039
2025-09-22,KXGDPYEAR-26,2026-08-05,2.314779095176201,2.3,2.3,0.09744169529139075,12.718177246770306,0.24585382182900262
2025-09-22,KXGDPYEAR-27,2026-08-05,2.0076383085144998,1.8,1.8,0.37400640422233034,2.898797807861639,0.6732893756761689
2025-09-22,KXGDPYEAR-28,2026-08-04,2.4731462188993745,2.3,2.3,0.1400696034980221,-0.34308140549094945,2.8598708587524024
2025-09-22,KXGDPYEAR-29,2026-08-04,2.3444515498705965,2.3,2.8,0.03264685533572642,-0.4834652040264813,2.997886909329589
2025-09-22,KXGDPYEAR-30,2026-08-05,2.53,2.3,2.3,0.20390070921985817,-0.3831493711206555,2.1596999999999995
2025-09-22,KXGDPYEAR-31,2026-08-04,2.248014310493019,2.3,2.8,-0.037566168275753146,-0.7012489658312346,2.719168761277071
2025-09-22,KXGDPYEAR-32,2026-08-04,2.675002825369558,2.3,1.8,0.23810070525900007,-1.1546447091476657,3.45779719496512
2025-09-22,KXGDPYEAR-33,2026-08-05,2.8592210044753155,2.3,2.3,0.3689059934043657,-1.0555602215262991,3.4287871306045083
2025-09-22,KXGDPYEAR-34,2026-08-05,2.3636376657707103,2.3,0.1,0.04455795922498969,-0.6997330658180774,3.1110572835108945
2025-09-22,KXGDPYEAR-35,2026-08-04,2.749826891591256,2.8,1.8,-0.03218786147859579,-1.1621044533643832,3.3473672445211338
2025-09-22,KXGDPYEAR-36,2026-08-04,2.695242416882835,2.3,0.1,0.24894730630532177,-1.127603469239581,3.5316813541751007
2025-09-23,KXGDPYEAR-25,2026-02-20,1.7339285714285715,1.8,1.8,-0.13503649635036494,4.863013398128989,0.5997417091836733
2025-09-23,KXGDPYEAR-26,2026-08-05,2.314779095176201,2.3,2.3,0.09744169529139075,12.718177246770306,0.24585382182900262
2025-09-23,KXGDPYEAR-27,2026-08-05,2.0076383085144998,1.8,1.8,0.37400640422233034,2.898797807861639,0.6732893756761689
2025-09-23,KXGDPYEAR-28,2026-08-04,2.4731462188993745,2.3,2.3,0.1400696034980221,-0.34308140549094945,2.8598708587524024
2025-09-23,KXGDPYEAR-29,2026-08-04,2.3444515498705965,2.3,2.8,0.03264685533572642,-0.4834652040264813,2.997886909329589
2025-09-23,KXGDPYEAR-30,2026-08-05,2.53,2.3,2.3,0.20390070921985817,-0.3831493711206555,2.1596999999999995
2025-09-23,KXGDPYEAR-31,2026-08-04,2.248014310493019,2.3,2.8,-0.037566168275753146,-0.7012489658312346,2.719168761277071
2025-09-23,KXGDPYEAR-32,2026-08-04,2.675002825369558,2.3,1.8,0.23810070525900007,-1.1546447091476657,3.45779719496512
2025-09-23,KXGDPYEAR-33,2026-08-05,2.8592210044753155,2.3,2.3,0.3689059934043657,-1.0555602215262991,3.4287871306045083
2025-09-23,KXGDPYEAR-34,2026-08-05,2.3636376657707103,2.3,0.1,0.04455795922498969,-0.6997330658180774,3.1110572835108945
2025-09-23,KXGDPYEAR-35,2026-08-04,2.749826891591256,2.8,1.8,-0.03218786147859579,-1.1621044533643832,3.3473672445211338
2025-09-23,KXGDPYEAR-36,2026-08-04,2.695242416882835,2.3,0.1,0.24894730630532177,-1.127603469239581,3.5316813541751007
2025-09-24,KXGDPYEAR-25,2026-02-20,1.733009708737864,1.8,1.3,-0.1270718232044202,4.2854635383709425,0.6499783202940898
2025-09-24,KXGDPYEAR-26,2026-08-05,2.314779095176201,2.3,2.3,0.09744169529139075,12.718177246770306,0.24585382182900262
2025-09-24,KXGDPYEAR-27,2026-08-05,2.0076383085144998,1.8,1.8,0.37400640422233034,2.898797807861639,0.6732893756761689
2025-09-24,KXGDPYEAR-28,2026-08-04,2.4731462188993745,2.3,2.3,0.1400696034980221,-0.34308140549094945,2.8598708587524024
2025-09-24,KXGDPYEAR-29,2026-08-04,2.3444515498705965,2.3,2.8,0.03264685533572642,-0.4834652040264813,2.997886909329589
2025-09-24,KXGDPYEAR-30,2026-08-05,2.53,2.3,2.3,0.20390070921985817,-0.3831493711206555,2.1596999999999995
2025-09-24,KXGDPYEAR-31,2026-08-04,2.248014310493019,2.3,2.8,-0.037566168275753146,-0.7012489658312346,2.719168761277071
2025-09-24,KXGDPYEAR-32,2026-08-04,2.675002825369558,2.3,1.8,0.23810070525900007,-1.1546447091476657,3.45779719496512
2025-09-24,KXGDPYEAR-33,2026-08-05,2.8592210044753155,2.3,2.3,0.3689059934043657,-1.0555602215262991,3.4287871306045083
2025-09-24,KXGDPYEAR-34,2026-08-05,2.3636376657707103,2.3,0.1,0.04455795922498969,-0.6997330658180774,3.1110572835108945
2025-09-24,KXGDPYEAR-35,2026-08-04,2.749826891591256,2.8,1.8,-0.03218786147859579,-1.1621044533643832,3.3473672445211338
2025-09-24,KXGDPYEAR-36,2026-08-04,2.695242416882835,2.3,0.1,0.24894730630532177,-1.127603469239581,3.5316813541751007
2025-09-25,KXGDPYEAR-25,2026-02-20,1.9416668480665493,1.8,1.8,0.346231255350218,6.155838594711675,0.4874904610264935
2025-09-25,KXGDPYEAR-26,2026-08-05,2.314779095176201,2.3,2.3,0.09744169529139075,12.718177246770306,0.24585382182900262
2025-09-25,KXGDPYEAR-27,2026-08-05,2.0076383085144998,1.8,1.8,0.37400640422233034,2.898797807861639,0.6732893756761689
2025-09-25,KXGDPYEAR-28,2026-08-04,2.4731462188993745,2.3,2.3,0.1400696034980221,-0.34308140549094945,2.8598708587524024
2025-09-25,KXGDPYEAR-29,2026-08-04,2.3444515498705965,2.3,2.8,0.03264685533572642,-0.4834652040264813,2.997886909329589
2025-09-25,KXGDPYEAR-30,2026-08-05,2.53,2.3,2.3,0.20390070921985817,-0.3831493711206555,2.1596999999999995
2025-09-25,KXGDPYEAR-31,2026-08-04,2.248014310493019,2.3,2.8,-0.037566168275753146,-0.7012489658312346,2.719168761277071
2025-09-25,KXGDPYEAR-32,2026-08-04,2.675002825369558,2.3,1.8,0.23810070525900007,-1.1546447091476657,3.45779719496512
2025-09-25,KXGDPYEAR-33,2026-08-05,2.8592210044753155,2.3,2.3,0.3689059934043657,-1.0555602215262991,3.4287871306045083
2025-09-25,KXGDPYEAR-34,2026-08-05,2.3636376657707103,2.3,0.1,0.04455795922498969,-0.6997330658180774,3.1110572835108945
2025-09-25,KXGDPYEAR-35,2026-08-04,2.749826891591256,2.8,1.8,-0.03218786147859579,-1.1621044533643832,3.3473672445211338
2025-09-25,KXGDPYEAR-36,2026-08-04,2.695242416882835,2.3,0.1,0.24894730630532177,-1.127603469239581,3.5316813541751007
2025-09-26,KXGDPYEAR-25,2026-02-20,1.9667832425747707,1.8,1.8,0.35614806442599706,4.256132079788919,0.567924046250662
2025-09-26,KXGDPYEAR-26,2026-08-05,2.314779095176201,2.3,2.3,0.09744169529139075,12.718177246770306,0.24585382182900262
2025-09-26,KXGDPYEAR-27,2026-08-05,2.0076383085144998,1.8,1.8,0.37400640422233034,2.898797807861639,0.6732893756761689
2025-09-26,KXGDPYEAR-28,2026-08-04,2.4731462188993745,2.3,2.3,0.1400696034980221,-0.34308140549094945,2.8598708587524024
2025-09-26,KXGDPYEAR-29,2026-08-04,2.3444515498705965,2.3,2.8,0.03264685533572642,-0.4834652040264813,2.997886909329589
2025-09-26,KXGDPYEAR-30,2026-08-05,2.53,2.3,2.3,0.20390070921985817,-0.3831493711206555,2.1596999999999995
2025-09-26,KXGDPYEAR-31,2026-08-04,2.248014310493019,2.3,2.8,-0.037566168275753146,-0.7012489658312346,2.719168761277071
2025-09-26,KXGDPYEAR-32,2026-08-04,2.675002825369558,2.3,1.8,0.23810070525900007,-1.1546447091476657,3.45779719496512
2025-09-26,KXGDPYEAR-33,2026-08-05,2.8592210044753155,2.3,2.3,0.3689059934043657,-1.0555602215262991,3.4287871306045083
2025-09-26,KXGDPYEAR-34,2026-08-05,2.3636376657707103,2.3,0.1,0.04455795922498969,-0.6997330658180774,3.1110572835108945
2025-09-26,KXGDPYEAR-35,2026-08-04,2.749826891591256,2.8,1.8,-0.03218786147859579,-1.1621044533643832,3.3473672445211338
2025-09-26,KXGDPYEAR-36,2026-08-04,2.695242416882835,2.3,0.1,0.24894730630532177,-1.127603469239581,3.5316813541751007
2025-09-27,KXGDPYEAR-25,2026-02-20,1.97094954851113,1.8,1.8,0.35614806442599717,4.08340132208867,0.5813987669450069
2025-09-27,KXGDPYEAR-26,2026-08-05,2.314779095176201,2.3,2.3,0.09744169529139075,12.718177246770306,0.24585382182900262
2025-09-27,KXGDPYEAR-27,2026-08-05,2.0076383085144998,1.8,1.8,0.37400640422233034,2.898797807861639,0.6732893756761689
2025-09-27,KXGDPYEAR-28,2026-08-04,2.4731462188993745,2.3,2.3,0.1400696034980221,-0.34308140549094945,2.8598708587524024
2025-09-27,KXGDPYEAR-29,2026-08-04,2.3444515498705965,2.3,2.8,0.03264685533572642,-0.4834652040264813,2.997886909329589
2025-09-27,KXGDPYEAR-30,2026-08-05,2.53,2.3,2.3,0.20390070921985817,-0.3831493711206555,2.1596999999999995
2025-09-27,KXGDPYEAR-31,2026-08-04,2.248014310493019,2.3,2.8,-0.037566168275753146,-0.7012489658312346,2.719168761277071
2025-09-27,KXGDPYEAR-32,2026-08-04,2.675002825369558,2.3,1.8,0.23810070525900007,-1.1546447091476657,3.45779719496512
2025-09-27,KXGDPYEAR-33,2026-08-05,2.8592210044753155,2.3,2.3,0.3689059934043657,-1.0555602215262991,3.4287871306045083
2025-09-27,KXGDPYEAR-34,2026-08-05,2.3636376657707103,2.3,0.1,0.04455795922498969,-0.6997330658180774,3.1110572835108945
2025-09-27,KXGDPYEAR-35,2026-08-04,2.749826891591256,2.8,1.8,-0.03218786147859579,-1.1621044533643832,3.3473672445211338
2025-09-27,KXGDPYEAR-36,2026-08-04,2.695242416882835,2.3,0.1,0.24894730630532177,-1.127603469239581,3.5316813541751007
2025-09-28,KXGDPYEAR-25,2026-02-20,1.97094954851113,1.8,1.8,0.35614806442599717,4.08340132208867,0.5813987669450069
2025-09-28,KXGDPYEAR-26,2026-08-05,2.314779095176201,2.3,2.3,0.09744169529139075,12.718177246770306,0.24585382182900262
2025-09-28,KXGDPYEAR-27,2026-08-05,2.0076383085144998,1.8,1.8,0.37400640422233034,2.898797807861639,0.6732893756761689
2025-09-28,KXGDPYEAR-28,2026-08-04,2.4731462188993745,2.3,2.3,0.1400696034980221,-0.34308140549094945,2.8598708587524024
2025-09-28,KXGDPYEAR-29,2026-08-04,2.3444515498705965,2.3,2.8,0.03264685533572642,-0.4834652040264813,2.997886909329589
2025-09-28,KXGDPYEAR-30,2026-08-05,2.53,2.3,2.3,0.20390070921985817,-0.3831493711206555,2.1596999999999995
2025-09-28,KXGDPYEAR-31,2026-08-04,2.248014310493019,2.3,2.8,-0.037566168275753146,-0.7012489658312346,2.719168761277071
2025-09-28,KXGDPYEAR-32,2026-08-04,2.675002825369558,2.3,1.8,0.23810070525900007,-1.1546447091476657,3.45779719496512
2025-09-28,KXGDPYEAR-33,2026-08-05,2.8592210044753155,2.3,2.3,0.3689059934043657,-1.0555602215262991,3.4287871306045083
2025-09-28,KXGDPYEAR-34,2026-08-05,2.3636376657707103,2.3,0.1,0.04455795922498969,-0.6997330658180774,3.1110572835108945
2025-09-28,KXGDPYEAR-35,2026-08-04,2.749826891591256,2.8,1.8,-0.03218786147859579,-1.1621044533643832,3.3473672445211338
2025-09-28,KXGDPYEAR-36,2026-08-04,2.695242416882835,2.3,0.1,0.24894730630532177,-1.127603469239581,3.5316813541751007
2025-09-29,KXGDPYEAR-25,2026-02-20,1.9754894751021181,1.8,1.8,0.3610581233239729,4.025164709028128,0.5846558846695443
2025-09-29,KXGDPYEAR-26,2026-08-05,2.314779095176201,2.3,2.3,0.09744169529139075,12.718177246770306,0.24585382182900262
2025-09-29,KXGDPYEAR-27,2026-08-05,2.0076383085144998,1.8,1.8,0.37400640422233034,2.898797807861639,0.6732893756761689
2025-09-29,KXGDPYEAR-28,2026-08-04,2.4731462188993745,2.3,2.3,0.1400696034980221,-0.34308140549094945,2.8598708587524024
2025-09-29,KXGDPYEAR-29,2026-08-04,2.3444515498705965,2.3,2.8,0.03264685533572642,-0.4834652040264813,2.997886909329589
2025-09-29,KXGDPYEAR-30,2026-08-05,2.53,2.3,2.3,0.20390070921985817,-0.3831493711206555,2.1596999999999995
2025-09-29,KXGDPYEAR-31,2026-08-04,2.248014310493019,2.3,2.8,-0.037566168275753146,-0.7012489658312346,2.719168761277071
2025-09-29,KXGDPYEAR-32,2026-08-04,2.675002825369558,2.3,1.8,0.23810070525900007,-1.1546447091476657,3.45779719496512
2025-09-29,KXGDPYEAR-33,2026-08-05,2.8592210044753155,2.3,2.3,0.3689059934043657,-1.0555602215262991,3.4287871306045083
2025-09-29,KXGDPYEAR-34,2026-08-05,2.3636376657707103,2.3,0.1,0.04455795922498969,-0.6997330658180774,3.1110572835108945
2025-09-29,KXGDPYEAR-35,2026-08-04,2.749826891591256,2.8,1.8,-0.03218786147859579,-1.1621044533643832,3.3473672445211338
2025-09-29,KXGDPYEAR-36,2026-08-04,2.695242416882835,2.3,0.1,0.24894730630532177,-1.127603469239581,3.5316813541751007
2025-09-30,KXGDPYEAR-25,2026-02-20,1.9815529738854136,1.8,2.3,0.3610581233239733,3.7978421500744552,0.603756023382825
2025-09-30,KXGDPYEAR-26,2026-08-05,2.314779095176201,2.3,2.3,0.09744169529139075,12.718177246770306,0.24585382182900262
2025-09-30,KXGDPYEAR-27,2026-08-05,2.0076383085144998,1.8,1.8,0.37400640422233034,2.898797807861639,0.6732893756761689
2025-09-30,KXGDPYEAR-28,2026-08-04,2.4731462188993745,2.3,2.3,0.1400696034980221,-0.34308140549094945,2.8598708587524024
2025-09-30,KXGDPYEAR-29,2026-08-04,2.3444515498705965,2.3,2.8,0.03264685533572642,-0.4834652040264813,2.997886909329589
2025-09-30,KXGDPYEAR-30,2026-08-05,2.53,2.3,2.3,0.20390070921985817,-0.3831493711206555,2.1596999999999995
2025-09-30,KXGDPYEAR-31,2026-08-04,2.248014310493019,2.3,2.8,-0.037566168275753146,-0.7012489658312346,2.719168761277071
2025-09-30,KXGDPYEAR-32,2026-08-04,2.675002825369558,2.3,1.8,0.23810070525900007,-1.1546447091476657,3.45779719496512
2025-09-30,KXGDPYEAR-33,2026-08-05,2.8592210044753155,2.3,2.3,0.3689059934043657,-1.0555602215262991,3.4287871306045083
2025-09-30,KXGDPYEAR-34,2026-08-05,2.3636376657707103,2.3,0.1,0.04455795922498969,-0.6997330658180774,3.1110572835108945
2025-09-30,KXGDPYEAR-35,2026-08-04,2.749826891591256,2.8,1.8,-0.03218786147859579,-1.1621044533643832,3.3473672445211338
2025-09-30,KXGDPYEAR-36,2026-08-04,2.695242416882835,2.3,0.1,0.24894730630532177,-1.127603469239581,3.5316813541751007
2025-10-01,KXGDPYEAR-25,2026-02-20,1.9474378083247972,1.8,1.8,0.313148912469116,4.223942309959997,0.5617445126996453
2025-10-01,KXGDPYEAR-26,2026-08-05,2.314779095176201,2.3,2.3,0.09744169529139075,12.718177246770306,0.24585382182900262
2025-10-01,KXGDPYEAR-27,2026-08-05,2.0076383085144998,1.8,1.8,0.37400640422233034,2.898797807861639,0.6732893756761689
2025-10-01,KXGDPYEAR-28,2026-08-04,2.4731462188993745,2.3,2.3,0.1400696034980221,-0.34308140549094945,2.8598708587524024
2025-10-01,KXGDPYEAR-29,2026-08-04,2.3444515498705965,2.3,2.8,0.03264685533572642,-0.4834652040264813,2.997886909329589
2025-10-01,KXGDPYEAR-30,2026-08-05,2.53,2.3,2.3,0.20390070921985817,-0.3831493711206555,2.1596999999999995
2025-10-01,KXGDPYEAR-31,2026-08-04,2.248014310493019,2.3,2.8,-0.037566168275753146,-0.7012489658312346,2.719168761277071
2025-10-01,KXGDPYEAR-32,2026-08-04,2.675002825369558,2.3,1.8,0.23810070525900007,-1.1546447091476657,3.45779719496512
2025-10-01,KXGDPYEAR-33,2026-08-05,2.8592210044753155,2.3,2.3,0.3689059934043657,-1.0555602215262991,3.4287871306045083
2025-10-01,KXGDPYEAR-34,2026-08-05,2.3636376657707103,2.3,0.1,0.04455795922498969,-0.6997330658180774,3.1110572835108945
2025-10-01,KXGDPYEAR-35,2026-08-04,2.749826891591256,2.8,1.8,-0.03218786147859579,-1.1621044533643832,3.3473672445211338
2025-10-01,KXGDPYEAR-36,2026-08-04,2.695242416882835,2.3,0.1,0.24894730630532177,-1.127603469239581,3.5316813541751007
2025-10-02,KXGDPYEAR-25,2026-02-20,1.9658261430562243,1.8,1.8,0.32987012987012976,3.722223089264716,0.6109145358047166
2025-10-02,KXGDPYEAR-26,2026-08-05,2.314779095176201,2.3,2.3,0.09744169529139075,12.718177246770306,0.24585382182900262
2025-10-02,KXGDPYEAR-27,2026-08-05,2.0076383085144998,1.8,1.8,0.37400640422233034,2.898797807861639,0.6732893756761689
2025-10-02,KXGDPYEAR-28,2026-08-04,2.4731462188993745,2.3,2.3,0.1400696034980221,-0.34308140549094945,2.8598708587524024
2025-10-02,KXGDPYEAR-29,2026-08-04,2.3444515498705965,2.3,2.8,0.03264685533572642,-0.4834652040264813,2.997886909329589
2025-10-02,KXGDPYEAR-30,2026-08-05,2.53,2.3,2.3,0.20390070921985817,-0.3831493711206555,2.1596999999999995
2025-10-02,KXGDPYEAR-31,2026-08-04,2.248014310493019,2.3,2.8,-0.037566168275753146,-0.7012489658312346,2.719168761277071
2025-10-02,KXGDPYEAR-32,2026-08-04,2.675002825369558,2.3,1.8,0.23810070525900007,-1.1546447091476657,3.45779719496512
2025-10-02,KXGDPYEAR-33,2026-08-05,2.8592210044753155,2.3,2.3,0.3689059934043657,-1.0555602215262991,3.4287871306045083
2025-10-02,KXGDPYEAR-34,2026-08-05,2.3636376657707103,2.3,0.1,0.04455795922498969,-0.6997330658180774,3.1110572835108945
2025-10-02,KXGDPYEAR-35,2026-08-04,2.749826891591256,2.8,1.8,-0.03218786147859579,-1.1621044533643832,3.3473672445211338
2025-10-02,KXGDPYEAR-36,2026-08-04,2.695242416882835,2.3,0.1,0.24894730630532177,-1.127603469239581,3.5316813541751007
2025-10-03,KXGDPYEAR-25,2026-02-20,1.9490311952514188,1.8,1.8,0.29650092081031304,3.715040258592369,0.6064051357316127
2025-10-03,KXGDPYEAR-26,2026-08-05,2.314779095176201,2.3,2.3,0.09744169529139075,12.718177246770306,0.24585382182900262
2025-10-03,KXGDPYEAR-27,2026-08-05,2.0076383085144998,1.8,1.8,0.37400640422233034,2.898797807861639,0.6732893756761689
2025-10-03,KXGDPYEAR-28,2026-08-04,2.4731462188993745,2.3,2.3,0.1400696034980221,-0.34308140549094945,2.8598708587524024
2025-10-03,KXGDPYEAR-29,2026-08-04,2.3444515498705965,2.3,2.8,0.03264685533572642,-0.4834652040264813,2.997886909329589
2025-10-03,KXGDPYEAR-30,2026-08-05,2.53,2.3,2.3,0.20390070921985817,-0.3831493711206555,2.1596999999999995
2025-10-03,KXGDPYEAR-31,2026-08-04,2.248014310493019,2.3,2.8,-0.037566168275753146,-0.7012489658312346,2.719168761277071
2025-10-03,KXGDPYEAR-32,2026-08-04,2.675002825369558,2.3,1.8,0.23810070525900007,-1.1546447091476657,3.45779719496512
2025-10-03,KXGDPYEAR-33,2026-08-05,2.8592210044753155,2.3,2.3,0.3689059934043657,-1.0555602215262991,3.4287871306045083
2025-10-03,KXGDPYEAR-34,2026-08-05,2.3636376657707103,2.3,0.1,0.04455795922498969,-0.6997330658180774,3.1110572835108945
2025-10-03,KXGDPYEAR-35,2026-08-04,2.749826891591256,2.8,1.8,-0.03218786147859579,-1.1621044533643832,3.3473672445211338
2025-10-03,KXGDPYEAR-36,2026-08-04,2.695242416882835,2.3,0.1,0.24894730630532177,-1.127603469239581,3.5316813541751007
2025-10-04,KXGDPYEAR-25,2026-02-20,1.9490311952514188,1.8,1.8,0.29650092081031304,3.715040258592369,0.6064051357316127
2025-10-04,KXGDPYEAR-26,2026-08-05,2.314779095176201,2.3,2.3,0.09744169529139075,12.718177246770306,0.24585382182900262
2025-10-04,KXGDPYEAR-27,2026-08-05,2.0076383085144998,1.8,1.8,0.37400640422233034,2.898797807861639,0.6732893756761689
2025-10-04,KXGDPYEAR-28,2026-08-04,2.4731462188993745,2.3,2.3,0.1400696034980221,-0.34308140549094945,2.8598708587524024
2025-10-04,KXGDPYEAR-29,2026-08-04,2.3444515498705965,2.3,2.8,0.03264685533572642,-0.4834652040264813,2.997886909329589
2025-10-04,KXGDPYEAR-30,2026-08-05,2.53,2.3,2.3,0.20390070921985817,-0.3831493711206555,2.1596999999999995
2025-10-04,KXGDPYEAR-31,2026-08-04,2.248014310493019,2.3,2.8,-0.037566168275753146,-0.7012489658312346,2.719168761277071
2025-10-04,KXGDPYEAR-32,2026-08-04,2.675002825369558,2.3,1.8,0.23810070525900007,-1.1546447091476657,3.45779719496512
2025-10-04,KXGDPYEAR-33,2026-08-05,2.8592210044753155,2.3,2.3,0.3689059934043657,-1.0555602215262991,3.4287871306045083
2025-10-04,KXGDPYEAR-34,2026-08-05,2.3636376657707103,2.3,0.1,0.04455795922498969,-0.6997330658180774,3.1110572835108945
2025-10-04,KXGDPYEAR-35,2026-08-04,2.749826891591256,2.8,1.8,-0.03218786147859579,-1.1621044533643832,3.3473672445211338
2025-10-04,KXGDPYEAR-36,2026-08-04,2.695242416882835,2.3,0.1,0.24894730630532177,-1.127603469239581,3.5316813541751007
2025-10-05,KXGDPYEAR-25,2026-02-20,1.9483016695451925,1.8,1.8,0.29650092081031315,3.74802540244612,0.6035448992084963
2025-10-05,KXGDPYEAR-26,2026-08-05,2.314779095176201,2.3,2.3,0.09744169529139075,12.718177246770306,0.24585382182900262
2025-10-05,KXGDPYEAR-27,2026-08-05,2.0076383085144998,1.8,1.8,0.37400640422233034,2.898797807861639,0.6732893756761689
2025-10-05,KXGDPYEAR-28,2026-08-04,2.4731462188993745,2.3,2.3,0.1400696034980221,-0.34308140549094945,2.8598708587524024
2025-10-05,KXGDPYEAR-29,2026-08-04,2.3444515498705965,2.3,2.8,0.03264685533572642,-0.4834652040264813,2.997886909329589
2025-10-05,KXGDPYEAR-30,2026-08-05,2.53,2.3,2.3,0.20390070921985817,-0.3831493711206555,2.1596999999999995
2025-10-05,KXGDPYEAR-31,2026-08-04,2.248014310493019,2.3,2.8,-0.037566168275753146,-0.7012489658312346,2.719168761277071
2025-10-05,KXGDPYEAR-32,2026-08-04,2.675002825369558,2.3,1.8,0.23810070525900007,-1.1546447091476657,3.45779719496512
2025-10-05,KXGDPYEAR-33,2026-08-05,2.8592210044753155,2.3,2.3,0.3689059934043657,-1.0555602215262991,3.4287871306045083
2025-10-05,KXGDPYEAR-34,2026-08-05,2.3636376657707103,2.3,0.1,0.04455795922498969,-0.6997330658180774,3.1110572835108945
2025-10-05,KXGDPYEAR-35,2026-08-04,2.749826891591256,2.8,1.8,-0.03218786147859579,-1.1621044533643832,3.3473672445211338
2025-10-05,KXGDPYEAR-36,2026-08-04,2.695242416882835,2.3,0.1,0.24894730630532177,-1.127603469239581,3.5316813541751007
2025-10-06,KXGDPYEAR-25,2026-02-20,1.9493685924818454,1.8,2.3,0.29650092081031304,3.699897261946397,0.6077276021788817
2025-10-06,KXGDPYEAR-26,2026-08-05,2.314779095176201,2.3,2.3,0.09744169529139075,12.718177246770306,0.24585382182900262
2025-10-06,KXGDPYEAR-27,2026-08-05,2.0076383085144998,1.8,1.8,0.37400640422233034,2.898797807861639,0.6732893756761689
2025-10-06,KXGDPYEAR-28,2026-08-04,2.4731462188993745,2.3,2.3,0.1400696034980221,-0.34308140549094945,2.8598708587524024
2025-10-06,KXGDPYEAR-29,2026-08-04,2.3444515498705965,2.3,2.8,0.03264685533572642,-0.4834652040264813,2.997886909329589
2025-10-06,KXGDPYEAR-30,2026-08-05,2.53,2.3,2.3,0.20390070921985817,-0.3831493711206555,2.1596999999999995
2025-10-06,KXGDPYEAR-31,2026-08-04,2.248014310493019,2.3,2.8,-0.037566168275753146,-0.7012489658312346,2.719168761277071
2025-10-06,KXGDPYEAR-32,2026-08-04,2.675002825369558,2.3,1.8,0.23810070525900007,-1.1546447091476657,3.45779719496512
2025-10-06,KXGDPYEAR-33,2026-08-05,2.8592210044753155,2.3,2.3,0.3689059934043657,-1.0555602215262991,3.4287871306045083
2025-10-06,KXGDPYEAR-34,2026-08-05,2.3636376657707103,2.3,0.1,0.04455795922498969,-0.6997330658180774,3.1110572835108945
2025-10-06,KXGDPYEAR-35,2026-08-04,2.749826891591256,2.8,1.8,-0.03218786147859579,-1.1621044533643832,3.3473672445211338
2025-10-06,KXGDPYEAR-36,2026-08-04,2.695242416882835,2.3,0.1,0.24894730630532177,-1.127603469239581,3.5316813541751007
2025-10-07,KXGDPYEAR-25,2026-02-20,1.9623434123183876,1.8,1.8,0.33704446320213793,4.098143411108574,0.5722890965312525
2025-10-07,KXGDPYEAR-26,2026-08-05,2.314779095176201,2.3,2.3,0.09744169529139075,12.718177246770306,0.24585382182900262
2025-10-07,KXGDPYEAR-27,2026-08-05,2.0076383085144998,1.8,1.8,0.37400640422233034,2.898797807861639,0.6732893756761689
2025-10-07,KXGDPYEAR-28,2026-08-04,2.4731462188993745,2.3,2.3,0.1400696034980221,-0.34308140549094945,2.8598708587524024
2025-10-07,KXGDPYEAR-29,2026-08-04,2.3444515498705965,2.3,2.8,0.03264685533572642,-0.4834652040264813,2.997886909329589
2025-10-07,KXGDPYEAR-30,2026-08-05,2.53,2.3,2.3,0.20390070921985817,-0.3831493711206555,2.1596999999999995
2025-10-07,KXGDPYEAR-31,2026-08-04,2.248014310493019,2.3,2.8,-0.037566168275753146,-0.7012489658312346,2.719168761277071
2025-10-07,KXGDPYEAR-32,2026-08-04,2.675002825369558,2.3,1.8,0.23810070525900007,-1.1546447091476657,3.45779719496512
2025-10-07,KXGDPYEAR-33,2026-08-05,2.8592210044753155,2.3,2.3,0.3689059934043657,-1.0555602215262991,3.4287871306045083
2025-10-07,KXGDPYEAR-34,2026-08-05,2.3636376657707103,2.3,0.1,0.04455795922498969,-0.6997330658180774,3.1110572835108945
2025-10-07,KXGDPYEAR-35,2026-08-04,2.749826891591256,2.8,1.8,-0.03218786147859579,-1.1621044533643832,3.3473672445211338
2025-10-07,KXGDPYEAR-36,2026-08-04,2.695242416882835,2.3,0.1,0.24894730630532177,-1.127603469239581,3.5316813541751007
2025-10-08,KXGDPYEAR-25,2026-02-20,1.9821998421020186,1.8,1.8,0.3795956193278997,4.1969843668476425,0.5794475322229161
2025-10-08,KXGDPYEAR-26,2026-08-05,2.314779095176201,2.3,2.3,0.09744169529139075,12.718177246770306,0.24585382182900262
2025-10-08,KXGDPYEAR-27,2026-08-05,2.0076383085144998,1.8,1.8,0.37400640422233034,2.898797807861639,0.6732893756761689
2025-10-08,KXGDPYEAR-28,2026-08-04,2.4731462188993745,2.3,2.3,0.1400696034980221,-0.34308140549094945,2.8598708587524024
2025-10-08,KXGDPYEAR-29,2026-08-04,2.3444515498705965,2.3,2.8,0.03264685533572642,-0.4834652040264813,2.997886909329589
2025-10-08,KXGDPYEAR-30,2026-08-05,2.53,2.3,2.3,0.20390070921985817,-0.3831493711206555,2.1596999999999995
2025-10-08,KXGDPYEAR-31,2026-08-04,2.248014310493019,2.3,2.8,-0.037566168275753146,-0.7012489658312346,2.719168761277071
2025-10-08,KXGDPYEAR-32,2026-08-04,2.675002825369558,2.3,1.8,0.23810070525900007,-1.1546447091476657,3.45779719496512
2025-10-08,KXGDPYEAR-33,2026-08-05,2.8592210044753155,2.3,2.3,0.3689059934043657,-1.0555602215262991,3.4287871306045083
2025-10-08,KXGDPYEAR-34,2026-08-05,2.3636376657707103,2.3,0.1,0.04455795922498969,-0.6997330658180774,3.1110572835108945
2025-10-08,KXGDPYEAR-35,2026-08-04,2.749826891591256,2.8,1.8,-0.03218786147859579,-1.1621044533643832,3.3473672445211338
2025-10-08,KXGDPYEAR-36,2026-08-04,2.695242416882835,2.3,0.1,0.24894730630532177,-1.127603469239581,3.5316813541751007
2025-10-09,KXGDPYEAR-25,2026-02-20,1.9949449781388338,1.8,1.8,0.4172453552938975,4.5621067075002015,0.5524431853805142
2025-10-09,KXGDPYEAR-26,2026-08-05,2.314779095176201,2.3,2.3,0.09744169529139075,12.718177246770306,0.24585382182900262
2025-10-09,KXGDPYEAR-27,2026-08-05,2.0076383085144998,1.8,1.8,0.37400640422233034,2.898797807861639,0.6732893756761689
2025-10-09,KXGDPYEAR-28,2026-08-04,2.4731462188993745,2.3,2.3,0.1400696034980221,-0.34308140549094945,2.8598708587524024
2025-10-09,KXGDPYEAR-29,2026-08-04,2.3444515498705965,2.3,2.8,0.03264685533572642,-0.4834652040264813,2.997886909329589
2025-10-09,KXGDPYEAR-30,2026-08-05,2.53,2.3,2.3,0.20390070921985817,-0.3831493711206555,2.1596999999999995
2025-10-09,KXGDPYEAR-31,2026-08-04,2.248014310493019,2.3,2.8,-0.037566168275753146,-0.7012489658312346,2.719168761277071
2025-10-09,KXGDPYEAR-32,2026-08-04,2.675002825369558,2.3,1.8,0.23810070525900007,-1.1546447091476657,3.45779719496512
2025-10-09,KXGDPYEAR-33,2026-08-05,2.8592210044753155,2.3,2.3,0.3689059934043657,-1.0555602215262991,3.4287871306045083
2025-10-09,KXGDPYEAR-34,2026-08-05,2.3636376657707103,2.3,0.1,0.04455795922498969,-0.6997330658180774,3.1110572835108945
2025-10-09,KXGDPYEAR-35,2026-08-04,2.749826891591256,2.8,1.8,-0.03218786147859579,-1.1621044533643832,3.3473672445211338
2025-10-09,KXGDPYEAR-36,2026-08-04,2.695242416882835,2.3,0.1,0.24894730630532177,-1.127603469239581,3.5316813541751007
2025-10-10,KXGDPYEAR-25,2026-02-20,1.9949449781388338,1.8,1.8,0.4172453552938975,4.5621067075002015,0.5524431853805142
2025-10-10,KXGDPYEAR-26,2026-08-05,2.314779095176201,2.3,2.3,0.09744169529139075,12.718177246770306,0.24585382182900262
2025-10-10,KXGDPYEAR-27,2026-08-05,2.0076383085144998,1.8,1.8,0.37400640422233034,2.898797807861639,0.6732893756761689
2025-10-10,KXGDPYEAR-28,2026-08-04,2.4731462188993745,2.3,2.3,0.1400696034980221,-0.34308140549094945,2.8598708587524024
2025-10-10,KXGDPYEAR-29,2026-08-04,2.3444515498705965,2.3,2.8,0.03264685533572642,-0.4834652040264813,2.997886909329589
2025-10-10,KXGDPYEAR-30,2026-08-05,2.53,2.3,2.3,0.20390070921985817,-0.3831493711206555,2.1596999999999995
2025-10-10,KXGDPYEAR-31,2026-08-04,2.248014310493019,2.3,2.8,-0.037566168275753146,-0.7012489658312346,2.719168761277071
2025-10-10,KXGDPYEAR-32,2026-08-04,2.675002825369558,2.3,1.8,0.23810070525900007,-1.1546447091476657,3.45779719496512
2025-10-10,KXGDPYEAR-33,2026-08-05,2.8592210044753155,2.3,2.3,0.3689059934043657,-1.0555602215262991,3.4287871306045083
2025-10-10,KXGDPYEAR-34,2026-08-05,2.3636376657707103,2.3,0.1,0.04455795922498969,-0.6997330658180774,3.1110572835108945
2025-10-10,KXGDPYEAR-35,2026-08-04,2.749826891591256,2.8,1.8,-0.03218786147859579,-1.1621044533643832,3.3473672445211338
2025-10-10,KXGDPYEAR-36,2026-08-04,2.695242416882835,2.3,0.1,0.24894730630532177,-1.127603469239581,3.5316813541751007
2025-10-11,KXGDPYEAR-25,2026-02-20,1.9993024622193192,1.8,1.8,0.4261446953262494,4.618709911587912,0.5458622301309675
2025-10-11,KXGDPYEAR-26,2026-08-05,2.314779095176201,2.3,2.3,0.09744169529139075,12.718177246770306,0.24585382182900262
2025-10-11,KXGDPYEAR-27,2026-08-05,2.0076383085144998,1.8,1.8,0.37400640422233034,2.898797807861639,0.6732893756761689
2025-10-11,KXGDPYEAR-28,2026-08-04,2.4731462188993745,2.3,2.3,0.1400696034980221,-0.34308140549094945,2.8598708587524024
2025-10-11,KXGDPYEAR-29,2026-08-04,2.3444515498705965,2.3,2.8,0.03264685533572642,-0.4834652040264813,2.997886909329589
2025-10-11,KXGDPYEAR-30,2026-08-05,2.53,2.3,2.3,0.20390070921985817,-0.3831493711206555,2.1596999999999995
2025-10-11,KXGDPYEAR-31,2026-08-04,2.248014310493019,2.3,2.8,-0.037566168275753146,-0.7012489658312346,2.719168761277071
2025-10-11,KXGDPYEAR-32,2026-08-04,2.675002825369558,2.3,1.8,0.23810070525900007,-1.1546447091476657,3.45779719496512
2025-10-11,KXGDPYEAR-33,2026-08-05,2.8592210044753155,2.3,2.3,0.3689059934043657,-1.0555602215262991,3.4287871306045083
2025-10-11,KXGDPYEAR-34,2026-08-05,2.3636376657707103,2.3,0.1,0.04455795922498969,-0.6997330658180774,3.1110572835108945
2025-10-11,KXGDPYEAR-35,2026-08-04,2.749826891591256,2.8,1.8,-0.03218786147859579,-1.1621044533643832,3.3473672445211338
2025-10-11,KXGDPYEAR-36,2026-08-04,2.695242416882835,2.3,0.1,0.24894730630532177,-1.127603469239581,3.5316813541751007
2025-10-12,KXGDPYEAR-25,2026-02-20,1.9993024622193192,1.8,1.8,0.4261446953262494,4.618709911587912,0.5458622301309675
2025-10-12,KXGDPYEAR-26,2026-08-05,2.314779095176201,2.3,2.3,0.09744169529139075,12.718177246770306,0.24585382182900262
2025-10-12,KXGDPYEAR-27,2026-08-05,2.0076383085144998,1.8,1.8,0.37400640422233034,2.898797807861639,0.6732893756761689
2025-10-12,KXGDPYEAR-28,2026-08-04,2.4731462188993745,2.3,2.3,0.1400696034980221,-0.34308140549094945,2.8598708587524024
2025-10-12,KXGDPYEAR-29,2026-08-04,2.3444515498705965,2.3,2.8,0.03264685533572642,-0.4834652040264813,2.997886909329589
2025-10-12,KXGDPYEAR-30,2026-08-05,2.53,2.3,2.3,0.20390070921985817,-0.3831493711206555,2.1596999999999995
2025-10-12,KXGDPYEAR-31,2026-08-04,2.248014310493019,2.3,2.8,-0.037566168275753146,-0.7012489658312346,2.719168761277071
2025-10-12,KXGDPYEAR-32,2026-08-04,2.675002825369558,2.3,1.8,0.23810070525900007,-1.1546447091476657,3.45779719496512
2025-10-12,KXGDPYEAR-33,2026-08-05,2.8592210044753155,2.3,2.3,0.3689059934043657,-1.0555602215262991,3.4287871306045083
2025-10-12,KXGDPYEAR-34,2026-08-05,2.3636376657707103,2.3,0.1,0.04455795922498969,-0.6997330658180774,3.1110572835108945
2025-10-12,KXGDPYEAR-35,2026-08-04,2.749826891591256,2.8,1.8,-0.03218786147859579,-1.1621044533643832,3.3473672445211338
2025-10-12,KXGDPYEAR-36,2026-08-04,2.695242416882835,2.3,0.1,0.24894730630532177,-1.127603469239581,3.5316813541751007
2025-10-13,KXGDPYEAR-25,2026-02-20,2.0028223274946715,1.8,2.3,0.43681395900892594,4.863256210092755,0.5295463104952216
2025-10-13,KXGDPYEAR-26,2026-08-05,2.314779095176201,2.3,2.3,0.09744169529139075,12.718177246770306,0.24585382182900262
2025-10-13,KXGDPYEAR-27,2026-08-05,2.0076383085144998,1.8,1.8,0.37400640422233034,2.898797807861639,0.6732893756761689
2025-10-13,KXGDPYEAR-28,2026-08-04,2.4731462188993745,2.3,2.3,0.1400696034980221,-0.34308140549094945,2.8598708587524024
2025-10-13,KXGDPYEAR-29,2026-08-04,2.3444515498705965,2.3,2.8,0.03264685533572642,-0.4834652040264813,2.997886909329589
2025-10-13,KXGDPYEAR-30,2026-08-05,2.53,2.3,2.3,0.20390070921985817,-0.3831493711206555,2.1596999999999995
2025-10-13,KXGDPYEAR-31,2026-08-04,2.248014310493019,2.3,2.8,-0.037566168275753146,-0.7012489658312346,2.719168761277071
2025-10-13,KXGDPYEAR-32,2026-08-04,2.675002825369558,2.3,1.8,0.23810070525900007,-1.1546447091476657,3.45779719496512
2025-10-13,KXGDPYEAR-33,2026-08-05,2.8592210044753155,2.3,2.3,0.3689059934043657,-1.0555602215262991,3.4287871306045083
2025-10-13,KXGDPYEAR-34,2026-08-05,2.3636376657707103,2.3,0.1,0.04455795922498969,-0.6997330658180774,3.1110572835108945
2025-10-13,KXGDPYEAR-35,2026-08-04,2.749826891591256,2.8,1.8,-0.03218786147859579,-1.1621044533643832,3.3473672445211338
2025-10-13,KXGDPYEAR-36,2026-08-04,2.695242416882835,2.3,0.1,0.24894730630532177,-1.127603469239581,3.5316813541751007
2025-10-14,KXGDPYEAR-25,2026-02-20,2.0028223274946715,1.8,2.3,0.43681395900892594,4.863256210092755,0.5295463104952216
2025-10-14,KXGDPYEAR-26,2026-08-05,2.314779095176201,2.3,2.3,0.09744169529139075,12.718177246770306,0.24585382182900262
2025-10-14,KXGDPYEAR-27,2026-08-05,2.0076383085144998,1.8,1.8,0.37400640422233034,2.898797807861639,0.6732893756761689
2025-10-14,KXGDPYEAR-28,2026-08-04,2.4731462188993745,2.3,2.3,0.1400696034980221,-0.34308140549094945,2.8598708587524024
2025-10-14,KXGDPYEAR-29,2026-08-04,2.3444515498705965,2.3,2.8,0.03264685533572642,-0.4834652040264813,2.997886909329589
2025-10-14,KXGDPYEAR-30,2026-08-05,2.53,2.3,2.3,0.20390070921985817,-0.3831493711206555,2.1596999999999995
2025-10-14,KXGDPYEAR-31,2026-08-04,2.248014310493019,2.3,2.8,-0.037566168275753146,-0.7012489658312346,2.719168761277071
2025-10-14,KXGDPYEAR-32,2026-08-04,2.675002825369558,2.3,1.8,0.23810070525900007,-1.1546447091476657,3.45779719496512
2025-10-14,KXGDPYEAR-33,2026-08-05,2.8592210044753155,2.3,2.3,0.3689059934043657,-1.0555602215262991,3.4287871306045083
2025-10-14,KXGDPYEAR-34,2026-08-05,2.3636376657707103,2.3,0.1,0.04455795922498969,-0.6997330658180774,3.1110572835108945
2025-10-14,KXGDPYEAR-35,2026-08-04,2.749826891591256,2.8,1.8,-0.03218786147859579,-1.1621044533643832,3.3473672445211338
2025-10-14,KXGDPYEAR-36,2026-08-04,2.695242416882835,2.3,0.1,0.24894730630532177,-1.127603469239581,3.5316813541751007
2025-10-15,KXGDPYEAR-25,2026-02-20,2.0251373597880984,1.8,2.3,0.469704533428375,4.531645409139685,0.5320140461275252
2025-10-15,KXGDPYEAR-26,2026-08-05,2.314779095176201,2.3,2.3,0.09744169529139075,12.718177246770306,0.24585382182900262
2025-10-15,KXGDPYEAR-27,2026-08-05,2.0076383085144998,1.8,1.8,0.37400640422233034,2.898797807861639,0.6732893756761689
2025-10-15,KXGDPYEAR-28,2026-08-04,2.4731462188993745,2.3,2.3,0.1400696034980221,-0.34308140549094945,2.8598708587524024
2025-10-15,KXGDPYEAR-29,2026-08-04,2.3444515498705965,2.3,2.8,0.03264685533572642,-0.4834652040264813,2.997886909329589
2025-10-15,KXGDPYEAR-30,2026-08-05,2.53,2.3,2.3,0.20390070921985817,-0.3831493711206555,2.1596999999999995
2025-10-15,KXGDPYEAR-31,2026-08-04,2.248014310493019,2.3,2.8,-0.037566168275753146,-0.7012489658312346,2.719168761277071
2025-10-15,KXGDPYEAR-32,2026-08-04,2.675002825369558,2.3,1.8,0.23810070525900007,-1.1546447091476657,3.45779719496512
2025-10-15,KXGDPYEAR-33,2026-08-05,2.8592210044753155,2.3,2.3,0.3689059934043657,-1.0555602215262991,3.4287871306045083
2025-10-15,KXGDPYEAR-34,2026-08-05,2.3636376657707103,2.3,0.1,0.04455795922498969,-0.6997330658180774,3.1110572835108945
2025-10-15,KXGDPYEAR-35,2026-08-04,2.749826891591256,2.8,1.8,-0.03218786147859579,-1.1621044533643832,3.3473672445211338
2025-10-15,KXGDPYEAR-36,2026-08-04,2.695242416882835,2.3,0.1,0.24894730630532177,-1.127603469239581,3.5316813541751007
2025-10-16,KXGDPYEAR-25,2026-02-20,2.0068703364775446,1.8,1.8,0.4331702140203996,4.331844897449854,0.5428642443446283
2025-10-16,KXGDPYEAR-26,2026-08-05,2.314779095176201,2.3,2.3,0.09744169529139075,12.718177246770306,0.24585382182900262
2025-10-16,KXGDPYEAR-27,2026-08-05,2.0076383085144998,1.8,1.8,0.37400640422233034,2.898797807861639,0.6732893756761689
2025-10-16,KXGDPYEAR-28,2026-08-04,2.4731462188993745,2.3,2.3,0.1400696034980221,-0.34308140549094945,2.8598708587524024
2025-10-16,KXGDPYEAR-29,2026-08-04,2.3444515498705965,2.3,2.8,0.03264685533572642,-0.4834652040264813,2.997886909329589
2025-10-16,KXGDPYEAR-30,2026-08-05,2.53,2.3,2.3,0.20390070921985817,-0.3831493711206555,2.1596999999999995
2025-10-16,KXGDPYEAR-31,2026-08-04,2.248014310493019,2.3,2.8,-0.037566168275753146,-0.7012489658312346,2.719168761277071
2025-10-16,KXGDPYEAR-32,2026-08-04,2.675002825369558,2.3,1.8,0.23810070525900007,-1.1546447091476657,3.45779719496512
2025-10-16,KXGDPYEAR-33,2026-08-05,2.8592210044753155,2.3,2.3,0.3689059934043657,-1.0555602215262991,3.4287871306045083
2025-10-16,KXGDPYEAR-34,2026-08-05,2.3636376657707103,2.3,0.1,0.04455795922498969,-0.6997330658180774,3.1110572835108945
2025-10-16,KXGDPYEAR-35,2026-08-04,2.749826891591256,2.8,1.8,-0.03218786147859579,-1.1621044533643832,3.3473672445211338
2025-10-16,KXGDPYEAR-36,2026-08-04,2.695242416882835,2.3,0.1,0.24894730630532177,-1.127603469239581,3.5316813541751007
2025-10-17,KXGDPYEAR-25,2026-02-20,2.015136401829701,1.8,2.3,0.44768597906663404,4.3419012565217585,0.5366321097464235
2025-10-17,KXGDPYEAR-26,2026-08-05,2.314779095176201,2.3,2.3,0.09744169529139075,12.718177246770306,0.24585382182900262
2025-10-17,KXGDPYEAR-27,2026-08-05,2.0076383085144998,1.8,1.8,0.37400640422233034,2.898797807861639,0.6732893756761689
2025-10-17,KXGDPYEAR-28,2026-08-04,2.4731462188993745,2.3,2.3,0.1400696034980221,-0.34308140549094945,2.8598708587524024
2025-10-17,KXGDPYEAR-29,2026-08-04,2.3444515498705965,2.3,2.8,0.03264685533572642,-0.4834652040264813,2.997886909329589
2025-10-17,KXGDPYEAR-30,2026-08-05,2.53,2.3,2.3,0.20390070921985817,-0.3831493711206555,2.1596999999999995
2025-10-17,KXGDPYEAR-31,2026-08-04,2.248014310493019,2.3,2.8,-0.037566168275753146,-0.7012489658312346,2.719168761277071
2025-10-17,KXGDPYEAR-32,2026-08-04,2.675002825369558,2.3,1.8,0.23810070525900007,-1.1546447091476657,3.45779719496512
2025-10-17,KXGDPYEAR-33,2026-08-05,2.8592210044753155,2.3,2.3,0.3689059934043657,-1.0555602215262991,3.4287871306045083
2025-10-17,KXGDPYEAR-34,2026-08-05,2.3636376657707103,2.3,0.1,0.04455795922498969,-0.6997330658180774,3.1110572835108945
2025-10-17,KXGDPYEAR-35,2026-08-04,2.749826891591256,2.8,1.8,-0.03218786147859579,-1.1621044533643832,3.3473672445211338
2025-10-17,KXGDPYEAR-36,2026-08-04,2.695242416882835,2.3,0.1,0.24894730630532177,-1.127603469239581,3.5316813541751007
2025-10-18,KXGDPYEAR-25,2026-02-20,2.015659661632273,1.8,2.3,0.4487414925820559,4.350031321527522,0.53579516566172
2025-10-18,KXGDPYEAR-26,2026-08-05,2.314779095176201,2.3,2.3,0.09744169529139075,12.718177246770306,0.24585382182900262
2025-10-18,KXGDPYEAR-27,2026-08-05,2.0076383085144998,1.8,1.8,0.37400640422233034,2.898797807861639,0.6732893756761689
2025-10-18,KXGDPYEAR-28,2026-08-04,2.4731462188993745,2.3,2.3,0.1400696034980221,-0.34308140549094945,2.8598708587524024
2025-10-18,KXGDPYEAR-29,2026-08-04,2.3444515498705965,2.3,2.8,0.03264685533572642,-0.4834652040264813,2.997886909329589
2025-10-18,KXGDPYEAR-30,2026-08-05,2.53,2.3,2.3,0.20390070921985817,-0.3831493711206555,2.1596999999999995
2025-10-18,KXGDPYEAR-31,2026-08-04,2.248014310493019,2.3,2.8,-0.037566168275753146,-0.7012489658312346,2.719168761277071
2025-10-18,KXGDPYEAR-32,2026-08-04,2.675002825369558,2.3,1.8,0.23810070525900007,-1.1546447091476657,3.45779719496512
2025-10-18,KXGDPYEAR-33,2026-08-05,2.8592210044753155,2.3,2.3,0.3689059934043657,-1.0555602215262991,3.4287871306045083
2025-10-18,KXGDPYEAR-34,2026-08-05,2.3636376657707103,2.3,0.1,0.04455795922498969,-0.6997330658180774,3.1110572835108945
2025-10-18,KXGDPYEAR-35,2026-08-04,2.749826891591256,2.8,1.8,-0.03218786147859579,-1.1621044533643832,3.3473672445211338
2025-10-18,KXGDPYEAR-36,2026-08-04,2.695242416882835,2.3,0.1,0.24894730630532177,-1.127603469239581,3.5316813541751007
2025-10-19,KXGDPYEAR-25,2026-02-20,2.0180494505494506,1.8,2.3,0.45222494444760997,4.319056405162847,0.5360313601920057
2025-10-19,KXGDPYEAR-26,2026-08-05,2.314779095176201,2.3,2.3,0.09744169529139075,12.718177246770306,0.24585382182900262
2025-10-19,KXGDPYEAR-27,2026-08-05,2.0076383085144998,1.8,1.8,0.37400640422233034,2.898797807861639,0.6732893756761689
2025-10-19,KXGDPYEAR-28,2026-08-04,2.4731462188993745,2.3,2.3,0.1400696034980221,-0.34308140549094945,2.8598708587524024
2025-10-19,KXGDPYEAR-29,2026-08-04,2.3444515498705965,2.3,2.8,0.03264685533572642,-0.4834652040264813,2.997886909329589
2025-10-19,KXGDPYEAR-30,2026-08-05,2.53,2.3,2.3,0.20390070921985817,-0.3831493711206555,2.1596999999999995
2025-10-19,KXGDPYEAR-31,2026-08-04,2.248014310493019,2.3,2.8,-0.037566168275753146,-0.7012489658312346,2.719168761277071
2025-10-19,KXGDPYEAR-32,2026-08-04,2.675002825369558,2.3,1.8,0.23810070525900007,-1.1546447091476657,3.45779719496512
2025-10-19,KXGDPYEAR-33,2026-08-05,2.8592210044753155,2.3,2.3,0.3689059934043657,-1.0555602215262991,3.4287871306045083
2025-10-19,KXGDPYEAR-34,2026-08-05,2.3636376657707103,2.3,0.1,0.04455795922498969,-0.6997330658180774,3.1110572835108945
2025-10-19,KXGDPYEAR-35,2026-08-04,2.749826891591256,2.8,1.8,-0.03218786147859579,-1.1621044533643832,3.3473672445211338
2025-10-19,KXGDPYEAR-36,2026-08-04,2.695242416882835,2.3,0.1,0.24894730630532177,-1.127603469239581,3.5316813541751007
2025-10-20,KXGDPYEAR-25,2026-02-20,2.0180976676857965,1.8,2.3,0.4576854861340039,4.471794863578255,0.535474049207039
2025-10-20,KXGDPYEAR-26,2026-08-05,2.314779095176201,2.3,2.3,0.09744169529139075,12.718177246770306,0.24585382182900262
2025-10-20,KXGDPYEAR-27,2026-08-05,2.0076383085144998,1.8,1.8,0.37400640422233034,2.898797807861639,0.6732893756761689
2025-10-20,KXGDPYEAR-28,2026-08-04,2.4731462188993745,2.3,2.3,0.1400696034980221,-0.34308140549094945,2.8598708587524024
2025-10-20,KXGDPYEAR-29,2026-08-04,2.3444515498705965,2.3,2.8,0.03264685533572642,-0.4834652040264813,2.997886909329589
2025-10-20,KXGDPYEAR-30,2026-08-05,2.53,2.3,2.3,0.20390070921985817,-0.3831493711206555,2.1596999999999995
2025-10-20,KXGDPYEAR-31,2026-08-04,2.248014310493019,2.3,2.8,-0.037566168275753146,-0.7012489658312346,2.719168761277071
2025-10-20,KXGDPYEAR-32,2026-08-04,2.675002825369558,2.3,1.8,0.23810070525900007,-1.1546447091476657,3.45779719496512
2025-10-20,KXGDPYEAR-33,2026-08-05,2.8592210044753155,2.3,2.3,0.3689059934043657,-1.0555602215262991,3.4287871306045083
2025-10-20,KXGDPYEAR-34,2026-08-05,2.3636376657707103,2.3,0.1,0.04455795922498969,-0.6997330658180774,3.1110572835108945
2025-10-20,KXGDPYEAR-35,2026-08-04,2.749826891591256,2.8,1.8,-0.03218786147859579,-1.1621044533643832,3.3473672445211338
2025-10-20,KXGDPYEAR-36,2026-08-04,2.695242416882835,2.3,0.1,0.24894730630532177,-1.127603469239581,3.5316813541751007
2025-10-21,KXGDPYEAR-25,2026-02-20,2.0180976676857965,1.8,2.3,0.4576854861340039,4.471794863578255,0.535474049207039
2025-10-21,KXGDPYEAR-26,2026-08-05,2.314779095176201,2.3,2.3,0.09744169529139075,12.718177246770306,0.24585382182900262
2025-10-21,KXGDPYEAR-27,2026-08-05,2.0076383085144998,1.8,1.8,0.37400640422233034,2.898797807861639,0.6732893756761689
2025-10-21,KXGDPYEAR-28,2026-08-04,2.4731462188993745,2.3,2.3,0.1400696034980221,-0.34308140549094945,2.8598708587524024
2025-10-21,KXGDPYEAR-29,2026-08-04,2.3444515498705965,2.3,2.8,0.03264685533572642,-0.4834652040264813,2.997886909329589
2025-10-21,KXGDPYEAR-30,2026-08-05,2.53,2.3,2.3,0.20390070921985817,-0.3831493711206555,2.1596999999999995
2025-10-21,KXGDPYEAR-31,2026-08-04,2.248014310493019,2.3,2.8,-0.037566168275753146,-0.7012489658312346,2.719168761277071
2025-10-21,KXGDPYEAR-32,2026-08-04,2.675002825369558,2.3,1.8,0.23810070525900007,-1.1546447091476657,3.45779719496512
2025-10-21,KXGDPYEAR-33,2026-08-05,2.8592210044753155,2.3,2.3,0.3689059934043657,-1.0555602215262991,3.4287871306045083
2025-10-21,KXGDPYEAR-34,2026-08-05,2.3636376657707103,2.3,0.1,0.04455795922498969,-0.6997330658180774,3.1110572835108945
2025-10-21,KXGDPYEAR-35,2026-08-04,2.749826891591256,2.8,1.8,-0.03218786147859579,-1.1621044533643832,3.3473672445211338
2025-10-21,KXGDPYEAR-36,2026-08-04,2.695242416882835,2.3,0.1,0.24894730630532177,-1.127603469239581,3.5316813541751007
2025-10-22,KXGDPYEAR-25,2026-02-20,1.994234272288075,1.8,2.3,0.4074270968313557,4.364151425877098,0.5341899407341194
2025-10-22,KXGDPYEAR-26,2026-08-05,2.314779095176201,2.3,2.3,0.09744169529139075,12.718177246770306,0.24585382182900262
2025-10-22,KXGDPYEAR-27,2026-08-05,2.0076383085144998,1.8,1.8,0.37400640422233034,2.898797807861639,0.6732893756761689
2025-10-22,KXGDPYEAR-28,2026-08-04,2.4731462188993745,2.3,2.3,0.1400696034980221,-0.34308140549094945,2.8598708587524024
2025-10-22,KXGDPYEAR-29,2026-08-04,2.3444515498705965,2.3,2.8,0.03264685533572642,-0.4834652040264813,2.997886909329589
2025-10-22,KXGDPYEAR-30,2026-08-05,2.53,2.3,2.3,0.20390070921985817,-0.3831493711206555,2.1596999999999995
2025-10-22,KXGDPYEAR-31,2026-08-04,2.248014310493019,2.3,2.8,-0.037566168275753146,-0.7012489658312346,2.719168761277071
2025-10-22,KXGDPYEAR-32,2026-08-04,2.675002825369558,2.3,1.8,0.23810070525900007,-1.1546447091476657,3.45779719496512
2025-10-22,KXGDPYEAR-33,2026-08-05,2.8592210044753155,2.3,2.3,0.3689059934043657,-1.0555602215262991,3.4287871306045083
2025-10-22,KXGDPYEAR-34,2026-08-05,2.3636376657707103,2.3,0.1,0.04455795922498969,-0.6997330658180774,3.1110572835108945
2025-10-22,KXGDPYEAR-35,2026-08-04,2.749826891591256,2.8,1.8,-0.03218786147859579,-1.1621044533643832,3.3473672445211338
2025-10-22,KXGDPYEAR-36,2026-08-04,2.695242416882835,2.3,0.1,0.24894730630532177,-1.127603469239581,3.5316813541751007
2025-10-23,KXGDPYEAR-25,2026-02-20,2.022180240428966,2.3,2.3,-0.575536032739741,4.259118204949883,0.5511813382866032
2025-10-23,KXGDPYEAR-26,2026-08-05,2.314779095176201,2.3,2.3,0.09744169529139075,12.718177246770306,0.24585382182900262
2025-10-23,KXGDPYEAR-27,2026-08-05,2.0076383085144998,1.8,1.8,0.37400640422233034,2.898797807861639,0.6732893756761689
2025-10-23,KXGDPYEAR-28,2026-08-04,2.4731462188993745,2.3,2.3,0.1400696034980221,-0.34308140549094945,2.8598708587524024
2025-10-23,KXGDPYEAR-29,2026-08-04,2.3444515498705965,2.3,2.8,0.03264685533572642,-0.4834652040264813,2.997886909329589
2025-10-23,KXGDPYEAR-30,2026-08-05,2.53,2.3,2.3,0.20390070921985817,-0.3831493711206555,2.1596999999999995
2025-10-23,KXGDPYEAR-31,2026-08-04,2.248014310493019,2.3,2.8,-0.037566168275753146,-0.7012489658312346,2.719168761277071
2025-10-23,KXGDPYEAR-32,2026-08-04,2.675002825369558,2.3,1.8,0.23810070525900007,-1.1546447091476657,3.45779719496512
2025-10-23,KXGDPYEAR-33,2026-08-05,2.8592210044753155,2.3,2.3,0.3689059934043657,-1.0555602215262991,3.4287871306045083
2025-10-23,KXGDPYEAR-34,2026-08-05,2.3636376657707103,2.3,0.1,0.04455795922498969,-0.6997330658180774,3.1110572835108945
2025-10-23,KXGDPYEAR-35,2026-08-04,2.749826891591256,2.8,1.8,-0.03218786147859579,-1.1621044533643832,3.3473672445211338
2025-10-23,KXGDPYEAR-36,2026-08-04,2.695242416882835,2.3,0.1,0.24894730630532177,-1.127603469239581,3.5316813541751007
2025-10-24,KXGDPYEAR-25,2026-02-20,2.0273545668013018,2.3,2.3,-0.5730558096980783,4.341147160881461,0.5409655971827672
2025-10-24,KXGDPYEAR-26,2026-08-05,2.314779095176201,2.3,2.3,0.09744169529139075,12.718177246770306,0.24585382182900262
2025-10-24,KXGDPYEAR-27,2026-08-05,2.0076383085144998,1.8,1.8,0.37400640422233034,2.898797807861639,0.6732893756761689
2025-10-24,KXGDPYEAR-28,2026-08-04,2.4731462188993745,2.3,2.3,0.1400696034980221,-0.34308140549094945,2.8598708587524024
2025-10-24,KXGDPYEAR-29,2026-08-04,2.3444515498705965,2.3,2.8,0.03264685533572642,-0.4834652040264813,2.997886909329589
2025-10-24,KXGDPYEAR-30,2026-08-05,2.53,2.3,2.3,0.20390070921985817,-0.3831493711206555,2.1596999999999995
2025-10-24,KXGDPYEAR-31,2026-08-04,2.248014310493019,2.3,2.8,-0.037566168275753146,-0.7012489658312346,2.719168761277071
2025-10-24,KXGDPYEAR-32,2026-08-04,2.675002825369558,2.3,1.8,0.23810070525900007,-1.1546447091476657,3.45779719496512
2025-10-24,KXGDPYEAR-33,2026-08-05,2.8592210044753155,2.3,2.3,0.3689059934043657,-1.0555602215262991,3.4287871306045083
2025-10-24,KXGDPYEAR-34,2026-08-05,2.3636376657707103,2.3,0.1,0.04455795922498969,-0.6997330658180774,3.1110572835108945
2025-10-24,KXGDPYEAR-35,2026-08-04,2.749826891591256,2.8,1.8,-0.03218786147859579,-1.1621044533643832,3.3473672445211338
2025-10-24,KXGDPYEAR-36,2026-08-04,2.695242416882835,2.3,0.1,0.24894730630532177,-1.127603469239581,3.5316813541751007
2025-10-25,KXGDPYEAR-25,2026-02-20,2.0234418252990745,2.3,2.3,-0.5778546712802775,4.317954326717687,0.5408861600091164
2025-10-25,KXGDPYEAR-26,2026-08-05,2.314779095176201,2.3,2.3,0.09744169529139075,12.718177246770306,0.24585382182900262
2025-10-25,KXGDPYEAR-27,2026-08-05,2.0076383085144998,1.8,1.8,0.37400640422233034,2.898797807861639,0.6732893756761689
2025-10-25,KXGDPYEAR-28,2026-08-04,2.4731462188993745,2.3,2.3,0.1400696034980221,-0.34308140549094945,2.8598708587524024
2025-10-25,KXGDPYEAR-29,2026-08-04,2.3444515498705965,2.3,2.8,0.03264685533572642,-0.4834652040264813,2.997886909329589
2025-10-25,KXGDPYEAR-30,2026-08-05,2.53,2.3,2.3,0.20390070921985817,-0.3831493711206555,2.1596999999999995
2025-10-25,KXGDPYEAR-31,2026-08-04,2.248014310493019,2.3,2.8,-0.037566168275753146,-0.7012489658312346,2.719168761277071
2025-10-25,KXGDPYEAR-32,2026-08-04,2.675002825369558,2.3,1.8,0.23810070525900007,-1.1546447091476657,3.45779719496512
2025-10-25,KXGDPYEAR-33,2026-08-05,2.8592210044753155,2.3,2.3,0.3689059934043657,-1.0555602215262991,3.4287871306045083
2025-10-25,KXGDPYEAR-34,2026-08-05,2.3636376657707103,2.3,0.1,0.04455795922498969,-0.6997330658180774,3.1110572835108945
2025-10-25,KXGDPYEAR-35,2026-08-04,2.749826891591256,2.8,1.8,-0.03218786147859579,-1.1621044533643832,3.3473672445211338
2025-10-25,KXGDPYEAR-36,2026-08-04,2.695242416882835,2.3,0.1,0.24894730630532177,-1.127603469239581,3.5316813541751007
2025-10-26,KXGDPYEAR-25,2026-02-20,2.0254237288135593,2.3,2.3,-0.5704225352112675,4.284043264949306,0.5479977018098247
2025-10-26,KXGDPYEAR-26,2026-08-05,2.314779095176201,2.3,2.3,0.09744169529139075,12.718177246770306,0.24585382182900262
2025-10-26,KXGDPYEAR-27,2026-08-05,2.0076383085144998,1.8,1.8,0.37400640422233034,2.898797807861639,0.6732893756761689
2025-10-26,KXGDPYEAR-28,2026-08-04,2.4731462188993745,2.3,2.3,0.1400696034980221,-0.34308140549094945,2.8598708587524024
2025-10-26,KXGDPYEAR-29,2026-08-04,2.3444515498705965,2.3,2.8,0.03264685533572642,-0.4834652040264813,2.997886909329589
2025-10-26,KXGDPYEAR-30,2026-08-05,2.53,2.3,2.3,0.20390070921985817,-0.3831493711206555,2.1596999999999995
2025-10-26,KXGDPYEAR-31,2026-08-04,2.248014310493019,2.3,2.8,-0.037566168275753146,-0.7012489658312346,2.719168761277071
2025-10-26,KXGDPYEAR-32,2026-08-04,2.675002825369558,2.3,1.8,0.23810070525900007,-1.1546447091476657,3.45779719496512
2025-10-26,KXGDPYEAR-33,2026-08-05,2.8592210044753155,2.3,2.3,0.3689059934043657,-1.0555602215262991,3.4287871306045083
2025-10-26,KXGDPYEAR-34,2026-08-05,2.3636376657707103,2.3,0.1,0.04455795922498969,-0.6997330658180774,3.1110572835108945
2025-10-26,KXGDPYEAR-35,2026-08-04,2.749826891591256,2.8,1.8,-0.03218786147859579,-1.1621044533643832,3.3473672445211338
2025-10-26,KXGDPYEAR-36,2026-08-04,2.695242416882835,2.3,0.1,0.24894730630532177,-1.127603469239581,3.5316813541751007
2025-10-27,KXGDPYEAR-25,2026-02-20,2.048332519081406,2.3,2.3,-0.544848937518184,4.558720586543617,0.530874883543555
2025-10-27,KXGDPYEAR-26,2026-08-05,2.314779095176201,2.3,2.3,0.09744169529139075,12.718177246770306,0.24585382182900262
2025-10-27,KXGDPYEAR-27,2026-08-05,2.0076383085144998,1.8,1.8,0.37400640422233034,2.898797807861639,0.6732893756761689
2025-10-27,KXGDPYEAR-28,2026-08-04,2.4731462188993745,2.3,2.3,0.1400696034980221,-0.34308140549094945,2.8598708587524024
2025-10-27,KXGDPYEAR-29,2026-08-04,2.3444515498705965,2.3,2.8,0.03264685533572642,-0.4834652040264813,2.997886909329589
2025-10-27,KXGDPYEAR-30,2026-08-05,2.53,2.3,2.3,0.20390070921985817,-0.3831493711206555,2.1596999999999995
2025-10-27,KXGDPYEAR-31,2026-08-04,2.248014310493019,2.3,2.8,-0.037566168275753146,-0.7012489658312346,2.719168761277071
2025-10-27,KXGDPYEAR-32,2026-08-04,2.675002825369558,2.3,1.8,0.23810070525900007,-1.1546447091476657,3.45779719496512
2025-10-27,KXGDPYEAR-33,2026-08-05,2.8592210044753155,2.3,2.3,0.3689059934043657,-1.0555602215262991,3.4287871306045083
2025-10-27,KXGDPYEAR-34,2026-08-05,2.3636376657707103,2.3,0.1,0.04455795922498969,-0.6997330658180774,3.1110572835108945
2025-10-27,KXGDPYEAR-35,2026-08-04,2.749826891591256,2.8,1.8,-0.03218786147859579,-1.1621044533643832,3.3473672445211338
2025-10-27,KXGDPYEAR-36,2026-08-04,2.695242416882835,2.3,0.1,0.24894730630532177,-1.127603469239581,3.5316813541751007
2025-10-28,KXGDPYEAR-25,2026-02-20,2.057277051422996,2.3,2.3,-0.5344634942701445,4.499796366964369,0.534056640700731
2025-10-28,KXGDPYEAR-26,2026-08-05,2.314779095176201,2.3,2.3,0.09744169529139075,12.718177246770306,0.24585382182900262
2025-10-28,KXGDPYEAR-27,2026-08-05,2.0076383085144998,1.8,1.8,0.37400640422233034,2.898797807861639,0.6732893756761689
2025-10-28,KXGDPYEAR-28,2026-08-04,2.4731462188993745,2.3,2.3,0.1400696034980221,-0.34308140549094945,2.8598708587524024
2025-10-28,KXGDPYEAR-29,2026-08-04,2.3444515498705965,2.3,2.8,0.03264685533572642,-0.4834652040264813,2.997886909329589
2025-10-28,KXGDPYEAR-30,2026-08-05,2.53,2.3,2.3,0.20390070921985817,-0.3831493711206555,2.1596999999999995
2025-10-28,KXGDPYEAR-31,2026-08-04,2.248014310493019,2.3,2.8,-0.037566168275753146,-0.7012489658312346,2.719168761277071
2025-10-28,KXGDPYEAR-32,2026-08-04,2.675002825369558,2.3,1.8,0.23810070525900007,-1.1546447091476657,3.45779719496512
2025-10-28,KXGDPYEAR-33,2026-08-05,2.8592210044753155,2.3,2.3,0.3689059934043657,-1.0555602215262991,3.4287871306045083
2025-10-28,KXGDPYEAR-34,2026-08-05,2.3636376657707103,2.3,0.1,0.04455795922498969,-0.6997330658180774,3.1110572835108945
2025-10-28,KXGDPYEAR-35,2026-08-04,2.749826891591256,2.8,1.8,-0.03218786147859579,-1.1621044533643832,3.3473672445211338
2025-10-28,KXGDPYEAR-36,2026-08-04,2.695242416882835,2.3,0.1,0.24894730630532177,-1.127603469239581,3.5316813541751007
2025-10-29,KXGDPYEAR-25,2026-02-20,2.0497532893341948,2.3,2.3,-0.5452698524865298,4.469004360539039,0.5428536284293691
2025-10-29,KXGDPYEAR-26,2026-08-05,2.314779095176201,2.3,2.3,0.09744169529139075,12.718177246770306,0.24585382182900262
2025-10-29,KXGDPYEAR-27,2026-08-05,2.0076383085144998,1.8,1.8,0.37400640422233034,2.898797807861639,0.6732893756761689
2025-10-29,KXGDPYEAR-28,2026-08-04,2.4731462188993745,2.3,2.3,0.1400696034980221,-0.34308140549094945,2.8598708587524024
2025-10-29,KXGDPYEAR-29,2026-08-04,2.3444515498705965,2.3,2.8,0.03264685533572642,-0.4834652040264813,2.997886909329589
2025-10-29,KXGDPYEAR-30,2026-08-05,2.53,2.3,2.3,0.20390070921985817,-0.3831493711206555,2.1596999999999995
2025-10-29,KXGDPYEAR-31,2026-08-04,2.248014310493019,2.3,2.8,-0.037566168275753146,-0.7012489658312346,2.719168761277071
2025-10-29,KXGDPYEAR-32,2026-08-04,2.675002825369558,2.3,1.8,0.23810070525900007,-1.1546447091476657,3.45779719496512
2025-10-29,KXGDPYEAR-33,2026-08-05,2.8592210044753155,2.3,2.3,0.3689059934043657,-1.0555602215262991,3.4287871306045083
2025-10-29,KXGDPYEAR-34,2026-08-05,2.3636376657707103,2.3,0.1,0.04455795922498969,-0.6997330658180774,3.1110572835108945
2025-10-29,KXGDPYEAR-35,2026-08-04,2.749826891591256,2.8,1.8,-0.03218786147859579,-1.1621044533643832,3.3473672445211338
2025-10-29,KXGDPYEAR-36,2026-08-04,2.695242416882835,2.3,0.1,0.24894730630532177,-1.127603469239581,3.5316813541751007
2025-10-30,KXGDPYEAR-25,2026-02-20,2.0431256777317315,2.3,2.3,-0.553938133610605,4.4258332593263505,0.542980100938882
2025-10-30,KXGDPYEAR-26,2026-08-05,2.314779095176201,2.3,2.3,0.09744169529139075,12.718177246770306,0.24585382182900262
2025-10-30,KXGDPYEAR-27,2026-08-05,2.0076383085144998,1.8,1.8,0.37400640422233034,2.898797807861639,0.6732893756761689
2025-10-30,KXGDPYEAR-28,2026-08-04,2.4731462188993745,2.3,2.3,0.1400696034980221,-0.34308140549094945,2.8598708587524024
2025-10-30,KXGDPYEAR-29,2026-08-04,2.3444515498705965,2.3,2.8,0.03264685533572642,-0.4834652040264813,2.997886909329589
2025-10-30,KXGDPYEAR-30,2026-08-05,2.53,2.3,2.3,0.20390070921985817,-0.3831493711206555,2.1596999999999995
2025-10-30,KXGDPYEAR-31,2026-08-04,2.248014310493019,2.3,2.8,-0.037566168275753146,-0.7012489658312346,2.719168761277071
2025-10-30,KXGDPYEAR-32,2026-08-04,2.675002825369558,2.3,1.8,0.23810070525900007,-1.1546447091476657,3.45779719496512
2025-10-30,KXGDPYEAR-33,2026-08-05,2.8592210044753155,2.3,2.3,0.3689059934043657,-1.0555602215262991,3.4287871306045083
2025-10-30,KXGDPYEAR-34,2026-08-05,2.3636376657707103,2.3,0.1,0.04455795922498969,-0.6997330658180774,3.1110572835108945
2025-10-30,KXGDPYEAR-35,2026-08-04,2.749826891591256,2.8,1.8,-0.03218786147859579,-1.1621044533643832,3.3473672445211338
2025-10-30,KXGDPYEAR-36,2026-08-04,2.695242416882835,2.3,0.1,0.24894730630532177,-1.127603469239581,3.5316813541751007
2025-10-31,KXGDPYEAR-25,2026-02-20,2.0495083264383513,2.3,2.3,-0.5652122919144255,4.719979000785734,0.5212955892371479
2025-10-31,KXGDPYEAR-26,2026-08-05,2.314779095176201,2.3,2.3,0.09744169529139075,12.718177246770306,0.24585382182900262
2025-10-31,KXGDPYEAR-27,2026-08-05,2.0076383085144998,1.8,1.8,0.37400640422233034,2.898797807861639,0.6732893756761689
2025-10-31,KXGDPYEAR-28,2026-08-04,2.4731462188993745,2.3,2.3,0.1400696034980221,-0.34308140549094945,2.8598708587524024
2025-10-31,KXGDPYEAR-29,2026-08-04,2.3444515498705965,2.3,2.8,0.03264685533572642,-0.4834652040264813,2.997886909329589
2025-10-31,KXGDPYEAR-30,2026-08-05,2.53,2.3,2.3,0.20390070921985817,-0.3831493711206555,2.1596999999999995
2025-10-31,KXGDPYEAR-31,2026-08-04,2.248014310493019,2.3,2.8,-0.037566168275753146,-0.7012489658312346,2.719168761277071
2025-10-31,KXGDPYEAR-32,2026-08-04,2.675002825369558,2.3,1.8,0.23810070525900007,-1.1546447091476657,3.45779719496512
2025-10-31,KXGDPYEAR-33,2026-08-05,2.8592210044753155,2.3,2.3,0.3689059934043657,-1.0555602215262991,3.4287871306045083
2025-10-31,KXGDPYEAR-34,2026-08-05,2.3636376657707103,2.3,0.1,0.04455795922498969,-0.6997330658180774,3.1110572835108945
2025-10-31,KXGDPYEAR-35,2026-08-04,2.749826891591256,2.8,1.8,-0.03218786147859579,-1.1621044533643832,3.3473672445211338
2025-10-31,KXGDPYEAR-36,2026-08-04,2.695242416882835,2.3,0.1,0.24894730630532177,-1.127603469239581,3.5316813541751007
2025-11-01,KXGDPYEAR-25,2026-02-20,2.0301724001686643,2.3,2.3,-0.5787971891190851,4.494528670598567,0.5501437068563377
2025-11-01,KXGDPYEAR-26,2026-08-05,2.314779095176201,2.3,2.3,0.09744169529139075,12.718177246770306,0.24585382182900262
2025-11-01,KXGDPYEAR-27,2026-08-05,2.0076383085144998,1.8,1.8,0.37400640422233034,2.898797807861639,0.6732893756761689
2025-11-01,KXGDPYEAR-28,2026-08-04,2.4731462188993745,2.3,2.3,0.1400696034980221,-0.34308140549094945,2.8598708587524024
2025-11-01,KXGDPYEAR-29,2026-08-04,2.3444515498705965,2.3,2.8,0.03264685533572642,-0.4834652040264813,2.997886909329589
2025-11-01,KXGDPYEAR-30,2026-08-05,2.53,2.3,2.3,0.20390070921985817,-0.3831493711206555,2.1596999999999995
2025-11-01,KXGDPYEAR-31,2026-08-04,2.248014310493019,2.3,2.8,-0.037566168275753146,-0.7012489658312346,2.719168761277071
2025-11-01,KXGDPYEAR-32,2026-08-04,2.675002825369558,2.3,1.8,0.23810070525900007,-1.1546447091476657,3.45779719496512
2025-11-01,KXGDPYEAR-33,2026-08-05,2.8592210044753155,2.3,2.3,0.3689059934043657,-1.0555602215262991,3.4287871306045083
2025-11-01,KXGDPYEAR-34,2026-08-05,2.3636376657707103,2.3,0.1,0.04455795922498969,-0.6997330658180774,3.1110572835108945
2025-11-01,KXGDPYEAR-35,2026-08-04,2.749826891591256,2.8,1.8,-0.03218786147859579,-1.1621044533643832,3.3473672445211338
2025-11-01,KXGDPYEAR-36,2026-08-04,2.695242416882835,2.3,0.1,0.24894730630532177,-1.127603469239581,3.5316813541751007
2025-11-02,KXGDPYEAR-25,2026-02-20,2.0414780686091363,2.3,2.3,-0.566014892791534,4.471014754705504,0.5468030275484106
2025-11-02,KXGDPYEAR-26,2026-08-05,2.314779095176201,2.3,2.3,0.09744169529139075,12.718177246770306,0.24585382182900262
2025-11-02,KXGDPYEAR-27,2026-08-05,2.0076383085144998,1.8,1.8,0.37400640422233034,2.898797807861639,0.6732893756761689
2025-11-02,KXGDPYEAR-28,2026-08-04,2.4731462188993745,2.3,2.3,0.1400696034980221,-0.34308140549094945,2.8598708587524024
2025-11-02,KXGDPYEAR-29,2026-08-04,2.3444515498705965,2.3,2.8,0.03264685533572642,-0.4834652040264813,2.997886909329589
2025-11-02,KXGDPYEAR-30,2026-08-05,2.53,2.3,2.3,0.20390070921985817,-0.3831493711206555,2.1596999999999995
2025-11-02,KXGDPYEAR-31,2026-08-04,2.248014310493019,2.3,2.8,-0.037566168275753146,-0.7012489658312346,2.719168761277071
2025-11-02,KXGDPYEAR-32,2026-08-04,2.675002825369558,2.3,1.8,0.23810070525900007,-1.1546447091476657,3.45779719496512
2025-11-02,KXGDPYEAR-33,2026-08-05,2.8592210044753155,2.3,2.3,0.3689059934043657,-1.0555602215262991,3.4287871306045083
2025-11-02,KXGDPYEAR-34,2026-08-05,2.3636376657707103,2.3,0.1,0.04455795922498969,-0.6997330658180774,3.1110572835108945
2025-11-02,KXGDPYEAR-35,2026-08-04,2.749826891591256,2.8,1.8,-0.03218786147859579,-1.1621044533643832,3.3473672445211338
2025-11-02,KXGDPYEAR-36,2026-08-04,2.695242416882835,2.3,0.1,0.24894730630532177,-1.127603469239581,3.5316813541751007
2025-11-03,KXGDPYEAR-25,2026-02-20,2.034617415962932,2.3,2.3,-0.5698321971854515,4.432432931502061,0.5518181374235057
2025-11-03,KXGDPYEAR-26,2026-08-05,2.314779095176201,2.3,2.3,0.09744169529139075,12.718177246770306,0.24585382182900262
2025-11-03,KXGDPYEAR-27,2026-08-05,2.0076383085144998,1.8,1.8,0.37400640422233034,2.898797807861639,0.6732893756761689
2025-11-03,KXGDPYEAR-28,2026-08-04,2.4731462188993745,2.3,2.3,0.1400696034980221,-0.34308140549094945,2.8598708587524024
2025-11-03,KXGDPYEAR-29,2026-08-04,2.3444515498705965,2.3,2.8,0.03264685533572642,-0.4834652040264813,2.997886909329589
2025-11-03,KXGDPYEAR-30,2026-08-05,2.53,2.3,2.3,0.20390070921985817,-0.3831493711206555,2.1596999999999995
2025-11-03,KXGDPYEAR-31,2026-08-04,2.248014310493019,2.3,2.8,-0.037566168275753146,-0.7012489658312346,2.719168761277071
2025-11-03,KXGDPYEAR-32,2026-08-04,2.675002825369558,2.3,1.8,0.23810070525900007,-1.1546447091476657,3.45779719496512
2025-11-03,KXGDPYEAR-33,2026-08-05,2.8592210044753155,2.3,2.3,0.3689059934043657,-1.0555602215262991,3.4287871306045083
2025-11-03,KXGDPYEAR-34,2026-08-05,2.3636376657707103,2.3,0.1,0.04455795922498969,-0.6997330658180774,3.1110572835108945
2025-11-03,KXGDPYEAR-35,2026-08-04,2.749826891591256,2.8,1.8,-0.03218786147859579,-1.1621044533643832,3.3473672445211338
2025-11-03,KXGDPYEAR-36,2026-08-04,2.695242416882835,2.3,0.1,0.24894730630532177,-1.127603469239581,3.5316813541751007
2025-11-04,KXGDPYEAR-25,2026-02-20,2.025576296934909,2.3,2.3,-0.5836199750359684,4.462295351780134,0.5563883245613066
2025-11-04,KXGDPYEAR-26,2026-08-05,2.314779095176201,2.3,2.3,0.09744169529139075,12.718177246770306,0.24585382182900262
2025-11-04,KXGDPYEAR-27,2026-08-05,2.0076383085144998,1.8,1.8,0.37400640422233034,2.898797807861639,0.6732893756761689
2025-11-04,KXGDPYEAR-28,2026-08-04,2.4731462188993745,2.3,2.3,0.1400696034980221,-0.34308140549094945,2.8598708587524024
2025-11-04,KXGDPYEAR-29,2026-08-04,2.3444515498705965,2.3,2.8,0.03264685533572642,-0.4834652040264813,2.997886909329589
2025-11-04,KXGDPYEAR-30,2026-08-05,2.53,2.3,2.3,0.20390070921985817,-0.3831493711206555,2.1596999999999995
2025-11-04,KXGDPYEAR-31,2026-08-04,2.248014310493019,2.3,2.8,-0.037566168275753146,-0.7012489658312346,2.719168761277071
2025-11-04,KXGDPYEAR-32,2026-08-04,2.675002825369558,2.3,1.8,0.23810070525900007,-1.1546447091476657,3.45779719496512
2025-11-04,KXGDPYEAR-33,2026-08-05,2.8592210044753155,2.3,2.3,0.3689059934043657,-1.0555602215262991,3.4287871306045083
2025-11-04,KXGDPYEAR-34,2026-08-05,2.3636376657707103,2.3,0.1,0.04455795922498969,-0.6997330658180774,3.1110572835108945
2025-11-04,KXGDPYEAR-35,2026-08-04,2.749826891591256,2.8,1.8,-0.03218786147859579,-1.1621044533643832,3.3473672445211338
2025-11-04,KXGDPYEAR-36,2026-08-04,2.695242416882835,2.3,0.1,0.24894730630532177,-1.127603469239581,3.5316813541751007
2025-11-05,KXGDPYEAR-25,2026-02-20,2.05740613300062,2.3,2.3,-0.5531261068137802,4.592715243396863,0.5223072836934322
2025-11-05,KXGDPYEAR-26,2026-08-05,2.314779095176201,2.3,2.3,0.09744169529139075,12.718177246770306,0.24585382182900262
2025-11-05,KXGDPYEAR-27,2026-08-05,2.0076383085144998,1.8,1.8,0.37400640422233034,2.898797807861639,0.6732893756761689
2025-11-05,KXGDPYEAR-28,2026-08-04,2.4731462188993745,2.3,2.3,0.1400696034980221,-0.34308140549094945,2.8598708587524024
2025-11-05,KXGDPYEAR-29,2026-08-04,2.3444515498705965,2.3,2.8,0.03264685533572642,-0.4834652040264813,2.997886909329589
2025-11-05,KXGDPYEAR-30,2026-08-05,2.53,2.3,2.3,0.20390070921985817,-0.3831493711206555,2.1596999999999995
2025-11-05,KXGDPYEAR-31,2026-08-04,2.248014310493019,2.3,2.8,-0.037566168275753146,-0.7012489658312346,2.719168761277071
2025-11-05,KXGDPYEAR-32,2026-08-04,2.675002825369558,2.3,1.8,0.23810070525900007,-1.1546447091476657,3.45779719496512
2025-11-05,KXGDPYEAR-33,2026-08-05,2.8592210044753155,2.3,2.3,0.3689059934043657,-1.0555602215262991,3.4287871306045083
2025-11-05,KXGDPYEAR-34,2026-08-05,2.3636376657707103,2.3,0.1,0.04455795922498969,-0.6997330658180774,3.1110572835108945
2025-11-05,KXGDPYEAR-35,2026-08-04,2.749826891591256,2.8,1.8,-0.03218786147859579,-1.1621044533643832,3.3473672445211338
2025-11-05,KXGDPYEAR-36,2026-08-04,2.695242416882835,2.3,0.1,0.24894730630532177,-1.127603469239581,3.5316813541751007
2025-11-06,KXGDPYEAR-25,2026-02-20,2.0455168977260776,2.3,2.3,-0.5598169658445769,4.582323328234503,0.5283409098308897
2025-11-06,KXGDPYEAR-26,2026-08-05,2.314779095176201,2.3,2.3,0.09744169529139075,12.718177246770306,0.24585382182900262
2025-11-06,KXGDPYEAR-27,2026-08-05,2.0076383085144998,1.8,1.8,0.37400640422233034,2.898797807861639,0.6732893756761689
2025-11-06,KXGDPYEAR-28,2026-08-04,2.4731462188993745,2.3,2.3,0.1400696034980221,-0.34308140549094945,2.8598708587524024
2025-11-06,KXGDPYEAR-29,2026-08-04,2.3444515498705965,2.3,2.8,0.03264685533572642,-0.4834652040264813,2.997886909329589
2025-11-06,KXGDPYEAR-30,2026-08-05,2.53,2.3,2.3,0.20390070921985817,-0.3831493711206555,2.1596999999999995
2025-11-06,KXGDPYEAR-31,2026-08-04,2.248014310493019,2.3,2.8,-0.037566168275753146,-0.7012489658312346,2.719168761277071
2025-11-06,KXGDPYEAR-32,2026-08-04,2.675002825369558,2.3,1.8,0.23810070525900007,-1.1546447091476657,3.45779719496512
2025-11-06,KXGDPYEAR-33,2026-08-05,2.8592210044753155,2.3,2.3,0.3689059934043657,-1.0555602215262991,3.4287871306045083
2025-11-06,KXGDPYEAR-34,2026-08-05,2.3636376657707103,2.3,0.1,0.04455795922498969,-0.6997330658180774,3.1110572835108945
2025-11-06,KXGDPYEAR-35,2026-08-04,2.749826891591256,2.8,1.8,-0.03218786147859579,-1.1621044533643832,3.3473672445211338
2025-11-06,KXGDPYEAR-36,2026-08-04,2.695242416882835,2.3,0.1,0.24894730630532177,-1.127603469239581,3.5316813541751007
2025-11-07,KXGDPYEAR-25,2026-02-20,2.090603346258253,2.3,2.3,-0.5109959339762962,6.25540839704942,0.4693266441535935
2025-11-07,KXGDPYEAR-26,2026-08-05,2.314779095176201,2.3,2.3,0.09744169529139075,12.718177246770306,0.24585382182900262
2025-11-07,KXGDPYEAR-27,2026-08-05,2.0076383085144998,1.8,1.8,0.37400640422233034,2.898797807861639,0.6732893756761689
2025-11-07,KXGDPYEAR-28,2026-08-04,2.4731462188993745,2.3,2.3,0.1400696034980221,-0.34308140549094945,2.8598708587524024
2025-11-07,KXGDPYEAR-29,2026-08-04,2.3444515498705965,2.3,2.8,0.03264685533572642,-0.4834652040264813,2.997886909329589
2025-11-07,KXGDPYEAR-30,2026-08-05,2.53,2.3,2.3,0.20390070921985817,-0.3831493711206555,2.1596999999999995
2025-11-07,KXGDPYEAR-31,2026-08-04,2.248014310493019,2.3,2.8,-0.037566168275753146,-0.7012489658312346,2.719168761277071
2025-11-07,KXGDPYEAR-32,2026-08-04,2.675002825369558,2.3,1.8,0.23810070525900007,-1.1546447091476657,3.45779719496512
2025-11-07,KXGDPYEAR-33,2026-08-05,2.8592210044753155,2.3,2.3,0.3689059934043657,-1.0555602215262991,3.4287871306045083
2025-11-07,KXGDPYEAR-34,2026-08-05,2.3636376657707103,2.3,0.1,0.04455795922498969,-0.6997330658180774,3.1110572835108945
2025-11-07,KXGDPYEAR-35,2026-08-04,2.749826891591256,2.8,1.8,-0.03218786147859579,-1.1621044533643832,3.3473672445211338
2025-11-07,KXGDPYEAR-36,2026-08-04,2.695242416882835,2.3,0.1,0.24894730630532177,-1.127603469239581,3.5316813541751007
2025-11-08,KXGDPYEAR-25,2026-02-20,2.103885803722615,2.3,2.3,-0.4979112372910001,6.463889010688536,0.4502434957968148
2025-11-08,KXGDPYEAR-26,2026-08-05,2.314779095176201,2.3,2.3,0.09744169529139075,12.718177246770306,0.24585382182900262
2025-11-08,KXGDPYEAR-27,2026-08-05,2.0076383085144998,1.8,1.8,0.37400640422233034,2.898797807861639,0.6732893756761689
2025-11-08,KXGDPYEAR-28,2026-08-04,2.4731462188993745,2.3,2.3,0.1400696034980221,-0.34308140549094945,2.8598708587524024
2025-11-08,KXGDPYEAR-29,2026-08-04,2.3444515498705965,2.3,2.8,0.03264685533572642,-0.4834652040264813,2.997886909329589
2025-11-08,KXGDPYEAR-30,2026-08-05,2.53,2.3,2.3,0.20390070921985817,-0.3831493711206555,2.1596999999999995
2025-11-08,KXGDPYEAR-31,2026-08-04,2.248014310493019,2.3,2.8,-0.037566168275753146,-0.7012489658312346,2.719168761277071
2025-11-08,KXGDPYEAR-32,2026-08-04,2.675002825369558,2.3,1.8,0.23810070525900007,-1.1546447091476657,3.45779719496512
2025-11-08,KXGDPYEAR-33,2026-08-05,2.8592210044753155,2.3,2.3,0.3689059934043657,-1.0555602215262991,3.4287871306045083
2025-11-08,KXGDPYEAR-34,2026-08-05,2.3636376657707103,2.3,0.1,0.04455795922498969,-0.6997330658180774,3.1110572835108945
2025-11-08,KXGDPYEAR-35,2026-08-04,2.749826891591256,2.8,1.8,-0.03218786147859579,-1.1621044533643832,3.3473672445211338
2025-11-08,KXGDPYEAR-36,2026-08-04,2.695242416882835,2.3,0.1,0.24894730630532177,-1.127603469239581,3.5316813541751007
2025-11-09,KXGDPYEAR-25,2026-02-20,2.10588488465621,2.3,2.3,-0.49720073471653736,6.526155560607098,0.44686626976155297
2025-11-09,KXGDPYEAR-26,2026-08-05,2.314779095176201,2.3,2.3,0.09744169529139075,12.718177246770306,0.24585382182900262
2025-11-09,KXGDPYEAR-27,2026-08-05,2.0076383085144998,1.8,1.8,0.37400640422233034,2.898797807861639,0.6732893756761689
2025-11-09,KXGDPYEAR-28,2026-08-04,2.4731462188993745,2.3,2.3,0.1400696034980221,-0.34308140549094945,2.8598708587524024
2025-11-09,KXGDPYEAR-29,2026-08-04,2.3444515498705965,2.3,2.8,0.03264685533572642,-0.4834652040264813,2.997886909329589
2025-11-09,KXGDPYEAR-30,2026-08-05,2.53,2.3,2.3,0.20390070921985817,-0.3831493711206555,2.1596999999999995
2025-11-09,KXGDPYEAR-31,2026-08-04,2.248014310493019,2.3,2.8,-0.037566168275753146,-0.7012489658312346,2.719168761277071
2025-11-09,KXGDPYEAR-32,2026-08-04,2.675002825369558,2.3,1.8,0.23810070525900007,-1.1546447091476657,3.45779719496512
2025-11-09,KXGDPYEAR-33,2026-08-05,2.8592210044753155,2.3,2.3,0.3689059934043657,-1.0555602215262991,3.4287871306045083
2025-11-09,KXGDPYEAR-34,2026-08-05,2.3636376657707103,2.3,0.1,0.04455795922498969,-0.6997330658180774,3.1110572835108945
2025-11-09,KXGDPYEAR-35,2026-08-04,2.749826891591256,2.8,1.8,-0.03218786147859579,-1.1621044533643832,3.3473672445211338
2025-11-09,KXGDPYEAR-36,2026-08-04,2.695242416882835,2.3,0.1,0.24894730630532177,-1.127603469239581,3.5316813541751007
2025-11-10,KXGDPYEAR-25,2026-02-20,2.0996991300274597,2.3,2.3,-0.5142714927868931,6.64352947835609,0.44653166573988806
2025-11-10,KXGDPYEAR-26,2026-08-05,2.314779095176201,2.3,2.3,0.09744169529139075,12.718177246770306,0.24585382182900262
2025-11-10,KXGDPYEAR-27,2026-08-05,2.0076383085144998,1.8,1.8,0.37400640422233034,2.898797807861639,0.6732893756761689
2025-11-10,KXGDPYEAR-28,2026-08-04,2.4731462188993745,2.3,2.3,0.1400696034980221,-0.34308140549094945,2.8598708587524024
2025-11-10,KXGDPYEAR-29,2026-08-04,2.3444515498705965,2.3,2.8,0.03264685533572642,-0.4834652040264813,2.997886909329589
2025-11-10,KXGDPYEAR-30,2026-08-05,2.53,2.3,2.3,0.20390070921985817,-0.3831493711206555,2.1596999999999995
2025-11-10,KXGDPYEAR-31,2026-08-04,2.248014310493019,2.3,2.8,-0.037566168275753146,-0.7012489658312346,2.719168761277071
2025-11-10,KXGDPYEAR-32,2026-08-04,2.675002825369558,2.3,1.8,0.23810070525900007,-1.1546447091476657,3.45779719496512
2025-11-10,KXGDPYEAR-33,2026-08-05,2.8592210044753155,2.3,2.3,0.3689059934043657,-1.0555602215262991,3.4287871306045083
2025-11-10,KXGDPYEAR-34,2026-08-05,2.3636376657707103,2.3,0.1,0.04455795922498969,-0.6997330658180774,3.1110572835108945
2025-11-10,KXGDPYEAR-35,2026-08-04,2.749826891591256,2.8,1.8,-0.03218786147859579,-1.1621044533643832,3.3473672445211338
2025-11-10,KXGDPYEAR-36,2026-08-04,2.695242416882835,2.3,0.1,0.24894730630532177,-1.127603469239581,3.5316813541751007
2025-11-11,KXGDPYEAR-25,2026-02-20,2.089302656459361,2.3,2.3,-0.5122050934821697,6.311795199873609,0.46443680434154966
2025-11-11,KXGDPYEAR-26,2026-08-05,2.314779095176201,2.3,2.3,0.09744169529139075,12.718177246770306,0.24585382182900262
2025-11-11,KXGDPYEAR-27,2026-08-05,2.0076383085144998,1.8,1.8,0.37400640422233034,2.898797807861639,0.6732893756761689
2025-11-11,KXGDPYEAR-28,2026-08-04,2.4731462188993745,2.3,2.3,0.1400696034980221,-0.34308140549094945,2.8598708587524024
2025-11-11,KXGDPYEAR-29,2026-08-04,2.3444515498705965,2.3,2.8,0.03264685533572642,-0.4834652040264813,2.997886909329589
2025-11-11,KXGDPYEAR-30,2026-08-05,2.53,2.3,2.3,0.20390070921985817,-0.3831493711206555,2.1596999999999995
2025-11-11,KXGDPYEAR-31,2026-08-04,2.248014310493019,2.3,2.8,-0.037566168275753146,-0.7012489658312346,2.719168761277071
2025-11-11,KXGDPYEAR-32,2026-08-04,2.675002825369558,2.3,1.8,0.23810070525900007,-1.1546447091476657,3.45779719496512
2025-11-11,KXGDPYEAR-33,2026-08-05,2.8592210044753155,2.3,2.3,0.3689059934043657,-1.0555602215262991,3.4287871306045083
2025-11-11,KXGDPYEAR-34,2026-08-05,2.3636376657707103,2.3,0.1,0.04455795922498969,-0.6997330658180774,3.1110572835108945
2025-11-11,KXGDPYEAR-35,2026-08-04,2.749826891591256,2.8,1.8,-0.03218786147859579,-1.1621044533643832,3.3473672445211338
2025-11-11,KXGDPYEAR-36,2026-08-04,2.695242416882835,2.3,0.1,0.24894730630532177,-1.127603469239581,3.5316813541751007
2025-11-12,KXGDPYEAR-25,2026-02-20,2.1027253324472075,2.3,2.3,-0.48441801326489853,5.986240150948287,0.481921735186354
2025-11-12,KXGDPYEAR-26,2026-08-05,2.314779095176201,2.3,2.3,0.09744169529139075,12.718177246770306,0.24585382182900262
2025-11-12,KXGDPYEAR-27,2026-08-05,2.0076383085144998,1.8,1.8,0.37400640422233034,2.898797807861639,0.6732893756761689
2025-11-12,KXGDPYEAR-28,2026-08-04,2.4731462188993745,2.3,2.3,0.1400696034980221,-0.34308140549094945,2.8598708587524024
2025-11-12,KXGDPYEAR-29,2026-08-04,2.3444515498705965,2.3,2.8,0.03264685533572642,-0.4834652040264813,2.997886909329589
2025-11-12,KXGDPYEAR-30,2026-08-05,2.53,2.3,2.3,0.20390070921985817,-0.3831493711206555,2.1596999999999995
2025-11-12,KXGDPYEAR-31,2026-08-04,2.248014310493019,2.3,2.8,-0.037566168275753146,-0.7012489658312346,2.719168761277071
2025-11-12,KXGDPYEAR-32,2026-08-04,2.675002825369558,2.3,1.8,0.23810070525900007,-1.1546447091476657,3.45779719496512
2025-11-12,KXGDPYEAR-33,2026-08-05,2.8592210044753155,2.3,2.3,0.3689059934043657,-1.0555602215262991,3.4287871306045083
2025-11-12,KXGDPYEAR-34,2026-08-05,2.3636376657707103,2.3,0.1,0.04455795922498969,-0.6997330658180774,3.1110572835108945
2025-11-12,KXGDPYEAR-35,2026-08-04,2.749826891591256,2.8,1.8,-0.03218786147859579,-1.1621044533643832,3.3473672445211338
2025-11-12,KXGDPYEAR-36,2026-08-04,2.695242416882835,2.3,0.1,0.24894730630532177,-1.127603469239581,3.5316813541751007
2025-11-13,KXGDPYEAR-25,2026-02-20,2.127245018336676,2.3,2.3,-0.44257671651725783,6.524609886612533,0.44973972315750843
2025-11-13,KXGDPYEAR-26,2026-08-05,2.314779095176201,2.3,2.3,0.09744169529139075,12.718177246770306,0.24585382182900262
2025-11-13,KXGDPYEAR-27,2026-08-05,2.0076383085144998,1.8,1.8,0.37400640422233034,2.898797807861639,0.6732893756761689
2025-11-13,KXGDPYEAR-28,2026-08-04,2.4731462188993745,2.3,2.3,0.1400696034980221,-0.34308140549094945,2.8598708587524024
2025-11-13,KXGDPYEAR-29,2026-08-04,2.3444515498705965,2.3,2.8,0.03264685533572642,-0.4834652040264813,2.997886909329589
2025-11-13,KXGDPYEAR-30,2026-08-05,2.53,2.3,2.3,0.20390070921985817,-0.3831493711206555,2.1596999999999995
2025-11-13,KXGDPYEAR-31,2026-08-04,2.248014310493019,2.3,2.8,-0.037566168275753146,-0.7012489658312346,2.719168761277071
2025-11-13,KXGDPYEAR-32,2026-08-04,2.675002825369558,2.3,1.8,0.23810070525900007,-1.1546447091476657,3.45779719496512
2025-11-13,KXGDPYEAR-33,2026-08-05,2.8592210044753155,2.3,2.3,0.3689059934043657,-1.0555602215262991,3.4287871306045083
2025-11-13,KXGDPYEAR-34,2026-08-05,2.3636376657707103,2.3,0.1,0.04455795922498969,-0.6997330658180774,3.1110572835108945
2025-11-13,KXGDPYEAR-35,2026-08-04,2.749826891591256,2.8,1.8,-0.03218786147859579,-1.1621044533643832,3.3473672445211338
2025-11-13,KXGDPYEAR-36,2026-08-04,2.695242416882835,2.3,0.1,0.24894730630532177,-1.127603469239581,3.5316813541751007
2025-11-14,KXGDPYEAR-25,2026-02-20,2.1054674042937433,2.3,2.3,-0.47383882026584256,5.993707424359588,0.46799431455732327
2025-11-14,KXGDPYEAR-26,2026-08-05,2.314779095176201,2.3,2.3,0.09744169529139075,12.718177246770306,0.24585382182900262
2025-11-14,KXGDPYEAR-27,2026-08-05,2.0076383085144998,1.8,1.8,0.37400640422233034,2.898797807861639,0.6732893756761689
2025-11-14,KXGDPYEAR-28,2026-08-04,2.4731462188993745,2.3,2.3,0.1400696034980221,-0.34308140549094945,2.8598708587524024
2025-11-14,KXGDPYEAR-29,2026-08-04,2.3444515498705965,2.3,2.8,0.03264685533572642,-0.4834652040264813,2.997886909329589
2025-11-14,KXGDPYEAR-30,2026-08-05,2.53,2.3,2.3,0.20390070921985817,-0.3831493711206555,2.1596999999999995
2025-11-14,KXGDPYEAR-31,2026-08-04,2.248014310493019,2.3,2.8,-0.037566168275753146,-0.7012489658312346,2.719168761277071
2025-11-14,KXGDPYEAR-32,2026-08-04,2.675002825369558,2.3,1.8,0.23810070525900007,-1.1546447091476657,3.45779719496512
2025-11-14,KXGDPYEAR-33,2026-08-05,2.8592210044753155,2.3,2.3,0.3689059934043657,-1.0555602215262991,3.4287871306045083
2025-11-14,KXGDPYEAR-34,2026-08-05,2.3636376657707103,2.3,0.1,0.04455795922498969,-0.6997330658180774,3.1110572835108945
2025-11-14,KXGDPYEAR-35,2026-08-04,2.749826891591256,2.8,1.8,-0.03218786147859579,-1.1621044533643832,3.3473672445211338
2025-11-14,KXGDPYEAR-36,2026-08-04,2.695242416882835,2.3,0.1,0.24894730630532177,-1.127603469239581,3.5316813541751007
2025-11-15,KXGDPYEAR-25,2026-02-20,2.0810705130990135,2.3,2.3,-0.5311976218335921,6.542538704829273,0.45333894176292466
2025-11-15,KXGDPYEAR-26,2026-08-05,2.314779095176201,2.3,2.3,0.09744169529139075,12.718177246770306,0.24585382182900262
2025-11-15,KXGDPYEAR-27,2026-08-05,2.0076383085144998,1.8,1.8,0.37400640422233034,2.898797807861639,0.6732893756761689
2025-11-15,KXGDPYEAR-28,2026-08-04,2.4731462188993745,2.3,2.3,0.1400696034980221,-0.34308140549094945,2.8598708587524024
2025-11-15,KXGDPYEAR-29,2026-08-04,2.3444515498705965,2.3,2.8,0.03264685533572642,-0.4834652040264813,2.997886909329589
2025-11-15,KXGDPYEAR-30,2026-08-05,2.53,2.3,2.3,0.20390070921985817,-0.3831493711206555,2.1596999999999995
2025-11-15,KXGDPYEAR-31,2026-08-04,2.248014310493019,2.3,2.8,-0.037566168275753146,-0.7012489658312346,2.719168761277071
2025-11-15,KXGDPYEAR-32,2026-08-04,2.675002825369558,2.3,1.8,0.23810070525900007,-1.1546447091476657,3.45779719496512
2025-11-15,KXGDPYEAR-33,2026-08-05,2.8592210044753155,2.3,2.3,0.3689059934043657,-1.0555602215262991,3.4287871306045083
2025-11-15,KXGDPYEAR-34,2026-08-05,2.3636376657707103,2.3,0.1,0.04455795922498969,-0.6997330658180774,3.1110572835108945
2025-11-15,KXGDPYEAR-35,2026-08-04,2.749826891591256,2.8,1.8,-0.03218786147859579,-1.1621044533643832,3.3473672445211338
2025-11-15,KXGDPYEAR-36,2026-08-04,2.695242416882835,2.3,0.1,0.24894730630532177,-1.127603469239581,3.5316813541751007
2025-11-16,KXGDPYEAR-25,2026-02-20,2.075113605987704,2.3,2.3,-0.5481138836406284,6.198927582561215,0.4628530009937062
2025-11-16,KXGDPYEAR-26,2026-08-05,2.314779095176201,2.3,2.3,0.09744169529139075,12.718177246770306,0.24585382182900262
2025-11-16,KXGDPYEAR-27,2026-08-05,2.0076383085144998,1.8,1.8,0.37400640422233034,2.898797807861639,0.6732893756761689
2025-11-16,KXGDPYEAR-28,2026-08-04,2.4731462188993745,2.3,2.3,0.1400696034980221,-0.34308140549094945,2.8598708587524024
2025-11-16,KXGDPYEAR-29,2026-08-04,2.3444515498705965,2.3,2.8,0.03264685533572642,-0.4834652040264813,2.997886909329589
2025-11-16,KXGDPYEAR-30,2026-08-05,2.53,2.3,2.3,0.20390070921985817,-0.3831493711206555,2.1596999999999995
2025-11-16,KXGDPYEAR-31,2026-08-04,2.248014310493019,2.3,2.8,-0.037566168275753146,-0.7012489658312346,2.719168761277071
2025-11-16,KXGDPYEAR-32,2026-08-04,2.675002825369558,2.3,1.8,0.23810070525900007,-1.1546447091476657,3.45779719496512
2025-11-16,KXGDPYEAR-33,2026-08-05,2.8592210044753155,2.3,2.3,0.3689059934043657,-1.0555602215262991,3.4287871306045083
2025-11-16,KXGDPYEAR-34,2026-08-05,2.3636376657707103,2.3,0.1,0.04455795922498969,-0.6997330658180774,3.1110572835108945
2025-11-16,KXGDPYEAR-35,2026-08-04,2.749826891591256,2.8,1.8,-0.03218786147859579,-1.1621044533643832,3.3473672445211338
2025-11-16,KXGDPYEAR-36,2026-08-04,2.695242416882835,2.3,0.1,0.24894730630532177,-1.127603469239581,3.5316813541751007
2025-11-17,KXGDPYEAR-25,2026-02-20,2.077828787469619,2.3,2.3,-0.5209196631466383,5.837776652753648,0.47329815738174147
2025-11-17,KXGDPYEAR-26,2026-08-05,2.314779095176201,2.3,2.3,0.09744169529139075,12.718177246770306,0.24585382182900262
2025-11-17,KXGDPYEAR-27,2026-08-05,2.0076383085144998,1.8,1.8,0.37400640422233034,2.898797807861639,0.6732893756761689
2025-11-17,KXGDPYEAR-28,2026-08-04,2.4731462188993745,2.3,2.3,0.1400696034980221,-0.34308140549094945,2.8598708587524024
2025-11-17,KXGDPYEAR-29,2026-08-04,2.3444515498705965,2.3,2.8,0.03264685533572642,-0.4834652040264813,2.997886909329589
2025-11-17,KXGDPYEAR-30,2026-08-05,2.53,2.3,2.3,0.20390070921985817,-0.3831493711206555,2.1596999999999995
2025-11-17,KXGDPYEAR-31,2026-08-04,2.248014310493019,2.3,2.8,-0.037566168275753146,-0.7012489658312346,2.719168761277071
2025-11-17,KXGDPYEAR-32,2026-08-04,2.675002825369558,2.3,1.8,0.23810070525900007,-1.1546447091476657,3.45779719496512
2025-11-17,KXGDPYEAR-33,2026-08-05,2.8592210044753155,2.3,2.3,0.3689059934043657,-1.0555602215262991,3.4287871306045083
2025-11-17,KXGDPYEAR-34,2026-08-05,2.3636376657707103,2.3,0.1,0.04455795922498969,-0.6997330658180774,3.1110572835108945
2025-11-17,KXGDPYEAR-35,2026-08-04,2.749826891591256,2.8,1.8,-0.03218786147859579,-1.1621044533643832,3.3473672445211338
2025-11-17,KXGDPYEAR-36,2026-08-04,2.695242416882835,2.3,0.1,0.24894730630532177,-1.127603469239581,3.5316813541751007
2025-11-18,KXGDPYEAR-25,2026-02-20,2.0825688073394497,2.3,2.3,-0.5140997830802596,5.787115962974786,0.4753842269169261
2025-11-18,KXGDPYEAR-26,2026-08-05,2.314779095176201,2.3,2.3,0.09744169529139075,12.718177246770306,0.24585382182900262
2025-11-18,KXGDPYEAR-27,2026-08-05,2.0076383085144998,1.8,1.8,0.37400640422233034,2.898797807861639,0.6732893756761689
2025-11-18,KXGDPYEAR-28,2026-08-04,2.4731462188993745,2.3,2.3,0.1400696034980221,-0.34308140549094945,2.8598708587524024
2025-11-18,KXGDPYEAR-29,2026-08-04,2.3444515498705965,2.3,2.8,0.03264685533572642,-0.4834652040264813,2.997886909329589
2025-11-18,KXGDPYEAR-30,2026-08-05,2.53,2.3,2.3,0.20390070921985817,-0.3831493711206555,2.1596999999999995
2025-11-18,KXGDPYEAR-31,2026-08-04,2.248014310493019,2.3,2.8,-0.037566168275753146,-0.7012489658312346,2.719168761277071
2025-11-18,KXGDPYEAR-32,2026-08-04,2.675002825369558,2.3,1.8,0.23810070525900007,-1.1546447091476657,3.45779719496512
2025-11-18,KXGDPYEAR-33,2026-08-05,2.8592210044753155,2.3,2.3,0.3689059934043657,-1.0555602215262991,3.4287871306045083
2025-11-18,KXGDPYEAR-34,2026-08-05,2.3636376657707103,2.3,0.1,0.04455795922498969,-0.6997330658180774,3.1110572835108945
2025-11-18,KXGDPYEAR-35,2026-08-04,2.749826891591256,2.8,1.8,-0.03218786147859579,-1.1621044533643832,3.3473672445211338
2025-11-18,KXGDPYEAR-36,2026-08-04,2.695242416882835,2.3,0.1,0.24894730630532177,-1.127603469239581,3.5316813541751007
2025-11-19,KXGDPYEAR-25,2026-02-20,2.078718695398952,2.3,2.3,-0.5193133047210299,5.8193032944448895,0.47424599949323093
2025-11-19,KXGDPYEAR-26,2026-08-05,2.314779095176201,2.3,2.3,0.09744169529139075,12.718177246770306,0.24585382182900262
2025-11-19,KXGDPYEAR-27,2026-08-05,2.0076383085144998,1.8,1.8,0.37400640422233034,2.898797807861639,0.6732893756761689
2025-11-19,KXGDPYEAR-28,2026-08-04,2.4731462188993745,2.3,2.3,0.1400696034980221,-0.34308140549094945,2.8598708587524024
2025-11-19,KXGDPYEAR-29,2026-08-04,2.3444515498705965,2.3,2.8,0.03264685533572642,-0.4834652040264813,2.997886909329589
2025-11-19,KXGDPYEAR-30,2026-08-05,2.53,2.3,2.3,0.20390070921985817,-0.3831493711206555,2.1596999999999995
2025-11-19,KXGDPYEAR-31,2026-08-04,2.248014310493019,2.3,2.8,-0.037566168275753146,-0.7012489658312346,2.719168761277071
2025-11-19,KXGDPYEAR-32,2026-08-04,2.675002825369558,2.3,1.8,0.23810070525900007,-1.1546447091476657,3.45779719496512
2025-11-19,KXGDPYEAR-33,2026-08-05,2.8592210044753155,2.3,2.3,0.3689059934043657,-1.0555602215262991,3.4287871306045083
2025-11-19,KXGDPYEAR-34,2026-08-05,2.3636376657707103,2.3,0.1,0.04455795922498969,-0.6997330658180774,3.1110572835108945
2025-11-19,KXGDPYEAR-35,2026-08-04,2.749826891591256,2.8,1.8,-0.03218786147859579,-1.1621044533643832,3.3473672445211338
2025-11-19,KXGDPYEAR-36,2026-08-04,2.695242416882835,2.3,0.1,0.24894730630532177,-1.127603469239581,3.5316813541751007
2025-11-20,KXGDPYEAR-25,2026-02-20,2.081779832858617,2.3,2.3,-0.5167166959942039,5.873142690372026,0.47146620877560536
2025-11-20,KXGDPYEAR-26,2026-08-05,2.314779095176201,2.3,2.3,0.09744169529139075,12.718177246770306,0.24585382182900262
2025-11-20,KXGDPYEAR-27,2026-08-05,2.0076383085144998,1.8,1.8,0.37400640422233034,2.898797807861639,0.6732893756761689
2025-11-20,KXGDPYEAR-28,2026-08-04,2.4731462188993745,2.3,2.3,0.1400696034980221,-0.34308140549094945,2.8598708587524024
2025-11-20,KXGDPYEAR-29,2026-08-04,2.3444515498705965,2.3,2.8,0.03264685533572642,-0.4834652040264813,2.997886909329589
2025-11-20,KXGDPYEAR-30,2026-08-05,2.53,2.3,2.3,0.20390070921985817,-0.3831493711206555,2.1596999999999995
2025-11-20,KXGDPYEAR-31,2026-08-04,2.248014310493019,2.3,2.8,-0.037566168275753146,-0.7012489658312346,2.719168761277071
2025-11-20,KXGDPYEAR-32,2026-08-04,2.675002825369558,2.3,1.8,0.23810070525900007,-1.1546447091476657,3.45779719496512
2025-11-20,KXGDPYEAR-33,2026-08-05,2.8592210044753155,2.3,2.3,0.3689059934043657,-1.0555602215262991,3.4287871306045083
2025-11-20,KXGDPYEAR-34,2026-08-05,2.3636376657707103,2.3,0.1,0.04455795922498969,-0.6997330658180774,3.1110572835108945
2025-11-20,KXGDPYEAR-35,2026-08-04,2.749826891591256,2.8,1.8,-0.03218786147859579,-1.1621044533643832,3.3473672445211338
2025-11-20,KXGDPYEAR-36,2026-08-04,2.695242416882835,2.3,0.1,0.24894730630532177,-1.127603469239581,3.5316813541751007
2025-11-21,KXGDPYEAR-25,2026-02-20,2.077226271389571,2.3,2.3,-0.5218745099796156,5.886179767719931,0.47173074782728563
2025-11-21,KXGDPYEAR-26,2026-08-05,2.314779095176201,2.3,2.3,0.09744169529139075,12.718177246770306,0.24585382182900262
2025-11-21,KXGDPYEAR-27,2026-08-05,2.0076383085144998,1.8,1.8,0.37400640422233034,2.898797807861639,0.6732893756761689
2025-11-21,KXGDPYEAR-28,2026-08-04,2.4731462188993745,2.3,2.3,0.1400696034980221,-0.34308140549094945,2.8598708587524024
2025-11-21,KXGDPYEAR-29,2026-08-04,2.3444515498705965,2.3,2.8,0.03264685533572642,-0.4834652040264813,2.997886909329589
2025-11-21,KXGDPYEAR-30,2026-08-05,2.53,2.3,2.3,0.20390070921985817,-0.3831493711206555,2.1596999999999995
2025-11-21,KXGDPYEAR-31,2026-08-04,2.248014310493019,2.3,2.8,-0.037566168275753146,-0.7012489658312346,2.719168761277071
2025-11-21,KXGDPYEAR-32,2026-08-04,2.675002825369558,2.3,1.8,0.23810070525900007,-1.1546447091476657,3.45779719496512
2025-11-21,KXGDPYEAR-33,2026-08-05,2.8592210044753155,2.3,2.3,0.3689059934043657,-1.0555602215262991,3.4287871306045083
2025-11-21,KXGDPYEAR-34,2026-08-05,2.3636376657707103,2.3,0.1,0.04455795922498969,-0.6997330658180774,3.1110572835108945
2025-11-21,KXGDPYEAR-35,2026-08-04,2.749826891591256,2.8,1.8,-0.03218786147859579,-1.1621044533643832,3.3473672445211338
2025-11-21,KXGDPYEAR-36,2026-08-04,2.695242416882835,2.3,0.1,0.24894730630532177,-1.127603469239581,3.5316813541751007
2025-11-22,KXGDPYEAR-25,2026-02-20,2.0728928349560194,2.3,2.3,-0.5223456910605223,5.7826159446744665,0.4795404508575329
2025-11-22,KXGDPYEAR-26,2026-08-05,2.314779095176201,2.3,2.3,0.09744169529139075,12.718177246770306,0.24585382182900262
2025-11-22,KXGDPYEAR-27,2026-08-05,2.0076383085144998,1.8,1.8,0.37400640422233034,2.898797807861639,0.6732893756761689
2025-11-22,KXGDPYEAR-28,2026-08-04,2.4731462188993745,2.3,2.3,0.1400696034980221,-0.34308140549094945,2.8598708587524024
2025-11-22,KXGDPYEAR-29,2026-08-04,2.3444515498705965,2.3,2.8,0.03264685533572642,-0.4834652040264813,2.997886909329589
2025-11-22,KXGDPYEAR-30,2026-08-05,2.53,2.3,2.3,0.20390070921985817,-0.3831493711206555,2.1596999999999995
2025-11-22,KXGDPYEAR-31,2026-08-04,2.248014310493019,2.3,2.8,-0.037566168275753146,-0.7012489658312346,2.719168761277071
2025-11-22,KXGDPYEAR-32,2026-08-04,2.675002825369558,2.3,1.8,0.23810070525900007,-1.1546447091476657,3.45779719496512
2025-11-22,KXGDPYEAR-33,2026-08-05,2.8592210044753155,2.3,2.3,0.3689059934043657,-1.0555602215262991,3.4287871306045083
2025-11-22,KXGDPYEAR-34,2026-08-05,2.3636376657707103,2.3,0.1,0.04455795922498969,-0.6997330658180774,3.1110572835108945
2025-11-22,KXGDPYEAR-35,2026-08-04,2.749826891591256,2.8,1.8,-0.03218786147859579,-1.1621044533643832,3.3473672445211338
2025-11-22,KXGDPYEAR-36,2026-08-04,2.695242416882835,2.3,0.1,0.24894730630532177,-1.127603469239581,3.5316813541751007
2025-11-23,KXGDPYEAR-25,2026-02-20,2.0547463899100995,2.3,2.3,-0.5437760327742146,5.264875564409177,0.5106013899979378
2025-11-23,KXGDPYEAR-26,2026-08-05,2.314779095176201,2.3,2.3,0.09744169529139075,12.718177246770306,0.24585382182900262
2025-11-23,KXGDPYEAR-27,2026-08-05,2.0076383085144998,1.8,1.8,0.37400640422233034,2.898797807861639,0.6732893756761689
2025-11-23,KXGDPYEAR-28,2026-08-04,2.4731462188993745,2.3,2.3,0.1400696034980221,-0.34308140549094945,2.8598708587524024
2025-11-23,KXGDPYEAR-29,2026-08-04,2.3444515498705965,2.3,2.8,0.03264685533572642,-0.4834652040264813,2.997886909329589
2025-11-23,KXGDPYEAR-30,2026-08-05,2.53,2.3,2.3,0.20390070921985817,-0.3831493711206555,2.1596999999999995
2025-11-23,KXGDPYEAR-31,2026-08-04,2.248014310493019,2.3,2.8,-0.037566168275753146,-0.7012489658312346,2.719168761277071
2025-11-23,KXGDPYEAR-32,2026-08-04,2.675002825369558,2.3,1.8,0.23810070525900007,-1.1546447091476657,3.45779719496512
2025-11-23,KXGDPYEAR-33,2026-08-05,2.8592210044753155,2.3,2.3,0.3689059934043657,-1.0555602215262991,3.4287871306045083
2025-11-23,KXGDPYEAR-34,2026-08-05,2.3636376657707103,2.3,0.1,0.04455795922498969,-0.6997330658180774,3.1110572835108945
2025-11-23,KXGDPYEAR-35,2026-08-04,2.749826891591256,2.8,1.8,-0.03218786147859579,-1.1621044533643832,3.3473672445211338
2025-11-23,KXGDPYEAR-36,2026-08-04,2.695242416882835,2.3,0.1,0.24894730630532177,-1.127603469239581,3.5316813541751007
2025-11-24,KXGDPYEAR-25,2026-02-20,2.079315793177948,2.3,2.3,-0.5026527861424195,4.974952221152025,0.5210705109255769
2025-11-24,KXGDPYEAR-26,2026-08-05,2.314779095176201,2.3,2.3,0.09744169529139075,12.718177246770306,0.24585382182900262
2025-11-24,KXGDPYEAR-27,2026-08-05,2.0076383085144998,1.8,1.8,0.37400640422233034,2.898797807861639,0.6732893756761689
2025-11-24,KXGDPYEAR-28,2026-08-04,2.4731462188993745,2.3,2.3,0.1400696034980221,-0.34308140549094945,2.8598708587524024
2025-11-24,KXGDPYEAR-29,2026-08-04,2.3444515498705965,2.3,2.8,0.03264685533572642,-0.4834652040264813,2.997886909329589
2025-11-24,KXGDPYEAR-30,2026-08-05,2.53,2.3,2.3,0.20390070921985817,-0.3831493711206555,2.1596999999999995
2025-11-24,KXGDPYEAR-31,2026-08-04,2.248014310493019,2.3,2.8,-0.037566168275753146,-0.7012489658312346,2.719168761277071
2025-11-24,KXGDPYEAR-32,2026-08-04,2.675002825369558,2.3,1.8,0.23810070525900007,-1.1546447091476657,3.45779719496512
2025-11-24,KXGDPYEAR-33,2026-08-05,2.8592210044753155,2.3,2.3,0.3689059934043657,-1.0555602215262991,3.4287871306045083
2025-11-24,KXGDPYEAR-34,2026-08-05,2.3636376657707103,2.3,0.1,0.04455795922498969,-0.6997330658180774,3.1110572835108945
2025-11-24,KXGDPYEAR-35,2026-08-04,2.749826891591256,2.8,1.8,-0.03218786147859579,-1.1621044533643832,3.3473672445211338
2025-11-24,KXGDPYEAR-36,2026-08-04,2.695242416882835,2.3,0.1,0.24894730630532177,-1.127603469239581,3.5316813541751007
2025-11-25,KXGDPYEAR-25,2026-02-20,2.066395367981941,2.3,2.3,-0.5131028305196795,4.58119039228683,0.5428541282338789
2025-11-25,KXGDPYEAR-26,2026-08-05,2.314779095176201,2.3,2.3,0.09744169529139075,12.718177246770306,0.24585382182900262
2025-11-25,KXGDPYEAR-27,2026-08-05,2.0076383085144998,1.8,1.8,0.37400640422233034,2.898797807861639,0.6732893756761689
2025-11-25,KXGDPYEAR-28,2026-08-04,2.4731462188993745,2.3,2.3,0.1400696034980221,-0.34308140549094945,2.8598708587524024
2025-11-25,KXGDPYEAR-29,2026-08-04,2.3444515498705965,2.3,2.8,0.03264685533572642,-0.4834652040264813,2.997886909329589
2025-11-25,KXGDPYEAR-30,2026-08-05,2.53,2.3,2.3,0.20390070921985817,-0.3831493711206555,2.1596999999999995
2025-11-25,KXGDPYEAR-31,2026-08-04,2.248014310493019,2.3,2.8,-0.037566168275753146,-0.7012489658312346,2.719168761277071
2025-11-25,KXGDPYEAR-32,2026-08-04,2.675002825369558,2.3,1.8,0.23810070525900007,-1.1546447091476657,3.45779719496512
2025-11-25,KXGDPYEAR-33,2026-08-05,2.8592210044753155,2.3,2.3,0.3689059934043657,-1.0555602215262991,3.4287871306045083
2025-11-25,KXGDPYEAR-34,2026-08-05,2.3636376657707103,2.3,0.1,0.04455795922498969,-0.6997330658180774,3.1110572835108945
2025-11-25,KXGDPYEAR-35,2026-08-04,2.749826891591256,2.8,1.8,-0.03218786147859579,-1.1621044533643832,3.3473672445211338
2025-11-25,KXGDPYEAR-36,2026-08-04,2.695242416882835,2.3,0.1,0.24894730630532177,-1.127603469239581,3.5316813541751007
2025-11-26,KXGDPYEAR-25,2026-02-20,2.056807454344266,2.3,2.3,-0.5329075569268088,4.792084448935705,0.5299550730720268
2025-11-26,KXGDPYEAR-26,2026-08-05,2.314779095176201,2.3,2.3,0.09744169529139075,12.718177246770306,0.24585382182900262
2025-11-26,KXGDPYEAR-27,2026-08-05,2.0076383085144998,1.8,1.8,0.37400640422233034,2.898797807861639,0.6732893756761689
2025-11-26,KXGDPYEAR-28,2026-08-04,2.4731462188993745,2.3,2.3,0.1400696034980221,-0.34308140549094945,2.8598708587524024
2025-11-26,KXGDPYEAR-29,2026-08-04,2.3444515498705965,2.3,2.8,0.03264685533572642,-0.4834652040264813,2.997886909329589
2025-11-26,KXGDPYEAR-30,2026-08-05,2.53,2.3,2.3,0.20390070921985817,-0.3831493711206555,2.1596999999999995
2025-11-26,KXGDPYEAR-31,2026-08-04,2.248014310493019,2.3,2.8,-0.037566168275753146,-0.7012489658312346,2.719168761277071
2025-11-26,KXGDPYEAR-32,2026-08-04,2.675002825369558,2.3,1.8,0.23810070525900007,-1.1546447091476657,3.45779719496512
2025-11-26,KXGDPYEAR-33,2026-08-05,2.8592210044753155,2.3,2.3,0.3689059934043657,-1.0555602215262991,3.4287871306045083
2025-11-26,KXGDPYEAR-34,2026-08-05,2.3636376657707103,2.3,0.1,0.04455795922498969,-0.6997330658180774,3.1110572835108945
2025-11-26,KXGDPYEAR-35,2026-08-04,2.749826891591256,2.8,1.8,-0.03218786147859579,-1.1621044533643832,3.3473672445211338
2025-11-26,KXGDPYEAR-36,2026-08-04,2.695242416882835,2.3,0.1,0.24894730630532177,-1.127603469239581,3.5316813541751007
2025-11-27,KXGDPYEAR-25,2026-02-20,2.0712468854136303,2.3,2.3,-0.5214596222803188,4.818093864941491,0.5236005125416497
2025-11-27,KXGDPYEAR-26,2026-08-05,2.314779095176201,2.3,2.3,0.09744169529139075,12.718177246770306,0.24585382182900262
2025-11-27,KXGDPYEAR-27,2026-08-05,2.0076383085144998,1.8,1.8,0.37400640422233034,2.898797807861639,0.6732893756761689
2025-11-27,KXGDPYEAR-28,2026-08-04,2.4731462188993745,2.3,2.3,0.1400696034980221,-0.34308140549094945,2.8598708587524024
2025-11-27,KXGDPYEAR-29,2026-08-04,2.3444515498705965,2.3,2.8,0.03264685533572642,-0.4834652040264813,2.997886909329589
2025-11-27,KXGDPYEAR-30,2026-08-05,2.53,2.3,2.3,0.20390070921985817,-0.3831493711206555,2.1596999999999995
2025-11-27,KXGDPYEAR-31,2026-08-04,2.248014310493019,2.3,2.8,-0.037566168275753146,-0.7012489658312346,2.719168761277071
2025-11-27,KXGDPYEAR-32,2026-08-04,2.675002825369558,2.3,1.8,0.23810070525900007,-1.1546447091476657,3.45779719496512
2025-11-27,KXGDPYEAR-33,2026-08-05,2.8592210044753155,2.3,2.3,0.3689059934043657,-1.0555602215262991,3.4287871306045083
2025-11-27,KXGDPYEAR-34,2026-08-05,2.3636376657707103,2.3,0.1,0.04455795922498969,-0.6997330658180774,3.1110572835108945
2025-11-27,KXGDPYEAR-35,2026-08-04,2.749826891591256,2.8,1.8,-0.03218786147859579,-1.1621044533643832,3.3473672445211338
2025-11-27,KXGDPYEAR-36,2026-08-04,2.695242416882835,2.3,0.1,0.24894730630532177,-1.127603469239581,3.5316813541751007
2025-11-28,KXGDPYEAR-25,2026-02-20,2.0867733297267637,2.3,2.3,-0.509434231489003,5.468203229480885,0.480916987368745
2025-11-28,KXGDPYEAR-26,2026-08-05,2.314779095176201,2.3,2.3,0.09744169529139075,12.718177246770306,0.24585382182900262
2025-11-28,KXGDPYEAR-27,2026-08-05,2.0076383085144998,1.8,1.8,0.37400640422233034,2.898797807861639,0.6732893756761689
2025-11-28,KXGDPYEAR-28,2026-08-04,2.4731462188993745,2.3,2.3,0.1400696034980221,-0.34308140549094945,2.8598708587524024
2025-11-28,KXGDPYEAR-29,2026-08-04,2.3444515498705965,2.3,2.8,0.03264685533572642,-0.4834652040264813,2.997886909329589
2025-11-28,KXGDPYEAR-30,2026-08-05,2.53,2.3,2.3,0.20390070921985817,-0.3831493711206555,2.1596999999999995
2025-11-28,KXGDPYEAR-31,2026-08-04,2.248014310493019,2.3,2.8,-0.037566168275753146,-0.7012489658312346,2.719168761277071
2025-11-28,KXGDPYEAR-32,2026-08-04,2.675002825369558,2.3,1.8,0.23810070525900007,-1.1546447091476657,3.45779719496512
2025-11-28,KXGDPYEAR-33,2026-08-05,2.8592210044753155,2.3,2.3,0.3689059934043657,-1.0555602215262991,3.4287871306045083
2025-11-28,KXGDPYEAR-34,2026-08-05,2.3636376657707103,2.3,0.1,0.04455795922498969,-0.6997330658180774,3.1110572835108945
2025-11-28,KXGDPYEAR-35,2026-08-04,2.749826891591256,2.8,1.8,-0.03218786147859579,-1.1621044533643832,3.3473672445211338
2025-11-28,KXGDPYEAR-36,2026-08-04,2.695242416882835,2.3,0.1,0.24894730630532177,-1.127603469239581,3.5316813541751007
2025-11-29,KXGDPYEAR-25,2026-02-20,2.0879233063414997,2.3,2.3,-0.5094342314890027,5.500548086151062,0.4785671833895506
2025-11-29,KXGDPYEAR-26,2026-08-05,2.314779095176201,2.3,2.3,0.09744169529139075,12.718177246770306,0.24585382182900262
2025-11-29,KXGDPYEAR-27,2026-08-05,2.0076383085144998,1.8,1.8,0.37400640422233034,2.898797807861639,0.6732893756761689
2025-11-29,KXGDPYEAR-28,2026-08-04,2.4731462188993745,2.3,2.3,0.1400696034980221,-0.34308140549094945,2.8598708587524024
2025-11-29,KXGDPYEAR-29,2026-08-04,2.3444515498705965,2.3,2.8,0.03264685533572642,-0.4834652040264813,2.997886909329589
2025-11-29,KXGDPYEAR-30,2026-08-05,2.53,2.3,2.3,0.20390070921985817,-0.3831493711206555,2.1596999999999995
2025-11-29,KXGDPYEAR-31,2026-08-04,2.248014310493019,2.3,2.8,-0.037566168275753146,-0.7012489658312346,2.719168761277071
2025-11-29,KXGDPYEAR-32,2026-08-04,2.675002825369558,2.3,1.8,0.23810070525900007,-1.1546447091476657,3.45779719496512
2025-11-29,KXGDPYEAR-33,2026-08-05,2.8592210044753155,2.3,2.3,0.3689059934043657,-1.0555602215262991,3.4287871306045083
2025-11-29,KXGDPYEAR-34,2026-08-05,2.3636376657707103,2.3,0.1,0.04455795922498969,-0.6997330658180774,3.1110572835108945
2025-11-29,KXGDPYEAR-35,2026-08-04,2.749826891591256,2.8,1.8,-0.03218786147859579,-1.1621044533643832,3.3473672445211338
2025-11-29,KXGDPYEAR-36,2026-08-04,2.695242416882835,2.3,0.1,0.24894730630532177,-1.127603469239581,3.5316813541751007
2025-11-30,KXGDPYEAR-25,2026-02-20,2.080935436478056,2.3,2.3,-0.509434231489003,5.310054393783943,0.4928050483611933
2025-11-30,KXGDPYEAR-26,2026-08-05,2.314779095176201,2.3,2.3,0.09744169529139075,12.718177246770306,0.24585382182900262
2025-11-30,KXGDPYEAR-27,2026-08-05,2.0076383085144998,1.8,1.8,0.37400640422233034,2.898797807861639,0.6732893756761689
2025-11-30,KXGDPYEAR-28,2026-08-04,2.4731462188993745,2.3,2.3,0.1400696034980221,-0.34308140549094945,2.8598708587524024
2025-11-30,KXGDPYEAR-29,2026-08-04,2.3444515498705965,2.3,2.8,0.03264685533572642,-0.4834652040264813,2.997886909329589
2025-11-30,KXGDPYEAR-30,2026-08-05,2.53,2.3,2.3,0.20390070921985817,-0.3831493711206555,2.1596999999999995
2025-11-30,KXGDPYEAR-31,2026-08-04,2.248014310493019,2.3,2.8,-0.037566168275753146,-0.7012489658312346,2.719168761277071
2025-11-30,KXGDPYEAR-32,2026-08-04,2.675002825369558,2.3,1.8,0.23810070525900007,-1.1546447091476657,3.45779719496512
2025-11-30,KXGDPYEAR-33,2026-08-05,2.8592210044753155,2.3,2.3,0.3689059934043657,-1.0555602215262991,3.4287871306045083
2025-11-30,KXGDPYEAR-34,2026-08-05,2.3636376657707103,2.3,0.1,0.04455795922498969,-0.6997330658180774,3.1110572835108945
2025-11-30,KXGDPYEAR-35,2026-08-04,2.749826891591256,2.8,1.8,-0.03218786147859579,-1.1621044533643832,3.3473672445211338
2025-11-30,KXGDPYEAR-36,2026-08-04,2.695242416882835,2.3,0.1,0.24894730630532177,-1.127603469239581,3.5316813541751007
2025-12-01,KXGDPYEAR-25,2026-02-20,2.0821598031042607,2.3,2.3,-0.5158091123330723,5.503259613230021,0.4795132355216658
2025-12-01,KXGDPYEAR-26,2026-08-05,2.314779095176201,2.3,2.3,0.09744169529139075,12.718177246770306,0.24585382182900262
2025-12-01,KXGDPYEAR-27,2026-08-05,2.0076383085144998,1.8,1.8,0.37400640422233034,2.898797807861639,0.6732893756761689
2025-12-01,KXGDPYEAR-28,2026-08-04,2.4731462188993745,2.3,2.3,0.1400696034980221,-0.34308140549094945,2.8598708587524024
2025-12-01,KXGDPYEAR-29,2026-08-04,2.3444515498705965,2.3,2.8,0.03264685533572642,-0.4834652040264813,2.997886909329589
2025-12-01,KXGDPYEAR-30,2026-08-05,2.53,2.3,2.3,0.20390070921985817,-0.3831493711206555,2.1596999999999995
2025-12-01,KXGDPYEAR-31,2026-08-04,2.248014310493019,2.3,2.8,-0.037566168275753146,-0.7012489658312346,2.719168761277071
2025-12-01,KXGDPYEAR-32,2026-08-04,2.675002825369558,2.3,1.8,0.23810070525900007,-1.1546447091476657,3.45779719496512
2025-12-01,KXGDPYEAR-33,2026-08-05,2.8592210044753155,2.3,2.3,0.3689059934043657,-1.0555602215262991,3.4287871306045083
2025-12-01,KXGDPYEAR-34,2026-08-05,2.3636376657707103,2.3,0.1,0.04455795922498969,-0.6997330658180774,3.1110572835108945
2025-12-01,KXGDPYEAR-35,2026-08-04,2.749826891591256,2.8,1.8,-0.03218786147859579,-1.1621044533643832,3.3473672445211338
2025-12-01,KXGDPYEAR-36,2026-08-04,2.695242416882835,2.3,0.1,0.24894730630532177,-1.127603469239581,3.5316813541751007
2025-12-02,KXGDPYEAR-25,2026-02-20,2.092857142857143,2.3,2.3,-0.4978540772532183,5.55132440926484,0.4769132653061224
2025-12-02,KXGDPYEAR-26,2026-08-05,2.314779095176201,2.3,2.3,0.09744169529139075,12.718177246770306,0.24585382182900262
2025-12-02,KXGDPYEAR-27,2026-08-05,2.0076383085144998,1.8,1.8,0.37400640422233034,2.898797807861639,0.6732893756761689
2025-12-02,KXGDPYEAR-28,2026-08-04,2.4731462188993745,2.3,2.3,0.1400696034980221,-0.34308140549094945,2.8598708587524024
2025-12-02,KXGDPYEAR-29,2026-08-04,2.3444515498705965,2.3,2.8,0.03264685533572642,-0.4834652040264813,2.997886909329589
2025-12-02,KXGDPYEAR-30,2026-08-05,2.53,2.3,2.3,0.20390070921985817,-0.3831493711206555,2.1596999999999995
2025-12-02,KXGDPYEAR-31,2026-08-04,2.248014310493019,2.3,2.8,-0.037566168275753146,-0.7012489658312346,2.719168761277071
2025-12-02,KXGDPYEAR-32,2026-08-04,2.675002825369558,2.3,1.8,0.23810070525900007,-1.1546447091476657,3.45779719496512
2025-12-02,KXGDPYEAR-33,2026-08-05,2.8592210044753155,2.3,2.3,0.3689059934043657,-1.0555602215262991,3.4287871306045083
2025-12-02,KXGDPYEAR-34,2026-08-05,2.3636376657707103,2.3,0.1,0.04455795922498969,-0.6997330658180774,3.1110572835108945
2025-12-02,KXGDPYEAR-35,2026-08-04,2.749826891591256,2.8,1.8,-0.03218786147859579,-1.1621044533643832,3.3473672445211338
2025-12-02,KXGDPYEAR-36,2026-08-04,2.695242416882835,2.3,0.1,0.24894730630532177,-1.127603469239581,3.5316813541751007
2025-12-03,KXGDPYEAR-25,2026-02-20,2.0864864864864865,2.3,2.3,-0.5140997830802599,5.655494125935915,0.47666423179936684
2025-12-03,KXGDPYEAR-26,2026-08-05,2.314779095176201,2.3,2.3,0.09744169529139075,12.718177246770306,0.24585382182900262
2025-12-03,KXGDPYEAR-27,2026-08-05,2.0076383085144998,1.8,1.8,0.37400640422233034,2.898797807861639,0.6732893756761689
2025-12-03,KXGDPYEAR-28,2026-08-04,2.4731462188993745,2.3,2.3,0.1400696034980221,-0.34308140549094945,2.8598708587524024
2025-12-03,KXGDPYEAR-29,2026-08-04,2.3444515498705965,2.3,2.8,0.03264685533572642,-0.4834652040264813,2.997886909329589
2025-12-03,KXGDPYEAR-30,2026-08-05,2.53,2.3,2.3,0.20390070921985817,-0.3831493711206555,2.1596999999999995
2025-12-03,KXGDPYEAR-31,2026-08-04,2.248014310493019,2.3,2.8,-0.037566168275753146,-0.7012489658312346,2.719168761277071
2025-12-03,KXGDPYEAR-32,2026-08-04,2.675002825369558,2.3,1.8,0.23810070525900007,-1.1546447091476657,3.45779719496512
2025-12-03,KXGDPYEAR-33,2026-08-05,2.8592210044753155,2.3,2.3,0.3689059934043657,-1.0555602215262991,3.4287871306045083
2025-12-03,KXGDPYEAR-34,2026-08-05,2.3636376657707103,2.3,0.1,0.04455795922498969,-0.6997330658180774,3.1110572835108945
2025-12-03,KXGDPYEAR-35,2026-08-04,2.749826891591256,2.8,1.8,-0.03218786147859579,-1.1621044533643832,3.3473672445211338
2025-12-03,KXGDPYEAR-36,2026-08-04,2.695242416882835,2.3,0.1,0.24894730630532177,-1.127603469239581,3.5316813541751007
2025-12-04,KXGDPYEAR-25,2026-02-20,2.065348374014115,2.3,2.3,-0.5432511915627211,5.727243903926624,0.4821230731869926
2025-12-04,KXGDPYEAR-26,2026-08-05,2.314779095176201,2.3,2.3,0.09744169529139075,12.718177246770306,0.24585382182900262
2025-12-04,KXGDPYEAR-27,2026-08-05,2.0076383085144998,1.8,1.8,0.37400640422233034,2.898797807861639,0.6732893756761689
2025-12-04,KXGDPYEAR-28,2026-08-04,2.4731462188993745,2.3,2.3,0.1400696034980221,-0.34308140549094945,2.8598708587524024
2025-12-04,KXGDPYEAR-29,2026-08-04,2.3444515498705965,2.3,2.8,0.03264685533572642,-0.4834652040264813,2.997886909329589
2025-12-04,KXGDPYEAR-30,2026-08-05,2.53,2.3,2.3,0.20390070921985817,-0.3831493711206555,2.1596999999999995
2025-12-04,KXGDPYEAR-31,2026-08-04,2.248014310493019,2.3,2.8,-0.037566168275753146,-0.7012489658312346,2.719168761277071
2025-12-04,KXGDPYEAR-32,2026-08-04,2.675002825369558,2.3,1.8,0.23810070525900007,-1.1546447091476657,3.45779719496512
2025-12-04,KXGDPYEAR-33,2026-08-05,2.8592210044753155,2.3,2.3,0.3689059934043657,-1.0555602215262991,3.4287871306045083
2025-12-04,KXGDPYEAR-34,2026-08-05,2.3636376657707103,2.3,0.1,0.04455795922498969,-0.6997330658180774,3.1110572835108945
2025-12-04,KXGDPYEAR-35,2026-08-04,2.749826891591256,2.8,1.8,-0.03218786147859579,-1.1621044533643832,3.3473672445211338
2025-12-04,KXGDPYEAR-36,2026-08-04,2.695242416882835,2.3,0.1,0.24894730630532177,-1.127603469239581,3.5316813541751007
2025-12-05,KXGDPYEAR-25,2026-02-20,2.0763399720671423,2.3,2.3,-0.5304930351706435,5.669613083249427,0.48306940811308474
2025-12-05,KXGDPYEAR-26,2026-08-05,2.314779095176201,2.3,2.3,0.09744169529139075,12.718177246770306,0.24585382182900262
2025-12-05,KXGDPYEAR-27,2026-08-05,2.0076383085144998,1.8,1.8,0.37400640422233034,2.898797807861639,0.6732893756761689
2025-12-05,KXGDPYEAR-28,2026-08-04,2.4731462188993745,2.3,2.3,0.1400696034980221,-0.34308140549094945,2.8598708587524024
2025-12-05,KXGDPYEAR-29,2026-08-04,2.3444515498705965,2.3,2.8,0.03264685533572642,-0.4834652040264813,2.997886909329589
2025-12-05,KXGDPYEAR-30,2026-08-05,2.53,2.3,2.3,0.20390070921985817,-0.3831493711206555,2.1596999999999995
2025-12-05,KXGDPYEAR-31,2026-08-04,2.248014310493019,2.3,2.8,-0.037566168275753146,-0.7012489658312346,2.719168761277071
2025-12-05,KXGDPYEAR-32,2026-08-04,2.675002825369558,2.3,1.8,0.23810070525900007,-1.1546447091476657,3.45779719496512
2025-12-05,KXGDPYEAR-33,2026-08-05,2.8592210044753155,2.3,2.3,0.3689059934043657,-1.0555602215262991,3.4287871306045083
2025-12-05,KXGDPYEAR-34,2026-08-05,2.3636376657707103,2.3,0.1,0.04455795922498969,-0.6997330658180774,3.1110572835108945
2025-12-05,KXGDPYEAR-35,2026-08-04,2.749826891591256,2.8,1.8,-0.03218786147859579,-1.1621044533643832,3.3473672445211338
2025-12-05,KXGDPYEAR-36,2026-08-04,2.695242416882835,2.3,0.1,0.24894730630532177,-1.127603469239581,3.5316813541751007
2025-12-06,KXGDPYEAR-25,2026-02-20,2.096654535274356,2.3,2.3,-0.5043922086038679,5.96946648175283,0.4546150676642016
2025-12-06,KXGDPYEAR-26,2026-08-05,2.314779095176201,2.3,2.3,0.09744169529139075,12.718177246770306,0.24585382182900262
2025-12-06,KXGDPYEAR-27,2026-08-05,2.0076383085144998,1.8,1.8,0.37400640422233034,2.898797807861639,0.6732893756761689
2025-12-06,KXGDPYEAR-28,2026-08-04,2.4731462188993745,2.3,2.3,0.1400696034980221,-0.34308140549094945,2.8598708587524024
2025-12-06,KXGDPYEAR-29,2026-08-04,2.3444515498705965,2.3,2.8,0.03264685533572642,-0.4834652040264813,2.997886909329589
2025-12-06,KXGDPYEAR-30,2026-08-05,2.53,2.3,2.3,0.20390070921985817,-0.3831493711206555,2.1596999999999995
2025-12-06,KXGDPYEAR-31,2026-08-04,2.248014310493019,2.3,2.8,-0.037566168275753146,-0.7012489658312346,2.719168761277071
2025-12-06,KXGDPYEAR-32,2026-08-04,2.675002825369558,2.3,1.8,0.23810070525900007,-1.1546447091476657,3.45779719496512
2025-12-06,KXGDPYEAR-33,2026-08-05,2.8592210044753155,2.3,2.3,0.3689059934043657,-1.0555602215262991,3.4287871306045083
2025-12-06,KXGDPYEAR-34,2026-08-05,2.3636376657707103,2.3,0.1,0.04455795922498969,-0.6997330658180774,3.1110572835108945
2025-12-06,KXGDPYEAR-35,2026-08-04,2.749826891591256,2.8,1.8,-0.03218786147859579,-1.1621044533643832,3.3473672445211338
2025-12-06,KXGDPYEAR-36,2026-08-04,2.695242416882835,2.3,0.1,0.24894730630532177,-1.127603469239581,3.5316813541751007
2025-12-07,KXGDPYEAR-25,2026-02-20,2.064811841367876,2.3,2.3,-0.5382199498388738,5.069471664937822,0.5030251503755038
2025-12-07,KXGDPYEAR-26,2026-08-05,2.314779095176201,2.3,2.3,0.09744169529139075,12.718177246770306,0.24585382182900262
2025-12-07,KXGDPYEAR-27,2026-08-05,2.0076383085144998,1.8,1.8,0.37400640422233034,2.898797807861639,0.6732893756761689
2025-12-07,KXGDPYEAR-28,2026-08-04,2.4731462188993745,2.3,2.3,0.1400696034980221,-0.34308140549094945,2.8598708587524024
2025-12-07,KXGDPYEAR-29,2026-08-04,2.3444515498705965,2.3,2.8,0.03264685533572642,-0.4834652040264813,2.997886909329589
2025-12-07,KXGDPYEAR-30,2026-08-05,2.53,2.3,2.3,0.20390070921985817,-0.3831493711206555,2.1596999999999995
2025-12-07,KXGDPYEAR-31,2026-08-04,2.248014310493019,2.3,2.8,-0.037566168275753146,-0.7012489658312346,2.719168761277071
2025-12-07,KXGDPYEAR-32,2026-08-04,2.675002825369558,2.3,1.8,0.23810070525900007,-1.1546447091476657,3.45779719496512
2025-12-07,KXGDPYEAR-33,2026-08-05,2.8592210044753155,2.3,2.3,0.3689059934043657,-1.0555602215262991,3.4287871306045083
2025-12-07,KXGDPYEAR-34,2026-08-05,2.3636376657707103,2.3,0.1,0.04455795922498969,-0.6997330658180774,3.1110572835108945
2025-12-07,KXGDPYEAR-35,2026-08-04,2.749826891591256,2.8,1.8,-0.03218786147859579,-1.1621044533643832,3.3473672445211338
2025-12-07,KXGDPYEAR-36,2026-08-04,2.695242416882835,2.3,0.1,0.24894730630532177,-1.127603469239581,3.5316813541751007
2025-12-08,KXGDPYEAR-25,2026-02-20,2.0666518647912486,2.3,2.3,-0.5329535959097407,5.17493996996865,0.487639028703245
2025-12-08,KXGDPYEAR-26,2026-08-05,2.314779095176201,2.3,2.3,0.09744169529139075,12.718177246770306,0.24585382182900262
2025-12-08,KXGDPYEAR-27,2026-08-05,2.0076383085144998,1.8,1.8,0.37400640422233034,2.898797807861639,0.6732893756761689
2025-12-08,KXGDPYEAR-28,2026-08-04,2.4731462188993745,2.3,2.3,0.1400696034980221,-0.34308140549094945,2.8598708587524024
2025-12-08,KXGDPYEAR-29,2026-08-04,2.3444515498705965,2.3,2.8,0.03264685533572642,-0.4834652040264813,2.997886909329589
2025-12-08,KXGDPYEAR-30,2026-08-05,2.53,2.3,2.3,0.20390070921985817,-0.3831493711206555,2.1596999999999995
2025-12-08,KXGDPYEAR-31,2026-08-04,2.248014310493019,2.3,2.8,-0.037566168275753146,-0.7012489658312346,2.719168761277071
2025-12-08,KXGDPYEAR-32,2026-08-04,2.675002825369558,2.3,1.8,0.23810070525900007,-1.1546447091476657,3.45779719496512
2025-12-08,KXGDPYEAR-33,2026-08-05,2.8592210044753155,2.3,2.3,0.3689059934043657,-1.0555602215262991,3.4287871306045083
2025-12-08,KXGDPYEAR-34,2026-08-05,2.3636376657707103,2.3,0.1,0.04455795922498969,-0.6997330658180774,3.1110572835108945
2025-12-08,KXGDPYEAR-35,2026-08-04,2.749826891591256,2.8,1.8,-0.03218786147859579,-1.1621044533643832,3.3473672445211338
2025-12-08,KXGDPYEAR-36,2026-08-04,2.695242416882835,2.3,0.1,0.24894730630532177,-1.127603469239581,3.5316813541751007
2025-12-09,KXGDPYEAR-25,2026-02-20,2.076021708785085,2.3,2.3,-0.52568902857269,5.227047731349897,0.48223898462570586
2025-12-09,KXGDPYEAR-26,2026-08-05,2.314779095176201,2.3,2.3,0.09744169529139075,12.718177246770306,0.24585382182900262
2025-12-09,KXGDPYEAR-27,2026-08-05,2.0076383085144998,1.8,1.8,0.37400640422233034,2.898797807861639,0.6732893756761689
2025-12-09,KXGDPYEAR-28,2026-08-04,2.4731462188993745,2.3,2.3,0.1400696034980221,-0.34308140549094945,2.8598708587524024
2025-12-09,KXGDPYEAR-29,2026-08-04,2.3444515498705965,2.3,2.8,0.03264685533572642,-0.4834652040264813,2.997886909329589
2025-12-09,KXGDPYEAR-30,2026-08-05,2.53,2.3,2.3,0.20390070921985817,-0.3831493711206555,2.1596999999999995
2025-12-09,KXGDPYEAR-31,2026-08-04,2.248014310493019,2.3,2.8,-0.037566168275753146,-0.7012489658312346,2.719168761277071
2025-12-09,KXGDPYEAR-32,2026-08-04,2.675002825369558,2.3,1.8,0.23810070525900007,-1.1546447091476657,3.45779719496512
2025-12-09,KXGDPYEAR-33,2026-08-05,2.8592210044753155,2.3,2.3,0.3689059934043657,-1.0555602215262991,3.4287871306045083
2025-12-09,KXGDPYEAR-34,2026-08-05,2.3636376657707103,2.3,0.1,0.04455795922498969,-0.6997330658180774,3.1110572835108945
2025-12-09,KXGDPYEAR-35,2026-08-04,2.749826891591256,2.8,1.8,-0.03218786147859579,-1.1621044533643832,3.3473672445211338
2025-12-09,KXGDPYEAR-36,2026-08-04,2.695242416882835,2.3,0.1,0.24894730630532177,-1.127603469239581,3.5316813541751007
2025-12-10,KXGDPYEAR-25,2026-02-20,2.0580219463904847,2.3,2.3,-0.5397639165391589,4.49009099177996,0.5404467164813768
2025-12-10,KXGDPYEAR-26,2026-08-05,2.314779095176201,2.3,2.3,0.09744169529139075,12.718177246770306,0.24585382182900262
2025-12-10,KXGDPYEAR-27,2026-08-05,2.0076383085144998,1.8,1.8,0.37400640422233034,2.898797807861639,0.6732893756761689
2025-12-10,KXGDPYEAR-28,2026-08-04,2.4731462188993745,2.3,2.3,0.1400696034980221,-0.34308140549094945,2.8598708587524024
2025-12-10,KXGDPYEAR-29,2026-08-04,2.3444515498705965,2.3,2.8,0.03264685533572642,-0.4834652040264813,2.997886909329589
2025-12-10,KXGDPYEAR-30,2026-08-05,2.53,2.3,2.3,0.20390070921985817,-0.3831493711206555,2.1596999999999995
2025-12-10,KXGDPYEAR-31,2026-08-04,2.248014310493019,2.3,2.8,-0.037566168275753146,-0.7012489658312346,2.719168761277071
2025-12-10,KXGDPYEAR-32,2026-08-04,2.675002825369558,2.3,1.8,0.23810070525900007,-1.1546447091476657,3.45779719496512
2025-12-10,KXGDPYEAR-33,2026-08-05,2.8592210044753155,2.3,2.3,0.3689059934043657,-1.0555602215262991,3.4287871306045083
2025-12-10,KXGDPYEAR-34,2026-08-05,2.3636376657707103,2.3,0.1,0.04455795922498969,-0.6997330658180774,3.1110572835108945
2025-12-10,KXGDPYEAR-35,2026-08-04,2.749826891591256,2.8,1.8,-0.03218786147859579,-1.1621044533643832,3.3473672445211338
2025-12-10,KXGDPYEAR-36,2026-08-04,2.695242416882835,2.3,0.1,0.24894730630532177,-1.127603469239581,3.5316813541751007
2025-12-11,KXGDPYEAR-25,2026-02-20,2.077108159227027,2.3,2.3,-0.5129180392511241,4.584255325259205,0.5289887417581061
2025-12-11,KXGDPYEAR-26,2026-08-05,2.314779095176201,2.3,2.3,0.09744169529139075,12.718177246770306,0.24585382182900262
2025-12-11,KXGDPYEAR-27,2026-08-05,2.0076383085144998,1.8,1.8,0.37400640422233034,2.898797807861639,0.6732893756761689
2025-12-11,KXGDPYEAR-28,2026-08-04,2.4731462188993745,2.3,2.3,0.1400696034980221,-0.34308140549094945,2.8598708587524024
2025-12-11,KXGDPYEAR-29,2026-08-04,2.3444515498705965,2.3,2.8,0.03264685533572642,-0.4834652040264813,2.997886909329589
2025-12-11,KXGDPYEAR-30,2026-08-05,2.53,2.3,2.3,0.20390070921985817,-0.3831493711206555,2.1596999999999995
2025-12-11,KXGDPYEAR-31,2026-08-04,2.248014310493019,2.3,2.8,-0.037566168275753146,-0.7012489658312346,2.719168761277071
2025-12-11,KXGDPYEAR-32,2026-08-04,2.675002825369558,2.3,1.8,0.23810070525900007,-1.1546447091476657,3.45779719496512
2025-12-11,KXGDPYEAR-33,2026-08-05,2.8592210044753155,2.3,2.3,0.3689059934043657,-1.0555602215262991,3.4287871306045083
2025-12-11,KXGDPYEAR-34,2026-08-05,2.3636376657707103,2.3,0.1,0.04455795922498969,-0.6997330658180774,3.1110572835108945
2025-12-11,KXGDPYEAR-35,2026-08-04,2.749826891591256,2.8,1.8,-0.03218786147859579,-1.1621044533643832,3.3473672445211338
2025-12-11,KXGDPYEAR-36,2026-08-04,2.695242416882835,2.3,0.1,0.24894730630532177,-1.127603469239581,3.5316813541751007
2025-12-12,KXGDPYEAR-25,2026-02-20,2.0837359263707538,2.3,2.3,-0.4979665538781882,4.527815587245624,0.5279810691548992
2025-12-12,KXGDPYEAR-26,2026-08-05,2.314779095176201,2.3,2.3,0.09744169529139075,12.718177246770306,0.24585382182900262
2025-12-12,KXGDPYEAR-27,2026-08-05,2.0076383085144998,1.8,1.8,0.37400640422233034,2.898797807861639,0.6732893756761689
2025-12-12,KXGDPYEAR-28,2026-08-04,2.4731462188993745,2.3,2.3,0.1400696034980221,-0.34308140549094945,2.8598708587524024
2025-12-12,KXGDPYEAR-29,2026-08-04,2.3444515498705965,2.3,2.8,0.03264685533572642,-0.4834652040264813,2.997886909329589
2025-12-12,KXGDPYEAR-30,2026-08-05,2.53,2.3,2.3,0.20390070921985817,-0.3831493711206555,2.1596999999999995
2025-12-12,KXGDPYEAR-31,2026-08-04,2.248014310493019,2.3,2.8,-0.037566168275753146,-0.7012489658312346,2.719168761277071
2025-12-12,KXGDPYEAR-32,2026-08-04,2.675002825369558,2.3,1.8,0.23810070525900007,-1.1546447091476657,3.45779719496512
2025-12-12,KXGDPYEAR-33,2026-08-05,2.8592210044753155,2.3,2.3,0.3689059934043657,-1.0555602215262991,3.4287871306045083
2025-12-12,KXGDPYEAR-34,2026-08-05,2.3636376657707103,2.3,0.1,0.04455795922498969,-0.6997330658180774,3.1110572835108945
2025-12-12,KXGDPYEAR-35,2026-08-04,2.749826891591256,2.8,1.8,-0.03218786147859579,-1.1621044533643832,3.3473672445211338
2025-12-12,KXGDPYEAR-36,2026-08-04,2.695242416882835,2.3,0.1,0.24894730630532177,-1.127603469239581,3.5316813541751007
2025-12-13,KXGDPYEAR-25,2026-02-20,2.0827908868999185,2.3,2.3,-0.500234235922421,4.555280805643497,0.5258511206329807
2025-12-13,KXGDPYEAR-26,2026-08-05,2.314779095176201,2.3,2.3,0.09744169529139075,12.718177246770306,0.24585382182900262
2025-12-13,KXGDPYEAR-27,2026-08-05,2.0076383085144998,1.8,1.8,0.37400640422233034,2.898797807861639,0.6732893756761689
2025-12-13,KXGDPYEAR-28,2026-08-04,2.4731462188993745,2.3,2.3,0.1400696034980221,-0.34308140549094945,2.8598708587524024
2025-12-13,KXGDPYEAR-29,2026-08-04,2.3444515498705965,2.3,2.8,0.03264685533572642,-0.4834652040264813,2.997886909329589
2025-12-13,KXGDPYEAR-30,2026-08-05,2.53,2.3,2.3,0.20390070921985817,-0.3831493711206555,2.1596999999999995
2025-12-13,KXGDPYEAR-31,2026-08-04,2.248014310493019,2.3,2.8,-0.037566168275753146,-0.7012489658312346,2.719168761277071
2025-12-13,KXGDPYEAR-32,2026-08-04,2.675002825369558,2.3,1.8,0.23810070525900007,-1.1546447091476657,3.45779719496512
2025-12-13,KXGDPYEAR-33,2026-08-05,2.8592210044753155,2.3,2.3,0.3689059934043657,-1.0555602215262991,3.4287871306045083
2025-12-13,KXGDPYEAR-34,2026-08-05,2.3636376657707103,2.3,0.1,0.04455795922498969,-0.6997330658180774,3.1110572835108945
2025-12-13,KXGDPYEAR-35,2026-08-04,2.749826891591256,2.8,1.8,-0.03218786147859579,-1.1621044533643832,3.3473672445211338
2025-12-13,KXGDPYEAR-36,2026-08-04,2.695242416882835,2.3,0.1,0.24894730630532177,-1.127603469239581,3.5316813541751007
2025-12-14,KXGDPYEAR-25,2026-02-20,2.0668130075657665,2.3,2.3,-0.534834850372328,4.846063437230048,0.5098979641314902
2025-12-14,KXGDPYEAR-26,2026-08-05,2.314779095176201,2.3,2.3,0.09744169529139075,12.718177246770306,0.24585382182900262
2025-12-14,KXGDPYEAR-27,2026-08-05,2.0076383085144998,1.8,1.8,0.37400640422233034,2.898797807861639,0.6732893756761689
2025-12-14,KXGDPYEAR-28,2026-08-04,2.4731462188993745,2.3,2.3,0.1400696034980221,-0.34308140549094945,2.8598708587524024
2025-12-14,KXGDPYEAR-29,2026-08-04,2.3444515498705965,2.3,2.8,0.03264685533572642,-0.4834652040264813,2.997886909329589
2025-12-14,KXGDPYEAR-30,2026-08-05,2.53,2.3,2.3,0.20390070921985817,-0.3831493711206555,2.1596999999999995
2025-12-14,KXGDPYEAR-31,2026-08-04,2.248014310493019,2.3,2.8,-0.037566168275753146,-0.7012489658312346,2.719168761277071
2025-12-14,KXGDPYEAR-32,2026-08-04,2.675002825369558,2.3,1.8,0.23810070525900007,-1.1546447091476657,3.45779719496512
2025-12-14,KXGDPYEAR-33,2026-08-05,2.8592210044753155,2.3,2.3,0.3689059934043657,-1.0555602215262991,3.4287871306045083
2025-12-14,KXGDPYEAR-34,2026-08-05,2.3636376657707103,2.3,0.1,0.04455795922498969,-0.6997330658180774,3.1110572835108945
2025-12-14,KXGDPYEAR-35,2026-08-04,2.749826891591256,2.8,1.8,-0.03218786147859579,-1.1621044533643832,3.3473672445211338
2025-12-14,KXGDPYEAR-36,2026-08-04,2.695242416882835,2.3,0.1,0.24894730630532177,-1.127603469239581,3.5316813541751007
2025-12-15,KXGDPYEAR-25,2026-02-20,2.057509793378162,2.3,2.3,-0.5365209800346603,4.718034838798527,0.5288297251362577
2025-12-15,KXGDPYEAR-26,2026-08-05,2.314779095176201,2.3,2.3,0.09744169529139075,12.718177246770306,0.24585382182900262
2025-12-15,KXGDPYEAR-27,2026-08-05,2.0076383085144998,1.8,1.8,0.37400640422233034,2.898797807861639,0.6732893756761689
2025-12-15,KXGDPYEAR-28,2026-08-04,2.4731462188993745,2.3,2.3,0.1400696034980221,-0.34308140549094945,2.8598708587524024
2025-12-15,KXGDPYEAR-29,2026-08-04,2.3444515498705965,2.3,2.8,0.03264685533572642,-0.4834652040264813,2.997886909329589
2025-12-15,KXGDPYEAR-30,2026-08-05,2.53,2.3,2.3,0.20390070921985817,-0.3831493711206555,2.1596999999999995
2025-12-15,KXGDPYEAR-31,2026-08-04,2.248014310493019,2.3,2.8,-0.037566168275753146,-0.7012489658312346,2.719168761277071
2025-12-15,KXGDPYEAR-32,2026-08-04,2.675002825369558,2.3,1.8,0.23810070525900007,-1.1546447091476657,3.45779719496512
2025-12-15,KXGDPYEAR-33,2026-08-05,2.8592210044753155,2.3,2.3,0.3689059934043657,-1.0555602215262991,3.4287871306045083
2025-12-15,KXGDPYEAR-34,2026-08-05,2.3636376657707103,2.3,0.1,0.04455795922498969,-0.6997330658180774,3.1110572835108945
2025-12-15,KXGDPYEAR-35,2026-08-04,2.749826891591256,2.8,1.8,-0.03218786147859579,-1.1621044533643832,3.3473672445211338
2025-12-15,KXGDPYEAR-36,2026-08-04,2.695242416882835,2.3,0.1,0.24894730630532177,-1.127603469239581,3.5316813541751007
2025-12-16,KXGDPYEAR-25,2026-02-20,2.0766317012556166,2.3,2.3,-0.5125660920658707,4.805467283647255,0.5112604510403154
2025-12-16,KXGDPYEAR-26,2026-08-05,2.314779095176201,2.3,2.3,0.09744169529139075,12.718177246770306,0.24585382182900262
2025-12-16,KXGDPYEAR-27,2026-08-05,2.0076383085144998,1.8,1.8,0.37400640422233034,2.898797807861639,0.6732893756761689
2025-12-16,KXGDPYEAR-28,2026-08-04,2.4731462188993745,2.3,2.3,0.1400696034980221,-0.34308140549094945,2.8598708587524024
2025-12-16,KXGDPYEAR-29,2026-08-04,2.3444515498705965,2.3,2.8,0.03264685533572642,-0.4834652040264813,2.997886909329589
2025-12-16,KXGDPYEAR-30,2026-08-05,2.53,2.3,2.3,0.20390070921985817,-0.3831493711206555,2.1596999999999995
2025-12-16,KXGDPYEAR-31,2026-08-04,2.248014310493019,2.3,2.8,-0.037566168275753146,-0.7012489658312346,2.719168761277071
2025-12-16,KXGDPYEAR-32,2026-08-04,2.675002825369558,2.3,1.8,0.23810070525900007,-1.1546447091476657,3.45779719496512
2025-12-16,KXGDPYEAR-33,2026-08-05,2.8592210044753155,2.3,2.3,0.3689059934043657,-1.0555602215262991,3.4287871306045083
2025-12-16,KXGDPYEAR-34,2026-08-05,2.3636376657707103,2.3,0.1,0.04455795922498969,-0.6997330658180774,3.1110572835108945
2025-12-16,KXGDPYEAR-35,2026-08-04,2.749826891591256,2.8,1.8,-0.03218786147859579,-1.1621044533643832,3.3473672445211338
2025-12-16,KXGDPYEAR-36,2026-08-04,2.695242416882835,2.3,0.1,0.24894730630532177,-1.127603469239581,3.5316813541751007
2025-12-17,KXGDPYEAR-25,2026-02-20,2.0689470003193,2.3,2.3,-0.5269104204576701,4.90972706965285,0.5005432308396812
2025-12-17,KXGDPYEAR-26,2026-08-05,2.314779095176201,2.3,2.3,0.09744169529139075,12.718177246770306,0.24585382182900262
2025-12-17,KXGDPYEAR-27,2026-08-05,2.0076383085144998,1.8,1.8,0.37400640422233034,2.898797807861639,0.6732893756761689
2025-12-17,KXGDPYEAR-28,2026-08-04,2.4731462188993745,2.3,2.3,0.1400696034980221,-0.34308140549094945,2.8598708587524024
2025-12-17,KXGDPYEAR-29,2026-08-04,2.3444515498705965,2.3,2.8,0.03264685533572642,-0.4834652040264813,2.997886909329589
2025-12-17,KXGDPYEAR-30,2026-08-05,2.53,2.3,2.3,0.20390070921985817,-0.3831493711206555,2.1596999999999995
2025-12-17,KXGDPYEAR-31,2026-08-04,2.248014310493019,2.3,2.8,-0.037566168275753146,-0.7012489658312346,2.719168761277071
2025-12-17,KXGDPYEAR-32,2026-08-04,2.675002825369558,2.3,1.8,0.23810070525900007,-1.1546447091476657,3.45779719496512
2025-12-17,KXGDPYEAR-33,2026-08-05,2.8592210044753155,2.3,2.3,0.3689059934043657,-1.0555602215262991,3.4287871306045083
2025-12-17,KXGDPYEAR-34,2026-08-05,2.3636376657707103,2.3,0.1,0.04455795922498969,-0.6997330658180774,3.1110572835108945
2025-12-17,KXGDPYEAR-35,2026-08-04,2.749826891591256,2.8,1.8,-0.03218786147859579,-1.1621044533643832,3.3473672445211338
2025-12-17,KXGDPYEAR-36,2026-08-04,2.695242416882835,2.3,0.1,0.24894730630532177,-1.127603469239581,3.5316813541751007
2025-12-18,KXGDPYEAR-25,2026-02-20,2.0810929320176283,2.3,2.3,-0.5005481500638096,4.686966344620276,0.5117938894112988
2025-12-18,KXGDPYEAR-26,2026-08-05,2.314779095176201,2.3,2.3,0.09744169529139075,12.718177246770306,0.24585382182900262
2025-12-18,KXGDPYEAR-27,2026-08-05,2.0076383085144998,1.8,1.8,0.37400640422233034,2.898797807861639,0.6732893756761689
2025-12-18,KXGDPYEAR-28,2026-08-04,2.4731462188993745,2.3,2.3,0.1400696034980221,-0.34308140549094945,2.8598708587524024
2025-12-18,KXGDPYEAR-29,2026-08-04,2.3444515498705965,2.3,2.8,0.03264685533572642,-0.4834652040264813,2.997886909329589
2025-12-18,KXGDPYEAR-30,2026-08-05,2.53,2.3,2.3,0.20390070921985817,-0.3831493711206555,2.1596999999999995
2025-12-18,KXGDPYEAR-31,2026-08-04,2.248014310493019,2.3,2.8,-0.037566168275753146,-0.7012489658312346,2.719168761277071
2025-12-18,KXGDPYEAR-32,2026-08-04,2.675002825369558,2.3,1.8,0.23810070525900007,-1.1546447091476657,3.45779719496512
2025-12-18,KXGDPYEAR-33,2026-08-05,2.8592210044753155,2.3,2.3,0.3689059934043657,-1.0555602215262991,3.4287871306045083
2025-12-18,KXGDPYEAR-34,2026-08-05,2.3636376657707103,2.3,0.1,0.04455795922498969,-0.6997330658180774,3.1110572835108945
2025-12-18,KXGDPYEAR-35,2026-08-04,2.749826891591256,2.8,1.8,-0.03218786147859579,-1.1621044533643832,3.3473672445211338
2025-12-18,KXGDPYEAR-36,2026-08-04,2.695242416882835,2.3,0.1,0.24894730630532177,-1.127603469239581,3.5316813541751007
2025-12-19,KXGDPYEAR-25,2026-02-20,2.111798870928114,2.3,2.3,-0.45304382828971834,5.356332301428775,0.47941673343607427
2025-12-19,KXGDPYEAR-26,2026-08-05,2.314779095176201,2.3,2.3,0.09744169529139075,12.718177246770306,0.24585382182900262
2025-12-19,KXGDPYEAR-27,2026-08-05,2.0076383085144998,1.8,1.8,0.37400640422233034,2.898797807861639,0.6732893756761689
2025-12-19,KXGDPYEAR-28,2026-08-04,2.4731462188993745,2.3,2.3,0.1400696034980221,-0.34308140549094945,2.8598708587524024
2025-12-19,KXGDPYEAR-29,2026-08-04,2.3444515498705965,2.3,2.8,0.03264685533572642,-0.4834652040264813,2.997886909329589
2025-12-19,KXGDPYEAR-30,2026-08-05,2.53,2.3,2.3,0.20390070921985817,-0.3831493711206555,2.1596999999999995
2025-12-19,KXGDPYEAR-31,2026-08-04,2.248014310493019,2.3,2.8,-0.037566168275753146,-0.7012489658312346,2.719168761277071
2025-12-19,KXGDPYEAR-32,2026-08-04,2.675002825369558,2.3,1.8,0.23810070525900007,-1.1546447091476657,3.45779719496512
2025-12-19,KXGDPYEAR-33,2026-08-05,2.8592210044753155,2.3,2.3,0.3689059934043657,-1.0555602215262991,3.4287871306045083
2025-12-19,KXGDPYEAR-34,2026-08-05,2.3636376657707103,2.3,0.1,0.04455795922498969,-0.6997330658180774,3.1110572835108945
2025-12-19,KXGDPYEAR-35,2026-08-04,2.749826891591256,2.8,1.8,-0.03218786147859579,-1.1621044533643832,3.3473672445211338
2025-12-19,KXGDPYEAR-36,2026-08-04,2.695242416882835,2.3,0.1,0.24894730630532177,-1.127603469239581,3.5316813541751007
2025-12-20,KXGDPYEAR-25,2026-02-20,2.104527760577273,2.3,2.3,-0.47844796399044875,5.60858332764067,0.47130960490017515
2025-12-20,KXGDPYEAR-26,2026-08-05,2.314779095176201,2.3,2.3,0.09744169529139075,12.718177246770306,0.24585382182900262
2025-12-20,KXGDPYEAR-27,2026-08-05,2.0076383085144998,1.8,1.8,0.37400640422233034,2.898797807861639,0.6732893756761689
2025-12-20,KXGDPYEAR-28,2026-08-04,2.4731462188993745,2.3,2.3,0.1400696034980221,-0.34308140549094945,2.8598708587524024
2025-12-20,KXGDPYEAR-29,2026-08-04,2.3444515498705965,2.3,2.8,0.03264685533572642,-0.4834652040264813,2.997886909329589
2025-12-20,KXGDPYEAR-30,2026-08-05,2.53,2.3,2.3,0.20390070921985817,-0.3831493711206555,2.1596999999999995
2025-12-20,KXGDPYEAR-31,2026-08-04,2.248014310493019,2.3,2.8,-0.037566168275753146,-0.7012489658312346,2.719168761277071
2025-12-20,KXGDPYEAR-32,2026-08-04,2.675002825369558,2.3,1.8,0.23810070525900007,-1.1546447091476657,3.45779719496512
2025-12-20,KXGDPYEAR-33,2026-08-05,2.8592210044753155,2.3,2.3,0.3689059934043657,-1.0555602215262991,3.4287871306045083
2025-12-20,KXGDPYEAR-34,2026-08-05,2.3636376657707103,2.3,0.1,0.04455795922498969,-0.6997330658180774,3.1110572835108945
2025-12-20,KXGDPYEAR-35,2026-08-04,2.749826891591256,2.8,1.8,-0.03218786147859579,-1.1621044533643832,3.3473672445211338
2025-12-20,KXGDPYEAR-36,2026-08-04,2.695242416882835,2.3,0.1,0.24894730630532177,-1.127603469239581,3.5316813541751007
2025-12-21,KXGDPYEAR-25,2026-02-20,2.1019053766225526,2.3,2.3,-0.4699447959402607,5.331737906563527,0.48865964619841834
2025-12-21,KXGDPYEAR-26,2026-08-05,2.314779095176201,2.3,2.3,0.09744169529139075,12.718177246770306,0.24585382182900262
2025-12-21,KXGDPYEAR-27,2026-08-05,2.0076383085144998,1.8,1.8,0.37400640422233034,2.898797807861639,0.6732893756761689
2025-12-21,KXGDPYEAR-28,2026-08-04,2.4731462188993745,2.3,2.3,0.1400696034980221,-0.34308140549094945,2.8598708587524024
2025-12-21,KXGDPYEAR-29,2026-08-04,2.3444515498705965,2.3,2.8,0.03264685533572642,-0.4834652040264813,2.997886909329589
2025-12-21,KXGDPYEAR-30,2026-08-05,2.53,2.3,2.3,0.20390070921985817,-0.3831493711206555,2.1596999999999995
2025-12-21,KXGDPYEAR-31,2026-08-04,2.248014310493019,2.3,2.8,-0.037566168275753146,-0.7012489658312346,2.719168761277071
2025-12-21,KXGDPYEAR-32,2026-08-04,2.675002825369558,2.3,1.8,0.23810070525900007,-1.1546447091476657,3.45779719496512
2025-12-21,KXGDPYEAR-33,2026-08-05,2.8592210044753155,2.3,2.3,0.3689059934043657,-1.0555602215262991,3.4287871306045083
2025-12-21,KXGDPYEAR-34,2026-08-05,2.3636376657707103,2.3,0.1,0.04455795922498969,-0.6997330658180774,3.1110572835108945
2025-12-21,KXGDPYEAR-35,2026-08-04,2.749826891591256,2.8,1.8,-0.03218786147859579,-1.1621044533643832,3.3473672445211338
2025-12-21,KXGDPYEAR-36,2026-08-04,2.695242416882835,2.3,0.1,0.24894730630532177,-1.127603469239581,3.5316813541751007
2025-12-22,KXGDPYEAR-25,2026-02-20,2.102770225957349,2.3,2.3,-0.4868718025425462,5.705831983485037,0.4659633139434348
2025-12-22,KXGDPYEAR-26,2026-08-05,2.314779095176201,2.3,2.3,0.09744169529139075,12.718177246770306,0.24585382182900262
2025-12-22,KXGDPYEAR-27,2026-08-05,2.0076383085144998,1.8,1.8,0.37400640422233034,2.898797807861639,0.6732893756761689
2025-12-22,KXGDPYEAR-28,2026-08-04,2.4731462188993745,2.3,2.3,0.1400696034980221,-0.34308140549094945,2.8598708587524024
2025-12-22,KXGDPYEAR-29,2026-08-04,2.3444515498705965,2.3,2.8,0.03264685533572642,-0.4834652040264813,2.997886909329589
2025-12-22,KXGDPYEAR-30,2026-08-05,2.53,2.3,2.3,0.20390070921985817,-0.3831493711206555,2.1596999999999995
2025-12-22,KXGDPYEAR-31,2026-08-04,2.248014310493019,2.3,2.8,-0.037566168275753146,-0.7012489658312346,2.719168761277071
2025-12-22,KXGDPYEAR-32,2026-08-04,2.675002825369558,2.3,1.8,0.23810070525900007,-1.1546447091476657,3.45779719496512
2025-12-22,KXGDPYEAR-33,2026-08-05,2.8592210044753155,2.3,2.3,0.3689059934043657,-1.0555602215262991,3.4287871306045083
2025-12-22,KXGDPYEAR-34,2026-08-05,2.3636376657707103,2.3,0.1,0.04455795922498969,-0.6997330658180774,3.1110572835108945
2025-12-22,KXGDPYEAR-35,2026-08-04,2.749826891591256,2.8,1.8,-0.03218786147859579,-1.1621044533643832,3.3473672445211338
2025-12-22,KXGDPYEAR-36,2026-08-04,2.695242416882835,2.3,0.1,0.24894730630532177,-1.127603469239581,3.5316813541751007
2025-12-23,KXGDPYEAR-25,2026-02-20,2.184036766044287,2.3,2.3,-0.31996391426993603,5.05311385940057,0.49157346795301854
2025-12-23,KXGDPYEAR-26,2026-08-05,2.314779095176201,2.3,2.3,0.09744169529139075,12.718177246770306,0.24585382182900262
2025-12-23,KXGDPYEAR-27,2026-08-05,2.0076383085144998,1.8,1.8,0.37400640422233034,2.898797807861639,0.6732893756761689
2025-12-23,KXGDPYEAR-28,2026-08-04,2.4731462188993745,2.3,2.3,0.1400696034980221,-0.34308140549094945,2.8598708587524024
2025-12-23,KXGDPYEAR-29,2026-08-04,2.3444515498705965,2.3,2.8,0.03264685533572642,-0.4834652040264813,2.997886909329589
2025-12-23,KXGDPYEAR-30,2026-08-05,2.53,2.3,2.3,0.20390070921985817,-0.3831493711206555,2.1596999999999995
2025-12-23,KXGDPYEAR-31,2026-08-04,2.248014310493019,2.3,2.8,-0.037566168275753146,-0.7012489658312346,2.719168761277071
2025-12-23,KXGDPYEAR-32,2026-08-04,2.675002825369558,2.3,1.8,0.23810070525900007,-1.1546447091476657,3.45779719496512
2025-12-23,KXGDPYEAR-33,2026-08-05,2.8592210044753155,2.3,2.3,0.3689059934043657,-1.0555602215262991,3.4287871306045083
2025-12-23,KXGDPYEAR-34,2026-08-05,2.3636376657707103,2.3,0.1,0.04455795922498969,-0.6997330658180774,3.1110572835108945
2025-12-23,KXGDPYEAR-35,2026-08-04,2.749826891591256,2.8,1.8,-0.03218786147859579,-1.1621044533643832,3.3473672445211338
2025-12-23,KXGDPYEAR-36,2026-08-04,2.695242416882835,2.3,0.1,0.24894730630532177,-1.127603469239581,3.5316813541751007
2025-12-24,KXGDPYEAR-25,2026-02-20,2.2409395409720854,2.3,2.3,-0.17017889993019408,4.9896906494288755,0.4898293034858082
2025-12-24,KXGDPYEAR-26,2026-08-05,2.314779095176201,2.3,2.3,0.09744169529139075,12.718177246770306,0.24585382182900262
2025-12-24,KXGDPYEAR-27,2026-08-05,2.0076383085144998,1.8,1.8,0.37400640422233034,2.898797807861639,0.6732893756761689
2025-12-24,KXGDPYEAR-28,2026-08-04,2.4731462188993745,2.3,2.3,0.1400696034980221,-0.34308140549094945,2.8598708587524024
2025-12-24,KXGDPYEAR-29,2026-08-04,2.3444515498705965,2.3,2.8,0.03264685533572642,-0.4834652040264813,2.997886909329589
2025-12-24,KXGDPYEAR-30,2026-08-05,2.53,2.3,2.3,0.20390070921985817,-0.3831493711206555,2.1596999999999995
2025-12-24,KXGDPYEAR-31,2026-08-04,2.248014310493019,2.3,2.8,-0.037566168275753146,-0.7012489658312346,2.719168761277071
2025-12-24,KXGDPYEAR-32,2026-08-04,2.675002825369558,2.3,1.8,0.23810070525900007,-1.1546447091476657,3.45779719496512
2025-12-24,KXGDPYEAR-33,2026-08-05,2.8592210044753155,2.3,2.3,0.3689059934043657,-1.0555602215262991,3.4287871306045083
2025-12-24,KXGDPYEAR-34,2026-08-05,2.3636376657707103,2.3,0.1,0.04455795922498969,-0.6997330658180774,3.1110572835108945
2025-12-24,KXGDPYEAR-35,2026-08-04,2.749826891591256,2.8,1.8,-0.03218786147859579,-1.1621044533643832,3.3473672445211338
2025-12-24,KXGDPYEAR-36,2026-08-04,2.695242416882835,2.3,0.1,0.24894730630532177,-1.127603469239581,3.5316813541751007
2025-12-25,KXGDPYEAR-25,2026-02-20,2.254602264309119,2.3,2.3,-0.12904504358872265,4.799184800718207,0.49549769728639725
2025-12-25,KXGDPYEAR-26,2026-08-05,2.314779095176201,2.3,2.3,0.09744169529139075,12.718177246770306,0.24585382182900262
2025-12-25,KXGDPYEAR-27,2026-08-05,2.0076383085144998,1.8,1.8,0.37400640422233034,2.898797807861639,0.6732893756761689
2025-12-25,KXGDPYEAR-28,2026-08-04,2.4731462188993745,2.3,2.3,0.1400696034980221,-0.34308140549094945,2.8598708587524024
2025-12-25,KXGDPYEAR-29,2026-08-04,2.3444515498705965,2.3,2.8,0.03264685533572642,-0.4834652040264813,2.997886909329589
2025-12-25,KXGDPYEAR-30,2026-08-05,2.53,2.3,2.3,0.20390070921985817,-0.3831493711206555,2.1596999999999995
2025-12-25,KXGDPYEAR-31,2026-08-04,2.248014310493019,2.3,2.8,-0.037566168275753146,-0.7012489658312346,2.719168761277071
2025-12-25,KXGDPYEAR-32,2026-08-04,2.675002825369558,2.3,1.8,0.23810070525900007,-1.1546447091476657,3.45779719496512
2025-12-25,KXGDPYEAR-33,2026-08-05,2.8592210044753155,2.3,2.3,0.3689059934043657,-1.0555602215262991,3.4287871306045083
2025-12-25,KXGDPYEAR-34,2026-08-05,2.3636376657707103,2.3,0.1,0.04455795922498969,-0.6997330658180774,3.1110572835108945
2025-12-25,KXGDPYEAR-35,2026-08-04,2.749826891591256,2.8,1.8,-0.03218786147859579,-1.1621044533643832,3.3473672445211338
2025-12-25,KXGDPYEAR-36,2026-08-04,2.695242416882835,2.3,0.1,0.24894730630532177,-1.127603469239581,3.5316813541751007
2025-12-26,KXGDPYEAR-25,2026-02-20,2.2535514140492636,2.3,2.3,-0.129186602870813,4.630117674607936,0.5058524337243786
2025-12-26,KXGDPYEAR-26,2026-08-05,2.314779095176201,2.3,2.3,0.09744169529139075,12.718177246770306,0.24585382182900262
2025-12-26,KXGDPYEAR-27,2026-08-05,2.0076383085144998,1.8,1.8,0.37400640422233034,2.898797807861639,0.6732893756761689
2025-12-26,KXGDPYEAR-28,2026-08-04,2.4731462188993745,2.3,2.3,0.1400696034980221,-0.34308140549094945,2.8598708587524024
2025-12-26,KXGDPYEAR-29,2026-08-04,2.3444515498705965,2.3,2.8,0.03264685533572642,-0.4834652040264813,2.997886909329589
2025-12-26,KXGDPYEAR-30,2026-08-05,2.53,2.3,2.3,0.20390070921985817,-0.3831493711206555,2.1596999999999995
2025-12-26,KXGDPYEAR-31,2026-08-04,2.248014310493019,2.3,2.8,-0.037566168275753146,-0.7012489658312346,2.719168761277071
2025-12-26,KXGDPYEAR-32,2026-08-04,2.675002825369558,2.3,1.8,0.23810070525900007,-1.1546447091476657,3.45779719496512
2025-12-26,KXGDPYEAR-33,2026-08-05,2.8592210044753155,2.3,2.3,0.3689059934043657,-1.0555602215262991,3.4287871306045083
2025-12-26,KXGDPYEAR-34,2026-08-05,2.3636376657707103,2.3,0.1,0.04455795922498969,-0.6997330658180774,3.1110572835108945
2025-12-26,KXGDPYEAR-35,2026-08-04,2.749826891591256,2.8,1.8,-0.03218786147859579,-1.1621044533643832,3.3473672445211338
2025-12-26,KXGDPYEAR-36,2026-08-04,2.695242416882835,2.3,0.1,0.24894730630532177,-1.127603469239581,3.5316813541751007
2025-12-27,KXGDPYEAR-25,2026-02-20,2.2773554282841117,2.3,2.3,-0.06505662905469885,4.763693757057449,0.4969688277807267
2025-12-27,KXGDPYEAR-26,2026-08-05,2.314779095176201,2.3,2.3,0.09744169529139075,12.718177246770306,0.24585382182900262
2025-12-27,KXGDPYEAR-27,2026-08-05,2.0076383085144998,1.8,1.8,0.37400640422233034,2.898797807861639,0.6732893756761689
2025-12-27,KXGDPYEAR-28,2026-08-04,2.4731462188993745,2.3,2.3,0.1400696034980221,-0.34308140549094945,2.8598708587524024
2025-12-27,KXGDPYEAR-29,2026-08-04,2.3444515498705965,2.3,2.8,0.03264685533572642,-0.4834652040264813,2.997886909329589
2025-12-27,KXGDPYEAR-30,2026-08-05,2.53,2.3,2.3,0.20390070921985817,-0.3831493711206555,2.1596999999999995
2025-12-27,KXGDPYEAR-31,2026-08-04,2.248014310493019,2.3,2.8,-0.037566168275753146,-0.7012489658312346,2.719168761277071
2025-12-27,KXGDPYEAR-32,2026-08-04,2.675002825369558,2.3,1.8,0.23810070525900007,-1.1546447091476657,3.45779719496512
2025-12-27,KXGDPYEAR-33,2026-08-05,2.8592210044753155,2.3,2.3,0.3689059934043657,-1.0555602215262991,3.4287871306045083
2025-12-27,KXGDPYEAR-34,2026-08-05,2.3636376657707103,2.3,0.1,0.04455795922498969,-0.6997330658180774,3.1110572835108945
2025-12-27,KXGDPYEAR-35,2026-08-04,2.749826891591256,2.8,1.8,-0.03218786147859579,-1.1621044533643832,3.3473672445211338
2025-12-27,KXGDPYEAR-36,2026-08-04,2.695242416882835,2.3,0.1,0.24894730630532177,-1.127603469239581,3.5316813541751007
2025-12-28,KXGDPYEAR-25,2026-02-20,2.2804079384388296,2.3,2.3,-0.05423286346031289,4.510793784359287,0.5068888950607623
2025-12-28,KXGDPYEAR-26,2026-08-05,2.314779095176201,2.3,2.3,0.09744169529139075,12.718177246770306,0.24585382182900262
2025-12-28,KXGDPYEAR-27,2026-08-05,2.0076383085144998,1.8,1.8,0.37400640422233034,2.898797807861639,0.6732893756761689
2025-12-28,KXGDPYEAR-28,2026-08-04,2.4731462188993745,2.3,2.3,0.1400696034980221,-0.34308140549094945,2.8598708587524024
2025-12-28,KXGDPYEAR-29,2026-08-04,2.3444515498705965,2.3,2.8,0.03264685533572642,-0.4834652040264813,2.997886909329589
2025-12-28,KXGDPYEAR-30,2026-08-05,2.53,2.3,2.3,0.20390070921985817,-0.3831493711206555,2.1596999999999995
2025-12-28,KXGDPYEAR-31,2026-08-04,2.248014310493019,2.3,2.8,-0.037566168275753146,-0.7012489658312346,2.719168761277071
2025-12-28,KXGDPYEAR-32,2026-08-04,2.675002825369558,2.3,1.8,0.23810070525900007,-1.1546447091476657,3.45779719496512
2025-12-28,KXGDPYEAR-33,2026-08-05,2.8592210044753155,2.3,2.3,0.3689059934043657,-1.0555602215262991,3.4287871306045083
2025-12-28,KXGDPYEAR-34,2026-08-05,2.3636376657707103,2.3,0.1,0.04455795922498969,-0.6997330658180774,3.1110572835108945
2025-12-28,KXGDPYEAR-35,2026-08-04,2.749826891591256,2.8,1.8,-0.03218786147859579,-1.1621044533643832,3.3473672445211338
2025-12-28,KXGDPYEAR-36,2026-08-04,2.695242416882835,2.3,0.1,0.24894730630532177,-1.127603469239581,3.5316813541751007
2025-12-29,KXGDPYEAR-25,2026-02-20,2.287812509796569,2.3,2.3,-0.034272687097683247,4.467367351878419,0.5209114967005817
2025-12-29,KXGDPYEAR-26,2026-08-05,2.314779095176201,2.3,2.3,0.09744169529139075,12.718177246770306,0.24585382182900262
2025-12-29,KXGDPYEAR-27,2026-08-05,2.0076383085144998,1.8,1.8,0.37400640422233034,2.898797807861639,0.6732893756761689
2025-12-29,KXGDPYEAR-28,2026-08-04,2.4731462188993745,2.3,2.3,0.1400696034980221,-0.34308140549094945,2.8598708587524024
2025-12-29,KXGDPYEAR-29,2026-08-04,2.3444515498705965,2.3,2.8,0.03264685533572642,-0.4834652040264813,2.997886909329589
2025-12-29,KXGDPYEAR-30,2026-08-05,2.53,2.3,2.3,0.20390070921985817,-0.3831493711206555,2.1596999999999995
2025-12-29,KXGDPYEAR-31,2026-08-04,2.248014310493019,2.3,2.8,-0.037566168275753146,-0.7012489658312346,2.719168761277071
2025-12-29,KXGDPYEAR-32,2026-08-04,2.675002825369558,2.3,1.8,0.23810070525900007,-1.1546447091476657,3.45779719496512
2025-12-29,KXGDPYEAR-33,2026-08-05,2.8592210044753155,2.3,2.3,0.3689059934043657,-1.0555602215262991,3.4287871306045083
2025-12-29,KXGDPYEAR-34,2026-08-05,2.3636376657707103,2.3,0.1,0.04455795922498969,-0.6997330658180774,3.1110572835108945
2025-12-29,KXGDPYEAR-35,2026-08-04,2.749826891591256,2.8,1.8,-0.03218786147859579,-1.1621044533643832,3.3473672445211338
2025-12-29,KXGDPYEAR-36,2026-08-04,2.695242416882835,2.3,0.1,0.24894730630532177,-1.127603469239581,3.5316813541751007
2025-12-30,KXGDPYEAR-25,2026-02-20,2.2709597266797803,2.3,2.3,-0.0813397129186604,4.554610066809625,0.507873921040861
2025-12-30,KXGDPYEAR-26,2026-08-05,2.314779095176201,2.3,2.3,0.09744169529139075,12.718177246770306,0.24585382182900262
2025-12-30,KXGDPYEAR-27,2026-08-05,2.0076383085144998,1.8,1.8,0.37400640422233034,2.898797807861639,0.6732893756761689
2025-12-30,KXGDPYEAR-28,2026-08-04,2.4731462188993745,2.3,2.3,0.1400696034980221,-0.34308140549094945,2.8598708587524024
2025-12-30,KXGDPYEAR-29,2026-08-04,2.3444515498705965,2.3,2.8,0.03264685533572642,-0.4834652040264813,2.997886909329589
2025-12-30,KXGDPYEAR-30,2026-08-05,2.53,2.3,2.3,0.20390070921985817,-0.3831493711206555,2.1596999999999995
2025-12-30,KXGDPYEAR-31,2026-08-04,2.248014310493019,2.3,2.8,-0.037566168275753146,-0.7012489658312346,2.719168761277071
2025-12-30,KXGDPYEAR-32,2026-08-04,2.675002825369558,2.3,1.8,0.23810070525900007,-1.1546447091476657,3.45779719496512
2025-12-30,KXGDPYEAR-33,2026-08-05,2.8592210044753155,2.3,2.3,0.3689059934043657,-1.0555602215262991,3.4287871306045083
2025-12-30,KXGDPYEAR-34,2026-08-05,2.3636376657707103,2.3,0.1,0.04455795922498969,-0.6997330658180774,3.1110572835108945
2025-12-30,KXGDPYEAR-35,2026-08-04,2.749826891591256,2.8,1.8,-0.03218786147859579,-1.1621044533643832,3.3473672445211338
2025-12-30,KXGDPYEAR-36,2026-08-04,2.695242416882835,2.3,0.1,0.24894730630532177,-1.127603469239581,3.5316813541751007
2025-12-31,KXGDPYEAR-25,2026-02-20,2.2781802343552418,2.3,2.3,-0.06074236320256625,4.546996990250075,0.5050385520548751
2025-12-31,KXGDPYEAR-26,2026-08-05,2.314779095176201,2.3,2.3,0.09744169529139075,12.718177246770306,0.24585382182900262
2025-12-31,KXGDPYEAR-27,2026-08-05,2.0076383085144998,1.8,1.8,0.37400640422233034,2.898797807861639,0.6732893756761689
2025-12-31,KXGDPYEAR-28,2026-08-04,2.4731462188993745,2.3,2.3,0.1400696034980221,-0.34308140549094945,2.8598708587524024
2025-12-31,KXGDPYEAR-29,2026-08-04,2.3444515498705965,2.3,2.8,0.03264685533572642,-0.4834652040264813,2.997886909329589
2025-12-31,KXGDPYEAR-30,2026-08-05,2.53,2.3,2.3,0.20390070921985817,-0.3831493711206555,2.1596999999999995
2025-12-31,KXGDPYEAR-31,2026-08-04,2.248014310493019,2.3,2.8,-0.037566168275753146,-0.7012489658312346,2.719168761277071
2025-12-31,KXGDPYEAR-32,2026-08-04,2.675002825369558,2.3,1.8,0.23810070525900007,-1.1546447091476657,3.45779719496512
2025-12-31,KXGDPYEAR-33,2026-08-05,2.8592210044753155,2.3,2.3,0.3689059934043657,-1.0555602215262991,3.4287871306045083
2025-12-31,KXGDPYEAR-34,2026-08-05,2.3636376657707103,2.3,0.1,0.04455795922498969,-0.6997330658180774,3.1110572835108945
2025-12-31,KXGDPYEAR-35,2026-08-04,2.749826891591256,2.8,1.8,-0.03218786147859579,-1.1621044533643832,3.3473672445211338
2025-12-31,KXGDPYEAR-36,2026-08-04,2.695242416882835,2.3,0.1,0.24894730630532177,-1.127603469239581,3.5316813541751007
2026-01-01,KXGDPYEAR-25,2026-02-20,2.30829077361164,2.3,2.3,0.026772436358842303,5.7074073220400106,0.42848847889483876
2026-01-01,KXGDPYEAR-26,2026-08-05,2.314779095176201,2.3,2.3,0.09744169529139075,12.718177246770306,0.24585382182900262
2026-01-01,KXGDPYEAR-27,2026-08-05,2.0076383085144998,1.8,1.8,0.37400640422233034,2.898797807861639,0.6732893756761689
2026-01-01,KXGDPYEAR-28,2026-08-04,2.4731462188993745,2.3,2.3,0.1400696034980221,-0.34308140549094945,2.8598708587524024
2026-01-01,KXGDPYEAR-29,2026-08-04,2.3444515498705965,2.3,2.8,0.03264685533572642,-0.4834652040264813,2.997886909329589
2026-01-01,KXGDPYEAR-30,2026-08-05,2.53,2.3,2.3,0.20390070921985817,-0.3831493711206555,2.1596999999999995
2026-01-01,KXGDPYEAR-31,2026-08-04,2.248014310493019,2.3,2.8,-0.037566168275753146,-0.7012489658312346,2.719168761277071
2026-01-01,KXGDPYEAR-32,2026-08-04,2.675002825369558,2.3,1.8,0.23810070525900007,-1.1546447091476657,3.45779719496512
2026-01-01,KXGDPYEAR-33,2026-08-05,2.8592210044753155,2.3,2.3,0.3689059934043657,-1.0555602215262991,3.4287871306045083
2026-01-01,KXGDPYEAR-34,2026-08-05,2.3636376657707103,2.3,0.1,0.04455795922498969,-0.6997330658180774,3.1110572835108945
2026-01-01,KXGDPYEAR-35,2026-08-04,2.749826891591256,2.8,1.8,-0.03218786147859579,-1.1621044533643832,3.3473672445211338
2026-01-01,KXGDPYEAR-36,2026-08-04,2.695242416882835,2.3,0.1,0.24894730630532177,-1.127603469239581,3.5316813541751007
2026-01-02,KXGDPYEAR-25,2026-02-20,2.3080034588526424,2.3,2.3,0.025943132157489092,5.7463316039120524,0.426885790821337
2026-01-02,KXGDPYEAR-26,2026-08-05,2.314779095176201,2.3,2.3,0.09744169529139075,12.718177246770306,0.24585382182900262
2026-01-02,KXGDPYEAR-27,2026-08-05,2.0076383085144998,1.8,1.8,0.37400640422233034,2.898797807861639,0.6732893756761689
2026-01-02,KXGDPYEAR-28,2026-08-04,2.4731462188993745,2.3,2.3,0.1400696034980221,-0.34308140549094945,2.8598708587524024
2026-01-02,KXGDPYEAR-29,2026-08-04,2.3444515498705965,2.3,2.8,0.03264685533572642,-0.4834652040264813,2.997886909329589
2026-01-02,KXGDPYEAR-30,2026-08-05,2.53,2.3,2.3,0.20390070921985817,-0.3831493711206555,2.1596999999999995
2026-01-02,KXGDPYEAR-31,2026-08-04,2.248014310493019,2.3,2.8,-0.037566168275753146,-0.7012489658312346,2.719168761277071
2026-01-02,KXGDPYEAR-32,2026-08-04,2.675002825369558,2.3,1.8,0.23810070525900007,-1.1546447091476657,3.45779719496512
2026-01-02,KXGDPYEAR-33,2026-08-05,2.8592210044753155,2.3,2.3,0.3689059934043657,-1.0555602215262991,3.4287871306045083
2026-01-02,KXGDPYEAR-34,2026-08-05,2.3636376657707103,2.3,0.1,0.04455795922498969,-0.6997330658180774,3.1110572835108945
2026-01-02,KXGDPYEAR-35,2026-08-04,2.749826891591256,2.8,1.8,-0.03218786147859579,-1.1621044533643832,3.3473672445211338
2026-01-02,KXGDPYEAR-36,2026-08-04,2.695242416882835,2.3,0.1,0.24894730630532177,-1.127603469239581,3.5316813541751007
2026-01-03,KXGDPYEAR-25,2026-02-20,2.3137209026098464,2.3,2.3,0.04693946647676724,6.057530891971847,0.41909715045665175
2026-01-03,KXGDPYEAR-26,2026-08-05,2.314779095176201,2.3,2.3,0.09744169529139075,12.718177246770306,0.24585382182900262
2026-01-03,KXGDPYEAR-27,2026-08-05,2.0076383085144998,1.8,1.8,0.37400640422233034,2.898797807861639,0.6732893756761689
2026-01-03,KXGDPYEAR-28,2026-08-04,2.4731462188993745,2.3,2.3,0.1400696034980221,-0.34308140549094945,2.8598708587524024
2026-01-03,KXGDPYEAR-29,2026-08-04,2.3444515498705965,2.3,2.8,0.03264685533572642,-0.4834652040264813,2.997886909329589
2026-01-03,KXGDPYEAR-30,2026-08-05,2.53,2.3,2.3,0.20390070921985817,-0.3831493711206555,2.1596999999999995
2026-01-03,KXGDPYEAR-31,2026-08-04,2.248014310493019,2.3,2.8,-0.037566168275753146,-0.7012489658312346,2.719168761277071
2026-01-03,KXGDPYEAR-32,2026-08-04,2.675002825369558,2.3,1.8,0.23810070525900007,-1.1546447091476657,3.45779719496512
2026-01-03,KXGDPYEAR-33,2026-08-05,2.8592210044753155,2.3,2.3,0.3689059934043657,-1.0555602215262991,3.4287871306045083
2026-01-03,KXGDPYEAR-34,2026-08-05,2.3636376657707103,2.3,0.1,0.04455795922498969,-0.6997330658180774,3.1110572835108945
2026-01-03,KXGDPYEAR-35,2026-08-04,2.749826891591256,2.8,1.8,-0.03218786147859579,-1.1621044533643832,3.3473672445211338
2026-01-03,KXGDPYEAR-36,2026-08-04,2.695242416882835,2.3,0.1,0.24894730630532177,-1.127603469239581,3.5316813541751007
2026-01-04,KXGDPYEAR-25,2026-02-20,2.306454630761108,2.3,2.3,0.022741620833988316,6.415838495101296,0.40375057359087874
2026-01-04,KXGDPYEAR-26,2026-08-05,2.314779095176201,2.3,2.3,0.09744169529139075,12.718177246770306,0.24585382182900262
2026-01-04,KXGDPYEAR-27,2026-08-05,2.0076383085144998,1.8,1.8,0.37400640422233034,2.898797807861639,0.6732893756761689
2026-01-04,KXGDPYEAR-28,2026-08-04,2.4731462188993745,2.3,2.3,0.1400696034980221,-0.34308140549094945,2.8598708587524024
2026-01-04,KXGDPYEAR-29,2026-08-04,2.3444515498705965,2.3,2.8,0.03264685533572642,-0.4834652040264813,2.997886909329589
2026-01-04,KXGDPYEAR-30,2026-08-05,2.53,2.3,2.3,0.20390070921985817,-0.3831493711206555,2.1596999999999995
2026-01-04,KXGDPYEAR-31,2026-08-04,2.248014310493019,2.3,2.8,-0.037566168275753146,-0.7012489658312346,2.719168761277071
2026-01-04,KXGDPYEAR-32,2026-08-04,2.675002825369558,2.3,1.8,0.23810070525900007,-1.1546447091476657,3.45779719496512
2026-01-04,KXGDPYEAR-33,2026-08-05,2.8592210044753155,2.3,2.3,0.3689059934043657,-1.0555602215262991,3.4287871306045083
2026-01-04,KXGDPYEAR-34,2026-08-05,2.3636376657707103,2.3,0.1,0.04455795922498969,-0.6997330658180774,3.1110572835108945
2026-01-04,KXGDPYEAR-35,2026-08-04,2.749826891591256,2.8,1.8,-0.03218786147859579,-1.1621044533643832,3.3473672445211338
2026-01-04,KXGDPYEAR-36,2026-08-04,2.695242416882835,2.3,0.1,0.24894730630532177,-1.127603469239581,3.5316813541751007
2026-01-05,KXGDPYEAR-25,2026-02-20,2.293431263113358,2.3,2.3,-0.023025230642404672,6.543951823021221,0.40718628935142137
2026-01-05,KXGDPYEAR-26,2026-08-05,2.314779095176201,2.3,2.3,0.09744169529139075,12.718177246770306,0.24585382182900262
2026-01-05,KXGDPYEAR-27,2026-08-05,2.0076383085144998,1.8,1.8,0.37400640422233034,2.898797807861639,0.6732893756761689
2026-01-05,KXGDPYEAR-28,2026-08-04,2.4731462188993745,2.3,2.3,0.1400696034980221,-0.34308140549094945,2.8598708587524024
2026-01-05,KXGDPYEAR-29,2026-08-04,2.3444515498705965,2.3,2.8,0.03264685533572642,-0.4834652040264813,2.997886909329589
2026-01-05,KXGDPYEAR-30,2026-08-05,2.53,2.3,2.3,0.20390070921985817,-0.3831493711206555,2.1596999999999995
2026-01-05,KXGDPYEAR-31,2026-08-04,2.248014310493019,2.3,2.8,-0.037566168275753146,-0.7012489658312346,2.719168761277071
2026-01-05,KXGDPYEAR-32,2026-08-04,2.675002825369558,2.3,1.8,0.23810070525900007,-1.1546447091476657,3.45779719496512
2026-01-05,KXGDPYEAR-33,2026-08-05,2.8592210044753155,2.3,2.3,0.3689059934043657,-1.0555602215262991,3.4287871306045083
2026-01-05,KXGDPYEAR-34,2026-08-05,2.3636376657707103,2.3,0.1,0.04455795922498969,-0.6997330658180774,3.1110572835108945
2026-01-05,KXGDPYEAR-35,2026-08-04,2.749826891591256,2.8,1.8,-0.03218786147859579,-1.1621044533643832,3.3473672445211338
2026-01-05,KXGDPYEAR-36,2026-08-04,2.695242416882835,2.3,0.1,0.24894730630532177,-1.127603469239581,3.5316813541751007
2026-01-06,KXGDPYEAR-25,2026-02-20,2.2805611110606363,2.3,2.3,-0.0715875252401467,6.90109831789891,0.40117212428168647
2026-01-06,KXGDPYEAR-26,2026-08-05,2.314779095176201,2.3,2.3,0.09744169529139075,12.718177246770306,0.24585382182900262
2026-01-06,KXGDPYEAR-27,2026-08-05,2.0076383085144998,1.8,1.8,0.37400640422233034,2.898797807861639,0.6732893756761689
2026-01-06,KXGDPYEAR-28,2026-08-04,2.4731462188993745,2.3,2.3,0.1400696034980221,-0.34308140549094945,2.8598708587524024
2026-01-06,KXGDPYEAR-29,2026-08-04,2.3444515498705965,2.3,2.8,0.03264685533572642,-0.4834652040264813,2.997886909329589
2026-01-06,KXGDPYEAR-30,2026-08-05,2.53,2.3,2.3,0.20390070921985817,-0.3831493711206555,2.1596999999999995
2026-01-06,KXGDPYEAR-31,2026-08-04,2.248014310493019,2.3,2.8,-0.037566168275753146,-0.7012489658312346,2.719168761277071
2026-01-06,KXGDPYEAR-32,2026-08-04,2.675002825369558,2.3,1.8,0.23810070525900007,-1.1546447091476657,3.45779719496512
2026-01-06,KXGDPYEAR-33,2026-08-05,2.8592210044753155,2.3,2.3,0.3689059934043657,-1.0555602215262991,3.4287871306045083
2026-01-06,KXGDPYEAR-34,2026-08-05,2.3636376657707103,2.3,0.1,0.04455795922498969,-0.6997330658180774,3.1110572835108945
2026-01-06,KXGDPYEAR-35,2026-08-04,2.749826891591256,2.8,1.8,-0.03218786147859579,-1.1621044533643832,3.3473672445211338
2026-01-06,KXGDPYEAR-36,2026-08-04,2.695242416882835,2.3,0.1,0.24894730630532177,-1.127603469239581,3.5316813541751007
2026-01-07,KXGDPYEAR-25,2026-02-20,2.2887326624953177,2.3,2.3,-0.040583957692956356,6.76345116398279,0.4022147465701138
2026-01-07,KXGDPYEAR-26,2026-08-05,2.314779095176201,2.3,2.3,0.09744169529139075,12.718177246770306,0.24585382182900262
2026-01-07,KXGDPYEAR-27,2026-08-05,2.0076383085144998,1.8,1.8,0.37400640422233034,2.898797807861639,0.6732893756761689
2026-01-07,KXGDPYEAR-28,2026-08-04,2.4731462188993745,2.3,2.3,0.1400696034980221,-0.34308140549094945,2.8598708587524024
2026-01-07,KXGDPYEAR-29,2026-08-04,2.3444515498705965,2.3,2.8,0.03264685533572642,-0.4834652040264813,2.997886909329589
2026-01-07,KXGDPYEAR-30,2026-08-05,2.53,2.3,2.3,0.20390070921985817,-0.3831493711206555,2.1596999999999995
2026-01-07,KXGDPYEAR-31,2026-08-04,2.248014310493019,2.3,2.8,-0.037566168275753146,-0.7012489658312346,2.719168761277071
2026-01-07,KXGDPYEAR-32,2026-08-04,2.675002825369558,2.3,1.8,0.23810070525900007,-1.1546447091476657,3.45779719496512
2026-01-07,KXGDPYEAR-33,2026-08-05,2.8592210044753155,2.3,2.3,0.3689059934043657,-1.0555602215262991,3.4287871306045083
2026-01-07,KXGDPYEAR-34,2026-08-05,2.3636376657707103,2.3,0.1,0.04455795922498969,-0.6997330658180774,3.1110572835108945
2026-01-07,KXGDPYEAR-35,2026-08-04,2.749826891591256,2.8,1.8,-0.03218786147859579,-1.1621044533643832,3.3473672445211338
2026-01-07,KXGDPYEAR-36,2026-08-04,2.695242416882835,2.3,0.1,0.24894730630532177,-1.127603469239581,3.5316813541751007
2026-01-08,KXGDPYEAR-25,2026-02-20,2.3426751212026606,2.3,2.3,0.1473996693823172,6.414510017568745,0.4018356791322518
2026-01-08,KXGDPYEAR-26,2026-08-05,2.314779095176201,2.3,2.3,0.09744169529139075,12.718177246770306,0.24585382182900262
2026-01-08,KXGDPYEAR-27,2026-08-05,2.0076383085144998,1.8,1.8,0.37400640422233034,2.898797807861639,0.6732893756761689
2026-01-08,KXGDPYEAR-28,2026-08-04,2.4731462188993745,2.3,2.3,0.1400696034980221,-0.34308140549094945,2.8598708587524024
2026-01-08,KXGDPYEAR-29,2026-08-04,2.3444515498705965,2.3,2.8,0.03264685533572642,-0.4834652040264813,2.997886909329589
2026-01-08,KXGDPYEAR-30,2026-08-05,2.53,2.3,2.3,0.20390070921985817,-0.3831493711206555,2.1596999999999995
2026-01-08,KXGDPYEAR-31,2026-08-04,2.248014310493019,2.3,2.8,-0.037566168275753146,-0.7012489658312346,2.719168761277071
2026-01-08,KXGDPYEAR-32,2026-08-04,2.675002825369558,2.3,1.8,0.23810070525900007,-1.1546447091476657,3.45779719496512
2026-01-08,KXGDPYEAR-33,2026-08-05,2.8592210044753155,2.3,2.3,0.3689059934043657,-1.0555602215262991,3.4287871306045083
2026-01-08,KXGDPYEAR-34,2026-08-05,2.3636376657707103,2.3,0.1,0.04455795922498969,-0.6997330658180774,3.1110572835108945
2026-01-08,KXGDPYEAR-35,2026-08-04,2.749826891591256,2.8,1.8,-0.03218786147859579,-1.1621044533643832,3.3473672445211338
2026-01-08,KXGDPYEAR-36,2026-08-04,2.695242416882835,2.3,0.1,0.24894730630532177,-1.127603469239581,3.5316813541751007
2026-01-09,KXGDPYEAR-25,2026-02-20,2.3670618203207328,2.3,2.3,0.22138114247040747,6.079877056982058,0.4065702456337342
2026-01-09,KXGDPYEAR-26,2026-08-05,2.314779095176201,2.3,2.3,0.09744169529139075,12.718177246770306,0.24585382182900262
2026-01-09,KXGDPYEAR-27,2026-08-05,2.0076383085144998,1.8,1.8,0.37400640422233034,2.898797807861639,0.6732893756761689
2026-01-09,KXGDPYEAR-28,2026-08-04,2.4731462188993745,2.3,2.3,0.1400696034980221,-0.34308140549094945,2.8598708587524024
2026-01-09,KXGDPYEAR-29,2026-08-04,2.3444515498705965,2.3,2.8,0.03264685533572642,-0.4834652040264813,2.997886909329589
2026-01-09,KXGDPYEAR-30,2026-08-05,2.53,2.3,2.3,0.20390070921985817,-0.3831493711206555,2.1596999999999995
2026-01-09,KXGDPYEAR-31,2026-08-04,2.248014310493019,2.3,2.8,-0.037566168275753146,-0.7012489658312346,2.719168761277071
2026-01-09,KXGDPYEAR-32,2026-08-04,2.675002825369558,2.3,1.8,0.23810070525900007,-1.1546447091476657,3.45779719496512
2026-01-09,KXGDPYEAR-33,2026-08-05,2.8592210044753155,2.3,2.3,0.3689059934043657,-1.0555602215262991,3.4287871306045083
2026-01-09,KXGDPYEAR-34,2026-08-05,2.3636376657707103,2.3,0.1,0.04455795922498969,-0.6997330658180774,3.1110572835108945
2026-01-09,KXGDPYEAR-35,2026-08-04,2.749826891591256,2.8,1.8,-0.03218786147859579,-1.1621044533643832,3.3473672445211338
2026-01-09,KXGDPYEAR-36,2026-08-04,2.695242416882835,2.3,0.1,0.24894730630532177,-1.127603469239581,3.5316813541751007
2026-01-10,KXGDPYEAR-25,2026-02-20,2.3648058089168815,2.3,2.3,0.22028232007413687,6.050198319469873,0.4230725869787643
2026-01-10,KXGDPYEAR-26,2026-08-05,2.314779095176201,2.3,2.3,0.09744169529139075,12.718177246770306,0.24585382182900262
2026-01-10,KXGDPYEAR-27,2026-08-05,2.0076383085144998,1.8,1.8,0.37400640422233034,2.898797807861639,0.6732893756761689
2026-01-10,KXGDPYEAR-28,2026-08-04,2.4731462188993745,2.3,2.3,0.1400696034980221,-0.34308140549094945,2.8598708587524024
2026-01-10,KXGDPYEAR-29,2026-08-04,2.3444515498705965,2.3,2.8,0.03264685533572642,-0.4834652040264813,2.997886909329589
2026-01-10,KXGDPYEAR-30,2026-08-05,2.53,2.3,2.3,0.20390070921985817,-0.3831493711206555,2.1596999999999995
2026-01-10,KXGDPYEAR-31,2026-08-04,2.248014310493019,2.3,2.8,-0.037566168275753146,-0.7012489658312346,2.719168761277071
2026-01-10,KXGDPYEAR-32,2026-08-04,2.675002825369558,2.3,1.8,0.23810070525900007,-1.1546447091476657,3.45779719496512
2026-01-10,KXGDPYEAR-33,2026-08-05,2.8592210044753155,2.3,2.3,0.3689059934043657,-1.0555602215262991,3.4287871306045083
2026-01-10,KXGDPYEAR-34,2026-08-05,2.3636376657707103,2.3,0.1,0.04455795922498969,-0.6997330658180774,3.1110572835108945
2026-01-10,KXGDPYEAR-35,2026-08-04,2.749826891591256,2.8,1.8,-0.03218786147859579,-1.1621044533643832,3.3473672445211338
2026-01-10,KXGDPYEAR-36,2026-08-04,2.695242416882835,2.3,0.1,0.24894730630532177,-1.127603469239581,3.5316813541751007
2026-01-11,KXGDPYEAR-25,2026-02-20,2.3898827397706115,2.3,2.3,0.3115091592905708,6.53482145655539,0.4014426603164155
2026-01-11,KXGDPYEAR-26,2026-08-05,2.314779095176201,2.3,2.3,0.09744169529139075,12.718177246770306,0.24585382182900262
2026-01-11,KXGDPYEAR-27,2026-08-05,2.0076383085144998,1.8,1.8,0.37400640422233034,2.898797807861639,0.6732893756761689
2026-01-11,KXGDPYEAR-28,2026-08-04,2.4731462188993745,2.3,2.3,0.1400696034980221,-0.34308140549094945,2.8598708587524024
2026-01-11,KXGDPYEAR-29,2026-08-04,2.3444515498705965,2.3,2.8,0.03264685533572642,-0.4834652040264813,2.997886909329589
2026-01-11,KXGDPYEAR-30,2026-08-05,2.53,2.3,2.3,0.20390070921985817,-0.3831493711206555,2.1596999999999995
2026-01-11,KXGDPYEAR-31,2026-08-04,2.248014310493019,2.3,2.8,-0.037566168275753146,-0.7012489658312346,2.719168761277071
2026-01-11,KXGDPYEAR-32,2026-08-04,2.675002825369558,2.3,1.8,0.23810070525900007,-1.1546447091476657,3.45779719496512
2026-01-11,KXGDPYEAR-33,2026-08-05,2.8592210044753155,2.3,2.3,0.3689059934043657,-1.0555602215262991,3.4287871306045083
2026-01-11,KXGDPYEAR-34,2026-08-05,2.3636376657707103,2.3,0.1,0.04455795922498969,-0.6997330658180774,3.1110572835108945
2026-01-11,KXGDPYEAR-35,2026-08-04,2.749826891591256,2.8,1.8,-0.03218786147859579,-1.1621044533643832,3.3473672445211338
2026-01-11,KXGDPYEAR-36,2026-08-04,2.695242416882835,2.3,0.1,0.24894730630532177,-1.127603469239581,3.5316813541751007
2026-01-12,KXGDPYEAR-25,2026-02-20,2.3843451797661506,2.3,2.3,0.2973347786892124,6.820791016905281,0.37338603712293716
2026-01-12,KXGDPYEAR-26,2026-08-05,2.314779095176201,2.3,2.3,0.09744169529139075,12.718177246770306,0.24585382182900262
2026-01-12,KXGDPYEAR-27,2026-08-05,2.0076383085144998,1.8,1.8,0.37400640422233034,2.898797807861639,0.6732893756761689
2026-01-12,KXGDPYEAR-28,2026-08-04,2.4731462188993745,2.3,2.3,0.1400696034980221,-0.34308140549094945,2.8598708587524024
2026-01-12,KXGDPYEAR-29,2026-08-04,2.3444515498705965,2.3,2.8,0.03264685533572642,-0.4834652040264813,2.997886909329589
2026-01-12,KXGDPYEAR-30,2026-08-05,2.53,2.3,2.3,0.20390070921985817,-0.3831493711206555,2.1596999999999995
2026-01-12,KXGDPYEAR-31,2026-08-04,2.248014310493019,2.3,2.8,-0.037566168275753146,-0.7012489658312346,2.719168761277071
2026-01-12,KXGDPYEAR-32,2026-08-04,2.675002825369558,2.3,1.8,0.23810070525900007,-1.1546447091476657,3.45779719496512
2026-01-12,KXGDPYEAR-33,2026-08-05,2.8592210044753155,2.3,2.3,0.3689059934043657,-1.0555602215262991,3.4287871306045083
2026-01-12,KXGDPYEAR-34,2026-08-05,2.3636376657707103,2.3,0.1,0.04455795922498969,-0.6997330658180774,3.1110572835108945
2026-01-12,KXGDPYEAR-35,2026-08-04,2.749826891591256,2.8,1.8,-0.03218786147859579,-1.1621044533643832,3.3473672445211338
2026-01-12,KXGDPYEAR-36,2026-08-04,2.695242416882835,2.3,0.1,0.24894730630532177,-1.127603469239581,3.5316813541751007
2026-01-13,KXGDPYEAR-25,2026-02-20,2.4092080285394535,2.3,2.3,0.36960159022895067,6.260783128415039,0.38645916206378084
2026-01-13,KXGDPYEAR-26,2026-08-05,2.314779095176201,2.3,2.3,0.09744169529139075,12.718177246770306,0.24585382182900262
2026-01-13,KXGDPYEAR-27,2026-08-05,2.0076383085144998,1.8,1.8,0.37400640422233034,2.898797807861639,0.6732893756761689
2026-01-13,KXGDPYEAR-28,2026-08-04,2.4731462188993745,2.3,2.3,0.1400696034980221,-0.34308140549094945,2.8598708587524024
2026-01-13,KXGDPYEAR-29,2026-08-04,2.3444515498705965,2.3,2.8,0.03264685533572642,-0.4834652040264813,2.997886909329589
2026-01-13,KXGDPYEAR-30,2026-08-05,2.53,2.3,2.3,0.20390070921985817,-0.3831493711206555,2.1596999999999995
2026-01-13,KXGDPYEAR-31,2026-08-04,2.248014310493019,2.3,2.8,-0.037566168275753146,-0.7012489658312346,2.719168761277071
2026-01-13,KXGDPYEAR-32,2026-08-04,2.675002825369558,2.3,1.8,0.23810070525900007,-1.1546447091476657,3.45779719496512
2026-01-13,KXGDPYEAR-33,2026-08-05,2.8592210044753155,2.3,2.3,0.3689059934043657,-1.0555602215262991,3.4287871306045083
2026-01-13,KXGDPYEAR-34,2026-08-05,2.3636376657707103,2.3,0.1,0.04455795922498969,-0.6997330658180774,3.1110572835108945
2026-01-13,KXGDPYEAR-35,2026-08-04,2.749826891591256,2.8,1.8,-0.03218786147859579,-1.1621044533643832,3.3473672445211338
2026-01-13,KXGDPYEAR-36,2026-08-04,2.695242416882835,2.3,0.1,0.24894730630532177,-1.127603469239581,3.5316813541751007
2026-01-14,KXGDPYEAR-25,2026-02-20,2.4261316362832175,2.3,2.3,0.40534414249771533,5.479294573911927,0.40711284492579053
2026-01-14,KXGDPYEAR-26,2026-08-05,2.4824006776225507,2.3,2.3,0.3457968959600357,2.604533701199979,0.6596034527095501
2026-01-14,KXGDPYEAR-27,2026-08-05,2.0076383085144998,1.8,1.8,0.37400640422233034,2.898797807861639,0.6732893756761689
2026-01-14,KXGDPYEAR-28,2026-08-04,2.4731462188993745,2.3,2.3,0.1400696034980221,-0.34308140549094945,2.8598708587524024
2026-01-14,KXGDPYEAR-29,2026-08-04,2.3444515498705965,2.3,2.8,0.03264685533572642,-0.4834652040264813,2.997886909329589
2026-01-14,KXGDPYEAR-30,2026-08-05,2.53,2.3,2.3,0.20390070921985817,-0.3831493711206555,2.1596999999999995
2026-01-14,KXGDPYEAR-31,2026-08-04,2.248014310493019,2.3,2.8,-0.037566168275753146,-0.7012489658312346,2.719168761277071
2026-01-14,KXGDPYEAR-32,2026-08-04,2.675002825369558,2.3,1.8,0.23810070525900007,-1.1546447091476657,3.45779719496512
2026-01-14,KXGDPYEAR-33,2026-08-05,2.8592210044753155,2.3,2.3,0.3689059934043657,-1.0555602215262991,3.4287871306045083
2026-01-14,KXGDPYEAR-34,2026-08-05,2.3636376657707103,2.3,0.1,0.04455795922498969,-0.6997330658180774,3.1110572835108945
2026-01-14,KXGDPYEAR-35,2026-08-04,2.749826891591256,2.8,1.8,-0.03218786147859579,-1.1621044533643832,3.3473672445211338
2026-01-14,KXGDPYEAR-36,2026-08-04,2.695242416882835,2.3,0.1,0.24894730630532177,-1.127603469239581,3.5316813541751007
2026-01-15,KXGDPYEAR-25,2026-02-20,2.335666647838918,2.3,2.3,0.13642339058597397,7.042919433846693,0.3939933969359412
2026-01-15,KXGDPYEAR-26,2026-08-05,2.4824006776225507,2.3,2.3,0.3457968959600357,2.604533701199979,0.6596034527095501
2026-01-15,KXGDPYEAR-27,2026-08-05,2.0076383085144998,1.8,1.8,0.37400640422233034,2.898797807861639,0.6732893756761689
2026-01-15,KXGDPYEAR-28,2026-08-04,2.4731462188993745,2.3,2.3,0.1400696034980221,-0.34308140549094945,2.8598708587524024
2026-01-15,KXGDPYEAR-29,2026-08-04,2.3444515498705965,2.3,2.8,0.03264685533572642,-0.4834652040264813,2.997886909329589
2026-01-15,KXGDPYEAR-30,2026-08-05,2.53,2.3,2.3,0.20390070921985817,-0.3831493711206555,2.1596999999999995
2026-01-15,KXGDPYEAR-31,2026-08-04,2.248014310493019,2.3,2.8,-0.037566168275753146,-0.7012489658312346,2.719168761277071
2026-01-15,KXGDPYEAR-32,2026-08-04,2.675002825369558,2.3,1.8,0.23810070525900007,-1.1546447091476657,3.45779719496512
2026-01-15,KXGDPYEAR-33,2026-08-05,2.8592210044753155,2.3,2.3,0.3689059934043657,-1.0555602215262991,3.4287871306045083
2026-01-15,KXGDPYEAR-34,2026-08-05,2.3636376657707103,2.3,0.1,0.04455795922498969,-0.6997330658180774,3.1110572835108945
2026-01-15,KXGDPYEAR-35,2026-08-04,2.749826891591256,2.8,1.8,-0.03218786147859579,-1.1621044533643832,3.3473672445211338
2026-01-15,KXGDPYEAR-36,2026-08-04,2.695242416882835,2.3,0.1,0.24894730630532177,-1.127603469239581,3.5316813541751007
2026-01-16,KXGDPYEAR-25,2026-02-20,2.368090773675772,2.3,2.3,0.2477040341989642,6.73881755272555,0.3766037980006376
2026-01-16,KXGDPYEAR-26,2026-08-05,3.6100982160827293,2.8,5.3,0.6029369012268012,-1.2727262404971664,2.477034815907017
2026-01-16,KXGDPYEAR-27,2026-08-05,2.0076383085144998,1.8,1.8,0.37400640422233034,2.898797807861639,0.6732893756761689
2026-01-16,KXGDPYEAR-28,2026-08-04,2.4731462188993745,2.3,2.3,0.1400696034980221,-0.34308140549094945,2.8598708587524024
2026-01-16,KXGDPYEAR-29,2026-08-04,2.3444515498705965,2.3,2.8,0.03264685533572642,-0.4834652040264813,2.997886909329589
2026-01-16,KXGDPYEAR-30,2026-08-05,2.53,2.3,2.3,0.20390070921985817,-0.3831493711206555,2.1596999999999995
2026-01-16,KXGDPYEAR-31,2026-08-04,2.248014310493019,2.3,2.8,-0.037566168275753146,-0.7012489658312346,2.719168761277071
2026-01-16,KXGDPYEAR-32,2026-08-04,2.675002825369558,2.3,1.8,0.23810070525900007,-1.1546447091476657,3.45779719496512
2026-01-16,KXGDPYEAR-33,2026-08-05,2.8592210044753155,2.3,2.3,0.3689059934043657,-1.0555602215262991,3.4287871306045083
2026-01-16,KXGDPYEAR-34,2026-08-05,2.3636376657707103,2.3,0.1,0.04455795922498969,-0.6997330658180774,3.1110572835108945
2026-01-16,KXGDPYEAR-35,2026-08-04,2.749826891591256,2.8,1.8,-0.03218786147859579,-1.1621044533643832,3.3473672445211338
2026-01-16,KXGDPYEAR-36,2026-08-04,2.695242416882835,2.3,0.1,0.24894730630532177,-1.127603469239581,3.5316813541751007
2026-01-17,KXGDPYEAR-25,2026-02-20,2.356715303160607,2.3,2.3,0.207653443645031,6.888447645035576,0.3725346249751605
2026-01-17,KXGDPYEAR-26,2026-08-05,3.269105841796742,2.8,2.3,0.4225252548359659,-0.8057500857655047,2.2843373320297617
2026-01-17,KXGDPYEAR-27,2026-08-05,2.0076383085144998,1.8,1.8,0.37400640422233034,2.898797807861639,0.6732893756761689
2026-01-17,KXGDPYEAR-28,2026-08-04,2.4731462188993745,2.3,2.3,0.1400696034980221,-0.34308140549094945,2.8598708587524024
2026-01-17,KXGDPYEAR-29,2026-08-04,2.3444515498705965,2.3,2.8,0.03264685533572642,-0.4834652040264813,2.997886909329589
2026-01-17,KXGDPYEAR-30,2026-08-05,2.53,2.3,2.3,0.20390070921985817,-0.3831493711206555,2.1596999999999995
2026-01-17,KXGDPYEAR-31,2026-08-04,2.248014310493019,2.3,2.8,-0.037566168275753146,-0.7012489658312346,2.719168761277071
2026-01-17,KXGDPYEAR-32,2026-08-04,2.675002825369558,2.3,1.8,0.23810070525900007,-1.1546447091476657,3.45779719496512
2026-01-17,KXGDPYEAR-33,2026-08-05,2.8592210044753155,2.3,2.3,0.3689059934043657,-1.0555602215262991,3.4287871306045083
2026-01-17,KXGDPYEAR-34,2026-08-05,2.3636376657707103,2.3,0.1,0.04455795922498969,-0.6997330658180774,3.1110572835108945
2026-01-17,KXGDPYEAR-35,2026-08-04,2.749826891591256,2.8,1.8,-0.03218786147859579,-1.1621044533643832,3.3473672445211338
2026-01-17,KXGDPYEAR-36,2026-08-04,2.695242416882835,2.3,0.1,0.24894730630532177,-1.127603469239581,3.5316813541751007
2026-01-18,KXGDPYEAR-25,2026-02-20,2.3586088934906204,2.3,2.3,0.22872395636685375,7.597980330014453,0.3630632507325538
2026-01-18,KXGDPYEAR-26,2026-08-05,3.269105841796742,2.8,2.3,0.4225252548359659,-0.8057500857655047,2.2843373320297617
2026-01-18,KXGDPYEAR-27,2026-08-05,2.0076383085144998,1.8,1.8,0.37400640422233034,2.898797807861639,0.6732893756761689
2026-01-18,KXGDPYEAR-28,2026-08-04,2.4731462188993745,2.3,2.3,0.1400696034980221,-0.34308140549094945,2.8598708587524024
2026-01-18,KXGDPYEAR-29,2026-08-04,2.3444515498705965,2.3,2.8,0.03264685533572642,-0.4834652040264813,2.997886909329589
2026-01-18,KXGDPYEAR-30,2026-08-05,2.53,2.3,2.3,0.20390070921985817,-0.3831493711206555,2.1596999999999995
2026-01-18,KXGDPYEAR-31,2026-08-04,2.248014310493019,2.3,2.8,-0.037566168275753146,-0.7012489658312346,2.719168761277071
2026-01-18,KXGDPYEAR-32,2026-08-04,2.675002825369558,2.3,1.8,0.23810070525900007,-1.1546447091476657,3.45779719496512
2026-01-18,KXGDPYEAR-33,2026-08-05,2.8592210044753155,2.3,2.3,0.3689059934043657,-1.0555602215262991,3.4287871306045083
2026-01-18,KXGDPYEAR-34,2026-08-05,2.3636376657707103,2.3,0.1,0.04455795922498969,-0.6997330658180774,3.1110572835108945
2026-01-18,KXGDPYEAR-35,2026-08-04,2.749826891591256,2.8,1.8,-0.03218786147859579,-1.1621044533643832,3.3473672445211338
2026-01-18,KXGDPYEAR-36,2026-08-04,2.695242416882835,2.3,0.1,0.24894730630532177,-1.127603469239581,3.5316813541751007
2026-01-19,KXGDPYEAR-25,2026-02-20,2.367177532049629,2.3,2.3,0.2534980421335313,7.171776290853737,0.3663560291510873
2026-01-19,KXGDPYEAR-26,2026-08-05,3.671659309758819,3.3,4.8,0.27716519169142234,-1.0689837067638583,2.137881052900071
2026-01-19,KXGDPYEAR-27,2026-08-05,2.0076383085144998,1.8,1.8,0.37400640422233034,2.898797807861639,0.6732893756761689
2026-01-19,KXGDPYEAR-28,2026-08-04,2.4731462188993745,2.3,2.3,0.1400696034980221,-0.34308140549094945,2.8598708587524024
2026-01-19,KXGDPYEAR-29,2026-08-04,2.3444515498705965,2.3,2.8,0.03264685533572642,-0.4834652040264813,2.997886909329589
2026-01-19,KXGDPYEAR-30,2026-08-05,2.53,2.3,2.3,0.20390070921985817,-0.3831493711206555,2.1596999999999995
2026-01-19,KXGDPYEAR-31,2026-08-04,2.248014310493019,2.3,2.8,-0.037566168275753146,-0.7012489658312346,2.719168761277071
2026-01-19,KXGDPYEAR-32,2026-08-04,2.675002825369558,2.3,1.8,0.23810070525900007,-1.1546447091476657,3.45779719496512
2026-01-19,KXGDPYEAR-33,2026-08-05,2.8592210044753155,2.3,2.3,0.3689059934043657,-1.0555602215262991,3.4287871306045083
2026-01-19,KXGDPYEAR-34,2026-08-05,2.3636376657707103,2.3,0.1,0.04455795922498969,-0.6997330658180774,3.1110572835108945
2026-01-19,KXGDPYEAR-35,2026-08-04,2.749826891591256,2.8,1.8,-0.03218786147859579,-1.1621044533643832,3.3473672445211338
2026-01-19,KXGDPYEAR-36,2026-08-04,2.695242416882835,2.3,0.1,0.24894730630532177,-1.127603469239581,3.5316813541751007
2026-01-20,KXGDPYEAR-25,2026-02-20,2.3605894379782675,2.3,2.3,0.2590827536079543,8.742219740534495,0.34257667348203236
2026-01-20,KXGDPYEAR-26,2026-08-05,3.9292073654164223,4.3,4.3,-0.4579938015595736,0.3126308788674894,1.357090449840575
2026-01-20,KXGDPYEAR-27,2026-08-05,2.0076383085144998,1.8,1.8,0.37400640422233034,2.898797807861639,0.6732893756761689
2026-01-20,KXGDPYEAR-28,2026-08-04,2.4731462188993745,2.3,2.3,0.1400696034980221,-0.34308140549094945,2.8598708587524024
2026-01-20,KXGDPYEAR-29,2026-08-04,2.3444515498705965,2.3,2.8,0.03264685533572642,-0.4834652040264813,2.997886909329589
2026-01-20,KXGDPYEAR-30,2026-08-05,2.53,2.3,2.3,0.20390070921985817,-0.3831493711206555,2.1596999999999995
2026-01-20,KXGDPYEAR-31,2026-08-04,2.248014310493019,2.3,2.8,-0.037566168275753146,-0.7012489658312346,2.719168761277071
2026-01-20,KXGDPYEAR-32,2026-08-04,2.675002825369558,2.3,1.8,0.23810070525900007,-1.1546447091476657,3.45779719496512
2026-01-20,KXGDPYEAR-33,2026-08-05,2.8592210044753155,2.3,2.3,0.3689059934043657,-1.0555602215262991,3.4287871306045083
2026-01-20,KXGDPYEAR-34,2026-08-05,2.3636376657707103,2.3,0.1,0.04455795922498969,-0.6997330658180774,3.1110572835108945
2026-01-20,KXGDPYEAR-35,2026-08-04,2.749826891591256,2.8,1.8,-0.03218786147859579,-1.1621044533643832,3.3473672445211338
2026-01-20,KXGDPYEAR-36,2026-08-04,2.695242416882835,2.3,0.1,0.24894730630532177,-1.127603469239581,3.5316813541751007
2026-01-21,KXGDPYEAR-25,2026-02-20,2.379544935390728,2.3,2.3,0.33988414938355055,8.667771217722702,0.3409287070363011
2026-01-21,KXGDPYEAR-26,2026-08-05,3.8693856869100554,4.3,4.3,-0.5344726339071426,0.514793509205246,1.1899366578141168
2026-01-21,KXGDPYEAR-27,2026-08-05,2.0076383085144998,1.8,1.8,0.37400640422233034,2.898797807861639,0.6732893756761689
2026-01-21,KXGDPYEAR-28,2026-08-04,2.4731462188993745,2.3,2.3,0.1400696034980221,-0.34308140549094945,2.8598708587524024
2026-01-21,KXGDPYEAR-29,2026-08-04,2.3444515498705965,2.3,2.8,0.03264685533572642,-0.4834652040264813,2.997886909329589
2026-01-21,KXGDPYEAR-30,2026-08-05,2.53,2.3,2.3,0.20390070921985817,-0.3831493711206555,2.1596999999999995
2026-01-21,KXGDPYEAR-31,2026-08-04,2.248014310493019,2.3,2.8,-0.037566168275753146,-0.7012489658312346,2.719168761277071
2026-01-21,KXGDPYEAR-32,2026-08-04,2.675002825369558,2.3,1.8,0.23810070525900007,-1.1546447091476657,3.45779719496512
2026-01-21,KXGDPYEAR-33,2026-08-05,2.8592210044753155,2.3,2.3,0.3689059934043657,-1.0555602215262991,3.4287871306045083
2026-01-21,KXGDPYEAR-34,2026-08-05,2.3636376657707103,2.3,0.1,0.04455795922498969,-0.6997330658180774,3.1110572835108945
2026-01-21,KXGDPYEAR-35,2026-08-04,2.749826891591256,2.8,1.8,-0.03218786147859579,-1.1621044533643832,3.3473672445211338
2026-01-21,KXGDPYEAR-36,2026-08-04,2.695242416882835,2.3,0.1,0.24894730630532177,-1.127603469239581,3.5316813541751007
2026-01-22,KXGDPYEAR-25,2026-02-20,2.358036123680396,2.3,2.3,0.22822118282465792,7.565673912907995,0.36135492817561515
2026-01-22,KXGDPYEAR-26,2026-08-05,3.8693856869100554,4.3,4.3,-0.5344726339071426,0.514793509205246,1.1899366578141168
2026-01-22,KXGDPYEAR-27,2026-08-05,2.0076383085144998,1.8,1.8,0.37400640422233034,2.898797807861639,0.6732893756761689
2026-01-22,KXGDPYEAR-28,2026-08-04,2.4731462188993745,2.3,2.3,0.1400696034980221,-0.34308140549094945,2.8598708587524024
2026-01-22,KXGDPYEAR-29,2026-08-04,2.3444515498705965,2.3,2.8,0.03264685533572642,-0.4834652040264813,2.997886909329589
2026-01-22,KXGDPYEAR-30,2026-08-05,2.53,2.3,2.3,0.20390070921985817,-0.3831493711206555,2.1596999999999995
2026-01-22,KXGDPYEAR-31,2026-08-04,2.248014310493019,2.3,2.8,-0.037566168275753146,-0.7012489658312346,2.719168761277071
2026-01-22,KXGDPYEAR-32,2026-08-04,2.675002825369558,2.3,1.8,0.23810070525900007,-1.1546447091476657,3.45779719496512
2026-01-22,KXGDPYEAR-33,2026-08-05,2.8592210044753155,2.3,2.3,0.3689059934043657,-1.0555602215262991,3.4287871306045083
2026-01-22,KXGDPYEAR-34,2026-08-05,2.3636376657707103,2.3,0.1,0.04455795922498969,-0.6997330658180774,3.1110572835108945
2026-01-22,KXGDPYEAR-35,2026-08-04,2.749826891591256,2.8,1.8,-0.03218786147859579,-1.1621044533643832,3.3473672445211338
2026-01-22,KXGDPYEAR-36,2026-08-04,2.695242416882835,2.3,0.1,0.24894730630532177,-1.127603469239581,3.5316813541751007
2026-01-23,KXGDPYEAR-25,2026-02-20,2.4426637450963047,2.3,2.3,0.47648268031109725,6.414399325027144,0.3688838271754008
2026-01-23,KXGDPYEAR-26,2026-08-05,3.8693856869100554,4.3,4.3,-0.5344726339071426,0.514793509205246,1.1899366578141168
2026-01-23,KXGDPYEAR-27,2026-08-05,2.0076383085144998,1.8,1.8,0.37400640422233034,2.898797807861639,0.6732893756761689
2026-01-23,KXGDPYEAR-28,2026-08-04,2.4731462188993745,2.3,2.3,0.1400696034980221,-0.34308140549094945,2.8598708587524024
2026-01-23,KXGDPYEAR-29,2026-08-04,2.3444515498705965,2.3,2.8,0.03264685533572642,-0.4834652040264813,2.997886909329589
2026-01-23,KXGDPYEAR-30,2026-08-05,2.53,2.3,2.3,0.20390070921985817,-0.3831493711206555,2.1596999999999995
2026-01-23,KXGDPYEAR-31,2026-08-04,2.248014310493019,2.3,2.8,-0.037566168275753146,-0.7012489658312346,2.719168761277071
2026-01-23,KXGDPYEAR-32,2026-08-04,2.675002825369558,2.3,1.8,0.23810070525900007,-1.1546447091476657,3.45779719496512
2026-01-23,KXGDPYEAR-33,2026-08-05,2.8592210044753155,2.3,2.3,0.3689059934043657,-1.0555602215262991,3.4287871306045083
2026-01-23,KXGDPYEAR-34,2026-08-05,2.3636376657707103,2.3,0.1,0.04455795922498969,-0.6997330658180774,3.1110572835108945
2026-01-23,KXGDPYEAR-35,2026-08-04,2.749826891591256,2.8,1.8,-0.03218786147859579,-1.1621044533643832,3.3473672445211338
2026-01-23,KXGDPYEAR-36,2026-08-04,2.695242416882835,2.3,0.1,0.24894730630532177,-1.127603469239581,3.5316813541751007
2026-01-24,KXGDPYEAR-25,2026-02-20,2.438088701127091,2.3,2.3,0.4543770070123888,6.167878765418774,0.3826987892267174
2026-01-24,KXGDPYEAR-26,2026-08-05,3.4686353156626835,3.3,2.3,0.16947722651068556,-0.2658356514760345,1.5595526874179173
2026-01-24,KXGDPYEAR-27,2026-08-05,2.0076383085144998,1.8,1.8,0.37400640422233034,2.898797807861639,0.6732893756761689
2026-01-24,KXGDPYEAR-28,2026-08-04,2.4731462188993745,2.3,2.3,0.1400696034980221,-0.34308140549094945,2.8598708587524024
2026-01-24,KXGDPYEAR-29,2026-08-04,2.3444515498705965,2.3,2.8,0.03264685533572642,-0.4834652040264813,2.997886909329589
2026-01-24,KXGDPYEAR-30,2026-08-05,2.53,2.3,2.3,0.20390070921985817,-0.3831493711206555,2.1596999999999995
2026-01-24,KXGDPYEAR-31,2026-08-04,2.248014310493019,2.3,2.8,-0.037566168275753146,-0.7012489658312346,2.719168761277071
2026-01-24,KXGDPYEAR-32,2026-08-04,2.675002825369558,2.3,1.8,0.23810070525900007,-1.1546447091476657,3.45779719496512
2026-01-24,KXGDPYEAR-33,2026-08-05,2.8592210044753155,2.3,2.3,0.3689059934043657,-1.0555602215262991,3.4287871306045083
2026-01-24,KXGDPYEAR-34,2026-08-05,2.3636376657707103,2.3,0.1,0.04455795922498969,-0.6997330658180774,3.1110572835108945
2026-01-24,KXGDPYEAR-35,2026-08-04,2.749826891591256,2.8,1.8,-0.03218786147859579,-1.1621044533643832,3.3473672445211338
2026-01-24,KXGDPYEAR-36,2026-08-04,2.695242416882835,2.3,0.1,0.24894730630532177,-1.127603469239581,3.5316813541751007
2026-01-25,KXGDPYEAR-25,2026-02-20,2.447367249238754,2.3,2.3,0.49023218496468035,6.486821003496754,0.36705132535929463
2026-01-25,KXGDPYEAR-26,2026-08-05,3.5969104314886176,3.3,2.3,0.274553450800456,-0.4702840694896757,1.7887800502525095
2026-01-25,KXGDPYEAR-27,2026-08-05,2.0076383085144998,1.8,1.8,0.37400640422233034,2.898797807861639,0.6732893756761689
2026-01-25,KXGDPYEAR-28,2026-08-04,2.4731462188993745,2.3,2.3,0.1400696034980221,-0.34308140549094945,2.8598708587524024
2026-01-25,KXGDPYEAR-29,2026-08-04,2.3444515498705965,2.3,2.8,0.03264685533572642,-0.4834652040264813,2.997886909329589
2026-01-25,KXGDPYEAR-30,2026-08-05,2.53,2.3,2.3,0.20390070921985817,-0.3831493711206555,2.1596999999999995
2026-01-25,KXGDPYEAR-31,2026-08-04,2.248014310493019,2.3,2.8,-0.037566168275753146,-0.7012489658312346,2.719168761277071
2026-01-25,KXGDPYEAR-32,2026-08-04,2.675002825369558,2.3,1.8,0.23810070525900007,-1.1546447091476657,3.45779719496512
2026-01-25,KXGDPYEAR-33,2026-08-05,2.8592210044753155,2.3,2.3,0.3689059934043657,-1.0555602215262991,3.4287871306045083
2026-01-25,KXGDPYEAR-34,2026-08-05,2.3636376657707103,2.3,0.1,0.04455795922498969,-0.6997330658180774,3.1110572835108945
2026-01-25,KXGDPYEAR-35,2026-08-04,2.749826891591256,2.8,1.8,-0.03218786147859579,-1.1621044533643832,3.3473672445211338
2026-01-25,KXGDPYEAR-36,2026-08-04,2.695242416882835,2.3,0.1,0.24894730630532177,-1.127603469239581,3.5316813541751007
2026-01-26,KXGDPYEAR-25,2026-02-20,2.4772933533629784,2.3,2.3,0.548757016859369,6.0868296471894805,0.3769866946168006
2026-01-26,KXGDPYEAR-26,2026-08-05,3.5969104314886176,3.3,2.3,0.274553450800456,-0.4702840694896757,1.7887800502525095
2026-01-26,KXGDPYEAR-27,2026-08-05,2.0076383085144998,1.8,1.8,0.37400640422233034,2.898797807861639,0.6732893756761689
2026-01-26,KXGDPYEAR-28,2026-08-04,2.4731462188993745,2.3,2.3,0.1400696034980221,-0.34308140549094945,2.8598708587524024
2026-01-26,KXGDPYEAR-29,2026-08-04,2.3444515498705965,2.3,2.8,0.03264685533572642,-0.4834652040264813,2.997886909329589
2026-01-26,KXGDPYEAR-30,2026-08-05,2.53,2.3,2.3,0.20390070921985817,-0.3831493711206555,2.1596999999999995
2026-01-26,KXGDPYEAR-31,2026-08-04,2.248014310493019,2.3,2.8,-0.037566168275753146,-0.7012489658312346,2.719168761277071
2026-01-26,KXGDPYEAR-32,2026-08-04,2.675002825369558,2.3,1.8,0.23810070525900007,-1.1546447091476657,3.45779719496512
2026-01-26,KXGDPYEAR-33,2026-08-05,2.8592210044753155,2.3,2.3,0.3689059934043657,-1.0555602215262991,3.4287871306045083
2026-01-26,KXGDPYEAR-34,2026-08-05,2.3636376657707103,2.3,0.1,0.04455795922498969,-0.6997330658180774,3.1110572835108945
2026-01-26,KXGDPYEAR-35,2026-08-04,2.749826891591256,2.8,1.8,-0.03218786147859579,-1.1621044533643832,3.3473672445211338
2026-01-26,KXGDPYEAR-36,2026-08-04,2.695242416882835,2.3,0.1,0.24894730630532177,-1.127603469239581,3.5316813541751007
2026-01-27,KXGDPYEAR-25,2026-02-20,2.47264562241993,2.3,2.3,0.5644187176336817,6.382348717189652,0.37697795462677747
2026-01-27,KXGDPYEAR-26,2026-08-05,3.5969104314886176,3.3,2.3,0.274553450800456,-0.4702840694896757,1.7887800502525095
2026-01-27,KXGDPYEAR-27,2026-08-05,2.0076383085144998,1.8,1.8,0.37400640422233034,2.898797807861639,0.6732893756761689
2026-01-27,KXGDPYEAR-28,2026-08-04,2.4731462188993745,2.3,2.3,0.1400696034980221,-0.34308140549094945,2.8598708587524024
2026-01-27,KXGDPYEAR-29,2026-08-04,2.3444515498705965,2.3,2.8,0.03264685533572642,-0.4834652040264813,2.997886909329589
2026-01-27,KXGDPYEAR-30,2026-08-05,2.53,2.3,2.3,0.20390070921985817,-0.3831493711206555,2.1596999999999995
2026-01-27,KXGDPYEAR-31,2026-08-04,2.248014310493019,2.3,2.8,-0.037566168275753146,-0.7012489658312346,2.719168761277071
2026-01-27,KXGDPYEAR-32,2026-08-04,2.675002825369558,2.3,1.8,0.23810070525900007,-1.1546447091476657,3.45779719496512
2026-01-27,KXGDPYEAR-33,2026-08-05,2.8592210044753155,2.3,2.3,0.3689059934043657,-1.0555602215262991,3.4287871306045083
2026-01-27,KXGDPYEAR-34,2026-08-05,2.3636376657707103,2.3,0.1,0.04455795922498969,-0.6997330658180774,3.1110572835108945
2026-01-27,KXGDPYEAR-35,2026-08-04,2.749826891591256,2.8,1.8,-0.03218786147859579,-1.1621044533643832,3.3473672445211338
2026-01-27,KXGDPYEAR-36,2026-08-04,2.695242416882835,2.3,0.1,0.24894730630532177,-1.127603469239581,3.5316813541751007
2026-01-28,KXGDPYEAR-25,2026-02-20,2.4514872089396844,2.3,2.3,0.48143180186746254,6.015267641489066,0.3839942485565236
2026-01-28,KXGDPYEAR-26,2026-08-05,3.5586419566754315,3.3,2.3,0.2396991243970467,-0.497019951777089,1.7841640823032818
2026-01-28,KXGDPYEAR-27,2026-08-05,2.0076383085144998,1.8,1.8,0.37400640422233034,2.898797807861639,0.6732893756761689
2026-01-28,KXGDPYEAR-28,2026-08-04,2.4731462188993745,2.3,2.3,0.1400696034980221,-0.34308140549094945,2.8598708587524024
2026-01-28,KXGDPYEAR-29,2026-08-04,2.3444515498705965,2.3,2.8,0.03264685533572642,-0.4834652040264813,2.997886909329589
2026-01-28,KXGDPYEAR-30,2026-08-05,2.53,2.3,2.3,0.20390070921985817,-0.3831493711206555,2.1596999999999995
2026-01-28,KXGDPYEAR-31,2026-08-04,2.248014310493019,2.3,2.8,-0.037566168275753146,-0.7012489658312346,2.719168761277071
2026-01-28,KXGDPYEAR-32,2026-08-04,2.675002825369558,2.3,1.8,0.23810070525900007,-1.1546447091476657,3.45779719496512
2026-01-28,KXGDPYEAR-33,2026-08-05,2.8592210044753155,2.3,2.3,0.3689059934043657,-1.0555602215262991,3.4287871306045083
2026-01-28,KXGDPYEAR-34,2026-08-05,2.3636376657707103,2.3,0.1,0.04455795922498969,-0.6997330658180774,3.1110572835108945
2026-01-28,KXGDPYEAR-35,2026-08-04,2.749826891591256,2.8,1.8,-0.03218786147859579,-1.1621044533643832,3.3473672445211338
2026-01-28,KXGDPYEAR-36,2026-08-04,2.695242416882835,2.3,0.1,0.24894730630532177,-1.127603469239581,3.5316813541751007
2026-01-29,KXGDPYEAR-25,2026-02-20,2.458171912271649,2.3,2.3,0.5092064720934227,5.931031837103445,0.3858393084364971
2026-01-29,KXGDPYEAR-26,2026-08-05,3.4934686796621635,3.3,2.3,0.18470396894804442,-0.423197449435591,1.7196824320276478
2026-01-29,KXGDPYEAR-27,2026-08-05,2.0076383085144998,1.8,1.8,0.37400640422233034,2.898797807861639,0.6732893756761689
2026-01-29,KXGDPYEAR-28,2026-08-04,2.4731462188993745,2.3,2.3,0.1400696034980221,-0.34308140549094945,2.8598708587524024
2026-01-29,KXGDPYEAR-29,2026-08-04,2.3444515498705965,2.3,2.8,0.03264685533572642,-0.4834652040264813,2.997886909329589
2026-01-29,KXGDPYEAR-30,2026-08-05,2.53,2.3,2.3,0.20390070921985817,-0.3831493711206555,2.1596999999999995
2026-01-29,KXGDPYEAR-31,2026-08-04,2.248014310493019,2.3,2.8,-0.037566168275753146,-0.7012489658312346,2.719168761277071
2026-01-29,KXGDPYEAR-32,2026-08-04,2.675002825369558,2.3,1.8,0.23810070525900007,-1.1546447091476657,3.45779719496512
2026-01-29,KXGDPYEAR-33,2026-08-05,2.8592210044753155,2.3,2.3,0.3689059934043657,-1.0555602215262991,3.4287871306045083
2026-01-29,KXGDPYEAR-34,2026-08-05,2.3636376657707103,2.3,0.1,0.04455795922498969,-0.6997330658180774,3.1110572835108945
2026-01-29,KXGDPYEAR-35,2026-08-04,2.749826891591256,2.8,1.8,-0.03218786147859579,-1.1621044533643832,3.3473672445211338
2026-01-29,KXGDPYEAR-36,2026-08-04,2.695242416882835,2.3,0.1,0.24894730630532177,-1.127603469239581,3.5316813541751007
2026-01-30,KXGDPYEAR-25,2026-02-20,2.4200700197707237,2.3,2.3,0.4389630268688262,7.474324027912125,0.357415154495639
2026-01-30,KXGDPYEAR-26,2026-08-05,3.4934686796621635,3.3,2.3,0.18470396894804442,-0.423197449435591,1.7196824320276478
2026-01-30,KXGDPYEAR-27,2026-08-05,2.0076383085144998,1.8,1.8,0.37400640422233034,2.898797807861639,0.6732893756761689
2026-01-30,KXGDPYEAR-28,2026-08-04,2.4731462188993745,2.3,2.3,0.1400696034980221,-0.34308140549094945,2.8598708587524024
2026-01-30,KXGDPYEAR-29,2026-08-04,2.3444515498705965,2.3,2.8,0.03264685533572642,-0.4834652040264813,2.997886909329589
2026-01-30,KXGDPYEAR-30,2026-08-05,2.53,2.3,2.3,0.20390070921985817,-0.3831493711206555,2.1596999999999995
2026-01-30,KXGDPYEAR-31,2026-08-04,2.248014310493019,2.3,2.8,-0.037566168275753146,-0.7012489658312346,2.719168761277071
2026-01-30,KXGDPYEAR-32,2026-08-04,2.675002825369558,2.3,1.8,0.23810070525900007,-1.1546447091476657,3.45779719496512
2026-01-30,KXGDPYEAR-33,2026-08-05,2.8592210044753155,2.3,2.3,0.3689059934043657,-1.0555602215262991,3.4287871306045083
2026-01-30,KXGDPYEAR-34,2026-08-05,2.3636376657707103,2.3,0.1,0.04455795922498969,-0.6997330658180774,3.1110572835108945
2026-01-30,KXGDPYEAR-35,2026-08-04,2.749826891591256,2.8,1.8,-0.03218786147859579,-1.1621044533643832,3.3473672445211338
2026-01-30,KXGDPYEAR-36,2026-08-04,2.695242416882835,2.3,0.1,0.24894730630532177,-1.127603469239581,3.5316813541751007
2026-01-31,KXGDPYEAR-25,2026-02-20,2.4144091891553363,2.3,2.3,0.44833186821862264,8.17645265188781,0.3501688981723516
2026-01-31,KXGDPYEAR-26,2026-08-05,3.4934686796621635,3.3,2.3,0.18470396894804442,-0.423197449435591,1.7196824320276478
2026-01-31,KXGDPYEAR-27,2026-08-05,2.0076383085144998,1.8,1.8,0.37400640422233034,2.898797807861639,0.6732893756761689
2026-01-31,KXGDPYEAR-28,2026-08-04,2.4731462188993745,2.3,2.3,0.1400696034980221,-0.34308140549094945,2.8598708587524024
2026-01-31,KXGDPYEAR-29,2026-08-04,2.3444515498705965,2.3,2.8,0.03264685533572642,-0.4834652040264813,2.997886909329589
2026-01-31,KXGDPYEAR-30,2026-08-05,2.53,2.3,2.3,0.20390070921985817,-0.3831493711206555,2.1596999999999995
2026-01-31,KXGDPYEAR-31,2026-08-04,2.248014310493019,2.3,2.8,-0.037566168275753146,-0.7012489658312346,2.719168761277071
2026-01-31,KXGDPYEAR-32,2026-08-04,2.675002825369558,2.3,1.8,0.23810070525900007,-1.1546447091476657,3.45779719496512
2026-01-31,KXGDPYEAR-33,2026-08-05,2.8592210044753155,2.3,2.3,0.3689059934043657,-1.0555602215262991,3.4287871306045083
2026-01-31,KXGDPYEAR-34,2026-08-05,2.3636376657707103,2.3,0.1,0.04455795922498969,-0.6997330658180774,3.1110572835108945
2026-01-31,KXGDPYEAR-35,2026-08-04,2.749826891591256,2.8,1.8,-0.03218786147859579,-1.1621044533643832,3.3473672445211338
2026-01-31,KXGDPYEAR-36,2026-08-04,2.695242416882835,2.3,0.1,0.24894730630532177,-1.127603469239581,3.5316813541751007
2026-02-01,KXGDPYEAR-25,2026-02-20,2.4233423601082715,2.3,2.3,0.4718937368495994,7.976254727980187,0.3499251297120671
2026-02-01,KXGDPYEAR-26,2026-08-05,3.496575331253213,3.3,2.3,0.18866926080798813,-0.4010723575796482,1.703196328455497
2026-02-01,KXGDPYEAR-27,2026-08-05,2.0076383085144998,1.8,1.8,0.37400640422233034,2.898797807861639,0.6732893756761689
2026-02-01,KXGDPYEAR-28,2026-08-04,2.4731462188993745,2.3,2.3,0.1400696034980221,-0.34308140549094945,2.8598708587524024
2026-02-01,KXGDPYEAR-29,2026-08-04,2.3444515498705965,2.3,2.8,0.03264685533572642,-0.4834652040264813,2.997886909329589
2026-02-01,KXGDPYEAR-30,2026-08-05,2.53,2.3,2.3,0.20390070921985817,-0.3831493711206555,2.1596999999999995
2026-02-01,KXGDPYEAR-31,2026-08-04,2.248014310493019,2.3,2.8,-0.037566168275753146,-0.7012489658312346,2.719168761277071
2026-02-01,KXGDPYEAR-32,2026-08-04,2.675002825369558,2.3,1.8,0.23810070525900007,-1.1546447091476657,3.45779719496512
2026-02-01,KXGDPYEAR-33,2026-08-05,2.8592210044753155,2.3,2.3,0.3689059934043657,-1.0555602215262991,3.4287871306045083
2026-02-01,KXGDPYEAR-34,2026-08-05,2.3636376657707103,2.3,0.1,0.04455795922498969,-0.6997330658180774,3.1110572835108945
2026-02-01,KXGDPYEAR-35,2026-08-04,2.749826891591256,2.8,1.8,-0.03218786147859579,-1.1621044533643832,3.3473672445211338
2026-02-01,KXGDPYEAR-36,2026-08-04,2.695242416882835,2.3,0.1,0.24894730630532177,-1.127603469239581,3.5316813541751007
2026-02-02,KXGDPYEAR-25,2026-02-20,2.420925333419862,2.3,2.3,0.4681542727531049,7.957629081287395,0.35004975222609974
2026-02-02,KXGDPYEAR-26,2026-08-05,3.480321650694996,3.3,2.3,0.17615932523967381,-0.3453248587858373,1.6514180571323807
2026-02-02,KXGDPYEAR-27,2026-08-05,2.0076383085144998,1.8,1.8,0.37400640422233034,2.898797807861639,0.6732893756761689
2026-02-02,KXGDPYEAR-28,2026-08-04,2.4731462188993745,2.3,2.3,0.1400696034980221,-0.34308140549094945,2.8598708587524024
2026-02-02,KXGDPYEAR-29,2026-08-04,2.3444515498705965,2.3,2.8,0.03264685533572642,-0.4834652040264813,2.997886909329589
2026-02-02,KXGDPYEAR-30,2026-08-05,2.53,2.3,2.3,0.20390070921985817,-0.3831493711206555,2.1596999999999995
2026-02-02,KXGDPYEAR-31,2026-08-04,2.248014310493019,2.3,2.8,-0.037566168275753146,-0.7012489658312346,2.719168761277071
2026-02-02,KXGDPYEAR-32,2026-08-04,2.675002825369558,2.3,1.8,0.23810070525900007,-1.1546447091476657,3.45779719496512
2026-02-02,KXGDPYEAR-33,2026-08-05,2.8592210044753155,2.3,2.3,0.3689059934043657,-1.0555602215262991,3.4287871306045083
2026-02-02,KXGDPYEAR-34,2026-08-05,2.3636376657707103,2.3,0.1,0.04455795922498969,-0.6997330658180774,3.1110572835108945
2026-02-02,KXGDPYEAR-35,2026-08-04,2.749826891591256,2.8,1.8,-0.03218786147859579,-1.1621044533643832,3.3473672445211338
2026-02-02,KXGDPYEAR-36,2026-08-04,2.695242416882835,2.3,0.1,0.24894730630532177,-1.127603469239581,3.5316813541751007
2026-02-03,KXGDPYEAR-25,2026-02-20,2.4058928247204716,2.3,2.3,0.4313709503241573,8.124932462385313,0.3521894624588717
2026-02-03,KXGDPYEAR-26,2026-08-05,3.4785167375691297,3.3,2.3,0.17615932523967384,-0.31877585381240703,1.635210545823182
2026-02-03,KXGDPYEAR-27,2026-08-05,2.0076383085144998,1.8,1.8,0.37400640422233034,2.898797807861639,0.6732893756761689
2026-02-03,KXGDPYEAR-28,2026-08-04,2.4731462188993745,2.3,2.3,0.1400696034980221,-0.34308140549094945,2.8598708587524024
2026-02-03,KXGDPYEAR-29,2026-08-04,2.3444515498705965,2.3,2.8,0.03264685533572642,-0.4834652040264813,2.997886909329589
2026-02-03,KXGDPYEAR-30,2026-08-05,2.53,2.3,2.3,0.20390070921985817,-0.3831493711206555,2.1596999999999995
2026-02-03,KXGDPYEAR-31,2026-08-04,2.248014310493019,2.3,2.8,-0.037566168275753146,-0.7012489658312346,2.719168761277071
2026-02-03,KXGDPYEAR-32,2026-08-04,2.675002825369558,2.3,1.8,0.23810070525900007,-1.1546447091476657,3.45779719496512
2026-02-03,KXGDPYEAR-33,2026-08-05,2.8592210044753155,2.3,2.3,0.3689059934043657,-1.0555602215262991,3.4287871306045083
2026-02-03,KXGDPYEAR-34,2026-08-05,2.3636376657707103,2.3,0.1,0.04455795922498969,-0.6997330658180774,3.1110572835108945
2026-02-03,KXGDPYEAR-35,2026-08-04,2.749826891591256,2.8,1.8,-0.03218786147859579,-1.1621044533643832,3.3473672445211338
2026-02-03,KXGDPYEAR-36,2026-08-04,2.695242416882835,2.3,0.1,0.24894730630532177,-1.127603469239581,3.5316813541751007
2026-02-04,KXGDPYEAR-25,2026-02-20,2.39167907018934,2.3,2.3,0.40192559679306855,9.010870571647528,0.33416128519492105
2026-02-04,KXGDPYEAR-26,2026-08-05,3.4719495555264333,3.3,2.3,0.1679408867841186,-0.3628200676971325,1.6664598629067688
2026-02-04,KXGDPYEAR-27,2026-08-05,2.0076383085144998,1.8,1.8,0.37400640422233034,2.898797807861639,0.6732893756761689
2026-02-04,KXGDPYEAR-28,2026-08-04,2.4731462188993745,2.3,2.3,0.1400696034980221,-0.34308140549094945,2.8598708587524024
2026-02-04,KXGDPYEAR-29,2026-08-04,2.3444515498705965,2.3,2.8,0.03264685533572642,-0.4834652040264813,2.997886909329589
2026-02-04,KXGDPYEAR-30,2026-08-05,2.53,2.3,2.3,0.20390070921985817,-0.3831493711206555,2.1596999999999995
2026-02-04,KXGDPYEAR-31,2026-08-04,2.248014310493019,2.3,2.8,-0.037566168275753146,-0.7012489658312346,2.719168761277071
2026-02-04,KXGDPYEAR-32,2026-08-04,2.675002825369558,2.3,1.8,0.23810070525900007,-1.1546447091476657,3.45779719496512
2026-02-04,KXGDPYEAR-33,2026-08-05,2.8592210044753155,2.3,2.3,0.3689059934043657,-1.0555602215262991,3.4287871306045083
2026-02-04,KXGDPYEAR-34,2026-08-05,2.3636376657707103,2.3,0.1,0.04455795922498969,-0.6997330658180774,3.1110572835108945
2026-02-04,KXGDPYEAR-35,2026-08-04,2.749826891591256,2.8,1.8,-0.03218786147859579,-1.1621044533643832,3.3473672445211338
2026-02-04,KXGDPYEAR-36,2026-08-04,2.695242416882835,2.3,0.1,0.24894730630532177,-1.127603469239581,3.5316813541751007
2026-02-05,KXGDPYEAR-25,2026-02-20,2.386747220948857,2.3,2.3,0.39288324950416925,9.193722120446594,0.33234346896757927
2026-02-05,KXGDPYEAR-26,2026-08-05,3.4719495555264333,3.3,2.3,0.1679408867841186,-0.3628200676971325,1.6664598629067688
2026-02-05,KXGDPYEAR-27,2026-08-05,2.0076383085144998,1.8,1.8,0.37400640422233034,2.898797807861639,0.6732893756761689
2026-02-05,KXGDPYEAR-28,2026-08-04,2.4731462188993745,2.3,2.3,0.1400696034980221,-0.34308140549094945,2.8598708587524024
2026-02-05,KXGDPYEAR-29,2026-08-04,2.3444515498705965,2.3,2.8,0.03264685533572642,-0.4834652040264813,2.997886909329589
2026-02-05,KXGDPYEAR-30,2026-08-05,2.53,2.3,2.3,0.20390070921985817,-0.3831493711206555,2.1596999999999995
2026-02-05,KXGDPYEAR-31,2026-08-04,2.248014310493019,2.3,2.8,-0.037566168275753146,-0.7012489658312346,2.719168761277071
2026-02-05,KXGDPYEAR-32,2026-08-04,2.675002825369558,2.3,1.8,0.23810070525900007,-1.1546447091476657,3.45779719496512
2026-02-05,KXGDPYEAR-33,2026-08-05,2.8592210044753155,2.3,2.3,0.3689059934043657,-1.0555602215262991,3.4287871306045083
2026-02-05,KXGDPYEAR-34,2026-08-05,2.3636376657707103,2.3,0.1,0.04455795922498969,-0.6997330658180774,3.1110572835108945
2026-02-05,KXGDPYEAR-35,2026-08-04,2.749826891591256,2.8,1.8,-0.03218786147859579,-1.1621044533643832,3.3473672445211338
2026-02-05,KXGDPYEAR-36,2026-08-04,2.695242416882835,2.3,0.1,0.24894730630532177,-1.127603469239581,3.5316813541751007
2026-02-06,KXGDPYEAR-25,2026-02-20,2.366895486203863,2.3,2.3,0.3337094997848347,9.8423434985512,0.3268468062430554
2026-02-06,KXGDPYEAR-26,2026-08-05,3.4719495555264333,3.3,2.3,0.1679408867841186,-0.3628200676971325,1.6664598629067688
2026-02-06,KXGDPYEAR-27,2026-08-05,2.0076383085144998,1.8,1.8,0.37400640422233034,2.898797807861639,0.6732893756761689
2026-02-06,KXGDPYEAR-28,2026-08-04,2.4731462188993745,2.3,2.3,0.1400696034980221,-0.34308140549094945,2.8598708587524024
2026-02-06,KXGDPYEAR-29,2026-08-04,2.3444515498705965,2.3,2.8,0.03264685533572642,-0.4834652040264813,2.997886909329589
2026-02-06,KXGDPYEAR-30,2026-08-05,2.53,2.3,2.3,0.20390070921985817,-0.3831493711206555,2.1596999999999995
2026-02-06,KXGDPYEAR-31,2026-08-04,2.248014310493019,2.3,2.8,-0.037566168275753146,-0.7012489658312346,2.719168761277071
2026-02-06,KXGDPYEAR-32,2026-08-04,2.675002825369558,2.3,1.8,0.23810070525900007,-1.1546447091476657,3.45779719496512
2026-02-06,KXGDPYEAR-33,2026-08-05,2.8592210044753155,2.3,2.3,0.3689059934043657,-1.0555602215262991,3.4287871306045083
2026-02-06,KXGDPYEAR-34,2026-08-05,2.3636376657707103,2.3,0.1,0.04455795922498969,-0.6997330658180774,3.1110572835108945
2026-02-06,KXGDPYEAR-35,2026-08-04,2.749826891591256,2.8,1.8,-0.03218786147859579,-1.1621044533643832,3.3473672445211338
2026-02-06,KXGDPYEAR-36,2026-08-04,2.695242416882835,2.3,0.1,0.24894730630532177,-1.127603469239581,3.5316813541751007
2026-02-07,KXGDPYEAR-25,2026-02-20,2.3687408060485535,2.3,2.3,0.33139440747973076,9.593339633895313,0.3305799308463634
2026-02-07,KXGDPYEAR-26,2026-08-05,3.4719495555264333,3.3,2.3,0.1679408867841186,-0.3628200676971325,1.6664598629067688
2026-02-07,KXGDPYEAR-27,2026-08-05,2.0076383085144998,1.8,1.8,0.37400640422233034,2.898797807861639,0.6732893756761689
2026-02-07,KXGDPYEAR-28,2026-08-04,2.4731462188993745,2.3,2.3,0.1400696034980221,-0.34308140549094945,2.8598708587524024
2026-02-07,KXGDPYEAR-29,2026-08-04,2.3444515498705965,2.3,2.8,0.03264685533572642,-0.4834652040264813,2.997886909329589
2026-02-07,KXGDPYEAR-30,2026-08-05,2.53,2.3,2.3,0.20390070921985817,-0.3831493711206555,2.1596999999999995
2026-02-07,KXGDPYEAR-31,2026-08-04,2.248014310493019,2.3,2.8,-0.037566168275753146,-0.7012489658312346,2.719168761277071
2026-02-07,KXGDPYEAR-32,2026-08-04,2.675002825369558,2.3,1.8,0.23810070525900007,-1.1546447091476657,3.45779719496512
2026-02-07,KXGDPYEAR-33,2026-08-05,2.8592210044753155,2.3,2.3,0.3689059934043657,-1.0555602215262991,3.4287871306045083
2026-02-07,KXGDPYEAR-34,2026-08-05,2.3636376657707103,2.3,0.1,0.04455795922498969,-0.6997330658180774,3.1110572835108945
2026-02-07,KXGDPYEAR-35,2026-08-04,2.749826891591256,2.8,1.8,-0.03218786147859579,-1.1621044533643832,3.3473672445211338
2026-02-07,KXGDPYEAR-36,2026-08-04,2.695242416882835,2.3,0.1,0.24894730630532177,-1.127603469239581,3.5316813541751007
2026-02-08,KXGDPYEAR-25,2026-02-20,2.3797080027567996,2.3,2.3,0.37705735166308685,9.399457142088837,0.33476984688999617
2026-02-08,KXGDPYEAR-26,2026-08-05,3.385669664640066,3.3,2.3,0.08947162208532054,-0.07157880603208033,1.5012530004990225
2026-02-08,KXGDPYEAR-27,2026-08-05,2.0076383085144998,1.8,1.8,0.37400640422233034,2.898797807861639,0.6732893756761689
2026-02-08,KXGDPYEAR-28,2026-08-04,2.4731462188993745,2.3,2.3,0.1400696034980221,-0.34308140549094945,2.8598708587524024
2026-02-08,KXGDPYEAR-29,2026-08-04,2.3444515498705965,2.3,2.8,0.03264685533572642,-0.4834652040264813,2.997886909329589
2026-02-08,KXGDPYEAR-30,2026-08-05,2.53,2.3,2.3,0.20390070921985817,-0.3831493711206555,2.1596999999999995
2026-02-08,KXGDPYEAR-31,2026-08-04,2.248014310493019,2.3,2.8,-0.037566168275753146,-0.7012489658312346,2.719168761277071
2026-02-08,KXGDPYEAR-32,2026-08-04,2.675002825369558,2.3,1.8,0.23810070525900007,-1.1546447091476657,3.45779719496512
2026-02-08,KXGDPYEAR-33,2026-08-05,2.8592210044753155,2.3,2.3,0.3689059934043657,-1.0555602215262991,3.4287871306045083
2026-02-08,KXGDPYEAR-34,2026-08-05,2.3636376657707103,2.3,0.1,0.04455795922498969,-0.6997330658180774,3.1110572835108945
2026-02-08,KXGDPYEAR-35,2026-08-04,2.749826891591256,2.8,1.8,-0.03218786147859579,-1.1621044533643832,3.3473672445211338
2026-02-08,KXGDPYEAR-36,2026-08-04,2.695242416882835,2.3,0.1,0.24894730630532177,-1.127603469239581,3.5316813541751007
2026-02-09,KXGDPYEAR-25,2026-02-20,2.3853726391444643,2.3,2.3,0.3924178887191625,9.165659880750917,0.3382541484011423
2026-02-09,KXGDPYEAR-26,2026-08-05,3.385669664640066,3.3,2.3,0.08947162208532054,-0.07157880603208033,1.5012530004990225
2026-02-09,KXGDPYEAR-27,2026-08-05,2.0076383085144998,1.8,1.8,0.37400640422233034,2.898797807861639,0.6732893756761689
2026-02-09,KXGDPYEAR-28,2026-08-04,2.4731462188993745,2.3,2.3,0.1400696034980221,-0.34308140549094945,2.8598708587524024
2026-02-09,KXGDPYEAR-29,2026-08-04,2.3444515498705965,2.3,2.8,0.03264685533572642,-0.4834652040264813,2.997886909329589
2026-02-09,KXGDPYEAR-30,2026-08-05,2.53,2.3,2.3,0.20390070921985817,-0.3831493711206555,2.1596999999999995
2026-02-09,KXGDPYEAR-31,2026-08-04,2.248014310493019,2.3,2.8,-0.037566168275753146,-0.7012489658312346,2.719168761277071
2026-02-09,KXGDPYEAR-32,2026-08-04,2.675002825369558,2.3,1.8,0.23810070525900007,-1.1546447091476657,3.45779719496512
2026-02-09,KXGDPYEAR-33,2026-08-05,2.8592210044753155,2.3,2.3,0.3689059934043657,-1.0555602215262991,3.4287871306045083
2026-02-09,KXGDPYEAR-34,2026-08-05,2.3636376657707103,2.3,0.1,0.04455795922498969,-0.6997330658180774,3.1110572835108945
2026-02-09,KXGDPYEAR-35,2026-08-04,2.749826891591256,2.8,1.8,-0.03218786147859579,-1.1621044533643832,3.3473672445211338
2026-02-09,KXGDPYEAR-36,2026-08-04,2.695242416882835,2.3,0.1,0.24894730630532177,-1.127603469239581,3.5316813541751007
2026-02-10,KXGDPYEAR-25,2026-02-20,2.3748082815543,2.3,2.3,0.3539481754575487,9.546583457292112,0.33268718739461384
2026-02-10,KXGDPYEAR-26,2026-08-05,3.385669664640066,3.3,2.3,0.08947162208532054,-0.07157880603208033,1.5012530004990225
2026-02-10,KXGDPYEAR-27,2026-08-05,2.0076383085144998,1.8,1.8,0.37400640422233034,2.898797807861639,0.6732893756761689
2026-02-10,KXGDPYEAR-28,2026-08-04,2.4731462188993745,2.3,2.3,0.1400696034980221,-0.34308140549094945,2.8598708587524024
2026-02-10,KXGDPYEAR-29,2026-08-04,2.3444515498705965,2.3,2.8,0.03264685533572642,-0.4834652040264813,2.997886909329589
2026-02-10,KXGDPYEAR-30,2026-08-05,2.53,2.3,2.3,0.20390070921985817,-0.3831493711206555,2.1596999999999995
2026-02-10,KXGDPYEAR-31,2026-08-04,2.248014310493019,2.3,2.8,-0.037566168275753146,-0.7012489658312346,2.719168761277071
2026-02-10,KXGDPYEAR-32,2026-08-04,2.675002825369558,2.3,1.8,0.23810070525900007,-1.1546447091476657,3.45779719496512
2026-02-10,KXGDPYEAR-33,2026-08-05,2.8592210044753155,2.3,2.3,0.3689059934043657,-1.0555602215262991,3.4287871306045083
2026-02-10,KXGDPYEAR-34,2026-08-05,2.3636376657707103,2.3,0.1,0.04455795922498969,-0.6997330658180774,3.1110572835108945
2026-02-10,KXGDPYEAR-35,2026-08-04,2.749826891591256,2.8,1.8,-0.03218786147859579,-1.1621044533643832,3.3473672445211338
2026-02-10,KXGDPYEAR-36,2026-08-04,2.695242416882835,2.3,0.1,0.24894730630532177,-1.127603469239581,3.5316813541751007
2026-02-11,KXGDPYEAR-25,2026-02-20,2.376241745593575,2.3,2.3,0.36597468042861403,9.732203351564742,0.3243946803273811
2026-02-11,KXGDPYEAR-26,2026-08-05,3.385669664640066,3.3,2.3,0.08947162208532054,-0.07157880603208033,1.5012530004990225
2026-02-11,KXGDPYEAR-27,2026-08-05,2.0076383085144998,1.8,1.8,0.37400640422233034,2.898797807861639,0.6732893756761689
2026-02-11,KXGDPYEAR-28,2026-08-04,2.4731462188993745,2.3,2.3,0.1400696034980221,-0.34308140549094945,2.8598708587524024
2026-02-11,KXGDPYEAR-29,2026-08-04,2.3444515498705965,2.3,2.8,0.03264685533572642,-0.4834652040264813,2.997886909329589
2026-02-11,KXGDPYEAR-30,2026-08-05,2.53,2.3,2.3,0.20390070921985817,-0.3831493711206555,2.1596999999999995
2026-02-11,KXGDPYEAR-31,2026-08-04,2.248014310493019,2.3,2.8,-0.037566168275753146,-0.7012489658312346,2.719168761277071
2026-02-11,KXGDPYEAR-32,2026-08-04,2.675002825369558,2.3,1.8,0.23810070525900007,-1.1546447091476657,3.45779719496512
2026-02-11,KXGDPYEAR-33,2026-08-05,2.8592210044753155,2.3,2.3,0.3689059934043657,-1.0555602215262991,3.4287871306045083
2026-02-11,KXGDPYEAR-34,2026-08-05,2.3636376657707103,2.3,0.1,0.04455795922498969,-0.6997330658180774,3.1110572835108945
2026-02-11,KXGDPYEAR-35,2026-08-04,2.749826891591256,2.8,1.8,-0.03218786147859579,-1.1621044533643832,3.3473672445211338
2026-02-11,KXGDPYEAR-36,2026-08-04,2.695242416882835,2.3,0.1,0.24894730630532177,-1.127603469239581,3.5316813541751007
2026-02-12,KXGDPYEAR-25,2026-02-20,2.357994309134778,2.3,2.3,0.29702646060371396,10.328111592883227,0.3199009553894711
2026-02-12,KXGDPYEAR-26,2026-08-05,3.1972700960753553,3.3,2.3,-0.09768213081102944,-0.428012512328106,1.7230889447411497
2026-02-12,KXGDPYEAR-27,2026-08-05,2.0076383085144998,1.8,1.8,0.37400640422233034,2.898797807861639,0.6732893756761689
2026-02-12,KXGDPYEAR-28,2026-08-04,2.4731462188993745,2.3,2.3,0.1400696034980221,-0.34308140549094945,2.8598708587524024
2026-02-12,KXGDPYEAR-29,2026-08-04,2.3444515498705965,2.3,2.8,0.03264685533572642,-0.4834652040264813,2.997886909329589
2026-02-12,KXGDPYEAR-30,2026-08-05,2.53,2.3,2.3,0.20390070921985817,-0.3831493711206555,2.1596999999999995
2026-02-12,KXGDPYEAR-31,2026-08-04,2.248014310493019,2.3,2.8,-0.037566168275753146,-0.7012489658312346,2.719168761277071
2026-02-12,KXGDPYEAR-32,2026-08-04,2.675002825369558,2.3,1.8,0.23810070525900007,-1.1546447091476657,3.45779719496512
2026-02-12,KXGDPYEAR-33,2026-08-05,2.8592210044753155,2.3,2.3,0.3689059934043657,-1.0555602215262991,3.4287871306045083
2026-02-12,KXGDPYEAR-34,2026-08-05,2.3636376657707103,2.3,0.1,0.04455795922498969,-0.6997330658180774,3.1110572835108945
2026-02-12,KXGDPYEAR-35,2026-08-04,2.749826891591256,2.8,1.8,-0.03218786147859579,-1.1621044533643832,3.3473672445211338
2026-02-12,KXGDPYEAR-36,2026-08-04,2.695242416882835,2.3,0.1,0.24894730630532177,-1.127603469239581,3.5316813541751007
2026-02-13,KXGDPYEAR-25,2026-02-20,2.3677276381112495,2.3,2.3,0.34085438197322904,9.95864890726104,0.32719703990679494
2026-02-13,KXGDPYEAR-26,2026-08-05,3.067588932806324,2.8,2.3,0.2569259962049336,-0.39808873620101526,1.7633764001937227
2026-02-13,KXGDPYEAR-27,2026-08-05,2.0076383085144998,1.8,1.8,0.37400640422233034,2.898797807861639,0.6732893756761689
2026-02-13,KXGDPYEAR-28,2026-08-04,2.4731462188993745,2.3,2.3,0.1400696034980221,-0.34308140549094945,2.8598708587524024
2026-02-13,KXGDPYEAR-29,2026-08-04,2.3444515498705965,2.3,2.8,0.03264685533572642,-0.4834652040264813,2.997886909329589
2026-02-13,KXGDPYEAR-30,2026-08-05,2.53,2.3,2.3,0.20390070921985817,-0.3831493711206555,2.1596999999999995
2026-02-13,KXGDPYEAR-31,2026-08-04,2.248014310493019,2.3,2.8,-0.037566168275753146,-0.7012489658312346,2.719168761277071
2026-02-13,KXGDPYEAR-32,2026-08-04,2.675002825369558,2.3,1.8,0.23810070525900007,-1.1546447091476657,3.45779719496512
2026-02-13,KXGDPYEAR-33,2026-08-05,2.8592210044753155,2.3,2.3,0.3689059934043657,-1.0555602215262991,3.4287871306045083
2026-02-13,KXGDPYEAR-34,2026-08-05,2.3636376657707103,2.3,0.1,0.04455795922498969,-0.6997330658180774,3.1110572835108945
2026-02-13,KXGDPYEAR-35,2026-08-04,2.749826891591256,2.8,1.8,-0.03218786147859579,-1.1621044533643832,3.3473672445211338
2026-02-13,KXGDPYEAR-36,2026-08-04,2.695242416882835,2.3,0.1,0.24894730630532177,-1.127603469239581,3.5316813541751007
2026-02-14,KXGDPYEAR-25,2026-02-20,2.365785868354444,2.3,2.3,0.3345646134400267,10.265510440518144,0.3228504324377387
2026-02-14,KXGDPYEAR-26,2026-08-05,3.067588932806324,2.8,2.3,0.2569259962049336,-0.39808873620101526,1.7633764001937227
2026-02-14,KXGDPYEAR-27,2026-08-05,2.0076383085144998,1.8,1.8,0.37400640422233034,2.898797807861639,0.6732893756761689
2026-02-14,KXGDPYEAR-28,2026-08-04,2.4731462188993745,2.3,2.3,0.1400696034980221,-0.34308140549094945,2.8598708587524024
2026-02-14,KXGDPYEAR-29,2026-08-04,2.3444515498705965,2.3,2.8,0.03264685533572642,-0.4834652040264813,2.997886909329589
2026-02-14,KXGDPYEAR-30,2026-08-05,2.53,2.3,2.3,0.20390070921985817,-0.3831493711206555,2.1596999999999995
2026-02-14,KXGDPYEAR-31,2026-08-04,2.248014310493019,2.3,2.8,-0.037566168275753146,-0.7012489658312346,2.719168761277071
2026-02-14,KXGDPYEAR-32,2026-08-04,2.675002825369558,2.3,1.8,0.23810070525900007,-1.1546447091476657,3.45779719496512
2026-02-14,KXGDPYEAR-33,2026-08-05,2.8592210044753155,2.3,2.3,0.3689059934043657,-1.0555602215262991,3.4287871306045083
2026-02-14,KXGDPYEAR-34,2026-08-05,2.3636376657707103,2.3,0.1,0.04455795922498969,-0.6997330658180774,3.1110572835108945
2026-02-14,KXGDPYEAR-35,2026-08-04,2.749826891591256,2.8,1.8,-0.03218786147859579,-1.1621044533643832,3.3473672445211338
2026-02-14,KXGDPYEAR-36,2026-08-04,2.695242416882835,2.3,0.1,0.24894730630532177,-1.127603469239581,3.5316813541751007
2026-02-15,KXGDPYEAR-25,2026-02-20,2.361268801493346,2.3,2.3,0.31843087413709414,10.420122554176332,0.32144435608058186
2026-02-15,KXGDPYEAR-26,2026-08-05,2.8921748178980224,2.8,2.3,0.08878064425601877,-0.4109235116263297,1.7412415760984317
2026-02-15,KXGDPYEAR-27,2026-08-05,2.0076383085144998,1.8,1.8,0.37400640422233034,2.898797807861639,0.6732893756761689
2026-02-15,KXGDPYEAR-28,2026-08-04,2.4731462188993745,2.3,2.3,0.1400696034980221,-0.34308140549094945,2.8598708587524024
2026-02-15,KXGDPYEAR-29,2026-08-04,2.3444515498705965,2.3,2.8,0.03264685533572642,-0.4834652040264813,2.997886909329589
2026-02-15,KXGDPYEAR-30,2026-08-05,2.53,2.3,2.3,0.20390070921985817,-0.3831493711206555,2.1596999999999995
2026-02-15,KXGDPYEAR-31,2026-08-04,2.248014310493019,2.3,2.8,-0.037566168275753146,-0.7012489658312346,2.719168761277071
2026-02-15,KXGDPYEAR-32,2026-08-04,2.675002825369558,2.3,1.8,0.23810070525900007,-1.1546447091476657,3.45779719496512
2026-02-15,KXGDPYEAR-33,2026-08-05,2.8592210044753155,2.3,2.3,0.3689059934043657,-1.0555602215262991,3.4287871306045083
2026-02-15,KXGDPYEAR-34,2026-08-05,2.3636376657707103,2.3,0.1,0.04455795922498969,-0.6997330658180774,3.1110572835108945
2026-02-15,KXGDPYEAR-35,2026-08-04,2.749826891591256,2.8,1.8,-0.03218786147859579,-1.1621044533643832,3.3473672445211338
2026-02-15,KXGDPYEAR-36,2026-08-04,2.695242416882835,2.3,0.1,0.24894730630532177,-1.127603469239581,3.5316813541751007
2026-02-16,KXGDPYEAR-25,2026-02-20,2.3582992120247788,2.3,2.3,0.30174791195320205,10.443010029918993,0.3199568144241825
2026-02-16,KXGDPYEAR-26,2026-08-05,2.9047973988977445,2.8,2.3,0.09792041596604532,-0.5010636265963502,1.8021316000567784
2026-02-16,KXGDPYEAR-27,2026-08-05,2.0076383085144998,1.8,1.8,0.37400640422233034,2.898797807861639,0.6732893756761689
2026-02-16,KXGDPYEAR-28,2026-08-04,2.4731462188993745,2.3,2.3,0.1400696034980221,-0.34308140549094945,2.8598708587524024
2026-02-16,KXGDPYEAR-29,2026-08-04,2.3444515498705965,2.3,2.8,0.03264685533572642,-0.4834652040264813,2.997886909329589
2026-02-16,KXGDPYEAR-30,2026-08-05,2.53,2.3,2.3,0.20390070921985817,-0.3831493711206555,2.1596999999999995
2026-02-16,KXGDPYEAR-31,2026-08-04,2.248014310493019,2.3,2.8,-0.037566168275753146,-0.7012489658312346,2.719168761277071
2026-02-16,KXGDPYEAR-32,2026-08-04,2.675002825369558,2.3,1.8,0.23810070525900007,-1.1546447091476657,3.45779719496512
2026-02-16,KXGDPYEAR-33,2026-08-05,2.8592210044753155,2.3,2.3,0.3689059934043657,-1.0555602215262991,3.4287871306045083
2026-02-16,KXGDPYEAR-34,2026-08-05,2.3636376657707103,2.3,0.1,0.04455795922498969,-0.6997330658180774,3.1110572835108945
2026-02-16,KXGDPYEAR-35,2026-08-04,2.749826891591256,2.8,1.8,-0.03218786147859579,-1.1621044533643832,3.3473672445211338
2026-02-16,KXGDPYEAR-36,2026-08-04,2.695242416882835,2.3,0.1,0.24894730630532177,-1.127603469239581,3.5316813541751007
2026-02-17,KXGDPYEAR-25,2026-02-20,2.348823423737487,2.3,2.3,0.26888307860407806,11.11875605327776,0.3124136176449212
2026-02-17,KXGDPYEAR-26,2026-08-05,2.8690457115130723,2.8,2.3,0.06735115964984306,-0.280931720710353,1.738045228510428
2026-02-17,KXGDPYEAR-27,2026-08-05,2.0076383085144998,1.8,1.8,0.37400640422233034,2.898797807861639,0.6732893756761689
2026-02-17,KXGDPYEAR-28,2026-08-04,2.4731462188993745,2.3,2.3,0.1400696034980221,-0.34308140549094945,2.8598708587524024
2026-02-17,KXGDPYEAR-29,2026-08-04,2.3444515498705965,2.3,2.8,0.03264685533572642,-0.4834652040264813,2.997886909329589
2026-02-17,KXGDPYEAR-30,2026-08-05,2.53,2.3,2.3,0.20390070921985817,-0.3831493711206555,2.1596999999999995
2026-02-17,KXGDPYEAR-31,2026-08-04,2.248014310493019,2.3,2.8,-0.037566168275753146,-0.7012489658312346,2.719168761277071
2026-02-17,KXGDPYEAR-32,2026-08-04,2.675002825369558,2.3,1.8,0.23810070525900007,-1.1546447091476657,3.45779719496512
2026-02-17,KXGDPYEAR-33,2026-08-05,2.8592210044753155,2.3,2.3,0.3689059934043657,-1.0555602215262991,3.4287871306045083
2026-02-17,KXGDPYEAR-34,2026-08-05,2.3636376657707103,2.3,0.1,0.04455795922498969,-0.6997330658180774,3.1110572835108945
2026-02-17,KXGDPYEAR-35,2026-08-04,2.749826891591256,2.8,1.8,-0.03218786147859579,-1.1621044533643832,3.3473672445211338
2026-02-17,KXGDPYEAR-36,2026-08-04,2.695242416882835,2.3,0.1,0.24894730630532177,-1.127603469239581,3.5316813541751007
2026-02-18,KXGDPYEAR-25,2026-02-20,2.343980579539302,2.3,2.3,0.24691249067068372,11.263266474721572,0.3127091262109866
2026-02-18,KXGDPYEAR-26,2026-08-05,2.7009001383828406,2.8,2.3,-0.10223544336270508,0.19048360078225723,1.624298105018732
2026-02-18,KXGDPYEAR-27,2026-08-05,2.0076383085144998,1.8,1.8,0.37400640422233034,2.898797807861639,0.6732893756761689
2026-02-18,KXGDPYEAR-28,2026-08-04,2.4731462188993745,2.3,2.3,0.1400696034980221,-0.34308140549094945,2.8598708587524024
2026-02-18,KXGDPYEAR-29,2026-08-04,2.3444515498705965,2.3,2.8,0.03264685533572642,-0.4834652040264813,2.997886909329589
2026-02-18,KXGDPYEAR-30,2026-08-05,2.53,2.3,2.3,0.20390070921985817,-0.3831493711206555,2.1596999999999995
2026-02-18,KXGDPYEAR-31,2026-08-04,2.248014310493019,2.3,2.8,-0.037566168275753146,-0.7012489658312346,2.719168761277071
2026-02-18,KXGDPYEAR-32,2026-08-04,2.675002825369558,2.3,1.8,0.23810070525900007,-1.1546447091476657,3.45779719496512
2026-02-18,KXGDPYEAR-33,2026-08-05,2.8592210044753155,2.3,2.3,0.3689059934043657,-1.0555602215262991,3.4287871306045083
2026-02-18,KXGDPYEAR-34,2026-08-05,2.3636376657707103,2.3,0.1,0.04455795922498969,-0.6997330658180774,3.1110572835108945
2026-02-18,KXGDPYEAR-35,2026-08-04,2.749826891591256,2.8,1.8,-0.03218786147859579,-1.1621044533643832,3.3473672445211338
2026-02-18,KXGDPYEAR-36,2026-08-04,2.695242416882835,2.3,0.1,0.24894730630532177,-1.127603469239581,3.5316813541751007
2026-02-19,KXGDPYEAR-25,2026-02-20,2.3462369065297177,2.3,2.3,0.25840001327530476,11.158549454577132,0.312710495964198
2026-02-19,KXGDPYEAR-26,2026-08-05,2.6622711594587427,2.8,2.3,-0.14640268494232445,0.3706759974240539,1.5981679381467322
2026-02-19,KXGDPYEAR-27,2026-08-05,2.0076383085144998,1.8,1.8,0.37400640422233034,2.898797807861639,0.6732893756761689
2026-02-19,KXGDPYEAR-28,2026-08-04,2.4731462188993745,2.3,2.3,0.1400696034980221,-0.34308140549094945,2.8598708587524024
2026-02-19,KXGDPYEAR-29,2026-08-04,2.3444515498705965,2.3,2.8,0.03264685533572642,-0.4834652040264813,2.997886909329589
2026-02-19,KXGDPYEAR-30,2026-08-05,2.53,2.3,2.3,0.20390070921985817,-0.3831493711206555,2.1596999999999995
2026-02-19,KXGDPYEAR-31,2026-08-04,2.248014310493019,2.3,2.8,-0.037566168275753146,-0.7012489658312346,2.719168761277071
2026-02-19,KXGDPYEAR-32,2026-08-04,2.675002825369558,2.3,1.8,0.23810070525900007,-1.1546447091476657,3.45779719496512
2026-02-19,KXGDPYEAR-33,2026-08-05,2.8592210044753155,2.3,2.3,0.3689059934043657,-1.0555602215262991,3.4287871306045083
2026-02-19,KXGDPYEAR-34,2026-08-05,2.3636376657707103,2.3,0.1,0.04455795922498969,-0.6997330658180774,3.1110572835108945
2026-02-19,KXGDPYEAR-35,2026-08-04,2.749826891591256,2.8,1.8,-0.03218786147859579,-1.1621044533643832,3.3473672445211338
2026-02-19,KXGDPYEAR-36,2026-08-04,2.695242416882835,2.3,0.1,0.24894730630532177,-1.127603469239581,3.5316813541751007
2026-02-20,KXGDPYEAR-25,2026-02-20,2.3389524068431644,2.3,2.3,0.2230796246423897,11.563692204474961,0.3079668912925125
2026-02-20,KXGDPYEAR-26,2026-08-05,2.545144177240907,2.3,2.8,0.2774166190660796,0.8263250594069427,1.4827668818027115
2026-02-20,KXGDPYEAR-27,2026-08-05,2.0076383085144998,1.8,1.8,0.37400640422233034,2.898797807861639,0.6732893756761689
2026-02-20,KXGDPYEAR-28,2026-08-04,2.4731462188993745,2.3,2.3,0.1400696034980221,-0.34308140549094945,2.8598708587524024
2026-02-20,KXGDPYEAR-29,2026-08-04,2.3444515498705965,2.3,2.8,0.03264685533572642,-0.4834652040264813,2.997886909329589
2026-02-20,KXGDPYEAR-30,2026-08-05,2.53,2.3,2.3,0.20390070921985817,-0.3831493711206555,2.1596999999999995
2026-02-20,KXGDPYEAR-31,2026-08-04,2.248014310493019,2.3,2.8,-0.037566168275753146,-0.7012489658312346,2.719168761277071
2026-02-20,KXGDPYEAR-32,2026-08-04,2.675002825369558,2.3,1.8,0.23810070525900007,-1.1546447091476657,3.45779719496512
2026-02-20,KXGDPYEAR-33,2026-08-05,2.8592210044753155,2.3,2.3,0.3689059934043657,-1.0555602215262991,3.4287871306045083
2026-02-20,KXGDPYEAR-34,2026-08-05,2.3636376657707103,2.3,0.1,0.04455795922498969,-0.6997330658180774,3.1110572835108945
2026-02-20,KXGDPYEAR-35,2026-08-04,2.749826891591256,2.8,1.8,-0.03218786147859579,-1.1621044533643832,3.3473672445211338
2026-02-20,KXGDPYEAR-36,2026-08-04,2.695242416882835,2.3,0.1,0.24894730630532177,-1.127603469239581,3.5316813541751007
2026-02-21,KXGDPYEAR-26,2026-08-05,2.538370720252346,2.3,2.3,0.2862485992002634,1.0264546477483316,1.382871322768956
2026-02-21,KXGDPYEAR-27,2026-08-05,2.0076383085144998,1.8,1.8,0.37400640422233034,2.898797807861639,0.6732893756761689
2026-02-21,KXGDPYEAR-28,2026-08-04,2.4731462188993745,2.3,2.3,0.1400696034980221,-0.34308140549094945,2.8598708587524024
2026-02-21,KXGDPYEAR-29,2026-08-04,2.3444515498705965,2.3,2.8,0.03264685533572642,-0.4834652040264813,2.997886909329589
2026-02-21,KXGDPYEAR-30,2026-08-05,2.53,2.3,2.3,0.20390070921985817,-0.3831493711206555,2.1596999999999995
2026-02-21,KXGDPYEAR-31,2026-08-04,2.248014310493019,2.3,2.8,-0.037566168275753146,-0.7012489658312346,2.719168761277071
2026-02-21,KXGDPYEAR-32,2026-08-04,2.675002825369558,2.3,1.8,0.23810070525900007,-1.1546447091476657,3.45779719496512
2026-02-21,KXGDPYEAR-33,2026-08-05,2.8592210044753155,2.3,2.3,0.3689059934043657,-1.0555602215262991,3.4287871306045083
2026-02-21,KXGDPYEAR-34,2026-08-05,2.3636376657707103,2.3,0.1,0.04455795922498969,-0.6997330658180774,3.1110572835108945
2026-02-21,KXGDPYEAR-35,2026-08-04,2.749826891591256,2.8,1.8,-0.03218786147859579,-1.1621044533643832,3.3473672445211338
2026-02-21,KXGDPYEAR-36,2026-08-04,2.695242416882835,2.3,0.1,0.24894730630532177,-1.127603469239581,3.5316813541751007
2026-02-22,KXGDPYEAR-26,2026-08-05,2.515196218226229,2.3,2.8,0.253147166848908,0.8963563039388136,1.3749389836668404
2026-02-22,KXGDPYEAR-27,2026-08-05,2.0076383085144998,1.8,1.8,0.37400640422233034,2.898797807861639,0.6732893756761689
2026-02-22,KXGDPYEAR-28,2026-08-04,2.4731462188993745,2.3,2.3,0.1400696034980221,-0.34308140549094945,2.8598708587524024
2026-02-22,KXGDPYEAR-29,2026-08-04,2.3444515498705965,2.3,2.8,0.03264685533572642,-0.4834652040264813,2.997886909329589
2026-02-22,KXGDPYEAR-30,2026-08-05,2.53,2.3,2.3,0.20390070921985817,-0.3831493711206555,2.1596999999999995
2026-02-22,KXGDPYEAR-31,2026-08-04,2.248014310493019,2.3,2.8,-0.037566168275753146,-0.7012489658312346,2.719168761277071
2026-02-22,KXGDPYEAR-32,2026-08-04,2.675002825369558,2.3,1.8,0.23810070525900007,-1.1546447091476657,3.45779719496512
2026-02-22,KXGDPYEAR-33,2026-08-05,2.8592210044753155,2.3,2.3,0.3689059934043657,-1.0555602215262991,3.4287871306045083
2026-02-22,KXGDPYEAR-34,2026-08-05,2.3636376657707103,2.3,0.1,0.04455795922498969,-0.6997330658180774,3.1110572835108945
2026-02-22,KXGDPYEAR-35,2026-08-04,2.749826891591256,2.8,1.8,-0.03218786147859579,-1.1621044533643832,3.3473672445211338
2026-02-22,KXGDPYEAR-36,2026-08-04,2.695242416882835,2.3,0.1,0.24894730630532177,-1.127603469239581,3.5316813541751007
2026-02-23,KXGDPYEAR-26,2026-08-05,2.405098389982111,2.3,2.3,0.1143385393859778,0.5900516917500536,1.5792092479222735
2026-02-23,KXGDPYEAR-27,2026-08-05,2.0076383085144998,1.8,1.8,0.37400640422233034,2.898797807861639,0.6732893756761689
2026-02-23,KXGDPYEAR-28,2026-08-04,2.4731462188993745,2.3,2.3,0.1400696034980221,-0.34308140549094945,2.8598708587524024
2026-02-23,KXGDPYEAR-29,2026-08-04,2.3444515498705965,2.3,2.8,0.03264685533572642,-0.4834652040264813,2.997886909329589
2026-02-23,KXGDPYEAR-30,2026-08-05,2.53,2.3,2.3,0.20390070921985817,-0.3831493711206555,2.1596999999999995
2026-02-23,KXGDPYEAR-31,2026-08-04,2.248014310493019,2.3,2.8,-0.037566168275753146,-0.7012489658312346,2.719168761277071
2026-02-23,KXGDPYEAR-32,2026-08-04,2.675002825369558,2.3,1.8,0.23810070525900007,-1.1546447091476657,3.45779719496512
2026-02-23,KXGDPYEAR-33,2026-08-05,2.8592210044753155,2.3,2.3,0.3689059934043657,-1.0555602215262991,3.4287871306045083
2026-02-23,KXGDPYEAR-34,2026-08-05,2.3636376657707103,2.3,0.1,0.04455795922498969,-0.6997330658180774,3.1110572835108945
2026-02-23,KXGDPYEAR-35,2026-08-04,2.749826891591256,2.8,1.8,-0.03218786147859579,-1.1621044533643832,3.3473672445211338
2026-02-23,KXGDPYEAR-36,2026-08-04,2.695242416882835,2.3,0.1,0.24894730630532177,-1.127603469239581,3.5316813541751007
2026-02-24,KXGDPYEAR-26,2026-08-05,2.388353754558919,2.3,2.3,0.0960841223892398,0.6065062293392653,1.5979367105492919
2026-02-24,KXGDPYEAR-27,2026-08-05,2.0076383085144998,1.8,1.8,0.37400640422233034,2.898797807861639,0.6732893756761689
2026-02-24,KXGDPYEAR-28,2026-08-04,2.4731462188993745,2.3,2.3,0.1400696034980221,-0.34308140549094945,2.8598708587524024
2026-02-24,KXGDPYEAR-29,2026-08-04,2.3444515498705965,2.3,2.8,0.03264685533572642,-0.4834652040264813,2.997886909329589
2026-02-24,KXGDPYEAR-30,2026-08-05,2.53,2.3,2.3,0.20390070921985817,-0.3831493711206555,2.1596999999999995
2026-02-24,KXGDPYEAR-31,2026-08-04,2.248014310493019,2.3,2.8,-0.037566168275753146,-0.7012489658312346,2.719168761277071
2026-02-24,KXGDPYEAR-32,2026-08-04,2.675002825369558,2.3,1.8,0.23810070525900007,-1.1546447091476657,3.45779719496512
2026-02-24,KXGDPYEAR-33,2026-08-05,2.8592210044753155,2.3,2.3,0.3689059934043657,-1.0555602215262991,3.4287871306045083
2026-02-24,KXGDPYEAR-34,2026-08-05,2.3636376657707103,2.3,0.1,0.04455795922498969,-0.6997330658180774,3.1110572835108945
2026-02-24,KXGDPYEAR-35,2026-08-04,2.749826891591256,2.8,1.8,-0.03218786147859579,-1.1621044533643832,3.3473672445211338
2026-02-24,KXGDPYEAR-36,2026-08-04,2.695242416882835,2.3,0.1,0.24894730630532177,-1.127603469239581,3.5316813541751007
2026-02-25,KXGDPYEAR-26,2026-08-05,2.388353754558919,2.3,2.3,0.0960841223892398,0.6065062293392653,1.5979367105492919
2026-02-25,KXGDPYEAR-27,2026-08-05,2.0076383085144998,1.8,1.8,0.37400640422233034,2.898797807861639,0.6732893756761689
2026-02-25,KXGDPYEAR-28,2026-08-04,2.4731462188993745,2.3,2.3,0.1400696034980221,-0.34308140549094945,2.8598708587524024
2026-02-25,KXGDPYEAR-29,2026-08-04,2.3444515498705965,2.3,2.8,0.03264685533572642,-0.4834652040264813,2.997886909329589
2026-02-25,KXGDPYEAR-30,2026-08-05,2.53,2.3,2.3,0.20390070921985817,-0.3831493711206555,2.1596999999999995
2026-02-25,KXGDPYEAR-31,2026-08-04,2.248014310493019,2.3,2.8,-0.037566168275753146,-0.7012489658312346,2.719168761277071
2026-02-25,KXGDPYEAR-32,2026-08-04,2.675002825369558,2.3,1.8,0.23810070525900007,-1.1546447091476657,3.45779719496512
2026-02-25,KXGDPYEAR-33,2026-08-05,2.8592210044753155,2.3,2.3,0.3689059934043657,-1.0555602215262991,3.4287871306045083
2026-02-25,KXGDPYEAR-34,2026-08-05,2.3636376657707103,2.3,0.1,0.04455795922498969,-0.6997330658180774,3.1110572835108945
2026-02-25,KXGDPYEAR-35,2026-08-04,2.749826891591256,2.8,1.8,-0.03218786147859579,-1.1621044533643832,3.3473672445211338
2026-02-25,KXGDPYEAR-36,2026-08-04,2.695242416882835,2.3,0.1,0.24894730630532177,-1.127603469239581,3.5316813541751007
2026-02-26,KXGDPYEAR-26,2026-08-05,2.391490853836713,2.3,2.3,0.09706781416055404,0.47291879463140196,1.6492315509507696
2026-02-26,KXGDPYEAR-27,2026-08-05,2.0076383085144998,1.8,1.8,0.37400640422233034,2.898797807861639,0.6732893756761689
2026-02-26,KXGDPYEAR-28,2026-08-04,2.4731462188993745,2.3,2.3,0.1400696034980221,-0.34308140549094945,2.8598708587524024
2026-02-26,KXGDPYEAR-29,2026-08-04,2.3444515498705965,2.3,2.8,0.03264685533572642,-0.4834652040264813,2.997886909329589
2026-02-26,KXGDPYEAR-30,2026-08-05,2.53,2.3,2.3,0.20390070921985817,-0.3831493711206555,2.1596999999999995
2026-02-26,KXGDPYEAR-31,2026-08-04,2.248014310493019,2.3,2.8,-0.037566168275753146,-0.7012489658312346,2.719168761277071
2026-02-26,KXGDPYEAR-32,2026-08-04,2.675002825369558,2.3,1.8,0.23810070525900007,-1.1546447091476657,3.45779719496512
2026-02-26,KXGDPYEAR-33,2026-08-05,2.8592210044753155,2.3,2.3,0.3689059934043657,-1.0555602215262991,3.4287871306045083
2026-02-26,KXGDPYEAR-34,2026-08-05,2.3636376657707103,2.3,0.1,0.04455795922498969,-0.6997330658180774,3.1110572835108945
2026-02-26,KXGDPYEAR-35,2026-08-04,2.749826891591256,2.8,1.8,-0.03218786147859579,-1.1621044533643832,3.3473672445211338
2026-02-26,KXGDPYEAR-36,2026-08-04,2.695242416882835,2.3,0.1,0.24894730630532177,-1.127603469239581,3.5316813541751007
2026-02-27,KXGDPYEAR-26,2026-08-05,2.537565993927424,2.3,2.3,0.254668072202002,0.4820966173542285,1.6524564118724732
2026-02-27,KXGDPYEAR-27,2026-08-05,2.0076383085144998,1.8,1.8,0.37400640422233034,2.898797807861639,0.6732893756761689
2026-02-27,KXGDPYEAR-28,2026-08-04,2.4731462188993745,2.3,2.3,0.1400696034980221,-0.34308140549094945,2.8598708587524024
2026-02-27,KXGDPYEAR-29,2026-08-04,2.3444515498705965,2.3,2.8,0.03264685533572642,-0.4834652040264813,2.997886909329589
2026-02-27,KXGDPYEAR-30,2026-08-05,2.53,2.3,2.3,0.20390070921985817,-0.3831493711206555,2.1596999999999995
2026-02-27,KXGDPYEAR-31,2026-08-04,2.248014310493019,2.3,2.8,-0.037566168275753146,-0.7012489658312346,2.719168761277071
2026-02-27,KXGDPYEAR-32,2026-08-04,2.675002825369558,2.3,1.8,0.23810070525900007,-1.1546447091476657,3.45779719496512
2026-02-27,KXGDPYEAR-33,2026-08-05,2.8592210044753155,2.3,2.3,0.3689059934043657,-1.0555602215262991,3.4287871306045083
2026-02-27,KXGDPYEAR-34,2026-08-05,2.3636376657707103,2.3,0.1,0.04455795922498969,-0.6997330658180774,3.1110572835108945
2026-02-27,KXGDPYEAR-35,2026-08-04,2.749826891591256,2.8,1.8,-0.03218786147859579,-1.1621044533643832,3.3473672445211338
2026-02-27,KXGDPYEAR-36,2026-08-04,2.695242416882835,2.3,0.1,0.24894730630532177,-1.127603469239581,3.5316813541751007
2026-02-28,KXGDPYEAR-26,2026-08-05,2.601554056554178,2.3,2.3,0.3130429197154791,0.2616434663472864,1.6804097214866414
2026-02-28,KXGDPYEAR-27,2026-08-05,2.0076383085144998,1.8,1.8,0.37400640422233034,2.898797807861639,0.6732893756761689
2026-02-28,KXGDPYEAR-28,2026-08-04,2.4731462188993745,2.3,2.3,0.1400696034980221,-0.34308140549094945,2.8598708587524024
2026-02-28,KXGDPYEAR-29,2026-08-04,2.3444515498705965,2.3,2.8,0.03264685533572642,-0.4834652040264813,2.997886909329589
2026-02-28,KXGDPYEAR-30,2026-08-05,2.53,2.3,2.3,0.20390070921985817,-0.3831493711206555,2.1596999999999995
2026-02-28,KXGDPYEAR-31,2026-08-04,2.248014310493019,2.3,2.8,-0.037566168275753146,-0.7012489658312346,2.719168761277071
2026-02-28,KXGDPYEAR-32,2026-08-04,2.675002825369558,2.3,1.8,0.23810070525900007,-1.1546447091476657,3.45779719496512
2026-02-28,KXGDPYEAR-33,2026-08-05,2.8592210044753155,2.3,2.3,0.3689059934043657,-1.0555602215262991,3.4287871306045083
2026-02-28,KXGDPYEAR-34,2026-08-05,2.3636376657707103,2.3,0.1,0.04455795922498969,-0.6997330658180774,3.1110572835108945
2026-02-28,KXGDPYEAR-35,2026-08-04,2.749826891591256,2.8,1.8,-0.03218786147859579,-1.1621044533643832,3.3473672445211338
2026-02-28,KXGDPYEAR-36,2026-08-04,2.695242416882835,2.3,0.1,0.24894730630532177,-1.127603469239581,3.5316813541751007
2026-03-01,KXGDPYEAR-26,2026-08-05,2.6747094871663264,2.8,2.3,-0.12985266938079273,0.27030201706056234,1.6634584284547622
2026-03-01,KXGDPYEAR-27,2026-08-05,2.0076383085144998,1.8,1.8,0.37400640422233034,2.898797807861639,0.6732893756761689
2026-03-01,KXGDPYEAR-28,2026-08-04,2.4731462188993745,2.3,2.3,0.1400696034980221,-0.34308140549094945,2.8598708587524024
2026-03-01,KXGDPYEAR-29,2026-08-04,2.3444515498705965,2.3,2.8,0.03264685533572642,-0.4834652040264813,2.997886909329589
2026-03-01,KXGDPYEAR-30,2026-08-05,2.53,2.3,2.3,0.20390070921985817,-0.3831493711206555,2.1596999999999995
2026-03-01,KXGDPYEAR-31,2026-08-04,2.248014310493019,2.3,2.8,-0.037566168275753146,-0.7012489658312346,2.719168761277071
2026-03-01,KXGDPYEAR-32,2026-08-04,2.675002825369558,2.3,1.8,0.23810070525900007,-1.1546447091476657,3.45779719496512
2026-03-01,KXGDPYEAR-33,2026-08-05,2.8592210044753155,2.3,2.3,0.3689059934043657,-1.0555602215262991,3.4287871306045083
2026-03-01,KXGDPYEAR-34,2026-08-05,2.3636376657707103,2.3,0.1,0.04455795922498969,-0.6997330658180774,3.1110572835108945
2026-03-01,KXGDPYEAR-35,2026-08-04,2.749826891591256,2.8,1.8,-0.03218786147859579,-1.1621044533643832,3.3473672445211338
2026-03-01,KXGDPYEAR-36,2026-08-04,2.695242416882835,2.3,0.1,0.24894730630532177,-1.127603469239581,3.5316813541751007
2026-03-02,KXGDPYEAR-26,2026-08-05,2.6709996137751686,2.3,2.3,0.38515429923123906,0.2758957542018967,1.659634561286037
2026-03-02,KXGDPYEAR-27,2026-08-05,2.0076383085144998,1.8,1.8,0.37400640422233034,2.898797807861639,0.6732893756761689
2026-03-02,KXGDPYEAR-28,2026-08-04,2.4731462188993745,2.3,2.3,0.1400696034980221,-0.34308140549094945,2.8598708587524024
2026-03-02,KXGDPYEAR-29,2026-08-04,2.3444515498705965,2.3,2.8,0.03264685533572642,-0.4834652040264813,2.997886909329589
2026-03-02,KXGDPYEAR-30,2026-08-05,2.53,2.3,2.3,0.20390070921985817,-0.3831493711206555,2.1596999999999995
2026-03-02,KXGDPYEAR-31,2026-08-04,2.248014310493019,2.3,2.8,-0.037566168275753146,-0.7012489658312346,2.719168761277071
2026-03-02,KXGDPYEAR-32,2026-08-04,2.675002825369558,2.3,1.8,0.23810070525900007,-1.1546447091476657,3.45779719496512
2026-03-02,KXGDPYEAR-33,2026-08-05,2.8592210044753155,2.3,2.3,0.3689059934043657,-1.0555602215262991,3.4287871306045083
2026-03-02,KXGDPYEAR-34,2026-08-05,2.3636376657707103,2.3,0.1,0.04455795922498969,-0.6997330658180774,3.1110572835108945
2026-03-02,KXGDPYEAR-35,2026-08-04,2.749826891591256,2.8,1.8,-0.03218786147859579,-1.1621044533643832,3.3473672445211338
2026-03-02,KXGDPYEAR-36,2026-08-04,2.695242416882835,2.3,0.1,0.24894730630532177,-1.127603469239581,3.5316813541751007
2026-03-03,KXGDPYEAR-26,2026-08-05,2.6710292870365135,2.3,2.3,0.38411031605156926,0.2500138724805332,1.6780193761728586
2026-03-03,KXGDPYEAR-27,2026-08-05,2.0076383085144998,1.8,1.8,0.37400640422233034,2.898797807861639,0.6732893756761689
2026-03-03,KXGDPYEAR-28,2026-08-04,2.4731462188993745,2.3,2.3,0.1400696034980221,-0.34308140549094945,2.8598708587524024
2026-03-03,KXGDPYEAR-29,2026-08-04,2.3444515498705965,2.3,2.8,0.03264685533572642,-0.4834652040264813,2.997886909329589
2026-03-03,KXGDPYEAR-30,2026-08-05,2.53,2.3,2.3,0.20390070921985817,-0.3831493711206555,2.1596999999999995
2026-03-03,KXGDPYEAR-31,2026-08-04,2.248014310493019,2.3,2.8,-0.037566168275753146,-0.7012489658312346,2.719168761277071
2026-03-03,KXGDPYEAR-32,2026-08-04,2.675002825369558,2.3,1.8,0.23810070525900007,-1.1546447091476657,3.45779719496512
2026-03-03,KXGDPYEAR-33,2026-08-05,2.8592210044753155,2.3,2.3,0.3689059934043657,-1.0555602215262991,3.4287871306045083
2026-03-03,KXGDPYEAR-34,2026-08-05,2.3636376657707103,2.3,0.1,0.04455795922498969,-0.6997330658180774,3.1110572835108945
2026-03-03,KXGDPYEAR-35,2026-08-04,2.749826891591256,2.8,1.8,-0.03218786147859579,-1.1621044533643832,3.3473672445211338
2026-03-03,KXGDPYEAR-36,2026-08-04,2.695242416882835,2.3,0.1,0.24894730630532177,-1.127603469239581,3.5316813541751007
2026-03-04,KXGDPYEAR-26,2026-08-05,2.6543462706024017,2.3,2.3,0.37312973750915684,0.30488136013449196,1.6493222459213783
2026-03-04,KXGDPYEAR-27,2026-08-05,2.0076383085144998,1.8,1.8,0.37400640422233034,2.898797807861639,0.6732893756761689
2026-03-04,KXGDPYEAR-28,2026-08-04,2.4731462188993745,2.3,2.3,0.1400696034980221,-0.34308140549094945,2.8598708587524024
2026-03-04,KXGDPYEAR-29,2026-08-04,2.3444515498705965,2.3,2.8,0.03264685533572642,-0.4834652040264813,2.997886909329589
2026-03-04,KXGDPYEAR-30,2026-08-05,2.53,2.3,2.3,0.20390070921985817,-0.3831493711206555,2.1596999999999995
2026-03-04,KXGDPYEAR-31,2026-08-04,2.248014310493019,2.3,2.8,-0.037566168275753146,-0.7012489658312346,2.719168761277071
2026-03-04,KXGDPYEAR-32,2026-08-04,2.675002825369558,2.3,1.8,0.23810070525900007,-1.1546447091476657,3.45779719496512
2026-03-04,KXGDPYEAR-33,2026-08-05,2.8592210044753155,2.3,2.3,0.3689059934043657,-1.0555602215262991,3.4287871306045083
2026-03-04,KXGDPYEAR-34,2026-08-05,2.3636376657707103,2.3,0.1,0.04455795922498969,-0.6997330658180774,3.1110572835108945
2026-03-04,KXGDPYEAR-35,2026-08-04,2.749826891591256,2.8,1.8,-0.03218786147859579,-1.1621044533643832,3.3473672445211338
2026-03-04,KXGDPYEAR-36,2026-08-04,2.695242416882835,2.3,0.1,0.24894730630532177,-1.127603469239581,3.5316813541751007
2026-03-05,KXGDPYEAR-26,2026-08-05,2.6115585738442566,2.3,2.3,0.3256718006262447,0.27106551129147016,1.6972135983837717
2026-03-05,KXGDPYEAR-27,2026-08-05,2.0076383085144998,1.8,1.8,0.37400640422233034,2.898797807861639,0.6732893756761689
2026-03-05,KXGDPYEAR-28,2026-08-04,2.4731462188993745,2.3,2.3,0.1400696034980221,-0.34308140549094945,2.8598708587524024
2026-03-05,KXGDPYEAR-29,2026-08-04,2.3444515498705965,2.3,2.8,0.03264685533572642,-0.4834652040264813,2.997886909329589
2026-03-05,KXGDPYEAR-30,2026-08-05,2.53,2.3,2.3,0.20390070921985817,-0.3831493711206555,2.1596999999999995
2026-03-05,KXGDPYEAR-31,2026-08-04,2.248014310493019,2.3,2.8,-0.037566168275753146,-0.7012489658312346,2.719168761277071
2026-03-05,KXGDPYEAR-32,2026-08-04,2.675002825369558,2.3,1.8,0.23810070525900007,-1.1546447091476657,3.45779719496512
2026-03-05,KXGDPYEAR-33,2026-08-05,2.8592210044753155,2.3,2.3,0.3689059934043657,-1.0555602215262991,3.4287871306045083
2026-03-05,KXGDPYEAR-34,2026-08-05,2.3636376657707103,2.3,0.1,0.04455795922498969,-0.6997330658180774,3.1110572835108945
2026-03-05,KXGDPYEAR-35,2026-08-04,2.749826891591256,2.8,1.8,-0.03218786147859579,-1.1621044533643832,3.3473672445211338
2026-03-05,KXGDPYEAR-36,2026-08-04,2.695242416882835,2.3,0.1,0.24894730630532177,-1.127603469239581,3.5316813541751007
2026-03-06,KXGDPYEAR-26,2026-08-05,2.6203682834720508,2.3,2.3,0.33654761452300525,0.28725483254031214,1.6803514161878428
2026-03-06,KXGDPYEAR-27,2026-08-05,2.0076383085144998,1.8,1.8,0.37400640422233034,2.898797807861639,0.6732893756761689
2026-03-06,KXGDPYEAR-28,2026-08-04,2.4731462188993745,2.3,2.3,0.1400696034980221,-0.34308140549094945,2.8598708587524024
2026-03-06,KXGDPYEAR-29,2026-08-04,2.3444515498705965,2.3,2.8,0.03264685533572642,-0.4834652040264813,2.997886909329589
2026-03-06,KXGDPYEAR-30,2026-08-05,2.53,2.3,2.3,0.20390070921985817,-0.3831493711206555,2.1596999999999995
2026-03-06,KXGDPYEAR-31,2026-08-04,2.248014310493019,2.3,2.8,-0.037566168275753146,-0.7012489658312346,2.719168761277071
2026-03-06,KXGDPYEAR-32,2026-08-04,2.675002825369558,2.3,1.8,0.23810070525900007,-1.1546447091476657,3.45779719496512
2026-03-06,KXGDPYEAR-33,2026-08-05,2.8592210044753155,2.3,2.3,0.3689059934043657,-1.0555602215262991,3.4287871306045083
2026-03-06,KXGDPYEAR-34,2026-08-05,2.3636376657707103,2.3,0.1,0.04455795922498969,-0.6997330658180774,3.1110572835108945
2026-03-06,KXGDPYEAR-35,2026-08-04,2.749826891591256,2.8,1.8,-0.03218786147859579,-1.1621044533643832,3.3473672445211338
2026-03-06,KXGDPYEAR-36,2026-08-04,2.695242416882835,2.3,0.1,0.24894730630532177,-1.127603469239581,3.5316813541751007
2026-03-07,KXGDPYEAR-26,2026-08-05,2.5844461643572614,2.3,2.3,0.29017782278195425,0.17506842781739085,1.7633048847969306
2026-03-07,KXGDPYEAR-27,2026-08-05,2.0076383085144998,1.8,1.8,0.37400640422233034,2.898797807861639,0.6732893756761689
2026-03-07,KXGDPYEAR-28,2026-08-04,2.4731462188993745,2.3,2.3,0.1400696034980221,-0.34308140549094945,2.8598708587524024
2026-03-07,KXGDPYEAR-29,2026-08-04,2.3444515498705965,2.3,2.8,0.03264685533572642,-0.4834652040264813,2.997886909329589
2026-03-07,KXGDPYEAR-30,2026-08-05,2.53,2.3,2.3,0.20390070921985817,-0.3831493711206555,2.1596999999999995
2026-03-07,KXGDPYEAR-31,2026-08-04,2.248014310493019,2.3,2.8,-0.037566168275753146,-0.7012489658312346,2.719168761277071
2026-03-07,KXGDPYEAR-32,2026-08-04,2.675002825369558,2.3,1.8,0.23810070525900007,-1.1546447091476657,3.45779719496512
2026-03-07,KXGDPYEAR-33,2026-08-05,2.8592210044753155,2.3,2.3,0.3689059934043657,-1.0555602215262991,3.4287871306045083
2026-03-07,KXGDPYEAR-34,2026-08-05,2.3636376657707103,2.3,0.1,0.04455795922498969,-0.6997330658180774,3.1110572835108945
2026-03-07,KXGDPYEAR-35,2026-08-04,2.749826891591256,2.8,1.8,-0.03218786147859579,-1.1621044533643832,3.3473672445211338
2026-03-07,KXGDPYEAR-36,2026-08-04,2.695242416882835,2.3,0.1,0.24894730630532177,-1.127603469239581,3.5316813541751007
2026-03-08,KXGDPYEAR-26,2026-08-05,2.523941939573866,2.3,2.3,0.23298086283159253,0.24658290249233072,1.7095271765026163
2026-03-08,KXGDPYEAR-27,2026-08-05,2.0076383085144998,1.8,1.8,0.37400640422233034,2.898797807861639,0.6732893756761689
2026-03-08,KXGDPYEAR-28,2026-08-04,2.4731462188993745,2.3,2.3,0.1400696034980221,-0.34308140549094945,2.8598708587524024
2026-03-08,KXGDPYEAR-29,2026-08-04,2.3444515498705965,2.3,2.8,0.03264685533572642,-0.4834652040264813,2.997886909329589
2026-03-08,KXGDPYEAR-30,2026-08-05,2.53,2.3,2.3,0.20390070921985817,-0.3831493711206555,2.1596999999999995
2026-03-08,KXGDPYEAR-31,2026-08-04,2.248014310493019,2.3,2.8,-0.037566168275753146,-0.7012489658312346,2.719168761277071
2026-03-08,KXGDPYEAR-32,2026-08-04,2.675002825369558,2.3,1.8,0.23810070525900007,-1.1546447091476657,3.45779719496512
2026-03-08,KXGDPYEAR-33,2026-08-05,2.8592210044753155,2.3,2.3,0.3689059934043657,-1.0555602215262991,3.4287871306045083
2026-03-08,KXGDPYEAR-34,2026-08-05,2.3636376657707103,2.3,0.1,0.04455795922498969,-0.6997330658180774,3.1110572835108945
2026-03-08,KXGDPYEAR-35,2026-08-04,2.749826891591256,2.8,1.8,-0.03218786147859579,-1.1621044533643832,3.3473672445211338
2026-03-08,KXGDPYEAR-36,2026-08-04,2.695242416882835,2.3,0.1,0.24894730630532177,-1.127603469239581,3.5316813541751007
2026-03-09,KXGDPYEAR-26,2026-08-05,2.450376584312745,2.3,2.3,0.15495792161213737,0.17331149515208777,1.71554163721942
2026-03-09,KXGDPYEAR-27,2026-08-05,2.0076383085144998,1.8,1.8,0.37400640422233034,2.898797807861639,0.6732893756761689
2026-03-09,KXGDPYEAR-28,2026-08-04,2.4731462188993745,2.3,2.3,0.1400696034980221,-0.34308140549094945,2.8598708587524024
2026-03-09,KXGDPYEAR-29,2026-08-04,2.3444515498705965,2.3,2.8,0.03264685533572642,-0.4834652040264813,2.997886909329589
2026-03-09,KXGDPYEAR-30,2026-08-05,2.53,2.3,2.3,0.20390070921985817,-0.3831493711206555,2.1596999999999995
2026-03-09,KXGDPYEAR-31,2026-08-04,2.248014310493019,2.3,2.8,-0.037566168275753146,-0.7012489658312346,2.719168761277071
2026-03-09,KXGDPYEAR-32,2026-08-04,2.675002825369558,2.3,1.8,0.23810070525900007,-1.1546447091476657,3.45779719496512
2026-03-09,KXGDPYEAR-33,2026-08-05,2.8592210044753155,2.3,2.3,0.3689059934043657,-1.0555602215262991,3.4287871306045083
2026-03-09,KXGDPYEAR-34,2026-08-05,2.3636376657707103,2.3,0.1,0.04455795922498969,-0.6997330658180774,3.1110572835108945
2026-03-09,KXGDPYEAR-35,2026-08-04,2.749826891591256,2.8,1.8,-0.03218786147859579,-1.1621044533643832,3.3473672445211338
2026-03-09,KXGDPYEAR-36,2026-08-04,2.695242416882835,2.3,0.1,0.24894730630532177,-1.127603469239581,3.5316813541751007
2026-03-10,KXGDPYEAR-26,2026-08-05,2.4233409593641535,2.3,2.3,0.13315952953943186,0.39053520222974214,1.6288030534107982
2026-03-10,KXGDPYEAR-27,2026-08-05,2.0076383085144998,1.8,1.8,0.37400640422233034,2.898797807861639,0.6732893756761689
2026-03-10,KXGDPYEAR-28,2026-08-04,2.4731462188993745,2.3,2.3,0.1400696034980221,-0.34308140549094945,2.8598708587524024
2026-03-10,KXGDPYEAR-29,2026-08-04,2.3444515498705965,2.3,2.8,0.03264685533572642,-0.4834652040264813,2.997886909329589
2026-03-10,KXGDPYEAR-30,2026-08-05,2.53,2.3,2.3,0.20390070921985817,-0.3831493711206555,2.1596999999999995
2026-03-10,KXGDPYEAR-31,2026-08-04,2.248014310493019,2.3,2.8,-0.037566168275753146,-0.7012489658312346,2.719168761277071
2026-03-10,KXGDPYEAR-32,2026-08-04,2.675002825369558,2.3,1.8,0.23810070525900007,-1.1546447091476657,3.45779719496512
2026-03-10,KXGDPYEAR-33,2026-08-05,2.8592210044753155,2.3,2.3,0.3689059934043657,-1.0555602215262991,3.4287871306045083
2026-03-10,KXGDPYEAR-34,2026-08-05,2.3636376657707103,2.3,0.1,0.04455795922498969,-0.6997330658180774,3.1110572835108945
2026-03-10,KXGDPYEAR-35,2026-08-04,2.749826891591256,2.8,1.8,-0.03218786147859579,-1.1621044533643832,3.3473672445211338
2026-03-10,KXGDPYEAR-36,2026-08-04,2.695242416882835,2.3,0.1,0.24894730630532177,-1.127603469239581,3.5316813541751007
2026-03-11,KXGDPYEAR-26,2026-08-05,2.34701676315024,2.3,2.3,0.053303627631094336,0.7967613426560369,1.5289482816207352
2026-03-11,KXGDPYEAR-27,2026-08-05,2.0076383085144998,1.8,1.8,0.37400640422233034,2.898797807861639,0.6732893756761689
2026-03-11,KXGDPYEAR-28,2026-08-04,2.4731462188993745,2.3,2.3,0.1400696034980221,-0.34308140549094945,2.8598708587524024
2026-03-11,KXGDPYEAR-29,2026-08-04,2.3444515498705965,2.3,2.8,0.03264685533572642,-0.4834652040264813,2.997886909329589
2026-03-11,KXGDPYEAR-30,2026-08-05,2.53,2.3,2.3,0.20390070921985817,-0.3831493711206555,2.1596999999999995
2026-03-11,KXGDPYEAR-31,2026-08-04,2.248014310493019,2.3,2.8,-0.037566168275753146,-0.7012489658312346,2.719168761277071
2026-03-11,KXGDPYEAR-32,2026-08-04,2.675002825369558,2.3,1.8,0.23810070525900007,-1.1546447091476657,3.45779719496512
2026-03-11,KXGDPYEAR-33,2026-08-05,2.8592210044753155,2.3,2.3,0.3689059934043657,-1.0555602215262991,3.4287871306045083
2026-03-11,KXGDPYEAR-34,2026-08-05,2.3636376657707103,2.3,0.1,0.04455795922498969,-0.6997330658180774,3.1110572835108945
2026-03-11,KXGDPYEAR-35,2026-08-04,2.749826891591256,2.8,1.8,-0.03218786147859579,-1.1621044533643832,3.3473672445211338
2026-03-11,KXGDPYEAR-36,2026-08-04,2.695242416882835,2.3,0.1,0.24894730630532177,-1.127603469239581,3.5316813541751007
2026-03-12,KXGDPYEAR-26,2026-08-05,2.437042084351396,2.3,2.3,0.1584989305183116,0.8102588648834415,1.4883194579764745
2026-03-12,KXGDPYEAR-27,2026-08-05,2.0076383085144998,1.8,1.8,0.37400640422233034,2.898797807861639,0.6732893756761689
2026-03-12,KXGDPYEAR-28,2026-08-04,2.4731462188993745,2.3,2.3,0.1400696034980221,-0.34308140549094945,2.8598708587524024
2026-03-12,KXGDPYEAR-29,2026-08-04,2.3444515498705965,2.3,2.8,0.03264685533572642,-0.4834652040264813,2.997886909329589
2026-03-12,KXGDPYEAR-30,2026-08-05,2.53,2.3,2.3,0.20390070921985817,-0.3831493711206555,2.1596999999999995
2026-03-12,KXGDPYEAR-31,2026-08-04,2.248014310493019,2.3,2.8,-0.037566168275753146,-0.7012489658312346,2.719168761277071
2026-03-12,KXGDPYEAR-32,2026-08-04,2.675002825369558,2.3,1.8,0.23810070525900007,-1.1546447091476657,3.45779719496512
2026-03-12,KXGDPYEAR-33,2026-08-05,2.8592210044753155,2.3,2.3,0.3689059934043657,-1.0555602215262991,3.4287871306045083
2026-03-12,KXGDPYEAR-34,2026-08-05,2.3636376657707103,2.3,0.1,0.04455795922498969,-0.6997330658180774,3.1110572835108945
2026-03-12,KXGDPYEAR-35,2026-08-04,2.749826891591256,2.8,1.8,-0.03218786147859579,-1.1621044533643832,3.3473672445211338
2026-03-12,KXGDPYEAR-36,2026-08-04,2.695242416882835,2.3,0.1,0.24894730630532177,-1.127603469239581,3.5316813541751007
2026-03-13,KXGDPYEAR-26,2026-08-05,2.3208005397986335,2.3,2.3,0.023988130696527058,0.7413478411278023,1.5272395139763935
2026-03-13,KXGDPYEAR-27,2026-08-05,2.0076383085144998,1.8,1.8,0.37400640422233034,2.898797807861639,0.6732893756761689
2026-03-13,KXGDPYEAR-28,2026-08-04,2.4731462188993745,2.3,2.3,0.1400696034980221,-0.34308140549094945,2.8598708587524024
2026-03-13,KXGDPYEAR-29,2026-08-04,2.3444515498705965,2.3,2.8,0.03264685533572642,-0.4834652040264813,2.997886909329589
2026-03-13,KXGDPYEAR-30,2026-08-05,2.53,2.3,2.3,0.20390070921985817,-0.3831493711206555,2.1596999999999995
2026-03-13,KXGDPYEAR-31,2026-08-04,2.248014310493019,2.3,2.8,-0.037566168275753146,-0.7012489658312346,2.719168761277071
2026-03-13,KXGDPYEAR-32,2026-08-04,2.675002825369558,2.3,1.8,0.23810070525900007,-1.1546447091476657,3.45779719496512
2026-03-13,KXGDPYEAR-33,2026-08-05,2.8592210044753155,2.3,2.3,0.3689059934043657,-1.0555602215262991,3.4287871306045083
2026-03-13,KXGDPYEAR-34,2026-08-05,2.3636376657707103,2.3,0.1,0.04455795922498969,-0.6997330658180774,3.1110572835108945
2026-03-13,KXGDPYEAR-35,2026-08-04,2.749826891591256,2.8,1.8,-0.03218786147859579,-1.1621044533643832,3.3473672445211338
2026-03-13,KXGDPYEAR-36,2026-08-04,2.695242416882835,2.3,0.1,0.24894730630532177,-1.127603469239581,3.5316813541751007
2026-03-14,KXGDPYEAR-26,2026-08-05,2.3221202444540245,2.3,2.3,0.023988130696527003,0.5162919046199375,1.6241070906208657
2026-03-14,KXGDPYEAR-27,2026-08-05,2.0076383085144998,1.8,1.8,0.37400640422233034,2.898797807861639,0.6732893756761689
2026-03-14,KXGDPYEAR-28,2026-08-04,2.4731462188993745,2.3,2.3,0.1400696034980221,-0.34308140549094945,2.8598708587524024
2026-03-14,KXGDPYEAR-29,2026-08-04,2.3444515498705965,2.3,2.8,0.03264685533572642,-0.4834652040264813,2.997886909329589
2026-03-14,KXGDPYEAR-30,2026-08-05,2.53,2.3,2.3,0.20390070921985817,-0.3831493711206555,2.1596999999999995
2026-03-14,KXGDPYEAR-31,2026-08-04,2.248014310493019,2.3,2.8,-0.037566168275753146,-0.7012489658312346,2.719168761277071
2026-03-14,KXGDPYEAR-32,2026-08-04,2.675002825369558,2.3,1.8,0.23810070525900007,-1.1546447091476657,3.45779719496512
2026-03-14,KXGDPYEAR-33,2026-08-05,2.8592210044753155,2.3,2.3,0.3689059934043657,-1.0555602215262991,3.4287871306045083
2026-03-14,KXGDPYEAR-34,2026-08-05,2.3636376657707103,2.3,0.1,0.04455795922498969,-0.6997330658180774,3.1110572835108945
2026-03-14,KXGDPYEAR-35,2026-08-04,2.749826891591256,2.8,1.8,-0.03218786147859579,-1.1621044533643832,3.3473672445211338
2026-03-14,KXGDPYEAR-36,2026-08-04,2.695242416882835,2.3,0.1,0.24894730630532177,-1.127603469239581,3.5316813541751007
2026-03-15,KXGDPYEAR-26,2026-08-05,2.4771064069760405,2.3,2.3,0.2107971645016615,0.9449031888426558,1.4234801406819355
2026-03-15,KXGDPYEAR-27,2026-08-05,2.0076383085144998,1.8,1.8,0.37400640422233034,2.898797807861639,0.6732893756761689
2026-03-15,KXGDPYEAR-28,2026-08-04,2.4731462188993745,2.3,2.3,0.1400696034980221,-0.34308140549094945,2.8598708587524024
2026-03-15,KXGDPYEAR-29,2026-08-04,2.3444515498705965,2.3,2.8,0.03264685533572642,-0.4834652040264813,2.997886909329589
2026-03-15,KXGDPYEAR-30,2026-08-05,2.53,2.3,2.3,0.20390070921985817,-0.3831493711206555,2.1596999999999995
2026-03-15,KXGDPYEAR-31,2026-08-04,2.248014310493019,2.3,2.8,-0.037566168275753146,-0.7012489658312346,2.719168761277071
2026-03-15,KXGDPYEAR-32,2026-08-04,2.675002825369558,2.3,1.8,0.23810070525900007,-1.1546447091476657,3.45779719496512
2026-03-15,KXGDPYEAR-33,2026-08-05,2.8592210044753155,2.3,2.3,0.3689059934043657,-1.0555602215262991,3.4287871306045083
2026-03-15,KXGDPYEAR-34,2026-08-05,2.3636376657707103,2.3,0.1,0.04455795922498969,-0.6997330658180774,3.1110572835108945
2026-03-15,KXGDPYEAR-35,2026-08-04,2.749826891591256,2.8,1.8,-0.03218786147859579,-1.1621044533643832,3.3473672445211338
2026-03-15,KXGDPYEAR-36,2026-08-04,2.695242416882835,2.3,0.1,0.24894730630532177,-1.127603469239581,3.5316813541751007
2026-03-16,KXGDPYEAR-26,2026-08-05,2.5029724283623427,2.3,2.3,0.23422843986741576,0.758813974632337,1.4996833455447258
2026-03-16,KXGDPYEAR-27,2026-08-05,2.0076383085144998,1.8,1.8,0.37400640422233034,2.898797807861639,0.6732893756761689
2026-03-16,KXGDPYEAR-28,2026-08-04,2.4731462188993745,2.3,2.3,0.1400696034980221,-0.34308140549094945,2.8598708587524024
2026-03-16,KXGDPYEAR-29,2026-08-04,2.3444515498705965,2.3,2.8,0.03264685533572642,-0.4834652040264813,2.997886909329589
2026-03-16,KXGDPYEAR-30,2026-08-05,2.53,2.3,2.3,0.20390070921985817,-0.3831493711206555,2.1596999999999995
2026-03-16,KXGDPYEAR-31,2026-08-04,2.248014310493019,2.3,2.8,-0.037566168275753146,-0.7012489658312346,2.719168761277071
2026-03-16,KXGDPYEAR-32,2026-08-04,2.675002825369558,2.3,1.8,0.23810070525900007,-1.1546447091476657,3.45779719496512
2026-03-16,KXGDPYEAR-33,2026-08-05,2.8592210044753155,2.3,2.3,0.3689059934043657,-1.0555602215262991,3.4287871306045083
2026-03-16,KXGDPYEAR-34,2026-08-05,2.3636376657707103,2.3,0.1,0.04455795922498969,-0.6997330658180774,3.1110572835108945
2026-03-16,KXGDPYEAR-35,2026-08-04,2.749826891591256,2.8,1.8,-0.03218786147859579,-1.1621044533643832,3.3473672445211338
2026-03-16,KXGDPYEAR-36,2026-08-04,2.695242416882835,2.3,0.1,0.24894730630532177,-1.127603469239581,3.5316813541751007
2026-03-17,KXGDPYEAR-26,2026-08-05,2.5010413899586,2.3,2.3,0.23422843986741548,0.7962187028198344,1.4858038818393897
2026-03-17,KXGDPYEAR-27,2026-08-05,2.0076383085144998,1.8,1.8,0.37400640422233034,2.898797807861639,0.6732893756761689
2026-03-17,KXGDPYEAR-28,2026-08-04,2.4731462188993745,2.3,2.3,0.1400696034980221,-0.34308140549094945,2.8598708587524024
2026-03-17,KXGDPYEAR-29,2026-08-04,2.3444515498705965,2.3,2.8,0.03264685533572642,-0.4834652040264813,2.997886909329589
2026-03-17,KXGDPYEAR-30,2026-08-05,2.53,2.3,2.3,0.20390070921985817,-0.3831493711206555,2.1596999999999995
2026-03-17,KXGDPYEAR-31,2026-08-04,2.248014310493019,2.3,2.8,-0.037566168275753146,-0.7012489658312346,2.719168761277071
2026-03-17,KXGDPYEAR-32,2026-08-04,2.675002825369558,2.3,1.8,0.23810070525900007,-1.1546447091476657,3.45779719496512
2026-03-17,KXGDPYEAR-33,2026-08-05,2.8592210044753155,2.3,2.3,0.3689059934043657,-1.0555602215262991,3.4287871306045083
2026-03-17,KXGDPYEAR-34,2026-08-05,2.3636376657707103,2.3,0.1,0.04455795922498969,-0.6997330658180774,3.1110572835108945
2026-03-17,KXGDPYEAR-35,2026-08-04,2.749826891591256,2.8,1.8,-0.03218786147859579,-1.1621044533643832,3.3473672445211338
2026-03-17,KXGDPYEAR-36,2026-08-04,2.695242416882835,2.3,0.1,0.24894730630532177,-1.127603469239581,3.5316813541751007
2026-03-18,KXGDPYEAR-26,2026-08-05,2.4520085347773675,2.3,2.3,0.1737937494796145,0.7234361737460411,1.5320697039997153
2026-03-18,KXGDPYEAR-27,2026-08-05,2.0076383085144998,1.8,1.8,0.37400640422233034,2.898797807861639,0.6732893756761689
2026-03-18,KXGDPYEAR-28,2026-08-04,2.4731462188993745,2.3,2.3,0.1400696034980221,-0.34308140549094945,2.8598708587524024
2026-03-18,KXGDPYEAR-29,2026-08-04,2.3444515498705965,2.3,2.8,0.03264685533572642,-0.4834652040264813,2.997886909329589
2026-03-18,KXGDPYEAR-30,2026-08-05,2.53,2.3,2.3,0.20390070921985817,-0.3831493711206555,2.1596999999999995
2026-03-18,KXGDPYEAR-31,2026-08-04,2.248014310493019,2.3,2.8,-0.037566168275753146,-0.7012489658312346,2.719168761277071
2026-03-18,KXGDPYEAR-32,2026-08-04,2.675002825369558,2.3,1.8,0.23810070525900007,-1.1546447091476657,3.45779719496512
2026-03-18,KXGDPYEAR-33,2026-08-05,2.8592210044753155,2.3,2.3,0.3689059934043657,-1.0555602215262991,3.4287871306045083
2026-03-18,KXGDPYEAR-34,2026-08-05,2.3636376657707103,2.3,0.1,0.04455795922498969,-0.6997330658180774,3.1110572835108945
2026-03-18,KXGDPYEAR-35,2026-08-04,2.749826891591256,2.8,1.8,-0.03218786147859579,-1.1621044533643832,3.3473672445211338
2026-03-18,KXGDPYEAR-36,2026-08-04,2.695242416882835,2.3,0.1,0.24894730630532177,-1.127603469239581,3.5316813541751007
2026-03-19,KXGDPYEAR-26,2026-08-05,2.4046904838333405,2.3,2.3,0.12295970678620785,0.9637899374474479,1.4746208834404098
2026-03-19,KXGDPYEAR-27,2026-08-05,2.0076383085144998,1.8,1.8,0.37400640422233034,2.898797807861639,0.6732893756761689
2026-03-19,KXGDPYEAR-28,2026-08-04,2.4731462188993745,2.3,2.3,0.1400696034980221,-0.34308140549094945,2.8598708587524024
2026-03-19,KXGDPYEAR-29,2026-08-04,2.3444515498705965,2.3,2.8,0.03264685533572642,-0.4834652040264813,2.997886909329589
2026-03-19,KXGDPYEAR-30,2026-08-05,2.53,2.3,2.3,0.20390070921985817,-0.3831493711206555,2.1596999999999995
2026-03-19,KXGDPYEAR-31,2026-08-04,2.248014310493019,2.3,2.8,-0.037566168275753146,-0.7012489658312346,2.719168761277071
2026-03-19,KXGDPYEAR-32,2026-08-04,2.675002825369558,2.3,1.8,0.23810070525900007,-1.1546447091476657,3.45779719496512
2026-03-19,KXGDPYEAR-33,2026-08-05,2.8592210044753155,2.3,2.3,0.3689059934043657,-1.0555602215262991,3.4287871306045083
2026-03-19,KXGDPYEAR-34,2026-08-05,2.3636376657707103,2.3,0.1,0.04455795922498969,-0.6997330658180774,3.1110572835108945
2026-03-19,KXGDPYEAR-35,2026-08-04,2.749826891591256,2.8,1.8,-0.03218786147859579,-1.1621044533643832,3.3473672445211338
2026-03-19,KXGDPYEAR-36,2026-08-04,2.695242416882835,2.3,0.1,0.24894730630532177,-1.127603469239581,3.5316813541751007
2026-03-20,KXGDPYEAR-26,2026-08-05,2.3960837460235984,2.3,2.3,0.11177884776120423,0.9110740049637895,1.5048642665550838
2026-03-20,KXGDPYEAR-27,2026-08-05,2.0076383085144998,1.8,1.8,0.37400640422233034,2.898797807861639,0.6732893756761689
2026-03-20,KXGDPYEAR-28,2026-08-04,2.4731462188993745,2.3,2.3,0.1400696034980221,-0.34308140549094945,2.8598708587524024
2026-03-20,KXGDPYEAR-29,2026-08-04,2.3444515498705965,2.3,2.8,0.03264685533572642,-0.4834652040264813,2.997886909329589
2026-03-20,KXGDPYEAR-30,2026-08-05,2.53,2.3,2.3,0.20390070921985817,-0.3831493711206555,2.1596999999999995
2026-03-20,KXGDPYEAR-31,2026-08-04,2.248014310493019,2.3,2.8,-0.037566168275753146,-0.7012489658312346,2.719168761277071
2026-03-20,KXGDPYEAR-32,2026-08-04,2.675002825369558,2.3,1.8,0.23810070525900007,-1.1546447091476657,3.45779719496512
2026-03-20,KXGDPYEAR-33,2026-08-05,2.8592210044753155,2.3,2.3,0.3689059934043657,-1.0555602215262991,3.4287871306045083
2026-03-20,KXGDPYEAR-34,2026-08-05,2.3636376657707103,2.3,0.1,0.04455795922498969,-0.6997330658180774,3.1110572835108945
2026-03-20,KXGDPYEAR-35,2026-08-04,2.749826891591256,2.8,1.8,-0.03218786147859579,-1.1621044533643832,3.3473672445211338
2026-03-20,KXGDPYEAR-36,2026-08-04,2.695242416882835,2.3,0.1,0.24894730630532177,-1.127603469239581,3.5316813541751007
2026-03-21,KXGDPYEAR-26,2026-08-05,2.345354710588224,2.3,2.3,0.05099656588847385,0.7690349559348446,1.5719912766970154
2026-03-21,KXGDPYEAR-27,2026-08-05,2.0076383085144998,1.8,1.8,0.37400640422233034,2.898797807861639,0.6732893756761689
2026-03-21,KXGDPYEAR-28,2026-08-04,2.4731462188993745,2.3,2.3,0.1400696034980221,-0.34308140549094945,2.8598708587524024
2026-03-21,KXGDPYEAR-29,2026-08-04,2.3444515498705965,2.3,2.8,0.03264685533572642,-0.4834652040264813,2.997886909329589
2026-03-21,KXGDPYEAR-30,2026-08-05,2.53,2.3,2.3,0.20390070921985817,-0.3831493711206555,2.1596999999999995
2026-03-21,KXGDPYEAR-31,2026-08-04,2.248014310493019,2.3,2.8,-0.037566168275753146,-0.7012489658312346,2.719168761277071
2026-03-21,KXGDPYEAR-32,2026-08-04,2.675002825369558,2.3,1.8,0.23810070525900007,-1.1546447091476657,3.45779719496512
2026-03-21,KXGDPYEAR-33,2026-08-05,2.8592210044753155,2.3,2.3,0.3689059934043657,-1.0555602215262991,3.4287871306045083
2026-03-21,KXGDPYEAR-34,2026-08-05,2.3636376657707103,2.3,0.1,0.04455795922498969,-0.6997330658180774,3.1110572835108945
2026-03-21,KXGDPYEAR-35,2026-08-04,2.749826891591256,2.8,1.8,-0.03218786147859579,-1.1621044533643832,3.3473672445211338
2026-03-21,KXGDPYEAR-36,2026-08-04,2.695242416882835,2.3,0.1,0.24894730630532177,-1.127603469239581,3.5316813541751007
2026-03-22,KXGDPYEAR-26,2026-08-05,2.3542087538683494,2.3,2.3,0.06011213709371814,0.6910408077989465,1.6030338288272103
2026-03-22,KXGDPYEAR-27,2026-08-05,2.0076383085144998,1.8,1.8,0.37400640422233034,2.898797807861639,0.6732893756761689
2026-03-22,KXGDPYEAR-28,2026-08-04,2.4731462188993745,2.3,2.3,0.1400696034980221,-0.34308140549094945,2.8598708587524024
2026-03-22,KXGDPYEAR-29,2026-08-04,2.3444515498705965,2.3,2.8,0.03264685533572642,-0.4834652040264813,2.997886909329589
2026-03-22,KXGDPYEAR-30,2026-08-05,2.53,2.3,2.3,0.20390070921985817,-0.3831493711206555,2.1596999999999995
2026-03-22,KXGDPYEAR-31,2026-08-04,2.248014310493019,2.3,2.8,-0.037566168275753146,-0.7012489658312346,2.719168761277071
2026-03-22,KXGDPYEAR-32,2026-08-04,2.675002825369558,2.3,1.8,0.23810070525900007,-1.1546447091476657,3.45779719496512
2026-03-22,KXGDPYEAR-33,2026-08-05,2.8592210044753155,2.3,2.3,0.3689059934043657,-1.0555602215262991,3.4287871306045083
2026-03-22,KXGDPYEAR-34,2026-08-05,2.3636376657707103,2.3,0.1,0.04455795922498969,-0.6997330658180774,3.1110572835108945
2026-03-22,KXGDPYEAR-35,2026-08-04,2.749826891591256,2.8,1.8,-0.03218786147859579,-1.1621044533643832,3.3473672445211338
2026-03-22,KXGDPYEAR-36,2026-08-04,2.695242416882835,2.3,0.1,0.24894730630532177,-1.127603469239581,3.5316813541751007
2026-03-23,KXGDPYEAR-26,2026-08-05,2.2644557115617956,2.3,2.3,-0.03821991431716075,0.6330429731372824,1.6479746864160691
2026-03-23,KXGDPYEAR-27,2026-08-05,2.0076383085144998,1.8,1.8,0.37400640422233034,2.898797807861639,0.6732893756761689
2026-03-23,KXGDPYEAR-28,2026-08-04,2.4731462188993745,2.3,2.3,0.1400696034980221,-0.34308140549094945,2.8598708587524024
2026-03-23,KXGDPYEAR-29,2026-08-04,2.3444515498705965,2.3,2.8,0.03264685533572642,-0.4834652040264813,2.997886909329589
2026-03-23,KXGDPYEAR-30,2026-08-05,2.53,2.3,2.3,0.20390070921985817,-0.3831493711206555,2.1596999999999995
2026-03-23,KXGDPYEAR-31,2026-08-04,2.248014310493019,2.3,2.8,-0.037566168275753146,-0.7012489658312346,2.719168761277071
2026-03-23,KXGDPYEAR-32,2026-08-04,2.675002825369558,2.3,1.8,0.23810070525900007,-1.1546447091476657,3.45779719496512
2026-03-23,KXGDPYEAR-33,2026-08-05,2.8592210044753155,2.3,2.3,0.3689059934043657,-1.0555602215262991,3.4287871306045083
2026-03-23,KXGDPYEAR-34,2026-08-05,2.3636376657707103,2.3,0.1,0.04455795922498969,-0.6997330658180774,3.1110572835108945
2026-03-23,KXGDPYEAR-35,2026-08-04,2.749826891591256,2.8,1.8,-0.03218786147859579,-1.1621044533643832,3.3473672445211338
2026-03-23,KXGDPYEAR-36,2026-08-04,2.695242416882835,2.3,0.1,0.24894730630532177,-1.127603469239581,3.5316813541751007
2026-03-24,KXGDPYEAR-26,2026-08-05,2.2691353607152625,2.3,2.3,-0.03304324485524701,0.5995430832860862,1.661693814000727
2026-03-24,KXGDPYEAR-27,2026-08-05,2.0076383085144998,1.8,1.8,0.37400640422233034,2.898797807861639,0.6732893756761689
2026-03-24,KXGDPYEAR-28,2026-08-04,2.4731462188993745,2.3,2.3,0.1400696034980221,-0.34308140549094945,2.8598708587524024
2026-03-24,KXGDPYEAR-29,2026-08-04,2.3444515498705965,2.3,2.8,0.03264685533572642,-0.4834652040264813,2.997886909329589
2026-03-24,KXGDPYEAR-30,2026-08-05,2.53,2.3,2.3,0.20390070921985817,-0.3831493711206555,2.1596999999999995
2026-03-24,KXGDPYEAR-31,2026-08-04,2.248014310493019,2.3,2.8,-0.037566168275753146,-0.7012489658312346,2.719168761277071
2026-03-24,KXGDPYEAR-32,2026-08-04,2.675002825369558,2.3,1.8,0.23810070525900007,-1.1546447091476657,3.45779719496512
2026-03-24,KXGDPYEAR-33,2026-08-05,2.8592210044753155,2.3,2.3,0.3689059934043657,-1.0555602215262991,3.4287871306045083
2026-03-24,KXGDPYEAR-34,2026-08-05,2.3636376657707103,2.3,0.1,0.04455795922498969,-0.6997330658180774,3.1110572835108945
2026-03-24,KXGDPYEAR-35,2026-08-04,2.749826891591256,2.8,1.8,-0.03218786147859579,-1.1621044533643832,3.3473672445211338
2026-03-24,KXGDPYEAR-36,2026-08-04,2.695242416882835,2.3,0.1,0.24894730630532177,-1.127603469239581,3.5316813541751007
2026-03-25,KXGDPYEAR-26,2026-08-05,2.269140573240074,2.3,2.3,-0.03304324485524697,0.6001410722904614,1.6614133423772843
2026-03-25,KXGDPYEAR-27,2026-08-05,2.0076383085144998,1.8,1.8,0.37400640422233034,2.898797807861639,0.6732893756761689
2026-03-25,KXGDPYEAR-28,2026-08-04,2.4731462188993745,2.3,2.3,0.1400696034980221,-0.34308140549094945,2.8598708587524024
2026-03-25,KXGDPYEAR-29,2026-08-04,2.3444515498705965,2.3,2.8,0.03264685533572642,-0.4834652040264813,2.997886909329589
2026-03-25,KXGDPYEAR-30,2026-08-05,2.53,2.3,2.3,0.20390070921985817,-0.3831493711206555,2.1596999999999995
2026-03-25,KXGDPYEAR-31,2026-08-04,2.248014310493019,2.3,2.8,-0.037566168275753146,-0.7012489658312346,2.719168761277071
2026-03-25,KXGDPYEAR-32,2026-08-04,2.675002825369558,2.3,1.8,0.23810070525900007,-1.1546447091476657,3.45779719496512
2026-03-25,KXGDPYEAR-33,2026-08-05,2.8592210044753155,2.3,2.3,0.3689059934043657,-1.0555602215262991,3.4287871306045083
2026-03-25,KXGDPYEAR-34,2026-08-05,2.3636376657707103,2.3,0.1,0.04455795922498969,-0.6997330658180774,3.1110572835108945
2026-03-25,KXGDPYEAR-35,2026-08-04,2.749826891591256,2.8,1.8,-0.03218786147859579,-1.1621044533643832,3.3473672445211338
2026-03-25,KXGDPYEAR-36,2026-08-04,2.695242416882835,2.3,0.1,0.24894730630532177,-1.127603469239581,3.5316813541751007
2026-03-26,KXGDPYEAR-26,2026-08-05,2.282993521484739,2.3,2.3,-0.01809525394693441,0.533013478910132,1.6683390323138432
2026-03-26,KXGDPYEAR-27,2026-08-05,2.0076383085144998,1.8,1.8,0.37400640422233034,2.898797807861639,0.6732893756761689
2026-03-26,KXGDPYEAR-28,2026-08-04,2.4731462188993745,2.3,2.3,0.1400696034980221,-0.34308140549094945,2.8598708587524024
2026-03-26,KXGDPYEAR-29,2026-08-04,2.3444515498705965,2.3,2.8,0.03264685533572642,-0.4834652040264813,2.997886909329589
2026-03-26,KXGDPYEAR-30,2026-08-05,2.53,2.3,2.3,0.20390070921985817,-0.3831493711206555,2.1596999999999995
2026-03-26,KXGDPYEAR-31,2026-08-04,2.248014310493019,2.3,2.8,-0.037566168275753146,-0.7012489658312346,2.719168761277071
2026-03-26,KXGDPYEAR-32,2026-08-04,2.675002825369558,2.3,1.8,0.23810070525900007,-1.1546447091476657,3.45779719496512
2026-03-26,KXGDPYEAR-33,2026-08-05,2.8592210044753155,2.3,2.3,0.3689059934043657,-1.0555602215262991,3.4287871306045083
2026-03-26,KXGDPYEAR-34,2026-08-05,2.3636376657707103,2.3,0.1,0.04455795922498969,-0.6997330658180774,3.1110572835108945
2026-03-26,KXGDPYEAR-35,2026-08-04,2.749826891591256,2.8,1.8,-0.03218786147859579,-1.1621044533643832,3.3473672445211338
2026-03-26,KXGDPYEAR-36,2026-08-04,2.695242416882835,2.3,0.1,0.24894730630532177,-1.127603469239581,3.5316813541751007
2026-03-27,KXGDPYEAR-26,2026-08-05,2.278924872694044,2.3,2.3,-0.022536688907954263,0.5656244885281851,1.6544737725336631
2026-03-27,KXGDPYEAR-27,2026-08-05,2.0076383085144998,1.8,1.8,0.37400640422233034,2.898797807861639,0.6732893756761689
2026-03-27,KXGDPYEAR-28,2026-08-04,2.4731462188993745,2.3,2.3,0.1400696034980221,-0.34308140549094945,2.8598708587524024
2026-03-27,KXGDPYEAR-29,2026-08-04,2.3444515498705965,2.3,2.8,0.03264685533572642,-0.4834652040264813,2.997886909329589
2026-03-27,KXGDPYEAR-30,2026-08-05,2.53,2.3,2.3,0.20390070921985817,-0.3831493711206555,2.1596999999999995
2026-03-27,KXGDPYEAR-31,2026-08-04,2.248014310493019,2.3,2.8,-0.037566168275753146,-0.7012489658312346,2.719168761277071
2026-03-27,KXGDPYEAR-32,2026-08-04,2.675002825369558,2.3,1.8,0.23810070525900007,-1.1546447091476657,3.45779719496512
2026-03-27,KXGDPYEAR-33,2026-08-05,2.8592210044753155,2.3,2.3,0.3689059934043657,-1.0555602215262991,3.4287871306045083
2026-03-27,KXGDPYEAR-34,2026-08-05,2.3636376657707103,2.3,0.1,0.04455795922498969,-0.6997330658180774,3.1110572835108945
2026-03-27,KXGDPYEAR-35,2026-08-04,2.749826891591256,2.8,1.8,-0.03218786147859579,-1.1621044533643832,3.3473672445211338
2026-03-27,KXGDPYEAR-36,2026-08-04,2.695242416882835,2.3,0.1,0.24894730630532177,-1.127603469239581,3.5316813541751007
2026-03-28,KXGDPYEAR-26,2026-08-05,2.2798573376609634,2.3,2.3,-0.021478293432265483,0.5481729298746867,1.663377333854219
2026-03-28,KXGDPYEAR-27,2026-08-05,2.0076383085144998,1.8,1.8,0.37400640422233034,2.898797807861639,0.6732893756761689
2026-03-28,KXGDPYEAR-28,2026-08-04,2.4731462188993745,2.3,2.3,0.1400696034980221,-0.34308140549094945,2.8598708587524024
2026-03-28,KXGDPYEAR-29,2026-08-04,2.3444515498705965,2.3,2.8,0.03264685533572642,-0.4834652040264813,2.997886909329589
2026-03-28,KXGDPYEAR-30,2026-08-05,2.53,2.3,2.3,0.20390070921985817,-0.3831493711206555,2.1596999999999995
2026-03-28,KXGDPYEAR-31,2026-08-04,2.248014310493019,2.3,2.8,-0.037566168275753146,-0.7012489658312346,2.719168761277071
2026-03-28,KXGDPYEAR-32,2026-08-04,2.675002825369558,2.3,1.8,0.23810070525900007,-1.1546447091476657,3.45779719496512
2026-03-28,KXGDPYEAR-33,2026-08-05,2.8592210044753155,2.3,2.3,0.3689059934043657,-1.0555602215262991,3.4287871306045083
2026-03-28,KXGDPYEAR-34,2026-08-05,2.3636376657707103,2.3,0.1,0.04455795922498969,-0.6997330658180774,3.1110572835108945
2026-03-28,KXGDPYEAR-35,2026-08-04,2.749826891591256,2.8,1.8,-0.03218786147859579,-1.1621044533643832,3.3473672445211338
2026-03-28,KXGDPYEAR-36,2026-08-04,2.695242416882835,2.3,0.1,0.24894730630532177,-1.127603469239581,3.5316813541751007
2026-03-29,KXGDPYEAR-26,2026-08-05,2.2872810651388904,2.3,2.3,-0.013810711472192047,0.6597490330953972,1.637827769230441
2026-03-29,KXGDPYEAR-27,2026-08-05,2.0076383085144998,1.8,1.8,0.37400640422233034,2.898797807861639,0.6732893756761689
2026-03-29,KXGDPYEAR-28,2026-08-04,2.4731462188993745,2.3,2.3,0.1400696034980221,-0.34308140549094945,2.8598708587524024
2026-03-29,KXGDPYEAR-29,2026-08-04,2.3444515498705965,2.3,2.8,0.03264685533572642,-0.4834652040264813,2.997886909329589
2026-03-29,KXGDPYEAR-30,2026-08-05,2.53,2.3,2.3,0.20390070921985817,-0.3831493711206555,2.1596999999999995
2026-03-29,KXGDPYEAR-31,2026-08-04,2.248014310493019,2.3,2.8,-0.037566168275753146,-0.7012489658312346,2.719168761277071
2026-03-29,KXGDPYEAR-32,2026-08-04,2.675002825369558,2.3,1.8,0.23810070525900007,-1.1546447091476657,3.45779719496512
2026-03-29,KXGDPYEAR-33,2026-08-05,2.8592210044753155,2.3,2.3,0.3689059934043657,-1.0555602215262991,3.4287871306045083
2026-03-29,KXGDPYEAR-34,2026-08-05,2.3636376657707103,2.3,0.1,0.04455795922498969,-0.6997330658180774,3.1110572835108945
2026-03-29,KXGDPYEAR-35,2026-08-04,2.749826891591256,2.8,1.8,-0.03218786147859579,-1.1621044533643832,3.3473672445211338
2026-03-29,KXGDPYEAR-36,2026-08-04,2.695242416882835,2.3,0.1,0.24894730630532177,-1.127603469239581,3.5316813541751007
2026-03-30,KXGDPYEAR-26,2026-08-05,2.287258978638804,2.3,2.3,-0.013810711472191818,0.6534477545326953,1.6406715847224183
2026-03-30,KXGDPYEAR-27,2026-08-05,2.0076383085144998,1.8,1.8,0.37400640422233034,2.898797807861639,0.6732893756761689
2026-03-30,KXGDPYEAR-28,2026-08-04,2.4731462188993745,2.3,2.3,0.1400696034980221,-0.34308140549094945,2.8598708587524024
2026-03-30,KXGDPYEAR-29,2026-08-04,2.3444515498705965,2.3,2.8,0.03264685533572642,-0.4834652040264813,2.997886909329589
2026-03-30,KXGDPYEAR-30,2026-08-05,2.53,2.3,2.3,0.20390070921985817,-0.3831493711206555,2.1596999999999995
2026-03-30,KXGDPYEAR-31,2026-08-04,2.248014310493019,2.3,2.8,-0.037566168275753146,-0.7012489658312346,2.719168761277071
2026-03-30,KXGDPYEAR-32,2026-08-04,2.675002825369558,2.3,1.8,0.23810070525900007,-1.1546447091476657,3.45779719496512
2026-03-30,KXGDPYEAR-33,2026-08-05,2.8592210044753155,2.3,2.3,0.3689059934043657,-1.0555602215262991,3.4287871306045083
2026-03-30,KXGDPYEAR-34,2026-08-05,2.3636376657707103,2.3,0.1,0.04455795922498969,-0.6997330658180774,3.1110572835108945
2026-03-30,KXGDPYEAR-35,2026-08-04,2.749826891591256,2.8,1.8,-0.03218786147859579,-1.1621044533643832,3.3473672445211338
2026-03-30,KXGDPYEAR-36,2026-08-04,2.695242416882835,2.3,0.1,0.24894730630532177,-1.127603469239581,3.5316813541751007
2026-03-31,KXGDPYEAR-26,2026-08-05,2.254354096922382,2.3,2.3,-0.04879002643622433,0.6473477204566298,1.6492015901993775
2026-03-31,KXGDPYEAR-27,2026-08-05,2.0076383085144998,1.8,1.8,0.37400640422233034,2.898797807861639,0.6732893756761689
2026-03-31,KXGDPYEAR-28,2026-08-04,2.4731462188993745,2.3,2.3,0.1400696034980221,-0.34308140549094945,2.8598708587524024
2026-03-31,KXGDPYEAR-29,2026-08-04,2.3444515498705965,2.3,2.8,0.03264685533572642,-0.4834652040264813,2.997886909329589
2026-03-31,KXGDPYEAR-30,2026-08-05,2.53,2.3,2.3,0.20390070921985817,-0.3831493711206555,2.1596999999999995
2026-03-31,KXGDPYEAR-31,2026-08-04,2.248014310493019,2.3,2.8,-0.037566168275753146,-0.7012489658312346,2.719168761277071
2026-03-31,KXGDPYEAR-32,2026-08-04,2.675002825369558,2.3,1.8,0.23810070525900007,-1.1546447091476657,3.45779719496512
2026-03-31,KXGDPYEAR-33,2026-08-05,2.8592210044753155,2.3,2.3,0.3689059934043657,-1.0555602215262991,3.4287871306045083
2026-03-31,KXGDPYEAR-34,2026-08-05,2.3636376657707103,2.3,0.1,0.04455795922498969,-0.6997330658180774,3.1110572835108945
2026-03-31,KXGDPYEAR-35,2026-08-04,2.749826891591256,2.8,1.8,-0.03218786147859579,-1.1621044533643832,3.3473672445211338
2026-03-31,KXGDPYEAR-36,2026-08-04,2.695242416882835,2.3,0.1,0.24894730630532177,-1.127603469239581,3.5316813541751007
2026-04-01,KXGDPYEAR-26,2026-08-05,2.283834374679298,2.3,2.3,-0.017657002842106705,0.7182927929092582,1.6099123621675193
2026-04-01,KXGDPYEAR-27,2026-08-05,2.0076383085144998,1.8,1.8,0.37400640422233034,2.898797807861639,0.6732893756761689
2026-04-01,KXGDPYEAR-28,2026-08-04,2.4731462188993745,2.3,2.3,0.1400696034980221,-0.34308140549094945,2.8598708587524024
2026-04-01,KXGDPYEAR-29,2026-08-04,2.3444515498705965,2.3,2.8,0.03264685533572642,-0.4834652040264813,2.997886909329589
2026-04-01,KXGDPYEAR-30,2026-08-05,2.53,2.3,2.3,0.20390070921985817,-0.3831493711206555,2.1596999999999995
2026-04-01,KXGDPYEAR-31,2026-08-04,2.248014310493019,2.3,2.8,-0.037566168275753146,-0.7012489658312346,2.719168761277071
2026-04-01,KXGDPYEAR-32,2026-08-04,2.675002825369558,2.3,1.8,0.23810070525900007,-1.1546447091476657,3.45779719496512
2026-04-01,KXGDPYEAR-33,2026-08-05,2.8592210044753155,2.3,2.3,0.3689059934043657,-1.0555602215262991,3.4287871306045083
2026-04-01,KXGDPYEAR-34,2026-08-05,2.3636376657707103,2.3,0.1,0.04455795922498969,-0.6997330658180774,3.1110572835108945
2026-04-01,KXGDPYEAR-35,2026-08-04,2.749826891591256,2.8,1.8,-0.03218786147859579,-1.1621044533643832,3.3473672445211338
2026-04-01,KXGDPYEAR-36,2026-08-04,2.695242416882835,2.3,0.1,0.24894730630532177,-1.127603469239581,3.5316813541751007
2026-04-02,KXGDPYEAR-26,2026-08-05,2.251221731562587,2.3,2.3,-0.053576419589578234,0.8294023610947545,1.6436000697608477
2026-04-02,KXGDPYEAR-27,2026-08-05,2.0076383085144998,1.8,1.8,0.37400640422233034,2.898797807861639,0.6732893756761689
2026-04-02,KXGDPYEAR-28,2026-08-04,2.4731462188993745,2.3,2.3,0.1400696034980221,-0.34308140549094945,2.8598708587524024
2026-04-02,KXGDPYEAR-29,2026-08-04,2.3444515498705965,2.3,2.8,0.03264685533572642,-0.4834652040264813,2.997886909329589
2026-04-02,KXGDPYEAR-30,2026-08-05,2.53,2.3,2.3,0.20390070921985817,-0.3831493711206555,2.1596999999999995
2026-04-02,KXGDPYEAR-31,2026-08-04,2.248014310493019,2.3,2.8,-0.037566168275753146,-0.7012489658312346,2.719168761277071
2026-04-02,KXGDPYEAR-32,2026-08-04,2.675002825369558,2.3,1.8,0.23810070525900007,-1.1546447091476657,3.45779719496512
2026-04-02,KXGDPYEAR-33,2026-08-05,2.8592210044753155,2.3,2.3,0.3689059934043657,-1.0555602215262991,3.4287871306045083
2026-04-02,KXGDPYEAR-34,2026-08-05,2.3636376657707103,2.3,0.1,0.04455795922498969,-0.6997330658180774,3.1110572835108945
2026-04-02,KXGDPYEAR-35,2026-08-04,2.749826891591256,2.8,1.8,-0.03218786147859579,-1.1621044533643832,3.3473672445211338
2026-04-02,KXGDPYEAR-36,2026-08-04,2.695242416882835,2.3,0.1,0.24894730630532177,-1.127603469239581,3.5316813541751007
2026-04-03,KXGDPYEAR-26,2026-08-05,2.3268404400941005,2.3,2.3,0.031344211304140994,1.0970855900819139,1.5269946260068032
2026-04-03,KXGDPYEAR-27,2026-08-05,2.0076383085144998,1.8,1.8,0.37400640422233034,2.898797807861639,0.6732893756761689
2026-04-03,KXGDPYEAR-28,2026-08-04,2.4731462188993745,2.3,2.3,0.1400696034980221,-0.34308140549094945,2.8598708587524024
2026-04-03,KXGDPYEAR-29,2026-08-04,2.3444515498705965,2.3,2.8,0.03264685533572642,-0.4834652040264813,2.997886909329589
2026-04-03,KXGDPYEAR-30,2026-08-05,2.53,2.3,2.3,0.20390070921985817,-0.3831493711206555,2.1596999999999995
2026-04-03,KXGDPYEAR-31,2026-08-04,2.248014310493019,2.3,2.8,-0.037566168275753146,-0.7012489658312346,2.719168761277071
2026-04-03,KXGDPYEAR-32,2026-08-04,2.675002825369558,2.3,1.8,0.23810070525900007,-1.1546447091476657,3.45779719496512
2026-04-03,KXGDPYEAR-33,2026-08-05,2.8592210044753155,2.3,2.3,0.3689059934043657,-1.0555602215262991,3.4287871306045083
2026-04-03,KXGDPYEAR-34,2026-08-05,2.3636376657707103,2.3,0.1,0.04455795922498969,-0.6997330658180774,3.1110572835108945
2026-04-03,KXGDPYEAR-35,2026-08-04,2.749826891591256,2.8,1.8,-0.03218786147859579,-1.1621044533643832,3.3473672445211338
2026-04-03,KXGDPYEAR-36,2026-08-04,2.695242416882835,2.3,0.1,0.24894730630532177,-1.127603469239581,3.5316813541751007
2026-04-04,KXGDPYEAR-26,2026-08-05,2.3164000603653956,2.3,2.3,0.019071160573052325,1.0868380130095927,1.5305586292563385
2026-04-04,KXGDPYEAR-27,2026-08-05,2.0076383085144998,1.8,1.8,0.37400640422233034,2.898797807861639,0.6732893756761689
2026-04-04,KXGDPYEAR-28,2026-08-04,2.4731462188993745,2.3,2.3,0.1400696034980221,-0.34308140549094945,2.8598708587524024
2026-04-04,KXGDPYEAR-29,2026-08-04,2.3444515498705965,2.3,2.8,0.03264685533572642,-0.4834652040264813,2.997886909329589
2026-04-04,KXGDPYEAR-30,2026-08-05,2.53,2.3,2.3,0.20390070921985817,-0.3831493711206555,2.1596999999999995
2026-04-04,KXGDPYEAR-31,2026-08-04,2.248014310493019,2.3,2.8,-0.037566168275753146,-0.7012489658312346,2.719168761277071
2026-04-04,KXGDPYEAR-32,2026-08-04,2.675002825369558,2.3,1.8,0.23810070525900007,-1.1546447091476657,3.45779719496512
2026-04-04,KXGDPYEAR-33,2026-08-05,2.8592210044753155,2.3,2.3,0.3689059934043657,-1.0555602215262991,3.4287871306045083
2026-04-04,KXGDPYEAR-34,2026-08-05,2.3636376657707103,2.3,0.1,0.04455795922498969,-0.6997330658180774,3.1110572835108945
2026-04-04,KXGDPYEAR-35,2026-08-04,2.749826891591256,2.8,1.8,-0.03218786147859579,-1.1621044533643832,3.3473672445211338
2026-04-04,KXGDPYEAR-36,2026-08-04,2.695242416882835,2.3,0.1,0.24894730630532177,-1.127603469239581,3.5316813541751007
2026-04-05,KXGDPYEAR-26,2026-08-05,2.284202379994194,2.3,2.3,-0.017841617305838102,0.9501567346073716,1.597300073663159
2026-04-05,KXGDPYEAR-27,2026-08-05,2.0076383085144998,1.8,1.8,0.37400640422233034,2.898797807861639,0.6732893756761689
2026-04-05,KXGDPYEAR-28,2026-08-04,2.4731462188993745,2.3,2.3,0.1400696034980221,-0.34308140549094945,2.8598708587524024
2026-04-05,KXGDPYEAR-29,2026-08-04,2.3444515498705965,2.3,2.8,0.03264685533572642,-0.4834652040264813,2.997886909329589
2026-04-05,KXGDPYEAR-30,2026-08-05,2.53,2.3,2.3,0.20390070921985817,-0.3831493711206555,2.1596999999999995
2026-04-05,KXGDPYEAR-31,2026-08-04,2.248014310493019,2.3,2.8,-0.037566168275753146,-0.7012489658312346,2.719168761277071
2026-04-05,KXGDPYEAR-32,2026-08-04,2.675002825369558,2.3,1.8,0.23810070525900007,-1.1546447091476657,3.45779719496512
2026-04-05,KXGDPYEAR-33,2026-08-05,2.8592210044753155,2.3,2.3,0.3689059934043657,-1.0555602215262991,3.4287871306045083
2026-04-05,KXGDPYEAR-34,2026-08-05,2.3636376657707103,2.3,0.1,0.04455795922498969,-0.6997330658180774,3.1110572835108945
2026-04-05,KXGDPYEAR-35,2026-08-04,2.749826891591256,2.8,1.8,-0.03218786147859579,-1.1621044533643832,3.3473672445211338
2026-04-05,KXGDPYEAR-36,2026-08-04,2.695242416882835,2.3,0.1,0.24894730630532177,-1.127603469239581,3.5316813541751007
2026-04-06,KXGDPYEAR-26,2026-08-05,2.2821724507211796,2.3,2.3,-0.02009561551427966,0.9437045726573539,1.6028608046104629
2026-04-06,KXGDPYEAR-27,2026-08-05,2.0076383085144998,1.8,1.8,0.37400640422233034,2.898797807861639,0.6732893756761689
2026-04-06,KXGDPYEAR-28,2026-08-04,2.4731462188993745,2.3,2.3,0.1400696034980221,-0.34308140549094945,2.8598708587524024
2026-04-06,KXGDPYEAR-29,2026-08-04,2.3444515498705965,2.3,2.8,0.03264685533572642,-0.4834652040264813,2.997886909329589
2026-04-06,KXGDPYEAR-30,2026-08-05,2.53,2.3,2.3,0.20390070921985817,-0.3831493711206555,2.1596999999999995
2026-04-06,KXGDPYEAR-31,2026-08-04,2.248014310493019,2.3,2.8,-0.037566168275753146,-0.7012489658312346,2.719168761277071
2026-04-06,KXGDPYEAR-32,2026-08-04,2.675002825369558,2.3,1.8,0.23810070525900007,-1.1546447091476657,3.45779719496512
2026-04-06,KXGDPYEAR-33,2026-08-05,2.8592210044753155,2.3,2.3,0.3689059934043657,-1.0555602215262991,3.4287871306045083
2026-04-06,KXGDPYEAR-34,2026-08-05,2.3636376657707103,2.3,0.1,0.04455795922498969,-0.6997330658180774,3.1110572835108945
2026-04-06,KXGDPYEAR-35,2026-08-04,2.749826891591256,2.8,1.8,-0.03218786147859579,-1.1621044533643832,3.3473672445211338
2026-04-06,KXGDPYEAR-36,2026-08-04,2.695242416882835,2.3,0.1,0.24894730630532177,-1.127603469239581,3.5316813541751007
2026-04-07,KXGDPYEAR-26,2026-08-05,2.271821645328819,2.3,2.3,-0.031974426859377576,0.9932458032099851,1.587988759327594
2026-04-07,KXGDPYEAR-27,2026-08-05,2.0076383085144998,1.8,1.8,0.37400640422233034,2.898797807861639,0.6732893756761689
2026-04-07,KXGDPYEAR-28,2026-08-04,2.4731462188993745,2.3,2.3,0.1400696034980221,-0.34308140549094945,2.8598708587524024
2026-04-07,KXGDPYEAR-29,2026-08-04,2.3444515498705965,2.3,2.8,0.03264685533572642,-0.4834652040264813,2.997886909329589
2026-04-07,KXGDPYEAR-30,2026-08-05,2.53,2.3,2.3,0.20390070921985817,-0.3831493711206555,2.1596999999999995
2026-04-07,KXGDPYEAR-31,2026-08-04,2.248014310493019,2.3,2.8,-0.037566168275753146,-0.7012489658312346,2.719168761277071
2026-04-07,KXGDPYEAR-32,2026-08-04,2.675002825369558,2.3,1.8,0.23810070525900007,-1.1546447091476657,3.45779719496512
2026-04-07,KXGDPYEAR-33,2026-08-05,2.8592210044753155,2.3,2.3,0.3689059934043657,-1.0555602215262991,3.4287871306045083
2026-04-07,KXGDPYEAR-34,2026-08-05,2.3636376657707103,2.3,0.1,0.04455795922498969,-0.6997330658180774,3.1110572835108945
2026-04-07,KXGDPYEAR-35,2026-08-04,2.749826891591256,2.8,1.8,-0.03218786147859579,-1.1621044533643832,3.3473672445211338
2026-04-07,KXGDPYEAR-36,2026-08-04,2.695242416882835,2.3,0.1,0.24894730630532177,-1.127603469239581,3.5316813541751007
2026-04-08,KXGDPYEAR-26,2026-08-05,2.2633380181827154,2.3,2.3,-0.04074425400295746,0.9227299609566209,1.6280106524005533
2026-04-08,KXGDPYEAR-27,2026-08-05,2.0076383085144998,1.8,1.8,0.37400640422233034,2.898797807861639,0.6732893756761689
2026-04-08,KXGDPYEAR-28,2026-08-04,2.4731462188993745,2.3,2.3,0.1400696034980221,-0.34308140549094945,2.8598708587524024
2026-04-08,KXGDPYEAR-29,2026-08-04,2.3444515498705965,2.3,2.8,0.03264685533572642,-0.4834652040264813,2.997886909329589
2026-04-08,KXGDPYEAR-30,2026-08-05,2.53,2.3,2.3,0.20390070921985817,-0.3831493711206555,2.1596999999999995
2026-04-08,KXGDPYEAR-31,2026-08-04,2.248014310493019,2.3,2.8,-0.037566168275753146,-0.7012489658312346,2.719168761277071
2026-04-08,KXGDPYEAR-32,2026-08-04,2.675002825369558,2.3,1.8,0.23810070525900007,-1.1546447091476657,3.45779719496512
2026-04-08,KXGDPYEAR-33,2026-08-05,2.8592210044753155,2.3,2.3,0.3689059934043657,-1.0555602215262991,3.4287871306045083
2026-04-08,KXGDPYEAR-34,2026-08-05,2.3636376657707103,2.3,0.1,0.04455795922498969,-0.6997330658180774,3.1110572835108945
2026-04-08,KXGDPYEAR-35,2026-08-04,2.749826891591256,2.8,1.8,-0.03218786147859579,-1.1621044533643832,3.3473672445211338
2026-04-08,KXGDPYEAR-36,2026-08-04,2.695242416882835,2.3,0.1,0.24894730630532177,-1.127603469239581,3.5316813541751007
2026-04-09,KXGDPYEAR-26,2026-08-05,2.292904988011908,2.3,2.3,-0.008099383992536105,1.0472169437883991,1.5752188467426047
2026-04-09,KXGDPYEAR-27,2026-08-05,2.0076383085144998,1.8,1.8,0.37400640422233034,2.898797807861639,0.6732893756761689
2026-04-09,KXGDPYEAR-28,2026-08-04,2.4731462188993745,2.3,2.3,0.1400696034980221,-0.34308140549094945,2.8598708587524024
2026-04-09,KXGDPYEAR-29,2026-08-04,2.3444515498705965,2.3,2.8,0.03264685533572642,-0.4834652040264813,2.997886909329589
2026-04-09,KXGDPYEAR-30,2026-08-05,2.53,2.3,2.3,0.20390070921985817,-0.3831493711206555,2.1596999999999995
2026-04-09,KXGDPYEAR-31,2026-08-04,2.248014310493019,2.3,2.8,-0.037566168275753146,-0.7012489658312346,2.719168761277071
2026-04-09,KXGDPYEAR-32,2026-08-04,2.675002825369558,2.3,1.8,0.23810070525900007,-1.1546447091476657,3.45779719496512
2026-04-09,KXGDPYEAR-33,2026-08-05,2.8592210044753155,2.3,2.3,0.3689059934043657,-1.0555602215262991,3.4287871306045083
2026-04-09,KXGDPYEAR-34,2026-08-05,2.3636376657707103,2.3,0.1,0.04455795922498969,-0.6997330658180774,3.1110572835108945
2026-04-09,KXGDPYEAR-35,2026-08-04,2.749826891591256,2.8,1.8,-0.03218786147859579,-1.1621044533643832,3.3473672445211338
2026-04-09,KXGDPYEAR-36,2026-08-04,2.695242416882835,2.3,0.1,0.24894730630532177,-1.127603469239581,3.5316813541751007
2026-04-10,KXGDPYEAR-26,2026-08-05,2.224858522081303,2.3,2.3,-0.08250242921846225,0.8532935116786851,1.6236976306440538
2026-04-10,KXGDPYEAR-27,2026-08-05,2.0076383085144998,1.8,1.8,0.37400640422233034,2.898797807861639,0.6732893756761689
2026-04-10,KXGDPYEAR-28,2026-08-04,2.4731462188993745,2.3,2.3,0.1400696034980221,-0.34308140549094945,2.8598708587524024
2026-04-10,KXGDPYEAR-29,2026-08-04,2.3444515498705965,2.3,2.8,0.03264685533572642,-0.4834652040264813,2.997886909329589
2026-04-10,KXGDPYEAR-30,2026-08-05,2.53,2.3,2.3,0.20390070921985817,-0.3831493711206555,2.1596999999999995
2026-04-10,KXGDPYEAR-31,2026-08-04,2.248014310493019,2.3,2.8,-0.037566168275753146,-0.7012489658312346,2.719168761277071
2026-04-10,KXGDPYEAR-32,2026-08-04,2.675002825369558,2.3,1.8,0.23810070525900007,-1.1546447091476657,3.45779719496512
2026-04-10,KXGDPYEAR-33,2026-08-05,2.8592210044753155,2.3,2.3,0.3689059934043657,-1.0555602215262991,3.4287871306045083
2026-04-10,KXGDPYEAR-34,2026-08-05,2.3636376657707103,2.3,0.1,0.04455795922498969,-0.6997330658180774,3.1110572835108945
2026-04-10,KXGDPYEAR-35,2026-08-04,2.749826891591256,2.8,1.8,-0.03218786147859579,-1.1621044533643832,3.3473672445211338
2026-04-10,KXGDPYEAR-36,2026-08-04,2.695242416882835,2.3,0.1,0.24894730630532177,-1.127603469239581,3.5316813541751007
2026-04-11,KXGDPYEAR-26,2026-08-05,2.233354756872184,2.3,2.3,-0.07359040923330028,0.8730603387323828,1.612064493536446
2026-04-11,KXGDPYEAR-27,2026-08-05,2.0076383085144998,1.8,1.8,0.37400640422233034,2.898797807861639,0.6732893756761689
2026-04-11,KXGDPYEAR-28,2026-08-04,2.4731462188993745,2.3,2.3,0.1400696034980221,-0.34308140549094945,2.8598708587524024
2026-04-11,KXGDPYEAR-29,2026-08-04,2.3444515498705965,2.3,2.8,0.03264685533572642,-0.4834652040264813,2.997886909329589
2026-04-11,KXGDPYEAR-30,2026-08-05,2.53,2.3,2.3,0.20390070921985817,-0.3831493711206555,2.1596999999999995
2026-04-11,KXGDPYEAR-31,2026-08-04,2.248014310493019,2.3,2.8,-0.037566168275753146,-0.7012489658312346,2.719168761277071
2026-04-11,KXGDPYEAR-32,2026-08-04,2.675002825369558,2.3,1.8,0.23810070525900007,-1.1546447091476657,3.45779719496512
2026-04-11,KXGDPYEAR-33,2026-08-05,2.8592210044753155,2.3,2.3,0.3689059934043657,-1.0555602215262991,3.4287871306045083
2026-04-11,KXGDPYEAR-34,2026-08-05,2.3636376657707103,2.3,0.1,0.04455795922498969,-0.6997330658180774,3.1110572835108945
2026-04-11,KXGDPYEAR-35,2026-08-04,2.749826891591256,2.8,1.8,-0.03218786147859579,-1.1621044533643832,3.3473672445211338
2026-04-11,KXGDPYEAR-36,2026-08-04,2.695242416882835,2.3,0.1,0.24894730630532177,-1.127603469239581,3.5316813541751007
2026-04-12,KXGDPYEAR-26,2026-08-05,2.2215942856875,2.3,2.3,-0.09078677173167539,1.124552947534057,1.5212668801015652
2026-04-12,KXGDPYEAR-27,2026-08-05,2.0076383085144998,1.8,1.8,0.37400640422233034,2.898797807861639,0.6732893756761689
2026-04-12,KXGDPYEAR-28,2026-08-04,2.4731462188993745,2.3,2.3,0.1400696034980221,-0.34308140549094945,2.8598708587524024
2026-04-12,KXGDPYEAR-29,2026-08-04,2.3444515498705965,2.3,2.8,0.03264685533572642,-0.4834652040264813,2.997886909329589
2026-04-12,KXGDPYEAR-30,2026-08-05,2.53,2.3,2.3,0.20390070921985817,-0.3831493711206555,2.1596999999999995
2026-04-12,KXGDPYEAR-31,2026-08-04,2.248014310493019,2.3,2.8,-0.037566168275753146,-0.7012489658312346,2.719168761277071
2026-04-12,KXGDPYEAR-32,2026-08-04,2.675002825369558,2.3,1.8,0.23810070525900007,-1.1546447091476657,3.45779719496512
2026-04-12,KXGDPYEAR-33,2026-08-05,2.8592210044753155,2.3,2.3,0.3689059934043657,-1.0555602215262991,3.4287871306045083
2026-04-12,KXGDPYEAR-34,2026-08-05,2.3636376657707103,2.3,0.1,0.04455795922498969,-0.6997330658180774,3.1110572835108945
2026-04-12,KXGDPYEAR-35,2026-08-04,2.749826891591256,2.8,1.8,-0.03218786147859579,-1.1621044533643832,3.3473672445211338
2026-04-12,KXGDPYEAR-36,2026-08-04,2.695242416882835,2.3,0.1,0.24894730630532177,-1.127603469239581,3.5316813541751007
2026-04-13,KXGDPYEAR-26,2026-08-05,2.194985863065462,2.3,2.3,-0.12112073057284585,1.182496446061167,1.5296966243671022
2026-04-13,KXGDPYEAR-27,2026-08-05,2.0076383085144998,1.8,1.8,0.37400640422233034,2.898797807861639,0.6732893756761689
2026-04-13,KXGDPYEAR-28,2026-08-04,2.4731462188993745,2.3,2.3,0.1400696034980221,-0.34308140549094945,2.8598708587524024
2026-04-13,KXGDPYEAR-29,2026-08-04,2.3444515498705965,2.3,2.8,0.03264685533572642,-0.4834652040264813,2.997886909329589
2026-04-13,KXGDPYEAR-30,2026-08-05,2.53,2.3,2.3,0.20390070921985817,-0.3831493711206555,2.1596999999999995
2026-04-13,KXGDPYEAR-31,2026-08-04,2.248014310493019,2.3,2.8,-0.037566168275753146,-0.7012489658312346,2.719168761277071
2026-04-13,KXGDPYEAR-32,2026-08-04,2.675002825369558,2.3,1.8,0.23810070525900007,-1.1546447091476657,3.45779719496512
2026-04-13,KXGDPYEAR-33,2026-08-05,2.8592210044753155,2.3,2.3,0.3689059934043657,-1.0555602215262991,3.4287871306045083
2026-04-13,KXGDPYEAR-34,2026-08-05,2.3636376657707103,2.3,0.1,0.04455795922498969,-0.6997330658180774,3.1110572835108945
2026-04-13,KXGDPYEAR-35,2026-08-04,2.749826891591256,2.8,1.8,-0.03218786147859579,-1.1621044533643832,3.3473672445211338
2026-04-13,KXGDPYEAR-36,2026-08-04,2.695242416882835,2.3,0.1,0.24894730630532177,-1.127603469239581,3.5316813541751007
2026-04-14,KXGDPYEAR-26,2026-08-05,2.173361332374321,2.3,2.3,-0.14568841922097978,1.2769241250970573,1.529334841839248
2026-04-14,KXGDPYEAR-27,2026-08-05,2.0076383085144998,1.8,1.8,0.37400640422233034,2.898797807861639,0.6732893756761689
2026-04-14,KXGDPYEAR-28,2026-08-04,2.4731462188993745,2.3,2.3,0.1400696034980221,-0.34308140549094945,2.8598708587524024
2026-04-14,KXGDPYEAR-29,2026-08-04,2.3444515498705965,2.3,2.8,0.03264685533572642,-0.4834652040264813,2.997886909329589
2026-04-14,KXGDPYEAR-30,2026-08-05,2.53,2.3,2.3,0.20390070921985817,-0.3831493711206555,2.1596999999999995
2026-04-14,KXGDPYEAR-31,2026-08-04,2.248014310493019,2.3,2.8,-0.037566168275753146,-0.7012489658312346,2.719168761277071
2026-04-14,KXGDPYEAR-32,2026-08-04,2.675002825369558,2.3,1.8,0.23810070525900007,-1.1546447091476657,3.45779719496512
2026-04-14,KXGDPYEAR-33,2026-08-05,2.8592210044753155,2.3,2.3,0.3689059934043657,-1.0555602215262991,3.4287871306045083
2026-04-14,KXGDPYEAR-34,2026-08-05,2.3636376657707103,2.3,0.1,0.04455795922498969,-0.6997330658180774,3.1110572835108945
2026-04-14,KXGDPYEAR-35,2026-08-04,2.749826891591256,2.8,1.8,-0.03218786147859579,-1.1621044533643832,3.3473672445211338
2026-04-14,KXGDPYEAR-36,2026-08-04,2.695242416882835,2.3,0.1,0.24894730630532177,-1.127603469239581,3.5316813541751007
2026-04-15,KXGDPYEAR-26,2026-08-05,2.185054400949749,2.3,2.3,-0.13254028452885092,1.2445259881177826,1.5149646106373638
2026-04-15,KXGDPYEAR-27,2026-08-05,2.0076383085144998,1.8,1.8,0.37400640422233034,2.898797807861639,0.6732893756761689
2026-04-15,KXGDPYEAR-28,2026-08-04,2.4731462188993745,2.3,2.3,0.1400696034980221,-0.34308140549094945,2.8598708587524024
2026-04-15,KXGDPYEAR-29,2026-08-04,2.3444515498705965,2.3,2.8,0.03264685533572642,-0.4834652040264813,2.997886909329589
2026-04-15,KXGDPYEAR-30,2026-08-05,2.53,2.3,2.3,0.20390070921985817,-0.3831493711206555,2.1596999999999995
2026-04-15,KXGDPYEAR-31,2026-08-04,2.248014310493019,2.3,2.8,-0.037566168275753146,-0.7012489658312346,2.719168761277071
2026-04-15,KXGDPYEAR-32,2026-08-04,2.675002825369558,2.3,1.8,0.23810070525900007,-1.1546447091476657,3.45779719496512
2026-04-15,KXGDPYEAR-33,2026-08-05,2.8592210044753155,2.3,2.3,0.3689059934043657,-1.0555602215262991,3.4287871306045083
2026-04-15,KXGDPYEAR-34,2026-08-05,2.3636376657707103,2.3,0.1,0.04455795922498969,-0.6997330658180774,3.1110572835108945
2026-04-15,KXGDPYEAR-35,2026-08-04,2.749826891591256,2.8,1.8,-0.03218786147859579,-1.1621044533643832,3.3473672445211338
2026-04-15,KXGDPYEAR-36,2026-08-04,2.695242416882835,2.3,0.1,0.24894730630532177,-1.127603469239581,3.5316813541751007
2026-04-16,KXGDPYEAR-26,2026-08-05,2.1745672045408124,2.3,2.3,-0.14576629866390006,1.333131625027013,1.4926227050440641
2026-04-16,KXGDPYEAR-27,2026-08-05,2.0076383085144998,1.8,1.8,0.37400640422233034,2.898797807861639,0.6732893756761689
2026-04-16,KXGDPYEAR-28,2026-08-04,2.4731462188993745,2.3,2.3,0.1400696034980221,-0.34308140549094945,2.8598708587524024
2026-04-16,KXGDPYEAR-29,2026-08-04,2.3444515498705965,2.3,2.8,0.03264685533572642,-0.4834652040264813,2.997886909329589
2026-04-16,KXGDPYEAR-30,2026-08-05,2.53,2.3,2.3,0.20390070921985817,-0.3831493711206555,2.1596999999999995
2026-04-16,KXGDPYEAR-31,2026-08-04,2.248014310493019,2.3,2.8,-0.037566168275753146,-0.7012489658312346,2.719168761277071
2026-04-16,KXGDPYEAR-32,2026-08-04,2.675002825369558,2.3,1.8,0.23810070525900007,-1.1546447091476657,3.45779719496512
2026-04-16,KXGDPYEAR-33,2026-08-05,2.8592210044753155,2.3,2.3,0.3689059934043657,-1.0555602215262991,3.4287871306045083
2026-04-16,KXGDPYEAR-34,2026-08-05,2.3636376657707103,2.3,0.1,0.04455795922498969,-0.6997330658180774,3.1110572835108945
2026-04-16,KXGDPYEAR-35,2026-08-04,2.749826891591256,2.8,1.8,-0.03218786147859579,-1.1621044533643832,3.3473672445211338
2026-04-16,KXGDPYEAR-36,2026-08-04,2.695242416882835,2.3,0.1,0.24894730630532177,-1.127603469239581,3.5316813541751007
2026-04-17,KXGDPYEAR-26,2026-08-05,2.2007664457190175,2.3,2.3,-0.11756795730010194,1.4027921387353315,1.4537215486237327
2026-04-17,KXGDPYEAR-27,2026-08-05,2.0076383085144998,1.8,1.8,0.37400640422233034,2.898797807861639,0.6732893756761689
2026-04-17,KXGDPYEAR-28,2026-08-04,2.4731462188993745,2.3,2.3,0.1400696034980221,-0.34308140549094945,2.8598708587524024
2026-04-17,KXGDPYEAR-29,2026-08-04,2.3444515498705965,2.3,2.8,0.03264685533572642,-0.4834652040264813,2.997886909329589
2026-04-17,KXGDPYEAR-30,2026-08-05,2.53,2.3,2.3,0.20390070921985817,-0.3831493711206555,2.1596999999999995
2026-04-17,KXGDPYEAR-31,2026-08-04,2.248014310493019,2.3,2.8,-0.037566168275753146,-0.7012489658312346,2.719168761277071
2026-04-17,KXGDPYEAR-32,2026-08-04,2.675002825369558,2.3,1.8,0.23810070525900007,-1.1546447091476657,3.45779719496512
2026-04-17,KXGDPYEAR-33,2026-08-05,2.8592210044753155,2.3,2.3,0.3689059934043657,-1.0555602215262991,3.4287871306045083
2026-04-17,KXGDPYEAR-34,2026-08-05,2.3636376657707103,2.3,0.1,0.04455795922498969,-0.6997330658180774,3.1110572835108945
2026-04-17,KXGDPYEAR-35,2026-08-04,2.749826891591256,2.8,1.8,-0.03218786147859579,-1.1621044533643832,3.3473672445211338
2026-04-17,KXGDPYEAR-36,2026-08-04,2.695242416882835,2.3,0.1,0.24894730630532177,-1.127603469239581,3.5316813541751007
2026-04-18,KXGDPYEAR-26,2026-08-05,2.1892522831290804,2.3,1.8,-0.13227705503871046,1.5216913594057075,1.4222705070567796
2026-04-18,KXGDPYEAR-27,2026-08-05,2.0076383085144998,1.8,1.8,0.37400640422233034,2.898797807861639,0.6732893756761689
2026-04-18,KXGDPYEAR-28,2026-08-04,2.4731462188993745,2.3,2.3,0.1400696034980221,-0.34308140549094945,2.8598708587524024
2026-04-18,KXGDPYEAR-29,2026-08-04,2.3444515498705965,2.3,2.8,0.03264685533572642,-0.4834652040264813,2.997886909329589
2026-04-18,KXGDPYEAR-30,2026-08-05,2.53,2.3,2.3,0.20390070921985817,-0.3831493711206555,2.1596999999999995
2026-04-18,KXGDPYEAR-31,2026-08-04,2.248014310493019,2.3,2.8,-0.037566168275753146,-0.7012489658312346,2.719168761277071
2026-04-18,KXGDPYEAR-32,2026-08-04,2.675002825369558,2.3,1.8,0.23810070525900007,-1.1546447091476657,3.45779719496512
2026-04-18,KXGDPYEAR-33,2026-08-05,2.8592210044753155,2.3,2.3,0.3689059934043657,-1.0555602215262991,3.4287871306045083
2026-04-18,KXGDPYEAR-34,2026-08-05,2.3636376657707103,2.3,0.1,0.04455795922498969,-0.6997330658180774,3.1110572835108945
2026-04-18,KXGDPYEAR-35,2026-08-04,2.749826891591256,2.8,1.8,-0.03218786147859579,-1.1621044533643832,3.3473672445211338
2026-04-18,KXGDPYEAR-36,2026-08-04,2.695242416882835,2.3,0.1,0.24894730630532177,-1.127603469239581,3.5316813541751007
2026-04-19,KXGDPYEAR-26,2026-08-05,2.178703645969013,2.3,2.3,-0.1432977143359247,1.4414634144156553,1.4404302876573252
2026-04-19,KXGDPYEAR-27,2026-08-05,2.0076383085144998,1.8,1.8,0.37400640422233034,2.898797807861639,0.6732893756761689
2026-04-19,KXGDPYEAR-28,2026-08-04,2.4731462188993745,2.3,2.3,0.1400696034980221,-0.34308140549094945,2.8598708587524024
2026-04-19,KXGDPYEAR-29,2026-08-04,2.3444515498705965,2.3,2.8,0.03264685533572642,-0.4834652040264813,2.997886909329589
2026-04-19,KXGDPYEAR-30,2026-08-05,2.53,2.3,2.3,0.20390070921985817,-0.3831493711206555,2.1596999999999995
2026-04-19,KXGDPYEAR-31,2026-08-04,2.248014310493019,2.3,2.8,-0.037566168275753146,-0.7012489658312346,2.719168761277071
2026-04-19,KXGDPYEAR-32,2026-08-04,2.675002825369558,2.3,1.8,0.23810070525900007,-1.1546447091476657,3.45779719496512
2026-04-19,KXGDPYEAR-33,2026-08-05,2.8592210044753155,2.3,2.3,0.3689059934043657,-1.0555602215262991,3.4287871306045083
2026-04-19,KXGDPYEAR-34,2026-08-05,2.3636376657707103,2.3,0.1,0.04455795922498969,-0.6997330658180774,3.1110572835108945
2026-04-19,KXGDPYEAR-35,2026-08-04,2.749826891591256,2.8,1.8,-0.03218786147859579,-1.1621044533643832,3.3473672445211338
2026-04-19,KXGDPYEAR-36,2026-08-04,2.695242416882835,2.3,0.1,0.24894730630532177,-1.127603469239581,3.5316813541751007
2026-04-20,KXGDPYEAR-26,2026-08-05,2.2068036342897113,2.3,2.3,-0.1096812775518667,1.32485288133471,1.4688733477664226
2026-04-20,KXGDPYEAR-27,2026-08-05,2.0076383085144998,1.8,1.8,0.37400640422233034,2.898797807861639,0.6732893756761689
2026-04-20,KXGDPYEAR-28,2026-08-04,2.4731462188993745,2.3,2.3,0.1400696034980221,-0.34308140549094945,2.8598708587524024
2026-04-20,KXGDPYEAR-29,2026-08-04,2.3444515498705965,2.3,2.8,0.03264685533572642,-0.4834652040264813,2.997886909329589
2026-04-20,KXGDPYEAR-30,2026-08-05,2.53,2.3,2.3,0.20390070921985817,-0.3831493711206555,2.1596999999999995
2026-04-20,KXGDPYEAR-31,2026-08-04,2.248014310493019,2.3,2.8,-0.037566168275753146,-0.7012489658312346,2.719168761277071
2026-04-20,KXGDPYEAR-32,2026-08-04,2.675002825369558,2.3,1.8,0.23810070525900007,-1.1546447091476657,3.45779719496512
2026-04-20,KXGDPYEAR-33,2026-08-05,2.8592210044753155,2.3,2.3,0.3689059934043657,-1.0555602215262991,3.4287871306045083
2026-04-20,KXGDPYEAR-34,2026-08-05,2.3636376657707103,2.3,0.1,0.04455795922498969,-0.6997330658180774,3.1110572835108945
2026-04-20,KXGDPYEAR-35,2026-08-04,2.749826891591256,2.8,1.8,-0.03218786147859579,-1.1621044533643832,3.3473672445211338
2026-04-20,KXGDPYEAR-36,2026-08-04,2.695242416882835,2.3,0.1,0.24894730630532177,-1.127603469239581,3.5316813541751007
2026-04-21,KXGDPYEAR-26,2026-08-05,2.2085704879183115,2.3,2.3,-0.10773396089259009,1.3268213317825186,1.465543232680667
2026-04-21,KXGDPYEAR-27,2026-08-05,2.0076383085144998,1.8,1.8,0.37400640422233034,2.898797807861639,0.6732893756761689
2026-04-21,KXGDPYEAR-28,2026-08-04,2.4731462188993745,2.3,2.3,0.1400696034980221,-0.34308140549094945,2.8598708587524024
2026-04-21,KXGDPYEAR-29,2026-08-04,2.3444515498705965,2.3,2.8,0.03264685533572642,-0.4834652040264813,2.997886909329589
2026-04-21,KXGDPYEAR-30,2026-08-05,2.53,2.3,2.3,0.20390070921985817,-0.3831493711206555,2.1596999999999995
2026-04-21,KXGDPYEAR-31,2026-08-04,2.248014310493019,2.3,2.8,-0.037566168275753146,-0.7012489658312346,2.719168761277071
2026-04-21,KXGDPYEAR-32,2026-08-04,2.675002825369558,2.3,1.8,0.23810070525900007,-1.1546447091476657,3.45779719496512
2026-04-21,KXGDPYEAR-33,2026-08-05,2.8592210044753155,2.3,2.3,0.3689059934043657,-1.0555602215262991,3.4287871306045083
2026-04-21,KXGDPYEAR-34,2026-08-05,2.3636376657707103,2.3,0.1,0.04455795922498969,-0.6997330658180774,3.1110572835108945
2026-04-21,KXGDPYEAR-35,2026-08-04,2.749826891591256,2.8,1.8,-0.03218786147859579,-1.1621044533643832,3.3473672445211338
2026-04-21,KXGDPYEAR-36,2026-08-04,2.695242416882835,2.3,0.1,0.24894730630532177,-1.127603469239581,3.5316813541751007
2026-04-22,KXGDPYEAR-26,2026-08-05,2.2056909154868998,2.3,2.3,-0.1106818546602736,1.3098719876841773,1.4748981128809637
2026-04-22,KXGDPYEAR-27,2026-08-05,2.0076383085144998,1.8,1.8,0.37400640422233034,2.898797807861639,0.6732893756761689
2026-04-22,KXGDPYEAR-28,2026-08-04,2.4731462188993745,2.3,2.3,0.1400696034980221,-0.34308140549094945,2.8598708587524024
2026-04-22,KXGDPYEAR-29,2026-08-04,2.3444515498705965,2.3,2.8,0.03264685533572642,-0.4834652040264813,2.997886909329589
2026-04-22,KXGDPYEAR-30,2026-08-05,2.53,2.3,2.3,0.20390070921985817,-0.3831493711206555,2.1596999999999995
2026-04-22,KXGDPYEAR-31,2026-08-04,2.248014310493019,2.3,2.8,-0.037566168275753146,-0.7012489658312346,2.719168761277071
2026-04-22,KXGDPYEAR-32,2026-08-04,2.675002825369558,2.3,1.8,0.23810070525900007,-1.1546447091476657,3.45779719496512
2026-04-22,KXGDPYEAR-33,2026-08-05,2.8592210044753155,2.3,2.3,0.3689059934043657,-1.0555602215262991,3.4287871306045083
2026-04-22,KXGDPYEAR-34,2026-08-05,2.3636376657707103,2.3,0.1,0.04455795922498969,-0.6997330658180774,3.1110572835108945
2026-04-22,KXGDPYEAR-35,2026-08-04,2.749826891591256,2.8,1.8,-0.03218786147859579,-1.1621044533643832,3.3473672445211338
2026-04-22,KXGDPYEAR-36,2026-08-04,2.695242416882835,2.3,0.1,0.24894730630532177,-1.127603469239581,3.5316813541751007
2026-04-23,KXGDPYEAR-26,2026-08-05,2.220502915834426,2.3,2.3,-0.09105502889114793,1.1114934021502991,1.537948463191401
2026-04-23,KXGDPYEAR-27,2026-08-05,2.0076383085144998,1.8,1.8,0.37400640422233034,2.898797807861639,0.6732893756761689
2026-04-23,KXGDPYEAR-28,2026-08-04,2.4731462188993745,2.3,2.3,0.1400696034980221,-0.34308140549094945,2.8598708587524024
2026-04-23,KXGDPYEAR-29,2026-08-04,2.3444515498705965,2.3,2.8,0.03264685533572642,-0.4834652040264813,2.997886909329589
2026-04-23,KXGDPYEAR-30,2026-08-05,2.53,2.3,2.3,0.20390070921985817,-0.3831493711206555,2.1596999999999995
2026-04-23,KXGDPYEAR-31,2026-08-04,2.248014310493019,2.3,2.8,-0.037566168275753146,-0.7012489658312346,2.719168761277071
2026-04-23,KXGDPYEAR-32,2026-08-04,2.675002825369558,2.3,1.8,0.23810070525900007,-1.1546447091476657,3.45779719496512
2026-04-23,KXGDPYEAR-33,2026-08-05,2.8592210044753155,2.3,2.3,0.3689059934043657,-1.0555602215262991,3.4287871306045083
2026-04-23,KXGDPYEAR-34,2026-08-05,2.3636376657707103,2.3,0.1,0.04455795922498969,-0.6997330658180774,3.1110572835108945
2026-04-23,KXGDPYEAR-35,2026-08-04,2.749826891591256,2.8,1.8,-0.03218786147859579,-1.1621044533643832,3.3473672445211338
2026-04-23,KXGDPYEAR-36,2026-08-04,2.695242416882835,2.3,0.1,0.24894730630532177,-1.127603469239581,3.5316813541751007
2026-04-24,KXGDPYEAR-26,2026-08-05,2.220502915834426,2.3,2.3,-0.09105502889114793,1.1114934021502991,1.537948463191401
2026-04-24,KXGDPYEAR-27,2026-08-05,2.0076383085144998,1.8,1.8,0.37400640422233034,2.898797807861639,0.6732893756761689
2026-04-24,KXGDPYEAR-28,2026-08-04,2.4731462188993745,2.3,2.3,0.1400696034980221,-0.34308140549094945,2.8598708587524024
2026-04-24,KXGDPYEAR-29,2026-08-04,2.3444515498705965,2.3,2.8,0.03264685533572642,-0.4834652040264813,2.997886909329589
2026-04-24,KXGDPYEAR-30,2026-08-05,2.53,2.3,2.3,0.20390070921985817,-0.3831493711206555,2.1596999999999995
2026-04-24,KXGDPYEAR-31,2026-08-04,2.248014310493019,2.3,2.8,-0.037566168275753146,-0.7012489658312346,2.719168761277071
2026-04-24,KXGDPYEAR-32,2026-08-04,2.675002825369558,2.3,1.8,0.23810070525900007,-1.1546447091476657,3.45779719496512
2026-04-24,KXGDPYEAR-33,2026-08-05,2.8592210044753155,2.3,2.3,0.3689059934043657,-1.0555602215262991,3.4287871306045083
2026-04-24,KXGDPYEAR-34,2026-08-05,2.3636376657707103,2.3,0.1,0.04455795922498969,-0.6997330658180774,3.1110572835108945
2026-04-24,KXGDPYEAR-35,2026-08-04,2.749826891591256,2.8,1.8,-0.03218786147859579,-1.1621044533643832,3.3473672445211338
2026-04-24,KXGDPYEAR-36,2026-08-04,2.695242416882835,2.3,0.1,0.24894730630532177,-1.127603469239581,3.5316813541751007
2026-04-25,KXGDPYEAR-26,2026-08-05,2.220502915834426,2.3,2.3,-0.09105502889114793,1.1114934021502991,1.537948463191401
2026-04-25,KXGDPYEAR-27,2026-08-05,2.0076383085144998,1.8,1.8,0.37400640422233034,2.898797807861639,0.6732893756761689
2026-04-25,KXGDPYEAR-28,2026-08-04,2.4731462188993745,2.3,2.3,0.1400696034980221,-0.34308140549094945,2.8598708587524024
2026-04-25,KXGDPYEAR-29,2026-08-04,2.3444515498705965,2.3,2.8,0.03264685533572642,-0.4834652040264813,2.997886909329589
2026-04-25,KXGDPYEAR-30,2026-08-05,2.53,2.3,2.3,0.20390070921985817,-0.3831493711206555,2.1596999999999995
2026-04-25,KXGDPYEAR-31,2026-08-04,2.248014310493019,2.3,2.8,-0.037566168275753146,-0.7012489658312346,2.719168761277071
2026-04-25,KXGDPYEAR-32,2026-08-04,2.675002825369558,2.3,1.8,0.23810070525900007,-1.1546447091476657,3.45779719496512
2026-04-25,KXGDPYEAR-33,2026-08-05,2.8592210044753155,2.3,2.3,0.3689059934043657,-1.0555602215262991,3.4287871306045083
2026-04-25,KXGDPYEAR-34,2026-08-05,2.3636376657707103,2.3,0.1,0.04455795922498969,-0.6997330658180774,3.1110572835108945
2026-04-25,KXGDPYEAR-35,2026-08-04,2.749826891591256,2.8,1.8,-0.03218786147859579,-1.1621044533643832,3.3473672445211338
2026-04-25,KXGDPYEAR-36,2026-08-04,2.695242416882835,2.3,0.1,0.24894730630532177,-1.127603469239581,3.5316813541751007
2026-04-26,KXGDPYEAR-26,2026-08-05,2.2397594072718996,2.3,2.3,-0.07054234332072772,1.199841493337602,1.4987049041534417
2026-04-26,KXGDPYEAR-27,2026-08-05,2.0076383085144998,1.8,1.8,0.37400640422233034,2.898797807861639,0.6732893756761689
2026-04-26,KXGDPYEAR-28,2026-08-04,2.4731462188993745,2.3,2.3,0.1400696034980221,-0.34308140549094945,2.8598708587524024
2026-04-26,KXGDPYEAR-29,2026-08-04,2.3444515498705965,2.3,2.8,0.03264685533572642,-0.4834652040264813,2.997886909329589
2026-04-26,KXGDPYEAR-30,2026-08-05,2.53,2.3,2.3,0.20390070921985817,-0.3831493711206555,2.1596999999999995
2026-04-26,KXGDPYEAR-31,2026-08-04,2.248014310493019,2.3,2.8,-0.037566168275753146,-0.7012489658312346,2.719168761277071
2026-04-26,KXGDPYEAR-32,2026-08-04,2.675002825369558,2.3,1.8,0.23810070525900007,-1.1546447091476657,3.45779719496512
2026-04-26,KXGDPYEAR-33,2026-08-05,2.8592210044753155,2.3,2.3,0.3689059934043657,-1.0555602215262991,3.4287871306045083
2026-04-26,KXGDPYEAR-34,2026-08-05,2.3636376657707103,2.3,0.1,0.04455795922498969,-0.6997330658180774,3.1110572835108945
2026-04-26,KXGDPYEAR-35,2026-08-04,2.749826891591256,2.8,1.8,-0.03218786147859579,-1.1621044533643832,3.3473672445211338
2026-04-26,KXGDPYEAR-36,2026-08-04,2.695242416882835,2.3,0.1,0.24894730630532177,-1.127603469239581,3.5316813541751007
2026-04-27,KXGDPYEAR-26,2026-08-05,2.2397594072718996,2.3,2.3,-0.07054234332072772,1.199841493337602,1.4987049041534417
2026-04-27,KXGDPYEAR-27,2026-08-05,2.0076383085144998,1.8,1.8,0.37400640422233034,2.898797807861639,0.6732893756761689
2026-04-27,KXGDPYEAR-28,2026-08-04,2.4731462188993745,2.3,2.3,0.1400696034980221,-0.34308140549094945,2.8598708587524024
2026-04-27,KXGDPYEAR-29,2026-08-04,2.3444515498705965,2.3,2.8,0.03264685533572642,-0.4834652040264813,2.997886909329589
2026-04-27,KXGDPYEAR-30,2026-08-05,2.53,2.3,2.3,0.20390070921985817,-0.3831493711206555,2.1596999999999995
2026-04-27,KXGDPYEAR-31,2026-08-04,2.248014310493019,2.3,2.8,-0.037566168275753146,-0.7012489658312346,2.719168761277071
2026-04-27,KXGDPYEAR-32,2026-08-04,2.675002825369558,2.3,1.8,0.23810070525900007,-1.1546447091476657,3.45779719496512
2026-04-27,KXGDPYEAR-33,2026-08-05,2.8592210044753155,2.3,2.3,0.3689059934043657,-1.0555602215262991,3.4287871306045083
2026-04-27,KXGDPYEAR-34,2026-08-05,2.3636376657707103,2.3,0.1,0.04455795922498969,-0.6997330658180774,3.1110572835108945
2026-04-27,KXGDPYEAR-35,2026-08-04,2.749826891591256,2.8,1.8,-0.03218786147859579,-1.1621044533643832,3.3473672445211338
2026-04-27,KXGDPYEAR-36,2026-08-04,2.695242416882835,2.3,0.1,0.24894730630532177,-1.127603469239581,3.5316813541751007
2026-04-28,KXGDPYEAR-26,2026-08-05,2.242824249840445,2.3,2.3,-0.06685403305421928,1.1781629498282573,1.5005334371079366
2026-04-28,KXGDPYEAR-27,2026-08-05,2.0076383085144998,1.8,1.8,0.37400640422233034,2.898797807861639,0.6732893756761689
2026-04-28,KXGDPYEAR-28,2026-08-04,2.4731462188993745,2.3,2.3,0.1400696034980221,-0.34308140549094945,2.8598708587524024
2026-04-28,KXGDPYEAR-29,2026-08-04,2.3444515498705965,2.3,2.8,0.03264685533572642,-0.4834652040264813,2.997886909329589
2026-04-28,KXGDPYEAR-30,2026-08-05,2.53,2.3,2.3,0.20390070921985817,-0.3831493711206555,2.1596999999999995
2026-04-28,KXGDPYEAR-31,2026-08-04,2.248014310493019,2.3,2.8,-0.037566168275753146,-0.7012489658312346,2.719168761277071
2026-04-28,KXGDPYEAR-32,2026-08-04,2.675002825369558,2.3,1.8,0.23810070525900007,-1.1546447091476657,3.45779719496512
2026-04-28,KXGDPYEAR-33,2026-08-05,2.8592210044753155,2.3,2.3,0.3689059934043657,-1.0555602215262991,3.4287871306045083
2026-04-28,KXGDPYEAR-34,2026-08-05,2.3636376657707103,2.3,0.1,0.04455795922498969,-0.6997330658180774,3.1110572835108945
2026-04-28,KXGDPYEAR-35,2026-08-04,2.749826891591256,2.8,1.8,-0.03218786147859579,-1.1621044533643832,3.3473672445211338
2026-04-28,KXGDPYEAR-36,2026-08-04,2.695242416882835,2.3,0.1,0.24894730630532177,-1.127603469239581,3.5316813541751007
2026-04-29,KXGDPYEAR-26,2026-08-05,2.2223861333842283,2.3,2.3,-0.09352061361194418,1.4941841930768636,1.4480987727496197
2026-04-29,KXGDPYEAR-27,2026-08-05,2.0076383085144998,1.8,1.8,0.37400640422233034,2.898797807861639,0.6732893756761689
2026-04-29,KXGDPYEAR-28,2026-08-04,2.4731462188993745,2.3,2.3,0.1400696034980221,-0.34308140549094945,2.8598708587524024
2026-04-29,KXGDPYEAR-29,2026-08-04,2.3444515498705965,2.3,2.8,0.03264685533572642,-0.4834652040264813,2.997886909329589
2026-04-29,KXGDPYEAR-30,2026-08-05,2.53,2.3,2.3,0.20390070921985817,-0.3831493711206555,2.1596999999999995
2026-04-29,KXGDPYEAR-31,2026-08-04,2.248014310493019,2.3,2.8,-0.037566168275753146,-0.7012489658312346,2.719168761277071
2026-04-29,KXGDPYEAR-32,2026-08-04,2.675002825369558,2.3,1.8,0.23810070525900007,-1.1546447091476657,3.45779719496512
2026-04-29,KXGDPYEAR-33,2026-08-05,2.8592210044753155,2.3,2.3,0.3689059934043657,-1.0555602215262991,3.4287871306045083
2026-04-29,KXGDPYEAR-34,2026-08-05,2.3636376657707103,2.3,0.1,0.04455795922498969,-0.6997330658180774,3.1110572835108945
2026-04-29,KXGDPYEAR-35,2026-08-04,2.749826891591256,2.8,1.8,-0.03218786147859579,-1.1621044533643832,3.3473672445211338
2026-04-29,KXGDPYEAR-36,2026-08-04,2.695242416882835,2.3,0.1,0.24894730630532177,-1.127603469239581,3.5316813541751007
2026-04-30,KXGDPYEAR-26,2026-08-05,2.263802953057288,2.3,2.3,-0.04439684471774745,1.4521724770535087,1.430337111620318
2026-04-30,KXGDPYEAR-27,2026-08-05,2.0076383085144998,1.8,1.8,0.37400640422233034,2.898797807861639,0.6732893756761689
2026-04-30,KXGDPYEAR-28,2026-08-04,2.4731462188993745,2.3,2.3,0.1400696034980221,-0.34308140549094945,2.8598708587524024
2026-04-30,KXGDPYEAR-29,2026-08-04,2.3444515498705965,2.3,2.8,0.03264685533572642,-0.4834652040264813,2.997886909329589
2026-04-30,KXGDPYEAR-30,2026-08-05,2.53,2.3,2.3,0.20390070921985817,-0.3831493711206555,2.1596999999999995
2026-04-30,KXGDPYEAR-31,2026-08-04,2.248014310493019,2.3,2.8,-0.037566168275753146,-0.7012489658312346,2.719168761277071
2026-04-30,KXGDPYEAR-32,2026-08-04,2.675002825369558,2.3,1.8,0.23810070525900007,-1.1546447091476657,3.45779719496512
2026-04-30,KXGDPYEAR-33,2026-08-05,2.8592210044753155,2.3,2.3,0.3689059934043657,-1.0555602215262991,3.4287871306045083
2026-04-30,KXGDPYEAR-34,2026-08-05,2.3636376657707103,2.3,0.1,0.04455795922498969,-0.6997330658180774,3.1110572835108945
2026-04-30,KXGDPYEAR-35,2026-08-04,2.749826891591256,2.8,1.8,-0.03218786147859579,-1.1621044533643832,3.3473672445211338
2026-04-30,KXGDPYEAR-36,2026-08-04,2.695242416882835,2.3,0.1,0.24894730630532177,-1.127603469239581,3.5316813541751007
2026-05-01,KXGDPYEAR-26,2026-08-05,2.2435990498208915,2.3,2.3,-0.06676546983608678,1.3500492099057029,1.4664632419789745
2026-05-01,KXGDPYEAR-27,2026-08-05,2.0076383085144998,1.8,1.8,0.37400640422233034,2.898797807861639,0.6732893756761689
2026-05-01,KXGDPYEAR-28,2026-08-04,2.4731462188993745,2.3,2.3,0.1400696034980221,-0.34308140549094945,2.8598708587524024
2026-05-01,KXGDPYEAR-29,2026-08-04,2.3444515498705965,2.3,2.8,0.03264685533572642,-0.4834652040264813,2.997886909329589
2026-05-01,KXGDPYEAR-30,2026-08-05,2.53,2.3,2.3,0.20390070921985817,-0.3831493711206555,2.1596999999999995
2026-05-01,KXGDPYEAR-31,2026-08-04,2.248014310493019,2.3,2.8,-0.037566168275753146,-0.7012489658312346,2.719168761277071
2026-05-01,KXGDPYEAR-32,2026-08-04,2.675002825369558,2.3,1.8,0.23810070525900007,-1.1546447091476657,3.45779719496512
2026-05-01,KXGDPYEAR-33,2026-08-05,2.8592210044753155,2.3,2.3,0.3689059934043657,-1.0555602215262991,3.4287871306045083
2026-05-01,KXGDPYEAR-34,2026-08-05,2.3636376657707103,2.3,0.1,0.04455795922498969,-0.6997330658180774,3.1110572835108945
2026-05-01,KXGDPYEAR-35,2026-08-04,2.749826891591256,2.8,1.8,-0.03218786147859579,-1.1621044533643832,3.3473672445211338
2026-05-01,KXGDPYEAR-36,2026-08-04,2.695242416882835,2.3,0.1,0.24894730630532177,-1.127603469239581,3.5316813541751007
2026-05-02,KXGDPYEAR-26,2026-08-05,2.2234378073172265,2.3,2.3,-0.09205416019691708,1.531274636408635,1.4260819160773517
2026-05-02,KXGDPYEAR-27,2026-08-05,2.0076383085144998,1.8,1.8,0.37400640422233034,2.898797807861639,0.6732893756761689
2026-05-02,KXGDPYEAR-28,2026-08-04,2.4731462188993745,2.3,2.3,0.1400696034980221,-0.34308140549094945,2.8598708587524024
2026-05-02,KXGDPYEAR-29,2026-08-04,2.3444515498705965,2.3,2.8,0.03264685533572642,-0.4834652040264813,2.997886909329589
2026-05-02,KXGDPYEAR-30,2026-08-05,2.53,2.3,2.3,0.20390070921985817,-0.3831493711206555,2.1596999999999995
2026-05-02,KXGDPYEAR-31,2026-08-04,2.248014310493019,2.3,2.8,-0.037566168275753146,-0.7012489658312346,2.719168761277071
2026-05-02,KXGDPYEAR-32,2026-08-04,2.675002825369558,2.3,1.8,0.23810070525900007,-1.1546447091476657,3.45779719496512
2026-05-02,KXGDPYEAR-33,2026-08-05,2.8592210044753155,2.3,2.3,0.3689059934043657,-1.0555602215262991,3.4287871306045083
2026-05-02,KXGDPYEAR-34,2026-08-05,2.3636376657707103,2.3,0.1,0.04455795922498969,-0.6997330658180774,3.1110572835108945
2026-05-02,KXGDPYEAR-35,2026-08-04,2.749826891591256,2.8,1.8,-0.03218786147859579,-1.1621044533643832,3.3473672445211338
2026-05-02,KXGDPYEAR-36,2026-08-04,2.695242416882835,2.3,0.1,0.24894730630532177,-1.127603469239581,3.5316813541751007
2026-05-03,KXGDPYEAR-26,2026-08-05,2.2038822648372123,2.3,2.3,-0.11589530283686149,1.6346402979615364,1.4177763978632862
2026-05-03,KXGDPYEAR-27,2026-08-05,2.0076383085144998,1.8,1.8,0.37400640422233034,2.898797807861639,0.6732893756761689
2026-05-03,KXGDPYEAR-28,2026-08-04,2.4731462188993745,2.3,2.3,0.1400696034980221,-0.34308140549094945,2.8598708587524024
2026-05-03,KXGDPYEAR-29,2026-08-04,2.3444515498705965,2.3,2.8,0.03264685533572642,-0.4834652040264813,2.997886909329589
2026-05-03,KXGDPYEAR-30,2026-08-05,2.53,2.3,2.3,0.20390070921985817,-0.3831493711206555,2.1596999999999995
2026-05-03,KXGDPYEAR-31,2026-08-04,2.248014310493019,2.3,2.8,-0.037566168275753146,-0.7012489658312346,2.719168761277071
2026-05-03,KXGDPYEAR-32,2026-08-04,2.675002825369558,2.3,1.8,0.23810070525900007,-1.1546447091476657,3.45779719496512
2026-05-03,KXGDPYEAR-33,2026-08-05,2.8592210044753155,2.3,2.3,0.3689059934043657,-1.0555602215262991,3.4287871306045083
2026-05-03,KXGDPYEAR-34,2026-08-05,2.3636376657707103,2.3,0.1,0.04455795922498969,-0.6997330658180774,3.1110572835108945
2026-05-03,KXGDPYEAR-35,2026-08-04,2.749826891591256,2.8,1.8,-0.03218786147859579,-1.1621044533643832,3.3473672445211338
2026-05-03,KXGDPYEAR-36,2026-08-04,2.695242416882835,2.3,0.1,0.24894730630532177,-1.127603469239581,3.5316813541751007
2026-05-04,KXGDPYEAR-26,2026-08-05,2.2038822648372123,2.3,2.3,-0.11589530283686149,1.6346402979615364,1.4177763978632862
2026-05-04,KXGDPYEAR-27,2026-08-05,2.0076383085144998,1.8,1.8,0.37400640422233034,2.898797807861639,0.6732893756761689
2026-05-04,KXGDPYEAR-28,2026-08-04,2.4731462188993745,2.3,2.3,0.1400696034980221,-0.34308140549094945,2.8598708587524024
2026-05-04,KXGDPYEAR-29,2026-08-04,2.3444515498705965,2.3,2.8,0.03264685533572642,-0.4834652040264813,2.997886909329589
2026-05-04,KXGDPYEAR-30,2026-08-05,2.53,2.3,2.3,0.20390070921985817,-0.3831493711206555,2.1596999999999995
2026-05-04,KXGDPYEAR-31,2026-08-04,2.248014310493019,2.3,2.8,-0.037566168275753146,-0.7012489658312346,2.719168761277071
2026-05-04,KXGDPYEAR-32,2026-08-04,2.675002825369558,2.3,1.8,0.23810070525900007,-1.1546447091476657,3.45779719496512
2026-05-04,KXGDPYEAR-33,2026-08-05,2.8592210044753155,2.3,2.3,0.3689059934043657,-1.0555602215262991,3.4287871306045083
2026-05-04,KXGDPYEAR-34,2026-08-05,2.3636376657707103,2.3,0.1,0.04455795922498969,-0.6997330658180774,3.1110572835108945
2026-05-04,KXGDPYEAR-35,2026-08-04,2.749826891591256,2.8,1.8,-0.03218786147859579,-1.1621044533643832,3.3473672445211338
2026-05-04,KXGDPYEAR-36,2026-08-04,2.695242416882835,2.3,0.1,0.24894730630532177,-1.127603469239581,3.5316813541751007
2026-05-05,KXGDPYEAR-26,2026-08-05,2.196431663689924,2.3,2.3,-0.12543283552418757,1.6982951588944424,1.4076642694841044
2026-05-05,KXGDPYEAR-27,2026-08-05,2.0076383085144998,1.8,1.8,0.37400640422233034,2.898797807861639,0.6732893756761689
2026-05-05,KXGDPYEAR-28,2026-08-04,2.4731462188993745,2.3,2.3,0.1400696034980221,-0.34308140549094945,2.8598708587524024
2026-05-05,KXGDPYEAR-29,2026-08-04,2.3444515498705965,2.3,2.8,0.03264685533572642,-0.4834652040264813,2.997886909329589
2026-05-05,KXGDPYEAR-30,2026-08-05,2.53,2.3,2.3,0.20390070921985817,-0.3831493711206555,2.1596999999999995
2026-05-05,KXGDPYEAR-31,2026-08-04,2.248014310493019,2.3,2.8,-0.037566168275753146,-0.7012489658312346,2.719168761277071
2026-05-05,KXGDPYEAR-32,2026-08-04,2.675002825369558,2.3,1.8,0.23810070525900007,-1.1546447091476657,3.45779719496512
2026-05-05,KXGDPYEAR-33,2026-08-05,2.8592210044753155,2.3,2.3,0.3689059934043657,-1.0555602215262991,3.4287871306045083
2026-05-05,KXGDPYEAR-34,2026-08-05,2.3636376657707103,2.3,0.1,0.04455795922498969,-0.6997330658180774,3.1110572835108945
2026-05-05,KXGDPYEAR-35,2026-08-04,2.749826891591256,2.8,1.8,-0.03218786147859579,-1.1621044533643832,3.3473672445211338
2026-05-05,KXGDPYEAR-36,2026-08-04,2.695242416882835,2.3,0.1,0.24894730630532177,-1.127603469239581,3.5316813541751007
2026-05-06,KXGDPYEAR-26,2026-08-05,2.330120653332585,2.3,2.3,0.040862226911936174,2.2285589315695455,1.2381102731391431
2026-05-06,KXGDPYEAR-27,2026-08-05,2.0076383085144998,1.8,1.8,0.37400640422233034,2.898797807861639,0.6732893756761689
2026-05-06,KXGDPYEAR-28,2026-08-04,2.4731462188993745,2.3,2.3,0.1400696034980221,-0.34308140549094945,2.8598708587524024
2026-05-06,KXGDPYEAR-29,2026-08-04,2.3444515498705965,2.3,2.8,0.03264685533572642,-0.4834652040264813,2.997886909329589
2026-05-06,KXGDPYEAR-30,2026-08-05,2.53,2.3,2.3,0.20390070921985817,-0.3831493711206555,2.1596999999999995
2026-05-06,KXGDPYEAR-31,2026-08-04,2.248014310493019,2.3,2.8,-0.037566168275753146,-0.7012489658312346,2.719168761277071
2026-05-06,KXGDPYEAR-32,2026-08-04,2.675002825369558,2.3,1.8,0.23810070525900007,-1.1546447091476657,3.45779719496512
2026-05-06,KXGDPYEAR-33,2026-08-05,2.8592210044753155,2.3,2.3,0.3689059934043657,-1.0555602215262991,3.4287871306045083
2026-05-06,KXGDPYEAR-34,2026-08-05,2.3636376657707103,2.3,0.1,0.04455795922498969,-0.6997330658180774,3.1110572835108945
2026-05-06,KXGDPYEAR-35,2026-08-04,2.749826891591256,2.8,1.8,-0.03218786147859579,-1.1621044533643832,3.3473672445211338
2026-05-06,KXGDPYEAR-36,2026-08-04,2.695242416882835,2.3,0.1,0.24894730630532177,-1.127603469239581,3.5316813541751007
2026-05-07,KXGDPYEAR-26,2026-08-05,2.3351850301895993,2.3,2.3,0.047643933225251296,2.196043308837778,1.2365314731086032
2026-05-07,KXGDPYEAR-27,2026-08-05,2.0076383085144998,1.8,1.8,0.37400640422233034,2.898797807861639,0.6732893756761689
2026-05-07,KXGDPYEAR-28,2026-08-04,2.4731462188993745,2.3,2.3,0.1400696034980221,-0.34308140549094945,2.8598708587524024
2026-05-07,KXGDPYEAR-29,2026-08-04,2.3444515498705965,2.3,2.8,0.03264685533572642,-0.4834652040264813,2.997886909329589
2026-05-07,KXGDPYEAR-30,2026-08-05,2.53,2.3,2.3,0.20390070921985817,-0.3831493711206555,2.1596999999999995
2026-05-07,KXGDPYEAR-31,2026-08-04,2.248014310493019,2.3,2.8,-0.037566168275753146,-0.7012489658312346,2.719168761277071
2026-05-07,KXGDPYEAR-32,2026-08-04,2.675002825369558,2.3,1.8,0.23810070525900007,-1.1546447091476657,3.45779719496512
2026-05-07,KXGDPYEAR-33,2026-08-05,2.8592210044753155,2.3,2.3,0.3689059934043657,-1.0555602215262991,3.4287871306045083
2026-05-07,KXGDPYEAR-34,2026-08-05,2.3636376657707103,2.3,0.1,0.04455795922498969,-0.6997330658180774,3.1110572835108945
2026-05-07,KXGDPYEAR-35,2026-08-04,2.749826891591256,2.8,1.8,-0.03218786147859579,-1.1621044533643832,3.3473672445211338
2026-05-07,KXGDPYEAR-36,2026-08-04,2.695242416882835,2.3,0.1,0.24894730630532177,-1.127603469239581,3.5316813541751007
2026-05-08,KXGDPYEAR-26,2026-08-05,2.3488954490252634,2.3,2.3,0.06740469394528747,2.287284051962521,1.1957233390533382
2026-05-08,KXGDPYEAR-27,2026-08-05,2.0076383085144998,1.8,1.8,0.37400640422233034,2.898797807861639,0.6732893756761689
2026-05-08,KXGDPYEAR-28,2026-08-04,2.4731462188993745,2.3,2.3,0.1400696034980221,-0.34308140549094945,2.8598708587524024
2026-05-08,KXGDPYEAR-29,2026-08-04,2.3444515498705965,2.3,2.8,0.03264685533572642,-0.4834652040264813,2.997886909329589
2026-05-08,KXGDPYEAR-30,2026-08-05,2.53,2.3,2.3,0.20390070921985817,-0.3831493711206555,2.1596999999999995
2026-05-08,KXGDPYEAR-31,2026-08-04,2.248014310493019,2.3,2.8,-0.037566168275753146,-0.7012489658312346,2.719168761277071
2026-05-08,KXGDPYEAR-32,2026-08-04,2.675002825369558,2.3,1.8,0.23810070525900007,-1.1546447091476657,3.45779719496512
2026-05-08,KXGDPYEAR-33,2026-08-05,2.8592210044753155,2.3,2.3,0.3689059934043657,-1.0555602215262991,3.4287871306045083
2026-05-08,KXGDPYEAR-34,2026-08-05,2.3636376657707103,2.3,0.1,0.04455795922498969,-0.6997330658180774,3.1110572835108945
2026-05-08,KXGDPYEAR-35,2026-08-04,2.749826891591256,2.8,1.8,-0.03218786147859579,-1.1621044533643832,3.3473672445211338
2026-05-08,KXGDPYEAR-36,2026-08-04,2.695242416882835,2.3,0.1,0.24894730630532177,-1.127603469239581,3.5316813541751007
2026-05-09,KXGDPYEAR-26,2026-08-05,2.2649547249239883,2.3,2.3,-0.05301579696758981,2.9590945539672333,0.9708150474383224
2026-05-09,KXGDPYEAR-27,2026-08-05,2.0076383085144998,1.8,1.8,0.37400640422233034,2.898797807861639,0.6732893756761689
2026-05-09,KXGDPYEAR-28,2026-08-04,2.4731462188993745,2.3,2.3,0.1400696034980221,-0.34308140549094945,2.8598708587524024
2026-05-09,KXGDPYEAR-29,2026-08-04,2.3444515498705965,2.3,2.8,0.03264685533572642,-0.4834652040264813,2.997886909329589
2026-05-09,KXGDPYEAR-30,2026-08-05,2.53,2.3,2.3,0.20390070921985817,-0.3831493711206555,2.1596999999999995
2026-05-09,KXGDPYEAR-31,2026-08-04,2.248014310493019,2.3,2.8,-0.037566168275753146,-0.7012489658312346,2.719168761277071
2026-05-09,KXGDPYEAR-32,2026-08-04,2.675002825369558,2.3,1.8,0.23810070525900007,-1.1546447091476657,3.45779719496512
2026-05-09,KXGDPYEAR-33,2026-08-05,2.8592210044753155,2.3,2.3,0.3689059934043657,-1.0555602215262991,3.4287871306045083
2026-05-09,KXGDPYEAR-34,2026-08-05,2.3636376657707103,2.3,0.1,0.04455795922498969,-0.6997330658180774,3.1110572835108945
2026-05-09,KXGDPYEAR-35,2026-08-04,2.749826891591256,2.8,1.8,-0.03218786147859579,-1.1621044533643832,3.3473672445211338
2026-05-09,KXGDPYEAR-36,2026-08-04,2.695242416882835,2.3,0.1,0.24894730630532177,-1.127603469239581,3.5316813541751007
2026-05-10,KXGDPYEAR-26,2026-08-05,2.2041238062080915,2.3,2.3,-0.1385832480224241,2.718123078687994,1.0072314557326751
2026-05-10,KXGDPYEAR-27,2026-08-05,2.0076383085144998,1.8,1.8,0.37400640422233034,2.898797807861639,0.6732893756761689
2026-05-10,KXGDPYEAR-28,2026-08-04,2.4731462188993745,2.3,2.3,0.1400696034980221,-0.34308140549094945,2.8598708587524024
2026-05-10,KXGDPYEAR-29,2026-08-04,2.3444515498705965,2.3,2.8,0.03264685533572642,-0.4834652040264813,2.997886909329589
2026-05-10,KXGDPYEAR-30,2026-08-05,2.53,2.3,2.3,0.20390070921985817,-0.3831493711206555,2.1596999999999995
2026-05-10,KXGDPYEAR-31,2026-08-04,2.248014310493019,2.3,2.8,-0.037566168275753146,-0.7012489658312346,2.719168761277071
2026-05-10,KXGDPYEAR-32,2026-08-04,2.675002825369558,2.3,1.8,0.23810070525900007,-1.1546447091476657,3.45779719496512
2026-05-10,KXGDPYEAR-33,2026-08-05,2.8592210044753155,2.3,2.3,0.3689059934043657,-1.0555602215262991,3.4287871306045083
2026-05-10,KXGDPYEAR-34,2026-08-05,2.3636376657707103,2.3,0.1,0.04455795922498969,-0.6997330658180774,3.1110572835108945
2026-05-10,KXGDPYEAR-35,2026-08-04,2.749826891591256,2.8,1.8,-0.03218786147859579,-1.1621044533643832,3.3473672445211338
2026-05-10,KXGDPYEAR-36,2026-08-04,2.695242416882835,2.3,0.1,0.24894730630532177,-1.127603469239581,3.5316813541751007
2026-05-11,KXGDPYEAR-26,2026-08-05,2.1772373520123707,2.3,1.8,-0.16748178173973707,2.378239559494781,1.0779424626903833
2026-05-11,KXGDPYEAR-27,2026-08-05,2.0076383085144998,1.8,1.8,0.37400640422233034,2.898797807861639,0.6732893756761689
2026-05-11,KXGDPYEAR-28,2026-08-04,2.4731462188993745,2.3,2.3,0.1400696034980221,-0.34308140549094945,2.8598708587524024
2026-05-11,KXGDPYEAR-29,2026-08-04,2.3444515498705965,2.3,2.8,0.03264685533572642,-0.4834652040264813,2.997886909329589
2026-05-11,KXGDPYEAR-30,2026-08-05,2.53,2.3,2.3,0.20390070921985817,-0.3831493711206555,2.1596999999999995
2026-05-11,KXGDPYEAR-31,2026-08-04,2.248014310493019,2.3,2.8,-0.037566168275753146,-0.7012489658312346,2.719168761277071
2026-05-11,KXGDPYEAR-32,2026-08-04,2.675002825369558,2.3,1.8,0.23810070525900007,-1.1546447091476657,3.45779719496512
2026-05-11,KXGDPYEAR-33,2026-08-05,2.8592210044753155,2.3,2.3,0.3689059934043657,-1.0555602215262991,3.4287871306045083
2026-05-11,KXGDPYEAR-34,2026-08-05,2.3636376657707103,2.3,0.1,0.04455795922498969,-0.6997330658180774,3.1110572835108945
2026-05-11,KXGDPYEAR-35,2026-08-04,2.749826891591256,2.8,1.8,-0.03218786147859579,-1.1621044533643832,3.3473672445211338
2026-05-11,KXGDPYEAR-36,2026-08-04,2.695242416882835,2.3,0.1,0.24894730630532177,-1.127603469239581,3.5316813541751007
2026-05-12,KXGDPYEAR-26,2026-08-05,2.1382087017358775,2.3,1.8,-0.21814159456030038,2.3684765967292964,1.0965115495699496
2026-05-12,KXGDPYEAR-27,2026-08-05,2.0076383085144998,1.8,1.8,0.37400640422233034,2.898797807861639,0.6732893756761689
2026-05-12,KXGDPYEAR-28,2026-08-04,2.4731462188993745,2.3,2.3,0.1400696034980221,-0.34308140549094945,2.8598708587524024
2026-05-12,KXGDPYEAR-29,2026-08-04,2.3444515498705965,2.3,2.8,0.03264685533572642,-0.4834652040264813,2.997886909329589
2026-05-12,KXGDPYEAR-30,2026-08-05,2.53,2.3,2.3,0.20390070921985817,-0.3831493711206555,2.1596999999999995
2026-05-12,KXGDPYEAR-31,2026-08-04,2.248014310493019,2.3,2.8,-0.037566168275753146,-0.7012489658312346,2.719168761277071
2026-05-12,KXGDPYEAR-32,2026-08-04,2.675002825369558,2.3,1.8,0.23810070525900007,-1.1546447091476657,3.45779719496512
2026-05-12,KXGDPYEAR-33,2026-08-05,2.8592210044753155,2.3,2.3,0.3689059934043657,-1.0555602215262991,3.4287871306045083
2026-05-12,KXGDPYEAR-34,2026-08-05,2.3636376657707103,2.3,0.1,0.04455795922498969,-0.6997330658180774,3.1110572835108945
2026-05-12,KXGDPYEAR-35,2026-08-04,2.749826891591256,2.8,1.8,-0.03218786147859579,-1.1621044533643832,3.3473672445211338
2026-05-12,KXGDPYEAR-36,2026-08-04,2.695242416882835,2.3,0.1,0.24894730630532177,-1.127603469239581,3.5316813541751007
2026-05-13,KXGDPYEAR-26,2026-08-05,2.1401079248308323,2.3,1.8,-0.21566365564530662,2.3637897461957866,1.095626792288234
2026-05-13,KXGDPYEAR-27,2026-08-05,2.0076383085144998,1.8,1.8,0.37400640422233034,2.898797807861639,0.6732893756761689
2026-05-13,KXGDPYEAR-28,2026-08-04,2.4731462188993745,2.3,2.3,0.1400696034980221,-0.34308140549094945,2.8598708587524024
2026-05-13,KXGDPYEAR-29,2026-08-04,2.3444515498705965,2.3,2.8,0.03264685533572642,-0.4834652040264813,2.997886909329589
2026-05-13,KXGDPYEAR-30,2026-08-05,2.53,2.3,2.3,0.20390070921985817,-0.3831493711206555,2.1596999999999995
2026-05-13,KXGDPYEAR-31,2026-08-04,2.248014310493019,2.3,2.8,-0.037566168275753146,-0.7012489658312346,2.719168761277071
2026-05-13,KXGDPYEAR-32,2026-08-04,2.675002825369558,2.3,1.8,0.23810070525900007,-1.1546447091476657,3.45779719496512
2026-05-13,KXGDPYEAR-33,2026-08-05,2.8592210044753155,2.3,2.3,0.3689059934043657,-1.0555602215262991,3.4287871306045083
2026-05-13,KXGDPYEAR-34,2026-08-05,2.3636376657707103,2.3,0.1,0.04455795922498969,-0.6997330658180774,3.1110572835108945
2026-05-13,KXGDPYEAR-35,2026-08-04,2.749826891591256,2.8,1.8,-0.03218786147859579,-1.1621044533643832,3.3473672445211338
2026-05-13,KXGDPYEAR-36,2026-08-04,2.695242416882835,2.3,0.1,0.24894730630532177,-1.127603469239581,3.5316813541751007
2026-05-14,KXGDPYEAR-26,2026-08-05,2.1807532047764795,2.3,1.8,-0.16080382785473712,2.131213787555482,1.1403024973322669
2026-05-14,KXGDPYEAR-27,2026-08-05,2.0076383085144998,1.8,1.8,0.37400640422233034,2.898797807861639,0.6732893756761689
2026-05-14,KXGDPYEAR-28,2026-08-04,2.4731462188993745,2.3,2.3,0.1400696034980221,-0.34308140549094945,2.8598708587524024
2026-05-14,KXGDPYEAR-29,2026-08-04,2.3444515498705965,2.3,2.8,0.03264685533572642,-0.4834652040264813,2.997886909329589
2026-05-14,KXGDPYEAR-30,2026-08-05,2.53,2.3,2.3,0.20390070921985817,-0.3831493711206555,2.1596999999999995
2026-05-14,KXGDPYEAR-31,2026-08-04,2.248014310493019,2.3,2.8,-0.037566168275753146,-0.7012489658312346,2.719168761277071
2026-05-14,KXGDPYEAR-32,2026-08-04,2.675002825369558,2.3,1.8,0.23810070525900007,-1.1546447091476657,3.45779719496512
2026-05-14,KXGDPYEAR-33,2026-08-05,2.8592210044753155,2.3,2.3,0.3689059934043657,-1.0555602215262991,3.4287871306045083
2026-05-14,KXGDPYEAR-34,2026-08-05,2.3636376657707103,2.3,0.1,0.04455795922498969,-0.6997330658180774,3.1110572835108945
2026-05-14,KXGDPYEAR-35,2026-08-04,2.749826891591256,2.8,1.8,-0.03218786147859579,-1.1621044533643832,3.3473672445211338
2026-05-14,KXGDPYEAR-36,2026-08-04,2.695242416882835,2.3,0.1,0.24894730630532177,-1.127603469239581,3.5316813541751007
2026-05-15,KXGDPYEAR-26,2026-08-05,2.1958525216905693,2.3,2.3,-0.14250077213088705,2.113908057709727,1.1364408470909855
2026-05-15,KXGDPYEAR-27,2026-08-05,2.0076383085144998,1.8,1.8,0.37400640422233034,2.898797807861639,0.6732893756761689
2026-05-15,KXGDPYEAR-28,2026-08-04,2.4731462188993745,2.3,2.3,0.1400696034980221,-0.34308140549094945,2.8598708587524024
2026-05-15,KXGDPYEAR-29,2026-08-04,2.3444515498705965,2.3,2.8,0.03264685533572642,-0.4834652040264813,2.997886909329589
2026-05-15,KXGDPYEAR-30,2026-08-05,2.53,2.3,2.3,0.20390070921985817,-0.3831493711206555,2.1596999999999995
2026-05-15,KXGDPYEAR-31,2026-08-04,2.248014310493019,2.3,2.8,-0.037566168275753146,-0.7012489658312346,2.719168761277071
2026-05-15,KXGDPYEAR-32,2026-08-04,2.675002825369558,2.3,1.8,0.23810070525900007,-1.1546447091476657,3.45779719496512
2026-05-15,KXGDPYEAR-33,2026-08-05,2.8592210044753155,2.3,2.3,0.3689059934043657,-1.0555602215262991,3.4287871306045083
2026-05-15,KXGDPYEAR-34,2026-08-05,2.3636376657707103,2.3,0.1,0.04455795922498969,-0.6997330658180774,3.1110572835108945
2026-05-15,KXGDPYEAR-35,2026-08-04,2.749826891591256,2.8,1.8,-0.03218786147859579,-1.1621044533643832,3.3473672445211338
2026-05-15,KXGDPYEAR-36,2026-08-04,2.695242416882835,2.3,0.1,0.24894730630532177,-1.127603469239581,3.5316813541751007
2026-05-16,KXGDPYEAR-26,2026-08-05,2.1950933454469994,2.3,2.3,-0.14362731528410272,2.123398685983841,1.1345003985688733
2026-05-16,KXGDPYEAR-27,2026-08-05,2.0076383085144998,1.8,1.8,0.37400640422233034,2.898797807861639,0.6732893756761689
2026-05-16,KXGDPYEAR-28,2026-08-04,2.4731462188993745,2.3,2.3,0.1400696034980221,-0.34308140549094945,2.8598708587524024
2026-05-16,KXGDPYEAR-29,2026-08-04,2.3444515498705965,2.3,2.8,0.03264685533572642,-0.4834652040264813,2.997886909329589
2026-05-16,KXGDPYEAR-30,2026-08-05,2.53,2.3,2.3,0.20390070921985817,-0.3831493711206555,2.1596999999999995
2026-05-16,KXGDPYEAR-31,2026-08-04,2.248014310493019,2.3,2.8,-0.037566168275753146,-0.7012489658312346,2.719168761277071
2026-05-16,KXGDPYEAR-32,2026-08-04,2.675002825369558,2.3,1.8,0.23810070525900007,-1.1546447091476657,3.45779719496512
2026-05-16,KXGDPYEAR-33,2026-08-05,2.8592210044753155,2.3,2.3,0.3689059934043657,-1.0555602215262991,3.4287871306045083
2026-05-16,KXGDPYEAR-34,2026-08-05,2.3636376657707103,2.3,0.1,0.04455795922498969,-0.6997330658180774,3.1110572835108945
2026-05-16,KXGDPYEAR-35,2026-08-04,2.749826891591256,2.8,1.8,-0.03218786147859579,-1.1621044533643832,3.3473672445211338
2026-05-16,KXGDPYEAR-36,2026-08-04,2.695242416882835,2.3,0.1,0.24894730630532177,-1.127603469239581,3.5316813541751007
2026-05-17,KXGDPYEAR-26,2026-08-05,2.1950933454469994,2.3,2.3,-0.14362731528410272,2.123398685983841,1.1345003985688733
2026-05-17,KXGDPYEAR-27,2026-08-05,2.0076383085144998,1.8,1.8,0.37400640422233034,2.898797807861639,0.6732893756761689
2026-05-17,KXGDPYEAR-28,2026-08-04,2.4731462188993745,2.3,2.3,0.1400696034980221,-0.34308140549094945,2.8598708587524024
2026-05-17,KXGDPYEAR-29,2026-08-04,2.3444515498705965,2.3,2.8,0.03264685533572642,-0.4834652040264813,2.997886909329589
2026-05-17,KXGDPYEAR-30,2026-08-05,2.53,2.3,2.3,0.20390070921985817,-0.3831493711206555,2.1596999999999995
2026-05-17,KXGDPYEAR-31,2026-08-04,2.248014310493019,2.3,2.8,-0.037566168275753146,-0.7012489658312346,2.719168761277071
2026-05-17,KXGDPYEAR-32,2026-08-04,2.675002825369558,2.3,1.8,0.23810070525900007,-1.1546447091476657,3.45779719496512
2026-05-17,KXGDPYEAR-33,2026-08-05,2.8592210044753155,2.3,2.3,0.3689059934043657,-1.0555602215262991,3.4287871306045083
2026-05-17,KXGDPYEAR-34,2026-08-05,2.3636376657707103,2.3,0.1,0.04455795922498969,-0.6997330658180774,3.1110572835108945
2026-05-17,KXGDPYEAR-35,2026-08-04,2.749826891591256,2.8,1.8,-0.03218786147859579,-1.1621044533643832,3.3473672445211338
2026-05-17,KXGDPYEAR-36,2026-08-04,2.695242416882835,2.3,0.1,0.24894730630532177,-1.127603469239581,3.5316813541751007
2026-05-18,KXGDPYEAR-26,2026-08-05,2.1381953581753166,2.3,2.3,-0.21300102100468069,2.049640281634013,1.147181239006099
2026-05-18,KXGDPYEAR-27,2026-08-05,2.0076383085144998,1.8,1.8,0.37400640422233034,2.898797807861639,0.6732893756761689
2026-05-18,KXGDPYEAR-28,2026-08-04,2.4731462188993745,2.3,2.3,0.1400696034980221,-0.34308140549094945,2.8598708587524024
2026-05-18,KXGDPYEAR-29,2026-08-04,2.3444515498705965,2.3,2.8,0.03264685533572642,-0.4834652040264813,2.997886909329589
2026-05-18,KXGDPYEAR-30,2026-08-05,2.53,2.3,2.3,0.20390070921985817,-0.3831493711206555,2.1596999999999995
2026-05-18,KXGDPYEAR-31,2026-08-04,2.248014310493019,2.3,2.8,-0.037566168275753146,-0.7012489658312346,2.719168761277071
2026-05-18,KXGDPYEAR-32,2026-08-04,2.675002825369558,2.3,1.8,0.23810070525900007,-1.1546447091476657,3.45779719496512
2026-05-18,KXGDPYEAR-33,2026-08-05,2.8592210044753155,2.3,2.3,0.3689059934043657,-1.0555602215262991,3.4287871306045083
2026-05-18,KXGDPYEAR-34,2026-08-05,2.3636376657707103,2.3,0.1,0.04455795922498969,-0.6997330658180774,3.1110572835108945
2026-05-18,KXGDPYEAR-35,2026-08-04,2.749826891591256,2.8,1.8,-0.03218786147859579,-1.1621044533643832,3.3473672445211338
2026-05-18,KXGDPYEAR-36,2026-08-04,2.695242416882835,2.3,0.1,0.24894730630532177,-1.127603469239581,3.5316813541751007
2026-05-19,KXGDPYEAR-26,2026-08-05,2.15047398242189,2.3,2.3,-0.19645802000250256,2.0212218719623287,1.1525949681485117
2026-05-19,KXGDPYEAR-27,2026-08-05,2.0076383085144998,1.8,1.8,0.37400640422233034,2.898797807861639,0.6732893756761689
2026-05-19,KXGDPYEAR-28,2026-08-04,2.4731462188993745,2.3,2.3,0.1400696034980221,-0.34308140549094945,2.8598708587524024
2026-05-19,KXGDPYEAR-29,2026-08-04,2.3444515498705965,2.3,2.8,0.03264685533572642,-0.4834652040264813,2.997886909329589
2026-05-19,KXGDPYEAR-30,2026-08-05,2.53,2.3,2.3,0.20390070921985817,-0.3831493711206555,2.1596999999999995
2026-05-19,KXGDPYEAR-31,2026-08-04,2.248014310493019,2.3,2.8,-0.037566168275753146,-0.7012489658312346,2.719168761277071
2026-05-19,KXGDPYEAR-32,2026-08-04,2.675002825369558,2.3,1.8,0.23810070525900007,-1.1546447091476657,3.45779719496512
2026-05-19,KXGDPYEAR-33,2026-08-05,2.8592210044753155,2.3,2.3,0.3689059934043657,-1.0555602215262991,3.4287871306045083
2026-05-19,KXGDPYEAR-34,2026-08-05,2.3636376657707103,2.3,0.1,0.04455795922498969,-0.6997330658180774,3.1110572835108945
2026-05-19,KXGDPYEAR-35,2026-08-04,2.749826891591256,2.8,1.8,-0.03218786147859579,-1.1621044533643832,3.3473672445211338
2026-05-19,KXGDPYEAR-36,2026-08-04,2.695242416882835,2.3,0.1,0.24894730630532177,-1.127603469239581,3.5316813541751007
2026-05-20,KXGDPYEAR-26,2026-08-05,2.1478617532465307,2.3,1.8,-0.19905039436012298,2.0358448803235305,1.1520198277509612
2026-05-20,KXGDPYEAR-27,2026-08-05,2.0076383085144998,1.8,1.8,0.37400640422233034,2.898797807861639,0.6732893756761689
2026-05-20,KXGDPYEAR-28,2026-08-04,2.4731462188993745,2.3,2.3,0.1400696034980221,-0.34308140549094945,2.8598708587524024
2026-05-20,KXGDPYEAR-29,2026-08-04,2.3444515498705965,2.3,2.8,0.03264685533572642,-0.4834652040264813,2.997886909329589
2026-05-20,KXGDPYEAR-30,2026-08-05,2.53,2.3,2.3,0.20390070921985817,-0.3831493711206555,2.1596999999999995
2026-05-20,KXGDPYEAR-31,2026-08-04,2.248014310493019,2.3,2.8,-0.037566168275753146,-0.7012489658312346,2.719168761277071
2026-05-20,KXGDPYEAR-32,2026-08-04,2.675002825369558,2.3,1.8,0.23810070525900007,-1.1546447091476657,3.45779719496512
2026-05-20,KXGDPYEAR-33,2026-08-05,2.8592210044753155,2.3,2.3,0.3689059934043657,-1.0555602215262991,3.4287871306045083
2026-05-20,KXGDPYEAR-34,2026-08-05,2.3636376657707103,2.3,0.1,0.04455795922498969,-0.6997330658180774,3.1110572835108945
2026-05-20,KXGDPYEAR-35,2026-08-04,2.749826891591256,2.8,1.8,-0.03218786147859579,-1.1621044533643832,3.3473672445211338
2026-05-20,KXGDPYEAR-36,2026-08-04,2.695242416882835,2.3,0.1,0.24894730630532177,-1.127603469239581,3.5316813541751007
2026-05-21,KXGDPYEAR-26,2026-08-05,2.146771447094444,2.3,1.8,-0.20040665854954248,2.036324984184664,1.1521260382563425
2026-05-21,KXGDPYEAR-27,2026-08-05,2.0076383085144998,1.8,1.8,0.37400640422233034,2.898797807861639,0.6732893756761689
2026-05-21,KXGDPYEAR-28,2026-08-04,2.4731462188993745,2.3,2.3,0.1400696034980221,-0.34308140549094945,2.8598708587524024
2026-05-21,KXGDPYEAR-29,2026-08-04,2.3444515498705965,2.3,2.8,0.03264685533572642,-0.4834652040264813,2.997886909329589
2026-05-21,KXGDPYEAR-30,2026-08-05,2.53,2.3,2.3,0.20390070921985817,-0.3831493711206555,2.1596999999999995
2026-05-21,KXGDPYEAR-31,2026-08-04,2.248014310493019,2.3,2.8,-0.037566168275753146,-0.7012489658312346,2.719168761277071
2026-05-21,KXGDPYEAR-32,2026-08-04,2.675002825369558,2.3,1.8,0.23810070525900007,-1.1546447091476657,3.45779719496512
2026-05-21,KXGDPYEAR-33,2026-08-05,2.8592210044753155,2.3,2.3,0.3689059934043657,-1.0555602215262991,3.4287871306045083
2026-05-21,KXGDPYEAR-34,2026-08-05,2.3636376657707103,2.3,0.1,0.04455795922498969,-0.6997330658180774,3.1110572835108945
2026-05-21,KXGDPYEAR-35,2026-08-04,2.749826891591256,2.8,1.8,-0.03218786147859579,-1.1621044533643832,3.3473672445211338
2026-05-21,KXGDPYEAR-36,2026-08-04,2.695242416882835,2.3,0.1,0.24894730630532177,-1.127603469239581,3.5316813541751007
2026-05-22,KXGDPYEAR-26,2026-08-05,2.145719116488972,2.3,1.8,-0.2014270502355653,2.0270040361602364,1.1543318697644096
2026-05-22,KXGDPYEAR-27,2026-08-05,2.0076383085144998,1.8,1.8,0.37400640422233034,2.898797807861639,0.6732893756761689
2026-05-22,KXGDPYEAR-28,2026-08-04,2.4731462188993745,2.3,2.3,0.1400696034980221,-0.34308140549094945,2.8598708587524024
2026-05-22,KXGDPYEAR-29,2026-08-04,2.3444515498705965,2.3,2.8,0.03264685533572642,-0.4834652040264813,2.997886909329589
2026-05-22,KXGDPYEAR-30,2026-08-05,2.53,2.3,2.3,0.20390070921985817,-0.3831493711206555,2.1596999999999995
2026-05-22,KXGDPYEAR-31,2026-08-04,2.248014310493019,2.3,2.8,-0.037566168275753146,-0.7012489658312346,2.719168761277071
2026-05-22,KXGDPYEAR-32,2026-08-04,2.675002825369558,2.3,1.8,0.23810070525900007,-1.1546447091476657,3.45779719496512
2026-05-22,KXGDPYEAR-33,2026-08-05,2.8592210044753155,2.3,2.3,0.3689059934043657,-1.0555602215262991,3.4287871306045083
2026-05-22,KXGDPYEAR-34,2026-08-05,2.3636376657707103,2.3,0.1,0.04455795922498969,-0.6997330658180774,3.1110572835108945
2026-05-22,KXGDPYEAR-35,2026-08-04,2.749826891591256,2.8,1.8,-0.03218786147859579,-1.1621044533643832,3.3473672445211338
2026-05-22,KXGDPYEAR-36,2026-08-04,2.695242416882835,2.3,0.1,0.24894730630532177,-1.127603469239581,3.5316813541751007
2026-05-23,KXGDPYEAR-26,2026-08-05,2.145719116488972,2.3,1.8,-0.2014270502355653,2.0270040361602364,1.1543318697644096
2026-05-23,KXGDPYEAR-27,2026-08-05,2.0076383085144998,1.8,1.8,0.37400640422233034,2.898797807861639,0.6732893756761689
2026-05-23,KXGDPYEAR-28,2026-08-04,2.4731462188993745,2.3,2.3,0.1400696034980221,-0.34308140549094945,2.8598708587524024
2026-05-23,KXGDPYEAR-29,2026-08-04,2.3444515498705965,2.3,2.8,0.03264685533572642,-0.4834652040264813,2.997886909329589
2026-05-23,KXGDPYEAR-30,2026-08-05,2.53,2.3,2.3,0.20390070921985817,-0.3831493711206555,2.1596999999999995
2026-05-23,KXGDPYEAR-31,2026-08-04,2.248014310493019,2.3,2.8,-0.037566168275753146,-0.7012489658312346,2.719168761277071
2026-05-23,KXGDPYEAR-32,2026-08-04,2.675002825369558,2.3,1.8,0.23810070525900007,-1.1546447091476657,3.45779719496512
2026-05-23,KXGDPYEAR-33,2026-08-05,2.8592210044753155,2.3,2.3,0.3689059934043657,-1.0555602215262991,3.4287871306045083
2026-05-23,KXGDPYEAR-34,2026-08-05,2.3636376657707103,2.3,0.1,0.04455795922498969,-0.6997330658180774,3.1110572835108945
2026-05-23,KXGDPYEAR-35,2026-08-04,2.749826891591256,2.8,1.8,-0.03218786147859579,-1.1621044533643832,3.3473672445211338
2026-05-23,KXGDPYEAR-36,2026-08-04,2.695242416882835,2.3,0.1,0.24894730630532177,-1.127603469239581,3.5316813541751007
2026-05-24,KXGDPYEAR-26,2026-08-05,2.145719116488972,2.3,1.8,-0.2014270502355653,2.0270040361602364,1.1543318697644096
2026-05-24,KXGDPYEAR-27,2026-08-05,2.0076383085144998,1.8,1.8,0.37400640422233034,2.898797807861639,0.6732893756761689
2026-05-24,KXGDPYEAR-28,2026-08-04,2.4731462188993745,2.3,2.3,0.1400696034980221,-0.34308140549094945,2.8598708587524024
2026-05-24,KXGDPYEAR-29,2026-08-04,2.3444515498705965,2.3,2.8,0.03264685533572642,-0.4834652040264813,2.997886909329589
2026-05-24,KXGDPYEAR-30,2026-08-05,2.53,2.3,2.3,0.20390070921985817,-0.3831493711206555,2.1596999999999995
2026-05-24,KXGDPYEAR-31,2026-08-04,2.248014310493019,2.3,2.8,-0.037566168275753146,-0.7012489658312346,2.719168761277071
2026-05-24,KXGDPYEAR-32,2026-08-04,2.675002825369558,2.3,1.8,0.23810070525900007,-1.1546447091476657,3.45779719496512
2026-05-24,KXGDPYEAR-33,2026-08-05,2.8592210044753155,2.3,2.3,0.3689059934043657,-1.0555602215262991,3.4287871306045083
2026-05-24,KXGDPYEAR-34,2026-08-05,2.3636376657707103,2.3,0.1,0.04455795922498969,-0.6997330658180774,3.1110572835108945
2026-05-24,KXGDPYEAR-35,2026-08-04,2.749826891591256,2.8,1.8,-0.03218786147859579,-1.1621044533643832,3.3473672445211338
2026-05-24,KXGDPYEAR-36,2026-08-04,2.695242416882835,2.3,0.1,0.24894730630532177,-1.127603469239581,3.5316813541751007
2026-05-25,KXGDPYEAR-26,2026-08-05,2.143415164576939,2.3,1.8,-0.207276127918106,2.1777838506950857,1.1167110623538503
2026-05-25,KXGDPYEAR-27,2026-08-05,2.0076383085144998,1.8,1.8,0.37400640422233034,2.898797807861639,0.6732893756761689
2026-05-25,KXGDPYEAR-28,2026-08-04,2.4731462188993745,2.3,2.3,0.1400696034980221,-0.34308140549094945,2.8598708587524024
2026-05-25,KXGDPYEAR-29,2026-08-04,2.3444515498705965,2.3,2.8,0.03264685533572642,-0.4834652040264813,2.997886909329589
2026-05-25,KXGDPYEAR-30,2026-08-05,2.53,2.3,2.3,0.20390070921985817,-0.3831493711206555,2.1596999999999995
2026-05-25,KXGDPYEAR-31,2026-08-04,2.248014310493019,2.3,2.8,-0.037566168275753146,-0.7012489658312346,2.719168761277071
2026-05-25,KXGDPYEAR-32,2026-08-04,2.675002825369558,2.3,1.8,0.23810070525900007,-1.1546447091476657,3.45779719496512
2026-05-25,KXGDPYEAR-33,2026-08-05,2.8592210044753155,2.3,2.3,0.3689059934043657,-1.0555602215262991,3.4287871306045083
2026-05-25,KXGDPYEAR-34,2026-08-05,2.3636376657707103,2.3,0.1,0.04455795922498969,-0.6997330658180774,3.1110572835108945
2026-05-25,KXGDPYEAR-35,2026-08-04,2.749826891591256,2.8,1.8,-0.03218786147859579,-1.1621044533643832,3.3473672445211338
2026-05-25,KXGDPYEAR-36,2026-08-04,2.695242416882835,2.3,0.1,0.24894730630532177,-1.127603469239581,3.5316813541751007
2026-05-26,KXGDPYEAR-26,2026-08-05,2.125728021761769,2.3,1.8,-0.2322865429350208,2.2739093366874092,1.0941364280193868
2026-05-26,KXGDPYEAR-27,2026-08-05,2.0076383085144998,1.8,1.8,0.37400640422233034,2.898797807861639,0.6732893756761689
2026-05-26,KXGDPYEAR-28,2026-08-04,2.4731462188993745,2.3,2.3,0.1400696034980221,-0.34308140549094945,2.8598708587524024
2026-05-26,KXGDPYEAR-29,2026-08-04,2.3444515498705965,2.3,2.8,0.03264685533572642,-0.4834652040264813,2.997886909329589
2026-05-26,KXGDPYEAR-30,2026-08-05,2.53,2.3,2.3,0.20390070921985817,-0.3831493711206555,2.1596999999999995
2026-05-26,KXGDPYEAR-31,2026-08-04,2.248014310493019,2.3,2.8,-0.037566168275753146,-0.7012489658312346,2.719168761277071
2026-05-26,KXGDPYEAR-32,2026-08-04,2.675002825369558,2.3,1.8,0.23810070525900007,-1.1546447091476657,3.45779719496512
2026-05-26,KXGDPYEAR-33,2026-08-05,2.8592210044753155,2.3,2.3,0.3689059934043657,-1.0555602215262991,3.4287871306045083
2026-05-26,KXGDPYEAR-34,2026-08-05,2.3636376657707103,2.3,0.1,0.04455795922498969,-0.6997330658180774,3.1110572835108945
2026-05-26,KXGDPYEAR-35,2026-08-04,2.749826891591256,2.8,1.8,-0.03218786147859579,-1.1621044533643832,3.3473672445211338
2026-05-26,KXGDPYEAR-36,2026-08-04,2.695242416882835,2.3,0.1,0.24894730630532177,-1.127603469239581,3.5316813541751007
2026-05-27,KXGDPYEAR-26,2026-08-05,2.079784317613965,2.3,1.8,-0.30168223974352637,2.686119452204755,1.0699483809990231
2026-05-27,KXGDPYEAR-27,2026-08-05,2.0076383085144998,1.8,1.8,0.37400640422233034,2.898797807861639,0.6732893756761689
2026-05-27,KXGDPYEAR-28,2026-08-04,2.4731462188993745,2.3,2.3,0.1400696034980221,-0.34308140549094945,2.8598708587524024
2026-05-27,KXGDPYEAR-29,2026-08-04,2.3444515498705965,2.3,2.8,0.03264685533572642,-0.4834652040264813,2.997886909329589
2026-05-27,KXGDPYEAR-30,2026-08-05,2.53,2.3,2.3,0.20390070921985817,-0.3831493711206555,2.1596999999999995
2026-05-27,KXGDPYEAR-31,2026-08-04,2.248014310493019,2.3,2.8,-0.037566168275753146,-0.7012489658312346,2.719168761277071
2026-05-27,KXGDPYEAR-32,2026-08-04,2.675002825369558,2.3,1.8,0.23810070525900007,-1.1546447091476657,3.45779719496512
2026-05-27,KXGDPYEAR-33,2026-08-05,2.8592210044753155,2.3,2.3,0.3689059934043657,-1.0555602215262991,3.4287871306045083
2026-05-27,KXGDPYEAR-34,2026-08-05,2.3636376657707103,2.3,0.1,0.04455795922498969,-0.6997330658180774,3.1110572835108945
2026-05-27,KXGDPYEAR-35,2026-08-04,2.749826891591256,2.8,1.8,-0.03218786147859579,-1.1621044533643832,3.3473672445211338
2026-05-27,KXGDPYEAR-36,2026-08-04,2.695242416882835,2.3,0.1,0.24894730630532177,-1.127603469239581,3.5316813541751007
2026-05-28,KXGDPYEAR-26,2026-08-05,2.0882750268505004,2.3,1.8,-0.2941425686075526,2.7910827864060392,1.044859005052939
2026-05-28,KXGDPYEAR-27,2026-08-05,2.0076383085144998,1.8,1.8,0.37400640422233034,2.898797807861639,0.6732893756761689
2026-05-28,KXGDPYEAR-28,2026-08-04,2.4731462188993745,2.3,2.3,0.1400696034980221,-0.34308140549094945,2.8598708587524024
2026-05-28,KXGDPYEAR-29,2026-08-04,2.3444515498705965,2.3,2.8,0.03264685533572642,-0.4834652040264813,2.997886909329589
2026-05-28,KXGDPYEAR-30,2026-08-05,2.53,2.3,2.3,0.20390070921985817,-0.3831493711206555,2.1596999999999995
2026-05-28,KXGDPYEAR-31,2026-08-04,2.248014310493019,2.3,2.8,-0.037566168275753146,-0.7012489658312346,2.719168761277071
2026-05-28,KXGDPYEAR-32,2026-08-04,2.675002825369558,2.3,1.8,0.23810070525900007,-1.1546447091476657,3.45779719496512
2026-05-28,KXGDPYEAR-33,2026-08-05,2.8592210044753155,2.3,2.3,0.3689059934043657,-1.0555602215262991,3.4287871306045083
2026-05-28,KXGDPYEAR-34,2026-08-05,2.3636376657707103,2.3,0.1,0.04455795922498969,-0.6997330658180774,3.1110572835108945
2026-05-28,KXGDPYEAR-35,2026-08-04,2.749826891591256,2.8,1.8,-0.03218786147859579,-1.1621044533643832,3.3473672445211338
2026-05-28,KXGDPYEAR-36,2026-08-04,2.695242416882835,2.3,0.1,0.24894730630532177,-1.127603469239581,3.5316813541751007
2026-05-29,KXGDPYEAR-26,2026-08-05,2.08143722766071,2.3,1.8,-0.3048541176652541,2.92411323260429,1.0248961431515313
2026-05-29,KXGDPYEAR-27,2026-08-05,2.0076383085144998,1.8,1.8,0.37400640422233034,2.898797807861639,0.6732893756761689
2026-05-29,KXGDPYEAR-28,2026-08-04,2.4731462188993745,2.3,2.3,0.1400696034980221,-0.34308140549094945,2.8598708587524024
2026-05-29,KXGDPYEAR-29,2026-08-04,2.3444515498705965,2.3,2.8,0.03264685533572642,-0.4834652040264813,2.997886909329589
2026-05-29,KXGDPYEAR-30,2026-08-05,2.53,2.3,2.3,0.20390070921985817,-0.3831493711206555,2.1596999999999995
2026-05-29,KXGDPYEAR-31,2026-08-04,2.248014310493019,2.3,2.8,-0.037566168275753146,-0.7012489658312346,2.719168761277071
2026-05-29,KXGDPYEAR-32,2026-08-04,2.675002825369558,2.3,1.8,0.23810070525900007,-1.1546447091476657,3.45779719496512
2026-05-29,KXGDPYEAR-33,2026-08-05,2.8592210044753155,2.3,2.3,0.3689059934043657,-1.0555602215262991,3.4287871306045083
2026-05-29,KXGDPYEAR-34,2026-08-05,2.3636376657707103,2.3,0.1,0.04455795922498969,-0.6997330658180774,3.1110572835108945
2026-05-29,KXGDPYEAR-35,2026-08-04,2.749826891591256,2.8,1.8,-0.03218786147859579,-1.1621044533643832,3.3473672445211338
2026-05-29,KXGDPYEAR-36,2026-08-04,2.695242416882835,2.3,0.1,0.24894730630532177,-1.127603469239581,3.5316813541751007
2026-05-30,KXGDPYEAR-26,2026-08-05,2.0845205755852585,2.3,1.8,-0.30457149232198777,3.0022617461945016,1.0070560208243189
2026-05-30,KXGDPYEAR-27,2026-08-05,2.0076383085144998,1.8,1.8,0.37400640422233034,2.898797807861639,0.6732893756761689
2026-05-30,KXGDPYEAR-28,2026-08-04,2.4731462188993745,2.3,2.3,0.1400696034980221,-0.34308140549094945,2.8598708587524024
2026-05-30,KXGDPYEAR-29,2026-08-04,2.3444515498705965,2.3,2.8,0.03264685533572642,-0.4834652040264813,2.997886909329589
2026-05-30,KXGDPYEAR-30,2026-08-05,2.53,2.3,2.3,0.20390070921985817,-0.3831493711206555,2.1596999999999995
2026-05-30,KXGDPYEAR-31,2026-08-04,2.248014310493019,2.3,2.8,-0.037566168275753146,-0.7012489658312346,2.719168761277071
2026-05-30,KXGDPYEAR-32,2026-08-04,2.675002825369558,2.3,1.8,0.23810070525900007,-1.1546447091476657,3.45779719496512
2026-05-30,KXGDPYEAR-33,2026-08-05,2.8592210044753155,2.3,2.3,0.3689059934043657,-1.0555602215262991,3.4287871306045083
2026-05-30,KXGDPYEAR-34,2026-08-05,2.3636376657707103,2.3,0.1,0.04455795922498969,-0.6997330658180774,3.1110572835108945
2026-05-30,KXGDPYEAR-35,2026-08-04,2.749826891591256,2.8,1.8,-0.03218786147859579,-1.1621044533643832,3.3473672445211338
2026-05-30,KXGDPYEAR-36,2026-08-04,2.695242416882835,2.3,0.1,0.24894730630532177,-1.127603469239581,3.5316813541751007
2026-05-31,KXGDPYEAR-26,2026-08-05,2.085987062713395,2.3,1.8,-0.30204210965486533,2.971476621344869,1.0118272321829922
2026-05-31,KXGDPYEAR-27,2026-08-05,2.0076383085144998,1.8,1.8,0.37400640422233034,2.898797807861639,0.6732893756761689
2026-05-31,KXGDPYEAR-28,2026-08-04,2.4731462188993745,2.3,2.3,0.1400696034980221,-0.34308140549094945,2.8598708587524024
2026-05-31,KXGDPYEAR-29,2026-08-04,2.3444515498705965,2.3,2.8,0.03264685533572642,-0.4834652040264813,2.997886909329589
2026-05-31,KXGDPYEAR-30,2026-08-05,2.53,2.3,2.3,0.20390070921985817,-0.3831493711206555,2.1596999999999995
2026-05-31,KXGDPYEAR-31,2026-08-04,2.248014310493019,2.3,2.8,-0.037566168275753146,-0.7012489658312346,2.719168761277071
2026-05-31,KXGDPYEAR-32,2026-08-04,2.675002825369558,2.3,1.8,0.23810070525900007,-1.1546447091476657,3.45779719496512
2026-05-31,KXGDPYEAR-33,2026-08-05,2.8592210044753155,2.3,2.3,0.3689059934043657,-1.0555602215262991,3.4287871306045083
2026-05-31,KXGDPYEAR-34,2026-08-05,2.3636376657707103,2.3,0.1,0.04455795922498969,-0.6997330658180774,3.1110572835108945
2026-05-31,KXGDPYEAR-35,2026-08-04,2.749826891591256,2.8,1.8,-0.03218786147859579,-1.1621044533643832,3.3473672445211338
2026-05-31,KXGDPYEAR-36,2026-08-04,2.695242416882835,2.3,0.1,0.24894730630532177,-1.127603469239581,3.5316813541751007
2026-06-01,KXGDPYEAR-26,2026-08-05,2.06423912913271,1.8,1.8,0.371890770458936,2.983174748335867,0.9884083536611632
2026-06-01,KXGDPYEAR-27,2026-08-05,2.0076383085144998,1.8,1.8,0.37400640422233034,2.898797807861639,0.6732893756761689
2026-06-01,KXGDPYEAR-28,2026-08-04,2.4731462188993745,2.3,2.3,0.1400696034980221,-0.34308140549094945,2.8598708587524024
2026-06-01,KXGDPYEAR-29,2026-08-04,2.3444515498705965,2.3,2.8,0.03264685533572642,-0.4834652040264813,2.997886909329589
2026-06-01,KXGDPYEAR-30,2026-08-05,2.53,2.3,2.3,0.20390070921985817,-0.3831493711206555,2.1596999999999995
2026-06-01,KXGDPYEAR-31,2026-08-04,2.248014310493019,2.3,2.8,-0.037566168275753146,-0.7012489658312346,2.719168761277071
2026-06-01,KXGDPYEAR-32,2026-08-04,2.675002825369558,2.3,1.8,0.23810070525900007,-1.1546447091476657,3.45779719496512
2026-06-01,KXGDPYEAR-33,2026-08-05,2.8592210044753155,2.3,2.3,0.3689059934043657,-1.0555602215262991,3.4287871306045083
2026-06-01,KXGDPYEAR-34,2026-08-05,2.3636376657707103,2.3,0.1,0.04455795922498969,-0.6997330658180774,3.1110572835108945
2026-06-01,KXGDPYEAR-35,2026-08-04,2.749826891591256,2.8,1.8,-0.03218786147859579,-1.1621044533643832,3.3473672445211338
2026-06-01,KXGDPYEAR-36,2026-08-04,2.695242416882835,2.3,0.1,0.24894730630532177,-1.127603469239581,3.5316813541751007
2026-06-02,KXGDPYEAR-26,2026-08-05,2.0531327633324006,1.8,1.8,0.356696550808815,2.990261519577049,1.0012940339366336
2026-06-02,KXGDPYEAR-27,2026-08-05,2.0076383085144998,1.8,1.8,0.37400640422233034,2.898797807861639,0.6732893756761689
2026-06-02,KXGDPYEAR-28,2026-08-04,2.4731462188993745,2.3,2.3,0.1400696034980221,-0.34308140549094945,2.8598708587524024
2026-06-02,KXGDPYEAR-29,2026-08-04,2.3444515498705965,2.3,2.8,0.03264685533572642,-0.4834652040264813,2.997886909329589
2026-06-02,KXGDPYEAR-30,2026-08-05,2.53,2.3,2.3,0.20390070921985817,-0.3831493711206555,2.1596999999999995
2026-06-02,KXGDPYEAR-31,2026-08-04,2.248014310493019,2.3,2.8,-0.037566168275753146,-0.7012489658312346,2.719168761277071
2026-06-02,KXGDPYEAR-32,2026-08-04,2.675002825369558,2.3,1.8,0.23810070525900007,-1.1546447091476657,3.45779719496512
2026-06-02,KXGDPYEAR-33,2026-08-05,2.8592210044753155,2.3,2.3,0.3689059934043657,-1.0555602215262991,3.4287871306045083
2026-06-02,KXGDPYEAR-34,2026-08-05,2.3636376657707103,2.3,0.1,0.04455795922498969,-0.6997330658180774,3.1110572835108945
2026-06-02,KXGDPYEAR-35,2026-08-04,2.749826891591256,2.8,1.8,-0.03218786147859579,-1.1621044533643832,3.3473672445211338
2026-06-02,KXGDPYEAR-36,2026-08-04,2.695242416882835,2.3,0.1,0.24894730630532177,-1.127603469239581,3.5316813541751007
2026-06-03,KXGDPYEAR-26,2026-08-05,2.0483208138244158,1.8,1.8,0.3495984437007048,2.975059524543986,1.0025054883457094
2026-06-03,KXGDPYEAR-27,2026-08-05,2.0076383085144998,1.8,1.8,0.37400640422233034,2.898797807861639,0.6732893756761689
2026-06-03,KXGDPYEAR-28,2026-08-04,2.4731462188993745,2.3,2.3,0.1400696034980221,-0.34308140549094945,2.8598708587524024
2026-06-03,KXGDPYEAR-29,2026-08-04,2.3444515498705965,2.3,2.8,0.03264685533572642,-0.4834652040264813,2.997886909329589
2026-06-03,KXGDPYEAR-30,2026-08-05,2.53,2.3,2.3,0.20390070921985817,-0.3831493711206555,2.1596999999999995
2026-06-03,KXGDPYEAR-31,2026-08-04,2.248014310493019,2.3,2.8,-0.037566168275753146,-0.7012489658312346,2.719168761277071
2026-06-03,KXGDPYEAR-32,2026-08-04,2.675002825369558,2.3,1.8,0.23810070525900007,-1.1546447091476657,3.45779719496512
2026-06-03,KXGDPYEAR-33,2026-08-05,2.8592210044753155,2.3,2.3,0.3689059934043657,-1.0555602215262991,3.4287871306045083
2026-06-03,KXGDPYEAR-34,2026-08-05,2.3636376657707103,2.3,0.1,0.04455795922498969,-0.6997330658180774,3.1110572835108945
2026-06-03,KXGDPYEAR-35,2026-08-04,2.749826891591256,2.8,1.8,-0.03218786147859579,-1.1621044533643832,3.3473672445211338
2026-06-03,KXGDPYEAR-36,2026-08-04,2.695242416882835,2.3,0.1,0.24894730630532177,-1.127603469239581,3.5316813541751007
2026-06-04,KXGDPYEAR-26,2026-08-05,2.0525673340188004,1.8,1.8,0.35736214531206123,3.0492341611361837,0.9866411908601459
2026-06-04,KXGDPYEAR-27,2026-08-05,2.0076383085144998,1.8,1.8,0.37400640422233034,2.898797807861639,0.6732893756761689
2026-06-04,KXGDPYEAR-28,2026-08-04,2.4731462188993745,2.3,2.3,0.1400696034980221,-0.34308140549094945,2.8598708587524024
2026-06-04,KXGDPYEAR-29,2026-08-04,2.3444515498705965,2.3,2.8,0.03264685533572642,-0.4834652040264813,2.997886909329589
2026-06-04,KXGDPYEAR-30,2026-08-05,2.53,2.3,2.3,0.20390070921985817,-0.3831493711206555,2.1596999999999995
2026-06-04,KXGDPYEAR-31,2026-08-04,2.248014310493019,2.3,2.8,-0.037566168275753146,-0.7012489658312346,2.719168761277071
2026-06-04,KXGDPYEAR-32,2026-08-04,2.675002825369558,2.3,1.8,0.23810070525900007,-1.1546447091476657,3.45779719496512
2026-06-04,KXGDPYEAR-33,2026-08-05,2.8592210044753155,2.3,2.3,0.3689059934043657,-1.0555602215262991,3.4287871306045083
2026-06-04,KXGDPYEAR-34,2026-08-05,2.3636376657707103,2.3,0.1,0.04455795922498969,-0.6997330658180774,3.1110572835108945
2026-06-04,KXGDPYEAR-35,2026-08-04,2.749826891591256,2.8,1.8,-0.03218786147859579,-1.1621044533643832,3.3473672445211338
2026-06-04,KXGDPYEAR-36,2026-08-04,2.695242416882835,2.3,0.1,0.24894730630532177,-1.127603469239581,3.5316813541751007
2026-06-05,KXGDPYEAR-26,2026-08-05,2.0403961508011417,1.8,1.8,0.3377336271719075,2.9621567154722266,1.0574997070393497
2026-06-05,KXGDPYEAR-27,2026-08-05,2.0076383085144998,1.8,1.8,0.37400640422233034,2.898797807861639,0.6732893756761689
2026-06-05,KXGDPYEAR-28,2026-08-04,2.4731462188993745,2.3,2.3,0.1400696034980221,-0.34308140549094945,2.8598708587524024
2026-06-05,KXGDPYEAR-29,2026-08-04,2.3444515498705965,2.3,2.8,0.03264685533572642,-0.4834652040264813,2.997886909329589
2026-06-05,KXGDPYEAR-30,2026-08-05,2.53,2.3,2.3,0.20390070921985817,-0.3831493711206555,2.1596999999999995
2026-06-05,KXGDPYEAR-31,2026-08-04,2.248014310493019,2.3,2.8,-0.037566168275753146,-0.7012489658312346,2.719168761277071
2026-06-05,KXGDPYEAR-32,2026-08-04,2.675002825369558,2.3,1.8,0.23810070525900007,-1.1546447091476657,3.45779719496512
2026-06-05,KXGDPYEAR-33,2026-08-05,2.8592210044753155,2.3,2.3,0.3689059934043657,-1.0555602215262991,3.4287871306045083
2026-06-05,KXGDPYEAR-34,2026-08-05,2.3636376657707103,2.3,0.1,0.04455795922498969,-0.6997330658180774,3.1110572835108945
2026-06-05,KXGDPYEAR-35,2026-08-04,2.749826891591256,2.8,1.8,-0.03218786147859579,-1.1621044533643832,3.3473672445211338
2026-06-05,KXGDPYEAR-36,2026-08-04,2.695242416882835,2.3,0.1,0.24894730630532177,-1.127603469239581,3.5316813541751007
2026-06-06,KXGDPYEAR-26,2026-08-05,2.067746055488771,1.8,1.8,0.3677506912346317,2.7242696236597093,1.0295992877246654
2026-06-06,KXGDPYEAR-27,2026-08-05,2.0076383085144998,1.8,1.8,0.37400640422233034,2.898797807861639,0.6732893756761689
2026-06-06,KXGDPYEAR-28,2026-08-04,2.4731462188993745,2.3,2.3,0.1400696034980221,-0.34308140549094945,2.8598708587524024
2026-06-06,KXGDPYEAR-29,2026-08-04,2.3444515498705965,2.3,2.8,0.03264685533572642,-0.4834652040264813,2.997886909329589
2026-06-06,KXGDPYEAR-30,2026-08-05,2.53,2.3,2.3,0.20390070921985817,-0.3831493711206555,2.1596999999999995
2026-06-06,KXGDPYEAR-31,2026-08-04,2.248014310493019,2.3,2.8,-0.037566168275753146,-0.7012489658312346,2.719168761277071
2026-06-06,KXGDPYEAR-32,2026-08-04,2.675002825369558,2.3,1.8,0.23810070525900007,-1.1546447091476657,3.45779719496512
2026-06-06,KXGDPYEAR-33,2026-08-05,2.8592210044753155,2.3,2.3,0.3689059934043657,-1.0555602215262991,3.4287871306045083
2026-06-06,KXGDPYEAR-34,2026-08-05,2.3636376657707103,2.3,0.1,0.04455795922498969,-0.6997330658180774,3.1110572835108945
2026-06-06,KXGDPYEAR-35,2026-08-04,2.749826891591256,2.8,1.8,-0.03218786147859579,-1.1621044533643832,3.3473672445211338
2026-06-06,KXGDPYEAR-36,2026-08-04,2.695242416882835,2.3,0.1,0.24894730630532177,-1.127603469239581,3.5316813541751007
2026-06-07,KXGDPYEAR-26,2026-08-05,2.0442388193476653,1.8,1.8,0.34530728765161295,2.35310463265167,0.9427652782184258
2026-06-07,KXGDPYEAR-27,2026-08-05,2.0076383085144998,1.8,1.8,0.37400640422233034,2.898797807861639,0.6732893756761689
2026-06-07,KXGDPYEAR-28,2026-08-04,2.4731462188993745,2.3,2.3,0.1400696034980221,-0.34308140549094945,2.8598708587524024
2026-06-07,KXGDPYEAR-29,2026-08-04,2.3444515498705965,2.3,2.8,0.03264685533572642,-0.4834652040264813,2.997886909329589
2026-06-07,KXGDPYEAR-30,2026-08-05,2.53,2.3,2.3,0.20390070921985817,-0.3831493711206555,2.1596999999999995
2026-06-07,KXGDPYEAR-31,2026-08-04,2.248014310493019,2.3,2.8,-0.037566168275753146,-0.7012489658312346,2.719168761277071
2026-06-07,KXGDPYEAR-32,2026-08-04,2.675002825369558,2.3,1.8,0.23810070525900007,-1.1546447091476657,3.45779719496512
2026-06-07,KXGDPYEAR-33,2026-08-05,2.8592210044753155,2.3,2.3,0.3689059934043657,-1.0555602215262991,3.4287871306045083
2026-06-07,KXGDPYEAR-34,2026-08-05,2.3636376657707103,2.3,0.1,0.04455795922498969,-0.6997330658180774,3.1110572835108945
2026-06-07,KXGDPYEAR-35,2026-08-04,2.749826891591256,2.8,1.8,-0.03218786147859579,-1.1621044533643832,3.3473672445211338
2026-06-07,KXGDPYEAR-36,2026-08-04,2.695242416882835,2.3,0.1,0.24894730630532177,-1.127603469239581,3.5316813541751007
2026-06-08,KXGDPYEAR-26,2026-08-05,2.0126798130817454,1.8,1.8,0.3067786111465986,2.511610022413774,0.955326410338903
2026-06-08,KXGDPYEAR-27,2026-08-05,2.472632348148274,1.8,1.8,0.5744279983326843,-0.08539257488364127,2.751916511363929
2026-06-08,KXGDPYEAR-28,2026-08-04,2.6491738950464523,2.8,0.1,-0.09131789863792468,-1.2728547379622144,3.5989952136835774
2026-06-08,KXGDPYEAR-29,2026-08-04,2.6132807288986974,2.3,2.8,0.20481016147839184,-0.9469567826917378,3.6411256721141423
2026-06-08,KXGDPYEAR-30,2026-08-05,2.625242718446602,2.3,2.3,0.27169505271695094,-0.47829350526026415,2.399168630408144
2026-06-08,KXGDPYEAR-31,2026-08-04,2.248014310493019,2.3,2.8,-0.037566168275753146,-0.7012489658312346,2.719168761277071
2026-06-08,KXGDPYEAR-32,2026-08-04,2.675002825369558,2.3,1.8,0.23810070525900007,-1.1546447091476657,3.45779719496512
2026-06-08,KXGDPYEAR-33,2026-08-05,2.8592210044753155,2.3,2.3,0.3689059934043657,-1.0555602215262991,3.4287871306045083
2026-06-08,KXGDPYEAR-34,2026-08-05,2.3636376657707103,2.3,0.1,0.04455795922498969,-0.6997330658180774,3.1110572835108945
2026-06-08,KXGDPYEAR-35,2026-08-04,2.749826891591256,2.8,1.8,-0.03218786147859579,-1.1621044533643832,3.3473672445211338
2026-06-08,KXGDPYEAR-36,2026-08-04,2.695242416882835,2.3,0.1,0.24894730630532177,-1.127603469239581,3.5316813541751007
2026-06-09,KXGDPYEAR-26,2026-08-05,2.051196122920334,1.8,1.8,0.3548595513649115,2.362491472549526,0.935303334072727
2026-06-09,KXGDPYEAR-27,2026-08-05,2.9287173639482726,2.8,2.8,0.09312526337218857,-0.9285635656397058,2.8025213734180117
2026-06-09,KXGDPYEAR-28,2026-08-04,2.4100078220087102,2.3,2.3,0.08536447692987392,-0.7150062825863506,2.501481211198408
2026-06-09,KXGDPYEAR-29,2026-08-04,2.734125140463433,2.3,2.8,0.2654474209976429,-1.2323201288713144,3.824207992272925
2026-06-09,KXGDPYEAR-30,2026-08-05,2.3058038411242205,2.3,2.3,0.0041872977010234,-0.6879226743767335,2.8081264327990523
2026-06-09,KXGDPYEAR-31,2026-08-04,2.248014310493019,2.3,2.8,-0.037566168275753146,-0.7012489658312346,2.719168761277071
2026-06-09,KXGDPYEAR-32,2026-08-04,2.675002825369558,2.3,1.8,0.23810070525900007,-1.1546447091476657,3.45779719496512
2026-06-09,KXGDPYEAR-33,2026-08-05,2.8592210044753155,2.3,2.3,0.3689059934043657,-1.0555602215262991,3.4287871306045083
2026-06-09,KXGDPYEAR-34,2026-08-05,2.3636376657707103,2.3,0.1,0.04455795922498969,-0.6997330658180774,3.1110572835108945
2026-06-09,KXGDPYEAR-35,2026-08-04,2.749826891591256,2.8,1.8,-0.03218786147859579,-1.1621044533643832,3.3473672445211338
2026-06-09,KXGDPYEAR-36,2026-08-04,2.695242416882835,2.3,0.1,0.24894730630532177,-1.127603469239581,3.5316813541751007
2026-06-10,KXGDPYEAR-26,2026-08-05,2.0509477266802594,1.8,1.8,0.35485955136491176,2.367762846637876,0.9344407902907489
2026-06-10,KXGDPYEAR-27,2026-08-05,2.862114246426385,2.8,1.8,0.045004246947092166,-0.9075918456740943,2.7894056563568017
2026-06-10,KXGDPYEAR-28,2026-08-04,2.550070375042753,2.3,2.3,0.18963306318761422,-0.7550456019712368,2.6677141752883102
2026-06-10,KXGDPYEAR-29,2026-08-04,2.716802090932332,2.3,2.3,0.26762201129934865,-1.1288816774595152,3.6293787640253514
2026-06-10,KXGDPYEAR-30,2026-08-05,2.2666015060229925,2.3,2.3,-0.02396293292097299,-0.6772490581844477,2.8229297319144617
2026-06-10,KXGDPYEAR-31,2026-08-04,2.248014310493019,2.3,2.8,-0.037566168275753146,-0.7012489658312346,2.719168761277071
2026-06-10,KXGDPYEAR-32,2026-08-04,2.675002825369558,2.3,1.8,0.23810070525900007,-1.1546447091476657,3.45779719496512
2026-06-10,KXGDPYEAR-33,2026-08-05,2.8592210044753155,2.3,2.3,0.3689059934043657,-1.0555602215262991,3.4287871306045083
2026-06-10,KXGDPYEAR-34,2026-08-05,2.3636376657707103,2.3,0.1,0.04455795922498969,-0.6997330658180774,3.1110572835108945
2026-06-10,KXGDPYEAR-35,2026-08-04,2.749826891591256,2.8,1.8,-0.03218786147859579,-1.1621044533643832,3.3473672445211338
2026-06-10,KXGDPYEAR-36,2026-08-04,2.695242416882835,2.3,0.1,0.24894730630532177,-1.127603469239581,3.5316813541751007
2026-06-11,KXGDPYEAR-26,2026-08-05,2.0615684641233125,2.3,1.8,-0.3395746361150585,2.432239327834237,0.921390749411103
2026-06-11,KXGDPYEAR-27,2026-08-05,2.797239830304175,2.8,1.8,-0.002062687086334395,-0.7862906683755688,2.662190610175774
2026-06-11,KXGDPYEAR-28,2026-08-04,2.492483992678784,2.3,2.3,0.1493865119545545,-0.6453570667659916,2.5703640258724927
2026-06-11,KXGDPYEAR-29,2026-08-04,2.716802090932332,2.3,2.3,0.26762201129934865,-1.1288816774595152,3.6293787640253514
2026-06-11,KXGDPYEAR-30,2026-08-05,2.3488829292390805,2.3,2.8,0.035631869501766125,-0.6336003727140791,2.7986483757590674
2026-06-11,KXGDPYEAR-31,2026-08-04,2.248014310493019,2.3,2.8,-0.037566168275753146,-0.7012489658312346,2.719168761277071
2026-06-11,KXGDPYEAR-32,2026-08-04,2.675002825369558,2.3,1.8,0.23810070525900007,-1.1546447091476657,3.45779719496512
2026-06-11,KXGDPYEAR-33,2026-08-05,2.8592210044753155,2.3,2.3,0.3689059934043657,-1.0555602215262991,3.4287871306045083
2026-06-11,KXGDPYEAR-34,2026-08-05,2.3636376657707103,2.3,0.1,0.04455795922498969,-0.6997330658180774,3.1110572835108945
2026-06-11,KXGDPYEAR-35,2026-08-04,2.749826891591256,2.8,1.8,-0.03218786147859579,-1.1621044533643832,3.3473672445211338
2026-06-11,KXGDPYEAR-36,2026-08-04,2.695242416882835,2.3,0.1,0.24894730630532177,-1.127603469239581,3.5316813541751007
2026-06-12,KXGDPYEAR-26,2026-08-05,2.0467741377829665,1.8,1.8,0.3614098172324038,2.729002109762143,0.9100704430838967
2026-06-12,KXGDPYEAR-27,2026-08-05,2.8397739143978002,2.8,2.3,0.029383247057945202,-0.8099304486478549,2.7380548816501187
2026-06-12,KXGDPYEAR-28,2026-08-04,2.607020433530063,2.3,2.3,0.22311638326518057,-0.7379037451323622,2.8929559350828806
2026-06-12,KXGDPYEAR-29,2026-08-04,2.6869708166589046,2.3,2.3,0.2606919937560227,-1.0064283178457665,3.463596441292612
2026-06-12,KXGDPYEAR-30,2026-08-05,2.349768826163321,2.3,2.8,0.036294825877962414,-0.6328247698698668,2.7967739799757805
2026-06-12,KXGDPYEAR-31,2026-08-04,2.248014310493019,2.3,2.8,-0.037566168275753146,-0.7012489658312346,2.719168761277071
2026-06-12,KXGDPYEAR-32,2026-08-04,2.675002825369558,2.3,1.8,0.23810070525900007,-1.1546447091476657,3.45779719496512
2026-06-12,KXGDPYEAR-33,2026-08-05,2.8592210044753155,2.3,2.3,0.3689059934043657,-1.0555602215262991,3.4287871306045083
2026-06-12,KXGDPYEAR-34,2026-08-05,2.3636376657707103,2.3,0.1,0.04455795922498969,-0.6997330658180774,3.1110572835108945
2026-06-12,KXGDPYEAR-35,2026-08-04,2.749826891591256,2.8,1.8,-0.03218786147859579,-1.1621044533643832,3.3473672445211338
2026-06-12,KXGDPYEAR-36,2026-08-04,2.695242416882835,2.3,0.1,0.24894730630532177,-1.127603469239581,3.5316813541751007
2026-06-13,KXGDPYEAR-26,2026-08-05,2.0450276008828725,1.8,1.8,0.3553169652946558,2.6209455077652226,0.9364783138294079
2026-06-13,KXGDPYEAR-27,2026-08-05,2.742365849958615,2.8,2.8,-0.04477999022556281,-0.6002968457656119,2.6327825724975007
2026-06-13,KXGDPYEAR-28,2026-08-04,2.610321882747256,2.3,2.8,0.22235228278054356,-0.7703888837193658,2.9348376371997937
2026-06-13,KXGDPYEAR-29,2026-08-04,2.6869708166589046,2.3,2.3,0.2606919937560227,-1.0064283178457665,3.463596441292612
2026-06-13,KXGDPYEAR-30,2026-08-05,2.381994733516564,2.3,2.8,0.05808726909368946,-0.7222949644929186,2.9469806014046678
2026-06-13,KXGDPYEAR-31,2026-08-04,2.248014310493019,2.3,2.8,-0.037566168275753146,-0.7012489658312346,2.719168761277071
2026-06-13,KXGDPYEAR-32,2026-08-04,2.675002825369558,2.3,1.8,0.23810070525900007,-1.1546447091476657,3.45779719496512
2026-06-13,KXGDPYEAR-33,2026-08-05,2.8592210044753155,2.3,2.3,0.3689059934043657,-1.0555602215262991,3.4287871306045083
2026-06-13,KXGDPYEAR-34,2026-08-05,2.3636376657707103,2.3,0.1,0.04455795922498969,-0.6997330658180774,3.1110572835108945
2026-06-13,KXGDPYEAR-35,2026-08-04,2.749826891591256,2.8,1.8,-0.03218786147859579,-1.1621044533643832,3.3473672445211338
2026-06-13,KXGDPYEAR-36,2026-08-04,2.695242416882835,2.3,0.1,0.24894730630532177,-1.127603469239581,3.5316813541751007
2026-06-14,KXGDPYEAR-26,2026-08-05,2.0450276008828725,1.8,1.8,0.3553169652946558,2.6209455077652226,0.9364783138294079
2026-06-14,KXGDPYEAR-27,2026-08-05,2.6516605883690105,2.3,2.8,0.26735319158219045,-0.5902759327067999,2.7298916724747486
2026-06-14,KXGDPYEAR-28,2026-08-04,2.5295009537786517,2.3,2.3,0.16906331179636697,-0.7223041137565631,2.813295163244507
2026-06-14,KXGDPYEAR-29,2026-08-04,2.66490987803691,2.3,2.3,0.24759876477465345,-0.9708902328971956,3.452655794115039
2026-06-14,KXGDPYEAR-30,2026-08-05,2.4138134319490727,2.3,2.8,0.0784754449460037,-0.8016310519174548,3.0209251363784113
2026-06-14,KXGDPYEAR-31,2026-08-04,2.248014310493019,2.3,2.8,-0.037566168275753146,-0.7012489658312346,2.719168761277071
2026-06-14,KXGDPYEAR-32,2026-08-04,2.675002825369558,2.3,1.8,0.23810070525900007,-1.1546447091476657,3.45779719496512
2026-06-14,KXGDPYEAR-33,2026-08-05,2.8592210044753155,2.3,2.3,0.3689059934043657,-1.0555602215262991,3.4287871306045083
2026-06-14,KXGDPYEAR-34,2026-08-05,2.3636376657707103,2.3,0.1,0.04455795922498969,-0.6997330658180774,3.1110572835108945
2026-06-14,KXGDPYEAR-35,2026-08-04,2.749826891591256,2.8,1.8,-0.03218786147859579,-1.1621044533643832,3.3473672445211338
2026-06-14,KXGDPYEAR-36,2026-08-04,2.695242416882835,2.3,0.1,0.24894730630532177,-1.127603469239581,3.5316813541751007
2026-06-15,KXGDPYEAR-26,2026-08-05,2.0450276008828725,1.8,1.8,0.3553169652946558,2.6209455077652226,0.9364783138294079
2026-06-15,KXGDPYEAR-27,2026-08-05,2.5341941587749717,2.3,2.8,0.18472065299543802,-0.4799011746939077,2.5589482552511997
2026-06-15,KXGDPYEAR-28,2026-08-04,2.556691485274957,2.3,2.3,0.18687425381992714,-0.7718609258512656,2.860276634039859
2026-06-15,KXGDPYEAR-29,2026-08-04,2.66490987803691,2.3,2.3,0.24759876477465345,-0.9708902328971956,3.452655794115039
2026-06-15,KXGDPYEAR-30,2026-08-05,2.459252586906306,2.3,2.8,0.10621103422041801,-0.8555876740067325,3.2247292509177714
2026-06-15,KXGDPYEAR-31,2026-08-04,2.248014310493019,2.3,2.8,-0.037566168275753146,-0.7012489658312346,2.719168761277071
2026-06-15,KXGDPYEAR-32,2026-08-04,2.675002825369558,2.3,1.8,0.23810070525900007,-1.1546447091476657,3.45779719496512
2026-06-15,KXGDPYEAR-33,2026-08-05,2.8592210044753155,2.3,2.3,0.3689059934043657,-1.0555602215262991,3.4287871306045083
2026-06-15,KXGDPYEAR-34,2026-08-05,2.3636376657707103,2.3,0.1,0.04455795922498969,-0.6997330658180774,3.1110572835108945
2026-06-15,KXGDPYEAR-35,2026-08-04,2.749826891591256,2.8,1.8,-0.03218786147859579,-1.1621044533643832,3.3473672445211338
2026-06-15,KXGDPYEAR-36,2026-08-04,2.695242416882835,2.3,0.1,0.24894730630532177,-1.127603469239581,3.5316813541751007
2026-06-16,KXGDPYEAR-26,2026-08-05,2.0436348561691595,1.8,1.8,0.3573285803131883,2.691782037804935,0.9256304921900047
2026-06-16,KXGDPYEAR-27,2026-08-05,2.5341941587749717,2.3,2.8,0.18472065299543802,-0.4799011746939077,2.5589482552511997
2026-06-16,KXGDPYEAR-28,2026-08-04,2.556691485274957,2.3,2.3,0.18687425381992714,-0.7718609258512656,2.860276634039859
2026-06-16,KXGDPYEAR-29,2026-08-04,2.66490987803691,2.3,2.3,0.24759876477465345,-0.9708902328971956,3.452655794115039
2026-06-16,KXGDPYEAR-30,2026-08-05,2.3345073862911607,2.3,2.8,0.024269056603959845,-0.7769956702966292,2.881088103489776
2026-06-16,KXGDPYEAR-31,2026-08-04,2.248014310493019,2.3,2.8,-0.037566168275753146,-0.7012489658312346,2.719168761277071
2026-06-16,KXGDPYEAR-32,2026-08-04,2.675002825369558,2.3,1.8,0.23810070525900007,-1.1546447091476657,3.45779719496512
2026-06-16,KXGDPYEAR-33,2026-08-05,2.8592210044753155,2.3,2.3,0.3689059934043657,-1.0555602215262991,3.4287871306045083
2026-06-16,KXGDPYEAR-34,2026-08-05,2.3636376657707103,2.3,0.1,0.04455795922498969,-0.6997330658180774,3.1110572835108945
2026-06-16,KXGDPYEAR-35,2026-08-04,2.749826891591256,2.8,1.8,-0.03218786147859579,-1.1621044533643832,3.3473672445211338
2026-06-16,KXGDPYEAR-36,2026-08-04,2.695242416882835,2.3,0.1,0.24894730630532177,-1.127603469239581,3.5316813541751007
2026-06-17,KXGDPYEAR-26,2026-08-05,2.044653068162027,1.8,1.8,0.3573285803131877,2.667655043619109,0.929249828612479
2026-06-17,KXGDPYEAR-27,2026-08-05,2.5341941587749717,2.3,2.8,0.18472065299543802,-0.4799011746939077,2.5589482552511997
2026-06-17,KXGDPYEAR-28,2026-08-04,2.5576297383669124,2.3,2.8,0.18013687445357154,-0.8629793256321285,2.979174199378734
2026-06-17,KXGDPYEAR-29,2026-08-04,2.66490987803691,2.3,2.3,0.24759876477465345,-0.9708902328971956,3.452655794115039
2026-06-17,KXGDPYEAR-30,2026-08-05,2.3345073862911607,2.3,2.8,0.024269056603959845,-0.7769956702966292,2.881088103489776
2026-06-17,KXGDPYEAR-31,2026-08-04,2.248014310493019,2.3,2.8,-0.037566168275753146,-0.7012489658312346,2.719168761277071
2026-06-17,KXGDPYEAR-32,2026-08-04,2.675002825369558,2.3,1.8,0.23810070525900007,-1.1546447091476657,3.45779719496512
2026-06-17,KXGDPYEAR-33,2026-08-05,2.8592210044753155,2.3,2.3,0.3689059934043657,-1.0555602215262991,3.4287871306045083
2026-06-17,KXGDPYEAR-34,2026-08-05,2.3636376657707103,2.3,0.1,0.04455795922498969,-0.6997330658180774,3.1110572835108945
2026-06-17,KXGDPYEAR-35,2026-08-04,2.749826891591256,2.8,1.8,-0.03218786147859579,-1.1621044533643832,3.3473672445211338
2026-06-17,KXGDPYEAR-36,2026-08-04,2.695242416882835,2.3,0.1,0.24894730630532177,-1.127603469239581,3.5316813541751007
2026-06-18,KXGDPYEAR-26,2026-08-05,2.0407831667225778,1.8,1.8,0.35217003560790655,2.6770866596301808,0.9272873506637457
2026-06-18,KXGDPYEAR-27,2026-08-05,2.5273918424226465,2.3,2.8,0.1790194064249998,-0.48527500128548295,2.576422741625605
2026-06-18,KXGDPYEAR-28,2026-08-04,2.328125,2.3,2.3,0.020881670533642826,-0.5047278950085903,2.900354817708333
2026-06-18,KXGDPYEAR-29,2026-08-04,2.604629277182687,2.3,2.3,0.20864347024482263,-0.9213013311207323,3.414651235576615
2026-06-18,KXGDPYEAR-30,2026-08-05,2.3345073862911607,2.3,2.8,0.024269056603959845,-0.7769956702966292,2.881088103489776
2026-06-18,KXGDPYEAR-31,2026-08-04,2.248014310493019,2.3,2.8,-0.037566168275753146,-0.7012489658312346,2.719168761277071
2026-06-18,KXGDPYEAR-32,2026-08-04,2.675002825369558,2.3,1.8,0.23810070525900007,-1.1546447091476657,3.45779719496512
2026-06-18,KXGDPYEAR-33,2026-08-05,2.8592210044753155,2.3,2.3,0.3689059934043657,-1.0555602215262991,3.4287871306045083
2026-06-18,KXGDPYEAR-34,2026-08-05,2.3636376657707103,2.3,0.1,0.04455795922498969,-0.6997330658180774,3.1110572835108945
2026-06-18,KXGDPYEAR-35,2026-08-04,2.749826891591256,2.8,1.8,-0.03218786147859579,-1.1621044533643832,3.3473672445211338
2026-06-18,KXGDPYEAR-36,2026-08-04,2.695242416882835,2.3,0.1,0.24894730630532177,-1.127603469239581,3.5316813541751007
2026-06-19,KXGDPYEAR-26,2026-08-05,2.0410346986227865,1.8,1.8,0.3526298689263121,2.6809439444726184,0.9264526923908701
2026-06-19,KXGDPYEAR-27,2026-08-05,2.5273918424226465,2.3,2.8,0.1790194064249998,-0.48527500128548295,2.576422741625605
2026-06-19,KXGDPYEAR-28,2026-08-04,2.328125,2.3,2.3,0.020881670533642826,-0.5047278950085903,2.900354817708333
2026-06-19,KXGDPYEAR-29,2026-08-04,2.5355833124944818,2.3,2.3,0.16637621855454862,-0.8170387684728819,3.2630406412969766
2026-06-19,KXGDPYEAR-30,2026-08-05,2.3345073862911607,2.3,2.8,0.024269056603959845,-0.7769956702966292,2.881088103489776
2026-06-19,KXGDPYEAR-31,2026-08-04,2.248014310493019,2.3,2.8,-0.037566168275753146,-0.7012489658312346,2.719168761277071
2026-06-19,KXGDPYEAR-32,2026-08-04,2.675002825369558,2.3,1.8,0.23810070525900007,-1.1546447091476657,3.45779719496512
2026-06-19,KXGDPYEAR-33,2026-08-05,2.8592210044753155,2.3,2.3,0.3689059934043657,-1.0555602215262991,3.4287871306045083
2026-06-19,KXGDPYEAR-34,2026-08-05,2.3636376657707103,2.3,0.1,0.04455795922498969,-0.6997330658180774,3.1110572835108945
2026-06-19,KXGDPYEAR-35,2026-08-04,2.749826891591256,2.8,1.8,-0.03218786147859579,-1.1621044533643832,3.3473672445211338
2026-06-19,KXGDPYEAR-36,2026-08-04,2.695242416882835,2.3,0.1,0.24894730630532177,-1.127603469239581,3.5316813541751007
2026-06-20,KXGDPYEAR-26,2026-08-05,2.0650520600285356,1.8,1.8,0.38152095904437205,2.5660097253457685,0.9167622244615543
2026-06-20,KXGDPYEAR-27,2026-08-05,2.404145176760814,2.3,2.8,0.0863797104162079,-0.1825979779638649,2.4157336614472826
2026-06-20,KXGDPYEAR-28,2026-08-04,2.334395209137277,2.3,2.8,0.024956203537765852,-0.4993066213093704,3.032915424999434
2026-06-20,KXGDPYEAR-29,2026-08-04,2.415259882431586,2.3,2.3,0.08542751443492398,-0.7026062795725081,2.9891748565544605
2026-06-20,KXGDPYEAR-30,2026-08-05,2.3345073862911607,2.3,2.8,0.024269056603959845,-0.7769956702966292,2.881088103489776
2026-06-20,KXGDPYEAR-31,2026-08-04,2.248014310493019,2.3,2.8,-0.037566168275753146,-0.7012489658312346,2.719168761277071
2026-06-20,KXGDPYEAR-32,2026-08-04,2.675002825369558,2.3,1.8,0.23810070525900007,-1.1546447091476657,3.45779719496512
2026-06-20,KXGDPYEAR-33,2026-08-05,2.8592210044753155,2.3,2.3,0.3689059934043657,-1.0555602215262991,3.4287871306045083
2026-06-20,KXGDPYEAR-34,2026-08-05,2.3636376657707103,2.3,0.1,0.04455795922498969,-0.6997330658180774,3.1110572835108945
2026-06-20,KXGDPYEAR-35,2026-08-04,2.749826891591256,2.8,1.8,-0.03218786147859579,-1.1621044533643832,3.3473672445211338
2026-06-20,KXGDPYEAR-36,2026-08-04,2.695242416882835,2.3,0.1,0.24894730630532177,-1.127603469239581,3.5316813541751007
2026-06-21,KXGDPYEAR-26,2026-08-05,2.0650520600285356,1.8,1.8,0.38152095904437205,2.5660097253457685,0.9167622244615543
2026-06-21,KXGDPYEAR-27,2026-08-05,2.404145176760814,2.3,2.8,0.0863797104162079,-0.1825979779638649,2.4157336614472826
2026-06-21,KXGDPYEAR-28,2026-08-04,2.334395209137277,2.3,2.8,0.024956203537765852,-0.4993066213093704,3.032915424999434
2026-06-21,KXGDPYEAR-29,2026-08-04,2.415259882431586,2.3,2.3,0.08542751443492398,-0.7026062795725081,2.9891748565544605
2026-06-21,KXGDPYEAR-30,2026-08-05,2.3345073862911607,2.3,2.8,0.024269056603959845,-0.7769956702966292,2.881088103489776
2026-06-21,KXGDPYEAR-31,2026-08-04,2.248014310493019,2.3,2.8,-0.037566168275753146,-0.7012489658312346,2.719168761277071
2026-06-21,KXGDPYEAR-32,2026-08-04,2.675002825369558,2.3,1.8,0.23810070525900007,-1.1546447091476657,3.45779719496512
2026-06-21,KXGDPYEAR-33,2026-08-05,2.8592210044753155,2.3,2.3,0.3689059934043657,-1.0555602215262991,3.4287871306045083
2026-06-21,KXGDPYEAR-34,2026-08-05,2.3636376657707103,2.3,0.1,0.04455795922498969,-0.6997330658180774,3.1110572835108945
2026-06-21,KXGDPYEAR-35,2026-08-04,2.749826891591256,2.8,1.8,-0.03218786147859579,-1.1621044533643832,3.3473672445211338
2026-06-21,KXGDPYEAR-36,2026-08-04,2.695242416882835,2.3,0.1,0.24894730630532177,-1.127603469239581,3.5316813541751007
2026-06-22,KXGDPYEAR-26,2026-08-05,2.0634993432485604,1.8,2.3,0.3834526036055399,2.6990955232370606,0.8890107199136287
2026-06-22,KXGDPYEAR-27,2026-08-05,2.404145176760814,2.3,2.8,0.0863797104162079,-0.1825979779638649,2.4157336614472826
2026-06-22,KXGDPYEAR-28,2026-08-04,2.334395209137277,2.3,2.8,0.024956203537765852,-0.4993066213093704,3.032915424999434
2026-06-22,KXGDPYEAR-29,2026-08-04,2.415259882431586,2.3,2.3,0.08542751443492398,-0.7026062795725081,2.9891748565544605
2026-06-22,KXGDPYEAR-30,2026-08-05,2.3345073862911607,2.3,2.8,0.024269056603959845,-0.7769956702966292,2.881088103489776
2026-06-22,KXGDPYEAR-31,2026-08-04,2.248014310493019,2.3,2.8,-0.037566168275753146,-0.7012489658312346,2.719168761277071
2026-06-22,KXGDPYEAR-32,2026-08-04,2.675002825369558,2.3,1.8,0.23810070525900007,-1.1546447091476657,3.45779719496512
2026-06-22,KXGDPYEAR-33,2026-08-05,2.8592210044753155,2.3,2.3,0.3689059934043657,-1.0555602215262991,3.4287871306045083
2026-06-22,KXGDPYEAR-34,2026-08-05,2.3636376657707103,2.3,0.1,0.04455795922498969,-0.6997330658180774,3.1110572835108945
2026-06-22,KXGDPYEAR-35,2026-08-04,2.749826891591256,2.8,1.8,-0.03218786147859579,-1.1621044533643832,3.3473672445211338
2026-06-22,KXGDPYEAR-36,2026-08-04,2.695242416882835,2.3,0.1,0.24894730630532177,-1.127603469239581,3.5316813541751007
2026-06-23,KXGDPYEAR-26,2026-08-05,2.0627369782664453,1.8,2.3,0.38212450879941107,2.691739310476345,0.890161866979341
2026-06-23,KXGDPYEAR-27,2026-08-05,2.404145176760814,2.3,2.8,0.0863797104162079,-0.1825979779638649,2.4157336614472826
2026-06-23,KXGDPYEAR-28,2026-08-04,2.334395209137277,2.3,2.8,0.024956203537765852,-0.4993066213093704,3.032915424999434
2026-06-23,KXGDPYEAR-29,2026-08-04,2.4635269373785458,2.3,2.3,0.1256819684490861,-0.6186825331220192,2.7881039553804254
2026-06-23,KXGDPYEAR-30,2026-08-05,2.3345073862911607,2.3,2.8,0.024269056603959845,-0.7769956702966292,2.881088103489776
2026-06-23,KXGDPYEAR-31,2026-08-04,2.248014310493019,2.3,2.8,-0.037566168275753146,-0.7012489658312346,2.719168761277071
2026-06-23,KXGDPYEAR-32,2026-08-04,2.675002825369558,2.3,1.8,0.23810070525900007,-1.1546447091476657,3.45779719496512
2026-06-23,KXGDPYEAR-33,2026-08-05,2.8592210044753155,2.3,2.3,0.3689059934043657,-1.0555602215262991,3.4287871306045083
2026-06-23,KXGDPYEAR-34,2026-08-05,2.3636376657707103,2.3,0.1,0.04455795922498969,-0.6997330658180774,3.1110572835108945
2026-06-23,KXGDPYEAR-35,2026-08-04,2.749826891591256,2.8,1.8,-0.03218786147859579,-1.1621044533643832,3.3473672445211338
2026-06-23,KXGDPYEAR-36,2026-08-04,2.695242416882835,2.3,0.1,0.24894730630532177,-1.127603469239581,3.5316813541751007
2026-06-24,KXGDPYEAR-26,2026-08-05,2.066467908799784,2.3,2.3,-0.3390015649266766,2.6754464307490142,0.8883939468321614
2026-06-24,KXGDPYEAR-27,2026-08-05,2.404145176760814,2.3,2.8,0.0863797104162079,-0.1825979779638649,2.4157336614472826
2026-06-24,KXGDPYEAR-28,2026-08-04,2.334395209137277,2.3,2.8,0.024956203537765852,-0.4993066213093704,3.032915424999434
2026-06-24,KXGDPYEAR-29,2026-08-04,2.4635269373785458,2.3,2.3,0.1256819684490861,-0.6186825331220192,2.7881039553804254
2026-06-24,KXGDPYEAR-30,2026-08-05,2.3345073862911607,2.3,2.8,0.024269056603959845,-0.7769956702966292,2.881088103489776
2026-06-24,KXGDPYEAR-31,2026-08-04,2.248014310493019,2.3,2.8,-0.037566168275753146,-0.7012489658312346,2.719168761277071
2026-06-24,KXGDPYEAR-32,2026-08-04,2.675002825369558,2.3,1.8,0.23810070525900007,-1.1546447091476657,3.45779719496512
2026-06-24,KXGDPYEAR-33,2026-08-05,2.8592210044753155,2.3,2.3,0.3689059934043657,-1.0555602215262991,3.4287871306045083
2026-06-24,KXGDPYEAR-34,2026-08-05,2.3636376657707103,2.3,0.1,0.04455795922498969,-0.6997330658180774,3.1110572835108945
2026-06-24,KXGDPYEAR-35,2026-08-04,2.749826891591256,2.8,1.8,-0.03218786147859579,-1.1621044533643832,3.3473672445211338
2026-06-24,KXGDPYEAR-36,2026-08-04,2.695242416882835,2.3,0.1,0.24894730630532177,-1.127603469239581,3.5316813541751007
2026-06-25,KXGDPYEAR-26,2026-08-05,2.0608187265672027,1.8,2.3,0.38045897452799426,2.7419608832382263,0.8857415912796243
2026-06-25,KXGDPYEAR-27,2026-08-05,2.404145176760814,2.3,2.8,0.0863797104162079,-0.1825979779638649,2.4157336614472826
2026-06-25,KXGDPYEAR-28,2026-08-04,2.334395209137277,2.3,2.8,0.024956203537765852,-0.4993066213093704,3.032915424999434
2026-06-25,KXGDPYEAR-29,2026-08-04,2.4635269373785458,2.3,2.3,0.1256819684490861,-0.6186825331220192,2.7881039553804254
2026-06-25,KXGDPYEAR-30,2026-08-05,2.2714365622517385,2.3,2.8,-0.01978308839383984,-0.7816053635055353,2.936721295833102
2026-06-25,KXGDPYEAR-31,2026-08-04,2.248014310493019,2.3,2.8,-0.037566168275753146,-0.7012489658312346,2.719168761277071
2026-06-25,KXGDPYEAR-32,2026-08-04,2.675002825369558,2.3,1.8,0.23810070525900007,-1.1546447091476657,3.45779719496512
2026-06-25,KXGDPYEAR-33,2026-08-05,2.8592210044753155,2.3,2.3,0.3689059934043657,-1.0555602215262991,3.4287871306045083
2026-06-25,KXGDPYEAR-34,2026-08-05,2.3636376657707103,2.3,0.1,0.04455795922498969,-0.6997330658180774,3.1110572835108945
2026-06-25,KXGDPYEAR-35,2026-08-04,2.749826891591256,2.8,1.8,-0.03218786147859579,-1.1621044533643832,3.3473672445211338
2026-06-25,KXGDPYEAR-36,2026-08-04,2.695242416882835,2.3,0.1,0.24894730630532177,-1.127603469239581,3.5316813541751007
2026-06-26,KXGDPYEAR-26,2026-08-05,2.066399791872551,2.3,2.3,-0.33900156492667644,2.6742093024687152,0.8886371625414999
2026-06-26,KXGDPYEAR-27,2026-08-05,2.404145176760814,2.3,2.8,0.0863797104162079,-0.1825979779638649,2.4157336614472826
2026-06-26,KXGDPYEAR-28,2026-08-04,2.334395209137277,2.3,2.8,0.024956203537765852,-0.4993066213093704,3.032915424999434
2026-06-26,KXGDPYEAR-29,2026-08-04,2.4635269373785458,2.3,2.3,0.1256819684490861,-0.6186825331220192,2.7881039553804254
2026-06-26,KXGDPYEAR-30,2026-08-05,2.2714365622517385,2.3,2.8,-0.01978308839383984,-0.7816053635055353,2.936721295833102
2026-06-26,KXGDPYEAR-31,2026-08-04,2.248014310493019,2.3,2.8,-0.037566168275753146,-0.7012489658312346,2.719168761277071
2026-06-26,KXGDPYEAR-32,2026-08-04,2.675002825369558,2.3,1.8,0.23810070525900007,-1.1546447091476657,3.45779719496512
2026-06-26,KXGDPYEAR-33,2026-08-05,2.8592210044753155,2.3,2.3,0.3689059934043657,-1.0555602215262991,3.4287871306045083
2026-06-26,KXGDPYEAR-34,2026-08-05,2.3636376657707103,2.3,0.1,0.04455795922498969,-0.6997330658180774,3.1110572835108945
2026-06-26,KXGDPYEAR-35,2026-08-04,2.749826891591256,2.8,1.8,-0.03218786147859579,-1.1621044533643832,3.3473672445211338
2026-06-26,KXGDPYEAR-36,2026-08-04,2.695242416882835,2.3,0.1,0.24894730630532177,-1.127603469239581,3.5316813541751007
2026-06-27,KXGDPYEAR-26,2026-08-05,2.0476843131423594,1.8,1.8,0.36225872802392917,2.7920094066979635,0.8909608619607067
2026-06-27,KXGDPYEAR-27,2026-08-05,2.404145176760814,2.3,2.8,0.0863797104162079,-0.1825979779638649,2.4157336614472826
2026-06-27,KXGDPYEAR-28,2026-08-04,2.334395209137277,2.3,2.8,0.024956203537765852,-0.4993066213093704,3.032915424999434
2026-06-27,KXGDPYEAR-29,2026-08-04,2.4635269373785458,2.3,2.3,0.1256819684490861,-0.6186825331220192,2.7881039553804254
2026-06-27,KXGDPYEAR-30,2026-08-05,2.2714365622517385,2.3,2.8,-0.01978308839383984,-0.7816053635055353,2.936721295833102
2026-06-27,KXGDPYEAR-31,2026-08-04,2.248014310493019,2.3,2.8,-0.037566168275753146,-0.7012489658312346,2.719168761277071
2026-06-27,KXGDPYEAR-32,2026-08-04,2.675002825369558,2.3,1.8,0.23810070525900007,-1.1546447091476657,3.45779719496512
2026-06-27,KXGDPYEAR-33,2026-08-05,2.8592210044753155,2.3,2.3,0.3689059934043657,-1.0555602215262991,3.4287871306045083
2026-06-27,KXGDPYEAR-34,2026-08-05,2.3636376657707103,2.3,0.1,0.04455795922498969,-0.6997330658180774,3.1110572835108945
2026-06-27,KXGDPYEAR-35,2026-08-04,2.749826891591256,2.8,1.8,-0.03218786147859579,-1.1621044533643832,3.3473672445211338
2026-06-27,KXGDPYEAR-36,2026-08-04,2.695242416882835,2.3,0.1,0.24894730630532177,-1.127603469239581,3.5316813541751007
2026-06-28,KXGDPYEAR-26,2026-08-05,2.05253987640478,1.8,2.3,0.3717465599431686,2.883613450106022,0.8733887984232311
2026-06-28,KXGDPYEAR-27,2026-08-05,2.404145176760814,2.3,2.8,0.0863797104162079,-0.1825979779638649,2.4157336614472826
2026-06-28,KXGDPYEAR-28,2026-08-04,2.334395209137277,2.3,2.8,0.024956203537765852,-0.4993066213093704,3.032915424999434
2026-06-28,KXGDPYEAR-29,2026-08-04,2.4635269373785458,2.3,2.3,0.1256819684490861,-0.6186825331220192,2.7881039553804254
2026-06-28,KXGDPYEAR-30,2026-08-05,2.3586125062196137,2.3,2.8,0.039667261057096,-0.9615693056958374,3.029307720076941
2026-06-28,KXGDPYEAR-31,2026-08-04,2.248014310493019,2.3,2.8,-0.037566168275753146,-0.7012489658312346,2.719168761277071
2026-06-28,KXGDPYEAR-32,2026-08-04,2.675002825369558,2.3,1.8,0.23810070525900007,-1.1546447091476657,3.45779719496512
2026-06-28,KXGDPYEAR-33,2026-08-05,2.8592210044753155,2.3,2.3,0.3689059934043657,-1.0555602215262991,3.4287871306045083
2026-06-28,KXGDPYEAR-34,2026-08-05,2.3636376657707103,2.3,0.1,0.04455795922498969,-0.6997330658180774,3.1110572835108945
2026-06-28,KXGDPYEAR-35,2026-08-04,2.749826891591256,2.8,1.8,-0.03218786147859579,-1.1621044533643832,3.3473672445211338
2026-06-28,KXGDPYEAR-36,2026-08-04,2.695242416882835,2.3,0.1,0.24894730630532177,-1.127603469239581,3.5316813541751007
2026-06-29,KXGDPYEAR-26,2026-08-05,2.0606968668180374,1.8,2.3,0.3792693208565548,2.7250542442358157,0.8890391513729368
2026-06-29,KXGDPYEAR-27,2026-08-05,2.404145176760814,2.3,2.8,0.0863797104162079,-0.1825979779638649,2.4157336614472826
2026-06-29,KXGDPYEAR-28,2026-08-04,2.338609972132924,2.3,2.8,0.028176847855202115,-0.48581291233095225,3.0074054178913863
2026-06-29,KXGDPYEAR-29,2026-08-04,2.4635269373785458,2.3,2.3,0.1256819684490861,-0.6186825331220192,2.7881039553804254
2026-06-29,KXGDPYEAR-30,2026-08-05,2.3586125062196137,2.3,2.8,0.039667261057096,-0.9615693056958374,3.029307720076941
2026-06-29,KXGDPYEAR-31,2026-08-04,2.248014310493019,2.3,2.8,-0.037566168275753146,-0.7012489658312346,2.719168761277071
2026-06-29,KXGDPYEAR-32,2026-08-04,2.675002825369558,2.3,1.8,0.23810070525900007,-1.1546447091476657,3.45779719496512
2026-06-29,KXGDPYEAR-33,2026-08-05,2.8592210044753155,2.3,2.3,0.3689059934043657,-1.0555602215262991,3.4287871306045083
2026-06-29,KXGDPYEAR-34,2026-08-05,2.3636376657707103,2.3,0.1,0.04455795922498969,-0.6997330658180774,3.1110572835108945
2026-06-29,KXGDPYEAR-35,2026-08-04,2.749826891591256,2.8,1.8,-0.03218786147859579,-1.1621044533643832,3.3473672445211338
2026-06-29,KXGDPYEAR-36,2026-08-04,2.695242416882835,2.3,0.1,0.24894730630532177,-1.127603469239581,3.5316813541751007
2026-06-30,KXGDPYEAR-26,2026-08-05,2.0499938324639673,1.8,2.3,0.36808804766964365,2.8703224943049985,0.872476218029838
2026-06-30,KXGDPYEAR-27,2026-08-05,2.404145176760814,2.3,2.8,0.0863797104162079,-0.1825979779638649,2.4157336614472826
2026-06-30,KXGDPYEAR-28,2026-08-04,2.338609972132924,2.3,2.8,0.028176847855202115,-0.48581291233095225,3.0074054178913863
2026-06-30,KXGDPYEAR-29,2026-08-04,2.4635269373785458,2.3,2.3,0.1256819684490861,-0.6186825331220192,2.7881039553804254
2026-06-30,KXGDPYEAR-30,2026-08-05,2.3586125062196137,2.3,2.8,0.039667261057096,-0.9615693056958374,3.029307720076941
2026-06-30,KXGDPYEAR-31,2026-08-04,2.248014310493019,2.3,2.8,-0.037566168275753146,-0.7012489658312346,2.719168761277071
2026-06-30,KXGDPYEAR-32,2026-08-04,2.675002825369558,2.3,1.8,0.23810070525900007,-1.1546447091476657,3.45779719496512
2026-06-30,KXGDPYEAR-33,2026-08-05,2.8592210044753155,2.3,2.3,0.3689059934043657,-1.0555602215262991,3.4287871306045083
2026-06-30,KXGDPYEAR-34,2026-08-05,2.3636376657707103,2.3,0.1,0.04455795922498969,-0.6997330658180774,3.1110572835108945
2026-06-30,KXGDPYEAR-35,2026-08-04,2.749826891591256,2.8,1.8,-0.03218786147859579,-1.1621044533643832,3.3473672445211338
2026-06-30,KXGDPYEAR-36,2026-08-04,2.695242416882835,2.3,0.1,0.24894730630532177,-1.127603469239581,3.5316813541751007
2026-07-01,KXGDPYEAR-26,2026-08-05,2.044331173632646,1.8,2.3,0.3613899851907754,2.9125182937518,0.8683078610441778
2026-07-01,KXGDPYEAR-27,2026-08-05,2.404145176760814,2.3,2.8,0.0863797104162079,-0.1825979779638649,2.4157336614472826
2026-07-01,KXGDPYEAR-28,2026-08-04,2.336490722718475,2.3,2.3,0.028176847855202178,-0.3366889503286319,2.8424103143937796
2026-07-01,KXGDPYEAR-29,2026-08-04,2.4635269373785458,2.3,2.3,0.1256819684490861,-0.6186825331220192,2.7881039553804254
2026-07-01,KXGDPYEAR-30,2026-08-05,2.3586125062196137,2.3,2.8,0.039667261057096,-0.9615693056958374,3.029307720076941
2026-07-01,KXGDPYEAR-31,2026-08-04,2.248014310493019,2.3,2.8,-0.037566168275753146,-0.7012489658312346,2.719168761277071
2026-07-01,KXGDPYEAR-32,2026-08-04,2.675002825369558,2.3,1.8,0.23810070525900007,-1.1546447091476657,3.45779719496512
2026-07-01,KXGDPYEAR-33,2026-08-05,2.8592210044753155,2.3,2.3,0.3689059934043657,-1.0555602215262991,3.4287871306045083
2026-07-01,KXGDPYEAR-34,2026-08-05,2.3636376657707103,2.3,0.1,0.04455795922498969,-0.6997330658180774,3.1110572835108945
2026-07-01,KXGDPYEAR-35,2026-08-04,2.749826891591256,2.8,1.8,-0.03218786147859579,-1.1621044533643832,3.3473672445211338
2026-07-01,KXGDPYEAR-36,2026-08-04,2.695242416882835,2.3,0.1,0.24894730630532177,-1.127603469239581,3.5316813541751007
2026-07-02,KXGDPYEAR-26,2026-08-05,2.0465120870207376,1.8,2.3,0.36138998519077575,2.8601341267850495,0.8755208028812888
2026-07-02,KXGDPYEAR-27,2026-08-05,2.404145176760814,2.3,2.8,0.0863797104162079,-0.1825979779638649,2.4157336614472826
2026-07-02,KXGDPYEAR-28,2026-08-04,2.336490722718475,2.3,2.3,0.028176847855202178,-0.3366889503286319,2.8424103143937796
2026-07-02,KXGDPYEAR-29,2026-08-04,2.4635269373785458,2.3,2.3,0.1256819684490861,-0.6186825331220192,2.7881039553804254
2026-07-02,KXGDPYEAR-30,2026-08-05,2.3586125062196137,2.3,2.8,0.039667261057096,-0.9615693056958374,3.029307720076941
2026-07-02,KXGDPYEAR-31,2026-08-04,2.248014310493019,2.3,2.8,-0.037566168275753146,-0.7012489658312346,2.719168761277071
2026-07-02,KXGDPYEAR-32,2026-08-04,2.675002825369558,2.3,1.8,0.23810070525900007,-1.1546447091476657,3.45779719496512
2026-07-02,KXGDPYEAR-33,2026-08-05,2.8592210044753155,2.3,2.3,0.3689059934043657,-1.0555602215262991,3.4287871306045083
2026-07-02,KXGDPYEAR-34,2026-08-05,2.3636376657707103,2.3,0.1,0.04455795922498969,-0.6997330658180774,3.1110572835108945
2026-07-02,KXGDPYEAR-35,2026-08-04,2.749826891591256,2.8,1.8,-0.03218786147859579,-1.1621044533643832,3.3473672445211338
2026-07-02,KXGDPYEAR-36,2026-08-04,2.695242416882835,2.3,0.1,0.24894730630532177,-1.127603469239581,3.5316813541751007
2026-07-03,KXGDPYEAR-26,2026-08-05,2.0040266397453923,1.8,2.3,0.3158084181815023,2.5820189186514613,0.7540127494842274
2026-07-03,KXGDPYEAR-27,2026-08-05,2.404145176760814,2.3,2.8,0.0863797104162079,-0.1825979779638649,2.4157336614472826
2026-07-03,KXGDPYEAR-28,2026-08-04,2.336490722718475,2.3,2.3,0.028176847855202178,-0.3366889503286319,2.8424103143937796
2026-07-03,KXGDPYEAR-29,2026-08-04,2.4635269373785458,2.3,2.3,0.1256819684490861,-0.6186825331220192,2.7881039553804254
2026-07-03,KXGDPYEAR-30,2026-08-05,2.3586125062196137,2.3,2.8,0.039667261057096,-0.9615693056958374,3.029307720076941
2026-07-03,KXGDPYEAR-31,2026-08-04,2.248014310493019,2.3,2.8,-0.037566168275753146,-0.7012489658312346,2.719168761277071
2026-07-03,KXGDPYEAR-32,2026-08-04,2.675002825369558,2.3,1.8,0.23810070525900007,-1.1546447091476657,3.45779719496512
2026-07-03,KXGDPYEAR-33,2026-08-05,2.8592210044753155,2.3,2.3,0.3689059934043657,-1.0555602215262991,3.4287871306045083
2026-07-03,KXGDPYEAR-34,2026-08-05,2.3636376657707103,2.3,0.1,0.04455795922498969,-0.6997330658180774,3.1110572835108945
2026-07-03,KXGDPYEAR-35,2026-08-04,2.749826891591256,2.8,1.8,-0.03218786147859579,-1.1621044533643832,3.3473672445211338
2026-07-03,KXGDPYEAR-36,2026-08-04,2.695242416882835,2.3,0.1,0.24894730630532177,-1.127603469239581,3.5316813541751007
2026-07-04,KXGDPYEAR-26,2026-08-05,2.012518679127665,1.8,2.3,0.329906377453834,2.5655193477292384,0.7459083709664819
2026-07-04,KXGDPYEAR-27,2026-08-05,2.404145176760814,2.3,2.8,0.0863797104162079,-0.1825979779638649,2.4157336614472826
2026-07-04,KXGDPYEAR-28,2026-08-04,2.336490722718475,2.3,2.3,0.028176847855202178,-0.3366889503286319,2.8424103143937796
2026-07-04,KXGDPYEAR-29,2026-08-04,2.4635269373785458,2.3,2.3,0.1256819684490861,-0.6186825331220192,2.7881039553804254
2026-07-04,KXGDPYEAR-30,2026-08-05,2.3586125062196137,2.3,2.8,0.039667261057096,-0.9615693056958374,3.029307720076941
2026-07-04,KXGDPYEAR-31,2026-08-04,2.248014310493019,2.3,2.8,-0.037566168275753146,-0.7012489658312346,2.719168761277071
2026-07-04,KXGDPYEAR-32,2026-08-04,2.675002825369558,2.3,1.8,0.23810070525900007,-1.1546447091476657,3.45779719496512
2026-07-04,KXGDPYEAR-33,2026-08-05,2.8592210044753155,2.3,2.3,0.3689059934043657,-1.0555602215262991,3.4287871306045083
2026-07-04,KXGDPYEAR-34,2026-08-05,2.3636376657707103,2.3,0.1,0.04455795922498969,-0.6997330658180774,3.1110572835108945
2026-07-04,KXGDPYEAR-35,2026-08-04,2.749826891591256,2.8,1.8,-0.03218786147859579,-1.1621044533643832,3.3473672445211338
2026-07-04,KXGDPYEAR-36,2026-08-04,2.695242416882835,2.3,0.1,0.24894730630532177,-1.127603469239581,3.5316813541751007
2026-07-05,KXGDPYEAR-26,2026-08-05,2.0136437940614376,1.8,2.3,0.3312683626124519,2.5506753055433364,0.7467038289045442
2026-07-05,KXGDPYEAR-27,2026-08-05,2.404145176760814,2.3,2.8,0.0863797104162079,-0.1825979779638649,2.4157336614472826
2026-07-05,KXGDPYEAR-28,2026-08-04,2.336490722718475,2.3,2.3,0.028176847855202178,-0.3366889503286319,2.8424103143937796
2026-07-05,KXGDPYEAR-29,2026-08-04,2.4635269373785458,2.3,2.3,0.1256819684490861,-0.6186825331220192,2.7881039553804254
2026-07-05,KXGDPYEAR-30,2026-08-05,2.3586125062196137,2.3,2.8,0.039667261057096,-0.9615693056958374,3.029307720076941
2026-07-05,KXGDPYEAR-31,2026-08-04,2.248014310493019,2.3,2.8,-0.037566168275753146,-0.7012489658312346,2.719168761277071
2026-07-05,KXGDPYEAR-32,2026-08-04,2.675002825369558,2.3,1.8,0.23810070525900007,-1.1546447091476657,3.45779719496512
2026-07-05,KXGDPYEAR-33,2026-08-05,2.8592210044753155,2.3,2.3,0.3689059934043657,-1.0555602215262991,3.4287871306045083
2026-07-05,KXGDPYEAR-34,2026-08-05,2.3636376657707103,2.3,0.1,0.04455795922498969,-0.6997330658180774,3.1110572835108945
2026-07-05,KXGDPYEAR-35,2026-08-04,2.749826891591256,2.8,1.8,-0.03218786147859579,-1.1621044533643832,3.3473672445211338
2026-07-05,KXGDPYEAR-36,2026-08-04,2.695242416882835,2.3,0.1,0.24894730630532177,-1.127603469239581,3.5316813541751007
2026-07-06,KXGDPYEAR-26,2026-08-05,2.0030364003781407,1.8,2.3,0.31290792124070876,2.464407192278305,0.7593025381933165
2026-07-06,KXGDPYEAR-27,2026-08-05,2.404145176760814,2.3,2.8,0.0863797104162079,-0.1825979779638649,2.4157336614472826
2026-07-06,KXGDPYEAR-28,2026-08-04,2.336490722718475,2.3,2.3,0.028176847855202178,-0.3366889503286319,2.8424103143937796
2026-07-06,KXGDPYEAR-29,2026-08-04,2.4635269373785458,2.3,2.3,0.1256819684490861,-0.6186825331220192,2.7881039553804254
2026-07-06,KXGDPYEAR-30,2026-08-05,2.3586125062196137,2.3,2.8,0.039667261057096,-0.9615693056958374,3.029307720076941
2026-07-06,KXGDPYEAR-31,2026-08-04,2.248014310493019,2.3,2.8,-0.037566168275753146,-0.7012489658312346,2.719168761277071
2026-07-06,KXGDPYEAR-32,2026-08-04,2.675002825369558,2.3,1.8,0.23810070525900007,-1.1546447091476657,3.45779719496512
2026-07-06,KXGDPYEAR-33,2026-08-05,2.8592210044753155,2.3,2.3,0.3689059934043657,-1.0555602215262991,3.4287871306045083
2026-07-06,KXGDPYEAR-34,2026-08-05,2.3636376657707103,2.3,0.1,0.04455795922498969,-0.6997330658180774,3.1110572835108945
2026-07-06,KXGDPYEAR-35,2026-08-04,2.749826891591256,2.8,1.8,-0.03218786147859579,-1.1621044533643832,3.3473672445211338
2026-07-06,KXGDPYEAR-36,2026-08-04,2.695242416882835,2.3,0.1,0.24894730630532177,-1.127603469239581,3.5316813541751007
2026-07-07,KXGDPYEAR-26,2026-08-05,2.0064621019584394,1.8,2.3,0.3159499202132219,2.4127184755982602,0.7639876178267073
2026-07-07,KXGDPYEAR-27,2026-08-05,2.404145176760814,2.3,2.8,0.0863797104162079,-0.1825979779638649,2.4157336614472826
2026-07-07,KXGDPYEAR-28,2026-08-04,2.336490722718475,2.3,2.3,0.028176847855202178,-0.3366889503286319,2.8424103143937796
2026-07-07,KXGDPYEAR-29,2026-08-04,2.4635269373785458,2.3,2.3,0.1256819684490861,-0.6186825331220192,2.7881039553804254
2026-07-07,KXGDPYEAR-30,2026-08-05,2.3586125062196137,2.3,2.8,0.039667261057096,-0.9615693056958374,3.029307720076941
2026-07-07,KXGDPYEAR-31,2026-08-04,2.248014310493019,2.3,2.8,-0.037566168275753146,-0.7012489658312346,2.719168761277071
2026-07-07,KXGDPYEAR-32,2026-08-04,2.675002825369558,2.3,1.8,0.23810070525900007,-1.1546447091476657,3.45779719496512
2026-07-07,KXGDPYEAR-33,2026-08-05,2.8592210044753155,2.3,2.3,0.3689059934043657,-1.0555602215262991,3.4287871306045083
2026-07-07,KXGDPYEAR-34,2026-08-05,2.3636376657707103,2.3,0.1,0.04455795922498969,-0.6997330658180774,3.1110572835108945
2026-07-07,KXGDPYEAR-35,2026-08-04,2.749826891591256,2.8,1.8,-0.03218786147859579,-1.1621044533643832,3.3473672445211338
2026-07-07,KXGDPYEAR-36,2026-08-04,2.695242416882835,2.3,0.1,0.24894730630532177,-1.127603469239581,3.5316813541751007
2026-07-08,KXGDPYEAR-26,2026-08-05,2.0066083576287657,1.8,2.3,0.31608682723758524,2.4082346304261737,0.7644266891818506
2026-07-08,KXGDPYEAR-27,2026-08-05,2.404145176760814,2.3,2.8,0.0863797104162079,-0.1825979779638649,2.4157336614472826
2026-07-08,KXGDPYEAR-28,2026-08-04,2.336490722718475,2.3,2.3,0.028176847855202178,-0.3366889503286319,2.8424103143937796
2026-07-08,KXGDPYEAR-29,2026-08-04,2.4635269373785458,2.3,2.3,0.1256819684490861,-0.6186825331220192,2.7881039553804254
2026-07-08,KXGDPYEAR-30,2026-08-05,2.3586125062196137,2.3,2.8,0.039667261057096,-0.9615693056958374,3.029307720076941
2026-07-08,KXGDPYEAR-31,2026-08-04,2.248014310493019,2.3,2.8,-0.037566168275753146,-0.7012489658312346,2.719168761277071
2026-07-08,KXGDPYEAR-32,2026-08-04,2.675002825369558,2.3,1.8,0.23810070525900007,-1.1546447091476657,3.45779719496512
2026-07-08,KXGDPYEAR-33,2026-08-05,2.8592210044753155,2.3,2.3,0.3689059934043657,-1.0555602215262991,3.4287871306045083
2026-07-08,KXGDPYEAR-34,2026-08-05,2.3636376657707103,2.3,0.1,0.04455795922498969,-0.6997330658180774,3.1110572835108945
2026-07-08,KXGDPYEAR-35,2026-08-04,2.749826891591256,2.8,1.8,-0.03218786147859579,-1.1621044533643832,3.3473672445211338
2026-07-08,KXGDPYEAR-36,2026-08-04,2.695242416882835,2.3,0.1,0.24894730630532177,-1.127603469239581,3.5316813541751007
2026-07-09,KXGDPYEAR-26,2026-08-05,2.017741580453445,1.8,2.3,0.3406101508160595,2.6671997889378902,0.7419546618127782
2026-07-09,KXGDPYEAR-27,2026-08-05,2.404145176760814,2.3,2.8,0.0863797104162079,-0.1825979779638649,2.4157336614472826
2026-07-09,KXGDPYEAR-28,2026-08-04,2.336490722718475,2.3,2.3,0.028176847855202178,-0.3366889503286319,2.8424103143937796
2026-07-09,KXGDPYEAR-29,2026-08-04,2.4635269373785458,2.3,2.3,0.1256819684490861,-0.6186825331220192,2.7881039553804254
2026-07-09,KXGDPYEAR-30,2026-08-05,2.3586125062196137,2.3,2.8,0.039667261057096,-0.9615693056958374,3.029307720076941
2026-07-09,KXGDPYEAR-31,2026-08-04,2.248014310493019,2.3,2.8,-0.037566168275753146,-0.7012489658312346,2.719168761277071
2026-07-09,KXGDPYEAR-32,2026-08-04,2.675002825369558,2.3,1.8,0.23810070525900007,-1.1546447091476657,3.45779719496512
2026-07-09,KXGDPYEAR-33,2026-08-05,2.8592210044753155,2.3,2.3,0.3689059934043657,-1.0555602215262991,3.4287871306045083
2026-07-09,KXGDPYEAR-34,2026-08-05,2.3636376657707103,2.3,0.1,0.04455795922498969,-0.6997330658180774,3.1110572835108945
2026-07-09,KXGDPYEAR-35,2026-08-04,2.749826891591256,2.8,1.8,-0.03218786147859579,-1.1621044533643832,3.3473672445211338
2026-07-09,KXGDPYEAR-36,2026-08-04,2.695242416882835,2.3,0.1,0.24894730630532177,-1.127603469239581,3.5316813541751007
2026-07-10,KXGDPYEAR-26,2026-08-05,2.0137295081967217,1.8,1.8,0.3318485523385299,2.560355966881553,0.7622295333915613
2026-07-10,KXGDPYEAR-27,2026-08-05,2.404145176760814,2.3,2.8,0.0863797104162079,-0.1825979779638649,2.4157336614472826
2026-07-10,KXGDPYEAR-28,2026-08-04,2.336490722718475,2.3,2.3,0.028176847855202178,-0.3366889503286319,2.8424103143937796
2026-07-10,KXGDPYEAR-29,2026-08-04,2.4635269373785458,2.3,2.3,0.1256819684490861,-0.6186825331220192,2.7881039553804254
2026-07-10,KXGDPYEAR-30,2026-08-05,2.3586125062196137,2.3,2.8,0.039667261057096,-0.9615693056958374,3.029307720076941
2026-07-10,KXGDPYEAR-31,2026-08-04,2.248014310493019,2.3,2.8,-0.037566168275753146,-0.7012489658312346,2.719168761277071
2026-07-10,KXGDPYEAR-32,2026-08-04,2.675002825369558,2.3,1.8,0.23810070525900007,-1.1546447091476657,3.45779719496512
2026-07-10,KXGDPYEAR-33,2026-08-05,2.8592210044753155,2.3,2.3,0.3689059934043657,-1.0555602215262991,3.4287871306045083
2026-07-10,KXGDPYEAR-34,2026-08-05,2.3636376657707103,2.3,0.1,0.04455795922498969,-0.6997330658180774,3.1110572835108945
2026-07-10,KXGDPYEAR-35,2026-08-04,2.749826891591256,2.8,1.8,-0.03218786147859579,-1.1621044533643832,3.3473672445211338
2026-07-10,KXGDPYEAR-36,2026-08-04,2.695242416882835,2.3,0.1,0.24894730630532177,-1.127603469239581,3.5316813541751007
2026-07-11,KXGDPYEAR-26,2026-08-05,2.0137295081967213,1.8,1.8,0.33184855233852995,2.5603559668815548,0.7622295333915613
2026-07-11,KXGDPYEAR-27,2026-08-05,2.404145176760814,2.3,2.8,0.0863797104162079,-0.1825979779638649,2.4157336614472826
2026-07-11,KXGDPYEAR-28,2026-08-04,2.336490722718475,2.3,2.3,0.028176847855202178,-0.3366889503286319,2.8424103143937796
2026-07-11,KXGDPYEAR-29,2026-08-04,2.4635269373785458,2.3,2.3,0.1256819684490861,-0.6186825331220192,2.7881039553804254
2026-07-11,KXGDPYEAR-30,2026-08-05,2.3586125062196137,2.3,2.8,0.039667261057096,-0.9615693056958374,3.029307720076941
2026-07-11,KXGDPYEAR-31,2026-08-04,2.248014310493019,2.3,2.8,-0.037566168275753146,-0.7012489658312346,2.719168761277071
2026-07-11,KXGDPYEAR-32,2026-08-04,2.675002825369558,2.3,1.8,0.23810070525900007,-1.1546447091476657,3.45779719496512
2026-07-11,KXGDPYEAR-33,2026-08-05,2.8592210044753155,2.3,2.3,0.3689059934043657,-1.0555602215262991,3.4287871306045083
2026-07-11,KXGDPYEAR-34,2026-08-05,2.3636376657707103,2.3,0.1,0.04455795922498969,-0.6997330658180774,3.1110572835108945
2026-07-11,KXGDPYEAR-35,2026-08-04,2.749826891591256,2.8,1.8,-0.03218786147859579,-1.1621044533643832,3.3473672445211338
2026-07-11,KXGDPYEAR-36,2026-08-04,2.695242416882835,2.3,0.1,0.24894730630532177,-1.127603469239581,3.5316813541751007
2026-07-12,KXGDPYEAR-26,2026-08-05,2.014974358974359,1.8,1.8,0.33397068196303337,2.570179579353362,0.7614988454963839
2026-07-12,KXGDPYEAR-27,2026-08-05,2.400377948360374,2.3,2.8,0.08637971041620802,-0.07241168443071144,2.3287278241285545
2026-07-12,KXGDPYEAR-28,2026-08-04,2.336490722718475,2.3,2.3,0.028176847855202178,-0.3366889503286319,2.8424103143937796
2026-07-12,KXGDPYEAR-29,2026-08-04,2.4635269373785458,2.3,2.3,0.1256819684490861,-0.6186825331220192,2.7881039553804254
2026-07-12,KXGDPYEAR-30,2026-08-05,2.3586125062196137,2.3,2.8,0.039667261057096,-0.9615693056958374,3.029307720076941
2026-07-12,KXGDPYEAR-31,2026-08-04,2.248014310493019,2.3,2.8,-0.037566168275753146,-0.7012489658312346,2.719168761277071
2026-07-12,KXGDPYEAR-32,2026-08-04,2.675002825369558,2.3,1.8,0.23810070525900007,-1.1546447091476657,3.45779719496512
2026-07-12,KXGDPYEAR-33,2026-08-05,2.8592210044753155,2.3,2.3,0.3689059934043657,-1.0555602215262991,3.4287871306045083
2026-07-12,KXGDPYEAR-34,2026-08-05,2.3636376657707103,2.3,0.1,0.04455795922498969,-0.6997330658180774,3.1110572835108945
2026-07-12,KXGDPYEAR-35,2026-08-04,2.749826891591256,2.8,1.8,-0.03218786147859579,-1.1621044533643832,3.3473672445211338
2026-07-12,KXGDPYEAR-36,2026-08-04,2.695242416882835,2.3,0.1,0.24894730630532177,-1.127603469239581,3.5316813541751007
2026-07-13,KXGDPYEAR-26,2026-08-05,2.0242620584336386,1.8,2.3,0.3489186749147439,2.6456727274873115,0.7469443044784875
2026-07-13,KXGDPYEAR-27,2026-08-05,2.400377948360374,2.3,2.8,0.08637971041620802,-0.07241168443071144,2.3287278241285545
2026-07-13,KXGDPYEAR-28,2026-08-04,2.3409185982616134,1.8,2.8,0.374937412437735,-0.6306651450185443,3.1871343071956817
2026-07-13,KXGDPYEAR-29,2026-08-04,2.4635269373785458,2.3,2.3,0.1256819684490861,-0.6186825331220192,2.7881039553804254
2026-07-13,KXGDPYEAR-30,2026-08-05,2.368203369492102,2.3,2.8,0.04683133622034126,-0.9299712805358298,2.9676255078934783
2026-07-13,KXGDPYEAR-31,2026-08-04,2.248014310493019,2.3,2.8,-0.037566168275753146,-0.7012489658312346,2.719168761277071
2026-07-13,KXGDPYEAR-32,2026-08-04,2.675002825369558,2.3,1.8,0.23810070525900007,-1.1546447091476657,3.45779719496512
2026-07-13,KXGDPYEAR-33,2026-08-05,2.8592210044753155,2.3,2.3,0.3689059934043657,-1.0555602215262991,3.4287871306045083
2026-07-13,KXGDPYEAR-34,2026-08-05,2.3636376657707103,2.3,0.1,0.04455795922498969,-0.6997330658180774,3.1110572835108945
2026-07-13,KXGDPYEAR-35,2026-08-04,2.749826891591256,2.8,1.8,-0.03218786147859579,-1.1621044533643832,3.3473672445211338
2026-07-13,KXGDPYEAR-36,2026-08-04,2.695242416882835,2.3,0.1,0.24894730630532177,-1.127603469239581,3.5316813541751007
2026-07-14,KXGDPYEAR-26,2026-08-05,2.0233675783529117,1.8,2.3,0.34891867491474404,2.6672024962320604,0.7441648787962352
2026-07-14,KXGDPYEAR-27,2026-08-05,2.400377948360374,2.3,2.8,0.08637971041620802,-0.07241168443071144,2.3287278241285545
2026-07-14,KXGDPYEAR-28,2026-08-04,2.3409185982616134,1.8,2.8,0.374937412437735,-0.6306651450185443,3.1871343071956817
2026-07-14,KXGDPYEAR-29,2026-08-04,2.4635269373785458,2.3,2.3,0.1256819684490861,-0.6186825331220192,2.7881039553804254
2026-07-14,KXGDPYEAR-30,2026-08-05,2.368203369492102,2.3,2.8,0.04683133622034126,-0.9299712805358298,2.9676255078934783
2026-07-14,KXGDPYEAR-31,2026-08-04,2.248014310493019,2.3,2.8,-0.037566168275753146,-0.7012489658312346,2.719168761277071
2026-07-14,KXGDPYEAR-32,2026-08-04,2.675002825369558,2.3,1.8,0.23810070525900007,-1.1546447091476657,3.45779719496512
2026-07-14,KXGDPYEAR-33,2026-08-05,2.8592210044753155,2.3,2.3,0.3689059934043657,-1.0555602215262991,3.4287871306045083
2026-07-14,KXGDPYEAR-34,2026-08-05,2.3636376657707103,2.3,0.1,0.04455795922498969,-0.6997330658180774,3.1110572835108945
2026-07-14,KXGDPYEAR-35,2026-08-04,2.749826891591256,2.8,1.8,-0.03218786147859579,-1.1621044533643832,3.3473672445211338
2026-07-14,KXGDPYEAR-36,2026-08-04,2.695242416882835,2.3,0.1,0.24894730630532177,-1.127603469239581,3.5316813541751007
2026-07-15,KXGDPYEAR-26,2026-08-05,2.019539490244328,1.8,2.3,0.34181260068355945,2.623188105167067,0.7500319300134904
2026-07-15,KXGDPYEAR-27,2026-08-05,2.400377948360374,2.3,2.8,0.08637971041620802,-0.07241168443071144,2.3287278241285545
2026-07-15,KXGDPYEAR-28,2026-08-04,2.3409185982616134,1.8,2.8,0.374937412437735,-0.6306651450185443,3.1871343071956817
2026-07-15,KXGDPYEAR-29,2026-08-04,2.4635269373785458,2.3,2.3,0.1256819684490861,-0.6186825331220192,2.7881039553804254
2026-07-15,KXGDPYEAR-30,2026-08-05,2.368203369492102,2.3,2.8,0.04683133622034126,-0.9299712805358298,2.9676255078934783
2026-07-15,KXGDPYEAR-31,2026-08-04,2.248014310493019,2.3,2.8,-0.037566168275753146,-0.7012489658312346,2.719168761277071
2026-07-15,KXGDPYEAR-32,2026-08-04,2.675002825369558,2.3,1.8,0.23810070525900007,-1.1546447091476657,3.45779719496512
2026-07-15,KXGDPYEAR-33,2026-08-05,2.8592210044753155,2.3,2.3,0.3689059934043657,-1.0555602215262991,3.4287871306045083
2026-07-15,KXGDPYEAR-34,2026-08-05,2.3636376657707103,2.3,0.1,0.04455795922498969,-0.6997330658180774,3.1110572835108945
2026-07-15,KXGDPYEAR-35,2026-08-04,2.749826891591256,2.8,1.8,-0.03218786147859579,-1.1621044533643832,3.3473672445211338
2026-07-15,KXGDPYEAR-36,2026-08-04,2.695242416882835,2.3,0.1,0.24894730630532177,-1.127603469239581,3.5316813541751007
2026-07-16,KXGDPYEAR-26,2026-08-05,2.0224151431878665,1.8,2.3,0.34598354894912275,2.6239405555411883,0.7509520313262243
2026-07-16,KXGDPYEAR-27,2026-08-05,2.400377948360374,2.3,2.8,0.08637971041620802,-0.07241168443071144,2.3287278241285545
2026-07-16,KXGDPYEAR-28,2026-08-04,2.3409185982616134,1.8,2.8,0.374937412437735,-0.6306651450185443,3.1871343071956817
2026-07-16,KXGDPYEAR-29,2026-08-04,2.4635269373785458,2.3,2.3,0.1256819684490861,-0.6186825331220192,2.7881039553804254
2026-07-16,KXGDPYEAR-30,2026-08-05,2.368203369492102,2.3,2.8,0.04683133622034126,-0.9299712805358298,2.9676255078934783
2026-07-16,KXGDPYEAR-31,2026-08-04,2.248014310493019,2.3,2.8,-0.037566168275753146,-0.7012489658312346,2.719168761277071
2026-07-16,KXGDPYEAR-32,2026-08-04,2.675002825369558,2.3,1.8,0.23810070525900007,-1.1546447091476657,3.45779719496512
2026-07-16,KXGDPYEAR-33,2026-08-05,2.8592210044753155,2.3,2.3,0.3689059934043657,-1.0555602215262991,3.4287871306045083
2026-07-16,KXGDPYEAR-34,2026-08-05,2.3636376657707103,2.3,0.1,0.04455795922498969,-0.6997330658180774,3.1110572835108945
2026-07-16,KXGDPYEAR-35,2026-08-04,2.749826891591256,2.8,1.8,-0.03218786147859579,-1.1621044533643832,3.3473672445211338
2026-07-16,KXGDPYEAR-36,2026-08-04,2.695242416882835,2.3,0.1,0.24894730630532177,-1.127603469239581,3.5316813541751007
2026-07-17,KXGDPYEAR-26,2026-08-05,2.021374921660056,1.8,2.3,0.34420267700872215,2.615163904557784,0.7515835046597698
2026-07-17,KXGDPYEAR-27,2026-08-05,2.400377948360374,2.3,2.8,0.08637971041620802,-0.07241168443071144,2.3287278241285545
2026-07-17,KXGDPYEAR-28,2026-08-04,2.3409185982616134,1.8,2.8,0.374937412437735,-0.6306651450185443,3.1871343071956817
2026-07-17,KXGDPYEAR-29,2026-08-04,2.4635269373785458,2.3,2.3,0.1256819684490861,-0.6186825331220192,2.7881039553804254
2026-07-17,KXGDPYEAR-30,2026-08-05,2.368203369492102,2.3,2.8,0.04683133622034126,-0.9299712805358298,2.9676255078934783
2026-07-17,KXGDPYEAR-31,2026-08-04,2.248014310493019,2.3,2.8,-0.037566168275753146,-0.7012489658312346,2.719168761277071
2026-07-17,KXGDPYEAR-32,2026-08-04,2.675002825369558,2.3,1.8,0.23810070525900007,-1.1546447091476657,3.45779719496512
2026-07-17,KXGDPYEAR-33,2026-08-05,2.8592210044753155,2.3,2.3,0.3689059934043657,-1.0555602215262991,3.4287871306045083
2026-07-17,KXGDPYEAR-34,2026-08-05,2.3636376657707103,2.3,0.1,0.04455795922498969,-0.6997330658180774,3.1110572835108945
2026-07-17,KXGDPYEAR-35,2026-08-04,2.749826891591256,2.8,1.8,-0.03218786147859579,-1.1621044533643832,3.3473672445211338
2026-07-17,KXGDPYEAR-36,2026-08-04,2.695242416882835,2.3,0.1,0.24894730630532177,-1.127603469239581,3.5316813541751007
2026-07-18,KXGDPYEAR-26,2026-08-05,2.007594936708861,1.8,2.3,0.31916167664670664,2.407486156310495,0.7673230374816657
2026-07-18,KXGDPYEAR-27,2026-08-05,2.400377948360374,2.3,2.8,0.08637971041620802,-0.07241168443071144,2.3287278241285545
2026-07-18,KXGDPYEAR-28,2026-08-04,2.3409185982616134,1.8,2.8,0.374937412437735,-0.6306651450185443,3.1871343071956817
2026-07-18,KXGDPYEAR-29,2026-08-04,2.4635269373785458,2.3,2.3,0.1256819684490861,-0.6186825331220192,2.7881039553804254
2026-07-18,KXGDPYEAR-30,2026-08-05,2.368203369492102,2.3,2.8,0.04683133622034126,-0.9299712805358298,2.9676255078934783
2026-07-18,KXGDPYEAR-31,2026-08-04,2.248014310493019,2.3,2.8,-0.037566168275753146,-0.7012489658312346,2.719168761277071
2026-07-18,KXGDPYEAR-32,2026-08-04,2.675002825369558,2.3,1.8,0.23810070525900007,-1.1546447091476657,3.45779719496512
2026-07-18,KXGDPYEAR-33,2026-08-05,2.8592210044753155,2.3,2.3,0.3689059934043657,-1.0555602215262991,3.4287871306045083
2026-07-18,KXGDPYEAR-34,2026-08-05,2.3636376657707103,2.3,0.1,0.04455795922498969,-0.6997330658180774,3.1110572835108945
2026-07-18,KXGDPYEAR-35,2026-08-04,2.749826891591256,2.8,1.8,-0.03218786147859579,-1.1621044533643832,3.3473672445211338
2026-07-18,KXGDPYEAR-36,2026-08-04,2.695242416882835,2.3,0.1,0.24894730630532177,-1.127603469239581,3.5316813541751007
2026-07-19,KXGDPYEAR-26,2026-08-05,2.0180830039525692,1.8,2.3,0.3341408024224074,2.4044749637691316,0.7711650998297113
2026-07-19,KXGDPYEAR-27,2026-08-05,2.400377948360374,2.3,2.8,0.08637971041620802,-0.07241168443071144,2.3287278241285545
2026-07-19,KXGDPYEAR-28,2026-08-04,2.3409185982616134,1.8,2.8,0.374937412437735,-0.6306651450185443,3.1871343071956817
2026-07-19,KXGDPYEAR-29,2026-08-04,2.4635269373785458,2.3,2.3,0.1256819684490861,-0.6186825331220192,2.7881039553804254
2026-07-19,KXGDPYEAR-30,2026-08-05,2.368203369492102,2.3,2.8,0.04683133622034126,-0.9299712805358298,2.9676255078934783
2026-07-19,KXGDPYEAR-31,2026-08-04,2.248014310493019,2.3,2.8,-0.037566168275753146,-0.7012489658312346,2.719168761277071
2026-07-19,KXGDPYEAR-32,2026-08-04,2.675002825369558,2.3,1.8,0.23810070525900007,-1.1546447091476657,3.45779719496512
2026-07-19,KXGDPYEAR-33,2026-08-05,2.8592210044753155,2.3,2.3,0.3689059934043657,-1.0555602215262991,3.4287871306045083
2026-07-19,KXGDPYEAR-34,2026-08-05,2.3636376657707103,2.3,0.1,0.04455795922498969,-0.6997330658180774,3.1110572835108945
2026-07-19,KXGDPYEAR-35,2026-08-04,2.749826891591256,2.8,1.8,-0.03218786147859579,-1.1621044533643832,3.3473672445211338
2026-07-19,KXGDPYEAR-36,2026-08-04,2.695242416882835,2.3,0.1,0.24894730630532177,-1.127603469239581,3.5316813541751007
2026-07-20,KXGDPYEAR-26,2026-08-05,2.0189816356657415,1.8,2.3,0.33576801584570015,2.416375726892027,0.7689594848555354
2026-07-20,KXGDPYEAR-27,2026-08-05,2.400377948360374,2.3,2.8,0.08637971041620802,-0.07241168443071144,2.3287278241285545
2026-07-20,KXGDPYEAR-28,2026-08-04,2.3409185982616134,1.8,2.8,0.374937412437735,-0.6306651450185443,3.1871343071956817
2026-07-20,KXGDPYEAR-29,2026-08-04,2.4635269373785458,2.3,2.3,0.1256819684490861,-0.6186825331220192,2.7881039553804254
2026-07-20,KXGDPYEAR-30,2026-08-05,2.368203369492102,2.3,2.8,0.04683133622034126,-0.9299712805358298,2.9676255078934783
2026-07-20,KXGDPYEAR-31,2026-08-04,2.248014310493019,2.3,2.8,-0.037566168275753146,-0.7012489658312346,2.719168761277071
2026-07-20,KXGDPYEAR-32,2026-08-04,2.675002825369558,2.3,1.8,0.23810070525900007,-1.1546447091476657,3.45779719496512
2026-07-20,KXGDPYEAR-33,2026-08-05,2.8592210044753155,2.3,2.3,0.3689059934043657,-1.0555602215262991,3.4287871306045083
2026-07-20,KXGDPYEAR-34,2026-08-05,2.3636376657707103,2.3,0.1,0.04455795922498969,-0.6997330658180774,3.1110572835108945
2026-07-20,KXGDPYEAR-35,2026-08-04,2.749826891591256,2.8,1.8,-0.03218786147859579,-1.1621044533643832,3.3473672445211338
2026-07-20,KXGDPYEAR-36,2026-08-04,2.695242416882835,2.3,0.1,0.24894730630532177,-1.127603469239581,3.5316813541751007
2026-07-21,KXGDPYEAR-26,2026-08-05,2.0189816356657415,1.8,2.3,0.33576801584570015,2.416375726892027,0.7689594848555354
2026-07-21,KXGDPYEAR-27,2026-08-05,2.3355657005345467,2.3,2.8,0.02991903600130997,-0.11486675474655161,2.398127014613118
2026-07-21,KXGDPYEAR-28,2026-08-04,2.3409185982616134,1.8,2.8,0.374937412437735,-0.6306651450185443,3.1871343071956817
2026-07-21,KXGDPYEAR-29,2026-08-04,2.4635269373785458,2.3,2.3,0.1256819684490861,-0.6186825331220192,2.7881039553804254
2026-07-21,KXGDPYEAR-30,2026-08-05,2.3885031724523844,2.3,2.8,0.06104902998660998,-0.9268413015740911,2.947728785199209
2026-07-21,KXGDPYEAR-31,2026-08-04,2.248014310493019,2.3,2.8,-0.037566168275753146,-0.7012489658312346,2.719168761277071
2026-07-21,KXGDPYEAR-32,2026-08-04,2.675002825369558,2.3,1.8,0.23810070525900007,-1.1546447091476657,3.45779719496512
2026-07-21,KXGDPYEAR-33,2026-08-05,2.8592210044753155,2.3,2.3,0.3689059934043657,-1.0555602215262991,3.4287871306045083
2026-07-21,KXGDPYEAR-34,2026-08-05,2.3636376657707103,2.3,0.1,0.04455795922498969,-0.6997330658180774,3.1110572835108945
2026-07-21,KXGDPYEAR-35,2026-08-04,2.749826891591256,2.8,1.8,-0.03218786147859579,-1.1621044533643832,3.3473672445211338
2026-07-21,KXGDPYEAR-36,2026-08-04,2.695242416882835,2.3,0.1,0.24894730630532177,-1.127603469239581,3.5316813541751007
2026-07-22,KXGDPYEAR-26,2026-08-05,2.0189816356657415,1.8,2.3,0.33576801584570015,2.416375726892027,0.7689594848555354
2026-07-22,KXGDPYEAR-27,2026-08-05,2.3355657005345467,2.3,2.8,0.02991903600130997,-0.11486675474655161,2.398127014613118
2026-07-22,KXGDPYEAR-28,2026-08-04,2.3409185982616134,1.8,2.8,0.374937412437735,-0.6306651450185443,3.1871343071956817
2026-07-22,KXGDPYEAR-29,2026-08-04,2.4635269373785458,2.3,2.3,0.1256819684490861,-0.6186825331220192,2.7881039553804254
2026-07-22,KXGDPYEAR-30,2026-08-05,2.3885031724523844,2.3,2.8,0.06104902998660998,-0.9268413015740911,2.947728785199209
2026-07-22,KXGDPYEAR-31,2026-08-04,2.248014310493019,2.3,2.8,-0.037566168275753146,-0.7012489658312346,2.719168761277071
2026-07-22,KXGDPYEAR-32,2026-08-04,2.675002825369558,2.3,1.8,0.23810070525900007,-1.1546447091476657,3.45779719496512
2026-07-22,KXGDPYEAR-33,2026-08-05,2.8592210044753155,2.3,2.3,0.3689059934043657,-1.0555602215262991,3.4287871306045083
2026-07-22,KXGDPYEAR-34,2026-08-05,2.3636376657707103,2.3,0.1,0.04455795922498969,-0.6997330658180774,3.1110572835108945
2026-07-22,KXGDPYEAR-35,2026-08-04,2.749826891591256,2.8,1.8,-0.03218786147859579,-1.1621044533643832,3.3473672445211338
2026-07-22,KXGDPYEAR-36,2026-08-04,2.695242416882835,2.3,0.1,0.24894730630532177,-1.127603469239581,3.5316813541751007
2026-07-23,KXGDPYEAR-26,2026-08-05,2.0203382717708824,1.8,2.3,0.33822917435165617,2.434520327024866,0.7656266775467138
2026-07-23,KXGDPYEAR-27,2026-08-05,2.290788457433409,2.3,2.3,-0.00748644691526535,-0.18492883542737415,2.517827002504649
2026-07-23,KXGDPYEAR-28,2026-08-04,2.3409185982616134,1.8,2.8,0.374937412437735,-0.6306651450185443,3.1871343071956817
2026-07-23,KXGDPYEAR-29,2026-08-04,2.4601910025060008,2.3,2.3,0.12568196844908633,-0.5664076261837825,2.731761271221585
2026-07-23,KXGDPYEAR-30,2026-08-05,2.3885031724523844,2.3,2.8,0.06104902998660998,-0.9268413015740911,2.947728785199209
2026-07-23,KXGDPYEAR-31,2026-08-04,2.248014310493019,2.3,2.8,-0.037566168275753146,-0.7012489658312346,2.719168761277071
2026-07-23,KXGDPYEAR-32,2026-08-04,2.675002825369558,2.3,1.8,0.23810070525900007,-1.1546447091476657,3.45779719496512
2026-07-23,KXGDPYEAR-33,2026-08-05,2.8592210044753155,2.3,2.3,0.3689059934043657,-1.0555602215262991,3.4287871306045083
2026-07-23,KXGDPYEAR-34,2026-08-05,2.3636376657707103,2.3,0.1,0.04455795922498969,-0.6997330658180774,3.1110572835108945
2026-07-23,KXGDPYEAR-35,2026-08-04,2.749826891591256,2.8,1.8,-0.03218786147859579,-1.1621044533643832,3.3473672445211338
2026-07-23,KXGDPYEAR-36,2026-08-04,2.695242416882835,2.3,0.1,0.24894730630532177,-1.127603469239581,3.5316813541751007
2026-07-24,KXGDPYEAR-26,2026-08-05,2.0203382717708824,1.8,2.3,0.33822917435165617,2.434520327024866,0.7656266775467138
2026-07-24,KXGDPYEAR-27,2026-08-05,2.290788457433409,2.3,2.3,-0.00748644691526535,-0.18492883542737415,2.517827002504649
2026-07-24,KXGDPYEAR-28,2026-08-04,2.3409185982616134,1.8,2.8,0.374937412437735,-0.6306651450185443,3.1871343071956817
2026-07-24,KXGDPYEAR-29,2026-08-04,2.4635269373785458,2.3,2.3,0.1256819684490861,-0.6186825331220192,2.7881039553804254
2026-07-24,KXGDPYEAR-30,2026-08-05,2.3885031724523844,2.3,2.8,0.06104902998660998,-0.9268413015740911,2.947728785199209
2026-07-24,KXGDPYEAR-31,2026-08-04,2.248014310493019,2.3,2.8,-0.037566168275753146,-0.7012489658312346,2.719168761277071
2026-07-24,KXGDPYEAR-32,2026-08-04,2.675002825369558,2.3,1.8,0.23810070525900007,-1.1546447091476657,3.45779719496512
2026-07-24,KXGDPYEAR-33,2026-08-05,2.8592210044753155,2.3,2.3,0.3689059934043657,-1.0555602215262991,3.4287871306045083
2026-07-24,KXGDPYEAR-34,2026-08-05,2.3636376657707103,2.3,0.1,0.04455795922498969,-0.6997330658180774,3.1110572835108945
2026-07-24,KXGDPYEAR-35,2026-08-04,2.749826891591256,2.8,1.8,-0.03218786147859579,-1.1621044533643832,3.3473672445211338
2026-07-24,KXGDPYEAR-36,2026-08-04,2.695242416882835,2.3,0.1,0.24894730630532177,-1.127603469239581,3.5316813541751007
2026-07-25,KXGDPYEAR-26,2026-08-05,2.009470468431772,1.8,1.8,0.31866769945778467,2.295019872311178,0.7922219191889863
2026-07-25,KXGDPYEAR-27,2026-08-05,2.287065468549422,2.3,2.3,-0.010559763903968698,-0.16164328044386345,2.5005407851875527
2026-07-25,KXGDPYEAR-28,2026-08-04,2.3409185982616134,1.8,2.8,0.374937412437735,-0.6306651450185443,3.1871343071956817
2026-07-25,KXGDPYEAR-29,2026-08-04,2.5657535332381967,2.3,2.3,0.2118192693240688,-0.5510986550309505,2.474706718388559
2026-07-25,KXGDPYEAR-30,2026-08-05,2.3885031724523844,2.3,2.8,0.06104902998660998,-0.9268413015740911,2.947728785199209
2026-07-25,KXGDPYEAR-31,2026-08-04,2.248014310493019,2.3,2.8,-0.037566168275753146,-0.7012489658312346,2.719168761277071
2026-07-25,KXGDPYEAR-32,2026-08-04,2.675002825369558,2.3,1.8,0.23810070525900007,-1.1546447091476657,3.45779719496512
2026-07-25,KXGDPYEAR-33,2026-08-05,2.8592210044753155,2.3,2.3,0.3689059934043657,-1.0555602215262991,3.4287871306045083
2026-07-25,KXGDPYEAR-34,2026-08-05,2.3636376657707103,2.3,0.1,0.04455795922498969,-0.6997330658180774,3.1110572835108945
2026-07-25,KXGDPYEAR-35,2026-08-04,2.749826891591256,2.8,1.8,-0.03218786147859579,-1.1621044533643832,3.3473672445211338
2026-07-25,KXGDPYEAR-36,2026-08-04,2.695242416882835,2.3,0.1,0.24894730630532177,-1.127603469239581,3.5316813541751007
2026-07-26,KXGDPYEAR-26,2026-08-05,2.0208448561436843,1.8,1.8,0.3296445891223226,2.013104258780233,0.818393115551084
2026-07-26,KXGDPYEAR-27,2026-08-05,2.287065468549422,2.3,2.3,-0.010559763903968698,-0.16164328044386345,2.5005407851875527
2026-07-26,KXGDPYEAR-28,2026-08-04,2.3409185982616134,1.8,2.8,0.374937412437735,-0.6306651450185443,3.1871343071956817
2026-07-26,KXGDPYEAR-29,2026-08-04,2.5657535332381967,2.3,2.3,0.2118192693240688,-0.5510986550309505,2.474706718388559
2026-07-26,KXGDPYEAR-30,2026-08-05,2.3885031724523844,2.3,2.8,0.06104902998660998,-0.9268413015740911,2.947728785199209
2026-07-26,KXGDPYEAR-31,2026-08-04,2.248014310493019,2.3,2.8,-0.037566168275753146,-0.7012489658312346,2.719168761277071
2026-07-26,KXGDPYEAR-32,2026-08-04,2.675002825369558,2.3,1.8,0.23810070525900007,-1.1546447091476657,3.45779719496512
2026-07-26,KXGDPYEAR-33,2026-08-05,2.8592210044753155,2.3,2.3,0.3689059934043657,-1.0555602215262991,3.4287871306045083
2026-07-26,KXGDPYEAR-34,2026-08-05,2.3636376657707103,2.3,0.1,0.04455795922498969,-0.6997330658180774,3.1110572835108945
2026-07-26,KXGDPYEAR-35,2026-08-04,2.749826891591256,2.8,1.8,-0.03218786147859579,-1.1621044533643832,3.3473672445211338
2026-07-26,KXGDPYEAR-36,2026-08-04,2.695242416882835,2.3,0.1,0.24894730630532177,-1.127603469239581,3.5316813541751007
2026-07-27,KXGDPYEAR-26,2026-08-05,2.0737913222818567,2.3,1.8,-0.32074968330757364,1.5629043951577035,0.8578315048184489
2026-07-27,KXGDPYEAR-27,2026-08-05,2.287065468549422,2.3,2.3,-0.010559763903968698,-0.16164328044386345,2.5005407851875527
2026-07-27,KXGDPYEAR-28,2026-08-04,2.3409185982616134,1.8,2.8,0.374937412437735,-0.6306651450185443,3.1871343071956817
2026-07-27,KXGDPYEAR-29,2026-08-04,2.5657535332381967,2.3,2.3,0.2118192693240688,-0.5510986550309505,2.474706718388559
2026-07-27,KXGDPYEAR-30,2026-08-05,2.3885031724523844,2.3,2.8,0.06104902998660998,-0.9268413015740911,2.947728785199209
2026-07-27,KXGDPYEAR-31,2026-08-04,2.419147903048406,2.3,2.8,0.08263582514320648,-0.746051043920378,3.063003268089264
2026-07-27,KXGDPYEAR-32,2026-08-04,2.675002825369558,2.3,1.8,0.23810070525900007,-1.1546447091476657,3.45779719496512
2026-07-27,KXGDPYEAR-33,2026-08-05,2.8592210044753155,2.3,2.3,0.3689059934043657,-1.0555602215262991,3.4287871306045083
2026-07-27,KXGDPYEAR-34,2026-08-05,2.3636376657707103,2.3,0.1,0.04455795922498969,-0.6997330658180774,3.1110572835108945
2026-07-27,KXGDPYEAR-35,2026-08-04,2.749826891591256,2.8,1.8,-0.03218786147859579,-1.1621044533643832,3.3473672445211338
2026-07-27,KXGDPYEAR-36,2026-08-04,2.695242416882835,2.3,0.1,0.24894730630532177,-1.127603469239581,3.5316813541751007
2026-07-28,KXGDPYEAR-26,2026-08-05,2.036965461912849,1.8,1.8,0.3440997762492992,1.69277947788098,0.8701364822780461
2026-07-28,KXGDPYEAR-27,2026-08-05,2.686488282694021,2.3,2.3,0.2718347560213234,-0.8012629582393225,3.470404924935477
2026-07-28,KXGDPYEAR-28,2026-08-04,2.3409185982616134,1.8,2.8,0.374937412437735,-0.6306651450185443,3.1871343071956817
2026-07-28,KXGDPYEAR-29,2026-08-04,2.5657535332381967,2.3,2.3,0.2118192693240688,-0.5510986550309505,2.474706718388559
2026-07-28,KXGDPYEAR-30,2026-08-05,2.3885031724523844,2.3,2.8,0.06104902998660998,-0.9268413015740911,2.947728785199209
2026-07-28,KXGDPYEAR-31,2026-08-04,2.4162220498428657,2.3,0.1,0.07885899374582152,-0.8331177866336601,3.2361257240422456
2026-07-28,KXGDPYEAR-32,2026-08-04,2.2735252216159614,1.8,0.1,0.3246708862668811,-0.752430423113247,3.199878769613422
2026-07-28,KXGDPYEAR-33,2026-08-05,2.4499410245515714,2.3,2.3,0.1001753453108183,-0.8567149458329641,3.3722277531496108
2026-07-28,KXGDPYEAR-34,2026-08-05,3.289251419656892,3.8,5.3,-0.2962920044591715,-1.357322528549561,3.847734826216498
2026-07-28,KXGDPYEAR-35,2026-08-04,3.07305521295205,2.8,1.3,0.16290701151517184,-1.3072031304608438,3.7098715281345687
2026-07-28,KXGDPYEAR-36,2026-08-04,2.626944966933456,2.3,2.3,0.21491232311031022,-1.0246563662418287,3.3906015075106906
2026-07-29,KXGDPYEAR-26,2026-08-05,2.013146334308238,1.8,1.8,0.3025454971990479,1.5513674419149366,1.0126496435162862
2026-07-29,KXGDPYEAR-27,2026-08-05,2.6882317372737234,2.3,2.3,0.2758074475796709,-0.7697185300161316,3.4172969790630376
2026-07-29,KXGDPYEAR-28,2026-08-04,2.3409185982616134,1.8,2.8,0.374937412437735,-0.6306651450185443,3.1871343071956817
2026-07-29,KXGDPYEAR-29,2026-08-04,2.5657535332381967,2.3,2.3,0.2118192693240688,-0.5510986550309505,2.474706718388559
2026-07-29,KXGDPYEAR-30,2026-08-05,2.3885031724523844,2.3,2.8,0.06104902998660998,-0.9268413015740911,2.947728785199209
2026-07-29,KXGDPYEAR-31,2026-08-04,2.4162220498428657,2.3,0.1,0.07885899374582152,-0.8331177866336601,3.2361257240422456
2026-07-29,KXGDPYEAR-32,2026-08-04,2.5199461161110186,2.3,0.1,0.14839563326567345,-0.9205950237159337,3.290397952174085
2026-07-29,KXGDPYEAR-33,2026-08-05,2.4387528334807684,2.3,1.3,0.09231583611441362,-0.8537942122191309,3.3759890921379223
2026-07-29,KXGDPYEAR-34,2026-08-05,3.289251419656892,3.8,5.3,-0.2962920044591715,-1.357322528549561,3.847734826216498
2026-07-29,KXGDPYEAR-35,2026-08-04,3.066477777520518,2.8,1.3,0.15931490056676603,-1.304983373830032,3.6990340824690806
2026-07-29,KXGDPYEAR-36,2026-08-04,2.6598684445920147,2.3,2.3,0.23329293571811574,-1.0525677985500295,3.4674755101030867
2026-07-30,KXGDPYEAR-26,2026-08-05,1.9199978953537247,1.8,1.8,0.19947483120050769,3.302396687389158,0.8006255604373734
2026-07-30,KXGDPYEAR-27,2026-08-05,2.6882317372737234,2.3,2.3,0.2758074475796709,-0.7697185300161316,3.4172969790630376
2026-07-30,KXGDPYEAR-28,2026-08-04,2.3409185982616134,1.8,2.8,0.374937412437735,-0.6306651450185443,3.1871343071956817
2026-07-30,KXGDPYEAR-29,2026-08-04,2.5657535332381967,2.3,2.3,0.2118192693240688,-0.5510986550309505,2.474706718388559
2026-07-30,KXGDPYEAR-30,2026-08-05,2.3885031724523844,2.3,2.8,0.06104902998660998,-0.9268413015740911,2.947728785199209
2026-07-30,KXGDPYEAR-31,2026-08-04,2.6430552115057684,2.3,0.1,0.20754088608932972,-1.247889390604048,3.620323633264998
2026-07-30,KXGDPYEAR-32,2026-08-04,2.4857006363025516,2.3,2.3,0.13300797373270343,-0.7720738952420669,3.0415948712042513
2026-07-30,KXGDPYEAR-33,2026-08-05,2.423137219447851,2.3,0.1,0.08706655915212222,-0.7735661595473395,3.0220809124968353
2026-07-30,KXGDPYEAR-34,2026-08-05,2.989602053915276,2.8,5.8,0.10920517560073942,-1.3562005980395762,3.932151189520813
2026-07-30,KXGDPYEAR-35,2026-08-04,2.9728448598595425,2.8,2.3,0.10770683950226152,-1.2315074292363464,3.538703584587019
2026-07-30,KXGDPYEAR-36,2026-08-04,2.537508053124738,2.3,2.3,0.16349887142297584,-0.8382112609575243,3.2541832673560527
2026-07-31,KXGDPYEAR-26,2026-08-05,1.9728741703041708,1.8,1.8,0.2912602161365268,3.4724606305521784,0.7831827972536972
2026-07-31,KXGDPYEAR-27,2026-08-05,2.6882317372737234,2.3,2.3,0.2758074475796709,-0.7697185300161316,3.4172969790630376
2026-07-31,KXGDPYEAR-28,2026-08-04,2.3409185982616134,1.8,2.8,0.374937412437735,-0.6306651450185443,3.1871343071956817
2026-07-31,KXGDPYEAR-29,2026-08-04,2.5657535332381967,2.3,2.3,0.2118192693240688,-0.5510986550309505,2.474706718388559
2026-07-31,KXGDPYEAR-30,2026-08-05,2.3885031724523844,2.3,2.8,0.06104902998660998,-0.9268413015740911,2.947728785199209
2026-07-31,KXGDPYEAR-31,2026-08-04,2.6626678529318313,2.3,1.8,0.2290386513304677,-1.1564034304250852,3.4915868774322285
2026-07-31,KXGDPYEAR-32,2026-08-04,2.621608464002165,2.3,2.3,0.2194845586755545,-0.9390956943406916,3.1991287512875117
2026-07-31,KXGDPYEAR-33,2026-08-05,2.3823266274590713,2.3,0.1,0.05669063047331036,-0.8570423001867047,3.110056152201446
2026-07-31,KXGDPYEAR-34,2026-08-05,2.790924101284119,2.8,1.8,-0.005602653528454909,-1.1853492128411878,3.607734128053845
2026-07-31,KXGDPYEAR-35,2026-08-04,2.8913587778451673,2.8,2.3,0.0577958383441114,-1.1910132868804757,3.4650203285481846
2026-07-31,KXGDPYEAR-36,2026-08-04,2.373637641625937,1.8,1.8,0.4751286468032091,-0.2709075581269502,2.623445510407354
2026-08-01,KXGDPYEAR-26,2026-08-05,1.8966112060768743,1.8,1.8,0.1606547072184763,3.3101272755021682,0.7963487024128546
2026-08-01,KXGDPYEAR-27,2026-08-05,2.6882317372737234,2.3,2.3,0.2758074475796709,-0.7697185300161316,3.4172969790630376
2026-08-01,KXGDPYEAR-28,2026-08-04,2.3409185982616134,1.8,2.8,0.374937412437735,-0.6306651450185443,3.1871343071956817
2026-08-01,KXGDPYEAR-29,2026-08-04,2.5657535332381967,2.3,2.3,0.2118192693240688,-0.5510986550309505,2.474706718388559
2026-08-01,KXGDPYEAR-30,2026-08-05,2.3885031724523844,2.3,2.8,0.06104902998660998,-0.9268413015740911,2.947728785199209
2026-08-01,KXGDPYEAR-31,2026-08-04,2.6636790388702885,2.3,1.8,0.22903865133046777,-1.1617970716233557,3.5009543288447462
2026-08-01,KXGDPYEAR-32,2026-08-04,2.779377631254815,2.3,2.3,0.30481411715245854,-1.1151785807913968,3.529246284332123
2026-08-01,KXGDPYEAR-33,2026-08-05,2.2927648443097204,1.8,1.3,0.3496186169927621,-0.7246193264746452,2.991054589549139
2026-08-01,KXGDPYEAR-34,2026-08-05,2.702388273726993,2.3,1.8,0.25360286096279566,-1.1266026468876125,3.5310071090212047
2026-08-01,KXGDPYEAR-35,2026-08-04,2.97384148738097,2.8,2.3,0.11108656196321687,-1.1793708701399384,3.409157307290493
2026-08-01,KXGDPYEAR-36,2026-08-04,1.9510706272427374,1.8,1.8,0.12358086414510848,-0.0011744115926592968,2.765299733308984
2026-08-02,KXGDPYEAR-26,2026-08-05,1.9161688988665397,1.8,1.8,0.19051422680157748,3.0644886634291115,0.8027237233376269
2026-08-02,KXGDPYEAR-27,2026-08-05,2.6882317372737234,2.3,2.3,0.2758074475796709,-0.7697185300161316,3.4172969790630376
2026-08-02,KXGDPYEAR-28,2026-08-04,2.3409185982616134,1.8,2.8,0.374937412437735,-0.6306651450185443,3.1871343071956817
2026-08-02,KXGDPYEAR-29,2026-08-04,2.5254901960784313,2.3,2.3,0.20390070921985826,-0.3296071177974844,2.11836985774702
2026-08-02,KXGDPYEAR-30,2026-08-05,2.3885031724523844,2.3,2.8,0.06104902998660998,-0.9268413015740911,2.947728785199209
2026-08-02,KXGDPYEAR-31,2026-08-04,2.678790646213811,2.3,1.8,0.23810070525899993,-1.1739111569980014,3.491288850820234
2026-08-02,KXGDPYEAR-32,2026-08-04,2.8746237705422413,2.8,2.3,0.045725380456983704,-1.196319689818352,3.7133725384569094
2026-08-02,KXGDPYEAR-33,2026-08-05,2.2915654955923213,1.8,1.3,0.36309731058635747,-0.5554130080182782,2.8174883404975417
2026-08-02,KXGDPYEAR-34,2026-08-05,2.712086180728095,2.3,1.8,0.2607873435490958,-1.106503692843568,3.5184815841221906
2026-08-02,KXGDPYEAR-35,2026-08-04,2.9205182338726248,2.8,2.3,0.07510807820364203,-1.212908803434157,3.535628786440106
2026-08-02,KXGDPYEAR-36,2026-08-04,4.0409498861827275,4.8,6,-0.3987346586316755,-1.3332983809998604,4.455679958023787
2026-08-03,KXGDPYEAR-26,2026-08-05,1.9539183237179054,1.8,1.8,0.27182219145042696,1.8867677523179118,0.6705192609496945
2026-08-03,KXGDPYEAR-27,2026-08-05,2.5738016976702185,2.3,2.3,0.18979063490553294,-0.7301125092128444,3.549289809330692
2026-08-03,KXGDPYEAR-28,2026-08-04,2.347805777214555,1.8,2.8,0.3749374124377348,-0.6642452664322742,3.223941262987909
2026-08-03,KXGDPYEAR-29,2026-08-04,2.5254901960784313,2.3,2.3,0.20390070921985826,-0.3296071177974844,2.11836985774702
2026-08-03,KXGDPYEAR-30,2026-08-05,2.3885031724523844,2.3,2.8,0.06104902998660998,-0.9268413015740911,2.947728785199209
2026-08-03,KXGDPYEAR-31,2026-08-04,2.678790646213811,2.3,1.8,0.23810070525899993,-1.1739111569980014,3.491288850820234
2026-08-03,KXGDPYEAR-32,2026-08-04,2.8746237705422413,2.8,2.3,0.045725380456983704,-1.196319689818352,3.7133725384569094
2026-08-03,KXGDPYEAR-33,2026-08-05,2.3116921316130945,2.3,1.3,0.008635166177687307,-0.573324427689216,2.808723518333817
2026-08-03,KXGDPYEAR-34,2026-08-05,2.798123453327605,2.8,1.8,-0.001185326855979781,-1.1848516467279802,3.4522660364536013
2026-08-03,KXGDPYEAR-35,2026-08-04,2.695242416882835,2.3,0.1,0.24894730630532177,-1.127603469239581,3.5316813541751007
2026-08-03,KXGDPYEAR-36,2026-08-04,2.803480713447466,2.3,1.8,0.33423358992613805,-0.9756298376828703,3.4809123380598743
2026-08-04,KXGDPYEAR-26,2026-08-05,1.935737855018667,1.8,1.8,0.23865125794845338,1.799407187849675,0.6879290506309443
2026-08-04,KXGDPYEAR-27,2026-08-05,2.457228714524207,2.3,2.3,0.1400696034980218,-0.05539189174254977,2.599462770728063
2026-08-04,KXGDPYEAR-28,2026-08-04,2.3444515498705965,2.3,2.8,0.03264685533572642,-0.4834652040264813,2.997886909329589
2026-08-04,KXGDPYEAR-29,2026-08-04,2.53,2.3,2.3,0.20390070921985817,-0.3831493711206555,2.1596999999999995
2026-08-04,KXGDPYEAR-30,2026-08-05,2.2753964540551332,2.3,2.8,-0.017564593374396913,-0.7001153161062295,2.801311786505583
2026-08-04,KXGDPYEAR-31,2026-08-04,2.675002825369558,2.3,1.8,0.23810070525900007,-1.1546447091476657,3.45779719496512
2026-08-04,KXGDPYEAR-32,2026-08-04,2.8592210044753155,2.3,2.3,0.3689059934043657,-1.0555602215262991,3.4287871306045083
2026-08-04,KXGDPYEAR-33,2026-08-05,2.3636376657707108,2.3,0.1,0.04455795922498969,-0.6997330658180783,3.1110572835108945
2026-08-04,KXGDPYEAR-34,2026-08-05,2.798123453327605,2.8,1.8,-0.001185326855979781,-1.1848516467279802,3.4522660364536013
2026-08-04,KXGDPYEAR-35,2026-08-04,2.695242416882835,2.3,0.1,0.24894730630532177,-1.127603469239581,3.5316813541751007
2026-08-04,KXGDPYEAR-36,2026-08-04,2.7261787417984547,2.3,1.8,0.28385249303363386,-0.9114305966863685,3.4775078915873494
2026-08-05,KXGDPYEAR-26,2026-08-05,2.0076383085144998,1.8,1.8,0.37400640422233034,2.898797807861639,0.6732893756761689
2026-08-05,KXGDPYEAR-27,2026-08-05,2.4731462188993745,2.3,2.3,0.1400696034980221,-0.34308140549094945,2.8598708587524024
2026-08-05,KXGDPYEAR-30,2026-08-05,2.248014310493019,2.3,2.8,-0.037566168275753146,-0.7012489658312346,2.719168761277071
2026-08-05,KXGDPYEAR-33,2026-08-05,2.3636376657707103,2.3,0.1,0.04455795922498969,-0.6997330658180774,3.1110572835108945
2026-08-05,KXGDPYEAR-34,2026-08-05,2.749826891591256,2.8,1.8,-0.03218786147859579,-1.1621044533643832,3.3473672445211338
