date,contract_preamble,expiry_date,daily_volume,mean,median,mode,skewness,kurtosis,variance
2022-12-08,CPIYOY-22NOV,2022-12-13,833,7.196938775510205,7.15,7.1,0.6934306569343134,-1.2070823615064785,0.025194710537276174
2022-12-09,CPIYOY-22NOV,2022-12-13,554,7.201020408163265,7.2,7.3,0.008000000000000961,-1.091229859593626,0.022754060807996693
2022-12-10,CPIYOY-22NOV,2022-12-13,101,7.206122448979593,7.2,7,0.04687499999999883,-1.1870565118072915,0.02384006663890049
2022-12-11,CPIYOY-22NOV,2022-12-13,3,7.206122448979593,7.2,7,0.04687499999999883,-1.1870565118072915,0.02384006663890049
2022-12-12,CPIYOY-22NOV,2022-12-13,1465,7.198979591836735,7.2,7.3,-0.00800000000000096,-0.9632711263594742,0.02316222407330282
2022-12-13,CPIYOY-22NOV,2022-12-13,15958,7.2765306122448985,7.3,7.3,-0.21904761904762055,0.5462702515662401,0.025265514369012934
2022-12-16,CPIYOY-22DEC,2023-01-12,461,6.406122448979591,6.4,6.4,0.09090909090907554,-0.7311940957763419,0.007513536026655563
2022-12-17,CPIYOY-22DEC,2023-01-12,0,6.406122448979591,6.4,6.4,0.09090909090907554,-0.7311940957763419,0.007513536026655563
2022-12-18,CPIYOY-22DEC,2023-01-12,0,6.406122448979591,6.4,6.4,0.09090909090907554,-0.7311940957763419,0.007513536026655563
2022-12-19,CPIYOY-22DEC,2023-01-12,2674,6.43265306122449,6.4,6.4,0.22535211267605307,-0.679369424906977,0.03342357351103705
2022-12-20,CPIYOY-22DEC,2023-01-12,276,6.38469387755102,6.4,6.4,-0.09933774834437133,-0.3432792028914391,0.03966368179925031
2022-12-21,CPIYOY-22DEC,2023-01-12,15,6.387755102040816,6.4,6.4,-0.08108108108108499,-0.3165067700903985,0.039441899208663055
2022-12-22,CPIYOY-22DEC,2023-01-12,145,6.3979591836734695,6.4,6.4,-0.014492753623190156,-0.09343135250155887,0.03489379425239483
2022-12-23,CPIYOY-22DEC,2023-01-12,1697,6.403061224489796,6.4,6.4,0.022222222222218466,-0.04051035142544546,0.033970220741357755
2022-12-24,CPIYOY-22DEC,2023-01-12,166,6.406122448979592,6.4,6.4,0.04411764705882246,0.1697436883857142,0.03506455643481883
2022-12-25,CPIYOY-22DEC,2023-01-12,25,6.4091836734693874,6.4,6.4,0.06474820143885049,0.042620499424874225,0.03593606830487297
2022-12-26,CPIYOY-22DEC,2023-01-12,0,6.4091836734693874,6.4,6.4,0.06474820143885049,0.042620499424874225,0.03593606830487297
2022-12-27,CPIYOY-22DEC,2023-01-12,0,6.4091836734693874,6.4,6.4,0.06474820143885049,0.042620499424874225,0.03593606830487297
2022-12-28,CPIYOY-22DEC,2023-01-12,1663,6.411224489795919,6.4,6.4,0.07801418439716021,0.039277383781284314,0.03589441899208663
2022-12-29,CPIYOY-22DEC,2023-01-12,5135,6.433673469387755,6.4,6.4,0.27731092436974497,0.9116545081463774,0.029784464806330693
2022-12-30,CPIYOY-22DEC,2023-01-12,138,6.4346938775510205,6.4,6.5,0.2833333333333315,0.8213454606312514,0.027367763431903364
2022-12-31,CPIYOY-22DEC,2023-01-12,0,6.4346938775510205,6.4,6.5,0.2833333333333315,0.8213454606312514,0.027367763431903364
2023-01-01,CPIYOY-22DEC,2023-01-12,56,6.437755102040817,6.45,6.5,0.3109243697479077,0.9325173912963098,0.027043940024989582
2023-01-02,CPIYOY-22DEC,2023-01-12,672,6.433673469387755,6.4,6.4,0.2639999999999973,0.4716559406486476,0.02855997501041231
2023-01-03,CPIYOY-22DEC,2023-01-12,1172,6.429591836734693,6.4,6.4,0.243697478991597,0.5255129575413164,0.028205955851728425
2023-01-04,CPIYOY-22DEC,2023-01-12,1455,6.427551020408163,6.4,6.4,0.22314049586776694,0.3967041298358165,0.02893481882548936
2023-01-05,CPIYOY-22DEC,2023-01-12,34,6.435714285714286,6.4,6.4,0.30434782608695565,-0.125455002704161,0.024132653061224463
2023-01-06,CPIYOY-22DEC,2023-01-12,2150,6.43061224489796,6.4,6.4,0.2727272727272742,0.00238859376591094,0.022532278217409395
2023-01-07,CPIYOY-22DEC,2023-01-12,138,6.430612244897959,6.4,6.4,0.2678571428571443,0.016316552431300924,0.023144523115368583
2023-01-08,CPIYOY-22DEC,2023-01-12,1084,6.424489795918367,6.4,6.4,0.23999999999999425,0.45411021428487786,0.021032902957101203
2023-01-09,CPIYOY-22DEC,2023-01-12,2665,6.413265306122449,6.4,6.3,0.11504424778760909,0.27294807710451163,0.023395460224906288
2023-01-10,CPIYOY-22DEC,2023-01-12,527,6.411224489795919,6.4,6.3,0.09734513274335917,0.25567737123998,0.02303727613494377
2023-01-11,CPIYOY-22DEC,2023-01-12,4877,6.4091836734693874,6.4,6.3,0.08256880733945152,0.4315602057358112,0.0220585172844648
2023-01-12,CPIYOY-22DEC,2023-01-12,11967,6.403061224489796,6.4,6.4,0.029126213592228074,0.4056460818768466,0.021317159516867967
2023-01-19,CPIYOY-23JAN,2023-02-14,20,5.794897959183674,5.8,5.8,-0.15151515151514341,-0.08928874412597843,0.0033413161182840514
2023-01-20,CPIYOY-23JAN,2023-02-14,0,5.794897959183674,5.8,5.8,-0.15151515151514341,-0.08928874412597843,0.0033413161182840514
2023-01-21,CPIYOY-23JAN,2023-02-14,0,5.794897959183674,5.8,5.8,-0.15151515151514341,-0.08928874412597843,0.0033413161182840514
2023-01-22,CPIYOY-23JAN,2023-02-14,0,5.794897959183674,5.8,5.8,-0.15151515151514341,-0.08928874412597843,0.0033413161182840514
2023-01-23,CPIYOY-23JAN,2023-02-14,0,5.794897959183674,5.8,5.8,-0.15151515151514341,-0.08928874412597843,0.0033413161182840514
2023-01-24,CPIYOY-23JAN,2023-02-14,0,5.794897959183674,5.8,5.8,-0.15151515151514341,-0.08928874412597843,0.0033413161182840514
2023-01-25,CPIYOY-23JAN,2023-02-14,10,5.777551020408163,5.800000000000001,5.800000000000001,-0.44000000000000106,0.09332590735687418,0.008067471886713869
2023-01-26,CPIYOY-23JAN,2023-02-14,3490,5.972448979591837,6,6,-0.21951219512194947,-0.8673114695831554,0.026485839233652643
2023-01-27,CPIYOY-23JAN,2023-02-14,0,5.972448979591837,6,6,-0.21951219512194947,-0.8673114695831554,0.026485839233652643
2023-01-28,CPIYOY-23JAN,2023-02-14,0,5.972448979591837,6,6,-0.21951219512194947,-0.8673114695831554,0.026485839233652643
2023-01-29,CPIYOY-23JAN,2023-02-14,93,5.989795918367347,6,6,-0.09433962264150451,-1.1077878970960622,0.018467305289462686
2023-01-30,CPIYOY-23JAN,2023-02-14,0,5.989795918367347,6,6,-0.09433962264150451,-1.1077878970960622,0.018467305289462686
2023-01-31,CPIYOY-23JAN,2023-02-14,10,5.970408163265307,6,6,-0.33333333333333376,-1.2484413988389085,0.011879425239483533
2023-02-01,CPIYOY-23JAN,2023-02-14,0,5.970408163265307,6,6,-0.33333333333333376,-1.2484413988389085,0.011879425239483533
2023-02-02,CPIYOY-23JAN,2023-02-14,0,5.970408163265307,6,6,-0.33333333333333376,-1.2484413988389085,0.011879425239483533
2023-02-03,CPIYOY-23JAN,2023-02-14,0,5.970408163265307,6,6,-0.33333333333333376,-1.2484413988389085,0.011879425239483533
2023-02-04,CPIYOY-23JAN,2023-02-14,0,5.970408163265307,6,6,-0.33333333333333376,-1.2484413988389085,0.011879425239483533
2023-02-05,CPIYOY-23JAN,2023-02-14,0,5.970408163265307,6,6,-0.33333333333333376,-1.2484413988389085,0.011879425239483533
2023-02-06,CPIYOY-23JAN,2023-02-14,0,5.970408163265307,6,6,-0.33333333333333376,-1.2484413988389085,0.011879425239483533
2023-02-07,CPIYOY-23JAN,2023-02-14,0,5.970408163265307,6,6,-0.33333333333333376,-1.2484413988389085,0.011879425239483533
2023-02-08,CPIYOY-23JAN,2023-02-14,0,5.970408163265307,6,6,-0.33333333333333376,-1.2484413988389085,0.011879425239483533
2023-02-09,CPIYOY-23JAN,2023-02-14,0,5.970408163265307,6,6,-0.33333333333333376,-1.2484413988389085,0.011879425239483533
2023-02-10,CPIYOY-23JAN,2023-02-14,810,6.240816326530613,6.300000000000001,6.300000000000001,-0.9999999999999983,-0.9166526473629779,0.006293211162015846
2023-02-11,CPIYOY-23JAN,2023-02-14,207,6.321428571428572,6.300000000000001,6.300000000000001,0.23076923076923017,0.529006270350842,0.015969387755102035
2023-02-12,CPIYOY-23JAN,2023-02-14,3327,6.34795918367347,6.300000000000001,6.300000000000001,0.7014925373134412,0.043735032495932025,0.007801957517700933
2023-02-13,CPIYOY-23JAN,2023-02-14,14360,6.306122448979592,6.300000000000001,6.300000000000001,0.038961038961038,-0.6662444578546709,0.038942107455227
2023-02-14,CPIYOY-23JAN,2023-02-14,6244,6.302040816326531,6.300000000000001,6.2,0.014925373134330152,-0.02182472384830758,0.03183256976259894
2023-02-17,CPIYOY-23FEB,2023-03-14,4,5.86530612244898,5.9,5.9,-0.9999999999999708,-1.6145277573529344,0.002265722615576827
2023-02-18,CPIYOY-23FEB,2023-03-14,0,5.86530612244898,5.9,5.9,-0.9999999999999708,-1.6145277573529344,0.002265722615576827
2023-02-19,CPIYOY-23FEB,2023-03-14,50,5.86530612244898,5.9,5.9,-0.9999999999999708,-1.6145277573529344,0.002265722615576827
2023-02-20,CPIYOY-23FEB,2023-03-14,0,5.86530612244898,5.9,5.9,-0.9999999999999708,-1.6145277573529344,0.002265722615576827
2023-02-21,CPIYOY-23FEB,2023-03-14,10,5.86530612244898,5.9,5.9,-0.9999999999999708,-1.6145277573529344,0.002265722615576827
2023-02-22,CPIYOY-23FEB,2023-03-14,0,5.86530612244898,5.9,5.9,-0.9999999999999708,-1.6145277573529344,0.002265722615576827
2023-02-23,CPIYOY-23FEB,2023-03-14,0,5.86530612244898,5.9,5.9,-0.9999999999999708,-1.6145277573529344,0.002265722615576827
2023-02-24,CPIYOY-23FEB,2023-03-14,0,5.86530612244898,5.9,5.9,-0.9999999999999708,-1.6145277573529344,0.002265722615576827
2023-02-25,CPIYOY-23FEB,2023-03-14,26,5.896938775510204,5.9,5.800000000000001,-0.04615384615385189,-1.5181749438619692,0.0066232819658475165
2023-02-26,CPIYOY-23FEB,2023-03-14,3782,6.122448979591837,6.1000000000000005,6.1000000000000005,0.16666666666666696,-0.9188764541381085,0.02684298209079552
2023-02-27,CPIYOY-23FEB,2023-03-14,50,6.11734693877551,6.1000000000000005,6,0.12408759124087178,-1.0154581939214513,0.027556226572261578
2023-02-28,CPIYOY-23FEB,2023-03-14,5932,6.112244897959184,6.1000000000000005,6,0.09374999999999765,-1.1140504389802999,0.023931695127030434
2023-03-01,CPIYOY-23FEB,2023-03-14,1355,6.110204081632654,6.1000000000000005,6.2,0.08064516129032526,-1.0227423665097521,0.022957101207830094
2023-03-02,CPIYOY-23FEB,2023-03-14,1403,6.1091836734693885,6.1000000000000005,6.2,0.0731707317073188,-0.8481340307000966,0.02328300708038319
2023-03-03,CPIYOY-23FEB,2023-03-14,20,6.1091836734693885,6.1000000000000005,6.2,0.0731707317073188,-0.8481340307000966,0.02328300708038319
2023-03-04,CPIYOY-23FEB,2023-03-14,0,6.1091836734693885,6.1000000000000005,6.2,0.0731707317073188,-0.8481340307000966,0.02328300708038319
2023-03-05,CPIYOY-23FEB,2023-03-14,20,6.11530612244898,6.1000000000000005,6,0.12820512820512875,-0.6937735864651224,0.021296334860474823
2023-03-06,CPIYOY-23FEB,2023-03-14,100,6.119387755102042,6.1000000000000005,6.2,0.1681415929203511,-0.5986727523830471,0.020746563931695144
2023-03-07,CPIYOY-23FEB,2023-03-14,0,6.119387755102042,6.1000000000000005,6.2,0.1681415929203511,-0.5986727523830471,0.020746563931695144
2023-03-08,CPIYOY-23FEB,2023-03-14,42,6.093877551020408,6.1000000000000005,6.2,-0.04545454545454432,1.6922167964094914,0.035880882965431106
2023-03-09,CPIYOY-23FEB,2023-03-14,7323,6.087755102040816,6.1000000000000005,6.2,-0.0952380952380998,1.9861141161406355,0.03393169512703043
2023-03-10,CPIYOY-23FEB,2023-03-14,4923,6.078571428571428,6.1000000000000005,6.2,-0.1735537190082638,2.31874322842096,0.031071428571428594
2023-03-11,CPIYOY-23FEB,2023-03-14,925,6.08265306122449,6.1000000000000005,6.2,-0.14285714285714546,2.4209109764221726,0.031229695960016682
2023-03-12,CPIYOY-23FEB,2023-03-14,3720,6.075510204081633,6.1000000000000005,6.2,-0.1935483870967765,1.99479336696319,0.031849229487713474
2023-03-13,CPIYOY-23FEB,2023-03-14,4322,6.075510204081633,6.1000000000000005,6.1000000000000005,-0.20338983050847698,1.2453673922879922,0.031236984589754272
2023-03-13,CPIYOY-23MAR,2023-04-12,960,5.591836734693878,5.6,5.7,-0.05882352941175897,0.31415507425695566,0.03523948354852147
2023-03-14,CPIYOY-23FEB,2023-03-14,12106,6.055102040816327,6.1000000000000005,6.1000000000000005,-0.3728813559322039,1.227841331614286,0.028800499791753434
2023-03-14,CPIYOY-23MAR,2023-04-12,20,5.577551020408164,5.6,5.7,-0.1803278688524521,0.696984789496776,0.029087880049979187
2023-03-15,CPIYOY-23MAR,2023-04-12,250,5.4051020408163275,5.4,5.5,0.03401360544217507,-0.8863167257961684,0.031300499791753415
2023-03-16,CPIYOY-23MAR,2023-04-12,140,5.33469387755102,5.2,5.2,0.9428571428571453,-0.23722449606805318,0.033898375676801304
2023-03-17,CPIYOY-23MAR,2023-04-12,0,5.33469387755102,5.2,5.2,0.9428571428571453,-0.23722449606805318,0.033898375676801304
2023-03-18,CPIYOY-23MAR,2023-04-12,580,5.312244897959184,5.2,5.2,0.9322033898305107,-0.3272366804630962,0.021482715535193667
2023-03-19,CPIYOY-23MAR,2023-04-12,0,5.312244897959184,5.2,5.2,0.9322033898305107,-0.3272366804630962,0.021482715535193667
2023-03-20,CPIYOY-23MAR,2023-04-12,0,5.312244897959184,5.2,5.2,0.9322033898305107,-0.3272366804630962,0.021482715535193667
2023-03-21,CPIYOY-23MAR,2023-04-12,0,5.312244897959184,5.2,5.2,0.9322033898305107,-0.3272366804630962,0.021482715535193667
2023-03-22,CPIYOY-23MAR,2023-04-12,1405,5.298979591836734,5.2,5.2,0.9238095238095279,-0.7780322961574901,0.015815285297792584
2023-03-23,CPIYOY-23MAR,2023-04-12,245,5.2765306122448985,5.2,5.2,0.9036144578313299,-0.11880800437054351,0.015469596001665965
2023-03-24,CPIYOY-23MAR,2023-04-12,10,5.2765306122448985,5.2,5.2,0.9036144578313299,-0.11880800437054351,0.015469596001665965
2023-03-25,CPIYOY-23MAR,2023-04-12,0,5.2765306122448985,5.2,5.2,0.9036144578313299,-0.11880800437054351,0.015469596001665965
2023-03-26,CPIYOY-23MAR,2023-04-12,13569,5.1591836734693874,5.2,5.2,-0.32258064516129387,-0.13871907999793232,0.028946272386505663
2023-03-27,CPIYOY-23MAR,2023-04-12,2988,5.160204081632653,5.2,5.2,-0.32231404958677945,1.0591477048226698,0.028926488962932147
2023-03-28,CPIYOY-23MAR,2023-04-12,3160,5.15,5.2,5.2,-0.44144144144143926,-0.3026291460207604,0.021683673469387793
2023-03-29,CPIYOY-23MAR,2023-04-12,160,5.15,5.2,5.2,-0.44144144144143926,-0.3026291460207604,0.021683673469387793
2023-03-30,CPIYOY-23MAR,2023-04-12,1250,5.143877551020408,5.2,5.2,-0.5238095238095284,0.3714959096284507,0.020625780924614777
2023-03-31,CPIYOY-23MAR,2023-04-12,2467,5.148979591836735,5.2,5.2,-0.4629629629629618,-0.23257352442742363,0.020254060807996712
2023-04-01,CPIYOY-23MAR,2023-04-12,172,5.15,5.2,5.2,-0.44954128440366753,-0.27113941269021913,0.02045918367346943
2023-04-02,CPIYOY-23MAR,2023-04-12,24,5.156122448979592,5.2,5.2,-0.417475728155339,-0.22300007602806904,0.020421699291961724
2023-04-03,CPIYOY-23MAR,2023-04-12,0,5.156122448979592,5.2,5.2,-0.417475728155339,-0.22300007602806904,0.020421699291961724
2023-04-04,CPIYOY-23MAR,2023-04-12,20,5.154081632653061,5.2,5.2,-0.4455445544554471,-0.17604841934316262,0.019626197417742644
2023-04-05,CPIYOY-23MAR,2023-04-12,942,5.161224489795918,5.2,5.2,-0.38775510204081837,-0.07361644299247594,0.018292378175760127
2023-04-06,CPIYOY-23MAR,2023-04-12,49,5.158163265306123,5.2,5.2,-0.43157894736842695,0.013963572651684242,0.017127238650562284
2023-04-07,CPIYOY-23MAR,2023-04-12,4906,5.178571428571429,5.2,5.2,-0.27272727272728275,1.2246124984905231,0.013928571428571448
2023-04-08,CPIYOY-23MAR,2023-04-12,367,5.18061224489796,5.2,5.2,-0.24050632911393088,1.7959669616953846,0.015236359850062487
2023-04-09,CPIYOY-23MAR,2023-04-12,1,5.179591836734693,5.2,5.2,-0.2564102564102648,1.9192180743195166,0.014889629321116213
2023-04-10,CPIYOY-23APR,2023-05-10,123,5.245918367346938,5.3,5.3,-1.0000000000000033,-0.6512571098647002,0.005952728029987524
2023-04-10,CPIYOY-23MAR,2023-04-12,3710,5.16530612244898,5.2,5.2,-0.43589743589744334,1.0867777576307462,0.011857559350270736
2023-04-11,CPIYOY-23APR,2023-05-10,1705,5.252040816326531,5.300000000000001,5.300000000000001,-0.40869565217391673,-0.28506508031822353,0.024128488129945856
2023-04-11,CPIYOY-23MAR,2023-04-12,3103,5.163265306122449,5.2,5.2,-0.5294117647058812,0.6863829959051841,0.008854643898375692
2023-04-12,CPIYOY-23APR,2023-05-10,2673,5.127551020408164,5.1000000000000005,5.1000000000000005,0.2195121951219564,-0.6368598449488654,0.025465431070387356
2023-04-12,CPIYOY-23MAR,2023-04-12,2330,5.158163265306123,5.2,5.2,-0.5061728395061791,1.7899197098671342,0.013861932528113314
2023-04-13,CPIYOY-23APR,2023-05-10,397,5.101020408163265,5,5,0.7674418604651203,-0.5723886759481647,0.027243856726364046
2023-04-14,CPIYOY-23APR,2023-05-10,100,5.091836734693878,5,5,0.6521739130434807,-0.71267032406405,0.02993336109954188
2023-04-15,CPIYOY-23APR,2023-05-10,26,5.087755102040816,5,5,0.641791044776125,-0.6951115711064122,0.030258225739275328
2023-04-16,CPIYOY-23APR,2023-05-10,0,5.087755102040816,5,5,0.641791044776125,-0.6951115711064122,0.030258225739275328
2023-04-17,CPIYOY-23APR,2023-05-10,180,5.088775510204082,5,5,0.6444444444444445,-0.7003679188129444,0.03018013327780094
2023-04-18,CPIYOY-23APR,2023-05-10,339,5.090816326530612,5,5,0.6899224806201504,-0.5230048963714511,0.028793211162015858
2023-04-19,CPIYOY-23APR,2023-05-10,8,5.105102040816326,5.1,5,0.03937007874016222,-0.4624387414988713,0.02742294877134531
2023-04-20,CPIYOY-23APR,2023-05-10,2032,5.069387755102041,5,5,0.5396825396825422,-0.2859725510827573,0.02681799250312375
2023-04-21,CPIYOY-23APR,2023-05-10,1850,5.070408163265307,5,5,0.5520000000000035,0.00670725078929113,0.028818200749687665
2023-04-22,CPIYOY-23APR,2023-05-10,2501,5.027551020408163,5,5,0.23478260869565765,0.6481014129348801,0.02913890045814246
2023-04-23,CPIYOY-23APR,2023-05-10,844,5.003061224489796,5,5,0.02702702702703028,-0.5666202736154604,0.022745730945439423
2023-04-24,CPIYOY-23APR,2023-05-10,365,5.002040816326531,5,5,0.018181818181820363,-0.4198154036101127,0.021220324864639765
2023-04-25,CPIYOY-23APR,2023-05-10,3129,5.004081632653061,5,4.8999999999999995,0.031249999999996978,-0.07936979273322597,0.028554768846314017
2023-04-26,CPIYOY-23APR,2023-05-10,31,4.998979591836735,5,5,-0.007518796992482113,-0.2911432503165443,0.03010099958350685
2023-04-27,CPIYOY-23APR,2023-05-10,1467,4.9622448979591836,5,5,-0.32173913043478347,-0.14425011377878372,0.023370470637234485
2023-04-28,CPIYOY-23APR,2023-05-10,202,4.964285714285714,4.8999999999999995,4.8999999999999995,0.5675675675675728,-0.266458367174339,0.020459183673469397
2023-04-29,CPIYOY-23APR,2023-05-10,739,4.985714285714285,4.8999999999999995,4.8999999999999995,0.6176470588235331,0.3859704719387884,0.034285714285714294
2023-04-30,CPIYOY-23APR,2023-05-10,648,4.990816326530612,4.8999999999999995,4.8999999999999995,0.6793893129771011,0.5309311698488126,0.031446272386505617
2023-05-01,CPIYOY-23APR,2023-05-10,348,4.964285714285714,4.8999999999999995,4.8,0.49606299212598937,-1.02625553019111,0.022091836734693854
2023-05-02,CPIYOY-23APR,2023-05-10,1530,4.93061224489796,4.85,4.8,0.8767123287671218,-1.1638698457137315,0.02620574760516452
2023-05-03,CPIYOY-23APR,2023-05-10,10,4.981632653061224,4.949999999999999,4.8999999999999995,0.8163265306122448,-0.2342274599999996,0.013744273219491884
2023-05-04,CPIYOY-23APR,2023-05-10,255,5.0193877551020405,5,5,0.18811881188118498,1.5125311850909817,0.02646084964598086
2023-05-05,CPIYOY-23APR,2023-05-10,87,5.013265306122449,5,5.1,0.10743801652892417,0.9749540579632883,0.02849750104123285
2023-05-06,CPIYOY-23APR,2023-05-10,72,5.007142857142857,5,5,0.06666666666666639,1.7047923256426625,0.024948979591836746
2023-05-07,CPIYOY-23APR,2023-05-10,4280,4.996938775510204,5,4.8999999999999995,-0.02608695652174227,1.5319324827575196,0.02560287380258226
2023-05-08,CPIYOY-23APR,2023-05-10,4177,5.022448979591837,5,5.1,0.2558139534883728,-0.29663087900225893,0.012353186172428145
2023-05-09,CPIYOY-23APR,2023-05-10,11266,5.008163265306122,5,5,0.10526315789472669,-0.15051866870447883,0.011361932528113277
2023-05-10,CPIYOY-23APR,2023-05-10,7974,5.01734693877551,5,5,0.2207792207792136,1.846734283482144,0.01449500208246563
2023-05-14,CPIYOY-23MAY,2023-06-13,0,4.0928571428571425,4.1,4.1,-0.06194690265486707,-0.23938275816096155,0.02576530612244897
2023-05-15,CPIYOY-23MAY,2023-06-13,209,4.073469387755102,4.1,4,-0.1969696969696977,-0.5715873415280575,0.02807163681799249
2023-05-16,CPIYOY-23MAY,2023-06-13,660,4.079591836734693,4.05,4,0.6190476190476181,-0.4820205569751743,0.024277384423157
2023-05-17,CPIYOY-23MAY,2023-06-13,100,4.06734693877551,4.1,4,0.5789473684210538,0.09027748503895161,0.022403165347771755
2023-05-18,CPIYOY-23MAY,2023-06-13,0,4.06734693877551,4.1,4,0.5789473684210538,0.09027748503895161,0.022403165347771755
2023-05-19,CPIYOY-23MAY,2023-06-13,0,4.06734693877551,4.1,4,0.5789473684210538,0.09027748503895161,0.022403165347771755
2023-05-20,CPIYOY-23MAY,2023-06-13,25,4.068367346938775,4.05,4,0.5826086956521723,0.022224196362210513,0.02277488546438983
2023-05-21,CPIYOY-23MAY,2023-06-13,0,4.068367346938775,4.05,4,0.5826086956521723,0.022224196362210513,0.02277488546438983
2023-05-22,CPIYOY-23MAY,2023-06-13,40,4.068367346938775,4.05,4,0.5826086956521723,0.022224196362210513,0.02277488546438983
2023-05-23,CPIYOY-23MAY,2023-06-13,1023,3.9979591836734696,4,3.9,-0.02040816326530414,-0.23786135346129278,0.015506039150354013
2023-05-24,CPIYOY-23MAY,2023-06-13,1403,4.014285714285713,4,4.1,0.14893617021276542,-0.264217020078819,0.014897959183673464
2023-05-25,CPIYOY-23MAY,2023-06-13,159,4.025510204081632,4,4,0.29411764705882315,0.18912738508357974,0.013941066222407322
2023-05-26,CPIYOY-23MAY,2023-06-13,20,4.026530612244898,4,4,0.3023255813953499,0.11372165678932156,0.01419408579758433
2023-05-27,CPIYOY-23MAY,2023-06-13,3544,4.030612244897959,4,4,0.3409090909090876,0.5003424973328232,0.016001665972511445
2023-05-28,CPIYOY-23MAY,2023-06-13,153,4.026530612244898,4,4,0.30952380952381064,0.07846731380802163,0.014194085797584325
2023-05-29,CPIYOY-23MAY,2023-06-13,0,4.026530612244898,4,4,0.30952380952381064,0.07846731380802163,0.014194085797584325
2023-05-30,CPIYOY-23MAY,2023-06-13,0,4.026530612244898,4,4,0.30952380952381064,0.07846731380802163,0.014194085797584325
2023-05-31,CPIYOY-23MAY,2023-06-13,0,4.026530612244898,4,4,0.30952380952381064,0.07846731380802163,0.014194085797584325
2023-06-01,CPIYOY-23MAY,2023-06-13,1627,4.0193877551020405,4,4,0.2533333333333349,0.579374089848947,0.012787380258225726
2023-06-02,CPIYOY-23MAY,2023-06-13,175,4.018367346938775,4,4,0.24999999999999994,0.8546119634163745,0.01211162015826738
2023-06-03,CPIYOY-23MAY,2023-06-13,365,4.030612244897959,4,4,0.39473684210526505,1.3866629197971,0.013960849645980837
2023-06-04,CPIYOY-23MAY,2023-06-13,0,4.030612244897959,4,4,0.39473684210526505,1.3866629197971,0.013960849645980837
2023-06-05,CPIYOY-23MAY,2023-06-13,35,4.031632653061224,4,4,0.4133333333333368,1.4580960513228947,0.013591211995002078
2023-06-06,CPIYOY-23MAY,2023-06-13,2199,4.077551020408163,4.1,4.1,-0.2200000000000006,-0.11693893907974262,0.017659308621407722
2023-06-07,CPIYOY-23MAY,2023-06-13,778,4.0744897959183675,4.1,4,-0.2525252525252524,-0.02543273036014959,0.016594127446897106
2023-06-08,CPIYOY-23MAY,2023-06-13,185,4.072448979591837,4.1,4,-0.2673267326732696,-0.12670857699873883,0.01709808413161181
2023-06-09,CPIYOY-23MAY,2023-06-13,147,4.074489795918367,4.1,4,-0.24271844660194158,-0.06812624164532277,0.016594127446897106
2023-06-10,CPIYOY-23MAY,2023-06-13,20,4.072448979591837,4.1,4,-0.26732673267326956,0.04340361436607454,0.016281757600999563
2023-06-11,CPIYOY-23MAY,2023-06-13,444,4.06734693877551,4.1,4.1,-0.3265306122449021,-0.5719699445983366,0.01566847147022072
2023-06-12,CPIYOY-23JUN,2023-07-12,0,3.329591836734694,3.3,3.3,1.0000000000000149,-1.236211844077995,0.0020835068721366135
2023-06-12,CPIYOY-23MAY,2023-06-13,4465,4.061224489795918,4,4,0.612244897959187,-0.830888854931374,0.01482299042065803
2023-06-13,CPIYOY-23JUN,2023-07-12,2393,3.1040816326530614,3.1,3,0.05000000000000055,-1.1962082784000005,0.009371095376926297
2023-06-13,CPIYOY-23MAY,2023-06-13,1063,4.063265306122449,4,4,0.6595744680851031,-0.535357529369886,0.01456892961266136
2023-06-14,CPIYOY-23JUN,2023-07-12,6139,3.0051020408163267,3.0000000000000004,3.0000000000000004,0.05376344086021223,0.10388898852822415,0.017422948771345263
2023-06-15,CPIYOY-23JUN,2023-07-12,1935,3.0030612244897963,3.0000000000000004,3.0000000000000004,0.031578947368420304,-0.12506143553339655,0.01784777176176592
2023-06-16,CPIYOY-23JUN,2023-07-12,773,3.002040816326531,3.0000000000000004,3.0000000000000004,0.02173913043478052,0.042978699507679075,0.016730528946272374
2023-06-17,CPIYOY-23JUN,2023-07-12,1721,2.9948979591836737,3.0000000000000004,3.0000000000000004,-0.05050505050505224,-0.2518208936894628,0.017831112036651383
2023-06-18,CPIYOY-23JUN,2023-07-12,1764,2.9938775510204083,3.0000000000000004,3.0000000000000004,-0.062499999999998515,-0.18515317691836541,0.01751353602665555
2023-06-19,CPIYOY-23JUN,2023-07-12,741,2.991836734693878,3.0000000000000004,3.0000000000000004,-0.08888888888889,0.3964555649375412,0.01707621824239899
2023-06-20,CPIYOY-23JUN,2023-07-12,2748,2.989795918367347,3.0000000000000004,3.0000000000000004,-0.12499999999999879,2.603159237240086,0.017242815493544353
2023-06-21,CPIYOY-23JUN,2023-07-12,73508,3.0367346938775515,3.0000000000000004,3.0000000000000004,0.305084745762712,0.3330394463667856,0.028038317367763424
2023-06-22,CPIYOY-23JUN,2023-07-12,5332,3.0408163265306127,3.0000000000000004,3.0000000000000004,0.37735849056603843,0.8605314384134313,0.025272802998750513
2023-06-23,CPIYOY-23JUN,2023-07-12,2260,3.0336734693877556,3.0000000000000004,3.0000000000000004,0.2869565217391312,0.5201171787973853,0.027131403581840893
2023-06-24,CPIYOY-23JUN,2023-07-12,500,3.0316326530612248,3.0000000000000004,3.0000000000000004,0.2743362831858432,0.11763188636001409,0.02542794668887962
2023-06-25,CPIYOY-23JUN,2023-07-12,1500,3.0316326530612248,3.0000000000000004,3.0000000000000004,0.2743362831858432,0.11763188636001409,0.02542794668887962
2023-06-26,CPIYOY-23JUN,2023-07-12,3600,3.026530612244898,3.0000000000000004,3.0000000000000004,0.24074074074074175,0.26150902083743066,0.02296959600166596
2023-06-27,CPIYOY-23JUN,2023-07-12,1274,3.0367346938775515,3.0000000000000004,3.0000000000000004,0.34615384615384637,0.8026492806992414,0.02273219491878383
2023-06-28,CPIYOY-23JUN,2023-07-12,1216,3.0316326530612248,3.0000000000000004,3.0000000000000004,0.313131313131316,0.47821497976421456,0.02114223240316534
2023-06-29,CPIYOY-23JUN,2023-07-12,500,3.0336734693877556,3.0000000000000004,3.0000000000000004,0.33333333333333426,0.4865114523885148,0.021213036234902113
2023-06-30,CPIYOY-23JUN,2023-07-12,1400,3.0306122448979598,3.0000000000000004,3.0000000000000004,0.3125000000000017,0.6940261494646083,0.02049146189087879
2023-07-01,CPIYOY-23JUN,2023-07-12,0,3.0306122448979598,3.0000000000000004,3.0000000000000004,0.3125000000000017,0.6940261494646083,0.02049146189087879
2023-07-02,CPIYOY-23JUN,2023-07-12,2050,3.0275510204081635,3.0000000000000004,3.0000000000000004,0.29032258064515915,0.8346934629293057,0.01954706372344855
2023-07-03,CPIYOY-23JUN,2023-07-12,4567,3.012244897959184,3.0000000000000004,3.0000000000000004,0.11764705882353088,0.6774517329268406,0.0212786339025406
2023-07-04,CPIYOY-23JUN,2023-07-12,9,3.016326530612245,3.0000000000000004,3.0000000000000004,0.15094339622641698,0.4546937968634652,0.02320283215326946
2023-07-05,CPIYOY-23JUN,2023-07-12,4400,3.012244897959184,3.0000000000000004,3.0000000000000004,0.11320754716980862,0.42074020125334677,0.023727613494377336
2023-07-06,CPIYOY-23JUN,2023-07-12,1250,3.016326530612245,3.0000000000000004,3.0000000000000004,0.15686274509804116,0.5138350925590074,0.023202832153269463
2023-07-07,CPIYOY-23JUN,2023-07-12,4536,3.0244897959183676,3.0000000000000004,3.0000000000000004,0.22641509433962137,0.4085964596606746,0.023277800916284872
2023-07-08,CPIYOY-23JUN,2023-07-12,5616,3.0244897959183676,3.0000000000000004,3.0000000000000004,0.23529411764705754,0.6385514891863671,0.02164514785506038
2023-07-09,CPIYOY-23JUN,2023-07-12,3725,3.018367346938776,3.0000000000000004,3.0000000000000004,0.18000000000000008,0.6829766839378291,0.021703456892961256
2023-07-10,CPIYOY-23JUN,2023-07-12,7853,3.0244897959183676,3.0000000000000004,3.0000000000000004,0.23076923076922948,0.44983251469919106,0.02164514785506038
2023-07-11,CPIYOY-23JUL,2023-08-10,203,3.2877551020408164,3.1999999999999997,3.4,0.4777777777777798,-1.227153805280823,0.04209496043315286
2023-07-11,CPIYOY-23JUN,2023-07-12,6989,3.0153061224489797,3.0000000000000004,3.0000000000000004,0.16483516483516092,1.2110648816483298,0.019663681799250304
2023-07-12,CPIYOY-23JUL,2023-08-10,3991,3.23265306122449,3.1999999999999997,3.3,0.2711864406779694,-0.39498330031550166,0.023423573511037063
2023-07-12,CPIYOY-23JUN,2023-07-12,5593,3.01530612244898,3.0000000000000004,3.0000000000000004,0.16483516483516092,1.1598673859189228,0.01925551853394418
2023-07-13,CPIYOY-23JUL,2023-08-10,494,3.233673469387755,3.1999999999999997,3.1999999999999997,0.29203539823008917,-0.26881746367905235,0.022233444398167424
2023-07-14,CPIYOY-23JUL,2023-08-10,0,3.233673469387755,3.1999999999999997,3.1999999999999997,0.29203539823008917,-0.26881746367905235,0.022233444398167424
2023-07-15,CPIYOY-23JUL,2023-08-10,600,3.227551020408163,3.1999999999999997,3.1999999999999997,0.2523364485981329,-0.20217699664745448,0.021996043315285294
2023-07-16,CPIYOY-23JUL,2023-08-10,507,3.2081632653061223,3.1999999999999997,3.1999999999999997,0.09090909090909698,0.05088623628075917,0.014423157017909192
2023-07-17,CPIYOY-23JUL,2023-08-10,743,3.212244897959183,3.1999999999999997,3.1999999999999997,0.1428571428571446,0.32246088736953604,0.013931695127030392
2023-07-18,CPIYOY-23JUL,2023-08-10,40,3.2153061224489794,3.1999999999999997,3.1999999999999997,0.1851851851851861,0.5617826683588567,0.013541232819658466
2023-07-19,CPIYOY-23JUL,2023-08-10,4435,3.193877551020408,3.1999999999999997,3.1,-0.06122448979591693,-0.4671299809924352,0.015064556434818807
2023-07-20,CPIYOY-23JUL,2023-08-10,3450,3.1724489795918367,3.1999999999999997,3.1999999999999997,-0.3600000000000034,0.5977871243191171,0.011791961682632222
2023-07-21,CPIYOY-23JUL,2023-08-10,2450,3.1775510204081634,3.1999999999999997,3.1999999999999997,-0.31428571428571533,0.7609288945509611,0.011536859641815896
2023-07-22,CPIYOY-23JUL,2023-08-10,4299,3.183673469387755,3.1999999999999997,3.1999999999999997,-0.24242424242423902,0.6476801433522437,0.010345689296126599
2023-07-23,CPIYOY-23JUL,2023-08-10,750,3.1775510204081634,3.1999999999999997,3.1999999999999997,-0.3666666666666607,0.8039895866229911,0.008271553519366915
2023-07-24,CPIYOY-23JUL,2023-08-10,2863,3.1989795918367343,3.1999999999999997,3.1999999999999997,-0.016949152542367573,-0.1561114546411524,0.007447938359017062
2023-07-25,CPIYOY-23JUL,2023-08-10,2991,3.204081632653061,3.1999999999999997,3.1999999999999997,0.05555555555555626,0.34551312087903563,0.010391503540191574
2023-07-26,CPIYOY-23JUL,2023-08-10,654,3.204081632653061,3.1999999999999997,3.1999999999999997,0.05555555555555626,0.34551312087903563,0.010391503540191574
2023-07-27,CPIYOY-23JUL,2023-08-10,1160,3.216326530612245,3.1999999999999997,3.1999999999999997,0.190476190476198,-0.07638819130518337,0.012590587255310275
2023-07-28,CPIYOY-23JUL,2023-08-10,0,3.216326530612245,3.1999999999999997,3.1999999999999997,0.190476190476198,-0.07638819130518337,0.012590587255310275
2023-07-29,CPIYOY-23JUL,2023-08-10,100,3.213265306122449,3.1999999999999997,3.1999999999999997,0.16049382716049718,0.0581869095284242,0.011762807163681785
2023-07-30,CPIYOY-23JUL,2023-08-10,300,3.222448979591836,3.1999999999999997,3.3,0.24444444444444505,-0.03020304487042047,0.012353186172428142
2023-07-31,CPIYOY-23JUL,2023-08-10,1207,3.213265306122449,3.1999999999999997,3.1999999999999997,0.16049382716049718,0.0581869095284242,0.011762807163681785
2023-08-01,CPIYOY-23JUL,2023-08-10,1047,3.210204081632653,3.1999999999999997,3.1999999999999997,0.1282051282051326,0.12133126346938417,0.011528529779258629
2023-08-02,CPIYOY-23JUL,2023-08-10,2003,3.211224489795918,3.1999999999999997,3.1999999999999997,0.15942028985507287,0.6282360668001199,0.01058829654310703
2023-08-03,CPIYOY-23JUL,2023-08-10,200,3.2102040816326527,3.1999999999999997,3.1999999999999997,0.1470588235294168,0.6607378879115937,0.010508121615993326
2023-08-04,CPIYOY-23JUL,2023-08-10,275,3.2091836734693873,3.1999999999999997,3.1999999999999997,0.147540983606561,1.2515734420043971,0.008385047896709694
2023-08-05,CPIYOY-23JUL,2023-08-10,3418,3.216326530612245,3.1999999999999997,3.1999999999999997,0.22857142857143142,0.8424849007318489,0.009121199500208236
2023-08-06,CPIYOY-23JUL,2023-08-10,505,3.212244897959184,3.1999999999999997,3.1999999999999997,0.1818181818181841,0.9595608218672287,0.008829654310703861
2023-08-07,CPIYOY-23JUL,2023-08-10,35,3.2142857142857144,3.1999999999999997,3.1999999999999997,0.20588235294118226,0.8092355387523709,0.009387755102040807
2023-08-08,CPIYOY-23JUL,2023-08-10,321,3.212244897959184,3.1999999999999997,3.1999999999999997,0.1818181818181841,0.9595608218672287,0.008829654310703861
2023-08-09,CPIYOY-23JUL,2023-08-10,2119,3.2142857142857144,3.1999999999999997,3.1999999999999997,0.23333333333333983,1.0930706788838016,0.009999999999999995
2023-08-10,CPIYOY-23JUL,2023-08-10,321,3.221428571428572,3.1999999999999997,3.1999999999999997,0.2727272727272775,0.4715792243767494,0.010663265306122438
2023-08-14,CPIYOY-23AUG,2023-09-13,1558,3.613265306122449,3.6,3.6,0.11711711711711176,1.155460110231008,0.026456684714702205
2023-08-15,CPIYOY-23AUG,2023-09-13,5127,3.630612244897959,3.6999999999999997,3.6999999999999997,-0.5964912280701755,1.7232663707905882,0.030083298625572668
2023-08-16,CPIYOY-23AUG,2023-09-13,2131,3.6540816326530607,3.6999999999999997,3.6999999999999997,-0.3719008264462794,0.6868257796481072,0.02758538109121198
2023-08-17,CPIYOY-23AUG,2023-09-13,4083,3.6714285714285713,3.6999999999999997,3.6999999999999997,-0.34146341463414015,2.196938563327044,0.01408163265306121
2023-08-18,CPIYOY-23AUG,2023-09-13,2471,3.664285714285714,3.6999999999999997,3.6999999999999997,-0.4430379746835433,2.426914744351974,0.013316326530612231
2023-08-19,CPIYOY-23AUG,2023-09-13,6905,3.6469387755102045,3.6999999999999997,3.6,-0.5416666666666647,2.7866169714053592,0.01902124114952102
2023-08-20,CPIYOY-23AUG,2023-09-13,100,3.6510204081632653,3.6999999999999997,3.6999999999999997,-0.5217391304347799,2.950996878116218,0.019029571012078285
2023-08-21,CPIYOY-23AUG,2023-09-13,750,3.6510204081632653,3.6999999999999997,3.6999999999999997,-0.5217391304347799,2.950996878116218,0.019029571012078285
2023-08-22,CPIYOY-23AUG,2023-09-13,2266,3.6489795918367345,3.6999999999999997,3.6999999999999997,-0.5319148936170166,2.6065887805197887,0.01964181591003747
2023-08-23,CPIYOY-23AUG,2023-09-13,635,3.6510204081632653,3.6999999999999997,3.6999999999999997,-0.5106382978723378,2.582614954747216,0.01984589754269053
2023-08-24,CPIYOY-23AUG,2023-09-13,1243,3.6571428571428566,3.6999999999999997,3.6999999999999997,-0.47727272727272596,2.9661035156249884,0.019591836734693863
2023-08-25,CPIYOY-23AUG,2023-09-13,0,3.6571428571428566,3.6999999999999997,3.6999999999999997,-0.47727272727272596,2.9661035156249884,0.019591836734693863
2023-08-26,CPIYOY-23AUG,2023-09-13,250,3.6530612244897953,3.6999999999999997,3.6999999999999997,-0.4999999999999994,2.724622130898334,0.019837567680133263
2023-08-27,CPIYOY-23AUG,2023-09-13,8458,3.6683673469387754,3.6999999999999997,3.6999999999999997,-0.3483146067415714,3.40962394085666,0.019713660974593906
2023-08-28,CPIYOY-23AUG,2023-09-13,875,3.664285714285714,3.6999999999999997,3.6999999999999997,-0.40229885057471154,3.402400403000814,0.01943877551020407
2023-08-29,CPIYOY-23AUG,2023-09-13,980,3.6683673469387754,3.6999999999999997,3.6999999999999997,-0.37349397590361266,3.800775631716717,0.019101416076634722
2023-08-30,CPIYOY-23AUG,2023-09-13,618,3.6663265306122446,3.6999999999999997,3.6999999999999997,-0.3548387096774204,3.090360942439098,0.0201926280716368
2023-08-31,CPIYOY-23AUG,2023-09-13,100,3.6622448979591833,3.6999999999999997,3.6999999999999997,-0.4157303370786534,3.3261848188779926,0.01949291961682631
2023-09-01,CPIYOY-23AUG,2023-09-13,435,3.6602040816326533,3.6999999999999997,3.6999999999999997,-0.44827586206896514,3.5995339919791736,0.018722407330279037
2023-09-02,CPIYOY-23AUG,2023-09-13,0,3.6602040816326533,3.6999999999999997,3.6999999999999997,-0.44827586206896514,3.5995339919791736,0.018722407330279037
2023-09-03,CPIYOY-23AUG,2023-09-13,0,3.6602040816326533,3.6999999999999997,3.6999999999999997,-0.44827586206896514,3.5995339919791736,0.018722407330279037
2023-09-04,CPIYOY-23AUG,2023-09-13,254,3.6602040816326533,3.6999999999999997,3.6999999999999997,-0.44827586206896514,3.5995339919791736,0.018722407330279037
2023-09-05,CPIYOY-23AUG,2023-09-13,945,3.6591836734693874,3.6999999999999997,3.6999999999999997,-0.4651162790697685,3.6719421313061105,0.018538109121199485
2023-09-06,CPIYOY-23AUG,2023-09-13,1978,3.665306122448979,3.6999999999999997,3.6999999999999997,-0.36956521739130205,3.2804228617539017,0.01961266139108703
2023-09-07,CPIYOY-23AUG,2023-09-13,110,3.669387755102041,3.6999999999999997,3.6999999999999997,-0.34090909090908783,3.5573714242214667,0.019471053727613482
2023-09-08,CPIYOY-23AUG,2023-09-13,131,3.664285714285714,3.6999999999999997,3.6999999999999997,-0.4430379746835431,4.244736165927031,0.01801020408163264
2023-09-09,CPIYOY-23AUG,2023-09-13,15,3.664285714285714,3.6999999999999997,3.6999999999999997,-0.4430379746835431,4.244736165927031,0.01801020408163264
2023-09-10,CPIYOY-23AUG,2023-09-13,1300,3.664285714285714,3.6999999999999997,3.6999999999999997,-0.4430379746835431,4.244736165927031,0.01801020408163264
2023-09-11,CPIYOY-23AUG,2023-09-13,3029,3.6632653061224487,3.6999999999999997,3.6999999999999997,-0.47368421052631043,4.633818712401157,0.017426072469804234
2023-09-12,CPIYOY-23AUG,2023-09-13,7607,3.6561224489795916,3.6999999999999997,3.6999999999999997,-0.5584415584415531,4.446470200525855,0.017156393169512688
2023-09-12,CPIYOY-23SEP,2023-10-12,0,3.476530612244898,3.5,3.5,-1.0000000000000064,-0.48355773913045175,0.0017961266139108736
2023-09-13,CPIYOY-23AUG,2023-09-13,1464,3.6551020408163266,3.6999999999999997,3.6999999999999997,-0.7096774193548345,2.0090215499570467,0.007984173261141174
2023-09-13,CPIYOY-23SEP,2023-10-12,4224,3.5469387755102044,3.6,3.6,-0.9999999999999942,-0.48472047986361044,0.005143690129112879
2023-09-14,CPIYOY-23SEP,2023-10-12,740,3.590816326530612,3.6,3.6,-0.9999999999999749,16.995204646660575,0.0014462723865056252
2023-09-15,CPIYOY-23SEP,2023-10-12,2600,3.603061224489796,3.6,3.6,0.05454545454544539,-0.662990953955807,0.006011037067888365
2023-09-16,CPIYOY-23SEP,2023-10-12,0,3.603061224489796,3.6,3.6,0.05454545454544539,-0.662990953955807,0.006011037067888365
2023-09-17,CPIYOY-23SEP,2023-10-12,400,3.603061224489796,3.6,3.6,0.05454545454544539,-0.662990953955807,0.006011037067888365
2023-09-18,CPIYOY-23SEP,2023-10-12,4151,3.602040816326531,3.6,3.6,0.03571428571429,1.5219602970390023,0.007138692211578517
2023-09-19,CPIYOY-23SEP,2023-10-12,3255,3.6,3.6,3.6,0,1.224412499999989,0.007346938775510212
2023-09-20,CPIYOY-23SEP,2023-10-12,5605,3.60204081632653,3.6,3.6,0.03571428571428223,-0.5114982986767611,0.0063223656809662755
2023-09-21,CPIYOY-23SEP,2023-10-12,3242,3.616326530612245,3.6,3.6,0.3809523809523852,1.3255913405426822,0.004631403581840908
2023-09-22,CPIYOY-23SEP,2023-10-12,0,3.616326530612245,3.6,3.6,0.3809523809523852,1.3255913405426822,0.004631403581840908
2023-09-23,CPIYOY-23SEP,2023-10-12,115,3.601020408163265,3.6,3.6,0.037037037037041476,3.1526224592622523,0.0033663057059558576
2023-09-24,CPIYOY-23SEP,2023-10-12,9,3.6479591836734695,3.6,3.6,0.6438356164383617,0.04759010831597932,0.008618284048313218
2023-09-25,CPIYOY-23SEP,2023-10-12,0,3.6479591836734695,3.6,3.6,0.6438356164383617,0.04759010831597932,0.008618284048313218
2023-09-26,CPIYOY-23SEP,2023-10-12,250,3.6479591836734695,3.6,3.6,0.6438356164383617,0.04759010831597932,0.008618284048313218
2023-09-27,CPIYOY-23SEP,2023-10-12,100,3.6479591836734695,3.6,3.6,0.6438356164383617,0.04759010831597932,0.008618284048313218
2023-09-28,CPIYOY-23SEP,2023-10-12,9566,3.6459183673469386,3.6,3.6,0.6000000000000023,1.534985458664596,0.00983027905039568
2023-09-29,CPIYOY-23SEP,2023-10-12,687,3.669387755102041,3.7,3.7,-0.384615384615386,-0.23169020800210038,0.010287380258225757
2023-09-30,CPIYOY-23SEP,2023-10-12,966,3.6765306122448984,3.7,3.7,-0.3066666666666628,-0.08902314746116335,0.010367555185339461
2023-10-01,CPIYOY-23SEP,2023-10-12,200,3.6775510204081634,3.7,3.7,-0.2894736842105324,-0.12629384135673005,0.010516451478550622
2023-10-02,CPIYOY-23SEP,2023-10-12,50,3.6775510204081634,3.7,3.7,-0.2894736842105324,-0.12629384135673005,0.010516451478550622
2023-10-03,CPIYOY-23SEP,2023-10-12,141,3.6642857142857146,3.7,3.7,-0.555555555555553,0.528900000000005,0.008418367346938791
2023-10-04,CPIYOY-23SEP,2023-10-12,57,3.6632653061224496,3.7,3.7,-0.580645161290322,0.5970216877261931,0.008242399000416508
2023-10-05,CPIYOY-23SEP,2023-10-12,176,3.6795918367346943,3.7,3.7,-0.43478260869564755,-0.4971715988239538,0.004481466055810087
2023-10-06,CPIYOY-23SEP,2023-10-12,2,3.6795918367346943,3.7,3.7,-0.43478260869564755,-0.4971715988239538,0.004481466055810087
2023-10-07,CPIYOY-23SEP,2023-10-12,207,3.6979591836734693,3.7,3.7,-0.031250000000003754,-1.2887484685171806,0.0067305289462723985
2023-10-08,CPIYOY-23SEP,2023-10-12,0,3.6979591836734693,3.7,3.7,-0.031250000000003754,-1.2887484685171806,0.0067305289462723985
2023-10-09,CPIYOY-23SEP,2023-10-12,110,3.6826530612244897,3.7,3.7,-0.34693877551020125,-0.6711335842486292,0.00490316534777177
2023-10-10,CPIYOY-23SEP,2023-10-12,25,3.675510204081633,3.7,3.7,-0.42857142857142555,-0.8636573991754628,0.005318617242815503
2023-10-11,CPIYOY-23SEP,2023-10-12,442,3.6653061224489796,3.65,3.6,0.9696969696969737,-0.8916459438677378,0.0057351103706788946
2023-10-12,CPIYOY-23SEP,2023-10-12,50,3.6642857142857146,3.6,3.6,0.9692307692307716,-0.8802238468165133,0.00576530612244899
2023-10-15,CPIYOY-23OCT,2023-11-14,1018,3.342857142857143,3.3000000000000003,3.3000000000000003,0.5526315789473675,-0.22232399999999242,0.009183673469387737
2023-10-16,CPIYOY-23OCT,2023-11-14,1521,3.330612244897959,3.3000000000000003,3.3000000000000003,0.4285714285714312,-0.3122982862769792,0.009266972094960415
2023-10-17,CPIYOY-23OCT,2023-11-14,1235,3.323469387755102,3.3000000000000003,3.3000000000000003,0.36507936507936833,-0.052570907882409035,0.008122657226155752
2023-10-18,CPIYOY-23OCT,2023-11-14,511,3.323469387755102,3.3000000000000003,3.3000000000000003,0.36507936507936833,-0.052570907882409035,0.008122657226155752
2023-10-19,CPIYOY-23OCT,2023-11-14,1625,3.3030612244897966,3.3000000000000003,3.3000000000000003,0.05660377358491254,0.4813504624646461,0.007643690129112857
2023-10-20,CPIYOY-23OCT,2023-11-14,100,3.3030612244897966,3.3000000000000003,3.3000000000000003,0.05660377358491254,0.4813504624646461,0.007643690129112857
2023-10-21,CPIYOY-23OCT,2023-11-14,0,3.3030612244897966,3.3000000000000003,3.3000000000000003,0.05660377358491254,0.4813504624646461,0.007643690129112857
2023-10-22,CPIYOY-23OCT,2023-11-14,43,3.3091836734693882,3.3000000000000003,3.3000000000000003,0.15254237288135972,1.8528236840080439,0.010629945855893368
2023-10-23,CPIYOY-23OCT,2023-11-14,650,3.3010204081632653,3.3000000000000003,3.3000000000000003,0.014925373134323674,1.5095444340033328,0.01152957101207829
2023-10-24,CPIYOY-23OCT,2023-11-14,3144,3.3061224489795915,3.3000000000000003,3.3000000000000003,0.09677419354839181,1.7948386769701337,0.01057476051645147
2023-10-25,CPIYOY-23OCT,2023-11-14,500,3.3051020408163265,3.3000000000000003,3.3000000000000003,0.07936507936508208,1.705865598224694,0.010892336526447303
2023-10-26,CPIYOY-23OCT,2023-11-14,0,3.3051020408163265,3.3000000000000003,3.3000000000000003,0.07936507936508208,1.705865598224694,0.010892336526447303
2023-10-27,CPIYOY-23OCT,2023-11-14,0,3.3051020408163265,3.3000000000000003,3.3000000000000003,0.07936507936508208,1.705865598224694,0.010892336526447303
2023-10-28,CPIYOY-23OCT,2023-11-14,1030,3.306122448979592,3.3000000000000003,3.3000000000000003,0.124999999999997,3.1466330184274947,0.009350270720533103
2023-10-29,CPIYOY-23OCT,2023-11-14,5370,3.2928571428571427,3.3000000000000003,3.3000000000000003,-0.12727272727273473,3.149383125048332,0.010051020408163263
2023-10-30,CPIYOY-23OCT,2023-11-14,1220,3.298979591836735,3.3000000000000003,3.3000000000000003,-0.016393442622952805,2.1489418092800863,0.01071324448146605
2023-10-31,CPIYOY-23OCT,2023-11-14,1330,3.288775510204082,3.3000000000000003,3.3000000000000003,-0.2156862745098045,0.5289534452307092,0.0063025822573927436
2023-11-01,CPIYOY-23OCT,2023-11-14,0,3.288775510204082,3.3000000000000003,3.3000000000000003,-0.2156862745098045,0.5289534452307092,0.0063025822573927436
2023-11-02,CPIYOY-23OCT,2023-11-14,150,3.2867346938775515,3.3000000000000003,3.3000000000000003,-0.2653061224489851,0.7948457341424149,0.006048521449396078
2023-11-03,CPIYOY-23OCT,2023-11-14,3420,3.3020408163265307,3.3000000000000003,3.3000000000000003,0.031249999999997013,-0.5521088987419844,0.007750937109537678
2023-11-04,CPIYOY-23OCT,2023-11-14,100,3.3020408163265307,3.3000000000000003,3.3000000000000003,0.031249999999997013,-0.5521088987419844,0.007750937109537678
2023-11-05,CPIYOY-23OCT,2023-11-14,0,3.3020408163265307,3.3000000000000003,3.3000000000000003,0.031249999999997013,-0.5521088987419844,0.007750937109537678
2023-11-06,CPIYOY-23OCT,2023-11-14,0,3.3020408163265307,3.3000000000000003,3.3000000000000003,0.031249999999997013,-0.5521088987419844,0.007750937109537678
2023-11-07,CPIYOY-23OCT,2023-11-14,15,3.3000000000000003,3.3000000000000003,3.3000000000000003,0,-0.4573372397382478,0.008367346938775494
2023-11-08,CPIYOY-23OCT,2023-11-14,3002,3.298979591836735,3.3000000000000003,3.3000000000000003,-0.014925373134330176,-0.5035270051340728,0.008468346522282368
2023-11-09,CPIYOY-23OCT,2023-11-14,1,3.2969387755102044,3.3000000000000003,3.3000000000000003,-0.04347826086957051,-0.47667495721113395,0.009072261557684284
2023-11-10,CPIYOY-23OCT,2023-11-14,0,3.2969387755102044,3.3000000000000003,3.3000000000000003,-0.04347826086957051,-0.47667495721113395,0.009072261557684284
2023-11-11,CPIYOY-23OCT,2023-11-14,0,3.2969387755102044,3.3000000000000003,3.3000000000000003,-0.04347826086957051,-0.47667495721113395,0.009072261557684284
2023-11-12,CPIYOY-23NOV,2023-12-12,0,3.1714285714285717,3.2,3.2,-0.9333333333333292,-0.8696999999999924,0.002244897959183678
2023-11-12,CPIYOY-23OCT,2023-11-14,125,3.3000000000000003,3.3000000000000003,3.3000000000000003,-6.59405190383427e-15,-0.5387238749999965,0.008163265306122434
2023-11-13,CPIYOY-23NOV,2023-12-12,1647,3.130612244897959,3.1,3.1,0.3749999999999961,0.575686687437849,0.012124114952103299
2023-11-13,CPIYOY-23OCT,2023-11-14,223,3.3020408163265307,3.3000000000000003,3.3000000000000003,0.031249999999997013,-0.2756195061883906,0.008363182007496863
2023-11-14,CPIYOY-23NOV,2023-12-12,1379,3.142857142857143,3.1,3.1,0.43749999999999817,0.8332836734693863,0.015714285714285726
2023-11-14,CPIYOY-23OCT,2023-11-14,1414,3.287755102040817,3.3000000000000003,3.3000000000000003,-0.23076923076922526,0.6039881510416665,0.007197001249479375
2023-11-15,CPIYOY-23NOV,2023-12-12,461,3.135714285714286,3.1,3.1,0.40229885057471093,1.7575070712174048,0.015561224489795931
2023-11-16,CPIYOY-23NOV,2023-12-12,100,3.1346938775510207,3.1,3.1,0.3953488372093043,0.9941275399894947,0.01471470220741359
2023-11-17,CPIYOY-23NOV,2023-12-12,1,3.0867346938775513,3.1,3.1,-0.3333333333333399,3.4637367759436826,0.007681174510620583
2023-11-18,CPIYOY-23NOV,2023-12-12,0,3.0867346938775513,3.1,3.1,-0.3333333333333399,3.4637367759436826,0.007681174510620583
2023-11-19,CPIYOY-23NOV,2023-12-12,0,3.0867346938775513,3.1,3.1,-0.3333333333333399,3.4637367759436826,0.007681174510620583
2023-11-20,CPIYOY-23NOV,2023-12-12,58,3.1357142857142857,3.1,3.1,0.4022988505747159,0.9721855545311917,0.014744897959183685
2023-11-21,CPIYOY-23NOV,2023-12-12,86,3.1357142857142857,3.1,3.1,0.4022988505747159,0.9721855545311917,0.014744897959183685
2023-11-22,CPIYOY-23NOV,2023-12-12,650,3.1346938775510207,3.1,3.1,0.3953488372093043,0.9941275399894947,0.01471470220741359
2023-11-23,CPIYOY-23NOV,2023-12-12,612,3.13469387755102,3.1,3.1,0.44736842105262814,1.5196923251105572,0.013694294044148281
2023-11-24,CPIYOY-23NOV,2023-12-12,371,3.13265306122449,3.1,3.1,0.43243243243243734,1.584036900111185,0.01362765514369014
2023-11-25,CPIYOY-23NOV,2023-12-12,0,3.13265306122449,3.1,3.1,0.43243243243243734,1.584036900111185,0.01362765514369014
2023-11-26,CPIYOY-23NOV,2023-12-12,0,3.13265306122449,3.1,3.1,0.43243243243243734,1.584036900111185,0.01362765514369014
2023-11-27,CPIYOY-23NOV,2023-12-12,3962,3.111224489795918,3.1,3.1,0.15942028985507264,-0.027883939234942368,0.009567888379841748
2023-11-28,CPIYOY-23NOV,2023-12-12,812,3.109183673469388,3.1,3.1,0.14754098360656082,0.35655287840767347,0.008793211162015842
2023-11-29,CPIYOY-23NOV,2023-12-12,414,3.110204081632653,3.1,3.1,0.17241379310345392,0.6027977627629086,0.008467305289462738
2023-11-30,CPIYOY-23NOV,2023-12-12,1056,3.1091836734693876,3.1,3.1,0.13846153846153497,0.11501203173504848,0.009201374427321966
2023-12-01,CPIYOY-23NOV,2023-12-12,0,3.1091836734693876,3.1,3.1,0.13846153846153497,0.11501203173504848,0.009201374427321966
2023-12-02,CPIYOY-23NOV,2023-12-12,2,3.111224489795919,3.1,3.1,0.1641791044776121,0.07854399438441684,0.009363806747188688
2023-12-03,CPIYOY-23NOV,2023-12-12,0,3.111224489795919,3.1,3.1,0.1641791044776121,0.07854399438441684,0.009363806747188688
2023-12-04,CPIYOY-23NOV,2023-12-12,5,3.105102040816327,3.1,3.1,0.0819672131147568,0.21551294959784384,0.008851520199916717
2023-12-05,CPIYOY-23NOV,2023-12-12,101,3.109183673469388,3.1,3.1,0.13846153846154166,0.10314246262569071,0.008793211162015842
2023-12-06,CPIYOY-23NOV,2023-12-12,0,3.109183673469388,3.1,3.1,0.13846153846154166,0.10314246262569071,0.008793211162015842
2023-12-07,CPIYOY-23NOV,2023-12-12,240,3.1,3.1,3.1,0,0.31532840236686344,0.007959183673469402
2023-12-08,CPIYOY-23NOV,2023-12-12,150,3.0989795918367347,3.1,3.1,-0.01886792452830415,-0.8642526692191437,0.005611203665139536
2023-12-09,CPIYOY-23NOV,2023-12-12,0,3.0989795918367347,3.1,3.1,-0.01886792452830415,-0.8642526692191437,0.005611203665139536
2023-12-10,CPIYOY-23NOV,2023-12-12,387,3.092857142857143,3.1,3.1,-0.1489361702127653,-0.9374725286160253,0.004744897959183682
2023-12-11,CPIYOY-23NOV,2023-12-12,2403,3.095918367346939,3.1,3.1,-0.08000000000000089,-1.0723558071585109,0.005085381091212005
2023-12-12,CPIYOY-23DEC,2024-01-11,100,3.2653061224489797,3.3000000000000003,3.3000000000000003,-0.999999999999992,-1.6145277573529497,0.002265722615576847
2023-12-12,CPIYOY-23NOV,2023-12-12,1243,3.089795918367347,3.1,3.1,-0.22727272727273476,-0.7831224852071004,0.004385672636401506
2023-12-13,CPIYOY-23DEC,2024-01-11,715,3.2653061224489797,3.3000000000000003,3.3000000000000003,-0.999999999999992,-1.6145277573529497,0.002265722615576847
2023-12-14,CPIYOY-23DEC,2024-01-11,17,3.1153061224489798,3.1,3.2,0.23809523809523214,-1.3706489179966166,0.006194294044148282
2023-12-15,CPIYOY-23DEC,2024-01-11,73,3.267346938775511,3.3000000000000003,3.3000000000000003,-0.9999999999999839,0.753303840000052,0.0028113286130778893
2023-12-16,CPIYOY-23DEC,2024-01-11,2,3.225510204081633,3.2500000000000004,3.3000000000000003,0.3424657534246569,-1.3824509563104554,0.006798209079550199
2023-12-17,CPIYOY-23DEC,2024-01-11,101,3.240816326530612,3.3000000000000003,3.3000000000000003,-0.9999999999999999,-1.083572944956717,0.007313619325281145
2023-12-18,CPIYOY-23DEC,2024-01-11,1948,3.209183673469388,3.2,3.2,0.19148936170212288,-0.9253071837318747,0.00471157850895461
2023-12-19,CPIYOY-23DEC,2024-01-11,28,3.23265306122449,3.3000000000000003,3.3000000000000003,-0.9999999999999947,-1.1137623663198035,0.006076634735526875
2023-12-20,CPIYOY-23DEC,2024-01-11,3,3.227551020408163,3.3000000000000003,3.3000000000000003,-0.9999999999999973,-1.3648013219666688,0.006894002498958779
2023-12-21,CPIYOY-23DEC,2024-01-11,34,3.2,3.3000000000000003,3.3000000000000003,-1,-1.1302305599999996,0.015306122448979618
2023-12-22,CPIYOY-23DEC,2024-01-11,70,3.2336734693877554,3.3000000000000003,3.3000000000000003,-0.9999999999999993,-1.059092295269332,0.005906913785922543
2023-12-23,CPIYOY-23DEC,2024-01-11,1085,3.251020408163266,3.3000000000000003,3.3000000000000003,-1.000000000000002,-0.22055245122870737,0.004335693461057901
2023-12-24,CPIYOY-23DEC,2024-01-11,913,3.2551020408163267,3.3000000000000003,3.3000000000000003,-1.000000000000001,0.04806708585511421,0.004106622240733035
2023-12-25,CPIYOY-23DEC,2024-01-11,1,3.248979591836735,3.3000000000000003,3.3000000000000003,-0.999999999999998,2.6867911533408204,0.006580591420241577
2023-12-26,CPIYOY-23DEC,2024-01-11,160,3.239795918367347,3.3000000000000003,3.3000000000000003,-1.0000000000000018,0.6027803013696951,0.008314244064972942
2023-12-27,CPIYOY-23DEC,2024-01-11,336,3.246938775510204,3.3000000000000003,3.3000000000000003,-1.0000000000000027,-0.57080194887336555,0.0057559350270720636
2023-12-28,CPIYOY-23DEC,2024-01-11,66,3.24795918367347,3.3000000000000003,3.3000000000000003,-1.0000000000000004,-0.5199306866553925,0.005761141191170356
2023-12-29,CPIYOY-23DEC,2024-01-11,1112,3.2448979591836737,3.3000000000000003,3.3000000000000003,-0.999999999999999,-0.6322877421031419,0.005535193669304467
2023-12-30,CPIYOY-23DEC,2024-01-11,0,3.2448979591836737,3.3000000000000003,3.3000000000000003,-0.999999999999999,-0.6322877421031419,0.005535193669304467
2023-12-31,CPIYOY-23DEC,2024-01-11,525,3.258163265306123,3.3000000000000003,3.3000000000000003,-0.9999999999999926,0.1988489201387864,0.0036578508954602314
2024-01-01,CPIYOY-23DEC,2024-01-11,66,3.258163265306123,3.3000000000000003,3.3000000000000003,-0.9999999999999926,0.1988489201387864,0.0036578508954602314
2024-01-02,CPIYOY-23DEC,2024-01-11,35,3.245918367346939,3.3000000000000003,3.3000000000000003,-1.0000000000000049,-0.5584219374833821,0.005340483132028332
2024-01-03,CPIYOY-23DEC,2024-01-11,485,3.2540816326530617,3.3000000000000003,3.3000000000000003,-0.9999999999999941,-0.04953501982719066,0.005136401499375269
2024-01-04,CPIYOY-23DEC,2024-01-11,707,3.268367346938776,3.3000000000000003,3.3000000000000003,-0.9999999999999934,1.2688671453813711,0.002978967097042904
2024-01-05,CPIYOY-23DEC,2024-01-11,7,3.259183673469388,3.3000000000000003,3.3000000000000003,-0.9999999999999891,0.39283414561852714,0.005068721366097468
2024-01-06,CPIYOY-23DEC,2024-01-11,43,3.260204081632653,3.3000000000000003,3.3000000000000003,-0.9999999999999972,0.5277266183793285,0.004844856309870895
2024-01-07,CPIYOY-23DEC,2024-01-11,454,3.2581632653061225,3.3000000000000003,3.3000000000000003,-0.9999999999999926,1.7829574812571627,0.005698667221990848
2024-01-08,CPIYOY-23DEC,2024-01-11,100,3.2632653061224492,3.3000000000000003,3.3000000000000003,-0.7826086956521641,1.3083723753845984,0.006609745939192009
2024-01-09,CPIYOY-23DEC,2024-01-11,120,3.257142857142857,3.3000000000000003,3.3000000000000003,-0.8076923076923044,0.8258999999999888,0.006734693877551026
2024-01-10,CPIYOY-23DEC,2024-01-11,2778,3.269387755102041,3.3000000000000003,3.3000000000000003,-0.6521739130434813,1.8702183380921857,0.006001665972511455
2024-01-11,CPIYOY-23DEC,2024-01-11,1838,3.2744897959183676,3.3000000000000003,3.3000000000000003,-0.6097560975609749,0.7301551521379013,0.005165556018325698
2024-01-14,CPIYOY-24JAN,2024-02-13,255,2.9469387755102043,2.9,2.9,0.6216216216216256,-0.4369385162955117,0.010449812578092474
2024-01-15,CPIYOY-24JAN,2024-02-13,319,2.9255102040816325,2.9,2.9,0.6097560975609853,2.7445830185258124,0.00659412744689713
2024-01-16,CPIYOY-24JAN,2024-02-13,865,2.9122448979591837,2.9,2.9,0.2608695652173943,2.3948016475540506,0.007605164514785512
2024-01-17,CPIYOY-24JAN,2024-02-13,772,2.9489795918367343,2.9,2.9,0.6315789473684227,0.9334260694108893,0.014335693461057895
2024-01-18,CPIYOY-24JAN,2024-02-13,27,2.9571428571428573,2.9,2.9,0.6666666666666641,0.6623736734693741,0.014285714285714289
2024-01-19,CPIYOY-24JAN,2024-02-13,204,2.95,2.9,2.9,0.6363636363636392,-0.395129621994907,0.010051020408163277
2024-01-20,CPIYOY-24JAN,2024-02-13,0,2.95,2.9,2.9,0.6363636363636392,-0.395129621994907,0.010051020408163277
2024-01-21,CPIYOY-24JAN,2024-02-13,0,2.95,2.9,2.9,0.6363636363636392,-0.395129621994907,0.010051020408163277
2024-01-22,CPIYOY-24JAN,2024-02-13,5,2.95,2.9,2.9,0.6363636363636392,-0.395129621994907,0.010051020408163277
2024-01-23,CPIYOY-24JAN,2024-02-13,20,2.954081632653061,2.9,2.9,0.7260273972602717,-0.23929141571455048,0.009218034152436494
2024-01-24,CPIYOY-24JAN,2024-02-13,44,2.9551020408163264,2.9,2.9,0.7499999999999993,-0.2000315030623181,0.009004581424406508
2024-01-25,CPIYOY-24JAN,2024-02-13,660,2.9275510204081634,2.9,2.9,0.5999999999999945,-0.1839688272322535,0.004240941274468979
2024-01-26,CPIYOY-24JAN,2024-02-13,67,2.919387755102041,2.9,2.9,0.5135135135135163,0.43435943534184185,0.0038077884214910524
2024-01-27,CPIYOY-24JAN,2024-02-13,0,2.919387755102041,2.9,2.9,0.5135135135135163,0.43435943534184185,0.0038077884214910524
2024-01-28,CPIYOY-24JAN,2024-02-13,537,2.919387755102041,2.9,2.9,0.5135135135135163,0.43435943534184185,0.0038077884214910524
2024-01-29,CPIYOY-24JAN,2024-02-13,0,2.919387755102041,2.9,2.9,0.5135135135135163,0.43435943534184185,0.0038077884214910524
2024-01-30,CPIYOY-24JAN,2024-02-13,233,2.924489795918367,2.9,2.9,0.5714285714285573,3.444575135999991,0.005726780508121618
2024-01-31,CPIYOY-24JAN,2024-02-13,376,2.941836734693877,2.9,2.9,0.6949152542372833,1.5655144512040469,0.006310912119950025
2024-02-01,CPIYOY-24JAN,2024-02-13,960,2.956122448979592,2.9,2.9,0.7746478873239446,-0.16116072516479774,0.008789046230737202
2024-02-02,CPIYOY-24JAN,2024-02-13,611,2.9448979591836735,2.9,2.9,0.7586206896551735,1.6294916716240202,0.006147438567263643
2024-02-03,CPIYOY-24JAN,2024-02-13,140,2.9377551020408164,2.9,2.9,0.7254901960784331,2.3178758734159297,0.005819450229071223
2024-02-04,CPIYOY-24JAN,2024-02-13,0,2.9377551020408164,2.9,2.9,0.7254901960784331,2.3178758734159297,0.005819450229071223
2024-02-05,CPIYOY-24JAN,2024-02-13,4440,2.9520408163265306,2.9,2.9,0.6986301369863017,1.3067104053945942,0.01188359017076219
2024-02-06,CPIYOY-24JAN,2024-02-13,608,2.951020408163265,2.9,2.9,0.86206896551724,4.472899771376295,0.00841732611411912
2024-02-07,CPIYOY-24JAN,2024-02-13,1446,2.973469387755102,3,2.9,-0.37142857142857255,2.1342414509625325,0.009296126613910875
2024-02-08,CPIYOY-24JAN,2024-02-13,1143,2.969387755102041,3,3,-0.4054054054054071,1.6614082284252918,0.010287380258225747
2024-02-09,CPIYOY-24JAN,2024-02-13,1015,2.956122448979592,2.9,2.9,0.7971014492753635,3.1920962643201136,0.00919720949604332
2024-02-10,CPIYOY-24JAN,2024-02-13,3197,2.9571428571428573,2.9,2.9,0.8000000000000028,5.649932039871816,0.01081632653061225
2024-02-11,CPIYOY-24FEB,2024-03-12,0,3.0051020408163267,3,3.1,0.060240963855418425,-1.8317841341658843,0.008443356934610593
2024-02-11,CPIYOY-24JAN,2024-02-13,808,2.962244897959183,2.9,2.9,0.8133333333333324,4.175985921274396,0.011737817576010003
2024-02-12,CPIYOY-24FEB,2024-03-12,0,3.0051020408163267,3,3.1,0.060240963855418425,-1.8317841341658843,0.008443356934610593
2024-02-12,CPIYOY-24JAN,2024-02-13,4598,2.977551020408163,3,3,-0.34374999999999367,2.643571398100793,0.008475635152019996
2024-02-13,CPIYOY-24FEB,2024-03-12,3621,2.9938775510204083,3.0000000000000004,3.1,-0.058823529411767585,-0.4486623506696743,0.017513536026655546
2024-02-13,CPIYOY-24JAN,2024-02-13,1744,2.975510204081633,3,3,-0.37499999999999745,4.5705177070118115,0.010828821324448155
2024-02-14,CPIYOY-24FEB,2024-03-12,603,3.007142857142857,3.0000000000000004,3.0000000000000004,0.06086956521739112,-0.7938860912542793,0.021479591836734677
2024-02-15,CPIYOY-24FEB,2024-03-12,425,3.0316326530612248,3.0000000000000004,3.2,0.22302158273381179,-1.0933270247316726,0.02848917117867554
2024-02-16,CPIYOY-24FEB,2024-03-12,0,3.0316326530612248,3.0000000000000004,3.2,0.22302158273381179,-1.0933270247316726,0.02848917117867554
2024-02-17,CPIYOY-24FEB,2024-03-12,13,2.991836734693878,3.0000000000000004,3.1,-0.08000000000000103,-0.3794854874571625,0.01625989171178674
2024-02-18,CPIYOY-24FEB,2024-03-12,0,2.991836734693878,3.0000000000000004,3.1,-0.08000000000000103,-0.3794854874571625,0.01625989171178674
2024-02-19,CPIYOY-24FEB,2024-03-12,1,3.0173469387755105,3.0000000000000004,2.9000000000000004,0.1359999999999991,-0.7593913571327366,0.02490316534777175
2024-02-20,CPIYOY-24FEB,2024-03-12,0,3.0173469387755105,3.0000000000000004,2.9000000000000004,0.1359999999999991,-0.7593913571327366,0.02490316534777175
2024-02-21,CPIYOY-24FEB,2024-03-12,0,3.0173469387755105,3.0000000000000004,2.9000000000000004,0.1359999999999991,-0.7593913571327366,0.02490316534777175
2024-02-22,CPIYOY-24FEB,2024-03-12,0,3.0173469387755105,3.0000000000000004,2.9000000000000004,0.1359999999999991,-0.7593913571327366,0.02490316534777175
2024-02-23,CPIYOY-24FEB,2024-03-12,10,2.991836734693878,3.0000000000000004,3.1,-0.08000000000000103,-0.3794854874571625,0.01625989171178674
2024-02-24,CPIYOY-24FEB,2024-03-12,0,2.991836734693878,3.0000000000000004,3.1,-0.08000000000000103,-0.3794854874571625,0.01625989171178674
2024-02-25,CPIYOY-24FEB,2024-03-12,616,2.9959183673469387,3.0000000000000004,3.1,-0.038461538461538956,-0.07350411300028137,0.018350687213660958
2024-02-26,CPIYOY-24FEB,2024-03-12,125,2.995918367346939,3.0000000000000004,3.1,-0.038461538461543154,-0.4072694069469982,0.016105789254477282
2024-02-27,CPIYOY-24FEB,2024-03-12,26,2.996938775510204,3.0000000000000004,3.1,-0.028571428571432054,-0.4238432320681276,0.016419200333194484
2024-02-28,CPIYOY-24FEB,2024-03-12,2803,3.1377551020408165,3.1,3.1,0.8222222222222147,3.373765246174548,0.005819450229071226
2024-02-29,CPIYOY-24FEB,2024-03-12,517,3.1642857142857146,3.2,3.2,-0.5384615384615362,0.6942685830692561,0.007193877551020414
2024-03-01,CPIYOY-24FEB,2024-03-12,230,3.1816326530612247,3.2,3.2,-0.33333333333333315,0.5947401384083033,0.007009579341940863
2024-03-02,CPIYOY-24FEB,2024-03-12,138,3.1857142857142855,3.2,3.2,-0.27999999999999875,0.7439820000000092,0.006122448979591844
2024-03-03,CPIYOY-24FEB,2024-03-12,200,3.1867346938775514,3.2,3.2,-0.2653061224489848,0.7948457341424153,0.006048521449396093
2024-03-04,CPIYOY-24FEB,2024-03-12,697,3.1571428571428575,3.2,3.2,-0.5526315789473665,-0.15924140625000094,0.009795918367346935
2024-03-05,CPIYOY-24FEB,2024-03-12,1025,3.1724489795918376,3.2,3.2,-0.4426229508196682,0.5059087438170771,0.007098084131611836
2024-03-06,CPIYOY-24FEB,2024-03-12,717,3.158163265306123,3.2,3.2,-0.5942028985507207,-0.4213053783535088,0.007943565181174507
2024-03-07,CPIYOY-24FEB,2024-03-12,0,3.158163265306123,3.2,3.2,-0.5942028985507207,-0.4213053783535088,0.007943565181174507
2024-03-08,CPIYOY-24FEB,2024-03-12,1738,3.1836734693877555,3.2,3.2,-0.38095238095238526,0.4031558156905133,0.004427321949187844
2024-03-09,CPIYOY-24FEB,2024-03-12,20,3.175510204081633,3.2,3.2,-0.479999999999997,0.35455454261092,0.006543107038733858
2024-03-10,CPIYOY-24FEB,2024-03-12,0,3.175510204081633,3.2,3.2,-0.479999999999997,0.35455454261092,0.006543107038733858
2024-03-11,CPIYOY-24FEB,2024-03-12,8201,3.1979591836734698,3.2,3.2,-0.04999999999999512,4.731896566402905,0.007342773844231582
2024-03-11,CPIYOY-24MAR,2024-04-10,422,3.2928571428571427,3.3,3.3,-0.7777777777778232,14.08841020408159,0.0010714285714285717
2024-03-12,CPIYOY-24FEB,2024-03-12,728,3.1867346938775514,3.2,3.2,-0.3714285714285789,2.499679512352049,0.005028113286130779
2024-03-12,CPIYOY-24MAR,2024-04-10,2156,3.2918367346938773,3.3,3.3,-1.0000000000000118,16.586282067466183,9.537692628071637e-4
2024-03-13,CPIYOY-24MAR,2024-04-10,3257,3.35,3.4,3.4,-0.6363636363636336,-0.3154579939189426,0.00882653061224491
2024-03-14,CPIYOY-24MAR,2024-04-10,0,3.35,3.4,3.4,-0.6363636363636336,-0.3154579939189426,0.00882653061224491
2024-03-15,CPIYOY-24MAR,2024-04-10,0,3.35,3.4,3.4,-0.6363636363636336,-0.3154579939189426,0.00882653061224491
2024-03-16,CPIYOY-24MAR,2024-04-10,0,3.35,3.4,3.4,-0.6363636363636336,-0.3154579939189426,0.00882653061224491
2024-03-17,CPIYOY-24MAR,2024-04-10,0,3.35,3.4,3.4,-0.6363636363636336,-0.3154579939189426,0.00882653061224491
2024-03-18,CPIYOY-24MAR,2024-04-10,1059,3.343877551020408,3.4,3.3,-0.6626506024096397,0.20303294375455883,0.01144210745522699
2024-03-19,CPIYOY-24MAR,2024-04-10,0,3.343877551020408,3.4,3.3,-0.6626506024096397,0.20303294375455883,0.01144210745522699
2024-03-20,CPIYOY-24MAR,2024-04-10,400,3.3448979591836734,3.4,3.3,-0.6428571428571425,0.15300859482428297,0.011657642648896294
2024-03-21,CPIYOY-24MAR,2024-04-10,0,3.3448979591836734,3.4,3.3,-0.6428571428571425,0.15300859482428297,0.011657642648896294
2024-03-22,CPIYOY-24MAR,2024-04-10,1000,3.3377551020408163,3.4,3.4,-0.7922077922077914,0.5341953640270471,0.010105164514785506
2024-03-23,CPIYOY-24MAR,2024-04-10,1,3.3571428571428568,3.4,3.3,-0.7241379310344794,-0.428249999999994,0.004489795918367356
2024-03-24,CPIYOY-24MAR,2024-04-10,0,3.3571428571428568,3.4,3.3,-0.7241379310344794,-0.428249999999994,0.004489795918367356
2024-03-25,CPIYOY-24MAR,2024-04-10,55,3.354081632653061,3.3,3.3,0.9298245614035059,-0.3875106470116916,0.004524156601416084
2024-03-26,CPIYOY-24MAR,2024-04-10,2456,3.3479591836734692,3.3,3.3,0.7704918032786882,-0.33991366871080464,0.005352977925864233
2024-03-27,CPIYOY-24MAR,2024-04-10,0,3.3479591836734692,3.3,3.3,0.7704918032786882,-0.33991366871080464,0.005352977925864233
2024-03-28,CPIYOY-24MAR,2024-04-10,1,3.331632653061224,3.3,3.4,0.4025974025974058,0.3136809339559279,0.01012182423990004
2024-03-29,CPIYOY-24MAR,2024-04-10,0,3.331632653061224,3.3,3.4,0.4025974025974058,0.3136809339559279,0.01012182423990004
2024-03-30,CPIYOY-24MAR,2024-04-10,51,3.341836734693877,3.3,3.3,0.47126436781609365,-0.15971627381720532,0.01243336109954186
2024-03-31,CPIYOY-24MAR,2024-04-10,0,3.341836734693877,3.3,3.3,0.47126436781609365,-0.15971627381720532,0.01243336109954186
2024-04-01,CPIYOY-24MAR,2024-04-10,0,3.341836734693877,3.3,3.3,0.47126436781609365,-0.15971627381720532,0.01243336109954186
2024-04-02,CPIYOY-24MAR,2024-04-10,240,3.3244897959183675,3.3,3.3,0.3428571428571468,0.3046580432471906,0.00980841316118284
2024-04-03,CPIYOY-24MAR,2024-04-10,490,3.314285714285714,3.3,3.3,0.23333333333333242,0.48625199999999236,0.009183673469387754
2024-04-04,CPIYOY-24MAR,2024-04-10,29013,3.371428571428571,3.4,3.4,-0.6363636363636336,0.04697755102040224,0.004285714285714293
2024-04-05,CPIYOY-24MAR,2024-04-10,895,3.3683673469387756,3.4,3.4,-0.5254237288135633,0.48855824208323373,0.007060599750104136
2024-04-06,CPIYOY-24MAR,2024-04-10,0,3.3683673469387756,3.4,3.4,-0.5254237288135633,0.48855824208323373,0.007060599750104136
2024-04-07,CPIYOY-24MAR,2024-04-10,3860,3.380612244897959,3.4,3.4,-0.3877551020408095,0.6344345132418345,0.006460849645980854
2024-04-08,CPIYOY-24MAR,2024-04-10,550,3.380612244897959,3.4,3.4,-0.3877551020408095,0.38871180320575593,0.005236359850062484
2024-04-09,CPIYOY-24MAR,2024-04-10,418,3.3755102040816327,3.4,3.4,-0.4444444444444413,0.3431128197222004,0.006543107038733873
2024-04-10,CPIYOY-24MAR,2024-04-10,5791,3.372448979591837,3.4,3.4,-0.5094339622641463,0.5108835432223704,0.0062817576009995945
2024-04-15,CPIYOY-24APR,2024-05-15,67,3.4520408163265306,3.4,3.4,0.8644067796610173,-0.49787499036072225,0.0059652228238234175
2024-04-16,CPIYOY-24APR,2024-05-15,706,3.5377551020408164,3.5,3.5,0.5068493150684887,0.1488509717429749,0.009901082882132444
2024-04-17,CPIYOY-24APR,2024-05-15,0,3.5377551020408164,3.5,3.5,0.5068493150684887,0.1488509717429749,0.009901082882132444
2024-04-18,CPIYOY-24APR,2024-05-15,90,3.5346938775510206,3.5,3.5,0.48571428571428826,0.3396432410065362,0.009204498125780926
2024-04-19,CPIYOY-24APR,2024-05-15,632,3.5418367346938773,3.5,3.5,0.532467532467529,-0.024811821262813893,0.010596626405664302
2024-04-20,CPIYOY-24APR,2024-05-15,0,3.5418367346938773,3.5,3.5,0.532467532467529,-0.024811821262813893,0.010596626405664302
2024-04-21,CPIYOY-24APR,2024-05-15,760,3.5336734693877547,3.5,3.5,0.4782608695652184,0.00547363241456944,0.010396709704289875
2024-04-22,CPIYOY-24APR,2024-05-15,4997,3.48265306122449,3.4499999999999997,3.4,-0.19101123595505468,-0.9912842963521609,0.010617451062057486
2024-04-23,CPIYOY-24APR,2024-05-15,0,3.48265306122449,3.4499999999999997,3.4,-0.19101123595505468,-0.9912842963521609,0.010617451062057486
2024-04-24,CPIYOY-24APR,2024-05-15,2,3.510204081632653,3.5,3.5,0.1612903225806435,-0.1292515067604154,0.008059142024156607
2024-04-25,CPIYOY-24APR,2024-05-15,0,3.510204081632653,3.5,3.5,0.1612903225806435,-0.1292515067604154,0.008059142024156607
2024-04-26,CPIYOY-24APR,2024-05-15,0,3.510204081632653,3.5,3.5,0.1612903225806435,-0.1292515067604154,0.008059142024156607
2024-04-27,CPIYOY-24APR,2024-05-15,115,3.510204081632653,3.5,3.5,0.1612903225806435,-0.1292515067604154,0.008059142024156607
2024-04-28,CPIYOY-24APR,2024-05-15,0,3.510204081632653,3.5,3.5,0.1612903225806435,-0.1292515067604154,0.008059142024156607
2024-04-29,CPIYOY-24APR,2024-05-15,0,3.510204081632653,3.5,3.5,0.1612903225806435,-0.1292515067604154,0.008059142024156607
2024-04-30,CPIYOY-24APR,2024-05-15,1870,3.444897959183673,3.4,3.4,0.8461538461538475,1.2584972703818549,0.008188254893794256
2024-05-01,CPIYOY-24APR,2024-05-15,1835,3.446938775510204,3.4,3.4,0.7419354838709659,0.2628504184616576,0.01044981257809247
2024-05-02,CPIYOY-24APR,2024-05-15,138,3.484693877551021,3.5,3.5,-0.1851851851851806,-0.2811780253346048,0.011704498125780933
2024-05-03,CPIYOY-24APR,2024-05-15,735,3.481632653061225,3.5,3.4,-0.21428571428571416,-0.33152810960913826,0.011907538525614336
2024-05-04,CPIYOY-24APR,2024-05-15,0,3.481632653061225,3.5,3.4,-0.21428571428571416,-0.33152810960913826,0.011907538525614336
2024-05-05,CPIYOY-24APR,2024-05-15,0,3.481632653061225,3.5,3.4,-0.21428571428571416,-0.33152810960913826,0.011907538525614336
2024-05-06,CPIYOY-24APR,2024-05-15,41747,3.4285714285714284,3.4,3.4,0.3888888888888876,0.43623240997231116,0.011632653061224487
2024-05-07,CPIYOY-24APR,2024-05-15,2185,3.4275510204081634,3.4,3.4,0.40298507462686906,0.9242847384057389,0.010567471886713866
2024-05-08,CPIYOY-24APR,2024-05-15,1211,3.439795918367347,3.4,3.4,0.4936708860759485,-0.31645124034233296,0.01096730528946272
2024-05-09,CPIYOY-24APR,2024-05-15,3101,3.442857142857143,3.4,3.4,0.7241379310344799,1.1802804236669013,0.007551020408163268
2024-05-10,CPIYOY-24APR,2024-05-15,460,3.462244897959184,3.5,3.5,-0.38947368421052764,-1.0693384008026252,0.01418679716784672
2024-05-11,CPIYOY-24APR,2024-05-15,1351,3.4479591836734693,3.4,3.4,0.7704918032786885,0.6529164294131431,0.008210120783007086
2024-05-12,CPIYOY-24APR,2024-05-15,334,3.4551020408163264,3.4,3.4,0.7941176470588229,-0.5248121407885962,0.009208663057059566
2024-05-13,CPIYOY-24APR,2024-05-15,1117,3.4408163265306126,3.4,3.4,0.7407407407407494,0.24598055201628544,0.0062932111620158295
2024-05-13,CPIYOY-24MAY,2024-06-12,0,3.4938775510204083,3.5,3.4,-0.076923076923075,-0.7114449712358781,0.009758433985839235
2024-05-14,CPIYOY-24APR,2024-05-15,6819,3.4306122448979592,3.4,3.4,0.42857142857143077,1.2050664915522695,0.01253227821740941
2024-05-14,CPIYOY-24MAY,2024-06-12,0,3.4938775510204083,3.5,3.4,-0.076923076923075,-0.7114449712358781,0.009758433985839235
2024-05-15,CPIYOY-24APR,2024-05-15,40088,3.4591836734693873,3.4,3.4,0.8055555555555558,-0.14831830032722282,0.008742190753852568
2024-05-15,CPIYOY-24MAY,2024-06-12,0,3.4938775510204083,3.5,3.4,-0.076923076923075,-0.7114449712358781,0.009758433985839235
2024-05-16,CPIYOY-24MAY,2024-06-12,640,3.4602040816326527,3.5,3.5,-0.866666666666664,-0.9769051532884938,0.0030081216159933417
2024-05-17,CPIYOY-24MAY,2024-06-12,0,3.4602040816326527,3.5,3.5,-0.866666666666664,-0.9769051532884938,0.0030081216159933417
2024-05-18,CPIYOY-24MAY,2024-06-12,0,3.4602040816326527,3.5,3.5,-0.866666666666664,-0.9769051532884938,0.0030081216159933417
2024-05-19,CPIYOY-24MAY,2024-06-12,0,3.4602040816326527,3.5,3.5,-0.866666666666664,-0.9769051532884938,0.0030081216159933417
2024-05-20,CPIYOY-24MAY,2024-06-12,0,3.4602040816326527,3.5,3.5,-0.866666666666664,-0.9769051532884938,0.0030081216159933417
2024-05-21,CPIYOY-24MAY,2024-06-12,0,3.4602040816326527,3.5,3.5,-0.866666666666664,-0.9769051532884938,0.0030081216159933417
2024-05-22,CPIYOY-24MAY,2024-06-12,0,3.4602040816326527,3.5,3.5,-0.866666666666664,-0.9769051532884938,0.0030081216159933417
2024-05-23,CPIYOY-24MAY,2024-06-12,0,3.4602040816326527,3.5,3.5,-0.866666666666664,-0.9769051532884938,0.0030081216159933417
2024-05-24,CPIYOY-24MAY,2024-06-12,3680,3.319387755102041,3.3000000000000003,3.3000000000000003,0.2134831460674172,0.8802527762780299,0.016664931278633888
2024-05-25,CPIYOY-24MAY,2024-06-12,12,3.4377551020408164,3.5,3.5,-0.7530864197530868,-0.6760565446807592,0.012758225739275281
2024-05-26,CPIYOY-24MAY,2024-06-12,400,3.4387755102040813,3.5,3.5,-0.7499999999999987,-0.7085765281033143,0.012374010828821305
2024-05-27,CPIYOY-24MAY,2024-06-12,95,3.3265306122448983,3.3000000000000003,3.3000000000000003,0.27659574468085224,2.1345754199075353,0.0201124531445231
2024-05-28,CPIYOY-24MAY,2024-06-12,2601,3.3540816326530614,3.3000000000000003,3.3000000000000003,0.5353535353535345,1.2612360502051265,0.019830279050395652
2024-05-29,CPIYOY-24MAY,2024-06-12,101,3.361224489795919,3.3000000000000003,3.3000000000000003,0.5660377358490556,0.5950717729581751,0.021557684298209062
2024-05-30,CPIYOY-24MAY,2024-06-12,1761,3.395918367346939,3.4,3.4,-0.04347826086956105,1.295413256852143,0.016718034152436473
2024-05-31,CPIYOY-24MAY,2024-06-12,800,3.3979591836734695,3.4,3.4,-0.022222222222220093,1.316911437533813,0.01611828404831319
2024-06-01,CPIYOY-24MAY,2024-06-12,15,3.4,3.4,3.3000000000000003,0,1.1571554062500145,0.016326530612244886
2024-06-02,CPIYOY-24MAY,2024-06-12,0,3.4,3.4,3.3000000000000003,0,1.1571554062500145,0.016326530612244886
2024-06-03,CPIYOY-24MAY,2024-06-12,0,3.4,3.4,3.3000000000000003,0,1.1571554062500145,0.016326530612244886
2024-06-04,CPIYOY-24MAY,2024-06-12,4825,3.36734693877551,3.4,3.4,-0.3999999999999946,-0.6283952220149449,0.01015826738858807
2024-06-05,CPIYOY-24MAY,2024-06-12,410,3.373469387755102,3.4,3.3000000000000003,-0.3714285714285735,-0.2846385341172928,0.007867555185339423
2024-06-06,CPIYOY-24MAY,2024-06-12,840,3.366326530612245,3.4,3.4,-0.45205479452054376,-0.262083870129707,0.008764056643065371
2024-06-07,CPIYOY-24MAY,2024-06-12,6087,3.378571428571429,3.4,3.3000000000000003,-0.27999999999999353,-1.1161559999999975,0.008418367346938757
2024-06-08,CPIYOY-24MAY,2024-06-12,741,3.3979591836734695,3.4,3.4,-0.023255813953491206,1.720374392412852,0.015097875885047882
2024-06-09,CPIYOY-24MAY,2024-06-12,34,3.3979591836734695,3.4,3.4,-0.023255813953491206,1.720374392412852,0.015097875885047882
2024-06-10,CPIYOY-24MAY,2024-06-12,11819,3.36734693877551,3.4,3.4,-0.5000000000000003,0.015294320314723553,0.00689296126613909
2024-06-11,CPIYOY-24JUN,2024-07-11,0,3.451020408163265,3.4,3.4,0.9999999999999989,2.97768544731427,0.010866305705955847
2024-06-11,CPIYOY-24MAY,2024-06-12,2658,3.3765306122448977,3.4,3.4,-0.3898305084745725,-0.09789056991848266,0.0062859225322782
2024-06-12,CPIYOY-24JUN,2024-07-11,0,3.451020408163265,3.4,3.4,0.9999999999999989,2.97768544731427,0.010866305705955847
2024-06-12,CPIYOY-24MAY,2024-06-12,4052,3.373469387755102,3.4,3.4,-0.4062499999999954,0.00530631362241385,0.0076634735526863625
2024-06-13,CPIYOY-24JUN,2024-07-11,2,3.4061224489795916,3.4,3.3,0.06382978723404098,1.059699658011163,0.017921699291961687
2024-06-14,CPIYOY-24JUN,2024-07-11,0,3.4061224489795916,3.4,3.3,0.06382978723404098,1.059699658011163,0.017921699291961687
2024-06-15,CPIYOY-24JUN,2024-07-11,0,3.4061224489795916,3.4,3.3,0.06382978723404098,1.059699658011163,0.017921699291961687
2024-06-16,CPIYOY-24JUN,2024-07-11,0,3.4061224489795916,3.4,3.3,0.06382978723404098,1.059699658011163,0.017921699291961687
2024-06-17,CPIYOY-24JUN,2024-07-11,0,3.4061224489795916,3.4,3.3,0.06382978723404098,1.059699658011163,0.017921699291961687
2024-06-18,CPIYOY-24JUN,2024-07-11,0,3.4061224489795916,3.4,3.3,0.06382978723404098,1.059699658011163,0.017921699291961687
2024-06-19,CPIYOY-24JUN,2024-07-11,0,3.4061224489795916,3.4,3.3,0.06382978723404098,1.059699658011163,0.017921699291961687
2024-06-20,CPIYOY-24JUN,2024-07-11,0,3.4061224489795916,3.4,3.3,0.06382978723404098,1.059699658011163,0.017921699291961687
2024-06-21,CPIYOY-24JUN,2024-07-11,0,3.4061224489795916,3.4,3.3,0.06382978723404098,1.059699658011163,0.017921699291961687
2024-06-22,CPIYOY-24JUN,2024-07-11,0,3.4061224489795916,3.4,3.3,0.06382978723404098,1.059699658011163,0.017921699291961687
2024-06-23,CPIYOY-24JUN,2024-07-11,0,3.4061224489795916,3.4,3.3,0.06382978723404098,1.059699658011163,0.017921699291961687
2024-06-24,CPIYOY-24JUN,2024-07-11,0,3.4061224489795916,3.4,3.3,0.06382978723404098,1.059699658011163,0.017921699291961687
2024-06-25,CPIYOY-24JUN,2024-07-11,0,3.4061224489795916,3.4,3.3,0.06382978723404098,1.059699658011163,0.017921699291961687
2024-06-26,CPIYOY-24JUN,2024-07-11,0,3.4061224489795916,3.4,3.3,0.06382978723404098,1.059699658011163,0.017921699291961687
2024-06-27,CPIYOY-24JUN,2024-07-11,0,3.4061224489795916,3.4,3.3,0.06382978723404098,1.059699658011163,0.017921699291961687
2024-06-28,CPIYOY-24JUN,2024-07-11,0,3.4061224489795916,3.4,3.3,0.06382978723404098,1.059699658011163,0.017921699291961687
2024-06-29,CPIYOY-24JUN,2024-07-11,0,3.4061224489795916,3.4,3.3,0.06382978723404098,1.059699658011163,0.017921699291961687
2024-06-30,CPIYOY-24JUN,2024-07-11,0,3.4061224489795916,3.4,3.3,0.06382978723404098,1.059699658011163,0.017921699291961687
2024-07-01,CPIYOY-24JUN,2024-07-11,0,3.4061224489795916,3.4,3.3,0.06382978723404098,1.059699658011163,0.017921699291961687
2024-07-02,CPIYOY-24JUN,2024-07-11,182,3.1510204081632653,3.1,3.1,0.9999999999999989,2.97768544731427,0.010866305705955847
2024-07-03,CPIYOY-24JUN,2024-07-11,327,3.138775510204082,3.1,3.1,1.000000000000005,0.5695054918556361,0.005231153685964191
2024-07-04,CPIYOY-24JUN,2024-07-11,31,3.138775510204082,3.1,3.1,1.000000000000005,0.5695054918556361,0.005231153685964191
2024-07-05,CPIYOY-24JUN,2024-07-11,378,3.125510204081633,3.1,3.1,0.47169811320755445,-0.29680280854710617,0.005777800916284892
2024-07-06,CPIYOY-24JUN,2024-07-11,292,3.108163265306122,3.1,3.1,0.11428571428570958,-0.3208649182686698,0.00952519783423572
2024-07-07,CPIYOY-24JUN,2024-07-11,1173,3.104081632653061,3.1,3.1,0.060606060606054814,-0.22176312296160638,0.008962932111620144
2024-07-08,CPIYOY-24JUN,2024-07-11,450,3.080612244897959,3.1,3.1,-0.30158730158730357,0.1294038989638473,0.008501665972511447
2024-07-09,CPIYOY-24JUN,2024-07-11,314,3.083673469387755,3.1,3.1,-0.24242424242424548,-0.21165538064519573,0.008713036234902114
2024-07-10,CPIYOY-24JUN,2024-07-11,4749,3.089795918367347,3.1,3.1,-0.1612903225806437,-0.841042409756072,0.006630570595585159
2024-07-11,CPIYOY-24JUN,2024-07-11,997,3.09795918367347,3.1,3.1,-0.04761904761904302,4.29872104566539,0.006526447313619318
2024-07-15,CPIYOY-24JUL,2024-08-14,13,2.979591836734694,3,3,-0.45454545454544965,0.5669424012980082,0.0059100374843815175
2024-07-16,CPIYOY-24JUL,2024-08-14,0,2.979591836734694,3,3,-0.45454545454544965,0.5669424012980082,0.0059100374843815175
2024-07-17,CPIYOY-24JUL,2024-08-14,8,2.991836734693877,3,3,-0.14285714285714443,-0.059452335138436396,0.007484381507705137
2024-07-18,CPIYOY-24JUL,2024-08-14,6144,2.9448979591836735,2.9,2.8,0.45833333333333387,-1.403475672009822,0.012678050812161622
2024-07-19,CPIYOY-24JUL,2024-08-14,3292,2.898979591836735,2.9,2.9,-0.019607843137257254,-0.7684469538550283,0.005407122032486473
2024-07-20,CPIYOY-24JUL,2024-08-14,477,2.9,2.9,2.9,0,-0.7266319526627218,0.005306122448979601
2024-07-21,CPIYOY-24JUL,2024-08-14,310,2.898979591836735,2.9000000000000004,2.9000000000000004,-0.019607843137257254,-0.4908661341920384,0.005611203665139533
2024-07-22,CPIYOY-24JUL,2024-08-14,2593,2.8969387755102045,2.9000000000000004,2.9000000000000004,-0.05882352941176322,-0.7972914068343044,0.005398792169929206
2024-07-23,CPIYOY-24JUL,2024-08-14,745,2.898979591836735,2.9000000000000004,2.9000000000000004,-0.019607843137257254,-0.4908661341920384,0.005611203665139533
2024-07-24,CPIYOY-24JUL,2024-08-14,1451,2.900000000000001,2.9000000000000004,2.9000000000000004,0,-0.43076666666666963,0.005510204081632661
2024-07-25,CPIYOY-24JUL,2024-08-14,1110,2.9020408163265308,2.9000000000000004,2.9000000000000004,0.04166666666667167,-0.29731964691776813,0.005301957517700966
2024-07-26,CPIYOY-24JUL,2024-08-14,0,2.9020408163265308,2.9000000000000004,2.9000000000000004,0.04166666666667167,-0.29731964691776813,0.005301957517700966
2024-07-27,CPIYOY-24JUL,2024-08-14,104,2.909183673469388,2.9000000000000004,2.9000000000000004,0.16363636363636755,0.05976734470272982,0.007364639733444397
2024-07-28,CPIYOY-24JUL,2024-08-14,12,2.908163265306123,2.9000000000000004,2.9000000000000004,0.14285714285714451,0.010505703997471638,0.007484381507705124
2024-07-29,CPIYOY-24JUL,2024-08-14,7452,2.919387755102041,2.9000000000000004,2.9000000000000004,0.3114754098360674,-0.31840427983842634,0.00788942107455227
2024-07-30,CPIYOY-24JUL,2024-08-14,250,2.918367346938776,2.9000000000000004,2.9000000000000004,0.2812499999999999,-0.4602308102357724,0.008234069137859224
2024-07-31,CPIYOY-24JUL,2024-08-14,403,2.918367346938776,2.9000000000000004,2.9000000000000004,0.2812499999999999,-0.4602308102357724,0.008234069137859224
2024-08-01,CPIYOY-24JUL,2024-08-14,300,2.9173469387755104,2.9000000000000004,2.9000000000000004,0.26153846153845955,-0.503606120768548,0.008372553102873803
2024-08-02,CPIYOY-24JUL,2024-08-14,3,2.909183673469388,2.9000000000000004,2.9000000000000004,0.1578947368421013,-0.7515858900124557,0.0061401499375260404
2024-08-03,CPIYOY-24JUL,2024-08-14,0,2.909183673469388,2.9000000000000004,2.9000000000000004,0.1578947368421013,-0.7515858900124557,0.0061401499375260404
2024-08-04,CPIYOY-24JUL,2024-08-14,94,2.9173469387755104,2.9000000000000004,2.9000000000000004,0.26153846153845955,-0.503606120768548,0.008372553102873803
2024-08-05,CPIYOY-24JUL,2024-08-14,2148,2.9163265306122454,2.9000000000000004,2.9000000000000004,0.24999999999999611,-0.4849460763542477,0.00810079133694294
2024-08-06,CPIYOY-24JUL,2024-08-14,2100,2.9142857142857146,2.9000000000000004,2.9000000000000004,0.22580645161290233,-0.3844668639053297,0.00795918367346939
2024-08-07,CPIYOY-24JUL,2024-08-14,1082,2.91530612244898,2.9000000000000004,2.9000000000000004,0.22388059701492635,-0.17815958918004382,0.009255518533944193
2024-08-08,CPIYOY-24JUL,2024-08-14,315,2.9132653061224496,2.9000000000000004,2.9000000000000004,0.1884057971014467,-0.30087736188403547,0.00951790920449813
2024-08-09,CPIYOY-24JUL,2024-08-14,4619,2.919387755102041,2.9000000000000004,2.9000000000000004,0.28358208955224046,-0.0999287540108531,0.009113910870470641
2024-08-10,CPIYOY-24JUL,2024-08-14,92,2.9214285714285717,2.9000000000000004,2.9000000000000004,0.3043478260869553,-0.182675510204084,0.009642857142857144
2024-08-11,CPIYOY-24JUL,2024-08-14,105,2.9244897959183676,2.9000000000000004,3.0000000000000004,0.2926829268292664,-0.626060643994085,0.01082882132444815
2024-08-12,CPIYOY-24AUG,2024-09-11,8274,2.6714285714285713,2.6999999999999997,2.6999999999999997,-0.3499999999999991,0.30796498439126374,0.01265306122448978
2024-08-12,CPIYOY-24JUL,2024-08-14,1712,2.9336734693877555,2.9000000000000004,2.9000000000000004,0.4520547945205487,-0.472540718989356,0.00876405664306539
2024-08-13,CPIYOY-24AUG,2024-09-11,0,2.6714285714285713,2.6999999999999997,2.6999999999999997,-0.3499999999999991,0.30796498439126374,0.01265306122448978
2024-08-13,CPIYOY-24JUL,2024-08-14,2894,2.9295918367346943,2.9000000000000004,3.0000000000000004,0.4328358208955224,-0.255138637538852,0.006981466055810087
2024-08-14,CPIYOY-24AUG,2024-09-11,900,2.6387755102040815,2.6,2.6,0.5135135135135113,-0.36098017554961004,0.012986255726780492
2024-08-14,CPIYOY-24JUL,2024-08-14,5455,2.9336734693877555,2.9000000000000004,2.9000000000000004,0.49253731343283674,-0.7133713290421646,0.007947730112453142
2024-08-15,CPIYOY-24AUG,2024-09-11,100,2.736734693877551,2.8,2.8,-0.9999999999999943,1.5956718644524486,0.007630154102457304
2024-08-16,CPIYOY-24AUG,2024-09-11,0,2.736734693877551,2.8,2.8,-0.9999999999999943,1.5956718644524486,0.007630154102457304
2024-08-17,CPIYOY-24AUG,2024-09-11,2000,2.741836734693878,2.8,2.8,-0.9999999999999909,1.255021908627831,0.005698667221990832
2024-08-18,CPIYOY-24AUG,2024-09-11,63,2.7142857142857144,2.8,2.8,-0.9999999999999971,0.11367877211239641,0.01265306122448978
2024-08-19,CPIYOY-24AUG,2024-09-11,7324,2.5418367346938777,2.5,2.5,0.5324675324675291,-0.6721061415868941,0.010800708038317359
2024-08-20,CPIYOY-24AUG,2024-09-11,2893,2.5306122448979593,2.5,2.5,0.3846153846153865,-0.6777262568702151,0.011715951686797156
2024-08-21,CPIYOY-24AUG,2024-09-11,147,2.5357142857142856,2.5,2.5,0.4216867469879504,-0.8298211258265948,0.011887755102040806
2024-08-22,CPIYOY-24AUG,2024-09-11,3093,2.544897959183673,2.5,2.6,0.4782608695652184,-0.9902603108639987,0.012065805914202407
2024-08-23,CPIYOY-24AUG,2024-09-11,652,2.5530612244897957,2.5,2.5,0.6341463414634116,-0.5048673371101087,0.011062057476051636
2024-08-24,CPIYOY-24AUG,2024-09-11,0,2.5530612244897957,2.5,2.5,0.6341463414634116,-0.5048673371101087,0.011062057476051636
2024-08-25,CPIYOY-24AUG,2024-09-11,8,2.5530612244897957,2.5,2.5,0.6341463414634116,-0.5048673371101087,0.011062057476051636
2024-08-26,CPIYOY-24AUG,2024-09-11,100,2.5551020408163265,2.5,2.5,0.6428571428571429,-0.5299478970025202,0.011045397750937101
2024-08-27,CPIYOY-24AUG,2024-09-11,230,2.556122448979592,2.5,2.5,0.647058823529413,1.0372458123616015,0.01246251561849229
2024-08-28,CPIYOY-24AUG,2024-09-11,200,2.5428571428571427,2.5,2.5,0.5833333333333314,1.5343782585326586,0.012448979591836728
2024-08-29,CPIYOY-24AUG,2024-09-11,8229,2.5326530612244897,2.5,2.5,0.4210526315789467,2.9622153296383127,0.015260308204914615
2024-08-30,CPIYOY-24AUG,2024-09-11,16817,2.539795918367347,2.5,2.6,0.46987951807228817,0.41023600707968155,0.011375468554768847
2024-08-31,CPIYOY-24AUG,2024-09-11,0,2.539795918367347,2.5,2.6,0.46987951807228817,0.41023600707968155,0.011375468554768847
2024-09-01,CPIYOY-24AUG,2024-09-11,2116,2.5408163265306123,2.5,2.6,0.47619047619047655,0.4241762001534881,0.01180341524364848
2024-09-02,CPIYOY-24AUG,2024-09-11,0,2.5408163265306123,2.5,2.6,0.47619047619047655,0.4241762001534881,0.01180341524364848
2024-09-03,CPIYOY-24AUG,2024-09-11,2551,2.5255102040816326,2.5,2.5,0.36231884057970953,2.2505721369462046,0.011083923365264476
2024-09-04,CPIYOY-24AUG,2024-09-11,2007,2.5357142857142856,2.5,2.6,0.4430379746835425,1.5113639999999977,0.011479591836734696
2024-09-05,CPIYOY-24AUG,2024-09-11,376,2.5214285714285714,2.5,2.5,0.32307692307692176,2.657723328704617,0.010867346938775512
2024-09-06,CPIYOY-24AUG,2024-09-11,0,2.5214285714285714,2.5,2.5,0.32307692307692176,2.657723328704617,0.010867346938775512
2024-09-07,CPIYOY-24AUG,2024-09-11,268,2.535714285714286,2.5,2.5,0.44303797468354283,0.36646929116904836,0.014336734693877539
2024-09-08,CPIYOY-24AUG,2024-09-11,413,2.556122448979592,2.5500000000000003,2.6,0.5555555555555567,-0.20064532852194406,0.014503331945022901
2024-09-09,CPIYOY-24AUG,2024-09-11,3512,2.5112244897959184,2.5,2.5,0.15068493150684953,0.028263782337638155,0.00936380674718868
2024-09-10,CPIYOY-24AUG,2024-09-11,5399,2.5224489795918363,2.5,2.6,0.2972972972972977,-0.19309522571220272,0.008475635152020001
2024-09-10,CPIYOY-24SEP,2024-10-10,8627,2.2867346938775515,2.3000000000000003,2.2,-0.1262135922330081,-1.0228952308373105,0.016252603082049132
2024-09-11,CPIYOY-24AUG,2024-09-11,5911,2.6214285714285714,2.6,2.6,0.48837209302326506,2.708049061224508,0.005357142857142843
2024-09-11,CPIYOY-24SEP,2024-10-10,659,2.3020408163265307,2.3000000000000003,2.3000000000000003,0.027027027027024423,-0.456094844023589,0.01122032486463972
2024-09-12,CPIYOY-24SEP,2024-10-10,0,2.3020408163265307,2.3000000000000003,2.3000000000000003,0.027027027027024423,-0.456094844023589,0.01122032486463972
2024-09-13,CPIYOY-24SEP,2024-10-10,0,2.3020408163265307,2.3000000000000003,2.3000000000000003,0.027027027027024423,-0.456094844023589,0.01122032486463972
2024-09-14,CPIYOY-24SEP,2024-10-10,0,2.3020408163265307,2.3000000000000003,2.3000000000000003,0.027027027027024423,-0.456094844023589,0.01122032486463972
2024-09-15,CPIYOY-24SEP,2024-10-10,0,2.3020408163265307,2.3000000000000003,2.3000000000000003,0.027027027027024423,-0.456094844023589,0.01122032486463972
2024-09-16,CPIYOY-24SEP,2024-10-10,0,2.3020408163265307,2.3000000000000003,2.3000000000000003,0.027027027027024423,-0.456094844023589,0.01122032486463972
2024-09-17,CPIYOY-24SEP,2024-10-10,0,2.3020408163265307,2.3000000000000003,2.3000000000000003,0.027027027027024423,-0.456094844023589,0.01122032486463972
2024-09-18,CPIYOY-24SEP,2024-10-10,351,2.316326530612245,2.3000000000000003,2.3000000000000003,0.1818181818181791,0.18230064447178806,0.018100791336942926
2024-09-19,CPIYOY-24SEP,2024-10-10,0,2.316326530612245,2.3000000000000003,2.3000000000000003,0.1818181818181791,0.18230064447178806,0.018100791336942926
2024-09-20,CPIYOY-24SEP,2024-10-10,1,2.3112244897959187,2.3000000000000003,2.3000000000000003,0.11827956989247339,0.14157131951265356,0.01875156184922948
2024-09-21,CPIYOY-24SEP,2024-10-10,14,2.3112244897959187,2.3000000000000003,2.3000000000000003,0.11827956989247339,0.14157131951265356,0.01875156184922948
2024-09-22,CPIYOY-24SEP,2024-10-10,0,2.3112244897959187,2.3000000000000003,2.3000000000000003,0.11827956989247339,0.14157131951265356,0.01875156184922948
2024-09-23,CPIYOY-24SEP,2024-10-10,9,2.3153061224489795,2.3000000000000003,2.3000000000000003,0.16853932584269746,0.17226074522696733,0.018235110370678872
2024-09-24,CPIYOY-24SEP,2024-10-10,6412,2.3112244897959187,2.3000000000000003,2.3000000000000003,0.1235955056179778,0.24755041924898835,0.018547480216576418
2024-09-25,CPIYOY-24SEP,2024-10-10,2079,2.298979591836735,2.3000000000000003,2.3000000000000003,-0.012987012987014563,-0.5501019712761734,0.011121407746772163
2024-09-26,CPIYOY-24SEP,2024-10-10,10,2.308163265306123,2.3000000000000003,2.3000000000000003,0.11764705882353092,-0.29751878621068695,0.010137442732194904
2024-09-27,CPIYOY-24SEP,2024-10-10,804,2.3010204081632653,2.3000000000000003,2.3000000000000003,0.013333333333334953,-0.46159888282416084,0.011325489379425227
2024-09-28,CPIYOY-24SEP,2024-10-10,0,2.3010204081632653,2.3000000000000003,2.3000000000000003,0.013333333333334953,-0.46159888282416084,0.011325489379425227
2024-09-29,CPIYOY-24SEP,2024-10-10,0,2.3010204081632653,2.3000000000000003,2.3000000000000003,0.013333333333334953,-0.46159888282416084,0.011325489379425227
2024-09-30,CPIYOY-24SEP,2024-10-10,800,2.304081632653061,2.3000000000000003,2.3000000000000003,0.05000000000000062,0.15562025444508132,0.013452728029987492
2024-10-01,CPIYOY-24SEP,2024-10-10,2403,2.3051020408163265,2.3000000000000003,2.3000000000000003,0.06666666666666315,0.35977534736125794,0.012933152852977914
2024-10-02,CPIYOY-24SEP,2024-10-10,2240,2.313265306122449,2.3000000000000003,2.3000000000000003,0.16049382716049185,-0.011861856579822305,0.012987296959600152
2024-10-03,CPIYOY-24SEP,2024-10-10,6010,2.322448979591837,2.3000000000000003,2.3000000000000003,0.2750000000000009,0.10365929408624197,0.011945022907122016
2024-10-04,CPIYOY-24SEP,2024-10-10,113,2.322448979591837,2.3000000000000003,2.3000000000000003,0.2750000000000009,0.10365929408624197,0.011945022907122016
2024-10-05,CPIYOY-24SEP,2024-10-10,0,2.322448979591837,2.3000000000000003,2.3000000000000003,0.2750000000000009,0.10365929408624197,0.011945022907122016
2024-10-06,CPIYOY-24SEP,2024-10-10,8,2.3214285714285716,2.3000000000000003,2.3000000000000003,0.25925925925925863,0.05640648934466208,0.012091836734693861
2024-10-07,CPIYOY-24SEP,2024-10-10,1683,2.353061224489796,2.4,2.4,-0.5476190476190473,-0.6543367070496515,0.011266139108704687
2024-10-08,CPIYOY-24SEP,2024-10-10,10291,2.333673469387755,2.3000000000000003,2.3000000000000003,0.45205479452054964,0.40935855245945474,0.009376301541024555
2024-10-09,CPIYOY-24SEP,2024-10-10,9764,2.352040816326531,2.4,2.4,-0.723076923076925,-0.5647343520732235,0.006781549354435632
2024-10-10,CPIYOY-24SEP,2024-10-10,846,2.3479591836734692,2.4,2.4,-0.7391304347826109,-0.8299898229843969,0.008006039150353998
2024-10-14,CPIYOY-24OCT,2024-11-13,0,2.545918367346939,2.6,2.6,-0.5578947368421038,-0.5024449017430546,0.0149323198667222
2024-10-15,CPIYOY-24OCT,2024-11-13,15,2.545918367346939,2.6,2.6,-0.5578947368421038,-0.5024449017430546,0.0149323198667222
2024-10-16,CPIYOY-24OCT,2024-11-13,359,2.556122448979592,2.6,2.6,-0.505882352941176,-0.04390924523366602,0.012870678883798416
2024-10-17,CPIYOY-24OCT,2024-11-13,8200,2.5755102040816324,2.6,2.6,-0.2553191489361734,-0.5841694743228554,0.014502290712203237
2024-10-18,CPIYOY-24OCT,2024-11-13,1292,2.5877551020408163,2.6,2.6,-0.146341463414636,-0.3148134219582106,0.013727613494377334
2024-10-19,CPIYOY-24OCT,2024-11-13,62,2.5979591836734692,2.6,2.6,-0.027777777777781152,0.26468306880207404,0.010812161599333599
2024-10-20,CPIYOY-24OCT,2024-11-13,0,2.5979591836734692,2.6,2.6,-0.027777777777781152,0.26468306880207404,0.010812161599333599
2024-10-21,CPIYOY-24OCT,2024-11-13,630,2.5887755102040817,2.6,2.6,-0.13580246913580282,-0.2608658186719155,0.013445439400249885
2024-10-22,CPIYOY-24OCT,2024-11-13,0,2.5887755102040817,2.6,2.6,-0.13580246913580282,-0.2608658186719155,0.013445439400249885
2024-10-23,CPIYOY-24OCT,2024-11-13,0,2.5887755102040817,2.6,2.6,-0.13580246913580282,-0.2608658186719155,0.013445439400249885
2024-10-24,CPIYOY-24OCT,2024-11-13,20,2.5948979591836734,2.6,2.6,-0.06666666666666897,0.08490997885449669,0.011708663057059547
2024-10-25,CPIYOY-24OCT,2024-11-13,0,2.5948979591836734,2.6,2.6,-0.06666666666666897,0.08490997885449669,0.011708663057059547
2024-10-26,CPIYOY-24OCT,2024-11-13,0,2.5948979591836734,2.6,2.6,-0.06666666666666897,0.08490997885449669,0.011708663057059547
2024-10-27,CPIYOY-24OCT,2024-11-13,0,2.5948979591836734,2.6,2.6,-0.06666666666666897,0.08490997885449669,0.011708663057059547
2024-10-28,CPIYOY-24OCT,2024-11-13,0,2.5948979591836734,2.6,2.6,-0.06666666666666897,0.08490997885449669,0.011708663057059547
2024-10-29,CPIYOY-24OCT,2024-11-13,0,2.5948979591836734,2.6,2.6,-0.06666666666666897,0.08490997885449669,0.011708663057059547
2024-10-30,CPIYOY-24OCT,2024-11-13,0,2.5948979591836734,2.6,2.6,-0.06666666666666897,0.08490997885449669,0.011708663057059547
2024-10-31,CPIYOY-24OCT,2024-11-13,0,2.5948979591836734,2.6,2.6,-0.06666666666666897,0.08490997885449669,0.011708663057059547
2024-11-01,CPIYOY-24OCT,2024-11-13,0,2.5948979591836734,2.6,2.6,-0.06666666666666897,0.08490997885449669,0.011708663057059547
2024-11-02,CPIYOY-24OCT,2024-11-13,0,2.5948979591836734,2.6,2.6,-0.06666666666666897,0.08490997885449669,0.011708663057059547
2024-11-03,CPIYOY-24OCT,2024-11-13,0,2.5948979591836734,2.6,2.6,-0.06666666666666897,0.08490997885449669,0.011708663057059547
2024-11-04,CPIYOY-24OCT,2024-11-13,0,2.5948979591836734,2.6,2.6,-0.06666666666666897,0.08490997885449669,0.011708663057059547
2024-11-05,CPIYOY-24OCT,2024-11-13,5,2.6061224489795918,2.6,2.6,0.0937499999999978,0.7807652817543054,0.010574760516451467
2024-11-06,CPIYOY-24OCT,2024-11-13,0,2.6061224489795918,2.6,2.6,0.0937499999999978,0.7807652817543054,0.010574760516451467
2024-11-07,CPIYOY-24OCT,2024-11-13,1,2.6061224489795918,2.6,2.6,0.0937499999999978,0.7807652817543054,0.010574760516451467
2024-11-08,CPIYOY-24OCT,2024-11-13,110,2.605102040816327,2.6,2.6,0.07692307692307959,1.2162567685741923,0.011504581424406489
2024-11-09,CPIYOY-24OCT,2024-11-13,0,2.605102040816327,2.6,2.6,0.07692307692307959,1.2162567685741923,0.011504581424406489
2024-11-10,CPIYOY-24OCT,2024-11-13,200,2.605102040816327,2.6,2.6,0.07692307692307959,1.2162567685741923,0.011504581424406489
2024-11-11,CPIYOY-24OCT,2024-11-13,0,2.605102040816327,2.6,2.6,0.07692307692307959,1.2162567685741923,0.011504581424406489
2024-11-11,KXCPIYOY-24NOV,2024-12-11,39,2.515306122448979,2.5,2.5,0.8823529411764739,1.4622400151506838,0.0015004164931278663
2024-11-12,CPIYOY-24OCT,2024-11-13,519,2.6040816326530614,2.6,2.6,0.06060606060606138,1.1231228402546032,0.011615993336109944
2024-11-12,KXCPIYOY-24NOV,2024-12-11,113,2.515306122448979,2.5,2.5,0.8823529411764739,1.4622400151506838,0.0015004164931278663
2024-11-13,CPIYOY-24OCT,2024-11-13,763,2.6142857142857143,2.6,2.6,0.31818181818181773,1.3014628800000239,0.005102040816326517
2024-11-13,KXCPIYOY-24NOV,2024-12-11,1481,2.706122448979592,2.7,2.7,0.33333333333332493,5.085285938857451,0.0020033319450229107
2024-11-14,KXCPIYOY-24NOV,2024-12-11,4494,2.6877551020408164,2.7,2.7,-0.1764705882352961,-0.335220178825705,0.008217409412744703
2024-11-15,KXCPIYOY-24NOV,2024-12-11,980,2.7051020408163264,2.7,2.7,0.08474576271185981,0.6830082217116469,0.007422948771345287
2024-11-16,KXCPIYOY-24NOV,2024-12-11,1859,2.7081632653061223,2.7,2.7,0.14285714285714443,1.1113686805692753,0.007076218242399014
2024-11-17,KXCPIYOY-24NOV,2024-12-11,3275,2.723469387755102,2.7,2.7,0.30666666666666886,-0.4684089855020859,0.010979800083298623
2024-11-18,KXCPIYOY-24NOV,2024-12-11,711,2.723469387755102,2.7,2.7,0.3150684931506872,-0.39452802815052657,0.01077571845064556
2024-11-19,KXCPIYOY-24NOV,2024-12-11,2076,2.7336734693877554,2.7,2.7,0.44000000000000106,-0.8147440813307876,0.011417117867555173
2024-11-20,KXCPIYOY-24NOV,2024-12-11,1080,2.731632653061224,2.7,2.7,0.4246575342465732,-0.7441675317124026,0.011142232403165335
2024-11-21,KXCPIYOY-24NOV,2024-12-11,4741,2.723469387755102,2.7,2.7,0.2371134020618529,-0.07401747562010819,0.020163473552686377
2024-11-22,KXCPIYOY-24NOV,2024-12-11,1320,2.718367346938776,2.7,2.7,0.18750000000000452,0.44917366221671307,0.021499375260308193
2024-11-23,KXCPIYOY-24NOV,2024-12-11,1777,2.722448979591837,2.7,2.7,0.22916666666666718,0.45337062992229127,0.021945022907122018
2024-11-24,KXCPIYOY-24NOV,2024-12-11,1516,2.727551020408163,2.7,2.7,0.29032258064516364,0.6785550173487276,0.02117971678467304
2024-11-25,KXCPIYOY-24NOV,2024-12-11,824,2.7265306122448982,2.7,2.7,0.28260869565217495,0.5994478246463832,0.019704289879216987
2024-11-26,KXCPIYOY-24NOV,2024-12-11,869,2.7244897959183674,2.7,2.7,0.23999999999999855,0.1348338017751498,0.02144106622240732
2024-11-27,KXCPIYOY-24NOV,2024-12-11,5425,2.7479591836734696,2.7,2.7,0.5164835164835169,-0.2564391669612487,0.015557059558517274
2024-11-28,KXCPIYOY-24NOV,2024-12-11,6518,2.762244897959184,2.7,2.7,0.6421052631578947,-0.25960537544731777,0.015411286963765085
2024-11-29,KXCPIYOY-24NOV,2024-12-11,6177,2.7163265306122453,2.7,2.7,0.12698412698412853,-1.1518211185552416,0.026468138275718443
2024-11-30,KXCPIYOY-24NOV,2024-12-11,7704,2.740816326530612,2.7,2.7,0.4255319148936131,-0.5680668363515693,0.01751770095793418
2024-12-01,KXCPIYOY-24NOV,2024-12-11,4033,2.729591836734694,2.7,2.7,0.30526315789473707,-0.3911952496601039,0.016777384423157012
2024-12-02,KXCPIYOY-24NOV,2024-12-11,33806,2.739795918367347,2.7,2.7,0.44827586206896486,-0.5609935120674994,0.014640774677217814
2024-12-03,KXCPIYOY-24NOV,2024-12-11,30850,2.742857142857143,2.7,2.7,0.5121951219512179,-0.33523713521942344,0.01367346938775509
2024-12-04,KXCPIYOY-24NOV,2024-12-11,5487,2.740816326530612,2.7,2.7,0.4761904761904769,-0.42683214834779193,0.014048313202832141
2024-12-05,KXCPIYOY-24NOV,2024-12-11,7959,2.742857142857143,2.7,2.7,0.49999999999999845,-0.43642400756143473,0.014081632653061211
2024-12-06,KXCPIYOY-24NOV,2024-12-11,5652,2.729591836734694,2.7,2.7,0.4084507042253525,-0.29688161649375244,0.011471261974177418
2024-12-07,KXCPIYOY-24NOV,2024-12-11,4148,2.727551020408163,2.7,2.7,0.3913043478260839,-0.25424420814257553,0.011383798417326103
2024-12-08,KXCPIYOY-24NOV,2024-12-11,2931,2.7265306122448982,2.7,2.7,0.38235294117647206,-0.26758913863237055,0.010928779675135352
2024-12-09,KXCPIYOY-24NOV,2024-12-11,14392,2.737755102040816,2.7,2.7,0.49333333333333507,-0.5003816535944758,0.011125572678050802
2024-12-10,KXCPIYOY-24NOV,2024-12-11,92332,2.742857142857143,2.7,2.7,0.6363636363636341,0.24522000000000244,0.009183673469387747
2024-12-11,KXCPIYOY-24NOV,2024-12-11,21913,2.736734693877551,2.7,2.7,0.6428571428571429,0.07697861376355952,0.007630154102457301
2024-12-16,KXCPIYOY-24DEC,2025-01-15,13581,2.8979591836734695,2.9,2.9,-0.02272727272727054,0.28792398883448866,0.014689712619741762
2024-12-17,KXCPIYOY-24DEC,2025-01-15,10187,2.8948979591836737,2.9,3,-0.057471264367813066,0.5171694337386268,0.013953561016243217
2024-12-18,KXCPIYOY-24DEC,2025-01-15,10651,2.939795918367347,2.9,3,0.6393442622950807,-0.4844230915112,0.005457101207830066
2024-12-19,KXCPIYOY-24DEC,2025-01-15,7347,2.9255102040816325,2.9,3,0.3424657534246571,3.4439058485623377,0.010879841732611407
2024-12-20,KXCPIYOY-24DEC,2025-01-15,4486,2.8938775510204087,2.9,2.9,-0.0937499999999978,2.3029704862359344,0.010574760516451467
2024-12-21,KXCPIYOY-24DEC,2025-01-15,661,2.9081632653061225,2.9,2.9,0.09302325581395464,0.6747401810452689,0.015035401915868378
2024-12-22,KXCPIYOY-24DEC,2025-01-15,501,2.9183673469387754,2.9,2.9,0.23076923076923087,-0.2291785033577396,0.011295293627655132
2024-12-23,KXCPIYOY-24DEC,2025-01-15,1531,2.923469387755102,2.9,2.9,0.3150684931506874,-0.9054360509397292,0.009347147022074126
2024-12-24,KXCPIYOY-24DEC,2025-01-15,23,2.9091836734693874,2.9,2.9,0.1034482758620665,0.613250682916056,0.015323823406913777
2024-12-25,KXCPIYOY-24DEC,2025-01-15,184,2.9112244897959183,2.9,2.9,0.12359550561797783,0.5862793657588936,0.015486255726780498
2024-12-26,KXCPIYOY-24DEC,2025-01-15,310,2.924489795918367,2.9,2.9,0.29268292682927177,1.5110215100196438,0.014298209079550183
2024-12-27,KXCPIYOY-24DEC,2025-01-15,0,2.924489795918367,2.9,2.9,0.29268292682927177,1.5110215100196438,0.014298209079550183
2024-12-28,KXCPIYOY-24DEC,2025-01-15,0,2.924489795918367,2.9,2.9,0.29268292682927177,1.5110215100196438,0.014298209079550183
2024-12-29,KXCPIYOY-24DEC,2025-01-15,35,2.9214285714285717,2.9,2.9,0.27272727272727737,2.0481680529300688,0.012908163265306118
2024-12-30,KXCPIYOY-24DEC,2025-01-15,10,2.9030612244897958,2.9,2.9,0.050847457627124795,2.473646703680277,0.011521241149521027
2024-12-31,KXCPIYOY-24DEC,2025-01-15,300,2.901020408163266,2.9,2.9,0.016949152542374932,2.4866410294348666,0.011325489379425234
2025-01-01,KXCPIYOY-24DEC,2025-01-15,1724,2.9010204081632653,2.9,2.9,0.019607843137257275,4.101911287928433,0.009284673052894621
2025-01-02,KXCPIYOY-24DEC,2025-01-15,198,2.898979591836735,2.9,2.9,-0.017543859649117293,2.7763277442557515,0.01071324448146605
2025-01-03,KXCPIYOY-24DEC,2025-01-15,7997,2.8857142857142857,2.9,2.9,-0.2187499999999994,1.7300760000000075,0.011224489795918356
2025-01-04,KXCPIYOY-24DEC,2025-01-15,810,2.8938775510204087,2.9,2.9,-0.08108108108107916,0.9838567047383724,0.013635985006247386
2025-01-05,KXCPIYOY-24DEC,2025-01-15,5654,2.9112244897959183,2.9,2.9,0.174603174603182,0.45848686996552157,0.00895564348188254
2025-01-06,KXCPIYOY-24DEC,2025-01-15,3410,2.892857142857143,2.9,2.9,-0.11864406779660988,0.7802876684990112,0.008622448979591824
2025-01-07,KXCPIYOY-24DEC,2025-01-15,5111,2.893877551020408,2.9,2.9,-0.10344827586206658,0.7604942347500079,0.008329862557267793
2025-01-08,KXCPIYOY-24DEC,2025-01-15,1763,2.8948979591836737,2.9,2.9,-0.08474576271185999,0.6761841585561066,0.008443356934610567
2025-01-09,KXCPIYOY-24DEC,2025-01-15,1498,2.9030612244897958,2.9,2.9,0.05882352941176334,0.31311383734265874,0.006623281965847554
2025-01-10,KXCPIYOY-24DEC,2025-01-15,1947,2.8948979591836737,2.9,2.9,-0.09090909090908614,0.4770568620864939,0.008239275301957507
2025-01-11,KXCPIYOY-24DEC,2025-01-15,4589,2.901020408163266,2.9,2.9,0.017543859649124936,0.8598445619147213,0.009080591420241558
2025-01-12,KXCPIYOY-24DEC,2025-01-15,4292,2.9040816326530607,2.9,2.9,0.0666666666666675,0.6807897983999971,0.009371095376926271
2025-01-13,KXCPIYOY-24DEC,2025-01-15,5400,2.898979591836735,2.9,2.9,-0.014492753623183858,0.10033467466570034,0.010713244481466044
2025-01-13,KXCPIYOY-25JAN,2025-02-12,0,2.8275510204081633,2.8000000000000003,2.8000000000000003,0.3176470588235271,3.0262425605267476,0.01526134943773428
2025-01-14,KXCPIYOY-24DEC,2025-01-15,34456,2.8948979591836737,2.9,2.9,-0.10638297872339866,0.7674164883054253,0.006606622240733018
2025-01-14,KXCPIYOY-25JAN,2025-02-12,191,2.8367346938775513,2.8000000000000003,2.8000000000000003,0.3829787234042557,2.087480460660146,0.019058725531028733
2025-01-15,KXCPIYOY-24DEC,2025-01-15,10829,2.908163265306123,2.9,2.9,0.181818181818194,0.6334291912361683,0.005443565181174503
2025-01-15,KXCPIYOY-25JAN,2025-02-12,1176,2.7918367346938777,2.8000000000000003,2.9,-0.059701492537314174,0.4956257505600985,0.034219075385256134
2025-01-16,KXCPIYOY-25JAN,2025-02-12,3249,2.8642857142857143,2.9,2.9,-0.35353535353534804,0.1805418247937398,0.017193877551020406
2025-01-17,KXCPIYOY-25JAN,2025-02-12,691,2.9030612244897966,3.0000000000000004,3.0000000000000004,-0.9405940594059407,2.6982551651095568,0.02213348604748025
2025-01-18,KXCPIYOY-25JAN,2025-02-12,1380,2.861224489795919,2.9,2.9,-0.36538461538461325,2.7012669161816074,0.02849645980841318
2025-01-19,KXCPIYOY-25JAN,2025-02-12,1720,2.881632653061225,2.9,3.0000000000000004,-0.19565217391303863,-0.769681073431228,0.013336109954185769
2025-01-20,KXCPIYOY-25JAN,2025-02-12,2886,2.9051020408163266,2.9,3.0000000000000004,0.058823529411766606,-0.18682187066082578,0.012320907955018761
2025-01-21,KXCPIYOY-25JAN,2025-02-12,5264,2.9204081632653063,2.9,2.9,0.2857142857142886,1.3077973667436362,0.011012078300708052
2025-01-22,KXCPIYOY-25JAN,2025-02-12,7164,2.9132653061224487,2.9,2.9,0.11111111111111324,0.07380599951507705,0.025844439816743045
2025-01-23,KXCPIYOY-25JAN,2025-02-12,1629,2.9377551020408164,2.9,3.0000000000000004,0.37373737373737875,0.2532959818209979,0.0170439400249896
2025-01-24,KXCPIYOY-25JAN,2025-02-12,2186,2.9234693877551026,2.9,2.9,0.22772277227723342,1.001168968674321,0.020979800083298642
2025-01-25,KXCPIYOY-25JAN,2025-02-12,686,2.9367346938775514,2.9,2.9,0.4000000000000043,0.4922732701339889,0.01579341940857977
2025-01-26,KXCPIYOY-25JAN,2025-02-12,1376,2.9255102040816325,2.9,2.9,0.21739130434782944,0.2710880592496432,0.023941066222407343
2025-01-27,KXCPIYOY-25JAN,2025-02-12,2659,2.9265306122448984,2.9,2.9,0.22807017543859712,0.45002715234375357,0.02399000416493129
2025-01-28,KXCPIYOY-25JAN,2025-02-12,4495,2.9336734693877555,2.9,2.9,0.2920353982300926,0.684454231779795,0.022845689296126626
2025-01-29,KXCPIYOY-25JAN,2025-02-12,2154,2.9469387755102043,2.9,2.9,0.48936170212766694,0.6837514537758937,0.015347771761765945
2025-01-30,KXCPIYOY-25JAN,2025-02-12,2543,2.939795918367347,2.9,2.9,0.42857142857143193,0.5174317502485217,0.015048937942523962
2025-01-31,KXCPIYOY-25JAN,2025-02-12,5357,2.9448979591836735,2.9,2.9,0.5116279069767494,0.2287947641247059,0.01390254060807998
2025-02-01,KXCPIYOY-25JAN,2025-02-12,4021,2.9479591836734693,2.9,2.9,0.5280898876404486,0.2788692032144273,0.013720324864639748
2025-02-02,KXCPIYOY-25JAN,2025-02-12,888,2.9438775510204085,2.95,3.0000000000000004,0.4526315789473719,-0.038202102051411835,0.014707413577675982
2025-02-03,KXCPIYOY-25JAN,2025-02-12,3362,2.9316326530612247,2.9,2.9,0.30097087378640996,1.153580716744492,0.020938150770512306
2025-02-04,KXCPIYOY-25JAN,2025-02-12,5702,2.9367346938775514,3.0000000000000004,3.0000000000000004,-0.62,1.6249227937777357,0.019058725531028758
2025-02-05,KXCPIYOY-25JAN,2025-02-12,7376,2.960204081632653,3.0000000000000004,3.0000000000000004,-0.4020618556701064,0.3408960255242155,0.01668159100374845
2025-02-06,KXCPIYOY-25JAN,2025-02-12,3143,2.9551020408163264,3.0000000000000004,3.0000000000000004,-0.4782608695652178,0.5414364595719321,0.01594335693461059
2025-02-07,KXCPIYOY-25JAN,2025-02-12,5426,2.9632653061224494,3.0000000000000004,3.0000000000000004,-0.40000000000000435,0.6169450162780725,0.01599750104123283
2025-02-08,KXCPIYOY-25JAN,2025-02-12,10675,2.9632653061224494,3.0000000000000004,3.0000000000000004,-0.3749999999999997,0.12244698976001622,0.017630154102457316
2025-02-09,KXCPIYOY-25JAN,2025-02-12,13175,2.9653061224489794,3.0000000000000004,3.0000000000000004,-0.35416666666666846,0.061541752124012916,0.017980008329862563
2025-02-10,KXCPIYOY-25FEB,2025-03-12,1695,2.7561224489795917,2.8,2.9,-0.34399999999999975,-0.35062882974040166,0.025115576842982087
2025-02-10,KXCPIYOY-25JAN,2025-02-12,19401,2.971428571428572,3.0000000000000004,3.0000000000000004,-0.3414634146341447,0.8827275992438586,0.014081632653061237
2025-02-11,KXCPIYOY-25FEB,2025-03-12,210,2.757142857142857,2.8,2.9,-0.3387096774193536,-0.26727775435550605,0.02591836734693877
2025-02-11,KXCPIYOY-25JAN,2025-02-12,35960,2.9357142857142864,2.9,2.9,0.4929577464788768,0.8535100112507168,0.01168367346938777
2025-02-12,KXCPIYOY-25FEB,2025-03-12,8530,2.9275510204081634,2.9,3,0.21259842519685204,-0.13351847941599138,0.027098084131611827
2025-02-12,KXCPIYOY-25JAN,2025-02-12,14180,2.9448979591836735,2.9,2.9,0.8461538461538458,2.1606774384744085,0.008800499791753456
2025-02-13,KXCPIYOY-25FEB,2025-03-12,19270,2.939795918367347,2.9,3,0.38613861386138515,0.045808508066651044,0.01749791753436069
2025-02-14,KXCPIYOY-25FEB,2025-03-12,7004,2.9479591836734693,2.9,2.9,0.4476190476190517,-0.21536087928054215,0.018414202415660153
2025-02-15,KXCPIYOY-25FEB,2025-03-12,3594,2.951020408163265,2.9,2.9,0.5555555555555546,-0.29838127380540413,0.01392753019575178
2025-02-16,KXCPIYOY-25FEB,2025-03-12,3445,2.940816326530612,2.9,2.9,0.4000000000000003,0.4219520637226313,0.018334027488546442
2025-02-17,KXCPIYOY-25FEB,2025-03-12,4859,2.9448979591836735,2.9,2.9,0.4150943396226422,0.18793111689819586,0.020229071220324867
2025-02-18,KXCPIYOY-25FEB,2025-03-12,1926,2.9459183673469385,2.9,2.9,0.4205607476635533,0.15528139035751742,0.020646605581007914
2025-02-19,KXCPIYOY-25FEB,2025-03-12,29120,2.9285714285714284,2.9,2.9,0.3181818181818169,0.28000917590027274,0.015510204081632657
2025-02-20,KXCPIYOY-25FEB,2025-03-12,4357,2.9295918367346943,2.9,2.9,0.3333333333333334,0.27598878171226415,0.015552894627238656
2025-02-21,KXCPIYOY-25FEB,2025-03-12,2046,2.9244897959183676,2.9,2.9,0.29268292682927166,0.4755712382972228,0.015114535610162436
2025-02-22,KXCPIYOY-25FEB,2025-03-12,2851,2.9295918367346943,2.9,2.9,0.2989690721649485,0.9651331106954677,0.019430445647646816
2025-02-23,KXCPIYOY-25FEB,2025-03-12,8562,2.9520408163265306,3,3,-0.48453608247422675,-0.03931744769117751,0.017801957517700966
2025-02-24,KXCPIYOY-25FEB,2025-03-12,3385,2.9285714285714284,2.9,2.9,0.31111111111110984,0.2051396449704086,0.015918367346938786
2025-02-25,KXCPIYOY-25FEB,2025-03-12,1545,2.9285714285714284,2.9,2.9,0.31111111111110984,0.2051396449704086,0.015918367346938786
2025-02-26,KXCPIYOY-25FEB,2025-03-12,467,2.9285714285714284,2.9,2.9,0.30434782608695526,0.13999537499999581,0.016326530612244906
2025-02-27,KXCPIYOY-25FEB,2025-03-12,13287,2.9153061224489796,2.9,2.9,0.16483516483516553,0.27434675564002653,0.016398375676801337
2025-02-28,KXCPIYOY-25FEB,2025-03-12,4949,2.914285714285714,2.9,2.9,0.13725490196078377,-0.18304440923495147,0.01918367346938776
2025-03-01,KXCPIYOY-25FEB,2025-03-12,10777,2.9163265306122446,2.9,2.9,0.16666666666666408,0.028848706370294686,0.01769262807163682
2025-03-02,KXCPIYOY-25FEB,2025-03-12,1023,2.9020408163265308,2.9,2.9,0.02083333333333584,0.872176818735753,0.019383590170762185
2025-03-03,KXCPIYOY-25FEB,2025-03-12,5263,2.8999999999999995,2.9,2.9,0,0.11746409688581005,0.017346938775510214
2025-03-04,KXCPIYOY-25FEB,2025-03-12,20510,2.9071428571428566,2.9,2.9,0.0886075949367085,0.8105268566598256,0.013928571428571433
2025-03-05,KXCPIYOY-25FEB,2025-03-12,24853,2.9061224489795916,2.9,2.9,0.0769230769230806,1.617955692082865,0.015064556434818825
2025-03-06,KXCPIYOY-25FEB,2025-03-12,6183,2.9030612244897958,2.9,2.9,0.03797468354430286,1.4897774082719826,0.015194710537276137
2025-03-07,KXCPIYOY-25FEB,2025-03-12,9260,2.9112244897959183,2.9,2.9,0.15492957746478894,0.8976636302605332,0.010384214910453986
2025-03-08,KXCPIYOY-25FEB,2025-03-12,4764,2.9153061224489796,2.9,2.9,0.21126760563380367,0.4398998093942419,0.009663681799250323
2025-03-09,KXCPIYOY-25FEB,2025-03-12,8542,2.914285714285714,2.9,2.9,0.23333333333333234,0.9608291249999943,0.008163265306122458
2025-03-10,KXCPIYOY-25FEB,2025-03-12,20391,2.9132653061224487,2.9,2.9,0.2131147540983648,0.7822719245427527,0.008293419408579767
2025-03-11,KXCPIYOY-25FEB,2025-03-12,12622,2.9061224489795916,2.9,2.9,0.09677419354839169,0.47095722332131196,0.008738025822573941
2025-03-11,KXCPIYOY-25MAR,2025-04-10,1153,2.6316326530612244,2.6,2.6,0.3009708737864106,-0.7511730108361956,0.017060599750104107
2025-03-12,KXCPIYOY-25FEB,2025-03-12,24439,2.9,2.9,2.9,0,3.300787499999987,0.008979591836734701
2025-03-12,KXCPIYOY-25MAR,2025-04-10,21910,2.5785714285714283,2.6,2.4,-0.1532846715328462,-1.0043929046883169,0.027193877551020398
2025-03-13,KXCPIYOY-25MAR,2025-04-10,14210,2.5581632653061224,2.5,2.4,0.5229357798165132,-1.1864405826890738,0.01651499375260307
2025-03-14,KXCPIYOY-25MAR,2025-04-10,7278,2.5357142857142856,2.5,2.4,0.32110091743119146,-0.14563106713423002,0.018418367346938774
2025-03-15,KXCPIYOY-25MAR,2025-04-10,6704,2.576530612244898,2.5,2.4,0.5639097744360897,1.4180372094957923,0.03485735110370678
2025-03-16,KXCPIYOY-25MAR,2025-04-10,3257,2.5622448979591836,2.5,2.4,0.49593495934959325,2.329933377169123,0.034799042065805905
2025-03-17,KXCPIYOY-25MAR,2025-04-10,4381,2.557142857142857,2.5,2.4,0.4516129032258048,2.779044980992892,0.033265306122448976
2025-03-18,KXCPIYOY-25MAR,2025-04-10,6807,2.560204081632653,2.5,2.4,0.4796747967479687,2.7424191272248555,0.0332122032486464
2025-03-19,KXCPIYOY-25MAR,2025-04-10,11852,2.564285714285714,2.5,2.4,0.4960629921259825,2.419584824029979,0.03372448979591836
2025-03-20,KXCPIYOY-25MAR,2025-04-10,6215,2.548979591836735,2.5,2.4,0.4444444444444457,2.2504309458056095,0.024947938359017076
2025-03-21,KXCPIYOY-25MAR,2025-04-10,3056,2.546938775510204,2.5,2.5,0.45098039215686175,-0.6984097583439324,0.01698042482299041
2025-03-22,KXCPIYOY-25MAR,2025-04-10,1924,2.5418367346938777,2.5,2.4,0.4059405940594076,-0.8671183901800523,0.016310912119950012
2025-03-23,KXCPIYOY-25MAR,2025-04-10,1601,2.5418367346938777,2.5,2.4,0.41414141414141586,-0.83740239350317,0.015494585589337768
2025-03-24,KXCPIYOY-25MAR,2025-04-10,5094,2.5306122448979593,2.5,2.5,0.28301886792452546,-0.6793657787244722,0.018654727197001248
2025-03-25,KXCPIYOY-25MAR,2025-04-10,7314,2.536734693877551,2.5,2.5,0.3272727272727272,0.5006488055319718,0.021915868388171594
2025-03-26,KXCPIYOY-25MAR,2025-04-10,1699,2.533673469387755,2.5,2.5,0.32038834951456374,-0.40711453787820107,0.017947730112453143
2025-03-27,KXCPIYOY-25MAR,2025-04-10,5057,2.546938775510204,2.5,2.5,0.4509803921568617,0.961021377510094,0.020041649312786337
2025-03-28,KXCPIYOY-25MAR,2025-04-10,3760,2.55,2.5,2.5,0.4851485148514834,1.0195039584723915,0.019846938775510203
2025-03-29,KXCPIYOY-25MAR,2025-04-10,4170,2.5459183673469385,2.5,2.5,0.46391752577319356,1.2787749389754577,0.019218034152436482
2025-03-30,KXCPIYOY-25MAR,2025-04-10,1059,2.5459183673469385,2.5,2.5,0.47368421052631804,1.4479145975924048,0.018605789254477298
2025-03-31,KXCPIYOY-25MAR,2025-04-10,16410,2.56734693877551,2.5,2.5,0.6000000000000012,2.1345241976386413,0.021995002082465635
2025-04-01,KXCPIYOY-25MAR,2025-04-10,6781,2.554081632653061,2.5,2.5,0.4862385321100905,2.201302056887532,0.023095585172844647
2025-04-02,KXCPIYOY-25MAR,2025-04-10,19005,2.53469387755102,2.5,2.5,0.42500000000000226,-0.3062074292797994,0.011041232819658473
2025-04-03,KXCPIYOY-25MAR,2025-04-10,6020,2.545918367346939,2.5,2.5,0.5172413793103421,3.996709687167513,0.017585381091211997
2025-04-04,KXCPIYOY-25MAR,2025-04-10,3234,2.545918367346939,2.5,2.5,0.555555555555558,2.206924994198925,0.01370783007080383
2025-04-05,KXCPIYOY-25MAR,2025-04-10,4226,2.539795918367347,2.5,2.5,0.45882352941176374,0.003669004185927527,0.013008121615993335
2025-04-06,KXCPIYOY-25MAR,2025-04-10,3404,2.539795918367347,2.5,2.5,0.4814814814814805,0.15228090732778954,0.012599958350687213
2025-04-07,KXCPIYOY-25MAR,2025-04-10,8231,2.5387755102040814,2.5,2.5,0.5428571428571398,0.33565027180815843,0.009108704706372343
2025-04-08,KXCPIYOY-25MAR,2025-04-10,8801,2.538775510204082,2.5,2.5,0.500000000000003,0.3323556181474454,0.010537276134943773
2025-04-09,KXCPIYOY-25MAR,2025-04-10,197834,2.5336734693877547,2.5,2.6,0.3626373626373633,0.21877806126873578,0.014478342357351105
2025-04-10,KXCPIYOY-25MAR,2025-04-10,19575,2.520408163265306,2.5,2.5,0.7142857142857074,4.41652881972527,0.004277384423157013
2025-04-13,KXCPIYOY-25APR,2025-05-13,43194,2.4438775510204085,2.4000000000000004,2.4000000000000004,0.34959349593495903,1.785181919016968,0.03266659725114536
2025-04-14,KXCPIYOY-25APR,2025-05-13,674882,2.3806122448979594,2.4000000000000004,2.4000000000000004,-0.22891566265060373,1.1500390152232693,0.013603706788837993
2025-04-15,KXCPIYOY-25APR,2025-05-13,395339,2.368367346938776,2.4000000000000004,2.4000000000000004,-0.31958762886597736,0.32062470381290264,0.01583610995418577
2025-04-16,KXCPIYOY-25APR,2025-05-13,673998,2.3469387755102042,2.3000000000000003,2.3000000000000003,0.48936170212765817,1.7085909258201681,0.01636817992503125
2025-04-17,KXCPIYOY-25APR,2025-05-13,474891,2.3908163265306124,2.4000000000000004,2.4000000000000004,-0.08571428571428358,1.475176785901775,0.022262598917117876
2025-04-18,KXCPIYOY-25APR,2025-05-13,208805,2.3928571428571432,2.4000000000000004,2.4000000000000004,-0.06194690265486699,3.8050743944636576,0.028622448979591847
2025-04-19,KXCPIYOY-25APR,2025-05-13,97849,2.3938775510204087,2.4000000000000004,2.4000000000000004,-0.05454545454545319,0.10535207373999578,0.02118700541441067
2025-04-20,KXCPIYOY-25APR,2025-05-13,51643,2.3877551020408165,2.4000000000000004,2.4000000000000004,-0.11320754716981263,1.0851123466763326,0.02066638900458144
2025-04-21,KXCPIYOY-25APR,2025-05-13,512739,2.3836734693877557,2.4000000000000004,2.4000000000000004,-0.13559322033898463,1.4705947873550098,0.02708038317367764
2025-04-22,KXCPIYOY-25APR,2025-05-13,416381,2.3846938775510207,2.4000000000000004,2.3000000000000003,-0.1351351351351357,-0.396436239260463,0.019255518533944197
2025-04-23,KXCPIYOY-25APR,2025-05-13,261240,2.360204081632653,2.3000000000000003,2.3000000000000003,0.5619047619047589,0.84702644828353435,0.017293835901707636
2025-04-24,KXCPIYOY-25APR,2025-05-13,306932,2.3938775510204087,2.3000000000000003,2.3000000000000003,0.6969696969696951,5.033103557024354,0.041391087047063735
2025-04-25,KXCPIYOY-25APR,2025-05-13,196559,2.3948979591836737,2.4000000000000004,2.3000000000000003,-0.04000000000000133,2.041580611345858,0.03089233652644733
2025-04-26,KXCPIYOY-25APR,2025-05-13,87654,2.381632653061225,2.4000000000000004,2.3000000000000003,-0.16666666666666657,0.6413461798222215,0.02068304872969597
2025-04-27,KXCPIYOY-25APR,2025-05-13,65393,2.3857142857142857,2.4000000000000004,2.4000000000000004,-0.13461538461538408,0.5999591420241597,0.020000000000000007
2025-04-28,KXCPIYOY-25APR,2025-05-13,447831,2.388775510204082,2.4000000000000004,2.4000000000000004,-0.09734513274336297,3.019876924809923,0.027322990420658076
2025-04-29,KXCPIYOY-25APR,2025-05-13,198672,2.4081632653061225,2.4000000000000004,2.4000000000000004,0.07017543859649204,2.573187231175874,0.030953769262807178
2025-04-30,KXCPIYOY-25APR,2025-05-13,236066,2.405102040816327,2.4000000000000004,2.3000000000000003,0.04424778761062094,4.504271644944146,0.03211682632236569
2025-05-01,KXCPIYOY-25APR,2025-05-13,283522,2.3938775510204087,2.4000000000000004,2.3000000000000003,-0.04838709677419235,2.8325946420225456,0.030778842149104556
2025-05-02,KXCPIYOY-25APR,2025-05-13,428623,2.3938775510204087,2.4000000000000004,2.4000000000000004,-0.05882352941176325,1.1190009542546635,0.01914618908788006
2025-05-03,KXCPIYOY-25APR,2025-05-13,96824,2.406122448979592,2.4000000000000004,2.3000000000000003,0.05882352941176325,1.5038428838286162,0.020574760516451483
2025-05-04,KXCPIYOY-25APR,2025-05-13,89682,2.406122448979592,2.4000000000000004,2.4000000000000004,0.05660377358490836,4.217513641629701,0.026493127863390264
2025-05-05,KXCPIYOY-25APR,2025-05-13,310289,2.390816326530613,2.4000000000000004,2.4000000000000004,-0.08108108108107906,4.3051204964018925,0.02695647646813829
2025-05-06,KXCPIYOY-25APR,2025-05-13,242397,2.395918367346939,2.4000000000000004,2.3000000000000003,-0.03703703703703746,3.460005865546817,0.024881299458558947
2025-05-07,KXCPIYOY-25APR,2025-05-13,262307,2.412244897959184,2.4000000000000004,2.4000000000000004,0.11538461538461671,3.2664605814293957,0.024543940024989597
2025-05-08,KXCPIYOY-25APR,2025-05-13,240319,2.4,2.4000000000000004,2.4000000000000004,0,0.8860077711905219,0.01612244897959184
2025-05-09,KXCPIYOY-25APR,2025-05-13,363891,2.4000000000000004,2.4000000000000004,2.4000000000000004,0,3.240480468749994,0.022857142857142868
2025-05-10,KXCPIYOY-25APR,2025-05-13,183318,2.405102040816327,2.4000000000000004,2.4000000000000004,0.053763440860216845,4.425042639662311,0.02232090795501875
2025-05-11,KXCPIYOY-25APR,2025-05-13,134346,2.3969387755102045,2.4000000000000004,2.4000000000000004,-0.03296703296703215,3.874979356433962,0.020296751353602677
2025-05-12,KXCPIYOY-25APR,2025-05-13,748044,2.3744897959183677,2.4000000000000004,2.4000000000000004,-0.3086419753086415,0.18641329649275828,0.011696168263223658
2025-05-12,KXCPIYOY-25MAY,2025-06-11,745,2.4438775510204085,2.5000000000000004,2.5000000000000004,-1.0000000000000013,-0.7381854652860476,0.005931903373594346
2025-05-13,KXCPIYOY-25APR,2025-05-13,361006,2.3836734693877557,2.4000000000000004,2.4000000000000004,-0.21052631578947606,4.1720325447460125,0.015243648479800092
2025-05-13,KXCPIYOY-25MAY,2025-06-11,60779,2.4857142857142858,2.5,2.5,-0.10447761194029487,-0.22317146787626596,0.03346938775510204
2025-05-14,KXCPIYOY-25MAY,2025-06-11,85446,2.4795918367346936,2.5,2.5,-0.16129032258064357,0.8087313935955254,0.029583506872136605
2025-05-15,KXCPIYOY-25MAY,2025-06-11,33919,2.4683673469387757,2.5,2.5,-0.26495726495726346,-0.2976104507818764,0.023591211995002085
2025-05-16,KXCPIYOY-25MAY,2025-06-11,25053,2.4734693877551024,2.5,2.5,-0.19696969696969438,0.6925631716229548,0.03256143273635985
2025-05-17,KXCPIYOY-25MAY,2025-06-11,30115,2.4744897959183674,2.5,2.5,-0.1968503937007872,0.830759884646914,0.029655351936693043
2025-05-18,KXCPIYOY-25MAY,2025-06-11,23788,2.477551020408163,2.5,2.5,-0.16666666666666372,1.6429596330857068,0.03480216576426489
2025-05-19,KXCPIYOY-25MAY,2025-06-11,119793,2.483673469387755,2.5,2.5,-0.1538461538461557,0.8379016932225967,0.023815077051228647
2025-05-20,KXCPIYOY-25MAY,2025-06-11,70917,2.4918367346938775,2.5,2.5,-0.08000000000000095,1.9166361151397755,0.023198667221990835
2025-05-21,KXCPIYOY-25MAY,2025-06-11,33338,2.4938775510204083,2.5,2.5,-0.06249999999999848,2.2636080900440447,0.0209829237817576
2025-05-22,KXCPIYOY-25MAY,2025-06-11,52795,2.4806122448979595,2.5,2.5,-0.18811881188118496,0.8643627203069677,0.02156289046230737
2025-05-23,KXCPIYOY-25MAY,2025-06-11,46629,2.475510204081633,2.5,2.5,-0.23529411764705732,1.6433451590495052,0.02205331112036651
2025-05-24,KXCPIYOY-25MAY,2025-06-11,11638,2.4714285714285715,2.5,2.5,-0.25454545454545363,1.180981025567366,0.024081632653061222
2025-05-25,KXCPIYOY-25MAY,2025-06-11,11268,2.475510204081633,2.5,2.5,-0.2264150943396212,1.2456795500970337,0.022257392753019575
2025-05-26,KXCPIYOY-25MAY,2025-06-11,13589,2.4836734693877554,2.5,2.5,-0.15094339622641278,2.4276515878767135,0.025855893377759266
2025-05-27,KXCPIYOY-25MAY,2025-06-11,123951,2.4693877551020407,2.5,2.5,-0.2631578947368433,1.6539838042202586,0.026205747605164517
2025-05-28,KXCPIYOY-25MAY,2025-06-11,65195,2.4653061224489794,2.4499999999999997,2.4,0.5818181818181847,2.296569960666499,0.023082049146189085
2025-05-29,KXCPIYOY-25MAY,2025-06-11,26072,2.4591836734693877,2.5,2.5,-0.3571428571428575,2.1689927698795506,0.02486463973344439
2025-05-30,KXCPIYOY-25MAY,2025-06-11,91598,2.4459183673469385,2.4,2.4,0.42056074766355345,1.9637315894113163,0.0232996668054977
2025-05-31,KXCPIYOY-25MAY,2025-06-11,42931,2.4489795918367347,2.4,2.5,0.44444444444444575,1.8353833529782602,0.021478550603915028
2025-06-01,KXCPIYOY-25MAY,2025-06-11,33840,2.4448979591836735,2.4,2.4,0.40000000000000085,0.5081204156099606,0.02084131611828404
2025-06-02,KXCPIYOY-25MAY,2025-06-11,186366,2.4397959183673468,2.4,2.4,0.37864077669903257,0.6104590579709575,0.01913057059558517
2025-06-03,KXCPIYOY-25MAY,2025-06-11,38476,2.4448979591836735,2.4,2.5,0.431372549019613,1.0959643109801807,0.017984173261141184
2025-06-04,KXCPIYOY-25MAY,2025-06-11,38244,2.4377551020408164,2.4,2.5,0.35922330097087496,0.42690255893712026,0.01826842982090795
2025-06-05,KXCPIYOY-25MAY,2025-06-11,17592,2.4428571428571426,2.4,2.4,0.41176470588235575,1.0167425330812874,0.018775510204081625
2025-06-06,KXCPIYOY-25MAY,2025-06-11,142266,2.4306122448979592,2.4,2.4,0.3333333333333349,0.8123793084319568,0.015593502707205326
2025-06-07,KXCPIYOY-25MAY,2025-06-11,36766,2.4255102040816325,2.4,2.4,0.2873563218390852,1.838500410387014,0.016185964181590996
2025-06-08,KXCPIYOY-25MAY,2025-06-11,53133,2.424489795918367,2.4,2.4,0.28571428571428925,2.2514975419165744,0.014502290712203238
2025-06-09,KXCPIYOY-25MAY,2025-06-11,166058,2.416326530612245,2.4,2.4,0.2500000000000031,0.11096398969579324,0.008713036234902116
2025-06-10,KXCPIYOY-25MAY,2025-06-11,261897,2.4163265306122446,2.4,2.4,0.22222222222222496,1.6770057163271668,0.013202832153269466
2025-06-11,KXCPIYOY-25MAY,2025-06-11,130573,2.414285714285714,2.4,2.4,0.24137931034483434,0.8977125000000012,0.007346938775510194
2025-06-15,KXCPIYOY-25JUN,2025-07-15,34160,2.657142857142857,2.6,2.6,0.43749999999999867,0.1465795501874272,0.029999999999999992
2025-06-16,KXCPIYOY-25JUN,2025-07-15,24427,2.6357142857142857,2.6,2.6,0.32110091743119173,-0.18600458870287406,0.02229591836734692
2025-06-17,KXCPIYOY-25JUN,2025-07-15,22895,2.6346938775510202,2.6,2.6,0.32075471698113,-0.05518029566929972,0.01920449812578091
2025-06-18,KXCPIYOY-25JUN,2025-07-15,64199,2.6183673469387756,2.6,2.6,0.1836734693877552,2.096319188464518,0.020887130362349012
2025-06-19,KXCPIYOY-25JUN,2025-07-15,41426,2.646938775510204,2.6,2.6999999999999997,0.3593749999999995,1.0488046553293149,0.03085797584339857
2025-06-20,KXCPIYOY-25JUN,2025-07-15,61752,2.630612244897959,2.6,2.6,0.27777777777777923,0.6783904637367333,0.02375676801332777
2025-06-21,KXCPIYOY-25JUN,2025-07-15,12715,2.636734693877551,2.6,2.6,0.3396226415094342,0.7190861581852896,0.022324031653477707
2025-06-22,KXCPIYOY-25JUN,2025-07-15,22025,2.6551020408163266,2.6,2.6,0.5000000000000003,0.46819318142809685,0.021861724281549342
2025-06-23,KXCPIYOY-25JUN,2025-07-15,70537,2.613265306122449,2.6,2.6,0.13684210526315616,1.0816399555697522,0.01992607246980424
2025-06-24,KXCPIYOY-25JUN,2025-07-15,30291,2.6255102040816327,2.6,2.6,0.22522522522522512,-0.4244762216681677,0.021900249895876706
2025-06-25,KXCPIYOY-25JUN,2025-07-15,38471,2.639795918367347,2.6,2.6,0.36448598130841076,0.9887530889121381,0.02443669304456476
2025-06-26,KXCPIYOY-25JUN,2025-07-15,21293,2.6316326530612244,2.6,2.6,0.31313131313131165,2.29654956609731,0.020529987505206147
2025-06-27,KXCPIYOY-25JUN,2025-07-15,23393,2.629591836734694,2.6,2.6,0.28712871287128755,1.9012039085705519,0.022899833402748843
2025-06-28,KXCPIYOY-25JUN,2025-07-15,11865,2.627551020408163,2.6,2.6,0.27272727272727065,1.981874788143113,0.022200124947938344
2025-06-29,KXCPIYOY-25JUN,2025-07-15,15651,2.6346938775510202,2.6,2.6,0.3399999999999978,4.0440288755719935,0.025326947105372744
2025-06-30,KXCPIYOY-25JUN,2025-07-15,63658,2.621428571428571,2.6,2.6,0.24137931034482693,1.4359163616568216,0.01658163265306121
2025-07-01,KXCPIYOY-25JUN,2025-07-15,26612,2.6214285714285714,2.6,2.6,0.23595505617977464,0.0387666666666715,0.015153061224489782
2025-07-02,KXCPIYOY-25JUN,2025-07-15,41444,2.6346938775510207,2.6,2.6,0.3617021276595768,0.920061480565189,0.01736776343190336
2025-07-03,KXCPIYOY-25JUN,2025-07-15,96917,2.627551020408163,2.6,2.6,0.26213592233009514,2.7683929205114843,0.024240941274468953
2025-07-04,KXCPIYOY-25JUN,2025-07-15,64905,2.6183673469387756,2.6,2.6,0.21428571428571447,1.1517973283179046,0.0161932528113286
2025-07-05,KXCPIYOY-25JUN,2025-07-15,25168,2.6091836734693876,2.6,2.6,0.09677419354838948,0.8062744248690019,0.017364639733444386
2025-07-06,KXCPIYOY-25JUN,2025-07-15,39496,2.612244897959184,2.6,2.6,0.1428571428571395,1.2096547595552547,0.015972511453561003
2025-07-07,KXCPIYOY-25JUN,2025-07-15,150093,2.5897959183673467,2.6,2.6,-0.15624999999999853,0.4958304979252768,0.009691795085381084
2025-07-08,KXCPIYOY-25JUN,2025-07-15,95574,2.605102040816327,2.6,2.6,0.07246376811593823,0.360161460831085,0.01068825489379424
2025-07-09,KXCPIYOY-25JUN,2025-07-15,104532,2.6040816326530614,2.6,2.6,0.05263157894736909,1.142962840944275,0.012840483132028308
2025-07-10,KXCPIYOY-25JUN,2025-07-15,90492,2.611224489795918,2.6,2.6,0.13580246913580288,-0.2104023916528761,0.01324135776759682
2025-07-11,KXCPIYOY-25JUN,2025-07-15,98109,2.621428571428571,2.6,2.6,0.26582278481012594,0.8339948960302599,0.012908163265306107
2025-07-12,KXCPIYOY-25JUN,2025-07-15,81809,2.6112244897959185,2.6,2.6,0.1325301204819281,0.4285573770220874,0.012833194502290696
2025-07-13,KXCPIYOY-25JUL,2025-08-12,0,2.7153061224489794,2.6999999999999997,2.6999999999999997,0.15789473684210611,-0.9993632279318914,0.014357559350270705
2025-07-13,KXCPIYOY-25JUN,2025-07-15,91893,2.608163265306122,2.6,2.6,0.09756097560975735,0.7601864136860788,0.013402748854643884
2025-07-14,KXCPIYOY-25JUL,2025-08-12,575,2.693877551020408,2.6999999999999997,2.6999999999999997,-0.05172413793103325,-0.8355868215255939,0.02261557684298208
2025-07-14,KXCPIYOY-25JUN,2025-07-15,437704,2.6112244897959185,2.6,2.6,0.13253012048192808,1.4185946104444893,0.014874010828821312
2025-07-15,KXCPIYOY-25JUL,2025-08-12,35649,2.8255102040816324,2.8,2.8,0.18248175182481727,-0.03338239677845456,0.03394106622240733
2025-07-15,KXCPIYOY-25JUN,2025-07-15,300176,2.6244897959183673,2.6,2.6,0.40000000000000524,0.6551224765391681,0.00878800499791752
2025-07-16,KXCPIYOY-25JUL,2025-08-12,74735,2.7989795918367344,2.8,2.8,-0.011494252873564603,1.76484059941221,0.017856101624323203
2025-07-17,KXCPIYOY-25JUL,2025-08-12,51080,2.7826530612244897,2.8,2.8,-0.1868131868131854,1.4669088428776087,0.019188879633486047
2025-07-18,KXCPIYOY-25JUL,2025-08-12,25430,2.7908163265306123,2.8,2.8,-0.09677419354838473,1.3772236237796216,0.019201374427321945
2025-07-19,KXCPIYOY-25JUL,2025-08-12,4633,2.78469387755102,2.8,2.8,-0.16853932584269737,0.9488103950246649,0.015990212411495217
2025-07-20,KXCPIYOY-25JUL,2025-08-12,16139,2.7816326530612243,2.8,2.8,-0.21428571428571416,0.4909848810417512,0.014152436484798005
2025-07-21,KXCPIYOY-25JUL,2025-08-12,43007,2.7877551020408164,2.8,2.8,-0.11999999999999707,1.3443766208136534,0.02352353186172428
2025-07-22,KXCPIYOY-25JUL,2025-08-12,67731,2.7724489795918363,2.8,2.8,-0.26213592233009486,0.5813191526488803,0.020975635152019993
2025-07-23,KXCPIYOY-25JUL,2025-08-12,51020,2.7846938775510206,2.8,2.8,-0.18072289156626586,0.9698842358089612,0.015990212411495217
2025-07-24,KXCPIYOY-25JUL,2025-08-12,33577,2.7826530612244897,2.8,2.8,-0.1868131868131854,0.64217323017458,0.016535818408996258
2025-07-25,KXCPIYOY-25JUL,2025-08-12,22968,2.7806122448979593,2.8,2.8,-0.23456790123456928,0.6868236055631041,0.01360370678883799
2025-07-26,KXCPIYOY-25JUL,2025-08-12,4813,2.7826530612244897,2.8,2.8,-0.2000000000000036,1.6563001492990264,0.01612765514369013
2025-07-27,KXCPIYOY-25JUL,2025-08-12,9977,2.7806122448979593,2.8,2.8,-0.22352941176470725,1.513879460930462,0.015440441482715532
2025-07-28,KXCPIYOY-25JUL,2025-08-12,13941,2.7897959183673464,2.8,2.8,-0.10416666666666559,1.4236245392220024,0.021120366513952528
2025-07-29,KXCPIYOY-25JUL,2025-08-12,32563,2.763265306122449,2.8,2.6999999999999997,-0.39130434782608675,1.2396073684039557,0.01640566430653895
2025-07-30,KXCPIYOY-25JUL,2025-08-12,80981,2.770408163265306,2.8,2.8,-0.40845070422535223,1.6765411462727302,0.01167534360683049
2025-07-31,KXCPIYOY-25JUL,2025-08-12,57969,2.7775510204081635,2.8,2.8,-0.28205128205128255,0.8090606576428105,0.013373594335693463
2025-08-01,KXCPIYOY-25JUL,2025-08-12,170762,2.7897959183673464,2.8,2.8,-0.15151515151515657,0.9600739583333269,0.009895876718034158
2025-08-02,KXCPIYOY-25JUL,2025-08-12,92347,2.7785714285714285,2.8,2.8,-0.26582278481012556,0.9735625115739097,0.01372448979591837
2025-08-03,KXCPIYOY-25JUL,2025-08-12,33454,2.7836734693877547,2.8,2.8,-0.23529411764706154,2.773717869642704,0.012386505622657227
2025-08-04,KXCPIYOY-25JUL,2025-08-12,111984,2.7867346938775506,2.8,2.8,-0.17808219178082546,2.2342973603389327,0.013191378592253231
2025-08-05,KXCPIYOY-25JUL,2025-08-12,128632,2.7693877551020405,2.8,2.8,-0.4166666666666685,3.0895231125937883,0.013144523115368597
2025-08-06,KXCPIYOY-25JUL,2025-08-12,94600,2.7714285714285714,2.8,2.8,-0.3783783783783769,2.395794292508911,0.011836734693877552
2025-08-07,KXCPIYOY-25JUL,2025-08-12,49939,2.763265306122449,2.8,2.8,-0.48648648648648624,2.121627695784567,0.011507705122865475
2025-08-08,KXCPIYOY-25JUL,2025-08-12,60915,2.770408163265306,2.8,2.8,-0.42028985507246386,1.5535957706125751,0.010042690545606001
2025-08-09,KXCPIYOY-25JUL,2025-08-12,25701,2.7724489795918363,2.8,2.8,-0.3802816901408418,1.7533315952665882,0.010567471886713874
2025-08-10,KXCPIYOY-25JUL,2025-08-12,42201,2.7693877551020405,2.8,2.8,-0.4411764705882308,0.40926477127634975,0.009266972094960435
2025-08-11,KXCPIYOY-25JUL,2025-08-12,401142,2.7928571428571427,2.8,2.8,-0.11475409836065528,2.710467813002185,0.009438775510204086
2025-08-12,KXCPIYOY-25AUG,2025-09-11,34830,2.860204081632653,2.9,2.8,-0.4105263157894726,1.0090965116080222,0.015865264473136204
2025-08-12,KXCPIYOY-25JUL,2025-08-12,290973,2.7989795918367344,2.8,2.8,-0.016949152542374918,3.1710122727484054,0.010509162848813002
2025-08-13,KXCPIYOY-25AUG,2025-09-11,89232,2.858163265306122,2.9,2.9,-0.43157894736841795,2.225246101058799,0.020596626405664314
2025-08-14,KXCPIYOY-25AUG,2025-09-11,43147,2.863265306122449,2.9,2.9,-0.4186046511627904,1.1223078531920327,0.015385256143273645
2025-08-15,KXCPIYOY-25AUG,2025-09-11,33618,2.862244897959184,2.9,2.9,-0.40659340659340765,0.7605989191438094,0.017248021657642654
2025-08-16,KXCPIYOY-25AUG,2025-09-11,26836,2.8561224489795918,2.9,2.9,-0.5058823529411759,2.0879395161783645,0.015523740108288222
2025-08-17,KXCPIYOY-25AUG,2025-09-11,25381,2.855102040816326,2.9,2.9,-0.4888888888888896,2.1364479518720145,0.017984173261141198
2025-08-18,KXCPIYOY-25AUG,2025-09-11,75239,2.853061224489796,2.9,2.9,-0.4893617021276583,1.4561213407686884,0.018613077884214915
2025-08-19,KXCPIYOY-25AUG,2025-09-11,40145,2.854081632653061,2.9,2.9,-0.5172413793103419,2.086764516069201,0.016769054560599756
2025-08-20,KXCPIYOY-25AUG,2025-09-11,30939,2.859183673469388,2.9,2.9,-0.5128205128205131,1.789746589320572,0.013436068304872975
2025-08-21,KXCPIYOY-25AUG,2025-09-11,33041,2.8755102040816327,2.9,2.9,-0.3333333333333372,1.1702775983624587,0.011645147855060399
2025-08-22,KXCPIYOY-25AUG,2025-09-11,64522,2.871428571428571,2.9,2.9,-0.3499999999999985,0.8983622485207015,0.013265306122448993
2025-08-23,KXCPIYOY-25AUG,2025-09-11,6798,2.8693877551020406,2.9,2.9,-0.3947368421052647,1.2534092155239085,0.012532278217409421
2025-08-24,KXCPIYOY-25AUG,2025-09-11,3236,2.8683673469387756,2.9,2.9,-0.38271604938271364,0.9224295704905296,0.01359121199500209
2025-08-25,KXCPIYOY-25AUG,2025-09-11,30165,2.86734693877551,2.9,2.9,-0.41025641025640935,1.592072775322512,0.012811328613077894
2025-08-26,KXCPIYOY-25AUG,2025-09-11,27936,2.8785714285714286,2.9,2.9,-0.2658227848101255,1.547033333333327,0.0151530612244898
2025-08-27,KXCPIYOY-25AUG,2025-09-11,36356,2.881632653061225,2.9,2.9,-0.2307692307692306,1.6198247399999968,0.01374427321949189
2025-08-28,KXCPIYOY-25AUG,2025-09-11,19997,2.883673469387755,2.9,2.9,-0.1951219512195144,0.3841524358988191,0.013815077051228666
2025-08-29,KXCPIYOY-25AUG,2025-09-11,28636,2.8785714285714286,2.9,2.9,-0.2727272727272716,1.2492865290138768,0.013520408163265314
2025-08-30,KXCPIYOY-25AUG,2025-09-11,4914,2.8816326530612244,2.9,2.9,-0.23684210526315774,1.3170863425518364,0.012927946688879642
2025-08-31,KXCPIYOY-25AUG,2025-09-11,6035,2.871428571428571,2.9,2.9,-0.3255813953488359,2.1159354253420437,0.016734693877551027
2025-09-01,KXCPIYOY-25AUG,2025-09-11,19697,2.8816326530612244,2.9,2.9,-0.23684210526315772,0.3804318509722222,0.0121116201582674
2025-09-02,KXCPIYOY-25AUG,2025-09-11,23595,2.8765306122448977,2.9,2.9,-0.2839506172839525,1.7135369047021793,0.013428779675135371
2025-09-03,KXCPIYOY-25AUG,2025-09-11,36605,2.881632653061225,2.9,2.9,-0.24324324324324303,1.5974745921331008,0.012519783423573525
2025-09-04,KXCPIYOY-25AUG,2025-09-11,16743,2.877551020408163,2.9,2.9,-0.30555555555555597,1.1698485798885372,0.010924614743856738
2025-09-05,KXCPIYOY-25AUG,2025-09-11,67230,2.880612244897959,2.9,2.9,-0.28358208955223385,0.3491158518676398,0.008909829237817586
2025-09-06,KXCPIYOY-25AUG,2025-09-11,39580,2.880612244897959,2.9,2.9,-0.2923076923076939,0.16400069955922536,0.00890982923781759
2025-09-07,KXCPIYOY-25AUG,2025-09-11,28205,2.8785714285714286,2.9,2.9,-0.3333333333333388,0.2470287197231813,0.007806122448979603
2025-09-08,KXCPIYOY-25AUG,2025-09-11,80314,2.8867346938775507,2.9,2.9,-0.19402985074626594,0.9536043803516177,0.009517909204498135
2025-09-09,KXCPIYOY-25AUG,2025-09-11,159862,2.8877551020408165,2.9,2.9,-0.2222222222222247,-0.24136649918594344,0.005972511453561027
2025-09-10,KXCPIYOY-25AUG,2025-09-11,223666,2.8755102040816327,2.9,2.9,-0.37499999999999745,0.8638778799031219,0.008583923365264484
2025-09-11,KXCPIYOY-25AUG,2025-09-11,143076,2.870408163265306,2.9,2.9,-0.4603174603174534,1.035754596392839,0.008410037484381518
2025-09-15,KXCPIYOY-25SEP,2025-10-15,32192,3.0775510204081633,3.1,3.1,-0.28947368421052133,3.0374396123858416,0.012557267805081205
2025-09-16,KXCPIYOY-25SEP,2025-10-15,51070,3.081632653061224,3.1,3.1,-0.25714285714285734,1.2045281202066027,0.009662640566430642
2025-09-17,KXCPIYOY-25SEP,2025-10-15,26182,3.0775510204081633,3.1,3.1,-0.31428571428571517,1.0292028642143816,0.009904206580591412
2025-09-18,KXCPIYOY-25SEP,2025-10-15,31312,3.079591836734694,3.1,3.1,-0.2857142857142893,1.1153122074785191,0.009787588504789661
2025-09-19,KXCPIYOY-25SEP,2025-10-15,29817,3.0775510204081633,3.1,3.1,-0.3055555555555564,3.675733444382189,0.011536859641815897
2025-09-20,KXCPIYOY-25SEP,2025-10-15,2284,3.076530612244898,3.1,3.1,-0.32394366197183355,3.7797145564116787,0.011387963348604736
2025-09-21,KXCPIYOY-25SEP,2025-10-15,1468,3.0744897959183675,3.1,3.1,-0.36231884057971,3.8735919991450505,0.011492086630570586
2025-09-22,KXCPIYOY-25SEP,2025-10-15,7819,3.0785714285714283,3.1,3.1,-0.2957746478873231,3.793675679999999,0.011479591836734684
2025-09-23,KXCPIYOY-25SEP,2025-10-15,8037,3.077551020408163,3.1,3.1,-0.32352941176470684,4.324062078240095,0.010924614743856715
2025-09-24,KXCPIYOY-25SEP,2025-10-15,35745,3.071428571428571,3.1,3.1,-0.3888888888888937,1.0184100000000003,0.010204081632653055
2025-09-25,KXCPIYOY-25SEP,2025-10-15,30644,3.0591836734693874,3.1,3.1,-0.5000000000000007,5.093697552050147,0.01486463973344439
2025-09-26,KXCPIYOY-25SEP,2025-10-15,12331,3.0602040816326532,3.1,3.1,-0.5064935064935112,2.97240001945244,0.012599958350687208
2025-09-27,KXCPIYOY-25SEP,2025-10-15,10247,3.0561224489795924,3.1,3.1,-0.530864197530864,2.601315952873919,0.013278842149104535
2025-09-28,KXCPIYOY-25SEP,2025-10-15,1861,3.0581632653061224,3.1,3.1,-0.5324675324675346,3.1739759381688515,0.012229279466888792
2025-09-29,KXCPIYOY-25SEP,2025-10-15,95624,3.0591836734693874,3.1,3.1,-0.5555555555555622,3.5597576474047488,0.01078300708038317
2025-09-30,KXCPIYOY-25SEP,2025-10-15,40443,3.0622448979591836,3.1,3.1,-0.4933333333333349,0.9790405228314261,0.010309246147438562
2025-10-01,KXCPIYOY-25SEP,2025-10-15,15579,3.0602040816326532,3.1,3.1,-0.5200000000000049,1.503950041806208,0.010967305289462721
2025-10-02,KXCPIYOY-25SEP,2025-10-15,33230,3.0591836734693874,3.1,3,-0.4761904761904769,2.2213436759141176,0.012619741774260715
2025-10-03,KXCPIYOY-25SEP,2025-10-15,11292,3.0602040816326532,3.1,3.1,-0.4814814814814807,0.36365393665724044,0.010967305289462716
2025-10-04,KXCPIYOY-25SEP,2025-10-15,5377,3.0581632653061224,3.1,3.1,-0.49397590361446,2.1471040051496573,0.01243336109954185
2025-10-05,KXCPIYOY-25SEP,2025-10-15,4757,3.054081632653061,3.1,3,-0.5172413793103474,1.8449645871726243,0.012687421907538516
2025-10-06,KXCPIYOY-25SEP,2025-10-15,41856,3.0551020408163265,3.1,3.1,-0.5641025641025653,-0.4290581572166956,0.009412744689712614
2025-10-07,KXCPIYOY-25SEP,2025-10-15,50005,3.0591836734693874,3.1,3.1,-0.5128205128205134,0.44222210014111285,0.01078300708038317
2025-10-08,KXCPIYOY-25SEP,2025-10-15,44470,3.0438775510204086,3.1,3.1,-0.6179775280898889,1.1937271416096014,0.014707413577675967
2025-10-09,KXCPIYOY-25SEP,2025-10-15,2130,3.0459183673469385,3.1,3.1,-0.6091954022988492,1.6290562259986432,0.013095585172844643
2025-10-10,KXCPIYOY-25SEP,2025-10-15,61983,3.0571428571428574,3.1,3.1,-0.5121951219512232,2.1443906250000158,0.014693877551020404
2025-10-11,KXCPIYOY-25SEP,2025-10-15,5992,3.0622448979591836,3.1,3.1,-0.46835443037974833,1.3210240715515216,0.01173781757600999
2025-10-12,KXCPIYOY-25SEP,2025-10-15,2268,3.0561224489795924,3.1,3.1,-0.5443037974683542,1.1889448879420597,0.011646189087880048
2025-10-13,KXCPIYOY-25SEP,2025-10-15,42052,3.0602040816326532,3.1,3.1,-0.519999999999999,0.7512107639120202,0.010150978758850475
2025-10-14,KXCPIYOY-25OCT,2025-11-13,5020,3.0632653061224495,3.1,3.1,-0.4864864864864871,-0.33432488773409474,0.009466888796334842
2025-10-14,KXCPIYOY-25SEP,2025-10-15,85010,3.063265306122449,3.1,3.1,-0.5000000000000001,-0.12861256949290967,0.00865056226572261
2025-10-15,KXCPIYOY-25OCT,2025-11-13,2131,3.0591836734693882,3.1,3.1,-0.5128205128205142,-0.47777110562585756,0.009762598917117848
2025-10-15,KXCPIYOY-25SEP,2025-10-15,39195,3.063265306122449,3.1,3.1,-0.5294117647058824,0.16129944598338497,0.007834235735110363
2025-10-16,KXCPIYOY-25OCT,2025-11-13,6945,3.0551020408163265,3.1,3,-0.5789473684210539,-0.26170982939990806,0.008800499791753432
2025-10-17,KXCPIYOY-25OCT,2025-11-13,3741,3.0561224489795924,3.1,3.1,-0.5308641975308639,-0.5745930757484383,0.010013536026655554
2025-10-18,KXCPIYOY-25OCT,2025-11-13,1875,3.0581632653061224,3.1,3,-0.5189873417721541,-0.45659065603493776,0.009576218242398992
2025-10-19,KXCPIYOY-25OCT,2025-11-13,508,3.0489795918367344,3.1,3.1,-0.5952380952380999,1.2302860741306088,0.012703040399833403
2025-10-20,KXCPIYOY-25OCT,2025-11-13,10839,3.0479591836734694,3.1,3,-0.6000000000000008,1.1986975344003055,0.012699916701374426
2025-10-21,KXCPIYOY-25OCT,2025-11-13,718,3.0489795918367344,3.1,3,-0.5952380952380946,1.3383244533617074,0.012498958767180341
2025-10-22,KXCPIYOY-25OCT,2025-11-13,41581,3.0510204081632653,3.1,3.1,-0.5714285714285731,1.1944857865651386,0.012907122032486461
2025-10-23,KXCPIYOY-25OCT,2025-11-13,40120,3.0530612244897957,3.1,3,-0.5749999999999987,-0.23975622189586598,0.0096334860474802109
2025-10-24,KXCPIYOY-25OCT,2025-11-13,137491,3.022448979591837,3,3,0.35483870967742,0.7323941557671083,0.00827155351936693
2025-10-25,KXCPIYOY-25OCT,2025-11-13,36165,3.0663265306122445,3.0500000000000003,3.1999999999999997,0.6190476190476154,-0.9133768445465877,0.014682423990004148
2025-10-26,KXCPIYOY-25OCT,2025-11-13,68544,3.092857142857143,3.1,3.1999999999999997,-0.08641975308642491,0.362568581112213,0.0118877551020408
2025-10-27,KXCPIYOY-25OCT,2025-11-13,48872,3.083673469387755,3.1,3.1,-0.19999999999999715,-0.2501860990238085,0.011366097459391907
2025-10-28,KXCPIYOY-25OCT,2025-11-13,4893,3.08265306122449,3.1,3.1,-0.20987654320988056,-0.32227376686995646,0.011637859225322768
2025-10-29,KXCPIYOY-25OCT,2025-11-13,18305,3.072448979591836,3.1,3,-0.3103448275862045,-0.6070087249576814,0.011791961682632223
2025-10-30,KXCPIYOY-25OCT,2025-11-13,40837,3.083673469387755,3.1,3.1999999999999997,-0.1951219512195147,-0.3127495459581304,0.011366097459391907
2025-10-31,KXCPIYOY-25OCT,2025-11-13,34804,3.081632653061224,3.1,3.1999999999999997,-0.20454545454545964,0.16304733766001078,0.012519783423573495
2025-11-01,KXCPIYOY-25OCT,2025-11-13,2746,3.0785714285714283,3.1,3,-0.24705882352941616,0.36189943174234385,0.01168367346938774
2025-11-02,KXCPIYOY-25OCT,2025-11-13,1204,3.076530612244898,3.1,3,-0.2584269662921369,0.16420679630832513,0.012000208246563917
2025-11-03,KXCPIYOY-25OCT,2025-11-13,8377,3.0663265306122445,3.1,3,-0.37078651685393843,1.013804819686583,0.014274260724698031
2025-11-04,KXCPIYOY-25OCT,2025-11-13,4324,3.061224489795918,3.1,3,-0.38000000000000256,0.3446223689887118,0.015639316951270292
2025-11-05,KXCPIYOY-25OCT,2025-11-13,35630,3.061224489795918,3.1,3,-0.395833333333336,0.5602361020226101,0.01502707205331111
2025-11-06,KXCPIYOY-25OCT,2025-11-13,40411,3.064285714285714,3.1,3,-0.38461538461538824,1.0781675763796699,0.013928571428571417
2025-11-07,KXCPIYOY-25OCT,2025-11-13,17828,3.054081632653061,3,3,0.5698924731182784,0.6431173569739892,0.014320074968763006
2025-11-08,KXCPIYOY-25OCT,2025-11-13,23287,3.070408163265306,3.1,3.1999999999999997,-0.2815533980582571,2.8984148966728425,0.018614119117034547
2025-11-09,KXCPIYOY-25OCT,2025-11-13,5848,3.064285714285714,3.1,3,-0.3608247422680447,3.520971582914356,0.017193877551020392
2025-11-10,KXCPIYOY-25OCT,2025-11-13,51512,3.0683673469387753,3.1,3.1999999999999997,-0.28971962616822694,1.4799509010229004,0.018081007913369408
2025-11-11,KXCPIYOY-25OCT,2025-11-13,27855,3.0622448979591836,3.1,3,-0.3814432989690736,2.0700609629669122,0.01643169512703039
2025-11-12,KXCPIYOY-25OCT,2025-11-13,128997,3.1153061224489798,3.1999999999999997,3.1999999999999997,-0.9999999999999966,-1.3383298541378774,0.010071845064556413
2025-11-13,KXCPIYOY-25OCT,2025-11-13,31306,3.111224489795918,3.1999999999999997,3.1999999999999997,-1.0000000000000018,-1.1299943080837214,0.012833194502290687
2025-11-18,KXCPIYOY-25NOV,2025-12-18,773,3.0448979591836736,3.1,3.1,-0.6428571428571386,0.5062438756836722,0.011657642648896273
2025-11-19,KXCPIYOY-25NOV,2025-12-18,3537,3.0346938775510206,3,3,0.3863636363636383,2.1692695442878627,0.014306538942107466
2025-11-20,KXCPIYOY-25NOV,2025-12-18,33,3.039795918367347,3.1,3.1,-0.6629213483146033,2.2677937862030157,0.014436693044564774
2025-11-21,KXCPIYOY-25NOV,2025-12-18,720,3.0418367346938777,3.1,3.1,-0.6551724137931022,2.4549516283979864,0.014270095793419419
2025-11-22,KXCPIYOY-25NOV,2025-12-18,702,3.0520408163265307,3.1,3.1,-0.5949367088607592,-0.9862989874513639,0.009230528946272402
2025-11-23,KXCPIYOY-25NOV,2025-12-18,2208,3.0459183673469385,3,3,0.5844155844155867,-0.9210891196802335,0.008809870887130379
2025-11-24,KXCPIYOY-25NOV,2025-12-18,5735,3.0387755102040814,3,3,0.47499999999999715,0.7918379668545916,0.010741357767596845
2025-11-25,KXCPIYOY-25NOV,2025-12-18,9875,3.0428571428571436,3.1,3.1,-0.7000000000000024,1.0571844290657557,0.010408163265306131
2025-11-26,KXCPIYOY-25NOV,2025-12-18,3108,3.0479591836734694,3.1,3.1,-0.6800000000000004,-0.2821622209091088,0.008618284048313213
2025-11-27,KXCPIYOY-25NOV,2025-12-18,1876,3.0469387755102044,3.1,3.1,-0.6842105263157915,-0.29251541421457805,0.008613077884214922
2025-11-28,KXCPIYOY-25NOV,2025-12-18,4189,3.0418367346938777,3,3,0.5189873417721536,1.0575398823951208,0.010392544773011256
2025-11-29,KXCPIYOY-25NOV,2025-12-18,295,3.0418367346938777,3,3,0.5324675324675342,1.1822134160599997,0.010188463140358196
2025-11-30,KXCPIYOY-25NOV,2025-12-18,625,3.0469387755102044,3.1,3.1,-0.666666666666663,1.412954912014114,0.010041649312786349
2025-12-01,KXCPIYOY-25NOV,2025-12-18,2354,3.0459183673469394,3.1,3.1,-0.6883116883116861,1.5147092022817237,0.009830279050395678
2025-12-02,KXCPIYOY-25NOV,2025-12-18,12378,3.038775510204082,3,3,0.4523809523809548,3.14491432932411,0.01298625572678052
2025-12-03,KXCPIYOY-25NOV,2025-12-18,32221,3.0367346938775515,3,3,0.4999999999999995,-0.3839035135024278,0.008650562265722627
2025-12-04,KXCPIYOY-25NOV,2025-12-18,90461,3.026530612244898,3,3,0.33333333333333426,-0.7795052698336695,0.009704289879217004
2025-12-05,KXCPIYOY-25NOV,2025-12-18,6470,3.020408163265306,3,3,0.2702702702702733,0.6627780750746801,0.009787588504789682
2025-12-06,KXCPIYOY-25NOV,2025-12-18,4347,3.0183673469387755,3,3,0.2307692307692306,2.3956559760144778,0.012927946688879642
2025-12-07,KXCPIYOY-25NOV,2025-12-18,719,3.022448979591837,3,3.1,0.2682926829268296,1.431982570169147,0.011740941274468982
2025-12-08,KXCPIYOY-25NOV,2025-12-18,29593,3.016326530612245,3,3,0.21621621621621864,1.95476128618228,0.010549770928779683
2025-12-09,KXCPIYOY-25NOV,2025-12-18,52842,3.0081632653061225,3,3,0.11764705882353076,2.370084433151961,0.009321116201582682
2025-12-10,KXCPIYOY-25NOV,2025-12-18,37049,3.0020408163265304,3,3,0.030303030303033943,2.2748216678716267,0.00917950853810913
2025-12-11,KXCPIYOY-25NOV,2025-12-18,21206,3.009183673469388,3,3,0.13432835820895186,2.5912811238377893,0.009201374427321956
2025-12-12,KXCPIYOY-25NOV,2025-12-18,15415,3.009183673469388,3,3,0.1525423728813521,0.7115727455821306,0.007160558100791343
2025-12-13,KXCPIYOY-25NOV,2025-12-18,1429,3.0214285714285714,3,3.1,0.2799999999999988,0.06578716435353549,0.00943877551020409
2025-12-14,KXCPIYOY-25DEC,2026-01-13,7192,2.9346938775510205,2.9,3,0.3090909090909107,0.1916083569726208,0.020837151187005416
2025-12-14,KXCPIYOY-25NOV,2025-12-18,2709,3.022448979591837,3,3,0.3548387096774199,1.065250977329148,0.0076593086214077535
2025-12-15,KXCPIYOY-25DEC,2026-01-13,461,2.9244897959183676,2.9,2.9,0.21818181818182072,-0.10601763983728052,0.022257392753019575
2025-12-15,KXCPIYOY-25NOV,2025-12-18,91090,3.0112244897959184,3,3,0.15492957746478897,0.06178392370214425,0.00936380674718868
2025-12-16,KXCPIYOY-25DEC,2026-01-13,2732,2.8887755102040815,2.9,2.9,-0.09243697478991612,0.24150704940604983,0.02875156184922949
2025-12-16,KXCPIYOY-25NOV,2025-12-18,121164,3.010204081632653,3,3,0.14705882352941024,-0.4732947164941317,0.008467305289462731
2025-12-17,KXCPIYOY-25DEC,2026-01-13,2480,2.8744897959183677,2.9,2.9,-0.21008403361344505,0.29681151660031935,0.02781861724281549
2025-12-17,KXCPIYOY-25NOV,2025-12-18,120341,3.0071428571428567,3,3,0.09589041095890372,-0.5968238790024807,0.00923469387755103
2025-12-18,KXCPIYOY-25DEC,2026-01-13,16731,2.763265306122449,2.6999999999999997,2.8,0.4626865671641799,0.48522966867034967,0.035181174510620555
2025-12-18,KXCPIYOY-25NOV,2025-12-18,69250,3.0061224489795917,3,3,0.08571428571428359,-0.5530522171459311,0.009146189087880053
2025-12-19,KXCPIYOY-25DEC,2026-01-13,5510,2.7479591836734696,2.6999999999999997,2.6999999999999997,0.38211382113821163,-0.33494624472378387,0.02616930445647647
2025-12-20,KXCPIYOY-25DEC,2026-01-13,5912,2.743877551020408,2.6999999999999997,2.6999999999999997,0.36752136752137105,0.03166648269390748,0.025931903373594342
2025-12-21,KXCPIYOY-25DEC,2026-01-13,18350,2.7561224489795917,2.6999999999999997,2.6999999999999997,0.4263565891472878,0.28886492796484164,0.03123802582257392
2025-12-22,KXCPIYOY-25DEC,2026-01-13,52402,2.721428571428571,2.6999999999999997,2.6,0.17073170731707618,-0.35004951882130086,0.02515306122448979
2025-12-23,KXCPIYOY-25DEC,2026-01-13,15236,2.728571428571429,2.6999999999999997,2.6,0.2121212121212148,0.6758111427554154,0.03244897959183671
2025-12-24,KXCPIYOY-25DEC,2026-01-13,2985,2.7153061224489794,2.6999999999999997,2.6,0.13274336283186297,-0.21206574732373706,0.022316743023740104
2025-12-25,KXCPIYOY-25DEC,2026-01-13,1120,2.712244897959183,2.6999999999999997,2.6,0.1071428571428585,0.2907606613490219,0.023931695127030396
2025-12-26,KXCPIYOY-25DEC,2026-01-13,27756,2.6887755102040813,2.6,2.6,0.7310924369747874,0.4237732940528649,0.025486255726780496
2025-12-27,KXCPIYOY-25DEC,2026-01-13,6092,2.6959183673469385,2.6999999999999997,2.6,-0.034482758620686345,0.5221064039593024,0.023248646397334434
2025-12-28,KXCPIYOY-25DEC,2026-01-13,4836,2.692857142857143,2.6999999999999997,2.6,-0.057851239669417735,0.38195558633425675,0.026173469387755093
2025-12-29,KXCPIYOY-25DEC,2026-01-13,15849,2.6969387755102043,2.6999999999999997,2.6,-0.023622047244093936,-0.16564714832414085,0.02601103706788837
2025-12-30,KXCPIYOY-25DEC,2026-01-13,29286,2.6938775510204085,2.6999999999999997,2.6,-0.051724137931029514,0.15034995175009325,0.023431903373594323
2025-12-31,KXCPIYOY-25DEC,2026-01-13,26743,2.6806122448979592,2.6999999999999997,2.6,-0.16239316239315985,0.5607772591489204,0.02319554352353185
2026-01-01,KXCPIYOY-25DEC,2026-01-13,24901,2.6775510204081634,2.6999999999999997,2.6,-0.2037037037037003,0.11321174686809954,0.0188837984173261
2026-01-02,KXCPIYOY-25DEC,2026-01-13,55423,2.683673469387755,2.6999999999999997,2.6,-0.14814814814814603,-0.03517082330372645,0.019325281132861295
2026-01-03,KXCPIYOY-25DEC,2026-01-13,6091,2.6795918367346934,2.6999999999999997,2.6,-0.18518518518518357,0.05616215420505144,0.018971261974177412
2026-01-04,KXCPIYOY-25DEC,2026-01-13,6548,2.6816326530612247,2.6999999999999997,2.6,-0.16363636363635983,1.0105727969153353,0.020887130362349002
2026-01-05,KXCPIYOY-25DEC,2026-01-13,35128,2.701020408163265,2.6999999999999997,2.6,0.008403361344538835,0.3446572182612102,0.025407122032486455
2026-01-06,KXCPIYOY-25DEC,2026-01-13,7608,2.6979591836734693,2.6999999999999997,2.6,-0.01785714285714114,-0.24666180179568276,0.021424406497292783
2026-01-07,KXCPIYOY-25DEC,2026-01-13,27008,2.716326530612245,2.6999999999999997,2.6,0.13333333333333502,0.5844845274315587,0.025855893377759252
2026-01-08,KXCPIYOY-25DEC,2026-01-13,26749,2.716326530612245,2.6999999999999997,2.6,0.13559322033898474,0.3932019306375061,0.0240191586838817
2026-01-09,KXCPIYOY-25DEC,2026-01-13,48974,2.7081632653061223,2.6999999999999997,2.6,0.08163265306122554,0.5799686445140662,0.01850478967097042
2026-01-10,KXCPIYOY-25DEC,2026-01-13,22641,2.7153061224489794,2.6999999999999997,2.6,0.14851485148515362,1.004197685974665,0.01986776343190336
2026-01-11,KXCPIYOY-25DEC,2026-01-13,10991,2.713265306122449,2.6999999999999997,2.6,0.13131313131313407,0.3448258161092159,0.017885256143273624
2026-01-12,KXCPIYOY-25DEC,2026-01-13,119803,2.722448979591837,2.6999999999999997,2.8,0.25000000000000067,0.18482764713953026,0.012761349437734264
2026-01-13,KXCPIYOY-25DEC,2026-01-13,74927,2.7397959183673466,2.6999999999999997,2.8,0.41052631578947757,1.097540400242039,0.016069346105789247
2026-01-14,KXCPIYOY-26JAN,2026-02-13,59479,2.516326530612245,2.5,2.4,0.13559322033898463,0.567682829528509,0.026059975010412337
2026-01-15,KXCPIYOY-26JAN,2026-02-13,34557,2.4979591836734696,2.5,2.4,-0.016129032258062947,2.0010340195834058,0.030403998334027495
2026-01-16,KXCPIYOY-26JAN,2026-02-13,18013,2.4744897959183674,2.5,2.4,-0.1968503937007872,1.3575382867633534,0.030675760099958347
2026-01-17,KXCPIYOY-26JAN,2026-02-13,4668,2.489795918367347,2.5,2.4,-0.08064516129032179,2.467578149828867,0.03316118284048313
2026-01-18,KXCPIYOY-26JAN,2026-02-13,6167,2.4908163265306125,2.5,2.4,-0.07563025210083849,0.28244464779837886,0.025323823406913783
2026-01-19,KXCPIYOY-26JAN,2026-02-13,2503,2.506122448979592,2.5,2.4,0.04477611940298722,0.755194290231016,0.03302374010828821
2026-01-20,KXCPIYOY-26JAN,2026-02-13,24414,2.443877551020408,2.4,2.4,0.38738738738739104,-0.3727328568308761,0.021646189087880054
2026-01-21,KXCPIYOY-26JAN,2026-02-13,40546,2.48265306122449,2.5,2.4,-0.125925925925925,-0.7287310971673917,0.027760308204914624
2026-01-22,KXCPIYOY-26JAN,2026-02-13,126912,2.445918367346939,2.4,2.5,0.3982300884955772,1.4410095442117,0.023911911703456887
2026-01-23,KXCPIYOY-26JAN,2026-02-13,56620,2.4418367346938776,2.4,2.4,0.3761467889908273,-0.48391543168915563,0.01896397334443981
2026-01-24,KXCPIYOY-26JAN,2026-02-13,10147,2.4591836734693877,2.4,2.4,0.4603174603174607,0.36612007538825075,0.027109537692628062
2026-01-25,KXCPIYOY-26JAN,2026-02-13,10457,2.4489795918367347,2.4,2.4,0.41379310344827713,0.5681587234595216,0.02494793835901707
2026-01-26,KXCPIYOY-26JAN,2026-02-13,40140,2.4489795918367347,2.4,2.4,0.4067796610169504,0.9019937311742119,0.0263765097875885
2026-01-27,KXCPIYOY-26JAN,2026-02-13,83033,2.475510204081633,2.5,2.4,-0.19672131147540858,0.44577481165314525,0.026134943773427736
2026-01-28,KXCPIYOY-26JAN,2026-02-13,15022,2.463265306122449,2.4,2.4,0.5438596491228078,-0.15322053402646318,0.02069137859225323
2026-01-29,KXCPIYOY-26JAN,2026-02-13,26931,2.462244897959184,2.4,2.4,0.47286821705426674,0.404451095041241,0.027452103290295703
2026-01-30,KXCPIYOY-26JAN,2026-02-13,31329,2.4683673469387757,2.4,2.4,0.5275590551181123,0.40806959071398596,0.02604019158683881
2026-01-31,KXCPIYOY-26JAN,2026-02-13,28336,2.470408163265306,2.5,2.4,-0.2521739130434784,0.34281753947796245,0.021879425239483545
2026-02-01,KXCPIYOY-26JAN,2026-02-13,8672,2.4744897959183674,2.5,2.4,-0.21739130434782583,0.4050909326216483,0.02210433152852978
2026-02-02,KXCPIYOY-26JAN,2026-02-13,50768,2.4551020408163264,2.4,2.4,0.482142857142861,-0.8671217632045503,0.019208663057059552
2026-02-03,KXCPIYOY-26JAN,2026-02-13,79661,2.466326530612245,2.5,2.4,-0.26829268292682984,-0.5755278529586625,0.023049770928779675
2026-02-04,KXCPIYOY-26JAN,2026-02-13,61736,2.460204081632653,2.4,2.4,0.5130434782608709,-0.4305790798517224,0.021171386922115783
2026-02-05,KXCPIYOY-26JAN,2026-02-13,65752,2.439795918367347,2.5,2.5,-0.7108433734939726,0.47361667444461686,0.0115795501874219
2026-02-06,KXCPIYOY-26JAN,2026-02-13,65678,2.4785714285714286,2.5,2.4,-0.17647058823529346,0.775698223321406,0.023928571428571428
2026-02-07,KXCPIYOY-26JAN,2026-02-13,37272,2.4836734693877554,2.5,2.4,-0.15686274509803677,0.1882413570690411,0.01708038317367764
2026-02-08,KXCPIYOY-26JAN,2026-02-13,41043,2.4591836734693877,2.5,2.5,-0.44444444444444486,2.2620655499851807,0.019354435651811743
2026-02-09,KXCPIYOY-26FEB,2026-03-11,360,2.6632653061224487,2.6999999999999997,2.8,-0.3214285714285716,-1.1045720102163459,0.01905872553102872
2026-02-09,KXCPIYOY-26JAN,2026-02-13,111599,2.4857142857142858,2.5,2.4,-0.14893617021276537,0.0573892799999971,0.0153061224489796
2026-02-10,KXCPIYOY-26FEB,2026-03-11,15,2.6653061224489796,2.6999999999999997,2.8,-0.30909090909090703,-1.037943229503322,0.018796334860474783
2026-02-10,KXCPIYOY-26JAN,2026-02-13,94012,2.5,2.5,2.4,0,1.981892387543252,0.024285714285714292
2026-02-11,KXCPIYOY-26FEB,2026-03-11,338,2.6285714285714286,2.6999999999999997,2.6999999999999997,-1.000000000000004,-0.3876793520825803,0.010816326530612224
2026-02-11,KXCPIYOY-26JAN,2026-02-13,163462,2.4785714285714286,2.5,2.4,-0.21649484536082392,-0.45403333333333595,0.0151530612244898
2026-02-12,KXCPIYOY-26FEB,2026-03-11,66,2.6285714285714286,2.6999999999999997,2.6999999999999997,-1.000000000000004,-0.3876793520825803,0.010816326530612224
2026-02-12,KXCPIYOY-26JAN,2026-02-13,152103,2.476530612244898,2.5,2.4,-0.24731182795698628,0.1911573859840141,0.015265514369012917
2026-02-13,KXCPIYOY-26FEB,2026-03-11,12218,2.4744897959183674,2.4,2.4,0.6822429906542063,1.438539008653514,0.021492086630570607
2026-02-13,KXCPIYOY-26JAN,2026-02-13,238659,2.4887755102040816,2.5,2.5,-0.1392405063291142,0.7552442238084276,0.013445439400249894
2026-02-14,KXCPIYOY-26FEB,2026-03-11,13370,2.4469387755102043,2.4000000000000004,2.4000000000000004,0.4599999999999989,0.18305420054871968,0.018408996251561848
2026-02-15,KXCPIYOY-26FEB,2026-03-11,4059,2.4469387755102043,2.4000000000000004,2.4000000000000004,0.5476190476190463,0.6845168564824604,0.013511037067888376
2026-02-16,KXCPIYOY-26FEB,2026-03-11,5449,2.4602040816326536,2.4000000000000004,2.4000000000000004,0.6483516483516502,3.096764847987771,0.018314244064972923
2026-02-17,KXCPIYOY-26FEB,2026-03-11,7729,2.4551020408163264,2.4000000000000004,2.4000000000000004,0.6279069767441858,2.7493885745294824,0.016759683465222823
2026-02-18,KXCPIYOY-26FEB,2026-03-11,16508,2.4438775510204085,2.4000000000000004,2.4000000000000004,0.49425287356321795,0.33218430962340806,0.014095168679716783
2026-02-19,KXCPIYOY-26FEB,2026-03-11,69456,2.4418367346938776,2.4000000000000004,2.4000000000000004,0.4712643678160938,0.6320660285317543,0.015290503956684713
2026-02-20,KXCPIYOY-26FEB,2026-03-11,12676,2.4306122448979592,2.4000000000000004,2.5000000000000004,0.33333333333333476,2.6643288927200164,0.0157975843398584
2026-02-21,KXCPIYOY-26FEB,2026-03-11,2440,2.439795918367347,2.4000000000000004,2.4000000000000004,0.4382022471910151,1.550704611413713,0.01484485630987089
2026-02-22,KXCPIYOY-26FEB,2026-03-11,2938,2.445918367346939,2.4000000000000004,2.4000000000000004,0.5294117647058797,1.3157621941667434,0.015340483132028317
2026-02-23,KXCPIYOY-26FEB,2026-03-11,7370,2.442857142857143,2.4000000000000004,2.4000000000000004,0.552631578947372,1.7514600000000007,0.011224489795918368
2026-02-24,KXCPIYOY-26FEB,2026-03-11,1947,2.4336734693877555,2.4000000000000004,2.4000000000000004,0.38823529411764773,1.0100296083868763,0.014886505622657227
2026-02-25,KXCPIYOY-26FEB,2026-03-11,16766,2.4479591836734698,2.4000000000000004,2.4000000000000004,0.5949367088607596,3.71762105021602,0.013516243231986674
2026-02-26,KXCPIYOY-26FEB,2026-03-11,27322,2.452040816326531,2.5000000000000004,2.5000000000000004,-0.5529411764705882,3.1646607201722494,0.014332569762598921
2026-02-27,KXCPIYOY-26FEB,2026-03-11,13273,2.4540816326530615,2.5000000000000004,2.5000000000000004,-0.5294117647058847,1.0092307965601854,0.013095585172844648
2026-02-28,KXCPIYOY-26FEB,2026-03-11,12972,2.459183673469388,2.5000000000000004,2.5000000000000004,-0.48780487804878087,1.0099002575662226,0.012211578508954601
2026-03-01,KXCPIYOY-26FEB,2026-03-11,12169,2.453061224489796,2.5000000000000004,2.5000000000000004,-0.5609756097560961,1.139505648744617,0.012286547271970013
2026-03-02,KXCPIYOY-26FEB,2026-03-11,28880,2.4581632653061227,2.5000000000000004,2.5000000000000004,-0.5466666666666687,1.1482478972355867,0.010392544773011245
2026-03-03,KXCPIYOY-26FEB,2026-03-11,32062,2.459183673469388,2.5000000000000004,2.5000000000000004,-0.5000000000000006,0.6347427248915207,0.01098708871303623
2026-03-04,KXCPIYOY-26FEB,2026-03-11,41630,2.4612244897959186,2.5000000000000004,2.5000000000000004,-0.4871794871794845,2.3839224525931355,0.01155768429820908
2026-03-05,KXCPIYOY-26FEB,2026-03-11,25268,2.45,2.4000000000000004,2.5000000000000004,0.6363636363636339,1.1476577438320472,0.009846938775510204
2026-03-06,KXCPIYOY-26FEB,2026-03-11,34730,2.4520408163265306,2.5000000000000004,2.5000000000000004,-0.5802469135802469,2.4222744723064773,0.012903998334027491
2026-03-07,KXCPIYOY-26FEB,2026-03-11,23376,2.4602040816326536,2.5000000000000004,2.5000000000000004,-0.5342465753424644,3.3441754374501746,0.010559142024156603
2026-03-08,KXCPIYOY-26FEB,2026-03-11,22817,2.4540816326530615,2.5000000000000004,2.5000000000000004,-0.6164383561643803,1.5750005260525723,0.009422115785089547
2026-03-09,KXCPIYOY-26FEB,2026-03-11,44322,2.4581632653061227,2.5000000000000004,2.5000000000000004,-0.5189873417721539,2.654566732080295,0.011617034568929612
2026-03-10,KXCPIYOY-26FEB,2026-03-11,156919,2.4336734693877555,2.4000000000000004,2.4000000000000004,0.4782608695652118,1.9830951644867127,0.008968138275718457
2026-03-11,KXCPIYOY-26FEB,2026-03-11,163065,2.4775510204081637,2.5000000000000004,2.5000000000000004,-0.3437500000000008,0.9595313415067568,0.00908788004997917
2026-03-11,KXCPIYOY-26MAR,2026-04-10,123314,3.0969387755102042,3.1,3.0000000000000004,-0.016393442622948052,-0.5380997421136202,0.0578477717617659
2026-03-12,KXCPIYOY-26MAR,2026-04-10,35285,3.189795918367347,3.2,3.3000000000000003,-0.05555555555555501,0.2946961562060002,0.05867138692211578
2026-03-13,KXCPIYOY-26MAR,2026-04-10,39919,3.1255102040816327,3.1,2.9,0.12077294685990325,-0.8909030019112705,0.06087984173261142
2026-03-14,KXCPIYOY-26MAR,2026-04-10,22899,3.138775510204082,3.2,3.2,-0.4109589041095879,0.07037151173978984,0.039925031236984605
2026-03-15,KXCPIYOY-26MAR,2026-04-10,9388,3.2061224489795923,3.2,3.2,0.063829787234041,1.5807377593107068,0.022819658475635152
2026-03-16,KXCPIYOY-26MAR,2026-04-10,34500,3.228571428571429,3.3000000000000003,3.3000000000000003,-0.48611111111111244,1.1274618008809973,0.04673469387755102
2026-03-17,KXCPIYOY-26MAR,2026-04-10,18844,3.2653061224489797,3.3000000000000003,3.3000000000000003,-0.20987654320987773,-0.4369000036954884,0.04614327363598499
2026-03-18,KXCPIYOY-26MAR,2026-04-10,53615,3.2969387755102044,3.3000000000000003,3.4,-0.024390243902438446,-0.2366000588082322,0.026011037067888366
2026-03-19,KXCPIYOY-26MAR,2026-04-10,24865,3.381632653061225,3.45,3.5000000000000004,-0.10843373493975632,0.31823606045024455,0.05313202832153273
2026-03-20,KXCPIYOY-26MAR,2026-04-10,37638,3.3265306122448983,3.3000000000000003,3.5000000000000004,0.1547619047619053,-0.6294944198261803,0.043990004164931304
2026-03-21,KXCPIYOY-26MAR,2026-04-10,23271,3.34795918367347,3.4,3.5000000000000004,-0.3207547169811298,-0.6225536887719585,0.03841420241566015
2026-03-22,KXCPIYOY-26MAR,2026-04-10,14671,3.348979591836735,3.3000000000000003,3.3000000000000003,0.32000000000000106,-0.22269322720072937,0.03617242815493544
2026-03-23,KXCPIYOY-26MAR,2026-04-10,18923,3.352040816326531,3.3000000000000003,3.3000000000000003,0.3290322580645194,0.5035720112224009,0.0459652228238234
2026-03-24,KXCPIYOY-26MAR,2026-04-10,56352,3.3438775510204084,3.3000000000000003,3.3000000000000003,0.38053097345132725,0.050093051752854834,0.02266659725114536
2026-03-25,KXCPIYOY-26MAR,2026-04-10,40804,3.319387755102041,3.3000000000000003,3.3000000000000003,0.18446601941747698,0.8253278833288822,0.021766972094960427
2026-03-26,KXCPIYOY-26MAR,2026-04-10,46887,3.3153061224489795,3.3000000000000003,3.3000000000000003,0.12605042016806786,0.2193089202472236,0.02599021241149521
2026-03-27,KXCPIYOY-26MAR,2026-04-10,22914,3.3214285714285716,3.3000000000000003,3.3000000000000003,0.1826086956521733,0.8296298735268439,0.026581632653061227
2026-03-28,KXCPIYOY-26MAR,2026-04-10,14693,3.3316326530612246,3.3000000000000003,3.3000000000000003,0.2844036697247691,1.4570760042228441,0.026448354852144945
2026-03-29,KXCPIYOY-26MAR,2026-04-10,13034,3.3479591836734692,3.3000000000000003,3.3000000000000003,0.44761904761904786,0.7284545272320013,0.02147542690545607
2026-03-30,KXCPIYOY-26MAR,2026-04-10,84201,3.341836734693878,3.4,3.4,-0.5428571428571424,-0.6001431525416074,0.016310912119950026
2026-03-31,KXCPIYOY-26MAR,2026-04-10,76289,3.35,3.3000000000000003,3.3000000000000003,0.5764705882352924,0.9493970414201152,0.013928571428571433
2026-04-01,KXCPIYOY-26MAR,2026-04-10,61653,3.3336734693877554,3.3000000000000003,3.3000000000000003,0.38823529411764807,1.1385019493960389,0.014682423990004167
2026-04-02,KXCPIYOY-26MAR,2026-04-10,44676,3.33265306122449,3.3000000000000003,3.3000000000000003,0.3999999999999995,-0.1293720567420431,0.012607246980424829
2026-04-03,KXCPIYOY-26MAR,2026-04-10,45749,3.3377551020408163,3.3000000000000003,3.3000000000000003,0.3978494623655929,2.82248420145614,0.016839858392336527
2026-04-04,KXCPIYOY-26MAR,2026-04-10,25706,3.352040816326531,3.4,3.4,-0.5529411764705838,0.5331949307040369,0.011883590170762182
2026-04-05,KXCPIYOY-26MAR,2026-04-10,36288,3.3642857142857143,3.4,3.3000000000000003,-0.36842105263157776,0.3414851416285911,0.015561224489795918
2026-04-06,KXCPIYOY-26MAR,2026-04-10,32540,3.366326530612245,3.4,3.3000000000000003,-0.37931034482758225,0.05920526609617438,0.012845689296126611
2026-04-07,KXCPIYOY-26MAR,2026-04-10,104300,3.339795918367347,3.3000000000000003,3.3000000000000003,0.4698795180722886,0.3841414593173713,0.012804039983340273
2026-04-08,KXCPIYOY-26MAR,2026-04-10,48867,3.3255102040816324,3.3000000000000003,3.3000000000000003,0.324675324675319,0.42042868660192045,0.011083923365264464
2026-04-09,KXCPIYOY-26MAR,2026-04-10,112377.91,3.3377551020408163,3.3000000000000003,3.3000000000000003,0.44578313253011687,0.6244801214522715,0.015207205331112037
2026-04-10,KXCPIYOY-26MAR,2026-04-10,211276.86000000002,3.2908163265306127,3.3000000000000003,3.3000000000000003,-0.9999999999999747,5.811111235955146,8.340274885464405e-4
2026-04-12,KXCPIYOY-26APR,2026-05-12,8826.39,3.7806122448979593,3.8,3.8,-0.11656441717791219,0.011977781521411046,0.04523635985006247
2026-04-13,KXCPIYOY-26APR,2026-05-12,41582.33,3.7765306122448976,3.8,3.8,-0.14838709677419462,0.2861779446172066,0.04281653477717617
2026-04-14,KXCPIYOY-26APR,2026-05-12,17249.36,3.6857142857142855,3.6999999999999997,3.5,-0.10447761194029495,0.02724319526627772,0.02918367346938774
2026-04-15,KXCPIYOY-26APR,2026-05-12,10969.130000000001,3.6806122448979592,3.6999999999999997,3.6,-0.14503816793892899,0.11503762675685714,0.028297584339858378
2026-04-16,KXCPIYOY-26APR,2026-05-12,21187.47,3.669387755102041,3.6,3.6,0.4594594594594593,0.4877430283497102,0.041307788421491035
2026-04-17,KXCPIYOY-26APR,2026-05-12,11598.64,3.642857142857143,3.6,3.6,0.37499999999999883,0.1009650887574014,0.023877551020408148
2026-04-18,KXCPIYOY-26APR,2026-05-12,2117.27,3.6295918367346935,3.6,3.6,0.2710280373831739,0.6506815414651581,0.023103915035401906
2026-04-19,KXCPIYOY-26APR,2026-05-12,7420.7,3.6346938775510207,3.6,3.6,0.3148148148148127,0.6713983871627378,0.024714702207413567
2026-04-20,KXCPIYOY-26APR,2026-05-12,6544.39,3.6581632653061225,3.6999999999999997,3.6999999999999997,-0.3693693693693712,1.9030583897771205,0.024270095793419398
2026-04-21,KXCPIYOY-26APR,2026-05-12,23623.42,3.643877551020408,3.6,3.6,0.42574257425742573,1.119461298067292,0.02225843398583922
2026-04-22,KXCPIYOY-26APR,2026-05-12,11578.67,3.630612244897959,3.6,3.6,0.32608695652173625,0.9902835227193978,0.01743023740108287
2026-04-23,KXCPIYOY-26APR,2026-05-12,25268.28,3.643877551020408,3.6,3.6,0.4257425742574258,0.41739710183311285,0.018993127863390236
2026-04-24,KXCPIYOY-26APR,2026-05-12,14802.86,3.640816326530612,3.6,3.6,0.4166666666666675,-0.06047928677649983,0.017109537692628053
2026-04-25,KXCPIYOY-26APR,2026-05-12,1358.43,3.640816326530612,3.6,3.6,0.4347826086956531,0.09077309964150881,0.01629321116201581
2026-04-26,KXCPIYOY-26APR,2026-05-12,3033.7200000000003,3.6336734693877557,3.6,3.6,0.3402061855670068,1.2741158046549605,0.0191722199083715
2026-04-27,KXCPIYOY-26APR,2026-05-12,79020.22,3.6714285714285717,3.6999999999999997,3.6999999999999997,-0.2745098039215678,1.0556742187500108,0.019591836734693866
2026-04-28,KXCPIYOY-26APR,2026-05-12,24424.8,3.6887755102040813,3.6999999999999997,3.6999999999999997,-0.12359550561797789,1.9346499982175684,0.016302582257392742
2026-04-29,KXCPIYOY-26APR,2026-05-12,26701.88,3.6887755102040813,3.6999999999999997,3.6999999999999997,-0.11111111111110701,0.6132030538809414,0.020588296543107027
2026-04-30,KXCPIYOY-26APR,2026-05-12,31936.41,3.6948979591836735,3.6999999999999997,3.6999999999999997,-0.05494505494505206,0.4208264323757329,0.016606622240733015
2026-05-01,KXCPIYOY-26APR,2026-05-12,65976.32,3.6918367346938776,3.6999999999999997,3.6999999999999997,-0.08695652173912681,0.5278212143928096,0.016668054977092863
2026-05-02,KXCPIYOY-26APR,2026-05-12,14978.86,3.6887755102040813,3.6999999999999997,3.6999999999999997,-0.12087912087912121,0.6541877544357342,0.016710745522698862
2026-05-03,KXCPIYOY-26APR,2026-05-12,23696.74,3.694897959183673,3.6999999999999997,3.6999999999999997,-0.057471264367813066,0.38020217251923905,0.014157642648896279
2026-05-04,KXCPIYOY-26APR,2026-05-12,30525.53,3.694897959183673,3.6999999999999997,3.6999999999999997,-0.05617977528090081,1.0826067294135493,0.015382132444814647
2026-05-05,KXCPIYOY-26APR,2026-05-12,24211.57,3.694897959183673,3.6999999999999997,3.6999999999999997,-0.05376344086021223,0.6620497813309072,0.01619845897542689
2026-05-06,KXCPIYOY-26APR,2026-05-12,22499.510000000002,3.6948979591836735,3.6999999999999997,3.6999999999999997,-0.05747126436781308,0.35879009617920854,0.014361724281549339
2026-05-07,KXCPIYOY-26APR,2026-05-12,36931.06,3.692857142857143,3.6999999999999997,3.6999999999999997,-0.07865168539325332,0.3033000000000112,0.015153061224489782
2026-05-08,KXCPIYOY-26APR,2026-05-12,79285.6,3.6979591836734693,3.6999999999999997,3.6999999999999997,-0.023255813953486134,0.24365827344792246,0.014689712619741762
2026-05-09,KXCPIYOY-26APR,2026-05-12,13749.15,3.6948979591836735,3.6999999999999997,3.6999999999999997,-0.064935064935061515,0.4046408434080644,0.014157642648896282
2026-05-10,KXCPIYOY-26APR,2026-05-12,7372.74,3.71734693877551,3.6999999999999997,3.6999999999999997,0.22077922077922496,0.973335929536232,0.012046022490628893
2026-05-11,KXCPIYOY-26APR,2026-05-12,119792.09999999999,3.713265306122449,3.6999999999999997,3.6999999999999997,0.1884057971014532,0.06140831367540667,0.009517909204498114
2026-05-11,KXCPIYOY-26MAY,2026-06-10,6171.32,4.157142857142857,4.199999999999999,4,-0.2359550561797744,0.5665015869140615,0.0522448979591837
2026-05-12,KXCPIYOY-26APR,2026-05-12,92802.12,3.731632653061224,3.6999999999999997,3.8,0.39240506329114266,0.25152462109795204,0.010121824239900032
2026-05-12,KXCPIYOY-26MAY,2026-06-10,23310.55,4.288775510204081,4.3,4.3,-0.0728476821192083,-0.3422602331679503,0.040384214910453985
2026-05-13,KXCPIYOY-26MAY,2026-06-10,14038.880000000001,4.307142857142857,4.3,4.3,0.054263565891472645,1.1113401274441825,0.03494897959183676
2026-05-14,KXCPIYOY-26MAY,2026-06-10,18596.71,4.3,4.3,4.3,0,1.844917769376175,0.03285714285714288
2026-05-15,KXCPIYOY-26MAY,2026-06-10,10198.03,4.328571428571428,4.3,4.3,0.23333333333333234,1.146615570934248,0.03122448979591838
2026-05-16,KXCPIYOY-26MAY,2026-06-10,3633.97,4.312244897959183,4.3,4.3,0.10169491525423476,1.339934813060366,0.030462307371928378
2026-05-17,KXCPIYOY-26MAY,2026-06-10,7141.6,4.31938775510204,4.3,4.3,0.1775700934579408,-0.32594011468575346,0.021154727197001278
2026-05-18,KXCPIYOY-26MAY,2026-06-10,26803.68,4.3336734693877546,4.3,4.3,0.32038834951455936,-0.18790475258260608,0.01958038317367766
2026-05-19,KXCPIYOY-26MAY,2026-06-10,27982.49,4.33469387755102,4.3,4.3,0.36170212765957177,0.9463990497185413,0.018388171595168694
2026-05-20,KXCPIYOY-26MAY,2026-06-10,10305.04,4.3336734693877546,4.3,4.3,0.3707865168539284,0.10416953223119929,0.015906913785922544
2026-05-21,KXCPIYOY-26MAY,2026-06-10,17303.37,4.316326530612244,4.3,4.3,0.17777777777777978,0.38275593664451035,0.01605997501041235
2026-05-22,KXCPIYOY-26MAY,2026-06-10,13473.140000000001,4.314285714285714,4.3,4.3,0.166666666666666,0.25819387391400594,0.013673469387755117
2026-05-23,KXCPIYOY-26MAY,2026-06-10,10642.13,4.307142857142857,4.3,4.3,0.09090909090909052,1.1485627599243768,0.012908163265306137
2026-05-24,KXCPIYOY-26MAY,2026-06-10,6161.15,4.293877551020408,4.3,4.3,-0.07317073170731522,1.3654723075683624,0.014452311536859662
2026-05-25,KXCPIYOY-26MAY,2026-06-10,4621.23,4.28673469387755,4.3,4.3,-0.1780821917808313,2.506881207825561,0.012579133694294057
2026-05-26,KXCPIYOY-26MAY,2026-06-10,22953.29,4.289795918367346,4.3,4.3,-0.11363636363636732,1.469631708842595,0.017038733860891317
2026-05-27,KXCPIYOY-26MAY,2026-06-10,32513.28,4.273469387755102,4.3,4.3,-0.4482758620689585,1.9617619828746093,0.0072553102873802785
2026-05-28,KXCPIYOY-26MAY,2026-06-10,8672.72,4.26938775510204,4.3,4.3,-0.4285714285714297,2.5078038388512827,0.011920033319450254
2026-05-29,KXCPIYOY-26MAY,2026-06-10,19392.84,4.271428571428571,4.3,4.3,-0.3999999999999978,3.110068974432612,0.01204081632653063
2026-05-30,KXCPIYOY-26MAY,2026-06-10,7190.81,4.268367346938775,4.3,4.3,-0.49206349206349503,3.1497777680985815,0.008897334443981697
2026-05-31,KXCPIYOY-26MAY,2026-06-10,9986.62,4.270408163265306,4.3,4.3,-0.43283582089552175,3.4790534973796214,0.009838608912952953
2026-06-01,KXCPIYOY-26MAY,2026-06-10,15758.699999999999,4.256122448979592,4.3,4.199999999999999,-0.6231884057970991,0.8511052756008346,0.007564556434818851
2026-06-02,KXCPIYOY-26MAY,2026-06-10,8032.339999999999,4.2693877551020405,4.3,4.3,-0.46875000000000105,0.13204889813323328,0.007634319033735964
2026-06-03,KXCPIYOY-26MAY,2026-06-10,18146.39,4.240816326530612,4.199999999999999,4.199999999999999,0.6451612903225724,0.06208227771111652,0.006089129529362783
2026-06-04,KXCPIYOY-26MAY,2026-06-10,13802.88,4.2418367346938775,4.199999999999999,4.199999999999999,0.61194029850747,2.8515718781047736,0.008759891711786778
2026-06-05,KXCPIYOY-26MAY,2026-06-10,26735.77,4.2418367346938775,4.199999999999999,4.199999999999999,0.5942028985507316,3.5068541449806716,0.009372136609745963
2026-06-06,KXCPIYOY-26MAY,2026-06-10,20998.899999999998,4.25204081632653,4.3,4.3,-0.6438356164383605,2.475510014043415,0.009434610578925471
2026-06-07,KXCPIYOY-26MAY,2026-06-10,19584.65,4.248979591836735,4.199999999999999,4.199999999999999,0.7058823529411827,3.3058466086956226,0.008621407746772204
2026-06-08,KXCPIYOY-26MAY,2026-06-10,70381.06999999999,4.245918367346938,4.199999999999999,4.199999999999999,0.6164383561643847,1.1115089048242393,0.009422115785089571
2026-06-09,KXCPIYOY-26MAY,2026-06-10,184751.79,4.25204081632653,4.199999999999999,4.199999999999999,0.7611940298507582,1.468603088252718,0.009230528946272411
2026-06-10,KXCPIYOY-26MAY,2026-06-10,148135.42,4.237755102040816,4.3,4.3,-0.7011494252873597,0.506763203746341,0.013982715535193696
2026-06-14,KXCPIYOY-26JUN,2026-07-14,3881.77,3.984693877551021,3.9,3.9,0.5570469798657746,0.29068236336257547,0.05150041649312793
2026-06-15,KXCPIYOY-26JUN,2026-07-14,78175.52,3.78469387755102,3.8,3.8,-0.23809523809524594,3.773772827409826,0.008439192003331956
2026-06-16,KXCPIYOY-26JUN,2026-07-14,83894.41,3.8306122448979596,3.8000000000000003,3.7,0.31250000000000183,-0.08344436495244922,0.014981257809246125
2026-06-17,KXCPIYOY-26JUN,2026-07-14,78926.46,3.8275510204081633,3.8000000000000003,3.7,0.2571428571428552,2.128314846262791,0.02301645147855058
2026-06-18,KXCPIYOY-26JUN,2026-07-14,46568.31,3.851020408163265,3.8000000000000003,3.9,0.5102040816326532,2.6580505903319427,0.018417326114119094
2026-06-19,KXCPIYOY-26JUN,2026-07-14,8776.13,3.8285714285714283,3.8000000000000003,3.7,0.2641509433962216,0.6969000000000158,0.020204081632653036
2026-06-20,KXCPIYOY-26JUN,2026-07-14,8573.72,3.86734693877551,3.9,3.9,-0.3902439024390191,1.6328806194597636,0.01342357351103705
2026-06-21,KXCPIYOY-26JUN,2026-07-14,13593.47,3.870408163265306,3.8000000000000003,3.8000000000000003,0.5519999999999975,-0.49927931950086846,0.02330799666805496
2026-06-22,KXCPIYOY-26JUN,2026-07-14,56183.56,3.8183673469387753,3.8000000000000003,3.8000000000000003,0.20454545454545467,1.474173738513751,0.017009579341940827
2026-06-23,KXCPIYOY-26JUN,2026-07-14,31826,3.8173469387755103,3.8000000000000003,3.8000000000000003,0.22077922077921944,0.8585599381115467,0.012046022490628885
2026-06-24,KXCPIYOY-26JUN,2026-07-14,52854.340000000004,3.7969387755102044,3.8000000000000003,3.8000000000000003,-0.04109589041095795,-0.851922594960913,0.00886817992503122
2026-06-25,KXCPIYOY-26JUN,2026-07-14,74912.06,3.8030612244897957,3.8000000000000003,3.8000000000000003,0.03999999999999905,0.8236049037342954,0.012541649312786323
2026-06-26,KXCPIYOY-26JUN,2026-07-14,15340.460000000001,3.7836734693877556,3.8000000000000003,3.8000000000000003,-0.22857142857143767,0.0662983644919013,0.009325281132861296
2026-06-27,KXCPIYOY-26JUN,2026-07-14,6860.389999999999,3.8122448979591836,3.8000000000000003,3.8000000000000003,0.15000000000000185,4.591413374978619,0.017401082882132428
2026-06-28,KXCPIYOY-26JUN,2026-07-14,5633.3,3.8122448979591836,3.8000000000000003,3.8000000000000003,0.14285714285714463,3.774370914478893,0.01903373594335692
2026-06-29,KXCPIYOY-26JUN,2026-07-14,20680.739999999998,3.819387755102041,3.8000000000000003,3.8000000000000003,0.2183908045976977,1.3994513366410546,0.01584860474802164
2026-06-30,KXCPIYOY-26JUN,2026-07-14,32645.89,3.7979591836734694,3.8000000000000003,3.8000000000000003,-0.028571428571432047,2.725872600408792,0.011832569762598904
2026-07-01,KXCPIYOY-26JUN,2026-07-14,41537,3.79795918367347,3.8000000000000003,3.8000000000000003,-0.02499999999999759,2.714722889761621,0.016322365680966247
2026-07-02,KXCPIYOY-26JUN,2026-07-14,41829.72,3.8122448979591836,3.8000000000000003,3.8000000000000003,0.1463414634146307,0.08522553640733443,0.01393169512703039
2026-07-03,KXCPIYOY-26JUN,2026-07-14,47175.14,3.7969387755102044,3.8000000000000003,3.8000000000000003,-0.04109589041095794,3.3553081293775984,0.014174302374010817
2026-07-03,KXCPIYOY-26NOV,2026-08-02,559,3.3265306122448983,3.3,3.3,1.0000000000000027,8.408290356126317,0.003990004164931285
2026-07-04,KXCPIYOY-26JUN,2026-07-14,16280.24,3.8010204081632657,3.8000000000000003,3.8000000000000003,0.016393442622945675,2.1443482043986206,0.010305081216159924
2026-07-04,KXCPIYOY-26NOV,2026-08-02,101,3.3663265306122447,3.3,3.3,0.9999999999999996,2.026109237750653,0.009580383173677643
2026-07-05,KXCPIYOY-26JUN,2026-07-14,23126.65,3.79795918367347,3.8000000000000003,3.8000000000000003,-0.037037037037041545,3.6990160275697628,0.008159100374843803
2026-07-05,KXCPIYOY-26NOV,2026-08-02,2,3.3469387755102042,3.3,3.3,0.9999999999999969,3.534254461606537,0.004531445231153694
2026-07-05,KXCPIYOY-26SEP,2026-08-04,0,3.7051020408163264,3.7,3.7,0.16129032258065043,0.0953198269056239,0.003137234485630993
2026-07-06,KXCPIYOY-26AUG,2026-08-05,0,3.766326530612245,3.8000000000000003,3.8000000000000003,-1.0000000000000142,-1.5520107692307719,0.0022334443981674346
2026-07-06,KXCPIYOY-26JUL,2026-08-05,362.52,3.6469387755102045,3.6,3.5,0.3285714285714277,-0.3041410058345835,0.030857975843398604
2026-07-06,KXCPIYOY-26JUN,2026-07-14,17987.21,3.7938775510204086,3.8000000000000003,3.8000000000000003,-0.09999999999999763,1.1693111917793253,0.008125780924614733
2026-07-06,KXCPIYOY-26NOV,2026-08-02,0,3.3469387755102042,3.3,3.3,0.9999999999999969,3.534254461606537,0.004531445231153694
2026-07-06,KXCPIYOY-26SEP,2026-08-04,0,3.7051020408163264,3.7,3.7,0.16129032258065043,0.0953198269056239,0.003137234485630993
2026-07-07,KXCPIYOY-26AUG,2026-08-05,0,3.766326530612245,3.8000000000000003,3.8000000000000003,-1.0000000000000142,-1.5520107692307719,0.0022334443981674346
2026-07-07,KXCPIYOY-26JUL,2026-08-05,24,3.6,3.6,3.4,0,-1.346864004162333,0.031632653061224536
2026-07-07,KXCPIYOY-26JUN,2026-07-14,38306.67,3.7938775510204086,3.8000000000000003,3.8000000000000003,-0.09677419354839184,0.4569288418500026,0.008329862557267793
2026-07-07,KXCPIYOY-26NOV,2026-08-02,0,3.3469387755102042,3.3,3.3,0.9999999999999969,3.534254461606537,0.004531445231153694
2026-07-07,KXCPIYOY-26SEP,2026-08-04,0,3.7051020408163264,3.7,3.7,0.16129032258065043,0.0953198269056239,0.003137234485630993
2026-07-08,KXCPIYOY-26AUG,2026-08-05,12,3.7663265306122446,3.8,3.8,-1.000000000000001,-1.5520107692307719,0.0022334443981674346
2026-07-08,KXCPIYOY-26JUL,2026-08-05,6841.1,3.6785714285714284,3.6,3.6,0.7196261682242965,-0.12099654839699525,0.023112244897959183
2026-07-08,KXCPIYOY-26JUN,2026-07-14,15930.97,3.7948979591836736,3.8000000000000003,3.8000000000000003,-0.07692307692307956,1.2311113014797517,0.009259683465222813
2026-07-08,KXCPIYOY-26NOV,2026-08-02,4003,3.3173469387755103,3.3,3.3,0.9999999999999918,5.372502576756018,0.0018419408579758466
2026-07-08,KXCPIYOY-26SEP,2026-08-04,0,3.7051020408163264,3.7,3.7,0.16129032258065043,0.0953198269056239,0.003137234485630993
2026-07-09,KXCPIYOY-26AUG,2026-08-05,6,4.076530612244898,4.1,4.1,-0.7931034482758524,-0.22392137806779733,0.0024083715118700553
2026-07-09,KXCPIYOY-26JUL,2026-08-05,168.05,3.6459183673469386,3.6,3.6,0.46391752577319784,1.0120571430089162,0.02309558517284466
2026-07-09,KXCPIYOY-26JUN,2026-07-14,50719.92,3.7928571428571427,3.8000000000000003,3.8000000000000003,-0.11111111111111768,0.9420460991012156,0.008826530612244888
2026-07-09,KXCPIYOY-26NOV,2026-08-02,0,3.3173469387755103,3.3,3.3,0.9999999999999918,5.372502576756018,0.0018419408579758466
2026-07-09,KXCPIYOY-26SEP,2026-08-04,0,3.7051020408163264,3.7,3.7,0.16129032258065043,0.0953198269056239,0.003137234485630993
2026-07-10,KXCPIYOY-26AUG,2026-08-05,10,4.116326530612245,4.1,4.199999999999999,0.23529411764706207,-1.1261625133499464,0.0072844648063306715
2026-07-10,KXCPIYOY-26JUL,2026-08-05,186,3.6459183673469386,3.6,3.6,0.46391752577319784,1.0120571430089162,0.02309558517284466
2026-07-10,KXCPIYOY-26JUN,2026-07-14,83602.11,3.8071428571428574,3.8000000000000003,3.8000000000000003,0.11475409836065543,0.26849771187472316,0.00801020408163264
2026-07-10,KXCPIYOY-26NOV,2026-08-02,72,4.362244897959183,4.5,4.5,-0.7894736842105293,-1.5978596278119797,0.04030924614743861
2026-07-10,KXCPIYOY-26SEP,2026-08-04,8,3.728571428571428,3.7,3.7,0.5185185185185087,-0.1822124999999879,0.007346938775510198
2026-07-11,KXCPIYOY-26AUG,2026-08-05,14,4.116326530612245,4.1,4.199999999999999,0.23529411764706207,-1.1261625133499464,0.0072844648063306715
2026-07-11,KXCPIYOY-26JUL,2026-08-05,24.740000000000002,3.6877551020408164,3.6,3.6,0.6231884057971008,0.033437058096032146,0.036176593086214084
2026-07-11,KXCPIYOY-26JUN,2026-07-14,46208.11,3.7969387755102035,3.8000000000000003,3.8000000000000003,-0.049180327868858446,0.3377162541222454,0.0074396084964597955
2026-07-11,KXCPIYOY-26NOV,2026-08-02,17,4.362244897959183,4.5,4.5,-0.7894736842105293,-1.5978596278119797,0.04030924614743861
2026-07-11,KXCPIYOY-26SEP,2026-08-04,33,3.728571428571428,3.7,3.7,0.5185185185185087,-0.1822124999999879,0.007346938775510198
2026-07-12,KXCPIYOY-26AUG,2026-08-05,0,4.116326530612245,4.1,4.199999999999999,0.23529411764706207,-1.1261625133499464,0.0072844648063306715
2026-07-12,KXCPIYOY-26JUL,2026-08-05,25,3.6479591836734695,3.6,3.6,0.47474747474747475,1.1524922201873986,0.022495835068721375
2026-07-12,KXCPIYOY-26JUN,2026-07-14,44739.78,3.7979591836734694,3.8000000000000003,3.8000000000000003,-0.03333333333333739,1.0856239958334575,0.00795501874219074
2026-07-12,KXCPIYOY-26NOV,2026-08-02,5,4.362244897959183,4.5,4.5,-0.7894736842105293,-1.5978596278119797,0.04030924614743861
2026-07-12,KXCPIYOY-26SEP,2026-08-04,0,3.728571428571428,3.7,3.7,0.5185185185185087,-0.1822124999999879,0.007346938775510198
2026-07-13,KXCPIYOY-26AUG,2026-08-05,26.07,4.116326530612245,4.1,4.199999999999999,0.23529411764706207,-1.1261625133499464,0.0072844648063306715
2026-07-13,KXCPIYOY-26JUL,2026-08-05,21692.02,3.6806122448979592,3.6,3.6,0.6030534351145034,-0.6393324579929067,0.02952207413577677
2026-07-13,KXCPIYOY-26JUN,2026-07-14,185224.58000000002,3.8061224489795924,3.8000000000000003,3.8000000000000003,0.09375000000000464,0.10472419419288803,0.008125780924614728
2026-07-13,KXCPIYOY-26NOV,2026-08-02,0,4.362244897959183,4.5,4.5,-0.7894736842105293,-1.5978596278119797,0.04030924614743861
2026-07-13,KXCPIYOY-26SEP,2026-08-04,0,3.728571428571428,3.7,3.7,0.5185185185185087,-0.1822124999999879,0.007346938775510198
2026-07-14,KXCPIYOY-26AUG,2026-08-05,59.2,3.8091836734693882,3.6999999999999997,3.6999999999999997,1.000000000000002,-1.1907406406628898,0.01838504789670974
2026-07-14,KXCPIYOY-26JUL,2026-08-05,12730.8,3.492857142857143,3.5,3.5,-0.07865168539325813,0.505236979591833,0.019642857142857142
2026-07-14,KXCPIYOY-26JUN,2026-07-14,176642.77000000002,3.8122448979591836,3.8000000000000003,3.8000000000000003,0.28571428571428964,0.018465519570598055,0.0045439400249895736
2026-07-14,KXCPIYOY-26NOV,2026-08-02,0,4.362244897959183,4.5,4.5,-0.7894736842105293,-1.5978596278119797,0.04030924614743861
2026-07-14,KXCPIYOY-26SEP,2026-08-04,0,3.728571428571428,3.7,3.7,0.5185185185185087,-0.1822124999999879,0.007346938775510198
2026-07-15,KXCPIYOY-26AUG,2026-08-05,0,3.8091836734693882,3.6999999999999997,3.6999999999999997,1.000000000000002,-1.1907406406628898,0.01838504789670974
2026-07-15,KXCPIYOY-26JUL,2026-08-05,29698.99,3.439795918367347,3.5,3.3000000000000003,-0.4013605442176853,-0.2897079187241154,0.032804039983340263
2026-07-15,KXCPIYOY-26NOV,2026-08-02,0,4.362244897959183,4.5,4.5,-0.7894736842105293,-1.5978596278119797,0.04030924614743861
2026-07-15,KXCPIYOY-26SEP,2026-08-04,3,3.728571428571428,3.7,3.7,0.5185185185185087,-0.1822124999999879,0.007346938775510198
2026-07-16,KXCPIYOY-26AUG,2026-08-05,0,3.8091836734693882,3.6999999999999997,3.6999999999999997,1.000000000000002,-1.1907406406628898,0.01838504789670974
2026-07-16,KXCPIYOY-26JUL,2026-08-05,90737.58,3.4224489795918367,3.4,3.3000000000000003,0.17741935483871366,-0.10122335233902247,0.025618492294877126
2026-07-16,KXCPIYOY-26NOV,2026-08-02,0,4.362244897959183,4.5,4.5,-0.7894736842105293,-1.5978596278119797,0.04030924614743861
2026-07-16,KXCPIYOY-26SEP,2026-08-04,22,3.853061224489796,3.9,3.9,-0.6388888888888886,-0.7549191706730722,0.007796751353602646
2026-07-17,KXCPIYOY-26AUG,2026-08-05,143,3.742857142857143,3.6999999999999997,3.6999999999999997,0.9999999999999954,-0.4256040000000145,0.003061224489795924
2026-07-17,KXCPIYOY-26JUL,2026-08-05,37373.25,3.4071428571428575,3.4,3.3000000000000003,0.06194690265487093,0.40877814871859464,0.022704081632653045
2026-07-17,KXCPIYOY-26NOV,2026-08-02,1.67,4.362244897959183,4.5,4.5,-0.7894736842105293,-1.5978596278119797,0.04030924614743861
2026-07-17,KXCPIYOY-26SEP,2026-08-04,181,3.8683673469387756,3.9,3.9,-0.35632183908045834,1.2653747995348015,0.01481570179092042
2026-07-18,KXCPIYOY-26AUG,2026-08-05,161,3.5755102040816324,3.6,3.5,-0.3529411764705927,-1.207240631699392,0.006543107038733847
2026-07-18,KXCPIYOY-26JUL,2026-08-05,4993.69,3.4183673469387754,3.4,3.3000000000000003,0.17307692307692316,-0.9676898726662126,0.016805497709287784
2026-07-18,KXCPIYOY-26NOV,2026-08-02,0,4.362244897959183,4.5,4.5,-0.7894736842105293,-1.5978596278119797,0.04030924614743861
2026-07-18,KXCPIYOY-26SEP,2026-08-04,140,3.862244897959184,3.9,3.9,-0.4567901234567869,0.09948292089724475,0.011329654310703857
2026-07-19,KXCPIYOY-26AUG,2026-08-05,302,3.610204081632653,3.6,3.5,0.10638297872340774,-1.2988402366863894,0.012344856309870911
2026-07-19,KXCPIYOY-26JUL,2026-08-05,8115.88,3.439795918367347,3.4,3.4,0.3333333333333365,0.12182652920942383,0.023620366513952516
2026-07-19,KXCPIYOY-26NOV,2026-08-02,0,4.362244897959183,4.5,4.5,-0.7894736842105293,-1.5978596278119797,0.04030924614743861
2026-07-19,KXCPIYOY-26SEP,2026-08-04,116,3.862244897959184,3.9,3.9,-0.4567901234567869,0.09948292089724475,0.011329654310703857
2026-07-20,KXCPIYOY-26AUG,2026-08-05,336,3.7,3.6,3.4,0.4414414414414417,-0.5965857383887796,0.07918367346938776
2026-07-20,KXCPIYOY-26JUL,2026-08-05,51091.45,3.4030612244897958,3.4,3.4,0.030927835051550143,1.4518520343297645,0.021725322782174084
2026-07-20,KXCPIYOY-26NOV,2026-08-02,0,4.362244897959183,4.5,4.5,-0.7894736842105293,-1.5978596278119797,0.04030924614743861
2026-07-20,KXCPIYOY-26SEP,2026-08-04,3,3.862244897959184,3.9,3.9,-0.4567901234567869,0.09948292089724475,0.011329654310703857
2026-07-21,KXCPIYOY-26AUG,2026-08-05,2527.86,3.6959183673469385,3.6,3.4,0.43119266055045885,-0.8751005402883152,0.07426905456059975
2026-07-21,KXCPIYOY-26JUL,2026-08-05,53854.329999999994,3.3969387755102036,3.4,3.4,-0.03225806451612826,1.7013502861992604,0.0211130778842149
2026-07-21,KXCPIYOY-26NOV,2026-08-02,0,4.362244897959183,4.5,4.5,-0.7894736842105293,-1.5978596278119797,0.04030924614743861
2026-07-21,KXCPIYOY-26SEP,2026-08-04,0,3.862244897959184,3.9,3.9,-0.4567901234567869,0.09948292089724475,0.011329654310703857
2026-07-22,KXCPIYOY-26AUG,2026-08-05,0,3.6959183673469385,3.6,3.4,0.43119266055045885,-0.8751005402883152,0.07426905456059975
2026-07-22,KXCPIYOY-26JUL,2026-08-05,19033.3,3.3969387755102045,3.4,3.4,-0.03448275862068884,1.2167741487141104,0.01723552686380674
2026-07-22,KXCPIYOY-26NOV,2026-08-02,0,4.362244897959183,4.5,4.5,-0.7894736842105293,-1.5978596278119797,0.04030924614743861
2026-07-22,KXCPIYOY-26SEP,2026-08-04,56,3.862244897959184,3.9,3.9,-0.4567901234567869,0.09948292089724475,0.011329654310703857
2026-07-23,KXCPIYOY-26AUG,2026-08-05,523.47,3.6520408163265303,3.6,3.5,0.195402298850575,-0.6688230134044675,0.11208767180341521
2026-07-23,KXCPIYOY-26JUL,2026-08-05,22070.29,3.398979591836735,3.4,3.4,-0.012987012987008913,0.9860468125061703,0.012958142440649719
2026-07-23,KXCPIYOY-26NOV,2026-08-02,1,4.404081632653061,4.5,4.5,-0.7230769230769292,-1.378047631459534,0.02365680966264062
2026-07-23,KXCPIYOY-26SEP,2026-08-04,0,3.862244897959184,3.9,3.9,-0.4567901234567869,0.09948292089724475,0.011329654310703857
2026-07-24,KXCPIYOY-26AUG,2026-08-05,125,3.6663265306122446,3.6,3.5,0.2631578947368422,-0.7091397298052491,0.0991722199083715
2026-07-24,KXCPIYOY-26JUL,2026-08-05,27418.25,3.3857142857142857,3.4,3.4,-0.15909090909090867,0.6627859353303012,0.014489795918367332
2026-07-24,KXCPIYOY-26NOV,2026-08-02,0,4.404081632653061,4.5,4.5,-0.7230769230769292,-1.378047631459534,0.02365680966264062
2026-07-24,KXCPIYOY-26SEP,2026-08-04,0,3.862244897959184,3.9,3.9,-0.4567901234567869,0.09948292089724475,0.011329654310703857
2026-07-25,KXCPIYOY-26AUG,2026-08-05,77,3.61734693877551,3.6,3.6999999999999997,0.09826589595375654,0.02495358600174269,0.05143377759266972
2026-07-25,KXCPIYOY-26JUL,2026-08-05,13534.51,3.369387755102041,3.4,3.3000000000000003,-0.2884615384615358,1.2040187010195238,0.021920033319450218
2026-07-25,KXCPIYOY-26NOV,2026-08-02,0,4.404081632653061,4.5,4.5,-0.7230769230769292,-1.378047631459534,0.02365680966264062
2026-07-25,KXCPIYOY-26SEP,2026-08-04,0,3.862244897959184,3.9,3.9,-0.4567901234567869,0.09948292089724475,0.011329654310703857
2026-07-26,KXCPIYOY-26AUG,2026-08-05,41,3.619387755102041,3.6,3.6999999999999997,0.11111111111111185,0.08237454102551789,0.05074656393169512
2026-07-26,KXCPIYOY-26JUL,2026-08-05,9252.61,3.3755102040816327,3.4,3.4,-0.3076923076923062,0.3634262929383172,0.011849229487713437
2026-07-26,KXCPIYOY-26NOV,2026-08-02,0,4.404081632653061,4.5,4.5,-0.7230769230769292,-1.378047631459534,0.02365680966264062
2026-07-26,KXCPIYOY-26SEP,2026-08-04,0,3.862244897959184,3.9,3.9,-0.4567901234567869,0.09948292089724475,0.011329654310703857
2026-07-27,KXCPIYOY-26AUG,2026-08-05,1066,3.61734693877551,3.6,3.6999999999999997,0.09826589595375654,0.006240863350124748,0.05184194085797584
2026-07-27,KXCPIYOY-26JUL,2026-08-05,16519.54,3.372448979591837,3.4,3.3000000000000003,-0.2903225806451546,-0.20519748681159244,0.013832778009162832
2026-07-27,KXCPIYOY-26NOV,2026-08-02,0,4.404081632653061,4.5,4.5,-0.7230769230769292,-1.378047631459534,0.02365680966264062
2026-07-27,KXCPIYOY-26SEP,2026-08-04,0,3.862244897959184,3.9,3.9,-0.4567901234567869,0.09948292089724475,0.011329654310703857
2026-07-28,KXCPIYOY-26AUG,2026-08-05,1420,3.5520408163265307,3.6,3.7,-0.27167630057803466,-0.6126955670011611,0.043720324864639754
2026-07-28,KXCPIYOY-26JUL,2026-08-05,14368.42,3.392857142857143,3.4,3.4,-0.07692307692307672,0.3847585446076831,0.015357142857142842
2026-07-28,KXCPIYOY-26NOV,2026-08-02,0,4.404081632653061,4.5,4.5,-0.7230769230769292,-1.378047631459534,0.02365680966264062
2026-07-28,KXCPIYOY-26SEP,2026-08-04,242,3.4571428571428573,3.5,3.3000000000000003,-0.3181818181818172,-0.5224963047926066,0.025918367346938767
2026-07-29,KXCPIYOY-26AUG,2026-08-05,1204,3.5479591836734694,3.6,3.6,-0.4857142857142862,1.4191820431687354,0.023312161599333612
2026-07-29,KXCPIYOY-26JUL,2026-08-05,11856.15,3.375510204081633,3.4,3.3000000000000003,-0.25531914893616897,0.06914025713928806,0.014502290712203231
2026-07-29,KXCPIYOY-26NOV,2026-08-02,23,3.851020408163265,3.9,3.9,-0.47058823529411964,-0.0846028625068147,0.01556018325697623
2026-07-29,KXCPIYOY-26SEP,2026-08-04,135,3.423469387755102,3.5,3.5,-0.7575757575757575,-0.6142153301872209,0.01322469804248228
2026-07-30,KXCPIYOY-26AUG,2026-08-05,175.99,3.5173469387755105,3.6,3.6,-0.5827338129496384,-0.5514634814734403,0.02673990004164932
2026-07-30,KXCPIYOY-26JUL,2026-08-05,92967.62999999999,3.376530612244898,3.4,3.3000000000000003,-0.26436781609195126,0.7049792337788108,0.013224698042482283
2026-07-30,KXCPIYOY-26NOV,2026-08-02,120,3.85,3.9,3.9,-0.4851485148514841,-0.318741677829677,0.01494897959183671
2026-07-30,KXCPIYOY-26SEP,2026-08-04,1,3.423469387755102,3.5,3.5,-0.7575757575757575,-0.6142153301872209,0.01322469804248228
2026-07-31,KXCPIYOY-26AUG,2026-08-05,108.78,3.5183673469387755,3.6,3.4,-0.5797101449275367,-0.30256205054425633,0.027009579341940867
2026-07-31,KXCPIYOY-26JUL,2026-08-05,23999.059999999998,3.378571428571429,3.4,3.4,-0.23595505617976975,-0.027208478840747397,0.01494897959183672
2026-07-31,KXCPIYOY-26NOV,2026-08-02,0,3.85,3.9,3.9,-0.4851485148514841,-0.318741677829677,0.01494897959183671
2026-07-31,KXCPIYOY-26SEP,2026-08-04,1,3.4265306122448984,3.5,3.5,-0.7500000000000007,-0.7023781525614545,0.013377759266972074
2026-08-01,KXCPIYOY-26AUG,2026-08-05,57.15,3.5285714285714285,3.6,3.4,-0.4605263157894747,-0.5461221077079417,0.03387755102040818
2026-08-01,KXCPIYOY-26JUL,2026-08-05,5959.45,3.376530612244898,3.4,3.4,-0.2584269662921321,0.029259185532010346,0.014653269471053712
2026-08-01,KXCPIYOY-26NOV,2026-08-02,7,3.246938775510204,3.2,3.1,0.45999999999999897,-0.2676552862771717,0.014939608496459802
2026-08-01,KXCPIYOY-26SEP,2026-08-04,0,3.4265306122448984,3.5,3.5,-0.7500000000000007,-0.7023781525614545,0.013377759266972074
2026-08-02,KXCPIYOY-26AUG,2026-08-05,372.65999999999997,3.558163265306123,3.6,3.5,-0.4712643678160885,0.6539751211175155,0.012841524364847989
2026-08-02,KXCPIYOY-26JUL,2026-08-05,32494.62,3.386734693877551,3.4,3.4,-0.14942528735632002,0.29259905884548365,0.015028113286130764
2026-08-02,KXCPIYOY-26NOV,2026-08-02,33,3.2479591836734696,3.2,3.1,0.4653465346534612,0.5025848381461855,0.01576114119117034
2026-08-02,KXCPIYOY-26SEP,2026-08-04,0,3.4265306122448984,3.5,3.5,-0.7500000000000007,-0.7023781525614545,0.013377759266972074
2026-08-03,KXCPIYOY-26AUG,2026-08-05,47.21,3.621428571428572,3.7,3.8000000000000003,-0.5238095238095217,0.2722703188038622,0.03637755102040818
2026-08-03,KXCPIYOY-26JUL,2026-08-05,31224.16,3.38265306122449,3.4,3.4,-0.21518987341772025,0.416962924858971,0.011841940857975826
2026-08-03,KXCPIYOY-26SEP,2026-08-04,0,3.4265306122448984,3.5,3.5,-0.7500000000000007,-0.7023781525614545,0.013377759266972074
2026-08-04,KXCPIYOY-26AUG,2026-08-05,2958.45,3.470408163265306,3.4499999999999997,3.7,0.3770491803278715,-0.8831328006125467,0.04596105789254478
2026-08-04,KXCPIYOY-26JUL,2026-08-05,38134.21,3.3846938775510207,3.4,3.4,-0.19480519480519592,0.7450308799161154,0.011704498125780909
2026-08-04,KXCPIYOY-26SEP,2026-08-04,5000,3.4265306122448984,3.5,3.5,-0.7500000000000007,-0.7023781525614545,0.013377759266972074
2026-08-05,KXCPIYOY-26AUG,2026-08-05,734.37,3.4561224489795923,3.5,3.6,-0.2774193548387067,0.08815261159135757,0.03511557684298208
2026-08-05,KXCPIYOY-26JUL,2026-08-05,7795.05,3.380612244897959,3.4,3.4,-0.2533333333333294,4.800007111156468e-4,0.010542482299042049
