date,contract_preamble,expiry_date,daily_volume,mean,median,mode,skewness,kurtosis,variance
2021-07-01,CPI-21JUN,2021-07-12,494,0.6295918367346939,0.6,0.6,1.0000000000000009,-1.2362118440779626,0.0020835068721366088
2021-07-02,CPI-21JUN,2021-07-12,220,0.6265306122448979,0.6,0.6,0.9999999999999996,-0.9120519230769224,0.0019491878384006655
2021-07-03,CPI-21JUN,2021-07-12,0,0.6265306122448979,0.6,0.6,0.9999999999999996,-0.9120519230769224,0.0019491878384006655
2021-07-04,CPI-21JUN,2021-07-12,0,0.6265306122448979,0.6,0.6,0.9999999999999996,-0.9120519230769224,0.0019491878384006655
2021-07-05,CPI-21JUN,2021-07-12,100,0.6265306122448979,0.6,0.6,0.9999999999999996,-0.9120519230769224,0.0019491878384006655
2021-07-06,CPI-21JUN,2021-07-12,0,0.6265306122448979,0.6,0.6,0.9999999999999996,-0.9120519230769224,0.0019491878384006655
2021-07-07,CPI-21JUN,2021-07-12,15,0.6316326530612244,0.6,0.6,0.9999999999999982,-1.4083402503610938,0.0021626405664306528
2021-07-08,CPI-21JUN,2021-07-12,401,0.6306122448979592,0.6,0.6,1.0000000000000013,-1.3261429411764734,0.0021241149521032893
2021-07-09,CPI-21JUN,2021-07-12,428,0.6336734693877552,0.6,0.6,0.999999999999999,-1.552010769230774,0.0022334443981674294
2021-07-10,CPI-21JUN,2021-07-12,0,0.6336734693877552,0.6,0.6,0.999999999999999,-1.552010769230774,0.0022334443981674294
2021-07-11,CPI-21JUN,2021-07-12,1331,0.6244897959183673,0.6,0.6,0.9999999999999986,-0.6402547297297261,0.0018492294877134518
2021-07-12,CPI-21JUN,2021-07-12,1140,0.6204081632653061,0.6,0.6,0.9999999999999959,0.09359769230768844,0.0016243231986672213
2021-07-13,CPI-21JUL,2021-08-10,16,0.7479591836734693,0.7,0.7,1.0000000000000029,-2.0133578222778468,0.002495835068721365
2021-07-14,CPI-21JUL,2021-08-10,327,0.7438775510204081,0.7,0.7,0.9999999999999996,-1.9602237209302324,0.002462515618492294
2021-07-15,CPI-21JUL,2021-08-10,455,0.7448979591836735,0.7,0.7,0.9999999999999999,-1.9786500000000016,0.002473969179508537
2021-07-16,CPI-21JUL,2021-08-10,40,0.7387755102040816,0.7,0.7,1.0000000000000007,-1.8118436842105277,0.0023740108288213234
2021-07-17,CPI-21JUL,2021-08-10,25,0.7408163265306121,0.7,0.7,0.9999999999999987,-1.8830239655172396,0.0024156601416076623
2021-07-18,CPI-21JUL,2021-08-10,50,0.7428571428571428,0.7,0.7,1.000000000000002,-1.9382249999999994,0.0024489795918367337
2021-07-19,CPI-21JUL,2021-08-10,260,0.7387755102040816,0.7,0.7,1.0000000000000007,-1.8118436842105277,0.0023740108288213234
2021-07-20,CPI-21JUL,2021-08-10,351,0.7387755102040816,0.7,0.7,1.0000000000000007,-1.8118436842105277,0.0023740108288213234
2021-07-21,CPI-21JUL,2021-08-10,25,0.7377551020408163,0.7,0.7,1.0000000000000004,-1.7697725742135582,0.002350062473969178
2021-07-22,CPI-21JUL,2021-08-10,167,0.7397959183673469,0.7,0.7,1.000000000000001,-1.84952190352021,0.002395876718034151
2021-07-23,CPI-21JUL,2021-08-10,100,0.7397959183673469,0.7,0.7,1.000000000000001,-1.84952190352021,0.002395876718034151
2021-07-24,CPI-21JUL,2021-08-10,1,0.7397959183673469,0.7,0.7,1.000000000000001,-1.84952190352021,0.002395876718034151
2021-07-25,CPI-21JUL,2021-08-10,0,0.7397959183673469,0.7,0.7,1.000000000000001,-1.84952190352021,0.002395876718034151
2021-07-26,CPI-21JUL,2021-08-10,231,0.7397959183673469,0.7,0.7,1.000000000000001,-1.84952190352021,0.002395876718034151
2021-07-27,CPI-21JUL,2021-08-10,249,0.7428571428571428,0.7,0.7,1.000000000000002,-1.9382249999999994,0.0024489795918367337
2021-07-28,CPI-21JUL,2021-08-10,673,0.746938775510204,0.7,0.7,1.0000000000000002,-2.005149331103679,0.0024906289046230726
2021-07-29,CPI-21JUL,2021-08-10,225,0.7459183673469387,0.7,0.7,1.0000000000000002,-1.9935996226415096,0.0024833402748854635
2021-07-30,CPI-21JUL,2021-08-10,163,0.7489795918367346,0.7,0.7,1.0000000000000009,-2.0182664999999997,0.0024989587671803404
2021-07-31,CPI-21JUL,2021-08-10,50,0.75,0.7499999999999999,0.7,0.9999999999999989,-2.0199,0.0024999999999999988
2021-08-01,CPI-21JUL,2021-08-10,125,0.75,0.7499999999999999,0.7,0.9999999999999989,-2.0199,0.0024999999999999988
2021-08-02,CPI-21JUL,2021-08-10,463,0.7520408163265305,0.7999999999999999,0.7999999999999999,-1.0000000000000007,-2.0133578222778477,0.002495835068721365
2021-08-03,CPI-21JUL,2021-08-10,1379,0.7581632653061224,0.7999999999999999,0.7999999999999999,-1.0000000000000016,-1.9125377406931952,0.0024333610995418567
2021-08-04,CPI-21JUL,2021-08-10,1629,0.7479591836734693,0.7,0.7,1.0000000000000029,-2.0133578222778468,0.002495835068721365
2021-08-05,CPI-21JUL,2021-08-10,620,0.7479591836734693,0.7,0.7,1.0000000000000029,-2.0133578222778468,0.002495835068721365
2021-08-06,CPI-21JUL,2021-08-10,852,0.7540816326530612,0.7999999999999999,0.7999999999999999,-1.0000000000000002,-1.9935996226415096,0.0024833402748854635
2021-08-07,CPI-21JUL,2021-08-10,72,0.7561224489795918,0.7999999999999999,0.7999999999999999,-0.9999999999999997,-1.9602237209302322,0.0024625156184922936
2021-08-08,CPI-21JUL,2021-08-10,295,0.7561224489795918,0.7999999999999999,0.7999999999999999,-0.9999999999999997,-1.9602237209302322,0.0024625156184922936
2021-08-09,CPI-21JUL,2021-08-10,2823,0.7489795918367346,0.7,0.7,1.0000000000000009,-2.0182664999999997,0.0024989587671803404
2021-08-10,CPI-21JUL,2021-08-10,10896,0.7387755102040816,0.7,0.7,1.0000000000000007,-1.8118436842105277,0.0023740108288213234
2021-08-14,CPI-21AUG,2021-09-13,0,0.43673469387755104,0.4,0.4,1,-1.7230596774193552,0.0023240316534777167
2021-08-15,CPI-21AUG,2021-09-13,0,0.43673469387755104,0.4,0.4,1,-1.7230596774193552,0.0023240316534777167
2021-08-16,CPI-21AUG,2021-09-13,6,0.43775510204081636,0.4,0.4,1.0000000000000004,-1.769772574213556,0.002350062473969178
2021-08-17,CPI-21AUG,2021-09-13,120,0.4418367346938775,0.4,0.4,0.9999999999999989,-1.9125377406931952,0.0024333610995418563
2021-08-18,CPI-21AUG,2021-09-13,26,0.4408163265306123,0.4,0.4,1,-1.8830239655172414,0.0024156601416076623
2021-08-19,CPI-21AUG,2021-09-13,0,0.4408163265306123,0.4,0.4,1,-1.8830239655172414,0.0024156601416076623
2021-08-20,CPI-21AUG,2021-09-13,3,0.44285714285714295,0.4,0.4,1.0000000000000007,-1.9382250000000005,0.0024489795918367337
2021-08-21,CPI-21AUG,2021-09-13,0,0.44285714285714295,0.4,0.4,1.0000000000000007,-1.9382250000000005,0.0024489795918367337
2021-08-22,CPI-21AUG,2021-09-13,0,0.44285714285714295,0.4,0.4,1.0000000000000007,-1.9382250000000005,0.0024489795918367337
2021-08-23,CPI-21AUG,2021-09-13,0,0.44285714285714295,0.4,0.4,1.0000000000000007,-1.9382250000000005,0.0024489795918367337
2021-08-24,CPI-21AUG,2021-09-13,0,0.44285714285714295,0.4,0.4,1.0000000000000007,-1.9382250000000005,0.0024489795918367337
2021-08-25,CPI-21AUG,2021-09-13,16,0.4408163265306123,0.4,0.4,1,-1.8830239655172414,0.0024156601416076623
2021-08-26,CPI-21AUG,2021-09-13,0,0.4408163265306123,0.4,0.4,1,-1.8830239655172414,0.0024156601416076623
2021-08-27,CPI-21AUG,2021-09-13,415,0.4408163265306123,0.4,0.4,1,-1.8830239655172414,0.0024156601416076623
2021-08-28,CPI-21AUG,2021-09-13,4,0.44285714285714295,0.4,0.4,1.0000000000000007,-1.9382250000000005,0.0024489795918367337
2021-08-29,CPI-21AUG,2021-09-13,0,0.44285714285714295,0.4,0.4,1.0000000000000007,-1.9382250000000005,0.0024489795918367337
2021-08-30,CPI-21AUG,2021-09-13,22,0.44285714285714295,0.4,0.4,1.0000000000000007,-1.9382250000000005,0.0024489795918367337
2021-08-31,CPI-21AUG,2021-09-13,2,0.44387755102040816,0.4,0.4,0.9999999999999996,-1.960223720930231,0.0024625156184922936
2021-09-01,CPI-21AUG,2021-09-13,50,0.44387755102040816,0.4,0.4,0.9999999999999996,-1.960223720930231,0.0024625156184922936
2021-09-02,CPI-21AUG,2021-09-13,100,0.4448979591836735,0.4,0.4,0.9999999999999999,-1.9786499999999998,0.002473969179508537
2021-09-03,CPI-21AUG,2021-09-13,103,0.4448979591836735,0.4,0.4,0.9999999999999999,-1.9786499999999998,0.002473969179508537
2021-09-04,CPI-21AUG,2021-09-13,0,0.4448979591836735,0.4,0.4,0.9999999999999999,-1.9786499999999998,0.002473969179508537
2021-09-05,CPI-21AUG,2021-09-13,0,0.4448979591836735,0.4,0.4,0.9999999999999999,-1.9786499999999998,0.002473969179508537
2021-09-06,CPI-21AUG,2021-09-13,0,0.4448979591836735,0.4,0.4,0.9999999999999999,-1.9786499999999998,0.002473969179508537
2021-09-07,CPI-21AUG,2021-09-13,5,0.4469387755102041,0.4,0.4,1.0000000000000002,-2.005149331103679,0.0024906289046230726
2021-09-08,CPI-21AUG,2021-09-13,100,0.44795918367346943,0.4,0.4,1.0000000000000007,-2.0133578222778477,0.002495835068721365
2021-09-09,CPI-21AUG,2021-09-13,22,0.4459183673469388,0.4,0.4,1.0000000000000002,-1.993599622641509,0.0024833402748854635
2021-09-10,CPI-21AUG,2021-09-13,50,0.44897959183673475,0.4,0.4,1.0000000000000009,-2.0182664999999997,0.0024989587671803404
2021-09-11,CPI-21AUG,2021-09-13,50,0.44999999999999996,0.45000000000000007,0.4,1,-2.0199,0.0024999999999999988
2021-09-12,CPI-21AUG,2021-09-13,0,0.44999999999999996,0.45000000000000007,0.4,1,-2.0199,0.0024999999999999988
2021-09-13,CPI-21AUG,2021-09-13,382,0.4510204081632654,0.5,0.5,-1.0000000000000009,-2.0182664999999997,0.0024989587671803404
2021-09-14,CPI-21SEP,2021-10-12,3,0.25204081632653064,0.30000000000000004,0.30000000000000004,-0.9999999999999997,-2.0133578222778477,0.0024958350687213663
2021-09-15,CPI-21SEP,2021-10-12,96,0.25204081632653064,0.30000000000000004,0.30000000000000004,-0.9999999999999997,-2.0133578222778477,0.0024958350687213663
2021-09-16,CPI-21SEP,2021-10-12,0,0.25204081632653064,0.30000000000000004,0.30000000000000004,-0.9999999999999997,-2.0133578222778477,0.0024958350687213663
2021-09-17,CPI-21SEP,2021-10-12,105,0.2602040816326531,0.30000000000000004,0.30000000000000004,-1.0000000000000002,-1.8495219035202075,0.0023958767180341524
2021-09-18,CPI-21SEP,2021-10-12,4,0.2602040816326531,0.30000000000000004,0.30000000000000004,-1.0000000000000002,-1.8495219035202075,0.0023958767180341524
2021-09-19,CPI-21SEP,2021-10-12,0,0.2602040816326531,0.30000000000000004,0.30000000000000004,-1.0000000000000002,-1.8495219035202075,0.0023958767180341524
2021-09-20,CPI-21SEP,2021-10-12,0,0.2602040816326531,0.30000000000000004,0.30000000000000004,-1.0000000000000002,-1.8495219035202075,0.0023958767180341524
2021-09-21,CPI-21SEP,2021-10-12,51,0.2612244897959184,0.30000000000000004,0.30000000000000004,-0.9999999999999998,-1.8118436842105257,0.0023740108288213247
2021-09-22,CPI-21SEP,2021-10-12,778,0.25918367346938775,0.30000000000000004,0.30000000000000004,-0.9999999999999997,-1.8830239655172407,0.0024156601416076636
2021-09-23,CPI-21SEP,2021-10-12,0,0.25918367346938775,0.30000000000000004,0.30000000000000004,-0.9999999999999997,-1.8830239655172407,0.0024156601416076636
2021-09-24,CPI-21SEP,2021-10-12,35,0.25918367346938775,0.30000000000000004,0.30000000000000004,-0.9999999999999997,-1.8830239655172407,0.0024156601416076636
2021-09-25,CPI-21SEP,2021-10-12,10,0.25918367346938775,0.30000000000000004,0.30000000000000004,-0.9999999999999997,-1.8830239655172407,0.0024156601416076636
2021-09-26,CPI-21SEP,2021-10-12,30,0.2571428571428571,0.30000000000000004,0.30000000000000004,-1,-1.9382250000000003,0.002448979591836735
2021-09-27,CPI-21SEP,2021-10-12,100,0.2561224489795919,0.30000000000000004,0.30000000000000004,-1,-1.9602237209302322,0.0024625156184922953
2021-09-28,CPI-21SEP,2021-10-12,257,0.2602040816326531,0.30000000000000004,0.30000000000000004,-1.0000000000000002,-1.8495219035202075,0.0023958767180341524
2021-09-29,CPI-21SEP,2021-10-12,280,0.2612244897959184,0.30000000000000004,0.30000000000000004,-0.9999999999999998,-1.8118436842105257,0.0023740108288213247
2021-09-30,CPI-21SEP,2021-10-12,73,0.2612244897959184,0.30000000000000004,0.30000000000000004,-0.9999999999999998,-1.8118436842105257,0.0023740108288213247
2021-10-01,CPI-21SEP,2021-10-12,77,0.26326530612244903,0.30000000000000004,0.30000000000000004,-1.0000000000000007,-1.7230596774193547,0.002324031653477718
2021-10-02,CPI-21SEP,2021-10-12,1,0.2622448979591837,0.30000000000000004,0.30000000000000004,-1.0000000000000002,-1.7697725742135573,0.00235006247396918
2021-10-03,CPI-21SEP,2021-10-12,895,0.2612244897959184,0.30000000000000004,0.30000000000000004,-0.9999999999999998,-1.8118436842105257,0.0023740108288213247
2021-10-04,CPI-21SEP,2021-10-12,77,0.2602040816326531,0.30000000000000004,0.30000000000000004,-1.0000000000000002,-1.8495219035202075,0.0023958767180341524
2021-10-05,CPI-21SEP,2021-10-12,997,0.2622448979591837,0.30000000000000004,0.30000000000000004,-1.0000000000000002,-1.7697725742135573,0.00235006247396918
2021-10-06,CPI-21SEP,2021-10-12,55,0.26734693877551025,0.30000000000000004,0.30000000000000004,-0.9999999999999991,-1.4834437499999986,0.002199083715118701
2021-10-07,CPI-21SEP,2021-10-12,350,0.2663265306122449,0.30000000000000004,0.30000000000000004,-0.9999999999999993,-1.5520107692307685,0.0022334443981674307
2021-10-08,CPI-21SEP,2021-10-12,100,0.2663265306122449,0.30000000000000004,0.30000000000000004,-0.9999999999999993,-1.5520107692307685,0.0022334443981674307
2021-10-09,CPI-21SEP,2021-10-12,479,0.26734693877551025,0.30000000000000004,0.30000000000000004,-0.9999999999999991,-1.4834437499999986,0.002199083715118701
2021-10-10,CPI-21OCT,2021-11-09,350,0.5153061224489796,0.5,0.5,0.9999999999999978,1.6202465060241042,0.0012963348604748016
2021-10-10,CPI-21SEP,2021-10-12,402,0.2683673469387755,0.30000000000000004,0.30000000000000004,-1.0000000000000007,-1.408340250361097,0.002162640566430654
2021-10-11,CPI-21OCT,2021-11-09,200,0.5163265306122449,0.5,0.5,0.9999999999999986,1.2341515243902474,0.0013660974593919196
2021-10-11,CPI-21SEP,2021-10-12,760,0.2724489795918368,0.30000000000000004,0.30000000000000004,-1,-1.0300859154929578,0.001996043315285298
2021-10-12,CPI-21OCT,2021-11-09,412,0.5173469387755102,0.5,0.5,0.9999999999999962,0.8954882352941196,0.0014337775926697202
2021-10-12,CPI-21SEP,2021-10-12,8846,0.2806122448979592,0.30000000000000004,0.30000000000000004,-0.9999999999999991,0.3307728847435025,0.0015628904623073722
2021-10-13,CPI-21OCT,2021-11-09,3541,0.529591836734694,0.5,0.5,1.0000000000000009,-1.2362118440779684,0.002083506872136609
2021-10-14,CPI-21OCT,2021-11-09,946,0.4,0.4,0.4,0,-1.1528884615384618,0.005306122448979595
2021-10-15,CPI-21OCT,2021-11-09,244,0.4040816326530612,0.4,0.4,0.07692307692307679,-1.1460280373240745,0.005289462723865058
2021-10-16,CPI-21OCT,2021-11-09,65,0.40204081632653066,0.4,0.4,0.040000000000000466,-1.07734035467128,0.005097875885047899
2021-10-17,CPI-21OCT,2021-11-09,250,0.4061224489795918,0.4,0.4,0.1153846153846157,-1.1374648695652174,0.005268638067471889
2021-10-18,CPI-21OCT,2021-11-09,261,0.4061224489795918,0.4,0.4,0.1153846153846157,-1.1374648695652174,0.005268638067471889
2021-10-19,CPI-21OCT,2021-11-09,724,0.4091836734693878,0.4,0.4,0.17647058823529405,-1.082582005315076,0.005119741774260726
2021-10-20,CPI-21OCT,2021-11-09,1272,0.4122448979591836,0.4,0.4,0.22222222222222282,-1.1581899408284035,0.005360266555601834
2021-10-21,CPI-21OCT,2021-11-09,239,0.42448979591836733,0.4,0.5,0.3870967741935486,-1.1781604416000016,0.0057267805081216185
2021-10-22,CPI-21OCT,2021-11-09,711,0.5357142857142857,0.6,0.6,-1,-0.9833841882684609,0.00576530612244898
2021-10-23,CPI-21OCT,2021-11-09,124,0.5306122448979592,0.55,0.6,0.441176470588235,-1.1420216129596175,0.006001665972511454
2021-10-24,CPI-21OCT,2021-11-09,20,0.5326530612244899,0.6,0.6,-0.9999999999999996,-1.1137623663198,0.006076634735526863
2021-10-25,CPI-21OCT,2021-11-09,354,0.4295918367346939,0.4,0.5,0.4603174603174605,-1.0695183290473098,0.005552894627238653
2021-10-26,CPI-21OCT,2021-11-09,352,0.539795918367347,0.6,0.6,-1,-0.7815643512804944,0.00525301957517701
2021-10-27,CPI-21OCT,2021-11-09,153,0.5459183673469388,0.6,0.6,-1.0000000000000007,-0.510074986854459,0.004932319866722199
2021-10-28,CPI-21OCT,2021-11-09,114,0.5438775510204081,0.6,0.6,-1,-0.6445840064285013,0.005319658475635152
2021-10-29,CPI-21OCT,2021-11-09,241,0.5387755102040817,0.6,0.6,-0.9999999999999993,-0.8088309596738203,0.005231153685964182
2021-10-30,CPI-21OCT,2021-11-09,40,0.5418367346938776,0.6,0.6,-0.9999999999999998,-0.6298111982972001,0.004474177426072469
2021-10-31,CPI-21OCT,2021-11-09,1,0.4877551020408163,0.4,0.6,0.8113207547169811,-1.6550396722164415,0.012911286963765098
2021-11-01,CPI-21OCT,2021-11-09,503,0.539795918367347,0.5499999999999999,0.6,-1.0000000000000002,-0.6827882145035264,0.0044366930445647644
2021-11-02,CPI-21OCT,2021-11-09,271,0.5122448979591837,0.5,0.6,0.14634146341463392,-0.6502556457120798,0.010054144106622243
2021-11-03,CPI-21OCT,2021-11-09,6408,0.5132653061224489,0.6,0.6,-1.0000000000000002,-0.8653887275650503,0.013395460224906288
2021-11-04,CPI-21OCT,2021-11-09,924,0.5122448979591837,0.6,0.6,-0.9999999999999993,-0.9700002841237745,0.011890878800499794
2021-11-05,CPI-21OCT,2021-11-09,419,0.5153061224489796,0.6,0.6,-1.0000000000000009,-0.8408883032784464,0.012112661391087047
2021-11-06,CPI-21OCT,2021-11-09,186,0.5112244897959184,0.6,0.6,-1.0000000000000007,-0.9355628868788712,0.013445439400249897
2021-11-07,CPI-21OCT,2021-11-09,305,0.5061224489795918,0.6,0.6,-1.0000000000000007,-1.28934946812331,0.013431903373594336
2021-11-08,CPI-21OCT,2021-11-09,4772,0.5132653061224489,0.6,0.6,-1.0000000000000002,-0.8453584516071921,0.012987296959600167
2021-11-09,CPI-21OCT,2021-11-09,11694,0.5071428571428571,0.5,0.6,0.08433734939759006,-0.9236547785307536,0.010051020408163268
2021-11-10,CPI-21NOV,2021-12-10,1783,0.6479591836734694,0.7,0.7,-1.0000000000000016,-0.388304583424222,0.004536651395251976
2021-11-11,CPI-21NOV,2021-12-10,1798,0.6653061224489796,0.7,0.7,-1.0000000000000029,1.2152838017751506,0.0038983756768013306
2021-11-12,CPI-21NOV,2021-12-10,319,0.6663265306122449,0.7,0.7,-0.999999999999999,1.3796470265448466,0.0038660974593919184
2021-11-13,CPI-21NOV,2021-12-10,560,0.6693877551020407,0.7,0.7,-1.000000000000001,1.9122944604863301,0.0035526863806747172
2021-11-14,CPI-21NOV,2021-12-10,130,0.6724489795918367,0.7,0.7,-1.0000000000000002,2.557874022565268,0.0032205331112036633
2021-11-15,CPI-21NOV,2021-12-10,579,0.7051020408163265,0.7,0.7,0.07462686567164108,-0.663037578847832,0.007831112036651391
2021-11-16,CPI-21NOV,2021-12-10,1781,0.7091836734693877,0.7,0.7999999999999999,0.13043478260869568,-0.5045886550702048,0.008180966264056639
2021-11-17,CPI-21NOV,2021-12-10,711,0.7153061224489795,0.7,0.7999999999999999,0.21739130434782716,-0.7610081423069261,0.007418783840066635
2021-11-18,CPI-21NOV,2021-12-10,470,0.7071428571428572,0.7,0.7999999999999999,0.1014492753623185,-0.9851022881852152,0.007602040816326527
2021-11-19,CPI-21NOV,2021-12-10,65,0.7071428571428572,0.7,0.7999999999999999,0.1014492753623185,-0.9851022881852152,0.007602040816326527
2021-11-20,CPI-21NOV,2021-12-10,543,0.7010204081632653,0.7,0.7,0.015873015873016066,-0.7132178553676898,0.007243856726364012
2021-11-21,CPI-21NOV,2021-12-10,148,0.696938775510204,0.7,0.7,-0.04477611940298562,-0.7374967382220894,0.008051853394418988
2021-11-22,CPI-21NOV,2021-12-10,672,0.7030612244897958,0.7,0.7999999999999999,0.03999999999999904,-0.9204372015929208,0.008868179925031233
2021-11-23,CPI-21NOV,2021-12-10,863,0.7061224489795918,0.7,0.7999999999999999,0.0789473684210536,-0.8822343916588165,0.008942107455226986
2021-11-24,CPI-21NOV,2021-12-10,417,0.7112244897959183,0.7,0.7999999999999999,0.15942028985507284,-0.714187359999999,0.007731153685964178
2021-11-25,CPI-21NOV,2021-12-10,337,0.7122448979591837,0.7,0.7999999999999999,0.17647058823529468,-0.6371709754681367,0.007605164514785503
2021-11-26,CPI-21NOV,2021-12-10,655,0.7061224489795918,0.7,0.7,0.11111111111111045,-0.07195673058199192,0.006289046230737189
2021-11-27,CPI-21NOV,2021-12-10,207,0.7010204081632653,0.7,0.7,0.01694915254237309,-0.5176408349778909,0.006835693461057889
2021-11-28,CPI-21NOV,2021-12-10,804,0.6918367346938775,0.7,0.7,-0.14814814814814792,-0.16007685339542155,0.006668054977092874
2021-11-29,CPI-21NOV,2021-12-10,694,0.6918367346938775,0.7,0.7,-0.15384615384615363,-0.02770632090950187,0.006463973344439814
2021-11-30,CPI-21NOV,2021-12-10,1238,0.6938775510204082,0.7,0.7,-0.13043478260869487,0.49942790167644446,0.005880882965431068
2021-12-01,CPI-21NOV,2021-12-10,1784,0.6908163265306122,0.7,0.7,-0.2571428571428572,1.1145161487806847,0.004099333610995417
2021-12-02,CPI-21NOV,2021-12-10,1159,0.6918367346938775,0.7,0.7,-0.19999999999999973,0.2314977449008908,0.004423157017909202
2021-12-03,CPI-21NOV,2021-12-10,827,0.6887755102040816,0.7,0.7,-0.2682926829268299,0.7387128618095762,0.005078092461474384
2021-12-04,CPI-21NOV,2021-12-10,2254,0.6959183673469388,0.7,0.7,-0.10000000000000121,0.6054983368870293,0.004677217825905871
2021-12-05,CPI-21NOV,2021-12-10,418,0.696938775510204,0.7,0.7,-0.06666666666666507,0.13965751369790436,0.005194710537276132
2021-12-06,CPI-21NOV,2021-12-10,4220,0.7010204081632653,0.7,0.7,0.01960784313725514,-0.768446953855026,0.005407122032486462
2021-12-07,CPI-21NOV,2021-12-10,1554,0.696938775510204,0.7,0.7,-0.05882352941176543,-0.3085380728966074,0.005806955435235316
2021-12-08,CPI-21NOV,2021-12-10,2555,0.6959183673469387,0.7,0.7,-0.07142857142857036,-0.45287536482623825,0.006513952519783421
2021-12-09,CPI-21NOV,2021-12-10,8244,0.7010204081632653,0.7,0.7,0.02222222222222249,-0.05929188014577891,0.00499895876718034
2021-12-10,CPI-21NOV,2021-12-10,2453,0.7051020408163264,0.7,0.7,0.11111111111111246,0.03954871594224452,0.004973969179508536
2021-12-13,CPI-21DEC,2022-01-12,1010,0.6673469387755103,0.7000000000000001,0.7000000000000001,-0.31999999999999945,-0.8267084353498513,0.016484798000832992
2021-12-14,CPI-21DEC,2022-01-12,1148,0.6642857142857143,0.7000000000000001,0.7000000000000001,-0.37634408602150626,-0.8134448642659282,0.014540816326530617
2021-12-15,CPI-21DEC,2022-01-12,1226,0.6683673469387755,0.7000000000000001,0.7000000000000001,-0.32631578947368456,-0.8614402015483185,0.015019783423573517
2021-12-16,CPI-21DEC,2022-01-12,894,0.6744897959183673,0.7000000000000001,0.7000000000000001,-0.23364485981308483,-1.0969734961291404,0.017206372344856315
2021-12-17,CPI-21DEC,2022-01-12,2768,0.6704081632653062,0.7000000000000001,0.7000000000000001,-0.2815533980582526,-1.0961997925995395,0.015756976259891715
2021-12-18,CPI-21DEC,2022-01-12,2650,0.6795918367346939,0.7000000000000001,0.7000000000000001,-0.21276595744680868,-0.9776670163077279,0.016114119117034573
2021-12-19,CPI-21DEC,2022-01-12,1240,0.6775510204081634,0.7000000000000001,0.7000000000000001,-0.23913043478260912,-0.9776712641836212,0.015414410662224078
2021-12-20,CPI-21DEC,2022-01-12,745,0.6836734693877552,0.7000000000000001,0.7000000000000001,-0.16666666666666635,-0.9737823683282194,0.01687630154102458
2021-12-21,CPI-21DEC,2022-01-12,2855,0.689795918367347,0.7000000000000001,0.7000000000000001,-0.10416666666666675,-0.947529334946057,0.016222407330279055
2021-12-22,CPI-21DEC,2022-01-12,1831,0.6826530612244898,0.7000000000000001,0.7000000000000001,-0.17171717171717155,-1.0318859415413857,0.016739900041649318
2021-12-23,CPI-21DEC,2022-01-12,3576,0.6836734693877552,0.7000000000000001,0.7000000000000001,-0.15686274509804,-1.0798705967658595,0.017284464806330703
2021-12-24,CPI-21DEC,2022-01-12,7355,0.6846938775510204,0.7000000000000001,0.7000000000000001,-0.15463917525773269,-1.0666865638109757,0.016806538942107457
2021-12-25,CPI-21DEC,2022-01-12,1910,0.692857142857143,0.7000000000000001,0.7000000000000001,-0.08045977011494349,-0.7879604542936294,0.014540816326530617
2021-12-26,CPI-21DEC,2022-01-12,350,0.689795918367347,0.7000000000000001,0.7000000000000001,-0.11111111111111122,-0.8640742090485758,0.014793835901707625
2021-12-27,CPI-21DEC,2022-01-12,1790,0.692857142857143,0.7000000000000001,0.7000000000000001,-0.07526881720430079,-0.9127057102929332,0.015561224489795925
2021-12-28,CPI-21DEC,2022-01-12,6739,0.6887755102040816,0.7000000000000001,0.7000000000000001,-0.12359550561797776,-0.8108913926893884,0.015690337359433572
2021-12-29,CPI-21DEC,2022-01-12,2210,0.6908163265306123,0.7000000000000001,0.7000000000000001,-0.10588235294117643,-0.6883845015632959,0.01511974177426073
2021-12-30,CPI-21DEC,2022-01-12,2200,0.6877551020408164,0.7000000000000001,0.7000000000000001,-0.1395348837209306,-0.6823454046657464,0.014543940024989592
2021-12-31,CPI-21DEC,2022-01-12,1968,0.6908163265306122,0.7000000000000001,0.7000000000000001,-0.10843373493976032,-0.633155212914164,0.014507496876301545
2022-01-01,CPI-21DEC,2022-01-12,2319,0.6989795918367347,0.7000000000000001,0.7000000000000001,-0.010752688172043137,-0.9005353809720233,0.015407122032486469
2022-01-02,CPI-21DEC,2022-01-12,1002,0.7081632653061225,0.7000000000000001,0.7000000000000001,0.08510638297872326,-0.8919425907982221,0.015851728446480636
2022-01-03,CPI-21DEC,2022-01-12,8492,0.6806122448979592,0.7000000000000001,0.5,-0.1544715447154472,-1.3893437295594404,0.021358808829654317
2022-01-04,CPI-21DEC,2022-01-12,7394,0.713265306122449,0.7000000000000001,0.7000000000000001,0.12871287128712808,-0.964462406728944,0.01788525614327364
2022-01-05,CPI-21DEC,2022-01-12,2034,0.7204081632653061,0.7000000000000001,0.7000000000000001,0.2083333333333324,-0.8419025311110353,0.015501874219075389
2022-01-06,CPI-21DEC,2022-01-12,1161,0.7244897959183675,0.7000000000000001,0.7000000000000001,0.24489795918367308,-0.8341823974539233,0.01572678050812162
2022-01-07,CPI-21DEC,2022-01-12,29367,0.6836734693877551,0.7000000000000001,0.7000000000000001,-0.1666666666666675,-1.018214857704414,0.01544773011245315
2022-01-08,CPI-21DEC,2022-01-12,3160,0.6744897959183674,0.7000000000000001,0.7000000000000001,-0.28735632183908005,-0.8549420690248843,0.013532902957101212
2022-01-09,CPI-21DEC,2022-01-12,3738,0.6704081632653062,0.7000000000000001,0.7000000000000001,-0.2989690721649486,-0.9653210064776312,0.01616513952519784
2022-01-10,CPI-21DEC,2022-01-12,17652,0.6581632653061225,0.7000000000000001,0.7000000000000001,-0.4059405940594064,-1.2472867885368017,0.01529050395668472
2022-01-11,CPI-21DEC,2022-01-12,22895,0.6408163265306123,0.6,0.5,0.39215686274509837,-0.971971726353551,0.01568096626405665
2022-01-12,CPI-21DEC,2022-01-12,6083,0.6438775510204082,0.6,0.5,0.3805309734513281,-1.0242816388206553,0.018789046230737197
2022-01-13,CPI-22JAN,2022-02-10,1192,0.5734693877551021,0.6,0.7000000000000001,-0.2599999999999998,-1.4675902435720736,0.01378592253227822
2022-01-14,CPI-22JAN,2022-02-10,512,0.5887755102040816,0.6,0.6,-0.09734513274336254,-1.224257842145806,0.019363806747188676
2022-01-15,CPI-22JAN,2022-02-10,624,0.5948979591836735,0.6,0.5,-0.040650406504064644,-1.3888654943193006,0.02130049979175344
2022-01-16,CPI-22JAN,2022-02-10,348,0.5846938775510205,0.6,0.4,-0.11999999999999926,-1.3680524952808057,0.022928987921699295
2022-01-17,CPI-22JAN,2022-02-10,267,0.5785714285714286,0.6,0.4,-0.17647058823529346,-1.2729473347242064,0.020867346938775514
2022-01-18,CPI-22JAN,2022-02-10,868,0.5775510204081633,0.6,0.6,-0.1929824561403503,-1.1596412003787766,0.019904206580591423
2022-01-19,CPI-22JAN,2022-02-10,364,0.5744897959183674,0.6,0.6,-0.21739130434782586,-1.128305981759343,0.01985943356934611
2022-01-20,CPI-22JAN,2022-02-10,1252,0.5775510204081633,0.6,0.6,-0.21568627450980382,-0.9840081318661897,0.017047063723448566
2022-01-21,CPI-22JAN,2022-02-10,161,0.5724489795918367,0.6,0.6,-0.2727272727272721,-0.8354273489250832,0.016485839233652648
2022-01-22,CPI-22JAN,2022-02-10,304,0.573469387755102,0.6,0.6,-0.2653061224489789,-0.8111785634632325,0.016234902124114953
2022-01-23,CPI-22JAN,2022-02-10,506,0.5704081632653062,0.6,0.6,-0.2871287128712868,-0.8105720460354249,0.0163692211578509
2022-01-24,CPI-22JAN,2022-02-10,432,0.5693877551020409,0.6,0.6,-0.31249999999999917,-0.7991793221428951,0.015389421074552273
2022-01-25,CPI-22JAN,2022-02-10,273,0.5714285714285715,0.6,0.6,-0.2978723404255314,-0.7442434790767494,0.014897959183673473
2022-01-26,CPI-22JAN,2022-02-10,1134,0.5724489795918367,0.6,0.6,-0.2727272727272727,-0.8797563373045332,0.015465431070387342
2022-01-27,CPI-22JAN,2022-02-10,421,0.5755102040816327,0.6,0.6,-0.2608695652173908,-0.8454974755051268,0.01389004581424407
2022-01-28,CPI-22JAN,2022-02-10,2593,0.5795918367346939,0.6,0.6,-0.22727272727272624,-0.7672283945133831,0.013256976259891716
2022-01-29,CPI-22JAN,2022-02-10,1165,0.5826530612244898,0.6,0.6,-0.19999999999999982,-0.6861731855958495,0.01245418575593503
2022-01-30,CPI-22JAN,2022-02-10,322,0.576530612244898,0.6,0.6,-0.27058823529411696,-0.5740434376905754,0.012204289879216996
2022-01-31,CPI-22JAN,2022-02-10,750,0.5785714285714286,0.6,0.6,-0.2530120481927701,-0.571644935521082,0.01229591836734694
2022-02-01,CPI-22JAN,2022-02-10,1008,0.576530612244898,0.6,0.6,-0.2643678160919534,-0.6550291010286062,0.012612453144523118
2022-02-02,CPI-22JAN,2022-02-10,2465,0.5775510204081633,0.6,0.6,-0.2340425531914892,-0.7665721265029402,0.014802165764264893
2022-02-03,CPI-22JAN,2022-02-10,1099,0.5806122448979592,0.6,0.6,-0.2087912087912083,-0.7612824170213122,0.014828196584756355
2022-02-04,CPI-22JAN,2022-02-10,5553,0.5693877551020409,0.6,0.6,-0.3061224489795916,-0.7567790376198689,0.015389421074552273
2022-02-05,CPI-22JAN,2022-02-10,5392,0.5612244897959183,0.6,0.6,-0.37999999999999967,-0.9128775468217869,0.01625156184922949
2022-02-06,CPI-22JAN,2022-02-10,471,0.5622448979591836,0.6,0.6,-0.3737373737373738,-0.9147305600872966,0.016227613494377343
2022-02-07,CPI-22JAN,2022-02-10,2174,0.5602040816326531,0.6,0.6,-0.3861386138613854,-0.9098470256645719,0.016273427738442318
2022-02-08,CPI-22JAN,2022-02-10,15227,0.592857142857143,0.6,0.6,-0.07368421052631552,-0.8985454909970443,0.015561224489795921
2022-02-09,CPI-22JAN,2022-02-10,9239,0.5744897959183674,0.6,0.5,-0.22935779816513738,-1.051350994342856,0.017410453977509375
2022-02-10,CPI-22FEB,2022-03-10,615,0.6010204081632653,0.6,0.5,0.009523809523809636,-1.1491414696966518,0.01703977509371096
2022-02-10,CPI-22JAN,2022-02-10,7640,0.5602040816326531,0.5,0.5,0.5619047619047624,-1.0420914252390503,0.015865264473136197
2022-02-11,CPI-22FEB,2022-03-10,1385,0.6020408163265306,0.6,0.5,0.0212765957446811,-0.9712963502593674,0.014281549354435657
2022-02-12,CPI-22FEB,2022-03-10,58,0.5969387755102041,0.6,0.5,-0.03030303030302956,-1.04347777428858,0.015194710537276139
2022-02-13,CPI-22FEB,2022-03-10,350,0.6051020408163266,0.6,0.5,0.052631578947369036,-1.020344782620553,0.014565805914202418
2022-02-14,CPI-22FEB,2022-03-10,341,0.6071428571428571,0.6,0.6,0.07526881720430197,-0.9663513240997221,0.014540816326530617
2022-02-15,CPI-22FEB,2022-03-10,290,0.6102040816326532,0.6,0.6,0.10416666666666675,-1.0190665995306165,0.014997917534360685
2022-02-16,CPI-22FEB,2022-03-10,955,0.6040816326530613,0.6,0.5,0.04166666666666715,-1.039533148362318,0.014064972927946694
2022-02-17,CPI-22FEB,2022-03-10,375,0.6122448979591837,0.6,0.5,0.12000000000000031,-1.0954941610167517,0.014952103290295716
2022-02-18,CPI-22FEB,2022-03-10,231,0.6163265306122448,0.6,0.6,0.1860465116279079,-0.8210793117159776,0.01218242399000417
2022-02-19,CPI-22FEB,2022-03-10,184,0.613265306122449,0.6,0.6,0.14606741573033757,-0.9262433106392791,0.012579133694294049
2022-02-20,CPI-22FEB,2022-03-10,122,0.6163265306122448,0.6,0.6,0.1860465116279079,-0.8210793117159776,0.01218242399000417
2022-02-21,CPI-22FEB,2022-03-10,971,0.6081632653061224,0.6,0.5,0.08510638297872325,-1.0354875889235549,0.013402748854643902
2022-02-22,CPI-22FEB,2022-03-10,223,0.610204081632653,0.6,0.6,0.10869565217391312,-0.9201865083483414,0.013569346105789259
2022-02-23,CPI-22FEB,2022-03-10,917,0.6306122448979592,0.6,0.8,0.25423728813559343,-1.463939276062757,0.02008329862557268
2022-02-24,CPI-22FEB,2022-03-10,1029,0.6234693877551021,0.6,0.5,0.22772277227722823,-1.1241419136896595,0.015061432736359856
2022-02-25,CPI-22FEB,2022-03-10,1488,0.6357142857142858,0.6,0.6,0.34653465346534734,-1.0623424994911463,0.014744897959183679
2022-02-26,CPI-22FEB,2022-03-10,338,0.6357142857142858,0.6,0.6,0.34653465346534734,-1.0623424994911463,0.014744897959183679
2022-02-27,CPI-22FEB,2022-03-10,702,0.6377551020408164,0.6,0.6,0.3737373737373737,-0.9875254577539332,0.014390878800499798
2022-02-28,CPI-22FEB,2022-03-10,5562,0.6734693877551021,0.7000000000000001,0.8,-0.26530612244897933,-0.6929775224290555,0.01521449396084965
2022-03-01,CPI-22FEB,2022-03-10,3525,0.6693877551020408,0.7000000000000001,0.8,-0.3061224489795921,-0.6408281136778622,0.016817992503123703
2022-03-02,CPI-22FEB,2022-03-10,1147,0.6704081632653062,0.7000000000000001,0.8,-0.305263157894737,-0.527214266428357,0.0163692211578509
2022-03-03,CPI-22FEB,2022-03-10,648,0.6785714285714286,0.7000000000000001,0.8,-0.21649484536082506,-0.7032816716257497,0.01617346938775511
2022-03-04,CPI-22FEB,2022-03-10,1318,0.6846938775510204,0.7000000000000001,0.8,-0.1612903225806459,-0.6167816000120259,0.014357559350270723
2022-03-05,CPI-22FEB,2022-03-10,630,0.6816326530612246,0.7000000000000001,0.8,-0.18749999999999994,-0.7925059691296705,0.015172844648063311
2022-03-06,CPI-22FEB,2022-03-10,175,0.6846938775510204,0.7000000000000001,0.8,-0.1612903225806459,-0.6167816000120259,0.014357559350270723
2022-03-07,CPI-22FEB,2022-03-10,3295,0.6959183673469388,0.7000000000000001,0.8,-0.04444444444444497,-0.8269582554168569,0.012636401499375265
2022-03-08,CPI-22FEB,2022-03-10,8957,0.6887755102040816,0.7500000000000001,0.8,-0.10091743119266074,-0.9553160002799053,0.01630258225739276
2022-03-09,CPI-22FEB,2022-03-10,10133,0.7102040816326531,0.8,0.8,-0.9999999999999993,0.16332928517064582,0.013161182840483137
2022-03-10,CPI-22FEB,2022-03-10,7358,0.7275510204081633,0.8,0.8,-0.9999999999999997,0.7289604880804417,0.011179716784673057
2022-03-13,CPI-22MAR,2022-04-12,1925,1.0173469387755103,1,1,0.12977099236641296,-0.23035530438087726,0.02898479800083299
2022-03-14,CPI-22MAR,2022-04-12,2508,1.0091836734693878,1,1,0.0769230769230769,-0.19494153212186305,0.026548313202832158
2022-03-15,CPI-22MAR,2022-04-12,7055,0.9775510204081632,1,1.2000000000000002,-0.144736842105262,-1.0939626170948864,0.03745522698875469
2022-03-16,CPI-22MAR,2022-04-12,6831,1.0051020408163267,1,1.2000000000000002,0.03597122302158316,-0.7958857143268379,0.02946376509787589
2022-03-17,CPI-22MAR,2022-04-12,12530,1.006122448979592,1,1,0.047619047619048185,-0.33871788379086,0.028329862557267813
2022-03-18,CPI-22MAR,2022-04-12,1578,1.0010204081632654,1,1.2000000000000002,0.007751937984496218,-0.7545909682795555,0.027447938359017078
2022-03-19,CPI-22MAR,2022-04-12,4963,0.9887755102040816,1,1.2000000000000002,-0.07913669064748217,-0.9262407088683435,0.02793523531861725
2022-03-20,CPI-22MAR,2022-04-12,30,0.9928571428571429,1,1.2000000000000002,-0.05185185185185167,-0.8627510385026698,0.027602040816326535
2022-03-21,CPI-22MAR,2022-04-12,445,0.9897959183673469,1,1.2000000000000002,-0.07246376811594211,-0.7027646036274628,0.02846730528946273
2022-03-22,CPI-22MAR,2022-04-12,5791,0.9969387755102042,1,1.2000000000000002,-0.022222222222221682,-0.555399261498891,0.02743960849645981
2022-03-23,CPI-22MAR,2022-04-12,1074,1.003061224489796,1,1.2000000000000002,0.021582733812950682,-0.6379038849908372,0.028255935027072056
2022-03-24,CPI-22MAR,2022-04-12,1166,1.0081632653061225,1,1.2000000000000002,0.057971014492753534,-0.5432441078288655,0.027892544773011244
2022-03-25,CPI-22MAR,2022-04-12,2233,1.019387755102041,1.05,1.2000000000000002,0.14074074074074083,-0.6795364723242754,0.02584860474802166
2022-03-26,CPI-22MAR,2022-04-12,3077,1.0316326530612245,1,1.2000000000000002,0.2561983471074375,-0.1122666068144964,0.022162640566430657
2022-03-27,CPI-22MAR,2022-04-12,312,1.0357142857142858,1,1.2000000000000002,0.28455284552845517,-0.4501424739584734,0.022091836734693882
2022-03-28,CPI-22MAR,2022-04-12,5440,1.0510204081632655,1.1,1.2000000000000002,-0.4363636363636366,0.16698498110366078,0.020866305705955854
2022-03-29,CPI-22MAR,2022-04-12,3462,1.0469387755102042,1.1,1.1,-0.4814814814814811,0.9745840016666669,0.022490628904623073
2022-03-30,CPI-22MAR,2022-04-12,2905,1.069387755102041,1.1,1.2000000000000002,-0.2941176470588227,1.709636144698809,0.022124114952103296
2022-03-31,CPI-22MAR,2022-04-12,1642,1.0693877551020408,1.1,1.2000000000000002,-0.2941176470588227,0.5004816215535919,0.020287380258225744
2022-04-01,CPI-22MAR,2022-04-12,4613,1.05,1.1,1.2000000000000002,-0.44144144144144176,0.09792628228352251,0.021275510204081634
2022-04-02,CPI-22MAR,2022-04-12,278,1.0591836734693878,1.1,1.2000000000000002,-0.363636363636363,-0.025708221717985147,0.02078300708038318
2022-04-03,CPI-22MAR,2022-04-12,871,1.0591836734693878,1.1,1.2000000000000002,-0.3508771929824565,-0.027814995726432645,0.02017076218242399
2022-04-04,CPI-22MAR,2022-04-12,1615,1.0724489795918368,1.1,1.2000000000000002,-0.24770642201834753,0.4146809311393507,0.019342982090795505
2022-04-05,CPI-22MAR,2022-04-12,2496,1.0683673469387756,1.1,1.2000000000000002,-0.26956521739130374,0.17796731580530967,0.021550395668471473
2022-04-06,CPI-22MAR,2022-04-12,2426,1.0693877551020408,1.1,1.2000000000000002,-0.2678571428571421,0.2985501210627759,0.020899625156184928
2022-04-07,CPI-22MAR,2022-04-12,3200,1.086734693877551,1.1,1.2000000000000002,-0.13402061855670036,-0.13441353534630274,0.014824031653477721
2022-04-08,CPI-22MAR,2022-04-12,545,1.0887755102040817,1.1,1.2000000000000002,-0.11111111111111022,-0.16233590802358489,0.015078092461474391
2022-04-09,CPI-22MAR,2022-04-12,3604,1.0826530612244898,1.1,1.2000000000000002,-0.17171717171717044,1.057033345251158,0.016739900041649318
2022-04-10,CPI-22MAR,2022-04-12,281,1.0806122448979592,1.1,1.2000000000000002,-0.1881188118811871,0.81362670665342,0.017277176176593093
2022-04-11,CPI-22APR,2022-05-11,264,0.8438775510204083,0.85,0.6,0.25146198830409455,-1.2391293918823063,0.039401291128696385
2022-04-11,CPI-22MAR,2022-04-12,25443,1.0877551020408165,1.1,1.2000000000000002,-0.12499999999999921,1.5154477903631784,0.01760516451478551
2022-04-12,CPI-22APR,2022-05-11,14874,0.757142857142857,0.7,0.6,0.4117647058823531,-0.256168745057229,0.031632653061224494
2022-04-12,CPI-22MAR,2022-04-12,17919,1.1163265306122452,1.2000000000000002,1.2000000000000002,-0.9999999999999983,2.275855536332184,0.01401915868388172
2022-04-13,CPI-22APR,2022-05-11,5568,0.7275510204081632,0.6499999999999999,0.6,0.9999999999999998,1.4897376503546456,0.030363390254060815
2022-04-14,CPI-22APR,2022-05-11,11971,0.7071428571428572,0.6,0.6,1.0000000000000004,3.230299834558891,0.027193877551020415
2022-04-15,CPI-22APR,2022-05-11,7162,0.6846938775510204,0.6,0.6,1.0000000000000002,3.774689666318806,0.02803102873802583
2022-04-16,CPI-22APR,2022-05-11,656,0.6857142857142857,0.6,0.6,1.0000000000000002,3.7572017742021426,0.027959183673469393
2022-04-17,CPI-22APR,2022-05-11,108,0.6755102040816325,0.6,0.6,1.0000000000000002,5.325363240894514,0.025930862140774686
2022-04-18,CPI-22APR,2022-05-11,6262,0.3857142857142858,0.30000000000000004,0.30000000000000004,0.6268656716417909,1.740418360683048,0.05000000000000001
2022-04-19,CPI-22APR,2022-05-11,20425,0.516326530612245,0.5,0.5,0.07843137254901973,0.300006740488695,0.08075385256143275
2022-04-20,CPI-22APR,2022-05-11,16271,0.5336734693877552,0.5,0.6,0.16582914572864327,-0.08602937810159617,0.06815181174510622
2022-04-21,CPI-22APR,2022-05-11,9085,0.5530612244897959,0.6,0.6,-0.2499999999999997,0.15956429601574218,0.059429404414827164
2022-04-22,CPI-22APR,2022-05-11,3849,0.5632653061224491,0.6,0.6,-0.18556701030927805,0.2667375374238481,0.06885464389837569
2022-04-23,CPI-22APR,2022-05-11,1104,0.5632653061224491,0.5,0.6,0.3195876288659795,0.3299189692109783,0.06885464389837569
2022-04-24,CPI-22APR,2022-05-11,1433,0.5602040816326531,0.5,0.5,0.29949238578680226,0.31394566949482927,0.06913057059558518
2022-04-25,CPI-22APR,2022-05-11,7325,0.5142857142857143,0.5,0.6,0.07000000000000002,0.6517346250000009,0.07346938775510205
2022-04-26,CPI-22APR,2022-05-11,6642,0.503061224489796,0.5,0.30000000000000004,0.016216216216216408,0.2276129225572241,0.056623281965847566
2022-04-27,CPI-22APR,2022-05-11,3301,0.5173469387755102,0.5,0.6,0.08994708994708987,-0.320807157500564,0.058780716368179935
2022-04-28,CPI-22APR,2022-05-11,8655,0.5071428571428571,0.5,0.6,0.03517587939698507,-0.3162299502139927,0.06005102040816327
2022-04-29,CPI-22APR,2022-05-11,8840,0.4867346938775511,0.5,0.30000000000000004,-0.06532663316582883,0.12216716637524971,0.06380362349021242
2022-04-30,CPI-22APR,2022-05-11,2106,0.47346938775510206,0.5,0.30000000000000004,0.35643564356435636,0.23857257044627111,0.06480633069554353
2022-05-01,CPI-22APR,2022-05-11,8349,0.463265306122449,0.4,0.30000000000000004,0.31313131313131304,0.40359258790978725,0.06395668471470221
2022-05-02,CPI-22APR,2022-05-11,11832,0.44999999999999996,0.4,0.30000000000000004,0.2592592592592592,0.7857624691696437,0.062091836734693893
2022-05-03,CPI-22APR,2022-05-11,21578,0.45510204081632655,0.4,0.4,0.2755102040816326,0.38040850415577676,0.06961682632236568
2022-05-04,CPI-22APR,2022-05-11,8249,0.46122448979591835,0.4,0.30000000000000004,0.3488372093023256,1.3297905750973298,0.05543523531861725
2022-05-05,CPI-22APR,2022-05-11,9173,0.40204081632653066,0.4,0.30000000000000004,0.012499999999999808,0.387865002131353,0.04489379425239484
2022-05-06,CPI-22APR,2022-05-11,44869,0.37244897959183676,0.30000000000000004,0.30000000000000004,0.4829931972789117,0.8264662363940509,0.03975114535610163
2022-05-07,CPI-22APR,2022-05-11,10773,0.40102040816326534,0.30000000000000004,0.30000000000000004,0.5857988165680472,1.5333667582456352,0.054794877134527284
2022-05-08,CPI-22APR,2022-05-11,14256,0.3571428571428572,0.30000000000000004,0.30000000000000004,0.3544303797468355,0.9653654952547974,0.05040816326530613
2022-05-09,CPI-22APR,2022-05-11,33526,0.32346938775510203,0.30000000000000004,0.2,0.1703703703703704,0.173808063322074,0.03138796334860475
2022-05-10,CPI-22APR,2022-05-11,22430,0.3224489795918367,0.30000000000000004,0.2,0.18032786885245913,2.2053618818913847,0.03194502290712204
2022-05-11,CPI-22APR,2022-05-11,31906,0.3153061224489796,0.30000000000000004,0.2,0.11811023622047258,2.3157548900565574,0.0302759266972095
2022-05-11,CPI-22MAY,2022-06-10,5597,0.5632653061224491,0.6,0.6,-0.19148936170212733,-0.32175850544419093,0.05824239900041651
2022-05-12,CPI-22MAY,2022-06-10,2742,0.5704081632653062,0.6,0.5,-0.15846994535519107,-0.1450827837702735,0.058205955851728455
2022-05-13,CPI-22MAY,2022-06-10,2334,0.5806122448979592,0.6,0.6,-0.09947643979057569,-0.20667838882757783,0.06299146189087881
2022-05-14,CPI-22MAY,2022-06-10,4373,0.5938775510204082,0.6,0.7000000000000001,-0.03225806451612883,-0.11227046066150592,0.06077884214910455
2022-05-15,CPI-22MAY,2022-06-10,492,0.5918367346938775,0.6,0.7000000000000001,-0.04123711340206151,0.16678082703319985,0.0660558100791337
2022-05-16,CPI-22MAY,2022-06-10,7390,0.5714285714285715,0.6,0.5,0.3365384615384616,-0.03392485207100604,0.0716326530612245
2022-05-17,CPI-22MAY,2022-06-10,8939,0.6010204081632653,0.6,0.6,0.0050251256281407634,-0.36475606037562747,0.06826426488962933
2022-05-18,CPI-22MAY,2022-06-10,4999,0.6255102040816326,0.6,0.7000000000000001,0.12562814070351797,0.11735935589769753,0.0704716784673053
2022-05-19,CPI-22MAY,2022-06-10,3196,0.626530612244898,0.6,0.6,0.13265306122449025,0.1940655367926425,0.06950020824656394
2022-05-20,CPI-22MAY,2022-06-10,3064,0.6346938775510205,0.6,0.6,0.18085106382978763,0.3147272000619359,0.06614327363598502
2022-05-21,CPI-22MAY,2022-06-10,1021,0.6418367346938776,0.6,0.5,0.2146596858638746,0.20182882975320293,0.06590274885464392
2022-05-22,CPI-22MAY,2022-06-10,3730,0.6387755102040816,0.6,0.6,0.19000000000000009,-0.03803383198947463,0.06992503123698461
2022-05-23,CPI-22MAY,2022-06-10,360,0.6459183673469389,0.6,0.7000000000000001,0.22388059701492585,-6.381215253927763e-4,0.06819762598917119
2022-05-24,CPI-22MAY,2022-06-10,11690,0.6591836734693878,0.6,0.6,0.3020833333333335,0.13940880898986352,0.06445647646813829
2022-05-25,CPI-22MAY,2022-06-10,2838,0.6540816326530613,0.6,0.6,0.27748691099476486,0.014526048692041993,0.06227925864223241
2022-05-26,CPI-22MAY,2022-06-10,2719,0.6469387755102041,0.6,0.6,0.23711340206185566,-0.01998738361598651,0.06514369012911288
2022-05-27,CPI-22MAY,2022-06-10,1581,0.639795918367347,0.6,0.5,0.2041884816753928,0.03740389644216213,0.06464077467721784
2022-05-28,CPI-22MAY,2022-06-10,12579,0.6295918367346939,0.6,0.5,0.15025906735751304,0.04583592058284491,0.0653488129945856
2022-05-29,CPI-22MAY,2022-06-10,3639,0.6326530612244898,0.6,0.5,0.17021276595744708,0.04734757258787203,0.06240316534777177
2022-05-30,CPI-22MAY,2022-06-10,2406,0.639795918367347,0.6,0.6,0.21311475409836078,0.1013920018803498,0.06137546855476885
2022-05-31,CPI-22MAY,2022-06-10,14804,0.6938775510204082,0.7000000000000001,0.6,-0.035714285714286136,0.1809646126924358,0.04873802582257393
2022-06-01,CPI-22MAY,2022-06-10,32617,0.7714285714285714,0.8,0.8,-0.1842105263157895,0.5691141581632659,0.04571428571428572
2022-06-02,CPI-22MAY,2022-06-10,10069,0.7816326530612245,0.8,0.8,-0.12676056338028166,0.7958892813868528,0.04354019158683882
2022-06-03,CPI-22MAY,2022-06-10,6450,0.7836734693877551,0.8,0.8,-0.1066666666666665,0.4642394934462093,0.044835485214493966
2022-06-04,CPI-22MAY,2022-06-10,4231,0.7806122448979592,0.8,0.8,-0.1292517006802722,0.6703168469658194,0.04319554352353187
2022-06-05,CPI-22MAY,2022-06-10,3624,0.7795918367346939,0.8,0.8,-0.13513513513513528,0.5480073095231632,0.043665139525197835
2022-06-06,CPI-22MAY,2022-06-10,13954,0.7785714285714286,0.8,0.8,-0.15789473684210553,0.7612980847990078,0.03678571428571429
2022-06-07,CPI-22MAY,2022-06-10,9304,0.7775510204081634,0.8,0.8,-0.16176470588235328,0.39139488852091775,0.03663890045814244
2022-06-08,CPI-22MAY,2022-06-10,13566,0.7857142857142858,0.8,0.8,-0.09722222222222263,1.3316138313137769,0.04571428571428572
2022-06-09,CPI-22MAY,2022-06-10,23545,0.8142857142857143,0.8,0.8,0.12068965517241337,0.555733207100594,0.026530612244897958
2022-06-10,CPI-22MAY,2022-06-10,13529,0.7938775510204082,0.8,0.8,-0.05999999999999963,0.7288173375793763,0.020982923781757604
2022-06-13,CPI-22JUN,2022-07-13,6604,0.9214285714285715,1,1.2000000000000002,-0.3756097560975607,0.18629971637458498,0.06821428571428573
2022-06-14,CPI-22JUN,2022-07-13,14488,0.9704081632653061,1,1.2000000000000002,-0.15183246073298381,0.9235969541786644,0.06698146605581008
2022-06-15,CPI-22JUN,2022-07-13,9736,1.029591836734694,1,1.2000000000000002,0.14009661835748852,0.17642744610004346,0.06963452728029988
2022-06-16,CPI-22JUN,2022-07-13,5901,1.0316326530612245,1.1,1.1,-0.35828877005347554,0.021472222193315904,0.0619585589337776
2022-06-17,CPI-22JUN,2022-07-13,18825,0.946938775510204,1,1.1,-0.2222222222222221,0.18020996087635321,0.09779675135360268
2022-06-18,CPI-22JUN,2022-07-13,4391,0.9214285714285715,0.9,1.1,0.08571428571428585,-0.2115966179767459,0.10066326530612246
2022-06-19,CPI-22JUN,2022-07-13,1623,0.9306122448979594,0.9,0.9,0.13157894736842118,-0.4521635027539874,0.08763431903373595
2022-06-20,CPI-22JUN,2022-07-13,4177,0.9489795918367347,0.9,0.9,0.2330097087378642,-0.6119099042946763,0.06923365264473137
2022-06-21,CPI-22JUN,2022-07-13,12294,1.0081632653061225,1,1,0.04000000000000047,-0.8890053030029956,0.06013744273219493
2022-06-22,CPI-22JUN,2022-07-13,14663,0.9806122448979592,1,0.9,-0.08154506437768244,-0.6188246043111336,0.08768533944189923
2022-06-23,CPI-22JUN,2022-07-13,4571,0.9806122448979592,1,1,-0.08675799086757945,-0.38569408741721745,0.080746563931695145
2022-06-24,CPI-22JUN,2022-07-13,7904,0.9591836734693878,0.9,0.9,0.278846153846154,-0.31634164428372324,0.07159933361099542
2022-06-25,CPI-22JUN,2022-07-13,1269,0.9591836734693878,0.9,0.9,0.2815533980582526,-0.2922865847417242,0.06976259891711788
2022-06-26,CPI-22JUN,2022-07-13,8340,0.95,0.9,0.9,0.2367149758454108,-0.4141811357985552,0.07086734693877551
2022-06-27,CPI-22JUN,2022-07-13,8520,0.9418367346938775,0.9500000000000001,0.9,0.20398009950248783,-0.2313794244077121,0.06590274885464391
2022-06-28,CPI-22JUN,2022-07-13,11103,0.9785714285714285,1,1.1,-0.10552763819095438,-0.5469140553652871,0.06270408163265308
2022-06-29,CPI-22JUN,2022-07-13,5331,0.9744897959183675,0.9,0.9,0.4033149171270724,-0.2717192469276495,0.05557371928363183
2022-06-30,CPI-22JUN,2022-07-13,5494,0.9540816326530612,0.9,0.9,0.2834224598930486,0.3333664938995433,0.06166701374427323
2022-07-01,CPI-22JUN,2022-07-13,32982,0.9275510204081633,0.9,0.9,0.1398963730569948,0.20803862363747516,0.06811849229487715
2022-07-02,CPI-22JUN,2022-07-13,16408,0.9326530612244899,0.9,0.9,0.17391304347826117,0.14561380122387968,0.061586838817159525
2022-07-03,CPI-22JUN,2022-07-13,16093,0.9183673469387755,0.9,0.9,0.10588235294117708,0.26503754715575134,0.05782590587255311
2022-07-04,CPI-22JUN,2022-07-13,4451,0.9244897959183674,0.9,0.9,0.14457831325301182,-0.011264610519814866,0.05470637234485632
2022-07-05,CPI-22JUN,2022-07-13,6491,0.9500000000000001,0.9,0.9,0.31210191082802574,-0.21789663470212783,0.0441326530612245
2022-07-06,CPI-22JUN,2022-07-13,4644,0.946938775510204,0.9,0.9,0.2771084337349398,0.1293281767839991,0.049021241149521035
2022-07-07,CPI-22JUN,2022-07-13,9858,0.9683673469387756,0.9,0.9,0.38285714285714306,-0.003827825235735993,0.054407538525614335
2022-07-08,CPI-22JUN,2022-07-13,28445,0.976530612244898,1,0.9,-0.14649681528662387,0.5817548187382844,0.043428779675135365
2022-07-09,CPI-22JUN,2022-07-13,15393,1.0112244897959184,1,1.1,0.06748466257668725,0.07240883088034034,0.043853602665556025
2022-07-10,CPI-22JUN,2022-07-13,10450,1.0204081632653061,1,1.1,0.13698630136986314,0.20189763540011718,0.03713452728029988
2022-07-11,CPI-22JUL,2022-08-10,1173,0.4326530612244899,0.4,0.4,0.19277108433734938,-0.24371091393650257,0.05077051228654728
2022-07-11,CPI-22JUN,2022-07-13,20486,1.0408163265306123,1.05,1,0.25641025641025667,0.40067522122927457,0.0411911703456893
2022-07-12,CPI-22JUL,2022-08-10,7348,0.4459183673469388,0.4,0.30000000000000004,0.2406417112299465,-0.04996856813846895,0.060238442315701794
2022-07-12,CPI-22JUN,2022-07-13,41091,1.0744897959183675,1.1,1.1,-0.18248175182481652,-0.26066833916295984,0.034349229487713455
2022-07-13,CPI-22JUL,2022-08-10,36885,0.5530612244897959,0.5,0.4,0.21666666666666673,-0.6471604070704635,0.08840899625156187
2022-07-13,CPI-22JUN,2022-07-13,25182,1.0816326530612246,1.1,1.1,-0.13235294117646976,-0.21943661397186753,0.032315701790920456
2022-07-14,CPI-22JUL,2022-08-10,6197,0.5602040816326531,0.5,0.4,0.25321888412017163,-0.58317443051192,0.08831424406497293
2022-07-15,CPI-22JUL,2022-08-10,5801,0.5275510204081634,0.5,0.5,0.12918660287081338,-0.36064242433482674,0.07322053311120368
2022-07-16,CPI-22JUL,2022-08-10,12048,0.5122448979591837,0.5,0.4,0.05660377358490582,-0.18180315574737982,0.07413577675968348
2022-07-17,CPI-22JUL,2022-08-10,2683,0.5051020408163266,0.5,0.4,0.024630541871921208,-0.03941665082073387,0.07272907122032486
2022-07-18,CPI-22JUL,2022-08-10,9142,0.5061224489795919,0.5,0.6,0.02830188679245291,-0.17217368812376677,0.07710537276134943
2022-07-19,CPI-22JUL,2022-08-10,24592,0.5091836734693878,0.45000000000000007,0.4,0.4930875576036865,-0.2765308713073291,0.07716055810079135
2022-07-20,CPI-22JUL,2022-08-10,10846,0.4816326530612246,0.4,0.4,0.3669724770642201,0.10155938398188846,0.08456059975010413
2022-07-21,CPI-22JUL,2022-08-10,8485,0.4744897959183674,0.4,0.4,0.3492822966507177,-0.08722925999771514,0.0767982090795502
2022-07-22,CPI-22JUL,2022-08-10,4205,0.4653061224489796,0.4,0.4,0.3298969072164948,-0.1772580029276889,0.06655143690129113
2022-07-23,CPI-22JUL,2022-08-10,14226,0.43061224489795924,0.4,0.4,0.16853932584269649,-0.18702954530494953,0.05518533944189921
2022-07-24,CPI-22JUL,2022-08-10,1242,0.4224489795918368,0.4,0.4,0.12359550561797746,-0.1677166565793362,0.05561849229487715
2022-07-25,CPI-22JUL,2022-08-10,4240,0.4295918367346939,0.4,0.4,0.16384180790960434,-0.11689045441226531,0.054124323198667224
2022-07-26,CPI-22JUL,2022-08-10,18146,0.42040816326530617,0.4,0.4,0.11111111111111122,-0.007608943990224493,0.05856309870887132
2022-07-27,CPI-22JUL,2022-08-10,9962,0.4102040816326531,0.4,0.4,0.056818181818181865,0.7274847158445912,0.05948771345272804
2022-07-28,CPI-22JUL,2022-08-10,12270,0.38265306122448983,0.30000000000000004,0.30000000000000004,0.5159235668789808,0.8524358501915459,0.04347459391920034
2022-07-29,CPI-22JUL,2022-08-10,26785,0.39693877551020407,0.4,0.30000000000000004,-0.019607843137255134,0.11274975500029383,0.04254164931278634
2022-07-30,CPI-22JUL,2022-08-10,3273,0.41326530612244905,0.4,0.30000000000000004,0.07428571428571423,0.21497789734276784,0.05421178675551854
2022-07-31,CPI-22JUL,2022-08-10,2477,0.4091836734693878,0.4,0.30000000000000004,0.051428571428571414,0.9254812603350842,0.05899729279466889
2022-08-01,CPI-22JUL,2022-08-10,18064,0.37244897959183676,0.30000000000000004,0.30000000000000004,0.4965034965034967,0.5377869796894399,0.03791441066222408
2022-08-02,CPI-22JUL,2022-08-10,7836,0.3806122448979592,0.30000000000000004,0.30000000000000004,0.5524475524475525,0.2776096595772706,0.03707309454394003
2022-08-03,CPI-22JUL,2022-08-10,13838,0.3867346938775511,0.30000000000000004,0.30000000000000004,0.5414012738853502,0.6316807133708946,0.046660766347355276
2022-08-04,CPI-22JUL,2022-08-10,10968,0.38979591836734695,0.30000000000000004,0.30000000000000004,0.5569620253164558,1.202774599049686,0.04785506039150355
2022-08-05,CPI-22JUL,2022-08-10,25288,0.4051020408163266,0.4,0.30000000000000004,0.0285714285714286,0.31971331005890136,0.05476988754685548
2022-08-06,CPI-22JUL,2022-08-10,14915,0.37142857142857144,0.30000000000000004,0.30000000000000004,0.42682926829268303,0.7760573866150913,0.05040816326530613
2022-08-07,CPI-22JUL,2022-08-10,9227,0.34795918367346945,0.30000000000000004,0.30000000000000004,0.33333333333333337,0.2272214199544802,0.037597875885047906
2022-08-08,CPI-22JUL,2022-08-10,33961,0.33979591836734696,0.30000000000000004,0.30000000000000004,0.25490196078431376,1.3251988975734745,0.046477509371095384
2022-08-09,CPI-22JUL,2022-08-10,36723,0.32959183673469394,0.30000000000000004,0.30000000000000004,0.2056737588652482,0.8694989681755212,0.038001874219075395
2022-08-10,CPI-22JUL,2022-08-10,15570,0.3163265306122449,0.30000000000000004,0.30000000000000004,0.12307692307692308,0.7475954161844149,0.03238650562265723
2022-08-14,CPI-22AUG,2022-09-13,3949,0.22653061224489798,0.2,0,0.6262626262626263,0.5095580263125763,0.07011245314452313
2022-08-15,CPI-22AUG,2022-09-13,20495,0.17448979591836739,0.1,0,0.4834437086092716,1.970559703059294,0.04618596418159102
2022-08-16,CPI-22AUG,2022-09-13,8698,0.14081632653061227,0.1,0,0.29850746268656725,1.7673295275080667,0.034864639733444405
2022-08-17,CPI-22AUG,2022-09-13,1555,0.1438775510204082,0.1,0,0.3233082706766919,2.7777955195894997,0.037360474802165776
2022-08-18,CPI-22AUG,2022-09-13,5034,0.12755102040816327,0,0,1,2.744741041353472,0.03383277800916286
2022-08-19,CPI-22AUG,2022-09-13,2708,0.1285714285714286,0,0,1,2.4853812972972964,0.037755102040816335
2022-08-20,CPI-22AUG,2022-09-13,1779,0.13367346938775512,0,0,1,2.2089936534529455,0.03815181174510622
2022-08-21,CPI-22AUG,2022-09-13,2596,0.12448979591836735,0,0,0.9999999999999999,1.1606337401413862,0.03327780091628489
2022-08-22,CPI-22AUG,2022-09-13,5207,0.10204081632653063,0,0,1,2.812544459620174,0.028567263640149942
2022-08-23,CPI-22AUG,2022-09-13,16018,0.06938775510204082,0,0,1,8.626973506582251,0.02253227821740942
2022-08-24,CPI-22AUG,2022-09-13,5117,0.05,0,0,1,2.6514718987430417,0.00862244897959184
2022-08-25,CPI-22AUG,2022-09-13,4972,0.06224489795918368,0,0,1,6.063696705701215,0.014594960433152858
2022-08-26,CPI-22AUG,2022-09-13,2065,0.05102040816326531,0,0,0.9999999999999999,5.215993320079159,0.01004997917534361
2022-08-27,CPI-22AUG,2022-09-13,6557,0.07653061224489796,0,0,0.9999999999999998,5.190537560108009,0.024857351103706793
2022-08-28,CPI-22AUG,2022-09-13,7811,0.07346938775510203,0,0,0.9999999999999998,7.397984353844908,0.023785922532278223
2022-08-29,CPI-22AUG,2022-09-13,5781,0.07244897959183674,0,0,1,4.073555969256453,0.02117971678467306
2022-08-30,CPI-22AUG,2022-09-13,5796,0.07448979591836735,0,0,1,5.559212171148312,0.02169616826322366
2022-08-31,CPI-22AUG,2022-09-13,6874,0.07244897959183674,0,0,1,7.3440165356538145,0.02505726780508122
2022-09-01,CPI-22AUG,2022-09-13,5547,0.07959183673469389,0,0,1,6.688712428094332,0.025297792586422334
2022-09-02,CPI-22AUG,2022-09-13,5974,0.07244897959183674,0,0,1.0000000000000002,4.221430558655483,0.01975114535610163
2022-09-03,CPI-22AUG,2022-09-13,525,0.0673469387755102,0,0,1,4.637317582320291,0.01954602249062891
2022-09-04,CPI-22AUG,2022-09-13,193,0.06428571428571428,0,0,1.0000000000000002,5.883799411456213,0.020051020408163266
2022-09-05,CPI-22AUG,2022-09-13,3580,0.05306122448979592,0,0,1,10.98790851325462,0.015347771761765936
2022-09-06,CPI-22AUG,2022-09-13,4184,0.047959183673469394,0,0,1.0000000000000002,4.172414613048159,0.011475426905456063
2022-09-07,CPI-22AUG,2022-09-13,2410,0.05204081632653062,0,0,1.0000000000000002,6.065327219885749,0.014944814660558105
2022-09-08,CPI-22AUG,2022-09-13,4358,0.05,0,0,1.0000000000000002,8.852070031217483,0.017397959183673473
2022-09-09,CPI-22AUG,2022-09-13,9149,0.027551020408163263,0,0,0.9999999999999998,6.181552317467309,0.0040368596418159115
2022-09-10,CPI-22AUG,2022-09-13,577,0.028571428571428567,0,0,0.9999999999999998,9.138946875000004,0.00489795918367347
2022-09-11,CPI-22AUG,2022-09-13,283,0.027551020408163263,0,0,0.9999999999999998,5.780600249961891,0.0042409412744689725
2022-09-12,CPI-22AUG,2022-09-13,2083,0.023469387755102045,0,0,1,7.155947951157593,0.003020616409829238
2022-09-13,CPI-22AUG,2022-09-13,8191,0.015306122448979595,0,0,1.0000000000000002,7.868515556585349,0.0019085797584339858
2022-09-13,CPI-22SEP,2022-10-13,18056,0.2469387755102041,0.2,0,0.2948717948717949,-0.40523457344949554,0.039837567680133294
2022-09-14,CPI-22SEP,2022-10-13,700,0.24387755102040817,0.2,0,0.27388535031847144,0.5983228951923376,0.044095168679716794
2022-09-15,CPI-22SEP,2022-10-13,2427,0.24285714285714288,0.2,0,0.2592592592592593,0.5183288443733698,0.04448979591836735
2022-09-16,CPI-22SEP,2022-10-13,2177,0.23367346938775513,0.2,0,0.21290322580645168,0.6610916393878763,0.04468242399000417
2022-09-17,CPI-22SEP,2022-10-13,3869,0.24183673469387756,0.2,0,0.2515337423312885,0.28400315572366,0.046514993752603095
2022-09-18,CPI-22SEP,2022-10-13,2503,0.2418367346938776,0.2,0,0.24550898203592825,0.7474668483271345,0.050800708038317384
2022-09-19,CPI-22SEP,2022-10-13,2823,0.2326530612244898,0.2,0,0.19512195121951234,0.29295410442433356,0.04832153269471055
2022-09-20,CPI-22SEP,2022-10-13,3667,0.23673469387755103,0.2,0,0.21428571428571438,-0.06564365882153567,0.04518117451062059
2022-09-21,CPI-22SEP,2022-10-13,3299,0.2275510204081633,0.2,0,0.1698113207547171,1.4936650787924748,0.046485839233652654
2022-09-22,CPI-22SEP,2022-10-13,10449,0.2459183673469388,0.2,0.2,0.29411764705882365,0.03971067234101611,0.04085068721366098
2022-09-23,CPI-22SEP,2022-10-13,2805,0.2510204081632653,0.2,0.30000000000000004,0.32894736842105277,0.09971751227230241,0.03923365264473137
2022-09-24,CPI-22SEP,2022-10-13,2624,0.2663265306122449,0.25,0.2,0.4304635761589404,-0.37510970543244015,0.03468242399000418
2022-09-25,CPI-22SEP,2022-10-13,324,0.26428571428571435,0.2,0.2,0.42857142857142855,-0.3393754266040343,0.034540816326530624
2022-09-26,CPI-22SEP,2022-10-13,1939,0.26530612244897966,0.2,0.2,0.4266666666666668,-0.2445136381108921,0.0367555185339442
2022-09-27,CPI-22SEP,2022-10-13,3918,0.2724489795918368,0.30000000000000004,0.2,-0.1914893617021276,-0.34811975493974234,0.031587880049979186
2022-09-28,CPI-22SEP,2022-10-13,3096,0.2734693877551021,0.30000000000000004,0.2,-0.19117647058823534,-0.3346262307849823,0.029704289879217007
2022-09-29,CPI-22SEP,2022-10-13,5017,0.2734693877551021,0.30000000000000004,0.2,-0.18055555555555558,-0.43260408455730914,0.0323573511037068
2022-09-30,CPI-22SEP,2022-10-13,4952,0.2755102040816327,0.30000000000000004,0.2,-0.16666666666666674,-0.539718617027062,0.0316451478550604
2022-10-01,CPI-22SEP,2022-10-13,130,0.2734693877551021,0.30000000000000004,0.2,-0.1830985915492958,-0.4686769910045743,0.03113286130778843
2022-10-02,CPI-22SEP,2022-10-13,6991,0.2806122448979592,0.30000000000000004,0.2,-0.14503816793893134,-0.5247042708989857,0.02686901291128697
2022-10-03,CPI-22SEP,2022-10-13,4131,0.2744897959183674,0.30000000000000004,0.30000000000000004,-0.19083969465648853,-0.47116434768337623,0.02761453561016244
2022-10-04,CPI-22SEP,2022-10-13,6213,0.2795918367346939,0.30000000000000004,0.30000000000000004,-0.1587301587301589,-0.41294526315789604,0.026114119117034575
2022-10-05,CPI-22SEP,2022-10-13,2714,0.28163265306122454,0.30000000000000004,0.4,-0.13846153846153864,-0.9493344494893394,0.025376926280716375
2022-10-06,CPI-22SEP,2022-10-13,2054,0.29183673469387755,0.30000000000000004,0.2,-0.0634920634920636,-0.4460208941871042,0.0260558100791337
2022-10-07,CPI-22SEP,2022-10-13,5651,0.2928571428571429,0.30000000000000004,0.2,-0.05263157894736842,-0.1767363550295875,0.029846938775510215
2022-10-08,CPI-22SEP,2022-10-13,10370,0.3051020408163265,0.30000000000000004,0.2,0.03355704697986562,-0.054934188839572684,0.03946376509787589
2022-10-09,CPI-22SEP,2022-10-13,8814,0.31836734693877555,0.30000000000000004,0.30000000000000004,0.12162162162162159,0.7994442069236083,0.04456059975010414
2022-10-10,CPI-22SEP,2022-10-13,10997,0.28877551020408165,0.30000000000000004,0.2,-0.07482993197278907,1.2146934370674831,0.039159725114535616
2022-10-11,CPI-22OCT,2022-11-10,1686,0.5459183673469388,0.6,0.6,-0.2746113989637305,-0.9615834316926306,0.055952728029987506
2022-10-11,CPI-22SEP,2022-10-13,21968,0.2571428571428571,0.2,0.2,0.4000000000000001,0.27605609677936416,0.032244897959183685
2022-10-12,CPI-22OCT,2022-11-10,4842,0.5806122448979593,0.6,0.7,-0.10270270270270246,-0.8492724744782585,0.055644523115368605
2022-10-12,CPI-22SEP,2022-10-13,33644,0.28265306122448985,0.30000000000000004,0.2,-0.13178294573643418,1.1338938941087857,0.02959704289879218
2022-10-13,CPI-22OCT,2022-11-10,39681,0.6142857142857143,0.6,0.6,0.09210526315789512,-0.620936210526315,0.03877551020408163
2022-10-13,CPI-22SEP,2022-10-13,25064,0.25612244897959185,0.2,0.2,0.43999999999999995,-0.35819117564803715,0.02491149521032904
2022-10-14,CPI-22OCT,2022-11-10,3964,0.6224489795918368,0.6,0.6,0.1527777777777781,-0.45821578876037705,0.0358225739275302
2022-10-15,CPI-22OCT,2022-11-10,4908,0.623469387755102,0.6,0.7,0.156462585034014,-0.4914759438697196,0.03628592253227822
2022-10-16,CPI-22OCT,2022-11-10,3376,0.6214285714285714,0.6,0.6,0.1468531468531471,-0.44029272103531003,0.03637755102040816
2022-10-17,CPI-22OCT,2022-11-10,8738,0.6357142857142858,0.6,0.6,0.24137931034482749,-0.4623210714832662,0.03801020408163266
2022-10-18,CPI-22OCT,2022-11-10,13245,0.6214285714285714,0.6,0.6,0.15328467153284694,-0.07838209325486556,0.03596938775510204
2022-10-19,CPI-22OCT,2022-11-10,4435,0.6183673469387755,0.6,0.6,0.1323529411764706,-0.3881359808851208,0.03333610995418576
2022-10-20,CPI-22OCT,2022-11-10,1854,0.613265306122449,0.6,0.6,0.09489051094890545,-0.25331883314814574,0.034007705122865474
2022-10-21,CPI-22OCT,2022-11-10,4318,0.6234693877551021,0.6,0.6,0.16083916083916125,-0.3649792253039963,0.036081840899625156
2022-10-22,CPI-22OCT,2022-11-10,2849,0.6255102040816326,0.6,0.6,0.1748251748251754,-0.4486887342584174,0.03557371928363182
2022-10-23,CPI-22OCT,2022-11-10,5008,0.613265306122449,0.6,0.7,0.08965517241379344,-0.28886392978366704,0.03645668471470221
2022-10-24,CPI-22OCT,2022-11-10,5093,0.6081632653061224,0.6,0.7,0.05714285714285705,-0.1747868410989657,0.03462723865056227
2022-10-25,CPI-22OCT,2022-11-10,3338,0.6153061224489795,0.6,0.7,0.11627906976744241,-0.045214174293775056,0.030275926697209497
2022-10-26,CPI-22OCT,2022-11-10,3607,0.6071428571428571,0.6,0.7,0.05600000000000067,0.37717681660899594,0.02862244897959184
2022-10-27,CPI-22OCT,2022-11-10,1802,0.613265306122449,0.6,0.7,0.107438016528926,0.4432600972816365,0.02666076634735527
2022-10-28,CPI-22OCT,2022-11-10,1005,0.613265306122449,0.6,0.7,0.109243697478992,0.5526989125087978,0.02584443981674302
2022-10-29,CPI-22OCT,2022-11-10,586,0.6142857142857143,0.6,0.7,0.11666666666666717,0.4953151245117189,0.026122448979591838
2022-10-30,CPI-22OCT,2022-11-10,1758,0.6112244897959184,0.6,0.7,0.0909090909090911,0.4784389319096536,0.026710745522698875
2022-10-31,CPI-22OCT,2022-11-10,12899,0.6438775510204082,0.7,0.7,-0.45454545454545364,0.2545675316793674,0.025931903373594335
2022-11-01,CPI-22OCT,2022-11-10,14928,0.639795918367347,0.7,0.7,-0.5042735042735038,0.23011330793524465,0.02341628488129946
2022-11-02,CPI-22OCT,2022-11-10,4558,0.6438775510204082,0.7,0.7,-0.4700854700854692,0.16538438762449337,0.024095168679716786
2022-11-03,CPI-22OCT,2022-11-10,8066,0.6408163265306123,0.6,0.6,0.338983050847458,-0.17035238415950626,0.02343606830487297
2022-11-04,CPI-22OCT,2022-11-10,9131,0.6397959183673468,0.7,0.7,-0.5042735042735038,0.22117976993553778,0.02341628488129946
2022-11-05,CPI-22OCT,2022-11-10,12862,0.6469387755102041,0.7,0.7,-0.464285714285714,-0.03153270930360996,0.02167430237401083
2022-11-06,CPI-22OCT,2022-11-10,11921,0.6612244897959183,0.7,0.7,-0.3653846153846145,0.23183224558619386,0.019516867971678467
2022-11-07,CPI-22OCT,2022-11-10,11438,0.6693877551020407,0.7,0.7,-0.319148936170212,0.513452282476945,0.0168179925031237
2022-11-08,CPI-22OCT,2022-11-10,7237,0.6693877551020407,0.7,0.7,-0.3333333333333325,1.6445133768103712,0.017838400666389007
2022-11-09,CPI-22OCT,2022-11-10,4572,0.6826530612244898,0.7,0.7,-0.20481927710843223,0.4310716219128814,0.016331736776343194
2022-11-10,CPI-22OCT,2022-11-10,17223,0.6918367346938775,0.7,0.7,-0.10526315789473666,0.29946133868097835,0.014831320283215328
2022-11-13,CPI-22NOV,2022-12-13,2142,0.37142857142857144,0.30000000000000004,0.2,0.5223880597014926,0.4534296296296292,0.03306122448979592
2022-11-14,CPI-22NOV,2022-12-13,2603,0.3693877551020408,0.30000000000000004,0.2,0.4927536231884057,0.5025854443565381,0.032940441482715535
2022-11-15,CPI-22NOV,2022-12-13,4560,0.3561224489795919,0.30000000000000004,0.2,0.41353383458646614,0.6835912853059858,0.03429925031236984
2022-11-16,CPI-22NOV,2022-12-13,5937,0.326530612244898,0.30000000000000004,0.30000000000000004,0.16455696202531653,0.14323403124371126,0.043785922532278226
2022-11-17,CPI-22NOV,2022-12-13,2353,0.3153061224489796,0.30000000000000004,0.30000000000000004,0.10204081632653053,-0.2627164196434668,0.03741878384006665
2022-11-18,CPI-22NOV,2022-12-13,3669,0.3142857142857143,0.30000000000000004,0.30000000000000004,0.09459459459459442,-0.350646389769127,0.03836734693877552
2022-11-19,CPI-22NOV,2022-12-13,4637,0.31938775510204087,0.30000000000000004,0.30000000000000004,0.1275167785234898,-0.39351757266309395,0.03829758433985841
2022-11-20,CPI-22NOV,2022-12-13,5505,0.3285714285714286,0.30000000000000004,0.30000000000000004,0.19178082191780826,-0.3217859999999999,0.03673469387755103
2022-11-21,CPI-22NOV,2022-12-13,9313,0.3153061224489796,0.30000000000000004,0.30000000000000004,0.1048951048951048,-0.2298224326082985,0.03680653894210746
2022-11-22,CPI-22NOV,2022-12-13,14739,0.28877551020408165,0.30000000000000004,0.30000000000000004,-0.0827067669172934,-0.43391579423576143,0.029567888379841742
2022-11-23,CPI-22NOV,2022-12-13,23164,0.27040816326530615,0.30000000000000004,0.1,-0.20863309352517975,-0.42890396297823763,0.02963452728029988
2022-11-24,CPI-22NOV,2022-12-13,10287,0.27653061224489794,0.30000000000000004,0.1,-0.1564625850340136,0.20149204243557994,0.035673677634319036
2022-11-25,CPI-22NOV,2022-12-13,4788,0.2693877551020408,0.2,0.2,0.47222222222222227,0.30761771600632315,0.03538942107455227
2022-11-26,CPI-22NOV,2022-12-13,1185,0.2663265306122449,0.2,0.2,0.46099290780141866,0.4942556086363865,0.034478342357351116
2022-11-27,CPI-22NOV,2022-12-13,978,0.2612244897959184,0.2,0.1,0.4285714285714286,0.66268617178681,0.03400666389004582
2022-11-28,CPI-22NOV,2022-12-13,12005,0.25510204081632654,0.2,0.1,0.39705882352941185,0.7834059002519158,0.03308621407746773
2022-11-29,CPI-22NOV,2022-12-13,5008,0.2581632653061225,0.2,0.2,0.41605839416058404,0.6430490203649994,0.03406601416076636
2022-11-30,CPI-22NOV,2022-12-13,2918,0.2622448979591837,0.2,0.30000000000000004,0.4452554744525548,-0.41832560637670024,0.029697001249479393
2022-12-01,CPI-22NOV,2022-12-13,3133,0.2551020408163266,0.2,0.2,0.41538461538461546,-0.40648551498963137,0.02839233652644732
2022-12-02,CPI-22NOV,2022-12-13,6144,0.2561224489795919,0.2,0.2,0.426356589147287,-0.3291126306497305,0.02674822990420659
2022-12-03,CPI-22NOV,2022-12-13,10470,0.24897959183673474,0.2,0.30000000000000004,0.3870967741935485,-0.16512391830153117,0.025152019991670146
2022-12-04,CPI-22NOV,2022-12-13,3301,0.2561224489795919,0.2,0.2,0.4867256637168143,-0.08574466442819073,0.023074760516451485
2022-12-05,CPI-22NOV,2022-12-13,8653,0.2744897959183674,0.30000000000000004,0.2,-0.19999999999999996,-0.1816202067129673,0.024961474385672647
2022-12-06,CPI-22NOV,2022-12-13,4636,0.2795918367346939,0.30000000000000004,0.2,-0.16393442622950813,-0.07931018634884834,0.024685547688463146
2022-12-07,CPI-22NOV,2022-12-13,9797,0.27755102040816326,0.30000000000000004,0.2,-0.18032786885245913,0.10359794263295985,0.02500624739691796
2022-12-08,CPI-22NOV,2022-12-13,1230,0.2744897959183674,0.30000000000000004,0.2,-0.19685039370078736,0.023918508663908877,0.026185964181591012
2022-12-09,CPI-22NOV,2022-12-13,1593,0.2755102040816327,0.30000000000000004,0.2,-0.18750000000000006,0.3489489530798062,0.027359433569346114
2022-12-10,CPI-22NOV,2022-12-13,4925,0.2724489795918368,0.30000000000000004,0.2,-0.21259842519685032,0.23300747765908314,0.02587359433569347
2022-12-11,CPI-22NOV,2022-12-13,17078,0.28163265306122454,0.30000000000000004,0.30000000000000004,-0.1500000000000002,0.2861225809419561,0.026193252811328623
2022-12-12,CPI-22NOV,2022-12-13,45561,0.30000000000000004,0.30000000000000004,0.30000000000000004,0,0.6299140415999984,0.02551020408163266
2022-12-13,CPI-22DEC,2023-01-12,6160,0.03979591836734694,0,0,0.9999999999999998,5.242212357198161,0.0060693461057892565
2022-12-13,CPI-22NOV,2022-12-13,36159,0.28979591836734697,0.30000000000000004,0.30000000000000004,-0.076923076923077,0.10983172500453486,0.02907955018742191
2022-12-14,CPI-22DEC,2023-01-12,2087,0.05306122448979592,0,0,0.9999999999999996,5.81684998257766,0.00983756768013328
2022-12-15,CPI-22DEC,2023-01-12,12352,0.05102040816326531,0,0,1,5.052056540992403,0.009641815910037488
2022-12-16,CPI-22DEC,2023-01-12,291,0.04387755102040817,0,0,1.0000000000000002,6.4601305183462685,0.010013536026655563
2022-12-17,CPI-22DEC,2023-01-12,0,0.04387755102040817,0,0,1.0000000000000002,6.4601305183462685,0.010013536026655563
2022-12-18,CPI-22DEC,2023-01-12,9283,0.04183673469387755,0,0,1,8.004086790739636,0.008351728446480635
2022-12-19,CPI-22DEC,2023-01-12,917,0.04489795918367348,0,0,1,6.827425626752289,0.009412744689712623
2022-12-20,CPI-22DEC,2023-01-12,17190,0.016326530612244886,0,0,1,20.525595769926134,0.0036109954185755944
2022-12-21,CPI-22DEC,2023-01-12,2214,0.02448979591836735,0,0,1,10.837611966794583,0.0047063723448563105
2022-12-22,CPI-22DEC,2023-01-12,400,0.02040816326530613,0,0,0.9999999999999997,14.081712457607594,0.004277384423157019
2022-12-23,CPI-22DEC,2023-01-12,2801,0.01836734693877551,0,0,0.9999999999999998,18.401318033137795,0.0037442732194918793
2022-12-24,CPI-22DEC,2023-01-12,2554,0.01836734693877551,0,0,0.9999999999999998,18.401318033137795,0.0037442732194918793
2022-12-25,CPI-22DEC,2023-01-12,0,0.01836734693877551,0,0,0.9999999999999998,18.401318033137795,0.0037442732194918793
2022-12-26,CPI-22DEC,2023-01-12,961,0.01734693877551019,0,0,0.9999999999999998,19.419698231994662,0.0036786755518533948
2022-12-27,CPI-22DEC,2023-01-12,1159,0.019387755102040813,0,0,1.0000000000000004,17.461604777043277,0.0038077884214910464
2022-12-28,CPI-22DEC,2023-01-12,2645,0.021428571428571436,0,0,1.0000000000000002,15.788197959183673,0.003928571428571429
2022-12-29,CPI-22DEC,2023-01-12,14,0.019387755102040813,0,0,1.0000000000000004,17.461604777043277,0.0038077884214910464
2022-12-30,CPI-22DEC,2023-01-12,243,0.02244897959183674,0,0,1.0000000000000002,15.041756361474434,0.0039858392336526455
2022-12-31,CPI-22DEC,2023-01-12,50,0.019387755102040813,0,0,1.0000000000000004,17.461604777043277,0.0038077884214910464
2023-01-01,CPI-22DEC,2023-01-12,930,0.02040816326530613,0,0,1.0000000000000004,15.781820936847286,0.004277384423157019
2023-01-02,CPI-22DEC,2023-01-12,5666,0.01938775510204084,0,0,0.9999999999999997,16.041630858316413,0.0040118700541441074
2023-01-03,CPI-22DEC,2023-01-12,1102,0.01836734693877551,0,0,0.9999999999999998,11.488759361191775,0.0033361099541857567
2023-01-04,CPI-22DEC,2023-01-12,3647,0.01836734693877551,0,0,1.0000000000000007,12.419264355336125,0.0031320283215326957
2023-01-05,CPI-22DEC,2023-01-12,1,0.01836734693877551,0,0,1.0000000000000007,12.419264355336125,0.0031320283215326957
2023-01-06,CPI-22DEC,2023-01-12,8632,0.017346938775510204,0,0,0.9999999999999998,9.914925802254695,0.0030664306538942115
2023-01-07,CPI-22DEC,2023-01-12,2105,0.021428571428571436,0,0,1.0000000000000002,7.392771621301774,0.003316326530612245
2023-01-08,CPI-22DEC,2023-01-12,35,0.01938775510204084,0,0,1.0000000000000004,8.543651300728401,0.003195543523531863
2023-01-09,CPI-22DEC,2023-01-12,1305,0.02244897959183674,0,0,1,6.885664148148146,0.0033735943356934623
2023-01-10,CPI-22DEC,2023-01-12,9564,0.020408163265306117,0,0,0.9999999999999994,7.943730914240486,0.0032569762598917127
2023-01-11,CPI-22DEC,2023-01-12,3911,0.015306122448979595,0,0,0.9999999999999991,8.247015682582829,0.0021126613910870473
2023-01-12,CPI-22DEC,2023-01-12,10426,0.013265306122448972,0,0,0.9999999999999992,10.023425281509041,0.0017628071636817994
2023-01-15,CPI-23JAN,2023-02-14,125,0.2571428571428572,0.30000000000000004,0.30000000000000004,-0.37499999999999983,-0.5055443397115669,0.02102040816326531
2023-01-16,CPI-23JAN,2023-02-14,185,0.25,0.2,0.2,0.42608695652173917,-0.46412359024635297,0.020867346938775514
2023-01-17,CPI-23JAN,2023-02-14,605,0.24897959183673474,0.2,0.2,0.413793103448276,-0.4976440908878317,0.02107038733860892
2023-01-18,CPI-23JAN,2023-02-14,3614,0.28163265306122454,0.30000000000000004,0.30000000000000004,-0.15789473684210523,-0.5669955899293924,0.02292794668887964
2023-01-19,CPI-23JAN,2023-02-14,1443,0.2979591836734694,0.30000000000000004,0.4,-0.016666666666666635,-0.7183195583418627,0.023261141191170353
2023-01-20,CPI-23JAN,2023-02-14,935,0.303061224489796,0.30000000000000004,0.4,0.024000000000000063,-0.5774688238943688,0.025806955435235326
2023-01-21,CPI-23JAN,2023-02-14,0,0.303061224489796,0.30000000000000004,0.4,0.024000000000000063,-0.5774688238943688,0.025806955435235326
2023-01-22,CPI-23JAN,2023-02-14,65,0.30102040816326536,0.30000000000000004,0.4,0.008264462809917229,-0.594279811474451,0.02377446897126198
2023-01-23,CPI-23JAN,2023-02-14,1553,0.3346938775510204,0.3500000000000001,0.4,0.27419354838709675,-0.3261938306780281,0.0241024573094544
2023-01-24,CPI-23JAN,2023-02-14,3610,0.3510204081632654,0.4,0.4,-0.4705882352941173,0.15885087804585885,0.02107038733860892
2023-01-25,CPI-23JAN,2023-02-14,5332,0.3795918367346939,0.4,0.4,-0.18867924528301908,-0.01623470716029951,0.02162432319866723
2023-01-26,CPI-23JAN,2023-02-14,3501,0.3969387755102042,0.4,0.4,-0.03030303030303066,0.34228995770007575,0.020704914618908794
2023-01-27,CPI-23JAN,2023-02-14,2870,0.3928571428571429,0.4,0.4,-0.06796116504854344,0.2168653624161445,0.021479591836734698
2023-01-28,CPI-23JAN,2023-02-14,502,0.40204081632653066,0.4,0.4,0.021739130434782865,0.5655054569088915,0.018975426905456064
2023-01-29,CPI-23JAN,2023-02-14,86,0.40204081632653066,0.4,0.4,0.021739130434782865,0.5655054569088915,0.018975426905456064
2023-01-30,CPI-23JAN,2023-02-14,15935,0.403061224489796,0.4,0.4,0.029702970297029518,0.11936788120135189,0.01886817992503124
2023-01-31,CPI-23JAN,2023-02-14,2442,0.39693877551020407,0.4,0.4,-0.033707865168539734,0.6045800568529027,0.016419200333194505
2023-02-01,CPI-23JAN,2023-02-14,8210,0.3989795918367347,0.4,0.4,-0.010989010989011118,0.21764696837967312,0.016019366930445655
2023-02-02,CPI-23JAN,2023-02-14,10801,0.42040816326530617,0.4,0.4,0.23255813953488394,0.05677144534940792,0.013665139525197838
2023-02-03,CPI-23JAN,2023-02-14,2054,0.4234693877551021,0.4,0.4,0.26436781609195403,0.16462733597709756,0.014245106205747609
2023-02-04,CPI-23JAN,2023-02-14,355,0.4326530612244899,0.4,0.4,0.36363636363636365,0.07384295798436957,0.01342357351103707
2023-02-05,CPI-23JAN,2023-02-14,42,0.43061224489795924,0.4,0.5,0.35714285714285754,0.30963514049945307,0.012328196584756354
2023-02-06,CPI-23JAN,2023-02-14,3284,0.439795918367347,0.4,0.4,0.46987951807228956,1.0984872683360019,0.0132122032486464
2023-02-07,CPI-23JAN,2023-02-14,9169,0.44795918367346943,0.5,0.5,-0.5604395604395599,2.0235432480942253,0.015965222823823413
2023-02-08,CPI-23JAN,2023-02-14,11796,0.45510204081632655,0.5,0.5,-0.49999999999999967,1.5549450970969385,0.015535193669304462
2023-02-09,CPI-23JAN,2023-02-14,4426,0.4571428571428572,0.5,0.5,-0.5121951219512196,1.6905202340805392,0.014489795918367349
2023-02-10,CPI-23JAN,2023-02-14,2324,0.46734693877551026,0.5,0.5,-0.39999999999999925,0.5557549999821303,0.013219491878384011
2023-02-11,CPI-23JAN,2023-02-14,2681,0.4653061224489796,0.5,0.5,-0.4722222222222218,1.2472856173177904,0.011653477717617662
2023-02-12,CPI-23JAN,2023-02-14,8002,0.4653061224489796,0.5,0.5,-0.4594594594594597,0.9228246525499038,0.012061640982923784
2023-02-13,CPI-23FEB,2023-03-14,1161,0.39081632653061227,0.4,0.4,-0.11999999999999998,1.759197583368877,0.014915660141607666
2023-02-13,CPI-23JAN,2023-02-14,38803,0.46020408163265314,0.5,0.5,-0.45882352941176435,0.6574170806542954,0.014028529779258645
2023-02-14,CPI-23FEB,2023-03-14,1218,0.4806122448979593,0.5,0.5,-0.1652173913043474,-0.2144129549858227,0.024624114952103295
2023-02-14,CPI-23JAN,2023-02-14,18511,0.4693877551020409,0.5,0.5,-0.33333333333333304,0.06096242834689347,0.015593502707205333
2023-02-15,CPI-23FEB,2023-03-14,6601,0.48979591836734704,0.5,0.5,-0.08620689655172374,0.4192736253499536,0.02622240733027906
2023-02-16,CPI-23FEB,2023-03-14,400,0.5010204081632653,0.5,0.5,0.008849557522123998,0.8037536346341301,0.025407122032486473
2023-02-17,CPI-23FEB,2023-03-14,2148,0.5040816326530613,0.5,0.5,0.04166666666666716,0.49915939842475066,0.018962932111620166
2023-02-18,CPI-23FEB,2023-03-14,3910,0.5040816326530613,0.5,0.5,0.04166666666666716,0.49915939842475066,0.018962932111620166
2023-02-19,CPI-23FEB,2023-03-14,1917,0.47959183673469385,0.5,0.5,-0.2040816326530614,0.5950853544230412,0.019175343606830497
2023-02-20,CPI-23FEB,2023-03-14,1629,0.48571428571428577,0.5,0.4,-0.1320754716981127,0.46282291450654967,0.021020408163265315
2023-02-21,CPI-23FEB,2023-03-14,7435,0.463265306122449,0.5,0.4,-0.3749999999999999,0.407003938508101,0.016609745939192008
2023-02-22,CPI-23FEB,2023-03-14,12783,0.4653061224489796,0.5,0.5,-0.3617021276595741,0.3878562612876775,0.016347355268638075
2023-02-23,CPI-23FEB,2023-03-14,7965,0.4459183673469389,0.4,0.4,0.5294117647058822,0.6967373804438011,0.013299666805497714
2023-02-24,CPI-23FEB,2023-03-14,13861,0.43061224489795924,0.4,0.4,0.38461538461538436,1.0595848555711376,0.0131445231153686
2023-02-25,CPI-23FEB,2023-03-14,1965,0.4336734693877551,0.4,0.4,0.39759036144578264,0.8027111790278467,0.013662015826738863
2023-02-26,CPI-23FEB,2023-03-14,1125,0.4326530612244899,0.4,0.4,0.390243902439025,0.752558254566285,0.013831736776343194
2023-02-27,CPI-23FEB,2023-03-14,15540,0.4214285714285715,0.4,0.4,0.23076923076923112,0.22441105665001437,0.015765306122448985
2023-02-28,CPI-23FEB,2023-03-14,4593,0.42040816326530617,0.4,0.4,0.23255813953488394,0.3710135774272101,0.014481466055810084
2023-03-01,CPI-23FEB,2023-03-14,211,0.42448979591836744,0.4,0.4,0.27906976744185996,0.47440190874146904,0.014502290712203254
2023-03-02,CPI-23FEB,2023-03-14,3055,0.4224489795918368,0.4,0.4,0.2682926829268292,0.5793957694707172,0.013781757600999587
2023-03-03,CPI-23FEB,2023-03-14,1711,0.4214285714285715,0.4,0.4,0.2530120481927715,0.7120320879928079,0.014336734693877553
2023-03-04,CPI-23FEB,2023-03-14,570,0.4214285714285715,0.4,0.4,0.2592592592592597,0.6678000726237099,0.013520408163265309
2023-03-05,CPI-23FEB,2023-03-14,3652,0.4234693877551021,0.4,0.4,0.2987012987012987,0.9103496190398692,0.013020616409829242
2023-03-06,CPI-23FEB,2023-03-14,831,0.42551020408163276,0.4,0.4,0.3333333333333329,1.0689360850612717,0.012716576426488968
2023-03-07,CPI-23FEB,2023-03-14,13699,0.4173469387755103,0.4,0.4,0.209876543209877,0.3525790282004122,0.0136786755518534
2023-03-08,CPI-23FEB,2023-03-14,2261,0.4214285714285715,0.4,0.4,0.25925925925925897,0.4910933776438706,0.013112244897959187
2023-03-09,CPI-23FEB,2023-03-14,8230,0.41836734693877553,0.4,0.4,0.24999999999999994,0.005949382642695955,0.010887130362349024
2023-03-10,CPI-23FEB,2023-03-14,9146,0.41428571428571426,0.4,0.4,0.20000000000000004,0.07006176035502953,0.010612244897959186
2023-03-11,CPI-23FEB,2023-03-14,3078,0.41428571428571437,0.4,0.4,0.1944444444444445,-0.025506407974366763,0.010816326530612248
2023-03-12,CPI-23FEB,2023-03-14,2213,0.41224489795918373,0.4,0.4,0.1621621621621626,0.24428181421355255,0.011890878800499795
2023-03-13,CPI-23FEB,2023-03-14,11583,0.4040816326530613,0.4,0.4,0.04651162790697666,1.185970763954165,0.017534360683048734
2023-03-13,CPI-23MAR,2023-04-12,2635,0.2969387755102041,0.30000000000000004,0.30000000000000004,-0.02752293577981659,0.6305114655329018,0.022541649312786346
2023-03-14,CPI-23FEB,2023-03-14,2846,0.40612244897959193,0.4,0.4,0.07894736842105285,0.1068453644892502,0.01200333194502291
2023-03-14,CPI-23MAR,2023-04-12,3268,0.2877551020408164,0.30000000000000004,0.30000000000000004,-0.14634146341463422,2.259590275022129,0.016584756351520204
2023-03-15,CPI-23MAR,2023-04-12,4972,0.27448979591836736,0.30000000000000004,0.30000000000000004,-0.26881720430107525,1.7626608861300133,0.01945127030403999
2023-03-16,CPI-23MAR,2023-04-12,7278,0.2255102040816327,0.2,0.30000000000000004,0.2293577981651376,-0.8843577753018521,0.01802269887546856
2023-03-17,CPI-23MAR,2023-04-12,10674,0.2142857142857143,0.2,0.30000000000000004,0.13725490196078435,-0.7412805472932789,0.016734693877551023
2023-03-18,CPI-23MAR,2023-04-12,2041,0.21326530612244898,0.2,0.2,0.1428571428571429,-0.48075260466199854,0.015844439816743026
2023-03-19,CPI-23MAR,2023-04-12,2626,0.213265306122449,0.2,0.2,0.16883116883116905,0.05908309041510362,0.012375052061640985
2023-03-20,CPI-23MAR,2023-04-12,2764,0.21530612244897962,0.2,0.2,0.2,1.1618739037285426,0.011500416493127864
2023-03-21,CPI-23MAR,2023-04-12,16938,0.21224489795918372,0.2,0.2,0.1538461538461539,0.660829777847391,0.012707205331112041
2023-03-22,CPI-23MAR,2023-04-12,1331,0.21530612244897962,0.2,0.2,0.2,0.6836325365119769,0.012724906289046234
2023-03-23,CPI-23MAR,2023-04-12,533,0.21734693877551023,0.2,0.2,0.23287671232876725,-0.27403215019664096,0.010413369429404417
2023-03-24,CPI-23MAR,2023-04-12,1105,0.22040816326530616,0.2,0.2,0.27027027027027034,-0.30595791730656163,0.011012078300708043
2023-03-25,CPI-23MAR,2023-04-12,4495,0.21530612244897962,0.2,0.2,0.21126760563380279,-0.21804261959158655,0.010071845064556438
2023-03-26,CPI-23MAR,2023-04-12,3000,0.21632653061224494,0.2,0.2,0.22222222222222238,0.02482481457161745,0.01054977092877968
2023-03-27,CPI-23MAR,2023-04-12,282,0.21938775510204084,0.2,0.2,0.2753623188405798,0.23745836565677703,0.010134319033735946
2023-03-28,CPI-23MAR,2023-04-12,7065,0.22346938775510206,0.2,0.2,0.3239436619718311,1.1205818430247705,0.01138796334860475
2023-03-29,CPI-23MAR,2023-04-12,824,0.22346938775510206,0.2,0.2,0.3333333333333335,1.2510608407472716,0.011183881715951688
2023-03-30,CPI-23MAR,2023-04-12,2482,0.2285714285714286,0.2,0.2,0.411764705882353,1.4227737426035505,0.010612244897959186
2023-03-31,CPI-23MAR,2023-04-12,3794,0.2275510204081633,0.2,0.2,0.4285714285714288,0.9225970495895717,0.00852665556018326
2023-04-01,CPI-23MAR,2023-04-12,156,0.23367346938775513,0.2,0.2,0.4925373134328355,0.8858625781956091,0.008764056643065392
2023-04-02,CPI-23MAR,2023-04-12,4,0.2326530612244898,0.2,0.2,0.4705882352941176,0.761814461538461,0.008933777592669723
2023-04-03,CPI-23MAR,2023-04-12,292,0.23673469387755106,0.2,0.2,0.5142857142857145,0.9645563445990883,0.008650562265722618
2023-04-04,CPI-23MAR,2023-04-12,547,0.23673469387755103,0.2,0.2,0.5000000000000003,0.742360076290129,0.00905872553102874
2023-04-05,CPI-23MAR,2023-04-12,5694,0.2459183673469388,0.25,0.30000000000000004,0.6521739130434784,1.2643690975834811,0.007585381091211998
2023-04-06,CPI-23MAR,2023-04-12,16613,0.25918367346938775,0.30000000000000004,0.30000000000000004,-0.6250000000000006,1.0180736544443354,0.007721782590587257
2023-04-07,CPI-23MAR,2023-04-12,9040,0.2622448979591837,0.30000000000000004,0.30000000000000004,-0.6271186440677966,1.5622008256989863,0.00704394002498959
2023-04-08,CPI-23MAR,2023-04-12,3349,0.2663265306122449,0.30000000000000004,0.30000000000000004,-0.5409836065573771,2.520400014508426,0.00794773011245315
2023-04-09,CPI-23MAR,2023-04-12,696,0.26734693877551025,0.30000000000000004,0.30000000000000004,-0.5333333333333333,2.565189159224376,0.007913369429404418
2023-04-10,CPI-23APR,2023-05-10,1003,0.4357142857142857,0.4,0.4,0.3465346534653464,0.27098486225014273,0.01903061224489796
2023-04-10,CPI-23MAR,2023-04-12,12346,0.23367346938775513,0.2,0.2,0.5238095238095238,-0.24843302759910868,0.006927321949187841
2023-04-11,CPI-23APR,2023-05-10,5024,0.42040816326530617,0.4,0.5,0.17241379310344798,0.40522645068224694,0.024889629321116206
2023-04-11,CPI-23MAR,2023-04-12,30827,0.2326530612244898,0.2,0.2,0.457142857142857,1.4106932206186036,0.009341940857975847
2023-04-12,CPI-23APR,2023-05-10,12004,0.3816326530612245,0.4,0.4,-0.15789473684210523,-0.07853967101074577,0.023336109954185762
2023-04-12,CPI-23MAR,2023-04-12,7957,0.21020408163265308,0.2,0.2,0.138888888888889,-0.5511812567591217,0.009487713452728032
2023-04-13,CPI-23APR,2023-05-10,1698,0.363265306122449,0.4,0.5,-0.2903225806451612,-0.28469539212132666,0.02538525614327364
2023-04-14,CPI-23APR,2023-05-10,2209,0.41224489795918373,0.5,0.5,-0.5657894736842104,-0.962259349266557,0.03291128696376511
2023-04-15,CPI-23APR,2023-05-10,1149,0.4285714285714286,0.5,0.5,-0.4999999999999997,-0.597537929145362,0.030204081632653073
2023-04-16,CPI-23APR,2023-05-10,43,0.4265306122448981,0.5,0.5,-0.5217391304347825,-0.553915924978821,0.029704289879217
2023-04-17,CPI-23APR,2023-05-10,8672,0.4571428571428572,0.5,0.5,-0.33870967741935437,-0.23818483137087876,0.0279591836734694
2023-04-18,CPI-23APR,2023-05-10,1196,0.4938775510204082,0.5,0.5,-0.052631578947368085,-0.22565953456132348,0.023023740108288223
2023-04-19,CPI-23APR,2023-05-10,569,0.47959183673469397,0.5,0.4,-0.17543859649122776,-0.04569492370810169,0.02142024156601417
2023-04-20,CPI-23APR,2023-05-10,12204,0.41836734693877553,0.4,0.4,0.1525423728813559,0.2823194821812347,0.025581007913369435
2023-04-21,CPI-23APR,2023-05-10,967,0.4112244897959184,0.4,0.5,0.09565217391304368,0.7470143445429258,0.024669929196168266
2023-04-22,CPI-23APR,2023-05-10,3122,0.39591836734693886,0.4,0.5,-0.0363636363636363,0.054203672825688276,0.02161599333610996
2023-04-23,CPI-23APR,2023-05-10,1925,0.38877551020408163,0.4,0.5,-0.0940170940170942,-0.12301213897733021,0.024057684298209082
2023-04-24,CPI-23APR,2023-05-10,3525,0.40612244897959193,0.4,0.5,0.0491803278688526,-0.09589858823330477,0.025064556434818832
2023-04-25,CPI-23APR,2023-05-10,18492,0.39489795918367354,0.4,0.30000000000000004,-0.03649635036496354,-0.5215166937512987,0.027627030403998342
2023-04-26,CPI-23APR,2023-05-10,5304,0.38367346938775515,0.4,0.4,-0.13559322033898283,-0.009058412098299051,0.02442732194918784
2023-04-27,CPI-23APR,2023-05-10,2431,0.3755102040816327,0.4,0.5,-0.19047619047619058,-0.3977142199953243,0.025726780508121622
2023-04-28,CPI-23APR,2023-05-10,3235,0.3622448979591837,0.4,0.4,-0.29600000000000004,-0.33845744847880344,0.026023531861724285
2023-04-29,CPI-23APR,2023-05-10,6428,0.3622448979591837,0.4,0.4,-0.3109243697478992,-0.1442726836998105,0.024186797167846733
2023-04-30,CPI-23APR,2023-05-10,1473,0.3520408163265306,0.4,0.4,-0.4086956521739131,0.19808843826394007,0.02249583506872137
2023-05-01,CPI-23APR,2023-05-10,13879,0.34285714285714286,0.4,0.4,-0.5185185185185186,-0.3370320000000011,0.018367346938775515
2023-05-02,CPI-23APR,2023-05-10,7760,0.3275510204081633,0.30000000000000004,0.30000000000000004,0.2389380530973453,-0.5440748726145257,0.02158788004997918
2023-05-03,CPI-23APR,2023-05-10,7302,0.3510204081632654,0.30000000000000004,0.30000000000000004,0.5102040816326533,-0.043862198557085286,0.01617242815493545
2023-05-04,CPI-23APR,2023-05-10,2478,0.3500000000000001,0.30000000000000004,0.30000000000000004,0.48514851485148525,-0.08573842220598893,0.016989795918367353
2023-05-05,CPI-23APR,2023-05-10,2559,0.3571428571428572,0.3500000000000001,0.30000000000000004,0.6086956521739129,0.40225009451795923,0.014081632653061229
2023-05-06,CPI-23APR,2023-05-10,867,0.36020408163265316,0.4,0.30000000000000004,-0.43820224719101153,0.3857929285192796,0.01300812161599334
2023-05-07,CPI-23APR,2023-05-10,377,0.35510204081632657,0.30000000000000004,0.30000000000000004,0.6428571428571425,0.8250732870370379,0.01349437734277385
2023-05-08,CPI-23APR,2023-05-10,24532,0.38979591836734695,0.4,0.30000000000000004,-0.12500000000000014,-0.9507218749999997,0.009895876718034153
2023-05-09,CPI-23APR,2023-05-10,20216,0.41224489795918373,0.4,0.4,0.157894736842105,-0.020464277170219702,0.010462307371928364
2023-05-10,CPI-23APR,2023-05-10,20807,0.42040816326530617,0.4,0.4,0.29411764705882387,1.6620032516111278,0.012236568096626408
2023-05-14,CPI-23MAY,2023-06-13,394,0.10714285714285715,0.1,0,0.08433734939759044,0.5855576726364027,0.012500000000000004
2023-05-15,CPI-23MAY,2023-06-13,309,0.10816326530612247,0.1,0,0.09756097560975617,0.4198911992548111,0.012178259058725533
2023-05-16,CPI-23MAY,2023-06-13,580,0.11020408163265308,0.1,0,0.12500000000000003,0.47078369679603727,0.011936693044564768
2023-05-17,CPI-23MAY,2023-06-13,1084,0.10408163265306124,0.1,0.1,0.05714285714285711,1.2695542467770098,0.011003748438150773
2023-05-18,CPI-23MAY,2023-06-13,115,0.10612244897959185,0.1,0.1,0.08823529411764719,1.3353560762549304,0.010778842149104541
2023-05-19,CPI-23MAY,2023-06-13,0,0.10612244897959185,0.1,0.1,0.08823529411764719,1.3353560762549304,0.010778842149104541
2023-05-20,CPI-23MAY,2023-06-13,55,0.10612244897959185,0.1,0.1,0.08823529411764719,1.3353560762549304,0.010778842149104541
2023-05-21,CPI-23MAY,2023-06-13,0,0.10612244897959185,0.1,0.1,0.08823529411764719,1.3353560762549304,0.010778842149104541
2023-05-22,CPI-23MAY,2023-06-13,514,0.10510204081632654,0.1,0.1,0.07246376811594207,1.3012492282737407,0.010892336526447315
2023-05-23,CPI-23MAY,2023-06-13,11000,0.10510204081632654,0.1,0.1,0.07462686567164192,0.00771298265742093,0.009667846730528949
2023-05-24,CPI-23MAY,2023-06-13,2020,0.12244897959183675,0.1,0.1,0.3235294117647059,-0.36238617381781246,0.009291961682632239
2023-05-25,CPI-23MAY,2023-06-13,616,0.12142857142857144,0.1,0.1,0.31343283582089543,1.8161678400000003,0.011479591836734698
2023-05-26,CPI-23MAY,2023-06-13,923,0.1469387755102041,0.1,0.1,0.5609756097560975,0.38361855604641226,0.012490628904623078
2023-05-27,CPI-23MAY,2023-06-13,7,0.1469387755102041,0.1,0.1,0.5609756097560975,0.38361855604641226,0.012490628904623078
2023-05-28,CPI-23MAY,2023-06-13,0,0.1469387755102041,0.1,0.1,0.5609756097560975,0.38361855604641226,0.012490628904623078
2023-05-29,CPI-23MAY,2023-06-13,24,0.14489795918367349,0.1,0.1,0.5365853658536587,0.2968107015215047,0.012882132444814665
2023-05-30,CPI-23MAY,2023-06-13,4270,0.12653061224489798,0.1,0.1,0.39393939393939403,1.3123330547606642,0.009296126613910874
2023-05-31,CPI-23MAY,2023-06-13,13183,0.10714285714285715,0.1,0.1,0.11111111111111109,2.1833026202045698,0.009846938775510206
2023-06-01,CPI-23MAY,2023-06-13,4320,0.10000000000000002,0.1,0.1,1.0000170626219241e-16,-0.36752399999999996,0.009183673469387758
2023-06-02,CPI-23MAY,2023-06-13,10232,0.10714285714285715,0.1,0.1,0.09859154929577467,-0.7174478892585703,0.009234693877551024
2023-06-03,CPI-23MAY,2023-06-13,186,0.10816326530612247,0.1,0.1,0.12121212121212135,-0.5312556121850367,0.008708871303623493
2023-06-04,CPI-23MAY,2023-06-13,532,0.11326530612244899,0.1,0.1,0.1830985915492959,1.064564669541313,0.01135464389837568
2023-06-05,CPI-23MAY,2023-06-13,3244,0.11836734693877553,0.1,0.1,0.27272727272727276,1.2875834939981523,0.010683048729695964
2023-06-06,CPI-23MAY,2023-06-13,17272,0.14795918367346939,0.1,0.1,0.5949367088607596,1.7229152337373517,0.013312161599333613
2023-06-07,CPI-23MAY,2023-06-13,4465,0.14387755102040817,0.1,0.1,0.5733333333333333,2.0330975903423445,0.013074760516451482
2023-06-08,CPI-23MAY,2023-06-13,8138,0.13673469387755102,0.1,0.1,0.5294117647058824,2.7981362590901684,0.012936276551436905
2023-06-09,CPI-23MAY,2023-06-13,1427,0.13673469387755102,0.1,0.1,0.4864864864864866,2.603517643013756,0.013140358184089967
2023-06-10,CPI-23MAY,2023-06-13,2208,0.12959183673469388,0.1,0.1,0.37662337662337664,2.1640722581646923,0.014328404831320285
2023-06-11,CPI-23MAY,2023-06-13,2777,0.1285714285714286,0.1,0.1,0.368421052631579,-0.7244044982698958,0.010408163265306126
2023-06-12,CPI-23JUN,2023-07-12,977,0.22142857142857147,0.2,0.2,0.21649484536082478,-0.9181456052968713,0.01474489795918368
2023-06-12,CPI-23MAY,2023-06-13,13693,0.13979591836734695,0.1,0.1,0.4588235294117647,1.575155810620112,0.014844856309870891
2023-06-13,CPI-23JUN,2023-07-12,1714,0.22448979591836737,0.2,0.2,0.22641509433962276,-0.6453421277607112,0.019808413161182842
2023-06-13,CPI-23MAY,2023-06-13,7393,0.13571428571428573,0.1,0.1,0.4320987654320988,2.1347975342257595,0.014336734693877558
2023-06-14,CPI-23JUN,2023-07-12,2595,0.20102040816326533,0.2,0.2,0.010526315789473667,-0.04082921816604301,0.017652019991670143
2023-06-15,CPI-23JUN,2023-07-12,3583,0.20714285714285713,0.2,0.2,0.07692307692307694,-0.2969199166077865,0.0161734693877551
2023-06-16,CPI-23JUN,2023-07-12,585,0.20612244897959187,0.2,0.2,0.06666666666666685,-0.19827057235136758,0.015472719700124956
2023-06-17,CPI-23JUN,2023-07-12,102,0.20612244897959187,0.2,0.2,0.06666666666666685,-0.19827057235136758,0.015472719700124956
2023-06-18,CPI-23JUN,2023-07-12,0,0.20612244897959187,0.2,0.2,0.06666666666666685,-0.19827057235136758,0.015472719700124956
2023-06-19,CPI-23JUN,2023-07-12,1099,0.19693877551020408,0.2,0.2,-0.037037037037036966,0.45186987165199,0.013766139108704709
2023-06-20,CPI-23JUN,2023-07-12,2396,0.1959183673469388,0.2,0.2,-0.057142857142857044,0.9742790832987391,0.011615993336109957
2023-06-21,CPI-23JUN,2023-07-12,7933,0.21224489795918366,0.2,0.2,0.1818181818181819,0.8684858396752095,0.01127863390254061
2023-06-22,CPI-23JUN,2023-07-12,3197,0.20918367346938777,0.2,0.2,0.11999999999999997,0.2307008380281408,0.01226259891711787
2023-06-23,CPI-23JUN,2023-07-12,1300,0.20510204081632655,0.2,0.2,0.06329113924050639,0.07188846922051972,0.012729071220324866
2023-06-24,CPI-23JUN,2023-07-12,0,0.20510204081632655,0.2,0.2,0.06329113924050639,0.07188846922051972,0.012729071220324866
2023-06-25,CPI-23JUN,2023-07-12,0,0.20510204081632655,0.2,0.2,0.06329113924050639,0.07188846922051972,0.012729071220324866
2023-06-26,CPI-23JUN,2023-07-12,0,0.20510204081632655,0.2,0.2,0.06329113924050639,0.07188846922051972,0.012729071220324866
2023-06-27,CPI-23JUN,2023-07-12,4,0.20408163265306123,0.2,0.2,0.051282051282051364,-0.0726028386922839,0.01222823823406914
2023-06-28,CPI-23JUN,2023-07-12,957,0.20306122448979594,0.2,0.2,0.03896103896103907,-0.023509523863737947,0.01213348604748022
2023-06-29,CPI-23JUN,2023-07-12,50,0.20612244897959187,0.2,0.2,0.0810810810810813,0.0950043181135447,0.011799250312369851
2023-06-30,CPI-23JUN,2023-07-12,490,0.19489795918367347,0.2,0.2,-0.06849315068493138,0.24985997620593015,0.011912744689712622
2023-07-01,CPI-23JUN,2023-07-12,310,0.2,0.2,0.2,2.0000341252438477e-16,0.43034999999999846,0.011428571428571432
2023-07-02,CPI-23JUN,2023-07-12,20,0.1969387755102041,0.2,0.2,-0.046153846153846066,0.677030887558872,0.01050083298625573
2023-07-03,CPI-23JUN,2023-07-12,1661,0.19285714285714287,0.2,0.2,-0.10447761194029852,0.7055603829008716,0.01005102040816327
2023-07-04,CPI-23JUN,2023-07-12,231,0.20306122448979594,0.2,0.2,0.043478260869565334,0.40330526898630525,0.010296751353602668
2023-07-05,CPI-23JUN,2023-07-12,5063,0.20204081632653065,0.2,0.2,0.02631578947368434,0.47936537659644074,0.012240733027905045
2023-07-06,CPI-23JUN,2023-07-12,296,0.1989795918367347,0.2,0.2,-0.013698630136986276,0.708628352713057,0.011937734277384425
2023-07-07,CPI-23JUN,2023-07-12,2056,0.20918367346938777,0.2,0.2,0.11392405063291153,0.23701908955008433,0.012466680549770933
2023-07-08,CPI-23JUN,2023-07-12,243,0.21122448979591837,0.2,0.2,0.14285714285714296,0.31765853451372683,0.012220949604331533
2023-07-09,CPI-23JUN,2023-07-12,82,0.21122448979591837,0.2,0.2,0.14285714285714296,0.31765853451372683,0.012220949604331533
2023-07-10,CPI-23JUN,2023-07-12,2232,0.19387755102040816,0.2,0.2,-0.07142857142857147,0.18825924443487363,0.0136359850062474
2023-07-11,CPI-23JUL,2023-08-10,61,0.1489795918367347,0.1,0,0.4067796610169491,-0.971975497170614,0.02066222407330279
2023-07-11,CPI-23JUN,2023-07-12,9126,0.19081632653061226,0.2,0.2,-0.12676056338028163,0.45849922069034355,0.010834027488546442
2023-07-12,CPI-23JUL,2023-08-10,1554,0.17346938775510207,0.2,0.2,-0.24074074074074056,-1.0271648008794982,0.01868388171595169
2023-07-12,CPI-23JUN,2023-07-12,10302,0.17653061224489797,0.2,0.2,-0.343283582089552,-0.6284878649082764,0.0077144939608496475
2023-07-13,CPI-23JUL,2023-08-10,698,0.1673469387755102,0.2,0.2,-0.30769230769230754,-0.5780775001936092,0.017097042898792172
2023-07-14,CPI-23JUL,2023-08-10,109,0.18469387755102043,0.2,0.2,-0.17241379310344815,-0.26577097457322063,0.014561640982923785
2023-07-15,CPI-23JUL,2023-08-10,1233,0.18877551020408165,0.2,0.2,-0.12087912087912081,-0.4575161184697172,0.015078092461474391
2023-07-16,CPI-23JUL,2023-08-10,12,0.18877551020408165,0.2,0.2,-0.12087912087912081,-0.4575161184697172,0.015078092461474391
2023-07-17,CPI-23JUL,2023-08-10,3312,0.18265306122448982,0.2,0.2,-0.2328767123287671,0.6608266166424834,0.012658267388588091
2023-07-18,CPI-23JUL,2023-08-10,1946,0.18061224489795918,0.2,0.2,-0.2835820895522385,0.5196040281059937,0.010746563931695128
2023-07-19,CPI-23JUL,2023-08-10,1087,0.16938775510204085,0.2,0.2,-0.38461538461538436,0.4748436383476964,0.011103706788837988
2023-07-20,CPI-23JUL,2023-08-10,1033,0.1653061224489796,0.2,0.1,-0.4146341463414634,0.43397670672532573,0.011449396084964598
2023-07-21,CPI-23JUL,2023-08-10,239,0.16836734693877553,0.2,0.2,-0.392405063291139,0.41405925974879354,0.011346314035818412
2023-07-22,CPI-23JUL,2023-08-10,412,0.16938775510204085,0.2,0.2,-0.3846153846153843,0.4113806378315674,0.01130778842149105
2023-07-23,CPI-23JUL,2023-08-10,8,0.1642857142857143,0.2,0.2,-0.4794520547945203,0.5441389656683708,0.009438775510204084
2023-07-24,CPI-23JUL,2023-08-10,2931,0.17448979591836736,0.2,0.2,-0.3968253968253968,0.8281909480811507,0.008634943773427741
2023-07-25,CPI-23JUL,2023-08-10,5885,0.18571428571428572,0.2,0.2,-0.23333333333333314,0.7807357500000003,0.00816326530612245
2023-07-26,CPI-23JUL,2023-08-10,5787,0.19183673469387758,0.2,0.2,-0.13333333333333308,0.6950826752892527,0.00830070803831737
2023-07-27,CPI-23JUL,2023-08-10,6105,0.21020408163265308,0.2,0.2,0.15151515151515166,0.20469230725528176,0.00907955018742191
2023-07-28,CPI-23JUL,2023-08-10,886,0.213265306122449,0.2,0.2,0.1830985915492958,0.18577503812117824,0.009517909204498128
2023-07-29,CPI-23JUL,2023-08-10,749,0.21632653061224494,0.2,0.2,0.235294117647059,0.37440208857196344,0.00912119950020825
2023-07-30,CPI-23JUL,2023-08-10,3467,0.2142857142857143,0.2,0.2,0.20000000000000004,1.4016735943356933,0.010000000000000004
2023-07-31,CPI-23JUL,2023-08-10,3112,0.20204081632653065,0.2,0.2,0.0322580645161292,-0.43593299855269674,0.007546855476884634
2023-08-01,CPI-23JUL,2023-08-10,3408,0.20612244897959187,0.2,0.2,0.09375000000000006,-0.3903078247370373,0.007921699291961687
2023-08-02,CPI-23JUL,2023-08-10,200,0.20204081632653065,0.2,0.2,0.03225806451612919,-0.18246428124171876,0.008159100374843818
2023-08-03,CPI-23JUL,2023-08-10,450,0.20204081632653065,0.2,0.2,0.03225806451612919,-0.18246428124171876,0.008159100374843818
2023-08-04,CPI-23JUL,2023-08-10,2281,0.20102040816326533,0.2,0.2,0.01694915254237308,-0.006055857159231959,0.007856101624323202
2023-08-05,CPI-23JUL,2023-08-10,3108,0.20612244897959187,0.2,0.2,0.09375000000000006,-0.27727582935000017,0.008329862557267809
2023-08-06,CPI-23JUL,2023-08-10,305,0.20612244897959187,0.2,0.2,0.09375000000000006,-0.27727582935000017,0.008329862557267809
2023-08-07,CPI-23JUL,2023-08-10,244,0.20816326530612247,0.2,0.2,0.12903225806451635,-0.05850721426145622,0.00830070803831737
2023-08-08,CPI-23JUL,2023-08-10,6266,0.19897959183673472,0.2,0.2,-0.019607843137254867,0.3828081747160996,0.006631611828404834
2023-08-09,CPI-23JUL,2023-08-10,26883,0.20102040816326533,0.2,0.2,0.018867924528302108,0.3297889636812892,0.007039775093710956
2023-08-10,CPI-23JUL,2023-08-10,6560,0.19897959183673472,0.2,0.2,-0.0196078431372546,0.26802320065468077,0.006427530195751773
2023-08-14,CPI-23AUG,2023-09-13,592,0.6051020408163266,0.6000000000000001,0.6000000000000001,0.06849315068493082,-0.45317709283646845,0.010484173261141195
2023-08-15,CPI-23AUG,2023-09-13,6920,0.6132653061224491,0.6000000000000001,0.6000000000000001,0.14606741573033638,1.7473106968627983,0.016456684714702213
2023-08-16,CPI-23AUG,2023-09-13,57023,0.6153061224489796,0.6000000000000001,0.5,0.18518518518518468,-0.7119860114842189,0.010888171595168684
2023-08-17,CPI-23AUG,2023-09-13,3811,0.6326530612244898,0.6000000000000001,0.6000000000000001,0.4210526315789467,-0.5030355537814208,0.009546022490628907
2023-08-18,CPI-23AUG,2023-09-13,10601,0.6255102040816327,0.6000000000000001,0.6000000000000001,0.3246753246753243,-0.5938991902259056,0.01006351520199917
2023-08-19,CPI-23AUG,2023-09-13,4803,0.6030612244897959,0.6000000000000001,0.6000000000000001,0.03030303030302956,0.7733269152678086,0.019276343190337365
2023-08-20,CPI-23AUG,2023-09-13,8188,0.6183673469387756,0.6000000000000001,0.7000000000000001,0.18749999999999997,1.5359704255564601,0.01700957934194086
2023-08-21,CPI-23AUG,2023-09-13,5218,0.6204081632653062,0.6000000000000001,0.7000000000000001,0.22222222222222243,0.2521998142399213,0.013665139525197838
2023-08-22,CPI-23AUG,2023-09-13,1705,0.626530612244898,0.7000000000000001,0.7000000000000001,-0.7826086956521737,0.31728384766477014,0.01378592253227822
2023-08-23,CPI-23AUG,2023-09-13,2102,0.626530612244898,0.65,0.7000000000000001,0.2888888888888887,0.6565984354475507,0.013377759266972098
2023-08-24,CPI-23AUG,2023-09-13,6701,0.6306122448979592,0.65,0.7000000000000001,0.35714285714285626,2.1934789340303134,0.012328196584756354
2023-08-25,CPI-23AUG,2023-09-13,3920,0.6336734693877552,0.65,0.7000000000000001,0.3882352941176466,2.127041317649568,0.012641607663473555
2023-08-26,CPI-23AUG,2023-09-13,0,0.6336734693877552,0.65,0.7000000000000001,0.3882352941176466,2.127041317649568,0.012641607663473555
2023-08-27,CPI-23AUG,2023-09-13,2110,0.6377551020408164,0.7000000000000001,0.7000000000000001,-0.753086419753086,2.488873247000618,0.012350062473969182
2023-08-28,CPI-23AUG,2023-09-13,2943,0.6336734693877552,0.7000000000000001,0.7000000000000001,-0.7647058823529413,1.9857954592682283,0.012845689296126617
2023-08-29,CPI-23AUG,2023-09-13,2427,0.6357142857142858,0.7000000000000001,0.7000000000000001,-0.7777777777777777,1.0627509090239267,0.011887755102040818
2023-08-30,CPI-23AUG,2023-09-13,315,0.6428571428571429,0.7000000000000001,0.7000000000000001,-0.7000000000000001,0.9492918367346923,0.012857142857142859
2023-08-31,CPI-23AUG,2023-09-13,1201,0.6346938775510205,0.7000000000000001,0.7000000000000001,-0.7619047619047619,0.992087898685865,0.012265722615576846
2023-09-01,CPI-23AUG,2023-09-13,10690,0.6408163265306123,0.7000000000000001,0.7000000000000001,-0.7837837837837843,-0.6104655660545721,0.00812994585589338
2023-09-02,CPI-23AUG,2023-09-13,1912,0.6428571428571429,0.7000000000000001,0.7000000000000001,-0.7179487179487181,-0.7421250000000001,0.008979591836734696
2023-09-03,CPI-23AUG,2023-09-13,159,0.6408163265306123,0.7000000000000001,0.7000000000000001,-0.7631578947368425,-0.6935011095776327,0.008538109121199504
2023-09-04,CPI-23AUG,2023-09-13,0,0.6408163265306123,0.7000000000000001,0.7000000000000001,-0.7631578947368425,-0.6935011095776327,0.008538109121199504
2023-09-05,CPI-23AUG,2023-09-13,11473,0.6510204081632653,0.7000000000000001,0.7000000000000001,-0.6666666666666672,-0.7934071935669937,0.008009162848812996
2023-09-06,CPI-23AUG,2023-09-13,10315,0.653061224489796,0.7000000000000001,0.7000000000000001,-0.638888888888889,-0.8702798155273883,0.008613077884214913
2023-09-07,CPI-23AUG,2023-09-13,5326,0.6479591836734695,0.7000000000000001,0.7000000000000001,-0.6986301369863007,-0.22288409243704788,0.008414202415660143
2023-09-08,CPI-23AUG,2023-09-13,11786,0.6459183673469389,0.7000000000000001,0.7000000000000001,-0.7066666666666664,-0.313673160852566,0.008605789254477303
2023-09-09,CPI-23AUG,2023-09-13,277,0.6459183673469389,0.7000000000000001,0.7000000000000001,-0.7260273972602737,-0.25964652300939894,0.008401707621824241
2023-09-10,CPI-23AUG,2023-09-13,20,0.6489795918367348,0.7000000000000001,0.7000000000000001,-0.7142857142857135,-0.2111388554516993,0.008417326114119118
2023-09-11,CPI-23AUG,2023-09-13,4924,0.6428571428571429,0.65,0.7000000000000001,0.5526315789473679,-0.2859217727543122,0.00836734693877551
2023-09-12,CPI-23AUG,2023-09-13,8746,0.6397959183673471,0.7000000000000001,0.7000000000000001,-0.808219178082191,0.1313682540655421,0.008722407330279052
2023-09-12,CPI-23SEP,2023-10-12,2259,0.22346938775510206,0.2,0.2,0.33333333333333354,-0.4942964038416253,0.008734902124114955
2023-09-13,CPI-23AUG,2023-09-13,6194,0.6346938775510205,0.6000000000000001,0.7000000000000001,0.45945945945945904,-0.9293040241152823,0.007571845064556438
2023-09-13,CPI-23SEP,2023-10-12,8066,0.29183673469387755,0.30000000000000004,0.2,-0.09302325581395361,-0.5555535278295651,0.010545605997501047
2023-09-14,CPI-23SEP,2023-10-12,136,0.3163265306122449,0.30000000000000004,0.30000000000000004,0.2352941176470588,0.939634163632951,0.009121199500208248
2023-09-15,CPI-23SEP,2023-10-12,3317,0.31122448979591844,0.30000000000000004,0.30000000000000004,0.16923076923076913,1.0327905630719068,0.00854748021657643
2023-09-16,CPI-23SEP,2023-10-12,702,0.3275510204081633,0.30000000000000004,0.4,0.35999999999999993,1.240525204273359,0.00893481882548938
2023-09-17,CPI-23SEP,2023-10-12,895,0.3408163265306123,0.30000000000000004,0.4,0.4651162790697676,0.44682641074749707,0.011599333610995419
2023-09-18,CPI-23SEP,2023-10-12,2385,0.33265306122448984,0.30000000000000004,0.2,0.30769230769230765,-0.6894034079991735,0.01505622657226156
2023-09-19,CPI-23SEP,2023-10-12,1289,0.313265306122449,0.30000000000000004,0.4,0.10569105691056926,-1.1489053987309508,0.02115056226572262
2023-09-20,CPI-23SEP,2023-10-12,4655,0.3438775510204082,0.4,0.4,-0.5789473684210529,-0.23240143899995092,0.016952311536859645
2023-09-21,CPI-23SEP,2023-10-12,7485,0.3448979591836735,0.4,0.4,-0.6749999999999998,0.37380207506686647,0.015739275301957522
2023-09-22,CPI-23SEP,2023-10-12,1039,0.3622448979591837,0.4,0.4,-0.49333333333333346,-0.44077430143419694,0.0099010828821324455
2023-09-23,CPI-23SEP,2023-10-12,0,0.3622448979591837,0.4,0.4,-0.49333333333333346,-0.44077430143419694,0.0099010828821324455
2023-09-24,CPI-23SEP,2023-10-12,1010,0.3622448979591837,0.4,0.4,-0.49333333333333346,-0.44077430143419694,0.0099010828821324455
2023-09-25,CPI-23SEP,2023-10-12,2039,0.3683673469387755,0.4,0.4,-0.4492753623188412,-0.22261018748988626,0.00971366097459392
2023-09-26,CPI-23SEP,2023-10-12,1010,0.363265306122449,0.4,0.4,-0.4864864864864864,-0.07714921519711071,0.010691378592253229
2023-09-27,CPI-23SEP,2023-10-12,24,0.34795918367346945,0.4,0.4,-0.5730337078651686,0.3559701774590378,0.018210120783007086
2023-09-28,CPI-23SEP,2023-10-12,378,0.36020408163265305,0.4,0.4,-0.49367088607594906,1.5218077396243297,0.01484485630987089
2023-09-29,CPI-23SEP,2023-10-12,11,0.37142857142857144,0.4,0.4,-0.4117647058823531,0.5002303757356281,0.009591836734693878
2023-09-30,CPI-23SEP,2023-10-12,461,0.36632653061224496,0.4,0.30000000000000004,-0.36263736263736285,1.1777439428705474,0.016315077051228657
2023-10-01,CPI-23SEP,2023-10-12,233,0.37244897959183676,0.4,0.4,-0.3417721518987341,1.8302094384460004,0.01485318617242816
2023-10-02,CPI-23SEP,2023-10-12,306,0.3622448979591837,0.4,0.4,-0.5522388059701493,2.9120347943167673,0.01214598084131612
2023-10-03,CPI-23SEP,2023-10-12,1847,0.3704081632653061,0.4,0.4,-0.4915254237288129,-0.17495710018936572,0.006165139525197835
2023-10-04,CPI-23SEP,2023-10-12,1980,0.36632653061224496,0.4,0.4,-0.5238095238095241,-0.23666777081479795,0.006315077051228655
2023-10-05,CPI-23SEP,2023-10-12,1081,0.363265306122449,0.4,0.4,-0.5624999999999998,0.36043882524207493,0.00742607246980425
2023-10-06,CPI-23SEP,2023-10-12,3879,0.36020408163265316,0.4,0.4,-0.6393442622950817,0.5197289776057583,0.006273427738442317
2023-10-07,CPI-23SEP,2023-10-12,1310,0.3612244897959185,0.4,0.4,-0.6129032258064511,0.39698784474505855,0.006455643481882549
2023-10-08,CPI-23SEP,2023-10-12,201,0.3612244897959185,0.4,0.4,-0.6129032258064511,0.39698784474505855,0.006455643481882549
2023-10-09,CPI-23SEP,2023-10-12,3392,0.35510204081632657,0.4,0.30000000000000004,-0.6874999999999997,0.6703057406305795,0.006147438567263641
2023-10-10,CPI-23SEP,2023-10-12,4748,0.3346938775510204,0.30000000000000004,0.30000000000000004,0.5862068965517241,0.7597304755212755,0.006959600166597253
2023-10-11,CPI-23SEP,2023-10-12,5592,0.33265306122448984,0.30000000000000004,0.30000000000000004,0.6153846153846154,0.3646867436142922,0.005464389837567681
2023-10-12,CPI-23SEP,2023-10-12,7303,0.3418367346938776,0.30000000000000004,0.30000000000000004,0.6119402985074627,-0.3133301010866636,0.0075354019158683895
2023-10-15,CPI-23OCT,2023-11-14,3659,0.14489795918367349,0.2,0.2,-0.8437499999999999,-0.5675625892325988,0.006147438567263641
2023-10-16,CPI-23OCT,2023-11-14,316,0.1326530612244898,0.1,0.1,0.5517241379310345,-0.47182413761883124,0.005872553102873803
2023-10-17,CPI-23OCT,2023-11-14,479,0.1285714285714286,0.1,0.1,0.49999999999999994,-0.3162105468750003,0.006530612244897961
2023-10-18,CPI-23OCT,2023-11-14,260,0.13367346938775512,0.1,0.2,0.46478873239436624,-0.8433625557384725,0.007743648479800085
2023-10-19,CPI-23OCT,2023-11-14,6317,0.11020408163265306,0.1,0.1,0.16666666666666677,-0.5274878090856814,0.007242815493544359
2023-10-20,CPI-23OCT,2023-11-14,2402,0.11734693877551021,0.1,0.1,0.3207547169811321,-0.21369613461973236,0.006331736776343192
2023-10-21,CPI-23OCT,2023-11-14,106,0.11224489795918369,0.1,0.1,0.25000000000000006,0.19120315208067096,0.005972511453561018
2023-10-22,CPI-23OCT,2023-11-14,5414,0.11836734693877553,0.1,0.1,0.34615384615384626,-0.1593345544822662,0.006193252811328614
2023-10-23,CPI-23OCT,2023-11-14,626,0.10306122448979592,0.1,0.1,0.05660377358490575,0.02278756715167196,0.006623281965847565
2023-10-24,CPI-23OCT,2023-11-14,1647,0.11122448979591837,0.1,0.1,0.23404255319148937,0.03684540818772675,0.00548625572678051
2023-10-25,CPI-23OCT,2023-11-14,526,0.10918367346938776,0.1,0.1,0.2,-0.19615518487860628,0.0049156601416076645
2023-10-26,CPI-23OCT,2023-11-14,1928,0.0979591836734694,0.1,0.1,-0.05263157894736833,1.610457840108647,0.004893794252394837
2023-10-27,CPI-23OCT,2023-11-14,495,0.10408163265306122,0.1,0.1,0.10000000000000005,1.0585536157779405,0.005085381091211997
2023-10-28,CPI-23OCT,2023-11-14,1005,0.10204081632653061,0.1,0.1,0.052631578947368425,0.09472459285443735,0.004077467721782592
2023-10-29,CPI-23OCT,2023-11-14,1,0.10204081632653061,0.1,0.1,0.052631578947368425,0.09472459285443735,0.004077467721782592
2023-10-30,CPI-23OCT,2023-11-14,615,0.0989795918367347,0.1,0.1,-0.024390243902438973,-0.1295621341750226,0.004386713869221158
2023-10-31,CPI-23OCT,2023-11-14,118,0.10408163265306122,0.1,0.1,0.10526315789473688,0.5014475384652002,0.004269054560599751
2023-11-01,CPI-23OCT,2023-11-14,491,0.10510204081632654,0.1,0.1,0.09433962264150945,-0.029401030330467037,0.00660662224073303
2023-11-02,CPI-23OCT,2023-11-14,252,0.10816326530612246,0.1,0.1,0.19047619047619052,0.531662625223972,0.005035401915868388
2023-11-03,CPI-23OCT,2023-11-14,280,0.10102040816326531,0.1,0.1,0.025641025641025727,1.0893902363738635,0.004794877134527281
2023-11-04,CPI-23OCT,2023-11-14,1482,0.10816326530612246,0.1,0.1,0.19047619047619058,7.522250156214726,0.0074843815077051245
2023-11-05,CPI-23OCT,2023-11-14,51,0.0989795918367347,0.1,0.1,-0.030303030303030228,11.443200410749286,0.006631611828404832
2023-11-06,CPI-23OCT,2023-11-14,0,0.0989795918367347,0.1,0.1,-0.030303030303030228,11.443200410749286,0.006631611828404832
2023-11-07,CPI-23OCT,2023-11-14,1394,0.08775510204081634,0.1,0.1,-0.3999999999999999,2.5359142677449507,0.0033194502290712206
2023-11-08,CPI-23OCT,2023-11-14,39,0.10408163265306122,0.1,0.1,0.08695652173913046,-0.21999203798392886,0.005085381091211995
2023-11-09,CPI-23OCT,2023-11-14,1041,0.10306122448979593,0.1,0.1,0.06666666666666674,6.810526799997577,0.008051853394418993
2023-11-10,CPI-23OCT,2023-11-14,31,0.09693877551020409,0.1,0.1,-0.07317073170731704,1.2469608414398632,0.005194710537276136
2023-11-11,CPI-23OCT,2023-11-14,1334,0.09693877551020409,0.1,0.1,-0.07317073170731704,1.2469608414398632,0.005194710537276136
2023-11-12,CPI-23NOV,2023-12-12,0,0.22346938775510206,0.30000000000000004,0.30000000000000004,-1,-0.5465142042754065,0.011183881715951688
2023-11-12,CPI-23OCT,2023-11-14,2500,0.09183673469387756,0.1,0.1,-0.17391304347826073,0.9322428430182477,0.005647646813827572
2023-11-13,CPI-23NOV,2023-12-12,275,0.06326530612244899,0,0,1,-0.8899911989061211,0.005385256143273637
2023-11-13,CPI-23OCT,2023-11-14,2897,0.09081632653061225,0.1,0.1,-0.23076923076923075,0.21087782310403336,0.004099333610995419
2023-11-14,CPI-23NOV,2023-12-12,5816,0.11734693877551021,0.1,0.1,0.27868852459016397,-0.446911224522601,0.00796438983756768
2023-11-14,CPI-23OCT,2023-11-14,4077,0.09591836734693879,0.1,0.1,-0.09090909090909087,1.1215331717451527,0.00569762598917118
2023-11-15,CPI-23NOV,2023-12-12,4051,0.08469387755102042,0.1,0.1,-0.28301886792452824,-0.20715347731502431,0.005582049146189089
2023-11-16,CPI-23NOV,2023-12-12,7432,0.0816326530612245,0.1,0.1,-0.34615384615384615,-0.00458866687746573,0.005376926280716368
2023-11-17,CPI-23NOV,2023-12-12,12838,0.09387755102040816,0.1,0.1,-0.11538461538461536,-0.43272559500131536,0.0056768013327780096
2023-11-18,CPI-23NOV,2023-12-12,513,0.09591836734693879,0.1,0.1,-0.07999999999999992,-0.35401601444106356,0.005493544356518118
2023-11-19,CPI-23NOV,2023-12-12,712,0.09285714285714286,0.1,0.1,-0.13207547169811323,-0.4675824810086926,0.005765306122448981
2023-11-20,CPI-23NOV,2023-12-12,2156,0.09387755102040816,0.1,0.1,-0.11538461538461536,-0.43272559500131536,0.0056768013327780096
2023-11-21,CPI-23NOV,2023-12-12,3252,0.09387755102040816,0.1,0.1,-0.12000000000000004,-0.3059698536310753,0.005472719700124949
2023-11-22,CPI-23NOV,2023-12-12,3547,0.09081632653061225,0.1,0.1,-0.17647058823529416,-0.28799267304680676,0.0055279050395668486
2023-11-23,CPI-23NOV,2023-12-12,1551,0.08979591836734695,0.1,0.1,-0.22727272727272715,0.2980021987453223,0.004793835901707622
2023-11-24,CPI-23NOV,2023-12-12,4050,0.08775510204081632,0.1,0.1,-0.26086956521739124,0.19858859881122237,0.004952103290295711
2023-11-25,CPI-23NOV,2023-12-12,0,0.08775510204081632,0.1,0.1,-0.26086956521739124,0.19858859881122237,0.004952103290295711
2023-11-26,CPI-23NOV,2023-12-12,0,0.08775510204081632,0.1,0.1,-0.26086956521739124,0.19858859881122237,0.004952103290295711
2023-11-27,CPI-23NOV,2023-12-12,4243,0.07551020408163266,0.1,0.1,-0.5454545454545454,-0.6692958739322021,0.0038900458142440654
2023-11-28,CPI-23NOV,2023-12-12,16,0.07448979591836735,0.1,0.1,-0.5813953488372093,-0.634241172032652,0.0037369845897542698
2023-11-29,CPI-23NOV,2023-12-12,5454,0.07448979591836735,0.1,0.1,-0.5102040816326531,-0.8123272196391786,0.004349229487713453
2023-11-30,CPI-23NOV,2023-12-12,6589,0.07040816326530612,0.1,0.1,-0.5272727272727274,-0.8907489223206957,0.004736568096626407
2023-12-01,CPI-23NOV,2023-12-12,0,0.07040816326530612,0.1,0.1,-0.5272727272727274,-0.8907489223206957,0.004736568096626407
2023-12-02,CPI-23NOV,2023-12-12,250,0.06938775510204083,0.1,0,-0.5357142857142857,-0.8890320606654405,0.004777176176593087
2023-12-03,CPI-23NOV,2023-12-12,0,0.06938775510204083,0.1,0,-0.5357142857142857,-0.8890320606654405,0.004777176176593087
2023-12-04,CPI-23NOV,2023-12-12,700,0.06836734693877553,0.1,0,-0.5438596491228069,-0.8845999951801313,0.00481570179092045
2023-12-05,CPI-23NOV,2023-12-12,480,0.0683673469387755,0.1,0.1,-0.6078431372549019,-0.7670005709449166,0.004203456892961266
2023-12-06,CPI-23NOV,2023-12-12,270,0.0642857142857143,0.1,0,-0.6363636363636364,-0.75017875432526,0.004336734693877551
2023-12-07,CPI-23NOV,2023-12-12,6,0.06836734693877553,0.1,0.1,-0.5636363636363636,-0.8437464840076552,0.004611620158267389
2023-12-08,CPI-23NOV,2023-12-12,0,0.06836734693877553,0.1,0.1,-0.5636363636363636,-0.8437464840076552,0.004611620158267389
2023-12-09,CPI-23NOV,2023-12-12,525,0.06632653061224492,0.1,0,-0.5789473684210525,-0.8310114588734057,0.004682423990004165
2023-12-10,CPI-23NOV,2023-12-12,777,0.06836734693877553,0.1,0,-0.5254237288135591,0.32112883251373736,0.005427946688879634
2023-12-11,CPI-23NOV,2023-12-12,1024,0.06020408163265306,0.1,0,-0.6842105263157895,1.3005416189018106,0.004640774677217826
2023-12-12,CPI-23DEC,2024-01-11,3565,0.21224489795918366,0.2,0.2,0.1875000000000001,-0.2830411545944451,0.009033735943356937
2023-12-12,CPI-23NOV,2023-12-12,4762,0.06428571428571431,0.1,0.1,-0.660377358490566,1.2189710516348944,0.004540816326530613
2023-12-13,CPI-23DEC,2024-01-11,3764,0.20408163265306123,0.2,0.2,0.06060606060606071,-0.2730487487999995,0.009371095376926283
2023-12-14,CPI-23DEC,2024-01-11,6615,0.1948979591836735,0.2,0.2,-0.07462686567164166,-0.05591343456900599,0.010076009995835071
2023-12-15,CPI-23DEC,2024-01-11,0,0.1948979591836735,0.2,0.2,-0.07462686567164166,-0.05591343456900599,0.010076009995835071
2023-12-16,CPI-23DEC,2024-01-11,0,0.1948979591836735,0.2,0.2,-0.07462686567164166,-0.05591343456900599,0.010076009995835071
2023-12-17,CPI-23DEC,2024-01-11,102,0.2,0.2,0.2,2.1935858147835752e-16,0.1089002716161156,0.00959183673469388
2023-12-18,CPI-23DEC,2024-01-11,3652,0.20612244897959187,0.2,0.2,0.09677419354838737,0.04377113705515878,0.009554352353186177
2023-12-19,CPI-23DEC,2024-01-11,7448,0.2295918367346939,0.2,0.2,0.42028985507246364,0.001125947600713939,0.009430445647646817
2023-12-20,CPI-23DEC,2024-01-11,0,0.2295918367346939,0.2,0.2,0.42028985507246364,0.001125947600713939,0.009430445647646817
2023-12-21,CPI-23DEC,2024-01-11,0,0.2295918367346939,0.2,0.2,0.42028985507246364,0.001125947600713939,0.009430445647646817
2023-12-22,CPI-23DEC,2024-01-11,400,0.23469387755102045,0.2,0.2,0.5312499999999999,0.4669634266837934,0.008592253227821745
2023-12-23,CPI-23DEC,2024-01-11,7,0.23775510204081637,0.2,0.2,0.5522388059701493,0.4467072259767866,0.00867659308621408
2023-12-24,CPI-23DEC,2024-01-11,202,0.24081632653061227,0.2,0.2,0.6250000000000001,0.084995101848512,0.007517700957934197
2023-12-25,CPI-23DEC,2024-01-11,180,0.2448979591836735,0.2,0.2,0.7333333333333334,0.4597163987412909,0.006759683465222826
2023-12-26,CPI-23DEC,2024-01-11,0,0.2448979591836735,0.2,0.2,0.7333333333333334,0.4597163987412909,0.006759683465222826
2023-12-27,CPI-23DEC,2024-01-11,629,0.23877551020408164,0.2,0.2,0.5757575757575759,-0.07735928204922304,0.00788421491045398
2023-12-28,CPI-23DEC,2024-01-11,0,0.23877551020408164,0.2,0.2,0.5757575757575759,-0.07735928204922304,0.00788421491045398
2023-12-29,CPI-23DEC,2024-01-11,0,0.23877551020408164,0.2,0.2,0.5757575757575759,-0.07735928204922304,0.00788421491045398
2023-12-30,CPI-23DEC,2024-01-11,0,0.23877551020408164,0.2,0.2,0.5757575757575759,-0.07735928204922304,0.00788421491045398
2023-12-31,CPI-23DEC,2024-01-11,0,0.23877551020408164,0.2,0.2,0.5757575757575759,-0.07735928204922304,0.00788421491045398
2024-01-01,CPI-23DEC,2024-01-11,81,0.23673469387755103,0.2,0.2,0.5625000000000002,-0.04621080332409999,0.007834235735110374
2024-01-02,CPI-23DEC,2024-01-11,0,0.23673469387755103,0.2,0.2,0.5625000000000002,-0.04621080332409999,0.007834235735110374
2024-01-03,CPI-23DEC,2024-01-11,350,0.23877551020408164,0.2,0.2,0.7037037037037038,0.8907496707747224,0.0058433985839233685
2024-01-04,CPI-23DEC,2024-01-11,600,0.24285714285714288,0.2,0.2,0.7241379310344828,0.8376567181926275,0.005918367346938778
2024-01-05,CPI-23DEC,2024-01-11,938,0.23979591836734698,0.2,0.2,0.7090909090909094,0.8710600326926392,0.005865264473136195
2024-01-06,CPI-23DEC,2024-01-11,0,0.23979591836734698,0.2,0.2,0.7090909090909094,0.8710600326926392,0.005865264473136195
2024-01-07,CPI-23DEC,2024-01-11,0,0.23979591836734698,0.2,0.2,0.7090909090909094,0.8710600326926392,0.005865264473136195
2024-01-08,CPI-23DEC,2024-01-11,4108,0.23571428571428574,0.2,0.2,0.5932203389830509,0.5198112426035482,0.005969387755102044
2024-01-09,CPI-23DEC,2024-01-11,944,0.24285714285714288,0.30000000000000004,0.30000000000000004,-0.9032258064516131,0.7778854591836728,0.005714285714285716
2024-01-10,CPI-23DEC,2024-01-11,3196,0.24183673469387756,0.2,0.2,0.7192982456140349,1.240686127482765,0.005086422324031655
2024-01-11,CPI-23DEC,2024-01-11,1194,0.23979591836734696,0.2,0.2,0.709090909090909,1.3207413761883195,0.004844856309870889
2024-01-14,CPI-24JAN,2024-02-13,0,0.11938775510204083,0.1,0.1,0.34545454545454546,-0.3395640105656783,0.006460849645980843
2024-01-15,CPI-24JAN,2024-02-13,152,0.12959183673469388,0.1,0.1,0.4202898550724637,0.5367831267202217,0.011063098708871306
2024-01-16,CPI-24JAN,2024-02-13,143,0.1326530612244898,0.1,0.1,0.5161290322580645,1.094952046090337,0.009750104123281969
2024-01-17,CPI-24JAN,2024-02-13,420,0.14081632653061227,0.1,0.1,0.5714285714285714,0.6265020789148741,0.009966680549770932
2024-01-18,CPI-24JAN,2024-02-13,3013,0.12653061224489798,0.1,0.1,0.48148148148148145,-0.4165273866666679,0.005622657226155771
2024-01-19,CPI-24JAN,2024-02-13,0,0.12653061224489798,0.1,0.1,0.48148148148148145,-0.4165273866666679,0.005622657226155771
2024-01-20,CPI-24JAN,2024-02-13,40,0.12653061224489798,0.1,0.1,0.48148148148148145,-0.4165273866666679,0.005622657226155771
2024-01-21,CPI-24JAN,2024-02-13,0,0.12653061224489798,0.1,0.1,0.48148148148148145,-0.4165273866666679,0.005622657226155771
2024-01-22,CPI-24JAN,2024-02-13,0,0.12653061224489798,0.1,0.1,0.48148148148148145,-0.4165273866666679,0.005622657226155771
2024-01-23,CPI-24JAN,2024-02-13,0,0.12653061224489798,0.1,0.1,0.48148148148148145,-0.4165273866666679,0.005622657226155771
2024-01-24,CPI-24JAN,2024-02-13,75,0.1285714285714286,0.1,0.1,0.5384615384615384,-0.3003754437869821,0.005306122448979593
2024-01-25,CPI-24JAN,2024-02-13,0,0.1285714285714286,0.1,0.1,0.5384615384615384,-0.3003754437869821,0.005306122448979593
2024-01-26,CPI-24JAN,2024-02-13,0,0.1285714285714286,0.1,0.1,0.5384615384615384,-0.3003754437869821,0.005306122448979593
2024-01-27,CPI-24JAN,2024-02-13,0,0.1285714285714286,0.1,0.1,0.5384615384615384,-0.3003754437869821,0.005306122448979593
2024-01-28,CPI-24JAN,2024-02-13,2,0.13673469387755102,0.1,0.1,0.6,-0.5177244154797109,0.0055893377759266985
2024-01-29,CPI-24JAN,2024-02-13,41,0.14795918367346939,0.2,0.2,-0.864406779661017,-0.33213841056008553,0.004944814660558102
2024-01-30,CPI-24JAN,2024-02-13,0,0.14795918367346939,0.2,0.2,-0.864406779661017,-0.33213841056008553,0.004944814660558102
2024-01-31,CPI-24JAN,2024-02-13,0,0.14795918367346939,0.2,0.2,-0.864406779661017,-0.33213841056008553,0.004944814660558102
2024-02-01,CPI-24JAN,2024-02-13,278,0.15408163265306124,0.2,0.2,-0.6338028169014083,0.9297985555647057,0.008605789254477305
2024-02-02,CPI-24JAN,2024-02-13,706,0.15816326530612246,0.2,0.2,-0.5942028985507246,0.7450016599925902,0.008759891711786757
2024-02-03,CPI-24JAN,2024-02-13,0,0.15816326530612246,0.2,0.2,-0.5942028985507246,0.7450016599925902,0.008759891711786757
2024-02-04,CPI-24JAN,2024-02-13,855,0.15510204081632656,0.2,0.2,-0.6666666666666667,0.4591572167043787,0.0075760099958350705
2024-02-05,CPI-24JAN,2024-02-13,100,0.15408163265306124,0.2,0.2,-0.6923076923076923,0.575152689034951,0.007381299458558936
2024-02-06,CPI-24JAN,2024-02-13,0,0.15408163265306124,0.2,0.2,-0.6923076923076923,0.575152689034951,0.007381299458558936
2024-02-07,CPI-24JAN,2024-02-13,3512,0.15612244897959188,0.2,0.2,-0.6825396825396824,0.6659147360070086,0.007156393169512705
2024-02-08,CPI-24JAN,2024-02-13,500,0.15612244897959188,0.2,0.2,-0.6825396825396824,0.6659147360070086,0.007156393169512705
2024-02-09,CPI-24JAN,2024-02-13,7287,0.1510204081632653,0.2,0.2,-0.888888888888889,-0.2679375000000004,0.004947938359017076
2024-02-10,CPI-24JAN,2024-02-13,504,0.14183673469387756,0.1,0.2,0.6949152542372881,-0.4188801157525952,0.004882340691378593
2024-02-11,CPI-24JAN,2024-02-13,40,0.1520408163265306,0.2,0.2,-0.8867924528301887,-0.23197030894026183,0.004944814660558102
2024-02-12,CPI-24FEB,2024-03-12,100,0.5020408163265306,0.5,0.5,1.0000000000000122,43.08511874999994,1.9991670137442725e-4
2024-02-12,CPI-24JAN,2024-02-13,5959,0.17142857142857143,0.2,0.2,-0.608695652173913,1.6343000000000023,0.005510204081632653
2024-02-13,CPI-24FEB,2024-03-12,5837,0.35306122448979593,0.4,0.4,-0.5609756097560975,0.3255217212611372,0.011674302374010832
2024-02-13,CPI-24JAN,2024-02-13,4719,0.16938775510204082,0.2,0.2,-0.6521739130434783,1.8753010869502118,0.00518533944189921
2024-02-14,CPI-24FEB,2024-03-12,3251,0.3806122448979592,0.4,0.30000000000000004,-0.267605633802817,0.16400069955922758,0.008909829237817577
2024-02-15,CPI-24FEB,2024-03-12,2648,0.40102040816326534,0.4,0.4,0.016393442622950123,1.0264243097728993,0.008264264889629322
2024-02-16,CPI-24FEB,2024-03-12,340,0.40102040816326534,0.4,0.4,0.016393442622950123,1.0264243097728993,0.008264264889629322
2024-02-17,CPI-24FEB,2024-03-12,144,0.39591836734693886,0.4,0.4,-0.06060606060606133,0.5182091595888374,0.009575177009579343
2024-02-18,CPI-24FEB,2024-03-12,0,0.39591836734693886,0.4,0.4,-0.06060606060606133,0.5182091595888374,0.009575177009579343
2024-02-19,CPI-24FEB,2024-03-12,110,0.40102040816326534,0.4,0.4,0.0158730158730152,0.8622866601360504,0.009488754685547688
2024-02-20,CPI-24FEB,2024-03-12,0,0.40102040816326534,0.4,0.4,0.0158730158730152,0.8622866601360504,0.009488754685547688
2024-02-21,CPI-24FEB,2024-03-12,20,0.40102040816326534,0.4,0.4,0.0158730158730152,0.8622866601360504,0.009488754685547688
2024-02-22,CPI-24FEB,2024-03-12,0,0.40102040816326534,0.4,0.4,0.0158730158730152,0.8622866601360504,0.009488754685547688
2024-02-23,CPI-24FEB,2024-03-12,700,0.40204081632653066,0.4,0.4,0.03225806451612854,0.9691425109175342,0.009383590170762183
2024-02-24,CPI-24FEB,2024-03-12,60,0.40102040816326534,0.4,0.4,0.015873015873016063,1.2112783357899346,0.009896917950853812
2024-02-25,CPI-24FEB,2024-03-12,0,0.40102040816326534,0.4,0.4,0.015873015873016063,1.2112783357899346,0.009896917950853812
2024-02-26,CPI-24FEB,2024-03-12,174,0.40204081632653066,0.4,0.4,0.030303030303029842,0.963514096817291,0.010608079966680551
2024-02-27,CPI-24FEB,2024-03-12,5,0.40714285714285714,0.4,0.4,0.11475409836065621,1.5201679636166867,0.010051020408163268
2024-02-28,CPI-24FEB,2024-03-12,1832,0.4326530612244899,0.4,0.4,0.5161290322580646,-0.6234554108415584,0.006280716368179925
2024-02-29,CPI-24FEB,2024-03-12,5389,0.43673469387755104,0.4,0.4,0.5454545454545454,-0.2943454450774401,0.007017909204498126
2024-03-01,CPI-24FEB,2024-03-12,3620,0.4530612244897959,0.5,0.5,-0.6571428571428564,-0.33589849759615387,0.007796751353602668
2024-03-02,CPI-24FEB,2024-03-12,27,0.4530612244897959,0.5,0.5,-0.6216216216216217,-0.5467317507922136,0.008613077884214913
2024-03-03,CPI-24FEB,2024-03-12,46,0.463265306122449,0.5,0.5,-0.5624999999999999,-0.28609568773852523,0.008446480633069558
2024-03-04,CPI-24FEB,2024-03-12,114,0.4510204081632654,0.5,0.5,-0.6857142857142854,-0.4115902197959991,0.008009162848812996
2024-03-05,CPI-24FEB,2024-03-12,176,0.44897959183673475,0.5,0.5,-0.7812499999999992,-0.6036027746405774,0.0067846730528946285
2024-03-06,CPI-24FEB,2024-03-12,261,0.45000000000000007,0.5,0.5,-0.7101449275362309,-0.7658543252595145,0.0078061224489795935
2024-03-07,CPI-24FEB,2024-03-12,587,0.44285714285714295,0.5,0.5,-0.7777777777777773,0.023325000000001594,0.008979591836734696
2024-03-08,CPI-24FEB,2024-03-12,1199,0.45612244897959187,0.5,0.5,-0.682539682539682,-0.6212783791183156,0.007564556434818828
2024-03-09,CPI-24FEB,2024-03-12,510,0.463265306122449,0.5,0.5,-0.6666666666666666,-0.21196955119591454,0.0055893377759266985
2024-03-10,CPI-24FEB,2024-03-12,289,0.4744897959183674,0.5,0.5,-0.5319148936170206,0.19367711025127,0.005573719283631822
2024-03-11,CPI-24FEB,2024-03-12,15808,0.4571428571428572,0.5,0.5,-0.7777777777777771,1.7813198400000037,0.005102040816326532
2024-03-11,CPI-24MAR,2024-04-10,4481,0.22755102040816327,0.2,0.2,0.5744680851063828,1.2265133889370654,0.004853186172428156
2024-03-12,CPI-24FEB,2024-03-12,5261,0.4581632653061225,0.5,0.5,-0.7735849056603773,1.8465633420839023,0.005086422324031654
2024-03-12,CPI-24MAR,2024-04-10,933,0.24081632653061225,0.2,0.2,0.8000000000000003,1.2879371474260877,0.0042523948354852145
2024-03-13,CPI-24MAR,2024-04-10,4,0.23979591836734696,0.2,0.2,0.6610169491525424,0.3869286981098954,0.0058652644731361945
2024-03-14,CPI-24MAR,2024-04-10,0,0.23979591836734696,0.2,0.2,0.6610169491525424,0.3869286981098954,0.0058652644731361945
2024-03-15,CPI-24MAR,2024-04-10,1800,0.25510204081632654,0.2,0.2,0.7105263157894739,-0.8243637500195784,0.009412744689712623
2024-03-16,CPI-24MAR,2024-04-10,100,0.27142857142857146,0.30000000000000004,0.30000000000000004,-0.3888888888888885,-0.7117499999999999,0.008979591836734696
2024-03-17,CPI-24MAR,2024-04-10,0,0.27142857142857146,0.30000000000000004,0.30000000000000004,-0.3888888888888885,-0.7117499999999999,0.008979591836734696
2024-03-18,CPI-24MAR,2024-04-10,29,0.28877551020408165,0.30000000000000004,0.30000000000000004,-0.1803278688524589,-0.21429488287480947,0.00854748021657643
2024-03-19,CPI-24MAR,2024-04-10,3186,0.2928571428571429,0.30000000000000004,0.30000000000000004,-0.11475409836065575,-0.4715051557669443,0.007397959183673471
2024-03-20,CPI-24MAR,2024-04-10,3829,0.2948979591836735,0.30000000000000004,0.30000000000000004,-0.10638297872340378,0.3765074156982684,0.005790295710120785
2024-03-21,CPI-24MAR,2024-04-10,14061,0.27142857142857146,0.30000000000000004,0.30000000000000004,-0.45161290322580655,-0.30926249999999955,0.0073469387755102054
2024-03-22,CPI-24MAR,2024-04-10,1440,0.2540816326530613,0.2,0.2,0.7681159420289855,-0.3872366885049292,0.007585381091211998
2024-03-23,CPI-24MAR,2024-04-10,0,0.2540816326530613,0.2,0.2,0.7681159420289855,-0.3872366885049292,0.007585381091211998
2024-03-24,CPI-24MAR,2024-04-10,0,0.2540816326530613,0.2,0.2,0.7681159420289855,-0.3872366885049292,0.007585381091211998
2024-03-25,CPI-24MAR,2024-04-10,0,0.2540816326530613,0.2,0.2,0.7681159420289855,-0.3872366885049292,0.007585381091211998
2024-03-26,CPI-24MAR,2024-04-10,903,0.25510204081632654,0.30000000000000004,0.30000000000000004,-0.7096774193548387,0.13238390095181396,0.006147438567263642
2024-03-27,CPI-24MAR,2024-04-10,201,0.25918367346938775,0.30000000000000004,0.30000000000000004,-0.6896551724137927,0.18098493471641808,0.006089129529362767
2024-03-28,CPI-24MAR,2024-04-10,1439,0.2602040816326531,0.30000000000000004,0.30000000000000004,-0.6190476190476186,-0.09546567768687764,0.00668159100374844
2024-03-29,CPI-24MAR,2024-04-10,1470,0.27653061224489794,0.30000000000000004,0.30000000000000004,-0.4035087719298241,0.4744457843447183,0.0077144939608496475
2024-03-30,CPI-24MAR,2024-04-10,285,0.2755102040816327,0.30000000000000004,0.30000000000000004,-0.4285714285714283,0.3996920638992729,0.007359433569346108
2024-03-31,CPI-24MAR,2024-04-10,306,0.27346938775510204,0.30000000000000004,0.30000000000000004,-0.4482758620689652,0.3233506603368608,0.007459391920033321
2024-04-01,CPI-24MAR,2024-04-10,318,0.2785714285714286,0.30000000000000004,0.30000000000000004,-0.3818181818181814,0.41388431999999975,0.006377551020408164
2024-04-02,CPI-24MAR,2024-04-10,191,0.2846938775510204,0.30000000000000004,0.30000000000000004,-0.2830188679245281,0.3416798710548754,0.006398375676801334
2024-04-03,CPI-24MAR,2024-04-10,4224,0.27448979591836736,0.30000000000000004,0.30000000000000004,-0.490196078431372,0.6129554733316627,0.0057778009162848835
2024-04-04,CPI-24MAR,2024-04-10,7325,0.2785714285714286,0.30000000000000004,0.30000000000000004,-0.44680851063829796,0.827100353505597,0.005561224489795919
2024-04-05,CPI-24MAR,2024-04-10,6684,0.2795918367346939,0.30000000000000004,0.30000000000000004,-0.4166666666666665,1.0016935100054072,0.005910037484381509
2024-04-06,CPI-24MAR,2024-04-10,1260,0.28265306122448985,0.30000000000000004,0.30000000000000004,-0.395348837209302,1.1316053607464438,0.005311328613077886
2024-04-07,CPI-24MAR,2024-04-10,2000,0.2806122448979592,0.30000000000000004,0.30000000000000004,-0.4222222222222224,0.9668031543490296,0.005440441482715537
2024-04-08,CPI-24MAR,2024-04-10,9016,0.2785714285714286,0.30000000000000004,0.30000000000000004,-0.44680851063829796,0.827100353505597,0.005561224489795919
2024-04-09,CPI-24MAR,2024-04-10,9906,0.286734693877551,0.30000000000000004,0.30000000000000004,-0.28888888888888864,0.8245918231526832,0.0056403581840899645
2024-04-10,CPI-24MAR,2024-04-10,10699,0.2948979591836735,0.30000000000000004,0.30000000000000004,-0.11111111111111122,0.9170870894938692,0.005790295710120784
2024-04-15,CPI-24APR,2024-05-15,25,0.4275510204081633,0.4,0.4,0.33333333333333326,-0.8098956127176891,0.011383798417326112
2024-04-16,CPI-24APR,2024-05-15,1014,0.42448979591836744,0.4,0.4,0.3243243243243238,-0.6177060164201174,0.010828821324448146
2024-04-17,CPI-24APR,2024-05-15,5953,0.4153061224489797,0.4,0.4,0.2542372881355926,0.019822353299317808,0.0076228654727197006
2024-04-18,CPI-24APR,2024-05-15,163,0.42040816326530617,0.4,0.4,0.32258064516129065,1.0072630013822987,0.008767180341524367
2024-04-19,CPI-24APR,2024-05-15,0,0.42040816326530617,0.4,0.4,0.32258064516129065,1.0072630013822987,0.008767180341524367
2024-04-20,CPI-24APR,2024-05-15,1950,0.41836734693877553,0.4,0.4,0.28124999999999994,0.8553356996473278,0.009050395668471472
2024-04-21,CPI-24APR,2024-05-15,299,0.4091836734693878,0.4,0.4,0.13846153846153847,0.8633379904040575,0.00940545605997501
2024-04-22,CPI-24APR,2024-05-15,7010,0.38979591836734695,0.4,0.4,-0.15625000000000017,-0.5300808234989409,0.007446897126197418
2024-04-23,CPI-24APR,2024-05-15,3438,0.3938775510204082,0.4,0.4,-0.11538461538461572,0.12000806859348323,0.006289046230737193
2024-04-24,CPI-24APR,2024-05-15,18297,0.39081632653061227,0.4,0.4,-0.14285714285714285,-0.5001812400078349,0.007364639733444398
2024-04-25,CPI-24APR,2024-05-15,4834,0.38979591836734695,0.4,0.4,-0.15625000000000017,-0.5300808234989409,0.007446897126197418
2024-04-26,CPI-24APR,2024-05-15,1033,0.38877551020408163,0.4,0.4,-0.19298245614035128,0.061225888825909625,0.00732299042065806
2024-04-27,CPI-24APR,2024-05-15,139,0.3918367346938776,0.4,0.4,-0.1333333333333331,-0.14929401282266408,0.007688463140358185
2024-04-28,CPI-24APR,2024-05-15,94,0.3877551020408164,0.4,0.4,-0.2142857142857139,0.14059202473958443,0.007197001249479385
2024-04-29,CPI-24APR,2024-05-15,1600,0.3857142857142858,0.4,0.4,-0.21212121212121218,-0.4027349999999985,0.00816326530612245
2024-04-30,CPI-24APR,2024-05-15,5949,0.37755102040816324,0.4,0.4,-0.3333333333333332,-0.225831842053287,0.007863390254060808
2024-05-01,CPI-24APR,2024-05-15,508,0.37857142857142867,0.4,0.30000000000000004,-0.27272727272727243,1.7120884800000011,0.011479591836734698
2024-05-02,CPI-24APR,2024-05-15,225,0.3816326530612245,0.4,0.4,-0.2432432432432432,1.840263168366751,0.011295293627655145
2024-05-03,CPI-24APR,2024-05-15,3495,0.38265306122448983,0.4,0.4,-0.24637681159420266,2.224891444329825,0.010821532694710539
2024-05-04,CPI-24APR,2024-05-15,124,0.37755102040816335,0.4,0.4,-0.2972972972972971,1.9826692883787072,0.01112869637650979
2024-05-05,CPI-24APR,2024-05-15,0,0.37755102040816335,0.4,0.4,-0.2972972972972971,1.9826692883787072,0.01112869637650979
2024-05-06,CPI-24APR,2024-05-15,1722,0.3816326530612245,0.4,0.4,-0.2432432432432432,1.840263168366751,0.011295293627655145
2024-05-07,CPI-24APR,2024-05-15,14106,0.379591836734694,0.4,0.30000000000000004,-0.2777777777777773,1.2141298682505557,0.008971261974177427
2024-05-08,CPI-24APR,2024-05-15,773,0.38877551020408163,0.4,0.30000000000000004,-0.14666666666666697,0.4536975488301027,0.009567888379841735
2024-05-09,CPI-24APR,2024-05-15,2685,0.3857142857142858,0.4,0.30000000000000004,-0.20000000000000004,0.9588750000000008,0.008979591836734696
2024-05-10,CPI-24APR,2024-05-15,3383,0.39081632653061227,0.4,0.30000000000000004,-0.1267605633802817,0.5829334573878908,0.008997292794668888
2024-05-11,CPI-24APR,2024-05-15,604,0.39081632653061227,0.4,0.30000000000000004,-0.1267605633802817,0.5829334573878908,0.008997292794668888
2024-05-12,CPI-24APR,2024-05-15,290,0.39081632653061227,0.4,0.30000000000000004,-0.1267605633802817,0.5829334573878908,0.008997292794668888
2024-05-13,CPI-24APR,2024-05-15,852,0.38265306122448983,0.4,0.30000000000000004,-0.2537313432835818,1.362150172074685,0.008372553102873805
2024-05-14,CPI-24APR,2024-05-15,10798,0.36632653061224496,0.4,0.30000000000000004,-0.41772151898734206,0.8906746519608397,0.011213036234902123
2024-05-14,CPI-24MAY,2024-06-12,120,0.2275510204081633,0.2,0.2,1.0000000000000004,-1.0300859154929598,0.001996043315285298
2024-05-15,CPI-24APR,2024-05-15,12345,0.37755102040816324,0.4,0.4,-0.2820512820512826,1.38591429909226,0.012965431070387341
2024-05-15,CPI-24MAY,2024-06-12,14042,0.1653061224489796,0.2,0.2,-0.42499999999999993,0.47093161757821456,0.012673885880882967
2024-05-16,CPI-24MAY,2024-06-12,4365,0.13979591836734695,0.1,0.2,0.5652173913043478,0.2288338483304435,0.007497917534360685
2024-05-17,CPI-24MAY,2024-06-12,4121,0.15204081632653063,0.1,0.2,0.6296296296296295,2.2282879581510224,0.013108079966680553
2024-05-18,CPI-24MAY,2024-06-12,0,0.15204081632653063,0.1,0.2,0.6296296296296295,2.2282879581510224,0.013108079966680553
2024-05-19,CPI-24MAY,2024-06-12,1342,0.15510204081632653,0.1,0.1,0.6428571428571428,1.7366102023467294,0.013698458975426908
2024-05-20,CPI-24MAY,2024-06-12,0,0.15510204081632653,0.1,0.1,0.6428571428571428,1.7366102023467294,0.013698458975426908
2024-05-21,CPI-24MAY,2024-06-12,7612,0.14183673469387756,0.1,0.1,0.4939759036144579,1.8401255384276523,0.01447417742607247
2024-05-22,CPI-24MAY,2024-06-12,10093,0.1479591836734694,0.1,0.2,0.5280898876404495,1.3501265049635665,0.014740733027905042
2024-05-23,CPI-24MAY,2024-06-12,29,0.15204081632653063,0.1,0.1,0.6000000000000001,1.6152315392006757,0.013924406497292798
2024-05-24,CPI-24MAY,2024-06-12,1113,0.15408163265306124,0.1,0.2,0.6091954022988506,1.5471858623173178,0.013911911703456896
2024-05-25,CPI-24MAY,2024-06-12,920,0.15510204081632656,0.1,0.2,0.6136363636363636,1.5162580192463917,0.01390254060807997
2024-05-26,CPI-24MAY,2024-06-12,250,0.15510204081632656,0.1,0.2,0.6136363636363636,1.5162580192463917,0.01390254060807997
2024-05-27,CPI-24MAY,2024-06-12,2119,0.15510204081632656,0.1,0.2,0.6136363636363636,1.5162580192463917,0.01390254060807997
2024-05-28,CPI-24MAY,2024-06-12,2130,0.15510204081632653,0.1,0.1,0.627906976744186,1.6217502253889773,0.013698458975426908
2024-05-29,CPI-24MAY,2024-06-12,9841,0.14591836734693878,0.1,0.1,0.54216867469879515,1.8610253131135277,0.013911911703456894
2024-05-30,CPI-24MAY,2024-06-12,1586,0.1306122448979592,0.1,0.1,0.39473684210526316,0.18405388180131865,0.010899625156184924
2024-05-31,CPI-24MAY,2024-06-12,4014,0.13673469387755102,0.1,0.1,0.4390243902439024,1.8659416340334634,0.014568929612661395
2024-06-01,CPI-24MAY,2024-06-12,0,0.13673469387755102,0.1,0.1,0.4390243902439024,1.8659416340334634,0.014568929612661395
2024-06-02,CPI-24MAY,2024-06-12,59,0.13673469387755102,0.1,0.1,0.4390243902439024,1.8659416340334634,0.014568929612661395
2024-06-03,CPI-24MAY,2024-06-12,2,0.14081632653061227,0.1,0.1,0.46511627906976744,1.6452186914062485,0.014660558100791341
2024-06-04,CPI-24MAY,2024-06-12,58115,0.10918367346938776,0.1,0.1,0.12676056338028177,0.4160744664529128,0.009609537692628074
2024-06-05,CPI-24MAY,2024-06-12,1573,0.10612244897959185,0.1,0.1,0.09090909090909106,0.8318218052942741,0.009146189087880051
2024-06-06,CPI-24MAY,2024-06-12,180,0.10714285714285715,0.1,0.1,0.10769230769230782,0.8752570238437221,0.009030612244897962
2024-06-07,CPI-24MAY,2024-06-12,14943,0.1,0.1,0.1,1.1653424641037744e-16,0.25930761772853295,0.0077551020408163284
2024-06-08,CPI-24MAY,2024-06-12,9339,0.10816326530612247,0.1,0.1,0.11428571428571448,0.44606043610478574,0.010137442732194921
2024-06-09,CPI-24MAY,2024-06-12,3,0.10612244897959185,0.1,0.1,0.08823529411764723,0.294768519580757,0.009350270720533113
2024-06-10,CPI-24MAY,2024-06-12,13091,0.10510204081632653,0.1,0.1,0.07692307692307687,0.5044055083696626,0.008443356934610579
2024-06-11,CPI-24JUN,2024-07-11,0,0.6,0.6,0.6,NA,NA,0
2024-06-11,CPI-24MAY,2024-06-12,10075,0.11224489795918367,0.1,0.1,0.19999999999999996,1.1809079695247222,0.008217409412744691
2024-06-12,CPI-24JUN,2024-07-11,4082,0.0816326530612245,0.1,0.1,-0.31034482758620685,-1.1961160158164403,0.00558100791336943
2024-06-12,CPI-24MAY,2024-06-12,3330,0.11122448979591837,0.1,0.1,0.1641791044776119,0.8977482507907046,0.009771970012494796
2024-06-13,CPI-24JUN,2024-07-11,101,0.08061224489795919,0.1,0,-0.32203389830508466,-1.2058717087425797,0.005644523115368597
2024-06-14,CPI-24JUN,2024-07-11,0,0.08061224489795919,0.1,0,-0.32203389830508466,-1.2058717087425797,0.005644523115368597
2024-06-15,CPI-24JUN,2024-07-11,0,0.08061224489795919,0.1,0,-0.32203389830508466,-1.2058717087425797,0.005644523115368597
2024-06-16,CPI-24JUN,2024-07-11,23,0.07244897959183674,0.1,0,-0.40298507462686567,-1.2112837688123146,0.006077675968346523
2024-06-17,CPI-24JUN,2024-07-11,223,0.0826530612244898,0.1,0.1,-0.2982456140350877,-1.184244279166214,0.005515410245730945
2024-06-18,CPI-24JUN,2024-07-11,0,0.0826530612244898,0.1,0.1,-0.2982456140350877,-1.184244279166214,0.005515410245730945
2024-06-19,CPI-24JUN,2024-07-11,0,0.0826530612244898,0.1,0.1,-0.2982456140350877,-1.184244279166214,0.005515410245730945
2024-06-20,CPI-24JUN,2024-07-11,0,0.0826530612244898,0.1,0.1,-0.2982456140350877,-1.184244279166214,0.005515410245730945
2024-06-21,CPI-24JUN,2024-07-11,1755,0.07244897959183674,0.1,0,-0.40298507462686567,-1.2112837688123146,0.006077675968346523
2024-06-22,CPI-24JUN,2024-07-11,0,0.07244897959183674,0.1,0,-0.40298507462686567,-1.2112837688123146,0.006077675968346523
2024-06-23,CPI-24JUN,2024-07-11,540,0.07346938775510206,0.1,0,-0.41935483870967727,-1.1292722399999995,0.005622657226155768
2024-06-24,CPI-24JUN,2024-07-11,78,0.08061224489795919,0.1,0.1,-0.3454545454545454,-1.0940746139640045,0.005236359850062474
2024-06-25,CPI-24JUN,2024-07-11,2700,0.05714285714285714,0,0,1,-0.5983499999999999,0.004489795918367348
2024-06-26,CPI-24JUN,2024-07-11,1200,0.05612244897959184,0,0,0.9999999999999998,-0.5634881012262354,0.004503331945022907
2024-06-27,CPI-24JUN,2024-07-11,2052,0.05714285714285714,0,0,1,-0.5983499999999999,0.004489795918367348
2024-06-28,CPI-24JUN,2024-07-11,0,0.05714285714285714,0,0,1,-0.5983499999999999,0.004489795918367348
2024-06-29,CPI-24JUN,2024-07-11,0,0.05714285714285714,0,0,1,-0.5983499999999999,0.004489795918367348
2024-06-30,CPI-24JUN,2024-07-11,0,0.05714285714285714,0,0,1,-0.5983499999999999,0.004489795918367348
2024-07-01,CPI-24JUN,2024-07-11,0,0.05714285714285714,0,0,1,-0.5983499999999999,0.004489795918367348
2024-07-02,CPI-24JUN,2024-07-11,0,0.05714285714285714,0,0,1,-0.5983499999999999,0.004489795918367348
2024-07-03,CPI-24JUN,2024-07-11,200,0.05306122448979592,0,0,0.9999999999999999,-0.48166894478820055,0.003919200333194503
2024-07-04,CPI-24JUN,2024-07-11,0,0.05306122448979592,0,0,0.9999999999999999,-0.48166894478820055,0.003919200333194503
2024-07-05,CPI-24JUN,2024-07-11,1720,0.06326530612244899,0.1,0.1,-0.7199999999999999,-0.7109284416993824,0.0037526030820491463
2024-07-06,CPI-24JUN,2024-07-11,21,0.06326530612244899,0.1,0.1,-0.7199999999999999,-0.7109284416993824,0.0037526030820491463
2024-07-07,CPI-24JUN,2024-07-11,0,0.06326530612244899,0.1,0.1,-0.7199999999999999,-0.7109284416993824,0.0037526030820491463
2024-07-08,CPI-24JUN,2024-07-11,2523,0.04897959183673469,0,0,1,-0.23937331393080097,0.004131611828404831
2024-07-09,CPI-24JUN,2024-07-11,666,0.05306122448979592,0,0,0.9999999999999999,-0.48166894478820055,0.003919200333194503
2024-07-10,CPI-24JUN,2024-07-11,2771,0.05408163265306123,0,0,1.0000000000000002,-0.7654733110309215,0.0032996668054977095
2024-07-11,CPI-24JUN,2024-07-11,148,0.05918367346938776,0.05,0,1,-0.6489233998854602,0.004252394835485215
2024-07-15,CPI-24JUL,2024-08-14,0,0.21224489795918366,0.2,0.2,0.2307692307692309,-1.0915098857921348,0.005156184922948772
2024-07-16,CPI-24JUL,2024-08-14,1001,0.20612244897959187,0.2,0.2,0.10344827586206924,0.31556462314142264,0.007717617659308625
2024-07-17,CPI-24JUL,2024-08-14,168,0.1969387755102041,0.2,0.2,-0.061224489795918255,0.6130357499325085,0.006827363598500626
2024-07-18,CPI-24JUL,2024-08-14,2271,0.1642857142857143,0.2,0.2,-0.4929577464788731,-0.8155806036756057,0.008010204081632655
2024-07-19,CPI-24JUL,2024-08-14,1453,0.16224489795918368,0.2,0.1,-0.506849315068493,-0.8458758135301272,0.008064348188254897
2024-07-20,CPI-24JUL,2024-08-14,202,0.16122448979591839,0.2,0.2,-0.5277777777777776,-0.8062867234611124,0.00788421491045398
2024-07-21,CPI-24JUL,2024-08-14,0,0.16122448979591839,0.2,0.2,-0.5277777777777776,-0.8062867234611124,0.00788421491045398
2024-07-22,CPI-24JUL,2024-08-14,40,0.16122448979591839,0.2,0.2,-0.5277777777777776,-0.8062867234611124,0.00788421491045398
2024-07-23,CPI-24JUL,2024-08-14,18,0.16122448979591839,0.2,0.2,-0.5277777777777776,-0.8062867234611124,0.00788421491045398
2024-07-24,CPI-24JUL,2024-08-14,2440,0.15816326530612246,0.2,0.2,-0.5942028985507246,-0.6845387659304158,0.007331320283215329
2024-07-25,CPI-24JUL,2024-08-14,147,0.15918367346938778,0.2,0.2,-0.5714285714285714,-0.7254078116343488,0.007517700957934196
2024-07-26,CPI-24JUL,2024-08-14,0,0.15918367346938778,0.2,0.2,-0.5714285714285714,-0.7254078116343488,0.007517700957934196
2024-07-27,CPI-24JUL,2024-08-14,0,0.15918367346938778,0.2,0.2,-0.5714285714285714,-0.7254078116343488,0.007517700957934196
2024-07-28,CPI-24JUL,2024-08-14,55,0.1642857142857143,0.2,0.2,-0.5384615384615384,-0.6326098216409033,0.007397959183673471
2024-07-29,CPI-24JUL,2024-08-14,3119,0.163265306122449,0.2,0.2,-0.5294117647058822,-0.7181267169295023,0.007630154102457312
2024-07-30,CPI-24JUL,2024-08-14,1388,0.16938775510204082,0.2,0.2,-0.4838709677419353,-0.5486771010124873,0.007430237401082884
2024-07-31,CPI-24JUL,2024-08-14,2040,0.163265306122449,0.2,0.2,-0.5454545454545455,-0.6566212247911274,0.00742607246980425
2024-08-01,CPI-24JUL,2024-08-14,2600,0.1642857142857143,0.2,0.2,-0.5737704918032785,-0.49259621183867086,0.00698979591836735
2024-08-02,CPI-24JUL,2024-08-14,1,0.15306122448979592,0.15000000000000002,0.1,-0.6388888888888887,-0.6686124766729682,0.007184506455643485
2024-08-03,CPI-24JUL,2024-08-14,0,0.15306122448979592,0.15000000000000002,0.1,-0.6388888888888887,-0.6686124766729682,0.007184506455643485
2024-08-04,CPI-24JUL,2024-08-14,0,0.15306122448979592,0.15000000000000002,0.1,-0.6388888888888887,-0.6686124766729682,0.007184506455643485
2024-08-05,CPI-24JUL,2024-08-14,1833,0.1663265306122449,0.2,0.2,-0.559322033898305,-0.42196426053312974,0.0069273219491878405
2024-08-06,CPI-24JUL,2024-08-14,2125,0.15510204081632656,0.2,0.2,-0.6285714285714284,-0.7100701298461871,0.007576009995835071
2024-08-07,CPI-24JUL,2024-08-14,716,0.16224489795918368,0.2,0.2,-0.5873015873015871,-0.5720013958961792,0.007452103290295713
2024-08-08,CPI-24JUL,2024-08-14,3636,0.16836734693877553,0.2,0.2,-0.5081967213114752,-0.5136926718871342,0.007060599750104125
2024-08-09,CPI-24JUL,2024-08-14,2061,0.17346938775510207,0.2,0.2,-0.46428571428571425,-0.44306622270000906,0.006030820491461892
2024-08-10,CPI-24JUL,2024-08-14,1632,0.17142857142857143,0.2,0.2,-0.482758620689655,-0.4368087890625003,0.006530612244897962
2024-08-11,CPI-24JUL,2024-08-14,1210,0.17448979591836736,0.2,0.2,-0.4545454545454545,-0.23774433151094776,0.006798209079550189
2024-08-12,CPI-24AUG,2024-09-11,1100,0.17142857142857143,0.2,0.2,-0.9999999999999997,-1.1378099999999993,0.0020408163265306124
2024-08-12,CPI-24JUL,2024-08-14,2860,0.17551020408163265,0.2,0.2,-0.3999999999999999,-0.5386989151915897,0.006951270304039986
2024-08-13,CPI-24AUG,2024-09-11,0,0.17142857142857143,0.2,0.2,-0.9999999999999997,-1.1378099999999993,0.0020408163265306124
2024-08-13,CPI-24JUL,2024-08-14,1196,0.1816326530612245,0.2,0.2,-0.32142857142857134,-0.3893711171969074,0.006601416076634738
2024-08-14,CPI-24AUG,2024-09-11,1200,0.17040816326530614,0.2,0.2,-0.9999999999999998,-1.2362118440779604,0.00208350687213661
2024-08-14,CPI-24JUL,2024-08-14,2301,0.17040816326530614,0.2,0.2,-0.568627450980392,-0.1699601167413296,0.0053488129945855915
2024-08-15,CPI-24AUG,2024-09-11,0,0.17040816326530614,0.2,0.2,-0.9999999999999998,-1.2362118440779604,0.00208350687213661
2024-08-16,CPI-24AUG,2024-09-11,0,0.17040816326530614,0.2,0.2,-0.9999999999999998,-1.2362118440779604,0.00208350687213661
2024-08-17,CPI-24AUG,2024-09-11,0,0.17040816326530614,0.2,0.2,-0.9999999999999998,-1.2362118440779604,0.00208350687213661
2024-08-18,CPI-24AUG,2024-09-11,0,0.17040816326530614,0.2,0.2,-0.9999999999999998,-1.2362118440779604,0.00208350687213661
2024-08-19,CPI-24AUG,2024-09-11,157,0.1795918367346939,0.2,0.2,-0.5263157894736841,-0.4402829973021931,0.003461057892544774
2024-08-20,CPI-24AUG,2024-09-11,287,0.18265306122448982,0.2,0.2,-0.4146341463414634,-0.5892421254600988,0.0038827571845064563
2024-08-21,CPI-24AUG,2024-09-11,0,0.18265306122448982,0.2,0.2,-0.4146341463414634,-0.5892421254600988,0.0038827571845064563
2024-08-22,CPI-24AUG,2024-09-11,20,0.18367346938775514,0.2,0.2,-0.38095238095238065,-0.6436753071491856,0.004019158683881717
2024-08-23,CPI-24AUG,2024-09-11,18,0.18367346938775514,0.2,0.2,-0.38095238095238065,-0.6436753071491856,0.004019158683881717
2024-08-24,CPI-24AUG,2024-09-11,27,0.18367346938775514,0.2,0.2,-0.38095238095238065,-0.6436753071491856,0.004019158683881717
2024-08-25,CPI-24AUG,2024-09-11,59,0.18367346938775514,0.2,0.2,-0.38095238095238065,-0.6436753071491856,0.004019158683881717
2024-08-26,CPI-24AUG,2024-09-11,300,0.17959183673469392,0.2,0.2,-0.434782608695652,0.04765349999899815,0.0050937109537692645
2024-08-27,CPI-24AUG,2024-09-11,36,0.19183673469387758,0.2,0.2,-0.13793103448275837,-0.6117715465544853,0.00666805497709288
2024-08-28,CPI-24AUG,2024-09-11,200,0.1816326530612245,0.2,0.1,-0.2647058823529411,-1.0334938503026994,0.007417742607246983
2024-08-29,CPI-24AUG,2024-09-11,5989,0.16938775510204082,0.2,0.1,-0.4411764705882351,4.1346143960180575,0.009062890462307375
2024-08-30,CPI-24AUG,2024-09-11,190,0.16938775510204082,0.2,0.1,-0.4411764705882351,4.1346143960180575,0.009062890462307375
2024-08-31,CPI-24AUG,2024-09-11,111,0.17346938775510207,0.2,0.1,-0.36111111111111105,3.12164982604211,0.009704289879216996
2024-09-01,CPI-24AUG,2024-09-11,4,0.16938775510204082,0.2,0.1,-0.4411764705882351,4.1346143960180575,0.009062890462307375
2024-09-02,CPI-24AUG,2024-09-11,173,0.18979591836734694,0.2,0.2,-0.16129032258064488,2.883492103599499,0.009283631820074972
2024-09-03,CPI-24AUG,2024-09-11,270,0.1663265306122449,0.2,0.1,-0.4647887323943662,4.161883476921409,0.009172219908371514
2024-09-04,CPI-24AUG,2024-09-11,240,0.1663265306122449,0.2,0.1,-0.4647887323943662,4.161883476921409,0.009172219908371514
2024-09-05,CPI-24AUG,2024-09-11,1148,0.17551020408163265,0.2,0.1,-0.3243243243243241,2.7002025390987265,0.010012494793835904
2024-09-06,CPI-24AUG,2024-09-11,799,0.1673469387755102,0.2,0.1,-0.45714285714285713,4.1489041741004105,0.009137859225322785
2024-09-07,CPI-24AUG,2024-09-11,92,0.18979591836734694,0.2,0.2,-0.16129032258064488,2.883492103599499,0.009283631820074972
2024-09-08,CPI-24AUG,2024-09-11,94,0.18979591836734694,0.2,0.2,-0.16129032258064488,2.883492103599499,0.009283631820074972
2024-09-09,CPI-24AUG,2024-09-11,1766,0.16938775510204085,0.2,0.2,-0.4545454545454544,4.427305130888177,0.008858808829654313
2024-09-10,CPI-24AUG,2024-09-11,7139,0.17142857142857143,0.2,0.2,-0.3999999999999999,2.741554671280274,0.010408163265306126
2024-09-10,CPI-24SEP,2024-10-10,2200,0.05204081632653062,0.1,0.1,-1,-2.0133578222778477,0.0024958350687213663
2024-09-11,CPI-24AUG,2024-09-11,925,0.1785714285714286,0.2,0.2,-0.3333333333333332,3.6923288997414545,0.009030612244897963
2024-09-11,CPI-24SEP,2024-10-10,65,0.06938775510204082,0.1,0,-0.46875000000000006,-1.0607235558027077,0.005593502707205331
2024-09-12,CPI-24SEP,2024-10-10,845,0.07244897959183674,0.1,0,-0.41538461538461546,-0.7073563512925185,0.006077675968346523
2024-09-13,CPI-24SEP,2024-10-10,22,0.06122448979591837,0,0,1,-0.5021822080332985,0.006455643481882549
2024-09-14,CPI-24SEP,2024-10-10,1778,0.07040816326530613,0,0,1,0.9457205094799983,0.008410037484381511
2024-09-15,CPI-24SEP,2024-10-10,0,0.07040816326530613,0,0,1,0.9457205094799983,0.008410037484381511
2024-09-16,CPI-24SEP,2024-10-10,0,0.07040816326530613,0,0,1,0.9457205094799983,0.008410037484381511
2024-09-17,CPI-24SEP,2024-10-10,0,0.07040816326530613,0,0,1,0.9457205094799983,0.008410037484381511
2024-09-18,CPI-24SEP,2024-10-10,12,0.07040816326530613,0,0,1,0.9457205094799983,0.008410037484381511
2024-09-19,CPI-24SEP,2024-10-10,160,0.06938775510204082,0,0,1,0.9828641547956538,0.008042482299042067
2024-09-20,CPI-24SEP,2024-10-10,219,0.06428571428571428,0,0,0.9999999999999998,2.329075775865954,0.0076020408163265316
2024-09-21,CPI-24SEP,2024-10-10,10,0.09183673469387756,0.1,0.1,-0.18181818181818177,2.7107043049671855,0.006055810079133695
2024-09-22,CPI-24SEP,2024-10-10,0,0.09183673469387756,0.1,0.1,-0.18181818181818177,2.7107043049671855,0.006055810079133695
2024-09-23,CPI-24SEP,2024-10-10,1520,0.09489795918367347,0.1,0.1,-0.10638297872340421,2.0253792662593906,0.006402540608079968
2024-09-24,CPI-24SEP,2024-10-10,800,0.07448979591836735,0.1,0,-0.3731343283582089,1.5113651384219882,0.007818617242815495
2024-09-25,CPI-24SEP,2024-10-10,1018,0.10408163265306122,0.1,0.1,0.07407407407407417,0.8054152584729546,0.007126197417742609
2024-09-26,CPI-24SEP,2024-10-10,26,0.08775510204081632,0.1,0,-0.1764705882352941,0.361183181182148,0.008217409412744691
2024-09-27,CPI-24SEP,2024-10-10,10,0.08061224489795919,0.1,0.1,-0.31147540983606553,1.418902373420809,0.007277176176593087
2024-09-28,CPI-24SEP,2024-10-10,2501,0.07448979591836735,0.1,0.1,-0.4545454545454545,2.8333291094794406,0.006390045814244067
2024-09-29,CPI-24SEP,2024-10-10,0,0.07448979591836735,0.1,0.1,-0.4545454545454545,2.8333291094794406,0.006390045814244067
2024-09-30,CPI-24SEP,2024-10-10,0,0.07448979591836735,0.1,0.1,-0.4545454545454545,2.8333291094794406,0.006390045814244067
2024-10-01,CPI-24SEP,2024-10-10,0,0.07448979591836735,0.1,0.1,-0.4545454545454545,2.8333291094794406,0.006390045814244067
2024-10-02,CPI-24SEP,2024-10-10,1595,0.07551020408163267,0.1,0,-0.3636363636363635,1.3922487066748825,0.007563515201999169
2024-10-03,CPI-24SEP,2024-10-10,4606,0.07551020408163267,0.1,0,-0.33333333333333326,1.0799362884002974,0.008583923365264477
2024-10-04,CPI-24SEP,2024-10-10,0,0.07551020408163267,0.1,0,-0.33333333333333326,1.0799362884002974,0.008583923365264477
2024-10-05,CPI-24SEP,2024-10-10,579,0.08469387755102041,0.1,0.1,-0.2631578947368421,1.3836295584010347,0.006806538942107456
2024-10-06,CPI-24SEP,2024-10-10,89,0.08979591836734693,0.1,0.1,-0.16129032258064516,0.6005445717535269,0.007446897126197419
2024-10-07,CPI-24SEP,2024-10-10,781,0.08367346938775509,0.1,0,-0.23529411764705896,0.48932750310447126,0.007896709704289882
2024-10-08,CPI-24SEP,2024-10-10,7484,0.08979591836734695,0.1,0.1,-0.1923076923076922,1.5774350939097763,0.0064264889629321136
2024-10-09,CPI-24SEP,2024-10-10,5554,0.10102040816326531,0.1,0.1,0.017543859649122775,-0.18418988795089808,0.007039775093710955
2024-10-10,CPI-24SEP,2024-10-10,713,0.1,0.1,0.1,5.862168987783692e-17,-0.21651600000000037,0.007142857142857145
2024-10-14,CPI-24OCT,2024-11-13,0,0.17346938775510207,0.2,0.1,-0.4062500000000002,-1.1742261647628423,0.005826738858808831
2024-10-15,CPI-24OCT,2024-11-13,0,0.17346938775510207,0.2,0.1,-0.4062500000000002,-1.1742261647628423,0.005826738858808831
2024-10-16,CPI-24OCT,2024-11-13,16,0.17551020408163265,0.2,0.1,-0.36363636363636365,-1.267978161281893,0.006134943773427739
2024-10-17,CPI-24OCT,2024-11-13,6718,0.21836734693877552,0.2,0.2,0.25,-0.9915547389367636,0.008438150770512288
2024-10-18,CPI-24OCT,2024-11-13,20,0.22959183673469388,0.25,0.30000000000000004,0.3493975903614457,-1.2103047899273096,0.009022282382340693
2024-10-19,CPI-24OCT,2024-11-13,0,0.22959183673469388,0.25,0.30000000000000004,0.3493975903614457,-1.2103047899273096,0.009022282382340693
2024-10-20,CPI-24OCT,2024-11-13,0,0.22959183673469388,0.25,0.30000000000000004,0.3493975903614457,-1.2103047899273096,0.009022282382340693
2024-10-21,CPI-24OCT,2024-11-13,0,0.22959183673469388,0.25,0.30000000000000004,0.3493975903614457,-1.2103047899273096,0.009022282382340693
2024-10-22,CPI-24OCT,2024-11-13,5,0.2795918367346939,0.30000000000000004,0.30000000000000004,-0.588235294117647,-0.24655579529824712,0.0030528946272386517
2024-10-23,CPI-24OCT,2024-11-13,0,0.2795918367346939,0.30000000000000004,0.30000000000000004,-0.588235294117647,-0.24655579529824712,0.0030528946272386517
2024-10-24,CPI-24OCT,2024-11-13,302,0.27040816326530615,0.30000000000000004,0.30000000000000004,-0.6744186046511625,0.40077928031199583,0.006777384423157019
2024-10-25,CPI-24OCT,2024-11-13,0,0.27040816326530615,0.30000000000000004,0.30000000000000004,-0.6744186046511625,0.40077928031199583,0.006777384423157019
2024-10-26,CPI-24OCT,2024-11-13,0,0.27040816326530615,0.30000000000000004,0.30000000000000004,-0.6744186046511625,0.40077928031199583,0.006777384423157019
2024-10-27,CPI-24OCT,2024-11-13,0,0.27040816326530615,0.30000000000000004,0.30000000000000004,-0.6744186046511625,0.40077928031199583,0.006777384423157019
2024-10-28,CPI-24OCT,2024-11-13,0,0.27040816326530615,0.30000000000000004,0.30000000000000004,-0.6744186046511625,0.40077928031199583,0.006777384423157019
2024-10-29,CPI-24OCT,2024-11-13,0,0.27040816326530615,0.30000000000000004,0.30000000000000004,-0.6744186046511625,0.40077928031199583,0.006777384423157019
2024-10-30,CPI-24OCT,2024-11-13,0,0.27040816326530615,0.30000000000000004,0.30000000000000004,-0.6744186046511625,0.40077928031199583,0.006777384423157019
2024-10-31,CPI-24OCT,2024-11-13,0,0.27040816326530615,0.30000000000000004,0.30000000000000004,-0.6744186046511625,0.40077928031199583,0.006777384423157019
2024-11-01,CPI-24OCT,2024-11-13,0,0.27040816326530615,0.30000000000000004,0.30000000000000004,-0.6744186046511625,0.40077928031199583,0.006777384423157019
2024-11-02,CPI-24OCT,2024-11-13,0,0.27040816326530615,0.30000000000000004,0.30000000000000004,-0.6744186046511625,0.40077928031199583,0.006777384423157019
2024-11-03,CPI-24OCT,2024-11-13,0,0.27040816326530615,0.30000000000000004,0.30000000000000004,-0.6744186046511625,0.40077928031199583,0.006777384423157019
2024-11-04,CPI-24OCT,2024-11-13,8,0.27040816326530615,0.30000000000000004,0.30000000000000004,-0.6744186046511625,0.40077928031199583,0.006777384423157019
2024-11-05,CPI-24OCT,2024-11-13,0,0.27040816326530615,0.30000000000000004,0.30000000000000004,-0.6744186046511625,0.40077928031199583,0.006777384423157019
2024-11-06,CPI-24OCT,2024-11-13,0,0.27040816326530615,0.30000000000000004,0.30000000000000004,-0.6744186046511625,0.40077928031199583,0.006777384423157019
2024-11-07,CPI-24OCT,2024-11-13,0,0.27040816326530615,0.30000000000000004,0.30000000000000004,-0.6744186046511625,0.40077928031199583,0.006777384423157019
2024-11-08,CPI-24OCT,2024-11-13,16,0.27040816326530615,0.30000000000000004,0.30000000000000004,-0.6744186046511624,0.40077928031199495,0.00677738442315702
2024-11-09,CPI-24OCT,2024-11-13,0,0.27040816326530615,0.30000000000000004,0.30000000000000004,-0.6744186046511624,0.40077928031199495,0.00677738442315702
2024-11-10,CPI-24OCT,2024-11-13,0,0.27040816326530615,0.30000000000000004,0.30000000000000004,-0.6744186046511624,0.40077928031199495,0.00677738442315702
2024-11-11,CPI-24OCT,2024-11-13,0,0.27040816326530615,0.30000000000000004,0.30000000000000004,-0.6744186046511624,0.40077928031199495,0.00677738442315702
2024-11-11,KXCPI-24NOV,2024-12-11,680,0.339795918367347,0.30000000000000004,0.30000000000000004,1.0000000000000002,0.561470565221502,0.0044366930445647644
2024-11-12,CPI-24OCT,2024-11-13,0,0.27040816326530615,0.30000000000000004,0.30000000000000004,-0.6744186046511624,0.40077928031199495,0.00677738442315702
2024-11-12,KXCPI-24NOV,2024-12-11,18,0.27755102040816326,0.25,0.2,0.7599999999999999,-0.9125929699200941,0.01418992086630571
2024-11-13,CPI-24OCT,2024-11-13,2142,0.23163265306122452,0.2,0.2,0.4626865671641793,-0.7578383935615642,0.007264681382757187
2024-11-13,KXCPI-24NOV,2024-12-11,380,0.28469387755102044,0.30000000000000004,0.30000000000000004,-0.26315789473684187,0.5738845634497611,0.010071845064556434
2024-11-14,KXCPI-24NOV,2024-12-11,0,0.28469387755102044,0.30000000000000004,0.30000000000000004,-0.26315789473684187,0.5738845634497611,0.010071845064556434
2024-11-15,KXCPI-24NOV,2024-12-11,171,0.2326530612244898,0.2,0.2,0.3265306122448982,-0.11305695854266773,0.017709287796751353
2024-11-16,KXCPI-24NOV,2024-12-11,188,0.2602040816326531,0.2,0.2,0.7468354430379744,0.5094879733600646,0.010763223656809665
2024-11-17,KXCPI-24NOV,2024-12-11,398,0.2612244897959184,0.25,0.2,-0.4750000000000002,0.4903989534133535,0.010741357767596837
2024-11-18,KXCPI-24NOV,2024-12-11,713,0.2571428571428572,0.2,0.2,0.7567567567567568,1.0302359999999986,0.011224489795918368
2024-11-19,KXCPI-24NOV,2024-12-11,1046,0.2561224489795919,0.2,0.2,0.7333333333333335,0.9475943267591891,0.011442107455226991
2024-11-20,KXCPI-24NOV,2024-12-11,275,0.25,0.2,0.2,0.6901408450704225,0.9791039549207667,0.011683673469387756
2024-11-21,KXCPI-24NOV,2024-12-11,261,0.2551020408163266,0.2,0.2,0.7105263157894737,0.8684902606466003,0.011657642648896295
2024-11-22,KXCPI-24NOV,2024-12-11,601,0.2540816326530613,0.2,0.2,0.7066666666666667,1.5511043174595933,0.010850687213660979
2024-11-23,KXCPI-24NOV,2024-12-11,364,0.25,0.2,0.2,0.6901408450704225,2.2184030328016693,0.01005102040816327
2024-11-24,KXCPI-24NOV,2024-12-11,526,0.2448979591836735,0.2,0.2,0.666666666666667,2.3862334247898005,0.010024989587671809
2024-11-25,KXCPI-24NOV,2024-12-11,7,0.2510204081632653,0.2,0.2,0.6944444444444443,2.1945308921371307,0.01004997917534361
2024-11-26,KXCPI-24NOV,2024-12-11,1373,0.25612244897959185,0.2,0.2,0.7534246575342465,1.7810180994613072,0.010421699291961689
2024-11-27,KXCPI-24NOV,2024-12-11,221,0.2571428571428572,0.2,0.2,0.7567567567567568,1.7693678200692036,0.010408163265306128
2024-11-28,KXCPI-24NOV,2024-12-11,136,0.2571428571428572,0.2,0.2,0.7567567567567568,1.7693678200692036,0.010408163265306128
2024-11-29,KXCPI-24NOV,2024-12-11,162,0.25204081632653064,0.2,0.2,0.7391304347826086,1.8558661619389163,0.010455018742190758
2024-11-30,KXCPI-24NOV,2024-12-11,40,0.2571428571428572,0.2,0.2,0.7567567567567568,1.7693678200692036,0.010408163265306128
2024-12-01,KXCPI-24NOV,2024-12-11,23,0.25204081632653064,0.2,0.2,0.7391304347826086,1.8558661619389163,0.010455018742190758
2024-12-02,KXCPI-24NOV,2024-12-11,9419,0.2683673469387755,0.30000000000000004,0.2,-0.4025974025974028,1.3774894299852658,0.010734069137859228
2024-12-03,KXCPI-24NOV,2024-12-11,241,0.26428571428571435,0.30000000000000004,0.2,-0.49295774647887336,0.33536399999999844,0.00841836734693878
2024-12-04,KXCPI-24NOV,2024-12-11,3757,0.2755102040816327,0.30000000000000004,0.30000000000000004,-0.3636363636363638,0.551424181461071,0.008583923365264477
2024-12-05,KXCPI-24NOV,2024-12-11,4875,0.2724489795918368,0.30000000000000004,0.30000000000000004,-0.40298507462686556,0.491393815254614,0.00852665556018326
2024-12-06,KXCPI-24NOV,2024-12-11,3896,0.27142857142857146,0.30000000000000004,0.30000000000000004,-0.451612903225807,0.841141420118344,0.00795918367346939
2024-12-07,KXCPI-24NOV,2024-12-11,183,0.27142857142857146,0.30000000000000004,0.30000000000000004,-0.451612903225807,0.841141420118344,0.00795918367346939
2024-12-08,KXCPI-24NOV,2024-12-11,2598,0.2683673469387755,0.30000000000000004,0.30000000000000004,-0.47692307692307706,0.6508752544052951,0.008081007913369432
2024-12-09,KXCPI-24NOV,2024-12-11,11996,0.27040816326530615,0.30000000000000004,0.30000000000000004,-0.4603174603174605,0.8429676535867681,0.007797792586422326
2024-12-10,KXCPI-24NOV,2024-12-11,6172,0.2918367346938776,0.30000000000000004,0.30000000000000004,-0.16666666666666635,-0.1765776747417962,0.005443565181174512
2024-12-11,KXCPI-24NOV,2024-12-11,9528,0.2989795918367347,0.30000000000000004,0.30000000000000004,-0.01960784313725513,-0.27154894700522325,0.005815285297792589
2024-12-16,KXCPI-24DEC,2025-01-15,0,0.29591836734693877,0.30000000000000004,0.30000000000000004,-0.9999999999999983,19.09395638297873,3.9150354019158685e-4
2024-12-17,KXCPI-24DEC,2025-01-15,0,0.29591836734693877,0.30000000000000004,0.30000000000000004,-0.9999999999999983,19.09395638297873,3.9150354019158685e-4
2024-12-18,KXCPI-24DEC,2025-01-15,1900,0.33673469387755106,0.30000000000000004,0.30000000000000004,0.8181818181818178,-0.8324866695044641,0.003140358184089964
2024-12-19,KXCPI-24DEC,2025-01-15,1900,0.3938775510204082,0.30000000000000004,0.5,0.9200000000000002,-1.7763512776321777,0.011187005414410662
2024-12-20,KXCPI-24DEC,2025-01-15,1707,0.4224489795918368,0.4,0.4,0.3793103448275861,0.47790947231834124,0.006230737192836319
2024-12-21,KXCPI-24DEC,2025-01-15,247,0.4224489795918368,0.4,0.4,0.3793103448275861,0.47790947231834124,0.006230737192836319
2024-12-22,KXCPI-24DEC,2025-01-15,0,0.4224489795918368,0.4,0.4,0.3793103448275861,0.47790947231834124,0.006230737192836319
2024-12-23,KXCPI-24DEC,2025-01-15,1399,0.42448979591836744,0.4,0.4,0.47999999999999926,1.4481053769817107,0.005318617242815493
2024-12-24,KXCPI-24DEC,2025-01-15,0,0.42448979591836744,0.4,0.4,0.47999999999999926,1.4481053769817107,0.005318617242815493
2024-12-25,KXCPI-24DEC,2025-01-15,0,0.42448979591836744,0.4,0.4,0.47999999999999926,1.4481053769817107,0.005318617242815493
2024-12-26,KXCPI-24DEC,2025-01-15,0,0.42448979591836744,0.4,0.4,0.47999999999999926,1.4481053769817107,0.005318617242815493
2024-12-27,KXCPI-24DEC,2025-01-15,0,0.42448979591836744,0.4,0.4,0.47999999999999926,1.4481053769817107,0.005318617242815493
2024-12-28,KXCPI-24DEC,2025-01-15,2738,0.4102040816326531,0.4,0.4,0.27777777777777807,2.2220476221783914,0.004385672636401499
2024-12-29,KXCPI-24DEC,2025-01-15,0,0.4102040816326531,0.4,0.4,0.27777777777777807,2.2220476221783914,0.004385672636401499
2024-12-30,KXCPI-24DEC,2025-01-15,327,0.39489795918367354,0.4,0.4,-0.0980392156862746,-0.16102775321304863,0.005994377342773844
2024-12-31,KXCPI-24DEC,2025-01-15,1591,0.39591836734693886,0.4,0.4,-0.07692307692307679,-0.209327467805966,0.0061057892544773016
2025-01-01,KXCPI-24DEC,2025-01-15,21,0.39693877551020407,0.4,0.4,-0.06382978723404331,0.1859215443388491,0.005602873802582258
2025-01-02,KXCPI-24DEC,2025-01-15,449,0.3938775510204082,0.4,0.4,-0.12000000000000033,-0.1096079482621648,0.0058808829654310715
2025-01-03,KXCPI-24DEC,2025-01-15,864,0.3867346938775511,0.4,0.4,-0.2363636363636362,-0.4948767640371856,0.006252603082049148
2025-01-04,KXCPI-24DEC,2025-01-15,450,0.3816326530612245,0.4,0.4,-0.32142857142857134,-0.5552327771870891,0.006193252811328614
2025-01-05,KXCPI-24DEC,2025-01-15,171,0.3806122448979592,0.4,0.4,-0.3333333333333335,-0.6011848176561916,0.00625676801332778
2025-01-06,KXCPI-24DEC,2025-01-15,856,0.3806122448979592,0.4,0.4,-0.3333333333333335,-0.4448125899886608,0.006664931278633902
2025-01-07,KXCPI-24DEC,2025-01-15,1247,0.3755102040816327,0.4,0.4,-0.4285714285714288,-0.39574398070524053,0.006339025406080799
2025-01-08,KXCPI-24DEC,2025-01-15,1905,0.38877551020408163,0.4,0.4,-0.20000000000000043,-0.2703221787530823,0.006710745522698875
2025-01-09,KXCPI-24DEC,2025-01-15,416,0.38877551020408163,0.4,0.4,-0.20000000000000043,-0.2703221787530823,0.006710745522698875
2025-01-10,KXCPI-24DEC,2025-01-15,1610,0.39591836734693886,0.4,0.4,-0.06666666666666657,-0.4279791562499984,0.007330279050395668
2025-01-11,KXCPI-24DEC,2025-01-15,33,0.39591836734693886,0.4,0.4,-0.06666666666666657,-0.4279791562499984,0.007330279050395668
2025-01-12,KXCPI-24DEC,2025-01-15,70,0.3928571428571429,0.4,0.4,-0.11111111111111159,-0.6291036214584924,0.00760204081632653
2025-01-13,KXCPI-24DEC,2025-01-15,2317,0.3816326530612245,0.4,0.4,-0.31034482758620685,-0.4916683902656067,0.006805497709287797
2025-01-13,KXCPI-25JAN,2025-02-12,0,0.28775510204081634,0.30000000000000004,0.30000000000000004,-0.24000000000000016,-1.0198675981328706,0.004952103290295712
2025-01-14,KXCPI-24DEC,2025-01-15,1753,0.3867346938775511,0.4,0.4,-0.2765957446808509,0.01465320208221721,0.005436276551436902
2025-01-14,KXCPI-25JAN,2025-02-12,0,0.28775510204081634,0.30000000000000004,0.30000000000000004,-0.24000000000000016,-1.0198675981328706,0.004952103290295712
2025-01-15,KXCPI-24DEC,2025-01-15,9535,0.37857142857142867,0.4,0.4,-0.42857142857142816,-0.15944351020408076,0.005357142857142857
2025-01-15,KXCPI-25JAN,2025-02-12,55,0.2306122448979592,0.2,0.1,0.32608695652173914,-1.340541116622534,0.012328196584756354
2025-01-16,KXCPI-25JAN,2025-02-12,340,0.23877551020408164,0.2,0.2,0.487179487179487,-1.0682158193321232,0.010333194502290715
2025-01-17,KXCPI-25JAN,2025-02-12,473,0.24081632653061227,0.2,0.2,0.5263157894736843,-1.0230062780791378,0.009966680549770932
2025-01-18,KXCPI-25JAN,2025-02-12,250,0.26428571428571435,0.30000000000000004,0.4,-0.36842105263157876,-1.3707924851786573,0.012091836734693882
2025-01-19,KXCPI-25JAN,2025-02-12,25,0.26428571428571435,0.30000000000000004,0.4,-0.36842105263157876,-1.3707924851786573,0.012091836734693882
2025-01-20,KXCPI-25JAN,2025-02-12,206,0.2571428571428571,0.30000000000000004,0.4,-0.411764705882353,-1.2664519848771263,0.014081632653061227
2025-01-21,KXCPI-25JAN,2025-02-12,227,0.27142857142857146,0.30000000000000004,0.4,-0.3181818181818182,-0.8632637460499852,0.012040816326530616
2025-01-22,KXCPI-25JAN,2025-02-12,21,0.27040816326530615,0.30000000000000004,0.4,-0.3258426966292136,-0.8903377105635548,0.012083506872136614
2025-01-23,KXCPI-25JAN,2025-02-12,0,0.27040816326530615,0.30000000000000004,0.4,-0.3258426966292136,-0.8903377105635548,0.012083506872136614
2025-01-24,KXCPI-25JAN,2025-02-12,796,0.2857142857142858,0.30000000000000004,0.30000000000000004,-0.15909090909090912,-0.45001077504725995,0.014081632653061229
2025-01-25,KXCPI-25JAN,2025-02-12,0,0.2857142857142858,0.30000000000000004,0.30000000000000004,-0.15909090909090912,-0.45001077504725995,0.014081632653061229
2025-01-26,KXCPI-25JAN,2025-02-12,50,0.286734693877551,0.30000000000000004,0.30000000000000004,-0.1494252873563217,-0.40610758998013186,0.013803623490212415
2025-01-27,KXCPI-25JAN,2025-02-12,12348,0.31734693877551023,0.30000000000000004,0.30000000000000004,0.28813559322033877,1.3248055095548104,0.009597042898792171
2025-01-28,KXCPI-25JAN,2025-02-12,1605,0.3112244897959184,0.30000000000000004,0.30000000000000004,0.15942028985507237,0.5321124808389883,0.01058829654310704
2025-01-29,KXCPI-25JAN,2025-02-12,19,0.31836734693877555,0.30000000000000004,0.30000000000000004,0.2903225806451612,1.2019048813912017,0.009662640566430654
2025-01-30,KXCPI-25JAN,2025-02-12,1195,0.3142857142857143,0.30000000000000004,0.30000000000000004,0.21212121212121213,-0.40192499999999987,0.008979591836734696
2025-01-31,KXCPI-25JAN,2025-02-12,1724,0.30612244897959184,0.30000000000000004,0.30000000000000004,0.10344827586206878,0.09335633639999896,0.008329862557267807
2025-02-01,KXCPI-25JAN,2025-02-12,594,0.3102040816326531,0.30000000000000004,0.30000000000000004,0.2173913043478263,0.9296097348832326,0.007038733860891297
2025-02-02,KXCPI-25JAN,2025-02-12,1098,0.31122448979591844,0.30000000000000004,0.30000000000000004,0.2444444444444449,0.732118327272258,0.006506663890045815
2025-02-03,KXCPI-25JAN,2025-02-12,330,0.30408163265306126,0.30000000000000004,0.30000000000000004,0.07999999999999986,0.5497983075441635,0.007126197417742608
2025-02-04,KXCPI-25JAN,2025-02-12,0,0.30408163265306126,0.30000000000000004,0.30000000000000004,0.07999999999999986,0.5497983075441635,0.007126197417742608
2025-02-05,KXCPI-25JAN,2025-02-12,1,0.30612244897959184,0.30000000000000004,0.30000000000000004,0.12499999999999979,0.6403022283984572,0.006901291128696378
2025-02-06,KXCPI-25JAN,2025-02-12,47,0.3081632653061225,0.30000000000000004,0.30000000000000004,0.15999999999999973,0.4070170343251447,0.0070762182423990015
2025-02-07,KXCPI-25JAN,2025-02-12,10774,0.313265306122449,0.30000000000000004,0.30000000000000004,0.23636363636363666,-0.624430368376387,0.006048521449396086
2025-02-08,KXCPI-25JAN,2025-02-12,4647,0.32551020408163267,0.30000000000000004,0.30000000000000004,0.5555555555555556,-0.019326589654862225,0.004553311120366515
2025-02-09,KXCPI-25JAN,2025-02-12,2064,0.31938775510204087,0.30000000000000004,0.30000000000000004,0.3333333333333334,-0.7041698115227182,0.006052686380674721
2025-02-10,KXCPI-25FEB,2025-03-12,107,0.1673469387755102,0.2,0.2,-1,1.5632501787614164,0.004035818408996253
2025-02-10,KXCPI-25JAN,2025-02-12,6996,0.326530612244898,0.30000000000000004,0.30000000000000004,0.44827586206896564,0.8018370094503329,0.007051228654727198
2025-02-11,KXCPI-25FEB,2025-03-12,0,0.1673469387755102,0.2,0.2,-1,1.5632501787614164,0.004035818408996253
2025-02-11,KXCPI-25JAN,2025-02-12,26554,0.33571428571428574,0.30000000000000004,0.30000000000000004,0.5737704918032788,-0.5327304498269894,0.0078061224489795935
2025-02-12,KXCPI-25FEB,2025-03-12,1570,0.31938775510204087,0.30000000000000004,0.30000000000000004,0.16239316239316223,-0.4507467152315101,0.026869012911286974
2025-02-12,KXCPI-25JAN,2025-02-12,4277,0.3448979591836735,0.30000000000000004,0.30000000000000004,0.6875000000000001,0.8183047462301922,0.01084131611828405
2025-02-13,KXCPI-25FEB,2025-03-12,11115,0.3336734693877551,0.30000000000000004,0.30000000000000004,0.2682926829268292,-0.35649506343265047,0.026927321949187847
2025-02-14,KXCPI-25FEB,2025-03-12,1639,0.32551020408163267,0.30000000000000004,0.30000000000000004,0.2293577981651376,0.14515593165135243,0.02128800499791754
2025-02-15,KXCPI-25FEB,2025-03-12,3677,0.33367346938775516,0.30000000000000004,0.30000000000000004,0.34736842105263166,-0.17155490643671234,0.017131403581840905
2025-02-16,KXCPI-25FEB,2025-03-12,362,0.34285714285714286,0.30000000000000004,0.30000000000000004,0.4199999999999998,-0.21475925925925976,0.016530612244897963
2025-02-17,KXCPI-25FEB,2025-03-12,586,0.3448979591836735,0.30000000000000004,0.30000000000000004,0.43137254901960786,-0.24081683864125303,0.01737192836318201
2025-02-18,KXCPI-25FEB,2025-03-12,248,0.3510204081632653,0.30000000000000004,0.30000000000000004,0.47169811320754684,-0.4497772711202228,0.01821324448146606
2025-02-19,KXCPI-25FEB,2025-03-12,6544,0.32551020408163267,0.30000000000000004,0.30000000000000004,0.28089887640449435,-0.03327585210006223,0.01741045397750938
2025-02-20,KXCPI-25FEB,2025-03-12,245,0.3244897959183674,0.30000000000000004,0.30000000000000004,0.27272727272727254,0.03825927398071993,0.017155351936693052
2025-02-21,KXCPI-25FEB,2025-03-12,1701,0.33265306122448984,0.30000000000000004,0.30000000000000004,0.34042553191489355,-0.1392879160730094,0.01628071636817993
2025-02-22,KXCPI-25FEB,2025-03-12,35,0.32551020408163267,0.30000000000000004,0.30000000000000004,0.2475247524752475,-0.38717816345112865,0.01741045397750938
2025-02-23,KXCPI-25FEB,2025-03-12,67,0.33265306122448984,0.30000000000000004,0.30000000000000004,0.34042553191489355,-0.1556454198367727,0.016076634735526868
2025-02-24,KXCPI-25FEB,2025-03-12,648,0.33367346938775516,0.30000000000000004,0.30000000000000004,0.35483870967741915,-0.11458953564022112,0.015906913785922537
2025-02-25,KXCPI-25FEB,2025-03-12,1001,0.3204081632653062,0.30000000000000004,0.30000000000000004,0.217391304347826,-0.14019928005109472,0.0165222823823407
2025-02-26,KXCPI-25FEB,2025-03-12,4720,0.3275510204081633,0.30000000000000004,0.30000000000000004,0.35064935064935054,0.8364517584427271,0.013220533111203669
2025-02-27,KXCPI-25FEB,2025-03-12,1053,0.33571428571428574,0.30000000000000004,0.30000000000000004,0.3932584269662919,-0.17361350943396303,0.013520408163265309
2025-02-28,KXCPI-25FEB,2025-03-12,532,0.33673469387755106,0.30000000000000004,0.30000000000000004,0.409090909090909,-0.11273335595253009,0.013344439816743025
2025-03-01,KXCPI-25FEB,2025-03-12,247,0.3336734693877551,0.30000000000000004,0.30000000000000004,0.36263736263736246,-0.6223284259665007,0.0134579341940858
2025-03-02,KXCPI-25FEB,2025-03-12,1189,0.32959183673469394,0.30000000000000004,0.30000000000000004,0.30526315789473674,-0.7750873720505038,0.014124323198667223
2025-03-03,KXCPI-25FEB,2025-03-12,4774,0.3387755102040817,0.30000000000000004,0.30000000000000004,0.44186046511627924,-0.169274262275656,0.012986255726780513
2025-03-04,KXCPI-25FEB,2025-03-12,442,0.33571428571428574,0.30000000000000004,0.30000000000000004,0.45454545454545464,0.14114279196294932,0.012295918367346942
2025-03-05,KXCPI-25FEB,2025-03-12,8374,0.33061224489795926,0.30000000000000004,0.30000000000000004,0.37500000000000006,0.014510617718083818,0.012940441482715538
2025-03-06,KXCPI-25FEB,2025-03-12,635,0.33673469387755106,0.30000000000000004,0.30000000000000004,0.4390243902439024,-0.04494194360150283,0.012732194918783843
2025-03-07,KXCPI-25FEB,2025-03-12,1697,0.3275510204081633,0.30000000000000004,0.30000000000000004,0.380281690140845,0.7959609202706566,0.010975635152019996
2025-03-08,KXCPI-25FEB,2025-03-12,8857,0.313265306122449,0.30000000000000004,0.30000000000000004,0.23636363636363622,0.25511779701159387,0.007273011245314455
2025-03-09,KXCPI-25FEB,2025-03-12,1799,0.3224489795918368,0.30000000000000004,0.30000000000000004,0.3928571428571427,0.1427174071840911,0.006638900458142443
2025-03-10,KXCPI-25FEB,2025-03-12,1434,0.3153061224489796,0.30000000000000004,0.30000000000000004,0.2830188679245281,0.2522962186931412,0.006806538942107456
2025-03-11,KXCPI-25FEB,2025-03-12,2535,0.3091836734693878,0.30000000000000004,0.30000000000000004,0.15789473684210523,-0.08262953548613172,0.006956476468138278
2025-03-11,KXCPI-25MAR,2025-04-10,12444,0.16938775510204085,0.2,0,-0.2542372881355931,-1.3196913174895162,0.018450645564348195
2025-03-12,KXCPI-25FEB,2025-03-12,14857,0.3091836734693878,0.30000000000000004,0.30000000000000004,0.15789473684210523,-0.08262953548613172,0.006956476468138278
2025-03-12,KXCPI-25MAR,2025-04-10,998,0.15510204081632656,0.1,0.1,0.54,-0.8953766495240911,0.016351520199916706
2025-03-13,KXCPI-25MAR,2025-04-10,4436,0.17040816326530614,0.15000000000000002,0.1,0.5897435897435898,-1.1846291908830284,0.01881820074968764
2025-03-14,KXCPI-25MAR,2025-04-10,3665,0.15000000000000002,0.1,0,0.45794392523364486,-0.7708687003629495,0.01841836734693878
2025-03-15,KXCPI-25MAR,2025-04-10,2096,0.1469387755102041,0.1,0,0.4339622641509434,-0.7815589847780191,0.018817159516867975
2025-03-16,KXCPI-25MAR,2025-04-10,3284,0.14081632653061227,0.1,0,0.3703703703703704,-0.8283962326714907,0.018334027488546446
2025-03-17,KXCPI-25MAR,2025-04-10,229,0.13979591836734695,0.1,0,0.3644859813084113,-0.8264351209493843,0.01790608079966681
2025-03-18,KXCPI-25MAR,2025-04-10,1838,0.13673469387755102,0.1,0,0.33333333333333337,-0.8303959672546442,0.0182423990004165
2025-03-19,KXCPI-25MAR,2025-04-10,9191,0.1346938775510204,0.1,0,0.34693877551020413,-0.6105079821955388,0.017367763431903376
2025-03-20,KXCPI-25MAR,2025-04-10,193,0.11122448979591838,0.1,0,0.12941176470588242,-0.8458760973175816,0.011404623073719287
2025-03-21,KXCPI-25MAR,2025-04-10,21,0.11734693877551022,0.1,0,0.2000000000000001,-0.9151056713601213,0.011229695960016661
2025-03-22,KXCPI-25MAR,2025-04-10,5,0.11734693877551022,0.1,0,0.2000000000000001,-0.9151056713601213,0.011229695960016661
2025-03-23,KXCPI-25MAR,2025-04-10,787,0.11632653061224492,0.1,0,0.19047619047619058,-0.8769975627366895,0.011162015826738862
2025-03-24,KXCPI-25MAR,2025-04-10,162,0.10918367346938777,0.1,0,0.11688311688311696,-0.5401418751185725,0.010629945855893379
2025-03-25,KXCPI-25MAR,2025-04-10,1251,0.12040816326530614,0.1,0,0.22727272727272738,-1.018201628382067,0.01244064972927947
2025-03-26,KXCPI-25MAR,2025-04-10,2229,0.11734693877551022,0.1,0,0.1868131868131869,-1.059742594373772,0.012862349021241153
2025-03-27,KXCPI-25MAR,2025-04-10,21,0.12244897959183675,0.1,0,0.25581395348837216,-0.98600045849699125,0.012149104539775097
2025-03-28,KXCPI-25MAR,2025-04-10,45,0.12346938775510205,0.1,0,0.2643678160919541,-1.018028352640142,0.012204289879216996
2025-03-29,KXCPI-25MAR,2025-04-10,13,0.12040816326530614,0.1,0,0.22222222222222227,-1.0660203686200374,0.012644731361932534
2025-03-30,KXCPI-25MAR,2025-04-10,3400,0.11836734693877551,0.1,0,0.2142857142857143,-0.8935097891506416,0.01211162015826739
2025-03-31,KXCPI-25MAR,2025-04-10,242,0.10816326530612246,0.1,0.1,0.10810810810810809,-0.411915589643836,0.01013744273219492
2025-04-01,KXCPI-25MAR,2025-04-10,3785,0.12448979591836735,0.1,0.1,0.28571428571428575,-0.9580763572035456,0.012053311120366516
2025-04-02,KXCPI-25MAR,2025-04-10,8239,0.10816326530612246,0.1,0,0.09999999999999994,0.48149623114587525,0.012586422324031659
2025-04-03,KXCPI-25MAR,2025-04-10,220,0.1142857142857143,0.1,0.1,0.18918918918918912,0.6284677170035677,0.011836734693877552
2025-04-04,KXCPI-25MAR,2025-04-10,1261,0.10204081632653063,0.1,0.1,0.032258064516129115,-0.5966306352389452,0.007342773844231571
2025-04-05,KXCPI-25MAR,2025-04-10,333,0.0989795918367347,0.1,0,-0.014492753623188404,-0.8412379096445317,0.008060183256976262
2025-04-06,KXCPI-25MAR,2025-04-10,426,0.10306122448979593,0.1,0.1,0.04918032786885257,-0.5670640218858272,0.007235526863806748
2025-04-07,KXCPI-25MAR,2025-04-10,3191,0.12040816326530614,0.1,0.1,0.2564102564102564,0.2601871675623424,0.01223656809662641
2025-04-08,KXCPI-25MAR,2025-04-10,758,0.11938775510204083,0.1,0.1,0.25333333333333324,0.42100106444867524,0.0119710537276135
2025-04-09,KXCPI-25MAR,2025-04-10,97064,0.05612244897959184,0,0,1.0000000000000002,1.744167967791288,0.0053196584756351525
2025-04-10,KXCPI-25MAR,2025-04-10,3723,0.06224489795918368,0.05,0,1,1.2909650076351022,0.0054112869637650985
2025-04-13,KXCPI-25APR,2025-05-13,6138,0.2918367346938776,0.30000000000000004,0.30000000000000004,-0.08510638297872325,0.16563421086086638,0.01993336109954186
2025-04-14,KXCPI-25APR,2025-05-13,176971,0.2602040816326531,0.30000000000000004,0.30000000000000004,-0.48148148148148145,1.4627718035762936,0.01280403998334028
2025-04-15,KXCPI-25APR,2025-05-13,37982,0.27755102040816326,0.30000000000000004,0.30000000000000004,-0.23404255319148953,0.726051328195596,0.017863390254060817
2025-04-16,KXCPI-25APR,2025-05-13,44252,0.23775510204081637,0.2,0.2,0.3814432989690725,0.3242571667645935,0.017248021657642654
2025-04-17,KXCPI-25APR,2025-05-13,152728,0.2581632653061225,0.30000000000000004,0.2,-0.4141414141414141,-0.2982264384010671,0.015698667221990842
2025-04-18,KXCPI-25APR,2025-05-13,4271,0.26734693877551025,0.30000000000000004,0.30000000000000004,-0.2807017543859647,-0.22409794146200523,0.022199083715118712
2025-04-19,KXCPI-25APR,2025-05-13,4236,0.27755102040816326,0.30000000000000004,0.30000000000000004,-0.22448979591836746,0.24967154835488348,0.018067471886713878
2025-04-20,KXCPI-25APR,2025-05-13,2016,0.27040816326530615,0.30000000000000004,0.30000000000000004,-0.3186813186813189,-0.6152224133891684,0.01330799666805498
2025-04-21,KXCPI-25APR,2025-05-13,21771,0.2489795918367347,0.2,0.2,0.4363636363636363,-0.42093841523640263,0.01943773427738443
2025-04-22,KXCPI-25APR,2025-05-13,33201,0.2551020408163266,0.2,0.2,0.5000000000000001,-0.4316710143379505,0.019208663057059566
2025-04-23,KXCPI-25APR,2025-05-13,17283,0.25,0.2,0.2,0.4260869565217392,-0.19195207100591682,0.021887755102040822
2025-04-24,KXCPI-25APR,2025-05-13,7424,0.2561224489795919,0.30000000000000004,0.2,-0.3805309734513276,-0.28712376913059057,0.020625780924614753
2025-04-25,KXCPI-25APR,2025-05-13,15078,0.26326530612244903,0.30000000000000004,0.30000000000000004,-0.33333333333333326,-0.13168845009421037,0.020487296959600176
2025-04-26,KXCPI-25APR,2025-05-13,2244,0.26734693877551025,0.30000000000000004,0.30000000000000004,-0.31372549019607837,0.16662648292337368,0.018525614327363608
2025-04-27,KXCPI-25APR,2025-05-13,1403,0.2622448979591837,0.25,0.2,0.5398230088495576,-0.16996962450443132,0.02051332778009163
2025-04-28,KXCPI-25APR,2025-05-13,8393,0.2734693877551021,0.30000000000000004,0.30000000000000004,-0.2653061224489796,0.046109008252722905,0.01745939192003333
2025-04-29,KXCPI-25APR,2025-05-13,13831,0.28265306122448985,0.30000000000000004,0.30000000000000004,-0.17894736842105272,0.14100930715945248,0.018372553102873806
2025-04-30,KXCPI-25APR,2025-05-13,15839,0.2785714285714286,0.30000000000000004,0.2,-0.1858407079646018,-0.27033264664359846,0.021683673469387762
2025-05-01,KXCPI-25APR,2025-05-13,32876,0.266326530612245,0.30000000000000004,0.2,-0.3027522935779817,-0.15193572261525023,0.019784464806330705
2025-05-02,KXCPI-25APR,2025-05-13,44480,0.2734693877551021,0.30000000000000004,0.30000000000000004,-0.26000000000000006,0.1052324113321097,0.018683881715951693
2025-05-03,KXCPI-25APR,2025-05-13,2540,0.2612244897959184,0.30000000000000004,0.30000000000000004,-0.3454545454545456,-0.11394684818369205,0.021353602665556023
2025-05-04,KXCPI-25APR,2025-05-13,13541,0.2683673469387755,0.30000000000000004,0.30000000000000004,-0.2952380952380951,0.02390942575862054,0.019509579341940864
2025-05-05,KXCPI-25APR,2025-05-13,44899,0.27040816326530615,0.30000000000000004,0.30000000000000004,-0.2761904761904761,-0.12518267615190215,0.019022282382340695
2025-05-06,KXCPI-25APR,2025-05-13,33512,0.26734693877551025,0.30000000000000004,0.2,-0.2857142857142857,-0.16061105348200977,0.019954185755935036
2025-05-07,KXCPI-25APR,2025-05-13,68125,0.26530612244897966,0.30000000000000004,0.30000000000000004,-0.4722222222222221,-0.13945489747077433,0.01104123281965848
2025-05-08,KXCPI-25APR,2025-05-13,104219,0.26326530612244903,0.30000000000000004,0.30000000000000004,-0.3749999999999999,0.43789654564554015,0.016405664306538947
2025-05-09,KXCPI-25APR,2025-05-13,47668,0.25918367346938775,0.30000000000000004,0.30000000000000004,-0.4081632653061226,0.1168942356638536,0.017109537692628077
2025-05-10,KXCPI-25APR,2025-05-13,53413,0.2744897959183674,0.30000000000000004,0.30000000000000004,-0.33333333333333326,1.317001403757752,0.012104331528529784
2025-05-11,KXCPI-25APR,2025-05-13,19498,0.27040816326530615,0.30000000000000004,0.30000000000000004,-0.3670886075949369,1.1677571618462865,0.01310391503540192
2025-05-12,KXCPI-25APR,2025-05-13,109317,0.2693877551020408,0.30000000000000004,0.30000000000000004,-0.36585365853658536,0.7230170994618885,0.013348604748021662
2025-05-12,KXCPI-25MAY,2025-06-11,0,0.09081632653061225,0.1,0.1,-1,5.811111235955057,8.340274885464392e-4
2025-05-13,KXCPI-25APR,2025-05-13,84904,0.2806122448979592,0.30000000000000004,0.30000000000000004,-0.2753623188405798,0.40882053197604096,0.010338400666389008
2025-05-13,KXCPI-25MAY,2025-06-11,40248,0.22244897959183674,0.2,0.2,0.2075471698113209,0.039900119936091105,0.02153685964181591
2025-05-14,KXCPI-25MAY,2025-06-11,19285,0.21632653061224494,0.2,0.2,0.1509433962264152,0.18666180978762714,0.02136609745939193
2025-05-15,KXCPI-25MAY,2025-06-11,10779,0.21632653061224494,0.2,0.2,0.14814814814814836,0.11799803304940504,0.02116201582673887
2025-05-16,KXCPI-25MAY,2025-06-11,9131,0.21530612244897962,0.2,0.2,0.13761467889908272,0.1107194526632358,0.02170449812578093
2025-05-17,KXCPI-25MAY,2025-06-11,10166,0.21632653061224494,0.2,0.2,0.1509433962264152,0.2251922808657576,0.021162015826738868
2025-05-18,KXCPI-25MAY,2025-06-11,20286,0.20816326530612247,0.2,0.2,0.07843137254901973,-0.5217765833729153,0.018708871303623496
2025-05-19,KXCPI-25MAY,2025-06-11,33440,0.21734693877551023,0.2,0.2,0.17894736842105272,-0.24001946713383449,0.016739900041649314
2025-05-20,KXCPI-25MAY,2025-06-11,5582,0.2285714285714286,0.2,0.2,0.27450980392156893,0.6821592540833268,0.021836734693877563
2025-05-21,KXCPI-25MAY,2025-06-11,28126,0.21734693877551023,0.2,0.2,0.19101123595505629,-0.4264127432140783,0.014495002082465645
2025-05-22,KXCPI-25MAY,2025-06-11,20196,0.22448979591836737,0.2,0.2,0.25,0.7612610834682991,0.01960433152852979
2025-05-23,KXCPI-25MAY,2025-06-11,3004,0.21632653061224494,0.2,0.2,0.1818181818181818,0.31759580954279887,0.01565181174510621
2025-05-24,KXCPI-25MAY,2025-06-11,5498,0.2142857142857143,0.2,0.2,0.14583333333333348,0.7937188327032132,0.01877551020408164
2025-05-25,KXCPI-25MAY,2025-06-11,6783,0.21632653061224494,0.2,0.2,0.1777777777777779,1.1165838058098068,0.017488546438983767
2025-05-26,KXCPI-25MAY,2025-06-11,2144,0.21734693877551023,0.2,0.2,0.17894736842105272,0.7359919675997149,0.01837255310287381
2025-05-27,KXCPI-25MAY,2025-06-11,33190,0.20714285714285718,0.2,0.2,0.06796116504854383,0.6909609285233684,0.021275510204081645
2025-05-28,KXCPI-25MAY,2025-06-11,20749,0.2,0.2,0.2,1.4782860925715395e-16,1.5143072840790843,0.0189795918367347
2025-05-29,KXCPI-25MAY,2025-06-11,21675,0.18673469387755104,0.2,0.2,-0.146067415730337,0.2730784632589316,0.015028113286130781
2025-05-30,KXCPI-25MAY,2025-06-11,19457,0.1816326530612245,0.2,0.2,-0.20454545454545447,0.34859715301979266,0.015376926280716373
2025-05-31,KXCPI-25MAY,2025-06-11,15713,0.17755102040816328,0.2,0.2,-0.24999999999999992,0.21479615055261592,0.013985839233652646
2025-06-01,KXCPI-25MAY,2025-06-11,9280,0.18367346938775514,0.2,0.2,-0.19047619047619047,0.1698439698599099,0.013815077051228659
2025-06-02,KXCPI-25MAY,2025-06-11,40215,0.1816326530612245,0.2,0.2,-0.19565217391304354,1.5580886976157329,0.017417742607246985
2025-06-03,KXCPI-25MAY,2025-06-11,26320,0.1816326530612245,0.2,0.2,-0.2045454545454545,1.895376005658541,0.016601416076634738
2025-06-04,KXCPI-25MAY,2025-06-11,17331,0.17244897959183675,0.2,0.2,-0.3333333333333332,-0.190954191439217,0.011996043315285301
2025-06-05,KXCPI-25MAY,2025-06-11,10756,0.16938775510204082,0.2,0.2,-0.36585365853658536,-0.16359242480329073,0.011511870054144108
2025-06-06,KXCPI-25MAY,2025-06-11,79336,0.16224489795918368,0.2,0.2,-0.5211267605633801,-0.11286927144096381,0.008676593086214079
2025-06-07,KXCPI-25MAY,2025-06-11,28195,0.1612244897959184,0.2,0.2,-0.5428571428571425,-0.03010764965398005,0.008496459808413164
2025-06-08,KXCPI-25MAY,2025-06-11,36116,0.1642857142857143,0.2,0.2,-0.4929577464788731,2.0971816666237215,0.010051020408163268
2025-06-09,KXCPI-25MAY,2025-06-11,131369,0.15408163265306124,0.15000000000000002,0.1,0.791044776119403,0.019444377845148964,0.006360891295293629
2025-06-10,KXCPI-25MAY,2025-06-11,201068,0.15816326530612246,0.1,0.1,0.8028169014084506,1.20115774382547,0.007943565181174513
2025-06-11,KXCPI-25MAY,2025-06-11,106928,0.18775510204081636,0.2,0.2,-0.29999999999999977,0.827791389036451,0.004952103290295712
2025-06-15,KXCPI-25JUN,2025-07-15,15902,0.2724489795918368,0.2,0.2,0.651376146788991,0.019964673649883746,0.019751145356101632
2025-06-16,KXCPI-25JUN,2025-07-15,14619,0.2540816326530613,0.2,0.2,0.5578947368421054,0.9028274042854227,0.017993544356518124
2025-06-17,KXCPI-25JUN,2025-07-15,31920,0.2734693877551021,0.25,0.2,0.6666666666666666,1.4939805963367156,0.021949187838400674
2025-06-18,KXCPI-25JUN,2025-07-15,11545,0.2663265306122449,0.2,0.2,0.6842105263157895,0.7708856167237332,0.016723240316534785
2025-06-19,KXCPI-25JUN,2025-07-15,19296,0.2581632653061225,0.2,0.2,0.6867469879518071,0.1213495924604735,0.012229279466888798
2025-06-20,KXCPI-25JUN,2025-07-15,26748,0.27142857142857146,0.25,0.2,0.7291666666666667,0.6719920118343192,0.015918367346938782
2025-06-21,KXCPI-25JUN,2025-07-15,3886,0.26326530612244903,0.25,0.2,0.6326530612244897,0.6841454394939452,0.01681382757184507
2025-06-22,KXCPI-25JUN,2025-07-15,25844,0.2734693877551021,0.30000000000000004,0.30000000000000004,-0.32500000000000007,0.19575603259393226,0.011745106205747608
2025-06-23,KXCPI-25JUN,2025-07-15,19822,0.2561224489795919,0.2,0.2,0.5789473684210525,0.5817451083183802,0.016340066638900464
2025-06-24,KXCPI-25JUN,2025-07-15,17702,0.2755102040816327,0.30000000000000004,0.2,-0.20338983050847467,0.4295240101636941,0.02593086214077469
2025-06-25,KXCPI-25JUN,2025-07-15,33057,0.2622448979591837,0.30000000000000004,0.30000000000000004,-0.3978494623655914,0.5164534906095604,0.015207205331112042
2025-06-26,KXCPI-25JUN,2025-07-15,15346,0.25306122448979596,0.30000000000000004,0.30000000000000004,-0.47916666666666663,0.7569361566342288,0.016368179925031243
2025-06-27,KXCPI-25JUN,2025-07-15,29979,0.2540816326530613,0.30000000000000004,0.30000000000000004,-0.463917525773196,0.6610740248774181,0.016360891295293632
2025-06-28,KXCPI-25JUN,2025-07-15,9232,0.2469387755102041,0.2,0.2,0.5750000000000003,1.4445348459978353,0.01432736359850063
2025-06-29,KXCPI-25JUN,2025-07-15,10289,0.25510204081632654,0.2,0.2,0.5869565217391305,1.079138431660236,0.014718867138692217
2025-06-30,KXCPI-25JUN,2025-07-15,35159,0.23775510204081635,0.2,0.2,0.48051948051948057,-0.030328034030183026,0.010309246147438571
2025-07-01,KXCPI-25JUN,2025-07-15,39272,0.24387755102040817,0.2,0.2,0.5180722891566264,-0.15822446276190671,0.011850270720533114
2025-07-02,KXCPI-25JUN,2025-07-15,41842,0.24897959183673474,0.2,0.2,0.5454545454545456,0.6967009720254813,0.015152019991670143
2025-07-03,KXCPI-25JUN,2025-07-15,26997,0.2571428571428572,0.2,0.2,0.6511627906976745,0.8663204081632658,0.01285714285714286
2025-07-04,KXCPI-25JUN,2025-07-15,28679,0.2438775510204082,0.2,0.2,0.5058823529411767,0.9517250274059577,0.013891087047063726
2025-07-05,KXCPI-25JUN,2025-07-15,9849,0.2448979591836735,0.2,0.2,0.55,0.09596947107704468,0.010637234485630991
2025-07-06,KXCPI-25JUN,2025-07-15,6848,0.24285714285714288,0.2,0.2,0.5526315789473684,1.1070690993236036,0.010816326530612248
2025-07-07,KXCPI-25JUN,2025-07-15,90414,0.23163265306122452,0.2,0.2,0.37349397590361455,3.4157344379155212,0.0156320283215327
2025-07-08,KXCPI-25JUN,2025-07-15,73208,0.2418367346938776,0.2,0.2,0.5324675324675323,0.0027869881375490735,0.009576218242399005
2025-07-09,KXCPI-25JUN,2025-07-15,112402,0.23571428571428574,0.2,0.2,0.4216867469879519,0.9055944265927969,0.014540816326530617
2025-07-10,KXCPI-25JUN,2025-07-15,66457,0.23979591836734696,0.2,0.2,0.45882352941176496,0.45883885157906645,0.012804039983340279
2025-07-11,KXCPI-25JUN,2025-07-15,51252,0.2448979591836735,0.2,0.2,0.5945945945945946,0.8189364815981075,0.010637234485630991
2025-07-12,KXCPI-25JUN,2025-07-15,52479,0.2326530612244898,0.2,0.2,0.41025641025641024,0.8322948840616471,0.011790920449812581
2025-07-13,KXCPI-25JUL,2025-08-12,0,0.21836734693877555,0.2,0.2,0.18000000000000008,-0.9611163282731661,0.015989171178675557
2025-07-13,KXCPI-25JUN,2025-07-15,33583,0.2306122448979592,0.2,0.2,0.4545454545454549,0.5264909491410297,0.009062890462307375
2025-07-14,KXCPI-25JUL,2025-08-12,0,0.21836734693877555,0.2,0.2,0.18000000000000008,-0.9611163282731661,0.015989171178675557
2025-07-14,KXCPI-25JUN,2025-07-15,223243,0.2295918367346939,0.2,0.2,0.4084507042253519,2.2766434702724547,0.012083506872136615
2025-07-15,KXCPI-25JUL,2025-08-12,27224,0.2918367346938776,0.30000000000000004,0.30000000000000004,-0.09302325581395363,0.0452163294837864,0.014219075385256146
2025-07-15,KXCPI-25JUN,2025-07-15,146792,0.2459183673469388,0.2,0.2,0.50561797752809,1.0209523221909729,0.014728238234069142
2025-07-16,KXCPI-25JUL,2025-08-12,61640,0.28265306122448985,0.30000000000000004,0.30000000000000004,-0.2266666666666668,0.10811431595669507,0.011637859225322783
2025-07-17,KXCPI-25JUL,2025-08-12,13655,0.2795918367346939,0.30000000000000004,0.30000000000000004,-0.24999999999999986,-0.09809616117833952,0.011828404831320288
2025-07-18,KXCPI-25JUL,2025-08-12,14839,0.2795918367346939,0.30000000000000004,0.30000000000000004,-0.25641025641025667,0.07138134998082668,0.011624323198667226
2025-07-19,KXCPI-25JUL,2025-08-12,1507,0.2693877551020408,0.30000000000000004,0.30000000000000004,-0.4285714285714286,0.5662205373060072,0.010083298625572681
2025-07-20,KXCPI-25JUL,2025-08-12,6826,0.276530612244898,0.30000000000000004,0.30000000000000004,-0.27710843373493976,-0.11053414816465335,0.012816534777176179
2025-07-21,KXCPI-25JUL,2025-08-12,38090,0.2806122448979592,0.30000000000000004,0.30000000000000004,-0.2533333333333334,0.5475724167512381,0.01237921699291962
2025-07-22,KXCPI-25JUL,2025-08-12,23200,0.2785714285714286,0.30000000000000004,0.30000000000000004,-0.3442622950819672,1.3377613616776785,0.009030612244897962
2025-07-23,KXCPI-25JUL,2025-08-12,58735,0.2724489795918368,0.30000000000000004,0.30000000000000004,-0.3600000000000002,0.12167530863569764,0.01015930862140775
2025-07-24,KXCPI-25JUL,2025-08-12,15064,0.27653061224489794,0.30000000000000004,0.30000000000000004,-0.306666666666667,-0.10103564983140156,0.010163473552686384
2025-07-25,KXCPI-25JUL,2025-08-12,8033,0.2612244897959184,0.30000000000000004,0.30000000000000004,-0.4318181818181819,-0.009767476093250238,0.014414827155351941
2025-07-26,KXCPI-25JUL,2025-08-12,36428,0.2571428571428572,0.30000000000000004,0.30000000000000004,-0.5000000000000001,7.394999999990048e-4,0.012244897959183676
2025-07-27,KXCPI-25JUL,2025-08-12,25031,0.2612244897959184,0.30000000000000004,0.2,-0.4222222222222224,-0.4074543363432994,0.012986255726780511
2025-07-28,KXCPI-25JUL,2025-08-12,33887,0.26326530612244903,0.30000000000000004,0.30000000000000004,-0.4285714285714287,-0.0675166320384415,0.012936276551436905
2025-07-29,KXCPI-25JUL,2025-08-12,15875,0.27142857142857146,0.30000000000000004,0.2,-0.35897435897435903,0.27265224913494635,0.010408163265306126
2025-07-30,KXCPI-25JUL,2025-08-12,47897,0.266326530612245,0.30000000000000004,0.30000000000000004,-0.45205479452054775,0.2756350985475704,0.009376301541024576
2025-07-31,KXCPI-25JUL,2025-08-12,49110,0.27142857142857146,0.30000000000000004,0.2,-0.3684210526315791,-0.19680283553875233,0.00938775510204082
2025-08-01,KXCPI-25JUL,2025-08-12,74809,0.2622448979591837,0.30000000000000004,0.2,-0.5068493150684932,0.01714104953682094,0.008472511453561019
2025-08-02,KXCPI-25JUL,2025-08-12,50564,0.25612244897959185,0.30000000000000004,0.2,-0.5584415584415587,-0.31969237746339063,0.008789046230737195
2025-08-03,KXCPI-25JUL,2025-08-12,61934,0.25816326530612244,0.30000000000000004,0.2,-0.5616438356164386,0.11052420867514279,0.008351728446480635
2025-08-04,KXCPI-25JUL,2025-08-12,151432,0.25306122448979596,0.2,0.2,0.742857142857143,0.08130777052166493,0.007592669720949609
2025-08-05,KXCPI-25JUL,2025-08-12,192531,0.2326530612244898,0.2,0.2,0.4705882352941176,0.3291230059171588,0.008933777592669724
2025-08-06,KXCPI-25JUL,2025-08-12,96207,0.23775510204081635,0.2,0.2,0.5362318840579711,0.2635564321698505,0.009084756351520203
2025-08-07,KXCPI-25JUL,2025-08-12,90638,0.23979591836734698,0.2,0.2,0.6393442622950819,0.9520302364942945,0.007497917534360685
2025-08-08,KXCPI-25JUL,2025-08-12,156517,0.23673469387755103,0.2,0.2,0.5806451612903227,0.8216010663173847,0.007630154102457312
2025-08-09,KXCPI-25JUL,2025-08-12,73115,0.23775510204081635,0.2,0.2,0.5873015873015872,1.1101406436660373,0.007656184922948775
2025-08-10,KXCPI-25JUL,2025-08-12,74454,0.2489795918367347,0.30000000000000004,0.30000000000000004,-0.7575757575757578,0.9660140563474857,0.006784673052894629
2025-08-11,KXCPI-25JUL,2025-08-12,508148,0.2489795918367347,0.2,0.2,0.7058823529411763,0.934335112929253,0.007600999583506875
2025-08-12,KXCPI-25AUG,2025-09-11,27769,0.2795918367346939,0.30000000000000004,0.30000000000000004,-0.24390243902439046,-0.09876989955021065,0.012440649729279472
2025-08-12,KXCPI-25JUL,2025-08-12,183646,0.25918367346938775,0.30000000000000004,0.30000000000000004,-0.6060606060606062,0.1602991166323302,0.007109537692628074
2025-08-13,KXCPI-25AUG,2025-09-11,128681,0.2948979591836735,0.30000000000000004,0.30000000000000004,-0.07042253521126768,0.29383704186527826,0.010892336526447317
2025-08-14,KXCPI-25AUG,2025-09-11,59710,0.303061224489796,0.30000000000000004,0.30000000000000004,0.04109589041095901,-0.12801558807771762,0.010296751353602666
2025-08-15,KXCPI-25AUG,2025-09-11,42085,0.30408163265306126,0.30000000000000004,0.30000000000000004,0.05405405405405395,-0.18977142201035413,0.01039150354019159
2025-08-16,KXCPI-25AUG,2025-09-11,27064,0.30306122448979594,0.30000000000000004,0.30000000000000004,0.047619047619047755,-0.39643678383844616,0.007847771761765933
2025-08-17,KXCPI-25AUG,2025-09-11,5457,0.3102040816326531,0.30000000000000004,0.30000000000000004,0.15151515151515166,-0.5450342151112646,0.008467305289462726
2025-08-18,KXCPI-25AUG,2025-09-11,16017,0.30612244897959184,0.30000000000000004,0.30000000000000004,0.08571428571428556,0.0625917439396142,0.01037067888379842
2025-08-19,KXCPI-25AUG,2025-09-11,5072,0.3122448979591837,0.30000000000000004,0.30000000000000004,0.1714285714285715,0.15657707336175308,0.010054144106622245
2025-08-20,KXCPI-25AUG,2025-09-11,25131,0.3153061224489796,0.30000000000000004,0.30000000000000004,0.2380952380952379,0.612962678615987,0.008235110370678886
2025-08-21,KXCPI-25AUG,2025-09-11,35065,0.32959183673469394,0.30000000000000004,0.30000000000000004,0.4328358208955222,0.49870670530741457,0.009022282382340693
2025-08-22,KXCPI-25AUG,2025-09-11,69478,0.3346938775510204,0.30000000000000004,0.30000000000000004,0.4594594594594594,-0.6098718494760726,0.00981674302374011
2025-08-23,KXCPI-25AUG,2025-09-11,19569,0.3204081632653062,0.30000000000000004,0.30000000000000004,0.26315789473684237,0.09765038212284427,0.011216159933361104
2025-08-24,KXCPI-25AUG,2025-09-11,38567,0.31836734693877555,0.30000000000000004,0.30000000000000004,0.2432432432432432,0.09066948852304346,0.010887130362349022
2025-08-25,KXCPI-25AUG,2025-09-11,12456,0.326530612244898,0.30000000000000004,0.30000000000000004,0.3823529411764704,0.4819221579084285,0.009296126613910872
2025-08-26,KXCPI-25AUG,2025-09-11,23574,0.3316326530612246,0.30000000000000004,0.30000000000000004,0.47692307692307717,0.943420482284159,0.008081007913369432
2025-08-27,KXCPI-25AUG,2025-09-11,25119,0.32959183673469394,0.30000000000000004,0.30000000000000004,0.3866666666666666,0.3617951817433971,0.00983860891295294
2025-08-28,KXCPI-25AUG,2025-09-11,6298,0.33367346938775516,0.30000000000000004,0.30000000000000004,0.46478873239436636,0.5030970669837482,0.008968138275718452
2025-08-29,KXCPI-25AUG,2025-09-11,9330,0.33265306122448984,0.30000000000000004,0.30000000000000004,0.5000000000000004,0.9071392013635253,0.008321532694710539
2025-08-30,KXCPI-25AUG,2025-09-11,31135,0.3275510204081633,0.30000000000000004,0.30000000000000004,0.41538461538461563,1.1265672394161568,0.00873073719283632
2025-08-31,KXCPI-25AUG,2025-09-11,6381,0.3275510204081633,0.30000000000000004,0.30000000000000004,0.380281690140845,0.45389793560752967,0.010159308621407747
2025-09-01,KXCPI-25AUG,2025-09-11,7041,0.32959183673469394,0.30000000000000004,0.30000000000000004,0.4603174603174606,0.9801545072916222,0.008001874219075387
2025-09-02,KXCPI-25AUG,2025-09-11,18827,0.3346938775510204,0.30000000000000004,0.30000000000000004,0.47222222222222215,0.57956253121935,0.009816743023740108
2025-09-03,KXCPI-25AUG,2025-09-11,25948,0.33265306122448984,0.30000000000000004,0.30000000000000004,0.45714285714285713,0.9060449467455634,0.008933777592669723
2025-09-04,KXCPI-25AUG,2025-09-11,17833,0.33673469387755106,0.30000000000000004,0.30000000000000004,0.4999999999999999,-0.14825033441672364,0.008650562265722616
2025-09-05,KXCPI-25AUG,2025-09-11,70678,0.33367346938775516,0.30000000000000004,0.30000000000000004,0.5076923076923074,-0.1081537087248905,0.007743648479800084
2025-09-06,KXCPI-25AUG,2025-09-11,13575,0.32959183673469394,0.30000000000000004,0.30000000000000004,0.49152542372881386,0.1661631239050898,0.006777384423157019
2025-09-07,KXCPI-25AUG,2025-09-11,9458,0.3275510204081633,0.30000000000000004,0.30000000000000004,0.45762711864406813,0.1052406875549976,0.006689920866305707
2025-09-08,KXCPI-25AUG,2025-09-11,111878,0.32551020408163267,0.30000000000000004,0.30000000000000004,0.4716981132075472,0.13085178019531707,0.006185964181591005
2025-09-09,KXCPI-25AUG,2025-09-11,162847,0.32551020408163267,0.30000000000000004,0.30000000000000004,0.49019607843137303,0.6129554733316627,0.0057778009162848835
2025-09-10,KXCPI-25AUG,2025-09-11,246596,0.33061224489795926,0.30000000000000004,0.30000000000000004,0.5172413793103449,-0.06878375203827236,0.006613910870470638
2025-09-11,KXCPI-25AUG,2025-09-11,133658,0.32448979591836735,0.30000000000000004,0.30000000000000004,0.4444444444444442,0.6343365989145613,0.006339025406080802
2025-09-15,KXCPI-25SEP,2025-10-15,25916,0.3857142857142858,0.4,0.4,-0.20000000000000007,0.023325000000001594,0.008979591836734692
2025-09-16,KXCPI-25SEP,2025-10-15,3001,0.3918367346938776,0.4,0.4,-0.12500000000000067,0.49330547839506256,0.008096626405664305
2025-09-17,KXCPI-25SEP,2025-10-15,10635,0.39591836734693886,0.4,0.4,-0.06451612903225797,0.7466737809175452,0.007942523948354851
2025-09-18,KXCPI-25SEP,2025-10-15,9508,0.3877551020408164,0.4,0.4,-0.19354838709677477,0.5654568322340441,0.008013327780091627
2025-09-19,KXCPI-25SEP,2025-10-15,9918,0.3867346938775511,0.4,0.4,-0.19999999999999987,1.858408993589113,0.008905664306538942
2025-09-20,KXCPI-25SEP,2025-10-15,1160,0.3877551020408164,0.4,0.4,-0.19354838709677388,2.282332728561495,0.008421491045397751
2025-09-21,KXCPI-25SEP,2025-10-15,2027,0.38979591836734695,0.4,0.4,-0.16129032258064535,2.23542115456486,0.008671386922115784
2025-09-22,KXCPI-25SEP,2025-10-15,12098,0.3918367346938776,0.4,0.4,-0.1333333333333331,2.6217134306500256,0.008300708038317367
2025-09-23,KXCPI-25SEP,2025-10-15,3029,0.38979591836734695,0.4,0.4,-0.17241379310344845,2.815867813953491,0.008059142024156602
2025-09-24,KXCPI-25SEP,2025-10-15,35803,0.38367346938775515,0.4,0.4,-0.2580645161290327,2.017644468411029,0.008713036234902124
2025-09-25,KXCPI-25SEP,2025-10-15,8199,0.37755102040816324,0.4,0.4,-0.34374999999999983,1.7754315549235375,0.008679716784673053
2025-09-26,KXCPI-25SEP,2025-10-15,3208,0.3744897959183674,0.4,0.4,-0.3846153846153842,1.4868796212515791,0.009043107038733861
2025-09-27,KXCPI-25SEP,2025-10-15,16310,0.37142857142857144,0.4,0.4,-0.42424242424242437,1.5167290968090859,0.008775510204081634
2025-09-28,KXCPI-25SEP,2025-10-15,8875,0.3755102040816327,0.4,0.4,-0.36363636363636387,1.5938522664360661,0.008788004997917535
2025-09-29,KXCPI-25SEP,2025-10-15,23530,0.3755102040816327,0.4,0.4,-0.3870967741935486,1.8610705345054468,0.008583923365264473
2025-09-30,KXCPI-25SEP,2025-10-15,14235,0.3744897959183674,0.4,0.4,-0.3968253968253972,1.8794302163838505,0.008430862140774677
2025-10-01,KXCPI-25SEP,2025-10-15,25439,0.3693877551020408,0.4,0.4,-0.4687499999999996,1.7169635327912829,0.008450645564348188
2025-10-02,KXCPI-25SEP,2025-10-15,36035,0.3683673469387755,0.4,0.4,-0.4366197183098591,-0.20029101261702031,0.009305497709287798
2025-10-03,KXCPI-25SEP,2025-10-15,42487,0.3744897959183674,0.4,0.4,-0.37313432835820937,0.11519915241754575,0.008430862140774677
2025-10-04,KXCPI-25SEP,2025-10-15,14442,0.3673469387755103,0.4,0.4,-0.43243243243243246,1.4956752123832961,0.010974593919200335
2025-10-05,KXCPI-25SEP,2025-10-15,6065,0.3683673469387755,0.4,0.4,-0.44927536231884124,0.17872282381504334,0.009305497709287798
2025-10-06,KXCPI-25SEP,2025-10-15,3892,0.37142857142857144,0.4,0.4,-0.42424242424242437,-0.24141479289940815,0.007959183673469388
2025-10-07,KXCPI-25SEP,2025-10-15,2531,0.3693877551020408,0.4,0.4,-0.42857142857142827,-0.4537708548761543,0.008858808829654312
2025-10-08,KXCPI-25SEP,2025-10-15,13814,0.36530612244897964,0.4,0.4,-0.47222222222222254,1.7731379713225603,0.010428987921699294
2025-10-09,KXCPI-25SEP,2025-10-15,50932,0.37244897959183676,0.4,0.4,-0.4153846153846153,-0.19744466627991608,0.007914410662224074
2025-10-10,KXCPI-25SEP,2025-10-15,36956,0.37142857142857144,0.4,0.4,-0.4375000000000001,0.29986331360946705,0.00795918367346939
2025-10-11,KXCPI-25SEP,2025-10-15,1896,0.37142857142857144,0.4,0.4,-0.40000000000000013,2.3650690893421444,0.012040816326530613
2025-10-12,KXCPI-25SEP,2025-10-15,239,0.363265306122449,0.4,0.4,-0.5142857142857141,2.822049694101926,0.01089546022490629
2025-10-13,KXCPI-25SEP,2025-10-15,26467,0.37755102040816335,0.4,0.4,-0.379310344827586,0.7892172338845467,0.007251145356101624
2025-10-14,KXCPI-25OCT,2025-11-13,0,0.2479591836734694,0.2,0.2,0.5802469135802467,-0.32288479556148797,0.01269991670137443
2025-10-14,KXCPI-25SEP,2025-10-15,26291,0.3704081632653061,0.4,0.4,-0.44615384615384646,2.6172572434617063,0.010042690545605996
2025-10-15,KXCPI-25OCT,2025-11-13,1969,0.2448979591836735,0.2,0.2,0.6470588235294117,1.0746887069224442,0.009004581424406499
2025-10-15,KXCPI-25SEP,2025-10-15,18098,0.379591836734694,0.4,0.4,-0.3448275862068969,0.8249584809885895,0.007134527280299876
2025-10-16,KXCPI-25OCT,2025-11-13,8677,0.2306122448979592,0.2,0.2,0.4054054054054054,0.17021380524499952,0.010695543523531865
2025-10-17,KXCPI-25OCT,2025-11-13,2082,0.22653061224489798,0.2,0.2,0.3170731707317074,-0.1893038122690105,0.01194918783840067
2025-10-18,KXCPI-25OCT,2025-11-13,1495,0.23469387755102042,0.2,0.2,0.44736842105263147,0.21012269933368755,0.01104123281965848
2025-10-19,KXCPI-25OCT,2025-11-13,201,0.2285714285714286,0.2,0.2,0.4000000000000001,0.33038608045567885,0.010816326530612248
2025-10-20,KXCPI-25OCT,2025-11-13,1144,0.24081632653061227,0.2,0.2,0.5405405405405407,0.1852361649160148,0.00976259891711787
2025-10-21,KXCPI-25OCT,2025-11-13,502,0.23877551020408164,0.2,0.2,0.5135135135135137,0.12561342188311375,0.009925031236984592
2025-10-22,KXCPI-25OCT,2025-11-13,4079,0.2438775510204082,0.2,0.2,0.5584415584415586,0.15453809195673074,0.009809454394002501
2025-10-23,KXCPI-25OCT,2025-11-13,3732,0.2326530612244898,0.2,0.2,0.40000000000000024,-0.16754363074442535,0.011178675551853399
2025-10-24,KXCPI-25OCT,2025-11-13,24136,0.23979591836734696,0.2,0.2,0.7647058823529411,1.9962429040121563,0.00504893794252395
2025-10-25,KXCPI-25OCT,2025-11-13,23356,0.2306122448979592,0.2,0.2,0.6249999999999999,1.8629378370334715,0.007022074135776763
2025-10-26,KXCPI-25OCT,2025-11-13,4866,0.21836734693877552,0.2,0.2,0.3750000000000001,1.6444764219295855,0.0076218242399000435
2025-10-27,KXCPI-25OCT,2025-11-13,27484,0.21632653061224494,0.2,0.2,0.2285714285714287,0.10953110037457803,0.010957934194085804
2025-10-28,KXCPI-25OCT,2025-11-13,2157,0.20816326530612247,0.2,0.2,0.1250000000000002,0.36290439664709906,0.010341524364847983
2025-10-29,KXCPI-25OCT,2025-11-13,1085,0.21938775510204084,0.2,0.2,0.2923076923076926,0.4711625085487854,0.010134319033735947
2025-10-30,KXCPI-25OCT,2025-11-13,3684,0.21734693877551023,0.2,0.2,0.29824561403508787,1.0408964014053348,0.008168471470220744
2025-10-31,KXCPI-25OCT,2025-11-13,4147,0.22040816326530616,0.2,0.2,0.32258064516129054,1.3800564040873695,0.010195751770095797
2025-11-01,KXCPI-25OCT,2025-11-13,5944,0.2255102040816327,0.2,0.2,0.37313432835820887,0.6596631245554181,0.011083923365264476
2025-11-02,KXCPI-25OCT,2025-11-13,3184,0.22346938775510206,0.2,0.2,0.3333333333333333,0.4834688825240785,0.011183881715951688
2025-11-03,KXCPI-25OCT,2025-11-13,5298,0.22448979591836737,0.2,0.2,0.37499999999999994,0.8151126125147932,0.01082882132444815
2025-11-04,KXCPI-25OCT,2025-11-13,3992,0.21836734693877552,0.2,0.2,0.2647058823529413,0.5138971524261513,0.011499375260308206
2025-11-05,KXCPI-25OCT,2025-11-13,1117,0.21734693877551026,0.2,0.2,0.2786885245901641,1.0271924917128832,0.009392961266139113
2025-11-06,KXCPI-25OCT,2025-11-13,313,0.2142857142857143,0.2,0.2,0.21875,0.7596023437499984,0.009795918367346942
2025-11-07,KXCPI-25OCT,2025-11-13,34142,0.21122448979591837,0.2,0.2,0.19298245614035098,1.1332625375440903,0.009567888379841736
2025-11-08,KXCPI-25OCT,2025-11-13,22656,0.20510204081632655,0.2,0.2,0.08771929824561411,1.1771934810311704,0.009463765097875887
2025-11-09,KXCPI-25OCT,2025-11-13,9588,0.1948979591836735,0.2,0.2,-0.08196721311475395,0.8512167351650435,0.010892336526447315
2025-11-10,KXCPI-25OCT,2025-11-13,26303,0.2091836734693878,0.2,0.2,0.14285714285714302,1.2495724197136315,0.012058517284464809
2025-11-11,KXCPI-25OCT,2025-11-13,9088,0.22040816326530616,0.2,0.2,0.3571428571428572,1.997370262163873,0.009787588504789673
2025-11-12,KXCPI-25OCT,2025-11-13,185736,0.22346938775510206,0.2,0.2,0.5609756097560976,3.2595098247629952,0.006081840899625157
2025-11-13,KXCPI-25OCT,2025-11-13,8584,0.22653061224489798,0.2,0.2,0.65,3.435543533597211,0.005826738858808832
2025-11-18,KXCPI-25NOV,2025-12-18,52094,0.2908163265306123,0.30000000000000004,0.2,-0.11999999999999994,-1.2495943545731252,0.008385047896709708
2025-11-19,KXCPI-25NOV,2025-12-18,3234,0.2795918367346939,0.30000000000000004,0.30000000000000004,-0.25641025641025667,0.209913653165684,0.011420241566014164
2025-11-20,KXCPI-25NOV,2025-12-18,2952,0.2795918367346939,0.30000000000000004,0.30000000000000004,-0.24999999999999986,0.11669553101083174,0.011624323198667226
2025-11-21,KXCPI-25NOV,2025-12-18,175290,0.21224489795918366,0.2,0.2,0.8571428571428574,2.6986686320279256,0.001278633902540609
2025-11-22,KXCPI-25NOV,2025-12-18,8591,0.21122448979591835,0.2,0.2,0.9999999999999993,12.928640507116606,0.0016087047063723452
2025-11-23,KXCPI-25NOV,2025-12-18,4644,0.21224489795918366,0.2,0.2,0.8571428571428574,9.038764076539424,0.0018908788004997922
2025-11-24,KXCPI-25NOV,2025-12-18,12171,0.21326530612244898,0.2,0.2,0.5652173913043479,5.364593265842451,0.003599541857559352
2025-11-25,KXCPI-25NOV,2025-12-18,7853,0.2142857142857143,0.2,0.2,0.7777777777777778,6.2292749999999995,0.0024489795918367363
2025-11-26,KXCPI-25NOV,2025-12-18,1341,0.2163265306122449,0.2,0.2,0.9999999999999998,6.119116633604444,0.0017742607246980435
2025-11-27,KXCPI-25NOV,2025-12-18,12437,0.20918367346938777,0.2,0.2,0.6923076923076931,9.530361732766771,0.001650354019158685
2025-11-28,KXCPI-25NOV,2025-12-18,2106,0.21122448979591837,0.2,0.2,0.7333333333333337,8.552388885328208,0.0022209496043315295
2025-11-29,KXCPI-25NOV,2025-12-18,3966,0.22040816326530616,0.2,0.2,0.8333333333333334,3.563873018617543,0.003052894627238652
2025-11-30,KXCPI-25NOV,2025-12-18,9887,0.2285714285714286,0.2,0.2,0.875,1.7271489795918358,0.004285714285714288
2025-12-01,KXCPI-25NOV,2025-12-18,7492,0.22040816326530616,0.2,0.2,0.49999999999999983,1.8150988101676582,0.00591003748438151
2025-12-02,KXCPI-25NOV,2025-12-18,9685,0.21122448979591837,0.2,0.2,0.3548387096774196,3.2450523573114367,0.0046699291961682645
2025-12-03,KXCPI-25NOV,2025-12-18,46685,0.21734693877551023,0.2,0.2,0.5483870967741937,2.712655153238755,0.005515410245730947
2025-12-04,KXCPI-25NOV,2025-12-18,4722,0.22040816326530616,0.2,0.2,0.6666666666666667,3.399141068369219,0.00427738442315702
2025-12-05,KXCPI-25NOV,2025-12-18,20997,0.21938775510204084,0.2,0.2,0.7037037037037033,3.6100758284369494,0.0038077884214910472
2025-12-06,KXCPI-25NOV,2025-12-18,6003,0.22551020408163266,0.2,0.2,0.7142857142857142,1.6547754412895976,0.005777800916284884
2025-12-07,KXCPI-25NOV,2025-12-18,1580,0.21938775510204084,0.2,0.2,0.7600000000000001,4.150962041046363,0.002991461890878802
2025-12-08,KXCPI-25NOV,2025-12-18,50698,0.22142857142857142,0.2,0.2,0.8400000000000001,3.2269669712442886,0.003112244897959185
2025-12-09,KXCPI-25NOV,2025-12-18,41272,0.22142857142857147,0.2,0.2,0.8400000000000001,0.03242123735871383,0.002091836734693879
2025-12-10,KXCPI-25NOV,2025-12-18,116049,0.13979591836734695,0.1,0.1,0.9069767441860466,0.036995131249530466,0.003620366513952521
2025-12-11,KXCPI-25NOV,2025-12-18,96601,0.24285714285714288,0.2,0.2,0.9545454545454546,-0.1546577854671285,0.003469387755102043
2025-12-12,KXCPI-25NOV,2025-12-18,35142,0.23877551020408164,0.2,0.2,0.9999999999999994,-0.4557252034852448,0.0027821740941274486
2025-12-13,KXCPI-25NOV,2025-12-18,8137,0.24081632653061227,0.2,0.2,1,0.35842184474742167,0.005272802998750523
2025-12-14,KXCPI-25NOV,2025-12-18,3817,0.24081632653061227,0.2,0.2,1,0.4260552469135792,0.004048313202832155
2025-12-15,KXCPI-25NOV,2025-12-18,6732,0.24285714285714288,0.2,0.2,0.9999999999999999,-0.012221107266436881,0.0034693877551020425
2025-12-16,KXCPI-25NOV,2025-12-18,97705,0.2459183673469388,0.2,0.2,0.9574468085106383,-0.495531255891799,0.003299666805497711
2025-12-17,KXCPI-25NOV,2025-12-18,91241,0.24285714285714288,0.2,0.2,0.875,1.0870836734693867,0.004285714285714288
2025-12-18,KXCPI-25NOV,2025-12-18,50535,0.2418367346938776,0.2,0.2,0.9534883720930235,-0.9440716013863022,0.0028415243648479815
2025-12-19,KXCPI-25DEC,2026-01-13,288,0.21326530612244898,0.2,0.2,0.4193548387096771,0.05770656286519049,0.002987296959600167
2025-12-20,KXCPI-25DEC,2026-01-13,1435,0.2989795918367347,0.30000000000000004,0.30000000000000004,-0.016393442622950567,-0.4121971534147213,0.0074479383590170785
2025-12-21,KXCPI-25DEC,2026-01-13,1070,0.3020408163265307,0.30000000000000004,0.30000000000000004,0.03225806451612941,-0.009545857988166873,0.008771345272803002
2025-12-22,KXCPI-25DEC,2026-01-13,72576,0.24897959183673474,0.2,0.2,0.48979591836734715,-0.5590336970371044,0.015560183256976265
2025-12-23,KXCPI-25DEC,2026-01-13,24263,0.24693877551020413,0.30000000000000004,0.30000000000000004,-0.5909090909090907,0.08209814955733474,0.013511037067888382
2025-12-24,KXCPI-25DEC,2026-01-13,1931,0.2438775510204082,0.30000000000000004,0.30000000000000004,-0.6470588235294117,-0.23147692479340387,0.011850270720533114
2025-12-25,KXCPI-25DEC,2026-01-13,1820,0.2510204081632653,0.30000000000000004,0.30000000000000004,-0.6153846153846153,0.39479776852815274,0.010458142440649732
2025-12-26,KXCPI-25DEC,2026-01-13,24327,0.22653061224489798,0.2,0.2,0.3333333333333334,-0.5178130760852091,0.01031653477717618
2025-12-27,KXCPI-25DEC,2026-01-13,11705,0.2459183673469388,0.2,0.30000000000000004,0.517241379310345,-0.10404886338077901,0.011871095376926283
2025-12-28,KXCPI-25DEC,2026-01-13,1513,0.2448979591836735,0.2,0.30000000000000004,0.5238095238095238,0.11096559540729789,0.011249479383590173
2025-12-29,KXCPI-25DEC,2026-01-13,14170,0.23979591836734696,0.2,0.2,0.41052631578947363,-0.3651592173691989,0.015457101207830075
2025-12-30,KXCPI-25DEC,2026-01-13,34019,0.2510204081632653,0.30000000000000004,0.30000000000000004,-0.6153846153846152,-0.160075863506298,0.01004997917534361
2025-12-31,KXCPI-25DEC,2026-01-13,11779,0.23367346938775513,0.2,0.2,0.3707865168539326,-0.2246864444294987,0.013253852561432742
2026-01-01,KXCPI-25DEC,2026-01-13,18478,0.2448979591836735,0.25,0.30000000000000004,0.468085106382979,-0.2682184863704,0.01369845897542691
2026-01-02,KXCPI-25DEC,2026-01-13,23349,0.2663265306122449,0.30000000000000004,0.30000000000000004,-0.4285714285714287,-0.3023863294892686,0.010804872969596004
2026-01-03,KXCPI-25DEC,2026-01-13,3201,0.26428571428571435,0.30000000000000004,0.30000000000000004,-0.4320987654320985,-0.23325734973219614,0.010867346938775512
2026-01-04,KXCPI-25DEC,2026-01-13,6925,0.2744897959183674,0.30000000000000004,0.30000000000000004,-0.34246575342465746,0.020813075978799667,0.010267596834652233
2026-01-05,KXCPI-25DEC,2026-01-13,24814,0.2836734693877551,0.30000000000000004,0.30000000000000004,-0.2222222222222226,-0.8229467640532544,0.00952936276551437
2026-01-06,KXCPI-25DEC,2026-01-13,11460,0.2857142857142858,0.30000000000000004,0.30000000000000004,-0.17948717948717952,-0.5334983418367352,0.011428571428571432
2026-01-07,KXCPI-25DEC,2026-01-13,49714,0.2755102040816327,0.30000000000000004,0.2,-0.2727272727272728,-0.5444325926549394,0.012257392753019578
2026-01-08,KXCPI-25DEC,2026-01-13,15514,0.2948979591836735,0.30000000000000004,0.30000000000000004,-0.06172839506172845,-0.787892436983153,0.010892336526447317
2026-01-09,KXCPI-25DEC,2026-01-13,42872,0.313265306122449,0.30000000000000004,0.30000000000000004,0.14942528735632205,8.346226648514588e-5,0.013803623490212415
2026-01-10,KXCPI-25DEC,2026-01-13,20256,0.31122448979591844,0.30000000000000004,0.30000000000000004,0.15942028985507237,-0.5440278725738774,0.009159725114535612
2026-01-11,KXCPI-25DEC,2026-01-13,4755,0.2948979591836735,0.30000000000000004,0.30000000000000004,-0.064935064935065,-0.35513472824086545,0.010484173261141195
2026-01-12,KXCPI-25DEC,2026-01-13,57919,0.3204081632653062,0.30000000000000004,0.4,0.238095238095238,0.17851361982123715,0.012032486463973346
2026-01-13,KXCPI-25DEC,2026-01-13,68230,0.32040816326530613,0.30000000000000004,0.4,0.27027027027026984,0.8225508817944904,0.009583506872136612
2026-01-14,KXCPI-26JAN,2026-02-13,32367,0.2326530612244898,0.2,0.2,0.3555555555555558,-0.5890858637935978,0.013831736776343194
2026-01-15,KXCPI-26JAN,2026-02-13,18218,0.23367346938775513,0.2,0.2,0.34736842105263166,-0.4162508086976966,0.015294668887963351
2026-01-16,KXCPI-26JAN,2026-02-13,10816,0.2285714285714286,0.2,0.2,0.33333333333333337,-0.19930037624294616,0.01244897959183674
2026-01-17,KXCPI-26JAN,2026-02-13,721,0.23163265306122452,0.2,0.30000000000000004,0.3563218390804599,-0.30438296694764055,0.011754477301124534
2026-01-18,KXCPI-26JAN,2026-02-13,3179,0.22448979591836737,0.2,0.30000000000000004,0.2727272727272727,-0.38489023994070193,0.012053311120366516
2026-01-19,KXCPI-26JAN,2026-02-13,618,0.23367346938775513,0.2,0.30000000000000004,0.3793103448275863,-0.31241239728900894,0.011825281132861312
2026-01-20,KXCPI-26JAN,2026-02-13,11554,0.2285714285714286,0.2,0.30000000000000004,0.28571428571428575,-0.25317591732094247,0.016122448979591843
2026-01-21,KXCPI-26JAN,2026-02-13,3313,0.23469387755102045,0.2,0.30000000000000004,0.3695652173913042,-0.2525782605293312,0.013694294044148275
2026-01-22,KXCPI-26JAN,2026-02-13,16916,0.21530612244897962,0.2,0.2,0.1578947368421054,-0.3234052036719599,0.016602457309454397
2026-01-23,KXCPI-26JAN,2026-02-13,4331,0.2091836734693878,0.2,0.2,0.10843373493975916,-0.6454832071170413,0.012466680549770933
2026-01-24,KXCPI-26JAN,2026-02-13,1506,0.21020408163265308,0.2,0.2,0.11627906976744197,-0.1646421354659502,0.013569346105789257
2026-01-25,KXCPI-26JAN,2026-02-13,609,0.21224489795918372,0.2,0.2,0.13953488372093045,-0.15711292429485146,0.013319450229071226
2026-01-26,KXCPI-26JAN,2026-02-13,1618,0.2112244897959184,0.2,0.2,0.1264367816091955,-0.23105992409249598,0.0134454394002499
2026-01-27,KXCPI-26JAN,2026-02-13,21063,0.21224489795918372,0.2,0.2,0.15789473684210534,0.26762859580302445,0.011482715535193675
2026-01-28,KXCPI-26JAN,2026-02-13,7278,0.2275510204081633,0.2,0.2,0.3417721518987344,-0.07154390305688452,0.011791961682632239
2026-01-29,KXCPI-26JAN,2026-02-13,3885,0.22244897959183674,0.2,0.2,0.28205128205128205,-0.2088324676719373,0.011536859641815913
2026-01-30,KXCPI-26JAN,2026-02-13,15889,0.2275510204081633,0.2,0.2,0.3103448275862071,-0.2959599385703644,0.014036859641815913
2026-01-31,KXCPI-26JAN,2026-02-13,5837,0.2418367346938776,0.2,0.2,0.4408602150537633,-0.6168742550093631,0.014270095793419414
2026-02-01,KXCPI-26JAN,2026-02-13,3050,0.23163265306122452,0.2,0.2,0.3734939759036146,-0.700793457022542,0.011346314035818412
2026-02-02,KXCPI-26JAN,2026-02-13,16873,0.22244897959183677,0.2,0.2,0.25000000000000017,-0.2679111813856534,0.01418992086630571
2026-02-03,KXCPI-26JAN,2026-02-13,28643,0.23367346938775513,0.2,0.2,0.37078651685393266,-0.5189200342750366,0.013866097459391925
2026-02-04,KXCPI-26JAN,2026-02-13,11149,0.22448979591836737,0.2,0.2,0.2666666666666668,-0.3833764433574993,0.014706372344856316
2026-02-05,KXCPI-26JAN,2026-02-13,22246,0.22142857142857145,0.2,0.2,0.2359550561797753,-0.48033226420258357,0.014132653061224494
2026-02-06,KXCPI-26JAN,2026-02-13,7365,0.22244897959183677,0.2,0.2,0.2619047619047621,-0.3420718113598631,0.012965431070387343
2026-02-07,KXCPI-26JAN,2026-02-13,1222,0.2295918367346939,0.2,0.2,0.3580246913580249,-0.11556339685270789,0.012287588504789676
2026-02-08,KXCPI-26JAN,2026-02-13,10911,0.23469387755102045,0.2,0.2,0.4047619047619047,-0.2096502775388318,0.01287796751353603
2026-02-09,KXCPI-26FEB,2026-03-11,117,0.3744897959183674,0.4,0.5,-0.24752475247524777,-1.4819672532526416,0.014553311120366516
2026-02-09,KXCPI-26JAN,2026-02-13,37345,0.23571428571428574,0.2,0.2,0.4320987654320988,-0.22166279442397174,0.012091836734693882
2026-02-10,KXCPI-26FEB,2026-03-11,3,0.3142857142857143,0.30000000000000004,0.4,0.22580645161290328,-1.359966,0.006122448979591839
2026-02-10,KXCPI-26JAN,2026-02-13,43727,0.23163265306122452,0.2,0.2,0.3647058823529413,-0.14477347110507832,0.013387130362349025
2026-02-11,KXCPI-26FEB,2026-03-11,185,0.22959183673469388,0.30000000000000004,0.30000000000000004,-0.9452054794520549,-1.2276373921854904,0.007389629321116202
2026-02-11,KXCPI-26JAN,2026-02-13,45208,0.2326530612244898,0.2,0.2,0.38095238095238093,-0.09267572827765136,0.012811328613077886
2026-02-12,KXCPI-26FEB,2026-03-11,121,0.32959183673469394,0.30000000000000004,0.30000000000000004,0.6444444444444448,-0.6780626783545398,0.003716159933361101
2026-02-12,KXCPI-26JAN,2026-02-13,62799,0.2326530612244898,0.2,0.2,0.4,-0.14945804563441367,0.010974593919200335
2026-02-13,KXCPI-26FEB,2026-03-11,3113,0.24897959183673474,0.30000000000000004,0.30000000000000004,-0.49999999999999994,-0.4667008203336267,0.017192836318200753
2026-02-13,KXCPI-26JAN,2026-02-13,119905,0.28163265306122454,0.30000000000000004,0.30000000000000004,-0.2368421052631582,-0.2201177681266242,0.01027488546438984
2026-02-14,KXCPI-26FEB,2026-03-11,3871,0.25306122448979596,0.30000000000000004,0.30000000000000004,-0.49999999999999994,-0.3969728990262662,0.013919200333194506
2026-02-15,KXCPI-26FEB,2026-03-11,3789,0.26326530612244903,0.30000000000000004,0.30000000000000004,-0.4499999999999999,-0.4949763816132031,0.01069137859225323
2026-02-16,KXCPI-26FEB,2026-03-11,5751,0.25816326530612244,0.30000000000000004,0.30000000000000004,-0.5466666666666669,0.4006667756809006,0.011004789670970431
2026-02-17,KXCPI-26FEB,2026-03-11,7949,0.2571428571428572,0.30000000000000004,0.30000000000000004,-0.5526315789473685,0.5823955017301023,0.010408163265306126
2026-02-18,KXCPI-26FEB,2026-03-11,14244,0.2612244897959184,0.30000000000000004,0.30000000000000004,-0.5135135135135136,0.5880482112886907,0.010741357767596837
2026-02-19,KXCPI-26FEB,2026-03-11,16271,0.2510204081632653,0.2,0.2,0.6578947368421054,0.5922011169761507,0.009437734277384426
2026-02-20,KXCPI-26FEB,2026-03-11,9556,0.2561224489795919,0.30000000000000004,0.30000000000000004,-0.6231884057971016,0.7181125180282057,0.007972719700124952
2026-02-21,KXCPI-26FEB,2026-03-11,4120,0.2540816326530613,0.30000000000000004,0.30000000000000004,-0.5999999999999998,0.5707686800578755,0.009422115785089549
2026-02-22,KXCPI-26FEB,2026-03-11,1851,0.25,0.30000000000000004,0.30000000000000004,-0.6533333333333334,0.6955762308842801,0.009234693877551022
2026-02-23,KXCPI-26FEB,2026-03-11,13781,0.2602040816326531,0.30000000000000004,0.30000000000000004,-0.52,0.4897501198399641,0.010150978758850482
2026-02-24,KXCPI-26FEB,2026-03-11,3614,0.2581632653061225,0.30000000000000004,0.30000000000000004,-0.5774647887323947,0.6571278174797213,0.009372136609745943
2026-02-25,KXCPI-26FEB,2026-03-11,6773,0.2622448979591837,0.30000000000000004,0.30000000000000004,-0.5068493150684932,0.5923489926361514,0.009697001249479385
2026-02-26,KXCPI-26FEB,2026-03-11,6090,0.26428571428571435,0.30000000000000004,0.30000000000000004,-0.47945205479452085,0.535850470251745,0.01005102040816327
2026-02-27,KXCPI-26FEB,2026-03-11,21938,0.2663265306122449,0.30000000000000004,0.30000000000000004,-0.45205479452054803,0.48744086444643786,0.010600791336942942
2026-02-28,KXCPI-26FEB,2026-03-11,7844,0.2755102040816327,0.30000000000000004,0.30000000000000004,-0.38709677419354815,0.6356272046876379,0.008175760099958353
2026-03-01,KXCPI-26FEB,2026-03-11,2718,0.2663265306122449,0.30000000000000004,0.30000000000000004,-0.5409836065573771,0.916996606833993,0.0073354852144939635
2026-03-02,KXCPI-26FEB,2026-03-11,6769,0.25612244897959185,0.30000000000000004,0.30000000000000004,-0.6417910447761195,1.0205025055481523,0.009197209496043319
2026-03-03,KXCPI-26FEB,2026-03-11,9841,0.26428571428571435,0.30000000000000004,0.30000000000000004,-0.5072463768115942,1.0374338695777068,0.009030612244897962
2026-03-04,KXCPI-26FEB,2026-03-11,14893,0.2602040816326531,0.30000000000000004,0.30000000000000004,-0.5492957746478876,0.7060821340539074,0.009742815493544358
2026-03-05,KXCPI-26FEB,2026-03-11,11275,0.2602040816326531,0.30000000000000004,0.30000000000000004,-0.5652173913043478,0.640012151545192,0.008722407330279054
2026-03-06,KXCPI-26FEB,2026-03-11,16242,0.26428571428571435,0.30000000000000004,0.30000000000000004,-0.49295774647887336,0.4600722108604738,0.009234693877551024
2026-03-07,KXCPI-26FEB,2026-03-11,7827,0.26326530612244903,0.30000000000000004,0.30000000000000004,-0.5454545454545454,1.1413979238548455,0.008242399000416494
2026-03-08,KXCPI-26FEB,2026-03-11,8355,0.26428571428571435,0.30000000000000004,0.30000000000000004,-0.5737704918032787,1.2243241738343142,0.007193877551020411
2026-03-09,KXCPI-26FEB,2026-03-11,119784,0.2602040816326531,0.30000000000000004,0.30000000000000004,-0.5652173913043478,1.0206328441282668,0.009130570595585176
2026-03-10,KXCPI-26FEB,2026-03-11,168522,0.23775510204081635,0.2,0.2,0.6065573770491803,0.6187895175530649,0.007452103290295713
2026-03-11,KXCPI-26FEB,2026-03-11,67324,0.25816326530612244,0.30000000000000004,0.30000000000000004,-0.650793650793651,1.0574405147564425,0.006514993752603084
2026-03-11,KXCPI-26MAR,2026-04-10,22351,0.6683673469387755,0.7000000000000001,0.6000000000000001,-0.2743362831858411,0.1421605367240013,0.022774885464389837
2026-03-12,KXCPI-26MAR,2026-04-10,24592,0.7622448979591837,0.7000000000000001,0.7000000000000001,0.41496598639455773,-0.6578948920368033,0.03806434818825488
2026-03-13,KXCPI-26MAR,2026-04-10,45130,0.7357142857142858,0.7000000000000001,0.7000000000000001,0.26717557251908386,0.0984371346751467,0.032499999999999994
2026-03-14,KXCPI-26MAR,2026-04-10,23886,0.7632653061224489,0.7000000000000001,0.7000000000000001,0.382716049382716,-0.7639986395649441,0.04089546022490628
2026-03-15,KXCPI-26MAR,2026-04-10,10139,0.7795918367346939,0.7500000000000001,0.7000000000000001,0.4999999999999997,-0.7162034463652489,0.03652228238234068
2026-03-16,KXCPI-26MAR,2026-04-10,50832,0.8469387755102041,0.8,0.7000000000000001,0.4035087719298247,-0.6973427182843364,0.01963348604748021
2026-03-17,KXCPI-26MAR,2026-04-10,70980,0.8357142857142856,0.8,0.8,0.3271028037383176,1.5396785896542022,0.019030612244897955
2026-03-18,KXCPI-26MAR,2026-04-10,79009,0.8938775510204082,0.9,0.8,-0.054545454545454224,0.03269015639529638,0.01975843398583923
2026-03-19,KXCPI-26MAR,2026-04-10,77395,0.926530612244898,0.9,0.9,0.1969696969696977,-0.14441146763883772,0.029500208246563922
2026-03-20,KXCPI-26MAR,2026-04-10,54316,0.9224489795918367,0.9,0.9,0.1692307692307696,-0.1913694607477887,0.028679716784673043
2026-03-21,KXCPI-26MAR,2026-04-10,15070,0.9142857142857143,0.9,0.9,0.10769230769230816,-0.2502749999999998,0.029387755102040808
2026-03-22,KXCPI-26MAR,2026-04-10,26216,0.9418367346938775,1,1,-0.39860139860139815,0.4033693489809784,0.03529050395668471
2026-03-23,KXCPI-26MAR,2026-04-10,45123,0.9102040816326531,0.9,0.8,0.06493506493506501,-0.49958246870293443,0.037038733860891286
2026-03-24,KXCPI-26MAR,2026-04-10,72267,0.8816326530612245,0.9,1,-0.15254237288135594,0.04685586737798797,0.023540191586838812
2026-03-25,KXCPI-26MAR,2026-04-10,51174,0.8734693877551021,0.9,0.8,-0.2241379310344827,-0.24902945250210484,0.022765514369012904
2026-03-26,KXCPI-26MAR,2026-04-10,21234,0.8755102040816326,0.9,1,-0.1904761904761902,0.9611419051697254,0.029808413161182833
2026-03-27,KXCPI-26MAR,2026-04-10,23705,0.8642857142857143,0.9,1,-0.3271028037383176,1.703264558990302,0.021479591836734688
2026-03-28,KXCPI-26MAR,2026-04-10,12027,0.8734693877551021,0.9,1,-0.22033898305084737,1.079997394469597,0.02582673885880882
2026-03-29,KXCPI-26MAR,2026-04-10,7987,0.8775510204081632,0.9,1,-0.211538461538462,1.3368041100115722,0.02112869637650978
2026-03-30,KXCPI-26MAR,2026-04-10,52361,0.8918367346938776,0.9,1,-0.08163265306122437,-0.5950355069252078,0.015035401915868383
2026-03-31,KXCPI-26MAR,2026-04-10,58671,0.8877551020408164,0.9,0.9,-0.1250000000000004,-0.033500412197231544,0.016992919616826318
2026-04-01,KXCPI-26MAR,2026-04-10,33174,0.8877551020408164,0.9,0.9,-0.1428571428571433,-0.07866425230170737,0.012503123698458971
2026-04-02,KXCPI-26MAR,2026-04-10,40783,0.8887755102040816,0.9,1,-0.11827956989247221,0.0035682978476043736,0.01507809246147438
2026-04-03,KXCPI-26MAR,2026-04-10,36517,0.919387755102041,0.9,0.9,0.20430107526881736,1.5340346152278341,0.017277176176593082
2026-04-04,KXCPI-26MAR,2026-04-10,20298,0.939795918367347,0.9,1,0.3786407766990295,0.34075234920899033,0.017089754269054555
2026-04-05,KXCPI-26MAR,2026-04-10,50797,0.9561224489795919,1,1,-0.47252747252747235,0.12937650829953684,0.014707413577675963
2026-04-06,KXCPI-26MAR,2026-04-10,64485,0.9571428571428572,1,1,-0.44680851063829746,-0.4018395085066153,0.014081632653061222
2026-04-07,KXCPI-26MAR,2026-04-10,129207,0.8969387755102042,0.9,0.8,-0.03296703296703336,-0.029326437332639177,0.014786547271970008
2026-04-08,KXCPI-26MAR,2026-04-10,54338,0.9,0.9,0.9,0,0.8767586613042231,0.012040816326530607
2026-04-09,KXCPI-26MAR,2026-04-10,57289.61,0.8979591836734694,0.9,0.9,-0.024390243902439324,0.5779304407388666,0.013465222823823404
2026-04-10,KXCPI-26MAR,2026-04-10,44275.24,0.9051020408163265,0.9,0.9,0.07246376811594134,0.5265550204639826,0.009667846730528942
2026-04-12,KXCPI-26APR,2026-05-12,10948.91,0.6785714285714286,0.6000000000000001,0.6000000000000001,0.42541436464088367,-0.7927285294288637,0.053112244897959175
2026-04-13,KXCPI-26APR,2026-05-12,21256.13,0.6326530612244898,0.6000000000000001,0.6000000000000001,0.18823529411764672,0.31795998445894424,0.05423990004164932
2026-04-14,KXCPI-26APR,2026-05-12,30218.489999999998,0.5377551020408164,0.5,0.5,0.3109243697478996,1.4040768909868957,0.02949291961682633
2026-04-15,KXCPI-26APR,2026-05-12,11732.5,0.5469387755102041,0.5,0.5,0.34848484848484845,0.9040893048385952,0.036980424822990424
2026-04-16,KXCPI-26APR,2026-05-12,9189.23,0.553061224489796,0.5,0.5,0.440677966101695,0.4223219540533565,0.025551853394418993
2026-04-17,KXCPI-26APR,2026-05-12,19762.29,0.5357142857142858,0.5,0.5,0.35353535353535387,2.1100946493574826,0.023112244897959187
2026-04-18,KXCPI-26APR,2026-05-12,17869.6,0.5275510204081634,0.5,0.5,0.29032258064516175,-0.10367624211502591,0.01648583923365265
2026-04-19,KXCPI-26APR,2026-05-12,17791.46,0.5346938775510205,0.5,0.5,0.3863636363636365,0.8399627869615482,0.016755518533944195
2026-04-20,KXCPI-26APR,2026-05-12,16953.52,0.5306122448979592,0.5,0.5,0.26785714285714307,1.2985001386569692,0.028246563931695133
2026-04-21,KXCPI-26APR,2026-05-12,26623.25,0.5204081632653061,0.5,0.5,0.18518518518518534,1.040750891078952,0.02529779258642233
2026-04-22,KXCPI-26APR,2026-05-12,27477.7,0.5,0.5,0.5,0,2.336099999999999,0.020204081632653068
2026-04-23,KXCPI-26APR,2026-05-12,34418.68,0.5193877551020409,0.5,0.5,0.21348314606741642,1.3529545316186589,0.01666493127863391
2026-04-24,KXCPI-26APR,2026-05-12,22606.84,0.5204081632653061,0.5,0.5,0.2083333333333341,1.1810517257088327,0.018971261974177433
2026-04-25,KXCPI-26APR,2026-05-12,9654.539999999999,0.5244897959183674,0.5,0.5,0.24000000000000066,0.36049404017794195,0.02042065805914203
2026-04-26,KXCPI-26APR,2026-05-12,5588.24,0.5173469387755102,0.5,0.5,0.18279569892473158,-0.20803596897396925,0.016331736776343194
2026-04-27,KXCPI-26APR,2026-05-12,88832.16,0.55,0.5,0.5,0.49494949494949525,0.6743156680079943,0.017193877551020413
2026-04-28,KXCPI-26APR,2026-05-12,25129.44,0.5642857142857144,0.6000000000000001,0.6000000000000001,-0.31531531531531554,0.30532764928473544,0.020867346938775518
2026-04-29,KXCPI-26APR,2026-05-12,25364.54,0.5642857142857144,0.55,0.5,0.6116504854368935,0.01607419354838502,0.017397959183673473
2026-04-30,KXCPI-26APR,2026-05-12,33328.8,0.5673469387755102,0.6000000000000001,0.6000000000000001,-0.3018867924528306,0.3672675215597194,0.019137859225322785
2026-05-01,KXCPI-26APR,2026-05-12,53743.51,0.5663265306122449,0.6000000000000001,0.5,-0.35483870967742,0.09259078932981213,0.014478342357351109
2026-05-02,KXCPI-26APR,2026-05-12,14438.37,0.5612244897959184,0.6000000000000001,0.6000000000000001,-0.4042553191489362,0.013806921113214354,0.014414827155351941
2026-05-03,KXCPI-26APR,2026-05-12,7433.87,0.5581632653061225,0.6000000000000001,0.5,-0.45054945054945034,-0.3025187391825295,0.012841524364847985
2026-05-04,KXCPI-26APR,2026-05-12,24603.6,0.5632653061224491,0.6000000000000001,0.5,-0.35294117647058865,0.43713463195481905,0.01701790920449813
2026-05-05,KXCPI-26APR,2026-05-12,16240.11,0.5683673469387756,0.6000000000000001,0.6000000000000001,-0.3195876288659798,0.7498641564909758,0.017264681382757188
2026-05-06,KXCPI-26APR,2026-05-12,19821.37,0.5632653061224491,0.6000000000000001,0.6000000000000001,-0.41860465116279116,0.6233566973058626,0.013140358184089967
2026-05-07,KXCPI-26APR,2026-05-12,28460.37,0.5642857142857144,0.6000000000000001,0.6000000000000001,-0.4216867469879522,-0.22659790431151317,0.011683673469387762
2026-05-08,KXCPI-26APR,2026-05-12,106237.59,0.5826530612244899,0.6000000000000001,0.6000000000000001,-0.22077922077922052,-0.1727013015966743,0.011433777592669725
2026-05-09,KXCPI-26APR,2026-05-12,12639.31,0.5806122448979593,0.6000000000000001,0.6000000000000001,-0.2467532467532468,0.16805586881319456,0.0119710537276135
2026-05-10,KXCPI-26APR,2026-05-12,19468.37,0.5826530612244898,0.6000000000000001,0.6000000000000001,-0.22077922077922124,0.5916190030171125,0.011841940857975847
2026-05-11,KXCPI-26APR,2026-05-12,57728.090000000004,0.5908163265306122,0.6000000000000001,0.6000000000000001,-0.13043478260869637,0.7920538851187566,0.010221782590587258
2026-05-11,KXCPI-26MAY,2026-06-10,2559.77,0.5510204081632654,0.6000000000000001,0.6000000000000001,-0.28235294117647075,-0.003698234894554897,0.05025406080799668
2026-05-12,KXCPI-26APR,2026-05-12,61935.28,0.6061224489795919,0.6000000000000001,0.6000000000000001,0.09374999999999939,0.5880147960705533,0.008942107455226993
2026-05-12,KXCPI-26MAY,2026-06-10,12770.119999999999,0.5724489795918367,0.6000000000000001,0.5,-0.23076923076923117,0.2936108666439998,0.02362869637650979
2026-05-13,KXCPI-26MAY,2026-06-10,9196.41,0.5857142857142857,0.6000000000000001,0.5,-0.11666666666666713,0.004030022399999389,0.025510204081632657
2026-05-14,KXCPI-26MAY,2026-06-10,4749.36,0.5806122448979593,0.6000000000000001,0.6000000000000001,-0.180952380952381,1.116942744994983,0.020950645564348194
2026-05-15,KXCPI-26MAY,2026-06-10,4530.25,0.5806122448979593,0.6000000000000001,0.6000000000000001,-0.19587628865979445,0.14911727568549749,0.01707309454394003
2026-05-16,KXCPI-26MAY,2026-06-10,2868.75,0.5612244897959184,0.6000000000000001,0.6000000000000001,-0.35849056603773644,0.7952097807327618,0.02216992919616827
2026-05-17,KXCPI-26MAY,2026-06-10,9176.6,0.5418367346938776,0.5,0.5,0.39805825242718484,-0.14361214659396637,0.017739483548521454
2026-05-18,KXCPI-26MAY,2026-06-10,6474.860000000001,0.5459183673469389,0.5,0.6000000000000001,0.44554455445544583,0.45339032585664185,0.01738129945855894
2026-05-19,KXCPI-26MAY,2026-06-10,7599.58,0.5704081632653063,0.6000000000000001,0.6000000000000001,-0.3493975903614459,0.8319880523754755,0.015144731361932532
2026-05-20,KXCPI-26MAY,2026-06-10,31838.45,0.6285714285714287,0.6000000000000001,0.6000000000000001,1.0000000000000004,2.3685062283737013,0.003469387755102039
2026-05-21,KXCPI-26MAY,2026-06-10,6293.42,0.5510204081632654,0.6000000000000001,0.6000000000000001,-0.6000000000000001,1.294033611373285,0.01270304039983341
2026-05-22,KXCPI-26MAY,2026-06-10,2464.11,0.5612244897959184,0.6000000000000001,0.6000000000000001,-0.46341463414634154,1.1886991027516531,0.01543523531861725
2026-05-23,KXCPI-26MAY,2026-06-10,1244.92,0.5663265306122449,0.6000000000000001,0.6000000000000001,-0.37078651685393255,1.5560945469051921,0.01753956684714703
2026-05-24,KXCPI-26MAY,2026-06-10,5480.96,0.556122448979592,0.55,0.5,0.5555555555555559,1.4877368620910927,0.018380882965431077
2026-05-25,KXCPI-26MAY,2026-06-10,2774.31,0.5571428571428573,0.5,0.5,0.6829268292682933,1.2460545599999948,0.015306122448979598
2026-05-26,KXCPI-26MAY,2026-06-10,9676.03,0.5346938775510205,0.5,0.5,0.45945945945945965,1.3841841180842334,0.013490212411495214
2026-05-27,KXCPI-26MAY,2026-06-10,20217.95,0.49591836734693884,0.5,0.5,-0.06666666666666654,2.2606800603053347,0.012636401499375265
2026-05-28,KXCPI-26MAY,2026-06-10,3510.43,0.5173469387755102,0.5,0.5,0.22077922077922124,1.656614362297053,0.01673990004164932
2026-05-29,KXCPI-26MAY,2026-06-10,3703.75,0.5153061224489797,0.5,0.5,0.21739130434782702,0.5399789958255536,0.010888171595168685
2026-05-30,KXCPI-26MAY,2026-06-10,2020.06,0.5091836734693878,0.5,0.5,0.12676056338028238,1.6984250283806146,0.011650354019158688
2026-05-31,KXCPI-26MAY,2026-06-10,4208.34,0.5408163265306123,0.5,0.5,0.6666666666666671,4.980682300097537,0.01098708871303624
2026-06-01,KXCPI-26MAY,2026-06-10,12750.960000000001,0.5183673469387756,0.5,0.5,0.26470588235294185,0.7844133551941139,0.010274885464389842
2026-06-02,KXCPI-26MAY,2026-06-10,16627.93,0.5142857142857143,0.5,0.5,0.20588235294117646,0.6396993599999976,0.010204081632653066
2026-06-03,KXCPI-26MAY,2026-06-10,12324.76,0.5102040816326531,0.5,0.5,0.17241379310344843,0.7761689325548735,0.008671386922115788
2026-06-04,KXCPI-26MAY,2026-06-10,2217.77,0.4826530612244898,0.5,0.4,-0.19540229885057453,3.0926425491229157,0.014903165347771766
2026-06-05,KXCPI-26MAY,2026-06-10,37310.909999999996,0.49081632653061236,0.5,0.4,-0.10588235294117579,0.9728045744093761,0.011446272386505627
2026-06-06,KXCPI-26MAY,2026-06-10,13839.58,0.5214285714285715,0.5,0.5,0.4117647058823534,3.7231576731552645,0.007193877551020412
2026-06-07,KXCPI-26MAY,2026-06-10,11106.439999999999,0.5010204081632653,0.5,0.5,0.02222222222222369,0.22274069652517925,0.005203040399833406
2026-06-08,KXCPI-26MAY,2026-06-10,29863.809999999998,0.5020408163265306,0.5,0.5,0.03333333333333372,1.5568826236573656,0.009179508538109126
2026-06-09,KXCPI-26MAY,2026-06-10,29704.09,0.5061224489795919,0.5,0.5,0.09375000000000108,2.3020193909655804,0.01016659725114536
2026-06-10,KXCPI-26MAY,2026-06-10,39171.09,0.49081632653061225,0.5,0.5,-0.18367346938775397,1.9536019813574317,0.006548313202832156
2026-06-14,KXCPI-26JUN,2026-07-14,8781.36,0.07653061224489797,0,0,1.0000000000000002,2.483074242007654,0.01893898375676802
2026-06-15,KXCPI-26JUN,2026-07-14,12730.69,0.03673469387755102,0,0,0.9999999999999998,13.596647375647578,0.010283215326947108
2026-06-16,KXCPI-26JUN,2026-07-14,31911.12,0.0193877551020408,0,0,0.9999999999999997,19.09020914058589,0.0036037067888379853
2026-06-17,KXCPI-26JUN,2026-07-14,15231.76,0.01938775510204084,0,0,0.9999999999999997,9.999921577772408,0.0036037067888379857
2026-06-18,KXCPI-26JUN,2026-07-14,18055.8,0.02244897959183674,0,0,1.0000000000000002,20.471964871336727,0.005822573927530197
2026-06-19,KXCPI-26JUN,2026-07-14,7268.97,0.042857142857142864,0,0,1,6.6359625000000015,0.008979591836734696
2026-06-20,KXCPI-26JUN,2026-07-14,2184.74,0.04387755102040817,0,0,1,1.0857541219706093,0.005115576842982091
2026-06-21,KXCPI-26JUN,2026-07-14,1749.73,0.0336734693877551,0,0,1.0000000000000002,3.592030253156195,0.0034579341940857975
2026-06-22,KXCPI-26JUN,2026-07-14,15892.73,0.015306122448979581,0,0,1.0000000000000002,13.326323938309322,0.0025208246563931704
2026-06-23,KXCPI-26JUN,2026-07-14,14008.29,0.00816326530612245,0,0,0.9999999999999983,19.33236553232235,0.001157850895460225
2026-06-24,KXCPI-26JUN,2026-07-14,10796.04,0.004081632653061232,0,0,1.0000000000000018,43.31287633136095,5.955851728446481e-4
2026-06-25,KXCPI-26JUN,2026-07-14,5444.47,0.006122448979591841,0,0,1.0000000000000007,25.41892006920413,7.788421491045399e-4
2026-06-26,KXCPI-26JUN,2026-07-14,3610.59,0.012244897959183668,0,0,0.9999999999999993,28.825702292387533,0.00311536859641816
2026-06-27,KXCPI-26JUN,2026-07-14,385,0.006122448979591841,0,0,1.0000000000000007,43.25211702104771,0.0013910870470637238
2026-06-28,KXCPI-26JUN,2026-07-14,3824.3199999999997,0.016326530612244886,0,0,0.9999999999999989,14.131525193024892,0.0021824239900041656
2026-06-29,KXCPI-26JUN,2026-07-14,5489.03,0.008163265306122464,0,0,1.0000000000000018,7.1331449999999865,7.496876301541027e-4
2026-06-30,KXCPI-26JUN,2026-07-14,8471.07,0.006122448979591841,0,0,1.0000000000000007,25.41892006920413,7.788421491045399e-4
2026-07-01,KXCPI-26JUN,2026-07-14,6372.25,0.006122448979591841,0,0,1.0000000000000007,25.41892006920413,7.788421491045399e-4
2026-07-02,KXCPI-26JUN,2026-07-14,2091.9,0.006122448979591841,0,0,1.0000000000000007,25.41892006920413,7.788421491045399e-4
2026-07-02,KXCPI-26OCT,2026-08-01,31,0.3142857142857143,0.30000000000000004,0,0.07368421052631581,-1.4333670344026714,0.05081632653061226
2026-07-03,KXCPI-26JUN,2026-07-14,1418.1,0.005102040816326536,0,0,1.000000000000001,14.302453548387096,4.8417326114119115e-4
2026-07-03,KXCPI-26NOV,2026-08-02,4,0.30714285714285716,0.30000000000000004,0.6000000000000001,0.038674033149171276,-1.3841791782549817,0.047602040816326546
2026-07-03,KXCPI-26OCT,2026-08-01,2,0.31938775510204087,0.30000000000000004,0,0.09743589743589748,-1.4804512094598274,0.05217513536026658
2026-07-04,KXCPI-26JUN,2026-07-14,1970.99,0.005102040816326536,0,0,1.000000000000001,14.302453548387096,4.8417326114119115e-4
2026-07-04,KXCPI-26NOV,2026-08-02,73,0.30102040816326536,0.30000000000000004,0.6000000000000001,0.005347593582887764,-1.4563928865438915,0.049488754685547705
2026-07-04,KXCPI-26OCT,2026-08-01,0,0.31938775510204087,0.30000000000000004,0,0.09743589743589748,-1.4804512094598274,0.05217513536026658
2026-07-05,KXCPI-26JUN,2026-07-14,954.4,0.005102040816326536,0,0,1.000000000000001,14.302453548387096,4.8417326114119115e-4
2026-07-05,KXCPI-26NOV,2026-08-02,8,0.2857142857142857,0.30000000000000004,0,-0.07446808510638299,-1.4594571687718356,0.04979591836734695
2026-07-05,KXCPI-26OCT,2026-08-01,26.74,0.32142857142857145,0.30000000000000004,0,0.10659898477157363,-1.4805350528494943,0.052295918367346955
2026-07-06,KXCPI-26AUG,2026-08-05,46.01,0.21836734693877552,0.2,0,0.12500000000000014,-0.9019693907856294,0.03211162015826739
2026-07-06,KXCPI-26JUL,2026-08-05,951.56,0.08979591836734695,0,0,0.9999999999999999,0.9528384867405073,0.014997917534360687
2026-07-06,KXCPI-26JUN,2026-07-14,1224.4,0.005102040816326536,0,0,1.000000000000001,14.302453548387096,4.8417326114119115e-4
2026-07-06,KXCPI-26NOV,2026-08-02,16,0.286734693877551,0.30000000000000004,0,-0.0726256983240223,-1.3270274394908324,0.04992607246980427
2026-07-06,KXCPI-26OCT,2026-08-01,49,0.3051020408163266,0.30000000000000004,0.6000000000000001,0.0241545893719807,-1.588004645572936,0.053545397750937127
2026-07-06,KXCPI-26SEP,2026-08-05,12.01,0.2908163265306123,0.30000000000000004,0.5,-0.04812834224598929,-1.5253670839254199,0.04614014993752604
2026-07-07,KXCPI-26AUG,2026-08-05,16.51,0.21938775510204084,0.2,0,0.13103448275862084,-1.3931800717698577,0.03033840066638901
2026-07-07,KXCPI-26JUL,2026-08-05,246.22,0.07244897959183674,0,0,1,2.034525993090755,0.014445022907122036
2026-07-07,KXCPI-26JUN,2026-07-14,6298.94,0.004081632653061232,0,0,1.0000000000000018,43.31287633136095,5.955851728446481e-4
2026-07-07,KXCPI-26NOV,2026-08-02,0,0.286734693877551,0.30000000000000004,0,-0.0726256983240223,-1.3270274394908324,0.04992607246980427
2026-07-07,KXCPI-26OCT,2026-08-01,0,0.3051020408163266,0.30000000000000004,0.6000000000000001,0.0241545893719807,-1.588004645572936,0.053545397750937127
2026-07-07,KXCPI-26SEP,2026-08-05,0,0.2908163265306123,0.30000000000000004,0.5,-0.04812834224598929,-1.5253670839254199,0.04614014993752604
2026-07-08,KXCPI-26AUG,2026-08-05,0,0.21938775510204084,0.2,0,0.13103448275862084,-1.3931800717698577,0.03033840066638901
2026-07-08,KXCPI-26JUL,2026-08-05,7142.13,0.1285714285714286,0.1,0,0.22950819672131148,-0.8469803265306117,0.021428571428571432
2026-07-08,KXCPI-26JUN,2026-07-14,5913.29,0.0030612244897959273,0,0,0.9999999999999983,60.49800936588274,5.008329862557269e-4
2026-07-08,KXCPI-26NOV,2026-08-02,111,0.2734693877551021,0.30000000000000004,0,-0.1428571428571429,-1.3405316933085865,0.04725531028738028
2026-07-08,KXCPI-26OCT,2026-08-01,4,0.30000000000000004,0.30000000000000004,0,0,-1.5600381565371981,0.051224489795918385
2026-07-08,KXCPI-26SEP,2026-08-05,93,0.2948979591836735,0.30000000000000004,0.5,-0.027322404371584726,-1.499981301805389,0.045994377342773854
2026-07-09,KXCPI-26AUG,2026-08-05,237,0.21938775510204084,0.2,0,0.13103448275862084,-1.3931800717698577,0.03033840066638901
2026-07-09,KXCPI-26JUL,2026-08-05,1449,0.2561224489795919,0.30000000000000004,0.2,-0.8431372549019605,-0.8096437575539275,0.0032788421491045418
2026-07-09,KXCPI-26JUN,2026-07-14,44813.23,0.0030612244897959273,0,0,1.0000000000000029,27.08735052631578,2.967513536026656e-4
2026-07-09,KXCPI-26NOV,2026-08-02,0,0.2734693877551021,0.30000000000000004,0,-0.1428571428571429,-1.3405316933085865,0.04725531028738028
2026-07-09,KXCPI-26OCT,2026-08-01,1,0.30000000000000004,0.30000000000000004,0,0,-1.5600381565371981,0.051224489795918385
2026-07-09,KXCPI-26SEP,2026-08-05,25,0.29387755102040825,0.30000000000000004,0.5,-0.032608695652174,-1.506759305101077,0.04649312786339027
2026-07-10,KXCPI-26AUG,2026-08-05,10,0.20408163265306126,0.15000000000000002,0,0.6375000000000001,-1.507446323043757,0.032228238234069145
2026-07-10,KXCPI-26JUL,2026-08-05,1063,0.1479591836734694,0.1,0.1,0.5662650602409638,-0.266443673778217,0.014944814660558105
2026-07-10,KXCPI-26JUN,2026-07-14,18148.14,0.0030612244897959273,0,0,1.0000000000000029,27.08735052631578,2.967513536026656e-4
2026-07-10,KXCPI-26NOV,2026-08-02,5,0.37244897959183676,0.30000000000000004,0.30000000000000004,0.8352941176470587,-0.731246347358236,0.015669512703040407
2026-07-10,KXCPI-26OCT,2026-08-01,7,0.286734693877551,0.30000000000000004,0.5,-0.07262569832402245,-1.5231459944184829,0.04033423573511037
2026-07-10,KXCPI-26SEP,2026-08-05,228.11,0.303061224489796,0.4,0.5,-0.5135135135135136,-1.4898216780280975,0.04662328196584758
2026-07-11,KXCPI-26AUG,2026-08-05,58,0.17653061224489797,0.15000000000000002,0.1,0.8241758241758242,-0.6266638720549675,0.012204289879216996
2026-07-11,KXCPI-26JUL,2026-08-05,1167.24,0.1795918367346939,0.1,0.1,0.6724137931034484,-0.4221600204682572,0.02162432319866723
2026-07-11,KXCPI-26JUN,2026-07-14,25598.010000000002,0.0010204081632652906,0,0,0.9999999999999847,91.09970412371135,1.0099958350687216e-4
2026-07-11,KXCPI-26NOV,2026-08-02,32,0.2469387755102041,0.2,0.1,0.4181818181818182,-1.0142067308661549,0.021266139108704715
2026-07-11,KXCPI-26OCT,2026-08-01,2,0.2836734693877551,0.30000000000000004,0.5,-0.09090909090909091,-1.5085676755238921,0.03993752603082049
2026-07-11,KXCPI-26SEP,2026-08-05,8,0.38979591836734695,0.4,0.30000000000000004,-0.11111111111111123,-0.8765179914054428,0.011732611411911707
2026-07-12,KXCPI-26AUG,2026-08-05,30,0.17653061224489797,0.15000000000000002,0.1,0.8241758241758242,-0.6266638720549675,0.012204289879216996
2026-07-12,KXCPI-26JUL,2026-08-05,535,0.2540816326530613,0.2,0.2,0.9298245614035089,0.7870386106298661,0.0096261974177426091
2026-07-12,KXCPI-26JUN,2026-07-14,1548.17,0.005102040816326536,0,0,1.000000000000001,34.26426943205041,8.923365264473138e-4
2026-07-12,KXCPI-26NOV,2026-08-02,25,0.25,0.2,0.2,0.890909090909091,-0.5498383450513793,0.006581632653061227
2026-07-12,KXCPI-26OCT,2026-08-01,52,0.23265306122448984,0.2,0.4,0.2424242424242426,-1.3330793484896182,0.02444398167430238
2026-07-12,KXCPI-26SEP,2026-08-05,113,0.28469387755102044,0.30000000000000004,0,-0.08771929824561396,-1.3619315952222018,0.04272490628904624
2026-07-13,KXCPI-26AUG,2026-08-05,10,0.17653061224489797,0.15000000000000002,0.1,0.8241758241758242,-0.6266638720549675,0.012204289879216996
2026-07-13,KXCPI-26JUL,2026-08-05,1240.45,0.2836734693877552,0.30000000000000004,0.30000000000000004,-0.10666666666666666,-1.079679589718535,0.03565181174510621
2026-07-13,KXCPI-26JUN,2026-07-14,12798.86,0.0030612244897959273,0,0,0.9999999999999983,60.49800936588274,5.008329862557269e-4
2026-07-13,KXCPI-26NOV,2026-08-02,10,0.2326530612244898,0.2,0.2,0.8421052631578945,-0.827130400000001,0.002811328613077886
2026-07-13,KXCPI-26OCT,2026-08-01,0,0.23265306122448984,0.2,0.4,0.2424242424242426,-1.3330793484896182,0.02444398167430238
2026-07-13,KXCPI-26SEP,2026-08-05,10,0.2836734693877551,0.30000000000000004,0,-0.09411764705882353,-1.354662259623301,0.04259058725531031
2026-07-14,KXCPI-26AUG,2026-08-05,20.05,0.14183673469387756,0.2,0.2,-0.9661016949152542,-0.5832768929527967,0.004882340691378593
2026-07-14,KXCPI-26JUL,2026-08-05,6125.65,0.17448979591836739,0.2,0,-0.2212389380530972,-0.833158081350716,0.020063515201999175
2026-07-14,KXCPI-26JUN,2026-07-14,12561.31,0.0030612244897959273,0,0,1.0000000000000029,27.08735052631578,2.967513536026656e-4
2026-07-14,KXCPI-26NOV,2026-08-02,0,0.2326530612244898,0.2,0.2,0.8421052631578945,-0.827130400000001,0.002811328613077886
2026-07-14,KXCPI-26OCT,2026-08-01,3,0.22244897959183677,0.2,0.2,0.18032786885245924,-1.314331557126089,0.02398583923365265
2026-07-14,KXCPI-26SEP,2026-08-05,7,0.22142857142857145,0.2,0.2,0.15789473684210528,-1.1805900372770504,0.02719387755102041
2026-07-15,KXCPI-26AUG,2026-08-05,5,0.13979591836734695,0.15000000000000002,0.2,0.639344262295082,-0.620057899502036,0.004844856309870888
2026-07-15,KXCPI-26JUL,2026-08-05,28939.46,0.15408163265306124,0.1,0.1,0.49532710280373843,0.3705413004689828,0.0202384423157018
2026-07-15,KXCPI-26NOV,2026-08-02,49.19,0.2326530612244898,0.2,0.2,0.8421052631578945,-0.827130400000001,0.002811328613077886
2026-07-15,KXCPI-26OCT,2026-08-01,0,0.22244897959183677,0.2,0.2,0.18032786885245924,-1.314331557126089,0.02398583923365265
2026-07-15,KXCPI-26SEP,2026-08-05,5,0.1948979591836735,0.2,0.30000000000000004,-0.04672897196261674,-1.2143673848363596,0.017627030403998337
2026-07-16,KXCPI-26AUG,2026-08-05,37.01,0.13979591836734695,0.15000000000000002,0.2,0.639344262295082,-0.620057899502036,0.004844856309870888
2026-07-16,KXCPI-26JUL,2026-08-05,14165.58,0.13673469387755105,0.1,0,0.339622641509434,0.33473037757550017,0.018854643898375684
2026-07-16,KXCPI-26NOV,2026-08-02,11,0.2326530612244898,0.2,0.2,0.8421052631578945,-0.827130400000001,0.002811328613077886
2026-07-16,KXCPI-26OCT,2026-08-01,6,0.22244897959183677,0.2,0.2,0.18032786885245924,-1.314331557126089,0.02398583923365265
2026-07-16,KXCPI-26SEP,2026-08-05,65,0.21734693877551023,0.2,0.2,0.13178294573643418,-1.076479685347577,0.026127655143690136
2026-07-17,KXCPI-26AUG,2026-08-05,92,0.1510204081632653,0.15000000000000002,0.1,1,-1.4931044814708412,0.002703040399833403
2026-07-17,KXCPI-26JUL,2026-08-05,27292.699999999997,0.1285714285714286,0.1,0,0.2800000000000001,0.7127639999999986,0.018367346938775515
2026-07-17,KXCPI-26NOV,2026-08-02,0,0.2326530612244898,0.2,0.2,0.8421052631578945,-0.827130400000001,0.002811328613077886
2026-07-17,KXCPI-26OCT,2026-08-01,1,0.22244897959183677,0.2,0.2,0.18032786885245924,-1.314331557126089,0.02398583923365265
2026-07-17,KXCPI-26SEP,2026-08-05,0,0.21734693877551023,0.2,0.2,0.13178294573643418,-1.076479685347577,0.026127655143690136
2026-07-18,KXCPI-26AUG,2026-08-05,31,0.041836734693877546,0,0,1,-1.203116520843149,0.002637442732194919
2026-07-18,KXCPI-26JUL,2026-08-05,6199.38,0.12040816326530614,0.1,0,0.21276595744680857,-1.163016360477293,0.013665139525197838
2026-07-18,KXCPI-26NOV,2026-08-02,0,0.2326530612244898,0.2,0.2,0.8421052631578945,-0.827130400000001,0.002811328613077886
2026-07-18,KXCPI-26OCT,2026-08-01,26,0.22244897959183677,0.2,0.2,0.18032786885245924,-1.314331557126089,0.02398583923365265
2026-07-18,KXCPI-26SEP,2026-08-05,0,0.21734693877551023,0.2,0.2,0.13178294573643418,-1.076479685347577,0.026127655143690136
2026-07-19,KXCPI-26AUG,2026-08-05,121,0.26326530612244903,0.30000000000000004,0.2,-0.6206896551724139,0.12320399934212123,0.004773011245314454
2026-07-19,KXCPI-26JUL,2026-08-05,2773.34,0.13367346938775512,0.1,0,0.2920353982300885,0.5895005230602308,0.026315077051228663
2026-07-19,KXCPI-26NOV,2026-08-02,0,0.2326530612244898,0.2,0.2,0.8421052631578945,-0.827130400000001,0.002811328613077886
2026-07-19,KXCPI-26OCT,2026-08-01,2,0.2734693877551021,0.2,0.2,1,-1.3776823845346204,0.009704289879216996
2026-07-19,KXCPI-26SEP,2026-08-05,0,0.21734693877551023,0.2,0.2,0.13178294573643418,-1.076479685347577,0.026127655143690136
2026-07-20,KXCPI-26AUG,2026-08-05,110,0.19081632653061226,0.2,0.2,-0.1384615384615384,0.41541960732393335,0.007976884631403584
2026-07-20,KXCPI-26JUL,2026-08-05,12302.32,0.10714285714285715,0.1,0,0.09333333333333338,1.5461267407260442,0.01086734693877551
2026-07-20,KXCPI-26NOV,2026-08-02,0,0.2326530612244898,0.2,0.2,0.8421052631578945,-0.827130400000001,0.002811328613077886
2026-07-20,KXCPI-26OCT,2026-08-01,0,0.2734693877551021,0.2,0.2,1,-1.3776823845346204,0.009704289879216996
2026-07-20,KXCPI-26SEP,2026-08-05,7,0.21734693877551023,0.2,0.2,0.13178294573643418,-1.076479685347577,0.026127655143690136
2026-07-21,KXCPI-26AUG,2026-08-05,31,0.33673469387755106,0.4,0.5,-0.4025974025974026,-1.711044010746521,0.03109954185755935
2026-07-21,KXCPI-26JUL,2026-08-05,5413.18,0.11020408163265308,0.1,0.1,0.1282051282051283,0.7992176503789938,0.012753019575177015
2026-07-21,KXCPI-26NOV,2026-08-02,1,0.2326530612244898,0.2,0.2,0.8421052631578945,-0.827130400000001,0.002811328613077886
2026-07-21,KXCPI-26OCT,2026-08-01,0,0.2734693877551021,0.2,0.2,1,-1.3776823845346204,0.009704289879216996
2026-07-21,KXCPI-26SEP,2026-08-05,2,0.21734693877551023,0.2,0.2,0.13178294573643418,-1.076479685347577,0.026127655143690136
2026-07-22,KXCPI-26AUG,2026-08-05,181,0.32653061224489804,0.2,0.6000000000000001,0.47692307692307695,-1.9180955860099669,0.07419408579758438
2026-07-22,KXCPI-26JUL,2026-08-05,6388.53,0.11938775510204083,0.1,0.1,0.22891566265060245,3.248233503682366,0.01584860474802166
2026-07-22,KXCPI-26NOV,2026-08-02,0,0.2326530612244898,0.2,0.2,0.8421052631578945,-0.827130400000001,0.002811328613077886
2026-07-22,KXCPI-26OCT,2026-08-01,0,0.2734693877551021,0.2,0.2,1,-1.3776823845346204,0.009704289879216996
2026-07-22,KXCPI-26SEP,2026-08-05,0,0.21734693877551023,0.2,0.2,0.13178294573643418,-1.076479685347577,0.026127655143690136
2026-07-23,KXCPI-26AUG,2026-08-05,1254,0.47755102040816333,0.4,0.6000000000000001,0.6551724137931036,-1.6982285663999996,0.015618492294877141
2026-07-23,KXCPI-26JUL,2026-08-05,33365.97,0.10918367346938777,0.1,0.1,0.11688311688311707,-0.5183452687878098,0.011242190753852563
2026-07-23,KXCPI-26NOV,2026-08-02,0,0.2326530612244898,0.2,0.2,0.8421052631578945,-0.827130400000001,0.002811328613077886
2026-07-23,KXCPI-26OCT,2026-08-01,0,0.2734693877551021,0.2,0.2,1,-1.3776823845346204,0.009704289879216996
2026-07-23,KXCPI-26SEP,2026-08-05,27,0.21836734693877552,0.2,0,0.13846153846153852,-1.088628686666691,0.02619325281132862
2026-07-24,KXCPI-26AUG,2026-08-05,132.82,0.2489795918367347,0.2,0.2,0.4137931034482758,-0.8293030192308826,0.022498958767180346
2026-07-24,KXCPI-26JUL,2026-08-05,20775.05,0.09387755102040816,0.1,0.1,-0.08571428571428562,3.323267128961633,0.010778842149104541
2026-07-24,KXCPI-26NOV,2026-08-02,0,0.2326530612244898,0.2,0.2,0.8421052631578945,-0.827130400000001,0.002811328613077886
2026-07-24,KXCPI-26OCT,2026-08-01,0,0.2734693877551021,0.2,0.2,1,-1.3776823845346204,0.009704289879216996
2026-07-24,KXCPI-26SEP,2026-08-05,0,0.21836734693877552,0.2,0,0.13846153846153852,-1.088628686666691,0.02619325281132862
2026-07-25,KXCPI-26AUG,2026-08-05,72,0.27448979591836736,0.2,0.1,0.45911949685534587,-1.3379625993164084,0.03516555601832571
2026-07-25,KXCPI-26JUL,2026-08-05,15900.8,0.10510204081632654,0.1,0.1,0.07462686567164195,-0.13461107032388453,0.00844335693461058
2026-07-25,KXCPI-26NOV,2026-08-02,0,0.2326530612244898,0.2,0.2,0.8421052631578945,-0.827130400000001,0.002811328613077886
2026-07-25,KXCPI-26OCT,2026-08-01,0,0.2734693877551021,0.2,0.2,1,-1.3776823845346204,0.009704289879216996
2026-07-25,KXCPI-26SEP,2026-08-05,95,0.22040816326530616,0.2,0,0.15151515151515166,-1.1409250141137641,0.026726364014993762
2026-07-26,KXCPI-26AUG,2026-08-05,26,0.27448979591836736,0.2,0.1,0.45911949685534587,-1.3379625993164084,0.03516555601832571
2026-07-26,KXCPI-26JUL,2026-08-05,7221.41,0.10816326530612247,0.1,0,0.09756097560975614,0.8956999576553257,0.01299458558933778
2026-07-26,KXCPI-26NOV,2026-08-02,0,0.2326530612244898,0.2,0.2,0.8421052631578945,-0.827130400000001,0.002811328613077886
2026-07-26,KXCPI-26OCT,2026-08-01,0,0.2734693877551021,0.2,0.2,1,-1.3776823845346204,0.009704289879216996
2026-07-26,KXCPI-26SEP,2026-08-05,0,0.22040816326530616,0.2,0,0.15151515151515166,-1.1409250141137641,0.026726364014993762
2026-07-27,KXCPI-26AUG,2026-08-05,0,0.27448979591836736,0.2,0.1,0.45911949685534587,-1.3379625993164084,0.03516555601832571
2026-07-27,KXCPI-26JUL,2026-08-05,11608.529999999999,0.09693877551020409,0.1,0,-0.038961038961038884,0.04777872914850745,0.009888588088296546
2026-07-27,KXCPI-26NOV,2026-08-02,0,0.2326530612244898,0.2,0.2,0.8421052631578945,-0.827130400000001,0.002811328613077886
2026-07-27,KXCPI-26OCT,2026-08-01,0,0.2734693877551021,0.2,0.2,1,-1.3776823845346204,0.009704289879216996
2026-07-27,KXCPI-26SEP,2026-08-05,9,0.21938775510204084,0.2,0.2,0.14503816793893134,-1.1301382774811344,0.02666493127863391
2026-07-28,KXCPI-26AUG,2026-08-05,255.14,0.2561224489795919,0.2,0.2,0.6043956043956042,-0.7618013036786522,0.013891087047063728
2026-07-28,KXCPI-26JUL,2026-08-05,24061.030000000002,0.09081632653061225,0.1,0,-0.12328767123287672,0.6050350840639456,0.010017700957934196
2026-07-28,KXCPI-26NOV,2026-08-02,0,0.2326530612244898,0.2,0.2,0.8421052631578945,-0.827130400000001,0.002811328613077886
2026-07-28,KXCPI-26OCT,2026-08-01,0,0.2734693877551021,0.2,0.2,1,-1.3776823845346204,0.009704289879216996
2026-07-28,KXCPI-26SEP,2026-08-05,0,0.21938775510204084,0.2,0.2,0.14503816793893134,-1.1301382774811344,0.02666493127863391
2026-07-29,KXCPI-26AUG,2026-08-05,229.26999999999998,0.33265306122448984,0.30000000000000004,0.2,0.20512820512820512,-1.3740283895160532,0.033831736776343206
2026-07-29,KXCPI-26JUL,2026-08-05,11036.45,0.09591836734693879,0.1,0,-0.05714285714285711,0.4733638050451914,0.00896293211162016
2026-07-29,KXCPI-26NOV,2026-08-02,0,0.2326530612244898,0.2,0.2,0.8421052631578945,-0.827130400000001,0.002811328613077886
2026-07-29,KXCPI-26OCT,2026-08-01,55,0.3489795918367347,0.2,0.2,1,-1.9605458726646743,0.02331528529779259
2026-07-29,KXCPI-26SEP,2026-08-05,110.88,0.35510204081632657,0.4,0.2,-0.37931034482758597,-1.1968491742493879,0.018596418159100382
2026-07-30,KXCPI-26AUG,2026-08-05,373.67,0.30408163265306126,0.30000000000000004,0.4,0.03999999999999993,-1.0630517127981318,0.015085381091211998
2026-07-30,KXCPI-26JUL,2026-08-05,16846.39,0.09183673469387756,0.1,0,-0.11428571428571423,-0.7059903163580246,0.008096626405664309
2026-07-30,KXCPI-26NOV,2026-08-02,0,0.2326530612244898,0.2,0.2,0.8421052631578945,-0.827130400000001,0.002811328613077886
2026-07-30,KXCPI-26OCT,2026-08-01,3,0.40102040816326534,0.35,0.30000000000000004,1.0000000000000002,-1.8541852998001371,0.010509162848812995
2026-07-30,KXCPI-26SEP,2026-08-05,39,0.35918367346938784,0.4,0.4,-0.39215686274509787,-1.066899955840545,0.0175177009579342
2026-07-31,KXCPI-26AUG,2026-08-05,314.76,0.313265306122449,0.30000000000000004,0.1,0.0884353741496598,-0.8976086028478583,0.032987296959600176
2026-07-31,KXCPI-26JUL,2026-08-05,4655.78,0.10408163265306124,0.1,0,0.0526315789473685,1.5889581124932395,0.011820074968763018
2026-07-31,KXCPI-26NOV,2026-08-02,14,0.2326530612244898,0.2,0.2,0.8421052631578945,-0.827130400000001,0.002811328613077886
2026-07-31,KXCPI-26OCT,2026-08-01,1,0.4040816326530613,0.4,0.30000000000000004,0.041666666666667164,-1.8206320442072057,0.010187421907538526
2026-07-31,KXCPI-26SEP,2026-08-05,364,0.24183673469387756,0.2,0.1,0.3831775700934581,-1.6049637780036432,0.015086422324031658
2026-08-01,KXCPI-26AUG,2026-08-05,237,0.2785714285714286,0.30000000000000004,0,-0.10769230769230771,-1.390137825991672,0.05372448979591838
2026-08-01,KXCPI-26JUL,2026-08-05,3564.3900000000003,0.10816326530612246,0.1,0,0.10256410256410256,-0.2628235251630051,0.010953769262807165
2026-08-01,KXCPI-26NOV,2026-08-02,92,0.2510204081632653,0.2,0.4,0.5000000000000002,-1.5968816884515942,0.014743856726364019
2026-08-01,KXCPI-26OCT,2026-08-01,10,0.3489795918367347,0.2,0.2,1,-1.9605458726646743,0.02331528529779259
2026-08-01,KXCPI-26SEP,2026-08-05,192,0.24183673469387756,0.2,0.1,0.3831775700934581,-1.6049637780036432,0.015086422324031658
2026-08-02,KXCPI-26AUG,2026-08-05,42,0.3571428571428572,0.30000000000000004,0.30000000000000004,0.4745762711864405,-0.5750650829081629,0.022857142857142864
2026-08-02,KXCPI-26JUL,2026-08-05,16823.92,0.11530612244897961,0.1,0,0.1807228915662652,-0.8241946908602786,0.01211266139108705
2026-08-02,KXCPI-26NOV,2026-08-02,10,0.3285714285714286,0.30000000000000004,0.30000000000000004,0.6666666666666667,-0.6226640138408306,0.003469387755102042
2026-08-02,KXCPI-26SEP,2026-08-05,31,0.5061224489795919,0.5,0.30000000000000004,0.041666666666666775,-1.6289525154329358,0.027309454394002505
2026-08-03,KXCPI-26AUG,2026-08-05,132,0.3459183673469388,0.30000000000000004,0.2,0.3488372093023255,-0.769294135822121,0.025136401499375266
2026-08-03,KXCPI-26JUL,2026-08-05,8044.38,0.10816326530612246,0.1,0.1,0.11111111111111106,0.017072423230476197,0.010137442732194921
2026-08-03,KXCPI-26SEP,2026-08-05,35,0.4704081632653062,0.5,0.2,-0.16201117318435732,-1.6336734772254966,0.04392024156601417
2026-08-04,KXCPI-26AUG,2026-08-05,41,0.32857142857142857,0.30000000000000004,0.2,0.24999999999999978,-1.000867307958477,0.01734693877551021
2026-08-04,KXCPI-26JUL,2026-08-05,58371.34,0.09387755102040816,0.1,0.1,-0.09090909090909084,3.79276498998403,0.010370678883798421
2026-08-04,KXCPI-26SEP,2026-08-05,36,0.5357142857142858,0.5,0.4,0.3043478260869568,-1.4896730542665688,0.017193877551020413
2026-08-05,KXCPI-26AUG,2026-08-05,73,0.3408163265306123,0.30000000000000004,0.2,0.3225806451612902,-0.37837830584099574,0.02364014993752604
2026-08-05,KXCPI-26JUL,2026-08-05,20172.4,0.09183673469387756,0.1,0,-0.12121212121212119,-0.5263378083150121,0.007688463140358185
2026-08-05,KXCPI-26SEP,2026-08-05,6,0.5091836734693878,0.5,0.7000000000000001,0.06382978723404292,-1.4796318710780672,0.026752394835485225
