date,contract_preamble,volume,5.6,5.7,5.2,5.3,5,5.1,4.5,4.6,4.2,4.3,3.9,4,3.5,3.6,3.7,3.8,3.3,3.4,3.2,4.1,4.4,4.7,4.8,4.9,5.4,5.5,5.8,5.9,6,3.1
2021-07-06,U3-21JUL,0,24.489795918367346,75.51020408163265,NA,NA,NA,NA,NA,NA,NA,NA,NA,NA,NA,NA,NA,NA,NA,NA,NA,NA,NA,NA,NA,NA,NA,NA,NA,NA,NA,NA
2021-07-07,U3-21JUL,30,24.489795918367346,75.51020408163265,NA,NA,NA,NA,NA,NA,NA,NA,NA,NA,NA,NA,NA,NA,NA,NA,NA,NA,NA,NA,NA,NA,NA,NA,NA,NA,NA,NA
2021-07-08,U3-21JUL,25,20.408163265306122,79.59183673469387,NA,NA,NA,NA,NA,NA,NA,NA,NA,NA,NA,NA,NA,NA,NA,NA,NA,NA,NA,NA,NA,NA,NA,NA,NA,NA,NA,NA
2021-07-09,U3-21JUL,313,22.448979591836736,77.55102040816327,NA,NA,NA,NA,NA,NA,NA,NA,NA,NA,NA,NA,NA,NA,NA,NA,NA,NA,NA,NA,NA,NA,NA,NA,NA,NA,NA,NA
2021-07-10,U3-21JUL,0,22.448979591836736,77.55102040816327,NA,NA,NA,NA,NA,NA,NA,NA,NA,NA,NA,NA,NA,NA,NA,NA,NA,NA,NA,NA,NA,NA,NA,NA,NA,NA,NA,NA
2021-07-11,U3-21JUL,61,28.571428571428573,71.42857142857143,NA,NA,NA,NA,NA,NA,NA,NA,NA,NA,NA,NA,NA,NA,NA,NA,NA,NA,NA,NA,NA,NA,NA,NA,NA,NA,NA,NA
2021-07-12,U3-21JUL,4,22.448979591836736,77.55102040816327,NA,NA,NA,NA,NA,NA,NA,NA,NA,NA,NA,NA,NA,NA,NA,NA,NA,NA,NA,NA,NA,NA,NA,NA,NA,NA,NA,NA
2021-07-13,U3-21JUL,165,25.510204081632654,74.48979591836735,NA,NA,NA,NA,NA,NA,NA,NA,NA,NA,NA,NA,NA,NA,NA,NA,NA,NA,NA,NA,NA,NA,NA,NA,NA,NA,NA,NA
2021-07-14,U3-21JUL,50,25.510204081632654,74.48979591836735,NA,NA,NA,NA,NA,NA,NA,NA,NA,NA,NA,NA,NA,NA,NA,NA,NA,NA,NA,NA,NA,NA,NA,NA,NA,NA,NA,NA
2021-07-15,U3-21JUL,215,32.6530612244898,67.34693877551021,NA,NA,NA,NA,NA,NA,NA,NA,NA,NA,NA,NA,NA,NA,NA,NA,NA,NA,NA,NA,NA,NA,NA,NA,NA,NA,NA,NA
2021-07-16,U3-21JUL,55,28.571428571428573,71.42857142857143,NA,NA,NA,NA,NA,NA,NA,NA,NA,NA,NA,NA,NA,NA,NA,NA,NA,NA,NA,NA,NA,NA,NA,NA,NA,NA,NA,NA
2021-07-17,U3-21JUL,100,33.673469387755105,66.3265306122449,NA,NA,NA,NA,NA,NA,NA,NA,NA,NA,NA,NA,NA,NA,NA,NA,NA,NA,NA,NA,NA,NA,NA,NA,NA,NA,NA,NA
2021-07-18,U3-21JUL,50,31.632653061224488,68.36734693877551,NA,NA,NA,NA,NA,NA,NA,NA,NA,NA,NA,NA,NA,NA,NA,NA,NA,NA,NA,NA,NA,NA,NA,NA,NA,NA,NA,NA
2021-07-19,U3-21JUL,14,33.673469387755105,66.3265306122449,NA,NA,NA,NA,NA,NA,NA,NA,NA,NA,NA,NA,NA,NA,NA,NA,NA,NA,NA,NA,NA,NA,NA,NA,NA,NA,NA,NA
2021-07-20,U3-21JUL,216,35.714285714285715,64.28571428571429,NA,NA,NA,NA,NA,NA,NA,NA,NA,NA,NA,NA,NA,NA,NA,NA,NA,NA,NA,NA,NA,NA,NA,NA,NA,NA,NA,NA
2021-07-21,U3-21JUL,10,32.6530612244898,67.34693877551021,NA,NA,NA,NA,NA,NA,NA,NA,NA,NA,NA,NA,NA,NA,NA,NA,NA,NA,NA,NA,NA,NA,NA,NA,NA,NA,NA,NA
2021-07-22,U3-21JUL,20,32.6530612244898,67.34693877551021,NA,NA,NA,NA,NA,NA,NA,NA,NA,NA,NA,NA,NA,NA,NA,NA,NA,NA,NA,NA,NA,NA,NA,NA,NA,NA,NA,NA
2021-07-23,U3-21JUL,0,32.6530612244898,67.34693877551021,NA,NA,NA,NA,NA,NA,NA,NA,NA,NA,NA,NA,NA,NA,NA,NA,NA,NA,NA,NA,NA,NA,NA,NA,NA,NA,NA,NA
2021-07-24,U3-21JUL,152,35.714285714285715,64.28571428571429,NA,NA,NA,NA,NA,NA,NA,NA,NA,NA,NA,NA,NA,NA,NA,NA,NA,NA,NA,NA,NA,NA,NA,NA,NA,NA,NA,NA
2021-07-25,U3-21JUL,0,35.714285714285715,64.28571428571429,NA,NA,NA,NA,NA,NA,NA,NA,NA,NA,NA,NA,NA,NA,NA,NA,NA,NA,NA,NA,NA,NA,NA,NA,NA,NA,NA,NA
2021-07-26,U3-21JUL,180,37.755102040816325,62.244897959183675,NA,NA,NA,NA,NA,NA,NA,NA,NA,NA,NA,NA,NA,NA,NA,NA,NA,NA,NA,NA,NA,NA,NA,NA,NA,NA,NA,NA
2021-07-27,U3-21JUL,108,35.714285714285715,64.28571428571429,NA,NA,NA,NA,NA,NA,NA,NA,NA,NA,NA,NA,NA,NA,NA,NA,NA,NA,NA,NA,NA,NA,NA,NA,NA,NA,NA,NA
2021-07-28,U3-21JUL,0,35.714285714285715,64.28571428571429,NA,NA,NA,NA,NA,NA,NA,NA,NA,NA,NA,NA,NA,NA,NA,NA,NA,NA,NA,NA,NA,NA,NA,NA,NA,NA,NA,NA
2021-07-29,U3-21JUL,0,35.714285714285715,64.28571428571429,NA,NA,NA,NA,NA,NA,NA,NA,NA,NA,NA,NA,NA,NA,NA,NA,NA,NA,NA,NA,NA,NA,NA,NA,NA,NA,NA,NA
2021-07-30,U3-21JUL,53,35.714285714285715,64.28571428571429,NA,NA,NA,NA,NA,NA,NA,NA,NA,NA,NA,NA,NA,NA,NA,NA,NA,NA,NA,NA,NA,NA,NA,NA,NA,NA,NA,NA
2021-07-31,U3-21JUL,101,38.775510204081634,61.224489795918366,NA,NA,NA,NA,NA,NA,NA,NA,NA,NA,NA,NA,NA,NA,NA,NA,NA,NA,NA,NA,NA,NA,NA,NA,NA,NA,NA,NA
2021-08-01,U3-21JUL,0,38.775510204081634,61.224489795918366,NA,NA,NA,NA,NA,NA,NA,NA,NA,NA,NA,NA,NA,NA,NA,NA,NA,NA,NA,NA,NA,NA,NA,NA,NA,NA,NA,NA
2021-08-02,U3-21JUL,447,42.85714285714287,57.14285714285713,NA,NA,NA,NA,NA,NA,NA,NA,NA,NA,NA,NA,NA,NA,NA,NA,NA,NA,NA,NA,NA,NA,NA,NA,NA,NA,NA,NA
2021-08-03,U3-21JUL,898,43.877551020408156,56.122448979591844,NA,NA,NA,NA,NA,NA,NA,NA,NA,NA,NA,NA,NA,NA,NA,NA,NA,NA,NA,NA,NA,NA,NA,NA,NA,NA,NA,NA
2021-08-04,U3-21JUL,1320,35.714285714285715,64.28571428571429,NA,NA,NA,NA,NA,NA,NA,NA,NA,NA,NA,NA,NA,NA,NA,NA,NA,NA,NA,NA,NA,NA,NA,NA,NA,NA,NA,NA
2021-08-05,U3-21JUL,1120,46.93877551020408,53.06122448979592,NA,NA,NA,NA,NA,NA,NA,NA,NA,NA,NA,NA,NA,NA,NA,NA,NA,NA,NA,NA,NA,NA,NA,NA,NA,NA,NA,NA
2021-08-08,U3-21AUG,150,NA,NA,52.04081632653061,47.95918367346939,NA,NA,NA,NA,NA,NA,NA,NA,NA,NA,NA,NA,NA,NA,NA,NA,NA,NA,NA,NA,NA,NA,NA,NA,NA,NA
2021-08-09,U3-21AUG,238,NA,NA,50,50,NA,NA,NA,NA,NA,NA,NA,NA,NA,NA,NA,NA,NA,NA,NA,NA,NA,NA,NA,NA,NA,NA,NA,NA,NA,NA
2021-08-10,U3-21AUG,0,NA,NA,50,50,NA,NA,NA,NA,NA,NA,NA,NA,NA,NA,NA,NA,NA,NA,NA,NA,NA,NA,NA,NA,NA,NA,NA,NA,NA,NA
2021-08-11,U3-21AUG,0,NA,NA,50,50,NA,NA,NA,NA,NA,NA,NA,NA,NA,NA,NA,NA,NA,NA,NA,NA,NA,NA,NA,NA,NA,NA,NA,NA,NA,NA
2021-08-12,U3-21AUG,0,NA,NA,50,50,NA,NA,NA,NA,NA,NA,NA,NA,NA,NA,NA,NA,NA,NA,NA,NA,NA,NA,NA,NA,NA,NA,NA,NA,NA,NA
2021-08-13,U3-21AUG,1,NA,NA,47.95918367346939,52.04081632653061,NA,NA,NA,NA,NA,NA,NA,NA,NA,NA,NA,NA,NA,NA,NA,NA,NA,NA,NA,NA,NA,NA,NA,NA,NA,NA
2021-08-14,U3-21AUG,63,NA,NA,51.02040816326531,48.97959183673469,NA,NA,NA,NA,NA,NA,NA,NA,NA,NA,NA,NA,NA,NA,NA,NA,NA,NA,NA,NA,NA,NA,NA,NA,NA,NA
2021-08-15,U3-21AUG,0,NA,NA,51.02040816326531,48.97959183673469,NA,NA,NA,NA,NA,NA,NA,NA,NA,NA,NA,NA,NA,NA,NA,NA,NA,NA,NA,NA,NA,NA,NA,NA,NA,NA
2021-08-16,U3-21AUG,30,NA,NA,53.06122448979592,46.93877551020408,NA,NA,NA,NA,NA,NA,NA,NA,NA,NA,NA,NA,NA,NA,NA,NA,NA,NA,NA,NA,NA,NA,NA,NA,NA,NA
2021-08-17,U3-21AUG,40,NA,NA,53.06122448979592,46.93877551020408,NA,NA,NA,NA,NA,NA,NA,NA,NA,NA,NA,NA,NA,NA,NA,NA,NA,NA,NA,NA,NA,NA,NA,NA,NA,NA
2021-08-18,U3-21AUG,201,NA,NA,51.02040816326531,48.97959183673469,NA,NA,NA,NA,NA,NA,NA,NA,NA,NA,NA,NA,NA,NA,NA,NA,NA,NA,NA,NA,NA,NA,NA,NA,NA,NA
2021-08-19,U3-21AUG,48,NA,NA,51.02040816326531,48.97959183673469,NA,NA,NA,NA,NA,NA,NA,NA,NA,NA,NA,NA,NA,NA,NA,NA,NA,NA,NA,NA,NA,NA,NA,NA,NA,NA
2021-08-20,U3-21AUG,0,NA,NA,51.02040816326531,48.97959183673469,NA,NA,NA,NA,NA,NA,NA,NA,NA,NA,NA,NA,NA,NA,NA,NA,NA,NA,NA,NA,NA,NA,NA,NA,NA,NA
2021-08-21,U3-21AUG,1,NA,NA,51.02040816326531,48.97959183673469,NA,NA,NA,NA,NA,NA,NA,NA,NA,NA,NA,NA,NA,NA,NA,NA,NA,NA,NA,NA,NA,NA,NA,NA,NA,NA
2021-08-22,U3-21AUG,100,NA,NA,50,50,NA,NA,NA,NA,NA,NA,NA,NA,NA,NA,NA,NA,NA,NA,NA,NA,NA,NA,NA,NA,NA,NA,NA,NA,NA,NA
2021-08-23,U3-21AUG,69,NA,NA,52.04081632653061,47.95918367346939,NA,NA,NA,NA,NA,NA,NA,NA,NA,NA,NA,NA,NA,NA,NA,NA,NA,NA,NA,NA,NA,NA,NA,NA,NA,NA
2021-08-24,U3-21AUG,7,NA,NA,52.04081632653061,47.95918367346939,NA,NA,NA,NA,NA,NA,NA,NA,NA,NA,NA,NA,NA,NA,NA,NA,NA,NA,NA,NA,NA,NA,NA,NA,NA,NA
2021-08-25,U3-21AUG,2,NA,NA,51.02040816326531,48.97959183673469,NA,NA,NA,NA,NA,NA,NA,NA,NA,NA,NA,NA,NA,NA,NA,NA,NA,NA,NA,NA,NA,NA,NA,NA,NA,NA
2021-08-26,U3-21AUG,70,NA,NA,50,50,NA,NA,NA,NA,NA,NA,NA,NA,NA,NA,NA,NA,NA,NA,NA,NA,NA,NA,NA,NA,NA,NA,NA,NA,NA,NA
2021-08-27,U3-21AUG,52,NA,NA,51.02040816326531,48.97959183673469,NA,NA,NA,NA,NA,NA,NA,NA,NA,NA,NA,NA,NA,NA,NA,NA,NA,NA,NA,NA,NA,NA,NA,NA,NA,NA
2021-08-28,U3-21AUG,0,NA,NA,51.02040816326531,48.97959183673469,NA,NA,NA,NA,NA,NA,NA,NA,NA,NA,NA,NA,NA,NA,NA,NA,NA,NA,NA,NA,NA,NA,NA,NA,NA,NA
2021-08-29,U3-21AUG,0,NA,NA,51.02040816326531,48.97959183673469,NA,NA,NA,NA,NA,NA,NA,NA,NA,NA,NA,NA,NA,NA,NA,NA,NA,NA,NA,NA,NA,NA,NA,NA,NA,NA
2021-08-30,U3-21AUG,0,NA,NA,51.02040816326531,48.97959183673469,NA,NA,NA,NA,NA,NA,NA,NA,NA,NA,NA,NA,NA,NA,NA,NA,NA,NA,NA,NA,NA,NA,NA,NA,NA,NA
2021-08-31,U3-21AUG,702,NA,NA,62.244897959183675,37.755102040816325,NA,NA,NA,NA,NA,NA,NA,NA,NA,NA,NA,NA,NA,NA,NA,NA,NA,NA,NA,NA,NA,NA,NA,NA,NA,NA
2021-09-01,U3-21AUG,667,NA,NA,63.265306122448976,36.734693877551024,NA,NA,NA,NA,NA,NA,NA,NA,NA,NA,NA,NA,NA,NA,NA,NA,NA,NA,NA,NA,NA,NA,NA,NA,NA,NA
2021-09-02,U3-21AUG,192,NA,NA,65.3061224489796,34.69387755102041,NA,NA,NA,NA,NA,NA,NA,NA,NA,NA,NA,NA,NA,NA,NA,NA,NA,NA,NA,NA,NA,NA,NA,NA,NA,NA
2021-09-07,U3-21SEP,61,NA,NA,NA,NA,69.38775510204081,30.612244897959183,NA,NA,NA,NA,NA,NA,NA,NA,NA,NA,NA,NA,NA,NA,NA,NA,NA,NA,NA,NA,NA,NA,NA,NA
2021-09-08,U3-21SEP,121,NA,NA,NA,NA,71.42857142857143,28.571428571428566,NA,NA,NA,NA,NA,NA,NA,NA,NA,NA,NA,NA,NA,NA,NA,NA,NA,NA,NA,NA,NA,NA,NA,NA
2021-09-09,U3-21SEP,0,NA,NA,NA,NA,71.42857142857143,28.571428571428566,NA,NA,NA,NA,NA,NA,NA,NA,NA,NA,NA,NA,NA,NA,NA,NA,NA,NA,NA,NA,NA,NA,NA,NA
2021-09-10,U3-21SEP,0,NA,NA,NA,NA,71.42857142857143,28.571428571428566,NA,NA,NA,NA,NA,NA,NA,NA,NA,NA,NA,NA,NA,NA,NA,NA,NA,NA,NA,NA,NA,NA,NA,NA
2021-09-11,U3-21SEP,0,NA,NA,NA,NA,71.42857142857143,28.571428571428566,NA,NA,NA,NA,NA,NA,NA,NA,NA,NA,NA,NA,NA,NA,NA,NA,NA,NA,NA,NA,NA,NA,NA,NA
2021-09-12,U3-21SEP,0,NA,NA,NA,NA,71.42857142857143,28.571428571428566,NA,NA,NA,NA,NA,NA,NA,NA,NA,NA,NA,NA,NA,NA,NA,NA,NA,NA,NA,NA,NA,NA,NA,NA
2021-09-13,U3-21SEP,0,NA,NA,NA,NA,71.42857142857143,28.571428571428566,NA,NA,NA,NA,NA,NA,NA,NA,NA,NA,NA,NA,NA,NA,NA,NA,NA,NA,NA,NA,NA,NA,NA,NA
2021-09-14,U3-21SEP,11,NA,NA,NA,NA,72.44897959183673,27.55102040816327,NA,NA,NA,NA,NA,NA,NA,NA,NA,NA,NA,NA,NA,NA,NA,NA,NA,NA,NA,NA,NA,NA,NA,NA
2021-09-15,U3-21SEP,0,NA,NA,NA,NA,72.44897959183673,27.55102040816327,NA,NA,NA,NA,NA,NA,NA,NA,NA,NA,NA,NA,NA,NA,NA,NA,NA,NA,NA,NA,NA,NA,NA,NA
2021-09-16,U3-21SEP,0,NA,NA,NA,NA,72.44897959183673,27.55102040816327,NA,NA,NA,NA,NA,NA,NA,NA,NA,NA,NA,NA,NA,NA,NA,NA,NA,NA,NA,NA,NA,NA,NA,NA
2021-09-17,U3-21SEP,0,NA,NA,NA,NA,72.44897959183673,27.55102040816327,NA,NA,NA,NA,NA,NA,NA,NA,NA,NA,NA,NA,NA,NA,NA,NA,NA,NA,NA,NA,NA,NA,NA,NA
2021-09-18,U3-21SEP,0,NA,NA,NA,NA,72.44897959183673,27.55102040816327,NA,NA,NA,NA,NA,NA,NA,NA,NA,NA,NA,NA,NA,NA,NA,NA,NA,NA,NA,NA,NA,NA,NA,NA
2021-09-19,U3-21SEP,0,NA,NA,NA,NA,72.44897959183673,27.55102040816327,NA,NA,NA,NA,NA,NA,NA,NA,NA,NA,NA,NA,NA,NA,NA,NA,NA,NA,NA,NA,NA,NA,NA,NA
2021-09-20,U3-21SEP,0,NA,NA,NA,NA,72.44897959183673,27.55102040816327,NA,NA,NA,NA,NA,NA,NA,NA,NA,NA,NA,NA,NA,NA,NA,NA,NA,NA,NA,NA,NA,NA,NA,NA
2021-09-21,U3-21SEP,0,NA,NA,NA,NA,72.44897959183673,27.55102040816327,NA,NA,NA,NA,NA,NA,NA,NA,NA,NA,NA,NA,NA,NA,NA,NA,NA,NA,NA,NA,NA,NA,NA,NA
2021-09-22,U3-21SEP,60,NA,NA,NA,NA,72.44897959183673,27.55102040816327,NA,NA,NA,NA,NA,NA,NA,NA,NA,NA,NA,NA,NA,NA,NA,NA,NA,NA,NA,NA,NA,NA,NA,NA
2021-09-23,U3-21SEP,0,NA,NA,NA,NA,72.44897959183673,27.55102040816327,NA,NA,NA,NA,NA,NA,NA,NA,NA,NA,NA,NA,NA,NA,NA,NA,NA,NA,NA,NA,NA,NA,NA,NA
2021-09-24,U3-21SEP,0,NA,NA,NA,NA,72.44897959183673,27.55102040816327,NA,NA,NA,NA,NA,NA,NA,NA,NA,NA,NA,NA,NA,NA,NA,NA,NA,NA,NA,NA,NA,NA,NA,NA
2021-09-25,U3-21SEP,0,NA,NA,NA,NA,72.44897959183673,27.55102040816327,NA,NA,NA,NA,NA,NA,NA,NA,NA,NA,NA,NA,NA,NA,NA,NA,NA,NA,NA,NA,NA,NA,NA,NA
2021-09-26,U3-21SEP,60,NA,NA,NA,NA,70.40816326530613,29.591836734693878,NA,NA,NA,NA,NA,NA,NA,NA,NA,NA,NA,NA,NA,NA,NA,NA,NA,NA,NA,NA,NA,NA,NA,NA
2021-09-27,U3-21SEP,0,NA,NA,NA,NA,70.40816326530613,29.591836734693878,NA,NA,NA,NA,NA,NA,NA,NA,NA,NA,NA,NA,NA,NA,NA,NA,NA,NA,NA,NA,NA,NA,NA,NA
2021-09-28,U3-21SEP,0,NA,NA,NA,NA,70.40816326530613,29.591836734693878,NA,NA,NA,NA,NA,NA,NA,NA,NA,NA,NA,NA,NA,NA,NA,NA,NA,NA,NA,NA,NA,NA,NA,NA
2021-09-29,U3-21SEP,34,NA,NA,NA,NA,72.44897959183673,27.55102040816327,NA,NA,NA,NA,NA,NA,NA,NA,NA,NA,NA,NA,NA,NA,NA,NA,NA,NA,NA,NA,NA,NA,NA,NA
2021-09-30,U3-21SEP,0,NA,NA,NA,NA,72.44897959183673,27.55102040816327,NA,NA,NA,NA,NA,NA,NA,NA,NA,NA,NA,NA,NA,NA,NA,NA,NA,NA,NA,NA,NA,NA,NA,NA
2021-10-01,U3-21SEP,0,NA,NA,NA,NA,72.44897959183673,27.55102040816327,NA,NA,NA,NA,NA,NA,NA,NA,NA,NA,NA,NA,NA,NA,NA,NA,NA,NA,NA,NA,NA,NA,NA,NA
2021-10-02,U3-21SEP,21,NA,NA,NA,NA,73.46938775510205,26.53061224489796,NA,NA,NA,NA,NA,NA,NA,NA,NA,NA,NA,NA,NA,NA,NA,NA,NA,NA,NA,NA,NA,NA,NA,NA
2021-10-03,U3-21SEP,61,NA,NA,NA,NA,69.38775510204081,30.612244897959183,NA,NA,NA,NA,NA,NA,NA,NA,NA,NA,NA,NA,NA,NA,NA,NA,NA,NA,NA,NA,NA,NA,NA,NA
2021-10-04,U3-21SEP,26,NA,NA,NA,NA,73.46938775510205,26.53061224489796,NA,NA,NA,NA,NA,NA,NA,NA,NA,NA,NA,NA,NA,NA,NA,NA,NA,NA,NA,NA,NA,NA,NA,NA
2021-10-05,U3-21SEP,621,NA,NA,NA,NA,70.40816326530613,29.591836734693878,NA,NA,NA,NA,NA,NA,NA,NA,NA,NA,NA,NA,NA,NA,NA,NA,NA,NA,NA,NA,NA,NA,NA,NA
2021-10-06,U3-21SEP,50,NA,NA,NA,NA,66.3265306122449,33.673469387755105,NA,NA,NA,NA,NA,NA,NA,NA,NA,NA,NA,NA,NA,NA,NA,NA,NA,NA,NA,NA,NA,NA,NA,NA
2021-10-07,U3-21SEP,721,NA,NA,NA,NA,71.42857142857143,28.571428571428566,NA,NA,NA,NA,NA,NA,NA,NA,NA,NA,NA,NA,NA,NA,NA,NA,NA,NA,NA,NA,NA,NA,NA,NA
2021-10-09,U3-21OCT,3,NA,NA,NA,NA,NA,NA,25.510204081632654,74.48979591836735,NA,NA,NA,NA,NA,NA,NA,NA,NA,NA,NA,NA,NA,NA,NA,NA,NA,NA,NA,NA,NA,NA
2021-10-10,U3-21OCT,54,NA,NA,NA,NA,NA,NA,25.510204081632654,74.48979591836735,NA,NA,NA,NA,NA,NA,NA,NA,NA,NA,NA,NA,NA,NA,NA,NA,NA,NA,NA,NA,NA,NA
2021-10-11,U3-21OCT,0,NA,NA,NA,NA,NA,NA,25.510204081632654,74.48979591836735,NA,NA,NA,NA,NA,NA,NA,NA,NA,NA,NA,NA,NA,NA,NA,NA,NA,NA,NA,NA,NA,NA
2021-10-12,U3-21OCT,0,NA,NA,NA,NA,NA,NA,25.510204081632654,74.48979591836735,NA,NA,NA,NA,NA,NA,NA,NA,NA,NA,NA,NA,NA,NA,NA,NA,NA,NA,NA,NA,NA,NA
2021-10-13,U3-21OCT,0,NA,NA,NA,NA,NA,NA,25.510204081632654,74.48979591836735,NA,NA,NA,NA,NA,NA,NA,NA,NA,NA,NA,NA,NA,NA,NA,NA,NA,NA,NA,NA,NA,NA
2021-10-14,U3-21OCT,0,NA,NA,NA,NA,NA,NA,25.510204081632654,74.48979591836735,NA,NA,NA,NA,NA,NA,NA,NA,NA,NA,NA,NA,NA,NA,NA,NA,NA,NA,NA,NA,NA,NA
2021-10-15,U3-21OCT,0,NA,NA,NA,NA,NA,NA,25.510204081632654,74.48979591836735,NA,NA,NA,NA,NA,NA,NA,NA,NA,NA,NA,NA,NA,NA,NA,NA,NA,NA,NA,NA,NA,NA
2021-10-16,U3-21OCT,0,NA,NA,NA,NA,NA,NA,25.510204081632654,74.48979591836735,NA,NA,NA,NA,NA,NA,NA,NA,NA,NA,NA,NA,NA,NA,NA,NA,NA,NA,NA,NA,NA,NA
2021-10-17,U3-21OCT,100,NA,NA,NA,NA,NA,NA,25.510204081632654,74.48979591836735,NA,NA,NA,NA,NA,NA,NA,NA,NA,NA,NA,NA,NA,NA,NA,NA,NA,NA,NA,NA,NA,NA
2021-10-18,U3-21OCT,193,NA,NA,NA,NA,NA,NA,28.571428571428573,71.42857142857143,NA,NA,NA,NA,NA,NA,NA,NA,NA,NA,NA,NA,NA,NA,NA,NA,NA,NA,NA,NA,NA,NA
2021-10-19,U3-21OCT,0,NA,NA,NA,NA,NA,NA,28.571428571428573,71.42857142857143,NA,NA,NA,NA,NA,NA,NA,NA,NA,NA,NA,NA,NA,NA,NA,NA,NA,NA,NA,NA,NA,NA
2021-10-20,U3-21OCT,9,NA,NA,NA,NA,NA,NA,28.571428571428573,71.42857142857143,NA,NA,NA,NA,NA,NA,NA,NA,NA,NA,NA,NA,NA,NA,NA,NA,NA,NA,NA,NA,NA,NA
2021-10-21,U3-21OCT,0,NA,NA,NA,NA,NA,NA,28.571428571428573,71.42857142857143,NA,NA,NA,NA,NA,NA,NA,NA,NA,NA,NA,NA,NA,NA,NA,NA,NA,NA,NA,NA,NA,NA
2021-10-22,U3-21OCT,0,NA,NA,NA,NA,NA,NA,28.571428571428573,71.42857142857143,NA,NA,NA,NA,NA,NA,NA,NA,NA,NA,NA,NA,NA,NA,NA,NA,NA,NA,NA,NA,NA,NA
2021-10-23,U3-21OCT,0,NA,NA,NA,NA,NA,NA,28.571428571428573,71.42857142857143,NA,NA,NA,NA,NA,NA,NA,NA,NA,NA,NA,NA,NA,NA,NA,NA,NA,NA,NA,NA,NA,NA
2021-10-24,U3-21OCT,0,NA,NA,NA,NA,NA,NA,28.571428571428573,71.42857142857143,NA,NA,NA,NA,NA,NA,NA,NA,NA,NA,NA,NA,NA,NA,NA,NA,NA,NA,NA,NA,NA,NA
2021-10-25,U3-21OCT,0,NA,NA,NA,NA,NA,NA,28.571428571428573,71.42857142857143,NA,NA,NA,NA,NA,NA,NA,NA,NA,NA,NA,NA,NA,NA,NA,NA,NA,NA,NA,NA,NA,NA
2021-10-26,U3-21OCT,0,NA,NA,NA,NA,NA,NA,28.571428571428573,71.42857142857143,NA,NA,NA,NA,NA,NA,NA,NA,NA,NA,NA,NA,NA,NA,NA,NA,NA,NA,NA,NA,NA,NA
2021-10-27,U3-21OCT,0,NA,NA,NA,NA,NA,NA,28.571428571428573,71.42857142857143,NA,NA,NA,NA,NA,NA,NA,NA,NA,NA,NA,NA,NA,NA,NA,NA,NA,NA,NA,NA,NA,NA
2021-10-28,U3-21OCT,130,NA,NA,NA,NA,NA,NA,27.551020408163264,72.44897959183673,NA,NA,NA,NA,NA,NA,NA,NA,NA,NA,NA,NA,NA,NA,NA,NA,NA,NA,NA,NA,NA,NA
2021-10-29,U3-21OCT,417,NA,NA,NA,NA,NA,NA,28.571428571428573,71.42857142857143,NA,NA,NA,NA,NA,NA,NA,NA,NA,NA,NA,NA,NA,NA,NA,NA,NA,NA,NA,NA,NA,NA
2021-10-30,U3-21OCT,0,NA,NA,NA,NA,NA,NA,28.571428571428573,71.42857142857143,NA,NA,NA,NA,NA,NA,NA,NA,NA,NA,NA,NA,NA,NA,NA,NA,NA,NA,NA,NA,NA,NA
2021-10-31,U3-21OCT,0,NA,NA,NA,NA,NA,NA,28.571428571428573,71.42857142857143,NA,NA,NA,NA,NA,NA,NA,NA,NA,NA,NA,NA,NA,NA,NA,NA,NA,NA,NA,NA,NA,NA
2021-11-01,U3-21OCT,537,NA,NA,NA,NA,NA,NA,33.673469387755105,66.3265306122449,NA,NA,NA,NA,NA,NA,NA,NA,NA,NA,NA,NA,NA,NA,NA,NA,NA,NA,NA,NA,NA,NA
2021-11-02,U3-21OCT,128,NA,NA,NA,NA,NA,NA,35.714285714285715,64.28571428571429,NA,NA,NA,NA,NA,NA,NA,NA,NA,NA,NA,NA,NA,NA,NA,NA,NA,NA,NA,NA,NA,NA
2021-11-03,U3-21OCT,84,NA,NA,NA,NA,NA,NA,29.591836734693878,70.40816326530613,NA,NA,NA,NA,NA,NA,NA,NA,NA,NA,NA,NA,NA,NA,NA,NA,NA,NA,NA,NA,NA,NA
2021-11-04,U3-21OCT,1022,NA,NA,NA,NA,NA,NA,38.775510204081634,61.224489795918366,NA,NA,NA,NA,NA,NA,NA,NA,NA,NA,NA,NA,NA,NA,NA,NA,NA,NA,NA,NA,NA,NA
2021-11-08,U3-21NOV,28,NA,NA,NA,NA,NA,NA,NA,NA,31.632653061224488,68.36734693877551,NA,NA,NA,NA,NA,NA,NA,NA,NA,NA,NA,NA,NA,NA,NA,NA,NA,NA,NA,NA
2021-11-09,U3-21NOV,216,NA,NA,NA,NA,NA,NA,NA,NA,33.673469387755105,66.3265306122449,NA,NA,NA,NA,NA,NA,NA,NA,NA,NA,NA,NA,NA,NA,NA,NA,NA,NA,NA,NA
2021-11-10,U3-21NOV,50,NA,NA,NA,NA,NA,NA,NA,NA,28.571428571428573,71.42857142857143,NA,NA,NA,NA,NA,NA,NA,NA,NA,NA,NA,NA,NA,NA,NA,NA,NA,NA,NA,NA
2021-11-11,U3-21NOV,59,NA,NA,NA,NA,NA,NA,NA,NA,32.6530612244898,67.34693877551021,NA,NA,NA,NA,NA,NA,NA,NA,NA,NA,NA,NA,NA,NA,NA,NA,NA,NA,NA,NA
2021-11-12,U3-21NOV,205,NA,NA,NA,NA,NA,NA,NA,NA,28.571428571428573,71.42857142857143,NA,NA,NA,NA,NA,NA,NA,NA,NA,NA,NA,NA,NA,NA,NA,NA,NA,NA,NA,NA
2021-11-13,U3-21NOV,15,NA,NA,NA,NA,NA,NA,NA,NA,29.591836734693878,70.40816326530613,NA,NA,NA,NA,NA,NA,NA,NA,NA,NA,NA,NA,NA,NA,NA,NA,NA,NA,NA,NA
2021-11-14,U3-21NOV,13,NA,NA,NA,NA,NA,NA,NA,NA,26.53061224489796,73.46938775510205,NA,NA,NA,NA,NA,NA,NA,NA,NA,NA,NA,NA,NA,NA,NA,NA,NA,NA,NA,NA
2021-11-15,U3-21NOV,37,NA,NA,NA,NA,NA,NA,NA,NA,25.510204081632654,74.48979591836735,NA,NA,NA,NA,NA,NA,NA,NA,NA,NA,NA,NA,NA,NA,NA,NA,NA,NA,NA,NA
2021-11-16,U3-21NOV,8,NA,NA,NA,NA,NA,NA,NA,NA,24.489795918367346,75.51020408163265,NA,NA,NA,NA,NA,NA,NA,NA,NA,NA,NA,NA,NA,NA,NA,NA,NA,NA,NA,NA
2021-11-17,U3-21NOV,51,NA,NA,NA,NA,NA,NA,NA,NA,28.571428571428573,71.42857142857143,NA,NA,NA,NA,NA,NA,NA,NA,NA,NA,NA,NA,NA,NA,NA,NA,NA,NA,NA,NA
2021-11-18,U3-21NOV,0,NA,NA,NA,NA,NA,NA,NA,NA,28.571428571428573,71.42857142857143,NA,NA,NA,NA,NA,NA,NA,NA,NA,NA,NA,NA,NA,NA,NA,NA,NA,NA,NA,NA
2021-11-19,U3-21NOV,0,NA,NA,NA,NA,NA,NA,NA,NA,28.571428571428573,71.42857142857143,NA,NA,NA,NA,NA,NA,NA,NA,NA,NA,NA,NA,NA,NA,NA,NA,NA,NA,NA,NA
2021-11-20,U3-21NOV,0,NA,NA,NA,NA,NA,NA,NA,NA,28.571428571428573,71.42857142857143,NA,NA,NA,NA,NA,NA,NA,NA,NA,NA,NA,NA,NA,NA,NA,NA,NA,NA,NA,NA
2021-11-21,U3-21NOV,0,NA,NA,NA,NA,NA,NA,NA,NA,28.571428571428573,71.42857142857143,NA,NA,NA,NA,NA,NA,NA,NA,NA,NA,NA,NA,NA,NA,NA,NA,NA,NA,NA,NA
2021-11-22,U3-21NOV,50,NA,NA,NA,NA,NA,NA,NA,NA,28.571428571428573,71.42857142857143,NA,NA,NA,NA,NA,NA,NA,NA,NA,NA,NA,NA,NA,NA,NA,NA,NA,NA,NA,NA
2021-11-23,U3-21NOV,92,NA,NA,NA,NA,NA,NA,NA,NA,25.510204081632654,74.48979591836735,NA,NA,NA,NA,NA,NA,NA,NA,NA,NA,NA,NA,NA,NA,NA,NA,NA,NA,NA,NA
2021-11-24,U3-21NOV,182,NA,NA,NA,NA,NA,NA,NA,NA,31.632653061224488,68.36734693877551,NA,NA,NA,NA,NA,NA,NA,NA,NA,NA,NA,NA,NA,NA,NA,NA,NA,NA,NA,NA
2021-11-25,U3-21NOV,60,NA,NA,NA,NA,NA,NA,NA,NA,32.6530612244898,67.34693877551021,NA,NA,NA,NA,NA,NA,NA,NA,NA,NA,NA,NA,NA,NA,NA,NA,NA,NA,NA,NA
2021-11-26,U3-21NOV,0,NA,NA,NA,NA,NA,NA,NA,NA,32.6530612244898,67.34693877551021,NA,NA,NA,NA,NA,NA,NA,NA,NA,NA,NA,NA,NA,NA,NA,NA,NA,NA,NA,NA
2021-11-27,U3-21NOV,0,NA,NA,NA,NA,NA,NA,NA,NA,32.6530612244898,67.34693877551021,NA,NA,NA,NA,NA,NA,NA,NA,NA,NA,NA,NA,NA,NA,NA,NA,NA,NA,NA,NA
2021-11-28,U3-21NOV,132,NA,NA,NA,NA,NA,NA,NA,NA,28.571428571428573,71.42857142857143,NA,NA,NA,NA,NA,NA,NA,NA,NA,NA,NA,NA,NA,NA,NA,NA,NA,NA,NA,NA
2021-11-29,U3-21NOV,42,NA,NA,NA,NA,NA,NA,NA,NA,31.632653061224488,68.36734693877551,NA,NA,NA,NA,NA,NA,NA,NA,NA,NA,NA,NA,NA,NA,NA,NA,NA,NA,NA,NA
2021-11-30,U3-21NOV,844,NA,NA,NA,NA,NA,NA,NA,NA,27.551020408163264,72.44897959183673,NA,NA,NA,NA,NA,NA,NA,NA,NA,NA,NA,NA,NA,NA,NA,NA,NA,NA,NA,NA
2021-12-01,U3-21NOV,1506,NA,NA,NA,NA,NA,NA,NA,NA,31.632653061224488,68.36734693877551,NA,NA,NA,NA,NA,NA,NA,NA,NA,NA,NA,NA,NA,NA,NA,NA,NA,NA,NA,NA
2021-12-02,U3-21NOV,1084,NA,NA,NA,NA,NA,NA,NA,NA,27.551020408163264,72.44897959183673,NA,NA,NA,NA,NA,NA,NA,NA,NA,NA,NA,NA,NA,NA,NA,NA,NA,NA,NA,NA
2021-12-07,U3-21DEC,213,NA,NA,NA,NA,NA,NA,NA,NA,NA,NA,20.408163265306122,79.59183673469387,NA,NA,NA,NA,NA,NA,NA,NA,NA,NA,NA,NA,NA,NA,NA,NA,NA,NA
2021-12-08,U3-21DEC,186,NA,NA,NA,NA,NA,NA,NA,NA,NA,NA,24.489795918367346,75.51020408163265,NA,NA,NA,NA,NA,NA,NA,NA,NA,NA,NA,NA,NA,NA,NA,NA,NA,NA
2021-12-09,U3-21DEC,103,NA,NA,NA,NA,NA,NA,NA,NA,NA,NA,26.53061224489796,73.46938775510205,NA,NA,NA,NA,NA,NA,NA,NA,NA,NA,NA,NA,NA,NA,NA,NA,NA,NA
2021-12-10,U3-21DEC,623,NA,NA,NA,NA,NA,NA,NA,NA,NA,NA,32.6530612244898,67.34693877551021,NA,NA,NA,NA,NA,NA,NA,NA,NA,NA,NA,NA,NA,NA,NA,NA,NA,NA
2021-12-11,U3-21DEC,0,NA,NA,NA,NA,NA,NA,NA,NA,NA,NA,32.6530612244898,67.34693877551021,NA,NA,NA,NA,NA,NA,NA,NA,NA,NA,NA,NA,NA,NA,NA,NA,NA,NA
2021-12-12,U3-21DEC,277,NA,NA,NA,NA,NA,NA,NA,NA,NA,NA,34.69387755102041,65.3061224489796,NA,NA,NA,NA,NA,NA,NA,NA,NA,NA,NA,NA,NA,NA,NA,NA,NA,NA
2021-12-13,U3-21DEC,0,NA,NA,NA,NA,NA,NA,NA,NA,NA,NA,34.69387755102041,65.3061224489796,NA,NA,NA,NA,NA,NA,NA,NA,NA,NA,NA,NA,NA,NA,NA,NA,NA,NA
2021-12-14,U3-21DEC,64,NA,NA,NA,NA,NA,NA,NA,NA,NA,NA,34.69387755102041,65.3061224489796,NA,NA,NA,NA,NA,NA,NA,NA,NA,NA,NA,NA,NA,NA,NA,NA,NA,NA
2021-12-15,U3-21DEC,1135,NA,NA,NA,NA,NA,NA,NA,NA,NA,NA,25.510204081632654,74.48979591836735,NA,NA,NA,NA,NA,NA,NA,NA,NA,NA,NA,NA,NA,NA,NA,NA,NA,NA
2021-12-16,U3-21DEC,160,NA,NA,NA,NA,NA,NA,NA,NA,NA,NA,25.510204081632654,74.48979591836735,NA,NA,NA,NA,NA,NA,NA,NA,NA,NA,NA,NA,NA,NA,NA,NA,NA,NA
2021-12-17,U3-21DEC,98,NA,NA,NA,NA,NA,NA,NA,NA,NA,NA,28.571428571428573,71.42857142857143,NA,NA,NA,NA,NA,NA,NA,NA,NA,NA,NA,NA,NA,NA,NA,NA,NA,NA
2021-12-18,U3-21DEC,5,NA,NA,NA,NA,NA,NA,NA,NA,NA,NA,28.571428571428573,71.42857142857143,NA,NA,NA,NA,NA,NA,NA,NA,NA,NA,NA,NA,NA,NA,NA,NA,NA,NA
2021-12-19,U3-21DEC,100,NA,NA,NA,NA,NA,NA,NA,NA,NA,NA,25.510204081632654,74.48979591836735,NA,NA,NA,NA,NA,NA,NA,NA,NA,NA,NA,NA,NA,NA,NA,NA,NA,NA
2021-12-20,U3-21DEC,36,NA,NA,NA,NA,NA,NA,NA,NA,NA,NA,28.571428571428573,71.42857142857143,NA,NA,NA,NA,NA,NA,NA,NA,NA,NA,NA,NA,NA,NA,NA,NA,NA,NA
2021-12-21,U3-21DEC,186,NA,NA,NA,NA,NA,NA,NA,NA,NA,NA,24.489795918367346,75.51020408163265,NA,NA,NA,NA,NA,NA,NA,NA,NA,NA,NA,NA,NA,NA,NA,NA,NA,NA
2021-12-22,U3-21DEC,23,NA,NA,NA,NA,NA,NA,NA,NA,NA,NA,24.489795918367346,75.51020408163265,NA,NA,NA,NA,NA,NA,NA,NA,NA,NA,NA,NA,NA,NA,NA,NA,NA,NA
2021-12-23,U3-21DEC,0,NA,NA,NA,NA,NA,NA,NA,NA,NA,NA,24.489795918367346,75.51020408163265,NA,NA,NA,NA,NA,NA,NA,NA,NA,NA,NA,NA,NA,NA,NA,NA,NA,NA
2021-12-24,U3-21DEC,141,NA,NA,NA,NA,NA,NA,NA,NA,NA,NA,23.46938775510204,76.53061224489795,NA,NA,NA,NA,NA,NA,NA,NA,NA,NA,NA,NA,NA,NA,NA,NA,NA,NA
2021-12-25,U3-21DEC,20,NA,NA,NA,NA,NA,NA,NA,NA,NA,NA,23.46938775510204,76.53061224489795,NA,NA,NA,NA,NA,NA,NA,NA,NA,NA,NA,NA,NA,NA,NA,NA,NA,NA
2021-12-26,U3-21DEC,88,NA,NA,NA,NA,NA,NA,NA,NA,NA,NA,23.46938775510204,76.53061224489795,NA,NA,NA,NA,NA,NA,NA,NA,NA,NA,NA,NA,NA,NA,NA,NA,NA,NA
2021-12-27,U3-21DEC,67,NA,NA,NA,NA,NA,NA,NA,NA,NA,NA,23.46938775510204,76.53061224489795,NA,NA,NA,NA,NA,NA,NA,NA,NA,NA,NA,NA,NA,NA,NA,NA,NA,NA
2021-12-28,U3-21DEC,283,NA,NA,NA,NA,NA,NA,NA,NA,NA,NA,23.46938775510204,76.53061224489795,NA,NA,NA,NA,NA,NA,NA,NA,NA,NA,NA,NA,NA,NA,NA,NA,NA,NA
2021-12-29,U3-21DEC,384,NA,NA,NA,NA,NA,NA,NA,NA,NA,NA,25.510204081632654,74.48979591836735,NA,NA,NA,NA,NA,NA,NA,NA,NA,NA,NA,NA,NA,NA,NA,NA,NA,NA
2021-12-30,U3-21DEC,216,NA,NA,NA,NA,NA,NA,NA,NA,NA,NA,27.551020408163264,72.44897959183673,NA,NA,NA,NA,NA,NA,NA,NA,NA,NA,NA,NA,NA,NA,NA,NA,NA,NA
2021-12-31,U3-21DEC,167,NA,NA,NA,NA,NA,NA,NA,NA,NA,NA,24.489795918367346,75.51020408163265,NA,NA,NA,NA,NA,NA,NA,NA,NA,NA,NA,NA,NA,NA,NA,NA,NA,NA
2022-01-01,U3-21DEC,36,NA,NA,NA,NA,NA,NA,NA,NA,NA,NA,28.571428571428573,71.42857142857143,NA,NA,NA,NA,NA,NA,NA,NA,NA,NA,NA,NA,NA,NA,NA,NA,NA,NA
2022-01-02,U3-21DEC,260,NA,NA,NA,NA,NA,NA,NA,NA,NA,NA,24.489795918367346,75.51020408163265,NA,NA,NA,NA,NA,NA,NA,NA,NA,NA,NA,NA,NA,NA,NA,NA,NA,NA
2022-01-03,U3-21DEC,51,NA,NA,NA,NA,NA,NA,NA,NA,NA,NA,28.571428571428573,71.42857142857143,NA,NA,NA,NA,NA,NA,NA,NA,NA,NA,NA,NA,NA,NA,NA,NA,NA,NA
2022-01-04,U3-21DEC,369,NA,NA,NA,NA,NA,NA,NA,NA,NA,NA,24.489795918367346,75.51020408163265,NA,NA,NA,NA,NA,NA,NA,NA,NA,NA,NA,NA,NA,NA,NA,NA,NA,NA
2022-01-05,U3-21DEC,522,NA,NA,NA,NA,NA,NA,NA,NA,NA,NA,27.551020408163264,72.44897959183673,NA,NA,NA,NA,NA,NA,NA,NA,NA,NA,NA,NA,NA,NA,NA,NA,NA,NA
2022-01-06,U3-21DEC,3044,NA,NA,NA,NA,NA,NA,NA,NA,NA,NA,28.571428571428573,71.42857142857143,NA,NA,NA,NA,NA,NA,NA,NA,NA,NA,NA,NA,NA,NA,NA,NA,NA,NA
2022-01-09,U3-22JAN,6,NA,NA,NA,NA,NA,NA,NA,NA,NA,NA,NA,NA,17.346938775510203,82.65306122448979,NA,NA,NA,NA,NA,NA,NA,NA,NA,NA,NA,NA,NA,NA,NA,NA
2022-01-10,U3-22JAN,0,NA,NA,NA,NA,NA,NA,NA,NA,NA,NA,NA,NA,17.346938775510203,82.65306122448979,NA,NA,NA,NA,NA,NA,NA,NA,NA,NA,NA,NA,NA,NA,NA,NA
2022-01-11,U3-22JAN,51,NA,NA,NA,NA,NA,NA,NA,NA,NA,NA,NA,NA,17.346938775510203,29.591836734693878,53.06122448979592,NA,NA,NA,NA,NA,NA,NA,NA,NA,NA,NA,NA,NA,NA,NA
2022-01-12,U3-22JAN,65,NA,NA,NA,NA,NA,NA,NA,NA,NA,NA,NA,NA,17.346938775510203,29.591836734693878,21.428571428571427,31.632653061224488,NA,NA,NA,NA,NA,NA,NA,NA,NA,NA,NA,NA,NA,NA
2022-01-13,U3-22JAN,152,NA,NA,NA,NA,NA,NA,NA,NA,NA,NA,NA,NA,20.408163265306122,21.428571428571438,23.46938775510203,34.69387755102041,NA,NA,NA,NA,NA,NA,NA,NA,NA,NA,NA,NA,NA,NA
2022-01-14,U3-22JAN,21,NA,NA,NA,NA,NA,NA,NA,NA,NA,NA,NA,NA,20.408163265306122,24.48979591836734,20.40816326530613,34.69387755102041,NA,NA,NA,NA,NA,NA,NA,NA,NA,NA,NA,NA,NA,NA
2022-01-15,U3-22JAN,104,NA,NA,NA,NA,NA,NA,NA,NA,NA,NA,NA,NA,17.346938775510203,27.551020408163257,20.40816326530613,34.69387755102041,NA,NA,NA,NA,NA,NA,NA,NA,NA,NA,NA,NA,NA,NA
2022-01-16,U3-22JAN,0,NA,NA,NA,NA,NA,NA,NA,NA,NA,NA,NA,NA,17.346938775510203,27.551020408163257,20.40816326530613,34.69387755102041,NA,NA,NA,NA,NA,NA,NA,NA,NA,NA,NA,NA,NA,NA
2022-01-17,U3-22JAN,0,NA,NA,NA,NA,NA,NA,NA,NA,NA,NA,NA,NA,17.346938775510203,27.551020408163257,20.40816326530613,34.69387755102041,NA,NA,NA,NA,NA,NA,NA,NA,NA,NA,NA,NA,NA,NA
2022-01-18,U3-22JAN,30,NA,NA,NA,NA,NA,NA,NA,NA,NA,NA,NA,NA,17.346938775510203,20.408163265306122,25.510204081632654,36.734693877551024,NA,NA,NA,NA,NA,NA,NA,NA,NA,NA,NA,NA,NA,NA
2022-01-19,U3-22JAN,228,NA,NA,NA,NA,NA,NA,NA,NA,NA,NA,NA,NA,17.346938775510203,20.408163265306122,22.448979591836736,39.795918367346935,NA,NA,NA,NA,NA,NA,NA,NA,NA,NA,NA,NA,NA,NA
2022-01-20,U3-22JAN,100,NA,NA,NA,NA,NA,NA,NA,NA,NA,NA,NA,NA,17.346938775510203,20.408163265306122,19.387755102040817,42.857142857142854,NA,NA,NA,NA,NA,NA,NA,NA,NA,NA,NA,NA,NA,NA
2022-01-21,U3-22JAN,90,NA,NA,NA,NA,NA,NA,NA,NA,NA,NA,NA,NA,14.285714285714286,22.448979591836736,19.387755102040817,43.87755102040816,NA,NA,NA,NA,NA,NA,NA,NA,NA,NA,NA,NA,NA,NA
2022-01-22,U3-22JAN,39,NA,NA,NA,NA,NA,NA,NA,NA,NA,NA,NA,NA,14.285714285714286,22.448979591836736,23.46938775510204,39.795918367346935,NA,NA,NA,NA,NA,NA,NA,NA,NA,NA,NA,NA,NA,NA
2022-01-23,U3-22JAN,10,NA,NA,NA,NA,NA,NA,NA,NA,NA,NA,NA,NA,14.285714285714286,22.448979591836736,24.489795918367346,38.775510204081634,NA,NA,NA,NA,NA,NA,NA,NA,NA,NA,NA,NA,NA,NA
2022-01-24,U3-22JAN,112,NA,NA,NA,NA,NA,NA,NA,NA,NA,NA,NA,NA,14.285714285714286,20.408163265306122,20.408163265306122,44.89795918367347,NA,NA,NA,NA,NA,NA,NA,NA,NA,NA,NA,NA,NA,NA
2022-01-25,U3-22JAN,151,NA,NA,NA,NA,NA,NA,NA,NA,NA,NA,NA,NA,14.285714285714286,20.408163265306122,24.489795918367346,40.816326530612244,NA,NA,NA,NA,NA,NA,NA,NA,NA,NA,NA,NA,NA,NA
2022-01-26,U3-22JAN,359,NA,NA,NA,NA,NA,NA,NA,NA,NA,NA,NA,NA,14.285714285714286,16.3265306122449,28.571428571428573,40.816326530612244,NA,NA,NA,NA,NA,NA,NA,NA,NA,NA,NA,NA,NA,NA
2022-01-27,U3-22JAN,49,NA,NA,NA,NA,NA,NA,NA,NA,NA,NA,NA,NA,14.285714285714286,16.3265306122449,28.571428571428573,40.816326530612244,NA,NA,NA,NA,NA,NA,NA,NA,NA,NA,NA,NA,NA,NA
2022-01-28,U3-22JAN,33,NA,NA,NA,NA,NA,NA,NA,NA,NA,NA,NA,NA,14.285714285714286,20.408163265306122,24.489795918367346,40.816326530612244,NA,NA,NA,NA,NA,NA,NA,NA,NA,NA,NA,NA,NA,NA
2022-01-29,U3-22JAN,56,NA,NA,NA,NA,NA,NA,NA,NA,NA,NA,NA,NA,14.285714285714286,16.3265306122449,28.571428571428573,40.816326530612244,NA,NA,NA,NA,NA,NA,NA,NA,NA,NA,NA,NA,NA,NA
2022-01-30,U3-22JAN,325,NA,NA,NA,NA,NA,NA,NA,NA,NA,NA,NA,NA,14.285714285714286,16.3265306122449,25.510204081632654,43.87755102040816,NA,NA,NA,NA,NA,NA,NA,NA,NA,NA,NA,NA,NA,NA
2022-01-31,U3-22JAN,914,NA,NA,NA,NA,NA,NA,NA,NA,NA,NA,NA,NA,14.285714285714286,19.387755102040817,19.387755102040817,46.93877551020408,NA,NA,NA,NA,NA,NA,NA,NA,NA,NA,NA,NA,NA,NA
2022-02-01,U3-22JAN,236,NA,NA,NA,NA,NA,NA,NA,NA,NA,NA,NA,NA,14.285714285714286,15.306122448979592,20.408163265306122,50,NA,NA,NA,NA,NA,NA,NA,NA,NA,NA,NA,NA,NA,NA
2022-02-02,U3-22JAN,4507,NA,NA,NA,NA,NA,NA,NA,NA,NA,NA,NA,NA,10.204081632653061,8.16326530612245,29.591836734693878,52.04081632653061,NA,NA,NA,NA,NA,NA,NA,NA,NA,NA,NA,NA,NA,NA
2022-02-03,U3-22JAN,3161,NA,NA,NA,NA,NA,NA,NA,NA,NA,NA,NA,NA,13.26530612244898,8.16326530612245,17.346938775510203,61.224489795918366,NA,NA,NA,NA,NA,NA,NA,NA,NA,NA,NA,NA,NA,NA
2022-02-04,U3-22FEB,220,NA,NA,NA,NA,NA,NA,NA,NA,NA,NA,23.46938775510204,0,NA,NA,31.632653061224488,44.89795918367347,NA,NA,NA,NA,NA,NA,NA,NA,NA,NA,NA,NA,NA,NA
2022-02-04,U3-22JAN,2295,NA,NA,NA,NA,NA,NA,NA,NA,NA,NA,NA,NA,9.183673469387756,14.285714285714286,14.285714285714286,62.244897959183675,NA,NA,NA,NA,NA,NA,NA,NA,NA,NA,NA,NA,NA,NA
2022-02-05,U3-22FEB,44,NA,NA,NA,NA,NA,NA,NA,NA,NA,NA,23.46938775510204,0,NA,NA,31.632653061224488,44.89795918367347,NA,NA,NA,NA,NA,NA,NA,NA,NA,NA,NA,NA,NA,NA
2022-02-06,U3-22FEB,0,NA,NA,NA,NA,NA,NA,NA,NA,NA,NA,23.46938775510204,0,NA,NA,31.632653061224488,44.89795918367347,NA,NA,NA,NA,NA,NA,NA,NA,NA,NA,NA,NA,NA,NA
2022-02-07,U3-22FEB,0,NA,NA,NA,NA,NA,NA,NA,NA,NA,NA,23.46938775510204,0,NA,NA,31.632653061224488,44.89795918367347,NA,NA,NA,NA,NA,NA,NA,NA,NA,NA,NA,NA,NA,NA
2022-02-08,U3-22FEB,1,NA,NA,NA,NA,NA,NA,NA,NA,NA,NA,23.46938775510204,0,NA,NA,28.571428571428573,47.95918367346939,NA,NA,NA,NA,NA,NA,NA,NA,NA,NA,NA,NA,NA,NA
2022-02-09,U3-22FEB,0,NA,NA,NA,NA,NA,NA,NA,NA,NA,NA,23.46938775510204,0,NA,NA,28.571428571428573,47.95918367346939,NA,NA,NA,NA,NA,NA,NA,NA,NA,NA,NA,NA,NA,NA
2022-02-10,U3-22FEB,88,NA,NA,NA,NA,NA,NA,NA,NA,NA,NA,23.46938775510204,0,NA,NA,26.53061224489796,50,NA,NA,NA,NA,NA,NA,NA,NA,NA,NA,NA,NA,NA,NA
2022-02-11,U3-22FEB,0,NA,NA,NA,NA,NA,NA,NA,NA,NA,NA,23.46938775510204,0,NA,NA,26.53061224489796,50,NA,NA,NA,NA,NA,NA,NA,NA,NA,NA,NA,NA,NA,NA
2022-02-12,U3-22FEB,198,NA,NA,NA,NA,NA,NA,NA,NA,NA,NA,26.53061224489796,23.46938775510204,NA,NA,26.53061224489796,23.46938775510204,NA,NA,NA,NA,NA,NA,NA,NA,NA,NA,NA,NA,NA,NA
2022-02-13,U3-22FEB,65,NA,NA,NA,NA,NA,NA,NA,NA,NA,NA,25.510204081632654,23.46938775510204,NA,NA,30.612244897959183,20.408163265306122,NA,NA,NA,NA,NA,NA,NA,NA,NA,NA,NA,NA,NA,NA
2022-02-14,U3-22FEB,2,NA,NA,NA,NA,NA,NA,NA,NA,NA,NA,22.448979591836736,26.53061224489796,NA,NA,30.612244897959183,20.408163265306122,NA,NA,NA,NA,NA,NA,NA,NA,NA,NA,NA,NA,NA,NA
2022-02-15,U3-22FEB,137,NA,NA,NA,NA,NA,NA,NA,NA,NA,NA,19.387755102040817,26.53061224489796,NA,NA,25.510204081632654,28.571428571428573,NA,NA,NA,NA,NA,NA,NA,NA,NA,NA,NA,NA,NA,NA
2022-02-16,U3-22FEB,155,NA,NA,NA,NA,NA,NA,NA,NA,NA,NA,19.387755102040817,26.53061224489796,NA,NA,25.510204081632654,28.571428571428573,NA,NA,NA,NA,NA,NA,NA,NA,NA,NA,NA,NA,NA,NA
2022-02-17,U3-22FEB,17,NA,NA,NA,NA,NA,NA,NA,NA,NA,NA,18.367346938775512,26.53061224489796,NA,NA,25.510204081632654,29.591836734693878,NA,NA,NA,NA,NA,NA,NA,NA,NA,NA,NA,NA,NA,NA
2022-02-18,U3-22FEB,0,NA,NA,NA,NA,NA,NA,NA,NA,NA,NA,18.367346938775512,26.53061224489796,NA,NA,25.510204081632654,29.591836734693878,NA,NA,NA,NA,NA,NA,NA,NA,NA,NA,NA,NA,NA,NA
2022-02-19,U3-22FEB,0,NA,NA,NA,NA,NA,NA,NA,NA,NA,NA,18.367346938775512,26.53061224489796,NA,NA,25.510204081632654,29.591836734693878,NA,NA,NA,NA,NA,NA,NA,NA,NA,NA,NA,NA,NA,NA
2022-02-20,U3-22FEB,0,NA,NA,NA,NA,NA,NA,NA,NA,NA,NA,18.367346938775512,26.53061224489796,NA,NA,25.510204081632654,29.591836734693878,NA,NA,NA,NA,NA,NA,NA,NA,NA,NA,NA,NA,NA,NA
2022-02-21,U3-22FEB,282,NA,NA,NA,NA,NA,NA,NA,NA,NA,NA,15.306122448979592,29.591836734693878,NA,NA,26.53061224489796,28.571428571428573,NA,NA,NA,NA,NA,NA,NA,NA,NA,NA,NA,NA,NA,NA
2022-02-22,U3-22FEB,30,NA,NA,NA,NA,NA,NA,NA,NA,NA,NA,15.306122448979592,29.591836734693878,NA,NA,28.571428571428573,26.53061224489796,NA,NA,NA,NA,NA,NA,NA,NA,NA,NA,NA,NA,NA,NA
2022-02-23,U3-22FEB,186,NA,NA,NA,NA,NA,NA,NA,NA,NA,NA,20.408163265306126,28.571428571428566,NA,NA,28.571428571428573,22.448979591836736,NA,NA,NA,NA,NA,NA,NA,NA,NA,NA,NA,NA,NA,NA
2022-02-24,U3-22FEB,0,NA,NA,NA,NA,NA,NA,NA,NA,NA,NA,20.408163265306126,28.571428571428566,NA,NA,28.571428571428573,22.448979591836736,NA,NA,NA,NA,NA,NA,NA,NA,NA,NA,NA,NA,NA,NA
2022-02-25,U3-22FEB,1,NA,NA,NA,NA,NA,NA,NA,NA,NA,NA,20.408163265306126,28.571428571428566,NA,NA,25.510204081632654,25.510204081632654,NA,NA,NA,NA,NA,NA,NA,NA,NA,NA,NA,NA,NA,NA
2022-02-26,U3-22FEB,218,NA,NA,NA,NA,NA,NA,NA,NA,NA,NA,20.408163265306122,25.510204081632654,NA,NA,24.489795918367346,29.591836734693878,NA,NA,NA,NA,NA,NA,NA,NA,NA,NA,NA,NA,NA,NA
2022-02-27,U3-22FEB,0,NA,NA,NA,NA,NA,NA,NA,NA,NA,NA,20.408163265306122,25.510204081632654,NA,NA,24.489795918367346,29.591836734693878,NA,NA,NA,NA,NA,NA,NA,NA,NA,NA,NA,NA,NA,NA
2022-02-28,U3-22FEB,0,NA,NA,NA,NA,NA,NA,NA,NA,NA,NA,20.408163265306122,25.510204081632654,NA,NA,24.489795918367346,29.591836734693878,NA,NA,NA,NA,NA,NA,NA,NA,NA,NA,NA,NA,NA,NA
2022-03-01,U3-22FEB,155,NA,NA,NA,NA,NA,NA,NA,NA,NA,NA,22.448979591836736,23.46938775510204,NA,NA,24.489795918367346,29.591836734693878,NA,NA,NA,NA,NA,NA,NA,NA,NA,NA,NA,NA,NA,NA
2022-03-02,U3-22FEB,315,NA,NA,NA,NA,NA,NA,NA,NA,NA,NA,23.46938775510204,23.46938775510204,NA,NA,23.46938775510204,29.591836734693878,NA,NA,NA,NA,NA,NA,NA,NA,NA,NA,NA,NA,NA,NA
2022-03-03,U3-22FEB,2057,NA,NA,NA,NA,NA,NA,NA,NA,NA,NA,22.448979591836736,18.367346938775512,NA,NA,24.489795918367346,34.69387755102041,NA,NA,NA,NA,NA,NA,NA,NA,NA,NA,NA,NA,NA,NA
2022-03-04,U3-22FEB,951,NA,NA,NA,NA,NA,NA,NA,NA,NA,NA,29.591836734693878,11.224489795918368,NA,NA,25.510204081632654,33.673469387755105,NA,NA,NA,NA,NA,NA,NA,NA,NA,NA,NA,NA,NA,NA
2022-03-04,U3-22MAR,8,NA,NA,NA,NA,NA,NA,NA,NA,NA,NA,NA,NA,NA,30.612244897959183,38.775510204081634,30.612244897959183,NA,NA,NA,NA,NA,NA,NA,NA,NA,NA,NA,NA,NA,NA
2022-03-05,U3-22MAR,0,NA,NA,NA,NA,NA,NA,NA,NA,NA,NA,NA,NA,NA,30.612244897959183,38.775510204081634,30.612244897959183,NA,NA,NA,NA,NA,NA,NA,NA,NA,NA,NA,NA,NA,NA
2022-03-06,U3-22MAR,102,NA,NA,NA,NA,NA,NA,NA,NA,NA,NA,NA,NA,NA,30.612244897959183,33.673469387755105,35.714285714285715,NA,NA,NA,NA,NA,NA,NA,NA,NA,NA,NA,NA,NA,NA
2022-03-07,U3-22MAR,2,NA,NA,NA,NA,NA,NA,NA,NA,NA,NA,NA,NA,NA,30.612244897959183,32.6530612244898,36.734693877551024,NA,NA,NA,NA,NA,NA,NA,NA,NA,NA,NA,NA,NA,NA
2022-03-08,U3-22MAR,0,NA,NA,NA,NA,NA,NA,NA,NA,NA,NA,NA,NA,NA,30.612244897959183,32.6530612244898,36.734693877551024,NA,NA,NA,NA,NA,NA,NA,NA,NA,NA,NA,NA,NA,NA
2022-03-09,U3-22MAR,0,NA,NA,NA,NA,NA,NA,NA,NA,NA,NA,NA,NA,NA,30.612244897959183,32.6530612244898,36.734693877551024,NA,NA,NA,NA,NA,NA,NA,NA,NA,NA,NA,NA,NA,NA
2022-03-10,U3-22MAR,0,NA,NA,NA,NA,NA,NA,NA,NA,NA,NA,NA,NA,NA,30.612244897959183,32.6530612244898,36.734693877551024,NA,NA,NA,NA,NA,NA,NA,NA,NA,NA,NA,NA,NA,NA
2022-03-11,U3-22MAR,0,NA,NA,NA,NA,NA,NA,NA,NA,NA,NA,NA,NA,NA,30.612244897959183,32.6530612244898,36.734693877551024,NA,NA,NA,NA,NA,NA,NA,NA,NA,NA,NA,NA,NA,NA
2022-03-12,U3-22MAR,0,NA,NA,NA,NA,NA,NA,NA,NA,NA,NA,NA,NA,NA,30.612244897959183,32.6530612244898,36.734693877551024,NA,NA,NA,NA,NA,NA,NA,NA,NA,NA,NA,NA,NA,NA
2022-03-13,U3-22MAR,0,NA,NA,NA,NA,NA,NA,NA,NA,NA,NA,NA,NA,NA,30.612244897959183,32.6530612244898,36.734693877551024,NA,NA,NA,NA,NA,NA,NA,NA,NA,NA,NA,NA,NA,NA
2022-03-14,U3-22MAR,12,NA,NA,NA,NA,NA,NA,NA,NA,NA,NA,NA,NA,NA,30.612244897959183,32.6530612244898,36.734693877551024,NA,NA,NA,NA,NA,NA,NA,NA,NA,NA,NA,NA,NA,NA
2022-03-15,U3-22MAR,0,NA,NA,NA,NA,NA,NA,NA,NA,NA,NA,NA,NA,NA,30.612244897959183,32.6530612244898,36.734693877551024,NA,NA,NA,NA,NA,NA,NA,NA,NA,NA,NA,NA,NA,NA
2022-03-16,U3-22MAR,0,NA,NA,NA,NA,NA,NA,NA,NA,NA,NA,NA,NA,NA,30.612244897959183,32.6530612244898,36.734693877551024,NA,NA,NA,NA,NA,NA,NA,NA,NA,NA,NA,NA,NA,NA
2022-03-17,U3-22MAR,0,NA,NA,NA,NA,NA,NA,NA,NA,NA,NA,NA,NA,NA,30.612244897959183,32.6530612244898,36.734693877551024,NA,NA,NA,NA,NA,NA,NA,NA,NA,NA,NA,NA,NA,NA
2022-03-18,U3-22MAR,0,NA,NA,NA,NA,NA,NA,NA,NA,NA,NA,NA,NA,NA,30.612244897959183,32.6530612244898,36.734693877551024,NA,NA,NA,NA,NA,NA,NA,NA,NA,NA,NA,NA,NA,NA
2022-03-19,U3-22MAR,0,NA,NA,NA,NA,NA,NA,NA,NA,NA,NA,NA,NA,NA,30.612244897959183,32.6530612244898,36.734693877551024,NA,NA,NA,NA,NA,NA,NA,NA,NA,NA,NA,NA,NA,NA
2022-03-20,U3-22MAR,0,NA,NA,NA,NA,NA,NA,NA,NA,NA,NA,NA,NA,NA,30.612244897959183,32.6530612244898,36.734693877551024,NA,NA,NA,NA,NA,NA,NA,NA,NA,NA,NA,NA,NA,NA
2022-03-21,U3-22MAR,0,NA,NA,NA,NA,NA,NA,NA,NA,NA,NA,NA,NA,NA,30.612244897959183,32.6530612244898,36.734693877551024,NA,NA,NA,NA,NA,NA,NA,NA,NA,NA,NA,NA,NA,NA
2022-03-22,U3-22MAR,0,NA,NA,NA,NA,NA,NA,NA,NA,NA,NA,NA,NA,NA,30.612244897959183,32.6530612244898,36.734693877551024,NA,NA,NA,NA,NA,NA,NA,NA,NA,NA,NA,NA,NA,NA
2022-03-23,U3-22MAR,10,NA,NA,NA,NA,NA,NA,NA,NA,NA,NA,NA,NA,NA,34.69387755102041,28.571428571428573,36.734693877551024,NA,NA,NA,NA,NA,NA,NA,NA,NA,NA,NA,NA,NA,NA
2022-03-24,U3-22MAR,0,NA,NA,NA,NA,NA,NA,NA,NA,NA,NA,NA,NA,NA,34.69387755102041,28.571428571428573,36.734693877551024,NA,NA,NA,NA,NA,NA,NA,NA,NA,NA,NA,NA,NA,NA
2022-03-25,U3-22MAR,2161,NA,NA,NA,NA,NA,NA,NA,NA,NA,NA,NA,NA,17.346938775510203,27.551020408163257,22.448979591836743,32.6530612244898,NA,NA,NA,NA,NA,NA,NA,NA,NA,NA,NA,NA,NA,NA
2022-03-26,U3-22MAR,698,NA,NA,NA,NA,NA,NA,NA,NA,NA,NA,NA,NA,18.367346938775512,26.53061224489795,22.448979591836743,32.6530612244898,NA,NA,NA,NA,NA,NA,NA,NA,NA,NA,NA,NA,NA,NA
2022-03-27,U3-22MAR,0,NA,NA,NA,NA,NA,NA,NA,NA,NA,NA,NA,NA,18.367346938775512,26.53061224489795,22.448979591836743,32.6530612244898,NA,NA,NA,NA,NA,NA,NA,NA,NA,NA,NA,NA,NA,NA
2022-03-28,U3-22MAR,171,NA,NA,NA,NA,NA,NA,NA,NA,NA,NA,NA,NA,18.367346938775512,26.53061224489795,23.46938775510205,31.632653061224488,NA,NA,NA,NA,NA,NA,NA,NA,NA,NA,NA,NA,NA,NA
2022-03-29,U3-22MAR,3,NA,NA,NA,NA,NA,NA,NA,NA,NA,NA,NA,NA,18.367346938775512,26.53061224489795,23.46938775510205,31.632653061224488,NA,NA,NA,NA,NA,NA,NA,NA,NA,NA,NA,NA,NA,NA
2022-03-30,U3-22MAR,57,NA,NA,NA,NA,NA,NA,NA,NA,NA,NA,NA,NA,26.53061224489796,22.448979591836736,19.387755102040817,31.632653061224488,NA,NA,NA,NA,NA,NA,NA,NA,NA,NA,NA,NA,NA,NA
2022-03-31,U3-22MAR,4628,NA,NA,NA,NA,NA,NA,NA,NA,NA,NA,NA,NA,22.448979591836736,38.775510204081634,22.448979591836736,16.3265306122449,NA,NA,NA,NA,NA,NA,NA,NA,NA,NA,NA,NA,NA,NA
2022-04-06,U3-22APR,0,NA,NA,NA,NA,NA,NA,NA,NA,NA,NA,NA,NA,NA,NA,NA,NA,32.6530612244898,67.34693877551021,NA,NA,NA,NA,NA,NA,NA,NA,NA,NA,NA,NA
2022-04-07,U3-22APR,0,NA,NA,NA,NA,NA,NA,NA,NA,NA,NA,NA,NA,NA,NA,NA,NA,32.6530612244898,67.34693877551021,NA,NA,NA,NA,NA,NA,NA,NA,NA,NA,NA,NA
2022-04-08,U3-22APR,0,NA,NA,NA,NA,NA,NA,NA,NA,NA,NA,NA,NA,NA,NA,NA,NA,32.6530612244898,67.34693877551021,NA,NA,NA,NA,NA,NA,NA,NA,NA,NA,NA,NA
2022-04-09,U3-22APR,0,NA,NA,NA,NA,NA,NA,NA,NA,NA,NA,NA,NA,NA,NA,NA,NA,32.6530612244898,67.34693877551021,NA,NA,NA,NA,NA,NA,NA,NA,NA,NA,NA,NA
2022-04-10,U3-22APR,0,NA,NA,NA,NA,NA,NA,NA,NA,NA,NA,NA,NA,NA,NA,NA,NA,32.6530612244898,67.34693877551021,NA,NA,NA,NA,NA,NA,NA,NA,NA,NA,NA,NA
2022-04-11,U3-22APR,0,NA,NA,NA,NA,NA,NA,NA,NA,NA,NA,NA,NA,NA,NA,NA,NA,32.6530612244898,67.34693877551021,NA,NA,NA,NA,NA,NA,NA,NA,NA,NA,NA,NA
2022-04-12,U3-22APR,0,NA,NA,NA,NA,NA,NA,NA,NA,NA,NA,NA,NA,NA,NA,NA,NA,32.6530612244898,67.34693877551021,NA,NA,NA,NA,NA,NA,NA,NA,NA,NA,NA,NA
2022-04-13,U3-22APR,0,NA,NA,NA,NA,NA,NA,NA,NA,NA,NA,NA,NA,NA,NA,NA,NA,32.6530612244898,67.34693877551021,NA,NA,NA,NA,NA,NA,NA,NA,NA,NA,NA,NA
2022-04-14,U3-22APR,0,NA,NA,NA,NA,NA,NA,NA,NA,NA,NA,NA,NA,NA,NA,NA,NA,32.6530612244898,67.34693877551021,NA,NA,NA,NA,NA,NA,NA,NA,NA,NA,NA,NA
2022-04-15,U3-22APR,0,NA,NA,NA,NA,NA,NA,NA,NA,NA,NA,NA,NA,NA,NA,NA,NA,32.6530612244898,67.34693877551021,NA,NA,NA,NA,NA,NA,NA,NA,NA,NA,NA,NA
2022-04-16,U3-22APR,0,NA,NA,NA,NA,NA,NA,NA,NA,NA,NA,NA,NA,NA,NA,NA,NA,32.6530612244898,67.34693877551021,NA,NA,NA,NA,NA,NA,NA,NA,NA,NA,NA,NA
2022-04-17,U3-22APR,0,NA,NA,NA,NA,NA,NA,NA,NA,NA,NA,NA,NA,NA,NA,NA,NA,32.6530612244898,67.34693877551021,NA,NA,NA,NA,NA,NA,NA,NA,NA,NA,NA,NA
2022-04-18,U3-22APR,0,NA,NA,NA,NA,NA,NA,NA,NA,NA,NA,NA,NA,NA,NA,NA,NA,32.6530612244898,67.34693877551021,NA,NA,NA,NA,NA,NA,NA,NA,NA,NA,NA,NA
2022-04-19,U3-22APR,10,NA,NA,NA,NA,NA,NA,NA,NA,NA,NA,NA,NA,25.510204081632654,NA,NA,NA,32.6530612244898,41.83673469387755,NA,NA,NA,NA,NA,NA,NA,NA,NA,NA,NA,NA
2022-04-20,U3-22APR,0,NA,NA,NA,NA,NA,NA,NA,NA,NA,NA,NA,NA,25.510204081632654,NA,NA,NA,32.6530612244898,41.83673469387755,NA,NA,NA,NA,NA,NA,NA,NA,NA,NA,NA,NA
2022-04-21,U3-22APR,24,NA,NA,NA,NA,NA,NA,NA,NA,NA,NA,NA,NA,25.510204081632654,NA,NA,NA,32.6530612244898,41.83673469387755,NA,NA,NA,NA,NA,NA,NA,NA,NA,NA,NA,NA
2022-04-22,U3-22APR,82,NA,NA,NA,NA,NA,NA,NA,NA,NA,NA,NA,NA,29.591836734693878,NA,NA,NA,32.6530612244898,37.755102040816325,NA,NA,NA,NA,NA,NA,NA,NA,NA,NA,NA,NA
2022-04-23,U3-22APR,4,NA,NA,NA,NA,NA,NA,NA,NA,NA,NA,NA,NA,30.612244897959183,NA,NA,NA,32.6530612244898,36.734693877551024,NA,NA,NA,NA,NA,NA,NA,NA,NA,NA,NA,NA
2022-04-24,U3-22APR,0,NA,NA,NA,NA,NA,NA,NA,NA,NA,NA,NA,NA,30.612244897959183,NA,NA,NA,32.6530612244898,36.734693877551024,NA,NA,NA,NA,NA,NA,NA,NA,NA,NA,NA,NA
2022-04-25,U3-22APR,0,NA,NA,NA,NA,NA,NA,NA,NA,NA,NA,NA,NA,30.612244897959183,NA,NA,NA,32.6530612244898,36.734693877551024,NA,NA,NA,NA,NA,NA,NA,NA,NA,NA,NA,NA
2022-04-26,U3-22APR,0,NA,NA,NA,NA,NA,NA,NA,NA,NA,NA,NA,NA,30.612244897959183,NA,NA,NA,32.6530612244898,36.734693877551024,NA,NA,NA,NA,NA,NA,NA,NA,NA,NA,NA,NA
2022-04-27,U3-22APR,0,NA,NA,NA,NA,NA,NA,NA,NA,NA,NA,NA,NA,30.612244897959183,NA,NA,NA,32.6530612244898,36.734693877551024,NA,NA,NA,NA,NA,NA,NA,NA,NA,NA,NA,NA
2022-04-28,U3-22APR,0,NA,NA,NA,NA,NA,NA,NA,NA,NA,NA,NA,NA,30.612244897959183,NA,NA,NA,32.6530612244898,36.734693877551024,NA,NA,NA,NA,NA,NA,NA,NA,NA,NA,NA,NA
2022-04-29,U3-22APR,0,NA,NA,NA,NA,NA,NA,NA,NA,NA,NA,NA,NA,30.612244897959183,NA,NA,NA,32.6530612244898,36.734693877551024,NA,NA,NA,NA,NA,NA,NA,NA,NA,NA,NA,NA
2022-04-30,U3-22APR,0,NA,NA,NA,NA,NA,NA,NA,NA,NA,NA,NA,NA,30.612244897959183,NA,NA,NA,32.6530612244898,36.734693877551024,NA,NA,NA,NA,NA,NA,NA,NA,NA,NA,NA,NA
2022-05-01,U3-22APR,0,NA,NA,NA,NA,NA,NA,NA,NA,NA,NA,NA,NA,30.612244897959183,NA,NA,NA,32.6530612244898,36.734693877551024,NA,NA,NA,NA,NA,NA,NA,NA,NA,NA,NA,NA
2022-05-02,U3-22APR,998,NA,NA,NA,NA,NA,NA,NA,NA,NA,NA,NA,NA,29.591836734693878,NA,NA,NA,26.53061224489796,37.755102040816325,6.122448979591836,NA,NA,NA,NA,NA,NA,NA,NA,NA,NA,NA
2022-05-03,U3-22APR,788,NA,NA,NA,NA,NA,NA,NA,NA,NA,NA,NA,NA,30.612244897959183,NA,NA,NA,29.591836734693878,33.673469387755105,6.122448979591836,NA,NA,NA,NA,NA,NA,NA,NA,NA,NA,NA
2022-05-04,U3-22APR,120,NA,NA,NA,NA,NA,NA,NA,NA,NA,NA,NA,NA,22.448979591836736,4.081632653061225,0,NA,29.591836734693878,37.755102040816325,6.122448979591836,NA,NA,NA,NA,NA,NA,NA,NA,NA,NA,NA
2022-05-05,U3-22APR,2289,NA,NA,NA,NA,NA,NA,NA,NA,NA,NA,NA,NA,15.306122448979592,7.142857142857143,4.081632653061225,NA,30.612244897959183,37.755102040816325,5.1020408163265305,NA,NA,NA,NA,NA,NA,NA,NA,NA,NA,NA
2022-05-06,U3-22APR,3598,NA,NA,NA,NA,NA,NA,NA,NA,NA,NA,NA,NA,15.306122448979592,6.122448979591836,5.1020408163265305,NA,24.489795918367346,46.93877551020408,2.0408163265306123,NA,NA,NA,NA,NA,NA,NA,NA,NA,NA,NA
2022-05-07,U3-22MAY,150,NA,NA,NA,NA,NA,NA,NA,NA,NA,NA,NA,NA,26.53061224489796,0,NA,NA,12.244897959183673,61.224489795918366,NA,NA,NA,NA,NA,NA,NA,NA,NA,NA,NA,NA
2022-05-08,U3-22MAY,0,NA,NA,NA,NA,NA,NA,NA,NA,NA,NA,NA,NA,26.53061224489796,0,NA,NA,12.244897959183673,61.224489795918366,NA,NA,NA,NA,NA,NA,NA,NA,NA,NA,NA,NA
2022-05-09,U3-22MAY,0,NA,NA,NA,NA,NA,NA,NA,NA,NA,NA,NA,NA,26.53061224489796,0,NA,NA,12.244897959183673,61.224489795918366,NA,NA,NA,NA,NA,NA,NA,NA,NA,NA,NA,NA
2022-05-10,U3-22MAY,15,NA,NA,NA,NA,NA,NA,NA,NA,NA,NA,NA,NA,23.46938775510204,0,NA,NA,12.244897959183673,64.28571428571429,NA,NA,NA,NA,NA,NA,NA,NA,NA,NA,NA,NA
2022-05-11,U3-22MAY,120,NA,NA,NA,NA,NA,NA,NA,NA,NA,NA,NA,NA,23.46938775510204,0,NA,NA,11.224489795918368,65.3061224489796,NA,NA,NA,NA,NA,NA,NA,NA,NA,NA,NA,NA
2022-05-12,U3-22MAY,50,NA,NA,NA,NA,NA,NA,NA,NA,NA,NA,NA,NA,27.55102040816327,0,NA,NA,11.224489795918368,61.224489795918366,NA,NA,NA,NA,NA,NA,NA,NA,NA,NA,NA,NA
2022-05-13,U3-22MAY,151,NA,NA,NA,NA,NA,NA,NA,NA,NA,NA,NA,NA,29.591836734693878,0,NA,NA,11.224489795918368,59.183673469387756,NA,NA,NA,NA,NA,NA,NA,NA,NA,NA,NA,NA
2022-05-14,U3-22MAY,21,NA,NA,NA,NA,NA,NA,NA,NA,NA,NA,NA,NA,22.448979591836736,7.142857142857143,0,NA,11.224489795918368,59.183673469387756,NA,NA,NA,NA,NA,NA,NA,NA,NA,NA,NA,NA
2022-05-15,U3-22MAY,0,NA,NA,NA,NA,NA,NA,NA,NA,NA,NA,NA,NA,22.448979591836736,7.142857142857143,0,NA,11.224489795918368,59.183673469387756,NA,NA,NA,NA,NA,NA,NA,NA,NA,NA,NA,NA
2022-05-16,U3-22MAY,247,NA,NA,NA,NA,NA,NA,NA,NA,NA,NA,NA,NA,22.448979591836736,7.142857142857143,0,NA,10.204081632653061,60.204081632653065,NA,NA,NA,NA,NA,NA,NA,NA,NA,NA,NA,NA
2022-05-17,U3-22MAY,205,NA,NA,NA,NA,NA,NA,NA,NA,NA,NA,NA,NA,20.408163265306126,7.142857142857143,0,NA,9.183673469387756,63.265306122448976,NA,NA,NA,NA,NA,NA,NA,NA,NA,NA,NA,NA
2022-05-18,U3-22MAY,54,NA,NA,NA,NA,NA,NA,NA,NA,NA,NA,NA,NA,20.408163265306126,7.142857142857143,0,NA,9.183673469387756,63.265306122448976,NA,NA,NA,NA,NA,NA,NA,NA,NA,NA,NA,NA
2022-05-19,U3-22MAY,0,NA,NA,NA,NA,NA,NA,NA,NA,NA,NA,NA,NA,20.408163265306126,7.142857142857143,0,NA,9.183673469387756,63.265306122448976,NA,NA,NA,NA,NA,NA,NA,NA,NA,NA,NA,NA
2022-05-20,U3-22MAY,0,NA,NA,NA,NA,NA,NA,NA,NA,NA,NA,NA,NA,20.408163265306126,7.142857142857143,0,NA,9.183673469387756,63.265306122448976,NA,NA,NA,NA,NA,NA,NA,NA,NA,NA,NA,NA
2022-05-21,U3-22MAY,0,NA,NA,NA,NA,NA,NA,NA,NA,NA,NA,NA,NA,20.408163265306126,7.142857142857143,0,NA,9.183673469387756,63.265306122448976,NA,NA,NA,NA,NA,NA,NA,NA,NA,NA,NA,NA
2022-05-22,U3-22MAY,0,NA,NA,NA,NA,NA,NA,NA,NA,NA,NA,NA,NA,20.408163265306126,7.142857142857143,0,NA,9.183673469387756,63.265306122448976,NA,NA,NA,NA,NA,NA,NA,NA,NA,NA,NA,NA
2022-05-23,U3-22MAY,0,NA,NA,NA,NA,NA,NA,NA,NA,NA,NA,NA,NA,20.408163265306126,7.142857142857143,0,NA,9.183673469387756,63.265306122448976,NA,NA,NA,NA,NA,NA,NA,NA,NA,NA,NA,NA
2022-05-24,U3-22MAY,146,NA,NA,NA,NA,NA,NA,NA,NA,NA,NA,NA,NA,20.408163265306126,7.142857142857143,0,NA,8.16326530612245,64.28571428571429,NA,NA,NA,NA,NA,NA,NA,NA,NA,NA,NA,NA
2022-05-25,U3-22MAY,3,NA,NA,NA,NA,NA,NA,NA,NA,NA,NA,NA,NA,31.632653061224488,23.46938775510204,7.142857142857143,NA,8.16326530612245,29.591836734693878,NA,NA,NA,NA,NA,NA,NA,NA,NA,NA,NA,NA
2022-05-26,U3-22MAY,439,NA,NA,NA,NA,NA,NA,NA,NA,NA,NA,NA,NA,29.591836734693878,23.46938775510204,7.142857142857143,NA,6.122448979591836,33.673469387755105,NA,NA,NA,NA,NA,NA,NA,NA,NA,NA,NA,NA
2022-05-27,U3-22MAY,15,NA,NA,NA,NA,NA,NA,NA,NA,NA,NA,NA,NA,28.571428571428573,24.489795918367346,7.142857142857143,NA,6.122448979591836,33.673469387755105,NA,NA,NA,NA,NA,NA,NA,NA,NA,NA,NA,NA
2022-05-28,U3-22MAY,227,NA,NA,NA,NA,NA,NA,NA,NA,NA,NA,NA,NA,28.571428571428573,24.489795918367346,7.142857142857143,NA,5.1020408163265305,34.69387755102041,NA,NA,NA,NA,NA,NA,NA,NA,NA,NA,NA,NA
2022-05-29,U3-22MAY,0,NA,NA,NA,NA,NA,NA,NA,NA,NA,NA,NA,NA,28.571428571428573,24.489795918367346,7.142857142857143,NA,5.1020408163265305,34.69387755102041,NA,NA,NA,NA,NA,NA,NA,NA,NA,NA,NA,NA
2022-05-30,U3-22MAY,263,NA,NA,NA,NA,NA,NA,NA,NA,NA,NA,NA,NA,31.632653061224488,24.489795918367346,7.142857142857143,NA,4.081632653061225,32.6530612244898,NA,NA,NA,NA,NA,NA,NA,NA,NA,NA,NA,NA
2022-05-31,U3-22MAY,213,NA,NA,NA,NA,NA,NA,NA,NA,NA,NA,NA,NA,31.632653061224485,20.408163265306126,7.142857142857143,NA,4.081632653061225,36.734693877551024,NA,NA,NA,NA,NA,NA,NA,NA,NA,NA,NA,NA
2022-06-01,U3-22MAY,747,NA,NA,NA,NA,NA,NA,NA,NA,NA,NA,NA,NA,28.571428571428573,31.632653061224488,5.1020408163265305,NA,3.061224489795918,31.632653061224488,NA,NA,NA,NA,NA,NA,NA,NA,NA,NA,NA,NA
2022-06-02,U3-22MAY,1414,NA,NA,NA,NA,NA,NA,NA,NA,NA,NA,NA,NA,35.714285714285715,19.387755102040817,4.081632653061225,NA,2.0408163265306123,38.775510204081634,NA,NA,NA,NA,NA,NA,NA,NA,NA,NA,NA,NA
2022-06-03,U3-22MAY,50,NA,NA,NA,NA,NA,NA,NA,NA,NA,NA,NA,NA,36.734693877551024,18.367346938775512,4.081632653061225,NA,2.0408163265306123,38.775510204081634,NA,NA,NA,NA,NA,NA,NA,NA,NA,NA,NA,NA
2022-06-08,U3-22JUN,330,NA,NA,NA,NA,NA,NA,NA,NA,NA,NA,0,NA,67.34693877551021,21.428571428571427,8.16326530612245,2.0408163265306123,0,1.0204081632653061,NA,NA,NA,NA,NA,NA,NA,NA,NA,NA,NA,NA
2022-06-09,U3-22JUN,0,NA,NA,NA,NA,NA,NA,NA,NA,NA,NA,0,NA,67.34693877551021,21.428571428571427,8.16326530612245,2.0408163265306123,0,1.0204081632653061,NA,NA,NA,NA,NA,NA,NA,NA,NA,NA,NA,NA
2022-06-10,U3-22JUN,10,NA,NA,NA,NA,NA,NA,NA,NA,NA,NA,0,NA,67.34693877551021,21.428571428571427,8.16326530612245,2.0408163265306123,0,1.0204081632653061,NA,NA,NA,NA,NA,NA,NA,NA,NA,NA,NA,NA
2022-06-11,U3-22JUN,0,NA,NA,NA,NA,NA,NA,NA,NA,NA,NA,0,NA,67.34693877551021,21.428571428571427,8.16326530612245,2.0408163265306123,0,1.0204081632653061,NA,NA,NA,NA,NA,NA,NA,NA,NA,NA,NA,NA
2022-06-12,U3-22JUN,16,NA,NA,NA,NA,NA,NA,NA,NA,NA,NA,0,NA,34.69387755102041,21.428571428571427,8.16326530612245,2.0408163265306123,8.16326530612245,25.510204081632654,NA,NA,NA,NA,NA,NA,NA,NA,NA,NA,NA,NA
2022-06-13,U3-22JUN,0,NA,NA,NA,NA,NA,NA,NA,NA,NA,NA,0,NA,34.69387755102041,21.428571428571427,8.16326530612245,2.0408163265306123,8.16326530612245,25.510204081632654,NA,NA,NA,NA,NA,NA,NA,NA,NA,NA,NA,NA
2022-06-14,U3-22JUN,2,NA,NA,NA,NA,NA,NA,NA,NA,NA,NA,0,NA,38.775510204081634,21.428571428571427,8.16326530612245,2.0408163265306123,8.16326530612245,21.428571428571427,NA,NA,NA,NA,NA,NA,NA,NA,NA,NA,NA,NA
2022-06-15,U3-22JUN,550,NA,NA,NA,NA,NA,NA,NA,NA,NA,NA,0,NA,38.775510204081634,19.387755102040817,9.183673469387756,3.061224489795918,7.142857142857143,22.448979591836736,NA,NA,NA,NA,NA,NA,NA,NA,NA,NA,NA,NA
2022-06-16,U3-22JUN,277,NA,NA,NA,NA,NA,NA,NA,NA,NA,NA,2.0408163265306123,NA,38.775510204081634,19.387755102040817,7.142857142857143,3.061224489795918,5.1020408163265305,24.489795918367346,NA,NA,NA,NA,NA,NA,NA,NA,NA,NA,NA,NA
2022-06-17,U3-22JUN,951,NA,NA,NA,NA,NA,NA,NA,NA,NA,NA,2.0408163265306123,NA,41.83673469387755,22.448979591836736,1.0204081632653061,9.183673469387756,2.0408163265306123,21.428571428571427,NA,NA,NA,NA,NA,NA,NA,NA,NA,NA,NA,NA
2022-06-18,U3-22JUN,32,NA,NA,NA,NA,NA,NA,NA,NA,NA,NA,2.0408163265306123,NA,42.857142857142854,24.489795918367346,2.040816326530614,9.183673469387756,2.0408163265306123,17.346938775510203,NA,NA,NA,NA,NA,NA,NA,NA,NA,NA,NA,NA
2022-06-19,U3-22JUN,25,NA,NA,NA,NA,NA,NA,NA,NA,NA,NA,3.061224489795918,NA,42.857142857142854,24.489795918367346,2.040816326530614,8.16326530612245,2.0408163265306123,17.346938775510203,NA,NA,NA,NA,NA,NA,NA,NA,NA,NA,NA,NA
2022-06-20,U3-22JUN,25,NA,NA,NA,NA,NA,NA,NA,NA,NA,NA,3.061224489795918,NA,38.775510204081634,24.489795918367346,2.040816326530614,8.16326530612245,2.0408163265306123,21.428571428571427,NA,NA,NA,NA,NA,NA,NA,NA,NA,NA,NA,NA
2022-06-21,U3-22JUN,81,NA,NA,NA,NA,NA,NA,NA,NA,NA,NA,3.061224489795918,NA,38.775510204081634,23.46938775510204,2.040816326530614,8.16326530612245,2.0408163265306123,22.448979591836736,NA,NA,NA,NA,NA,NA,NA,NA,NA,NA,NA,NA
2022-06-22,U3-22JUN,5731,NA,NA,NA,NA,NA,NA,NA,NA,NA,NA,5.1020408163265305,NA,32.6530612244898,33.673469387755105,4.081632653061225,9.183673469387756,0,15.306122448979592,NA,NA,NA,NA,NA,NA,NA,NA,NA,NA,NA,NA
2022-06-23,U3-22JUN,2965,NA,NA,NA,NA,NA,NA,NA,NA,NA,NA,5.1020408163265305,NA,38.77551020408163,31.6326530612245,9.183673469387756,9.183673469387756,0,6.122448979591836,NA,NA,NA,NA,NA,NA,NA,NA,NA,NA,NA,NA
2022-06-24,U3-22JUN,3094,NA,NA,NA,NA,NA,NA,NA,NA,NA,NA,8.16326530612245,NA,34.69387755102041,31.632653061224488,12.244897959183673,9.183673469387756,0,4.081632653061225,NA,NA,NA,NA,NA,NA,NA,NA,NA,NA,NA,NA
2022-06-25,U3-22JUN,3832,NA,NA,NA,NA,NA,NA,NA,NA,NA,NA,9.183673469387756,NA,36.73469387755101,29.591836734693885,7.142857142857143,9.183673469387756,2.0408163265306123,6.122448979591836,NA,NA,NA,NA,NA,NA,NA,NA,NA,NA,NA,NA
2022-06-26,U3-22JUN,76,NA,NA,NA,NA,NA,NA,NA,NA,NA,NA,9.183673469387756,NA,31.632653061224488,35.714285714285715,6.122448979591836,9.183673469387756,2.0408163265306123,6.122448979591836,NA,NA,NA,NA,NA,NA,NA,NA,NA,NA,NA,NA
2022-06-27,U3-22JUN,1247,NA,NA,NA,NA,NA,NA,NA,NA,NA,NA,9.183673469387756,NA,35.714285714285715,35.714285714285715,6.122448979591836,9.183673469387756,2.0408163265306123,2.0408163265306123,NA,NA,NA,NA,NA,NA,NA,NA,NA,NA,NA,NA
2022-06-28,U3-22JUN,407,NA,NA,NA,NA,NA,NA,NA,NA,NA,NA,9.183673469387756,NA,33.673469387755105,37.755102040816325,6.122448979591836,9.183673469387756,2.0408163265306123,2.0408163265306123,NA,NA,NA,NA,NA,NA,NA,NA,NA,NA,NA,NA
2022-06-29,U3-22JUN,374,NA,NA,NA,NA,NA,NA,NA,NA,NA,NA,7.142857142857143,NA,28.571428571428573,35.714285714285715,10.204081632653057,11.224489795918368,2.0408163265306123,5.1020408163265305,NA,NA,NA,NA,NA,NA,NA,NA,NA,NA,NA,NA
2022-06-30,U3-22JUN,699,NA,NA,NA,NA,NA,NA,NA,NA,NA,NA,10.204081632653061,NA,28.571428571428573,39.795918367346935,8.16326530612245,6.122448979591836,2.0408163265306123,5.1020408163265305,NA,NA,NA,NA,NA,NA,NA,NA,NA,NA,NA,NA
2022-07-01,U3-22JUN,348,NA,NA,NA,NA,NA,NA,NA,NA,NA,NA,7.142857142857143,NA,33.673469387755105,34.69387755102041,9.183673469387756,8.16326530612245,2.0408163265306123,5.1020408163265305,NA,NA,NA,NA,NA,NA,NA,NA,NA,NA,NA,NA
2022-07-02,U3-22JUN,100,NA,NA,NA,NA,NA,NA,NA,NA,NA,NA,7.142857142857143,NA,33.673469387755105,34.69387755102041,9.183673469387756,8.16326530612245,2.0408163265306123,5.1020408163265305,NA,NA,NA,NA,NA,NA,NA,NA,NA,NA,NA,NA
2022-07-03,U3-22JUN,532,NA,NA,NA,NA,NA,NA,NA,NA,NA,NA,7.142857142857143,NA,31.632653061224488,34.69387755102041,9.183673469387756,8.16326530612245,2.0408163265306123,7.142857142857143,NA,NA,NA,NA,NA,NA,NA,NA,NA,NA,NA,NA
2022-07-04,U3-22JUN,250,NA,NA,NA,NA,NA,NA,NA,NA,NA,NA,7.142857142857143,NA,31.632653061224488,34.69387755102041,9.183673469387756,8.16326530612245,2.0408163265306123,7.142857142857143,NA,NA,NA,NA,NA,NA,NA,NA,NA,NA,NA,NA
2022-07-05,U3-22JUN,3954,NA,NA,NA,NA,NA,NA,NA,NA,NA,NA,7.142857142857143,NA,37.755102040816325,30.612244897959183,10.204081632653061,5.1020408163265305,2.0408163265306123,7.142857142857143,NA,NA,NA,NA,NA,NA,NA,NA,NA,NA,NA,NA
2022-07-06,U3-22JUN,2463,NA,NA,NA,NA,NA,NA,NA,NA,NA,NA,7.142857142857143,NA,35.714285714285715,29.591836734693878,7.142857142857143,9.183673469387756,2.0408163265306123,9.183673469387756,NA,NA,NA,NA,NA,NA,NA,NA,NA,NA,NA,NA
2022-07-07,U3-22JUN,1926,NA,NA,NA,NA,NA,NA,NA,NA,NA,NA,7.142857142857143,NA,37.75510204081632,28.57142857142858,14.285714285714286,5.1020408163265305,2.0408163265306123,5.1020408163265305,NA,NA,NA,NA,NA,NA,NA,NA,NA,NA,NA,NA
2022-07-08,U3-22JUL,4267,NA,NA,NA,NA,NA,NA,NA,NA,NA,NA,6.122448979591838,NA,38.775510204081634,28.571428571428573,10.204081632653061,4.081632653061224,2.0408163265306123,10.204081632653061,NA,NA,NA,NA,NA,NA,NA,NA,NA,NA,NA,NA
2022-07-08,U3-22JUN,1005,NA,NA,NA,NA,NA,NA,NA,NA,NA,NA,7.142857142857143,NA,46.93877551020408,22.448979591836736,13.26530612244898,4.081632653061225,2.0408163265306123,4.081632653061225,NA,NA,NA,NA,NA,NA,NA,NA,NA,NA,NA,NA
2022-07-09,U3-22JUL,67,NA,NA,NA,NA,NA,NA,NA,NA,NA,NA,6.122448979591838,NA,39.795918367346935,27.551020408163264,10.204081632653061,4.081632653061224,2.0408163265306123,10.204081632653061,NA,NA,NA,NA,NA,NA,NA,NA,NA,NA,NA,NA
2022-07-10,U3-22JUL,6,NA,NA,NA,NA,NA,NA,NA,NA,NA,NA,6.122448979591838,NA,38.775510204081634,29.591836734693878,8.16326530612245,4.081632653061224,2.0408163265306123,11.224489795918368,NA,NA,NA,NA,NA,NA,NA,NA,NA,NA,NA,NA
2022-07-11,U3-22JUL,170,NA,NA,NA,NA,NA,NA,NA,NA,NA,NA,5.1020408163265305,NA,40.816326530612244,26.53061224489796,14.285714285714286,2.0408163265306123,3.061224489795918,8.16326530612245,NA,NA,NA,NA,NA,NA,NA,NA,NA,NA,NA,NA
2022-07-12,U3-22JUL,583,NA,NA,NA,NA,NA,NA,NA,NA,NA,NA,5.1020408163265305,NA,40.816326530612244,26.53061224489796,14.285714285714286,2.0408163265306123,3.061224489795918,8.16326530612245,NA,NA,NA,NA,NA,NA,NA,NA,NA,NA,NA,NA
2022-07-13,U3-22JUL,465,NA,NA,NA,NA,NA,NA,NA,NA,NA,NA,5.1020408163265305,NA,34.69387755102041,30.612244897959183,14.285714285714286,2.0408163265306123,3.061224489795918,10.204081632653061,NA,NA,NA,NA,NA,NA,NA,NA,NA,NA,NA,NA
2022-07-14,U3-22JUL,10,NA,NA,NA,NA,NA,NA,NA,NA,NA,NA,5.1020408163265305,NA,34.69387755102041,33.673469387755105,11.224489795918368,2.0408163265306123,3.061224489795918,10.204081632653061,NA,NA,NA,NA,NA,NA,NA,NA,NA,NA,NA,NA
2022-07-15,U3-22JUL,2027,NA,NA,NA,NA,NA,NA,NA,NA,NA,NA,9.183673469387756,NA,32.6530612244898,30.612244897959183,11.224489795918368,3.061224489795918,3.061224489795918,10.204081632653061,NA,NA,NA,NA,NA,NA,NA,NA,NA,NA,NA,NA
2022-07-16,U3-22JUL,825,NA,NA,NA,NA,NA,NA,NA,NA,NA,NA,9.183673469387756,NA,37.755102040816325,17.346938775510203,19.387755102040817,3.061224489795918,3.061224489795918,10.204081632653061,NA,NA,NA,NA,NA,NA,NA,NA,NA,NA,NA,NA
2022-07-17,U3-22JUL,36,NA,NA,NA,NA,NA,NA,NA,NA,NA,NA,9.183673469387756,NA,40.816326530612244,17.346938775510203,19.387755102040817,3.061224489795918,3.061224489795918,7.142857142857143,NA,NA,NA,NA,NA,NA,NA,NA,NA,NA,NA,NA
2022-07-18,U3-22JUL,1,NA,NA,NA,NA,NA,NA,NA,NA,NA,NA,9.183673469387756,NA,40.816326530612244,22.448979591836736,14.285714285714286,3.061224489795918,3.061224489795918,7.142857142857143,NA,NA,NA,NA,NA,NA,NA,NA,NA,NA,NA,NA
2022-07-19,U3-22JUL,5,NA,NA,NA,NA,NA,NA,NA,NA,NA,NA,9.183673469387756,NA,35.714285714285715,27.551020408163264,14.285714285714286,3.061224489795918,3.061224489795918,7.142857142857143,NA,NA,NA,NA,NA,NA,NA,NA,NA,NA,NA,NA
2022-07-20,U3-22JUL,2,NA,NA,NA,NA,NA,NA,NA,NA,NA,NA,9.183673469387756,NA,40.816326530612244,26.53061224489796,10.204081632653061,3.061224489795918,3.061224489795918,7.142857142857143,NA,NA,NA,NA,NA,NA,NA,NA,NA,NA,NA,NA
2022-07-21,U3-22JUL,5090,NA,NA,NA,NA,NA,NA,NA,NA,NA,NA,3.061224489795918,NA,42.857142857142854,27.551020408163264,11.224489795918368,7.142857142857143,1.0204081632653061,7.142857142857143,NA,NA,NA,NA,NA,NA,NA,NA,NA,NA,NA,NA
2022-07-22,U3-22JUL,1318,NA,NA,NA,NA,NA,NA,NA,NA,NA,NA,3.061224489795918,NA,38.775510204081634,23.46938775510204,15.306122448979592,7.142857142857143,4.081632653061225,8.16326530612245,NA,NA,NA,NA,NA,NA,NA,NA,NA,NA,NA,NA
2022-07-23,U3-22JUL,94,NA,NA,NA,NA,NA,NA,NA,NA,NA,NA,3.061224489795918,NA,32.65306122448979,29.591836734693885,12.244897959183671,10.204081632653063,4.081632653061225,8.16326530612245,NA,NA,NA,NA,NA,NA,NA,NA,NA,NA,NA,NA
2022-07-24,U3-22JUL,25,NA,NA,NA,NA,NA,NA,NA,NA,NA,NA,3.061224489795918,NA,32.65306122448979,29.591836734693885,12.244897959183671,10.204081632653063,4.081632653061225,8.16326530612245,NA,NA,NA,NA,NA,NA,NA,NA,NA,NA,NA,NA
2022-07-25,U3-22JUL,510,NA,NA,NA,NA,NA,NA,NA,NA,NA,NA,3.061224489795918,NA,36.734693877551024,24.489795918367346,13.265306122448978,10.204081632653063,4.081632653061225,8.16326530612245,NA,NA,NA,NA,NA,NA,NA,NA,NA,NA,NA,NA
2022-07-26,U3-22JUL,805,NA,NA,NA,NA,NA,NA,NA,NA,NA,NA,3.061224489795918,NA,34.6938775510204,34.69387755102042,8.163265306122447,10.204081632653063,4.081632653061225,5.1020408163265305,NA,NA,NA,NA,NA,NA,NA,NA,NA,NA,NA,NA
2022-07-27,U3-22JUL,25,NA,NA,NA,NA,NA,NA,NA,NA,NA,NA,3.061224489795918,NA,39.795918367346935,29.591836734693878,8.163265306122447,10.204081632653063,4.081632653061225,5.1020408163265305,NA,NA,NA,NA,NA,NA,NA,NA,NA,NA,NA,NA
2022-07-28,U3-22JUL,2352,NA,NA,NA,NA,NA,NA,NA,NA,NA,NA,4.081632653061225,NA,42.857142857142854,29.591836734693878,11.224489795918368,6.122448979591836,1.0204081632653061,5.1020408163265305,NA,NA,NA,NA,NA,NA,NA,NA,NA,NA,NA,NA
2022-07-29,U3-22JUL,1379,NA,NA,NA,NA,NA,NA,NA,NA,NA,NA,3.061224489795918,NA,39.795918367346935,30.612244897959183,12.244897959183673,5.1020408163265305,3.061224489795918,6.122448979591836,NA,NA,NA,NA,NA,NA,NA,NA,NA,NA,NA,NA
2022-07-30,U3-22JUL,88,NA,NA,NA,NA,NA,NA,NA,NA,NA,NA,3.061224489795918,NA,39.795918367346935,29.591836734693878,12.244897959183673,5.1020408163265305,3.061224489795918,7.142857142857143,NA,NA,NA,NA,NA,NA,NA,NA,NA,NA,NA,NA
2022-07-31,U3-22JUL,546,NA,NA,NA,NA,NA,NA,NA,NA,NA,NA,3.061224489795918,NA,39.795918367346935,26.53061224489796,15.306122448979592,5.1020408163265305,3.061224489795918,7.142857142857143,NA,NA,NA,NA,NA,NA,NA,NA,NA,NA,NA,NA
2022-08-01,U3-22JUL,1329,NA,NA,NA,NA,NA,NA,NA,NA,NA,NA,1.0204081632653061,NA,34.6938775510204,37.75510204081633,11.224489795918368,5.102040816326531,3.061224489795918,7.142857142857143,NA,NA,NA,NA,NA,NA,NA,NA,NA,NA,NA,NA
2022-08-02,U3-22JUL,2303,NA,NA,NA,NA,NA,NA,NA,NA,NA,NA,1.0204081632653061,NA,36.734693877551024,34.69387755102041,10.204081632653061,5.102040816326531,3.061224489795918,9.183673469387756,NA,NA,NA,NA,NA,NA,NA,NA,NA,NA,NA,NA
2022-08-03,U3-22JUL,1311,NA,NA,NA,NA,NA,NA,NA,NA,NA,NA,1.0204081632653061,NA,42.857142857142854,35.714285714285715,9.183673469387756,4.081632653061225,3.061224489795918,4.081632653061225,NA,NA,NA,NA,NA,NA,NA,NA,NA,NA,NA,NA
2022-08-04,U3-22JUL,2133,NA,NA,NA,NA,NA,NA,NA,NA,NA,NA,1.0204081632653061,NA,40.816326530612244,31.632653061224488,15.306122448979592,4.081632653061225,3.061224489795918,4.081632653061225,NA,NA,NA,NA,NA,NA,NA,NA,NA,NA,NA,NA
2022-08-05,U3-22AUG,2319,NA,NA,NA,NA,NA,NA,NA,NA,NA,NA,1.0204081632653061,0,28.57142857142858,17.346938775510203,7.142857142857143,1.0204081632653061,19.387755102040817,25.510204081632644,NA,0,NA,NA,NA,NA,NA,NA,NA,NA,NA,NA
2022-08-05,U3-22JUL,432,NA,NA,NA,NA,NA,NA,NA,NA,NA,NA,1.0204081632653061,NA,34.69387755102042,35.71428571428571,13.26530612244898,8.16326530612245,3.061224489795918,4.081632653061225,NA,NA,NA,NA,NA,NA,NA,NA,NA,NA,NA,NA
2022-08-06,U3-22AUG,561,NA,NA,NA,NA,NA,NA,NA,NA,NA,NA,0,0,28.57142857142858,17.346938775510203,8.16326530612245,1.0204081632653061,19.387755102040817,25.510204081632644,NA,0,NA,NA,NA,NA,NA,NA,NA,NA,NA,NA
2022-08-07,U3-22AUG,0,NA,NA,NA,NA,NA,NA,NA,NA,NA,NA,0,0,28.57142857142858,17.346938775510203,8.16326530612245,1.0204081632653061,19.387755102040817,25.510204081632644,NA,0,NA,NA,NA,NA,NA,NA,NA,NA,NA,NA
2022-08-08,U3-22AUG,553,NA,NA,NA,NA,NA,NA,NA,NA,NA,NA,0,0,31.6326530612245,14.285714285714286,8.16326530612245,1.0204081632653061,25.510204081632654,19.38775510204081,NA,0,NA,NA,NA,NA,NA,NA,NA,NA,NA,NA
2022-08-09,U3-22AUG,312,NA,NA,NA,NA,NA,NA,NA,NA,NA,NA,0,0,31.6326530612245,16.3265306122449,6.122448979591836,1.0204081632653061,21.428571428571427,23.46938775510203,NA,0,NA,NA,NA,NA,NA,NA,NA,NA,NA,NA
2022-08-10,U3-22AUG,1049,NA,NA,NA,NA,NA,NA,NA,NA,NA,NA,0,0,26.53061224489796,15.306122448979592,7.142857142857143,0,24.489795918367346,26.53061224489796,NA,0,NA,NA,NA,NA,NA,NA,NA,NA,NA,NA
2022-08-11,U3-22AUG,1979,NA,NA,NA,NA,NA,NA,NA,NA,NA,NA,0,0,17.346938775510203,16.3265306122449,4.0816326530612255,2.0408163265306123,33.673469387755105,26.53061224489796,NA,0,NA,NA,NA,NA,NA,NA,NA,NA,NA,NA
2022-08-12,U3-22AUG,447,NA,NA,NA,NA,NA,NA,NA,NA,NA,NA,0,0,17.346938775510203,16.3265306122449,4.0816326530612255,2.0408163265306123,38.775510204081634,21.428571428571427,NA,0,NA,NA,NA,NA,NA,NA,NA,NA,NA,NA
2022-08-13,U3-22AUG,611,NA,NA,NA,NA,NA,NA,NA,NA,NA,NA,1.0204081632653061,0,15.306122448979592,11.224489795918368,7.142857142857143,1.0204081632653061,35.714285714285715,28.571428571428573,NA,0,NA,NA,NA,NA,NA,NA,NA,NA,NA,NA
2022-08-14,U3-22AUG,167,NA,NA,NA,NA,NA,NA,NA,NA,NA,NA,1.0204081632653061,0,23.46938775510204,7.142857142857143,7.142857142857143,1.0204081632653061,34.69387755102041,25.510204081632654,NA,0,NA,NA,NA,NA,NA,NA,NA,NA,NA,NA
2022-08-15,U3-22AUG,0,NA,NA,NA,NA,NA,NA,NA,NA,NA,NA,1.0204081632653061,0,23.46938775510204,7.142857142857143,7.142857142857143,1.0204081632653061,34.69387755102041,25.510204081632654,NA,0,NA,NA,NA,NA,NA,NA,NA,NA,NA,NA
2022-08-16,U3-22AUG,382,NA,NA,NA,NA,NA,NA,NA,NA,NA,NA,1.0204081632653061,0,23.46938775510204,11.224489795918368,3.061224489795918,1.0204081632653061,33.673469387755105,26.53061224489796,NA,0,NA,NA,NA,NA,NA,NA,NA,NA,NA,NA
2022-08-17,U3-22AUG,328,NA,NA,NA,NA,NA,NA,NA,NA,NA,NA,1.0204081632653061,0,25.510204081632654,11.224489795918368,3.061224489795918,1.0204081632653061,30.612244897959183,27.551020408163264,NA,0,NA,NA,NA,NA,NA,NA,NA,NA,NA,NA
2022-08-18,U3-22AUG,1468,NA,NA,NA,NA,NA,NA,NA,NA,NA,NA,1.0204081632653061,0,21.428571428571427,11.224489795918368,2.0408163265306123,1.0204081632653061,32.6530612244898,30.612244897959183,NA,0,NA,NA,NA,NA,NA,NA,NA,NA,NA,NA
2022-08-19,U3-22AUG,347,NA,NA,NA,NA,NA,NA,NA,NA,NA,NA,1.0204081632653061,0,21.428571428571427,8.16326530612245,5.1020408163265305,1.0204081632653061,34.69387755102041,28.571428571428573,NA,0,NA,NA,NA,NA,NA,NA,NA,NA,NA,NA
2022-08-20,U3-22AUG,50,NA,NA,NA,NA,NA,NA,NA,NA,NA,NA,1.0204081632653061,0,24.489795918367346,8.16326530612245,5.1020408163265305,1.0204081632653061,33.673469387755105,26.53061224489796,NA,0,NA,NA,NA,NA,NA,NA,NA,NA,NA,NA
2022-08-21,U3-22AUG,159,NA,NA,NA,NA,NA,NA,NA,NA,NA,NA,1.0204081632653061,0,25.510204081632654,7.142857142857143,5.1020408163265305,1.0204081632653061,33.673469387755105,26.53061224489796,NA,0,NA,NA,NA,NA,NA,NA,NA,NA,NA,NA
2022-08-22,U3-22AUG,292,NA,NA,NA,NA,NA,NA,NA,NA,NA,NA,1.0204081632653061,0,26.53061224489796,7.142857142857143,5.1020408163265305,1.0204081632653061,33.673469387755105,25.510204081632654,NA,0,NA,NA,NA,NA,NA,NA,NA,NA,NA,NA
2022-08-23,U3-22AUG,725,NA,NA,NA,NA,NA,NA,NA,NA,NA,NA,0,0,23.46938775510204,8.16326530612245,5.1020408163265305,2.0408163265306123,27.551020408163264,33.673469387755105,NA,0,NA,NA,NA,NA,NA,NA,NA,NA,NA,NA
2022-08-24,U3-22AUG,12,NA,NA,NA,NA,NA,NA,NA,NA,NA,NA,0,0,29.591836734693878,9.183673469387756,5.1020408163265305,2.0408163265306123,27.551020408163264,26.53061224489796,NA,0,NA,NA,NA,NA,NA,NA,NA,NA,NA,NA
2022-08-25,U3-22AUG,15,NA,NA,NA,NA,NA,NA,NA,NA,NA,NA,0,0,25.510204081632654,8.16326530612245,5.1020408163265305,2.0408163265306123,27.551020408163264,31.632653061224488,NA,0,NA,NA,NA,NA,NA,NA,NA,NA,NA,NA
2022-08-26,U3-22AUG,632,NA,NA,NA,NA,NA,NA,NA,NA,NA,NA,0,0,26.53061224489796,7.142857142857143,5.1020408163265305,2.0408163265306123,29.591836734693878,29.591836734693878,NA,0,NA,NA,NA,NA,NA,NA,NA,NA,NA,NA
2022-08-27,U3-22AUG,1,NA,NA,NA,NA,NA,NA,NA,NA,NA,NA,0,0,26.53061224489796,7.142857142857143,5.1020408163265305,2.0408163265306123,29.591836734693878,29.591836734693878,NA,0,NA,NA,NA,NA,NA,NA,NA,NA,NA,NA
2022-08-28,U3-22AUG,10,NA,NA,NA,NA,NA,NA,NA,NA,NA,NA,0,0,26.53061224489796,7.142857142857143,5.1020408163265305,2.0408163265306123,29.591836734693878,29.591836734693878,NA,0,NA,NA,NA,NA,NA,NA,NA,NA,NA,NA
2022-08-29,U3-22AUG,595,NA,NA,NA,NA,NA,NA,NA,NA,NA,NA,0,0,24.489795918367346,5.1020408163265305,5.1020408163265305,2.0408163265306123,29.591836734693878,33.673469387755105,NA,0,NA,NA,NA,NA,NA,NA,NA,NA,NA,NA
2022-08-30,U3-22AUG,1385,NA,NA,NA,NA,NA,NA,NA,NA,NA,NA,0,0,28.571428571428573,14.285714285714286,1.0204081632653061,2.0408163265306123,26.53061224489796,27.551020408163264,NA,0,NA,NA,NA,NA,NA,NA,NA,NA,NA,NA
2022-08-31,U3-22AUG,1509,NA,NA,NA,NA,NA,NA,NA,NA,NA,NA,0,0,28.571428571428573,9.183673469387756,3.061224489795918,2.0408163265306123,19.387755102040817,37.755102040816325,NA,0,NA,NA,NA,NA,NA,NA,NA,NA,NA,NA
2022-09-01,U3-22AUG,1923,NA,NA,NA,NA,NA,NA,NA,NA,NA,NA,0,0,20.408163265306122,6.122448979591836,3.061224489795918,0,20.408163265306122,50,NA,0,NA,NA,NA,NA,NA,NA,NA,NA,NA,NA
2022-09-02,U3-22AUG,1866,NA,NA,NA,NA,NA,NA,NA,NA,NA,NA,0,0,33.673469387755105,7.142857142857143,1.0204081632653061,2.0408163265306123,24.489795918367346,31.632653061224488,NA,0,NA,NA,NA,NA,NA,NA,NA,NA,NA,NA
2022-09-07,U3-22SEP,33,NA,NA,NA,NA,NA,NA,NA,NA,NA,NA,3.061224489795918,2.0408163265306123,25.510204081632654,15.306122448979592,23.46938775510204,15.306122448979592,4.081632653061225,11.224489795918368,NA,NA,NA,NA,NA,NA,NA,NA,NA,NA,NA,NA
2022-09-08,U3-22SEP,83,NA,NA,NA,NA,NA,NA,NA,NA,NA,NA,3.061224489795918,2.0408163265306123,17.346938775510203,28.571428571428573,18.367346938775512,15.306122448979592,4.081632653061225,11.224489795918368,NA,NA,NA,NA,NA,NA,NA,NA,NA,NA,NA,NA
2022-09-09,U3-22SEP,0,NA,NA,NA,NA,NA,NA,NA,NA,NA,NA,3.061224489795918,2.0408163265306123,17.346938775510203,28.571428571428573,18.367346938775512,15.306122448979592,4.081632653061225,11.224489795918368,NA,NA,NA,NA,NA,NA,NA,NA,NA,NA,NA,NA
2022-09-10,U3-22SEP,0,NA,NA,NA,NA,NA,NA,NA,NA,NA,NA,3.061224489795918,2.0408163265306123,17.346938775510203,28.571428571428573,18.367346938775512,15.306122448979592,4.081632653061225,11.224489795918368,NA,NA,NA,NA,NA,NA,NA,NA,NA,NA,NA,NA
2022-09-11,U3-22SEP,405,NA,NA,NA,NA,NA,NA,NA,NA,NA,NA,6.122448979591836,3.061224489795918,17.346938775510203,23.46938775510204,23.46938775510204,11.224489795918368,4.081632653061225,11.224489795918368,NA,NA,NA,NA,NA,NA,NA,NA,NA,NA,NA,NA
2022-09-12,U3-22SEP,42,NA,NA,NA,NA,NA,NA,NA,NA,NA,NA,6.122448979591836,3.061224489795918,17.346938775510203,23.46938775510204,23.46938775510204,11.224489795918368,4.081632653061225,11.224489795918368,NA,NA,NA,NA,NA,NA,NA,NA,NA,NA,NA,NA
2022-09-13,U3-22SEP,1166,NA,NA,NA,NA,NA,NA,NA,NA,NA,NA,6.122448979591836,3.061224489795918,14.285714285714286,24.489795918367346,23.46938775510204,11.224489795918368,4.081632653061225,13.26530612244898,NA,NA,NA,NA,NA,NA,NA,NA,NA,NA,NA,NA
2022-09-14,U3-22SEP,843,NA,NA,NA,NA,NA,NA,NA,NA,NA,NA,5.1020408163265305,4.081632653061225,19.387755102040817,23.46938775510204,19.387755102040817,11.224489795918368,4.081632653061225,13.26530612244898,NA,NA,NA,NA,NA,NA,NA,NA,NA,NA,NA,NA
2022-09-15,U3-22SEP,4142,NA,NA,NA,NA,NA,NA,NA,NA,NA,NA,6.122448979591836,4.081632653061225,22.448979591836736,9.183673469387756,21.428571428571427,19.387755102040817,6.122448979591836,11.224489795918368,NA,NA,NA,NA,NA,NA,NA,NA,NA,NA,NA,NA
2022-09-16,U3-22SEP,3413,0,NA,0,0,0,0,0,0,1.0204081632653061,0,7.142857142857144,4.0816326530612255,18.367346938775515,7.142857142857136,28.571428571428573,9.183673469387752,5.1020408163265305,18.367346938775512,NA,1.0204081632653061,0,0,0,0,0,0,NA,NA,NA,NA
2022-09-17,U3-22SEP,967,0,NA,0,0,0,0,0,0,1.0204081632653061,0,6.1224489795918355,4.0816326530612255,23.46938775510205,19.38775510204081,16.3265306122449,10.204081632653061,5.1020408163265305,13.26530612244898,NA,1.0204081632653061,0,0,0,0,0,0,NA,NA,NA,NA
2022-09-18,U3-22SEP,10,0,NA,0,0,0,0,0,0,1.0204081632653061,0,6.1224489795918355,4.0816326530612255,24.489795918367356,19.38775510204081,16.3265306122449,10.204081632653061,5.1020408163265305,12.244897959183673,NA,1.0204081632653061,0,0,0,0,0,0,NA,NA,NA,NA
2022-09-19,U3-22SEP,755,0,NA,0,0,0,0,0,0,1.0204081632653061,0,7.142857142857143,3.061224489795918,19.387755102040817,24.489795918367346,18.367346938775512,8.16326530612245,5.1020408163265305,12.244897959183673,NA,1.0204081632653061,0,0,0,0,0,0,NA,NA,NA,NA
2022-09-20,U3-22SEP,352,0,NA,0,0,0,0,0,0,1.0204081632653061,0,7.142857142857143,3.061224489795918,18.367346938775512,26.53061224489796,18.367346938775512,8.16326530612245,5.1020408163265305,11.224489795918368,NA,1.0204081632653061,0,0,0,0,0,0,NA,NA,NA,NA
2022-09-21,U3-22SEP,15,0,NA,0,0,0,0,0,0,1.0204081632653061,0,7.142857142857143,3.061224489795918,20.408163265306122,27.551020408163264,17.346938775510203,8.16326530612245,1.0204081632653061,13.26530612244898,NA,1.0204081632653061,0,0,0,0,0,0,NA,NA,NA,NA
2022-09-22,U3-22SEP,1266,0,NA,0,0,0,0,0,0,0,0,6.122448979591839,6.122448979591836,19.387755102040817,22.448979591836736,21.428571428571427,9.183673469387752,1.0204081632653061,13.26530612244898,NA,1.0204081632653061,0,0,0,0,0,0,NA,NA,NA,NA
2022-09-23,U3-22SEP,375,0,NA,0,0,0,0,0,0,0,0,9.183673469387758,3.061224489795918,18.367346938775512,27.551020408163264,17.346938775510203,9.183673469387752,1.0204081632653061,13.26530612244898,NA,1.0204081632653061,0,0,0,0,0,0,NA,NA,NA,NA
2022-09-24,U3-22SEP,324,0,NA,0,0,0,0,0,0,0,0,9.183673469387758,3.061224489795918,18.367346938775512,24.489795918367346,18.367346938775512,11.224489795918364,1.0204081632653061,13.26530612244898,NA,1.0204081632653061,0,0,0,0,0,0,NA,NA,NA,NA
2022-09-25,U3-22SEP,0,0,NA,0,0,0,0,0,0,0,0,9.183673469387758,3.061224489795918,18.367346938775512,24.489795918367346,18.367346938775512,11.224489795918364,1.0204081632653061,13.26530612244898,NA,1.0204081632653061,0,0,0,0,0,0,NA,NA,NA,NA
2022-09-26,U3-22SEP,114,0,NA,0,0,0,0,0,0,0,0,9.183673469387758,3.061224489795918,18.367346938775512,27.551020408163264,15.306122448979592,11.224489795918364,1.0204081632653061,13.26530612244898,NA,1.0204081632653061,0,0,0,0,0,0,NA,NA,NA,NA
2022-09-27,U3-22SEP,1535,0,NA,0,0,0,0,0,0,1.0204081632653061,0,6.1224489795918355,4.0816326530612255,22.448979591836736,27.551020408163264,11.224489795918371,16.326530612244895,1.0204081632653061,9.183673469387756,NA,1.0204081632653061,0,0,0,0,0,0,NA,NA,NA,NA
2022-09-28,U3-22SEP,216,0,NA,0,0,0,0,0,0,1.0204081632653061,0,5.10204081632653,4.0816326530612255,17.346938775510203,24.489795918367346,19.38775510204082,17.3469387755102,1.0204081632653061,9.183673469387756,NA,1.0204081632653061,0,0,0,0,0,0,NA,NA,NA,NA
2022-09-29,U3-22SEP,210,0,NA,0,0,0,0,0,0,1.0204081632653061,0,6.122448979591836,3.061224489795918,17.346938775510203,27.551020408163264,22.448979591836736,11.224489795918368,1.0204081632653061,9.183673469387756,NA,1.0204081632653061,0,0,0,0,0,0,NA,NA,NA,NA
2022-09-30,U3-22SEP,334,0,NA,0,0,0,0,0,0,1.0204081632653061,0,6.122448979591836,3.061224489795918,17.346938775510203,24.489795918367346,25.510204081632654,11.224489795918368,1.0204081632653061,9.183673469387756,NA,1.0204081632653061,0,0,0,0,0,0,NA,NA,NA,NA
2022-10-01,U3-22SEP,63,0,NA,0,0,0,0,0,0,1.0204081632653061,0,5.1020408163265305,3.061224489795918,21.428571428571427,20.408163265306122,25.510204081632654,12.244897959183673,1.0204081632653061,9.183673469387756,NA,1.0204081632653061,0,0,0,0,0,0,NA,NA,NA,NA
2022-10-02,U3-22SEP,284,0,NA,0,0,0,0,0,0,0,0,5.1020408163265305,4.081632653061225,17.346938775510203,29.591836734693878,20.408163265306122,12.244897959183673,1.0204081632653061,9.183673469387756,NA,1.0204081632653061,0,0,0,0,0,0,NA,NA,NA,NA
2022-10-03,U3-22SEP,1225,0,NA,0,0,0,0,0,0,0,0,4.081632653061225,4.081632653061225,17.346938775510203,31.632653061224488,21.428571428571427,10.204081632653061,2.0408163265306123,8.16326530612245,NA,1.0204081632653061,0,0,0,0,0,0,NA,NA,NA,NA
2022-10-04,U3-22SEP,2879,0,NA,0,0,0,0,0,0,0,0,3.061224489795918,4.081632653061225,22.448979591836736,22.448979591836736,27.551020408163264,9.183673469387756,2.0408163265306123,8.16326530612245,NA,1.0204081632653061,0,0,0,0,0,0,NA,NA,NA,NA
2022-10-05,U3-22SEP,2805,0,NA,0,0,0,0,0,0,1.0204081632653061,0,1.0204081632653053,4.0816326530612255,22.448979591836736,22.448979591836736,27.551020408163264,12.244897959183673,2.0408163265306123,6.122448979591836,NA,1.0204081632653061,0,0,0,0,0,0,NA,NA,NA,NA
2022-10-06,U3-22SEP,2428,0,NA,0,0,0,0,0,0,0,0,4.081632653061224,5.102040816326531,19.387755102040817,31.632653061224488,20.408163265306122,8.16326530612245,3.061224489795918,7.142857142857143,NA,1.0204081632653061,0,0,0,0,0,0,NA,NA,NA,NA
2022-10-07,U3-22OCT,2433,NA,NA,NA,NA,NA,NA,NA,NA,0,NA,0,0,28.571428571428573,5.1020408163265305,2.0408163265306123,0,16.3265306122449,47.95918367346939,NA,0,NA,NA,NA,NA,NA,NA,NA,NA,NA,NA
2022-10-07,U3-22SEP,1247,0,NA,0,0,0,0,0,0,0,0,1.020408163265307,5.1020408163265305,22.448979591836736,24.489795918367346,24.489795918367346,12.244897959183673,1.0204081632653061,9.183673469387756,NA,0,0,0,0,0,0,0,NA,NA,NA,NA
2022-10-08,U3-22OCT,79,NA,NA,NA,NA,NA,NA,NA,NA,0,NA,0,0,30.612244897959183,5.1020408163265305,2.0408163265306123,0,14.285714285714286,47.95918367346939,NA,0,NA,NA,NA,NA,NA,NA,NA,NA,NA,NA
2022-10-09,U3-22OCT,23,NA,NA,NA,NA,NA,NA,NA,NA,0,NA,0,0,31.632653061224488,4.0816326530612255,2.0408163265306123,0,15.306122448979592,46.93877551020408,NA,0,NA,NA,NA,NA,NA,NA,NA,NA,NA,NA
2022-10-10,U3-22OCT,0,NA,NA,NA,NA,NA,NA,NA,NA,0,NA,0,0,31.632653061224488,4.0816326530612255,2.0408163265306123,0,15.306122448979592,46.93877551020408,NA,0,NA,NA,NA,NA,NA,NA,NA,NA,NA,NA
2022-10-11,U3-22OCT,50,NA,NA,NA,NA,NA,NA,NA,NA,0,NA,0,0,34.69387755102041,4.0816326530612255,2.0408163265306123,0,15.306122448979592,43.87755102040816,NA,0,NA,NA,NA,NA,NA,NA,NA,NA,NA,NA
2022-10-12,U3-22OCT,49,NA,NA,NA,NA,NA,NA,NA,NA,0,NA,0,0,28.571428571428573,6.122448979591836,2.0408163265306123,0,16.3265306122449,46.93877551020408,NA,0,NA,NA,NA,NA,NA,NA,NA,NA,NA,NA
2022-10-13,U3-22OCT,1,NA,NA,NA,NA,NA,NA,NA,NA,0,NA,0,0,28.571428571428573,6.122448979591836,2.0408163265306123,0,16.3265306122449,46.93877551020408,NA,0,NA,NA,NA,NA,NA,NA,NA,NA,NA,NA
2022-10-14,U3-22OCT,272,NA,NA,NA,NA,NA,NA,NA,NA,0,NA,0,0,32.6530612244898,6.122448979591836,2.0408163265306123,0,14.285714285714286,44.89795918367347,NA,0,NA,NA,NA,NA,NA,NA,NA,NA,NA,NA
2022-10-15,U3-22OCT,565,0,0,0,0,0,0,0,0,0,0,0,0,33.673469387755105,5.1020408163265305,2.0408163265306123,0,14.285714285714286,44.89795918367347,NA,0,0,0,0,0,0,0,0,NA,NA,NA
2022-10-16,U3-22OCT,0,0,0,0,0,0,0,0,0,0,0,0,0,33.673469387755105,5.1020408163265305,2.0408163265306123,0,14.285714285714286,44.89795918367347,NA,0,0,0,0,0,0,0,0,NA,NA,NA
2022-10-17,U3-22OCT,852,0,0,0,0,0,0,0,0,0,0,0,0,30.612244897959183,7.142857142857143,0,0,17.346938775510203,44.89795918367347,NA,0,0,0,0,0,0,0,0,NA,NA,NA
2022-10-18,U3-22OCT,8,0,0,0,0,0,0,0,0,0,0,0,0,29.591836734693878,7.142857142857143,0,0,13.26530612244898,50,NA,0,0,0,0,0,0,0,0,NA,NA,NA
2022-10-19,U3-22OCT,150,0,0,0,0,0,0,0,0,0,0,0,0,28.571428571428573,7.142857142857143,0,0,13.26530612244898,51.02040816326531,NA,0,0,0,0,0,0,0,0,NA,NA,NA
2022-10-20,U3-22OCT,215,0,0,0,0,0,0,0,0,0,0,0,0,25.510204081632654,5.1020408163265305,0,0,13.26530612244898,56.12244897959184,NA,0,0,0,0,0,0,0,0,NA,NA,NA
2022-10-21,U3-22OCT,0,0,0,0,0,0,0,0,0,0,0,0,0,25.510204081632654,5.1020408163265305,0,0,13.26530612244898,56.12244897959184,NA,0,0,0,0,0,0,0,0,NA,NA,NA
2022-10-22,U3-22OCT,0,0,0,0,0,0,0,0,0,0,0,0,0,25.510204081632654,5.1020408163265305,0,0,13.26530612244898,56.12244897959184,NA,0,0,0,0,0,0,0,0,NA,NA,NA
2022-10-23,U3-22OCT,156,0,0,0,0,0,0,0,0,0,0,0,0,25.510204081632654,5.1020408163265305,0,0,11.224489795918368,58.16326530612245,NA,0,0,0,0,0,0,0,0,NA,NA,NA
2022-10-24,U3-22OCT,500,0,0,0,0,0,0,0,0,0,0,0,0,25.510204081632654,5.1020408163265305,0,0,11.224489795918368,58.16326530612245,NA,0,0,0,0,0,0,0,0,NA,NA,NA
2022-10-25,U3-22OCT,161,0,0,0,0,0,0,0,0,0,0,0,0,27.551020408163264,5.1020408163265305,0,0,9.183673469387756,58.16326530612245,NA,0,0,0,0,0,0,0,0,NA,NA,NA
2022-10-26,U3-22OCT,129,0,0,0,0,0,0,0,0,0,0,0,0,23.46938775510204,6.122448979591838,0,0,9.183673469387756,61.224489795918366,NA,0,0,0,0,0,0,0,0,NA,NA,NA
2022-10-27,U3-22OCT,375,0,0,0,0,0,0,0,0,0,0,0,0,22.44897959183674,5.1020408163265305,0,0,8.16326530612245,64.28571428571429,NA,0,0,0,0,0,0,0,0,NA,NA,NA
2022-10-28,U3-22OCT,734,0,0,0,0,0,0,0,0,0,0,0,0,24.489795918367342,4.081632653061225,0,0,11.224489795918368,60.204081632653065,NA,0,0,0,0,0,0,0,0,NA,NA,NA
2022-10-29,U3-22OCT,118,0,0,0,0,0,0,0,0,0,0,0,0,27.551020408163264,4.081632653061225,0,0,11.224489795918368,57.142857142857146,NA,0,0,0,0,0,0,0,0,NA,NA,NA
2022-10-30,U3-22OCT,727,0,0,0,0,0,0,0,0,0,0,0,0,22.448979591836736,4.081632653061225,0,0,11.224489795918368,62.244897959183675,NA,0,0,0,0,0,0,0,0,NA,NA,NA
2022-10-31,U3-22OCT,45,0,0,0,0,0,0,0,0,0,0,0,0,26.53061224489796,3.061224489795918,0,0,11.224489795918368,59.183673469387756,NA,0,0,0,0,0,0,0,0,NA,NA,NA
2022-11-01,U3-22OCT,1569,0,0,0,0,0,0,0,0,0,0,0,0,24.489795918367353,3.061224489795918,0,0,15.306122448979592,57.142857142857146,NA,0,0,0,0,0,0,0,0,NA,NA,NA
2022-11-02,U3-22NOV,0,NA,NA,NA,NA,NA,NA,NA,NA,NA,NA,NA,NA,34.69387755102041,29.591836734693878,22.448979591836736,0,0,13.26530612244898,NA,NA,NA,NA,NA,NA,NA,NA,NA,NA,NA,NA
2022-11-02,U3-22OCT,510,0,0,0,0,0,0,0,0,0,0,0,0,21.428571428571427,3.061224489795918,0,0,10.204081632653061,65.3061224489796,NA,0,0,0,0,0,0,0,0,NA,NA,NA
2022-11-03,U3-22NOV,3,NA,NA,NA,NA,NA,NA,NA,NA,NA,NA,NA,NA,33.673469387755105,26.53061224489796,25.510204081632654,0,0,14.285714285714286,NA,NA,NA,NA,NA,NA,NA,NA,NA,NA,NA,NA
2022-11-03,U3-22OCT,4391,0,0,0,0,0,0,0,0,0,0,0,0,23.46938775510204,2.0408163265306123,0,0,8.16326530612245,66.3265306122449,NA,0,0,0,0,0,0,0,0,NA,NA,NA
2022-11-04,U3-22NOV,674,0,0,0,0,0,0,0,0,0,0,0,0,35.714285714285715,18.367346938775512,33.673469387755105,0,0,12.244897959183673,NA,0,0,0,0,0,0,0,0,0,0,NA
2022-11-04,U3-22OCT,2857,0,0,0,0,0,0,0,0,0,0,0,0,20.408163265306122,1.0204081632653061,0,0,9.183673469387756,69.38775510204081,NA,0,0,0,0,0,0,0,0,NA,NA,NA
2022-11-05,U3-22NOV,50,0,0,0,0,0,0,0,0,0,0,0,0,35.714285714285715,20.408163265306122,31.632653061224488,0,0,12.244897959183673,NA,0,0,0,0,0,0,0,0,0,0,NA
2022-11-06,U3-22NOV,1103,0,0,0,0,0,0,0,0,0,0,0,0,45.91836734693877,20.408163265306122,26.53061224489796,5.1020408163265305,0,2.0408163265306123,NA,0,0,0,0,0,0,0,0,0,0,NA
2022-11-07,U3-22NOV,455,0,0,0,0,0,0,0,0,0,0,0,0,46.93877551020408,20.408163265306122,26.53061224489796,5.1020408163265305,0,1.0204081632653061,NA,0,0,0,0,0,0,0,0,0,0,NA
2022-11-08,U3-22NOV,16,0,0,0,0,0,0,0,0,0,0,0,0,22.448979591836736,44.89795918367347,26.53061224489796,5.1020408163265305,0,1.0204081632653061,NA,0,0,0,0,0,0,0,0,0,0,NA
2022-11-09,U3-22NOV,195,0,0,0,0,0,0,0,0,0,0,0,0,21.428571428571427,45.91836734693877,26.53061224489796,5.1020408163265305,0,1.0204081632653061,NA,0,0,0,0,0,0,0,0,0,0,NA
2022-11-10,U3-22NOV,0,0,0,0,0,0,0,0,0,0,0,0,0,21.428571428571427,45.91836734693877,26.53061224489796,5.1020408163265305,0,1.0204081632653061,NA,0,0,0,0,0,0,0,0,0,0,NA
2022-11-11,U3-22NOV,249,0,0,0,0,0,0,0,0,0,0,0,0,21.428571428571427,42.857142857142854,30.612244897959183,4.081632653061225,0,1.0204081632653061,NA,0,0,0,0,0,0,0,0,0,0,NA
2022-11-12,U3-22NOV,0,0,0,0,0,0,0,0,0,0,0,0,0,21.428571428571427,42.857142857142854,30.612244897959183,4.081632653061225,0,1.0204081632653061,NA,0,0,0,0,0,0,0,0,0,0,NA
2022-11-13,U3-22NOV,144,0,0,0,0,0,0,0,0,0,0,0,0,21.428571428571427,47.95918367346939,25.510204081632654,4.081632653061225,0,1.0204081632653061,NA,0,0,0,0,0,0,0,0,0,0,NA
2022-11-14,U3-22NOV,92,0,0,0,0,0,0,0,0,0,0,0,0,19.387755102040817,50,25.510204081632654,4.081632653061225,0,1.0204081632653061,NA,0,0,0,0,0,0,0,0,0,0,NA
2022-11-15,U3-22NOV,10,0,0,0,0,0,0,0,0,0,0,0,0,19.387755102040817,50,25.510204081632654,4.081632653061225,0,1.0204081632653061,NA,0,0,0,0,0,0,0,0,0,0,NA
2022-11-16,U3-22NOV,16,0,0,0,0,0,0,0,0,0,0,0,0,19.387755102040817,50,25.510204081632654,4.081632653061225,0,1.0204081632653061,NA,0,0,0,0,0,0,0,0,0,0,NA
2022-11-17,U3-22NOV,169,0,0,0,0,0,0,0,0,0,0,0,0,18.367346938775512,50,25.510204081632654,4.081632653061225,0,2.0408163265306123,NA,0,0,0,0,0,0,0,0,0,0,NA
2022-11-18,U3-22NOV,150,0,0,0,0,0,0,0,0,0,0,0,0,17.346938775510203,52.04081632653061,25.510204081632654,4.081632653061225,0,1.0204081632653061,NA,0,0,0,0,0,0,0,0,0,0,NA
2022-11-19,U3-22NOV,102,0,0,0,0,0,0,0,0,0,0,4.081632653061225,0,16.3265306122449,28.571428571428573,24.489795918367346,25.510204081632654,0,1.0204081632653061,NA,0,0,0,0,0,0,0,0,0,0,NA
2022-11-20,U3-22NOV,0,0,0,0,0,0,0,0,0,0,0,4.081632653061225,0,16.3265306122449,28.571428571428573,24.489795918367346,25.510204081632654,0,1.0204081632653061,NA,0,0,0,0,0,0,0,0,0,0,NA
2022-11-21,U3-22NOV,85,0,0,0,0,0,0,0,0,0,0,4.081632653061225,0,16.3265306122449,33.673469387755105,14.285714285714286,30.612244897959183,0,1.0204081632653061,NA,0,0,0,0,0,0,0,0,0,0,NA
2022-11-22,U3-22NOV,6,0,0,0,0,0,0,0,0,0,0,4.081632653061225,0,16.3265306122449,33.673469387755105,14.285714285714286,30.612244897959183,0,1.0204081632653061,NA,0,0,0,0,0,0,0,0,0,0,NA
2022-11-23,U3-22NOV,720,0,0,0,0,0,0,0,0,0,0,4.081632653061225,0,22.448979591836736,25.510204081632654,17.346938775510203,30.612244897959183,0,0,NA,0,0,0,0,0,0,0,0,0,0,NA
2022-11-24,U3-22NOV,2,0,0,0,0,0,0,0,0,0,0,4.081632653061225,0,22.448979591836736,26.53061224489796,16.3265306122449,30.612244897959183,0,0,NA,0,0,0,0,0,0,0,0,0,0,NA
2022-11-25,U3-22NOV,1284,0,0,0,0,0,0,0,0,0,0,4.081632653061225,0,22.448979591836736,32.6530612244898,19.387755102040817,21.428571428571427,0,0,NA,0,0,0,0,0,0,0,0,0,0,NA
2022-11-26,U3-22NOV,10,0,0,0,0,0,0,0,0,0,0,5.1020408163265305,4.081632653061225,22.448979591836736,32.6530612244898,19.387755102040817,16.3265306122449,0,0,NA,0,0,0,0,0,0,0,0,0,0,NA
2022-11-27,U3-22NOV,260,0,0,0,0,0,0,0,0,0,0,5.1020408163265305,4.081632653061225,20.408163265306122,34.69387755102041,21.428571428571427,14.285714285714286,0,0,NA,0,0,0,0,0,0,0,0,0,0,NA
2022-11-28,U3-22NOV,1298,0,0,0,0,0,0,0,0,0,0,4.081632653061225,4.081632653061225,22.448979591836736,34.69387755102041,18.367346938775512,15.306122448979592,0,1.0204081632653061,NA,0,0,0,0,0,0,0,0,0,0,NA
2022-11-29,U3-22NOV,1791,0,0,0,0,0,0,0,0,0,0,4.081632653061225,4.081632653061225,22.448979591836736,28.571428571428573,23.46938775510204,13.26530612244898,0,4.081632653061225,NA,0,0,0,0,0,0,0,0,0,0,NA
2022-11-30,U3-22NOV,1090,0,0,0,0,0,0,0,0,0,0,4.081632653061225,5.1020408163265305,20.408163265306122,38.775510204081634,13.26530612244898,17.346938775510203,0,1.0204081632653061,NA,0,0,0,0,0,0,0,0,0,0,NA
2022-12-01,U3-22NOV,2903,0,0,0,0,0,0,0,0,0,0,5.1020408163265305,0,21.428571428571427,38.775510204081634,17.346938775510203,16.3265306122449,0,1.0204081632653061,NA,0,0,0,0,0,0,0,0,0,0,NA
2022-12-02,U3-22NOV,2805,0,0,0,0,0,0,0,0,0,0,3.061224489795918,1.0204081632653061,24.489795918367346,35.714285714285715,16.3265306122449,17.346938775510203,0,2.0408163265306123,NA,0,0,0,0,0,0,0,0,0,0,NA
2022-12-07,U3-22DEC,140,0,0,0,0,0,0,0,0,0,0,0,0,15.306122448979592,51.02040816326531,16.3265306122449,17.346938775510203,0,0,NA,0,0,0,0,0,0,0,0,0,0,NA
2022-12-08,U3-22DEC,477,0,0,0,0,0,0,0,0,0,0,0,0,13.26530612244898,51.02040816326531,16.3265306122449,17.346938775510203,0,2.0408163265306123,NA,0,0,0,0,0,0,0,0,0,0,NA
2022-12-09,U3-22DEC,243,0,0,0,0,0,0,0,0,0,0,0,0,13.26530612244898,55.10204081632653,12.244897959183673,17.346938775510203,0,2.0408163265306123,NA,0,0,0,0,0,0,0,0,0,0,NA
2022-12-10,U3-22DEC,0,0,0,0,0,0,0,0,0,0,0,0,0,13.26530612244898,55.10204081632653,12.244897959183673,17.346938775510203,0,2.0408163265306123,NA,0,0,0,0,0,0,0,0,0,0,NA
2022-12-11,U3-22DEC,487,0,0,0,0,0,0,0,0,0,0,0,0,13.26530612244898,57.142857142857146,12.244897959183673,17.346938775510203,0,0,NA,0,0,0,0,0,0,0,0,0,0,NA
2022-12-12,U3-22DEC,37,0,0,0,0,0,0,0,0,0,0,0,0,14.285714285714286,51.02040816326531,17.346938775510203,17.346938775510203,0,0,NA,0,0,0,0,0,0,0,0,0,0,NA
2022-12-13,U3-22DEC,226,0,0,0,0,0,0,0,0,0,0,0,0,11.224489795918368,54.08163265306123,17.346938775510203,17.346938775510203,0,0,NA,0,0,0,0,0,0,0,0,0,0,NA
2022-12-14,U3-22DEC,532,0,0,0,0,0,0,0,0,0,0,0,0,11.224489795918368,70.40816326530613,1.0204081632653061,17.346938775510203,0,0,NA,0,0,0,0,0,0,0,0,0,0,NA
2022-12-15,U3-22DEC,158,0,0,0,0,0,0,0,0,0,0,0,0,11.224489795918368,69.38775510204081,2.0408163265306123,17.346938775510203,0,0,NA,0,0,0,0,0,0,0,0,0,0,NA
2022-12-16,U3-22DEC,0,0,0,0,0,0,0,0,0,0,0,0,0,11.224489795918368,69.38775510204081,2.0408163265306123,17.346938775510203,0,0,NA,0,0,0,0,0,0,0,0,0,0,NA
2022-12-17,U3-22DEC,400,0,0,0,0,0,0,0,0,0,0,0,0,11.224489795918368,71.42857142857143,17.346938775510203,0,0,0,NA,0,0,0,0,0,0,0,0,0,0,NA
2022-12-18,U3-22DEC,0,0,0,0,0,0,0,0,0,0,0,0,0,11.224489795918368,71.42857142857143,17.346938775510203,0,0,0,NA,0,0,0,0,0,0,0,0,0,0,NA
2022-12-19,U3-22DEC,99,0,0,0,0,0,0,0,0,0,0,0,0,11.224489795918368,70.40816326530613,1.0204081632653061,17.346938775510203,0,0,NA,0,0,0,0,0,0,0,0,0,0,NA
2022-12-20,U3-22DEC,114,0,0,0,0,0,0,0,0,0,0,0,0,11.224489795918368,71.42857142857143,17.346938775510203,0,0,0,NA,0,0,0,0,0,0,0,0,0,0,NA
2022-12-21,U3-22DEC,199,0,0,0,0,0,0,0,0,0,0,0,0,11.224489795918368,71.42857142857143,17.346938775510203,0,0,0,NA,0,0,0,0,0,0,0,0,0,0,NA
2022-12-22,U3-22DEC,578,0,0,0,0,0,0,0,0,0,0,0,0,9.183673469387756,69.38775510204081,2.0408163265306123,17.346938775510203,0,2.0408163265306123,NA,0,0,0,0,0,0,0,0,0,0,NA
2022-12-23,U3-22DEC,867,0,0,0,0,0,0,0,0,0,0,0,0,9.183673469387756,67.34693877551021,4.081632653061225,17.346938775510203,0,2.0408163265306123,NA,0,0,0,0,0,0,0,0,0,0,NA
2022-12-24,U3-22DEC,0,0,0,0,0,0,0,0,0,0,0,0,0,9.183673469387756,67.34693877551021,4.081632653061225,17.346938775510203,0,2.0408163265306123,NA,0,0,0,0,0,0,0,0,0,0,NA
2022-12-25,U3-22DEC,4,0,0,0,0,0,0,0,0,0,0,0,0,9.183673469387756,71.42857142857143,17.346938775510203,0,0,2.0408163265306123,NA,0,0,0,0,0,0,0,0,0,0,NA
2022-12-26,U3-22DEC,1071,0,0,0,0,0,0,0,0,0,0,0,0,12.244897959183673,66.3265306122449,4.081632653061225,17.346938775510203,0,0,NA,0,0,0,0,0,0,0,0,0,0,NA
2022-12-27,U3-22DEC,1759,0,0,0,0,0,0,0,0,0,0,17.346938775510203,0,9.183673469387756,39.795918367346935,31.632653061224488,1.0204081632653061,0,1.0204081632653061,NA,0,0,0,0,0,0,0,0,0,0,NA
2022-12-28,U3-22DEC,87,0,0,0,0,0,0,0,0,0,0,17.346938775510203,0,9.183673469387756,39.795918367346935,31.632653061224488,1.0204081632653061,0,1.0204081632653061,NA,0,0,0,0,0,0,0,0,0,0,NA
2022-12-29,U3-22DEC,91,0,0,0,0,0,0,0,0,0,0,0,0,9.183673469387756,50,22.448979591836736,17.346938775510203,0,1.0204081632653061,NA,0,0,0,0,0,0,0,0,0,0,NA
2022-12-30,U3-22DEC,100,0,0,0,0,0,0,0,0,0,0,0,0,9.183673469387756,50,22.448979591836736,17.346938775510203,0,1.0204081632653061,NA,0,0,0,0,0,0,0,0,0,0,NA
2022-12-31,U3-22DEC,22,0,0,0,0,0,0,0,0,0,0,0,0,9.183673469387756,50,22.448979591836736,17.346938775510203,0,1.0204081632653061,NA,0,0,0,0,0,0,0,0,0,0,NA
2023-01-01,U3-22DEC,135,0,0,0,0,0,0,0,0,0,0,17.346938775510203,0,9.183673469387756,19.387755102040817,48.97959183673469,4.081632653061225,0,1.0204081632653061,NA,0,0,0,0,0,0,0,0,0,0,NA
2023-01-02,U3-22DEC,247,0,0,0,0,0,0,0,0,0,0,17.346938775510203,0,9.183673469387756,19.387755102040817,48.97959183673469,4.081632653061225,0,1.0204081632653061,NA,0,0,0,0,0,0,0,0,0,0,NA
2023-01-03,U3-22DEC,760,0,0,0,0,0,0,0,0,0,0,0,0,10.204081632653061,18.367346938775512,53.06122448979592,17.346938775510203,0,1.0204081632653061,NA,0,0,0,0,0,0,0,0,0,0,NA
2023-01-04,U3-22DEC,2778,0,0,0,0,0,0,0,0,0,0,0,0,11.224489795918368,17.346938775510203,56.12244897959184,14.285714285714286,0,1.0204081632653061,NA,0,0,0,0,0,0,0,0,0,0,NA
2023-01-05,U3-22DEC,3350,0,0,0,0,0,0,0,0,0,0,0,0,11.224489795918368,40.816326530612244,36.734693877551024,10.204081632653061,0,1.0204081632653061,NA,0,0,0,0,0,0,0,0,0,0,NA
2023-01-06,U3-22DEC,2678,0,0,0,0,0,0,0,0,0,0,3.061224489795918,0,4.081632653061225,62.244897959183675,20.408163265306122,7.142857142857143,1.0204081632653061,2.0408163265306123,NA,0,0,0,0,0,0,0,0,0,0,NA
2023-01-08,U3-23JAN,1500,NA,NA,NA,NA,NA,NA,NA,NA,NA,NA,NA,NA,NA,NA,NA,NA,NA,NA,NA,NA,NA,NA,0,100,NA,NA,NA,NA,NA,NA
2023-01-09,U3-23JAN,70,NA,NA,NA,NA,NA,NA,0,0,0,0,0,0,0,0,0,0,NA,0,NA,0,0,0,19.387755102040817,80.61224489795919,NA,NA,NA,NA,NA,NA
2023-01-10,U3-23JAN,0,NA,NA,NA,NA,NA,NA,0,0,0,0,0,0,0,0,0,0,NA,0,NA,0,0,0,19.387755102040817,80.61224489795919,NA,NA,NA,NA,NA,NA
2023-01-11,U3-23JAN,20,NA,NA,NA,NA,NA,NA,0,0,0,0,0,0,80.61224489795919,0,0,0,NA,19.387755102040817,NA,0,0,0,0,0,NA,NA,NA,NA,NA,NA
2023-01-12,U3-23JAN,0,NA,NA,NA,NA,NA,NA,0,0,0,0,0,0,80.61224489795919,0,0,0,NA,19.387755102040817,NA,0,0,0,0,0,NA,NA,NA,NA,NA,NA
2023-01-13,U3-23JAN,27,NA,NA,NA,NA,NA,NA,0,0,0,0,0,0,37.755102040816325,0,0,0,NA,62.244897959183675,NA,0,0,0,0,0,NA,NA,NA,NA,NA,NA
2023-01-14,U3-23JAN,10,NA,NA,NA,NA,NA,NA,0,0,0,0,0,0,7.142857142857143,30.612244897959183,0,0,NA,62.244897959183675,NA,0,0,0,0,0,NA,NA,NA,NA,NA,NA
2023-01-15,U3-23JAN,0,NA,NA,NA,NA,NA,NA,0,0,0,0,0,0,7.142857142857143,30.612244897959183,0,0,NA,62.244897959183675,NA,0,0,0,0,0,NA,NA,NA,NA,NA,NA
2023-01-16,U3-23JAN,55,NA,NA,NA,NA,NA,NA,0,0,0,0,0,0,7.142857142857143,30.612244897959183,0,0,NA,62.244897959183675,NA,0,0,0,0,0,NA,NA,NA,NA,NA,NA
2023-01-17,U3-23JAN,50,NA,NA,NA,NA,NA,NA,0,0,0,0,0,0,7.142857142857143,30.612244897959183,0,0,NA,62.244897959183675,NA,0,0,0,0,0,NA,NA,NA,NA,NA,NA
2023-01-18,U3-23JAN,62,NA,NA,NA,NA,NA,NA,0,0,0,0,0,0,26.53061224489797,29.591836734693878,0,0,NA,43.877551020408156,NA,0,0,0,0,0,NA,NA,NA,NA,NA,NA
2023-01-19,U3-23JAN,271,NA,NA,NA,NA,NA,NA,0,0,0,0,0,0,54.08163265306123,29.591836734693878,0,0,NA,16.3265306122449,NA,0,0,0,0,0,NA,NA,NA,NA,NA,NA
2023-01-20,U3-23JAN,5,NA,NA,NA,NA,NA,NA,0,0,0,0,0,0,54.08163265306123,28.571428571428573,1.0204081632653061,0,NA,16.3265306122449,NA,0,0,0,0,0,NA,NA,NA,NA,NA,NA
2023-01-21,U3-23JAN,0,NA,NA,NA,NA,NA,NA,0,0,0,0,0,0,54.08163265306123,28.571428571428573,1.0204081632653061,0,NA,16.3265306122449,NA,0,0,0,0,0,NA,NA,NA,NA,NA,NA
2023-01-22,U3-23JAN,548,NA,NA,NA,NA,NA,NA,0,0,0,0,0,0,30.612244897959183,28.571428571428573,1.0204081632653061,0,NA,39.795918367346935,NA,0,0,0,0,0,NA,NA,NA,NA,NA,NA
2023-01-23,U3-23JAN,0,NA,NA,NA,NA,NA,NA,0,0,0,0,0,0,30.612244897959183,28.571428571428573,1.0204081632653061,0,NA,39.795918367346935,NA,0,0,0,0,0,NA,NA,NA,NA,NA,NA
2023-01-24,U3-23JAN,1,NA,NA,NA,NA,NA,NA,0,0,0,0,0,0,25.51020408163266,28.571428571428573,1.0204081632653061,0,NA,44.89795918367346,NA,0,0,0,0,0,NA,NA,NA,NA,NA,NA
2023-01-25,U3-23JAN,0,NA,NA,NA,NA,NA,NA,0,0,0,0,0,0,25.51020408163266,28.571428571428573,1.0204081632653061,0,NA,44.89795918367346,NA,0,0,0,0,0,NA,NA,NA,NA,NA,NA
2023-01-26,U3-23JAN,1413,NA,NA,NA,NA,NA,NA,0,0,0,0,0,0,35.714285714285715,28.571428571428573,1.0204081632653061,0,NA,34.69387755102041,NA,0,0,0,0,0,NA,NA,NA,NA,NA,NA
2023-01-27,U3-23JAN,220,NA,NA,NA,NA,NA,NA,0,0,0,0,0,0,35.714285714285715,24.489795918367346,5.1020408163265305,0,NA,34.69387755102041,NA,0,0,0,0,0,NA,NA,NA,NA,NA,NA
2023-01-28,U3-23JAN,230,NA,NA,NA,NA,NA,NA,0,0,0,0,0,0,35.714285714285715,25.510204081632654,4.081632653061225,0,NA,34.69387755102041,NA,0,0,0,0,0,NA,NA,NA,NA,NA,NA
2023-01-29,U3-23JAN,0,NA,NA,NA,NA,NA,NA,0,0,0,0,0,0,35.714285714285715,25.510204081632654,4.081632653061225,0,NA,34.69387755102041,NA,0,0,0,0,0,NA,NA,NA,NA,NA,NA
2023-01-30,U3-23JAN,5,NA,NA,NA,NA,NA,NA,0,0,0,0,0,0,30.612244897959183,25.510204081632654,4.081632653061225,0,NA,39.795918367346935,NA,0,0,0,0,0,NA,NA,NA,NA,NA,NA
2023-01-31,U3-23JAN,356,NA,NA,NA,NA,NA,NA,0,0,0,0,0,0,16.3265306122449,24.489795918367346,13.26530612244898,6.122448979591838,NA,39.795918367346935,NA,0,0,0,0,0,NA,NA,NA,NA,NA,NA
2023-02-01,U3-23JAN,377,NA,NA,NA,NA,NA,NA,0,0,0,0,1.0204081632653061,0,39.795918367346935,22.448979591836736,10.204081632653063,2.0408163265306123,NA,24.489795918367346,NA,0,0,0,0,0,NA,NA,NA,NA,NA,NA
2023-02-02,U3-23JAN,6439,NA,NA,NA,NA,NA,NA,0,0,0,0,0,0,37.755102040816325,20.408163265306122,7.142857142857143,3.061224489795918,NA,31.632653061224488,NA,0,0,0,0,0,NA,NA,NA,NA,NA,NA
2023-02-03,U3-23JAN,1952,NA,NA,NA,NA,NA,NA,0,0,0,0,0,0,37.755102040816325,17.34693877551021,9.183673469387756,1.0204081632653061,NA,34.69387755102041,NA,0,0,0,0,0,NA,NA,NA,NA,NA,NA
2023-02-08,U3-23FEB,5002,NA,NA,NA,NA,NA,NA,0,0,0,0,0,0,89.79591836734694,10.204081632653061,0,0,NA,0,NA,0,0,0,0,0,NA,NA,NA,NA,NA,NA
2023-02-09,U3-23FEB,3967,NA,NA,NA,NA,NA,NA,0,0,0,0,0,0,1.0204081632653061,94.89795918367346,4.081632653061225,0,NA,0,NA,0,0,0,0,0,NA,NA,NA,NA,NA,NA
2023-02-10,U3-23FEB,7448,NA,NA,NA,NA,NA,NA,0,0,0,0,0,0,24.489795918367346,5.102040816326531,1.0204081632653061,0,45.91836734693877,23.46938775510204,NA,0,0,0,0,0,NA,NA,NA,NA,NA,NA
2023-02-11,U3-23FEB,0,NA,NA,NA,NA,NA,NA,0,0,0,0,0,0,24.489795918367346,5.102040816326531,1.0204081632653061,0,45.91836734693877,23.46938775510204,NA,0,0,0,0,0,NA,NA,NA,NA,NA,NA
2023-02-12,U3-23FEB,50,NA,NA,NA,NA,NA,NA,0,0,0,0,0,0,24.489795918367346,5.102040816326531,1.0204081632653061,0,26.53061224489796,23.46938775510204,19.387755102040817,0,0,0,0,0,NA,NA,NA,NA,NA,NA
2023-02-13,U3-23FEB,17,NA,NA,NA,NA,NA,NA,0,0,0,0,0,0,24.489795918367346,5.102040816326531,1.0204081632653061,0,23.46938775510205,26.53061224489795,19.387755102040817,0,0,0,0,0,NA,NA,NA,NA,NA,NA
2023-02-14,U3-23FEB,265,NA,NA,NA,NA,NA,NA,0,0,0,0,0,0,26.53061224489796,5.102040816326531,1.0204081632653061,0,22.448979591836743,25.510204081632644,19.387755102040817,0,0,0,0,0,NA,NA,NA,NA,NA,NA
2023-02-15,U3-23FEB,3361,NA,NA,NA,NA,NA,NA,0,0,0,0,0,0,19.387755102040817,5.102040816326531,1.0204081632653061,0,23.46938775510205,32.65306122448979,18.367346938775512,0,0,0,0,0,NA,NA,NA,NA,NA,NA
2023-02-16,U3-23FEB,1918,NA,NA,NA,NA,NA,NA,0,0,0,0,0,0,19.387755102040817,4.0816326530612255,1.0204081632653061,1.0204081632653061,18.367346938775512,37.755102040816325,14.285714285714286,0,0,0,0,0,NA,NA,NA,NA,NA,4.081632653061225
2023-02-17,U3-23FEB,642,NA,NA,NA,NA,NA,NA,0,0,0,0,0,0,24.489795918367346,5.102040816326531,1.0204081632653061,0,20.408163265306122,32.6530612244898,12.244897959183673,0,0,0,0,0,NA,NA,NA,NA,NA,4.081632653061225
2023-02-18,U3-23FEB,421,NA,NA,NA,NA,NA,NA,0,0,0,0,0,0,29.591836734693878,1.0204081632653061,6.122448979591836,1.0204081632653061,20.408163265306122,25.510204081632654,12.244897959183673,0,0,0,0,0,NA,NA,NA,NA,NA,4.081632653061225
2023-02-19,U3-23FEB,66,NA,NA,NA,NA,NA,NA,0,0,0,0,0,0,29.591836734693878,2.0408163265306114,5.102040816326531,1.0204081632653061,20.408163265306122,25.510204081632654,12.244897959183673,0,0,0,0,0,NA,NA,NA,NA,NA,4.081632653061225
2023-02-20,U3-23FEB,0,NA,NA,NA,NA,NA,NA,0,0,0,0,0,0,29.591836734693878,2.0408163265306114,5.102040816326531,1.0204081632653061,20.408163265306122,25.510204081632654,12.244897959183673,0,0,0,0,0,NA,NA,NA,NA,NA,4.081632653061225
2023-02-21,U3-23FEB,613,NA,NA,NA,NA,NA,NA,0,0,0,0,0,0,21.428571428571427,2.0408163265306114,5.102040816326531,1.0204081632653061,15.306122448979592,38.775510204081634,12.244897959183673,0,0,0,0,0,NA,NA,NA,NA,NA,4.081632653061225
2023-02-22,U3-23FEB,1,NA,NA,NA,NA,NA,NA,0,0,0,0,0,0,21.428571428571427,6.122448979591836,1.0204081632653061,1.0204081632653061,15.306122448979592,38.775510204081634,12.244897959183673,0,0,0,0,0,NA,NA,NA,NA,NA,4.081632653061225
2023-02-23,U3-23FEB,829,NA,NA,NA,NA,NA,NA,0,0,0,0,0,0,22.448979591836736,6.122448979591836,1.0204081632653061,1.0204081632653061,15.306122448979592,37.755102040816325,12.244897959183673,0,0,0,0,0,NA,NA,NA,NA,NA,4.081632653061225
2023-02-24,U3-23FEB,8838,NA,NA,NA,NA,NA,NA,0,0,0,0,0,0,10.204081632653061,2.0408163265306123,1.0204081632653061,1.0204081632653061,20.408163265306122,53.06122448979592,7.142857142857143,0,0,0,0,0,NA,NA,NA,NA,NA,5.1020408163265305
2023-02-25,U3-23FEB,18,NA,NA,NA,NA,NA,NA,0,0,0,0,0,0,10.204081632653061,2.0408163265306123,1.0204081632653061,1.0204081632653061,20.408163265306122,53.06122448979592,10.204081632653061,0,0,0,0,0,NA,NA,NA,NA,NA,2.0408163265306123
2023-02-26,U3-23FEB,235,NA,NA,NA,NA,NA,NA,0,0,0,0,0,0,21.428571428571427,4.081632653061225,0,0,20.408163265306122,41.83673469387755,10.204081632653061,0,0,0,0,0,NA,NA,NA,NA,NA,2.0408163265306123
2023-02-27,U3-23FEB,1113,NA,NA,NA,NA,NA,NA,0,0,0,0,0,0,17.346938775510203,2.0408163265306123,0,0,21.428571428571427,45.91836734693877,11.224489795918368,0,0,0,0,0,NA,NA,NA,NA,NA,2.0408163265306123
2023-02-28,U3-23FEB,86,NA,NA,NA,NA,NA,NA,0,0,0,0,0,0,17.346938775510203,2.0408163265306123,0,0,21.428571428571427,45.91836734693877,11.224489795918368,0,0,0,0,0,NA,NA,NA,NA,NA,2.0408163265306123
2023-03-01,U3-23FEB,2933,NA,NA,NA,NA,NA,NA,0,0,0,0,0,0,21.428571428571427,3.061224489795918,1.0204081632653061,1.0204081632653061,19.387755102040817,39.795918367346935,12.244897959183673,0,0,0,0,0,NA,NA,NA,NA,NA,2.0408163265306123
2023-03-02,U3-23FEB,106,NA,NA,NA,NA,NA,NA,0,0,0,0,0,0,21.428571428571427,3.061224489795918,1.0204081632653061,1.0204081632653061,21.428571428571427,37.755102040816325,11.224489795918368,0,0,0,0,0,NA,NA,NA,NA,NA,3.061224489795918
2023-03-03,U3-23FEB,1850,NA,NA,NA,NA,NA,NA,0,0,0,0,0,0,20.408163265306122,2.040816326530613,3.061224489795918,1.0204081632653061,19.387755102040817,37.755102040816325,13.26530612244898,0,0,0,0,0,NA,NA,NA,NA,NA,3.061224489795918
2023-03-04,U3-23FEB,355,NA,NA,NA,NA,NA,NA,0,0,0,0,0,0,16.3265306122449,2.040816326530613,3.061224489795918,1.0204081632653061,19.387755102040817,44.89795918367347,10.204081632653061,0,0,0,0,0,NA,NA,NA,NA,NA,3.061224489795918
2023-03-05,U3-23FEB,1,NA,NA,NA,NA,NA,NA,0,0,0,0,0,0,21.428571428571434,2.040816326530613,3.061224489795918,1.0204081632653061,19.387755102040817,39.795918367346935,10.204081632653061,0,0,0,0,0,NA,NA,NA,NA,NA,3.061224489795918
2023-03-06,U3-23FEB,2082,NA,NA,NA,NA,NA,NA,0,0,0,0,0,0,22.448979591836736,2.0408163265306123,1.0204081632653061,0,20.408163265306122,39.795918367346935,11.224489795918368,0,0,0,0,0,NA,NA,NA,NA,NA,3.061224489795918
2023-03-07,U3-23FEB,472,NA,NA,NA,NA,NA,NA,0,0,0,0,0,0,11.224489795918368,2.0408163265306123,1.0204081632653061,0,19.387755102040817,51.02040816326531,12.244897959183673,0,0,0,0,0,NA,NA,NA,NA,NA,3.061224489795918
2023-03-08,U3-23FEB,1781,NA,NA,NA,NA,NA,NA,0,0,0,0,0,0,9.183673469387756,1.0204081632653061,3.061224489795918,1.0204081632653061,25.510204081632644,40.81632653061225,16.3265306122449,0,0,0,0,0,NA,NA,NA,NA,NA,3.061224489795918
2023-03-08,U3-23MAR,93,NA,NA,NA,NA,NA,NA,NA,NA,NA,NA,NA,NA,19.387755102040817,12.244897959183673,11.224489795918368,NA,NA,57.142857142857146,NA,NA,NA,NA,NA,NA,NA,NA,NA,NA,NA,NA
2023-03-09,U3-23FEB,8632,NA,NA,NA,NA,NA,NA,0,0,0,0,0,0,8.163265306122451,4.081632653061225,1.0204081632653061,0,29.591836734693878,33.673469387755105,19.387755102040817,0,0,0,0,0,NA,NA,NA,NA,NA,4.081632653061225
2023-03-09,U3-23MAR,23,NA,NA,NA,NA,NA,NA,NA,NA,NA,NA,NA,NA,12.244897959183673,13.26530612244898,11.224489795918368,NA,NA,63.265306122448976,NA,NA,NA,NA,NA,NA,NA,NA,NA,NA,NA,NA
2023-03-10,U3-23FEB,527,NA,NA,NA,NA,NA,NA,0,0,0,0,0,0,5.1020408163265305,6.122448979591836,1.0204081632653061,0,26.53061224489796,37.755102040816325,23.46938775510204,0,0,0,0,0,NA,NA,NA,NA,NA,0
2023-03-10,U3-23MAR,112,NA,NA,NA,NA,NA,NA,NA,NA,NA,NA,NA,NA,36.734693877551024,0,0,NA,NA,63.265306122448976,NA,NA,NA,NA,NA,NA,NA,NA,NA,NA,NA,NA
2023-03-11,U3-23MAR,3,NA,NA,NA,NA,NA,NA,NA,NA,NA,NA,NA,NA,21.428571428571427,15.306122448979592,0,NA,NA,63.265306122448976,NA,NA,NA,NA,NA,NA,NA,NA,NA,NA,NA,NA
2023-03-12,U3-23MAR,0,NA,NA,NA,NA,NA,NA,NA,NA,NA,NA,NA,NA,21.428571428571427,15.306122448979592,0,NA,NA,63.265306122448976,NA,NA,NA,NA,NA,NA,NA,NA,NA,NA,NA,NA
2023-03-13,U3-23MAR,60,NA,NA,NA,NA,NA,NA,NA,NA,NA,NA,NA,NA,15.306122448979592,0,0,NA,56.12244897959184,21.428571428571427,7.142857142857143,NA,NA,NA,NA,NA,NA,NA,NA,NA,NA,NA
2023-03-14,U3-23MAR,130,NA,NA,NA,NA,NA,NA,NA,NA,NA,NA,NA,NA,21.428571428571427,15.306122448979592,0,NA,11.224489795918368,45.91836734693877,6.122448979591836,NA,NA,NA,NA,NA,NA,NA,NA,NA,NA,NA
2023-03-15,U3-23MAR,3068,NA,NA,NA,NA,NA,NA,NA,NA,NA,NA,NA,NA,26.53061224489796,10.204081632653061,0,NA,11.224489795918368,45.91836734693877,6.122448979591836,NA,NA,NA,NA,NA,NA,NA,NA,NA,NA,NA
2023-03-16,U3-23MAR,180,NA,NA,NA,NA,NA,NA,NA,NA,NA,NA,NA,NA,2.0408163265306123,24.489795918367346,10.204081632653061,NA,11.224489795918368,45.91836734693877,6.122448979591836,NA,NA,NA,NA,NA,NA,NA,NA,NA,NA,NA
2023-03-17,U3-23MAR,10,NA,NA,NA,NA,NA,NA,NA,NA,NA,NA,NA,NA,30.612244897959183,24.489795918367346,10.204081632653061,NA,11.224489795918368,17.346938775510203,6.122448979591836,NA,NA,NA,NA,NA,NA,NA,NA,NA,NA,NA
2023-03-18,U3-23MAR,0,NA,NA,NA,NA,NA,NA,NA,NA,NA,NA,NA,NA,30.612244897959183,24.489795918367346,10.204081632653061,NA,11.224489795918368,17.346938775510203,6.122448979591836,NA,NA,NA,NA,NA,NA,NA,NA,NA,NA,NA
2023-03-19,U3-23MAR,1,NA,NA,NA,NA,NA,NA,NA,NA,NA,NA,NA,NA,30.612244897959183,23.46938775510204,11.224489795918368,NA,11.224489795918368,17.346938775510203,6.122448979591836,NA,NA,NA,NA,NA,NA,NA,NA,NA,NA,NA
2023-03-20,U3-23MAR,26,NA,NA,NA,NA,NA,NA,NA,NA,NA,NA,NA,NA,30.612244897959183,23.46938775510204,11.224489795918368,NA,11.224489795918368,17.346938775510203,6.122448979591836,NA,NA,NA,NA,NA,NA,NA,NA,NA,NA,NA
2023-03-21,U3-23MAR,1,NA,NA,NA,NA,NA,NA,NA,NA,NA,NA,NA,NA,30.612244897959183,23.46938775510204,7.142857142857143,4.081632653061225,11.224489795918368,17.346938775510203,6.122448979591836,NA,NA,NA,NA,NA,NA,NA,NA,NA,NA,NA
2023-03-22,U3-23MAR,727,NA,NA,NA,NA,NA,NA,NA,NA,NA,NA,NA,NA,30.612244897959183,23.46938775510204,7.142857142857143,4.081632653061225,10.204081632653061,18.367346938775512,6.122448979591836,NA,NA,NA,NA,NA,NA,NA,NA,NA,NA,NA
2023-03-23,U3-23MAR,5140,NA,NA,NA,NA,NA,NA,NA,NA,NA,NA,NA,NA,29.591836734693878,23.46938775510204,10.204081632653061,1.0204081632653061,9.183673469387756,20.408163265306122,6.122448979591836,NA,NA,NA,NA,NA,NA,NA,NA,NA,NA,NA
2023-03-24,U3-23MAR,131,NA,NA,NA,NA,NA,NA,NA,NA,NA,NA,NA,NA,30.612244897959183,23.46938775510204,10.204081632653061,1.0204081632653061,9.183673469387756,19.387755102040817,6.122448979591836,NA,NA,NA,NA,NA,NA,NA,NA,NA,NA,NA
2023-03-25,U3-23MAR,545,NA,NA,NA,NA,NA,NA,NA,NA,NA,NA,NA,NA,30.612244897959183,23.46938775510204,8.16326530612245,3.061224489795918,9.183673469387756,19.387755102040817,6.122448979591836,NA,NA,NA,NA,NA,NA,NA,NA,NA,NA,NA
2023-03-26,U3-23MAR,0,NA,NA,NA,NA,NA,NA,NA,NA,NA,NA,NA,NA,30.612244897959183,23.46938775510204,8.16326530612245,3.061224489795918,9.183673469387756,19.387755102040817,6.122448979591836,NA,NA,NA,NA,NA,NA,NA,NA,NA,NA,NA
2023-03-27,U3-23MAR,82,NA,NA,NA,NA,NA,NA,NA,NA,NA,NA,NA,NA,28.571428571428573,25.510204081632654,8.16326530612245,3.061224489795918,9.183673469387756,19.387755102040817,6.122448979591836,NA,NA,NA,NA,NA,NA,NA,NA,NA,NA,NA
2023-03-28,U3-23MAR,106,NA,NA,NA,NA,NA,NA,NA,NA,NA,NA,NA,NA,28.571428571428573,27.551020408163264,6.122448979591836,3.061224489795918,10.204081632653061,19.387755102040817,5.1020408163265305,NA,NA,NA,NA,NA,NA,NA,NA,NA,NA,NA
2023-03-29,U3-23MAR,0,NA,NA,NA,NA,NA,NA,NA,NA,NA,NA,NA,NA,28.571428571428573,27.551020408163264,6.122448979591836,3.061224489795918,10.204081632653061,19.387755102040817,5.1020408163265305,NA,NA,NA,NA,NA,NA,NA,NA,NA,NA,NA
2023-03-30,U3-23MAR,106,NA,NA,NA,NA,NA,NA,NA,NA,NA,NA,NA,NA,28.571428571428573,27.551020408163264,6.122448979591836,3.061224489795918,5.1020408163265305,24.489795918367346,5.1020408163265305,NA,NA,NA,NA,NA,NA,NA,NA,NA,NA,NA
2023-03-31,U3-23MAR,0,NA,NA,NA,NA,NA,NA,NA,NA,NA,NA,NA,NA,28.571428571428573,27.551020408163264,6.122448979591836,3.061224489795918,5.1020408163265305,24.489795918367346,5.1020408163265305,NA,NA,NA,NA,NA,NA,NA,NA,NA,NA,NA
2023-04-01,U3-23MAR,5,NA,NA,NA,NA,NA,NA,NA,NA,NA,NA,NA,NA,28.571428571428573,27.551020408163264,6.122448979591836,3.061224489795918,5.1020408163265305,24.489795918367346,5.1020408163265305,NA,NA,NA,NA,NA,NA,NA,NA,NA,NA,NA
2023-04-02,U3-23MAR,169,NA,NA,NA,NA,NA,NA,NA,NA,NA,NA,NA,NA,32.6530612244898,27.551020408163264,6.122448979591836,3.061224489795918,5.1020408163265305,20.408163265306122,5.1020408163265305,NA,NA,NA,NA,NA,NA,NA,NA,NA,NA,NA
2023-04-03,U3-23MAR,635,NA,NA,NA,NA,NA,NA,NA,NA,NA,NA,NA,NA,32.6530612244898,30.612244897959183,3.0612244897959195,3.061224489795918,7.142857142857143,21.428571428571427,2.0408163265306123,NA,NA,NA,NA,NA,NA,NA,NA,NA,NA,NA
2023-04-04,U3-23MAR,3522,NA,NA,NA,NA,NA,NA,NA,NA,NA,NA,NA,NA,25.510204081632654,30.612244897959183,10.204081632653063,3.061224489795918,2.0408163265306123,25.510204081632654,3.061224489795918,NA,NA,NA,NA,NA,NA,NA,NA,NA,NA,NA
2023-04-05,U3-23APR,0,NA,NA,NA,NA,NA,NA,NA,NA,4.081632653061225,0,1.0204081632653061,2.0408163265306123,10.204081632653061,17.346938775510203,15.306122448979592,23.46938775510204,NA,25.510204081632654,NA,1.0204081632653061,NA,NA,NA,NA,NA,NA,NA,NA,NA,NA
2023-04-05,U3-23MAR,1395,NA,NA,NA,NA,NA,NA,NA,NA,NA,NA,NA,NA,35.714285714285715,30.612244897959183,10.204081632653063,3.061224489795918,6.122448979591836,13.26530612244898,1.0204081632653061,NA,NA,NA,NA,NA,NA,NA,NA,NA,NA,NA
2023-04-06,U3-23APR,0,NA,NA,NA,NA,NA,NA,NA,NA,4.081632653061225,0,1.0204081632653061,2.0408163265306123,10.204081632653061,17.346938775510203,15.306122448979592,23.46938775510204,NA,25.510204081632654,NA,1.0204081632653061,NA,NA,NA,NA,NA,NA,NA,NA,NA,NA
2023-04-06,U3-23MAR,10852,NA,NA,NA,NA,NA,NA,NA,NA,NA,NA,NA,NA,39.795918367346935,28.571428571428573,13.26530612244898,3.061224489795918,4.081632653061225,9.183673469387756,2.0408163265306123,NA,NA,NA,NA,NA,NA,NA,NA,NA,NA,NA
2023-04-07,U3-23APR,2571,NA,NA,NA,NA,NA,NA,NA,NA,0,0,0,0,30.612244897959187,16.326530612244895,8.16326530612245,4.081632653061225,NA,40.816326530612244,NA,0,NA,NA,NA,NA,NA,NA,NA,NA,NA,NA
2023-04-07,U3-23MAR,7321,NA,NA,NA,NA,NA,NA,NA,NA,NA,NA,NA,NA,37.755102040816325,17.346938775510203,10.204081632653063,3.061224489795918,2.0408163265306123,27.551020408163264,2.0408163265306123,NA,NA,NA,NA,NA,NA,NA,NA,NA,NA,NA
2023-04-08,U3-23APR,1502,NA,NA,NA,NA,NA,NA,NA,NA,0,0,0,0,32.65306122448979,15.306122448979597,8.16326530612245,4.081632653061225,NA,39.795918367346935,NA,0,NA,NA,NA,NA,NA,NA,NA,NA,NA,NA
2023-04-09,U3-23APR,61,NA,NA,NA,NA,NA,NA,NA,NA,0,0,0,0,25.510204081632654,20.408163265306122,10.204081632653061,4.081632653061225,NA,39.795918367346935,NA,0,NA,NA,NA,NA,NA,NA,NA,NA,NA,NA
2023-04-10,U3-23APR,282,NA,NA,NA,NA,NA,NA,NA,NA,0,0,0,0,32.6530612244898,16.3265306122449,10.204081632653061,4.081632653061225,NA,36.734693877551024,NA,0,NA,NA,NA,NA,NA,NA,NA,NA,NA,NA
2023-04-11,U3-23APR,10,NA,NA,NA,NA,NA,NA,NA,NA,0,0,0,0,28.571428571428573,20.408163265306122,10.204081632653061,4.081632653061225,NA,36.734693877551024,NA,0,NA,NA,NA,NA,NA,NA,NA,NA,NA,NA
2023-04-12,U3-23APR,330,NA,NA,NA,NA,NA,NA,NA,NA,0,0,0,0,33.673469387755105,15.306122448979592,10.204081632653061,4.081632653061225,NA,36.734693877551024,NA,0,NA,NA,NA,NA,NA,NA,NA,NA,NA,NA
2023-04-13,U3-23APR,1000,NA,NA,NA,NA,NA,NA,NA,NA,0,0,0,0,35.714285714285715,15.306122448979592,10.204081632653061,4.081632653061225,NA,34.69387755102041,NA,0,NA,NA,NA,NA,NA,NA,NA,NA,NA,NA
2023-04-14,U3-23APR,1419,NA,NA,NA,NA,NA,NA,NA,NA,0,0,0,0,36.734693877551024,15.306122448979592,10.204081632653061,4.081632653061225,NA,33.673469387755105,NA,0,NA,NA,NA,NA,NA,NA,NA,NA,NA,NA
2023-04-15,U3-23APR,0,NA,NA,NA,NA,NA,NA,NA,NA,0,0,0,0,36.734693877551024,15.306122448979592,10.204081632653061,4.081632653061225,NA,33.673469387755105,NA,0,NA,NA,NA,NA,NA,NA,NA,NA,NA,NA
2023-04-16,U3-23APR,8,NA,NA,NA,NA,NA,NA,NA,NA,0,0,0,0,36.734693877551024,15.306122448979592,10.204081632653061,4.081632653061225,NA,33.673469387755105,NA,0,NA,NA,NA,NA,NA,NA,NA,NA,NA,NA
2023-04-17,U3-23APR,200,NA,NA,NA,NA,NA,NA,NA,NA,0,0,0,0,36.734693877551024,15.306122448979592,10.204081632653061,4.081632653061225,NA,33.673469387755105,NA,0,NA,NA,NA,NA,NA,NA,NA,NA,NA,NA
2023-04-18,U3-23APR,220,NA,NA,NA,NA,NA,NA,NA,NA,0,0,3.061224489795918,0,31.632653061224488,20.408163265306122,8.163265306122447,3.0612244897959195,NA,33.673469387755105,NA,0,NA,NA,NA,NA,NA,NA,NA,NA,NA,NA
2023-04-19,U3-23APR,3,NA,NA,NA,NA,NA,NA,NA,NA,0,0,0,0,31.632653061224488,20.408163265306122,12.244897959183673,2.0408163265306123,NA,33.673469387755105,NA,0,NA,NA,NA,NA,NA,NA,NA,NA,NA,NA
2023-04-20,U3-23APR,6,NA,NA,NA,NA,NA,NA,NA,NA,0,0,0,0,34.69387755102041,28.571428571428573,4.0816326530612255,2.0408163265306123,NA,30.612244897959183,NA,0,NA,NA,NA,NA,NA,NA,NA,NA,NA,NA
2023-04-21,U3-23APR,30,NA,NA,NA,NA,NA,NA,NA,NA,0,0,0,0,34.69387755102041,28.571428571428573,4.0816326530612255,2.0408163265306123,NA,30.612244897959183,NA,0,NA,NA,NA,NA,NA,NA,NA,NA,NA,NA
2023-04-22,U3-23APR,197,NA,NA,NA,NA,NA,NA,NA,NA,0,0,0,0,34.69387755102041,28.571428571428573,3.0612244897959195,3.061224489795918,NA,30.612244897959183,NA,0,NA,NA,NA,NA,NA,NA,NA,NA,NA,NA
2023-04-23,U3-23APR,0,NA,NA,NA,NA,NA,NA,NA,NA,0,0,0,0,34.69387755102041,28.571428571428573,3.0612244897959195,3.061224489795918,NA,30.612244897959183,NA,0,NA,NA,NA,NA,NA,NA,NA,NA,NA,NA
2023-04-24,U3-23APR,251,NA,NA,NA,NA,NA,NA,NA,NA,0,0,0,0,34.69387755102041,28.571428571428573,5.102040816326531,1.0204081632653061,NA,30.612244897959183,NA,0,NA,NA,NA,NA,NA,NA,NA,NA,NA,NA
2023-04-25,U3-23APR,1100,NA,NA,NA,NA,NA,NA,NA,NA,0,0,0,0,27.551020408163264,28.571428571428573,5.102040816326531,1.0204081632653061,NA,37.755102040816325,NA,0,NA,NA,NA,NA,NA,NA,NA,NA,NA,NA
2023-04-26,U3-23APR,300,NA,NA,NA,NA,NA,NA,NA,NA,0,0,0,0,34.69387755102041,21.428571428571434,5.102040816326531,1.0204081632653061,NA,37.755102040816325,NA,0,NA,NA,NA,NA,NA,NA,NA,NA,NA,NA
2023-04-27,U3-23APR,73,NA,NA,NA,NA,NA,NA,NA,NA,0,0,0,0,37.755102040816325,23.46938775510204,5.102040816326531,1.0204081632653061,NA,32.6530612244898,NA,0,NA,NA,NA,NA,NA,NA,NA,NA,NA,NA
2023-04-28,U3-23APR,270,NA,NA,NA,NA,NA,NA,NA,NA,0,0,0,0,33.673469387755105,22.448979591836736,10.204081632653061,1.0204081632653061,NA,32.6530612244898,NA,0,NA,NA,NA,NA,NA,NA,NA,NA,NA,NA
2023-04-29,U3-23APR,50,NA,NA,NA,NA,NA,NA,NA,NA,0,0,0,0,34.69387755102041,22.448979591836736,10.204081632653061,1.0204081632653061,NA,31.632653061224488,NA,0,NA,NA,NA,NA,NA,NA,NA,NA,NA,NA
2023-04-30,U3-23APR,566,NA,NA,NA,NA,NA,NA,NA,NA,0,0,0,0,37.755102040816325,19.387755102040817,10.204081632653061,1.0204081632653061,NA,31.632653061224488,NA,0,NA,NA,NA,NA,NA,NA,NA,NA,NA,NA
2023-05-01,U3-23APR,82,NA,NA,NA,NA,NA,NA,NA,NA,0,0,0,0,33.673469387755105,22.448979591836736,10.204081632653061,1.0204081632653061,NA,32.6530612244898,NA,0,NA,NA,NA,NA,NA,NA,NA,NA,NA,NA
2023-05-02,U3-23APR,471,NA,NA,NA,NA,NA,NA,NA,NA,0,0,0,0,39.795918367346935,20.408163265306126,5.1020408163265305,2.0408163265306123,NA,32.6530612244898,NA,0,NA,NA,NA,NA,NA,NA,NA,NA,NA,NA
2023-05-03,U3-23APR,3246,NA,NA,NA,NA,NA,NA,NA,NA,0,0,0,0,36.734693877551024,16.3265306122449,8.16326530612245,1.0204081632653061,NA,37.755102040816325,NA,0,NA,NA,NA,NA,NA,NA,NA,NA,NA,NA
2023-05-03,U3-23MAY,40,NA,NA,NA,NA,NA,NA,NA,NA,NA,NA,0,NA,37.755102040816325,19.387755102040817,7.142857142857143,0,NA,35.714285714285715,NA,NA,NA,NA,NA,NA,NA,NA,NA,NA,NA,NA
2023-05-04,U3-23APR,6791,NA,NA,NA,NA,NA,NA,NA,NA,0,0,0,0,33.67346938775509,18.367346938775512,6.122448979591838,0,NA,41.83673469387756,NA,0,NA,NA,NA,NA,NA,NA,NA,NA,NA,NA
2023-05-04,U3-23MAY,0,NA,NA,NA,NA,NA,NA,NA,NA,NA,NA,0,NA,37.755102040816325,19.387755102040817,7.142857142857143,0,NA,35.714285714285715,NA,NA,NA,NA,NA,NA,NA,NA,NA,NA,NA,NA
2023-05-05,U3-23APR,177,NA,NA,NA,NA,NA,NA,NA,NA,0,0,0,0,33.673469387755105,21.428571428571434,6.122448979591838,0,NA,38.775510204081634,NA,0,NA,NA,NA,NA,NA,NA,NA,NA,NA,NA
2023-05-05,U3-23MAY,775,NA,NA,NA,NA,NA,NA,NA,NA,NA,NA,0,NA,13.265306122448985,7.142857142857143,7.142857142857143,0,26.53061224489796,32.65306122448979,13.26530612244898,NA,NA,NA,NA,NA,NA,NA,NA,NA,NA,NA
2023-05-06,U3-23MAY,292,NA,NA,NA,NA,NA,NA,NA,NA,NA,NA,0,NA,18.367346938775515,2.0408163265306123,7.142857142857143,0,26.53061224489796,32.65306122448979,13.26530612244898,NA,NA,NA,NA,NA,NA,NA,NA,NA,NA,NA
2023-05-07,U3-23MAY,9,NA,NA,NA,NA,NA,NA,NA,NA,NA,NA,0,0,17.346938775510203,2.0408163265306123,6.122448979591836,1.0204081632653061,26.53061224489796,33.673469387755105,13.26530612244898,NA,NA,NA,NA,NA,NA,NA,NA,NA,NA,NA
2023-05-08,U3-23MAY,426,NA,NA,NA,NA,NA,NA,NA,NA,NA,NA,0,0,18.367346938775515,2.0408163265306123,6.122448979591836,1.0204081632653061,27.551020408163264,32.65306122448979,12.244897959183673,NA,NA,NA,NA,NA,NA,NA,NA,NA,NA,NA
2023-05-09,U3-23MAY,61,NA,NA,NA,NA,NA,NA,NA,NA,NA,NA,0,0,18.367346938775515,2.0408163265306123,7.142857142857143,0,27.551020408163264,32.65306122448979,12.244897959183673,NA,NA,NA,NA,NA,NA,NA,NA,NA,NA,NA
2023-05-10,U3-23MAY,540,NA,NA,NA,NA,NA,NA,NA,NA,NA,NA,0,0,18.367346938775515,2.0408163265306123,7.142857142857143,0,21.428571428571427,38.775510204081634,12.244897959183673,NA,NA,NA,NA,NA,NA,NA,NA,NA,NA,NA
2023-05-11,U3-23MAY,75,NA,NA,NA,NA,NA,NA,NA,NA,NA,NA,0,0,21.428571428571427,2.0408163265306123,7.142857142857143,0,21.428571428571427,35.714285714285715,12.244897959183673,NA,NA,NA,NA,NA,NA,NA,NA,NA,NA,NA
2023-05-12,U3-23MAY,8,NA,NA,NA,NA,NA,NA,NA,NA,NA,NA,0,0,22.448979591836736,2.0408163265306123,7.142857142857143,0,21.428571428571427,34.69387755102041,12.244897959183673,NA,NA,NA,NA,NA,NA,NA,NA,NA,NA,NA
2023-05-13,U3-23MAY,29,NA,NA,NA,NA,NA,NA,NA,NA,NA,NA,0,0,22.448979591836736,2.0408163265306123,7.142857142857143,0,19.387755102040817,41.83673469387755,7.142857142857143,NA,NA,NA,NA,NA,NA,NA,NA,NA,NA,NA
2023-05-14,U3-23MAY,0,NA,NA,NA,NA,NA,NA,NA,NA,NA,NA,0,0,22.448979591836736,2.0408163265306123,7.142857142857143,0,19.387755102040817,41.83673469387755,7.142857142857143,NA,NA,NA,NA,NA,NA,NA,NA,NA,NA,NA
2023-05-15,U3-23MAY,103,NA,NA,NA,NA,NA,NA,NA,NA,NA,NA,0,0,29.591836734693878,5.1020408163265305,0,0,19.387755102040817,38.775510204081634,7.142857142857143,NA,NA,NA,NA,NA,NA,NA,NA,NA,NA,NA
2023-05-16,U3-23MAY,41,NA,NA,NA,NA,NA,NA,NA,NA,NA,NA,0,0,29.591836734693878,5.1020408163265305,0,0,19.387755102040817,38.775510204081634,7.142857142857143,NA,NA,NA,NA,NA,NA,NA,NA,NA,NA,NA
2023-05-17,U3-23MAY,1,NA,NA,NA,NA,NA,NA,NA,NA,NA,NA,0,0,29.591836734693878,5.1020408163265305,0,0,19.387755102040817,38.775510204081634,7.142857142857143,NA,NA,NA,NA,NA,NA,NA,NA,NA,NA,NA
2023-05-18,U3-23MAY,8,NA,NA,NA,NA,NA,NA,NA,NA,NA,NA,0,0,29.591836734693878,5.1020408163265305,0,0,19.387755102040817,38.775510204081634,7.142857142857143,NA,NA,NA,NA,NA,NA,NA,NA,NA,NA,NA
2023-05-19,U3-23MAY,116,NA,NA,NA,NA,NA,NA,NA,NA,NA,NA,0,0,29.591836734693878,5.1020408163265305,0,0,19.387755102040817,38.775510204081634,7.142857142857143,NA,NA,NA,NA,NA,NA,NA,NA,NA,NA,NA
2023-05-20,U3-23MAY,0,NA,NA,NA,NA,NA,NA,NA,NA,NA,NA,0,0,29.591836734693878,5.1020408163265305,0,0,19.387755102040817,38.775510204081634,7.142857142857143,NA,NA,NA,NA,NA,NA,NA,NA,NA,NA,NA
2023-05-21,U3-23MAY,2,NA,NA,NA,NA,NA,NA,NA,NA,NA,NA,0,0,29.591836734693878,4.081632653061225,1.0204081632653061,0,19.387755102040817,38.775510204081634,7.142857142857143,NA,NA,NA,NA,NA,NA,NA,NA,NA,NA,NA
2023-05-22,U3-23MAY,619,NA,NA,NA,NA,NA,NA,NA,NA,NA,NA,0,0,29.591836734693878,4.081632653061225,1.0204081632653061,0,20.408163265306122,37.755102040816325,7.142857142857143,NA,NA,NA,NA,NA,NA,NA,NA,NA,NA,NA
2023-05-23,U3-23MAY,0,NA,NA,NA,NA,NA,NA,NA,NA,NA,NA,0,0,29.591836734693878,4.081632653061225,1.0204081632653061,0,20.408163265306122,37.755102040816325,7.142857142857143,NA,NA,NA,NA,NA,NA,NA,NA,NA,NA,NA
2023-05-24,U3-23MAY,39,NA,NA,NA,NA,NA,NA,NA,NA,NA,NA,0,0,29.591836734693878,4.081632653061225,1.0204081632653061,0,20.408163265306122,37.755102040816325,7.142857142857143,NA,NA,NA,NA,NA,NA,NA,NA,NA,NA,NA
2023-05-25,U3-23MAY,136,NA,NA,NA,NA,NA,NA,NA,NA,NA,NA,0,0,29.591836734693878,4.081632653061225,1.0204081632653061,0,20.408163265306122,37.755102040816325,7.142857142857143,NA,NA,NA,NA,NA,NA,NA,NA,NA,NA,NA
2023-05-26,U3-23MAY,344,NA,NA,NA,NA,NA,NA,NA,NA,NA,NA,0,0,29.591836734693878,4.081632653061225,1.0204081632653061,0,20.408163265306122,34.69387755102041,10.204081632653061,NA,NA,NA,NA,NA,NA,NA,NA,NA,NA,NA
2023-05-27,U3-23MAY,47,NA,NA,NA,NA,NA,NA,NA,NA,NA,NA,0,0,29.591836734693878,4.081632653061225,1.0204081632653061,0,23.46938775510204,34.69387755102041,7.142857142857143,NA,NA,NA,NA,NA,NA,NA,NA,NA,NA,NA
2023-05-28,U3-23MAY,55,NA,NA,NA,NA,NA,NA,NA,NA,NA,NA,0,0,29.591836734693878,4.081632653061225,1.0204081632653061,0,23.46938775510204,34.69387755102041,7.142857142857143,NA,NA,NA,NA,NA,NA,NA,NA,NA,NA,NA
2023-05-29,U3-23MAY,110,NA,NA,NA,NA,NA,NA,NA,NA,NA,NA,0,0,29.591836734693878,4.081632653061225,1.0204081632653061,0,24.489795918367346,33.673469387755105,7.142857142857143,NA,NA,NA,NA,NA,NA,NA,NA,NA,NA,NA
2023-05-30,U3-23MAY,378,NA,NA,NA,NA,NA,NA,NA,NA,NA,NA,0,0,24.489795918367346,4.081632653061225,1.0204081632653061,0,16.3265306122449,42.857142857142854,11.224489795918368,NA,NA,NA,NA,NA,NA,NA,NA,NA,NA,NA
2023-05-31,U3-23MAY,1989,NA,NA,NA,NA,NA,NA,NA,NA,NA,NA,0,0,20.408163265306122,4.081632653061225,1.0204081632653061,0,18.367346938775512,44.89795918367347,11.224489795918368,NA,NA,NA,NA,NA,NA,NA,NA,NA,NA,NA
2023-06-01,U3-23MAY,7847,NA,NA,NA,NA,NA,NA,NA,NA,NA,NA,0,0,11.224489795918368,5.1020408163265305,3.061224489795918,0,29.591836734693878,32.6530612244898,18.367346938775512,NA,NA,NA,NA,NA,NA,NA,NA,NA,NA,NA
2023-06-02,U3-23MAY,1081,NA,NA,NA,NA,NA,NA,NA,NA,NA,NA,0,0,15.306122448979592,1.0204081632653061,3.061224489795918,0,28.571428571428573,33.673469387755105,18.367346938775512,NA,NA,NA,NA,NA,NA,NA,NA,NA,NA,NA
2023-06-07,U3-23JUN,172,NA,NA,NA,NA,NA,NA,NA,NA,NA,NA,5.1020408163265305,NA,21.428571428571427,15.306122448979592,28.571428571428573,12.244897959183673,NA,17.346938775510203,NA,NA,NA,NA,NA,NA,NA,NA,NA,NA,NA,NA
2023-06-08,U3-23JUN,110,NA,NA,NA,NA,NA,NA,NA,NA,NA,NA,5.1020408163265305,NA,17.346938775510203,19.387755102040817,27.551020408163264,13.26530612244898,NA,17.346938775510203,NA,NA,NA,NA,NA,NA,NA,NA,NA,NA,NA,NA
2023-06-09,U3-23JUN,8,NA,NA,NA,NA,NA,NA,NA,NA,NA,NA,5.1020408163265305,NA,17.346938775510203,19.387755102040817,27.551020408163264,13.26530612244898,NA,17.346938775510203,NA,NA,NA,NA,NA,NA,NA,NA,NA,NA,NA,NA
2023-06-10,U3-23JUN,0,NA,NA,NA,NA,NA,NA,NA,NA,NA,NA,5.1020408163265305,NA,17.346938775510203,19.387755102040817,27.551020408163264,13.26530612244898,NA,17.346938775510203,NA,NA,NA,NA,NA,NA,NA,NA,NA,NA,NA,NA
2023-06-11,U3-23JUN,0,NA,NA,NA,NA,NA,NA,NA,NA,NA,NA,5.1020408163265305,NA,17.346938775510203,19.387755102040817,27.551020408163264,13.26530612244898,NA,17.346938775510203,NA,NA,NA,NA,NA,NA,NA,NA,NA,NA,NA,NA
2023-06-12,U3-23JUN,320,NA,NA,NA,NA,NA,NA,NA,NA,NA,NA,5.1020408163265305,NA,17.346938775510203,19.387755102040817,20.408163265306122,20.408163265306122,NA,17.346938775510203,NA,NA,NA,NA,NA,NA,NA,NA,NA,NA,NA,NA
2023-06-13,U3-23JUN,40,NA,NA,NA,NA,NA,NA,NA,NA,NA,NA,5.1020408163265305,NA,12.244897959183673,19.387755102040817,20.408163265306122,20.408163265306122,NA,22.448979591836736,NA,NA,NA,NA,NA,NA,NA,NA,NA,NA,NA,NA
2023-06-14,U3-23JUN,169,NA,NA,NA,NA,NA,NA,NA,NA,NA,NA,5.1020408163265305,NA,20.408163265306122,15.306122448979592,20.408163265306122,20.408163265306122,NA,18.367346938775512,NA,NA,NA,NA,NA,NA,NA,NA,NA,NA,NA,NA
2023-06-15,U3-23JUN,1153,NA,NA,NA,NA,NA,NA,NA,NA,NA,NA,5.1020408163265305,0,17.346938775510203,18.367346938775512,23.46938775510204,18.367346938775512,NA,17.346938775510203,NA,0,NA,NA,NA,NA,NA,NA,NA,NA,NA,NA
2023-06-16,U3-23JUN,0,NA,NA,NA,NA,NA,NA,NA,NA,NA,NA,5.1020408163265305,0,17.346938775510203,18.367346938775512,23.46938775510204,18.367346938775512,NA,17.346938775510203,NA,0,NA,NA,NA,NA,NA,NA,NA,NA,NA,NA
2023-06-17,U3-23JUN,441,NA,NA,NA,NA,NA,NA,NA,NA,NA,NA,5.1020408163265305,0,17.346938775510203,19.387755102040817,21.428571428571427,19.387755102040817,NA,17.346938775510203,NA,0,NA,NA,NA,NA,NA,NA,NA,NA,NA,NA
2023-06-18,U3-23JUN,1,NA,NA,NA,NA,NA,NA,NA,NA,NA,NA,5.1020408163265305,0,17.346938775510203,21.428571428571427,19.387755102040817,19.387755102040817,NA,17.346938775510203,NA,0,NA,NA,NA,NA,NA,NA,NA,NA,NA,NA
2023-06-19,U3-23JUN,545,NA,NA,NA,NA,NA,NA,NA,NA,NA,NA,5.1020408163265305,0,20.408163265306122,14.285714285714286,27.551020408163264,15.306122448979592,NA,17.346938775510203,NA,0,NA,NA,NA,NA,NA,NA,NA,NA,NA,NA
2023-06-20,U3-23JUN,16,NA,NA,NA,NA,NA,NA,NA,NA,NA,NA,5.1020408163265305,0,16.3265306122449,21.428571428571427,24.489795918367346,15.306122448979592,NA,17.346938775510203,NA,0,NA,NA,NA,NA,NA,NA,NA,NA,NA,NA
2023-06-21,U3-23JUN,119,NA,NA,NA,NA,NA,NA,NA,NA,NA,NA,5.1020408163265305,0,17.346938775510203,20.408163265306122,24.489795918367346,15.306122448979592,NA,17.346938775510203,NA,0,NA,NA,NA,NA,NA,NA,NA,NA,NA,NA
2023-06-22,U3-23JUN,190,NA,NA,NA,NA,NA,NA,NA,NA,NA,NA,5.1020408163265305,0,17.346938775510203,20.408163265306122,17.3469387755102,22.44897959183674,NA,17.346938775510203,NA,0,NA,NA,NA,NA,NA,NA,NA,NA,NA,NA
2023-06-23,U3-23JUN,0,NA,NA,NA,NA,NA,NA,NA,NA,NA,NA,5.1020408163265305,0,17.346938775510203,20.408163265306122,17.3469387755102,22.44897959183674,NA,17.346938775510203,NA,0,NA,NA,NA,NA,NA,NA,NA,NA,NA,NA
2023-06-24,U3-23JUN,25,NA,NA,NA,NA,NA,NA,NA,NA,NA,NA,5.1020408163265305,0,17.346938775510203,20.408163265306122,17.3469387755102,22.44897959183674,NA,17.346938775510203,NA,0,NA,NA,NA,NA,NA,NA,NA,NA,NA,NA
2023-06-25,U3-23JUN,4,NA,NA,NA,NA,NA,NA,NA,NA,NA,NA,5.1020408163265305,0,17.346938775510203,20.408163265306122,17.3469387755102,22.44897959183674,NA,17.346938775510203,NA,0,NA,NA,NA,NA,NA,NA,NA,NA,NA,NA
2023-06-26,U3-23JUN,0,NA,NA,NA,NA,NA,NA,NA,NA,NA,NA,5.1020408163265305,0,17.346938775510203,20.408163265306122,17.3469387755102,22.44897959183674,NA,17.346938775510203,NA,0,NA,NA,NA,NA,NA,NA,NA,NA,NA,NA
2023-06-27,U3-23JUN,0,NA,NA,NA,NA,NA,NA,NA,NA,NA,NA,5.1020408163265305,0,17.346938775510203,20.408163265306122,17.3469387755102,22.44897959183674,NA,17.346938775510203,NA,0,NA,NA,NA,NA,NA,NA,NA,NA,NA,NA
2023-06-28,U3-23JUN,2,NA,NA,NA,NA,NA,NA,NA,NA,NA,NA,5.1020408163265305,0,17.346938775510203,17.346938775510203,20.40816326530612,22.44897959183674,NA,17.346938775510203,NA,0,NA,NA,NA,NA,NA,NA,NA,NA,NA,NA
2023-06-29,U3-23JUN,100,NA,NA,NA,NA,NA,NA,NA,NA,NA,NA,5.1020408163265305,0,17.346938775510203,17.346938775510203,20.40816326530612,22.44897959183674,NA,17.346938775510203,NA,0,NA,NA,NA,NA,NA,NA,NA,NA,NA,NA
2023-06-30,U3-23JUN,10,NA,NA,NA,NA,NA,NA,NA,NA,NA,NA,5.1020408163265305,0,17.346938775510203,19.387755102040817,18.367346938775505,22.44897959183674,NA,17.346938775510203,NA,0,NA,NA,NA,NA,NA,NA,NA,NA,NA,NA
2023-07-01,U3-23JUN,4,NA,NA,NA,NA,NA,NA,NA,NA,NA,NA,5.1020408163265305,0,11.224489795918368,20.408163265306122,18.367346938775505,22.44897959183674,NA,22.448979591836736,NA,0,NA,NA,NA,NA,NA,NA,NA,NA,NA,NA
2023-07-02,U3-23JUN,333,NA,NA,NA,NA,NA,NA,NA,NA,NA,NA,5.1020408163265305,0,11.224489795918368,25.510204081632654,13.265306122448974,22.44897959183674,NA,22.448979591836736,NA,0,NA,NA,NA,NA,NA,NA,NA,NA,NA,NA
2023-07-03,U3-23JUN,609,NA,NA,NA,NA,NA,NA,NA,NA,NA,NA,5.1020408163265305,0,17.346938775510203,17.346938775510203,14.285714285714281,22.44897959183674,NA,23.46938775510204,NA,0,NA,NA,NA,NA,NA,NA,NA,NA,NA,NA
2023-07-04,U3-23JUN,412,NA,NA,NA,NA,NA,NA,NA,NA,NA,NA,5.1020408163265305,0,21.428571428571427,17.346938775510203,19.387755102040817,17.346938775510203,NA,19.387755102040817,NA,0,NA,NA,NA,NA,NA,NA,NA,NA,NA,NA
2023-07-05,U3-23JUL,16,NA,NA,NA,NA,NA,NA,NA,NA,NA,NA,0,0,12.244897959183673,19.387755102040817,25.510204081632654,22.448979591836736,NA,20.408163265306122,NA,0,NA,NA,NA,NA,NA,NA,NA,NA,NA,NA
2023-07-05,U3-23JUN,202,NA,NA,NA,NA,NA,NA,NA,NA,NA,NA,5.1020408163265305,0,17.346938775510203,21.428571428571427,18.367346938775512,17.346938775510203,NA,20.408163265306122,NA,0,NA,NA,NA,NA,NA,NA,NA,NA,NA,NA
2023-07-06,U3-23JUL,150,NA,NA,NA,NA,NA,NA,NA,NA,NA,NA,0,0,12.244897959183673,19.387755102040817,27.551020408163264,20.408163265306122,NA,20.408163265306122,NA,0,NA,NA,NA,NA,NA,NA,NA,NA,NA,NA
2023-07-06,U3-23JUN,1858,NA,NA,NA,NA,NA,NA,NA,NA,NA,NA,5.1020408163265305,0,20.408163265306122,25.510204081632654,19.387755102040817,10.204081632653061,NA,19.387755102040817,NA,0,NA,NA,NA,NA,NA,NA,NA,NA,NA,NA
2023-07-07,U3-23JUL,0,NA,NA,NA,NA,NA,NA,NA,NA,NA,NA,0,0,12.244897959183673,19.387755102040817,27.551020408163264,20.408163265306122,NA,20.408163265306122,NA,0,NA,NA,NA,NA,NA,NA,NA,NA,NA,NA
2023-07-07,U3-23JUN,375,NA,NA,NA,NA,NA,NA,NA,NA,NA,NA,5.1020408163265305,0,21.428571428571427,24.489795918367346,19.387755102040817,10.204081632653061,NA,19.387755102040817,NA,0,NA,NA,NA,NA,NA,NA,NA,NA,NA,NA
2023-07-08,U3-23JUL,100,NA,NA,NA,NA,NA,NA,NA,NA,NA,NA,0,0,26.53061224489796,1.0204081632653061,27.551020408163264,20.408163265306122,NA,24.489795918367346,NA,0,NA,NA,NA,NA,NA,NA,NA,NA,NA,NA
2023-07-09,U3-23JUL,88,NA,NA,NA,NA,NA,NA,NA,NA,NA,NA,0,0,22.448979591836736,5.1020408163265305,27.551020408163264,20.408163265306122,NA,24.489795918367346,NA,0,NA,NA,NA,NA,NA,NA,NA,NA,NA,NA
2023-07-10,U3-23JUL,0,NA,NA,NA,NA,NA,NA,NA,NA,NA,NA,0,0,22.448979591836736,5.1020408163265305,27.551020408163264,20.408163265306122,NA,24.489795918367346,NA,0,NA,NA,NA,NA,NA,NA,NA,NA,NA,NA
2023-07-11,U3-23JUL,0,NA,NA,NA,NA,NA,NA,NA,NA,NA,NA,0,0,22.448979591836736,5.1020408163265305,27.551020408163264,20.408163265306122,NA,24.489795918367346,NA,0,NA,NA,NA,NA,NA,NA,NA,NA,NA,NA
2023-07-12,U3-23JUL,210,NA,NA,NA,NA,NA,NA,NA,NA,NA,NA,0,0,29.591836734693878,28.571428571428573,4.081632653061225,20.408163265306122,NA,17.346938775510203,NA,0,NA,NA,NA,NA,NA,NA,NA,NA,NA,NA
2023-07-13,U3-23JUL,140,NA,NA,NA,NA,NA,NA,NA,NA,NA,NA,1.0204081632653061,0,29.591836734693878,30.612244897959183,2.0408163265306123,19.387755102040817,NA,17.346938775510203,NA,0,NA,NA,NA,NA,NA,NA,NA,NA,NA,NA
2023-07-14,U3-23JUL,0,NA,NA,NA,NA,NA,NA,NA,NA,NA,NA,1.0204081632653061,0,29.591836734693878,30.612244897959183,2.0408163265306123,19.387755102040817,NA,17.346938775510203,NA,0,NA,NA,NA,NA,NA,NA,NA,NA,NA,NA
2023-07-15,U3-23JUL,0,NA,NA,NA,NA,NA,NA,NA,NA,NA,NA,1.0204081632653061,0,29.591836734693878,30.612244897959183,2.0408163265306123,19.387755102040817,NA,17.346938775510203,NA,0,NA,NA,NA,NA,NA,NA,NA,NA,NA,NA
2023-07-16,U3-23JUL,0,NA,NA,NA,NA,NA,NA,NA,NA,NA,NA,1.0204081632653061,0,29.591836734693878,30.612244897959183,2.0408163265306123,19.387755102040817,NA,17.346938775510203,NA,0,NA,NA,NA,NA,NA,NA,NA,NA,NA,NA
2023-07-17,U3-23JUL,22,NA,NA,NA,NA,NA,NA,NA,NA,NA,NA,1.0204081632653061,0,29.591836734693878,30.612244897959183,2.0408163265306123,19.387755102040817,NA,17.346938775510203,NA,0,NA,NA,NA,NA,NA,NA,NA,NA,NA,NA
2023-07-18,U3-23JUL,25,NA,NA,NA,NA,NA,NA,NA,NA,NA,NA,1.0204081632653061,0,29.591836734693878,30.612244897959183,2.0408163265306123,19.387755102040817,NA,17.346938775510203,NA,0,NA,NA,NA,NA,NA,NA,NA,NA,NA,NA
2023-07-19,U3-23JUL,0,NA,NA,NA,NA,NA,NA,NA,NA,NA,NA,1.0204081632653061,0,29.591836734693878,30.612244897959183,2.0408163265306123,19.387755102040817,NA,17.346938775510203,NA,0,NA,NA,NA,NA,NA,NA,NA,NA,NA,NA
2023-07-20,U3-23JUL,125,NA,NA,NA,NA,NA,NA,NA,NA,NA,NA,1.0204081632653061,0,24.489795918367346,30.612244897959183,2.0408163265306123,19.387755102040817,NA,22.448979591836736,NA,0,NA,NA,NA,NA,NA,NA,NA,NA,NA,NA
2023-07-21,U3-23JUL,0,NA,NA,NA,NA,NA,NA,NA,NA,NA,NA,1.0204081632653061,0,24.489795918367346,30.612244897959183,2.0408163265306123,19.387755102040817,NA,22.448979591836736,NA,0,NA,NA,NA,NA,NA,NA,NA,NA,NA,NA
2023-07-22,U3-23JUL,0,NA,NA,NA,NA,NA,NA,NA,NA,NA,NA,1.0204081632653061,0,24.489795918367346,30.612244897959183,2.0408163265306123,19.387755102040817,NA,22.448979591836736,NA,0,NA,NA,NA,NA,NA,NA,NA,NA,NA,NA
2023-07-23,U3-23JUL,0,NA,NA,NA,NA,NA,NA,NA,NA,NA,NA,1.0204081632653061,0,24.489795918367346,30.612244897959183,2.0408163265306123,19.387755102040817,NA,22.448979591836736,NA,0,NA,NA,NA,NA,NA,NA,NA,NA,NA,NA
2023-07-24,U3-23JUL,0,NA,NA,NA,NA,NA,NA,NA,NA,NA,NA,1.0204081632653061,0,24.489795918367346,30.612244897959183,2.0408163265306123,19.387755102040817,NA,22.448979591836736,NA,0,NA,NA,NA,NA,NA,NA,NA,NA,NA,NA
2023-07-25,U3-23JUL,700,NA,NA,NA,NA,NA,NA,NA,NA,NA,NA,0,0,24.489795918367346,30.612244897959183,2.0408163265306123,20.408163265306122,NA,22.448979591836736,NA,0,NA,NA,NA,NA,NA,NA,NA,NA,NA,NA
2023-07-26,U3-23JUL,20,NA,NA,NA,NA,NA,NA,NA,NA,NA,NA,0,0,24.489795918367346,30.612244897959183,15.306122448979592,7.142857142857143,NA,22.448979591836736,NA,0,NA,NA,NA,NA,NA,NA,NA,NA,NA,NA
2023-07-27,U3-23JUL,465,NA,NA,NA,NA,NA,NA,NA,NA,0,NA,0,0,35.714285714285715,26.53061224489796,14.285714285714286,7.142857142857143,NA,16.3265306122449,NA,0,NA,NA,NA,NA,NA,NA,NA,NA,NA,NA
2023-07-28,U3-23JUL,294,NA,NA,NA,NA,NA,NA,NA,NA,0,NA,0,0,35.714285714285715,26.53061224489796,14.285714285714286,7.142857142857143,NA,16.3265306122449,NA,0,NA,NA,NA,NA,NA,NA,NA,NA,NA,NA
2023-07-29,U3-23JUL,62,NA,NA,NA,NA,NA,NA,NA,NA,0,NA,0,0,35.714285714285715,26.53061224489796,14.285714285714286,7.142857142857143,NA,16.3265306122449,NA,0,NA,NA,NA,NA,NA,NA,NA,NA,NA,NA
2023-07-30,U3-23JUL,49,NA,NA,NA,NA,NA,NA,NA,NA,0,NA,0,0,32.6530612244898,26.53061224489796,14.285714285714286,7.142857142857143,NA,19.387755102040817,NA,0,NA,NA,NA,NA,NA,NA,NA,NA,NA,NA
2023-07-31,U3-23JUL,169,NA,NA,NA,NA,NA,NA,NA,NA,0,NA,0,0,28.571428571428573,30.612244897959183,14.285714285714286,7.142857142857143,NA,19.387755102040817,NA,0,NA,NA,NA,NA,NA,NA,NA,NA,NA,NA
2023-08-01,U3-23JUL,486,NA,NA,NA,NA,NA,NA,NA,NA,0,NA,0,0,28.571428571428573,26.53061224489796,14.285714285714286,7.142857142857143,NA,23.46938775510204,NA,0,NA,NA,NA,NA,NA,NA,NA,NA,NA,NA
2023-08-02,U3-23JUL,0,NA,NA,NA,NA,NA,NA,NA,NA,0,NA,0,0,28.571428571428573,26.53061224489796,14.285714285714286,7.142857142857143,NA,23.46938775510204,NA,0,NA,NA,NA,NA,NA,NA,NA,NA,NA,NA
2023-08-03,U3-23JUL,5098,NA,NA,NA,NA,NA,NA,NA,NA,0,NA,0,0,31.632653061224488,31.632653061224488,10.204081632653061,0,NA,26.53061224489796,NA,0,NA,NA,NA,NA,NA,NA,NA,NA,NA,NA
2023-08-04,U3-23AUG,20,NA,NA,NA,NA,NA,NA,NA,NA,NA,NA,NA,NA,74.48979591836735,NA,NA,NA,NA,25.510204081632654,NA,NA,NA,NA,NA,NA,NA,NA,NA,NA,NA,NA
2023-08-04,U3-23JUL,373,NA,NA,NA,NA,NA,NA,NA,NA,0,NA,0,0,39.795918367346935,28.571428571428573,5.1020408163265305,0,NA,26.53061224489796,NA,0,NA,NA,NA,NA,NA,NA,NA,NA,NA,NA
2023-08-05,U3-23AUG,0,NA,NA,NA,NA,NA,NA,NA,NA,NA,NA,NA,NA,74.48979591836735,NA,NA,NA,NA,25.510204081632654,NA,NA,NA,NA,NA,NA,NA,NA,NA,NA,NA,NA
2023-08-06,U3-23AUG,0,NA,NA,NA,NA,NA,NA,NA,NA,NA,NA,NA,NA,74.48979591836735,NA,NA,NA,NA,25.510204081632654,NA,NA,NA,NA,NA,NA,NA,NA,NA,NA,NA,NA
2023-08-07,U3-23AUG,0,NA,NA,NA,NA,NA,NA,NA,NA,NA,NA,NA,NA,74.48979591836735,NA,NA,NA,NA,25.510204081632654,NA,NA,NA,NA,NA,NA,NA,NA,NA,NA,NA,NA
2023-08-08,U3-23AUG,0,NA,NA,NA,NA,NA,NA,NA,NA,NA,NA,NA,NA,74.48979591836735,NA,NA,NA,NA,25.510204081632654,NA,NA,NA,NA,NA,NA,NA,NA,NA,NA,NA,NA
2023-08-09,U3-23AUG,0,NA,NA,NA,NA,NA,NA,NA,NA,NA,NA,NA,NA,74.48979591836735,NA,NA,NA,NA,25.510204081632654,NA,NA,NA,NA,NA,NA,NA,NA,NA,NA,NA,NA
2023-08-10,U3-23AUG,0,NA,NA,NA,NA,NA,NA,NA,NA,NA,NA,NA,NA,74.48979591836735,NA,NA,NA,NA,25.510204081632654,NA,NA,NA,NA,NA,NA,NA,NA,NA,NA,NA,NA
2023-08-11,U3-23AUG,0,NA,NA,NA,NA,NA,NA,NA,NA,NA,NA,NA,NA,74.48979591836735,NA,NA,NA,NA,25.510204081632654,NA,NA,NA,NA,NA,NA,NA,NA,NA,NA,NA,NA
2023-08-12,U3-23AUG,0,NA,NA,NA,NA,NA,NA,NA,NA,NA,NA,NA,NA,74.48979591836735,NA,NA,NA,NA,25.510204081632654,NA,NA,NA,NA,NA,NA,NA,NA,NA,NA,NA,NA
2023-08-13,U3-23AUG,0,NA,NA,NA,NA,NA,NA,NA,NA,NA,NA,NA,NA,74.48979591836735,NA,NA,NA,NA,25.510204081632654,NA,NA,NA,NA,NA,NA,NA,NA,NA,NA,NA,NA
2023-08-14,U3-23AUG,0,NA,NA,NA,NA,NA,NA,NA,NA,NA,NA,NA,NA,74.48979591836735,NA,NA,NA,NA,25.510204081632654,NA,NA,NA,NA,NA,NA,NA,NA,NA,NA,NA,NA
2023-08-15,U3-23AUG,0,NA,NA,NA,NA,NA,NA,NA,NA,NA,NA,NA,NA,74.48979591836735,NA,NA,NA,NA,25.510204081632654,NA,NA,NA,NA,NA,NA,NA,NA,NA,NA,NA,NA
2023-08-16,U3-23AUG,0,NA,NA,NA,NA,NA,NA,NA,NA,NA,NA,NA,NA,74.48979591836735,NA,NA,NA,NA,25.510204081632654,NA,NA,NA,NA,NA,NA,NA,NA,NA,NA,NA,NA
2023-08-17,U3-23AUG,0,NA,NA,NA,NA,NA,NA,NA,NA,NA,NA,NA,NA,74.48979591836735,NA,NA,NA,NA,25.510204081632654,NA,NA,NA,NA,NA,NA,NA,NA,NA,NA,NA,NA
2023-08-18,U3-23AUG,0,NA,NA,NA,NA,NA,NA,NA,NA,NA,NA,NA,NA,74.48979591836735,NA,NA,NA,NA,25.510204081632654,NA,NA,NA,NA,NA,NA,NA,NA,NA,NA,NA,NA
2023-08-19,U3-23AUG,0,NA,NA,NA,NA,NA,NA,NA,NA,NA,NA,NA,NA,74.48979591836735,NA,NA,NA,NA,25.510204081632654,NA,NA,NA,NA,NA,NA,NA,NA,NA,NA,NA,NA
2023-08-20,U3-23AUG,20,NA,NA,NA,NA,NA,NA,NA,NA,NA,NA,NA,NA,40.816326530612244,25.510204081632654,8.16326530612245,0,NA,25.510204081632654,NA,NA,NA,NA,NA,NA,NA,NA,NA,NA,NA,NA
2023-08-21,U3-23AUG,2,NA,NA,NA,NA,NA,NA,NA,NA,NA,NA,NA,NA,40.816326530612244,25.510204081632654,8.16326530612245,0,NA,25.510204081632654,NA,NA,NA,NA,NA,NA,NA,NA,NA,NA,NA,NA
2023-08-22,U3-23AUG,0,NA,NA,NA,NA,NA,NA,NA,NA,NA,NA,NA,NA,40.816326530612244,25.510204081632654,8.16326530612245,0,NA,25.510204081632654,NA,NA,NA,NA,NA,NA,NA,NA,NA,NA,NA,NA
2023-08-23,U3-23AUG,0,NA,NA,NA,NA,NA,NA,NA,NA,NA,NA,NA,NA,40.816326530612244,25.510204081632654,8.16326530612245,0,NA,25.510204081632654,NA,NA,NA,NA,NA,NA,NA,NA,NA,NA,NA,NA
2023-08-24,U3-23AUG,150,NA,NA,NA,NA,NA,NA,NA,NA,NA,NA,NA,NA,30.612244897959183,25.510204081632654,8.16326530612245,0,NA,35.714285714285715,NA,NA,NA,NA,NA,NA,NA,NA,NA,NA,NA,NA
2023-08-25,U3-23AUG,0,NA,NA,NA,NA,NA,NA,NA,NA,NA,NA,NA,NA,30.612244897959183,25.510204081632654,8.16326530612245,0,NA,35.714285714285715,NA,NA,NA,NA,NA,NA,NA,NA,NA,NA,NA,NA
2023-08-26,U3-23AUG,0,NA,NA,NA,NA,NA,NA,NA,NA,NA,NA,NA,NA,30.612244897959183,25.510204081632654,8.16326530612245,0,NA,35.714285714285715,NA,NA,NA,NA,NA,NA,NA,NA,NA,NA,NA,NA
2023-08-27,U3-23AUG,104,NA,NA,NA,NA,NA,NA,NA,NA,NA,NA,NA,NA,25.510204081632654,25.510204081632654,8.16326530612245,0,NA,40.816326530612244,NA,NA,NA,NA,NA,NA,NA,NA,NA,NA,NA,NA
2023-08-28,U3-23AUG,0,NA,NA,NA,NA,NA,NA,NA,NA,NA,NA,NA,NA,25.510204081632654,25.510204081632654,8.16326530612245,0,NA,40.816326530612244,NA,NA,NA,NA,NA,NA,NA,NA,NA,NA,NA,NA
2023-08-29,U3-23AUG,70,NA,NA,NA,NA,NA,NA,NA,NA,NA,NA,NA,NA,28.571428571428573,22.448979591836736,3.061224489795918,8.16326530612245,NA,37.755102040816325,NA,NA,NA,NA,NA,NA,NA,NA,NA,NA,NA,NA
2023-08-30,U3-23AUG,0,NA,NA,NA,NA,NA,NA,NA,NA,NA,NA,NA,NA,28.571428571428573,22.448979591836736,3.061224489795918,8.16326530612245,NA,37.755102040816325,NA,NA,NA,NA,NA,NA,NA,NA,NA,NA,NA,NA
2023-08-31,U3-23AUG,2048,NA,NA,NA,NA,NA,NA,NA,NA,NA,NA,NA,NA,28.571428571428566,17.3469387755102,9.183673469387756,2.0408163265306123,NA,42.85714285714287,NA,NA,NA,NA,NA,NA,NA,NA,NA,NA,NA,NA
2023-09-01,U3-23AUG,1436,NA,NA,NA,NA,NA,NA,NA,NA,NA,NA,NA,NA,29.591836734693867,20.408163265306126,6.122448979591836,1.0204081632653061,NA,42.85714285714287,NA,NA,NA,NA,NA,NA,NA,NA,NA,NA,NA,NA
2023-09-05,U3-23SEP,1,NA,NA,NA,NA,NA,NA,NA,NA,NA,NA,14.285714285714286,12.244897959183673,27.551020408163264,7.142857142857143,24.489795918367346,14.285714285714286,NA,NA,NA,NA,NA,NA,NA,NA,NA,NA,NA,NA,NA,NA
2023-09-06,U3-23SEP,114,NA,NA,NA,NA,NA,NA,NA,NA,NA,NA,14.285714285714286,12.244897959183673,27.551020408163264,14.285714285714292,17.346938775510196,14.285714285714286,NA,NA,NA,NA,NA,NA,NA,NA,NA,NA,NA,NA,NA,NA
2023-09-07,U3-23SEP,140,NA,NA,NA,NA,NA,NA,NA,NA,NA,NA,14.285714285714286,12.244897959183673,27.551020408163264,10.204081632653061,21.428571428571427,14.285714285714286,NA,NA,NA,NA,NA,NA,NA,NA,NA,NA,NA,NA,NA,NA
2023-09-08,U3-23SEP,61,NA,NA,NA,NA,NA,NA,NA,NA,NA,NA,18.367346938775512,12.244897959183673,27.551020408163264,10.204081632653061,21.428571428571427,10.204081632653061,NA,NA,NA,NA,NA,NA,NA,NA,NA,NA,NA,NA,NA,NA
2023-09-09,U3-23SEP,0,NA,NA,NA,NA,NA,NA,NA,NA,NA,NA,18.367346938775512,12.244897959183673,27.551020408163264,10.204081632653061,21.428571428571427,10.204081632653061,NA,NA,NA,NA,NA,NA,NA,NA,NA,NA,NA,NA,NA,NA
2023-09-10,U3-23SEP,6,NA,NA,NA,NA,NA,NA,NA,NA,NA,NA,18.367346938775512,12.244897959183673,27.551020408163264,12.244897959183673,19.387755102040817,10.204081632653061,NA,NA,NA,NA,NA,NA,NA,NA,NA,NA,NA,NA,NA,NA
2023-09-11,U3-23SEP,24,NA,NA,NA,NA,NA,NA,NA,NA,NA,NA,18.367346938775512,12.244897959183673,27.551020408163264,12.244897959183673,19.387755102040817,10.204081632653061,NA,NA,NA,NA,NA,NA,NA,NA,NA,NA,NA,NA,NA,NA
2023-09-12,U3-23SEP,0,NA,NA,NA,NA,NA,NA,NA,NA,NA,NA,18.367346938775512,12.244897959183673,27.551020408163264,12.244897959183673,19.387755102040817,10.204081632653061,NA,NA,NA,NA,NA,NA,NA,NA,NA,NA,NA,NA,NA,NA
2023-09-13,U3-23SEP,50,NA,NA,NA,NA,NA,NA,NA,NA,NA,NA,18.367346938775512,12.244897959183673,27.551020408163264,12.244897959183673,19.387755102040817,10.204081632653061,NA,NA,NA,NA,NA,NA,NA,NA,NA,NA,NA,NA,NA,NA
2023-09-14,U3-23SEP,0,NA,NA,NA,NA,NA,NA,NA,NA,NA,NA,18.367346938775512,12.244897959183673,27.551020408163264,12.244897959183673,19.387755102040817,10.204081632653061,NA,NA,NA,NA,NA,NA,NA,NA,NA,NA,NA,NA,NA,NA
2023-09-15,U3-23SEP,0,NA,NA,NA,NA,NA,NA,NA,NA,NA,NA,18.367346938775512,12.244897959183673,27.551020408163264,12.244897959183673,19.387755102040817,10.204081632653061,NA,NA,NA,NA,NA,NA,NA,NA,NA,NA,NA,NA,NA,NA
2023-09-16,U3-23SEP,0,NA,NA,NA,NA,NA,NA,NA,NA,NA,NA,18.367346938775512,12.244897959183673,27.551020408163264,12.244897959183673,19.387755102040817,10.204081632653061,NA,NA,NA,NA,NA,NA,NA,NA,NA,NA,NA,NA,NA,NA
2023-09-17,U3-23SEP,0,NA,NA,NA,NA,NA,NA,NA,NA,NA,NA,18.367346938775512,12.244897959183673,27.551020408163264,12.244897959183673,19.387755102040817,10.204081632653061,NA,NA,NA,NA,NA,NA,NA,NA,NA,NA,NA,NA,NA,NA
2023-09-18,U3-23SEP,2,NA,NA,NA,NA,NA,NA,NA,NA,NA,NA,18.367346938775512,12.244897959183673,21.428571428571427,12.244897959183673,19.387755102040817,10.204081632653061,NA,6.122448979591836,NA,NA,NA,NA,NA,NA,NA,NA,NA,NA,NA,NA
2023-09-19,U3-23SEP,0,NA,NA,NA,NA,NA,NA,NA,NA,NA,NA,18.367346938775512,12.244897959183673,21.428571428571427,12.244897959183673,19.387755102040817,10.204081632653061,NA,6.122448979591836,NA,NA,NA,NA,NA,NA,NA,NA,NA,NA,NA,NA
2023-09-20,U3-23SEP,213,NA,NA,NA,NA,NA,NA,NA,NA,NA,NA,18.367346938775512,12.244897959183673,12.244897959183673,25.510204081632654,19.387755102040817,10.204081632653061,NA,2.0408163265306123,NA,NA,NA,NA,NA,NA,NA,NA,NA,NA,NA,NA
2023-09-21,U3-23SEP,0,NA,NA,NA,NA,NA,NA,NA,NA,NA,NA,18.367346938775512,12.244897959183673,12.244897959183673,25.510204081632654,19.387755102040817,10.204081632653061,NA,2.0408163265306123,NA,NA,NA,NA,NA,NA,NA,NA,NA,NA,NA,NA
2023-09-22,U3-23SEP,30,NA,NA,NA,NA,NA,NA,NA,NA,NA,NA,18.367346938775512,12.244897959183673,13.26530612244898,24.489795918367346,19.387755102040817,10.204081632653061,NA,2.0408163265306123,NA,NA,NA,NA,NA,NA,NA,NA,NA,NA,NA,NA
2023-09-23,U3-23SEP,266,NA,NA,NA,NA,NA,NA,NA,NA,0,NA,19.387755102040817,11.224489795918368,11.224489795918368,25.510204081632654,19.387755102040817,10.204081632653061,NA,3.061224489795918,NA,0,NA,NA,NA,NA,NA,NA,NA,NA,NA,NA
2023-09-24,U3-23SEP,0,NA,NA,NA,NA,NA,NA,NA,NA,0,NA,19.387755102040817,11.224489795918368,11.224489795918368,25.510204081632654,19.387755102040817,10.204081632653061,NA,3.061224489795918,NA,0,NA,NA,NA,NA,NA,NA,NA,NA,NA,NA
2023-09-25,U3-23SEP,4,NA,NA,NA,NA,NA,NA,NA,NA,0,NA,7.142857142857143,23.46938775510204,11.224489795918368,25.510204081632654,19.387755102040817,10.204081632653061,NA,3.061224489795918,NA,0,NA,NA,NA,NA,NA,NA,NA,NA,NA,NA
2023-09-26,U3-23SEP,0,NA,NA,NA,NA,NA,NA,NA,NA,0,NA,7.142857142857143,23.46938775510204,11.224489795918368,25.510204081632654,19.387755102040817,10.204081632653061,NA,3.061224489795918,NA,0,NA,NA,NA,NA,NA,NA,NA,NA,NA,NA
2023-09-27,U3-23SEP,300,NA,NA,NA,NA,NA,NA,NA,NA,0,NA,7.142857142857143,23.46938775510204,11.224489795918368,15.306122448979592,29.591836734693878,10.204081632653061,NA,3.061224489795918,NA,0,NA,NA,NA,NA,NA,NA,NA,NA,NA,NA
2023-09-28,U3-23SEP,150,NA,NA,NA,NA,NA,NA,NA,NA,0,NA,7.142857142857143,23.46938775510204,12.244897959183673,15.306122448979592,29.591836734693878,10.204081632653061,NA,2.0408163265306123,NA,0,NA,NA,NA,NA,NA,NA,NA,NA,NA,NA
2023-09-29,U3-23SEP,54,NA,NA,NA,NA,NA,NA,NA,NA,0,NA,19.387755102040817,11.224489795918368,12.244897959183673,38.775510204081634,6.122448979591836,10.204081632653061,NA,2.0408163265306123,NA,0,NA,NA,NA,NA,NA,NA,NA,NA,NA,NA
2023-09-30,U3-23SEP,3,NA,NA,NA,NA,NA,NA,NA,NA,0,NA,1.0204081632653061,32.6530612244898,12.244897959183673,38.775510204081634,6.122448979591836,7.142857142857143,NA,2.0408163265306123,NA,0,NA,NA,NA,NA,NA,NA,NA,NA,NA,NA
2023-10-01,U3-23SEP,0,NA,NA,NA,NA,NA,NA,NA,NA,0,NA,1.0204081632653061,32.6530612244898,12.244897959183673,38.775510204081634,6.122448979591836,7.142857142857143,NA,2.0408163265306123,NA,0,NA,NA,NA,NA,NA,NA,NA,NA,NA,NA
2023-10-02,U3-23SEP,0,NA,NA,NA,NA,NA,NA,NA,NA,0,NA,1.0204081632653061,32.6530612244898,12.244897959183673,38.775510204081634,6.122448979591836,7.142857142857143,NA,2.0408163265306123,NA,0,NA,NA,NA,NA,NA,NA,NA,NA,NA,NA
2023-10-03,U3-23SEP,96,NA,NA,NA,NA,NA,NA,NA,NA,0,NA,1.0204081632653061,32.6530612244898,0,2.0408163265306123,57.142857142857146,7.142857142857143,NA,0,NA,0,NA,NA,NA,NA,NA,NA,NA,NA,NA,NA
2023-10-04,U3-23SEP,69,NA,NA,NA,NA,NA,NA,NA,NA,0,NA,1.0204081632653061,4.081632653061228,4.081632653061225,2.0408163265306123,53.06122448979592,7.142857142857143,NA,0,NA,28.571428571428566,NA,NA,NA,NA,NA,NA,NA,NA,NA,NA
2023-10-05,U3-23SEP,271,NA,NA,NA,NA,NA,NA,NA,NA,0,NA,16.3265306122449,17.346938775510203,2.0408163265306123,4.081632653061225,53.06122448979592,7.142857142857143,NA,0,NA,0,NA,NA,NA,NA,NA,NA,NA,NA,NA,NA
2023-10-06,U3-23OCT,1,NA,NA,NA,NA,NA,NA,NA,NA,NA,NA,NA,NA,100,NA,NA,NA,NA,0,NA,NA,NA,NA,NA,NA,NA,NA,NA,NA,NA,NA
2023-10-07,U3-23OCT,25,NA,NA,NA,NA,NA,NA,NA,NA,NA,NA,NA,NA,97.95918367346938,NA,NA,NA,NA,2.0408163265306123,NA,NA,NA,NA,NA,NA,NA,NA,NA,NA,NA,NA
2023-10-08,U3-23OCT,0,NA,NA,NA,NA,NA,NA,NA,NA,NA,NA,NA,NA,97.95918367346938,NA,NA,NA,NA,2.0408163265306123,NA,NA,NA,NA,NA,NA,NA,NA,NA,NA,NA,NA
2023-10-09,U3-23OCT,0,NA,NA,NA,NA,NA,NA,NA,NA,NA,NA,NA,NA,97.95918367346938,NA,NA,NA,NA,2.0408163265306123,NA,NA,NA,NA,NA,NA,NA,NA,NA,NA,NA,NA
2023-10-10,U3-23OCT,6,NA,NA,NA,NA,NA,NA,NA,NA,NA,NA,NA,NA,2.0408163265306123,17.346938775510203,80.61224489795919,NA,NA,0,NA,NA,NA,NA,NA,NA,NA,NA,NA,NA,NA,NA
2023-10-11,U3-23OCT,0,NA,NA,NA,NA,NA,NA,NA,NA,NA,NA,NA,NA,2.0408163265306123,17.346938775510203,80.61224489795919,NA,NA,0,NA,NA,NA,NA,NA,NA,NA,NA,NA,NA,NA,NA
2023-10-12,U3-23OCT,0,NA,NA,NA,NA,NA,NA,NA,NA,NA,NA,NA,NA,2.0408163265306123,17.346938775510203,80.61224489795919,NA,NA,0,NA,NA,NA,NA,NA,NA,NA,NA,NA,NA,NA,NA
2023-10-13,U3-23OCT,0,NA,NA,NA,NA,NA,NA,NA,NA,NA,NA,NA,NA,2.0408163265306123,17.346938775510203,80.61224489795919,NA,NA,0,NA,NA,NA,NA,NA,NA,NA,NA,NA,NA,NA,NA
2023-10-14,U3-23OCT,0,NA,NA,NA,NA,NA,NA,NA,NA,NA,NA,NA,NA,2.0408163265306123,17.346938775510203,80.61224489795919,NA,NA,0,NA,NA,NA,NA,NA,NA,NA,NA,NA,NA,NA,NA
2023-10-15,U3-23OCT,9,NA,NA,NA,NA,NA,NA,NA,NA,NA,NA,NA,NA,12.244897959183673,3.061224489795918,82.65306122448979,NA,NA,2.0408163265306123,NA,NA,NA,NA,NA,NA,NA,NA,NA,NA,NA,NA
2023-10-16,U3-23OCT,0,NA,NA,NA,NA,NA,NA,NA,NA,NA,NA,NA,NA,12.244897959183673,3.061224489795918,82.65306122448979,NA,NA,2.0408163265306123,NA,NA,NA,NA,NA,NA,NA,NA,NA,NA,NA,NA
2023-10-17,U3-23OCT,0,NA,NA,NA,NA,NA,NA,NA,NA,NA,NA,NA,NA,12.244897959183673,3.061224489795918,82.65306122448979,NA,NA,2.0408163265306123,NA,NA,NA,NA,NA,NA,NA,NA,NA,NA,NA,NA
2023-10-18,U3-23OCT,0,NA,NA,NA,NA,NA,NA,NA,NA,NA,NA,NA,NA,12.244897959183673,3.061224489795918,82.65306122448979,NA,NA,2.0408163265306123,NA,NA,NA,NA,NA,NA,NA,NA,NA,NA,NA,NA
2023-10-19,U3-23OCT,0,NA,NA,NA,NA,NA,NA,NA,NA,NA,NA,NA,NA,12.244897959183673,3.061224489795918,82.65306122448979,NA,NA,2.0408163265306123,NA,NA,NA,NA,NA,NA,NA,NA,NA,NA,NA,NA
2023-10-20,U3-23OCT,0,NA,NA,NA,NA,NA,NA,NA,NA,NA,NA,NA,NA,12.244897959183673,3.061224489795918,82.65306122448979,NA,NA,2.0408163265306123,NA,NA,NA,NA,NA,NA,NA,NA,NA,NA,NA,NA
2023-10-21,U3-23OCT,0,NA,NA,NA,NA,NA,NA,NA,NA,NA,NA,NA,NA,12.244897959183673,3.061224489795918,82.65306122448979,NA,NA,2.0408163265306123,NA,NA,NA,NA,NA,NA,NA,NA,NA,NA,NA,NA
2023-10-22,U3-23OCT,5,NA,NA,NA,NA,NA,NA,NA,NA,NA,NA,NA,NA,12.244897959183673,3.061224489795918,27.551020408163257,55.10204081632654,NA,2.0408163265306123,NA,NA,NA,NA,NA,NA,NA,NA,NA,NA,NA,NA
2023-10-23,U3-23OCT,100,NA,NA,NA,NA,NA,NA,NA,NA,NA,NA,NA,NA,12.244897959183673,15.306122448979592,15.306122448979584,55.10204081632654,NA,2.0408163265306123,NA,NA,NA,NA,NA,NA,NA,NA,NA,NA,NA,NA
2023-10-24,U3-23OCT,172,NA,NA,NA,NA,NA,NA,NA,NA,NA,NA,NA,NA,14.285714285714286,4.081632653061225,22.448979591836743,57.14285714285713,NA,2.0408163265306123,NA,NA,NA,NA,NA,NA,NA,NA,NA,NA,NA,NA
2023-10-25,U3-23OCT,0,NA,NA,NA,NA,NA,NA,NA,NA,NA,NA,NA,NA,14.285714285714286,4.081632653061225,22.448979591836743,57.14285714285713,NA,2.0408163265306123,NA,NA,NA,NA,NA,NA,NA,NA,NA,NA,NA,NA
2023-10-26,U3-23OCT,323,NA,NA,NA,NA,NA,NA,NA,NA,NA,NA,12.244897959183673,NA,12.244897959183673,6.122448979591836,37.755102040816325,29.591836734693878,NA,2.0408163265306123,NA,NA,NA,NA,NA,NA,NA,NA,NA,NA,NA,NA
2023-10-27,U3-23OCT,0,NA,NA,NA,NA,NA,NA,NA,NA,NA,NA,12.244897959183673,NA,12.244897959183673,6.122448979591836,37.755102040816325,29.591836734693878,NA,2.0408163265306123,NA,NA,NA,NA,NA,NA,NA,NA,NA,NA,NA,NA
2023-10-28,U3-23OCT,0,NA,NA,NA,NA,NA,NA,NA,NA,NA,NA,12.244897959183673,NA,12.244897959183673,6.122448979591836,37.755102040816325,29.591836734693878,NA,2.0408163265306123,NA,NA,NA,NA,NA,NA,NA,NA,NA,NA,NA,NA
2023-10-29,U3-23OCT,0,NA,NA,NA,NA,NA,NA,NA,NA,NA,NA,12.244897959183673,NA,12.244897959183673,6.122448979591836,37.755102040816325,29.591836734693878,NA,2.0408163265306123,NA,NA,NA,NA,NA,NA,NA,NA,NA,NA,NA,NA
2023-10-30,U3-23OCT,125,NA,NA,NA,NA,NA,NA,NA,NA,NA,NA,12.244897959183673,NA,12.244897959183673,6.122448979591836,37.755102040816325,29.591836734693878,NA,2.0408163265306123,NA,NA,NA,NA,NA,NA,NA,NA,NA,NA,NA,NA
2023-10-31,U3-23OCT,1534,NA,NA,NA,NA,NA,NA,NA,NA,NA,NA,12.244897959183673,NA,13.26530612244898,24.489795918367346,18.367346938775512,29.591836734693878,NA,2.0408163265306123,NA,NA,NA,NA,NA,NA,NA,NA,NA,NA,NA,NA
2023-11-01,U3-23OCT,0,NA,NA,NA,NA,NA,NA,NA,NA,NA,NA,12.244897959183673,NA,13.26530612244898,24.489795918367346,18.367346938775512,29.591836734693878,NA,2.0408163265306123,NA,NA,NA,NA,NA,NA,NA,NA,NA,NA,NA,NA
2023-11-02,U3-23OCT,1349,NA,NA,NA,NA,NA,NA,NA,NA,NA,NA,12.244897959183673,NA,12.244897959183673,23.46938775510204,18.367346938775512,29.591836734693878,NA,4.081632653061225,NA,NA,NA,NA,NA,NA,NA,NA,NA,NA,NA,NA
2023-11-03,U3-23OCT,343,NA,NA,NA,NA,NA,NA,NA,NA,NA,NA,10.204081632653061,NA,12.244897959183673,23.46938775510204,28.571428571428573,21.428571428571427,NA,4.081632653061225,NA,NA,NA,NA,NA,NA,NA,NA,NA,NA,NA,NA
2023-11-08,U3-23NOV,25,NA,NA,NA,NA,NA,NA,NA,NA,0,NA,28.571428571428573,8.16326530612245,6.122448979591836,8.16326530612245,21.428571428571427,25.510204081632654,NA,NA,NA,2.0408163265306123,NA,NA,NA,NA,NA,NA,NA,NA,NA,NA
2023-11-09,U3-23NOV,0,NA,NA,NA,NA,NA,NA,NA,NA,0,NA,28.571428571428573,8.16326530612245,6.122448979591836,8.16326530612245,21.428571428571427,25.510204081632654,NA,NA,NA,2.0408163265306123,NA,NA,NA,NA,NA,NA,NA,NA,NA,NA
2023-11-10,U3-23NOV,0,NA,NA,NA,NA,NA,NA,NA,NA,0,NA,28.571428571428573,8.16326530612245,6.122448979591836,8.16326530612245,21.428571428571427,25.510204081632654,NA,NA,NA,2.0408163265306123,NA,NA,NA,NA,NA,NA,NA,NA,NA,NA
2023-11-11,U3-23NOV,0,NA,NA,NA,NA,NA,NA,NA,NA,0,NA,28.571428571428573,8.16326530612245,6.122448979591836,8.16326530612245,21.428571428571427,25.510204081632654,NA,NA,NA,2.0408163265306123,NA,NA,NA,NA,NA,NA,NA,NA,NA,NA
2023-11-12,U3-23NOV,0,NA,NA,NA,NA,NA,NA,NA,NA,0,NA,28.571428571428573,8.16326530612245,6.122448979591836,8.16326530612245,21.428571428571427,25.510204081632654,NA,NA,NA,2.0408163265306123,NA,NA,NA,NA,NA,NA,NA,NA,NA,NA
2023-11-13,U3-23NOV,225,NA,NA,NA,NA,NA,NA,NA,NA,0,NA,28.571428571428573,8.16326530612245,6.122448979591836,8.16326530612245,21.428571428571427,25.510204081632654,NA,NA,NA,2.0408163265306123,NA,NA,NA,NA,NA,NA,NA,NA,NA,NA
2023-11-14,U3-23NOV,4090,NA,NA,NA,NA,NA,NA,NA,NA,2.0408163265306123,NA,25.510204081632654,9.183673469387758,6.122448979591836,8.16326530612245,21.428571428571427,25.510204081632654,NA,NA,NA,2.0408163265306123,NA,NA,NA,NA,NA,NA,NA,NA,NA,NA
2023-11-15,U3-23NOV,530,NA,NA,NA,NA,NA,NA,NA,NA,2.0408163265306123,NA,25.510204081632654,9.183673469387758,5.1020408163265305,9.183673469387756,21.428571428571427,25.510204081632654,NA,NA,NA,2.0408163265306123,NA,NA,NA,NA,NA,NA,NA,NA,NA,NA
2023-11-16,U3-23NOV,3895,NA,NA,NA,NA,NA,NA,NA,NA,2.0408163265306123,NA,22.448979591836736,11.224489795918368,5.1020408163265305,10.204081632653061,20.408163265306122,27.551020408163264,NA,NA,NA,1.0204081632653061,NA,NA,NA,NA,NA,NA,NA,NA,NA,NA
2023-11-17,U3-23NOV,1970,NA,NA,NA,NA,NA,NA,NA,NA,2.0408163265306123,NA,21.428571428571427,11.224489795918368,5.1020408163265305,9.183673469387756,20.408163265306122,29.591836734693878,NA,NA,NA,1.0204081632653061,NA,NA,NA,NA,NA,NA,NA,NA,NA,NA
2023-11-18,U3-23NOV,25,NA,NA,NA,NA,NA,NA,NA,NA,2.0408163265306123,NA,22.448979591836736,11.224489795918368,5.1020408163265305,9.183673469387756,20.408163265306122,28.571428571428573,NA,NA,NA,1.0204081632653061,NA,NA,NA,NA,NA,NA,NA,NA,NA,NA
2023-11-19,U3-23NOV,3720,NA,NA,NA,NA,NA,NA,NA,NA,2.0408163265306123,NA,22.448979591836736,11.224489795918368,4.081632653061225,9.183673469387756,21.428571428571427,28.571428571428573,NA,NA,NA,1.0204081632653061,NA,NA,NA,NA,NA,NA,NA,NA,NA,NA
2023-11-20,U3-23NOV,26793,NA,NA,NA,NA,NA,NA,NA,NA,2.0408163265306123,NA,24.489795918367346,7.142857142857143,3.061224489795918,9.183673469387756,21.428571428571427,30.612244897959183,NA,NA,NA,2.0408163265306123,NA,NA,NA,NA,NA,NA,NA,NA,NA,NA
2023-11-21,U3-23NOV,67,NA,NA,NA,NA,NA,NA,NA,NA,2.0408163265306123,NA,24.489795918367346,7.142857142857143,3.061224489795918,9.183673469387756,21.428571428571427,30.612244897959183,NA,NA,NA,2.0408163265306123,NA,NA,NA,NA,NA,NA,NA,NA,NA,NA
2023-11-22,U3-23NOV,2082,NA,NA,NA,NA,NA,NA,NA,NA,2.0408163265306123,NA,24.489795918367346,7.142857142857143,3.061224489795918,9.183673469387756,20.408163265306122,31.632653061224488,NA,NA,NA,2.0408163265306123,NA,NA,NA,NA,NA,NA,NA,NA,NA,NA
2023-11-23,U3-23NOV,15,NA,NA,NA,NA,NA,NA,NA,NA,2.0408163265306123,NA,24.489795918367346,7.142857142857143,3.061224489795918,9.183673469387756,20.408163265306122,31.632653061224488,NA,NA,NA,2.0408163265306123,NA,NA,NA,NA,NA,NA,NA,NA,NA,NA
2023-11-24,U3-23NOV,0,NA,NA,NA,NA,NA,NA,NA,NA,2.0408163265306123,NA,24.489795918367346,7.142857142857143,3.061224489795918,9.183673469387756,20.408163265306122,31.632653061224488,NA,NA,NA,2.0408163265306123,NA,NA,NA,NA,NA,NA,NA,NA,NA,NA
2023-11-25,U3-23NOV,30,NA,NA,NA,NA,NA,NA,NA,NA,2.0408163265306123,NA,25.510204081632654,7.142857142857143,3.061224489795918,9.183673469387756,20.408163265306122,30.612244897959183,NA,NA,NA,2.0408163265306123,NA,NA,NA,NA,NA,NA,NA,NA,NA,NA
2023-11-26,U3-23NOV,8160,NA,NA,NA,NA,NA,NA,NA,NA,2.0408163265306123,NA,25.510204081632654,7.142857142857143,3.061224489795918,8.16326530612245,21.428571428571427,30.612244897959183,NA,NA,NA,2.0408163265306123,NA,NA,NA,NA,NA,NA,NA,NA,NA,NA
2023-11-27,U3-23NOV,6699,NA,NA,NA,NA,NA,NA,NA,NA,2.0408163265306123,NA,23.46938775510204,10.204081632653061,3.061224489795918,8.16326530612245,21.428571428571427,29.591836734693878,NA,NA,NA,2.0408163265306123,NA,NA,NA,NA,NA,NA,NA,NA,NA,NA
2023-11-28,U3-23NOV,4944,NA,NA,NA,NA,NA,NA,NA,NA,2.0408163265306123,0,23.46938775510204,9.183673469387758,3.061224489795918,8.16326530612245,21.428571428571427,30.612244897959183,NA,0,NA,2.0408163265306123,NA,NA,NA,NA,NA,NA,NA,NA,NA,NA
2023-11-29,U3-23NOV,800,NA,NA,NA,NA,NA,NA,NA,NA,2.0408163265306123,0,23.46938775510204,9.183673469387758,3.061224489795918,8.16326530612245,21.428571428571427,30.612244897959183,NA,0,NA,2.0408163265306123,NA,NA,NA,NA,NA,NA,NA,NA,NA,NA
2023-11-30,U3-23NOV,6085,NA,NA,NA,NA,NA,NA,NA,NA,2.0408163265306123,0,21.428571428571427,9.183673469387758,4.081632653061225,7.142857142857143,21.428571428571427,32.6530612244898,NA,0,NA,2.0408163265306123,NA,NA,NA,NA,NA,NA,NA,NA,NA,NA
2023-12-01,U3-23NOV,6580,NA,NA,NA,NA,NA,NA,NA,NA,2.0408163265306123,0,23.46938775510204,8.163265306122451,4.081632653061225,8.16326530612245,20.408163265306122,30.612244897959183,NA,0,NA,3.061224489795918,NA,NA,NA,NA,NA,NA,NA,NA,NA,NA
2023-12-02,U3-23NOV,1116,NA,NA,NA,NA,NA,NA,NA,NA,1.0204081632653061,0,22.448979591836736,8.163265306122451,4.081632653061225,6.122448979591836,22.448979591836736,31.632653061224488,NA,0,NA,4.081632653061225,NA,NA,NA,NA,NA,NA,NA,NA,NA,NA
2023-12-03,U3-23NOV,50,NA,NA,NA,NA,NA,NA,NA,NA,1.0204081632653061,0,23.46938775510204,8.163265306122451,4.081632653061225,6.122448979591836,22.448979591836736,30.612244897959183,NA,0,NA,4.081632653061225,NA,NA,NA,NA,NA,NA,NA,NA,NA,NA
2023-12-04,U3-23NOV,10098,NA,NA,NA,NA,NA,NA,NA,NA,2.0408163265306123,0,21.428571428571427,10.204081632653061,4.081632653061225,7.142857142857143,21.428571428571427,30.612244897959183,NA,0,NA,3.061224489795918,NA,NA,NA,NA,NA,NA,NA,NA,NA,NA
2023-12-05,U3-23NOV,27,NA,NA,NA,NA,NA,NA,NA,NA,2.0408163265306123,0,20.408163265306122,10.204081632653061,4.081632653061225,7.142857142857143,20.408163265306122,32.6530612244898,NA,0,NA,3.061224489795918,NA,NA,NA,NA,NA,NA,NA,NA,NA,NA
2023-12-06,U3-23NOV,17755,NA,NA,NA,NA,NA,NA,NA,NA,1.0204081632653061,0,22.448979591836736,9.183673469387756,3.061224489795918,9.183673469387756,18.367346938775512,32.6530612244898,NA,0,NA,4.081632653061225,NA,NA,NA,NA,NA,NA,NA,NA,NA,NA
2023-12-07,U3-23NOV,19388,NA,NA,NA,NA,NA,NA,NA,NA,0,0,18.367346938775512,13.26530612244898,3.061224489795918,11.224489795918368,16.3265306122449,32.6530612244898,NA,0,NA,5.1020408163265305,NA,NA,NA,NA,NA,NA,NA,NA,NA,NA
2023-12-08,U3-23NOV,3626,NA,NA,NA,NA,NA,NA,NA,NA,0,0,21.428571428571427,9.183673469387756,3.061224489795918,12.244897959183673,14.285714285714286,34.69387755102041,NA,0,NA,5.1020408163265305,NA,NA,NA,NA,NA,NA,NA,NA,NA,NA
2023-12-09,U3-23DEC,5809,NA,NA,NA,NA,NA,NA,NA,NA,NA,NA,5.1020408163265305,0,19.387755102040817,35.714285714285715,17.346938775510203,11.224489795918368,5.1020408163265305,6.122448979591836,0,NA,NA,NA,NA,NA,NA,NA,NA,NA,NA,NA
2023-12-10,U3-23DEC,145,NA,NA,NA,NA,NA,NA,NA,NA,0,NA,12.244897959183673,4.081632653061225,19.387755102040817,19.387755102040817,16.3265306122449,17.346938775510203,5.1020408163265305,6.122448979591836,0,0,NA,NA,NA,NA,NA,NA,NA,NA,NA,NA
2023-12-11,U3-23DEC,741,NA,NA,NA,NA,NA,NA,NA,NA,0,NA,12.244897959183673,4.081632653061225,19.387755102040817,19.387755102040817,17.346938775510203,16.3265306122449,5.1020408163265305,6.122448979591836,0,0,NA,NA,NA,NA,NA,NA,NA,NA,NA,NA
2023-12-12,U3-23DEC,283,NA,NA,NA,NA,NA,NA,NA,NA,0,NA,13.26530612244898,4.081632653061225,19.387755102040817,17.346938775510203,19.387755102040817,15.306122448979592,3.061224489795918,8.16326530612245,0,0,NA,NA,NA,NA,NA,NA,NA,NA,NA,NA
2023-12-13,U3-23DEC,534,NA,NA,NA,NA,NA,NA,NA,NA,0,NA,13.26530612244898,4.081632653061225,18.367346938775512,18.367346938775512,17.346938775510203,17.346938775510203,3.061224489795918,8.16326530612245,0,0,NA,NA,NA,NA,NA,NA,NA,NA,NA,NA
2023-12-14,U3-23DEC,4459,NA,NA,NA,NA,NA,NA,NA,NA,0,NA,10.204081632653061,4.081632653061225,18.367346938775512,25.510204081632654,10.204081632653061,20.408163265306122,2.0408163265306123,9.183673469387756,0,0,NA,NA,NA,NA,NA,NA,NA,NA,NA,NA
2023-12-15,U3-23DEC,734,NA,NA,NA,NA,NA,NA,NA,NA,0,NA,7.142857142857143,4.081632653061225,18.367346938775512,25.510204081632654,10.204081632653061,23.46938775510204,2.0408163265306123,9.183673469387756,0,0,NA,NA,NA,NA,NA,NA,NA,NA,NA,NA
2023-12-16,U3-23DEC,1000,NA,NA,NA,NA,NA,NA,NA,NA,0,NA,7.142857142857143,4.081632653061225,18.367346938775512,22.448979591836736,13.26530612244898,23.46938775510204,2.0408163265306123,9.183673469387756,0,0,NA,NA,NA,NA,NA,NA,NA,NA,NA,NA
2023-12-17,U3-23DEC,254,NA,NA,NA,NA,NA,NA,NA,NA,0,NA,7.142857142857143,4.081632653061225,19.387755102040817,23.46938775510204,11.224489795918368,23.46938775510204,2.0408163265306123,9.183673469387756,0,0,NA,NA,NA,NA,NA,NA,NA,NA,NA,NA
2023-12-18,U3-23DEC,11,NA,NA,NA,NA,NA,NA,NA,NA,0,NA,7.142857142857143,4.081632653061225,19.387755102040817,23.46938775510204,19.387755102040817,15.306122448979592,2.0408163265306123,9.183673469387756,0,0,NA,NA,NA,NA,NA,NA,NA,NA,NA,NA
2023-12-19,U3-23DEC,224,NA,NA,NA,NA,NA,NA,NA,NA,0,NA,7.142857142857143,4.081632653061225,19.387755102040817,23.46938775510204,19.387755102040817,15.306122448979592,2.0408163265306123,9.183673469387756,0,0,NA,NA,NA,NA,NA,NA,NA,NA,NA,NA
2023-12-20,U3-23DEC,0,NA,NA,NA,NA,NA,NA,NA,NA,0,NA,7.142857142857143,4.081632653061225,19.387755102040817,23.46938775510204,19.387755102040817,15.306122448979592,2.0408163265306123,9.183673469387756,0,0,NA,NA,NA,NA,NA,NA,NA,NA,NA,NA
2023-12-21,U3-23DEC,300,NA,NA,NA,NA,NA,NA,NA,NA,0,NA,7.142857142857143,4.081632653061225,18.367346938775512,23.46938775510204,19.387755102040817,15.306122448979592,2.0408163265306123,10.204081632653061,0,0,NA,NA,NA,NA,NA,NA,NA,NA,NA,NA
2023-12-22,U3-23DEC,10,NA,NA,NA,NA,NA,NA,NA,NA,0,NA,7.142857142857143,4.081632653061225,18.367346938775512,23.46938775510204,19.387755102040817,15.306122448979592,2.0408163265306123,10.204081632653061,0,0,NA,NA,NA,NA,NA,NA,NA,NA,NA,NA
2023-12-23,U3-23DEC,20,NA,NA,NA,NA,NA,NA,NA,NA,0,NA,7.142857142857143,4.081632653061225,18.367346938775512,22.448979591836736,20.408163265306122,15.306122448979592,2.0408163265306123,10.204081632653061,0,0,NA,NA,NA,NA,NA,NA,NA,NA,NA,NA
2023-12-24,U3-23DEC,44,NA,NA,NA,NA,NA,NA,NA,NA,0,NA,9.183673469387756,2.0408163265306123,18.367346938775512,23.46938775510204,19.387755102040817,15.306122448979592,2.0408163265306123,10.204081632653061,0,0,NA,NA,NA,NA,NA,NA,NA,NA,NA,NA
2023-12-25,U3-23DEC,6,NA,NA,NA,NA,NA,NA,NA,NA,0,NA,9.183673469387756,2.0408163265306123,18.367346938775512,23.46938775510204,19.387755102040817,15.306122448979592,2.0408163265306123,10.204081632653061,0,0,NA,NA,NA,NA,NA,NA,NA,NA,NA,NA
2023-12-26,U3-23DEC,10,NA,NA,NA,NA,NA,NA,NA,NA,0,NA,9.183673469387756,2.0408163265306123,18.367346938775512,23.46938775510204,19.387755102040817,15.306122448979592,2.0408163265306123,10.204081632653061,0,0,NA,NA,NA,NA,NA,NA,NA,NA,NA,NA
2023-12-27,U3-23DEC,0,NA,NA,NA,NA,NA,NA,NA,NA,0,NA,9.183673469387756,2.0408163265306123,18.367346938775512,23.46938775510204,19.387755102040817,15.306122448979592,2.0408163265306123,10.204081632653061,0,0,NA,NA,NA,NA,NA,NA,NA,NA,NA,NA
2023-12-28,U3-23DEC,834,NA,NA,NA,NA,NA,NA,NA,NA,0,NA,9.183673469387756,2.0408163265306123,18.367346938775512,23.46938775510204,17.34693877551021,17.3469387755102,2.0408163265306123,10.204081632653061,0,0,NA,NA,NA,NA,NA,NA,NA,NA,NA,NA
2023-12-29,U3-23DEC,416,NA,NA,NA,NA,NA,NA,NA,NA,0,NA,9.183673469387756,2.0408163265306123,18.367346938775512,21.428571428571427,17.346938775510203,19.387755102040817,2.0408163265306123,10.204081632653061,0,0,NA,NA,NA,NA,NA,NA,NA,NA,NA,NA
2023-12-30,U3-23DEC,100,NA,NA,NA,NA,NA,NA,NA,NA,0,NA,9.183673469387756,2.0408163265306123,16.3265306122449,23.46938775510204,17.346938775510203,19.387755102040817,2.0408163265306123,10.204081632653061,0,0,NA,NA,NA,NA,NA,NA,NA,NA,NA,NA
2023-12-31,U3-23DEC,4395,NA,NA,NA,NA,NA,NA,NA,NA,0,NA,12.244897959183673,2.0408163265306123,12.244897959183673,27.551020408163264,15.306122448979592,20.408163265306122,2.0408163265306123,8.16326530612245,0,0,NA,NA,NA,NA,NA,NA,NA,NA,NA,NA
2024-01-01,U3-23DEC,0,NA,NA,NA,NA,NA,NA,NA,NA,0,NA,12.244897959183673,2.0408163265306123,12.244897959183673,27.551020408163264,15.306122448979592,20.408163265306122,2.0408163265306123,8.16326530612245,0,0,NA,NA,NA,NA,NA,NA,NA,NA,NA,NA
2024-01-02,U3-23DEC,483,NA,NA,NA,NA,NA,NA,NA,NA,0,NA,9.183673469387756,2.0408163265306123,12.244897959183673,25.510204081632654,17.346938775510203,23.46938775510204,2.0408163265306123,8.16326530612245,0,0,NA,NA,NA,NA,NA,NA,NA,NA,NA,NA
2024-01-03,U3-23DEC,3059,NA,NA,NA,NA,NA,NA,NA,NA,0,NA,6.122448979591836,2.0408163265306123,15.306122448979592,26.53061224489796,16.3265306122449,27.551020408163264,1.0204081632653061,5.1020408163265305,0,0,NA,NA,NA,NA,NA,NA,NA,NA,NA,NA
2024-01-03,U3-24JAN,50,NA,NA,NA,NA,NA,NA,NA,NA,NA,NA,0,NA,72.44897959183673,15.306122448979592,0,0,2.0408163265306123,10.204081632653061,0,NA,NA,NA,NA,NA,NA,NA,NA,NA,NA,NA
2024-01-04,U3-23DEC,9416,NA,NA,NA,NA,NA,NA,NA,NA,0,NA,4.0816326530612255,2.0408163265306123,18.367346938775512,22.448979591836736,25.510204081632654,18.367346938775512,1.0204081632653061,8.16326530612245,0,0,NA,NA,NA,NA,NA,NA,NA,NA,NA,NA
2024-01-04,U3-24JAN,375,NA,NA,NA,NA,NA,NA,NA,NA,NA,NA,0,NA,21.428571428571427,54.08163265306123,12.244897959183673,0,2.0408163265306123,10.204081632653061,0,NA,NA,NA,NA,NA,NA,NA,NA,NA,NA,NA
2024-01-05,U3-23DEC,3300,NA,NA,NA,NA,NA,NA,NA,NA,0,NA,4.0816326530612255,2.0408163265306123,14.285714285714286,23.46938775510204,23.46938775510204,20.408163265306122,2.0408163265306123,10.204081632653061,0,0,NA,NA,NA,NA,NA,NA,NA,NA,NA,NA
2024-01-05,U3-24JAN,6,NA,NA,NA,NA,NA,NA,NA,NA,NA,NA,0,NA,21.428571428571427,36.734693877551024,17.346938775510203,12.244897959183673,2.0408163265306123,10.204081632653061,0,NA,NA,NA,NA,NA,NA,NA,NA,NA,NA,NA
2024-01-06,U3-24JAN,102,NA,NA,NA,NA,NA,NA,NA,NA,NA,NA,0,NA,21.428571428571427,36.734693877551024,17.346938775510203,12.244897959183673,2.0408163265306123,10.204081632653061,0,NA,NA,NA,NA,NA,NA,NA,NA,NA,NA,NA
2024-01-07,U3-24JAN,8,NA,NA,NA,NA,NA,NA,NA,NA,NA,NA,12.244897959183673,NA,21.428571428571427,18.367346938775512,18.367346938775512,17.346938775510203,2.0408163265306123,10.204081632653061,0,NA,NA,NA,NA,NA,NA,NA,NA,NA,NA,NA
2024-01-08,U3-24JAN,25,NA,NA,NA,NA,NA,NA,NA,NA,NA,NA,12.244897959183673,NA,21.428571428571427,18.367346938775512,10.204081632653061,25.510204081632654,2.0408163265306123,10.204081632653061,0,NA,NA,NA,NA,NA,NA,NA,NA,NA,NA,NA
2024-01-09,U3-24JAN,10,NA,NA,NA,NA,NA,NA,NA,NA,NA,NA,12.244897959183673,NA,21.428571428571427,10.204081632653054,18.367346938775515,25.510204081632654,2.0408163265306123,10.204081632653061,0,NA,NA,NA,NA,NA,NA,NA,NA,NA,NA,NA
2024-01-10,U3-24JAN,286,NA,NA,NA,NA,NA,NA,NA,NA,NA,NA,12.244897959183673,NA,21.428571428571427,10.204081632653054,18.367346938775515,25.510204081632654,2.0408163265306123,10.204081632653061,0,NA,NA,NA,NA,NA,NA,NA,NA,NA,NA,NA
2024-01-11,U3-24JAN,612,NA,NA,NA,NA,NA,NA,NA,NA,NA,NA,12.244897959183673,NA,22.448979591836736,11.22448979591836,18.367346938775515,25.510204081632654,2.0408163265306123,8.16326530612245,0,NA,NA,NA,NA,NA,NA,NA,NA,NA,NA,NA
2024-01-12,U3-24JAN,50,NA,NA,NA,NA,NA,NA,NA,NA,NA,NA,10.204081632653061,2.0408163265306123,22.448979591836736,16.3265306122449,13.26530612244898,25.510204081632654,2.0408163265306123,8.16326530612245,0,NA,NA,NA,NA,NA,NA,NA,NA,NA,NA,NA
2024-01-13,U3-24JAN,50,NA,NA,NA,NA,NA,NA,NA,NA,NA,NA,10.204081632653061,2.0408163265306123,22.448979591836736,16.3265306122449,13.26530612244898,25.510204081632654,1.0204081632653061,8.16326530612245,1.0204081632653061,NA,NA,NA,NA,NA,NA,NA,NA,NA,NA,NA
2024-01-14,U3-24JAN,26,NA,NA,NA,NA,NA,NA,NA,NA,NA,NA,10.204081632653061,2.0408163265306123,22.448979591836736,15.306122448979592,14.285714285714286,25.510204081632654,1.0204081632653061,8.16326530612245,1.0204081632653061,NA,NA,NA,NA,NA,NA,NA,NA,NA,NA,NA
2024-01-15,U3-24JAN,0,NA,NA,NA,NA,NA,NA,NA,NA,NA,NA,10.204081632653061,2.0408163265306123,22.448979591836736,15.306122448979592,14.285714285714286,25.510204081632654,1.0204081632653061,8.16326530612245,1.0204081632653061,NA,NA,NA,NA,NA,NA,NA,NA,NA,NA,NA
2024-01-16,U3-24JAN,28,NA,NA,NA,NA,NA,NA,NA,NA,NA,NA,10.204081632653061,2.0408163265306123,22.448979591836736,16.3265306122449,13.26530612244898,25.510204081632654,1.0204081632653061,8.16326530612245,1.0204081632653061,NA,NA,NA,NA,NA,NA,NA,NA,NA,NA,NA
2024-01-17,U3-24JAN,0,NA,NA,NA,NA,NA,NA,NA,NA,NA,NA,10.204081632653061,2.0408163265306123,22.448979591836736,16.3265306122449,13.26530612244898,25.510204081632654,1.0204081632653061,8.16326530612245,1.0204081632653061,NA,NA,NA,NA,NA,NA,NA,NA,NA,NA,NA
2024-01-18,U3-24JAN,8,NA,NA,NA,NA,NA,NA,NA,NA,NA,NA,10.204081632653061,2.0408163265306123,22.448979591836736,12.244897959183666,17.34693877551021,25.510204081632654,1.0204081632653061,8.16326530612245,1.0204081632653061,NA,NA,NA,NA,NA,NA,NA,NA,NA,NA,NA
2024-01-19,U3-24JAN,51,NA,NA,NA,NA,NA,NA,NA,NA,NA,NA,10.204081632653061,2.0408163265306123,22.448979591836736,11.22448979591836,18.367346938775515,25.510204081632654,1.0204081632653061,8.16326530612245,1.0204081632653061,NA,NA,NA,NA,NA,NA,NA,NA,NA,NA,NA
2024-01-20,U3-24JAN,18,NA,NA,NA,NA,NA,NA,NA,NA,NA,NA,10.204081632653061,2.0408163265306123,22.448979591836736,11.22448979591836,18.367346938775515,25.510204081632654,1.0204081632653061,8.16326530612245,1.0204081632653061,NA,NA,NA,NA,NA,NA,NA,NA,NA,NA,NA
2024-01-21,U3-24JAN,0,NA,NA,NA,NA,NA,NA,NA,NA,NA,NA,10.204081632653061,2.0408163265306123,22.448979591836736,11.22448979591836,18.367346938775515,25.510204081632654,1.0204081632653061,8.16326530612245,1.0204081632653061,NA,NA,NA,NA,NA,NA,NA,NA,NA,NA,NA
2024-01-22,U3-24JAN,1,NA,NA,NA,NA,NA,NA,NA,NA,NA,NA,10.204081632653061,2.0408163265306123,22.448979591836736,11.22448979591836,18.367346938775515,25.510204081632654,1.0204081632653061,8.16326530612245,1.0204081632653061,NA,NA,NA,NA,NA,NA,NA,NA,NA,NA,NA
2024-01-23,U3-24JAN,419,NA,NA,NA,NA,NA,NA,NA,NA,NA,NA,8.16326530612245,2.0408163265306123,21.428571428571427,11.22448979591836,18.367346938775515,27.551020408163264,1.0204081632653061,9.183673469387756,1.0204081632653061,NA,NA,NA,NA,NA,NA,NA,NA,NA,NA,NA
2024-01-24,U3-24JAN,194,NA,NA,NA,NA,NA,NA,NA,NA,NA,NA,8.16326530612245,2.0408163265306123,21.428571428571427,11.22448979591836,18.367346938775515,27.551020408163264,1.0204081632653061,9.183673469387756,1.0204081632653061,NA,NA,NA,NA,NA,NA,NA,NA,NA,NA,NA
2024-01-25,U3-24JAN,0,NA,NA,NA,NA,NA,NA,NA,NA,NA,NA,8.16326530612245,2.0408163265306123,21.428571428571427,11.22448979591836,18.367346938775515,27.551020408163264,1.0204081632653061,9.183673469387756,1.0204081632653061,NA,NA,NA,NA,NA,NA,NA,NA,NA,NA,NA
2024-01-26,U3-24JAN,794,NA,NA,NA,NA,NA,NA,NA,NA,NA,NA,6.122448979591836,2.0408163265306123,23.46938775510204,8.163265306122456,19.38775510204081,29.591836734693878,1.0204081632653061,9.183673469387756,1.0204081632653061,NA,NA,NA,NA,NA,NA,NA,NA,NA,NA,NA
2024-01-27,U3-24JAN,150,NA,NA,NA,NA,NA,NA,NA,NA,NA,NA,6.122448979591836,2.0408163265306123,23.46938775510204,8.163265306122456,19.38775510204081,29.591836734693878,1.0204081632653061,9.183673469387756,1.0204081632653061,NA,NA,NA,NA,NA,NA,NA,NA,NA,NA,NA
2024-01-28,U3-24JAN,162,NA,NA,NA,NA,NA,NA,NA,NA,NA,NA,6.122448979591836,2.0408163265306123,23.46938775510204,8.163265306122456,19.38775510204081,29.591836734693878,1.0204081632653061,9.183673469387756,1.0204081632653061,NA,NA,NA,NA,NA,NA,NA,NA,NA,NA,NA
2024-01-29,U3-24JAN,156,NA,NA,NA,NA,NA,NA,NA,NA,NA,NA,6.122448979591836,2.0408163265306123,20.408163265306122,18.367346938775512,12.244897959183673,29.591836734693878,2.0408163265306123,7.142857142857143,2.0408163265306123,NA,NA,NA,NA,NA,NA,NA,NA,NA,NA,NA
2024-01-30,U3-24JAN,179,NA,NA,NA,NA,NA,NA,NA,NA,NA,NA,7.142857142857143,2.0408163265306123,20.408163265306122,18.367346938775512,12.244897959183673,28.571428571428573,2.0408163265306123,7.142857142857143,2.0408163265306123,NA,NA,NA,NA,NA,NA,NA,NA,NA,NA,NA
2024-01-31,U3-24JAN,1046,NA,NA,NA,NA,NA,NA,NA,NA,NA,NA,8.16326530612245,2.0408163265306123,20.408163265306122,17.346938775510203,14.285714285714286,26.53061224489796,2.0408163265306123,7.142857142857143,2.0408163265306123,NA,NA,NA,NA,NA,NA,NA,NA,NA,NA,NA
2024-02-01,U3-24JAN,6537,NA,NA,NA,NA,NA,NA,NA,NA,NA,NA,8.16326530612245,3.061224489795918,20.408163265306122,15.306122448979592,18.367346938775512,24.489795918367346,1.0204081632653061,7.142857142857143,2.0408163265306123,NA,NA,NA,NA,NA,NA,NA,NA,NA,NA,NA
2024-02-02,U3-24JAN,6122,NA,NA,NA,NA,NA,NA,NA,NA,NA,NA,8.16326530612245,3.061224489795918,14.285714285714286,15.306122448979592,29.591836734693878,19.387755102040817,2.0408163265306123,8.16326530612245,0,NA,NA,NA,NA,NA,NA,NA,NA,NA,NA,NA
2024-02-07,U3-24FEB,0,NA,NA,NA,NA,NA,NA,NA,NA,NA,NA,5.1020408163265305,0,18.367346938775512,30.612244897959183,20.408163265306122,21.428571428571427,0,4.081632653061225,NA,NA,NA,NA,NA,NA,NA,NA,NA,NA,NA,NA
2024-02-08,U3-24FEB,1,NA,NA,NA,NA,NA,NA,NA,NA,NA,NA,3.061224489795918,5.1020408163265305,18.367346938775512,30.612244897959183,20.408163265306122,18.367346938775512,0,4.081632653061225,NA,NA,NA,NA,NA,NA,NA,NA,NA,NA,NA,NA
2024-02-09,U3-24FEB,100,NA,NA,NA,NA,NA,NA,NA,NA,NA,NA,3.061224489795918,5.1020408163265305,18.367346938775512,30.612244897959183,20.408163265306122,18.367346938775512,0,4.081632653061225,NA,NA,NA,NA,NA,NA,NA,NA,NA,NA,NA,NA
2024-02-10,U3-24FEB,3,NA,NA,NA,NA,NA,NA,NA,NA,NA,NA,3.061224489795918,5.1020408163265305,18.367346938775512,30.612244897959183,20.408163265306122,18.367346938775512,0,4.081632653061225,NA,NA,NA,NA,NA,NA,NA,NA,NA,NA,NA,NA
2024-02-11,U3-24FEB,518,NA,NA,NA,NA,NA,NA,NA,NA,NA,NA,6.122448979591836,2.0408163265306123,18.367346938775512,30.612244897959183,20.408163265306122,18.367346938775512,0,4.081632653061225,NA,NA,NA,NA,NA,NA,NA,NA,NA,NA,NA,NA
2024-02-12,U3-24FEB,83,NA,NA,NA,NA,NA,NA,NA,NA,NA,NA,6.122448979591836,2.0408163265306123,19.387755102040817,26.53061224489796,23.46938775510204,18.367346938775512,0,4.081632653061225,NA,NA,NA,NA,NA,NA,NA,NA,NA,NA,NA,NA
2024-02-13,U3-24FEB,135,NA,NA,NA,NA,NA,NA,NA,NA,NA,NA,9.183673469387756,2.0408163265306123,19.387755102040817,26.53061224489796,27.551020408163264,11.224489795918368,0,4.081632653061225,NA,NA,NA,NA,NA,NA,NA,NA,NA,NA,NA,NA
2024-02-14,U3-24FEB,736,NA,NA,NA,NA,NA,NA,NA,NA,NA,NA,9.183673469387756,2.0408163265306123,19.387755102040817,26.53061224489796,27.551020408163264,11.224489795918368,0,4.081632653061225,NA,NA,NA,NA,NA,NA,NA,NA,NA,NA,NA,NA
2024-02-15,U3-24FEB,456,NA,NA,NA,NA,NA,NA,NA,NA,NA,NA,9.183673469387756,2.0408163265306123,12.244897959183673,25.510204081632654,28.571428571428573,11.224489795918368,4.081632653061225,7.142857142857143,NA,NA,NA,NA,NA,NA,NA,NA,NA,NA,NA,NA
2024-02-16,U3-24FEB,16,NA,NA,NA,NA,NA,NA,NA,NA,NA,NA,7.142857142857143,2.0408163265306123,12.244897959183673,25.510204081632654,28.571428571428573,13.26530612244898,4.081632653061225,7.142857142857143,NA,NA,NA,NA,NA,NA,NA,NA,NA,NA,NA,NA
2024-02-17,U3-24FEB,160,NA,NA,NA,NA,NA,NA,NA,NA,NA,NA,7.142857142857143,2.0408163265306123,12.244897959183673,25.510204081632654,28.571428571428573,13.26530612244898,4.081632653061225,7.142857142857143,NA,NA,NA,NA,NA,NA,NA,NA,NA,NA,NA,NA
2024-02-18,U3-24FEB,0,NA,NA,NA,NA,NA,NA,NA,NA,NA,NA,7.142857142857143,2.0408163265306123,12.244897959183673,25.510204081632654,28.571428571428573,13.26530612244898,4.081632653061225,7.142857142857143,NA,NA,NA,NA,NA,NA,NA,NA,NA,NA,NA,NA
2024-02-19,U3-24FEB,75,NA,NA,NA,NA,NA,NA,NA,NA,NA,NA,7.142857142857143,2.0408163265306123,12.244897959183673,26.53061224489796,27.551020408163264,13.26530612244898,4.081632653061225,7.142857142857143,NA,NA,NA,NA,NA,NA,NA,NA,NA,NA,NA,NA
2024-02-20,U3-24FEB,1,NA,NA,NA,NA,NA,NA,NA,NA,NA,NA,7.142857142857143,2.0408163265306123,12.244897959183673,26.53061224489796,27.551020408163264,13.26530612244898,4.081632653061225,7.142857142857143,NA,NA,NA,NA,NA,NA,NA,NA,NA,NA,NA,NA
2024-02-21,U3-24FEB,0,NA,NA,NA,NA,NA,NA,NA,NA,NA,NA,7.142857142857143,2.0408163265306123,12.244897959183673,26.53061224489796,27.551020408163264,13.26530612244898,4.081632653061225,7.142857142857143,NA,NA,NA,NA,NA,NA,NA,NA,NA,NA,NA,NA
2024-02-22,U3-24FEB,101,NA,NA,NA,NA,NA,NA,NA,NA,NA,NA,7.142857142857143,2.0408163265306123,12.244897959183673,28.571428571428573,25.510204081632654,13.26530612244898,4.081632653061225,7.142857142857143,NA,NA,NA,NA,NA,NA,NA,NA,NA,NA,NA,NA
2024-02-23,U3-24FEB,40,NA,NA,NA,NA,NA,NA,NA,NA,NA,NA,7.142857142857143,2.0408163265306123,12.244897959183673,28.571428571428573,25.510204081632654,13.26530612244898,4.081632653061225,7.142857142857143,NA,NA,NA,NA,NA,NA,NA,NA,NA,NA,NA,NA
2024-02-24,U3-24FEB,64,NA,NA,NA,NA,NA,NA,NA,NA,NA,NA,7.142857142857143,2.0408163265306123,15.306122448979592,25.510204081632654,25.510204081632654,13.26530612244898,4.081632653061225,7.142857142857143,NA,NA,NA,NA,NA,NA,NA,NA,NA,NA,NA,NA
2024-02-25,U3-24FEB,1392,NA,NA,NA,NA,NA,NA,NA,NA,NA,NA,7.142857142857143,2.0408163265306123,15.306122448979592,25.510204081632654,31.632653061224488,12.244897959183673,4.081632653061225,2.0408163265306123,NA,NA,NA,NA,NA,NA,NA,NA,NA,NA,NA,NA
2024-02-26,U3-24FEB,527,NA,NA,NA,NA,NA,NA,NA,NA,NA,NA,7.142857142857143,2.0408163265306123,15.306122448979592,30.612244897959183,26.53061224489796,12.244897959183673,4.081632653061225,2.0408163265306123,NA,NA,NA,NA,NA,NA,NA,NA,NA,NA,NA,NA
2024-02-27,U3-24FEB,212,NA,NA,NA,NA,NA,NA,NA,NA,NA,NA,8.16326530612245,2.0408163265306123,13.26530612244898,30.612244897959183,25.510204081632654,12.244897959183673,2.0408163265306123,6.122448979591836,NA,NA,NA,NA,NA,NA,NA,NA,NA,NA,NA,NA
2024-02-28,U3-24FEB,237,NA,NA,NA,NA,NA,NA,NA,NA,NA,NA,8.16326530612245,2.0408163265306123,15.306122448979592,26.53061224489796,29.591836734693878,12.244897959183673,2.0408163265306123,4.081632653061225,NA,NA,NA,NA,NA,NA,NA,NA,NA,NA,NA,NA
2024-02-29,U3-24FEB,101,NA,NA,NA,NA,NA,NA,NA,NA,NA,NA,8.16326530612245,2.0408163265306123,19.387755102040817,22.448979591836736,29.591836734693878,12.244897959183673,2.0408163265306123,4.081632653061225,NA,NA,NA,NA,NA,NA,NA,NA,NA,NA,NA,NA
2024-03-01,U3-24FEB,0,NA,NA,NA,NA,NA,NA,NA,NA,NA,NA,8.16326530612245,2.0408163265306123,19.387755102040817,22.448979591836736,29.591836734693878,12.244897959183673,2.0408163265306123,4.081632653061225,NA,NA,NA,NA,NA,NA,NA,NA,NA,NA,NA,NA
2024-03-02,U3-24FEB,200,NA,NA,NA,NA,NA,NA,NA,NA,NA,NA,8.16326530612245,2.0408163265306123,14.285714285714286,27.551020408163264,29.591836734693878,12.244897959183673,2.0408163265306123,4.081632653061225,NA,NA,NA,NA,NA,NA,NA,NA,NA,NA,NA,NA
2024-03-03,U3-24FEB,273,NA,NA,NA,NA,NA,NA,NA,NA,NA,NA,8.16326530612245,2.0408163265306123,12.244897959183673,32.6530612244898,24.489795918367346,12.244897959183673,2.0408163265306123,6.122448979591836,NA,NA,NA,NA,NA,NA,NA,NA,NA,NA,NA,NA
2024-03-04,U3-24FEB,280,NA,NA,NA,NA,NA,NA,NA,NA,NA,NA,8.16326530612245,2.0408163265306123,16.3265306122449,27.551020408163264,24.489795918367346,12.244897959183673,2.0408163265306123,7.142857142857143,NA,NA,NA,NA,NA,NA,NA,NA,NA,NA,NA,NA
2024-03-05,U3-24FEB,2122,NA,NA,NA,NA,NA,NA,NA,NA,NA,NA,8.16326530612245,2.0408163265306123,16.3265306122449,27.551020408163264,22.448979591836736,12.244897959183673,1.0204081632653061,10.204081632653061,NA,NA,NA,NA,NA,NA,NA,NA,NA,NA,NA,NA
2024-03-06,U3-24FEB,302,NA,NA,NA,NA,NA,NA,NA,NA,NA,NA,8.16326530612245,1.0204081632653061,16.3265306122449,26.53061224489796,22.448979591836736,14.285714285714286,1.0204081632653061,10.204081632653061,NA,NA,NA,NA,NA,NA,NA,NA,NA,NA,NA,NA
2024-03-07,U3-24FEB,807,NA,NA,NA,NA,NA,NA,NA,NA,NA,NA,8.16326530612245,1.0204081632653061,18.367346938775512,28.571428571428573,23.46938775510204,13.26530612244898,0,7.142857142857143,NA,NA,NA,NA,NA,NA,NA,NA,NA,NA,NA,NA
2024-03-08,U3-24FEB,3246,NA,NA,NA,NA,NA,NA,NA,NA,NA,NA,7.142857142857143,1.0204081632653061,15.306122448979592,31.632653061224488,19.387755102040817,14.285714285714286,1.0204081632653061,10.204081632653061,NA,NA,NA,NA,NA,NA,NA,NA,NA,NA,NA,NA
2024-03-08,U3-24MAR,2861,NA,NA,NA,NA,NA,NA,NA,NA,5.1020408163265305,NA,17.346938775510203,17.346938775510203,2.0408163265306123,5.1020408163265305,26.53061224489796,17.346938775510203,NA,0,NA,9.183673469387756,NA,NA,NA,NA,NA,NA,NA,NA,NA,NA
2024-03-09,U3-24MAR,101,NA,NA,NA,NA,NA,NA,NA,NA,5.1020408163265305,NA,17.346938775510203,17.346938775510203,1.0204081632653061,6.122448979591836,26.53061224489796,17.346938775510203,NA,0,NA,9.183673469387756,NA,NA,NA,NA,NA,NA,NA,NA,NA,NA
2024-03-10,U3-24MAR,741,NA,NA,NA,NA,NA,NA,NA,NA,0,NA,16.3265306122449,1.020408163265307,6.122448979591836,44.89795918367347,1.0204081632653061,24.489795918367346,NA,1.0204081632653061,NA,5.1020408163265305,NA,NA,NA,NA,NA,NA,NA,NA,NA,NA
2024-03-11,U3-24MAR,14491,NA,NA,NA,NA,NA,NA,NA,NA,2.0408163265306123,NA,14.285714285714286,7.142857142857143,8.16326530612245,16.3265306122449,18.367346938775512,27.551020408163264,NA,4.081632653061225,NA,2.0408163265306123,NA,NA,NA,NA,NA,NA,NA,NA,NA,NA
2024-03-12,U3-24MAR,85,NA,NA,NA,NA,NA,NA,NA,NA,0,NA,17.346938775510203,4.081632653061225,8.16326530612245,16.3265306122449,18.367346938775512,27.551020408163264,NA,4.081632653061225,NA,4.081632653061225,NA,NA,NA,NA,NA,NA,NA,NA,NA,NA
2024-03-13,U3-24MAR,160,NA,NA,NA,NA,NA,NA,NA,NA,0,NA,17.346938775510203,4.081632653061225,8.16326530612245,16.3265306122449,28.571428571428573,17.346938775510203,NA,4.081632653061225,NA,4.081632653061225,NA,NA,NA,NA,NA,NA,NA,NA,NA,NA
2024-03-14,U3-24MAR,78,NA,NA,NA,NA,NA,NA,NA,NA,0,NA,14.285714285714286,4.081632653061225,8.16326530612245,16.3265306122449,21.428571428571427,27.551020408163264,NA,4.081632653061225,NA,4.081632653061225,NA,NA,NA,NA,NA,NA,NA,NA,NA,NA
2024-03-15,U3-24MAR,0,NA,NA,NA,NA,NA,NA,NA,NA,0,NA,14.285714285714286,4.081632653061225,8.16326530612245,16.3265306122449,21.428571428571427,27.551020408163264,NA,4.081632653061225,NA,4.081632653061225,NA,NA,NA,NA,NA,NA,NA,NA,NA,NA
2024-03-16,U3-24MAR,800,NA,NA,NA,NA,NA,NA,NA,NA,0,NA,22.448979591836736,4.081632653061225,8.16326530612245,16.3265306122449,17.346938775510203,23.46938775510204,NA,4.081632653061225,NA,4.081632653061225,NA,NA,NA,NA,NA,NA,NA,NA,NA,NA
2024-03-17,U3-24MAR,0,NA,NA,NA,NA,NA,NA,NA,NA,0,NA,22.448979591836736,4.081632653061225,8.16326530612245,16.3265306122449,17.346938775510203,23.46938775510204,NA,4.081632653061225,NA,4.081632653061225,NA,NA,NA,NA,NA,NA,NA,NA,NA,NA
2024-03-18,U3-24MAR,3,NA,NA,NA,NA,NA,NA,NA,NA,0,NA,41.83673469387755,4.081632653061225,8.16326530612245,16.3265306122449,17.346938775510203,4.081632653061225,NA,4.081632653061225,NA,4.081632653061225,NA,NA,NA,NA,NA,NA,NA,NA,NA,NA
2024-03-19,U3-24MAR,68,NA,NA,NA,NA,NA,NA,NA,NA,0,NA,40.816326530612244,4.081632653061225,8.16326530612245,16.3265306122449,22.448979591836736,0,NA,4.081632653061225,NA,4.081632653061225,NA,NA,NA,NA,NA,NA,NA,NA,NA,NA
2024-03-20,U3-24MAR,1035,NA,NA,NA,NA,NA,NA,NA,NA,0,NA,20.40816326530612,4.081632653061225,14.285714285714286,10.204081632653061,34.69387755102041,8.163265306122453,NA,4.081632653061225,NA,4.081632653061225,NA,NA,NA,NA,NA,NA,NA,NA,NA,NA
2024-03-21,U3-24MAR,804,NA,NA,NA,NA,NA,NA,NA,NA,0,NA,10.204081632653061,4.081632653061225,14.285714285714286,19.387755102040817,23.46938775510204,20.408163265306122,NA,4.081632653061225,NA,4.081632653061225,NA,NA,NA,NA,NA,NA,NA,NA,NA,NA
2024-03-22,U3-24MAR,3096,NA,NA,NA,NA,NA,NA,NA,NA,2.0408163265306123,NA,11.224489795918368,4.081632653061225,13.26530612244898,19.387755102040817,23.46938775510204,19.387755102040817,NA,5.1020408163265305,NA,2.0408163265306123,NA,NA,NA,NA,NA,NA,NA,NA,NA,NA
2024-03-23,U3-24MAR,1503,NA,NA,NA,NA,NA,NA,NA,NA,2.0408163265306123,NA,17.346938775510203,4.081632653061225,13.26530612244898,14.285714285714286,21.428571428571427,20.408163265306122,NA,5.1020408163265305,NA,2.0408163265306123,NA,NA,NA,NA,NA,NA,NA,NA,NA,NA
2024-03-24,U3-24MAR,56,NA,NA,NA,NA,NA,NA,NA,NA,2.0408163265306123,NA,11.224489795918368,4.081632653061225,13.26530612244898,14.285714285714286,21.428571428571427,26.53061224489796,NA,5.1020408163265305,NA,2.0408163265306123,NA,NA,NA,NA,NA,NA,NA,NA,NA,NA
2024-03-25,U3-24MAR,1140,NA,NA,NA,NA,NA,NA,NA,NA,2.0408163265306123,NA,16.3265306122449,5.1020408163265305,13.26530612244898,13.26530612244898,25.510204081632654,18.367346938775512,NA,5.1020408163265305,NA,1.0204081632653061,NA,NA,NA,NA,NA,NA,NA,NA,NA,NA
2024-03-26,U3-24MAR,202,NA,NA,NA,NA,NA,NA,NA,NA,2.0408163265306123,NA,12.244897959183673,5.1020408163265305,13.26530612244898,13.26530612244898,24.489795918367346,23.46938775510204,NA,5.1020408163265305,NA,1.0204081632653061,NA,NA,NA,NA,NA,NA,NA,NA,NA,NA
2024-03-27,U3-24MAR,135,NA,NA,NA,NA,NA,NA,NA,NA,2.0408163265306123,NA,19.38775510204082,5.1020408163265305,13.26530612244898,13.26530612244898,24.489795918367346,16.326530612244895,NA,5.1020408163265305,NA,1.0204081632653061,NA,NA,NA,NA,NA,NA,NA,NA,NA,NA
2024-03-28,U3-24MAR,899,NA,NA,NA,NA,NA,NA,NA,NA,2.0408163265306123,NA,19.38775510204082,5.1020408163265305,13.26530612244898,13.26530612244898,23.46938775510204,17.3469387755102,NA,5.1020408163265305,NA,1.0204081632653061,NA,NA,NA,NA,NA,NA,NA,NA,NA,NA
2024-03-29,U3-24MAR,28,NA,NA,NA,NA,NA,NA,NA,NA,2.0408163265306123,NA,12.244897959183673,5.1020408163265305,13.26530612244898,13.26530612244898,23.46938775510204,24.489795918367346,NA,5.1020408163265305,NA,1.0204081632653061,NA,NA,NA,NA,NA,NA,NA,NA,NA,NA
2024-03-30,U3-24MAR,53,NA,NA,NA,NA,NA,NA,NA,NA,2.0408163265306123,NA,11.224489795918368,5.1020408163265305,7.142857142857143,19.387755102040817,23.46938775510204,25.510204081632654,NA,5.1020408163265305,NA,1.0204081632653061,NA,NA,NA,NA,NA,NA,NA,NA,NA,NA
2024-03-31,U3-24MAR,10,NA,NA,NA,NA,NA,NA,NA,NA,2.0408163265306123,NA,11.224489795918368,5.1020408163265305,5.1020408163265305,21.428571428571427,23.46938775510204,25.510204081632654,NA,5.1020408163265305,NA,1.0204081632653061,NA,NA,NA,NA,NA,NA,NA,NA,NA,NA
2024-04-01,U3-24MAR,100,NA,NA,NA,NA,NA,NA,NA,NA,2.0408163265306123,NA,18.367346938775512,5.1020408163265305,5.1020408163265305,18.367346938775512,26.53061224489796,18.367346938775512,NA,5.1020408163265305,NA,1.0204081632653061,NA,NA,NA,NA,NA,NA,NA,NA,NA,NA
2024-04-02,U3-24MAR,709,NA,NA,NA,NA,NA,NA,NA,NA,2.0408163265306123,NA,12.244897959183673,5.1020408163265305,6.122448979591836,17.346938775510203,25.510204081632654,25.510204081632654,NA,5.1020408163265305,NA,1.0204081632653061,NA,NA,NA,NA,NA,NA,NA,NA,NA,NA
2024-04-03,U3-24MAR,186,NA,NA,NA,NA,NA,NA,NA,NA,2.0408163265306123,NA,21.428571428571423,4.081632653061225,9.183673469387756,20.408163265306122,21.428571428571427,20.408163265306126,NA,0,NA,1.0204081632653061,NA,NA,NA,NA,NA,NA,NA,NA,NA,NA
2024-04-04,U3-24MAR,4393,NA,NA,NA,NA,NA,NA,NA,NA,0,NA,22.448979591836736,6.122448979591836,7.142857142857143,20.408163265306122,21.428571428571427,19.387755102040817,NA,2.0408163265306123,NA,1.0204081632653061,NA,NA,NA,NA,NA,NA,NA,NA,NA,NA
2024-04-05,U3-24APR,201,NA,NA,NA,NA,NA,NA,NA,NA,NA,NA,NA,NA,9.183673469387756,60.204081632653065,30.612244897959183,0,NA,NA,NA,NA,NA,NA,NA,NA,NA,NA,NA,NA,NA,NA
2024-04-05,U3-24MAR,14331,NA,NA,NA,NA,NA,NA,NA,NA,0,NA,16.3265306122449,6.122448979591838,11.224489795918368,22.448979591836736,22.448979591836736,21.428571428571427,0,0,NA,0,NA,NA,NA,NA,NA,NA,NA,NA,NA,NA
2024-04-06,U3-24APR,50,NA,NA,NA,NA,NA,NA,NA,NA,NA,NA,NA,NA,9.183673469387756,60.204081632653065,30.612244897959183,0,NA,NA,NA,NA,NA,NA,NA,NA,NA,NA,NA,NA,NA,NA
2024-04-07,U3-24APR,0,NA,NA,NA,NA,NA,NA,NA,NA,NA,NA,NA,NA,9.183673469387756,60.204081632653065,30.612244897959183,0,NA,NA,NA,NA,NA,NA,NA,NA,NA,NA,NA,NA,NA,NA
2024-04-08,U3-24APR,3153,NA,NA,NA,NA,NA,NA,NA,NA,NA,NA,7.142857142857143,0,6.122448979591836,25.510204081632654,24.489795918367346,33.673469387755105,NA,3.061224489795918,NA,NA,NA,NA,NA,NA,NA,NA,NA,NA,NA,NA
2024-04-09,U3-24APR,130,NA,NA,NA,NA,NA,NA,NA,NA,NA,NA,7.142857142857143,0,6.122448979591836,25.510204081632654,24.489795918367346,33.673469387755105,0,3.061224489795918,NA,NA,NA,NA,NA,NA,NA,NA,NA,NA,NA,NA
2024-04-10,U3-24APR,31,NA,NA,NA,NA,NA,NA,NA,NA,NA,NA,16.3265306122449,7.142857142857143,6.122448979591836,25.510204081632654,21.428571428571427,20.408163265306122,0,3.061224489795918,NA,NA,NA,NA,NA,NA,NA,NA,NA,NA,NA,NA
2024-04-11,U3-24APR,1186,NA,NA,NA,NA,NA,NA,NA,NA,NA,NA,16.3265306122449,7.142857142857143,6.122448979591836,25.510204081632654,23.46938775510204,18.367346938775512,0,3.061224489795918,NA,NA,NA,NA,NA,NA,NA,NA,NA,NA,NA,NA
2024-04-12,U3-24APR,2617,NA,NA,NA,NA,NA,NA,NA,NA,NA,NA,14.285714285714286,8.16326530612245,6.122448979591836,22.448979591836736,22.448979591836736,23.46938775510204,0,3.061224489795918,NA,NA,NA,NA,NA,NA,NA,NA,NA,NA,NA,NA
2024-04-13,U3-24APR,22,NA,NA,NA,NA,NA,NA,NA,NA,NA,NA,16.3265306122449,6.122448979591838,6.122448979591836,22.448979591836736,20.408163265306122,25.510204081632654,0,3.061224489795918,NA,NA,NA,NA,NA,NA,NA,NA,NA,NA,NA,NA
2024-04-14,U3-24APR,0,NA,NA,NA,NA,NA,NA,NA,NA,NA,NA,16.3265306122449,6.122448979591838,6.122448979591836,22.448979591836736,20.408163265306122,25.510204081632654,0,3.061224489795918,NA,NA,NA,NA,NA,NA,NA,NA,NA,NA,NA,NA
2024-04-15,U3-24APR,14,NA,NA,NA,NA,NA,NA,NA,NA,NA,NA,16.3265306122449,6.122448979591838,6.122448979591836,22.448979591836736,17.346938775510203,28.571428571428573,0,3.061224489795918,NA,NA,NA,NA,NA,NA,NA,NA,NA,NA,NA,NA
2024-04-16,U3-24APR,400,NA,NA,NA,NA,NA,NA,NA,NA,NA,NA,16.3265306122449,6.122448979591838,6.122448979591836,17.346938775510203,22.448979591836736,28.571428571428573,0,3.061224489795918,NA,NA,NA,NA,NA,NA,NA,NA,NA,NA,NA,NA
2024-04-17,U3-24APR,5,NA,NA,NA,NA,NA,NA,NA,NA,NA,NA,16.3265306122449,6.122448979591838,6.122448979591836,17.346938775510203,20.408163265306122,30.612244897959183,0,3.061224489795918,NA,NA,NA,NA,NA,NA,NA,NA,NA,NA,NA,NA
2024-04-18,U3-24APR,0,NA,NA,NA,NA,NA,NA,NA,NA,NA,NA,16.3265306122449,6.122448979591838,6.122448979591836,17.346938775510203,20.408163265306122,30.612244897959183,0,3.061224489795918,NA,NA,NA,NA,NA,NA,NA,NA,NA,NA,NA,NA
2024-04-19,U3-24APR,63,NA,NA,NA,NA,NA,NA,NA,NA,NA,NA,16.3265306122449,6.122448979591838,6.122448979591836,17.346938775510203,23.46938775510204,27.551020408163264,0,3.061224489795918,NA,NA,NA,NA,NA,NA,NA,NA,NA,NA,NA,NA
2024-04-20,U3-24APR,4038,NA,NA,NA,NA,NA,NA,NA,NA,NA,NA,16.3265306122449,6.122448979591838,9.183673469387756,15.306122448979592,23.46938775510204,27.551020408163264,0,2.0408163265306123,NA,NA,NA,NA,NA,NA,NA,NA,NA,NA,NA,NA
2024-04-21,U3-24APR,5,NA,NA,NA,NA,NA,NA,NA,NA,NA,NA,16.3265306122449,6.122448979591838,9.183673469387756,13.26530612244898,25.510204081632654,27.551020408163264,0,2.0408163265306123,NA,NA,NA,NA,NA,NA,NA,NA,NA,NA,NA,NA
2024-04-22,U3-24APR,5133,NA,NA,NA,NA,NA,NA,NA,NA,NA,NA,14.285714285714286,6.122448979591838,9.183673469387756,13.26530612244898,30.612244897959183,24.489795918367346,0,2.0408163265306123,NA,NA,NA,NA,NA,NA,NA,NA,NA,NA,NA,NA
2024-04-23,U3-24APR,232,NA,NA,NA,NA,NA,NA,NA,NA,NA,NA,14.285714285714286,6.122448979591838,9.183673469387756,13.26530612244898,30.612244897959183,24.489795918367346,0,2.0408163265306123,NA,NA,NA,NA,NA,NA,NA,NA,NA,NA,NA,NA
2024-04-24,U3-24APR,1154,NA,NA,NA,NA,NA,NA,NA,NA,NA,NA,14.285714285714286,6.122448979591838,8.16326530612245,13.26530612244898,30.612244897959183,24.489795918367346,0,3.061224489795918,NA,NA,NA,NA,NA,NA,NA,NA,NA,NA,NA,NA
2024-04-25,U3-24APR,1381,NA,NA,NA,NA,NA,NA,NA,NA,NA,NA,14.285714285714286,6.122448979591838,8.16326530612245,13.26530612244898,34.69387755102041,20.408163265306122,0,3.061224489795918,NA,NA,NA,NA,NA,NA,NA,NA,NA,NA,NA,NA
2024-04-26,U3-24APR,211,NA,NA,NA,NA,NA,NA,NA,NA,NA,NA,14.285714285714286,6.122448979591838,8.16326530612245,14.285714285714286,29.591836734693878,24.489795918367346,0,3.061224489795918,NA,NA,NA,NA,NA,NA,NA,NA,NA,NA,NA,NA
2024-04-27,U3-24APR,16,NA,NA,NA,NA,NA,NA,NA,NA,NA,NA,14.285714285714286,6.122448979591838,8.16326530612245,14.285714285714286,33.673469387755105,20.408163265306122,0,3.061224489795918,NA,NA,NA,NA,NA,NA,NA,NA,NA,NA,NA,NA
2024-04-28,U3-24APR,207,NA,NA,NA,NA,NA,NA,NA,NA,NA,NA,14.285714285714286,6.122448979591838,8.16326530612245,10.204081632653061,37.755102040816325,20.408163265306122,0,3.061224489795918,NA,NA,NA,NA,NA,NA,NA,NA,NA,NA,NA,NA
2024-04-29,U3-24APR,17342,NA,NA,NA,NA,NA,NA,NA,NA,NA,NA,19.387755102040813,7.142857142857143,8.16326530612245,16.3265306122449,25.510204081632654,18.367346938775515,0,3.061224489795918,NA,2.0408163265306123,NA,NA,NA,NA,NA,NA,NA,NA,NA,NA
2024-04-30,U3-24APR,19068,NA,NA,NA,NA,NA,NA,NA,NA,NA,NA,14.285714285714286,8.16326530612245,11.224489795918368,13.26530612244898,27.551020408163264,21.428571428571427,0,3.061224489795918,NA,1.0204081632653061,NA,NA,NA,NA,NA,NA,NA,NA,NA,NA
2024-05-01,U3-24APR,1332,NA,NA,NA,NA,NA,NA,NA,NA,NA,NA,14.285714285714286,8.16326530612245,10.204081632653061,18.367346938775512,25.510204081632654,19.387755102040817,0,3.061224489795918,NA,1.0204081632653061,NA,NA,NA,NA,NA,NA,NA,NA,NA,NA
2024-05-02,U3-24APR,8744,NA,NA,NA,NA,NA,NA,NA,NA,NA,NA,14.285714285714286,8.16326530612245,9.183673469387756,14.285714285714286,29.591836734693878,19.387755102040817,0,4.081632653061225,NA,1.0204081632653061,NA,NA,NA,NA,NA,NA,NA,NA,NA,NA
2024-05-03,U3-24APR,5256,NA,NA,NA,NA,NA,NA,NA,NA,NA,NA,17.34693877551021,9.183673469387756,12.244897959183673,19.387755102040817,21.428571428571427,15.306122448979588,0,4.081632653061225,NA,1.0204081632653061,NA,NA,NA,NA,NA,NA,NA,NA,NA,NA
2024-05-08,U3-24MAY,273,NA,NA,NA,NA,NA,NA,NA,NA,NA,NA,13.26530612244898,16.3265306122449,0,5.1020408163265305,36.73469387755103,28.571428571428562,NA,NA,NA,NA,NA,NA,NA,NA,NA,NA,NA,NA,NA,NA
2024-05-09,U3-24MAY,100,NA,NA,NA,NA,NA,NA,NA,NA,NA,NA,17.346938775510203,16.3265306122449,0,5.1020408163265305,36.73469387755103,24.48979591836734,NA,NA,NA,NA,NA,NA,NA,NA,NA,NA,NA,NA,NA,NA
2024-05-10,U3-24MAY,108,NA,NA,NA,NA,NA,NA,NA,NA,NA,NA,17.346938775510203,16.3265306122449,0,5.1020408163265305,36.73469387755103,24.48979591836734,NA,NA,NA,NA,NA,NA,NA,NA,NA,NA,NA,NA,NA,NA
2024-05-11,U3-24MAY,1,NA,NA,NA,NA,NA,NA,NA,NA,NA,NA,13.26530612244898,16.3265306122449,0,5.1020408163265305,36.73469387755103,28.571428571428562,NA,NA,NA,NA,NA,NA,NA,NA,NA,NA,NA,NA,NA,NA
2024-05-12,U3-24MAY,4,NA,NA,NA,NA,NA,NA,NA,NA,NA,NA,18.367346938775512,16.3265306122449,0,5.1020408163265305,36.73469387755103,23.46938775510203,NA,NA,NA,NA,NA,NA,NA,NA,NA,NA,NA,NA,NA,NA
2024-05-13,U3-24MAY,1621,NA,NA,NA,NA,NA,NA,NA,NA,NA,NA,17.346938775510203,16.3265306122449,0,9.183673469387756,32.653061224489804,24.48979591836734,NA,NA,NA,NA,NA,NA,NA,NA,NA,NA,NA,NA,NA,NA
2024-05-14,U3-24MAY,507,NA,NA,NA,NA,NA,NA,NA,NA,NA,NA,14.285714285714286,19.387755102040817,0,8.16326530612245,32.6530612244898,25.510204081632654,NA,NA,NA,NA,NA,NA,NA,NA,NA,NA,NA,NA,NA,NA
2024-05-15,U3-24MAY,37,NA,NA,NA,NA,NA,NA,NA,NA,NA,NA,14.285714285714286,19.387755102040817,0,8.16326530612245,32.6530612244898,25.510204081632654,NA,NA,NA,NA,NA,NA,NA,NA,NA,NA,NA,NA,NA,NA
2024-05-16,U3-24MAY,876,NA,NA,NA,NA,NA,NA,NA,NA,NA,NA,20.408163265306122,14.285714285714286,0,8.16326530612245,36.73469387755101,20.40816326530613,NA,NA,NA,NA,NA,NA,NA,NA,NA,NA,NA,NA,NA,NA
2024-05-17,U3-24MAY,370,NA,NA,NA,NA,NA,NA,NA,NA,NA,NA,20.408163265306122,14.285714285714286,0,8.16326530612245,32.6530612244898,24.489795918367346,NA,NA,NA,NA,NA,NA,NA,NA,NA,NA,NA,NA,NA,NA
2024-05-18,U3-24MAY,0,NA,NA,NA,NA,NA,NA,NA,NA,NA,NA,20.408163265306122,14.285714285714286,0,8.16326530612245,32.6530612244898,24.489795918367346,NA,NA,NA,NA,NA,NA,NA,NA,NA,NA,NA,NA,NA,NA
2024-05-19,U3-24MAY,1218,NA,NA,NA,NA,NA,NA,NA,NA,NA,NA,20.408163265306122,14.285714285714286,0,8.16326530612245,32.6530612244898,24.489795918367346,NA,NA,NA,NA,NA,NA,NA,NA,NA,NA,NA,NA,NA,NA
2024-05-20,U3-24MAY,59,NA,NA,NA,NA,NA,NA,NA,NA,NA,NA,20.408163265306122,14.285714285714286,0,8.16326530612245,32.6530612244898,24.489795918367346,NA,NA,NA,NA,NA,NA,NA,NA,NA,NA,NA,NA,NA,NA
2024-05-21,U3-24MAY,0,NA,NA,NA,NA,NA,NA,NA,NA,NA,NA,20.408163265306122,14.285714285714286,0,8.16326530612245,32.6530612244898,24.489795918367346,NA,NA,NA,NA,NA,NA,NA,NA,NA,NA,NA,NA,NA,NA
2024-05-22,U3-24MAY,56,NA,NA,NA,NA,NA,NA,NA,NA,NA,NA,20.408163265306122,14.285714285714286,0,8.16326530612245,36.73469387755101,20.40816326530613,NA,NA,NA,NA,NA,NA,NA,NA,NA,NA,NA,NA,NA,NA
2024-05-23,U3-24MAY,0,NA,NA,NA,NA,NA,NA,NA,NA,NA,NA,20.408163265306122,14.285714285714286,0,8.16326530612245,36.73469387755101,20.40816326530613,NA,NA,NA,NA,NA,NA,NA,NA,NA,NA,NA,NA,NA,NA
2024-05-24,U3-24MAY,10,NA,NA,NA,NA,NA,NA,NA,NA,NA,NA,20.408163265306122,14.285714285714286,0,8.16326530612245,36.73469387755101,20.40816326530613,NA,NA,NA,NA,NA,NA,NA,NA,NA,NA,NA,NA,NA,NA
2024-05-25,U3-24MAY,0,NA,NA,NA,NA,NA,NA,NA,NA,NA,NA,20.408163265306122,14.285714285714286,0,8.16326530612245,36.73469387755101,20.40816326530613,NA,NA,NA,NA,NA,NA,NA,NA,NA,NA,NA,NA,NA,NA
2024-05-26,U3-24MAY,2350,NA,NA,NA,NA,NA,NA,NA,NA,NA,NA,20.408163265306122,14.285714285714286,8.16326530612245,10.204081632653061,26.53061224489795,20.40816326530613,NA,NA,NA,NA,NA,NA,NA,NA,NA,NA,NA,NA,NA,NA
2024-05-27,U3-24MAY,3018,NA,NA,NA,NA,NA,NA,NA,NA,NA,NA,20.408163265306122,14.285714285714286,7.142857142857143,10.204081632653061,27.551020408163257,20.40816326530613,NA,NA,NA,NA,NA,NA,NA,NA,NA,NA,NA,NA,NA,NA
2024-05-28,U3-24MAY,1992,NA,NA,NA,NA,NA,NA,NA,NA,NA,NA,22.448979591836736,14.285714285714286,7.142857142857143,10.204081632653061,21.428571428571427,24.489795918367346,NA,NA,NA,NA,NA,NA,NA,NA,NA,NA,NA,NA,NA,NA
2024-05-29,U3-24MAY,160,NA,NA,NA,NA,NA,NA,NA,NA,NA,NA,22.448979591836736,14.285714285714286,7.142857142857143,7.142857142857143,23.46938775510204,25.510204081632654,NA,NA,NA,NA,NA,NA,NA,NA,NA,NA,NA,NA,NA,NA
2024-05-30,U3-24MAY,928,NA,NA,NA,NA,NA,NA,NA,NA,NA,NA,18.367346938775512,14.285714285714286,7.142857142857143,9.183673469387756,26.53061224489797,24.48979591836734,NA,NA,NA,NA,NA,NA,NA,NA,NA,NA,NA,NA,NA,NA
2024-05-31,U3-24MAY,1180,NA,NA,NA,NA,NA,NA,NA,NA,NA,NA,23.46938775510204,14.285714285714286,4.081632653061225,10.204081632653061,28.57142857142858,19.38775510204081,NA,NA,NA,NA,NA,NA,NA,NA,NA,NA,NA,NA,NA,NA
2024-06-01,U3-24MAY,2855,NA,NA,NA,NA,NA,NA,NA,NA,NA,NA,21.428571428571427,16.3265306122449,3.061224489795918,11.224489795918368,28.57142857142858,19.38775510204081,NA,NA,NA,NA,NA,NA,NA,NA,NA,NA,NA,NA,NA,NA
2024-06-02,U3-24MAY,482,NA,NA,NA,NA,NA,NA,NA,NA,NA,NA,21.428571428571427,16.3265306122449,3.061224489795918,11.224489795918368,24.489795918367346,23.46938775510204,NA,NA,NA,NA,NA,NA,NA,NA,NA,NA,NA,NA,NA,NA
2024-06-03,U3-24MAY,2350,NA,NA,NA,NA,NA,NA,NA,NA,NA,NA,21.428571428571427,12.244897959183673,5.1020408163265305,12.244897959183673,19.387755102040817,25.510204081632654,NA,NA,NA,4.081632653061225,NA,NA,NA,NA,NA,NA,NA,NA,NA,NA
2024-06-04,U3-24MAY,9640,NA,NA,NA,NA,NA,NA,NA,NA,0,NA,16.3265306122449,13.26530612244898,5.1020408163265305,12.244897959183673,20.408163265306122,28.571428571428573,NA,0,NA,4.081632653061225,NA,NA,NA,NA,NA,NA,NA,NA,NA,NA
2024-06-05,U3-24MAY,1794,NA,NA,NA,NA,NA,NA,NA,NA,0,NA,17.346938775510203,12.244897959183673,3.061224489795918,13.26530612244898,20.408163265306122,29.591836734693878,NA,0,NA,4.081632653061225,NA,NA,NA,NA,NA,NA,NA,NA,NA,NA
2024-06-06,U3-24MAY,27052,NA,NA,NA,NA,NA,NA,NA,NA,0,NA,25.510204081632654,10.204081632653061,3.061224489795918,15.306122448979592,17.346938775510203,24.489795918367346,NA,0,NA,4.081632653061225,NA,NA,NA,NA,NA,NA,NA,NA,NA,NA
2024-06-07,U3-24JUN,476,NA,NA,NA,NA,NA,NA,NA,NA,NA,NA,NA,NA,NA,1.0204081632653061,14.285714285714286,84.6938775510204,NA,NA,NA,NA,NA,NA,NA,NA,NA,NA,NA,NA,NA,NA
2024-06-07,U3-24MAY,3230,NA,NA,NA,NA,NA,NA,NA,NA,0,NA,25.510204081632654,12.244897959183673,3.061224489795918,15.306122448979592,17.346938775510203,23.46938775510204,NA,0,NA,3.061224489795918,NA,NA,NA,NA,NA,NA,NA,NA,NA,NA
2024-06-08,U3-24JUN,0,NA,NA,NA,NA,NA,NA,NA,NA,NA,NA,NA,NA,NA,1.0204081632653061,14.285714285714286,84.6938775510204,NA,NA,NA,NA,NA,NA,NA,NA,NA,NA,NA,NA,NA,NA
2024-06-09,U3-24JUN,0,NA,NA,NA,NA,NA,NA,NA,NA,NA,NA,NA,NA,NA,1.0204081632653061,14.285714285714286,84.6938775510204,NA,NA,NA,NA,NA,NA,NA,NA,NA,NA,NA,NA,NA,NA
2024-06-10,U3-24JUN,0,NA,NA,NA,NA,NA,NA,NA,NA,NA,NA,NA,NA,NA,1.0204081632653061,14.285714285714286,84.6938775510204,NA,NA,NA,NA,NA,NA,NA,NA,NA,NA,NA,NA,NA,NA
2024-06-11,U3-24JUN,165,NA,NA,NA,NA,NA,NA,NA,NA,NA,NA,65.3061224489796,NA,NA,1.0204081632653061,15.306122448979592,18.367346938775512,NA,NA,NA,NA,NA,NA,NA,NA,NA,NA,NA,NA,NA,NA
2024-06-12,U3-24JUN,24,NA,NA,NA,NA,NA,NA,NA,NA,NA,NA,24.489795918367346,42.857142857142854,NA,1.0204081632653061,15.306122448979592,16.3265306122449,NA,NA,NA,NA,NA,NA,NA,NA,NA,NA,NA,NA,NA,NA
2024-06-13,U3-24JUN,134,NA,NA,NA,NA,NA,NA,NA,NA,NA,NA,16.3265306122449,42.857142857142854,NA,2.0408163265306123,14.285714285714286,24.489795918367346,NA,NA,NA,NA,NA,NA,NA,NA,NA,NA,NA,NA,NA,NA
2024-06-14,U3-24JUN,1,NA,NA,NA,NA,NA,NA,NA,NA,NA,NA,16.3265306122449,42.857142857142854,NA,2.0408163265306123,12.244897959183673,26.53061224489796,NA,NA,NA,NA,NA,NA,NA,NA,NA,NA,NA,NA,NA,NA
2024-06-15,U3-24JUN,80,NA,NA,NA,NA,NA,NA,NA,NA,NA,NA,16.3265306122449,42.857142857142854,NA,2.0408163265306123,12.244897959183673,26.53061224489796,NA,NA,NA,NA,NA,NA,NA,NA,NA,NA,NA,NA,NA,NA
2024-06-16,U3-24JUN,78,NA,NA,NA,NA,NA,NA,NA,NA,NA,NA,24.489795918367346,42.857142857142854,NA,2.0408163265306123,12.244897959183673,18.367346938775512,NA,NA,NA,NA,NA,NA,NA,NA,NA,NA,NA,NA,NA,NA
2024-06-17,U3-24JUN,126,NA,NA,NA,NA,NA,NA,NA,NA,NA,NA,25.510204081632654,41.83673469387755,NA,2.0408163265306123,12.244897959183673,18.367346938775512,NA,NA,NA,NA,NA,NA,NA,NA,NA,NA,NA,NA,NA,NA
2024-06-18,U3-24JUN,61,NA,NA,NA,NA,NA,NA,NA,NA,NA,NA,25.510204081632654,41.83673469387755,NA,2.0408163265306123,12.244897959183673,18.367346938775512,NA,NA,NA,NA,NA,NA,NA,NA,NA,NA,NA,NA,NA,NA
2024-06-19,U3-24JUN,0,NA,NA,NA,NA,NA,NA,NA,NA,NA,NA,25.510204081632654,41.83673469387755,NA,2.0408163265306123,12.244897959183673,18.367346938775512,NA,NA,NA,NA,NA,NA,NA,NA,NA,NA,NA,NA,NA,NA
2024-06-20,U3-24JUN,61,NA,NA,NA,NA,NA,NA,NA,NA,NA,NA,23.46938775510204,29.591836734693878,NA,2.0408163265306123,10.204081632653061,20.408163265306122,NA,NA,NA,14.285714285714286,NA,NA,NA,NA,NA,NA,NA,NA,NA,NA
2024-06-21,U3-24JUN,999,NA,NA,NA,NA,NA,NA,NA,NA,NA,NA,21.428571428571427,30.612244897959183,NA,2.0408163265306123,10.204081632653061,20.408163265306122,NA,NA,NA,15.306122448979592,NA,NA,NA,NA,NA,NA,NA,NA,NA,NA
2024-06-22,U3-24JUN,4,NA,NA,NA,NA,NA,NA,NA,NA,NA,NA,21.428571428571427,30.612244897959183,NA,2.0408163265306123,10.204081632653061,20.408163265306122,NA,NA,NA,15.306122448979592,NA,NA,NA,NA,NA,NA,NA,NA,NA,NA
2024-06-23,U3-24JUN,103,NA,NA,NA,NA,NA,NA,NA,NA,NA,NA,21.428571428571427,30.612244897959183,NA,2.0408163265306123,10.204081632653061,20.408163265306122,NA,NA,NA,15.306122448979592,NA,NA,NA,NA,NA,NA,NA,NA,NA,NA
2024-06-24,U3-24JUN,20,NA,NA,NA,NA,NA,NA,NA,NA,NA,NA,21.428571428571427,30.612244897959183,NA,2.0408163265306123,10.204081632653061,20.408163265306122,NA,NA,NA,15.306122448979592,NA,NA,NA,NA,NA,NA,NA,NA,NA,NA
2024-06-25,U3-24JUN,8,NA,NA,NA,NA,NA,NA,NA,NA,NA,NA,21.428571428571427,30.612244897959183,NA,2.0408163265306123,10.204081632653061,20.408163265306122,NA,NA,NA,15.306122448979592,NA,NA,NA,NA,NA,NA,NA,NA,NA,NA
2024-06-26,U3-24JUN,222,NA,NA,NA,NA,NA,NA,NA,NA,NA,NA,21.428571428571427,28.571428571428573,NA,2.0408163265306123,9.183673469387756,21.428571428571427,NA,NA,NA,17.346938775510203,NA,NA,NA,NA,NA,NA,NA,NA,NA,NA
2024-06-27,U3-24JUN,0,NA,NA,NA,NA,NA,NA,NA,NA,NA,NA,21.428571428571427,28.571428571428573,NA,2.0408163265306123,9.183673469387756,21.428571428571427,NA,NA,NA,17.346938775510203,NA,NA,NA,NA,NA,NA,NA,NA,NA,NA
2024-06-28,U3-24JUN,531,NA,NA,NA,NA,NA,NA,NA,NA,NA,NA,17.346938775510203,28.571428571428573,NA,2.0408163265306123,11.224489795918368,23.46938775510204,NA,NA,NA,17.346938775510203,NA,NA,NA,NA,NA,NA,NA,NA,NA,NA
2024-06-29,U3-24JUN,114,NA,NA,NA,NA,NA,NA,NA,NA,NA,NA,17.346938775510203,28.571428571428573,NA,2.0408163265306123,11.224489795918368,23.46938775510204,NA,NA,NA,17.346938775510203,NA,NA,NA,NA,NA,NA,NA,NA,NA,NA
2024-06-30,U3-24JUN,174,NA,NA,NA,NA,NA,NA,NA,NA,NA,NA,27.551020408163264,18.367346938775512,NA,2.0408163265306123,11.224489795918368,23.46938775510204,NA,NA,NA,17.346938775510203,NA,NA,NA,NA,NA,NA,NA,NA,NA,NA
2024-07-01,U3-24JUN,1248,NA,NA,NA,NA,NA,NA,NA,NA,7.142857142857143,NA,21.428571428571427,32.6530612244898,NA,2.0408163265306123,11.224489795918368,19.387755102040817,NA,NA,NA,6.122448979591839,NA,NA,NA,NA,NA,NA,NA,NA,NA,NA
2024-07-02,U3-24JUN,493,NA,NA,NA,NA,NA,NA,NA,NA,7.142857142857143,NA,21.428571428571427,32.6530612244898,NA,2.0408163265306123,10.204081632653061,20.408163265306122,NA,NA,NA,6.122448979591839,NA,NA,NA,NA,NA,NA,NA,NA,NA,NA
2024-07-03,U3-24JUN,4795,NA,NA,NA,NA,NA,NA,NA,NA,7.142857142857143,NA,19.387755102040817,23.46938775510204,NA,3.061224489795918,7.142857142857143,24.489795918367346,NA,NA,NA,15.306122448979592,NA,NA,NA,NA,NA,NA,NA,NA,NA,NA
2024-07-04,U3-24JUN,2210,NA,NA,NA,NA,NA,NA,NA,NA,7.142857142857143,NA,16.3265306122449,26.53061224489796,0,1.0204081632653061,9.183673469387756,24.489795918367346,0,0,0,15.306122448979592,NA,NA,NA,NA,NA,NA,NA,NA,NA,NA
2024-07-05,U3-24JUL,1328,NA,NA,NA,NA,NA,NA,NA,NA,NA,NA,19.387755102040817,20.408163265306122,NA,NA,0,7.142857142857143,NA,NA,NA,53.06122448979592,NA,NA,NA,NA,NA,NA,NA,NA,NA,NA
2024-07-05,U3-24JUN,572,NA,NA,NA,NA,NA,NA,NA,NA,0,NA,25.510204081632654,33.673469387755105,0,1.0204081632653061,9.183673469387756,17.346938775510203,0,0,0,13.265306122448981,NA,NA,NA,NA,NA,NA,NA,NA,NA,NA
2024-07-06,U3-24JUL,260,NA,NA,NA,NA,NA,NA,NA,NA,4.081632653061225,0,19.387755102040817,20.408163265306122,NA,NA,0,7.142857142857143,NA,NA,NA,48.97959183673469,NA,NA,NA,NA,NA,NA,NA,NA,NA,NA
2024-07-07,U3-24JUL,27,NA,NA,NA,NA,NA,NA,NA,NA,4.081632653061225,0,19.387755102040817,20.408163265306122,NA,NA,0,7.142857142857143,NA,NA,NA,48.97959183673469,NA,NA,NA,NA,NA,NA,NA,NA,NA,NA
2024-07-08,U3-24JUL,35,NA,NA,NA,NA,NA,NA,NA,NA,23.469387755102044,4.081632653061225,29.591836734693878,10.204081632653061,NA,NA,0,7.142857142857143,NA,NA,NA,25.510204081632647,NA,NA,NA,NA,NA,NA,NA,NA,NA,NA
2024-07-09,U3-24JUL,3532,NA,NA,NA,NA,NA,NA,NA,NA,14.285714285714286,3.061224489795918,29.591836734693878,8.163265306122442,NA,NA,0,7.142857142857143,NA,NA,NA,37.75510204081633,NA,NA,NA,NA,NA,NA,NA,NA,NA,NA
2024-07-10,U3-24JUL,3762,NA,NA,NA,NA,NA,NA,NA,NA,13.26530612244898,3.061224489795918,32.6530612244898,19.387755102040817,NA,NA,0,1.0204081632653061,NA,NA,NA,30.612244897959183,NA,NA,NA,NA,NA,NA,NA,NA,NA,NA
2024-07-11,U3-24JUL,1525,NA,NA,NA,NA,NA,NA,NA,NA,13.26530612244898,3.061224489795918,32.6530612244898,20.408163265306122,NA,NA,0,1.0204081632653061,NA,NA,NA,29.591836734693878,NA,NA,NA,NA,NA,NA,NA,NA,NA,NA
2024-07-12,U3-24JUL,200,NA,NA,NA,NA,NA,NA,NA,NA,13.26530612244898,3.061224489795918,33.673469387755105,19.387755102040817,NA,NA,0,1.0204081632653061,NA,NA,NA,29.591836734693878,NA,NA,NA,NA,NA,NA,NA,NA,NA,NA
2024-07-13,U3-24JUL,317,NA,NA,NA,NA,NA,NA,NA,NA,13.26530612244898,3.061224489795918,25.510204081632654,19.387755102040817,NA,NA,1.0204081632653061,8.16326530612245,NA,NA,NA,29.591836734693878,NA,NA,NA,NA,NA,NA,NA,NA,NA,NA
2024-07-14,U3-24JUL,437,NA,NA,NA,NA,NA,NA,NA,NA,13.26530612244898,3.061224489795918,25.510204081632654,4.081632653061225,NA,NA,1.0204081632653061,8.16326530612245,NA,NA,NA,44.89795918367347,NA,NA,NA,NA,NA,NA,NA,NA,NA,NA
2024-07-15,U3-24JUL,141,NA,NA,NA,NA,NA,NA,NA,NA,13.26530612244898,3.061224489795918,27.551020408163264,4.081632653061225,NA,NA,1.0204081632653061,8.16326530612245,NA,NA,NA,42.857142857142854,NA,NA,NA,NA,NA,NA,NA,NA,NA,NA
2024-07-16,U3-24JUL,457,NA,NA,NA,NA,NA,NA,NA,NA,13.26530612244898,3.061224489795918,7.142857142857143,28.571428571428573,NA,NA,1.0204081632653061,16.3265306122449,NA,NA,NA,30.612244897959183,NA,NA,NA,NA,NA,NA,NA,NA,NA,NA
2024-07-17,U3-24JUL,463,NA,NA,NA,NA,NA,NA,NA,NA,13.26530612244898,3.061224489795918,24.489795918367346,21.428571428571427,NA,NA,1.0204081632653061,8.16326530612245,NA,NA,NA,28.571428571428573,NA,NA,NA,NA,NA,NA,NA,NA,NA,NA
2024-07-18,U3-24JUL,250,NA,NA,NA,NA,NA,NA,NA,NA,7.142857142857143,3.061224489795918,24.489795918367346,21.428571428571427,NA,NA,1.0204081632653061,8.16326530612245,NA,NA,NA,34.69387755102041,NA,NA,NA,NA,NA,NA,NA,NA,NA,NA
2024-07-19,U3-24JUL,1800,NA,NA,NA,NA,NA,NA,NA,NA,6.122448979591836,4.081632653061225,24.489795918367346,21.428571428571427,NA,NA,1.0204081632653061,8.16326530612245,NA,NA,NA,34.69387755102041,NA,NA,NA,NA,NA,NA,NA,NA,NA,NA
2024-07-20,U3-24JUL,19,NA,NA,NA,NA,NA,NA,NA,NA,6.122448979591836,4.081632653061225,24.489795918367346,25.510204081632654,NA,NA,1.0204081632653061,8.16326530612245,NA,NA,NA,30.612244897959183,NA,NA,NA,NA,NA,NA,NA,NA,NA,NA
2024-07-21,U3-24JUL,14,NA,NA,NA,NA,NA,NA,NA,NA,6.122448979591836,4.081632653061225,24.489795918367346,14.285714285714286,NA,NA,1.0204081632653061,8.16326530612245,NA,NA,NA,41.83673469387755,NA,NA,NA,NA,NA,NA,NA,NA,NA,NA
2024-07-22,U3-24JUL,623,NA,NA,NA,NA,NA,NA,NA,NA,12.244897959183673,4.081632653061225,21.428571428571427,17.346938775510203,NA,NA,1.0204081632653061,8.16326530612245,NA,NA,NA,35.714285714285715,NA,NA,NA,NA,NA,NA,NA,NA,NA,NA
2024-07-23,U3-24JUL,589,NA,NA,NA,NA,NA,NA,NA,NA,12.244897959183673,4.081632653061225,21.428571428571427,17.346938775510203,NA,NA,1.0204081632653061,8.16326530612245,NA,NA,NA,35.714285714285715,NA,NA,NA,NA,NA,NA,NA,NA,NA,NA
2024-07-24,U3-24JUL,105,NA,NA,NA,NA,NA,NA,NA,NA,9.183673469387758,4.081632653061225,21.428571428571427,17.346938775510203,0,0,1.0204081632653061,8.16326530612245,NA,0,NA,38.775510204081634,NA,NA,NA,NA,NA,NA,NA,NA,NA,NA
2024-07-25,U3-24JUL,237,NA,NA,NA,NA,NA,NA,NA,NA,9.183673469387758,4.081632653061225,21.428571428571427,26.53061224489796,0,0,1.0204081632653061,8.16326530612245,NA,0,NA,29.591836734693878,NA,NA,NA,NA,NA,NA,NA,NA,NA,NA
2024-07-26,U3-24JUL,241,NA,NA,NA,NA,NA,NA,NA,NA,9.183673469387758,4.081632653061225,24.489795918367346,37.755102040816325,0,0,0,8.16326530612245,NA,0,NA,16.326530612244895,NA,NA,NA,NA,NA,NA,NA,NA,NA,NA
2024-07-27,U3-24JUL,119,NA,NA,NA,NA,NA,NA,NA,NA,9.183673469387758,4.081632653061225,24.489795918367346,34.69387755102041,0,0,0,8.16326530612245,NA,0,NA,19.387755102040817,NA,NA,NA,NA,NA,NA,NA,NA,NA,NA
2024-07-28,U3-24JUL,10,NA,NA,NA,NA,NA,NA,NA,NA,9.183673469387758,4.081632653061225,23.46938775510204,35.714285714285715,0,0,0,8.16326530612245,NA,0,NA,19.387755102040817,NA,NA,NA,NA,NA,NA,NA,NA,NA,NA
2024-07-29,U3-24JUL,40,NA,NA,NA,NA,NA,NA,NA,NA,9.183673469387758,4.081632653061225,21.428571428571427,21.428571428571427,0,0,0,8.16326530612245,NA,0,NA,35.714285714285715,NA,NA,NA,NA,NA,NA,NA,NA,NA,NA
2024-07-30,U3-24JUL,1878,NA,NA,NA,NA,NA,NA,NA,NA,9.183673469387758,4.081632653061225,28.571428571428573,31.632653061224488,0,0,0,8.16326530612245,NA,0,NA,18.367346938775512,NA,NA,NA,NA,NA,NA,NA,NA,NA,NA
2024-07-31,U3-24JUL,2775,NA,NA,NA,NA,NA,NA,NA,NA,9.183673469387758,4.081632653061225,16.3265306122449,45.91836734693877,0,0,2.0408163265306123,5.1020408163265305,NA,0,NA,17.346938775510203,NA,NA,NA,NA,NA,NA,NA,NA,NA,NA
2024-08-01,U3-24JUL,8593,NA,NA,NA,NA,NA,NA,NA,NA,12.244897959183676,1.0204081632653061,25.510204081632654,28.571428571428573,0,0,2.0408163265306123,11.224489795918368,NA,0,NA,19.387755102040817,NA,NA,NA,NA,NA,NA,NA,NA,NA,NA
2024-08-02,U3-24JUL,4659,NA,NA,NA,NA,NA,NA,NA,NA,10.204081632653063,3.061224489795918,19.387755102040817,29.591836734693878,0,0,2.0408163265306123,13.26530612244898,NA,0,NA,22.448979591836736,NA,NA,NA,NA,NA,NA,NA,NA,NA,NA
2024-08-07,U3-24AUG,148,NA,NA,NA,NA,NA,NA,NA,NA,34.69387755102042,27.551020408163257,0,6.122448979591836,NA,NA,NA,0,NA,NA,NA,2.0408163265306123,29.591836734693878,NA,NA,NA,NA,NA,NA,NA,NA,NA
2024-08-08,U3-24AUG,235,NA,NA,NA,NA,NA,NA,1.0204081632653061,NA,35.71428571428571,26.53061224489797,0,6.122448979591836,NA,NA,NA,0,NA,NA,NA,2.0408163265306123,28.571428571428573,NA,NA,NA,NA,NA,NA,NA,NA,NA
2024-08-09,U3-24AUG,3,NA,NA,NA,NA,NA,NA,1.0204081632653061,NA,34.69387755102042,27.551020408163257,0,6.122448979591836,NA,NA,NA,0,NA,NA,NA,2.0408163265306123,28.571428571428573,NA,NA,NA,NA,NA,NA,NA,NA,NA
2024-08-10,U3-24AUG,0,NA,NA,NA,NA,NA,NA,1.0204081632653061,NA,34.69387755102042,27.551020408163257,0,6.122448979591836,NA,NA,NA,0,NA,NA,NA,2.0408163265306123,28.571428571428573,NA,NA,NA,NA,NA,NA,NA,NA,NA
2024-08-11,U3-24AUG,100,NA,NA,NA,NA,NA,NA,1.0204081632653061,NA,36.73469387755101,25.51020408163266,0,6.122448979591836,NA,NA,NA,0,NA,NA,NA,2.0408163265306123,28.571428571428573,NA,NA,NA,NA,NA,NA,NA,NA,NA
2024-08-12,U3-24AUG,0,NA,NA,NA,NA,NA,NA,1.0204081632653061,NA,36.73469387755101,25.51020408163266,0,6.122448979591836,NA,NA,NA,0,NA,NA,NA,2.0408163265306123,28.571428571428573,NA,NA,NA,NA,NA,NA,NA,NA,NA
2024-08-13,U3-24AUG,0,NA,NA,NA,NA,NA,NA,1.0204081632653061,NA,36.73469387755101,25.51020408163266,0,6.122448979591836,NA,NA,NA,0,NA,NA,NA,2.0408163265306123,28.571428571428573,NA,NA,NA,NA,NA,NA,NA,NA,NA
2024-08-14,U3-24AUG,95,NA,NA,NA,NA,NA,NA,1.0204081632653061,NA,34.69387755102042,27.551020408163257,0,6.122448979591836,NA,NA,NA,0,NA,NA,NA,2.0408163265306123,28.571428571428573,NA,NA,NA,NA,NA,NA,NA,NA,NA
2024-08-15,U3-24AUG,310,NA,NA,NA,NA,NA,NA,1.0204081632653061,NA,21.428571428571438,27.551020408163257,0,6.122448979591836,NA,NA,NA,0,NA,NA,NA,15.306122448979592,28.571428571428573,NA,NA,NA,NA,NA,NA,NA,NA,NA
2024-08-16,U3-24AUG,36,NA,NA,NA,NA,NA,NA,12.244897959183673,NA,21.428571428571438,27.551020408163257,0,6.122448979591836,NA,NA,NA,0,NA,NA,NA,15.306122448979592,17.346938775510203,NA,NA,NA,NA,NA,NA,NA,NA,NA
2024-08-17,U3-24AUG,47,NA,NA,NA,NA,NA,NA,0,NA,17.346938775510203,12.244897959183673,6.122448979591836,15.306122448979592,NA,NA,NA,0,NA,NA,NA,48.97959183673469,0,NA,NA,NA,NA,NA,NA,NA,NA,NA
2024-08-18,U3-24AUG,0,NA,NA,NA,NA,NA,NA,0,NA,17.346938775510203,12.244897959183673,6.122448979591836,15.306122448979592,NA,NA,NA,0,NA,NA,NA,48.97959183673469,0,NA,NA,NA,NA,NA,NA,NA,NA,NA
2024-08-19,U3-24AUG,414,NA,NA,NA,NA,NA,NA,2.0408163265306123,NA,3.0612244897959253,27.551020408163257,6.122448979591836,2.0408163265306123,NA,NA,NA,0,NA,NA,NA,31.632653061224488,27.551020408163264,NA,NA,NA,NA,NA,NA,NA,NA,NA
2024-08-20,U3-24AUG,1,NA,NA,NA,NA,NA,NA,0,NA,30.612244897959183,27.551020408163264,6.122448979591836,2.0408163265306123,NA,NA,NA,0,NA,NA,NA,31.632653061224488,2.0408163265306123,NA,NA,NA,NA,NA,NA,NA,NA,NA
2024-08-21,U3-24AUG,16,NA,NA,NA,NA,NA,NA,0,NA,30.612244897959183,27.551020408163264,6.122448979591836,2.0408163265306123,0,0,0,0,NA,NA,NA,31.632653061224488,2.0408163265306123,NA,NA,NA,NA,NA,NA,NA,NA,NA
2024-08-22,U3-24AUG,281,NA,NA,NA,NA,NA,NA,2.0408163265306123,NA,5.102040816326523,25.51020408163266,6.122448979591836,2.0408163265306123,0,0,0,0,NA,NA,NA,31.632653061224488,27.551020408163264,NA,NA,NA,NA,NA,NA,NA,NA,NA
2024-08-23,U3-24AUG,349,NA,NA,NA,NA,NA,NA,2.0408163265306123,NA,6.122448979591836,47.95918367346939,6.122448979591836,2.0408163265306123,0,0,0,0,NA,NA,NA,31.632653061224488,4.0816326530612255,NA,NA,NA,NA,NA,NA,NA,NA,NA
2024-08-24,U3-24AUG,0,NA,NA,NA,NA,NA,NA,2.0408163265306123,NA,6.122448979591836,47.95918367346939,6.122448979591836,2.0408163265306123,0,0,0,0,NA,NA,NA,31.632653061224488,4.0816326530612255,NA,NA,NA,NA,NA,NA,NA,NA,NA
2024-08-25,U3-24AUG,0,NA,NA,NA,NA,NA,NA,2.0408163265306123,NA,6.122448979591836,47.95918367346939,6.122448979591836,2.0408163265306123,0,0,0,0,NA,NA,NA,31.632653061224488,4.0816326530612255,NA,NA,NA,NA,NA,NA,NA,NA,NA
2024-08-26,U3-24AUG,250,NA,NA,NA,NA,NA,NA,2.0408163265306123,NA,17.346938775510196,48.979591836734706,6.122448979591836,2.0408163265306123,0,0,0,0,NA,NA,NA,19.387755102040817,4.0816326530612255,NA,NA,NA,NA,NA,NA,NA,NA,NA
2024-08-27,U3-24AUG,2156,NA,NA,NA,NA,NA,NA,0,NA,17.346938775510203,39.795918367346935,6.122448979591836,15.306122448979592,0,0,0,0,NA,NA,NA,13.26530612244898,8.16326530612245,NA,NA,NA,NA,NA,NA,NA,NA,NA
2024-08-28,U3-24AUG,35,NA,NA,NA,NA,NA,NA,0,NA,20.408163265306122,36.734693877551024,6.122448979591836,15.306122448979592,0,0,0,0,NA,NA,NA,13.26530612244898,8.16326530612245,NA,NA,NA,NA,NA,NA,NA,NA,NA
2024-08-29,U3-24AUG,8431,NA,NA,NA,NA,NA,NA,0,NA,14.285714285714286,6.122448979591836,2.0408163265306123,15.306122448979592,0,0,0,6.122448979591836,NA,NA,NA,52.04081632653061,4.081632653061225,NA,NA,NA,NA,NA,NA,NA,NA,NA
2024-08-30,U3-24AUG,5561,NA,NA,NA,NA,NA,NA,4.081632653061225,NA,16.3265306122449,9.183673469387756,2.0408163265306123,15.306122448979592,0,0,0,6.122448979591836,NA,NA,NA,26.53061224489796,20.408163265306122,NA,NA,NA,NA,NA,NA,NA,NA,NA
2024-08-31,U3-24AUG,76,NA,NA,NA,NA,NA,NA,0,NA,33.673469387755105,12.244897959183673,5.1020408163265305,22.448979591836736,0,0,0,0,NA,NA,NA,22.448979591836736,4.081632653061225,NA,NA,NA,NA,NA,NA,NA,NA,NA
2024-09-01,U3-24AUG,598,NA,NA,NA,NA,NA,NA,0,NA,14.285714285714286,12.244897959183673,5.1020408163265305,18.367346938775512,0,0,0,0,NA,NA,NA,45.91836734693877,4.081632653061225,NA,NA,NA,NA,NA,NA,NA,NA,NA
2024-09-02,U3-24AUG,3168,NA,NA,NA,NA,NA,NA,3.061224489795918,NA,27.551020408163264,18.367346938775512,5.1020408163265305,10.204081632653061,0,0,0,0,NA,NA,NA,20.408163265306122,15.306122448979592,NA,NA,NA,NA,NA,NA,NA,NA,NA
2024-09-03,U3-24AUG,2437,NA,NA,NA,NA,NA,NA,3.061224489795918,NA,27.551020408163264,28.571428571428573,5.1020408163265305,10.204081632653061,0,0,0,0,NA,NA,NA,20.408163265306122,5.1020408163265305,NA,NA,NA,NA,NA,NA,NA,NA,NA
2024-09-04,U3-24AUG,10333,NA,NA,NA,NA,NA,NA,3.061224489795918,NA,33.673469387755105,11.224489795918368,5.1020408163265305,12.244897959183673,0,0,0,6.122448979591836,NA,NA,NA,22.448979591836736,6.122448979591836,NA,NA,NA,NA,NA,NA,NA,NA,NA
2024-09-05,U3-24AUG,7022,NA,NA,NA,NA,NA,NA,3.061224489795918,NA,28.571428571428573,16.3265306122449,3.061224489795918,11.224489795918368,0,0,0,0,NA,NA,NA,31.632653061224488,6.122448979591836,NA,NA,NA,NA,NA,NA,NA,NA,NA
2024-09-06,U3-24AUG,1757,NA,NA,NA,NA,NA,NA,2.0408163265306123,NA,33.673469387755105,14.285714285714286,3.061224489795918,9.183673469387756,0,0,0,0,NA,NA,NA,33.673469387755105,4.0816326530612255,NA,NA,NA,NA,NA,NA,NA,NA,NA
2024-09-06,U3-24SEP,10,NA,NA,NA,NA,NA,NA,NA,NA,47.95918367346939,NA,NA,NA,NA,NA,NA,NA,NA,NA,NA,52.04081632653061,NA,NA,NA,NA,NA,NA,NA,NA,NA,NA
2024-09-07,U3-24SEP,108,NA,NA,NA,NA,NA,NA,NA,NA,47.95918367346939,NA,NA,NA,NA,NA,NA,NA,NA,NA,NA,52.04081632653061,NA,NA,NA,NA,NA,NA,NA,NA,NA,NA
2024-09-08,U3-24SEP,120,NA,NA,NA,NA,NA,NA,NA,NA,46.93877551020408,2.0408163265306123,NA,NA,NA,NA,NA,NA,NA,NA,NA,51.02040816326531,0,NA,NA,NA,NA,NA,NA,NA,NA,NA
2024-09-09,U3-24SEP,119,NA,NA,NA,NA,NA,NA,NA,NA,46.93877551020408,2.0408163265306123,NA,27.551020408163264,NA,NA,NA,NA,NA,NA,NA,23.46938775510204,0,NA,NA,NA,NA,NA,NA,NA,NA,NA
2024-09-10,U3-24SEP,58,NA,NA,NA,NA,NA,NA,NA,NA,46.93877551020408,2.0408163265306123,NA,27.551020408163264,NA,NA,NA,NA,NA,NA,NA,23.46938775510204,0,NA,NA,NA,NA,NA,NA,NA,NA,NA
2024-09-11,U3-24SEP,296,NA,NA,NA,NA,NA,NA,NA,NA,46.93877551020408,2.0408163265306123,NA,27.551020408163264,NA,NA,NA,NA,NA,NA,NA,23.46938775510204,0,NA,NA,NA,NA,NA,NA,NA,NA,NA
2024-09-12,U3-24SEP,38,NA,NA,NA,NA,NA,NA,NA,NA,46.93877551020408,2.0408163265306123,NA,27.551020408163264,NA,NA,NA,NA,NA,NA,NA,23.46938775510204,0,NA,NA,NA,NA,NA,NA,NA,NA,NA
2024-09-13,U3-24SEP,39,NA,NA,NA,NA,NA,NA,NA,NA,46.93877551020408,2.0408163265306123,NA,27.551020408163264,NA,NA,NA,NA,NA,NA,NA,23.46938775510204,0,NA,NA,NA,NA,NA,NA,NA,NA,NA
2024-09-14,U3-24SEP,3,NA,NA,NA,NA,NA,NA,NA,NA,38.775510204081634,2.0408163265306123,NA,27.551020408163264,NA,NA,NA,NA,NA,NA,NA,31.632653061224488,0,NA,NA,NA,NA,NA,NA,NA,NA,NA
2024-09-15,U3-24SEP,0,NA,NA,NA,NA,NA,NA,NA,NA,38.775510204081634,2.0408163265306123,NA,27.551020408163264,NA,NA,NA,NA,NA,NA,NA,31.632653061224488,0,NA,NA,NA,NA,NA,NA,NA,NA,NA
2024-09-16,U3-24SEP,97,NA,NA,NA,NA,NA,NA,NA,NA,47.95918367346939,2.0408163265306123,NA,27.551020408163264,NA,NA,NA,NA,NA,NA,NA,22.448979591836736,0,NA,NA,NA,NA,NA,NA,NA,NA,NA
2024-09-17,U3-24SEP,19,NA,NA,NA,NA,NA,NA,NA,NA,47.95918367346939,2.0408163265306123,NA,27.551020408163264,NA,NA,NA,NA,NA,NA,NA,22.448979591836736,0,NA,NA,NA,NA,NA,NA,NA,NA,NA
2024-09-18,U3-24SEP,646,NA,NA,NA,NA,NA,NA,NA,NA,48.97959183673469,2.0408163265306123,NA,26.53061224489796,NA,NA,NA,NA,NA,NA,NA,22.448979591836736,0,NA,NA,NA,NA,NA,NA,NA,NA,NA
2024-09-19,U3-24SEP,656,NA,NA,NA,NA,NA,NA,NA,NA,33.673469387755105,16.3265306122449,8.16326530612245,20.408163265306122,NA,NA,NA,NA,NA,NA,NA,20.408163265306122,1.0204081632653061,NA,NA,NA,NA,NA,NA,NA,NA,NA
2024-09-20,U3-24SEP,30,NA,NA,NA,NA,NA,NA,NA,NA,40.81632653061224,16.3265306122449,5.1020408163265305,23.46938775510204,NA,NA,NA,NA,NA,NA,NA,13.265306122448987,1.0204081632653061,NA,NA,NA,NA,NA,NA,NA,NA,NA
2024-09-21,U3-24SEP,180,NA,NA,NA,NA,NA,NA,NA,NA,39.79591836734693,16.3265306122449,5.1020408163265305,23.46938775510204,NA,NA,NA,NA,NA,NA,NA,14.285714285714292,1.0204081632653061,NA,NA,NA,NA,NA,NA,NA,NA,NA
2024-09-22,U3-24SEP,100,NA,NA,NA,NA,NA,NA,NA,NA,39.79591836734693,16.3265306122449,5.1020408163265305,23.46938775510204,NA,NA,NA,NA,NA,NA,NA,14.285714285714292,1.0204081632653061,NA,NA,NA,NA,NA,NA,NA,NA,NA
2024-09-23,U3-24SEP,0,NA,NA,NA,NA,NA,NA,NA,NA,39.79591836734693,16.3265306122449,5.1020408163265305,23.46938775510204,NA,NA,NA,NA,NA,NA,NA,14.285714285714292,1.0204081632653061,NA,NA,NA,NA,NA,NA,NA,NA,NA
2024-09-24,U3-24SEP,28,NA,NA,NA,NA,NA,NA,NA,NA,29.591836734693867,26.530612244897963,6.122448979591836,22.448979591836736,NA,NA,NA,NA,NA,NA,NA,14.285714285714292,1.0204081632653061,NA,NA,NA,NA,NA,NA,NA,NA,NA
2024-09-25,U3-24SEP,122,NA,NA,NA,NA,NA,NA,NA,NA,23.469387755102037,26.530612244897963,6.122448979591836,22.448979591836736,NA,0,0,0,NA,NA,NA,20.408163265306122,1.0204081632653061,NA,NA,NA,NA,NA,NA,NA,NA,NA
2024-09-26,U3-24SEP,308,NA,NA,NA,NA,NA,NA,NA,NA,31.632653061224485,25.510204081632658,6.122448979591836,22.448979591836736,NA,0,0,0,NA,NA,NA,12.244897959183673,2.0408163265306123,NA,NA,NA,NA,NA,NA,NA,NA,NA
2024-09-27,U3-24SEP,220,NA,NA,NA,NA,NA,NA,NA,NA,31.632653061224485,21.428571428571434,6.122448979591836,22.448979591836736,NA,0,0,0,NA,NA,NA,12.244897959183673,6.122448979591838,NA,NA,NA,NA,NA,NA,NA,NA,NA
2024-09-28,U3-24SEP,1956,NA,NA,NA,NA,NA,NA,NA,NA,41.83673469387755,15.306122448979592,6.122448979591836,16.3265306122449,NA,0,0,0,NA,NA,NA,14.285714285714286,6.122448979591838,NA,NA,NA,NA,NA,NA,NA,NA,NA
2024-09-29,U3-24SEP,377,NA,NA,NA,NA,NA,NA,1.0204081632653061,0,41.83673469387755,16.3265306122449,6.122448979591836,16.3265306122449,NA,0,0,0,NA,NA,NA,13.26530612244898,5.102040816326531,NA,NA,NA,NA,NA,NA,NA,NA,NA
2024-09-30,U3-24SEP,358,NA,NA,NA,NA,NA,NA,1.0204081632653061,0,41.83673469387755,19.387755102040817,2.0408163265306123,20.408163265306122,NA,0,0,0,NA,NA,NA,10.204081632653061,5.102040816326531,NA,NA,NA,NA,NA,NA,NA,NA,NA
2024-10-01,U3-24SEP,1845,NA,NA,NA,NA,NA,NA,1.0204081632653061,0,37.755102040816325,19.387755102040817,8.16326530612245,8.16326530612245,NA,0,0,0,NA,NA,NA,20.408163265306122,5.102040816326531,NA,NA,NA,NA,NA,NA,NA,NA,NA
2024-10-02,U3-24SEP,3156,NA,NA,NA,NA,NA,NA,0,0,43.87755102040816,17.346938775510203,8.16326530612245,17.346938775510203,NA,0,0,0,NA,NA,NA,7.142857142857143,6.122448979591838,NA,NA,NA,NA,NA,NA,NA,NA,NA
2024-10-03,U3-24SEP,2065,NA,NA,NA,NA,NA,NA,0,0,30.612244897959183,27.551020408163264,7.142857142857143,17.346938775510203,NA,0,0,1.0204081632653061,NA,NA,NA,10.204081632653061,6.122448979591838,NA,NA,NA,NA,NA,NA,NA,NA,NA
2024-10-04,U3-24OCT,391,NA,NA,NA,NA,NA,NA,0,NA,27.55102040816327,0,20.408163265306122,20.408163265306122,NA,NA,NA,11.224489795918368,NA,NA,NA,20.40816326530612,0,NA,NA,NA,NA,NA,NA,NA,NA,NA
2024-10-04,U3-24SEP,458,NA,NA,NA,NA,NA,NA,0,0,18.367346938775512,27.551020408163264,2.0408163265306123,22.448979591836736,NA,0,0,1.0204081632653061,NA,NA,NA,22.448979591836736,6.122448979591838,NA,NA,NA,NA,NA,NA,NA,NA,NA
2024-10-05,U3-24OCT,0,NA,NA,NA,NA,NA,NA,0,NA,27.55102040816327,0,20.408163265306122,20.408163265306122,NA,NA,NA,11.224489795918368,NA,NA,NA,20.40816326530612,0,NA,NA,NA,NA,NA,NA,NA,NA,NA
2024-10-06,U3-24OCT,34,NA,NA,NA,NA,NA,NA,0,NA,27.55102040816327,0,9.183673469387756,20.408163265306122,NA,NA,NA,22.448979591836736,NA,NA,NA,20.40816326530612,0,NA,NA,NA,NA,NA,NA,NA,NA,NA
2024-10-07,U3-24OCT,20,NA,NA,NA,NA,NA,NA,0,NA,27.55102040816327,0,9.183673469387756,20.408163265306122,NA,NA,NA,22.448979591836736,NA,NA,NA,20.40816326530612,0,NA,NA,NA,NA,NA,NA,NA,NA,NA
2024-10-08,U3-24OCT,117,NA,NA,NA,NA,NA,NA,0,NA,27.55102040816327,0,9.183673469387756,20.408163265306122,NA,NA,NA,22.448979591836736,NA,NA,NA,20.40816326530612,0,NA,NA,NA,NA,NA,NA,NA,NA,NA
2024-10-09,U3-24OCT,132,NA,NA,NA,NA,NA,NA,0,NA,27.55102040816327,0,9.183673469387756,18.367346938775512,NA,NA,NA,22.448979591836736,NA,NA,NA,22.44897959183673,0,NA,NA,NA,NA,NA,NA,NA,NA,NA
2024-10-10,U3-24OCT,31,NA,NA,NA,NA,NA,NA,0,NA,27.55102040816327,0,9.183673469387756,18.367346938775512,0,0,0,22.448979591836736,NA,NA,NA,22.44897959183673,0,NA,NA,NA,NA,NA,NA,NA,NA,NA
2024-10-11,U3-24OCT,0,NA,NA,NA,NA,NA,NA,0,NA,27.55102040816327,0,9.183673469387756,18.367346938775512,0,0,0,22.448979591836736,NA,NA,NA,22.44897959183673,0,NA,NA,NA,NA,NA,NA,NA,NA,NA
2024-10-12,U3-24OCT,0,NA,NA,NA,NA,NA,NA,0,NA,27.55102040816327,0,9.183673469387756,18.367346938775512,0,0,0,22.448979591836736,NA,NA,NA,22.44897959183673,0,NA,NA,NA,NA,NA,NA,NA,NA,NA
2024-10-13,U3-24OCT,0,NA,NA,NA,NA,NA,NA,0,NA,27.55102040816327,0,9.183673469387756,18.367346938775512,0,0,0,22.448979591836736,NA,NA,NA,22.44897959183673,0,NA,NA,NA,NA,NA,NA,NA,NA,NA
2024-10-14,U3-24OCT,123,NA,NA,NA,NA,NA,NA,0,NA,27.55102040816327,0,20.408163265306122,18.367346938775512,0,0,0,11.224489795918368,NA,NA,NA,22.44897959183673,0,NA,NA,NA,NA,NA,NA,NA,NA,NA
2024-10-15,U3-24OCT,8,NA,NA,NA,NA,NA,NA,0,NA,27.55102040816327,0,20.408163265306122,26.53061224489796,0,0,0,11.224489795918368,NA,NA,NA,14.285714285714281,0,NA,NA,NA,NA,NA,NA,NA,NA,NA
2024-10-16,U3-24OCT,370,NA,NA,NA,NA,NA,NA,0,NA,26.53061224489796,0,16.3265306122449,21.428571428571427,0,0,0,11.224489795918368,NA,NA,NA,24.489795918367346,0,NA,NA,NA,NA,NA,NA,NA,NA,NA
2024-10-17,U3-24OCT,219,NA,NA,NA,NA,NA,NA,0,NA,24.489795918367346,2.0408163265306123,16.3265306122449,21.428571428571427,0,0,0,11.224489795918368,NA,NA,NA,24.489795918367346,0,NA,NA,NA,NA,NA,NA,NA,NA,NA
2024-10-18,U3-24OCT,0,NA,NA,NA,NA,NA,NA,0,NA,24.489795918367346,2.0408163265306123,16.3265306122449,21.428571428571427,0,0,0,11.224489795918368,NA,NA,NA,24.489795918367346,0,NA,NA,NA,NA,NA,NA,NA,NA,NA
2024-10-19,U3-24OCT,18,NA,NA,NA,NA,NA,NA,0,NA,15.306122448979592,2.0408163265306123,16.3265306122449,21.428571428571427,0,0,0,11.224489795918368,NA,NA,NA,33.673469387755105,0,NA,NA,NA,NA,NA,NA,NA,NA,NA
2024-10-20,U3-24OCT,54,NA,NA,NA,NA,NA,NA,0,NA,15.306122448979592,2.0408163265306123,19.387755102040817,21.428571428571427,0,0,0,8.16326530612245,NA,NA,NA,33.673469387755105,0,NA,NA,NA,NA,NA,NA,NA,NA,NA
2024-10-21,U3-24OCT,68,NA,NA,NA,NA,NA,NA,0,NA,15.306122448979592,2.0408163265306123,19.387755102040817,21.428571428571427,0,0,0,8.16326530612245,NA,NA,NA,33.673469387755105,0,NA,NA,NA,NA,NA,NA,NA,NA,NA
2024-10-22,U3-24OCT,75,NA,NA,NA,NA,NA,NA,0,NA,15.306122448979592,2.0408163265306123,19.387755102040817,40.816326530612244,0,0,0,8.16326530612245,NA,NA,NA,14.285714285714286,0,NA,NA,NA,NA,NA,NA,NA,NA,NA
2024-10-23,U3-24OCT,0,NA,NA,NA,NA,NA,NA,0,NA,15.306122448979592,2.0408163265306123,19.387755102040817,40.816326530612244,0,0,0,8.16326530612245,NA,NA,NA,14.285714285714286,0,NA,NA,NA,NA,NA,NA,NA,NA,NA
2024-10-24,U3-24OCT,202,NA,NA,NA,NA,NA,NA,0,NA,16.3265306122449,2.0408163265306123,19.387755102040817,23.46938775510204,0,0,0,8.16326530612245,NA,NA,NA,30.612244897959183,0,NA,NA,NA,NA,NA,NA,NA,NA,NA
2024-10-25,U3-24OCT,0,NA,NA,NA,NA,NA,NA,0,NA,16.3265306122449,2.0408163265306123,19.387755102040817,23.46938775510204,0,0,0,8.16326530612245,NA,NA,NA,30.612244897959183,0,NA,NA,NA,NA,NA,NA,NA,NA,NA
2024-10-26,U3-24OCT,13,NA,NA,NA,NA,NA,NA,0,NA,16.3265306122449,2.0408163265306123,19.387755102040817,23.46938775510204,0,0,0,8.16326530612245,NA,NA,NA,30.612244897959183,0,NA,NA,NA,NA,NA,NA,NA,NA,NA
2024-10-27,U3-24OCT,5,NA,NA,NA,NA,NA,NA,0,NA,13.26530612244898,2.0408163265306123,19.387755102040817,23.46938775510204,0,0,0,8.16326530612245,NA,NA,NA,33.673469387755105,0,NA,NA,NA,NA,NA,NA,NA,NA,NA
2024-10-28,U3-24OCT,50,NA,NA,NA,NA,NA,NA,0,NA,13.26530612244898,2.0408163265306123,21.428571428571427,21.428571428571427,0,0,0,8.16326530612245,NA,NA,NA,33.673469387755105,0,NA,NA,NA,NA,NA,NA,NA,NA,NA
2024-10-29,U3-24OCT,46,NA,NA,NA,NA,NA,NA,0,NA,13.26530612244898,2.0408163265306123,21.428571428571427,25.510204081632654,0,0,0,8.16326530612245,NA,NA,NA,29.591836734693878,0,NA,NA,NA,NA,NA,NA,NA,NA,NA
2024-10-30,U3-24OCT,102,NA,NA,NA,NA,NA,NA,0,NA,13.26530612244898,2.0408163265306123,19.387755102040817,25.510204081632654,0,0,0,10.204081632653061,NA,NA,NA,29.591836734693878,0,NA,NA,NA,NA,NA,NA,NA,NA,NA
2024-10-31,U3-24OCT,899,NA,NA,NA,NA,NA,NA,0,NA,13.26530612244898,2.0408163265306123,20.408163265306122,31.632653061224488,0,0,0,9.183673469387756,NA,NA,NA,23.46938775510204,0,NA,NA,NA,NA,NA,NA,NA,NA,NA
2024-11-01,U3-24OCT,163,NA,NA,NA,NA,NA,NA,0,NA,15.306122448979592,0,34.6938775510204,17.34693877551021,0,0,0,9.183673469387756,NA,NA,NA,23.46938775510204,0,NA,NA,NA,NA,NA,NA,NA,NA,NA
2024-11-06,KXU3-24NOV,5408,NA,NA,NA,NA,NA,NA,NA,NA,10.204081632653061,NA,16.3265306122449,3.061224489795918,0,0,4.081632653061225,4.081632653061225,0,0,0,62.244897959183675,NA,NA,NA,NA,NA,NA,NA,NA,NA,NA
2024-11-07,KXU3-24NOV,3061,NA,NA,NA,NA,NA,NA,NA,NA,75.51020408163265,NA,4.081632653061225,4.081632653061225,0,0,0,0,0,0,0,16.3265306122449,NA,NA,NA,NA,NA,NA,NA,NA,NA,NA
2024-11-08,KXU3-24NOV,1506,NA,NA,NA,NA,NA,NA,NA,NA,57.14285714285713,NA,4.081632653061225,16.3265306122449,0,0,0,4.081632653061225,0,0,0,18.367346938775515,NA,NA,NA,NA,NA,NA,NA,NA,NA,NA
2024-11-09,KXU3-24NOV,2649,NA,NA,NA,NA,NA,NA,NA,NA,16.3265306122449,NA,16.3265306122449,28.571428571428573,0,0,4.081632653061225,4.081632653061225,0,0,0,30.612244897959183,NA,NA,NA,NA,NA,NA,NA,NA,NA,NA
2024-11-10,KXU3-24NOV,323,NA,NA,NA,NA,NA,NA,NA,NA,44.89795918367347,NA,3.061224489795918,42.857142857142854,0,0,0,0,0,0,0,9.183673469387756,NA,NA,NA,NA,NA,NA,NA,NA,NA,NA
2024-11-11,KXU3-24NOV,730,NA,NA,NA,NA,NA,NA,NA,NA,48.97959183673469,NA,3.061224489795918,42.857142857142854,0,0,0,0,0,0,0,5.1020408163265305,NA,NA,NA,NA,NA,NA,NA,NA,NA,NA
2024-11-12,KXU3-24NOV,1952,NA,NA,NA,NA,NA,NA,NA,NA,48.97959183673469,NA,3.061224489795918,47.95918367346939,0,0,0,0,0,0,0,0,NA,NA,NA,NA,NA,NA,NA,NA,NA,NA
2024-11-13,KXU3-24NOV,233,NA,NA,NA,NA,NA,NA,NA,NA,10.204081632653061,NA,3.061224489795918,52.04081632653061,0,0,0,0,0,0,0,34.69387755102041,NA,NA,NA,NA,NA,NA,NA,NA,NA,NA
2024-11-14,KXU3-24NOV,1939,NA,NA,NA,NA,NA,NA,NA,NA,10.204081632653061,NA,17.346938775510203,21.428571428571427,0,4.081632653061225,13.26530612244898,4.081632653061225,0,0,0,29.591836734693878,NA,NA,NA,NA,NA,NA,NA,NA,NA,NA
2024-11-15,KXU3-24NOV,915,NA,NA,NA,NA,NA,NA,NA,NA,27.55102040816327,NA,17.346938775510203,8.16326530612245,0,4.081632653061225,13.26530612244898,4.081632653061225,0,0,0,25.510204081632647,NA,NA,NA,NA,NA,NA,NA,NA,NA,NA
2024-11-16,KXU3-24NOV,1132,NA,NA,NA,NA,NA,NA,NA,NA,27.55102040816327,NA,17.346938775510203,15.306122448979592,0,4.081632653061225,13.26530612244898,4.081632653061225,0,0,0,18.367346938775505,NA,NA,NA,NA,NA,NA,NA,NA,NA,NA
2024-11-17,KXU3-24NOV,1057,NA,NA,NA,NA,NA,NA,NA,NA,27.55102040816327,NA,17.346938775510203,29.591836734693878,0,0,1.0204081632653061,20.408163265306122,0,0,0,4.081632653061221,NA,NA,NA,NA,NA,NA,NA,NA,NA,NA
2024-11-18,KXU3-24NOV,5876,NA,NA,NA,NA,NA,NA,NA,NA,12.244897959183673,NA,2.0408163265306123,38.775510204081634,0,0,1.0204081632653061,20.408163265306122,0,0,0,25.510204081632654,NA,NA,NA,NA,NA,NA,NA,NA,NA,NA
2024-11-19,KXU3-24NOV,2281,NA,NA,NA,NA,NA,NA,NA,NA,13.265306122448981,NA,3.061224489795918,38.775510204081634,0,0,1.0204081632653061,20.408163265306122,0,0,0,23.46938775510204,NA,NA,NA,NA,NA,NA,NA,NA,NA,NA
2024-11-20,KXU3-24NOV,4853,NA,NA,NA,NA,NA,NA,NA,NA,14.285714285714286,NA,23.46938775510204,33.673469387755105,0,0,1.0204081632653061,5.1020408163265305,0,0,0,22.448979591836736,NA,NA,NA,NA,NA,NA,NA,NA,NA,NA
2024-11-21,KXU3-24NOV,5156,NA,NA,NA,NA,NA,NA,NA,NA,13.265306122448981,NA,23.46938775510204,33.673469387755105,0,0,1.0204081632653061,5.1020408163265305,0,0,0,23.46938775510204,NA,NA,NA,NA,NA,NA,NA,NA,NA,NA
2024-11-22,KXU3-24NOV,735,NA,NA,NA,NA,NA,NA,NA,NA,13.265306122448981,NA,20.408163265306122,29.591836734693878,0,0,1.0204081632653061,5.1020408163265305,0,0,0,30.612244897959183,NA,NA,NA,NA,NA,NA,NA,NA,NA,NA
2024-11-23,KXU3-24NOV,1616,NA,NA,NA,NA,NA,NA,NA,NA,14.285714285714286,NA,17.346938775510203,38.775510204081634,0,0,1.0204081632653061,5.1020408163265305,0,0,0,23.46938775510204,NA,NA,NA,NA,NA,NA,NA,NA,NA,NA
2024-11-24,KXU3-24NOV,1704,NA,NA,NA,NA,NA,NA,NA,NA,15.306122448979592,NA,17.346938775510203,32.6530612244898,0,0,1.0204081632653061,5.1020408163265305,0,0,0,28.571428571428573,NA,NA,NA,NA,NA,NA,NA,NA,NA,NA
2024-11-25,KXU3-24NOV,965,NA,NA,NA,NA,NA,NA,NA,NA,15.306122448979592,NA,22.448979591836736,32.6530612244898,0,0,0,1.0204081632653061,0,0,0,28.571428571428573,NA,NA,NA,NA,NA,NA,NA,NA,NA,NA
2024-11-26,KXU3-24NOV,1343,NA,NA,NA,NA,NA,NA,NA,NA,11.224489795918368,NA,22.448979591836736,38.775510204081634,0,0,0,1.0204081632653061,0,0,0,26.53061224489796,NA,NA,NA,NA,NA,NA,NA,NA,NA,NA
2024-11-27,KXU3-24NOV,208,NA,NA,NA,NA,NA,NA,NA,NA,11.224489795918368,NA,22.448979591836736,33.673469387755105,0,0,0,1.0204081632653061,0,0,0,31.632653061224488,NA,NA,NA,NA,NA,NA,NA,NA,NA,NA
2024-11-28,KXU3-24NOV,7202,NA,NA,NA,NA,NA,NA,NA,NA,18.367346938775512,NA,21.428571428571427,34.69387755102041,0,0,0,1.0204081632653061,0,0,0,24.489795918367346,NA,NA,NA,NA,NA,NA,NA,NA,NA,NA
2024-11-29,KXU3-24NOV,2831,NA,NA,NA,NA,NA,NA,NA,NA,11.224489795918368,NA,22.448979591836736,39.795918367346935,0,0,0,1.0204081632653061,0,0,0,25.510204081632654,NA,NA,NA,NA,NA,NA,NA,NA,NA,NA
2024-11-30,KXU3-24NOV,11937,NA,NA,NA,NA,NA,NA,NA,NA,10.204081632653061,NA,23.46938775510204,23.46938775510204,0,0,0,1.0204081632653061,0,0,0,41.83673469387755,NA,NA,NA,NA,NA,NA,NA,NA,NA,NA
2024-12-01,KXU3-24NOV,3583,NA,NA,NA,NA,NA,NA,NA,NA,8.16326530612245,NA,22.448979591836736,33.673469387755105,0,0,0,1.0204081632653061,0,0,0,34.69387755102041,NA,NA,NA,NA,NA,NA,NA,NA,NA,NA
2024-12-02,KXU3-24NOV,5672,NA,NA,NA,NA,NA,NA,NA,NA,9.183673469387756,NA,22.448979591836736,36.734693877551024,0,0,0,1.0204081632653061,0,0,0,30.612244897959183,NA,NA,NA,NA,NA,NA,NA,NA,NA,NA
2024-12-03,KXU3-24NOV,5154,NA,NA,NA,NA,NA,NA,NA,NA,10.204081632653061,NA,20.408163265306122,40.816326530612244,0,0,0,2.0408163265306123,0,0,0,26.53061224489796,NA,NA,NA,NA,NA,NA,NA,NA,NA,NA
2024-12-04,KXU3-24NOV,3231,NA,NA,NA,NA,NA,NA,NA,NA,11.224489795918368,NA,14.285714285714286,43.87755102040816,0,0,0,2.0408163265306123,0,0,0,28.571428571428573,NA,NA,NA,NA,NA,NA,NA,NA,NA,NA
2024-12-05,KXU3-24NOV,13801,NA,NA,NA,NA,NA,NA,NA,NA,10.204081632653061,NA,16.3265306122449,43.87755102040816,0,0,0,2.0408163265306123,0,0,0,27.551020408163264,NA,NA,NA,NA,NA,NA,NA,NA,NA,NA
2024-12-06,KXU3-24NOV,6427,NA,NA,NA,NA,NA,NA,NA,NA,11.224489795918368,NA,17.346938775510203,51.02040816326531,0,0,0,1.0204081632653061,0,0,0,19.387755102040817,NA,NA,NA,NA,NA,NA,NA,NA,NA,NA
2024-12-11,KXU3-24DEC,632,NA,NA,NA,NA,NA,NA,NA,NA,32.6530612244898,17.346938775510203,5.1020408163265305,21.428571428571427,NA,NA,0,0,NA,NA,NA,23.46938775510204,NA,NA,NA,NA,NA,NA,NA,NA,NA,NA
2024-12-12,KXU3-24DEC,389,NA,NA,NA,NA,NA,NA,NA,NA,33.673469387755105,17.346938775510203,3.061224489795918,29.591836734693878,NA,NA,0,0,NA,NA,NA,16.3265306122449,NA,NA,NA,NA,NA,NA,NA,NA,NA,NA
2024-12-13,KXU3-24DEC,1967,NA,NA,NA,NA,NA,NA,NA,NA,33.673469387755105,18.367346938775512,3.061224489795918,26.53061224489796,NA,NA,0,0,NA,NA,NA,18.367346938775512,NA,NA,NA,NA,NA,NA,NA,NA,NA,NA
2024-12-14,KXU3-24DEC,1060,NA,NA,NA,NA,NA,NA,NA,NA,31.632653061224488,21.428571428571427,3.061224489795918,22.448979591836736,NA,NA,0,0,NA,NA,NA,21.428571428571427,NA,NA,NA,NA,NA,NA,NA,NA,NA,NA
2024-12-15,KXU3-24DEC,1039,NA,NA,NA,NA,NA,NA,NA,NA,36.734693877551024,16.3265306122449,4.081632653061225,21.428571428571427,NA,NA,0,0,NA,NA,NA,21.428571428571427,NA,NA,NA,NA,NA,NA,NA,NA,NA,NA
2024-12-16,KXU3-24DEC,121,NA,NA,NA,NA,NA,NA,NA,NA,36.734693877551024,16.3265306122449,4.081632653061225,21.428571428571427,NA,NA,0,0,NA,NA,NA,21.428571428571427,NA,NA,NA,NA,NA,NA,NA,NA,NA,NA
2024-12-17,KXU3-24DEC,23,NA,NA,NA,NA,NA,NA,NA,NA,36.734693877551024,16.3265306122449,4.081632653061225,21.428571428571427,NA,NA,0,0,NA,NA,NA,21.428571428571427,NA,NA,NA,NA,NA,NA,NA,NA,NA,NA
2024-12-18,KXU3-24DEC,2663,NA,NA,NA,NA,NA,NA,NA,NA,37.755102040816325,22.448979591836736,1.0204081632653061,21.428571428571427,NA,NA,0,3.061224489795918,NA,NA,NA,14.285714285714286,NA,NA,NA,NA,NA,NA,NA,NA,NA,NA
2024-12-19,KXU3-24DEC,649,NA,NA,NA,NA,NA,NA,NA,NA,41.83673469387755,20.408163265306122,1.0204081632653061,21.428571428571427,NA,NA,0,3.061224489795918,NA,NA,NA,12.244897959183673,NA,NA,NA,NA,NA,NA,NA,NA,NA,NA
2024-12-20,KXU3-24DEC,330,NA,NA,NA,NA,NA,NA,NA,NA,36.73469387755101,20.408163265306122,1.0204081632653061,20.408163265306122,NA,NA,0,3.061224489795918,NA,NA,NA,18.367346938775515,NA,NA,NA,NA,NA,NA,NA,NA,NA,NA
2024-12-21,KXU3-24DEC,771,NA,NA,NA,NA,NA,NA,NA,NA,43.87755102040816,19.387755102040817,1.0204081632653061,20.408163265306122,NA,NA,0,3.061224489795918,NA,NA,NA,12.244897959183673,NA,NA,NA,NA,NA,NA,NA,NA,NA,NA
2024-12-22,KXU3-24DEC,479,NA,NA,NA,NA,NA,NA,NA,NA,42.857142857142854,20.408163265306122,1.0204081632653061,20.408163265306122,NA,NA,0,3.061224489795918,NA,NA,NA,12.244897959183673,NA,NA,NA,NA,NA,NA,NA,NA,NA,NA
2024-12-23,KXU3-24DEC,442,NA,NA,NA,NA,NA,NA,NA,NA,42.857142857142854,20.408163265306122,3.061224489795918,18.367346938775512,NA,NA,0,3.061224489795918,NA,NA,NA,12.244897959183673,NA,NA,NA,NA,NA,NA,NA,NA,NA,NA
2024-12-24,KXU3-24DEC,3118,NA,NA,NA,NA,NA,NA,NA,NA,35.71428571428571,21.428571428571427,3.061224489795918,13.26530612244898,NA,NA,0,3.061224489795918,NA,NA,NA,23.46938775510205,NA,NA,NA,NA,NA,NA,NA,NA,NA,NA
2024-12-25,KXU3-24DEC,88,NA,NA,NA,NA,NA,NA,NA,NA,35.71428571428571,21.428571428571427,3.061224489795918,13.26530612244898,NA,NA,0,3.061224489795918,NA,NA,NA,23.46938775510205,NA,NA,NA,NA,NA,NA,NA,NA,NA,NA
2024-12-26,KXU3-24DEC,568,NA,NA,NA,NA,NA,NA,NA,NA,42.857142857142854,21.428571428571427,3.061224489795918,13.26530612244898,NA,NA,0,3.061224489795918,NA,NA,NA,16.3265306122449,NA,NA,NA,NA,NA,NA,NA,NA,NA,NA
2024-12-27,KXU3-24DEC,811,NA,NA,NA,NA,NA,NA,NA,NA,36.73469387755101,21.428571428571427,3.061224489795918,12.244897959183673,NA,NA,0,3.061224489795918,NA,NA,NA,23.46938775510205,NA,NA,NA,NA,NA,NA,NA,NA,NA,NA
2024-12-28,KXU3-24DEC,237,NA,NA,NA,NA,NA,NA,NA,NA,39.795918367346935,21.428571428571427,3.061224489795918,9.183673469387756,NA,NA,0,3.061224489795918,NA,NA,NA,23.46938775510204,NA,NA,NA,NA,NA,NA,NA,NA,NA,NA
2024-12-29,KXU3-24DEC,386,NA,NA,NA,NA,NA,NA,NA,NA,39.795918367346935,21.428571428571427,3.061224489795918,9.183673469387756,NA,NA,0,3.061224489795918,NA,NA,NA,23.46938775510204,NA,NA,NA,NA,NA,NA,NA,NA,NA,NA
2024-12-30,KXU3-24DEC,690,NA,NA,NA,NA,NA,NA,NA,NA,34.69387755102042,21.428571428571427,3.061224489795918,9.183673469387756,NA,NA,0,3.061224489795918,NA,NA,NA,28.571428571428562,NA,NA,NA,NA,NA,NA,NA,NA,NA,NA
2024-12-31,KXU3-24DEC,444,NA,NA,NA,NA,NA,NA,NA,NA,34.69387755102042,21.428571428571427,3.061224489795918,3.061224489795918,NA,NA,0,3.061224489795918,NA,NA,NA,34.6938775510204,NA,NA,NA,NA,NA,NA,NA,NA,NA,NA
2025-01-01,KXU3-24DEC,386,NA,NA,NA,NA,NA,NA,NA,NA,34.6938775510204,22.448979591836736,3.061224489795918,8.16326530612245,NA,NA,0,3.061224489795918,NA,NA,NA,28.57142857142858,NA,NA,NA,NA,NA,NA,NA,NA,NA,NA
2025-01-02,KXU3-24DEC,1889,NA,NA,NA,NA,NA,NA,NA,NA,56.12244897959184,11.224489795918368,3.061224489795918,12.244897959183673,NA,NA,0,0,NA,NA,NA,17.346938775510203,NA,NA,NA,NA,NA,NA,NA,NA,NA,NA
2025-01-03,KXU3-24DEC,1652,NA,NA,NA,NA,NA,NA,NA,NA,38.775510204081634,25.510204081632654,2.0408163265306123,12.244897959183673,NA,NA,0,0,NA,NA,NA,21.428571428571427,NA,NA,NA,NA,NA,NA,NA,NA,NA,NA
2025-01-04,KXU3-24DEC,2076,NA,NA,NA,NA,NA,NA,NA,NA,37.755102040816325,21.428571428571427,2.0408163265306123,13.26530612244898,NA,NA,0,0,NA,NA,NA,25.510204081632654,NA,NA,NA,NA,NA,NA,NA,NA,NA,NA
2025-01-05,KXU3-24DEC,1849,NA,NA,NA,NA,NA,NA,NA,NA,47.95918367346939,15.306122448979592,0,14.285714285714286,NA,NA,0,0,NA,NA,NA,22.448979591836736,NA,NA,NA,NA,NA,NA,NA,NA,NA,NA
2025-01-06,KXU3-24DEC,6495,NA,NA,NA,NA,NA,NA,NA,NA,35.714285714285715,18.367346938775512,0,12.244897959183673,NA,NA,0,0,NA,NA,NA,33.673469387755105,NA,NA,NA,NA,NA,NA,NA,NA,NA,NA
2025-01-07,KXU3-24DEC,1822,NA,NA,NA,NA,NA,NA,NA,NA,30.612244897959183,17.346938775510203,0,16.3265306122449,NA,NA,0,0,NA,NA,NA,35.714285714285715,NA,NA,NA,NA,NA,NA,NA,NA,NA,NA
2025-01-08,KXU3-24DEC,11374,NA,NA,NA,NA,NA,NA,NA,NA,37.755102040816325,14.285714285714286,0,0,NA,NA,0,0,NA,NA,NA,47.95918367346939,NA,NA,NA,NA,NA,NA,NA,NA,NA,NA
2025-01-08,KXU3-25JAN,0,NA,NA,NA,NA,NA,NA,NA,NA,65.3061224489796,34.69387755102041,NA,NA,NA,NA,NA,NA,NA,NA,NA,NA,NA,NA,NA,NA,NA,NA,NA,NA,NA,NA
2025-01-09,KXU3-24DEC,5719,NA,NA,NA,NA,NA,NA,NA,NA,34.69387755102041,15.306122448979592,1.0204081632653061,9.183673469387756,NA,NA,0,0,NA,NA,NA,39.795918367346935,NA,NA,NA,NA,NA,NA,NA,NA,NA,NA
2025-01-09,KXU3-25JAN,0,NA,NA,NA,NA,NA,NA,NA,NA,65.3061224489796,34.69387755102041,NA,NA,NA,NA,NA,NA,NA,NA,NA,NA,NA,NA,NA,NA,NA,NA,NA,NA,NA,NA
2025-01-10,KXU3-24DEC,7388,NA,NA,NA,NA,NA,NA,NA,NA,24.489795918367346,14.285714285714286,1.0204081632653061,10.204081632653061,NA,NA,0,0,NA,NA,NA,50,NA,NA,NA,NA,NA,NA,NA,NA,NA,NA
2025-01-10,KXU3-25JAN,800,NA,NA,NA,NA,NA,NA,NA,NA,12.244897959183678,15.306122448979592,14.285714285714286,24.489795918367346,NA,NA,NA,NA,NA,NA,NA,33.673469387755105,NA,NA,NA,NA,NA,NA,NA,NA,NA,NA
2025-01-11,KXU3-25JAN,703,NA,NA,NA,NA,NA,NA,NA,NA,11.224489795918371,16.3265306122449,17.346938775510203,18.367346938775512,NA,NA,NA,NA,NA,NA,NA,36.734693877551024,NA,NA,NA,NA,NA,NA,NA,NA,NA,NA
2025-01-12,KXU3-25JAN,314,NA,NA,NA,NA,NA,NA,NA,NA,17.346938775510203,15.306122448979592,18.367346938775512,23.46938775510205,NA,NA,NA,NA,NA,NA,NA,25.510204081632644,NA,NA,NA,NA,NA,NA,NA,NA,NA,NA
2025-01-13,KXU3-25JAN,785,NA,NA,NA,NA,NA,NA,NA,NA,13.265306122448978,13.265306122448981,23.46938775510204,19.387755102040824,NA,NA,NA,NA,NA,NA,NA,30.612244897959176,NA,NA,NA,NA,NA,NA,NA,NA,NA,NA
2025-01-14,KXU3-25JAN,1182,NA,NA,NA,NA,NA,NA,NA,NA,14.285714285714286,15.306122448979592,17.346938775510203,30.612244897959183,NA,NA,NA,NA,NA,NA,NA,22.448979591836736,NA,NA,NA,NA,NA,NA,NA,NA,NA,NA
2025-01-15,KXU3-25JAN,146,NA,NA,NA,NA,NA,NA,NA,NA,10.204081632653061,15.306122448979592,17.346938775510203,30.612244897959183,NA,NA,NA,NA,NA,NA,NA,26.53061224489796,NA,NA,NA,NA,NA,NA,NA,NA,NA,NA
2025-01-16,KXU3-25JAN,601,NA,NA,NA,NA,NA,NA,NA,NA,14.285714285714288,13.265306122448981,17.346938775510203,30.612244897959183,NA,NA,NA,NA,NA,NA,NA,24.489795918367342,NA,NA,NA,NA,NA,NA,NA,NA,NA,NA
2025-01-17,KXU3-25JAN,335,NA,NA,NA,NA,NA,NA,NA,NA,18.367346938775512,13.265306122448981,17.346938775510203,24.489795918367356,NA,NA,NA,NA,NA,NA,NA,26.53061224489795,NA,NA,NA,NA,NA,NA,NA,NA,NA,NA
2025-01-18,KXU3-25JAN,3594,NA,NA,NA,NA,NA,NA,NA,NA,23.46938775510204,10.204081632653061,15.306122448979592,22.448979591836736,NA,NA,NA,NA,NA,NA,NA,28.571428571428573,NA,NA,NA,NA,NA,NA,NA,NA,NA,NA
2025-01-19,KXU3-25JAN,290,NA,NA,NA,NA,NA,NA,NA,NA,24.489795918367346,10.204081632653061,15.306122448979592,28.571428571428562,NA,NA,NA,NA,NA,NA,NA,21.428571428571438,NA,NA,NA,NA,NA,NA,NA,NA,NA,NA
2025-01-20,KXU3-25JAN,993,NA,NA,NA,NA,NA,NA,NA,NA,12.24489795918367,16.3265306122449,19.387755102040817,24.48979591836734,NA,NA,NA,NA,NA,NA,NA,27.551020408163275,NA,NA,NA,NA,NA,NA,NA,NA,NA,NA
2025-01-21,KXU3-25JAN,2339,NA,NA,NA,NA,NA,NA,NA,NA,20.408163265306122,10.204081632653061,4.081632653061225,29.591836734693867,NA,NA,4.081632653061225,6.122448979591836,NA,NA,NA,25.51020408163266,NA,NA,NA,NA,NA,NA,NA,NA,NA,NA
2025-01-22,KXU3-25JAN,2368,NA,NA,NA,NA,NA,NA,NA,NA,14.285714285714286,16.3265306122449,8.16326530612245,22.448979591836736,NA,NA,4.081632653061225,6.122448979591836,NA,NA,NA,28.571428571428573,NA,NA,NA,NA,NA,NA,NA,NA,NA,NA
2025-01-23,KXU3-25JAN,752,NA,NA,NA,NA,NA,NA,NA,NA,14.285714285714286,16.3265306122449,4.081632653061225,26.53061224489796,NA,NA,4.081632653061225,6.122448979591836,NA,NA,NA,28.571428571428573,NA,NA,NA,NA,NA,NA,NA,NA,NA,NA
2025-01-24,KXU3-25JAN,225,NA,NA,NA,NA,NA,NA,NA,NA,20.408163265306122,10.204081632653061,7.142857142857143,23.46938775510204,NA,NA,4.081632653061225,6.122448979591836,NA,NA,NA,28.571428571428573,NA,NA,NA,NA,NA,NA,NA,NA,NA,NA
2025-01-25,KXU3-25JAN,65,NA,NA,NA,NA,NA,NA,NA,NA,14.285714285714286,16.3265306122449,10.204081632653061,26.53061224489796,NA,NA,0,4.081632653061225,NA,NA,NA,28.571428571428573,NA,NA,NA,NA,NA,NA,NA,NA,NA,NA
2025-01-26,KXU3-25JAN,232,NA,NA,NA,NA,NA,NA,NA,NA,17.346938775510203,13.265306122448981,10.204081632653061,27.551020408163264,NA,NA,0,3.061224489795918,NA,NA,NA,28.571428571428573,NA,NA,NA,NA,NA,NA,NA,NA,NA,NA
2025-01-27,KXU3-25JAN,1332,NA,NA,NA,NA,NA,NA,NA,NA,14.285714285714281,14.285714285714286,13.26530612244898,25.51020408163266,NA,NA,0,4.081632653061225,NA,NA,NA,28.571428571428566,NA,NA,NA,NA,NA,NA,NA,NA,NA,NA
2025-01-28,KXU3-25JAN,1682,NA,NA,NA,NA,NA,NA,NA,NA,14.285714285714281,14.285714285714286,7.142857142857143,31.6326530612245,NA,NA,1.0204081632653061,3.061224489795918,NA,NA,NA,28.571428571428566,NA,NA,NA,NA,NA,NA,NA,NA,NA,NA
2025-01-29,KXU3-25JAN,796,NA,NA,NA,NA,NA,NA,NA,NA,13.265306122448974,15.306122448979592,11.224489795918368,27.551020408163275,NA,NA,1.0204081632653061,3.061224489795918,NA,NA,NA,28.571428571428566,NA,NA,NA,NA,NA,NA,NA,NA,NA,NA
2025-01-30,KXU3-25JAN,9838,NA,NA,NA,NA,NA,NA,NA,NA,17.34693877551021,10.204081632653061,16.3265306122449,24.489795918367356,NA,NA,1.0204081632653061,1.0204081632653061,NA,NA,NA,29.591836734693867,NA,NA,NA,NA,NA,NA,NA,NA,NA,NA
2025-01-31,KXU3-25JAN,1636,NA,NA,NA,NA,NA,NA,NA,NA,21.428571428571427,9.183673469387756,12.244897959183673,26.53061224489797,NA,NA,0,3.061224489795918,NA,NA,NA,27.551020408163257,NA,NA,NA,NA,NA,NA,NA,NA,NA,NA
2025-02-01,KXU3-25JAN,854,NA,NA,NA,NA,NA,NA,NA,NA,21.428571428571434,6.122448979591838,10.204081632653061,28.57142857142858,NA,NA,0,3.061224489795918,NA,NA,NA,30.612244897959176,NA,NA,NA,NA,NA,NA,NA,NA,NA,NA
2025-02-02,KXU3-25JAN,1464,NA,NA,NA,NA,NA,NA,NA,NA,14.285714285714286,7.142857142857143,12.244897959183673,29.591836734693867,NA,NA,0,3.061224489795918,NA,NA,NA,33.67346938775511,NA,NA,NA,NA,NA,NA,NA,NA,NA,NA
2025-02-03,KXU3-25JAN,8205,NA,NA,NA,NA,NA,NA,NA,NA,18.367346938775512,4.081632653061225,11.224489795918368,32.65306122448979,NA,NA,0,1.0204081632653061,NA,NA,NA,32.653061224489804,NA,NA,NA,NA,NA,NA,NA,NA,NA,NA
2025-02-04,KXU3-25JAN,7883,NA,NA,NA,NA,NA,NA,NA,NA,11.224489795918368,9.183673469387756,11.224489795918368,35.714285714285715,NA,NA,1.0204081632653061,1.0204081632653061,NA,NA,NA,30.612244897959183,NA,NA,NA,NA,NA,NA,NA,NA,NA,NA
2025-02-05,KXU3-25JAN,1118,NA,NA,NA,NA,NA,NA,NA,NA,13.26530612244898,6.122448979591838,10.204081632653061,36.734693877551024,NA,NA,1.0204081632653061,2.0408163265306123,NA,NA,NA,30.612244897959183,NA,NA,NA,NA,NA,NA,NA,NA,NA,NA
2025-02-06,KXU3-25JAN,14952,NA,NA,NA,NA,NA,NA,NA,NA,8.163265306122451,5.1020408163265305,12.244897959183673,43.87755102040816,NA,NA,0,1.0204081632653061,NA,NA,NA,29.591836734693878,NA,NA,NA,NA,NA,NA,NA,NA,NA,NA
2025-02-07,KXU3-25FEB,2056,NA,NA,NA,NA,NA,NA,NA,NA,3.061224489795918,0,22.448979591836725,38.77551020408164,NA,NA,4.081632653061225,18.367346938775512,NA,NA,NA,13.26530612244898,NA,NA,NA,NA,NA,NA,NA,NA,NA,NA
2025-02-07,KXU3-25JAN,25317,NA,NA,NA,NA,NA,NA,NA,NA,11.224489795918368,0,13.26530612244898,47.95918367346939,NA,NA,0,2.0408163265306123,NA,NA,NA,25.510204081632654,NA,NA,NA,NA,NA,NA,NA,NA,NA,NA
2025-02-08,KXU3-25FEB,362,NA,NA,NA,NA,NA,NA,NA,NA,7.142857142857143,9.183673469387756,22.448979591836725,22.448979591836743,NA,NA,4.081632653061225,18.367346938775512,NA,NA,NA,16.3265306122449,NA,NA,NA,NA,NA,NA,NA,NA,NA,NA
2025-02-09,KXU3-25FEB,668,NA,NA,NA,NA,NA,NA,NA,NA,7.142857142857143,9.183673469387756,14.28571428571428,23.46938775510205,NA,NA,12.244897959183673,17.346938775510203,NA,NA,NA,16.3265306122449,NA,NA,NA,NA,NA,NA,NA,NA,NA,NA
2025-02-10,KXU3-25FEB,577,NA,NA,NA,NA,NA,NA,NA,NA,7.142857142857143,9.183673469387756,14.28571428571428,23.46938775510205,NA,NA,12.244897959183673,18.367346938775512,NA,NA,NA,15.306122448979592,NA,NA,NA,NA,NA,NA,NA,NA,NA,NA
2025-02-11,KXU3-25FEB,980,NA,NA,NA,NA,NA,NA,NA,NA,5.1020408163265305,9.183673469387756,20.408163265306115,29.591836734693885,NA,NA,12.244897959183673,11.224489795918368,NA,NA,NA,12.244897959183673,NA,NA,NA,NA,NA,NA,NA,NA,NA,NA
2025-02-12,KXU3-25FEB,3358,NA,NA,NA,NA,NA,NA,NA,NA,2.0408163265306123,7.142857142857143,20.408163265306115,18.367346938775515,NA,NA,12.244897959183673,12.244897959183673,NA,NA,NA,27.551020408163264,NA,NA,NA,NA,NA,NA,NA,NA,NA,NA
2025-02-13,KXU3-25FEB,1182,NA,NA,NA,NA,NA,NA,NA,NA,2.0408163265306123,7.142857142857143,22.448979591836725,24.489795918367356,NA,NA,3.061224489795918,18.367346938775512,NA,NA,NA,22.448979591836736,NA,NA,NA,NA,NA,NA,NA,NA,NA,NA
2025-02-14,KXU3-25FEB,2311,NA,NA,NA,NA,NA,NA,NA,NA,3.0612244897959195,3.061224489795918,25.510204081632644,25.51020408163266,NA,NA,3.061224489795918,15.306122448979592,NA,NA,NA,24.489795918367346,NA,NA,NA,NA,NA,NA,NA,NA,NA,NA
2025-02-15,KXU3-25FEB,2022,NA,NA,NA,NA,NA,NA,NA,NA,4.0816326530612255,2.0408163265306123,30.612244897959183,20.408163265306122,NA,NA,3.061224489795918,15.306122448979592,NA,NA,NA,24.489795918367346,NA,NA,NA,NA,NA,NA,NA,NA,NA,NA
2025-02-16,KXU3-25FEB,1114,NA,NA,NA,NA,NA,NA,NA,NA,3.0612244897959195,3.061224489795918,21.42857142857142,24.489795918367356,NA,NA,3.061224489795918,20.408163265306122,NA,NA,NA,24.489795918367346,NA,NA,NA,NA,NA,NA,NA,NA,NA,NA
2025-02-17,KXU3-25FEB,1120,NA,NA,NA,NA,NA,NA,NA,NA,4.0816326530612255,2.0408163265306123,27.551020408163264,25.510204081632658,NA,NA,3.061224489795918,15.306122448979592,NA,NA,NA,22.44897959183673,NA,NA,NA,NA,NA,NA,NA,NA,NA,NA
2025-02-18,KXU3-25FEB,1854,NA,NA,NA,NA,NA,NA,NA,NA,6.122448979591836,5.1020408163265305,27.551020408163264,21.428571428571427,NA,NA,3.061224489795918,15.306122448979592,NA,NA,NA,21.428571428571427,NA,NA,NA,NA,NA,NA,NA,NA,NA,NA
2025-02-19,KXU3-25FEB,1307,NA,NA,NA,NA,NA,NA,NA,NA,4.081632653061224,6.122448979591838,32.6530612244898,19.387755102040817,NA,NA,3.061224489795918,12.244897959183673,NA,NA,NA,22.448979591836736,NA,NA,NA,NA,NA,NA,NA,NA,NA,NA
2025-02-20,KXU3-25FEB,3212,NA,NA,NA,NA,NA,NA,NA,NA,3.0612244897959173,6.122448979591838,27.551020408163275,22.448979591836725,NA,NA,3.061224489795918,11.224489795918368,NA,NA,NA,26.53061224489796,NA,NA,NA,NA,NA,NA,NA,NA,NA,NA
2025-02-21,KXU3-25FEB,433,NA,NA,NA,NA,NA,NA,NA,NA,3.0612244897959173,6.122448979591838,27.551020408163275,23.46938775510203,NA,NA,3.061224489795918,11.224489795918368,NA,NA,NA,25.510204081632654,NA,NA,NA,NA,NA,NA,NA,NA,NA,NA
2025-02-22,KXU3-25FEB,881,NA,NA,NA,NA,NA,NA,NA,NA,3.0612244897959173,6.122448979591838,25.510204081632644,25.51020408163266,NA,NA,3.061224489795918,15.306122448979592,NA,NA,NA,21.428571428571427,NA,NA,NA,NA,NA,NA,NA,NA,NA,NA
2025-02-23,KXU3-25FEB,937,NA,NA,NA,NA,NA,NA,NA,NA,6.1224489795918355,6.122448979591838,25.51020408163266,22.448979591836725,NA,NA,3.061224489795918,13.26530612244898,NA,NA,NA,23.46938775510204,NA,NA,NA,NA,NA,NA,NA,NA,NA,NA
2025-02-24,KXU3-25FEB,857,NA,NA,NA,NA,NA,NA,NA,NA,6.1224489795918355,6.122448979591838,28.57142857142858,22.448979591836725,NA,NA,3.061224489795918,11.224489795918368,NA,NA,NA,22.448979591836736,NA,NA,NA,NA,NA,NA,NA,NA,NA,NA
2025-02-25,KXU3-25FEB,2378,NA,NA,NA,NA,NA,NA,NA,NA,1.0204081632653053,6.122448979591838,29.591836734693867,22.448979591836743,NA,NA,3.061224489795918,11.224489795918368,NA,NA,NA,26.53061224489796,NA,NA,NA,NA,NA,NA,NA,NA,NA,NA
2025-02-26,KXU3-25FEB,3690,NA,NA,NA,NA,NA,NA,NA,NA,5.1020408163265305,4.081632653061225,25.510204081632654,28.571428571428573,NA,NA,3.061224489795918,11.224489795918368,NA,NA,NA,22.448979591836736,NA,NA,NA,NA,NA,NA,NA,NA,NA,NA
2025-02-27,KXU3-25FEB,2470,NA,NA,NA,NA,NA,NA,NA,NA,4.081632653061225,4.081632653061225,26.53061224489796,25.510204081632654,NA,NA,3.061224489795918,10.204081632653061,NA,NA,NA,26.53061224489796,NA,NA,NA,NA,NA,NA,NA,NA,NA,NA
2025-02-28,KXU3-25FEB,3827,NA,NA,NA,NA,NA,NA,NA,NA,3.061224489795918,0,29.591836734693878,28.571428571428573,NA,NA,3.061224489795918,8.16326530612245,NA,NA,NA,27.551020408163264,NA,NA,NA,NA,NA,NA,NA,NA,NA,NA
2025-03-01,KXU3-25FEB,1739,NA,NA,NA,NA,NA,NA,NA,NA,3.061224489795918,0,27.551020408163264,26.53061224489796,NA,NA,3.061224489795918,10.204081632653061,NA,NA,NA,29.591836734693878,NA,NA,NA,NA,NA,NA,NA,NA,NA,NA
2025-03-02,KXU3-25FEB,1807,NA,NA,NA,NA,NA,NA,NA,NA,9.183673469387756,0,21.428571428571427,33.673469387755105,NA,NA,6.122448979591836,8.16326530612245,NA,NA,NA,21.428571428571427,NA,NA,NA,NA,NA,NA,NA,NA,NA,NA
2025-03-03,KXU3-25FEB,4798,NA,NA,NA,NA,NA,NA,NA,NA,3.0612244897959195,3.061224489795918,25.510204081632654,37.755102040816325,NA,NA,5.1020408163265305,7.142857142857143,NA,NA,NA,18.367346938775512,NA,NA,NA,NA,NA,NA,NA,NA,NA,NA
2025-03-04,KXU3-25FEB,3891,NA,NA,NA,NA,NA,NA,NA,NA,1.0204081632653061,3.061224489795918,26.53061224489796,36.734693877551024,NA,NA,4.081632653061225,6.122448979591836,NA,NA,NA,22.448979591836736,NA,NA,NA,NA,NA,NA,NA,NA,NA,NA
2025-03-05,KXU3-25FEB,13589,NA,NA,NA,NA,NA,NA,NA,NA,3.061224489795918,2.0408163265306123,28.571428571428573,34.69387755102041,NA,NA,4.081632653061225,8.16326530612245,NA,NA,NA,19.387755102040817,NA,NA,NA,NA,NA,NA,NA,NA,NA,NA
2025-03-05,KXU3-25MAR,0,NA,NA,NA,NA,NA,NA,NA,NA,10.204081632653061,11.224489795918368,23.46938775510204,14.285714285714286,NA,NA,0,10.204081632653061,NA,NA,NA,30.612244897959183,NA,NA,NA,NA,NA,NA,NA,NA,NA,NA
2025-03-06,KXU3-25FEB,10438,NA,NA,NA,NA,NA,NA,NA,NA,1.0204081632653061,1.0204081632653061,27.551020408163264,32.65306122448979,NA,NA,1.0204081632653061,11.224489795918368,NA,NA,NA,25.510204081632658,NA,NA,NA,NA,NA,NA,NA,NA,NA,NA
2025-03-06,KXU3-25MAR,500,NA,NA,NA,NA,NA,NA,NA,NA,10.204081632653061,11.224489795918368,20.40816326530613,12.244897959183666,NA,NA,10.204081632653061,12.244897959183673,NA,NA,NA,23.46938775510204,NA,NA,NA,NA,NA,NA,NA,NA,NA,NA
2025-03-07,KXU3-25FEB,27839,NA,NA,NA,NA,NA,NA,NA,NA,3.061224489795918,1.0204081632653061,29.591836734693878,38.775510204081634,NA,NA,1.0204081632653061,9.183673469387756,NA,NA,NA,17.346938775510203,NA,NA,NA,NA,NA,NA,NA,NA,NA,NA
2025-03-07,KXU3-25MAR,9619,NA,NA,NA,NA,NA,NA,NA,NA,12.244897959183673,9.183673469387756,19.387755102040817,29.591836734693878,NA,NA,4.081632653061225,3.061224489795918,NA,NA,NA,22.448979591836736,NA,NA,NA,NA,NA,NA,NA,NA,NA,NA
2025-03-08,KXU3-25MAR,6119,NA,NA,NA,NA,NA,NA,NA,NA,10.204081632653061,9.183673469387756,13.26530612244898,35.714285714285715,NA,NA,4.081632653061225,1.0204081632653061,NA,NA,NA,26.53061224489796,NA,NA,NA,NA,NA,NA,NA,NA,NA,NA
2025-03-09,KXU3-25MAR,1438,NA,NA,NA,NA,NA,NA,NA,NA,16.3265306122449,7.142857142857143,10.204081632653061,28.571428571428573,NA,NA,4.081632653061225,4.081632653061225,NA,NA,NA,29.591836734693878,NA,NA,NA,NA,NA,NA,NA,NA,NA,NA
2025-03-10,KXU3-25MAR,1625,NA,NA,NA,NA,NA,NA,NA,NA,12.244897959183671,13.265306122448981,14.285714285714286,28.571428571428573,NA,NA,0,4.081632653061225,NA,NA,NA,27.551020408163264,NA,NA,NA,NA,NA,NA,NA,NA,NA,NA
2025-03-11,KXU3-25MAR,1730,NA,NA,NA,NA,NA,NA,NA,NA,11.224489795918364,13.265306122448981,10.204081632653061,29.591836734693867,NA,NA,0,4.081632653061225,NA,NA,NA,31.6326530612245,NA,NA,NA,NA,NA,NA,NA,NA,NA,NA
2025-03-12,KXU3-25MAR,1481,NA,NA,NA,NA,NA,NA,NA,NA,9.183673469387756,17.346938775510203,6.122448979591836,29.591836734693867,NA,NA,4.081632653061225,4.081632653061225,NA,NA,NA,29.591836734693885,NA,NA,NA,NA,NA,NA,NA,NA,NA,NA
2025-03-13,KXU3-25MAR,213,NA,NA,NA,NA,NA,NA,NA,NA,9.183673469387756,17.346938775510203,10.204081632653061,30.612244897959176,NA,NA,0,3.061224489795918,NA,NA,NA,29.591836734693885,NA,NA,NA,NA,NA,NA,NA,NA,NA,NA
2025-03-14,KXU3-25MAR,364,NA,NA,NA,NA,NA,NA,NA,NA,9.183673469387756,17.346938775510203,10.204081632653061,28.571428571428562,NA,NA,4.081632653061225,1.0204081632653061,NA,NA,NA,29.591836734693885,NA,NA,NA,NA,NA,NA,NA,NA,NA,NA
2025-03-15,KXU3-25MAR,974,NA,NA,NA,NA,NA,NA,NA,NA,13.265306122448985,14.285714285714286,11.224489795918368,29.591836734693867,NA,NA,1.0204081632653061,2.0408163265306123,NA,NA,NA,28.571428571428577,NA,NA,NA,NA,NA,NA,NA,NA,NA,NA
2025-03-16,KXU3-25MAR,203,NA,NA,NA,NA,NA,NA,NA,NA,13.265306122448985,14.285714285714286,10.204081632653061,33.673469387755105,NA,NA,1.0204081632653061,3.061224489795918,NA,NA,NA,24.489795918367342,NA,NA,NA,NA,NA,NA,NA,NA,NA,NA
2025-03-17,KXU3-25MAR,142,NA,NA,NA,NA,NA,NA,NA,NA,10.204081632653065,17.346938775510203,10.204081632653061,29.591836734693867,NA,NA,1.0204081632653061,3.061224489795918,NA,NA,NA,28.571428571428577,NA,NA,NA,NA,NA,NA,NA,NA,NA,NA
2025-03-18,KXU3-25MAR,102,NA,NA,NA,NA,NA,NA,NA,NA,10.204081632653065,17.346938775510203,11.224489795918368,28.571428571428562,NA,NA,1.0204081632653061,3.061224489795918,NA,NA,NA,28.571428571428577,NA,NA,NA,NA,NA,NA,NA,NA,NA,NA
2025-03-19,KXU3-25MAR,104,NA,NA,NA,NA,NA,NA,NA,NA,5.1020408163265305,17.346938775510203,10.204081632653061,28.57142857142858,NA,NA,1.0204081632653061,3.061224489795918,NA,NA,NA,34.6938775510204,NA,NA,NA,NA,NA,NA,NA,NA,NA,NA
2025-03-20,KXU3-25MAR,519,NA,NA,NA,NA,NA,NA,NA,NA,10.204081632653065,17.346938775510203,10.204081632653061,29.591836734693867,NA,NA,1.0204081632653061,3.061224489795918,NA,NA,NA,28.571428571428577,NA,NA,NA,NA,NA,NA,NA,NA,NA,NA
2025-03-21,KXU3-25MAR,276,NA,NA,NA,NA,NA,NA,NA,NA,10.204081632653065,17.346938775510203,10.204081632653061,29.591836734693867,NA,NA,1.0204081632653061,3.061224489795918,NA,NA,NA,28.571428571428577,NA,NA,NA,NA,NA,NA,NA,NA,NA,NA
2025-03-22,KXU3-25MAR,54,NA,NA,NA,NA,NA,NA,NA,NA,10.204081632653065,17.346938775510203,13.26530612244898,26.53061224489795,NA,NA,1.0204081632653061,3.061224489795918,NA,NA,NA,28.571428571428577,NA,NA,NA,NA,NA,NA,NA,NA,NA,NA
2025-03-23,KXU3-25MAR,1053,NA,NA,NA,NA,NA,NA,NA,NA,10.204081632653065,17.346938775510203,13.26530612244898,26.53061224489795,NA,NA,1.0204081632653061,3.061224489795918,NA,NA,NA,28.571428571428577,NA,NA,NA,NA,NA,NA,NA,NA,NA,NA
2025-03-24,KXU3-25MAR,783,NA,NA,NA,NA,NA,NA,NA,NA,10.204081632653061,14.285714285714286,10.204081632653061,28.57142857142858,NA,NA,1.0204081632653061,3.061224489795918,NA,NA,NA,32.65306122448979,NA,NA,NA,NA,NA,NA,NA,NA,NA,NA
2025-03-25,KXU3-25MAR,2112,NA,NA,NA,NA,NA,NA,NA,NA,10.204081632653065,17.346938775510203,10.204081632653061,25.510204081632654,NA,NA,1.0204081632653061,3.061224489795918,NA,NA,NA,32.65306122448979,NA,NA,NA,NA,NA,NA,NA,NA,NA,NA
2025-03-26,KXU3-25MAR,473,NA,NA,NA,NA,NA,NA,NA,NA,14.285714285714288,13.265306122448981,8.16326530612245,27.551020408163264,NA,NA,1.0204081632653061,3.061224489795918,NA,NA,NA,32.65306122448979,NA,NA,NA,NA,NA,NA,NA,NA,NA,NA
2025-03-27,KXU3-25MAR,1758,NA,NA,NA,NA,NA,NA,NA,NA,16.326530612244895,13.265306122448981,8.16326530612245,31.63265306122448,NA,NA,1.0204081632653061,3.061224489795918,NA,NA,NA,26.53061224489797,NA,NA,NA,NA,NA,NA,NA,NA,NA,NA
2025-03-28,KXU3-25MAR,538,NA,NA,NA,NA,NA,NA,NA,NA,12.244897959183673,18.367346938775512,10.204081632653061,27.551020408163264,NA,NA,1.0204081632653061,1.0204081632653061,NA,NA,NA,29.591836734693878,NA,NA,NA,NA,NA,NA,NA,NA,NA,NA
2025-03-29,KXU3-25MAR,72,NA,NA,NA,NA,NA,NA,NA,NA,7.142857142857143,18.367346938775512,10.204081632653061,27.551020408163264,NA,NA,1.0204081632653061,1.0204081632653061,NA,NA,NA,34.69387755102041,NA,NA,NA,NA,NA,NA,NA,NA,NA,NA
2025-03-30,KXU3-25MAR,4832,NA,NA,NA,NA,NA,NA,NA,NA,5.1020408163265305,20.408163265306122,11.224489795918368,26.53061224489796,NA,NA,1.0204081632653061,1.0204081632653061,NA,NA,NA,34.69387755102041,NA,NA,NA,NA,NA,NA,NA,NA,NA,NA
2025-03-31,KXU3-25MAR,10104,NA,NA,NA,NA,NA,NA,NA,NA,20.408163265306122,13.265306122448981,11.224489795918368,20.408163265306122,NA,NA,1.0204081632653061,1.0204081632653061,NA,NA,NA,32.6530612244898,NA,NA,NA,NA,NA,NA,NA,NA,NA,NA
2025-04-01,KXU3-25MAR,6002,NA,NA,NA,NA,NA,NA,NA,NA,19.387755102040817,6.122448979591838,9.183673469387756,20.408163265306122,NA,NA,1.0204081632653061,1.0204081632653061,NA,NA,NA,42.857142857142854,NA,NA,NA,NA,NA,NA,NA,NA,NA,NA
2025-04-02,KXU3-25MAR,3497,NA,NA,NA,NA,NA,NA,NA,NA,17.346938775510203,5.1020408163265305,7.142857142857143,21.428571428571427,NA,NA,1.0204081632653061,1.0204081632653061,NA,NA,NA,46.93877551020408,NA,NA,NA,NA,NA,NA,NA,NA,NA,NA
2025-04-03,KXU3-25APR,682,NA,NA,NA,NA,NA,NA,NA,NA,15.306122448979592,19.387755102040817,NA,37.755102040816325,NA,NA,NA,NA,NA,NA,NA,27.551020408163264,NA,NA,NA,NA,NA,NA,NA,NA,NA,NA
2025-04-03,KXU3-25MAR,32745,NA,NA,NA,NA,NA,NA,NA,NA,15.306122448979592,4.081632653061225,13.26530612244898,17.346938775510203,NA,NA,1.0204081632653061,1.0204081632653061,NA,NA,NA,47.95918367346939,NA,NA,NA,NA,NA,NA,NA,NA,NA,NA
2025-04-04,KXU3-25APR,6064,NA,NA,NA,NA,NA,NA,NA,NA,21.428571428571423,27.55102040816327,6.122448979591836,19.387755102040817,NA,NA,NA,3.061224489795918,NA,NA,NA,22.448979591836736,NA,NA,NA,NA,NA,NA,NA,NA,NA,NA
2025-04-04,KXU3-25MAR,13306,NA,NA,NA,NA,NA,NA,NA,NA,9.183673469387756,5.1020408163265305,13.26530612244898,21.428571428571427,NA,NA,0,1.0204081632653061,NA,NA,NA,50,NA,NA,NA,NA,NA,NA,NA,NA,NA,NA
2025-04-05,KXU3-25APR,919,NA,NA,NA,NA,NA,NA,NA,NA,20.40816326530612,27.55102040816327,6.122448979591836,10.204081632653061,NA,NA,NA,3.061224489795918,NA,NA,NA,32.6530612244898,NA,NA,NA,NA,NA,NA,NA,NA,NA,NA
2025-04-06,KXU3-25APR,1289,NA,NA,NA,NA,NA,NA,12.244897959183673,NA,19.387755102040824,13.26530612244898,6.122448979591836,9.183673469387756,NA,NA,NA,3.061224489795918,NA,NA,NA,26.53061224489795,10.204081632653061,NA,NA,NA,NA,NA,NA,NA,NA,NA
2025-04-07,KXU3-25APR,3305,NA,NA,NA,NA,NA,NA,12.244897959183673,NA,15.306122448979592,12.244897959183673,6.122448979591836,15.306122448979592,NA,NA,NA,3.061224489795918,NA,NA,NA,24.489795918367346,11.224489795918368,NA,NA,NA,NA,NA,NA,NA,NA,NA
2025-04-08,KXU3-25APR,4238,NA,NA,NA,NA,NA,NA,10.204081632653061,NA,16.3265306122449,14.285714285714286,4.081632653061225,11.224489795918368,NA,NA,NA,3.061224489795918,NA,NA,NA,29.591836734693878,11.224489795918368,NA,NA,NA,NA,NA,NA,NA,NA,NA
2025-04-09,KXU3-25APR,930,NA,NA,NA,NA,NA,NA,11.224489795918368,NA,15.306122448979592,14.285714285714286,5.1020408163265305,11.224489795918368,NA,NA,NA,1.0204081632653061,NA,NA,NA,30.612244897959183,11.224489795918368,NA,NA,NA,NA,NA,NA,NA,NA,NA
2025-04-10,KXU3-25APR,8884,NA,NA,NA,NA,NA,NA,11.224489795918368,NA,16.3265306122449,13.26530612244898,6.122448979591836,11.224489795918368,NA,NA,NA,1.0204081632653061,NA,NA,NA,29.591836734693878,11.224489795918368,NA,NA,NA,NA,NA,NA,NA,NA,NA
2025-04-11,KXU3-25APR,3199,NA,NA,NA,NA,NA,NA,10.204081632653061,NA,15.306122448979592,20.408163265306122,5.1020408163265305,14.285714285714286,NA,NA,NA,1.0204081632653061,NA,NA,NA,26.53061224489796,7.142857142857143,NA,NA,NA,NA,NA,NA,NA,NA,NA
2025-04-12,KXU3-25APR,219,NA,NA,NA,NA,NA,NA,10.204081632653061,NA,15.306122448979592,20.408163265306122,6.122448979591836,13.26530612244898,NA,NA,NA,1.0204081632653061,NA,NA,NA,26.53061224489796,7.142857142857143,NA,NA,NA,NA,NA,NA,NA,NA,NA
2025-04-13,KXU3-25APR,0,NA,NA,NA,NA,NA,NA,10.204081632653061,NA,15.306122448979592,20.408163265306122,6.122448979591836,13.26530612244898,NA,NA,NA,1.0204081632653061,NA,NA,NA,26.53061224489796,7.142857142857143,NA,NA,NA,NA,NA,NA,NA,NA,NA
2025-04-14,KXU3-25APR,762,NA,NA,NA,NA,NA,NA,9.183673469387756,NA,16.326530612244905,19.387755102040817,4.081632653061225,12.244897959183673,NA,NA,1.0204081632653061,1.0204081632653061,NA,NA,NA,25.510204081632644,11.224489795918368,NA,NA,NA,NA,NA,NA,NA,NA,NA
2025-04-15,KXU3-25APR,3382,NA,NA,NA,NA,NA,NA,8.16326530612245,NA,10.204081632653061,20.408163265306122,4.081632653061225,12.244897959183673,NA,NA,1.0204081632653061,1.0204081632653061,NA,NA,NA,31.632653061224488,11.224489795918368,NA,NA,NA,NA,NA,NA,NA,NA,NA
2025-04-16,KXU3-25APR,339,NA,NA,NA,NA,NA,NA,8.16326530612245,NA,11.224489795918368,18.367346938775512,4.081632653061225,12.244897959183673,NA,NA,1.0204081632653061,1.0204081632653061,NA,NA,NA,30.612244897959183,13.26530612244898,NA,NA,NA,NA,NA,NA,NA,NA,NA
2025-04-17,KXU3-25APR,421,NA,NA,NA,NA,NA,NA,5.1020408163265305,NA,13.26530612244898,24.489795918367346,3.061224489795918,13.26530612244898,NA,NA,1.0204081632653061,1.0204081632653061,NA,NA,NA,28.571428571428573,10.204081632653061,NA,NA,NA,NA,NA,NA,NA,NA,NA
2025-04-18,KXU3-25APR,247,NA,NA,NA,NA,NA,NA,5.1020408163265305,NA,19.387755102040817,19.387755102040817,3.061224489795918,12.244897959183673,NA,NA,1.0204081632653061,1.0204081632653061,NA,NA,NA,29.591836734693878,9.183673469387756,NA,NA,NA,NA,NA,NA,NA,NA,NA
2025-04-19,KXU3-25APR,65,NA,NA,NA,NA,NA,NA,5.1020408163265305,NA,20.408163265306122,19.387755102040817,3.061224489795918,15.306122448979592,NA,NA,1.0204081632653061,1.0204081632653061,NA,NA,NA,25.510204081632654,9.183673469387756,NA,NA,NA,NA,NA,NA,NA,NA,NA
2025-04-20,KXU3-25APR,40,NA,NA,NA,NA,NA,NA,5.1020408163265305,NA,24.489795918367346,15.306122448979592,3.061224489795918,15.306122448979592,NA,NA,1.0204081632653061,1.0204081632653061,NA,NA,NA,25.510204081632654,9.183673469387756,NA,NA,NA,NA,NA,NA,NA,NA,NA
2025-04-21,KXU3-25APR,302,NA,NA,NA,NA,NA,NA,3.061224489795918,NA,23.46938775510204,15.306122448979592,2.0408163265306123,13.26530612244898,NA,NA,1.0204081632653061,1.0204081632653061,NA,NA,NA,29.591836734693878,11.224489795918368,NA,NA,NA,NA,NA,NA,NA,NA,NA
2025-04-22,KXU3-25APR,1545,NA,NA,NA,NA,NA,NA,4.081632653061225,NA,20.40816326530613,21.428571428571427,2.0408163265306123,13.26530612244898,NA,NA,1.0204081632653061,1.0204081632653061,NA,NA,NA,27.551020408163257,9.183673469387758,NA,NA,NA,NA,NA,NA,NA,NA,NA
2025-04-23,KXU3-25APR,68,NA,NA,NA,NA,NA,NA,4.081632653061225,NA,19.387755102040817,21.428571428571427,2.0408163265306123,13.26530612244898,NA,NA,1.0204081632653061,1.0204081632653061,NA,NA,NA,28.571428571428573,9.183673469387758,NA,NA,NA,NA,NA,NA,NA,NA,NA
2025-04-24,KXU3-25APR,720,NA,NA,NA,NA,NA,NA,4.081632653061225,NA,19.387755102040817,20.408163265306122,1.0204081632653061,16.3265306122449,NA,NA,1.0204081632653061,1.0204081632653061,NA,NA,NA,27.551020408163264,9.183673469387758,NA,NA,NA,NA,NA,NA,NA,NA,NA
2025-04-25,KXU3-25APR,21972,NA,NA,NA,NA,NA,NA,4.081632653061225,NA,14.285714285714286,22.448979591836736,1.0204081632653061,16.3265306122449,NA,NA,1.0204081632653061,1.0204081632653061,NA,NA,NA,32.6530612244898,7.142857142857143,NA,NA,NA,NA,NA,NA,NA,NA,NA
2025-04-26,KXU3-25APR,187,NA,NA,NA,NA,NA,NA,4.081632653061225,NA,13.26530612244898,22.448979591836736,2.0408163265306123,14.285714285714286,NA,NA,1.0204081632653061,1.0204081632653061,NA,NA,NA,34.69387755102041,7.142857142857143,NA,NA,NA,NA,NA,NA,NA,NA,NA
2025-04-27,KXU3-25APR,829,NA,NA,NA,NA,NA,NA,4.081632653061225,NA,23.46938775510204,12.244897959183673,1.0204081632653061,18.367346938775512,NA,NA,1.0204081632653061,1.0204081632653061,NA,NA,NA,30.612244897959183,8.16326530612245,NA,NA,NA,NA,NA,NA,NA,NA,NA
2025-04-28,KXU3-25APR,1229,NA,NA,NA,NA,NA,NA,3.061224489795918,NA,25.510204081632654,12.244897959183673,1.0204081632653061,21.428571428571427,NA,NA,1.0204081632653061,1.0204081632653061,NA,NA,NA,25.510204081632654,9.183673469387756,NA,NA,NA,NA,NA,NA,NA,NA,NA
2025-04-29,KXU3-25APR,10330,NA,NA,NA,NA,NA,NA,6.122448979591838,NA,19.387755102040817,14.285714285714286,1.0204081632653061,25.510204081632654,NA,NA,0,2.0408163265306123,NA,NA,NA,27.551020408163264,4.081632653061224,NA,NA,NA,NA,NA,NA,NA,NA,NA
2025-04-30,KXU3-25APR,25025,NA,NA,NA,NA,NA,NA,3.061224489795918,NA,19.387755102040817,19.387755102040817,3.061224489795918,20.408163265306122,NA,NA,0,0,NA,NA,NA,26.53061224489796,8.16326530612245,NA,NA,NA,NA,NA,NA,NA,NA,NA
2025-05-01,KXU3-25APR,35564,NA,NA,NA,NA,NA,NA,3.061224489795918,NA,26.53061224489796,14.285714285714286,3.061224489795918,16.3265306122449,NA,NA,0,0,NA,NA,NA,30.612244897959183,6.122448979591836,NA,NA,NA,NA,NA,NA,NA,NA,NA
2025-05-02,KXU3-25APR,20323,NA,NA,NA,NA,NA,NA,3.061224489795918,NA,23.46938775510204,14.285714285714286,2.0408163265306123,18.367346938775512,NA,NA,0,0,NA,NA,NA,34.69387755102041,4.081632653061225,NA,NA,NA,NA,NA,NA,NA,NA,NA
2025-05-07,KXU3-25MAY,677,NA,NA,NA,NA,NA,NA,7.142857142857143,NA,26.53061224489797,15.306122448979592,6.122448979591836,13.26530612244898,NA,NA,NA,NA,NA,NA,NA,24.48979591836734,7.142857142857143,NA,NA,NA,NA,NA,NA,NA,NA,NA
2025-05-08,KXU3-25MAY,335,NA,NA,NA,NA,NA,NA,7.142857142857143,NA,26.53061224489797,15.306122448979592,6.122448979591836,12.244897959183673,NA,NA,NA,NA,NA,NA,NA,25.510204081632644,7.142857142857143,NA,NA,NA,NA,NA,NA,NA,NA,NA
2025-05-09,KXU3-25MAY,8326,NA,NA,NA,NA,NA,NA,4.081632653061225,NA,30.612244897959183,9.183673469387756,3.061224489795918,13.26530612244898,NA,NA,NA,5.1020408163265305,NA,NA,NA,24.489795918367346,10.204081632653061,NA,NA,NA,NA,NA,NA,NA,NA,NA
2025-05-10,KXU3-25MAY,229,NA,NA,NA,NA,NA,NA,4.081632653061225,NA,29.591836734693878,10.204081632653061,3.061224489795918,12.244897959183673,NA,NA,NA,5.1020408163265305,NA,NA,NA,25.510204081632654,10.204081632653061,NA,NA,NA,NA,NA,NA,NA,NA,NA
2025-05-11,KXU3-25MAY,1396,NA,NA,NA,NA,NA,NA,7.142857142857143,NA,25.510204081632658,15.306122448979588,2.0408163265306123,13.26530612244898,NA,NA,NA,5.1020408163265305,NA,NA,NA,25.510204081632654,6.122448979591839,NA,NA,NA,NA,NA,NA,NA,NA,NA
2025-05-12,KXU3-25MAY,198,NA,NA,NA,NA,NA,NA,7.142857142857143,NA,21.428571428571434,15.306122448979588,7.142857142857143,13.26530612244898,NA,NA,0,1.0204081632653061,NA,NA,NA,28.571428571428573,6.122448979591839,NA,NA,NA,NA,NA,NA,NA,NA,NA
2025-05-13,KXU3-25MAY,23451,NA,NA,NA,NA,NA,NA,0,NA,28.571428571428573,18.367346938775512,3.061224489795918,14.285714285714286,NA,NA,0,1.0204081632653061,NA,NA,NA,29.591836734693878,5.1020408163265305,NA,NA,NA,NA,NA,NA,NA,NA,NA
2025-05-14,KXU3-25MAY,4589,NA,NA,NA,NA,NA,NA,5.1020408163265305,NA,32.65306122448979,15.306122448979592,1.0204081632653061,12.244897959183673,NA,NA,0,2.0408163265306123,NA,NA,NA,27.551020408163275,4.081632653061225,NA,NA,NA,NA,NA,NA,NA,NA,NA
2025-05-15,KXU3-25MAY,6494,NA,NA,NA,NA,NA,NA,4.081632653061225,NA,30.612244897959176,21.428571428571427,5.1020408163265305,9.183673469387756,NA,NA,0,1.0204081632653061,NA,NA,NA,27.551020408163275,1.0204081632653061,NA,NA,NA,NA,NA,NA,NA,NA,NA
2025-05-16,KXU3-25MAY,5091,NA,NA,NA,NA,NA,NA,4.081632653061225,NA,32.65306122448979,17.346938775510203,2.0408163265306123,9.183673469387756,NA,NA,2.0408163265306123,1.0204081632653061,NA,NA,NA,27.551020408163275,4.081632653061225,NA,NA,NA,NA,NA,NA,NA,NA,NA
2025-05-17,KXU3-25MAY,3785,NA,NA,NA,NA,NA,NA,3.061224489795918,NA,30.612244897959194,17.346938775510203,2.0408163265306123,14.285714285714286,NA,NA,0,0,NA,NA,NA,27.551020408163257,5.1020408163265305,NA,NA,NA,NA,NA,NA,NA,NA,NA
2025-05-18,KXU3-25MAY,3279,NA,NA,NA,NA,NA,NA,3.061224489795918,NA,35.714285714285715,16.3265306122449,2.0408163265306123,14.285714285714286,NA,NA,0,0,NA,NA,NA,22.448979591836736,6.122448979591836,NA,NA,NA,NA,NA,NA,NA,NA,NA
2025-05-19,KXU3-25MAY,10743,NA,NA,NA,NA,NA,NA,4.081632653061225,NA,35.714285714285715,17.346938775510203,2.0408163265306123,12.244897959183673,NA,NA,0,0,NA,NA,NA,25.510204081632654,3.061224489795918,NA,NA,NA,NA,NA,NA,NA,NA,NA
2025-05-20,KXU3-25MAY,14413,NA,NA,NA,NA,NA,NA,2.0408163265306123,NA,27.551020408163275,20.40816326530612,3.061224489795918,8.16326530612245,NA,NA,3.061224489795918,1.0204081632653061,NA,NA,NA,28.571428571428562,6.122448979591836,NA,NA,NA,NA,NA,NA,NA,NA,NA
2025-05-21,KXU3-25MAY,15994,NA,NA,NA,NA,NA,NA,4.081632653061225,NA,32.6530612244898,18.367346938775512,1.0204081632653061,13.26530612244898,NA,NA,0,0,NA,NA,NA,26.53061224489796,4.081632653061225,NA,NA,NA,NA,NA,NA,NA,NA,NA
2025-05-22,KXU3-25MAY,5984,NA,NA,NA,NA,NA,NA,4.081632653061225,NA,34.69387755102041,20.408163265306126,4.081632653061225,9.183673469387756,NA,NA,0,1.0204081632653061,NA,NA,NA,23.46938775510204,3.061224489795918,NA,NA,NA,NA,NA,NA,NA,NA,NA
2025-05-23,KXU3-25MAY,3893,NA,NA,NA,NA,NA,NA,4.081632653061225,NA,32.65306122448979,19.38775510204082,1.0204081632653061,10.204081632653061,NA,NA,1.0204081632653061,1.0204081632653061,NA,NA,NA,26.53061224489796,4.081632653061225,NA,NA,NA,NA,NA,NA,NA,NA,NA
2025-05-24,KXU3-25MAY,1875,NA,NA,NA,NA,NA,NA,3.061224489795918,NA,32.6530612244898,21.428571428571427,1.0204081632653061,10.204081632653061,NA,NA,1.0204081632653061,1.0204081632653061,NA,NA,NA,24.489795918367346,5.1020408163265305,NA,NA,NA,NA,NA,NA,NA,NA,NA
2025-05-25,KXU3-25MAY,12349,NA,NA,NA,NA,NA,NA,2.0408163265306123,NA,34.69387755102041,19.387755102040817,2.0408163265306123,10.204081632653061,NA,NA,0,0,NA,NA,NA,27.551020408163264,4.0816326530612255,NA,NA,NA,NA,NA,NA,NA,NA,NA
2025-05-26,KXU3-25MAY,3197,NA,NA,NA,NA,NA,NA,0,NA,37.755102040816325,20.408163265306122,1.0204081632653061,11.224489795918368,NA,NA,2.0408163265306123,1.0204081632653061,NA,NA,NA,22.448979591836736,4.081632653061225,NA,NA,NA,NA,NA,NA,NA,NA,NA
2025-05-27,KXU3-25MAY,5914,NA,NA,NA,NA,NA,NA,1.0204081632653061,NA,38.775510204081634,17.346938775510203,1.0204081632653061,10.204081632653061,NA,NA,0,2.0408163265306123,NA,NA,NA,25.510204081632654,4.081632653061225,NA,NA,NA,NA,NA,NA,NA,NA,NA
2025-05-28,KXU3-25MAY,19639,NA,NA,NA,NA,NA,NA,1.0204081632653061,NA,35.71428571428571,13.26530612244898,2.0408163265306123,11.224489795918368,NA,NA,0,0,NA,NA,NA,29.591836734693885,7.142857142857143,NA,NA,NA,NA,NA,NA,NA,NA,NA
2025-05-29,KXU3-25MAY,14412,NA,NA,NA,NA,NA,NA,2.0408163265306123,NA,29.591836734693878,18.367346938775512,2.0408163265306123,13.26530612244898,NA,NA,0,0,NA,NA,NA,31.632653061224488,3.061224489795918,NA,NA,NA,NA,NA,NA,NA,NA,NA
2025-05-30,KXU3-25MAY,13330,NA,NA,NA,NA,NA,NA,4.081632653061225,NA,34.6938775510204,16.3265306122449,3.061224489795918,5.1020408163265305,NA,NA,2.0408163265306123,2.0408163265306123,NA,NA,NA,30.612244897959194,2.040816326530613,NA,NA,NA,NA,NA,NA,NA,NA,NA
2025-05-31,KXU3-25MAY,43956,NA,NA,NA,NA,NA,NA,2.0408163265306123,NA,36.73469387755103,10.204081632653061,2.0408163265306123,10.204081632653061,NA,NA,1.0204081632653061,1.0204081632653061,NA,NA,NA,30.612244897959176,6.122448979591836,NA,NA,NA,NA,NA,NA,NA,NA,NA
2025-06-01,KXU3-25MAY,27231,NA,NA,NA,NA,NA,NA,2.0408163265306123,NA,33.673469387755105,15.306122448979592,3.061224489795918,11.224489795918368,NA,NA,0,1.0204081632653061,NA,NA,NA,31.632653061224488,2.0408163265306123,NA,NA,NA,NA,NA,NA,NA,NA,NA
2025-06-02,KXU3-25MAY,79022,NA,NA,NA,NA,NA,NA,2.0408163265306123,NA,26.53061224489796,12.244897959183673,2.0408163265306123,14.285714285714286,NA,NA,0,2.0408163265306123,NA,NA,NA,36.734693877551024,4.0816326530612255,NA,NA,NA,NA,NA,NA,NA,NA,NA
2025-06-03,KXU3-25JUN,200,NA,NA,NA,NA,NA,NA,18.367346938775512,NA,21.428571428571427,16.3265306122449,0,9.183673469387756,NA,NA,NA,NA,NA,NA,NA,29.591836734693878,5.1020408163265305,NA,NA,NA,NA,NA,NA,NA,NA,NA
2025-06-03,KXU3-25MAY,63274,NA,NA,NA,NA,NA,NA,2.0408163265306123,NA,32.6530612244898,13.26530612244898,1.0204081632653061,14.285714285714286,NA,NA,0,0,NA,NA,NA,35.714285714285715,1.0204081632653061,NA,NA,NA,NA,NA,NA,NA,NA,NA
2025-06-04,KXU3-25JUN,419,NA,NA,NA,NA,NA,NA,18.367346938775512,NA,22.448979591836736,16.3265306122449,0,9.183673469387756,NA,NA,NA,NA,NA,NA,NA,28.571428571428573,5.1020408163265305,NA,NA,NA,NA,NA,NA,NA,NA,NA
2025-06-04,KXU3-25MAY,110818,NA,NA,NA,NA,NA,NA,3.061224489795918,NA,24.489795918367346,7.142857142857143,1.0204081632653061,15.306122448979592,NA,NA,1.0204081632653061,1.0204081632653061,NA,NA,NA,45.91836734693877,1.0204081632653061,NA,NA,NA,NA,NA,NA,NA,NA,NA
2025-06-05,KXU3-25JUN,0,NA,NA,NA,NA,NA,NA,18.367346938775512,NA,22.448979591836736,16.3265306122449,0,9.183673469387756,NA,NA,NA,NA,NA,NA,NA,28.571428571428573,5.1020408163265305,NA,NA,NA,NA,NA,NA,NA,NA,NA
2025-06-05,KXU3-25MAY,36677,NA,NA,NA,NA,NA,NA,3.061224489795918,NA,23.46938775510204,8.163265306122451,1.0204081632653061,13.26530612244898,NA,NA,0,1.0204081632653061,NA,NA,NA,47.95918367346939,2.0408163265306123,NA,NA,NA,NA,NA,NA,NA,NA,NA
2025-06-06,KXU3-25JUN,14491,NA,NA,NA,NA,NA,NA,1.0204081632653061,NA,36.734693877551024,14.285714285714286,5.1020408163265305,4.081632653061225,NA,NA,NA,NA,NA,NA,NA,28.571428571428573,10.204081632653061,NA,NA,NA,NA,NA,NA,NA,NA,NA
2025-06-06,KXU3-25MAY,55024,NA,NA,NA,NA,NA,NA,2.0408163265306123,NA,22.448979591836736,9.183673469387756,1.0204081632653061,16.3265306122449,NA,NA,0,0,NA,NA,NA,44.89795918367347,4.0816326530612255,NA,NA,NA,NA,NA,NA,NA,NA,NA
2025-06-07,KXU3-25JUN,9792,NA,NA,NA,NA,NA,NA,5.1020408163265305,NA,43.87755102040816,8.16326530612245,5.1020408163265305,4.081632653061225,NA,NA,NA,NA,NA,NA,NA,27.551020408163264,6.122448979591836,NA,NA,NA,NA,NA,NA,NA,NA,NA
2025-06-08,KXU3-25JUN,8932,NA,NA,NA,NA,NA,NA,5.1020408163265305,NA,41.83673469387755,7.142857142857143,5.1020408163265305,3.061224489795918,NA,NA,NA,NA,NA,NA,NA,30.612244897959183,7.142857142857143,NA,NA,NA,NA,NA,NA,NA,NA,NA
2025-06-09,KXU3-25JUN,5348,NA,NA,NA,NA,NA,NA,4.081632653061225,NA,39.79591836734693,11.224489795918368,5.1020408163265305,1.0204081632653061,NA,NA,NA,NA,NA,NA,NA,36.73469387755103,2.040816326530613,NA,NA,NA,NA,NA,NA,NA,NA,NA
2025-06-10,KXU3-25JUN,10317,NA,NA,NA,NA,NA,NA,2.0408163265306123,NA,46.93877551020408,11.224489795918368,1.0204081632653061,5.1020408163265305,NA,NA,NA,NA,NA,NA,NA,30.612244897959183,3.061224489795918,NA,NA,NA,NA,NA,NA,NA,NA,NA
2025-06-11,KXU3-25JUN,14375,NA,NA,NA,NA,NA,NA,2.0408163265306123,NA,45.91836734693877,8.163265306122451,0,4.081632653061225,NA,NA,NA,NA,NA,NA,NA,36.734693877551024,3.061224489795918,NA,NA,NA,NA,NA,NA,NA,NA,NA
2025-06-12,KXU3-25JUN,21469,NA,NA,NA,NA,NA,NA,3.061224489795918,NA,47.95918367346939,4.081632653061225,3.061224489795918,2.0408163265306123,NA,NA,NA,NA,NA,NA,NA,32.6530612244898,7.142857142857143,NA,NA,NA,NA,NA,NA,NA,NA,NA
2025-06-13,KXU3-25JUN,23278,NA,NA,NA,NA,NA,NA,3.061224489795918,NA,46.938775510204074,5.10204081632653,2.0408163265306123,3.061224489795918,NA,NA,NA,NA,NA,NA,NA,36.73469387755103,3.0612244897959195,NA,NA,NA,NA,NA,NA,NA,NA,NA
2025-06-14,KXU3-25JUN,2768,NA,NA,NA,NA,NA,NA,3.061224489795918,NA,48.97959183673469,8.163265306122447,2.0408163265306123,1.0204081632653061,NA,NA,NA,NA,NA,NA,NA,33.673469387755105,3.0612244897959195,NA,NA,NA,NA,NA,NA,NA,NA,NA
2025-06-15,KXU3-25JUN,9271,NA,NA,NA,NA,NA,NA,2.0408163265306123,NA,46.93877551020408,10.204081632653061,2.0408163265306123,3.061224489795918,NA,NA,NA,NA,NA,NA,NA,31.632653061224488,4.0816326530612255,NA,NA,NA,NA,NA,NA,NA,NA,NA
2025-06-16,KXU3-25JUN,13299,NA,NA,NA,NA,NA,NA,3.061224489795918,NA,52.04081632653061,3.0612244897959173,4.081632653061225,3.061224489795918,NA,NA,NA,NA,NA,NA,NA,31.632653061224488,3.0612244897959195,NA,NA,NA,NA,NA,NA,NA,NA,NA
2025-06-17,KXU3-25JUN,5420,NA,NA,NA,NA,NA,NA,2.0408163265306123,NA,51.02040816326531,6.1224489795918355,2.0408163265306123,5.1020408163265305,NA,NA,NA,NA,NA,NA,NA,29.591836734693878,4.0816326530612255,NA,NA,NA,NA,NA,NA,NA,NA,NA
2025-06-18,KXU3-25JUN,23229,NA,NA,NA,NA,NA,NA,2.0408163265306123,NA,44.89795918367347,10.204081632653061,2.0408163265306123,6.122448979591836,NA,NA,NA,NA,NA,NA,NA,29.591836734693878,5.1020408163265305,NA,NA,NA,NA,NA,NA,NA,NA,NA
2025-06-19,KXU3-25JUN,16666,NA,NA,NA,NA,NA,NA,3.061224489795918,NA,40.816326530612244,14.285714285714286,3.061224489795918,4.081632653061225,NA,NA,NA,NA,NA,NA,NA,33.673469387755105,1.0204081632653061,NA,NA,NA,NA,NA,NA,NA,NA,NA
2025-06-20,KXU3-25JUN,23169,NA,NA,NA,NA,NA,NA,3.061224489795918,NA,42.857142857142854,16.3265306122449,0,3.061224489795918,NA,NA,NA,NA,NA,NA,NA,30.612244897959183,4.081632653061225,NA,NA,NA,NA,NA,NA,NA,NA,NA
2025-06-21,KXU3-25JUN,8458,NA,NA,NA,NA,NA,NA,4.081632653061225,NA,48.97959183673469,11.224489795918368,1.0204081632653061,6.122448979591836,NA,NA,NA,NA,NA,NA,NA,26.53061224489796,2.040816326530613,NA,NA,NA,NA,NA,NA,NA,NA,NA
2025-06-22,KXU3-25JUN,2018,NA,NA,NA,NA,NA,NA,4.081632653061225,NA,41.83673469387755,15.306122448979592,4.081632653061225,3.061224489795918,NA,NA,NA,NA,NA,NA,NA,29.591836734693878,2.040816326530613,NA,NA,NA,NA,NA,NA,NA,NA,NA
2025-06-23,KXU3-25JUN,16043,NA,NA,NA,NA,NA,NA,6.122448979591838,NA,47.95918367346939,12.244897959183673,1.0204081632653061,7.142857142857143,NA,NA,NA,NA,NA,NA,NA,24.489795918367346,1.0204081632653053,NA,NA,NA,NA,NA,NA,NA,NA,NA
2025-06-24,KXU3-25JUN,15523,NA,NA,NA,NA,NA,NA,4.081632653061225,NA,52.04081632653061,10.204081632653061,5.1020408163265305,3.061224489795918,NA,NA,NA,NA,NA,NA,NA,21.428571428571427,4.081632653061225,NA,NA,NA,NA,NA,NA,NA,NA,NA
2025-06-25,KXU3-25JUN,13230,NA,NA,NA,NA,NA,NA,6.122448979591838,NA,46.93877551020408,16.3265306122449,2.0408163265306123,2.0408163265306123,NA,NA,NA,NA,NA,NA,NA,25.510204081632654,1.0204081632653053,NA,NA,NA,NA,NA,NA,NA,NA,NA
2025-06-26,KXU3-25JUN,18709,NA,NA,NA,NA,NA,NA,0,NA,48.97959183673469,20.408163265306122,2.0408163265306123,5.1020408163265305,NA,NA,NA,NA,NA,NA,NA,20.408163265306122,3.061224489795918,NA,NA,NA,NA,NA,NA,NA,NA,NA
2025-06-27,KXU3-25JUN,31526,NA,NA,NA,NA,NA,NA,2.0408163265306123,NA,47.95918367346939,17.346938775510203,1.0204081632653061,3.061224489795918,NA,NA,NA,NA,NA,NA,NA,26.53061224489796,2.0408163265306123,NA,NA,NA,NA,NA,NA,NA,NA,NA
2025-06-28,KXU3-25JUN,27901,NA,NA,NA,NA,NA,NA,2.0408163265306123,NA,46.93877551020408,17.346938775510203,1.0204081632653061,7.142857142857143,NA,NA,NA,NA,NA,NA,NA,23.46938775510204,2.0408163265306123,NA,NA,NA,NA,NA,NA,NA,NA,NA
2025-06-29,KXU3-25JUN,19014,NA,NA,NA,NA,NA,NA,2.0408163265306123,NA,50,17.346938775510203,3.061224489795918,1.0204081632653061,NA,NA,NA,NA,NA,NA,NA,24.489795918367346,2.0408163265306123,NA,NA,NA,NA,NA,NA,NA,NA,NA
2025-06-30,KXU3-25JUN,115443,NA,NA,NA,NA,NA,NA,2.0408163265306123,NA,40.816326530612244,15.306122448979592,1.0204081632653061,2.0408163265306123,NA,NA,NA,NA,NA,NA,NA,35.714285714285715,3.061224489795918,NA,NA,NA,NA,NA,NA,NA,NA,NA
2025-07-01,KXU3-25JUN,129377,NA,NA,NA,NA,NA,NA,1.0204081632653061,NA,47.95918367346939,18.367346938775515,1.0204081632653061,2.0408163265306123,NA,NA,NA,NA,NA,NA,NA,21.428571428571427,8.16326530612245,NA,NA,NA,NA,NA,NA,NA,NA,NA
2025-07-02,KXU3-25JUN,164449,NA,NA,NA,NA,NA,NA,3.061224489795918,NA,47.95918367346939,19.38775510204082,1.0204081632653061,4.081632653061225,NA,NA,NA,NA,NA,NA,NA,19.387755102040817,5.1020408163265305,NA,NA,NA,NA,NA,NA,NA,NA,NA
2025-07-03,KXU3-25JUL,9216,NA,NA,NA,NA,NA,NA,NA,NA,31.632653061224488,16.3265306122449,1.0204081632653061,17.346938775510203,NA,NA,0,3.061224489795918,NA,NA,NA,30.612244897959183,NA,NA,NA,NA,NA,NA,NA,NA,NA,NA
2025-07-03,KXU3-25JUN,69575,NA,NA,NA,NA,NA,NA,2.0408163265306123,NA,54.08163265306123,18.367346938775512,1.0204081632653061,2.0408163265306123,NA,NA,NA,NA,NA,NA,NA,18.367346938775512,4.0816326530612255,NA,NA,NA,NA,NA,NA,NA,NA,NA
2025-07-04,KXU3-25JUL,13054,NA,NA,NA,NA,NA,NA,NA,NA,32.6530612244898,17.346938775510203,3.061224489795918,13.26530612244898,NA,NA,3.061224489795918,2.0408163265306123,NA,NA,NA,28.571428571428573,NA,NA,NA,NA,NA,NA,NA,NA,NA,NA
2025-07-05,KXU3-25JUL,23088,NA,NA,NA,NA,NA,NA,NA,NA,25.510204081632654,10.204081632653061,6.122448979591836,25.510204081632654,NA,NA,2.0408163265306123,1.0204081632653061,NA,NA,NA,29.591836734693878,NA,NA,NA,NA,NA,NA,NA,NA,NA,NA
2025-07-06,KXU3-25JUL,7243,NA,NA,NA,NA,NA,NA,NA,NA,29.591836734693878,8.16326530612245,8.16326530612245,30.612244897959183,NA,NA,0,2.0408163265306123,NA,NA,NA,21.428571428571427,NA,NA,NA,NA,NA,NA,NA,NA,NA,NA
2025-07-07,KXU3-25JUL,5933,NA,NA,NA,NA,NA,NA,NA,NA,20.408163265306122,13.265306122448981,10.204081632653061,24.489795918367346,NA,NA,1.0204081632653061,2.0408163265306123,NA,NA,NA,28.571428571428573,NA,NA,NA,NA,NA,NA,NA,NA,NA,NA
2025-07-08,KXU3-25JUL,29813,NA,NA,NA,NA,NA,NA,NA,NA,18.367346938775512,12.244897959183673,14.285714285714286,22.448979591836736,NA,NA,0,2.0408163265306123,NA,NA,NA,30.612244897959183,NA,NA,NA,NA,NA,NA,NA,NA,NA,NA
2025-07-09,KXU3-25JUL,14035,NA,NA,NA,NA,NA,NA,NA,NA,18.367346938775512,14.285714285714286,12.244897959183673,20.408163265306122,NA,NA,3.061224489795918,3.061224489795918,NA,NA,NA,28.571428571428573,NA,NA,NA,NA,NA,NA,NA,NA,NA,NA
2025-07-10,KXU3-25JUL,39102,NA,NA,NA,NA,NA,NA,NA,NA,18.367346938775512,13.265306122448981,11.224489795918368,25.510204081632654,NA,NA,6.122448979591836,3.061224489795918,NA,NA,NA,22.448979591836736,NA,NA,NA,NA,NA,NA,NA,NA,NA,NA
2025-07-11,KXU3-25JUL,49796,NA,NA,NA,NA,NA,NA,NA,NA,19.38775510204082,8.16326530612245,14.285714285714286,25.510204081632654,NA,NA,5.1020408163265305,3.061224489795918,NA,NA,NA,24.489795918367342,NA,NA,NA,NA,NA,NA,NA,NA,NA,NA
2025-07-12,KXU3-25JUL,13075,NA,NA,NA,NA,NA,NA,NA,NA,10.204081632653061,11.224489795918368,10.204081632653061,26.53061224489795,NA,NA,6.122448979591836,1.0204081632653061,NA,NA,NA,34.69387755102042,NA,NA,NA,NA,NA,NA,NA,NA,NA,NA
2025-07-13,KXU3-25JUL,18675,NA,NA,NA,NA,NA,NA,NA,NA,20.40816326530612,8.16326530612245,10.204081632653061,22.448979591836743,NA,NA,4.081632653061225,5.1020408163265305,NA,NA,NA,29.591836734693874,NA,NA,NA,NA,NA,NA,NA,NA,NA,NA
2025-07-14,KXU3-25JUL,7846,NA,NA,NA,NA,NA,NA,NA,NA,20.408163265306122,10.204081632653061,6.122448979591836,22.448979591836736,NA,NA,4.081632653061225,7.142857142857143,NA,NA,NA,29.591836734693878,NA,NA,NA,NA,NA,NA,NA,NA,NA,NA
2025-07-15,KXU3-25JUL,34774,NA,NA,NA,NA,NA,NA,NA,NA,11.224489795918368,10.204081632653061,9.183673469387756,27.551020408163264,NA,NA,2.0408163265306123,7.142857142857143,NA,NA,NA,32.6530612244898,NA,NA,NA,NA,NA,NA,NA,NA,NA,NA
2025-07-16,KXU3-25JUL,21564,NA,NA,NA,NA,NA,NA,NA,NA,21.428571428571427,5.1020408163265305,10.204081632653061,30.612244897959183,NA,NA,1.0204081632653061,4.081632653061225,NA,NA,NA,27.551020408163264,NA,NA,NA,NA,NA,NA,NA,NA,NA,NA
2025-07-17,KXU3-25JUL,8597,NA,NA,NA,NA,NA,NA,NA,NA,20.40816326530612,8.16326530612245,10.204081632653061,30.612244897959183,NA,NA,2.0408163265306123,3.061224489795918,NA,NA,NA,25.510204081632658,NA,NA,NA,NA,NA,NA,NA,NA,NA,NA
2025-07-18,KXU3-25JUL,14896,NA,NA,NA,NA,NA,NA,NA,NA,14.285714285714286,6.122448979591838,13.26530612244898,22.448979591836736,NA,NA,0,3.061224489795918,NA,NA,NA,40.816326530612244,NA,NA,NA,NA,NA,NA,NA,NA,NA,NA
2025-07-19,KXU3-25JUL,3373,NA,NA,NA,NA,NA,NA,NA,NA,15.306122448979592,6.122448979591838,14.285714285714286,24.489795918367346,NA,NA,1.0204081632653061,1.0204081632653061,NA,NA,NA,37.755102040816325,NA,NA,NA,NA,NA,NA,NA,NA,NA,NA
2025-07-20,KXU3-25JUL,28796,NA,NA,NA,NA,NA,NA,NA,NA,15.306122448979592,3.061224489795918,11.224489795918368,25.510204081632654,NA,NA,2.0408163265306123,1.0204081632653061,NA,NA,NA,41.83673469387755,NA,NA,NA,NA,NA,NA,NA,NA,NA,NA
2025-07-21,KXU3-25JUL,14073,NA,NA,NA,NA,NA,NA,NA,NA,13.26530612244898,8.16326530612245,6.122448979591836,25.510204081632654,NA,NA,1.0204081632653061,7.142857142857143,NA,NA,NA,38.775510204081634,NA,NA,NA,NA,NA,NA,NA,NA,NA,NA
2025-07-22,KXU3-25JUL,15007,NA,NA,NA,NA,NA,NA,NA,NA,13.26530612244898,6.122448979591838,11.224489795918368,16.3265306122449,NA,NA,2.0408163265306123,2.0408163265306123,NA,NA,NA,48.97959183673469,NA,NA,NA,NA,NA,NA,NA,NA,NA,NA
2025-07-23,KXU3-25JUL,39961,NA,NA,NA,NA,NA,NA,NA,NA,14.285714285714286,4.081632653061225,10.204081632653061,21.428571428571427,NA,NA,2.0408163265306123,2.0408163265306123,NA,NA,NA,45.91836734693877,NA,NA,NA,NA,NA,NA,NA,NA,NA,NA
2025-07-24,KXU3-25JUL,22626,NA,NA,NA,NA,NA,NA,NA,NA,10.204081632653063,3.061224489795918,11.224489795918368,30.612244897959183,NA,NA,2.0408163265306123,4.081632653061225,NA,NA,NA,38.775510204081634,NA,NA,NA,NA,NA,NA,NA,NA,NA,NA
2025-07-25,KXU3-25JUL,6756,NA,NA,NA,NA,NA,NA,NA,NA,16.3265306122449,3.061224489795918,12.244897959183673,28.571428571428562,NA,NA,1.0204081632653061,3.061224489795918,NA,NA,NA,35.71428571428572,NA,NA,NA,NA,NA,NA,NA,NA,NA,NA
2025-07-26,KXU3-25JUL,11481,NA,NA,NA,NA,NA,NA,NA,NA,10.204081632653061,4.081632653061225,11.224489795918368,34.69387755102041,NA,NA,2.0408163265306123,1.0204081632653061,NA,NA,NA,36.734693877551024,NA,NA,NA,NA,NA,NA,NA,NA,NA,NA
2025-07-27,KXU3-25JUL,9541,NA,NA,NA,NA,NA,NA,NA,NA,10.204081632653061,5.1020408163265305,8.16326530612245,32.6530612244898,NA,NA,2.0408163265306123,4.081632653061225,NA,NA,NA,37.755102040816325,NA,NA,NA,NA,NA,NA,NA,NA,NA,NA
2025-07-28,KXU3-25JUL,65087,NA,NA,NA,NA,NA,NA,NA,NA,21.428571428571427,3.061224489795918,10.204081632653061,23.46938775510204,NA,NA,2.0408163265306123,2.0408163265306123,NA,NA,NA,37.755102040816325,NA,NA,NA,NA,NA,NA,NA,NA,NA,NA
2025-07-29,KXU3-25JUL,106619,NA,NA,NA,NA,NA,NA,NA,NA,18.367346938775512,3.061224489795918,9.183673469387756,23.46938775510204,NA,NA,0,3.061224489795918,NA,NA,NA,42.857142857142854,NA,NA,NA,NA,NA,NA,NA,NA,NA,NA
2025-07-30,KXU3-25JUL,187794,NA,NA,NA,NA,NA,NA,NA,NA,10.204081632653061,4.081632653061225,5.1020408163265305,26.53061224489796,NA,NA,2.0408163265306123,1.0204081632653061,NA,NA,NA,51.02040816326531,NA,NA,NA,NA,NA,NA,NA,NA,NA,NA
2025-07-31,KXU3-25JUL,266827,NA,NA,NA,NA,NA,NA,NA,NA,13.26530612244898,2.0408163265306123,9.183673469387756,23.46938775510204,NA,NA,0,1.0204081632653061,NA,NA,NA,51.02040816326531,NA,NA,NA,NA,NA,NA,NA,NA,NA,NA
2025-08-01,KXU3-25JUL,185500,NA,NA,NA,NA,NA,NA,NA,NA,10.204081632653061,4.081632653061225,5.1020408163265305,22.448979591836736,NA,NA,1.0204081632653061,1.0204081632653061,NA,NA,NA,56.12244897959184,NA,NA,NA,NA,NA,NA,NA,NA,NA,NA
2025-08-06,KXU3-25AUG,13369,NA,NA,NA,NA,NA,NA,NA,NA,41.83673469387755,14.285714285714286,3.061224489795918,7.142857142857143,NA,NA,NA,0,NA,NA,NA,27.551020408163264,6.122448979591838,NA,NA,NA,NA,NA,NA,NA,NA,NA
2025-08-07,KXU3-25AUG,24807,NA,NA,NA,NA,NA,NA,NA,NA,38.775510204081634,16.3265306122449,3.061224489795918,10.204081632653061,NA,NA,NA,0,NA,NA,NA,24.489795918367346,7.142857142857143,NA,NA,NA,NA,NA,NA,NA,NA,NA
2025-08-08,KXU3-25AUG,5837,NA,NA,NA,NA,NA,NA,NA,NA,33.673469387755105,17.346938775510203,2.0408163265306123,6.122448979591836,NA,NA,NA,3.061224489795918,NA,NA,NA,29.591836734693878,8.16326530612245,NA,NA,NA,NA,NA,NA,NA,NA,NA
2025-08-09,KXU3-25AUG,20486,NA,NA,NA,NA,NA,NA,NA,NA,42.857142857142854,16.3265306122449,2.0408163265306123,6.122448979591836,NA,NA,NA,3.061224489795918,NA,NA,NA,24.489795918367346,5.1020408163265305,NA,NA,NA,NA,NA,NA,NA,NA,NA
2025-08-10,KXU3-25AUG,1073,NA,NA,NA,NA,NA,NA,NA,NA,40.816326530612244,18.367346938775512,2.0408163265306123,3.061224489795918,NA,NA,NA,3.061224489795918,NA,NA,NA,27.551020408163264,5.1020408163265305,NA,NA,NA,NA,NA,NA,NA,NA,NA
2025-08-11,KXU3-25AUG,10199,NA,NA,NA,NA,NA,NA,NA,NA,36.734693877551024,17.346938775510203,2.0408163265306123,6.122448979591836,NA,NA,NA,3.061224489795918,NA,NA,NA,29.591836734693878,5.1020408163265305,NA,NA,NA,NA,NA,NA,NA,NA,NA
2025-08-12,KXU3-25AUG,37969,NA,NA,NA,NA,NA,NA,NA,NA,44.89795918367347,14.285714285714286,1.0204081632653061,6.122448979591836,NA,NA,NA,3.061224489795918,NA,NA,NA,27.551020408163264,3.061224489795918,NA,NA,NA,NA,NA,NA,NA,NA,NA
2025-08-13,KXU3-25AUG,17635,NA,NA,NA,NA,NA,NA,NA,NA,42.857142857142854,16.3265306122449,2.0408163265306123,4.081632653061225,NA,NA,NA,2.0408163265306123,NA,NA,NA,29.591836734693878,3.061224489795918,NA,NA,NA,NA,NA,NA,NA,NA,NA
2025-08-14,KXU3-25AUG,31528,NA,NA,NA,NA,NA,NA,NA,NA,44.89795918367347,14.285714285714286,2.0408163265306123,8.16326530612245,NA,NA,NA,0,NA,NA,NA,26.53061224489796,4.081632653061225,NA,NA,NA,NA,NA,NA,NA,NA,NA
2025-08-15,KXU3-25AUG,8440,NA,NA,NA,NA,NA,NA,NA,NA,45.91836734693877,14.285714285714286,3.061224489795918,5.1020408163265305,NA,NA,NA,0,NA,NA,NA,28.571428571428573,3.061224489795918,NA,NA,NA,NA,NA,NA,NA,NA,NA
2025-08-16,KXU3-25AUG,5274,NA,NA,NA,NA,NA,NA,NA,NA,43.87755102040816,16.3265306122449,1.0204081632653061,6.122448979591836,NA,NA,NA,0,NA,NA,NA,31.632653061224488,1.0204081632653061,NA,NA,NA,NA,NA,NA,NA,NA,NA
2025-08-17,KXU3-25AUG,7632,NA,NA,NA,NA,NA,NA,NA,NA,43.87755102040816,14.285714285714286,3.061224489795918,6.122448979591836,NA,NA,NA,0,NA,NA,NA,28.571428571428573,4.081632653061225,NA,NA,NA,NA,NA,NA,NA,NA,NA
2025-08-18,KXU3-25AUG,18653,NA,NA,NA,NA,NA,NA,NA,NA,47.95918367346939,11.224489795918368,2.0408163265306123,6.122448979591836,NA,NA,NA,1.0204081632653061,NA,NA,NA,27.551020408163264,4.081632653061225,NA,NA,NA,NA,NA,NA,NA,NA,NA
2025-08-19,KXU3-25AUG,7227,NA,NA,NA,NA,NA,NA,NA,NA,42.857142857142854,14.285714285714286,2.0408163265306123,2.0408163265306123,NA,NA,NA,1.0204081632653061,NA,NA,NA,33.673469387755105,4.081632653061225,NA,NA,NA,NA,NA,NA,NA,NA,NA
2025-08-20,KXU3-25AUG,24408,NA,NA,NA,NA,NA,NA,NA,NA,46.93877551020408,12.244897959183673,2.0408163265306123,3.061224489795918,NA,NA,NA,1.0204081632653061,NA,NA,NA,30.612244897959183,4.081632653061225,NA,NA,NA,NA,NA,NA,NA,NA,NA
2025-08-21,KXU3-25AUG,11404,NA,NA,NA,NA,NA,NA,NA,NA,47.95918367346939,11.224489795918368,2.0408163265306123,5.1020408163265305,NA,NA,NA,1.0204081632653061,NA,NA,NA,28.571428571428573,4.081632653061225,NA,NA,NA,NA,NA,NA,NA,NA,NA
2025-08-22,KXU3-25AUG,9909,NA,NA,NA,NA,NA,NA,NA,NA,42.857142857142854,15.306122448979592,2.0408163265306123,6.122448979591836,NA,NA,NA,1.0204081632653061,NA,NA,NA,28.571428571428573,4.081632653061225,NA,NA,NA,NA,NA,NA,NA,NA,NA
2025-08-23,KXU3-25AUG,6144,NA,NA,NA,NA,NA,NA,NA,NA,46.93877551020408,13.26530612244898,2.0408163265306123,4.081632653061225,NA,NA,NA,1.0204081632653061,NA,NA,NA,30.612244897959183,2.0408163265306123,NA,NA,NA,NA,NA,NA,NA,NA,NA
2025-08-24,KXU3-25AUG,3267,NA,NA,NA,NA,NA,NA,NA,NA,46.93877551020408,13.26530612244898,2.0408163265306123,3.061224489795918,NA,NA,NA,1.0204081632653061,NA,NA,NA,29.591836734693878,4.081632653061225,NA,NA,NA,NA,NA,NA,NA,NA,NA
2025-08-25,KXU3-25AUG,6059,NA,NA,NA,NA,NA,NA,NA,NA,42.857142857142854,13.26530612244898,2.0408163265306123,4.081632653061225,NA,NA,NA,1.0204081632653061,NA,NA,NA,32.6530612244898,4.081632653061225,NA,NA,NA,NA,NA,NA,NA,NA,NA
2025-08-26,KXU3-25AUG,7515,NA,NA,NA,NA,NA,NA,NA,NA,42.857142857142854,12.244897959183673,3.061224489795918,8.16326530612245,NA,NA,NA,0,NA,NA,NA,29.591836734693878,4.081632653061225,NA,NA,NA,NA,NA,NA,NA,NA,NA
2025-08-27,KXU3-25AUG,18977,NA,NA,NA,NA,NA,NA,NA,NA,45.91836734693877,12.244897959183673,3.061224489795918,8.16326530612245,NA,NA,NA,0,NA,NA,NA,26.53061224489796,4.081632653061225,NA,NA,NA,NA,NA,NA,NA,NA,NA
2025-08-28,KXU3-25AUG,3503,NA,NA,NA,NA,NA,NA,NA,NA,39.795918367346935,16.3265306122449,1.0204081632653061,3.061224489795918,NA,NA,NA,3.061224489795918,NA,NA,NA,32.6530612244898,4.081632653061225,NA,NA,NA,NA,NA,NA,NA,NA,NA
2025-08-29,KXU3-25AUG,7631,NA,NA,NA,NA,NA,NA,NA,NA,45.91836734693877,13.26530612244898,1.0204081632653061,3.061224489795918,NA,NA,NA,3.061224489795918,NA,NA,NA,29.591836734693878,4.081632653061225,NA,NA,NA,NA,NA,NA,NA,NA,NA
2025-08-30,KXU3-25AUG,13872,NA,NA,NA,NA,NA,NA,NA,NA,42.857142857142854,16.3265306122449,1.0204081632653061,3.061224489795918,NA,NA,NA,3.061224489795918,NA,NA,NA,28.571428571428573,5.1020408163265305,NA,NA,NA,NA,NA,NA,NA,NA,NA
2025-08-31,KXU3-25AUG,5676,NA,NA,NA,NA,NA,NA,NA,NA,51.02040816326531,13.26530612244898,2.0408163265306123,5.1020408163265305,NA,NA,NA,0,NA,NA,NA,25.510204081632654,3.061224489795918,NA,NA,NA,NA,NA,NA,NA,NA,NA
2025-09-01,KXU3-25AUG,34488,NA,NA,NA,NA,NA,NA,NA,NA,52.04081632653061,15.306122448979592,1.0204081632653061,4.081632653061225,NA,NA,NA,0,NA,NA,NA,24.489795918367346,3.061224489795918,NA,NA,NA,NA,NA,NA,NA,NA,NA
2025-09-02,KXU3-25AUG,16478,NA,NA,NA,NA,NA,NA,NA,NA,44.89795918367347,16.3265306122449,0,7.142857142857143,NA,NA,NA,0,NA,NA,NA,26.53061224489796,5.1020408163265305,NA,NA,NA,NA,NA,NA,NA,NA,NA
2025-09-03,KXU3-25AUG,30485,NA,NA,NA,NA,NA,NA,NA,NA,55.10204081632653,15.306122448979592,0,5.1020408163265305,NA,NA,NA,0,NA,NA,NA,20.408163265306122,4.081632653061225,NA,NA,NA,NA,NA,NA,NA,NA,NA
2025-09-04,KXU3-25AUG,31338,NA,NA,NA,NA,NA,NA,NA,NA,54.08163265306123,12.244897959183673,0,4.081632653061225,NA,NA,NA,0,NA,NA,NA,23.46938775510204,6.122448979591838,NA,NA,NA,NA,NA,NA,NA,NA,NA
2025-09-04,KXU3-25SEP,140,NA,NA,NA,NA,NA,NA,NA,NA,34.69387755102041,26.53061224489796,NA,11.224489795918368,NA,NA,NA,NA,NA,NA,NA,27.551020408163264,NA,NA,NA,NA,NA,NA,NA,NA,NA,NA
2025-09-05,KXU3-25AUG,65040,NA,NA,NA,NA,NA,NA,NA,NA,53.06122448979592,11.22448979591837,0,6.122448979591836,NA,NA,NA,0,NA,NA,NA,27.551020408163264,2.0408163265306123,NA,NA,NA,NA,NA,NA,NA,NA,NA
2025-09-05,KXU3-25SEP,12355,NA,NA,NA,NA,NA,NA,NA,NA,37.755102040816325,34.69387755102041,NA,3.061224489795918,NA,NA,NA,NA,NA,NA,NA,24.489795918367346,NA,NA,NA,NA,NA,NA,NA,NA,NA,NA
2025-09-06,KXU3-25SEP,39987,NA,NA,NA,NA,NA,NA,NA,NA,41.83673469387755,45.91836734693877,1.0204081632653061,2.0408163265306123,NA,NA,0,1.0204081632653061,NA,NA,NA,8.16326530612245,NA,NA,NA,NA,NA,NA,NA,NA,NA,NA
2025-09-07,KXU3-25SEP,2711,NA,NA,NA,NA,NA,NA,NA,NA,38.775510204081634,44.89795918367347,1.0204081632653061,2.0408163265306123,NA,NA,0,1.0204081632653061,NA,NA,NA,12.244897959183673,NA,NA,NA,NA,NA,NA,NA,NA,NA,NA
2025-09-08,KXU3-25SEP,1775,NA,NA,NA,NA,NA,NA,NA,NA,41.83673469387755,45.91836734693877,1.0204081632653061,1.0204081632653061,NA,NA,0,1.0204081632653061,NA,NA,NA,9.183673469387756,NA,NA,NA,NA,NA,NA,NA,NA,NA,NA
2025-09-09,KXU3-25SEP,492,NA,NA,NA,NA,NA,NA,NA,NA,40.816326530612244,45.91836734693877,1.0204081632653061,1.0204081632653061,NA,NA,1.0204081632653061,1.0204081632653061,NA,NA,NA,9.183673469387756,NA,NA,NA,NA,NA,NA,NA,NA,NA,NA
2025-09-10,KXU3-25SEP,5210,NA,NA,NA,NA,NA,NA,NA,NA,44.89795918367347,41.83673469387755,1.0204081632653061,2.0408163265306123,NA,NA,0,1.0204081632653061,NA,NA,NA,9.183673469387756,NA,NA,NA,NA,NA,NA,NA,NA,NA,NA
2025-09-11,KXU3-25SEP,6540,NA,NA,NA,NA,NA,NA,NA,NA,39.795918367346935,48.97959183673469,1.0204081632653061,2.0408163265306123,NA,NA,0,1.0204081632653061,NA,NA,NA,7.142857142857143,NA,NA,NA,NA,NA,NA,NA,NA,NA,NA
2025-09-12,KXU3-25SEP,2145,NA,NA,NA,NA,NA,NA,NA,NA,39.795918367346935,48.97959183673469,1.0204081632653061,2.0408163265306123,NA,NA,0,1.0204081632653061,NA,NA,NA,7.142857142857143,NA,NA,NA,NA,NA,NA,NA,NA,NA,NA
2025-09-13,KXU3-25SEP,2208,NA,NA,NA,NA,NA,NA,NA,NA,38.775510204081634,48.97959183673469,1.0204081632653061,2.0408163265306123,NA,NA,0,1.0204081632653061,NA,NA,NA,8.16326530612245,NA,NA,NA,NA,NA,NA,NA,NA,NA,NA
2025-09-14,KXU3-25SEP,5100,NA,NA,NA,NA,NA,NA,NA,NA,37.755102040816325,48.97959183673469,1.0204081632653061,1.0204081632653061,NA,NA,1.0204081632653061,1.0204081632653061,NA,NA,NA,9.183673469387756,NA,NA,NA,NA,NA,NA,NA,NA,NA,NA
2025-09-15,KXU3-25SEP,1757,NA,NA,NA,NA,NA,NA,NA,NA,41.83673469387755,47.95918367346939,1.0204081632653061,1.0204081632653061,NA,NA,0,1.0204081632653061,NA,NA,NA,7.142857142857143,NA,NA,NA,NA,NA,NA,NA,NA,NA,NA
2025-09-16,KXU3-25SEP,19283,NA,NA,NA,NA,NA,NA,NA,NA,38.775510204081634,53.06122448979592,1.0204081632653061,1.0204081632653061,NA,NA,0,1.0204081632653061,NA,NA,NA,5.1020408163265305,NA,NA,NA,NA,NA,NA,NA,NA,NA,NA
2025-09-17,KXU3-25SEP,5867,NA,NA,NA,NA,NA,NA,NA,NA,38.775510204081634,28.571428571428573,1.0204081632653061,2.0408163265306123,NA,NA,0,1.0204081632653061,NA,NA,NA,8.16326530612245,20.408163265306122,NA,NA,NA,NA,NA,NA,NA,NA,NA
2025-09-18,KXU3-25SEP,2576,NA,NA,NA,NA,NA,NA,NA,NA,38.775510204081634,31.632653061224488,1.0204081632653061,2.0408163265306123,NA,NA,0,1.0204081632653061,NA,NA,NA,6.122448979591836,19.387755102040817,NA,NA,NA,NA,NA,NA,NA,NA,NA
2025-09-19,KXU3-25SEP,4614,NA,NA,NA,NA,NA,NA,NA,NA,38.775510204081634,31.632653061224488,0,0,NA,NA,0,0,NA,NA,NA,10.204081632653061,19.387755102040817,NA,NA,NA,NA,NA,NA,NA,NA,NA
2025-09-20,KXU3-25SEP,4016,NA,NA,NA,NA,NA,NA,NA,NA,40.816326530612244,31.632653061224488,0,0,NA,NA,0,0,NA,NA,NA,8.16326530612245,19.387755102040817,NA,NA,NA,NA,NA,NA,NA,NA,NA
2025-09-21,KXU3-25SEP,490,NA,NA,NA,NA,NA,NA,NA,NA,40.816326530612244,30.612244897959183,1.0204081632653061,1.0204081632653061,NA,NA,0,1.0204081632653061,NA,NA,NA,5.1020408163265305,20.408163265306122,NA,NA,NA,NA,NA,NA,NA,NA,NA
2025-09-22,KXU3-25SEP,3264,NA,NA,NA,NA,NA,NA,NA,NA,37.755102040816325,32.6530612244898,0,0,NA,NA,0,0,NA,NA,NA,10.204081632653061,19.387755102040817,NA,NA,NA,NA,NA,NA,NA,NA,NA
2025-09-23,KXU3-25SEP,4680,NA,NA,NA,NA,NA,NA,NA,NA,38.775510204081634,34.69387755102041,0,0,NA,NA,0,0,NA,NA,NA,8.16326530612245,18.367346938775512,NA,NA,NA,NA,NA,NA,NA,NA,NA
2025-09-24,KXU3-25SEP,101071,NA,NA,NA,NA,NA,NA,NA,NA,36.734693877551024,34.69387755102041,1.0204081632653061,2.0408163265306123,NA,NA,0,0,NA,NA,NA,12.244897959183673,13.265306122448981,NA,NA,NA,NA,NA,NA,NA,NA,NA
2025-09-25,KXU3-25SEP,9527,NA,NA,NA,NA,NA,NA,NA,NA,37.755102040816325,36.734693877551024,1.0204081632653061,2.0408163265306123,NA,NA,0,0,NA,NA,NA,11.224489795918368,11.224489795918368,NA,NA,NA,NA,NA,NA,NA,NA,NA
2025-09-26,KXU3-25SEP,52010,NA,NA,NA,NA,NA,NA,NA,NA,36.734693877551024,29.591836734693878,1.0204081632653061,5.1020408163265305,NA,NA,0,0,NA,NA,NA,14.285714285714286,13.265306122448981,NA,NA,NA,NA,NA,NA,NA,NA,NA
2025-09-27,KXU3-25SEP,8877,NA,NA,NA,NA,NA,NA,NA,NA,34.69387755102041,32.6530612244898,1.0204081632653061,5.1020408163265305,NA,NA,0,0,NA,NA,NA,14.285714285714286,12.244897959183673,NA,NA,NA,NA,NA,NA,NA,NA,NA
2025-09-28,KXU3-25SEP,9429,NA,NA,NA,NA,NA,NA,NA,NA,37.755102040816325,32.6530612244898,1.0204081632653061,2.0408163265306123,NA,NA,0,0,NA,NA,NA,15.306122448979592,11.224489795918368,NA,NA,NA,NA,NA,NA,NA,NA,NA
2025-09-29,KXU3-25SEP,81608,NA,NA,NA,NA,NA,NA,NA,NA,38.775510204081634,26.53061224489796,3.061224489795918,5.1020408163265305,NA,NA,0,0,NA,NA,NA,15.306122448979592,11.224489795918368,NA,NA,NA,NA,NA,NA,NA,NA,NA
2025-09-30,KXU3-25SEP,43426,NA,NA,NA,NA,NA,NA,NA,NA,40.816326530612244,25.510204081632654,2.0408163265306123,6.122448979591836,NA,NA,0,0,NA,NA,NA,14.285714285714286,11.224489795918368,NA,NA,NA,NA,NA,NA,NA,NA,NA
2025-10-01,KXU3-25SEP,82807,NA,NA,NA,NA,NA,NA,NA,NA,36.734693877551024,29.591836734693878,1.0204081632653061,10.204081632653061,NA,NA,0,0,NA,NA,NA,12.244897959183673,10.204081632653061,NA,NA,NA,NA,NA,NA,NA,NA,NA
2025-10-02,KXU3-25SEP,107960,NA,NA,NA,NA,NA,NA,NA,NA,40.816326530612244,27.551020408163264,3.061224489795918,3.061224489795918,NA,NA,0,0,NA,NA,NA,19.387755102040817,6.122448979591838,NA,NA,NA,NA,NA,NA,NA,NA,NA
2025-10-03,KXU3-25SEP,42603,NA,NA,NA,NA,NA,NA,NA,NA,43.87755102040816,25.510204081632654,1.0204081632653061,6.122448979591836,NA,NA,0,0,NA,NA,NA,18.367346938775512,5.1020408163265305,NA,NA,NA,NA,NA,NA,NA,NA,NA
2025-10-08,KXU3-25OCT,4136,NA,NA,NA,NA,NA,NA,16.3265306122449,NA,36.734693877551024,24.489795918367346,NA,1.0204081632653061,NA,NA,NA,NA,NA,NA,NA,12.244897959183673,9.183673469387756,NA,NA,NA,NA,NA,NA,NA,NA,NA
2025-10-09,KXU3-25OCT,63852,NA,NA,NA,NA,NA,NA,14.285714285714286,3.061224489795918,32.6530612244898,24.489795918367346,NA,1.0204081632653061,NA,NA,NA,NA,NA,NA,NA,15.306122448979592,9.183673469387756,NA,NA,NA,NA,NA,NA,NA,NA,NA
2025-10-10,KXU3-25OCT,728,NA,NA,NA,NA,NA,NA,14.285714285714286,3.061224489795918,31.63265306122448,30.612244897959194,NA,1.0204081632653061,NA,NA,NA,NA,NA,NA,NA,12.244897959183673,7.142857142857143,NA,NA,NA,NA,NA,NA,NA,NA,NA
2025-10-11,KXU3-25OCT,421,NA,NA,NA,NA,NA,NA,14.285714285714286,3.061224489795918,31.63265306122448,27.55102040816327,NA,1.0204081632653061,NA,NA,NA,NA,NA,NA,NA,12.244897959183673,10.204081632653065,NA,NA,NA,NA,NA,NA,NA,NA,NA
2025-10-12,KXU3-25OCT,298,NA,NA,NA,NA,NA,NA,14.285714285714286,3.061224489795918,28.571428571428562,32.653061224489804,NA,1.0204081632653061,NA,NA,NA,NA,NA,NA,NA,14.285714285714286,6.122448979591836,NA,NA,NA,NA,NA,NA,NA,NA,NA
2025-10-13,KXU3-25OCT,3903,NA,NA,NA,NA,NA,NA,11.224489795918368,3.061224489795918,37.755102040816325,28.571428571428573,NA,1.0204081632653061,NA,NA,NA,NA,NA,NA,NA,9.183673469387756,9.183673469387756,NA,NA,NA,NA,NA,NA,NA,NA,NA
2025-10-14,KXU3-25OCT,342,NA,NA,NA,NA,NA,NA,13.26530612244898,3.061224489795918,33.67346938775509,28.57142857142858,NA,1.0204081632653061,NA,NA,NA,NA,NA,NA,NA,10.204081632653061,10.204081632653061,NA,NA,NA,NA,NA,NA,NA,NA,NA
2025-10-15,KXU3-25OCT,290,NA,NA,NA,NA,NA,NA,15.306122448979592,3.061224489795918,35.714285714285715,25.510204081632647,NA,5.1020408163265305,NA,NA,NA,NA,NA,NA,NA,6.122448979591836,9.183673469387758,NA,NA,NA,NA,NA,NA,NA,NA,NA
2025-10-16,KXU3-25OCT,116,NA,NA,NA,NA,NA,NA,15.306122448979592,3.061224489795918,36.734693877551024,25.510204081632647,NA,5.1020408163265305,NA,NA,NA,NA,NA,NA,NA,5.1020408163265305,9.183673469387758,NA,NA,NA,NA,NA,NA,NA,NA,NA
2025-10-17,KXU3-25OCT,252,NA,NA,NA,NA,NA,NA,12.244897959183673,6.122448979591838,33.67346938775509,28.571428571428577,NA,5.1020408163265305,NA,NA,NA,NA,NA,NA,NA,5.1020408163265305,9.183673469387758,NA,NA,NA,NA,NA,NA,NA,NA,NA
2025-10-18,KXU3-25OCT,97,NA,NA,NA,NA,NA,NA,12.244897959183673,6.122448979591838,33.67346938775509,28.571428571428577,NA,5.1020408163265305,NA,NA,NA,NA,NA,NA,NA,5.1020408163265305,9.183673469387758,NA,NA,NA,NA,NA,NA,NA,NA,NA
2025-10-19,KXU3-25OCT,447,NA,NA,NA,NA,NA,NA,10.204081632653061,6.122448979591838,33.67346938775509,30.612244897959194,NA,5.1020408163265305,NA,NA,NA,NA,NA,NA,NA,5.1020408163265305,9.183673469387756,NA,NA,NA,NA,NA,NA,NA,NA,NA
2025-10-20,KXU3-25OCT,11877,NA,NA,NA,NA,NA,NA,10.204081632653061,6.122448979591838,29.591836734693867,26.53061224489797,NA,5.1020408163265305,NA,NA,NA,NA,NA,NA,NA,9.183673469387756,13.26530612244898,NA,NA,NA,NA,NA,NA,NA,NA,NA
2025-10-21,KXU3-25OCT,3741,NA,NA,NA,NA,NA,NA,10.204081632653061,7.142857142857143,29.591836734693885,26.53061224489795,NA,5.1020408163265305,NA,NA,NA,NA,NA,NA,NA,8.16326530612245,13.26530612244898,NA,NA,NA,NA,NA,NA,NA,NA,NA
2025-10-22,KXU3-25OCT,23361,NA,NA,NA,NA,NA,NA,13.26530612244898,7.142857142857143,30.612244897959176,26.53061224489797,NA,3.061224489795918,NA,NA,NA,NA,NA,NA,NA,10.204081632653061,9.183673469387756,NA,NA,NA,NA,NA,NA,NA,NA,NA
2025-10-23,KXU3-25OCT,17774,NA,NA,NA,NA,NA,NA,16.3265306122449,8.16326530612245,30.612244897959183,29.591836734693878,NA,3.061224489795918,NA,NA,NA,NA,NA,NA,NA,6.122448979591836,6.122448979591836,NA,NA,NA,NA,NA,NA,NA,NA,NA
2025-10-24,KXU3-25OCT,16747,NA,NA,NA,NA,NA,NA,6.122448979591836,9.183673469387756,35.714285714285715,31.632653061224485,NA,4.081632653061225,NA,NA,NA,NA,NA,NA,NA,1.0204081632653061,12.244897959183678,NA,NA,NA,NA,NA,NA,NA,NA,NA
2025-10-25,KXU3-25OCT,3183,NA,NA,NA,NA,NA,NA,9.183673469387756,6.122448979591838,35.71428571428572,32.65306122448979,NA,4.081632653061225,NA,NA,NA,NA,NA,NA,NA,2.0408163265306123,10.204081632653061,NA,NA,NA,NA,NA,NA,NA,NA,NA
2025-10-26,KXU3-25OCT,202,NA,NA,NA,NA,NA,NA,9.183673469387756,6.122448979591838,30.612244897959183,34.69387755102041,NA,4.081632653061225,NA,NA,NA,NA,NA,NA,NA,5.1020408163265305,10.204081632653061,NA,NA,NA,NA,NA,NA,NA,NA,NA
2025-10-27,KXU3-25OCT,47,NA,NA,NA,NA,NA,NA,9.183673469387756,6.122448979591838,31.632653061224488,36.734693877551024,NA,4.081632653061225,NA,NA,NA,NA,NA,NA,NA,4.081632653061225,8.16326530612245,NA,NA,NA,NA,NA,NA,NA,NA,NA
2025-10-28,KXU3-25OCT,1061,NA,NA,NA,NA,NA,NA,7.142857142857143,8.16326530612245,31.632653061224488,33.673469387755105,NA,4.081632653061225,NA,NA,NA,NA,NA,NA,NA,4.081632653061225,11.224489795918368,NA,NA,NA,NA,NA,NA,NA,NA,NA
2025-10-29,KXU3-25OCT,1591,NA,NA,NA,NA,NA,NA,3.061224489795918,11.224489795918368,32.6530612244898,38.775510204081634,NA,4.081632653061225,NA,NA,NA,NA,NA,NA,NA,2.0408163265306123,8.16326530612245,NA,NA,NA,NA,NA,NA,NA,NA,NA
2025-10-30,KXU3-25OCT,18017,NA,NA,NA,NA,NA,NA,8.163265306122451,5.1020408163265305,30.612244897959183,34.69387755102041,NA,4.081632653061225,NA,NA,NA,NA,NA,NA,NA,6.122448979591836,11.224489795918364,NA,NA,NA,NA,NA,NA,NA,NA,NA
2025-10-31,KXU3-25OCT,3177,NA,NA,NA,NA,NA,NA,4.081632653061226,9.183673469387756,37.75510204081632,31.6326530612245,NA,4.081632653061225,NA,NA,NA,NA,NA,NA,NA,2.0408163265306123,11.224489795918364,NA,NA,NA,NA,NA,NA,NA,NA,NA
2025-11-01,KXU3-25OCT,472,NA,NA,NA,NA,NA,NA,3.061224489795918,9.183673469387756,32.6530612244898,38.775510204081634,NA,4.081632653061225,NA,NA,NA,NA,NA,NA,NA,2.0408163265306123,10.204081632653061,NA,NA,NA,NA,NA,NA,NA,NA,NA
2025-11-02,KXU3-25OCT,212,NA,NA,NA,NA,NA,NA,3.061224489795918,9.183673469387756,32.6530612244898,35.714285714285715,NA,4.081632653061225,NA,NA,NA,NA,NA,NA,NA,2.0408163265306123,13.26530612244898,NA,NA,NA,NA,NA,NA,NA,NA,NA
2025-11-03,KXU3-25OCT,1027,NA,NA,NA,NA,NA,NA,5.1020408163265305,9.183673469387756,33.67346938775509,31.6326530612245,NA,4.081632653061225,NA,NA,NA,NA,NA,NA,NA,6.122448979591836,10.204081632653061,NA,NA,NA,NA,NA,NA,NA,NA,NA
2025-11-04,KXU3-25OCT,1299,NA,NA,NA,NA,NA,NA,10.204081632653061,5.1020408163265305,29.591836734693878,41.83673469387755,NA,4.081632653061225,NA,NA,NA,NA,NA,NA,NA,5.1020408163265305,4.081632653061225,NA,NA,NA,NA,NA,NA,NA,NA,NA
2025-11-05,KXU3-25OCT,1094,NA,NA,NA,NA,NA,NA,10.204081632653061,6.122448979591838,31.632653061224488,34.69387755102041,NA,4.081632653061225,NA,NA,NA,NA,NA,NA,NA,5.1020408163265305,8.16326530612245,NA,NA,NA,NA,NA,NA,NA,NA,NA
2025-11-06,KXU3-25OCT,67205,NA,NA,NA,NA,NA,NA,11.224489795918368,15.306122448979592,32.6530612244898,21.428571428571427,NA,4.081632653061225,NA,NA,NA,NA,NA,NA,NA,3.061224489795918,12.244897959183673,NA,NA,NA,NA,NA,NA,NA,NA,NA
2025-11-07,KXU3-25OCT,100341,NA,NA,NA,NA,NA,NA,10.204081632653061,6.122448979591838,30.612244897959183,39.795918367346935,NA,0,NA,NA,NA,NA,NA,NA,NA,3.061224489795918,10.204081632653061,NA,NA,NA,NA,NA,NA,NA,NA,NA
2025-11-16,KXU3-25NOV,565,NA,NA,NA,NA,NA,NA,23.46938775510204,2.040816326530614,14.285714285714286,24.489795918367346,NA,3.061224489795918,NA,NA,NA,NA,NA,NA,NA,4.081632653061225,17.346938775510203,11.224489795918368,NA,NA,NA,NA,NA,NA,NA,NA
2025-11-17,KXU3-25NOV,23302,NA,NA,NA,NA,NA,NA,21.428571428571427,8.16326530612245,12.244897959183673,22.448979591836743,NA,3.061224489795918,NA,NA,NA,NA,NA,NA,NA,4.081632653061225,21.42857142857142,7.142857142857143,NA,NA,NA,NA,NA,NA,NA,NA
2025-11-18,KXU3-25NOV,11764,NA,NA,NA,NA,NA,NA,16.3265306122449,8.163265306122447,15.306122448979592,24.489795918367346,NA,3.061224489795918,NA,NA,NA,NA,NA,NA,NA,4.081632653061225,22.448979591836736,6.122448979591838,NA,NA,NA,NA,NA,NA,NA,NA
2025-11-19,KXU3-25NOV,4303,NA,NA,NA,NA,NA,NA,20.408163265306122,8.163265306122447,11.224489795918368,23.46938775510205,NA,3.061224489795918,NA,NA,NA,NA,NA,NA,NA,4.081632653061225,23.46938775510203,6.122448979591838,NA,NA,NA,NA,NA,NA,NA,NA
2025-11-20,KXU3-25NOV,33248,NA,NA,NA,NA,NA,NA,21.428571428571427,7.142857142857144,11.224489795918368,24.489795918367356,NA,3.061224489795918,NA,NA,NA,NA,NA,NA,NA,4.081632653061225,22.448979591836725,6.122448979591838,NA,NA,NA,NA,NA,NA,NA,NA
2025-11-21,KXU3-25NOV,19494,NA,NA,NA,NA,NA,NA,22.448979591836736,8.163265306122447,11.224489795918368,26.53061224489795,0,2.0408163265306123,NA,NA,0,0,NA,NA,NA,5.1020408163265305,18.367346938775515,6.122448979591838,NA,NA,NA,NA,NA,NA,NA,NA
2025-11-22,KXU3-25NOV,13513,NA,NA,NA,NA,NA,NA,23.46938775510204,12.244897959183673,10.204081632653061,24.489795918367356,0,2.0408163265306123,NA,NA,0,0,NA,NA,NA,5.1020408163265305,20.408163265306115,2.0408163265306123,NA,NA,NA,NA,NA,NA,NA,NA
2025-11-23,KXU3-25NOV,903,NA,NA,NA,NA,NA,NA,21.428571428571427,11.224489795918368,9.183673469387756,25.51020408163266,0,2.0408163265306123,NA,NA,0,0,NA,NA,NA,5.1020408163265305,21.42857142857142,4.081632653061225,NA,NA,NA,NA,NA,NA,NA,NA
2025-11-24,KXU3-25NOV,11754,NA,NA,NA,NA,NA,NA,22.448979591836736,11.224489795918368,13.26530612244898,20.408163265306122,0,2.0408163265306123,NA,NA,0,0,NA,NA,NA,3.061224489795918,23.46938775510204,4.081632653061225,NA,NA,NA,NA,NA,NA,NA,NA
2025-11-25,KXU3-25NOV,15918,NA,NA,NA,NA,NA,NA,26.53061224489796,11.224489795918368,7.142857142857143,22.448979591836736,0,2.0408163265306123,NA,NA,0,0,NA,NA,NA,3.061224489795918,23.46938775510204,4.081632653061225,NA,NA,NA,NA,NA,NA,NA,NA
2025-11-26,KXU3-25NOV,22492,NA,NA,NA,NA,NA,NA,22.448979591836736,6.122448979591839,9.183673469387756,24.489795918367346,0,2.0408163265306123,NA,NA,0,0,NA,NA,NA,1.0204081632653061,27.551020408163264,7.142857142857143,NA,NA,NA,NA,NA,NA,NA,NA
2025-11-27,KXU3-25NOV,10905,NA,NA,NA,NA,NA,NA,22.448979591836736,13.26530612244898,7.142857142857143,22.448979591836736,0,2.0408163265306123,NA,NA,0,0,NA,NA,NA,1.0204081632653061,27.551020408163264,4.081632653061225,NA,NA,NA,NA,NA,NA,NA,NA
2025-11-28,KXU3-25NOV,2583,NA,NA,NA,NA,NA,NA,26.53061224489796,15.306122448979592,8.16326530612245,20.408163265306122,0,2.0408163265306123,NA,NA,0,0,NA,NA,NA,2.0408163265306123,22.448979591836736,3.061224489795918,NA,NA,NA,NA,NA,NA,NA,NA
2025-11-29,KXU3-25NOV,1066,NA,NA,NA,NA,NA,NA,21.428571428571427,15.306122448979592,4.081632653061225,21.428571428571427,0,2.0408163265306123,NA,NA,0,0,NA,NA,NA,3.061224489795918,29.591836734693878,3.061224489795918,NA,NA,NA,NA,NA,NA,NA,NA
2025-11-30,KXU3-25NOV,3873,NA,NA,NA,NA,NA,NA,29.591836734693878,14.285714285714286,5.1020408163265305,23.46938775510204,2.0408163265306123,1.0204081632653061,NA,NA,0,0,NA,NA,NA,2.0408163265306123,21.428571428571427,1.0204081632653061,NA,NA,NA,NA,NA,NA,NA,NA
2025-12-01,KXU3-25NOV,5185,NA,NA,NA,NA,NA,NA,22.448979591836736,13.26530612244898,8.16326530612245,24.489795918367346,0,2.0408163265306123,NA,NA,0,0,NA,NA,NA,1.0204081632653061,26.53061224489796,2.0408163265306123,NA,NA,NA,NA,NA,NA,NA,NA
2025-12-02,KXU3-25NOV,16116,NA,NA,NA,NA,NA,NA,28.571428571428573,13.26530612244898,2.0408163265306123,23.46938775510204,2.0408163265306123,1.0204081632653061,NA,NA,0,0,NA,NA,NA,1.0204081632653061,26.53061224489796,2.0408163265306123,NA,NA,NA,NA,NA,NA,NA,NA
2025-12-03,KXU3-25NOV,27927,NA,NA,NA,NA,NA,NA,23.46938775510204,17.346938775510203,4.081632653061225,21.428571428571427,0,2.0408163265306123,NA,NA,0,0,NA,NA,NA,1.0204081632653061,28.571428571428573,2.0408163265306123,NA,NA,NA,NA,NA,NA,NA,NA
2025-12-04,KXU3-25NOV,11170,NA,NA,NA,NA,NA,NA,25.510204081632654,11.224489795918368,6.122448979591836,20.408163265306122,0,2.0408163265306123,NA,NA,0,0,NA,NA,NA,1.0204081632653061,28.571428571428573,5.1020408163265305,NA,NA,NA,NA,NA,NA,NA,NA
2025-12-05,KXU3-25NOV,30929,NA,NA,NA,NA,NA,NA,22.448979591836736,13.26530612244898,4.081632653061225,18.367346938775512,0,2.0408163265306123,NA,NA,0,0,NA,NA,NA,1.0204081632653061,35.714285714285715,3.061224489795918,NA,NA,NA,NA,NA,NA,NA,NA
2025-12-06,KXU3-25NOV,3823,NA,NA,NA,NA,NA,NA,25.510204081632654,11.224489795918368,5.1020408163265305,14.285714285714286,0,2.0408163265306123,NA,NA,0,0,NA,NA,NA,1.0204081632653061,37.755102040816325,3.061224489795918,NA,NA,NA,NA,NA,NA,NA,NA
2025-12-07,KXU3-25NOV,3295,NA,NA,NA,NA,NA,NA,21.428571428571427,15.306122448979592,5.1020408163265305,18.367346938775512,0,2.0408163265306123,NA,NA,0,0,NA,NA,NA,1.0204081632653061,31.632653061224488,5.1020408163265305,NA,NA,NA,NA,NA,NA,NA,NA
2025-12-08,KXU3-25NOV,768,NA,NA,NA,NA,NA,NA,23.46938775510204,10.204081632653061,4.081632653061225,19.387755102040817,0,2.0408163265306123,NA,NA,0,0,NA,NA,NA,1.0204081632653061,34.69387755102041,5.1020408163265305,NA,NA,NA,NA,NA,NA,NA,NA
2025-12-09,KXU3-25NOV,34354,NA,NA,NA,NA,NA,NA,27.551020408163264,7.142857142857143,5.1020408163265305,15.306122448979592,0,2.0408163265306123,NA,NA,0,0,NA,NA,NA,1.0204081632653061,36.734693877551024,5.1020408163265305,NA,NA,NA,NA,NA,NA,NA,NA
2025-12-10,KXU3-25NOV,62839,NA,NA,NA,NA,NA,NA,23.46938775510204,9.183673469387756,2.0408163265306123,28.571428571428573,0,2.0408163265306123,NA,NA,0,0,NA,NA,NA,1.0204081632653061,32.6530612244898,1.0204081632653061,NA,NA,NA,NA,NA,NA,NA,NA
2025-12-11,KXU3-25NOV,39406,NA,NA,NA,NA,NA,NA,22.448979591836736,4.081632653061225,2.0408163265306123,27.551020408163264,0,0,NA,NA,0,0,NA,NA,NA,2.0408163265306123,36.734693877551024,5.1020408163265305,NA,NA,NA,NA,NA,NA,NA,NA
2025-12-12,KXU3-25NOV,41327,NA,NA,NA,NA,NA,NA,30.612244897959183,8.16326530612245,3.061224489795918,24.489795918367346,0,0,NA,NA,0,0,NA,NA,NA,2.0408163265306123,30.612244897959183,1.0204081632653061,NA,NA,NA,NA,NA,NA,NA,NA
2025-12-13,KXU3-25NOV,4497,NA,NA,NA,NA,NA,NA,26.53061224489796,5.1020408163265305,1.0204081632653061,31.632653061224488,0,0,NA,NA,0,0,NA,NA,NA,5.1020408163265305,27.551020408163264,3.061224489795918,NA,NA,NA,NA,NA,NA,NA,NA
2025-12-14,KXU3-25NOV,12944,NA,NA,NA,NA,NA,NA,27.551020408163264,6.122448979591836,5.1020408163265305,28.571428571428573,0,0,NA,NA,0,0,NA,NA,NA,0,29.591836734693878,3.061224489795918,NA,NA,NA,NA,NA,NA,NA,NA
2025-12-15,KXU3-25NOV,58562,NA,NA,NA,NA,NA,NA,16.326530612244895,11.22448979591837,3.061224489795918,28.571428571428573,0,1.0204081632653061,NA,NA,0,0,NA,NA,NA,1.0204081632653061,36.734693877551024,2.0408163265306123,NA,NA,NA,NA,NA,NA,NA,NA
2025-12-16,KXU3-25DEC,4647,NA,NA,NA,NA,NA,NA,27.551020408163275,24.489795918367342,0,16.3265306122449,0,0,NA,NA,0,0,NA,NA,NA,0,27.551020408163257,4.081632653061225,NA,NA,NA,NA,NA,NA,NA,NA
2025-12-16,KXU3-25NOV,21332,NA,NA,NA,NA,NA,NA,20.40816326530612,6.122448979591836,10.204081632653061,27.551020408163264,0,0,NA,NA,0,0,NA,NA,NA,0,33.673469387755105,2.0408163265306123,NA,NA,NA,NA,NA,NA,NA,NA
2025-12-17,KXU3-25DEC,17678,NA,NA,NA,NA,NA,NA,28.571428571428573,26.53061224489796,6.122448979591836,5.1020408163265305,0,0,NA,NA,0,0,NA,NA,NA,0,25.510204081632654,8.16326530612245,NA,NA,NA,NA,NA,NA,NA,NA
2025-12-18,KXU3-25DEC,3696,NA,NA,NA,NA,NA,NA,28.571428571428573,28.571428571428573,6.122448979591836,4.081632653061225,0,0,NA,NA,0,0,NA,NA,NA,0,25.510204081632654,7.142857142857143,NA,NA,NA,NA,NA,NA,NA,NA
2025-12-19,KXU3-25DEC,17260,NA,NA,NA,NA,NA,NA,26.53061224489796,25.510204081632654,6.122448979591836,5.1020408163265305,0,0,NA,NA,0,0,NA,NA,NA,0,28.571428571428573,8.16326530612245,NA,NA,NA,NA,NA,NA,NA,NA
2025-12-20,KXU3-25DEC,3943,NA,NA,NA,NA,NA,NA,24.489795918367346,28.571428571428573,6.122448979591836,4.081632653061225,0,0,NA,NA,0,0,NA,NA,NA,0,29.591836734693878,7.142857142857143,NA,NA,NA,NA,NA,NA,NA,NA
2025-12-21,KXU3-25DEC,3414,NA,NA,NA,NA,NA,NA,29.591836734693878,27.551020408163264,6.122448979591836,5.1020408163265305,0,0,NA,NA,0,0,NA,NA,NA,0,24.489795918367346,7.142857142857143,NA,NA,NA,NA,NA,NA,NA,NA
2025-12-22,KXU3-25DEC,13233,NA,NA,NA,NA,NA,NA,23.46938775510203,28.571428571428573,3.061224489795918,5.1020408163265305,0,0,NA,NA,0,0,NA,NA,NA,3.061224489795918,30.612244897959194,6.122448979591838,NA,NA,NA,NA,NA,NA,NA,NA
2025-12-23,KXU3-25DEC,2611,NA,NA,NA,NA,NA,NA,32.6530612244898,23.46938775510204,2.0408163265306123,11.224489795918368,0,0,NA,NA,0,0,NA,NA,NA,0,23.46938775510204,7.142857142857143,NA,NA,NA,NA,NA,NA,NA,NA
2025-12-24,KXU3-25DEC,17994,NA,NA,NA,NA,NA,NA,27.551020408163264,29.591836734693878,2.0408163265306123,10.204081632653061,0,0,NA,NA,0,0,NA,NA,NA,0,25.510204081632654,5.1020408163265305,NA,NA,NA,NA,NA,NA,NA,NA
2025-12-25,KXU3-25DEC,2524,NA,NA,NA,NA,NA,NA,33.673469387755105,23.46938775510204,3.061224489795918,6.122448979591836,0,0,NA,NA,0,0,NA,NA,NA,3.061224489795918,23.46938775510204,7.142857142857143,NA,NA,NA,NA,NA,NA,NA,NA
2025-12-26,KXU3-25DEC,3954,NA,NA,NA,NA,NA,NA,23.46938775510204,28.571428571428573,2.0408163265306123,8.16326530612245,0,0,NA,NA,0,0,NA,NA,NA,0,30.612244897959183,7.142857142857143,NA,NA,NA,NA,NA,NA,NA,NA
2025-12-27,KXU3-25DEC,2086,NA,NA,NA,NA,NA,NA,29.591836734693878,27.551020408163264,1.0204081632653061,9.183673469387756,0,0,NA,NA,0,0,NA,NA,NA,0,24.489795918367346,8.16326530612245,NA,NA,NA,NA,NA,NA,NA,NA
2025-12-28,KXU3-25DEC,5376,NA,NA,NA,NA,NA,NA,30.612244897959183,28.571428571428573,1.0204081632653061,9.183673469387756,0,0,NA,NA,0,0,NA,NA,NA,0,22.448979591836736,8.16326530612245,NA,NA,NA,NA,NA,NA,NA,NA
2025-12-29,KXU3-25DEC,4217,NA,NA,NA,NA,NA,NA,27.551020408163264,29.591836734693878,1.0204081632653061,7.142857142857143,0,0,NA,NA,0,0,NA,NA,NA,2.0408163265306123,26.53061224489796,6.122448979591838,NA,NA,NA,NA,NA,NA,NA,NA
2025-12-30,KXU3-25DEC,12427,NA,NA,NA,NA,NA,NA,31.632653061224488,26.53061224489796,2.0408163265306123,7.142857142857143,0,0,NA,NA,0,0,NA,NA,NA,1.0204081632653061,25.510204081632654,6.122448979591838,NA,NA,NA,NA,NA,NA,NA,NA
2025-12-31,KXU3-25DEC,30162,NA,NA,NA,NA,NA,NA,24.489795918367346,29.591836734693878,1.0204081632653061,12.244897959183673,0,0,NA,NA,0,0,NA,NA,NA,1.0204081632653061,26.53061224489796,5.1020408163265305,NA,NA,NA,NA,NA,NA,NA,NA
2026-01-01,KXU3-25DEC,13561,NA,NA,NA,NA,NA,NA,24.48979591836734,26.53061224489796,2.0408163265306123,12.244897959183673,0,0,NA,NA,0,0,NA,NA,NA,0,27.551020408163275,7.142857142857143,NA,NA,NA,NA,NA,NA,NA,NA
2026-01-02,KXU3-25DEC,80656,NA,NA,NA,NA,NA,NA,15.306122448979592,30.612244897959183,1.0204081632653061,13.26530612244898,0,0,NA,NA,0,0,NA,NA,NA,3.061224489795918,31.632653061224488,5.1020408163265305,NA,NA,NA,NA,NA,NA,NA,NA
2026-01-03,KXU3-25DEC,25949,NA,NA,NA,NA,NA,NA,24.489795918367346,20.408163265306122,2.0408163265306123,18.367346938775512,0,0,NA,NA,0,0,NA,NA,NA,3.061224489795918,27.551020408163264,4.081632653061225,NA,NA,NA,NA,NA,NA,NA,NA
2026-01-04,KXU3-25DEC,26418,NA,NA,NA,NA,NA,NA,23.46938775510204,18.367346938775512,5.1020408163265305,19.387755102040817,0,0,NA,NA,0,0,NA,NA,NA,0,30.612244897959183,3.061224489795918,NA,NA,NA,NA,NA,NA,NA,NA
2026-01-05,KXU3-25DEC,51964,NA,NA,NA,NA,NA,NA,18.367346938775515,22.44897959183673,3.061224489795918,14.285714285714286,0,0,NA,NA,0,0,NA,NA,NA,1.0204081632653061,34.69387755102041,6.122448979591838,NA,NA,NA,NA,NA,NA,NA,NA
2026-01-06,KXU3-25DEC,123294,NA,NA,NA,NA,NA,NA,18.367346938775512,20.408163265306122,3.061224489795918,18.367346938775512,0,1.0204081632653061,NA,NA,0,0,NA,NA,NA,2.0408163265306123,34.69387755102041,2.0408163265306123,NA,NA,NA,NA,NA,NA,NA,NA
2026-01-07,KXU3-25DEC,118172,NA,NA,NA,NA,NA,NA,25.510204081632654,10.204081632653061,3.061224489795918,20.408163265306122,0,1.0204081632653061,NA,NA,0,0,NA,NA,NA,1.0204081632653061,32.6530612244898,6.122448979591838,NA,NA,NA,NA,NA,NA,NA,NA
2026-01-08,KXU3-25DEC,149937,NA,NA,NA,NA,NA,NA,24.489795918367346,15.306122448979592,5.1020408163265305,17.346938775510203,0,0,NA,NA,0,0,NA,NA,NA,1.0204081632653061,30.612244897959183,6.122448979591838,NA,NA,NA,NA,NA,NA,NA,NA
2026-01-09,KXU3-25DEC,107063,NA,NA,NA,NA,NA,NA,30.612244897959183,12.244897959183673,3.061224489795918,18.367346938775512,0,0,NA,NA,0,0,NA,NA,NA,0,27.551020408163264,8.16326530612245,NA,NA,NA,NA,NA,NA,NA,NA
2026-01-12,KXU3-26JAN,2088,NA,NA,NA,NA,NA,NA,11.224489795918368,3.061224489795918,17.346938775510203,29.591836734693878,1.0204081632653061,3.061224489795918,NA,NA,0,2.0408163265306123,NA,NA,NA,1.0204081632653061,29.591836734693878,2.0408163265306123,NA,NA,NA,NA,NA,NA,NA,NA
2026-01-13,KXU3-26JAN,3149,NA,NA,NA,NA,NA,NA,19.387755102040817,3.061224489795918,15.306122448979592,26.53061224489796,1.0204081632653061,3.061224489795918,NA,NA,0,2.0408163265306123,NA,NA,NA,1.0204081632653061,26.53061224489796,2.0408163265306123,NA,NA,NA,NA,NA,NA,NA,NA
2026-01-14,KXU3-26JAN,3639,NA,NA,NA,NA,NA,NA,12.244897959183673,1.0204081632653061,14.285714285714286,33.673469387755105,1.0204081632653061,3.061224489795918,NA,NA,0,2.0408163265306123,NA,NA,NA,1.0204081632653061,28.571428571428573,3.061224489795918,NA,NA,NA,NA,NA,NA,NA,NA
2026-01-15,KXU3-26JAN,985,NA,NA,NA,NA,NA,NA,12.244897959183673,2.0408163265306123,20.408163265306122,31.632653061224488,2.0408163265306123,1.0204081632653061,NA,NA,0,0,NA,NA,NA,1.0204081632653061,26.53061224489796,3.061224489795918,NA,NA,NA,NA,NA,NA,NA,NA
2026-01-16,KXU3-26JAN,2076,NA,NA,NA,NA,NA,NA,12.244897959183673,1.0204081632653061,19.387755102040817,31.632653061224488,2.0408163265306123,1.0204081632653061,NA,NA,0,0,NA,NA,NA,2.0408163265306123,27.551020408163264,3.061224489795918,NA,NA,NA,NA,NA,NA,NA,NA
2026-01-17,KXU3-26JAN,931,NA,NA,NA,NA,NA,NA,14.285714285714286,3.061224489795918,17.346938775510203,25.510204081632654,2.0408163265306123,1.0204081632653061,NA,NA,0,0,NA,NA,NA,4.081632653061225,32.6530612244898,0,NA,NA,NA,NA,NA,NA,NA,NA
2026-01-18,KXU3-26JAN,1702,NA,NA,NA,NA,NA,NA,12.244897959183673,1.0204081632653061,14.285714285714286,29.591836734693878,2.0408163265306123,1.0204081632653061,NA,NA,0,0,NA,NA,NA,4.081632653061225,32.6530612244898,3.061224489795918,NA,NA,NA,NA,NA,NA,NA,NA
2026-01-19,KXU3-26JAN,1496,NA,NA,NA,NA,NA,NA,13.26530612244898,4.081632653061225,17.346938775510203,28.571428571428573,2.0408163265306123,1.0204081632653061,NA,NA,0,0,NA,NA,NA,1.0204081632653061,29.591836734693878,3.061224489795918,NA,NA,NA,NA,NA,NA,NA,NA
2026-01-20,KXU3-26JAN,4260,NA,NA,NA,NA,NA,NA,16.3265306122449,3.061224489795918,13.26530612244898,28.571428571428573,2.0408163265306123,1.0204081632653061,NA,NA,0,0,NA,NA,NA,5.1020408163265305,26.53061224489796,4.081632653061225,NA,NA,NA,NA,NA,NA,NA,NA
2026-01-21,KXU3-26JAN,2333,NA,NA,NA,NA,NA,NA,11.224489795918368,7.142857142857143,14.285714285714286,26.53061224489796,2.0408163265306123,1.0204081632653061,NA,NA,0,0,NA,NA,NA,4.081632653061225,33.673469387755105,0,NA,NA,NA,NA,NA,NA,NA,NA
2026-01-22,KXU3-26JAN,1737,NA,NA,NA,NA,NA,NA,13.26530612244898,1.020408163265307,16.3265306122449,30.612244897959183,2.0408163265306123,1.0204081632653061,NA,NA,0,0,NA,NA,NA,5.1020408163265305,25.510204081632654,5.1020408163265305,NA,NA,NA,NA,NA,NA,NA,NA
2026-01-23,KXU3-26JAN,21188,NA,NA,NA,NA,NA,NA,13.26530612244898,4.081632653061225,16.3265306122449,32.6530612244898,2.0408163265306123,1.0204081632653061,NA,NA,0,0,NA,NA,NA,5.1020408163265305,22.448979591836736,3.061224489795918,NA,NA,NA,NA,NA,NA,NA,NA
2026-01-24,KXU3-26JAN,1734,NA,NA,NA,NA,NA,NA,16.3265306122449,4.081632653061225,15.306122448979592,27.551020408163264,2.0408163265306123,1.0204081632653061,NA,NA,0,0,NA,NA,NA,6.122448979591836,27.551020408163264,0,NA,NA,NA,NA,NA,NA,NA,NA
2026-01-25,KXU3-26JAN,1227,NA,NA,NA,NA,NA,NA,11.224489795918368,1.0204081632653061,19.387755102040817,25.510204081632654,2.0408163265306123,1.0204081632653061,NA,NA,0,0,NA,NA,NA,5.1020408163265305,30.612244897959183,4.081632653061225,NA,NA,NA,NA,NA,NA,NA,NA
2026-01-26,KXU3-26JAN,1240,NA,NA,NA,NA,NA,NA,14.285714285714286,1.0204081632653061,14.285714285714286,31.632653061224488,2.0408163265306123,1.0204081632653061,NA,NA,0,0,NA,NA,NA,5.1020408163265305,26.53061224489796,4.081632653061225,NA,NA,NA,NA,NA,NA,NA,NA
2026-01-27,KXU3-26JAN,2590,NA,NA,NA,NA,NA,NA,13.26530612244898,2.040816326530613,15.306122448979592,30.612244897959183,2.0408163265306123,1.0204081632653061,NA,NA,0,0,NA,NA,NA,5.1020408163265305,26.53061224489796,4.081632653061225,NA,NA,NA,NA,NA,NA,NA,NA
2026-01-28,KXU3-26JAN,12777,NA,NA,NA,NA,NA,NA,15.306122448979592,2.0408163265306123,20.408163265306122,32.6530612244898,0,2.0408163265306123,NA,NA,0,0,NA,NA,NA,1.0204081632653061,26.53061224489796,0,NA,NA,NA,NA,NA,NA,NA,NA
2026-01-29,KXU3-26JAN,16491,NA,NA,NA,NA,NA,NA,12.244897959183673,5.1020408163265305,17.346938775510203,32.6530612244898,2.0408163265306123,1.0204081632653061,NA,NA,0,0,NA,NA,NA,2.0408163265306123,27.551020408163264,0,NA,NA,NA,NA,NA,NA,NA,NA
2026-01-30,KXU3-26JAN,106822,NA,NA,NA,NA,NA,NA,14.285714285714286,2.0408163265306123,22.448979591836736,29.591836734693878,0,2.0408163265306123,NA,NA,0,0,NA,NA,NA,9.183673469387756,20.408163265306122,0,NA,NA,NA,NA,NA,NA,NA,NA
2026-01-31,KXU3-26JAN,47421,NA,NA,NA,NA,NA,NA,12.244897959183673,2.0408163265306123,22.448979591836736,30.612244897959183,1.0204081632653061,1.0204081632653061,NA,NA,0,0,NA,NA,NA,8.16326530612245,22.448979591836736,0,NA,NA,NA,NA,NA,NA,NA,NA
2026-02-01,KXU3-26JAN,39000,NA,NA,NA,NA,NA,NA,8.16326530612245,2.0408163265306123,27.551020408163264,31.632653061224488,1.0204081632653061,1.0204081632653061,NA,NA,0,0,NA,NA,NA,6.122448979591836,22.448979591836736,0,NA,NA,NA,NA,NA,NA,NA,NA
2026-02-02,KXU3-26JAN,103197,NA,NA,NA,NA,NA,NA,11.224489795918368,1.0204081632653061,21.428571428571427,31.632653061224488,1.0204081632653061,1.0204081632653061,NA,NA,0,0,NA,NA,NA,7.142857142857143,25.510204081632654,0,NA,NA,NA,NA,NA,NA,NA,NA
2026-02-03,KXU3-26JAN,20903,NA,NA,NA,NA,NA,NA,9.183673469387756,1.0204081632653061,23.46938775510204,29.591836734693878,1.0204081632653061,1.0204081632653061,NA,NA,0,0,NA,NA,NA,5.1020408163265305,27.551020408163264,2.0408163265306123,NA,NA,NA,NA,NA,NA,NA,NA
2026-02-04,KXU3-26JAN,23479,NA,NA,NA,NA,NA,NA,12.244897959183673,1.0204081632653061,21.428571428571427,31.632653061224488,1.0204081632653061,2.0408163265306123,NA,NA,0,0,NA,NA,NA,5.1020408163265305,24.489795918367346,1.0204081632653061,NA,NA,NA,NA,NA,NA,NA,NA
2026-02-05,KXU3-26JAN,41833,NA,NA,NA,NA,NA,NA,11.224489795918368,4.081632653061225,24.489795918367346,28.571428571428573,1.0204081632653061,1.0204081632653061,NA,NA,0,0,NA,NA,NA,3.061224489795918,23.46938775510204,3.061224489795918,NA,NA,NA,NA,NA,NA,NA,NA
2026-02-06,KXU3-26JAN,74015,NA,NA,NA,NA,NA,NA,10.204081632653061,2.0408163265306123,27.551020408163264,26.53061224489796,0,1.0204081632653061,NA,NA,0,0,NA,NA,NA,4.081632653061225,28.571428571428573,0,NA,NA,NA,NA,NA,NA,NA,NA
2026-02-07,KXU3-26JAN,38328,NA,NA,NA,NA,NA,NA,4.081632653061225,4.081632653061225,23.46938775510204,35.714285714285715,1.0204081632653061,1.0204081632653061,NA,NA,0,0,NA,NA,NA,5.1020408163265305,21.428571428571427,4.081632653061225,NA,NA,NA,NA,NA,NA,NA,NA
2026-02-08,KXU3-26JAN,13451,NA,NA,NA,NA,NA,NA,9.183673469387756,0,22.448979591836736,36.734693877551024,1.0204081632653061,3.061224489795918,NA,NA,0,0,NA,NA,NA,3.061224489795918,24.489795918367346,0,NA,NA,NA,NA,NA,NA,NA,NA
2026-02-09,KXU3-26JAN,82658,NA,NA,NA,NA,NA,NA,6.122448979591836,4.081632653061225,24.489795918367346,33.673469387755105,1.0204081632653061,1.0204081632653061,NA,NA,0,0,NA,NA,NA,6.122448979591836,23.46938775510204,0,NA,NA,NA,NA,NA,NA,NA,NA
2026-02-10,KXU3-26JAN,49797,NA,NA,NA,NA,NA,NA,7.142857142857143,1.0204081632653061,24.489795918367346,31.632653061224488,0,1.0204081632653061,NA,NA,0,0,NA,NA,NA,7.142857142857143,25.510204081632654,2.0408163265306123,NA,NA,NA,NA,NA,NA,NA,NA
2026-02-11,KXU3-26JAN,111514,NA,NA,NA,NA,NA,NA,0,0,95.91836734693878,1.0204081632653061,0,1.0204081632653061,NA,NA,0,0,NA,NA,NA,2.0408163265306123,0,0,NA,NA,NA,NA,NA,NA,NA,NA
2026-02-12,KXU3-26FEB,1323,NA,NA,NA,NA,NA,NA,4.081632653061225,0,12.244897959183673,3.0612244897959173,5.1020408163265305,46.93877551020408,NA,NA,NA,NA,NA,NA,NA,26.53061224489796,2.040816326530613,0,NA,NA,NA,NA,NA,NA,NA,NA
2026-02-13,KXU3-26FEB,5416,NA,NA,NA,NA,NA,NA,2.040816326530613,4.081632653061225,28.571428571428573,24.489795918367346,1.0204081632653061,6.122448979591836,NA,NA,0,4.081632653061225,NA,NA,NA,17.346938775510203,12.244897959183673,0,NA,NA,NA,NA,NA,NA,NA,NA
2026-02-14,KXU3-26FEB,4594,NA,NA,NA,NA,NA,NA,2.0408163265306123,2.0408163265306123,26.53061224489796,33.673469387755105,2.0408163265306123,1.0204081632653061,NA,NA,0,3.061224489795918,NA,NA,NA,18.367346938775512,11.224489795918368,0,NA,NA,NA,NA,NA,NA,NA,NA
2026-02-15,KXU3-26FEB,4296,NA,NA,NA,NA,NA,NA,2.0408163265306123,2.0408163265306123,30.612244897959183,35.714285714285715,2.0408163265306123,1.0204081632653061,NA,NA,0,3.061224489795918,NA,NA,NA,14.285714285714286,9.183673469387758,0,NA,NA,NA,NA,NA,NA,NA,NA
2026-02-16,KXU3-26FEB,6435,NA,NA,NA,NA,NA,NA,3.061224489795918,2.0408163265306123,30.612244897959183,35.714285714285715,2.0408163265306123,1.0204081632653061,NA,NA,0,3.061224489795918,NA,NA,NA,14.285714285714286,8.163265306122451,0,NA,NA,NA,NA,NA,NA,NA,NA
2026-02-17,KXU3-26FEB,3165,NA,NA,NA,NA,NA,NA,4.081632653061225,1.0204081632653061,33.673469387755105,34.69387755102041,2.0408163265306123,2.0408163265306123,NA,NA,0,0,NA,NA,NA,13.26530612244898,9.183673469387756,0,NA,NA,NA,NA,NA,NA,NA,NA
2026-02-18,KXU3-26FEB,1483,NA,NA,NA,NA,NA,NA,2.0408163265306123,2.0408163265306123,29.591836734693878,34.69387755102041,1.0204081632653061,4.081632653061225,NA,NA,0,0,NA,NA,NA,16.3265306122449,10.204081632653061,0,NA,NA,NA,NA,NA,NA,NA,NA
2026-02-19,KXU3-26FEB,6878,NA,NA,NA,NA,NA,NA,3.061224489795918,0,34.69387755102041,29.591836734693878,1.0204081632653061,5.1020408163265305,NA,NA,0,0,NA,NA,NA,16.3265306122449,10.204081632653063,0,NA,NA,NA,NA,NA,NA,NA,NA
2026-02-20,KXU3-26FEB,2859,NA,NA,NA,NA,NA,NA,2.0408163265306123,2.0408163265306123,30.612244897959183,34.69387755102041,1.0204081632653061,5.1020408163265305,NA,NA,0,0,NA,NA,NA,15.306122448979592,8.163265306122451,1.0204081632653061,NA,NA,NA,NA,NA,NA,NA,NA
2026-02-21,KXU3-26FEB,3573,NA,NA,NA,NA,NA,NA,3.061224489795918,1.0204081632653061,34.69387755102041,36.734693877551024,1.0204081632653061,5.1020408163265305,NA,NA,0,0,NA,NA,NA,10.204081632653061,8.16326530612245,0,NA,NA,NA,NA,NA,NA,NA,NA
2026-02-22,KXU3-26FEB,2429,NA,NA,NA,NA,NA,NA,2.0408163265306123,2.0408163265306123,35.714285714285715,36.734693877551024,1.0204081632653061,7.142857142857143,NA,NA,0,0,NA,NA,NA,8.16326530612245,7.142857142857143,0,NA,NA,NA,NA,NA,NA,NA,NA
2026-02-23,KXU3-26FEB,1959,NA,NA,NA,NA,NA,NA,6.122448979591836,2.0408163265306123,31.632653061224488,37.755102040816325,1.0204081632653061,3.061224489795918,NA,NA,0,0,NA,NA,NA,15.306122448979592,3.061224489795918,0,NA,NA,NA,NA,NA,NA,NA,NA
2026-02-24,KXU3-26FEB,11108,NA,NA,NA,NA,NA,NA,1.0204081632653061,3.061224489795918,32.6530612244898,39.795918367346935,1.0204081632653061,6.122448979591836,NA,NA,0,0,NA,NA,NA,11.224489795918368,5.1020408163265305,0,NA,NA,NA,NA,NA,NA,NA,NA
2026-02-25,KXU3-26FEB,2603,NA,NA,NA,NA,NA,NA,1.0204081632653061,4.081632653061225,33.673469387755105,39.795918367346935,1.0204081632653061,3.061224489795918,NA,NA,0,0,NA,NA,NA,12.244897959183673,5.1020408163265305,0,NA,NA,NA,NA,NA,NA,NA,NA
2026-02-26,KXU3-26FEB,39409,NA,NA,NA,NA,NA,NA,3.061224489795918,1.0204081632653061,32.6530612244898,37.755102040816325,1.0204081632653061,2.0408163265306123,NA,NA,0,0,NA,NA,NA,16.3265306122449,6.122448979591836,0,NA,NA,NA,NA,NA,NA,NA,NA
2026-02-27,KXU3-26FEB,49957,NA,NA,NA,NA,NA,NA,3.061224489795918,1.0204081632653061,30.612244897959183,37.755102040816325,1.0204081632653061,4.081632653061225,NA,NA,0,0,NA,NA,NA,17.346938775510203,5.1020408163265305,0,NA,NA,NA,NA,NA,NA,NA,NA
2026-02-28,KXU3-26FEB,11085,NA,NA,NA,NA,NA,NA,1.0204081632653061,1.0204081632653061,33.673469387755105,36.734693877551024,2.0408163265306123,2.0408163265306123,NA,NA,0,0,NA,NA,NA,16.3265306122449,6.122448979591836,1.0204081632653061,NA,NA,NA,NA,NA,NA,NA,NA
2026-03-01,KXU3-26FEB,6070,NA,NA,NA,NA,NA,NA,2.0408163265306123,2.0408163265306123,30.612244897959183,38.775510204081634,1.0204081632653061,3.061224489795918,NA,NA,0,0,NA,NA,NA,18.367346938775512,4.081632653061225,0,NA,NA,NA,NA,NA,NA,NA,NA
2026-03-02,KXU3-26FEB,28132,NA,NA,NA,NA,NA,NA,1.0204081632653061,1.0204081632653061,32.6530612244898,36.734693877551024,0,4.081632653061225,NA,NA,0,0,NA,NA,NA,17.346938775510203,7.142857142857143,0,NA,NA,NA,NA,NA,NA,NA,NA
2026-03-03,KXU3-26FEB,59366,NA,NA,NA,NA,NA,NA,2.0408163265306123,0,31.632653061224488,37.755102040816325,1.0204081632653061,4.081632653061225,NA,NA,0,0,NA,NA,NA,17.346938775510203,6.122448979591836,0,NA,NA,NA,NA,NA,NA,NA,NA
2026-03-04,KXU3-26FEB,38169,NA,NA,NA,NA,NA,NA,1.0204081632653061,3.061224489795918,26.53061224489796,36.734693877551024,1.0204081632653061,6.122448979591836,NA,NA,0,0,NA,NA,NA,20.408163265306122,5.1020408163265305,0,NA,NA,NA,NA,NA,NA,NA,NA
2026-03-05,KXU3-26FEB,73909,NA,NA,NA,NA,NA,NA,1.0204081632653061,2.0408163265306123,33.673469387755105,26.53061224489796,1.0204081632653061,3.061224489795918,NA,NA,0,0,NA,NA,NA,20.408163265306122,12.244897959183673,0,NA,NA,NA,NA,NA,NA,NA,NA
2026-03-06,KXU3-26FEB,97184,NA,NA,NA,NA,NA,NA,3.061224489795918,0,52.04081632653061,36.734693877551024,0,0,NA,NA,0,0,NA,NA,NA,7.142857142857143,1.0204081632653061,0,NA,NA,NA,NA,NA,NA,NA,NA
2026-03-06,KXU3-26MAR,315,NA,NA,NA,NA,NA,NA,33.673469387755105,NA,23.46938775510204,16.3265306122449,NA,NA,NA,NA,NA,NA,NA,NA,NA,NA,26.53061224489796,NA,NA,NA,NA,NA,NA,NA,NA,NA
2026-03-07,KXU3-26MAR,617,NA,NA,NA,NA,NA,NA,23.46938775510204,8.16326530612245,7.142857142857143,21.428571428571427,NA,0,NA,NA,NA,NA,NA,NA,NA,5.1020408163265305,34.69387755102041,0,NA,NA,NA,NA,NA,NA,NA,NA
2026-03-08,KXU3-26MAR,305,NA,NA,NA,NA,NA,NA,24.489795918367346,7.142857142857143,5.1020408163265305,20.408163265306122,NA,0,NA,NA,NA,NA,NA,NA,NA,5.1020408163265305,37.755102040816325,0,NA,NA,NA,NA,NA,NA,NA,NA
2026-03-09,KXU3-26MAR,3781,NA,NA,NA,NA,NA,NA,28.571428571428573,10.204081632653061,3.061224489795918,13.26530612244898,NA,0,NA,NA,NA,NA,NA,NA,NA,5.1020408163265305,31.632653061224488,2.0408163265306114,4.0816326530612255,2.0408163265306123,NA,NA,NA,NA,NA,NA
2026-03-10,KXU3-26MAR,1929,NA,NA,NA,NA,NA,NA,9.183673469387758,11.224489795918368,2.0408163265306123,21.428571428571427,NA,0,NA,NA,NA,NA,NA,NA,NA,5.1020408163265305,43.87755102040816,1.0204081632653053,3.0612244897959195,3.061224489795918,NA,NA,NA,NA,NA,NA
2026-03-11,KXU3-26MAR,3796,NA,NA,NA,NA,NA,NA,21.428571428571427,11.224489795918368,2.0408163265306123,20.408163265306122,0,0,NA,NA,NA,NA,NA,NA,NA,5.1020408163265305,29.591836734693878,8.16326530612245,1.0204081632653061,1.0204081632653061,NA,NA,NA,NA,NA,NA
2026-03-12,KXU3-26MAR,3663,NA,NA,NA,NA,NA,NA,25.510204081632654,3.061224489795918,3.061224489795918,16.3265306122449,0,4.081632653061225,NA,NA,NA,NA,NA,NA,NA,1.0204081632653061,39.795918367346935,5.1020408163265305,1.0204081632653061,1.0204081632653061,NA,NA,NA,NA,NA,NA
2026-03-13,KXU3-26MAR,6102,NA,NA,NA,NA,NA,NA,17.346938775510203,6.122448979591839,6.122448979591836,1.0204081632653061,2.0408163265306123,1.0204081632653061,NA,NA,NA,NA,NA,NA,NA,2.0408163265306123,57.142857142857146,3.061224489795918,3.061224489795918,1.0204081632653061,NA,NA,NA,NA,NA,NA
2026-03-14,KXU3-26MAR,1033,NA,NA,NA,NA,NA,NA,13.26530612244898,5.1020408163265305,2.0408163265306123,42.857142857142854,0,2.0408163265306123,NA,NA,NA,NA,NA,NA,NA,1.0204081632653061,26.53061224489796,3.061224489795918,3.061224489795918,1.0204081632653061,NA,NA,NA,NA,NA,NA
2026-03-15,KXU3-26MAR,1431,NA,NA,NA,NA,NA,NA,17.346938775510203,12.244897959183673,2.0408163265306123,42.857142857142854,0,2.0408163265306123,NA,NA,NA,NA,NA,NA,NA,1.0204081632653061,19.387755102040817,2.0408163265306123,1.0204081632653061,0,NA,NA,NA,NA,NA,NA
2026-03-16,KXU3-26MAR,6805,NA,NA,NA,NA,NA,NA,19.387755102040817,7.142857142857143,7.142857142857143,33.67346938775509,0,0,NA,NA,NA,NA,NA,NA,NA,3.061224489795918,25.51020408163266,2.0408163265306123,2.0408163265306123,0,NA,NA,NA,NA,NA,NA
2026-03-17,KXU3-26MAR,1350,NA,NA,NA,NA,NA,NA,22.448979591836736,7.142857142857143,6.122448979591836,31.6326530612245,2.0408163265306123,1.0204081632653061,NA,NA,NA,NA,NA,NA,NA,1.0204081632653061,24.48979591836734,2.0408163265306123,2.0408163265306123,0,NA,NA,NA,NA,NA,NA
2026-03-18,KXU3-26MAR,4057,NA,NA,NA,NA,NA,NA,22.44897959183673,2.040816326530613,6.122448979591836,31.6326530612245,2.0408163265306123,1.0204081632653061,NA,NA,NA,NA,NA,NA,NA,1.0204081632653061,29.591836734693874,2.0408163265306123,2.0408163265306123,0,NA,NA,NA,NA,NA,NA
2026-03-19,KXU3-26MAR,9294,NA,NA,NA,NA,NA,NA,18.367346938775512,3.061224489795918,6.122448979591836,31.6326530612245,2.0408163265306123,1.0204081632653061,NA,NA,NA,NA,NA,NA,NA,1.0204081632653061,32.65306122448979,3.061224489795918,1.0204081632653061,0,NA,NA,NA,NA,NA,NA
2026-03-20,KXU3-26MAR,6012,NA,NA,NA,NA,NA,NA,17.346938775510203,4.081632653061225,10.204081632653061,28.57142857142858,1.0204081632653061,1.0204081632653061,NA,NA,NA,NA,NA,NA,NA,2.0408163265306123,32.65306122448979,2.0408163265306123,1.0204081632653061,0,NA,NA,NA,NA,NA,NA
2026-03-21,KXU3-26MAR,446,NA,NA,NA,NA,NA,NA,18.367346938775512,4.081632653061225,3.061224489795918,32.6530612244898,1.0204081632653061,1.0204081632653061,NA,NA,NA,NA,NA,NA,NA,2.0408163265306123,34.69387755102041,2.0408163265306123,1.0204081632653061,0,NA,NA,NA,NA,NA,NA
2026-03-22,KXU3-26MAR,4313,NA,NA,NA,NA,NA,NA,24.489795918367346,5.102040816326531,12.244897959183673,25.51020408163266,1.0204081632653061,1.0204081632653061,NA,NA,NA,NA,NA,NA,NA,3.061224489795918,26.53061224489795,1.0204081632653061,0,0,NA,NA,NA,NA,NA,NA
2026-03-23,KXU3-26MAR,2341,NA,NA,NA,NA,NA,NA,19.387755102040817,2.040816326530613,4.081632653061225,35.71428571428571,1.0204081632653061,1.0204081632653061,NA,NA,NA,NA,NA,NA,NA,2.0408163265306123,30.612244897959194,1.0204081632653061,3.061224489795918,0,NA,NA,NA,NA,NA,NA
2026-03-24,KXU3-26MAR,3146,NA,NA,NA,NA,NA,NA,17.346938775510203,2.0408163265306123,12.244897959183673,26.53061224489795,1.0204081632653061,1.0204081632653061,NA,NA,NA,NA,NA,NA,NA,3.061224489795918,33.67346938775511,3.061224489795918,0,0,NA,NA,NA,NA,NA,NA
2026-03-25,KXU3-26MAR,11452,NA,NA,NA,NA,NA,NA,20.408163265306122,2.0408163265306123,3.061224489795918,35.71428571428571,1.0204081632653061,1.0204081632653061,NA,NA,NA,NA,NA,NA,NA,3.061224489795918,30.612244897959194,3.061224489795918,0,0,NA,NA,NA,NA,NA,NA
2026-03-26,KXU3-26MAR,2696,NA,NA,NA,NA,NA,NA,23.46938775510204,4.0816326530612255,11.224489795918368,30.612244897959183,0,1.0204081632653061,NA,NA,NA,NA,NA,NA,NA,4.081632653061225,23.46938775510204,2.0408163265306123,0,0,NA,NA,NA,NA,NA,NA
2026-03-27,KXU3-26MAR,2167,NA,NA,NA,NA,NA,NA,20.408163265306122,4.081632653061225,8.16326530612245,34.69387755102041,0,0,NA,NA,NA,NA,NA,NA,NA,3.061224489795918,28.571428571428573,1.0204081632653061,0,0,NA,NA,NA,NA,NA,NA
2026-03-28,KXU3-26MAR,5937,NA,NA,NA,NA,NA,NA,20.408163265306122,3.061224489795918,9.183673469387756,32.65306122448979,0,0,NA,NA,NA,NA,NA,NA,NA,3.061224489795918,29.591836734693885,2.0408163265306123,0,0,NA,NA,NA,NA,NA,NA
2026-03-29,KXU3-26MAR,9892,NA,NA,NA,NA,NA,NA,19.387755102040817,3.061224489795918,15.306122448979592,32.6530612244898,0,1.0204081632653061,NA,NA,NA,NA,NA,NA,NA,1.0204081632653061,26.53061224489796,1.0204081632653061,0,0,NA,NA,NA,NA,NA,NA
2026-03-30,KXU3-26MAR,41777,NA,NA,NA,NA,NA,NA,14.285714285714286,5.1020408163265305,17.346938775510203,31.632653061224488,0,1.0204081632653061,NA,NA,NA,NA,NA,NA,NA,4.081632653061225,24.489795918367346,2.0408163265306123,0,0,NA,NA,NA,NA,NA,NA
2026-03-31,KXU3-26MAR,43867,NA,NA,NA,NA,NA,NA,17.346938775510203,2.0408163265306123,17.346938775510203,35.714285714285715,0,1.0204081632653061,NA,NA,NA,NA,NA,NA,NA,1.0204081632653061,24.489795918367346,1.0204081632653061,0,0,NA,NA,NA,NA,NA,NA
2026-04-01,KXU3-26MAR,55275,NA,NA,NA,NA,NA,NA,12.244897959183673,3.061224489795918,18.367346938775512,40.816326530612244,0,0,NA,NA,NA,NA,NA,NA,NA,5.1020408163265305,20.408163265306122,0,0,0,NA,NA,NA,NA,NA,NA
2026-04-02,KXU3-26MAR,32638,NA,NA,NA,NA,NA,NA,12.244897959183673,2.0408163265306123,18.367346938775512,39.795918367346935,0,0,NA,NA,NA,NA,NA,NA,NA,6.122448979591836,21.428571428571427,0,0,0,NA,NA,NA,NA,NA,NA
2026-04-03,KXU3-26MAR,54829,NA,NA,NA,NA,NA,NA,4.081632653061225,1.0204081632653061,24.489795918367346,41.83673469387755,0,0,NA,NA,NA,NA,NA,NA,NA,1.0204081632653061,27.551020408163264,0,0,0,NA,NA,NA,NA,NA,NA
2026-04-08,KXU3-26APR,333,NA,NA,NA,NA,NA,NA,2.0408163265306123,0,13.26530612244898,33.673469387755105,3.061224489795918,7.142857142857143,NA,NA,NA,0,NA,NA,NA,22.448979591836736,18.367346938775512,0,0,NA,NA,NA,NA,NA,NA,NA
2026-04-09,KXU3-26APR,517.47,NA,NA,NA,NA,NA,NA,2.0408163265306123,2.0408163265306123,23.46938775510204,30.612244897959183,1.0204081632653061,12.244897959183673,NA,NA,NA,0,NA,NA,NA,12.244897959183673,16.3265306122449,0,0,NA,NA,NA,NA,NA,NA,NA
2026-04-10,KXU3-26APR,1372.21,NA,NA,NA,NA,NA,NA,1.0204081632653061,2.0408163265306123,16.3265306122449,31.632653061224488,1.0204081632653061,12.244897959183673,NA,NA,NA,0,NA,NA,NA,19.387755102040817,16.3265306122449,0,0,NA,NA,NA,NA,NA,NA,NA
2026-04-11,KXU3-26APR,822,NA,NA,NA,NA,NA,NA,2.0408163265306123,1.0204081632653061,19.387755102040817,30.612244897959183,1.0204081632653061,12.244897959183673,NA,NA,NA,0,NA,NA,NA,19.387755102040817,14.285714285714286,0,0,NA,NA,NA,NA,NA,NA,NA
2026-04-12,KXU3-26APR,1243.69,NA,NA,NA,NA,NA,NA,2.0408163265306123,1.0204081632653061,35.714285714285715,25.510204081632654,1.0204081632653061,11.224489795918368,NA,NA,NA,1.0204081632653061,NA,NA,NA,14.285714285714286,8.16326530612245,0,0,NA,NA,NA,NA,NA,NA,NA
2026-04-13,KXU3-26APR,605.01,NA,NA,NA,NA,NA,NA,3.061224489795918,1.0204081632653061,33.673469387755105,23.46938775510204,1.0204081632653061,8.16326530612245,NA,NA,NA,1.0204081632653061,NA,NA,NA,19.387755102040817,9.183673469387758,0,0,NA,NA,NA,NA,NA,NA,NA
2026-04-14,KXU3-26APR,415,NA,NA,NA,NA,NA,NA,3.061224489795918,1.0204081632653061,29.591836734693878,27.551020408163264,1.0204081632653061,11.224489795918368,NA,NA,NA,1.0204081632653061,NA,NA,NA,16.3265306122449,9.183673469387758,0,0,NA,NA,NA,NA,NA,NA,NA
2026-04-15,KXU3-26APR,88.56,NA,NA,NA,NA,NA,NA,3.061224489795918,1.0204081632653061,31.632653061224488,26.53061224489796,1.0204081632653061,11.224489795918368,NA,NA,NA,1.0204081632653061,NA,NA,NA,15.306122448979592,9.183673469387758,0,0,NA,NA,NA,NA,NA,NA,NA
2026-04-16,KXU3-26APR,365.73,NA,NA,NA,NA,NA,NA,3.061224489795918,1.0204081632653061,25.510204081632654,28.571428571428573,1.0204081632653061,6.122448979591836,NA,NA,NA,1.0204081632653061,NA,NA,NA,24.489795918367346,9.183673469387758,0,0,NA,NA,NA,NA,NA,NA,NA
2026-04-17,KXU3-26APR,973.72,NA,NA,NA,NA,NA,NA,4.081632653061225,0,29.591836734693878,24.489795918367346,0,8.16326530612245,NA,NA,NA,0,NA,NA,NA,24.489795918367346,9.183673469387758,0,0,NA,NA,NA,NA,NA,NA,NA
2026-04-18,KXU3-26APR,762.68,NA,NA,NA,NA,NA,NA,4.081632653061225,0,32.6530612244898,33.673469387755105,1.0204081632653061,2.0408163265306123,NA,NA,NA,1.0204081632653061,NA,NA,NA,16.3265306122449,9.183673469387758,0,0,NA,NA,NA,NA,NA,NA,NA
2026-04-19,KXU3-26APR,32.62,NA,NA,NA,NA,NA,NA,5.1020408163265305,0,26.53061224489796,34.69387755102041,1.0204081632653061,2.0408163265306123,NA,NA,NA,1.0204081632653061,NA,NA,NA,21.428571428571427,8.163265306122451,0,0,NA,NA,NA,NA,NA,NA,NA
2026-04-20,KXU3-26APR,2278.35,NA,NA,NA,NA,NA,NA,5.1020408163265305,0,22.448979591836736,24.489795918367346,1.0204081632653061,2.0408163265306123,NA,NA,NA,1.0204081632653061,NA,NA,NA,23.46938775510204,20.408163265306122,0,0,NA,NA,NA,NA,NA,NA,NA
2026-04-21,KXU3-26APR,4126.67,NA,NA,NA,NA,NA,NA,3.061224489795918,2.0408163265306123,25.510204081632654,26.53061224489796,5.1020408163265305,5.1020408163265305,NA,NA,NA,1.0204081632653061,NA,NA,NA,21.428571428571427,10.204081632653061,0,0,NA,NA,NA,NA,NA,NA,NA
2026-04-22,KXU3-26APR,1755.27,NA,NA,NA,NA,NA,NA,3.061224489795918,2.0408163265306123,21.428571428571427,27.551020408163264,6.122448979591836,4.081632653061225,NA,NA,NA,1.0204081632653061,NA,NA,NA,23.46938775510204,11.224489795918368,0,0,NA,NA,NA,NA,NA,NA,NA
2026-04-23,KXU3-26APR,241.33999999999997,NA,NA,NA,NA,NA,NA,3.061224489795918,2.0408163265306123,27.551020408163264,23.46938775510204,7.142857142857143,3.061224489795918,NA,NA,NA,1.0204081632653061,NA,NA,NA,22.448979591836736,10.204081632653061,0,0,NA,NA,NA,NA,NA,NA,NA
2026-04-24,KXU3-26APR,2477.39,NA,NA,NA,NA,NA,NA,2.0408163265306123,1.0204081632653061,31.632653061224488,24.489795918367346,6.122448979591836,5.1020408163265305,NA,NA,NA,1.0204081632653061,NA,NA,NA,21.428571428571427,7.142857142857143,0,0,NA,NA,NA,NA,NA,NA,NA
2026-04-25,KXU3-26APR,3464.7000000000003,NA,NA,NA,NA,NA,NA,2.0408163265306123,1.0204081632653061,27.551020408163264,27.551020408163264,3.061224489795918,3.061224489795918,NA,NA,NA,1.0204081632653061,NA,NA,NA,28.571428571428573,6.122448979591836,0,0,NA,NA,NA,NA,NA,NA,NA
2026-04-26,KXU3-26APR,3597.33,NA,NA,NA,NA,NA,NA,2.0408163265306123,0,34.69387755102041,24.489795918367346,4.081632653061225,2.0408163265306123,NA,NA,NA,1.0204081632653061,NA,NA,NA,23.46938775510204,8.16326530612245,0,0,NA,NA,NA,NA,NA,NA,NA
2026-04-27,KXU3-26APR,3442.4,NA,NA,NA,NA,NA,NA,1.0204081632653061,1.0204081632653061,31.632653061224488,25.510204081632654,3.061224489795918,4.081632653061225,NA,NA,NA,1.0204081632653061,NA,NA,NA,23.46938775510204,9.183673469387756,0,0,NA,NA,NA,NA,NA,NA,NA
2026-04-28,KXU3-26APR,5523.9000000000005,NA,NA,NA,NA,NA,NA,2.0408163265306123,0,33.673469387755105,25.510204081632654,3.061224489795918,6.122448979591836,NA,NA,NA,1.0204081632653061,NA,NA,NA,21.428571428571427,7.142857142857143,0,0,NA,NA,NA,NA,NA,NA,NA
2026-04-29,KXU3-26APR,15313.67,NA,NA,NA,NA,NA,NA,1.0204081632653061,1.0204081632653061,35.714285714285715,25.510204081632654,1.0204081632653061,2.0408163265306123,NA,NA,NA,0,NA,NA,NA,27.551020408163264,6.122448979591836,0,0,NA,NA,NA,NA,NA,NA,NA
2026-04-30,KXU3-26APR,3051.38,NA,NA,NA,NA,NA,NA,2.0408163265306123,0,36.734693877551024,23.46938775510204,2.0408163265306123,4.081632653061225,NA,NA,NA,1.0204081632653061,NA,NA,NA,24.489795918367346,6.122448979591836,0,0,NA,NA,NA,NA,NA,NA,NA
2026-05-01,KXU3-26APR,13971.86,NA,NA,NA,NA,NA,NA,0,0,36.734693877551024,24.489795918367342,2.0408163265306123,4.081632653061225,NA,NA,NA,1.0204081632653061,NA,NA,NA,27.551020408163264,4.081632653061225,0,0,NA,NA,NA,NA,NA,NA,NA
2026-05-02,KXU3-26APR,5765.01,NA,NA,NA,NA,NA,NA,1.0204081632653061,0,39.795918367346935,22.44897959183674,1.0204081632653061,3.061224489795918,NA,NA,NA,1.0204081632653061,NA,NA,NA,27.551020408163264,4.081632653061225,0,0,NA,NA,NA,NA,NA,NA,NA
2026-05-03,KXU3-26APR,1559.08,NA,NA,NA,NA,NA,NA,1.0204081632653061,0,39.795918367346935,22.44897959183674,1.0204081632653061,3.061224489795918,NA,NA,NA,1.0204081632653061,NA,NA,NA,27.551020408163264,4.081632653061225,0,0,NA,NA,NA,NA,NA,NA,NA
2026-05-04,KXU3-26APR,69290.66,NA,NA,NA,NA,NA,NA,1.0204081632653061,1.0204081632653061,35.714285714285715,24.489795918367346,1.0204081632653061,4.081632653061225,NA,NA,NA,0,NA,NA,NA,29.591836734693878,3.061224489795918,0,0,NA,NA,NA,NA,NA,NA,NA
2026-05-05,KXU3-26APR,39553.69,NA,NA,NA,NA,NA,NA,2.0408163265306123,0,36.734693877551024,24.489795918367346,3.061224489795918,5.1020408163265305,NA,NA,NA,0,NA,NA,NA,25.510204081632654,3.061224489795918,0,0,NA,NA,NA,NA,NA,NA,NA
2026-05-06,KXU3-26APR,25575.05,NA,NA,NA,NA,NA,NA,1.0204081632653061,0,37.755102040816325,25.510204081632654,0,8.16326530612245,NA,NA,NA,0,NA,NA,NA,24.489795918367346,3.061224489795918,0,0,NA,NA,NA,NA,NA,NA,NA
2026-05-07,KXU3-26APR,20170.43,NA,NA,NA,NA,NA,NA,0,0,38.775510204081634,22.44897959183674,1.0204081632653061,8.16326530612245,NA,NA,NA,0,NA,NA,NA,24.489795918367346,5.1020408163265305,0,0,NA,NA,NA,NA,NA,NA,NA
2026-05-08,KXU3-26APR,21228.59,NA,NA,NA,NA,NA,NA,1.0204081632653061,0,36.734693877551024,24.489795918367346,0,5.1020408163265305,NA,NA,NA,0,NA,NA,NA,26.53061224489796,6.122448979591836,0,0,NA,NA,NA,NA,NA,NA,NA
2026-05-08,KXU3-26MAY,1700,NA,NA,NA,NA,NA,NA,0,0,31.632653061224488,23.46938775510204,0,10.204081632653061,NA,NA,NA,0,NA,NA,NA,17.346938775510203,17.346938775510203,0,0,NA,NA,NA,NA,NA,NA,NA
2026-05-09,KXU3-26MAY,1315.12,NA,NA,NA,NA,NA,NA,0,0,11.224489795918368,67.34693877551021,0,0,NA,NA,NA,0,NA,NA,NA,10.204081632653061,11.224489795918368,0,0,NA,NA,NA,NA,NA,NA,NA
2026-05-10,KXU3-26MAY,263.81,NA,NA,NA,NA,NA,NA,0,0,35.714285714285715,36.734693877551024,0,2.0408163265306123,NA,NA,NA,0,NA,NA,NA,19.387755102040817,6.122448979591838,0,0,NA,NA,NA,NA,NA,NA,NA
2026-05-11,KXU3-26MAY,2686.2000000000003,NA,NA,NA,NA,NA,NA,0,0,27.551020408163264,33.673469387755105,5.1020408163265305,1.0204081632653061,NA,NA,NA,0,NA,NA,NA,22.448979591836736,10.204081632653061,0,0,NA,NA,NA,NA,NA,NA,NA
2026-05-12,KXU3-26MAY,22008.3,NA,NA,NA,NA,NA,NA,1.0204081632653061,1.0204081632653061,25.510204081632654,32.6530612244898,1.0204081632653061,3.061224489795918,NA,NA,NA,0,NA,NA,NA,25.510204081632654,10.204081632653061,0,0,NA,NA,NA,NA,NA,NA,NA
2026-05-13,KXU3-26MAY,6040.02,NA,NA,NA,NA,NA,NA,1.0204081632653061,0,26.53061224489796,32.6530612244898,5.1020408163265305,1.0204081632653061,NA,NA,NA,0,NA,NA,NA,22.448979591836736,11.224489795918368,0,0,NA,NA,NA,NA,NA,NA,NA
2026-05-14,KXU3-26MAY,2660.16,NA,NA,NA,NA,NA,NA,1.0204081632653061,0,27.551020408163264,33.673469387755105,5.1020408163265305,1.0204081632653061,NA,NA,NA,0,NA,NA,NA,22.448979591836736,9.183673469387756,0,0,NA,NA,NA,NA,NA,NA,NA
2026-05-15,KXU3-26MAY,579.69,NA,NA,NA,NA,NA,NA,1.0204081632653061,1.0204081632653061,28.571428571428573,32.6530612244898,2.0408163265306123,4.081632653061225,NA,NA,NA,0,NA,NA,NA,22.448979591836736,8.16326530612245,0,0,NA,NA,NA,NA,NA,NA,NA
2026-05-16,KXU3-26MAY,5237.66,NA,NA,NA,NA,NA,NA,1.0204081632653061,0,29.591836734693878,32.6530612244898,1.0204081632653061,4.081632653061225,NA,NA,NA,0,NA,NA,NA,23.46938775510204,8.16326530612245,0,0,NA,NA,NA,NA,NA,NA,NA
2026-05-17,KXU3-26MAY,738.02,NA,NA,NA,NA,NA,NA,1.0204081632653061,0,30.612244897959183,31.632653061224488,1.0204081632653061,5.1020408163265305,NA,NA,NA,0,NA,NA,NA,22.448979591836736,8.16326530612245,0,0,NA,NA,NA,NA,NA,NA,NA
2026-05-18,KXU3-26MAY,6165.79,NA,NA,NA,NA,NA,NA,1.0204081632653061,0,29.591836734693878,31.632653061224488,1.0204081632653061,1.0204081632653061,NA,NA,NA,0,NA,NA,NA,26.53061224489796,9.183673469387756,0,0,NA,NA,NA,NA,NA,NA,NA
2026-05-19,KXU3-26MAY,3353.51,NA,NA,NA,NA,NA,NA,0,0,27.551020408163264,33.673469387755105,1.0204081632653061,2.0408163265306123,NA,NA,NA,0,NA,NA,NA,25.510204081632654,10.204081632653061,0,0,NA,NA,NA,NA,NA,NA,NA
2026-05-20,KXU3-26MAY,460.97999999999996,NA,NA,NA,NA,NA,NA,0,0,29.591836734693878,32.6530612244898,1.0204081632653061,3.061224489795918,NA,NA,NA,0,NA,NA,NA,24.489795918367346,9.183673469387756,0,0,NA,NA,NA,NA,NA,NA,NA
2026-05-21,KXU3-26MAY,7055.25,NA,NA,NA,NA,NA,NA,0,0,35.714285714285715,28.571428571428573,1.0204081632653061,3.061224489795918,NA,NA,NA,0,NA,NA,NA,22.448979591836736,9.183673469387756,0,0,NA,NA,NA,NA,NA,NA,NA
2026-05-22,KXU3-26MAY,7386.31,NA,NA,NA,NA,NA,NA,0,0,32.6530612244898,30.612244897959183,1.0204081632653061,3.061224489795918,NA,NA,NA,0,NA,NA,NA,24.489795918367346,8.16326530612245,0,0,NA,NA,NA,NA,NA,NA,NA
2026-05-23,KXU3-26MAY,5426.23,NA,NA,NA,NA,NA,NA,0,0,37.755102040816325,26.53061224489796,0,4.081632653061225,NA,NA,NA,0,NA,NA,NA,22.448979591836736,9.183673469387756,0,0,NA,NA,NA,NA,NA,NA,NA
2026-05-24,KXU3-26MAY,247.64,NA,NA,NA,NA,NA,NA,0,0,35.714285714285715,27.551020408163264,0,4.081632653061225,NA,NA,NA,0,NA,NA,NA,23.46938775510204,9.183673469387756,0,0,NA,NA,NA,NA,NA,NA,NA
2026-05-25,KXU3-26MAY,1199.11,NA,NA,NA,NA,NA,NA,0,0,39.795918367346935,24.489795918367346,0,4.081632653061225,NA,NA,NA,0,NA,NA,NA,22.448979591836736,9.183673469387756,0,0,NA,NA,NA,NA,NA,NA,NA
2026-05-26,KXU3-26MAY,6274.46,NA,NA,NA,NA,NA,NA,1.0204081632653061,0,36.734693877551024,25.510204081632654,0,4.081632653061225,NA,NA,NA,0,NA,NA,NA,23.46938775510204,9.183673469387756,0,0,NA,NA,NA,NA,NA,NA,NA
2026-05-27,KXU3-26MAY,7312.41,NA,NA,NA,NA,NA,NA,1.0204081632653061,0,34.69387755102041,27.551020408163264,0,3.061224489795918,NA,NA,NA,0,NA,NA,NA,24.489795918367346,9.183673469387756,0,0,NA,NA,NA,NA,NA,NA,NA
2026-05-28,KXU3-26MAY,4762.8099999999995,NA,NA,NA,NA,NA,NA,1.0204081632653061,0,37.755102040816325,27.551020408163264,0,4.081632653061225,NA,NA,NA,0,NA,NA,NA,22.448979591836736,7.142857142857143,0,0,NA,NA,NA,NA,NA,NA,NA
2026-05-29,KXU3-26MAY,10861.15,NA,NA,NA,NA,NA,NA,1.0204081632653061,0,37.755102040816325,26.53061224489796,1.0204081632653061,3.061224489795918,NA,NA,NA,0,NA,NA,NA,22.448979591836736,8.16326530612245,0,0,NA,NA,NA,NA,NA,NA,NA
2026-05-30,KXU3-26MAY,6432.2699999999995,NA,NA,NA,NA,NA,NA,1.0204081632653061,0,35.714285714285715,27.551020408163264,1.0204081632653061,3.061224489795918,NA,NA,NA,0,NA,NA,NA,24.489795918367346,7.142857142857143,0,0,NA,NA,NA,NA,NA,NA,NA
2026-05-31,KXU3-26MAY,5095.03,NA,NA,NA,NA,NA,NA,1.0204081632653061,0,37.755102040816325,28.571428571428573,1.0204081632653061,2.0408163265306123,NA,NA,NA,0,NA,NA,NA,24.489795918367346,5.102040816326531,0,0,NA,NA,NA,NA,NA,NA,NA
2026-06-01,KXU3-26MAY,24754.09,NA,NA,NA,NA,NA,NA,1.0204081632653061,0,31.632653061224488,32.6530612244898,1.0204081632653061,5.1020408163265305,NA,NA,NA,0,NA,NA,NA,22.448979591836736,6.122448979591836,0,0,NA,NA,NA,NA,NA,NA,NA
2026-06-02,KXU3-26MAY,25022.42,NA,NA,NA,NA,NA,NA,1.0204081632653061,0,35.714285714285715,26.53061224489796,1.0204081632653061,3.061224489795918,NA,NA,NA,0,NA,NA,NA,25.510204081632654,7.142857142857143,0,0,NA,NA,NA,NA,NA,NA,NA
2026-06-03,KXU3-26MAY,9069.8,NA,NA,NA,NA,NA,NA,1.0204081632653061,0,39.795918367346935,30.612244897959183,1.0204081632653061,3.061224489795918,NA,NA,NA,0,NA,NA,NA,23.46938775510204,1.0204081632653061,0,0,NA,NA,NA,NA,NA,NA,NA
2026-06-04,KXU3-26MAY,25696.75,NA,NA,NA,NA,NA,NA,1.0204081632653061,0,35.714285714285715,30.612244897959183,0,9.183673469387756,NA,NA,NA,0,NA,NA,NA,19.387755102040817,4.081632653061225,0,0,NA,NA,NA,NA,NA,NA,NA
2026-06-05,KXU3-26JUN,3441.36,NA,NA,NA,NA,NA,NA,1.0204081632653061,0,26.53061224489795,15.306122448979592,1.0204081632653061,7.142857142857143,NA,NA,NA,1.0204081632653061,NA,NA,NA,33.67346938775511,14.285714285714286,0,0,NA,NA,NA,NA,NA,NA,NA
2026-06-05,KXU3-26MAY,36551.54,NA,NA,NA,NA,NA,NA,0,0,39.795918367346935,40.816326530612244,0,0,NA,NA,NA,0,NA,NA,NA,19.387755102040817,0,0,0,NA,NA,NA,NA,NA,NA,NA
2026-06-06,KXU3-26JUN,2535.61,NA,NA,NA,NA,NA,NA,6.122448979591838,0,32.6530612244898,24.489795918367346,1.0204081632653061,7.142857142857143,NA,NA,NA,0,NA,NA,NA,25.510204081632654,3.0612244897959173,0,0,NA,NA,NA,NA,NA,NA,NA
2026-06-07,KXU3-26JUN,1752.44,NA,NA,NA,NA,NA,NA,1.0204081632653061,0,30.612244897959183,31.632653061224488,1.0204081632653061,8.16326530612245,NA,NA,NA,0,NA,NA,NA,24.489795918367346,3.061224489795918,0,0,NA,NA,NA,NA,NA,NA,NA
2026-06-08,KXU3-26JUN,3625.43,NA,NA,NA,NA,NA,NA,1.0204081632653061,0,21.42857142857142,31.632653061224488,2.0408163265306123,17.346938775510203,NA,NA,NA,0,NA,NA,NA,22.448979591836743,4.081632653061225,0,0,NA,NA,NA,NA,NA,NA,NA
2026-06-09,KXU3-26JUN,5069.14,NA,NA,NA,NA,NA,NA,5.102040816326531,1.0204081632653061,25.510204081632654,21.428571428571427,3.061224489795918,13.26530612244898,NA,NA,NA,0,NA,NA,NA,22.448979591836736,8.163265306122447,0,0,NA,NA,NA,NA,NA,NA,NA
2026-06-10,KXU3-26JUN,4593.26,NA,NA,NA,NA,NA,NA,1.0204081632653061,0,25.510204081632644,22.448979591836736,1.0204081632653061,12.244897959183673,NA,NA,NA,0,NA,NA,NA,28.57142857142858,9.183673469387756,0,0,NA,NA,NA,NA,NA,NA,NA
2026-06-11,KXU3-26JUN,2532.8,NA,NA,NA,NA,NA,NA,1.0204081632653061,0,31.632653061224495,20.40816326530612,1.0204081632653061,12.244897959183673,NA,NA,NA,0,NA,NA,NA,26.53061224489796,7.142857142857143,0,0,NA,NA,NA,NA,NA,NA,NA
2026-06-12,KXU3-26JUN,4267.23,NA,NA,NA,NA,NA,NA,1.0204081632653061,0,30.612244897959183,26.53061224489796,2.0408163265306123,9.183673469387756,NA,NA,NA,0,NA,NA,NA,27.551020408163264,3.061224489795918,0,0,NA,NA,NA,NA,NA,NA,NA
2026-06-13,KXU3-26JUN,1476.56,NA,NA,NA,NA,NA,NA,1.0204081632653061,0,35.714285714285715,26.53061224489796,2.0408163265306123,6.122448979591836,NA,NA,NA,0,NA,NA,NA,25.510204081632654,3.061224489795918,0,0,NA,NA,NA,NA,NA,NA,NA
2026-06-14,KXU3-26JUN,1165.1399999999999,NA,NA,NA,NA,NA,NA,1.0204081632653061,0,30.612244897959183,31.632653061224488,0,8.16326530612245,NA,NA,NA,0,NA,NA,NA,26.53061224489796,2.0408163265306123,0,0,NA,NA,NA,NA,NA,NA,NA
2026-06-15,KXU3-26JUN,4017.73,NA,NA,NA,NA,NA,NA,2.0408163265306123,0,32.6530612244898,27.551020408163264,0,7.142857142857143,NA,NA,NA,0,NA,NA,NA,28.571428571428573,2.0408163265306123,0,0,NA,NA,NA,NA,NA,NA,NA
2026-06-16,KXU3-26JUN,621.81,NA,NA,NA,NA,NA,NA,2.0408163265306123,0,31.632653061224488,27.551020408163264,0,7.142857142857143,NA,NA,NA,0,NA,NA,NA,28.571428571428573,3.061224489795918,0,0,NA,NA,NA,NA,NA,NA,NA
2026-06-17,KXU3-26JUN,493.65,NA,NA,NA,NA,NA,NA,2.0408163265306123,0,34.69387755102041,27.551020408163264,2.0408163265306123,3.061224489795918,NA,NA,NA,0,NA,NA,NA,28.571428571428573,2.0408163265306123,0,0,NA,NA,NA,NA,NA,NA,NA
2026-06-18,KXU3-26JUN,1850.29,NA,NA,NA,NA,NA,NA,2.0408163265306123,0,33.673469387755105,27.551020408163264,2.0408163265306123,4.081632653061225,NA,NA,NA,0,NA,NA,NA,27.551020408163264,3.061224489795918,0,0,NA,NA,NA,NA,NA,NA,NA
2026-06-19,KXU3-26JUN,2008.7,NA,NA,NA,NA,NA,NA,0,0,30.612244897959183,25.510204081632654,2.0408163265306123,4.081632653061225,NA,NA,NA,0,NA,NA,NA,29.591836734693878,8.16326530612245,0,0,NA,NA,NA,NA,NA,NA,NA
2026-06-20,KXU3-26JUN,278.86,NA,NA,NA,NA,NA,NA,0,0,31.632653061224488,23.46938775510204,2.0408163265306123,4.081632653061225,NA,NA,NA,0,NA,NA,NA,27.551020408163264,11.224489795918368,0,0,NA,NA,NA,NA,NA,NA,NA
2026-06-21,KXU3-26JUN,1462.1200000000001,NA,NA,NA,NA,NA,NA,0,0,32.6530612244898,25.510204081632654,2.0408163265306123,5.1020408163265305,NA,NA,NA,0,NA,NA,NA,25.510204081632654,9.183673469387756,0,0,NA,NA,NA,NA,NA,NA,NA
2026-06-22,KXU3-26JUN,1019.6999999999999,NA,NA,NA,NA,NA,NA,0,0,34.69387755102041,22.448979591836736,1.0204081632653061,5.1020408163265305,NA,NA,NA,1.0204081632653061,NA,NA,NA,26.53061224489796,9.183673469387756,0,0,NA,NA,NA,NA,NA,NA,NA
2026-06-23,KXU3-26JUN,1947.2800000000002,NA,NA,NA,NA,NA,NA,0,0,36.734693877551024,20.40816326530612,1.0204081632653061,6.122448979591836,NA,NA,NA,1.0204081632653061,NA,NA,NA,26.53061224489796,8.16326530612245,0,0,NA,NA,NA,NA,NA,NA,NA
2026-06-24,KXU3-26JUN,404.04,NA,NA,NA,NA,NA,NA,0,0,38.775510204081634,19.387755102040817,1.0204081632653061,5.1020408163265305,NA,NA,NA,0,NA,NA,NA,28.571428571428573,7.142857142857143,0,0,NA,NA,NA,NA,NA,NA,NA
2026-06-25,KXU3-26JUN,4116.05,NA,NA,NA,NA,NA,NA,2.0408163265306123,0,37.755102040816325,19.387755102040813,1.0204081632653061,6.122448979591836,NA,NA,NA,0,NA,NA,NA,26.53061224489796,7.142857142857143,0,0,NA,NA,NA,NA,NA,NA,NA
2026-06-26,KXU3-26JUN,3336.1299999999997,NA,NA,NA,NA,NA,NA,0,0,36.734693877551024,21.428571428571427,0,10.204081632653061,NA,NA,NA,0,NA,NA,NA,23.46938775510204,8.16326530612245,0,0,NA,NA,NA,NA,NA,NA,NA
2026-06-27,KXU3-26JUN,10507.07,NA,NA,NA,NA,NA,NA,1.0204081632653061,0,36.734693877551024,21.428571428571427,0,10.204081632653061,NA,NA,NA,0,NA,NA,NA,21.428571428571427,9.183673469387756,0,0,NA,NA,NA,NA,NA,NA,NA
2026-06-28,KXU3-26JUN,5422.05,NA,NA,NA,NA,NA,NA,1.0204081632653061,0,39.795918367346935,25.510204081632654,0,11.224489795918368,NA,NA,NA,0,NA,NA,NA,16.3265306122449,6.122448979591836,0,0,NA,NA,NA,NA,NA,NA,NA
2026-06-29,KXU3-26JUN,9715.279999999999,NA,NA,NA,NA,NA,NA,2.0408163265306123,0,41.83673469387755,23.46938775510204,1.0204081632653061,4.081632653061225,NA,NA,NA,1.0204081632653061,NA,NA,NA,21.428571428571427,5.1020408163265305,0,0,NA,NA,NA,NA,NA,NA,NA
2026-06-30,KXU3-26JUN,7437.85,NA,NA,NA,NA,NA,NA,1.0204081632653061,0,33.673469387755105,32.6530612244898,0,8.16326530612245,NA,NA,NA,0,NA,NA,NA,19.387755102040817,5.102040816326531,0,0,NA,NA,NA,NA,NA,NA,NA
2026-07-01,KXU3-26JUN,28271.86,NA,NA,NA,NA,NA,NA,0,0,56.12244897959184,18.367346938775512,2.0408163265306123,3.061224489795918,NA,NA,NA,0,NA,NA,NA,17.346938775510203,3.061224489795918,0,0,NA,NA,NA,NA,NA,NA,NA
2026-07-02,KXU3-26JUN,26666.45,NA,NA,NA,NA,NA,NA,0,0,58.16326530612245,22.448979591836736,1.0204081632653061,2.0408163265306123,NA,NA,NA,0,NA,NA,NA,14.285714285714286,2.0408163265306123,0,0,NA,NA,NA,NA,NA,NA,NA
2026-07-04,KXU3-26OCT,0,NA,NA,NA,NA,0,NA,6.122448979591838,0,20.408163265306122,20.408163265306122,8.16326530612245,12.244897959183673,NA,NA,0,0,NA,NA,NA,8.16326530612245,24.489795918367346,0,0,0,NA,NA,NA,NA,NA,NA
2026-07-05,KXU3-26OCT,0,NA,NA,NA,NA,0,NA,6.122448979591838,0,20.408163265306122,20.408163265306122,8.16326530612245,12.244897959183673,NA,NA,0,0,NA,NA,NA,8.16326530612245,24.489795918367346,0,0,0,NA,NA,NA,NA,NA,NA
2026-07-06,KXU3-26AUG,0,NA,NA,NA,NA,NA,NA,NA,NA,NA,NA,NA,NA,NA,NA,NA,NA,NA,NA,NA,NA,NA,NA,2.0408163265306123,97.95918367346938,NA,NA,NA,NA,NA,NA
2026-07-06,KXU3-26JUL,1795.3799999999999,NA,NA,NA,NA,NA,NA,1.0204081632653061,NA,25.510204081632647,23.469387755102044,0,11.224489795918368,NA,0,0,0,NA,NA,NA,35.714285714285715,3.061224489795918,NA,NA,NA,NA,NA,NA,NA,NA,NA
2026-07-06,KXU3-26NOV,0,NA,NA,NA,NA,0,NA,3.061224489795918,0,41.83673469387755,2.0408163265306123,7.142857142857143,10.204081632653061,NA,8.16326530612245,1.0204081632653061,10.204081632653061,NA,NA,NA,12.244897959183673,4.081632653061225,0,0,0,NA,NA,NA,NA,NA,NA
2026-07-06,KXU3-26OCT,19,NA,NA,NA,NA,0,NA,0,0,24.489795918367346,6.122448979591838,8.16326530612245,23.46938775510204,NA,NA,8.16326530612245,12.244897959183673,NA,NA,NA,17.346938775510203,0,0,0,0,NA,NA,NA,NA,NA,NA
2026-07-06,KXU3-26SEP,123,NA,NA,NA,NA,NA,NA,NA,NA,0,0,69.38775510204081,9.183673469387756,NA,NA,0,1.0204081632653061,NA,NA,NA,20.408163265306122,0,NA,NA,NA,NA,NA,NA,NA,NA,NA
2026-07-07,KXU3-26AUG,0,NA,NA,NA,NA,NA,NA,NA,NA,NA,NA,NA,NA,NA,NA,NA,NA,NA,NA,NA,NA,NA,NA,2.0408163265306123,97.95918367346938,NA,NA,NA,NA,NA,NA
2026-07-07,KXU3-26JUL,1542.77,NA,NA,NA,NA,NA,NA,4.081632653061225,NA,27.551020408163275,20.40816326530612,0,11.224489795918368,NA,0,0,0,NA,NA,NA,32.65306122448979,4.081632653061225,NA,NA,NA,NA,NA,NA,NA,NA,NA
2026-07-07,KXU3-26NOV,0,NA,NA,NA,NA,0,NA,3.061224489795918,0,41.83673469387755,2.0408163265306123,7.142857142857143,10.204081632653061,NA,8.16326530612245,1.0204081632653061,10.204081632653061,NA,NA,NA,12.244897959183673,4.081632653061225,0,0,0,NA,NA,NA,NA,NA,NA
2026-07-07,KXU3-26OCT,0,NA,NA,NA,NA,0,NA,0,0,24.489795918367346,6.122448979591838,8.16326530612245,23.46938775510204,NA,NA,8.16326530612245,12.244897959183673,NA,NA,NA,17.346938775510203,0,0,0,0,NA,NA,NA,NA,NA,NA
2026-07-07,KXU3-26SEP,0,NA,NA,NA,NA,NA,NA,NA,NA,0,0,69.38775510204081,9.183673469387756,NA,NA,0,1.0204081632653061,NA,NA,NA,20.408163265306122,0,NA,NA,NA,NA,NA,NA,NA,NA,NA
2026-07-08,KXU3-26AUG,0,NA,NA,NA,NA,NA,NA,NA,NA,NA,NA,NA,NA,NA,NA,NA,NA,NA,NA,NA,NA,NA,NA,2.0408163265306123,97.95918367346938,NA,NA,NA,NA,NA,NA
2026-07-08,KXU3-26JUL,2862.57,NA,NA,NA,NA,NA,NA,3.061224489795918,NA,34.69387755102042,15.306122448979592,1.0204081632653061,10.204081632653061,NA,0,0,0,NA,NA,NA,32.65306122448979,3.0612244897959195,NA,NA,NA,NA,NA,NA,NA,NA,NA
2026-07-08,KXU3-26NOV,2,NA,NA,NA,NA,0,NA,3.061224489795918,0,41.83673469387755,2.0408163265306123,7.142857142857143,9.183673469387756,NA,8.16326530612245,1.0204081632653061,11.224489795918368,NA,NA,NA,12.244897959183673,4.081632653061225,0,0,0,NA,NA,NA,NA,NA,NA
2026-07-08,KXU3-26OCT,0,NA,NA,NA,NA,0,NA,0,0,24.489795918367346,6.122448979591838,8.16326530612245,23.46938775510204,NA,NA,8.16326530612245,12.244897959183673,NA,NA,NA,17.346938775510203,0,0,0,0,NA,NA,NA,NA,NA,NA
2026-07-08,KXU3-26SEP,0,NA,NA,NA,NA,NA,NA,NA,NA,0,0,69.38775510204081,9.183673469387756,NA,NA,0,1.0204081632653061,NA,NA,NA,20.408163265306122,0,NA,NA,NA,NA,NA,NA,NA,NA,NA
2026-07-09,KXU3-26AUG,522.99,NA,NA,NA,NA,NA,NA,0,0,32.65306122448979,24.489795918367346,0,18.367346938775512,NA,NA,NA,NA,NA,NA,NA,24.489795918367356,0,0,0,0,NA,NA,NA,NA,NA,NA
2026-07-09,KXU3-26JUL,1966.5700000000002,NA,NA,NA,NA,NA,NA,5.1020408163265305,NA,31.63265306122448,14.285714285714286,1.0204081632653061,11.224489795918368,NA,0,0,0,NA,NA,NA,30.612244897959194,6.122448979591836,NA,NA,NA,NA,NA,NA,NA,NA,NA
2026-07-09,KXU3-26NOV,0,NA,NA,NA,NA,0,NA,3.061224489795918,0,41.83673469387755,2.0408163265306123,7.142857142857143,9.183673469387756,NA,8.16326530612245,1.0204081632653061,11.224489795918368,NA,NA,NA,12.244897959183673,4.081632653061225,0,0,0,NA,NA,NA,NA,NA,NA
2026-07-09,KXU3-26OCT,3,NA,NA,NA,NA,0,NA,0,0,19.387755102040817,5.10204081632653,8.16326530612245,23.46938775510204,NA,NA,8.16326530612245,12.244897959183673,NA,NA,NA,17.346938775510203,6.122448979591838,0,0,0,NA,NA,NA,NA,NA,NA
2026-07-09,KXU3-26SEP,490,NA,NA,NA,NA,NA,NA,NA,NA,9.183673469387756,12.244897959183673,9.183673469387756,10.204081632653054,NA,13.26530612244898,5.1020408163265305,7.142857142857143,NA,NA,NA,11.224489795918375,22.448979591836736,NA,NA,NA,NA,NA,NA,NA,NA,NA
2026-07-10,KXU3-26AUG,314,NA,NA,NA,NA,NA,NA,0,0,34.6938775510204,14.285714285714286,5.1020408163265305,11.224489795918368,NA,NA,NA,13.26530612244898,NA,NA,NA,13.265306122448987,8.16326530612245,0,0,0,NA,NA,NA,NA,NA,NA
2026-07-10,KXU3-26JUL,14551.01,NA,NA,NA,NA,NA,NA,1.0204081632653061,0,43.877551020408156,9.183673469387758,3.061224489795918,12.244897959183673,NA,0,0,1.0204081632653061,NA,NA,NA,26.53061224489797,3.061224489795918,NA,NA,NA,NA,NA,NA,NA,NA,NA
2026-07-10,KXU3-26NOV,0,NA,NA,NA,NA,0,NA,3.061224489795918,0,41.83673469387755,2.0408163265306123,7.142857142857143,9.183673469387756,NA,8.16326530612245,1.0204081632653061,11.224489795918368,NA,NA,NA,12.244897959183673,4.081632653061225,0,0,0,NA,NA,NA,NA,NA,NA
2026-07-10,KXU3-26OCT,0,NA,NA,NA,NA,0,NA,0,0,19.387755102040817,5.10204081632653,8.16326530612245,23.46938775510204,NA,NA,8.16326530612245,12.244897959183673,NA,NA,NA,17.346938775510203,6.122448979591838,0,0,0,NA,NA,NA,NA,NA,NA
2026-07-10,KXU3-26SEP,15,NA,NA,NA,NA,NA,NA,NA,NA,9.183673469387756,12.244897959183673,9.183673469387756,10.204081632653054,NA,14.285714285714286,4.081632653061225,7.142857142857143,NA,NA,NA,11.224489795918375,22.448979591836736,NA,NA,NA,NA,NA,NA,NA,NA,NA
2026-07-11,KXU3-26AUG,88,NA,NA,NA,NA,NA,NA,8.16326530612245,0,31.632653061224488,8.16326530612245,4.081632653061225,12.244897959183673,NA,NA,NA,14.285714285714286,NA,NA,NA,15.306122448979592,6.122448979591836,0,0,0,NA,NA,NA,NA,NA,NA
2026-07-11,KXU3-26JUL,1677.41,NA,NA,NA,NA,NA,NA,2.0408163265306123,0,44.89795918367348,8.16326530612245,3.061224489795918,13.26530612244898,NA,0,0,1.0204081632653061,NA,NA,NA,26.53061224489795,1.0204081632653061,NA,NA,NA,NA,NA,NA,NA,NA,NA
2026-07-11,KXU3-26NOV,8,NA,NA,NA,NA,0,NA,3.061224489795918,0,41.83673469387755,2.0408163265306123,8.16326530612245,14.285714285714286,NA,8.16326530612245,1.0204081632653061,5.1020408163265305,NA,NA,NA,12.244897959183673,4.081632653061225,0,0,0,NA,NA,NA,NA,NA,NA
2026-07-11,KXU3-26OCT,0,NA,NA,NA,NA,0,NA,0,0,19.387755102040817,5.10204081632653,8.16326530612245,23.46938775510204,NA,NA,8.16326530612245,12.244897959183673,NA,NA,NA,17.346938775510203,6.122448979591838,0,0,0,NA,NA,NA,NA,NA,NA
2026-07-11,KXU3-26SEP,75,NA,NA,NA,NA,NA,NA,NA,NA,9.183673469387756,7.14285714285714,9.183673469387756,10.204081632653054,NA,13.26530612244898,5.1020408163265305,7.142857142857143,NA,NA,NA,11.224489795918375,27.55102040816327,NA,NA,NA,NA,NA,NA,NA,NA,NA
2026-07-12,KXU3-26AUG,569.11,NA,NA,NA,NA,NA,NA,6.122448979591836,8.16326530612245,13.26530612244898,22.448979591836736,10.204081632653061,20.408163265306122,NA,NA,NA,0,NA,NA,NA,15.306122448979592,4.081632653061225,0,0,0,NA,NA,NA,NA,NA,NA
2026-07-12,KXU3-26JUL,5588,NA,NA,NA,NA,NA,NA,0,0,46.93877551020409,6.122448979591836,1.0204081632653061,14.285714285714286,NA,0,0,1.0204081632653061,NA,NA,NA,28.571428571428562,2.0408163265306123,NA,NA,NA,NA,NA,NA,NA,NA,NA
2026-07-12,KXU3-26NOV,0,NA,NA,NA,NA,0,NA,3.061224489795918,0,41.83673469387755,2.0408163265306123,8.16326530612245,14.285714285714286,NA,8.16326530612245,1.0204081632653061,5.1020408163265305,NA,NA,NA,12.244897959183673,4.081632653061225,0,0,0,NA,NA,NA,NA,NA,NA
2026-07-12,KXU3-26OCT,0,NA,NA,NA,NA,0,NA,0,0,19.387755102040817,5.10204081632653,8.16326530612245,23.46938775510204,NA,NA,8.16326530612245,12.244897959183673,NA,NA,NA,17.346938775510203,6.122448979591838,0,0,0,NA,NA,NA,NA,NA,NA
2026-07-12,KXU3-26SEP,127,NA,NA,NA,NA,NA,NA,NA,NA,5.1020408163265305,17.346938775510203,9.183673469387756,10.204081632653054,NA,14.285714285714286,4.081632653061225,7.142857142857143,NA,NA,NA,11.224489795918375,21.428571428571427,NA,NA,NA,NA,NA,NA,NA,NA,NA
2026-07-13,KXU3-26AUG,395.32,NA,NA,NA,NA,NA,NA,6.122448979591836,8.16326530612245,13.26530612244898,20.408163265306122,9.183673469387756,21.428571428571427,NA,NA,NA,0,NA,NA,NA,15.306122448979592,6.122448979591836,0,0,0,NA,NA,NA,NA,NA,NA
2026-07-13,KXU3-26JUL,7204.17,NA,NA,NA,NA,NA,NA,0,0,42.85714285714287,10.204081632653063,1.0204081632653061,12.244897959183673,NA,0,0,1.0204081632653061,NA,NA,NA,29.591836734693867,3.061224489795918,NA,NA,NA,NA,NA,NA,NA,NA,NA
2026-07-13,KXU3-26NOV,15,NA,NA,NA,NA,0,NA,4.081632653061225,3.061224489795918,25.510204081632647,18.367346938775515,8.16326530612245,14.285714285714286,NA,8.16326530612245,1.0204081632653061,5.1020408163265305,NA,NA,NA,10.204081632653061,2.0408163265306123,0,0,0,NA,NA,NA,NA,NA,NA
2026-07-13,KXU3-26OCT,8,NA,NA,NA,NA,0,NA,0,0,19.387755102040817,5.10204081632653,8.16326530612245,23.46938775510204,NA,NA,8.16326530612245,12.244897959183673,NA,NA,NA,17.346938775510203,6.122448979591838,0,0,0,NA,NA,NA,NA,NA,NA
2026-07-13,KXU3-26SEP,6,NA,NA,NA,NA,NA,NA,NA,NA,5.1020408163265305,17.346938775510203,9.183673469387756,10.204081632653054,NA,14.285714285714286,6.122448979591836,5.1020408163265305,NA,NA,NA,11.224489795918375,21.428571428571427,NA,NA,NA,NA,NA,NA,NA,NA,NA
2026-07-14,KXU3-26AUG,1,NA,NA,NA,NA,NA,NA,6.122448979591836,8.16326530612245,13.26530612244898,20.408163265306122,9.183673469387756,21.428571428571427,NA,NA,NA,0,NA,NA,NA,15.306122448979592,6.122448979591836,0,0,0,NA,NA,NA,NA,NA,NA
2026-07-14,KXU3-26JUL,1497.68,NA,NA,NA,NA,NA,NA,0,0,42.85714285714287,9.183673469387756,1.0204081632653061,14.285714285714286,NA,0,0,1.0204081632653061,NA,NA,NA,28.571428571428562,3.061224489795918,NA,NA,NA,NA,NA,NA,NA,NA,NA
2026-07-14,KXU3-26NOV,102,NA,NA,NA,NA,0,NA,4.081632653061225,3.061224489795918,25.510204081632647,18.367346938775515,8.16326530612245,14.285714285714286,NA,8.16326530612245,1.0204081632653061,5.1020408163265305,NA,NA,NA,10.204081632653061,2.0408163265306123,0,0,0,NA,NA,NA,NA,NA,NA
2026-07-14,KXU3-26OCT,0,NA,NA,NA,NA,0,NA,0,0,19.387755102040817,5.10204081632653,8.16326530612245,23.46938775510204,NA,NA,8.16326530612245,12.244897959183673,NA,NA,NA,17.346938775510203,6.122448979591838,0,0,0,NA,NA,NA,NA,NA,NA
2026-07-14,KXU3-26SEP,0,NA,NA,NA,NA,NA,NA,NA,NA,5.1020408163265305,17.346938775510203,9.183673469387756,10.204081632653054,NA,14.285714285714286,6.122448979591836,5.1020408163265305,NA,NA,NA,11.224489795918375,21.428571428571427,NA,NA,NA,NA,NA,NA,NA,NA,NA
2026-07-15,KXU3-26AUG,0,NA,NA,NA,NA,NA,NA,6.122448979591836,8.16326530612245,13.26530612244898,20.408163265306122,9.183673469387756,21.428571428571427,NA,NA,NA,0,NA,NA,NA,15.306122448979592,6.122448979591836,0,0,0,NA,NA,NA,NA,NA,NA
2026-07-15,KXU3-26JUL,1558.36,NA,NA,NA,NA,NA,NA,0,0,42.85714285714287,10.204081632653061,1.0204081632653061,14.285714285714286,NA,0,0,1.0204081632653061,NA,NA,NA,28.571428571428562,2.0408163265306123,NA,NA,NA,NA,NA,NA,NA,NA,NA
2026-07-15,KXU3-26NOV,0,NA,NA,NA,NA,0,NA,4.081632653061225,3.061224489795918,25.510204081632647,18.367346938775515,8.16326530612245,14.285714285714286,NA,8.16326530612245,1.0204081632653061,5.1020408163265305,NA,NA,NA,10.204081632653061,2.0408163265306123,0,0,0,NA,NA,NA,NA,NA,NA
2026-07-15,KXU3-26OCT,1,NA,NA,NA,NA,0,NA,0,0,19.387755102040817,5.10204081632653,8.16326530612245,23.46938775510204,NA,6.122448979591836,2.0408163265306123,12.244897959183673,NA,NA,NA,17.346938775510203,6.122448979591838,0,0,0,NA,NA,NA,NA,NA,NA
2026-07-15,KXU3-26SEP,0,NA,NA,NA,NA,NA,NA,NA,NA,5.1020408163265305,17.346938775510203,9.183673469387756,10.204081632653054,NA,14.285714285714286,6.122448979591836,5.1020408163265305,NA,NA,NA,11.224489795918375,21.428571428571427,NA,NA,NA,NA,NA,NA,NA,NA,NA
2026-07-16,KXU3-26AUG,300,NA,NA,NA,NA,NA,NA,6.122448979591836,8.16326530612245,22.448979591836725,17.346938775510203,2.0408163265306123,10.204081632653061,NA,NA,NA,14.285714285714286,NA,NA,NA,16.326530612244905,3.061224489795918,0,0,0,NA,NA,NA,NA,NA,NA
2026-07-16,KXU3-26JUL,252.26000000000002,NA,NA,NA,NA,NA,NA,0,0,43.877551020408156,11.22448979591837,1.0204081632653061,14.285714285714286,NA,0,1.0204081632653061,1.0204081632653061,NA,NA,NA,25.51020408163266,2.0408163265306123,NA,NA,NA,NA,NA,NA,NA,NA,NA
2026-07-16,KXU3-26NOV,10,NA,NA,NA,NA,0,NA,4.081632653061225,3.061224489795918,25.510204081632647,18.367346938775515,8.16326530612245,14.285714285714286,NA,0,8.16326530612245,6.122448979591836,NA,NA,NA,10.204081632653061,2.0408163265306123,0,0,0,NA,NA,NA,NA,NA,NA
2026-07-16,KXU3-26OCT,0,NA,NA,NA,NA,0,NA,0,0,19.387755102040817,5.10204081632653,8.16326530612245,23.46938775510204,NA,6.122448979591836,2.0408163265306123,12.244897959183673,NA,NA,NA,17.346938775510203,6.122448979591838,0,0,0,NA,NA,NA,NA,NA,NA
2026-07-16,KXU3-26SEP,131.38,NA,NA,NA,NA,NA,NA,NA,NA,5.1020408163265305,17.346938775510203,9.183673469387756,5.1020408163265305,NA,14.285714285714286,6.122448979591836,5.1020408163265305,NA,NA,NA,16.3265306122449,21.428571428571427,NA,NA,NA,NA,NA,NA,NA,NA,NA
2026-07-17,KXU3-26AUG,0,NA,NA,NA,NA,NA,NA,6.122448979591836,8.16326530612245,22.448979591836725,17.346938775510203,2.0408163265306123,10.204081632653061,NA,NA,NA,14.285714285714286,NA,NA,NA,16.326530612244905,3.061224489795918,0,0,0,NA,NA,NA,NA,NA,NA
2026-07-17,KXU3-26JUL,3133.01,NA,NA,NA,NA,NA,NA,0,0,41.83673469387756,10.204081632653061,1.0204081632653061,14.285714285714286,NA,0,1.0204081632653061,1.0204081632653061,NA,NA,NA,26.53061224489795,4.081632653061225,NA,NA,NA,NA,NA,NA,NA,NA,NA
2026-07-17,KXU3-26NOV,18,NA,NA,NA,NA,0,NA,2.0408163265306123,4.081632653061225,6.122448979591836,20.40816326530612,8.16326530612245,14.285714285714286,NA,0,8.16326530612245,6.122448979591836,NA,NA,NA,9.183673469387756,18.367346938775515,3.061224489795918,0,0,NA,NA,NA,NA,NA,NA
2026-07-17,KXU3-26OCT,0,NA,NA,NA,NA,0,NA,0,0,19.387755102040817,5.10204081632653,8.16326530612245,23.46938775510204,NA,6.122448979591836,2.0408163265306123,12.244897959183673,NA,NA,NA,17.346938775510203,6.122448979591838,0,0,0,NA,NA,NA,NA,NA,NA
2026-07-17,KXU3-26SEP,10,NA,NA,NA,NA,NA,NA,NA,NA,5.1020408163265305,16.3265306122449,9.183673469387756,5.1020408163265305,NA,14.285714285714286,6.122448979591836,5.1020408163265305,NA,NA,NA,16.3265306122449,22.448979591836736,NA,NA,NA,NA,NA,NA,NA,NA,NA
2026-07-18,KXU3-26AUG,10,NA,NA,NA,NA,NA,NA,6.122448979591836,8.16326530612245,22.448979591836725,17.346938775510203,2.0408163265306123,9.183673469387756,NA,NA,NA,14.285714285714286,NA,NA,NA,17.34693877551021,3.061224489795918,0,0,0,NA,NA,NA,NA,NA,NA
2026-07-18,KXU3-26JUL,5919.16,NA,NA,NA,NA,NA,NA,0,0,43.87755102040817,10.204081632653061,1.0204081632653061,14.285714285714286,NA,0,1.0204081632653061,1.0204081632653061,NA,NA,NA,26.53061224489795,2.0408163265306123,NA,NA,NA,NA,NA,NA,NA,NA,NA
2026-07-18,KXU3-26NOV,0,NA,NA,NA,NA,0,NA,2.0408163265306123,4.081632653061225,6.122448979591836,20.40816326530612,8.16326530612245,14.285714285714286,NA,0,8.16326530612245,6.122448979591836,NA,NA,NA,9.183673469387756,18.367346938775515,3.061224489795918,0,0,NA,NA,NA,NA,NA,NA
2026-07-18,KXU3-26OCT,0,NA,NA,NA,NA,0,NA,0,0,19.387755102040817,5.10204081632653,8.16326530612245,23.46938775510204,NA,6.122448979591836,2.0408163265306123,12.244897959183673,NA,NA,NA,17.346938775510203,6.122448979591838,0,0,0,NA,NA,NA,NA,NA,NA
2026-07-18,KXU3-26SEP,25,NA,NA,NA,NA,NA,NA,NA,NA,5.1020408163265305,16.3265306122449,9.183673469387756,5.1020408163265305,NA,13.26530612244898,7.142857142857143,5.1020408163265305,NA,NA,NA,16.3265306122449,22.448979591836736,NA,NA,NA,NA,NA,NA,NA,NA,NA
2026-07-19,KXU3-26AUG,0,NA,NA,NA,NA,NA,NA,6.122448979591836,8.16326530612245,22.448979591836725,17.346938775510203,2.0408163265306123,9.183673469387756,NA,NA,NA,14.285714285714286,NA,NA,NA,17.34693877551021,3.061224489795918,0,0,0,NA,NA,NA,NA,NA,NA
2026-07-19,KXU3-26JUL,702.55,NA,NA,NA,NA,NA,NA,0,0,42.85714285714287,12.244897959183676,3.061224489795918,10.204081632653061,NA,0,1.0204081632653061,1.0204081632653061,NA,NA,NA,28.571428571428562,1.0204081632653061,NA,NA,NA,NA,NA,NA,NA,NA,NA
2026-07-19,KXU3-26NOV,27,NA,NA,NA,NA,0,NA,2.0408163265306123,4.081632653061225,5.1020408163265305,20.40816326530612,8.16326530612245,13.26530612244898,NA,0,8.16326530612245,6.122448979591836,NA,NA,NA,11.224489795918368,18.367346938775515,3.061224489795918,0,0,NA,NA,NA,NA,NA,NA
2026-07-19,KXU3-26OCT,0,NA,NA,NA,NA,0,NA,0,0,19.387755102040817,5.10204081632653,8.16326530612245,23.46938775510204,NA,6.122448979591836,2.0408163265306123,12.244897959183673,NA,NA,NA,17.346938775510203,6.122448979591838,0,0,0,NA,NA,NA,NA,NA,NA
2026-07-19,KXU3-26SEP,90,NA,NA,NA,NA,NA,NA,10.204081632653061,4.081632653061225,5.1020408163265305,16.3265306122449,10.204081632653061,4.081632653061225,NA,14.285714285714286,6.122448979591836,5.1020408163265305,NA,NA,NA,16.3265306122449,8.16326530612245,0,NA,NA,NA,NA,NA,NA,NA,NA
2026-07-20,KXU3-26AUG,186,NA,NA,NA,NA,NA,NA,6.122448979591836,8.16326530612245,21.428571428571438,17.346938775510203,11.224489795918368,15.306122448979592,NA,NA,NA,5.1020408163265305,NA,NA,NA,12.244897959183666,3.061224489795918,0,0,0,NA,NA,NA,NA,NA,NA
2026-07-20,KXU3-26JUL,3153.1,NA,NA,NA,NA,NA,NA,0,0,42.85714285714287,9.183673469387756,3.061224489795918,12.244897959183673,NA,0,1.0204081632653061,1.0204081632653061,NA,NA,NA,27.551020408163257,3.061224489795918,NA,NA,NA,NA,NA,NA,NA,NA,NA
2026-07-20,KXU3-26NOV,11,NA,NA,NA,NA,0,NA,18.367346938775515,2.0408163265306123,5.1020408163265305,17.346938775510203,8.16326530612245,13.26530612244898,NA,0,8.16326530612245,6.122448979591836,NA,NA,NA,11.224489795918368,3.061224489795915,4.081632653061225,3.061224489795918,0,NA,NA,NA,NA,NA,NA
2026-07-20,KXU3-26OCT,4,NA,NA,NA,NA,0,NA,0,0,21.428571428571427,5.10204081632653,8.16326530612245,23.46938775510204,NA,6.122448979591836,2.0408163265306123,12.244897959183673,NA,NA,NA,15.306122448979592,6.122448979591838,0,0,0,NA,NA,NA,NA,NA,NA
2026-07-20,KXU3-26SEP,105,NA,NA,NA,NA,NA,NA,10.204081632653061,4.081632653061225,6.122448979591836,16.3265306122449,10.204081632653061,4.081632653061225,NA,14.285714285714286,6.122448979591836,5.1020408163265305,NA,NA,NA,15.306122448979592,8.16326530612245,0,NA,NA,NA,NA,NA,NA,NA,NA
2026-07-21,KXU3-26AUG,192,NA,NA,NA,NA,0,NA,6.122448979591836,5.1020408163265305,21.428571428571438,17.346938775510203,11.224489795918368,15.306122448979592,NA,NA,NA,5.1020408163265305,NA,NA,NA,12.244897959183666,3.061224489795918,3.061224489795918,0,0,NA,NA,NA,NA,NA,NA
2026-07-21,KXU3-26JUL,3966.86,NA,NA,NA,NA,NA,NA,1.0204081632653061,0,42.85714285714287,10.204081632653063,1.0204081632653061,11.224489795918368,NA,0,1.0204081632653061,1.0204081632653061,NA,NA,NA,29.591836734693867,2.0408163265306123,0,NA,NA,NA,NA,NA,NA,NA,NA
2026-07-21,KXU3-26NOV,5,NA,NA,NA,NA,0,NA,19.387755102040813,2.0408163265306123,5.1020408163265305,17.346938775510203,8.16326530612245,7.142857142857143,NA,0,8.16326530612245,6.122448979591836,NA,NA,NA,17.346938775510203,2.040816326530616,4.081632653061225,3.061224489795918,0,NA,NA,NA,NA,NA,NA
2026-07-21,KXU3-26OCT,0,NA,NA,NA,NA,0,NA,0,0,21.428571428571427,5.10204081632653,8.16326530612245,23.46938775510204,NA,6.122448979591836,2.0408163265306123,12.244897959183673,NA,NA,NA,15.306122448979592,6.122448979591838,0,0,0,NA,NA,NA,NA,NA,NA
2026-07-21,KXU3-26SEP,247,NA,NA,NA,NA,NA,NA,11.224489795918368,4.081632653061225,16.3265306122449,10.204081632653061,16.3265306122449,4.081632653061225,NA,9.183673469387756,7.142857142857143,3.061224489795918,NA,NA,NA,11.224489795918368,7.142857142857143,0,NA,NA,NA,NA,NA,NA,NA,NA
2026-07-22,KXU3-26AUG,1986.51,NA,NA,NA,NA,0,NA,2.0408163265306123,4.081632653061225,20.408163265306122,18.367346938775512,9.183673469387756,12.244897959183673,NA,NA,NA,5.1020408163265305,NA,NA,NA,11.224489795918368,13.26530612244898,1.0204081632653061,3.061224489795918,0,NA,NA,NA,NA,NA,NA
2026-07-22,KXU3-26JUL,2940.92,NA,NA,NA,NA,0,NA,1.0204081632653061,0,44.89795918367346,10.204081632653061,2.0408163265306123,13.26530612244898,NA,0,0,1.0204081632653061,NA,NA,NA,26.53061224489797,1.0204081632653061,0,0,0,NA,NA,NA,NA,NA,NA
2026-07-22,KXU3-26NOV,100,NA,NA,NA,NA,0,NA,19.387755102040813,2.0408163265306123,5.1020408163265305,10.204081632653061,8.16326530612245,7.142857142857143,NA,0,8.16326530612245,6.122448979591836,NA,NA,NA,17.346938775510203,9.183673469387758,4.081632653061225,3.061224489795918,0,NA,NA,NA,NA,NA,NA
2026-07-22,KXU3-26OCT,217,NA,NA,NA,NA,0,NA,5.10204081632653,6.122448979591838,8.16326530612245,5.1020408163265305,8.16326530612245,23.46938775510204,NA,6.122448979591836,2.0408163265306123,12.244897959183673,NA,NA,NA,15.306122448979592,8.16326530612245,0,0,0,NA,NA,NA,NA,NA,NA
2026-07-22,KXU3-26SEP,721,NA,NA,NA,NA,NA,NA,4.081632653061225,0,17.346938775510203,10.204081632653061,6.122448979591836,21.428571428571427,NA,9.183673469387756,2.0408163265306123,1.0204081632653061,NA,NA,NA,10.204081632653061,18.367346938775512,0,NA,NA,NA,NA,NA,NA,NA,NA
2026-07-23,KXU3-26AUG,272,NA,NA,NA,NA,0,NA,2.0408163265306123,4.081632653061225,15.306122448979592,30.612244897959183,5.1020408163265305,12.244897959183673,NA,NA,NA,9.183673469387756,NA,NA,NA,9.183673469387756,8.16326530612245,1.0204081632653061,3.061224489795918,0,NA,NA,NA,NA,NA,NA
2026-07-23,KXU3-26JUL,162.37,NA,NA,NA,NA,0,NA,1.0204081632653061,0,44.89795918367346,9.183673469387756,4.081632653061225,11.224489795918368,NA,0,0,1.0204081632653061,NA,NA,NA,26.53061224489797,2.0408163265306123,0,0,0,NA,NA,NA,NA,NA,NA
2026-07-23,KXU3-26NOV,2,NA,NA,NA,NA,0,NA,12.24489795918367,9.183673469387756,5.1020408163265305,10.204081632653061,8.16326530612245,7.142857142857143,NA,0,8.16326530612245,6.122448979591836,NA,NA,NA,17.346938775510203,9.183673469387758,4.081632653061225,3.061224489795918,0,NA,NA,NA,NA,NA,NA
2026-07-23,KXU3-26OCT,100,NA,NA,NA,NA,0,NA,5.10204081632653,6.122448979591838,8.16326530612245,5.1020408163265305,8.16326530612245,23.46938775510204,NA,6.122448979591836,2.0408163265306123,12.244897959183673,NA,NA,NA,15.306122448979592,8.16326530612245,0,0,0,NA,NA,NA,NA,NA,NA
2026-07-23,KXU3-26SEP,1192,NA,NA,NA,NA,NA,NA,20.408163265306122,4.081632653061225,4.081632653061225,15.306122448979592,8.16326530612245,21.428571428571427,NA,0,9.183673469387756,1.0204081632653061,NA,NA,NA,10.204081632653061,6.122448979591836,0,0,NA,NA,NA,NA,NA,NA,NA
2026-07-24,KXU3-26AUG,13,NA,NA,NA,NA,0,NA,2.0408163265306123,4.081632653061225,15.306122448979592,25.510204081632654,4.081632653061225,13.26530612244898,NA,NA,NA,9.183673469387756,NA,NA,NA,9.183673469387756,13.26530612244898,1.0204081632653061,3.061224489795918,0,NA,NA,NA,NA,NA,NA
2026-07-24,KXU3-26JUL,335.62,NA,NA,NA,NA,0,NA,1.0204081632653061,0,44.89795918367346,10.204081632653061,4.081632653061225,11.224489795918368,NA,0,0,1.0204081632653061,NA,NA,NA,26.53061224489797,1.0204081632653061,0,0,0,NA,NA,NA,NA,NA,NA
2026-07-24,KXU3-26NOV,4,NA,NA,NA,NA,0,NA,12.24489795918367,9.183673469387756,5.1020408163265305,10.204081632653061,8.16326530612245,7.142857142857143,NA,0,8.16326530612245,6.122448979591836,NA,NA,NA,17.346938775510203,9.183673469387758,4.081632653061225,3.061224489795918,0,NA,NA,NA,NA,NA,NA
2026-07-24,KXU3-26OCT,6,NA,NA,NA,NA,0,NA,8.16326530612245,5.10204081632653,14.285714285714286,8.16326530612245,8.16326530612245,23.46938775510204,NA,6.122448979591836,2.0408163265306123,12.244897959183673,NA,NA,NA,1.0204081632653061,5.1020408163265305,6.122448979591838,0,0,NA,NA,NA,NA,NA,NA
2026-07-24,KXU3-26SEP,284,NA,NA,NA,NA,NA,NA,20.408163265306122,4.081632653061225,4.081632653061225,17.34693877551021,8.16326530612245,21.428571428571427,NA,0,9.183673469387756,1.0204081632653061,NA,NA,NA,10.204081632653061,4.081632653061221,0,0,NA,NA,NA,NA,NA,NA,NA
2026-07-25,KXU3-26AUG,159,NA,NA,NA,NA,0,NA,2.0408163265306123,4.081632653061225,12.244897959183673,30.612244897959183,6.122448979591836,20.408163265306122,NA,NA,NA,0,NA,NA,NA,12.244897959183673,8.16326530612245,1.0204081632653061,3.061224489795918,0,NA,NA,NA,NA,NA,NA
2026-07-25,KXU3-26JUL,415.53000000000003,NA,NA,NA,NA,0,NA,1.0204081632653061,0,43.877551020408156,10.204081632653063,2.0408163265306123,10.204081632653061,NA,0,0,1.0204081632653061,NA,NA,NA,29.591836734693885,2.0408163265306123,0,0,0,NA,NA,NA,NA,NA,NA
2026-07-25,KXU3-26NOV,126,NA,NA,NA,NA,0,NA,12.24489795918367,9.183673469387756,13.26530612244898,10.204081632653061,8.16326530612245,7.142857142857143,NA,0,8.16326530612245,6.122448979591836,NA,NA,NA,9.183673469387756,9.183673469387758,4.081632653061225,3.061224489795918,0,NA,NA,NA,NA,NA,NA
2026-07-25,KXU3-26OCT,168,NA,NA,NA,NA,0,NA,8.16326530612245,5.10204081632653,14.285714285714286,8.16326530612245,8.16326530612245,23.46938775510204,NA,7.142857142857143,5.1020408163265305,8.16326530612245,NA,NA,NA,1.0204081632653061,5.1020408163265305,6.122448979591838,0,0,NA,NA,NA,NA,NA,NA
2026-07-25,KXU3-26SEP,14,NA,NA,NA,NA,NA,NA,20.408163265306122,4.081632653061225,4.081632653061225,13.26530612244898,8.16326530612245,16.3265306122449,NA,0,9.183673469387756,1.0204081632653061,NA,NA,NA,15.306122448979592,8.16326530612245,0,0,NA,NA,NA,NA,NA,NA,NA
2026-07-26,KXU3-26AUG,249,NA,NA,NA,NA,0,NA,2.0408163265306123,4.081632653061225,10.204081632653061,26.53061224489796,6.122448979591836,9.183673469387756,NA,NA,NA,0,NA,NA,NA,23.46938775510204,14.285714285714286,1.0204081632653061,3.061224489795918,0,NA,NA,NA,NA,NA,NA
2026-07-26,KXU3-26JUL,3313.96,NA,NA,NA,NA,0,NA,2.0408163265306123,0,44.89795918367347,11.224489795918368,3.061224489795918,9.183673469387756,NA,0,0,1.0204081632653061,NA,NA,NA,27.551020408163264,1.0204081632653061,0,0,0,NA,NA,NA,NA,NA,NA
2026-07-26,KXU3-26NOV,0,NA,NA,NA,NA,0,NA,12.24489795918367,9.183673469387756,13.26530612244898,10.204081632653061,8.16326530612245,7.142857142857143,NA,0,8.16326530612245,6.122448979591836,NA,NA,NA,9.183673469387756,9.183673469387758,4.081632653061225,3.061224489795918,0,NA,NA,NA,NA,NA,NA
2026-07-26,KXU3-26OCT,0,NA,NA,NA,NA,0,NA,8.16326530612245,5.10204081632653,14.285714285714286,8.16326530612245,8.16326530612245,23.46938775510204,NA,7.142857142857143,5.1020408163265305,8.16326530612245,NA,NA,NA,1.0204081632653061,5.1020408163265305,6.122448979591838,0,0,NA,NA,NA,NA,NA,NA
2026-07-26,KXU3-26SEP,0,NA,NA,NA,NA,NA,NA,20.408163265306122,4.081632653061225,4.081632653061225,13.26530612244898,8.16326530612245,16.3265306122449,NA,0,9.183673469387756,1.0204081632653061,NA,NA,NA,15.306122448979592,8.16326530612245,0,0,NA,NA,NA,NA,NA,NA,NA
2026-07-27,KXU3-26AUG,373,NA,NA,NA,NA,0,NA,2.0408163265306123,4.081632653061225,17.346938775510203,34.69387755102041,6.122448979591836,15.306122448979592,NA,NA,NA,0,NA,NA,NA,10.204081632653061,6.122448979591836,1.0204081632653061,3.061224489795918,0,NA,NA,NA,NA,NA,NA
2026-07-27,KXU3-26JUL,213.04,NA,NA,NA,NA,0,NA,2.0408163265306123,0,44.89795918367347,10.204081632653061,3.061224489795918,9.183673469387756,NA,0,0,1.0204081632653061,NA,NA,NA,27.551020408163264,2.0408163265306123,0,0,0,NA,NA,NA,NA,NA,NA
2026-07-27,KXU3-26NOV,3,NA,NA,NA,NA,0,NA,12.24489795918367,9.183673469387756,7.1428571428571495,10.204081632653061,8.16326530612245,7.142857142857143,NA,0,8.16326530612245,6.122448979591836,NA,NA,NA,15.306122448979584,9.183673469387758,4.081632653061225,3.061224489795918,0,NA,NA,NA,NA,NA,NA
2026-07-27,KXU3-26OCT,0,NA,NA,NA,NA,0,NA,8.16326530612245,5.10204081632653,14.285714285714286,8.16326530612245,8.16326530612245,23.46938775510204,NA,7.142857142857143,5.1020408163265305,8.16326530612245,NA,NA,NA,1.0204081632653061,5.1020408163265305,6.122448979591838,0,0,NA,NA,NA,NA,NA,NA
2026-07-27,KXU3-26SEP,12,NA,NA,NA,NA,NA,NA,20.408163265306122,4.081632653061225,10.204081632653061,12.24489795918367,8.16326530612245,16.3265306122449,NA,0,9.183673469387756,1.0204081632653061,NA,NA,NA,15.306122448979592,3.0612244897959218,0,0,NA,NA,NA,NA,NA,NA,NA
2026-07-28,KXU3-26AUG,465,NA,NA,NA,NA,0,NA,2.0408163265306123,4.081632653061225,17.346938775510203,34.69387755102041,4.081632653061225,3.061224489795918,NA,NA,5.1020408163265305,4.081632653061225,NA,NA,NA,17.346938775510203,4.081632653061225,1.0204081632653061,3.061224489795918,0,NA,NA,NA,NA,NA,NA
2026-07-28,KXU3-26JUL,551.67,NA,NA,NA,NA,0,NA,2.0408163265306123,0,45.91836734693877,11.224489795918368,3.061224489795918,9.183673469387756,NA,0,0,1.0204081632653061,NA,NA,NA,26.53061224489796,1.0204081632653061,0,0,0,NA,NA,NA,NA,NA,NA
2026-07-28,KXU3-26NOV,18,NA,NA,NA,NA,0,NA,12.24489795918367,9.183673469387756,7.1428571428571495,10.204081632653061,8.16326530612245,6.122448979591836,NA,0,8.16326530612245,6.122448979591836,NA,NA,NA,16.32653061224489,9.183673469387758,4.081632653061225,3.061224489795918,0,NA,NA,NA,NA,NA,NA
2026-07-28,KXU3-26OCT,3,NA,NA,NA,NA,0,NA,5.1020408163265305,8.16326530612245,8.163265306122456,14.285714285714286,8.16326530612245,8.16326530612245,NA,0,7.142857142857143,5.1020408163265305,NA,NA,NA,16.32653061224489,8.16326530612245,5.10204081632653,6.122448979591838,0,NA,NA,NA,NA,NA,NA
2026-07-28,KXU3-26SEP,2,NA,NA,NA,NA,NA,NA,20.408163265306122,4.081632653061225,5.1020408163265305,17.3469387755102,8.16326530612245,16.3265306122449,NA,0,9.183673469387756,1.0204081632653061,NA,NA,NA,15.306122448979592,3.0612244897959218,0,0,NA,NA,NA,NA,NA,NA,NA
2026-07-29,KXU3-26AUG,110,NA,NA,NA,NA,0,NA,2.0408163265306123,4.081632653061225,10.204081632653061,34.69387755102041,5.1020408163265305,1.0204081632653061,NA,4.081632653061225,1.0204081632653061,5.1020408163265305,NA,NA,NA,24.489795918367346,4.081632653061225,1.0204081632653061,3.061224489795918,0,NA,NA,NA,NA,NA,NA
2026-07-29,KXU3-26JUL,13357.85,NA,NA,NA,NA,0,NA,0,0,48.97959183673469,9.183673469387756,2.0408163265306123,7.142857142857143,NA,0,0,1.0204081632653061,NA,NA,NA,29.591836734693878,2.0408163265306123,0,0,0,NA,NA,NA,NA,NA,NA
2026-07-29,KXU3-26NOV,4,NA,NA,NA,NA,0,NA,12.24489795918367,9.183673469387756,7.1428571428571495,10.204081632653061,8.16326530612245,6.122448979591836,NA,0,8.16326530612245,6.122448979591836,NA,NA,NA,16.32653061224489,9.183673469387758,4.081632653061225,3.061224489795918,0,NA,NA,NA,NA,NA,NA
2026-07-29,KXU3-26OCT,0,NA,NA,NA,NA,0,NA,5.1020408163265305,8.16326530612245,8.163265306122456,14.285714285714286,8.16326530612245,8.16326530612245,NA,0,7.142857142857143,5.1020408163265305,NA,NA,NA,16.32653061224489,8.16326530612245,5.10204081632653,6.122448979591838,0,NA,NA,NA,NA,NA,NA
2026-07-29,KXU3-26SEP,1507,NA,NA,NA,NA,NA,NA,4.081632653061225,0,10.204081632653068,28.571428571428573,2.0408163265306123,19.387755102040817,NA,0,8.16326530612245,2.0408163265306123,NA,NA,NA,13.265306122448973,12.244897959183673,0,0,NA,NA,NA,NA,NA,NA,NA
2026-07-30,KXU3-26AUG,488.67,NA,NA,NA,NA,0,NA,1.0204081632653061,3.061224489795918,21.428571428571427,27.551020408163264,4.081632653061225,1.0204081632653061,NA,4.081632653061225,1.0204081632653061,6.122448979591836,NA,NA,NA,20.408163265306122,6.122448979591836,1.0204081632653061,3.061224489795918,0,NA,NA,NA,NA,NA,NA
2026-07-30,KXU3-26JUL,18753.99,NA,NA,NA,NA,0,NA,0,0,48.979591836734684,8.16326530612245,0,11.224489795918368,NA,0,0,0,NA,NA,NA,31.6326530612245,0,0,0,0,NA,NA,NA,NA,NA,NA
2026-07-30,KXU3-26NOV,0,NA,NA,NA,NA,0,NA,12.24489795918367,9.183673469387756,7.1428571428571495,10.204081632653061,8.16326530612245,6.122448979591836,NA,0,8.16326530612245,6.122448979591836,NA,NA,NA,16.32653061224489,9.183673469387758,4.081632653061225,3.061224489795918,0,NA,NA,NA,NA,NA,NA
2026-07-30,KXU3-26OCT,2,NA,NA,NA,NA,0,NA,5.1020408163265305,8.16326530612245,8.163265306122456,14.285714285714286,4.081632653061225,12.244897959183673,NA,0,7.142857142857143,5.1020408163265305,NA,NA,NA,16.32653061224489,8.16326530612245,5.10204081632653,6.122448979591838,0,NA,NA,NA,NA,NA,NA
2026-07-30,KXU3-26SEP,298,NA,NA,NA,NA,NA,NA,4.081632653061225,0,12.244897959183666,28.571428571428573,1.0204081632653061,13.26530612244898,NA,0,8.16326530612245,2.0408163265306123,NA,NA,NA,18.367346938775515,12.244897959183673,0,0,NA,NA,NA,NA,NA,NA,NA
2026-07-31,KXU3-26AUG,520.74,NA,NA,NA,NA,0,NA,1.0204081632653061,3.061224489795918,21.428571428571427,26.53061224489796,5.1020408163265305,9.183673469387756,NA,0,4.081632653061225,1.0204081632653061,NA,NA,NA,18.367346938775512,6.122448979591836,1.0204081632653061,3.061224489795918,0,NA,NA,NA,NA,NA,NA
2026-07-31,KXU3-26JUL,32336.539999999997,NA,NA,NA,NA,0,NA,0,0,47.9591836734694,7.142857142857143,2.0408163265306123,13.26530612244898,NA,0,0,0,NA,NA,NA,28.571428571428562,1.0204081632653061,0,0,0,NA,NA,NA,NA,NA,NA
2026-07-31,KXU3-26NOV,1,NA,NA,NA,NA,0,NA,12.24489795918367,9.183673469387756,4.081632653061232,13.26530612244898,8.16326530612245,6.122448979591836,NA,0,8.16326530612245,6.122448979591836,NA,NA,NA,16.32653061224489,9.183673469387758,4.081632653061225,3.061224489795918,0,NA,NA,NA,NA,NA,NA
2026-07-31,KXU3-26OCT,0,NA,NA,NA,NA,0,NA,5.1020408163265305,8.16326530612245,8.163265306122456,14.285714285714286,4.081632653061225,12.244897959183673,NA,0,7.142857142857143,5.1020408163265305,NA,NA,NA,16.32653061224489,8.16326530612245,5.10204081632653,6.122448979591838,0,NA,NA,NA,NA,NA,NA
2026-07-31,KXU3-26SEP,0,NA,NA,NA,NA,NA,NA,4.081632653061225,0,12.244897959183666,28.571428571428573,1.0204081632653061,13.26530612244898,NA,0,8.16326530612245,2.0408163265306123,NA,NA,NA,18.367346938775515,12.244897959183673,0,0,NA,NA,NA,NA,NA,NA,NA
2026-08-01,KXU3-26AUG,1010.6700000000001,NA,NA,NA,NA,0,NA,2.0408163265306123,3.061224489795918,19.38775510204081,22.448979591836736,5.1020408163265305,15.306122448979592,NA,0,4.081632653061225,1.0204081632653061,NA,NA,NA,16.326530612244905,4.081632653061225,3.061224489795918,1.0204081632653061,3.061224489795918,NA,NA,NA,NA,NA,NA
2026-08-01,KXU3-26JUL,26328.25,NA,NA,NA,NA,0,NA,0,0,34.69387755102041,7.142857142857143,6.122448979591836,23.46938775510204,NA,0,0,2.0408163265306123,NA,NA,NA,24.489795918367346,2.0408163265306123,0,0,0,NA,NA,NA,NA,NA,NA
2026-08-01,KXU3-26NOV,79,NA,NA,NA,NA,0,NA,11.224489795918362,1.0204081632653061,2.0408163265306123,12.244897959183673,8.16326530612245,6.122448979591836,NA,0,8.16326530612245,6.122448979591836,NA,NA,NA,18.367346938775512,10.204081632653065,9.183673469387756,4.081632653061225,3.061224489795918,NA,NA,NA,NA,NA,NA
2026-08-01,KXU3-26OCT,100,NA,NA,NA,NA,0,NA,5.1020408163265305,8.16326530612245,8.163265306122456,14.285714285714286,4.081632653061225,12.244897959183673,NA,0,7.142857142857143,5.1020408163265305,NA,NA,NA,16.32653061224489,8.16326530612245,5.10204081632653,6.122448979591838,0,NA,NA,NA,NA,NA,NA
2026-08-01,KXU3-26SEP,72,NA,NA,NA,NA,0,NA,1.0204081632653061,3.061224489795918,12.244897959183666,28.571428571428573,1.0204081632653061,13.26530612244898,NA,0,8.16326530612245,2.0408163265306123,NA,NA,NA,18.367346938775515,12.244897959183673,0,0,0,NA,NA,NA,NA,NA,NA
2026-08-02,KXU3-26AUG,702,NA,NA,NA,NA,0,NA,3.061224489795918,3.061224489795918,17.346938775510203,34.69387755102041,1.0204081632653061,6.122448979591836,NA,4.081632653061225,1.0204081632653061,7.142857142857143,NA,NA,NA,17.346938775510203,1.0204081632653061,1.0204081632653061,3.061224489795918,0,NA,NA,NA,NA,NA,NA
2026-08-02,KXU3-26JUL,39907.23,NA,NA,NA,NA,0,NA,1.0204081632653061,0,35.714285714285715,5.1020408163265305,7.142857142857143,27.551020408163264,NA,0,1.0204081632653061,1.0204081632653061,NA,NA,NA,20.408163265306122,1.0204081632653061,0,0,0,NA,NA,NA,NA,NA,NA
2026-08-02,KXU3-26NOV,195,NA,NA,NA,NA,0,NA,11.224489795918362,1.0204081632653061,3.061224489795918,12.244897959183673,8.16326530612245,6.122448979591836,NA,7.142857142857143,1.0204081632653061,6.122448979591836,NA,NA,NA,17.346938775510203,10.204081632653065,9.183673469387756,4.081632653061225,3.061224489795918,NA,NA,NA,NA,NA,NA
2026-08-02,KXU3-26OCT,41,NA,NA,NA,NA,0,NA,5.1020408163265305,8.16326530612245,8.163265306122456,14.285714285714286,4.081632653061225,12.244897959183673,NA,0,7.142857142857143,5.1020408163265305,NA,NA,NA,16.32653061224489,8.16326530612245,5.10204081632653,6.122448979591838,0,NA,NA,NA,NA,NA,NA
2026-08-02,KXU3-26SEP,929,NA,NA,NA,NA,0,NA,3.061224489795918,1.0204081632653061,17.346938775510196,23.46938775510204,4.081632653061225,10.204081632653061,NA,0,8.16326530612245,2.0408163265306123,NA,NA,NA,18.367346938775515,9.183673469387756,3.061224489795918,0,0,NA,NA,NA,NA,NA,NA
2026-08-03,KXU3-26AUG,255.57999999999998,NA,NA,NA,NA,0,NA,3.061224489795918,3.061224489795918,17.346938775510203,29.591836734693878,4.081632653061225,10.204081632653061,NA,0,4.081632653061225,1.0204081632653061,NA,NA,NA,17.346938775510203,6.122448979591836,1.0204081632653061,3.061224489795918,0,NA,NA,NA,NA,NA,NA
2026-08-03,KXU3-26JUL,32689.829999999998,NA,NA,NA,NA,0,NA,0,0,36.734693877551024,5.1020408163265305,7.142857142857143,24.489795918367346,NA,0,0,2.0408163265306123,NA,NA,NA,22.448979591836736,2.0408163265306123,0,0,0,NA,NA,NA,NA,NA,NA
2026-08-03,KXU3-26NOV,0,NA,NA,NA,NA,0,NA,11.224489795918362,1.0204081632653061,3.061224489795918,12.244897959183673,8.16326530612245,6.122448979591836,NA,7.142857142857143,1.0204081632653061,6.122448979591836,NA,NA,NA,17.346938775510203,10.204081632653065,9.183673469387756,4.081632653061225,3.061224489795918,NA,NA,NA,NA,NA,NA
2026-08-03,KXU3-26OCT,10,NA,NA,NA,NA,0,NA,5.1020408163265305,8.16326530612245,8.163265306122456,14.285714285714286,11.224489795918368,12.244897959183673,NA,0,0,5.1020408163265305,NA,NA,NA,16.32653061224489,8.16326530612245,5.10204081632653,6.122448979591838,0,NA,NA,NA,NA,NA,NA
2026-08-03,KXU3-26SEP,1036,NA,NA,NA,NA,0,NA,3.061224489795918,1.0204081632653061,17.346938775510196,17.346938775510203,5.1020408163265305,9.183673469387756,NA,0,8.16326530612245,2.0408163265306123,NA,NA,NA,18.367346938775515,15.306122448979592,3.061224489795918,0,0,NA,NA,NA,NA,NA,NA
2026-08-04,KXU3-26AUG,148,NA,NA,NA,NA,0,NA,3.061224489795918,3.061224489795918,11.22448979591836,30.612244897959183,4.081632653061225,10.204081632653061,NA,0,4.081632653061225,1.0204081632653061,NA,NA,NA,23.46938775510205,5.1020408163265305,1.0204081632653061,3.061224489795918,0,NA,NA,NA,NA,NA,NA
2026-08-04,KXU3-26JUL,76574.34,NA,NA,NA,NA,0,NA,1.0204081632653061,0,31.632653061224488,5.1020408163265305,8.16326530612245,25.510204081632654,NA,0,0,3.061224489795918,NA,NA,NA,24.489795918367346,1.0204081632653061,0,0,0,NA,NA,NA,NA,NA,NA
2026-08-04,KXU3-26NOV,5,NA,NA,NA,NA,0,NA,11.224489795918362,1.0204081632653061,3.061224489795918,12.244897959183673,8.16326530612245,6.122448979591836,NA,7.142857142857143,1.0204081632653061,6.122448979591836,NA,NA,NA,17.346938775510203,10.204081632653065,9.183673469387756,4.081632653061225,3.061224489795918,NA,NA,NA,NA,NA,NA
2026-08-04,KXU3-26SEP,2192.78,NA,NA,NA,NA,0,NA,3.061224489795918,1.0204081632653061,17.346938775510196,16.3265306122449,5.1020408163265305,9.183673469387756,NA,0,8.16326530612245,2.0408163265306123,NA,NA,NA,18.367346938775515,16.3265306122449,3.061224489795918,0,0,NA,NA,NA,NA,NA,NA
2026-08-05,KXU3-26AUG,20,NA,NA,NA,NA,0,NA,3.061224489795918,3.061224489795918,18.367346938775505,23.46938775510204,4.081632653061225,10.204081632653061,NA,0,4.081632653061225,1.0204081632653061,NA,NA,NA,23.46938775510205,5.1020408163265305,1.0204081632653061,3.061224489795918,0,NA,NA,NA,NA,NA,NA
2026-08-05,KXU3-26JUL,22207.57,NA,NA,NA,NA,0,NA,0,0,33.673469387755105,6.122448979591836,7.142857142857143,24.489795918367346,NA,0,0,3.061224489795918,NA,NA,NA,23.46938775510204,2.0408163265306123,0,0,0,NA,NA,NA,NA,NA,NA
2026-08-05,KXU3-26NOV,5,NA,NA,NA,NA,0,NA,11.224489795918362,1.0204081632653061,9.183673469387756,12.244897959183673,8.16326530612245,6.122448979591836,NA,7.142857142857143,1.0204081632653061,6.122448979591836,NA,NA,NA,11.224489795918368,10.204081632653065,9.183673469387756,4.081632653061225,3.061224489795918,NA,NA,NA,NA,NA,NA
2026-08-05,KXU3-26SEP,472.25,NA,NA,NA,NA,0,NA,3.061224489795918,1.0204081632653061,17.346938775510196,19.387755102040817,5.1020408163265305,9.183673469387756,NA,0,8.16326530612245,2.0408163265306123,NA,NA,NA,18.367346938775515,13.26530612244898,3.061224489795918,0,0,NA,NA,NA,NA,NA,NA
