date,contract_preamble,volume,4.9,5,5.1,5.2,5.3,5.4,5.5,5.6,5.7,5.8,5.9,6,6.1,6.2,6.3,6.4,4.7,4.8,4.6,4.3,4.4,4.5,4.2,4,4.1,3.9,3.8,2.4,2.5,2.6,2.7,2.8,2.9,3,3.1,3.2,3.3,3.4,3.5,3.6,3.7,2.3,2.2,2.1,2,1.8,1.9
2022-12-25,CPICOREYOY-22DEC,736,0,40.816326530612244,2.0408163265306194,10.204081632653054,2.0408163265306123,6.122448979591836,38.775510204081634,0,0,0,0,0,0,0,0,0,NA,NA,NA,NA,NA,NA,NA,NA,NA,NA,NA,NA,NA,NA,NA,NA,NA,NA,NA,NA,NA,NA,NA,NA,NA,NA,NA,NA,NA,NA,NA
2023-02-07,CPICOREYOY-23JAN,7,NA,NA,NA,NA,NA,NA,NA,NA,NA,97.95918367346938,0,2.0408163265306123,NA,NA,NA,NA,NA,NA,NA,NA,NA,NA,NA,NA,NA,NA,NA,NA,NA,NA,NA,NA,NA,NA,NA,NA,NA,NA,NA,NA,NA,NA,NA,NA,NA,NA,NA
2023-03-01,CPICOREYOY-23FEB,100,NA,1.0204081632653061,98.9795918367347,NA,NA,NA,NA,NA,NA,NA,NA,NA,NA,NA,NA,NA,NA,NA,NA,NA,NA,NA,NA,NA,NA,NA,NA,NA,NA,NA,NA,NA,NA,NA,NA,NA,NA,NA,NA,NA,NA,NA,NA,NA,NA,NA,NA
2023-03-02,CPICOREYOY-23FEB,0,NA,1.0204081632653061,98.9795918367347,NA,NA,NA,NA,NA,NA,NA,NA,NA,NA,NA,NA,NA,NA,NA,NA,NA,NA,NA,NA,NA,NA,NA,NA,NA,NA,NA,NA,NA,NA,NA,NA,NA,NA,NA,NA,NA,NA,NA,NA,NA,NA,NA,NA
2023-03-03,CPICOREYOY-23FEB,0,NA,1.0204081632653061,98.9795918367347,NA,NA,NA,NA,NA,NA,NA,NA,NA,NA,NA,NA,NA,NA,NA,NA,NA,NA,NA,NA,NA,NA,NA,NA,NA,NA,NA,NA,NA,NA,NA,NA,NA,NA,NA,NA,NA,NA,NA,NA,NA,NA,NA,NA
2023-03-04,CPICOREYOY-23FEB,0,NA,1.0204081632653061,98.9795918367347,NA,NA,NA,NA,NA,NA,NA,NA,NA,NA,NA,NA,NA,NA,NA,NA,NA,NA,NA,NA,NA,NA,NA,NA,NA,NA,NA,NA,NA,NA,NA,NA,NA,NA,NA,NA,NA,NA,NA,NA,NA,NA,NA,NA
2023-03-05,CPICOREYOY-23FEB,0,NA,1.0204081632653061,98.9795918367347,NA,NA,NA,NA,NA,NA,NA,NA,NA,NA,NA,NA,NA,NA,NA,NA,NA,NA,NA,NA,NA,NA,NA,NA,NA,NA,NA,NA,NA,NA,NA,NA,NA,NA,NA,NA,NA,NA,NA,NA,NA,NA,NA,NA
2023-03-06,CPICOREYOY-23FEB,1,NA,0,0,1.0204081632653061,41.83673469387756,57.14285714285713,NA,NA,NA,NA,NA,NA,NA,NA,NA,NA,NA,NA,NA,NA,NA,NA,NA,NA,NA,NA,NA,NA,NA,NA,NA,NA,NA,NA,NA,NA,NA,NA,NA,NA,NA,NA,NA,NA,NA,NA,NA
2023-03-07,CPICOREYOY-23FEB,0,NA,0,0,1.0204081632653061,41.83673469387756,57.14285714285713,NA,NA,NA,NA,NA,NA,NA,NA,NA,NA,NA,NA,NA,NA,NA,NA,NA,NA,NA,NA,NA,NA,NA,NA,NA,NA,NA,NA,NA,NA,NA,NA,NA,NA,NA,NA,NA,NA,NA,NA,NA
2023-03-08,CPICOREYOY-23FEB,0,NA,0,0,1.0204081632653061,41.83673469387756,57.14285714285713,NA,NA,NA,NA,NA,NA,NA,NA,NA,NA,NA,NA,NA,NA,NA,NA,NA,NA,NA,NA,NA,NA,NA,NA,NA,NA,NA,NA,NA,NA,NA,NA,NA,NA,NA,NA,NA,NA,NA,NA,NA
2023-03-09,CPICOREYOY-23FEB,0,NA,0,0,1.0204081632653061,41.83673469387756,57.14285714285713,NA,NA,NA,NA,NA,NA,NA,NA,NA,NA,NA,NA,NA,NA,NA,NA,NA,NA,NA,NA,NA,NA,NA,NA,NA,NA,NA,NA,NA,NA,NA,NA,NA,NA,NA,NA,NA,NA,NA,NA,NA
2023-03-10,CPICOREYOY-23FEB,1600,NA,0,0,1.0204081632653061,41.83673469387756,55.10204081632652,2.0408163265306123,0,0,NA,NA,NA,NA,NA,NA,NA,NA,NA,NA,NA,NA,NA,NA,NA,NA,NA,NA,NA,NA,NA,NA,NA,NA,NA,NA,NA,NA,NA,NA,NA,NA,NA,NA,NA,NA,NA,NA
2023-03-11,CPICOREYOY-23FEB,194,NA,0,0,1.0204081632653061,41.83673469387756,29.591836734693867,26.530612244897963,1.0204081632653061,0,NA,NA,NA,NA,NA,NA,NA,NA,NA,NA,NA,NA,NA,NA,NA,NA,NA,NA,NA,NA,NA,NA,NA,NA,NA,NA,NA,NA,NA,NA,NA,NA,NA,NA,NA,NA,NA,NA
2023-03-12,CPICOREYOY-23FEB,0,NA,0,0,1.0204081632653061,41.83673469387756,29.591836734693867,26.530612244897963,1.0204081632653061,0,NA,NA,NA,NA,NA,NA,NA,NA,NA,NA,NA,NA,NA,NA,NA,NA,NA,NA,NA,NA,NA,NA,NA,NA,NA,NA,NA,NA,NA,NA,NA,NA,NA,NA,NA,NA,NA,NA
2023-03-13,CPICOREYOY-23FEB,5,NA,0,1.0204081632653061,3.061224489795918,38.77551020408164,29.591836734693867,26.530612244897963,1.0204081632653061,0,NA,NA,NA,NA,NA,NA,NA,NA,NA,NA,NA,NA,NA,NA,NA,NA,NA,NA,NA,NA,NA,NA,NA,NA,NA,NA,NA,NA,NA,NA,NA,NA,NA,NA,NA,NA,NA,NA
2023-03-13,CPICOREYOY-23MAR,0,NA,NA,NA,77.55102040816327,13.26530612244898,5.1020408163265305,4.081632653061225,NA,NA,NA,NA,NA,NA,NA,NA,NA,NA,NA,NA,NA,NA,NA,NA,NA,NA,NA,NA,NA,NA,NA,NA,NA,NA,NA,NA,NA,NA,NA,NA,NA,NA,NA,NA,NA,NA,NA,NA
2023-03-14,CPICOREYOY-23FEB,2539,NA,1.0204081632653061,4.081632653061225,8.16326530612245,29.591836734693885,33.67346938775509,16.3265306122449,6.122448979591836,1.0204081632653061,NA,NA,NA,NA,NA,NA,NA,NA,NA,NA,NA,NA,NA,NA,NA,NA,NA,NA,NA,NA,NA,NA,NA,NA,NA,NA,NA,NA,NA,NA,NA,NA,NA,NA,NA,NA,NA,NA
2023-03-14,CPICOREYOY-23MAR,0,NA,NA,NA,77.55102040816327,13.26530612244898,5.1020408163265305,4.081632653061225,NA,NA,NA,NA,NA,NA,NA,NA,NA,NA,NA,NA,NA,NA,NA,NA,NA,NA,NA,NA,NA,NA,NA,NA,NA,NA,NA,NA,NA,NA,NA,NA,NA,NA,NA,NA,NA,NA,NA,NA
2023-03-15,CPICOREYOY-23MAR,100,NA,NA,NA,30.612244897959183,24.489795918367346,40.816326530612244,4.081632653061225,NA,NA,NA,NA,NA,NA,NA,NA,NA,NA,NA,NA,NA,NA,NA,NA,NA,NA,NA,NA,NA,NA,NA,NA,NA,NA,NA,NA,NA,NA,NA,NA,NA,NA,NA,NA,NA,NA,NA,NA
2023-03-16,CPICOREYOY-23MAR,1329,NA,16.3265306122449,59.183673469387756,11.224489795918364,13.265306122448981,0,0,NA,NA,NA,NA,NA,NA,NA,NA,NA,NA,NA,NA,NA,NA,NA,NA,NA,NA,NA,NA,NA,NA,NA,NA,NA,NA,NA,NA,NA,NA,NA,NA,NA,NA,NA,NA,NA,NA,NA,NA
2023-03-17,CPICOREYOY-23MAR,10,NA,16.3265306122449,55.10204081632653,14.285714285714281,14.285714285714286,0,0,NA,NA,NA,NA,NA,NA,NA,NA,NA,NA,NA,NA,NA,NA,NA,NA,NA,NA,NA,NA,NA,NA,NA,NA,NA,NA,NA,NA,NA,NA,NA,NA,NA,NA,NA,NA,NA,NA,NA,NA
2023-03-18,CPICOREYOY-23MAR,46,NA,16.3265306122449,7.142857142857143,47.95918367346939,14.285714285714281,14.285714285714286,0,NA,NA,NA,NA,NA,NA,NA,NA,NA,NA,NA,NA,NA,NA,NA,NA,NA,NA,NA,NA,NA,NA,NA,NA,NA,NA,NA,NA,NA,NA,NA,NA,NA,NA,NA,NA,NA,NA,NA,NA
2023-03-19,CPICOREYOY-23MAR,0,NA,16.3265306122449,7.142857142857143,47.95918367346939,14.285714285714281,14.285714285714286,0,NA,NA,NA,NA,NA,NA,NA,NA,NA,NA,NA,NA,NA,NA,NA,NA,NA,NA,NA,NA,NA,NA,NA,NA,NA,NA,NA,NA,NA,NA,NA,NA,NA,NA,NA,NA,NA,NA,NA,NA
2023-03-20,CPICOREYOY-23MAR,10,NA,16.3265306122449,7.142857142857143,47.95918367346939,14.285714285714281,14.285714285714286,0,NA,NA,NA,NA,NA,NA,NA,NA,NA,NA,NA,NA,NA,NA,NA,NA,NA,NA,NA,NA,NA,NA,NA,NA,NA,NA,NA,NA,NA,NA,NA,NA,NA,NA,NA,NA,NA,NA,NA,NA
2023-03-21,CPICOREYOY-23MAR,0,NA,16.3265306122449,7.142857142857143,47.95918367346939,14.285714285714281,14.285714285714286,0,NA,NA,NA,NA,NA,NA,NA,NA,NA,NA,NA,NA,NA,NA,NA,NA,NA,NA,NA,NA,NA,NA,NA,NA,NA,NA,NA,NA,NA,NA,NA,NA,NA,NA,NA,NA,NA,NA,NA,NA
2023-03-22,CPICOREYOY-23MAR,55,NA,16.3265306122449,8.16326530612245,18.367346938775515,30.612244897959176,12.244897959183673,14.285714285714286,NA,NA,NA,NA,NA,NA,NA,NA,NA,NA,NA,NA,NA,NA,NA,NA,NA,NA,NA,NA,NA,NA,NA,NA,NA,NA,NA,NA,NA,NA,NA,NA,NA,NA,NA,NA,NA,NA,NA,NA
2023-03-23,CPICOREYOY-23MAR,0,NA,16.3265306122449,8.16326530612245,18.367346938775515,30.612244897959176,12.244897959183673,14.285714285714286,NA,NA,NA,NA,NA,NA,NA,NA,NA,NA,NA,NA,NA,NA,NA,NA,NA,NA,NA,NA,NA,NA,NA,NA,NA,NA,NA,NA,NA,NA,NA,NA,NA,NA,NA,NA,NA,NA,NA,NA
2023-03-24,CPICOREYOY-23MAR,0,NA,16.3265306122449,8.16326530612245,18.367346938775515,30.612244897959176,12.244897959183673,14.285714285714286,NA,NA,NA,NA,NA,NA,NA,NA,NA,NA,NA,NA,NA,NA,NA,NA,NA,NA,NA,NA,NA,NA,NA,NA,NA,NA,NA,NA,NA,NA,NA,NA,NA,NA,NA,NA,NA,NA,NA,NA
2023-03-25,CPICOREYOY-23MAR,0,NA,16.3265306122449,8.16326530612245,18.367346938775515,30.612244897959176,12.244897959183673,14.285714285714286,NA,NA,NA,NA,NA,NA,NA,NA,NA,NA,NA,NA,NA,NA,NA,NA,NA,NA,NA,NA,NA,NA,NA,NA,NA,NA,NA,NA,NA,NA,NA,NA,NA,NA,NA,NA,NA,NA,NA,NA
2023-03-26,CPICOREYOY-23MAR,0,NA,16.3265306122449,8.16326530612245,18.367346938775515,30.612244897959176,12.244897959183673,14.285714285714286,NA,NA,NA,NA,NA,NA,NA,NA,NA,NA,NA,NA,NA,NA,NA,NA,NA,NA,NA,NA,NA,NA,NA,NA,NA,NA,NA,NA,NA,NA,NA,NA,NA,NA,NA,NA,NA,NA,NA,NA
2023-03-27,CPICOREYOY-23MAR,50,NA,10.204081632653061,14.285714285714286,18.367346938775515,30.612244897959176,12.244897959183673,14.285714285714286,NA,NA,NA,NA,NA,NA,NA,NA,NA,NA,NA,NA,NA,NA,NA,NA,NA,NA,NA,NA,NA,NA,NA,NA,NA,NA,NA,NA,NA,NA,NA,NA,NA,NA,NA,NA,NA,NA,NA,NA
2023-03-28,CPICOREYOY-23MAR,4080,NA,4.081632653061225,12.244897959183673,26.53061224489797,30.612244897959176,12.244897959183673,14.285714285714286,NA,NA,NA,NA,NA,NA,NA,NA,NA,NA,NA,NA,NA,NA,NA,NA,NA,NA,NA,NA,NA,NA,NA,NA,NA,NA,NA,NA,NA,NA,NA,NA,NA,NA,NA,NA,NA,NA,NA,NA
2023-03-29,CPICOREYOY-23MAR,1,NA,4.081632653061225,12.244897959183673,26.53061224489797,35.71428571428571,7.142857142857143,14.285714285714286,NA,NA,NA,NA,NA,NA,NA,NA,NA,NA,NA,NA,NA,NA,NA,NA,NA,NA,NA,NA,NA,NA,NA,NA,NA,NA,NA,NA,NA,NA,NA,NA,NA,NA,NA,NA,NA,NA,NA,NA
2023-03-30,CPICOREYOY-23MAR,303,NA,4.081632653061225,12.244897959183673,20.408163265306122,38.775510204081634,11.224489795918364,13.265306122448981,NA,NA,NA,NA,NA,NA,NA,NA,NA,NA,NA,NA,NA,NA,NA,NA,NA,NA,NA,NA,NA,NA,NA,NA,NA,NA,NA,NA,NA,NA,NA,NA,NA,NA,NA,NA,NA,NA,NA,NA
2023-03-31,CPICOREYOY-23MAR,310,NA,4.081632653061225,12.244897959183673,19.387755102040817,38.775510204081634,12.244897959183671,13.265306122448981,NA,NA,NA,NA,NA,NA,NA,NA,NA,NA,NA,NA,NA,NA,NA,NA,NA,NA,NA,NA,NA,NA,NA,NA,NA,NA,NA,NA,NA,NA,NA,NA,NA,NA,NA,NA,NA,NA,NA,NA
2023-04-01,CPICOREYOY-23MAR,0,NA,4.081632653061225,12.244897959183673,19.387755102040817,38.775510204081634,12.244897959183671,13.265306122448981,NA,NA,NA,NA,NA,NA,NA,NA,NA,NA,NA,NA,NA,NA,NA,NA,NA,NA,NA,NA,NA,NA,NA,NA,NA,NA,NA,NA,NA,NA,NA,NA,NA,NA,NA,NA,NA,NA,NA,NA
2023-04-02,CPICOREYOY-23MAR,20,NA,4.081632653061225,12.244897959183673,19.387755102040817,38.775510204081634,11.224489795918368,8.163265306122447,6.122448979591838,NA,NA,NA,NA,NA,NA,NA,NA,NA,NA,NA,NA,NA,NA,NA,NA,NA,NA,NA,NA,NA,NA,NA,NA,NA,NA,NA,NA,NA,NA,NA,NA,NA,NA,NA,NA,NA,NA,NA
2023-04-03,CPICOREYOY-23MAR,15318,NA,0,3.061224489795918,7.142857142857143,11.224489795918368,13.26530612244898,27.551020408163264,37.755102040816325,NA,NA,NA,NA,NA,NA,NA,NA,NA,NA,NA,NA,NA,NA,NA,NA,NA,NA,NA,NA,NA,NA,NA,NA,NA,NA,NA,NA,NA,NA,NA,NA,NA,NA,NA,NA,NA,NA,NA
2023-04-04,CPICOREYOY-23MAR,261,NA,0,0,2.0408163265306123,19.387755102040817,10.204081632653061,18.367346938775512,50,NA,NA,NA,NA,NA,NA,NA,NA,NA,NA,NA,NA,NA,NA,NA,NA,NA,NA,NA,NA,NA,NA,NA,NA,NA,NA,NA,NA,NA,NA,NA,NA,NA,NA,NA,NA,NA,NA,NA
2023-04-05,CPICOREYOY-23MAR,53,NA,0,0,2.0408163265306123,19.387755102040817,9.183673469387756,19.387755102040817,50,NA,NA,NA,NA,NA,NA,NA,NA,NA,NA,NA,NA,NA,NA,NA,NA,NA,NA,NA,NA,NA,NA,NA,NA,NA,NA,NA,NA,NA,NA,NA,NA,NA,NA,NA,NA,NA,NA,NA
2023-04-06,CPICOREYOY-23MAR,0,NA,0,0,2.0408163265306123,19.387755102040817,9.183673469387756,19.387755102040817,50,NA,NA,NA,NA,NA,NA,NA,NA,NA,NA,NA,NA,NA,NA,NA,NA,NA,NA,NA,NA,NA,NA,NA,NA,NA,NA,NA,NA,NA,NA,NA,NA,NA,NA,NA,NA,NA,NA,NA
2023-04-07,CPICOREYOY-23MAR,1344,NA,0,0,4.081632653061225,6.122448979591836,7.142857142857143,19.387755102040817,61.224489795918366,2.0408163265306123,0,NA,NA,NA,NA,NA,NA,NA,NA,NA,NA,NA,NA,NA,NA,NA,NA,NA,NA,NA,NA,NA,NA,NA,NA,NA,NA,NA,NA,NA,NA,NA,NA,NA,NA,NA,NA,NA
2023-04-08,CPICOREYOY-23MAR,856,NA,0,0,1.0204081632653061,9.183673469387756,7.142857142857143,20.408163265306122,51.02040816326531,9.183673469387756,2.0408163265306123,NA,NA,NA,NA,NA,NA,NA,NA,NA,NA,NA,NA,NA,NA,NA,NA,NA,NA,NA,NA,NA,NA,NA,NA,NA,NA,NA,NA,NA,NA,NA,NA,NA,NA,NA,NA,NA
2023-04-09,CPICOREYOY-23MAR,1317,NA,0,0,1.0204081632653061,9.183673469387756,8.16326530612245,16.3265306122449,55.10204081632653,8.16326530612245,2.0408163265306123,NA,NA,NA,NA,NA,NA,NA,NA,NA,NA,NA,NA,NA,NA,NA,NA,NA,NA,NA,NA,NA,NA,NA,NA,NA,NA,NA,NA,NA,NA,NA,NA,NA,NA,NA,NA,NA
2023-04-10,CPICOREYOY-23APR,340,NA,NA,NA,NA,16.3265306122449,9.183673469387756,74.48979591836735,NA,NA,NA,NA,NA,NA,NA,NA,NA,NA,NA,NA,NA,NA,NA,NA,NA,NA,NA,NA,NA,NA,NA,NA,NA,NA,NA,NA,NA,NA,NA,NA,NA,NA,NA,NA,NA,NA,NA,NA
2023-04-10,CPICOREYOY-23MAR,6697,NA,0,0,1.0204081632653061,6.122448979591836,3.061224489795918,36.734693877551024,41.83673469387755,10.204081632653061,1.0204081632653061,NA,NA,NA,NA,NA,NA,NA,NA,NA,NA,NA,NA,NA,NA,NA,NA,NA,NA,NA,NA,NA,NA,NA,NA,NA,NA,NA,NA,NA,NA,NA,NA,NA,NA,NA,NA,NA
2023-04-11,CPICOREYOY-23APR,0,NA,NA,NA,NA,16.3265306122449,9.183673469387756,74.48979591836735,NA,NA,NA,NA,NA,NA,NA,NA,NA,NA,NA,NA,NA,NA,NA,NA,NA,NA,NA,NA,NA,NA,NA,NA,NA,NA,NA,NA,NA,NA,NA,NA,NA,NA,NA,NA,NA,NA,NA,NA
2023-04-11,CPICOREYOY-23MAR,6179,NA,0,0,1.0204081632653061,6.122448979591836,4.081632653061225,40.816326530612244,39.795918367346935,8.16326530612245,0,NA,NA,NA,NA,NA,NA,NA,NA,NA,NA,NA,NA,NA,NA,NA,NA,NA,NA,NA,NA,NA,NA,NA,NA,NA,NA,NA,NA,NA,NA,NA,NA,NA,NA,NA,NA,NA
2023-04-12,CPICOREYOY-23APR,841,NA,NA,NA,NA,16.3265306122449,42.857142857142854,18.367346938775512,22.448979591836736,NA,NA,NA,NA,NA,NA,NA,NA,NA,NA,NA,NA,NA,NA,NA,NA,NA,NA,NA,NA,NA,NA,NA,NA,NA,NA,NA,NA,NA,NA,NA,NA,NA,NA,NA,NA,NA,NA,NA
2023-04-12,CPICOREYOY-23MAR,1763,0,0,0,1.0204081632653061,6.122448979591836,3.061224489795918,47.95918367346939,33.673469387755105,8.16326530612245,0,NA,NA,NA,NA,NA,NA,NA,NA,NA,NA,NA,NA,NA,NA,NA,NA,NA,NA,NA,NA,NA,NA,NA,NA,NA,NA,NA,NA,NA,NA,NA,NA,NA,NA,NA,NA,NA
2023-04-13,CPICOREYOY-23APR,660,NA,NA,NA,11.224489795918368,13.26530612244898,29.591836734693878,23.46938775510204,22.448979591836736,NA,NA,NA,NA,NA,NA,NA,NA,NA,NA,NA,NA,NA,NA,NA,NA,NA,NA,NA,NA,NA,NA,NA,NA,NA,NA,NA,NA,NA,NA,NA,NA,NA,NA,NA,NA,NA,NA,NA
2023-04-14,CPICOREYOY-23APR,540,NA,NA,NA,15.306122448979592,15.306122448979592,23.46938775510204,23.46938775510204,22.448979591836736,NA,NA,NA,NA,NA,NA,NA,NA,NA,NA,NA,NA,NA,NA,NA,NA,NA,NA,NA,NA,NA,NA,NA,NA,NA,NA,NA,NA,NA,NA,NA,NA,NA,NA,NA,NA,NA,NA,NA
2023-04-15,CPICOREYOY-23APR,30,NA,NA,NA,15.306122448979592,15.306122448979592,28.571428571428573,18.367346938775512,22.448979591836736,NA,NA,NA,NA,NA,NA,NA,NA,NA,NA,NA,NA,NA,NA,NA,NA,NA,NA,NA,NA,NA,NA,NA,NA,NA,NA,NA,NA,NA,NA,NA,NA,NA,NA,NA,NA,NA,NA,NA
2023-04-16,CPICOREYOY-23APR,227,NA,NA,0,12.244897959183673,18.367346938775512,31.632653061224488,21.428571428571427,11.224489795918368,4.081632653061225,1.0204081632653061,NA,NA,NA,NA,NA,NA,NA,NA,NA,NA,NA,NA,NA,NA,NA,NA,NA,NA,NA,NA,NA,NA,NA,NA,NA,NA,NA,NA,NA,NA,NA,NA,NA,NA,NA,NA,NA
2023-04-17,CPICOREYOY-23APR,2597,NA,NA,0,13.26530612244898,10.204081632653061,48.97959183673469,11.224489795918371,11.224489795918368,4.081632653061225,1.0204081632653061,NA,NA,NA,NA,NA,NA,NA,NA,NA,NA,NA,NA,NA,NA,NA,NA,NA,NA,NA,NA,NA,NA,NA,NA,NA,NA,NA,NA,NA,NA,NA,NA,NA,NA,NA,NA,NA
2023-04-18,CPICOREYOY-23APR,510,NA,NA,0,13.26530612244898,6.122448979591836,53.06122448979592,11.224489795918371,12.244897959183673,3.061224489795918,1.0204081632653061,NA,NA,NA,NA,NA,NA,NA,NA,NA,NA,NA,NA,NA,NA,NA,NA,NA,NA,NA,NA,NA,NA,NA,NA,NA,NA,NA,NA,NA,NA,NA,NA,NA,NA,NA,NA,NA
2023-04-19,CPICOREYOY-23APR,825,NA,NA,0,13.26530612244898,21.428571428571427,34.69387755102041,14.285714285714286,12.244897959183673,3.061224489795918,1.0204081632653061,NA,NA,NA,NA,NA,NA,NA,NA,NA,NA,NA,NA,NA,NA,NA,NA,NA,NA,NA,NA,NA,NA,NA,NA,NA,NA,NA,NA,NA,NA,NA,NA,NA,NA,NA,NA,NA
2023-04-20,CPICOREYOY-23APR,1360,0,0,0,0,44.89795918367346,36.73469387755103,13.26530612244898,1.0204081632653061,3.061224489795918,1.0204081632653061,NA,NA,NA,NA,NA,NA,0,0,NA,NA,NA,NA,NA,NA,NA,NA,NA,NA,NA,NA,NA,NA,NA,NA,NA,NA,NA,NA,NA,NA,NA,NA,NA,NA,NA,NA,NA
2023-04-21,CPICOREYOY-23APR,0,0,0,0,0,44.89795918367346,36.73469387755103,13.26530612244898,1.0204081632653061,3.061224489795918,1.0204081632653061,NA,NA,NA,NA,NA,NA,0,0,NA,NA,NA,NA,NA,NA,NA,NA,NA,NA,NA,NA,NA,NA,NA,NA,NA,NA,NA,NA,NA,NA,NA,NA,NA,NA,NA,NA,NA
2023-04-22,CPICOREYOY-23APR,409,0,0,0,0,44.89795918367346,25.51020408163266,24.489795918367346,1.0204081632653061,3.061224489795918,1.0204081632653061,NA,NA,NA,NA,NA,NA,0,0,NA,NA,NA,NA,NA,NA,NA,NA,NA,NA,NA,NA,NA,NA,NA,NA,NA,NA,NA,NA,NA,NA,NA,NA,NA,NA,NA,NA,NA
2023-04-23,CPICOREYOY-23APR,570,0,0,0,0,44.89795918367346,27.55102040816327,22.44897959183674,1.0204081632653061,3.061224489795918,1.0204081632653061,NA,NA,NA,NA,NA,NA,0,0,NA,NA,NA,NA,NA,NA,NA,NA,NA,NA,NA,NA,NA,NA,NA,NA,NA,NA,NA,NA,NA,NA,NA,NA,NA,NA,NA,NA,NA
2023-04-24,CPICOREYOY-23APR,400,0,0,0,0,44.89795918367346,26.53061224489797,23.469387755102037,1.0204081632653061,3.061224489795918,1.0204081632653061,NA,NA,NA,NA,NA,NA,0,0,NA,NA,NA,NA,NA,NA,NA,NA,NA,NA,NA,NA,NA,NA,NA,NA,NA,NA,NA,NA,NA,NA,NA,NA,NA,NA,NA,NA,NA
2023-04-25,CPICOREYOY-23APR,715,0,0,0,0,44.89795918367346,17.34693877551021,32.6530612244898,1.0204081632653061,3.061224489795918,1.0204081632653061,NA,NA,NA,NA,NA,NA,0,0,NA,NA,NA,NA,NA,NA,NA,NA,NA,NA,NA,NA,NA,NA,NA,NA,NA,NA,NA,NA,NA,NA,NA,NA,NA,NA,NA,NA,NA
2023-04-26,CPICOREYOY-23APR,780,0,0,0,0,44.89795918367346,29.591836734693885,20.408163265306122,1.0204081632653061,3.061224489795918,1.0204081632653061,NA,NA,NA,NA,NA,NA,0,0,NA,NA,NA,NA,NA,NA,NA,NA,NA,NA,NA,NA,NA,NA,NA,NA,NA,NA,NA,NA,NA,NA,NA,NA,NA,NA,NA,NA,NA
2023-04-27,CPICOREYOY-23APR,540,0,0,0,0,44.89795918367346,23.46938775510205,26.53061224489796,1.0204081632653061,3.061224489795918,1.0204081632653061,NA,NA,NA,NA,NA,NA,0,0,NA,NA,NA,NA,NA,NA,NA,NA,NA,NA,NA,NA,NA,NA,NA,NA,NA,NA,NA,NA,NA,NA,NA,NA,NA,NA,NA,NA,NA
2023-04-28,CPICOREYOY-23APR,627,0,0,0,0,44.89795918367346,25.51020408163266,24.489795918367346,1.0204081632653061,3.061224489795918,1.0204081632653061,NA,NA,NA,NA,NA,NA,0,0,NA,NA,NA,NA,NA,NA,NA,NA,NA,NA,NA,NA,NA,NA,NA,NA,NA,NA,NA,NA,NA,NA,NA,NA,NA,NA,NA,NA,NA
2023-04-29,CPICOREYOY-23APR,640,0,0,0,0,44.89795918367346,25.51020408163266,24.489795918367346,1.0204081632653061,3.061224489795918,1.0204081632653061,NA,NA,NA,NA,NA,NA,0,0,NA,NA,NA,NA,NA,NA,NA,NA,NA,NA,NA,NA,NA,NA,NA,NA,NA,NA,NA,NA,NA,NA,NA,NA,NA,NA,NA,NA,NA
2023-04-30,CPICOREYOY-23APR,0,0,0,0,0,44.89795918367346,25.51020408163266,24.489795918367346,1.0204081632653061,3.061224489795918,1.0204081632653061,NA,NA,NA,NA,NA,NA,0,0,NA,NA,NA,NA,NA,NA,NA,NA,NA,NA,NA,NA,NA,NA,NA,NA,NA,NA,NA,NA,NA,NA,NA,NA,NA,NA,NA,NA,NA
2023-05-01,CPICOREYOY-23APR,152,0,0,10.204081632653061,1.0204081632653061,37.755102040816325,33.673469387755105,12.244897959183673,1.0204081632653061,3.061224489795918,1.0204081632653061,NA,NA,NA,NA,NA,NA,0,0,NA,NA,NA,NA,NA,NA,NA,NA,NA,NA,NA,NA,NA,NA,NA,NA,NA,NA,NA,NA,NA,NA,NA,NA,NA,NA,NA,NA,NA
2023-05-02,CPICOREYOY-23APR,60,0,0,0,0,44.89795918367346,25.51020408163266,24.489795918367346,1.0204081632653061,3.061224489795918,1.0204081632653061,NA,NA,NA,NA,NA,NA,0,0,NA,NA,NA,NA,NA,NA,NA,NA,NA,NA,NA,NA,NA,NA,NA,NA,NA,NA,NA,NA,NA,NA,NA,NA,NA,NA,NA,NA,NA
2023-05-03,CPICOREYOY-23APR,93,0,0,0,0,44.89795918367346,25.51020408163266,24.489795918367346,1.0204081632653061,3.061224489795918,1.0204081632653061,NA,NA,NA,NA,NA,NA,0,0,NA,NA,NA,NA,NA,NA,NA,NA,NA,NA,NA,NA,NA,NA,NA,NA,NA,NA,NA,NA,NA,NA,NA,NA,NA,NA,NA,NA,NA
2023-05-04,CPICOREYOY-23APR,37,0,0,0,0,44.89795918367346,25.51020408163266,24.489795918367346,1.0204081632653061,3.061224489795918,1.0204081632653061,NA,NA,NA,NA,NA,NA,0,0,NA,NA,NA,NA,NA,NA,NA,NA,NA,NA,NA,NA,NA,NA,NA,NA,NA,NA,NA,NA,NA,NA,NA,NA,NA,NA,NA,NA,NA
2023-05-05,CPICOREYOY-23APR,10,0,0,0,0,44.89795918367346,25.51020408163266,24.489795918367346,1.0204081632653061,3.061224489795918,1.0204081632653061,NA,NA,NA,NA,NA,NA,0,0,NA,NA,NA,NA,NA,NA,NA,NA,NA,NA,NA,NA,NA,NA,NA,NA,NA,NA,NA,NA,NA,NA,NA,NA,NA,NA,NA,NA,NA
2023-05-06,CPICOREYOY-23APR,0,0,0,0,0,44.89795918367346,25.51020408163266,24.489795918367346,1.0204081632653061,3.061224489795918,1.0204081632653061,NA,NA,NA,NA,NA,NA,0,0,NA,NA,NA,NA,NA,NA,NA,NA,NA,NA,NA,NA,NA,NA,NA,NA,NA,NA,NA,NA,NA,NA,NA,NA,NA,NA,NA,NA,NA
2023-05-07,CPICOREYOY-23APR,0,0,0,0,0,44.89795918367346,25.51020408163266,24.489795918367346,1.0204081632653061,3.061224489795918,1.0204081632653061,NA,NA,NA,NA,NA,NA,0,0,NA,NA,NA,NA,NA,NA,NA,NA,NA,NA,NA,NA,NA,NA,NA,NA,NA,NA,NA,NA,NA,NA,NA,NA,NA,NA,NA,NA,NA
2023-05-08,CPICOREYOY-23APR,2812,0,0,0,0,44.89795918367346,37.75510204081633,12.244897959183673,1.0204081632653061,3.061224489795918,1.0204081632653061,NA,NA,NA,NA,NA,NA,0,0,NA,NA,NA,NA,NA,NA,NA,NA,NA,NA,NA,NA,NA,NA,NA,NA,NA,NA,NA,NA,NA,NA,NA,NA,NA,NA,NA,NA,NA
2023-05-09,CPICOREYOY-23APR,2379,0,0,0,0,44.89795918367346,36.73469387755103,10.204081632653061,4.081632653061225,3.061224489795918,1.0204081632653061,NA,NA,NA,NA,NA,NA,0,0,NA,NA,NA,NA,NA,NA,NA,NA,NA,NA,NA,NA,NA,NA,NA,NA,NA,NA,NA,NA,NA,NA,NA,NA,NA,NA,NA,NA,NA
2023-05-10,CPICOREYOY-23APR,1596,0,0,0,0,44.89795918367346,28.57142857142858,24.489795918367346,1.0204081632653061,1.0204081632653061,0,NA,NA,NA,NA,NA,NA,0,0,NA,NA,NA,NA,NA,NA,NA,NA,NA,NA,NA,NA,NA,NA,NA,NA,NA,NA,NA,NA,NA,NA,NA,NA,NA,NA,NA,NA,NA
2023-05-14,CPICOREYOY-23MAY,0,15.306122448979592,24.489795918367346,47.95918367346939,NA,NA,NA,NA,NA,NA,NA,NA,NA,NA,NA,NA,NA,NA,12.244897959183673,NA,NA,NA,NA,NA,NA,NA,NA,NA,NA,NA,NA,NA,NA,NA,NA,NA,NA,NA,NA,NA,NA,NA,NA,NA,NA,NA,NA,NA
2023-05-15,CPICOREYOY-23MAY,25,15.306122448979592,21.428571428571427,51.02040816326531,NA,NA,NA,NA,NA,NA,NA,NA,NA,NA,NA,NA,NA,NA,12.244897959183673,NA,NA,NA,NA,NA,NA,NA,NA,NA,NA,NA,NA,NA,NA,NA,NA,NA,NA,NA,NA,NA,NA,NA,NA,NA,NA,NA,NA,NA
2023-05-16,CPICOREYOY-23MAY,1043,3.061224489795918,33.673469387755105,63.265306122448976,NA,NA,NA,NA,NA,NA,NA,NA,NA,NA,NA,NA,NA,0,0,NA,NA,NA,NA,NA,NA,NA,NA,NA,NA,NA,NA,NA,NA,NA,NA,NA,NA,NA,NA,NA,NA,NA,NA,NA,NA,NA,NA,NA
2023-05-17,CPICOREYOY-23MAY,320,17.346938775510203,20.408163265306115,56.122448979591844,NA,NA,NA,NA,NA,NA,NA,NA,NA,NA,NA,NA,NA,5.1020408163265305,1.0204081632653061,NA,NA,NA,NA,NA,NA,NA,NA,NA,NA,NA,NA,NA,NA,NA,NA,NA,NA,NA,NA,NA,NA,NA,NA,NA,NA,NA,NA,NA
2023-05-18,CPICOREYOY-23MAY,65,13.26530612244898,13.26530612244898,62.244897959183675,NA,NA,NA,NA,NA,NA,NA,NA,NA,NA,NA,NA,NA,5.1020408163265305,6.122448979591836,NA,NA,NA,NA,NA,NA,NA,NA,NA,NA,NA,NA,NA,NA,NA,NA,NA,NA,NA,NA,NA,NA,NA,NA,NA,NA,NA,NA,NA
2023-05-19,CPICOREYOY-23MAY,0,13.26530612244898,13.26530612244898,62.244897959183675,NA,NA,NA,NA,NA,NA,NA,NA,NA,NA,NA,NA,NA,5.1020408163265305,6.122448979591836,NA,NA,NA,NA,NA,NA,NA,NA,NA,NA,NA,NA,NA,NA,NA,NA,NA,NA,NA,NA,NA,NA,NA,NA,NA,NA,NA,NA,NA
2023-05-20,CPICOREYOY-23MAY,95,12.244897959183673,20.408163265306115,56.122448979591844,NA,NA,NA,NA,NA,NA,NA,NA,NA,NA,NA,NA,NA,4.081632653061225,7.142857142857143,NA,NA,NA,NA,NA,NA,NA,NA,NA,NA,NA,NA,NA,NA,NA,NA,NA,NA,NA,NA,NA,NA,NA,NA,NA,NA,NA,NA,NA
2023-05-21,CPICOREYOY-23MAY,60,12.244897959183673,21.42857142857142,55.10204081632654,NA,NA,NA,NA,NA,NA,NA,NA,NA,NA,NA,NA,NA,4.081632653061225,7.142857142857143,NA,NA,NA,NA,NA,NA,NA,NA,NA,NA,NA,NA,NA,NA,NA,NA,NA,NA,NA,NA,NA,NA,NA,NA,NA,NA,NA,NA,NA
2023-05-22,CPICOREYOY-23MAY,21,12.244897959183673,21.42857142857142,55.10204081632654,NA,NA,NA,NA,NA,NA,NA,NA,NA,NA,NA,NA,NA,0,11.224489795918368,NA,NA,NA,NA,NA,NA,NA,NA,NA,NA,NA,NA,NA,NA,NA,NA,NA,NA,NA,NA,NA,NA,NA,NA,NA,NA,NA,NA,NA
2023-05-23,CPICOREYOY-23MAY,6,12.244897959183673,16.3265306122449,60.204081632653065,NA,NA,NA,NA,NA,NA,NA,NA,NA,NA,NA,NA,NA,0,11.224489795918368,NA,NA,NA,NA,NA,NA,NA,NA,NA,NA,NA,NA,NA,NA,NA,NA,NA,NA,NA,NA,NA,NA,NA,NA,NA,NA,NA,NA,NA
2023-05-24,CPICOREYOY-23MAY,44,13.26530612244898,20.408163265306115,55.10204081632654,NA,NA,NA,NA,NA,NA,NA,NA,NA,NA,NA,NA,NA,0,11.224489795918368,NA,NA,NA,NA,NA,NA,NA,NA,NA,NA,NA,NA,NA,NA,NA,NA,NA,NA,NA,NA,NA,NA,NA,NA,NA,NA,NA,NA,NA
2023-05-25,CPICOREYOY-23MAY,42,5.1020408163265305,23.46938775510204,60.204081632653065,NA,NA,NA,NA,NA,NA,NA,NA,NA,NA,NA,NA,NA,2.0408163265306123,9.183673469387756,NA,NA,NA,NA,NA,NA,NA,NA,NA,NA,NA,NA,NA,NA,NA,NA,NA,NA,NA,NA,NA,NA,NA,NA,NA,NA,NA,NA,NA
2023-05-26,CPICOREYOY-23MAY,0,5.1020408163265305,23.46938775510204,60.204081632653065,NA,NA,NA,NA,NA,NA,NA,NA,NA,NA,NA,NA,NA,2.0408163265306123,9.183673469387756,NA,NA,NA,NA,NA,NA,NA,NA,NA,NA,NA,NA,NA,NA,NA,NA,NA,NA,NA,NA,NA,NA,NA,NA,NA,NA,NA,NA,NA
2023-05-27,CPICOREYOY-23MAY,12,5.1020408163265305,23.46938775510204,60.204081632653065,NA,NA,NA,NA,NA,NA,NA,NA,NA,NA,NA,NA,NA,2.0408163265306123,9.183673469387756,NA,NA,NA,NA,NA,NA,NA,NA,NA,NA,NA,NA,NA,NA,NA,NA,NA,NA,NA,NA,NA,NA,NA,NA,NA,NA,NA,NA,NA
2023-05-28,CPICOREYOY-23MAY,11,5.1020408163265305,24.489795918367346,59.183673469387756,NA,NA,NA,NA,NA,NA,NA,NA,NA,NA,NA,NA,NA,2.0408163265306123,9.183673469387756,NA,NA,NA,NA,NA,NA,NA,NA,NA,NA,NA,NA,NA,NA,NA,NA,NA,NA,NA,NA,NA,NA,NA,NA,NA,NA,NA,NA,NA
2023-05-29,CPICOREYOY-23MAY,0,5.1020408163265305,24.489795918367346,59.183673469387756,NA,NA,NA,NA,NA,NA,NA,NA,NA,NA,NA,NA,NA,2.0408163265306123,9.183673469387756,NA,NA,NA,NA,NA,NA,NA,NA,NA,NA,NA,NA,NA,NA,NA,NA,NA,NA,NA,NA,NA,NA,NA,NA,NA,NA,NA,NA,NA
2023-05-30,CPICOREYOY-23MAY,68,8.16326530612245,24.48979591836734,56.122448979591844,NA,NA,NA,NA,NA,NA,NA,NA,NA,NA,NA,NA,NA,2.0408163265306123,9.183673469387756,NA,NA,NA,NA,NA,NA,NA,NA,NA,NA,NA,NA,NA,NA,NA,NA,NA,NA,NA,NA,NA,NA,NA,NA,NA,NA,NA,NA,NA
2023-05-31,CPICOREYOY-23MAY,131,8.16326530612245,20.408163265306122,60.204081632653065,NA,NA,NA,NA,NA,NA,NA,NA,NA,NA,NA,NA,NA,2.0408163265306123,9.183673469387756,NA,NA,NA,NA,NA,NA,NA,NA,NA,NA,NA,NA,NA,NA,NA,NA,NA,NA,NA,NA,NA,NA,NA,NA,NA,NA,NA,NA,NA
2023-06-01,CPICOREYOY-23MAY,4028,7.142857142857143,20.408163265306122,70.40816326530613,NA,NA,NA,NA,NA,NA,NA,NA,NA,NA,NA,NA,NA,0,2.0408163265306123,0,NA,NA,NA,NA,NA,NA,NA,NA,NA,NA,NA,NA,NA,NA,NA,NA,NA,NA,NA,NA,NA,NA,NA,NA,NA,NA,NA,NA
2023-06-02,CPICOREYOY-23MAY,427,3.061224489795918,16.3265306122449,78.57142857142857,NA,NA,NA,NA,NA,NA,NA,NA,NA,NA,NA,NA,NA,0,2.0408163265306123,0,NA,NA,NA,NA,NA,NA,NA,NA,NA,NA,NA,NA,NA,NA,NA,NA,NA,NA,NA,NA,NA,NA,NA,NA,NA,NA,NA,NA
2023-06-03,CPICOREYOY-23MAY,50,3.061224489795918,23.46938775510204,71.42857142857143,NA,NA,NA,NA,NA,NA,NA,NA,NA,NA,NA,NA,NA,0,2.0408163265306123,0,NA,NA,NA,NA,NA,NA,NA,NA,NA,NA,NA,NA,NA,NA,NA,NA,NA,NA,NA,NA,NA,NA,NA,NA,NA,NA,NA,NA
2023-06-04,CPICOREYOY-23MAY,54,3.061224489795918,23.46938775510204,71.42857142857143,NA,NA,NA,NA,NA,NA,NA,NA,NA,NA,NA,NA,NA,0,2.0408163265306123,0,NA,NA,NA,NA,NA,NA,NA,NA,NA,NA,NA,NA,NA,NA,NA,NA,NA,NA,NA,NA,NA,NA,NA,NA,NA,NA,NA,NA
2023-06-05,CPICOREYOY-23MAY,307,7.142857142857143,14.285714285714286,76.53061224489795,NA,NA,NA,NA,NA,NA,NA,NA,NA,NA,NA,NA,NA,0,2.0408163265306123,0,NA,NA,NA,NA,NA,NA,NA,NA,NA,NA,NA,NA,NA,NA,NA,NA,NA,NA,NA,NA,NA,NA,NA,NA,NA,NA,NA,NA
2023-06-06,CPICOREYOY-23MAY,671,7.142857142857143,6.122448979591836,84.6938775510204,NA,NA,NA,NA,NA,NA,NA,NA,NA,NA,NA,NA,NA,0,2.0408163265306123,0,NA,NA,NA,NA,NA,NA,NA,NA,NA,NA,NA,NA,NA,NA,NA,NA,NA,NA,NA,NA,NA,NA,NA,NA,NA,NA,NA,NA
2023-06-07,CPICOREYOY-23MAY,35,7.142857142857143,6.122448979591836,40.816326530612244,43.87755102040816,NA,NA,NA,NA,NA,NA,NA,NA,NA,NA,NA,NA,0,2.0408163265306123,0,NA,NA,NA,NA,NA,NA,NA,NA,NA,NA,NA,NA,NA,NA,NA,NA,NA,NA,NA,NA,NA,NA,NA,NA,NA,NA,NA,NA
2023-06-08,CPICOREYOY-23MAY,110,7.142857142857143,13.26530612244898,17.346938775510203,60.204081632653065,NA,NA,NA,NA,NA,NA,NA,NA,NA,NA,NA,NA,0,2.0408163265306123,0,NA,NA,NA,NA,NA,NA,NA,NA,NA,NA,NA,NA,NA,NA,NA,NA,NA,NA,NA,NA,NA,NA,NA,NA,NA,NA,NA,NA
2023-06-09,CPICOREYOY-23MAY,505,7.142857142857143,11.224489795918368,27.551020408163264,35.714285714285715,15.306122448979592,1.0204081632653061,NA,NA,NA,NA,NA,NA,NA,NA,NA,NA,0,2.0408163265306123,0,NA,NA,NA,NA,NA,NA,NA,NA,NA,NA,NA,NA,NA,NA,NA,NA,NA,NA,NA,NA,NA,NA,NA,NA,NA,NA,NA,NA
2023-06-10,CPICOREYOY-23MAY,80,7.142857142857143,11.224489795918368,21.428571428571438,41.83673469387754,15.306122448979592,1.0204081632653061,NA,NA,NA,NA,NA,NA,NA,NA,NA,NA,0,2.0408163265306123,0,NA,NA,NA,NA,NA,NA,NA,NA,NA,NA,NA,NA,NA,NA,NA,NA,NA,NA,NA,NA,NA,NA,NA,NA,NA,NA,NA,NA
2023-06-11,CPICOREYOY-23MAY,23,7.142857142857143,7.142857142857143,25.51020408163266,41.83673469387754,15.306122448979592,1.0204081632653061,NA,NA,NA,NA,NA,NA,NA,NA,NA,NA,0,2.0408163265306123,0,NA,NA,NA,NA,NA,NA,NA,NA,NA,NA,NA,NA,NA,NA,NA,NA,NA,NA,NA,NA,NA,NA,NA,NA,NA,NA,NA,NA
2023-06-12,CPICOREYOY-23JUN,0,NA,NA,NA,NA,NA,NA,NA,NA,NA,NA,NA,NA,NA,NA,NA,NA,NA,NA,NA,60.204081632653065,39.795918367346935,NA,NA,NA,NA,NA,NA,NA,NA,NA,NA,NA,NA,NA,NA,NA,NA,NA,NA,NA,NA,NA,NA,NA,NA,NA,NA
2023-06-12,CPICOREYOY-23MAY,1732,2.0408163265306123,11.224489795918368,19.387755102040817,45.91836734693877,18.367346938775512,1.0204081632653061,NA,NA,NA,NA,NA,NA,NA,NA,NA,NA,0,2.0408163265306123,0,NA,NA,NA,NA,NA,NA,NA,NA,NA,NA,NA,NA,NA,NA,NA,NA,NA,NA,NA,NA,NA,NA,NA,NA,NA,NA,NA,NA
2023-06-13,CPICOREYOY-23JUN,2864,21.42857142857142,12.244897959183673,16.3265306122449,7.142857142857143,NA,NA,NA,NA,NA,NA,NA,NA,NA,NA,NA,NA,11.224489795918368,26.53061224489797,1.0204081632653061,0,0,4.081632653061225,NA,NA,NA,NA,NA,NA,NA,NA,NA,NA,NA,NA,NA,NA,NA,NA,NA,NA,NA,NA,NA,NA,NA,NA,NA
2023-06-13,CPICOREYOY-23MAY,1702,2.0408163265306123,12.244897959183673,24.489795918367346,41.83673469387755,18.367346938775512,1.0204081632653061,NA,NA,NA,NA,NA,NA,NA,NA,NA,NA,0,0,0,NA,NA,NA,NA,NA,NA,NA,NA,NA,NA,NA,NA,NA,NA,NA,NA,NA,NA,NA,NA,NA,NA,NA,NA,NA,NA,NA,NA
2023-06-14,CPICOREYOY-23JUN,6120,20.408163265306122,13.26530612244898,4.081632653061225,0,NA,NA,NA,NA,NA,NA,NA,NA,NA,NA,NA,NA,25.510204081632654,31.632653061224488,1.0204081632653061,0,0,4.081632653061225,NA,NA,NA,NA,NA,NA,NA,NA,NA,NA,NA,NA,NA,NA,NA,NA,NA,NA,NA,NA,NA,NA,NA,NA,NA
2023-06-15,CPICOREYOY-23JUN,1385,3.061224489795918,13.26530612244898,4.081632653061225,0,NA,NA,NA,NA,NA,NA,NA,NA,NA,NA,NA,NA,25.510204081632654,48.97959183673469,1.0204081632653061,0,0,4.081632653061225,NA,NA,NA,NA,NA,NA,NA,NA,NA,NA,NA,NA,NA,NA,NA,NA,NA,NA,NA,NA,NA,NA,NA,NA,NA
2023-06-16,CPICOREYOY-23JUN,300,3.061224489795918,13.26530612244898,4.081632653061225,0,NA,NA,NA,NA,NA,NA,NA,NA,NA,NA,NA,NA,20.408163265306122,48.97959183673469,6.122448979591836,0,0,4.081632653061225,NA,NA,NA,NA,NA,NA,NA,NA,NA,NA,NA,NA,NA,NA,NA,NA,NA,NA,NA,NA,NA,NA,NA,NA,NA
2023-06-17,CPICOREYOY-23JUN,1450,14.285714285714286,13.26530612244898,4.081632653061225,0,NA,NA,NA,NA,NA,NA,NA,NA,NA,NA,NA,NA,20.408163265306122,37.755102040816325,8.16326530612245,0,0,2.0408163265306123,NA,NA,NA,NA,NA,NA,NA,NA,NA,NA,NA,NA,NA,NA,NA,NA,NA,NA,NA,NA,NA,NA,NA,NA,NA
2023-06-18,CPICOREYOY-23JUN,808,7.142857142857143,13.26530612244898,4.081632653061225,0,NA,NA,NA,NA,NA,NA,NA,NA,NA,NA,NA,NA,31.632653061224488,38.775510204081634,3.061224489795918,0,0,2.0408163265306123,NA,NA,NA,NA,NA,NA,NA,NA,NA,NA,NA,NA,NA,NA,NA,NA,NA,NA,NA,NA,NA,NA,NA,NA,NA
2023-06-19,CPICOREYOY-23JUN,1055,17.346938775510203,4.081632653061225,3.061224489795918,1.0204081632653061,NA,NA,NA,NA,NA,NA,NA,NA,NA,NA,NA,NA,29.591836734693878,39.795918367346935,3.061224489795918,0,0,2.0408163265306123,NA,NA,NA,NA,NA,NA,NA,NA,NA,NA,NA,NA,NA,NA,NA,NA,NA,NA,NA,NA,NA,NA,NA,NA,NA
2023-06-20,CPICOREYOY-23JUN,2734,14.285714285714286,3.061224489795918,2.0408163265306123,2.0408163265306123,NA,NA,NA,NA,NA,NA,NA,NA,NA,NA,NA,NA,38.77551020408163,34.69387755102042,1.0204081632653061,0,3.061224489795918,1.0204081632653061,0,NA,NA,NA,NA,NA,NA,NA,NA,NA,NA,NA,NA,NA,NA,NA,NA,NA,NA,NA,NA,NA,NA,NA,NA
2023-06-21,CPICOREYOY-23JUN,39560,16.3265306122449,8.16326530612245,5.1020408163265305,5.1020408163265305,NA,NA,NA,NA,NA,NA,NA,NA,NA,NA,NA,NA,20.408163265306122,37.755102040816325,3.061224489795918,0,3.061224489795918,1.0204081632653061,0,NA,NA,NA,NA,NA,NA,NA,NA,NA,NA,NA,NA,NA,NA,NA,NA,NA,NA,NA,NA,NA,NA,NA,NA
2023-06-22,CPICOREYOY-23JUN,13608,17.346938775510203,5.1020408163265305,2.0408163265306123,5.1020408163265305,NA,NA,NA,NA,NA,NA,NA,NA,NA,NA,NA,NA,23.46938775510204,39.795918367346935,3.061224489795918,0,3.061224489795918,1.0204081632653061,0,NA,NA,NA,NA,NA,NA,NA,NA,NA,NA,NA,NA,NA,NA,NA,NA,NA,NA,NA,NA,NA,NA,NA,NA
2023-06-23,CPICOREYOY-23JUN,7586,19.387755102040817,4.081632653061224,1.020408163265307,5.1020408163265305,NA,NA,NA,NA,NA,NA,NA,NA,NA,NA,NA,NA,24.489795918367346,38.775510204081634,3.061224489795918,0,3.061224489795918,1.0204081632653061,0,NA,NA,NA,NA,NA,NA,NA,NA,NA,NA,NA,NA,NA,NA,NA,NA,NA,NA,NA,NA,NA,NA,NA,NA
2023-06-24,CPICOREYOY-23JUN,0,19.387755102040817,4.081632653061224,1.020408163265307,5.1020408163265305,NA,NA,NA,NA,NA,NA,NA,NA,NA,NA,NA,NA,24.489795918367346,38.775510204081634,3.061224489795918,0,3.061224489795918,1.0204081632653061,0,NA,NA,NA,NA,NA,NA,NA,NA,NA,NA,NA,NA,NA,NA,NA,NA,NA,NA,NA,NA,NA,NA,NA,NA
2023-06-25,CPICOREYOY-23JUN,63,19.387755102040817,5.10204081632653,1.020408163265307,5.1020408163265305,NA,NA,NA,NA,NA,NA,NA,NA,NA,NA,NA,NA,24.489795918367346,37.755102040816325,3.061224489795918,0,3.061224489795918,1.0204081632653061,0,NA,NA,NA,NA,NA,NA,NA,NA,NA,NA,NA,NA,NA,NA,NA,NA,NA,NA,NA,NA,NA,NA,NA,NA
2023-06-26,CPICOREYOY-23JUN,12403,19.38775510204082,2.0408163265306114,1.020408163265307,5.1020408163265305,NA,NA,NA,NA,NA,NA,NA,NA,NA,NA,NA,NA,25.510204081632654,39.795918367346935,3.061224489795918,0,3.061224489795918,1.0204081632653061,0,NA,NA,NA,NA,NA,NA,NA,NA,NA,NA,NA,NA,NA,NA,NA,NA,NA,NA,NA,NA,NA,NA,NA,NA
2023-06-27,CPICOREYOY-23JUN,8296,16.3265306122449,2.0408163265306114,1.020408163265307,5.1020408163265305,NA,NA,NA,NA,NA,NA,NA,NA,NA,NA,NA,NA,37.755102040816325,29.591836734693878,4.081632653061225,0,3.061224489795918,1.0204081632653061,0,NA,NA,NA,NA,NA,NA,NA,NA,NA,NA,NA,NA,NA,NA,NA,NA,NA,NA,NA,NA,NA,NA,NA,NA
2023-06-28,CPICOREYOY-23JUN,2604,16.3265306122449,2.0408163265306114,1.020408163265307,5.1020408163265305,NA,NA,NA,NA,NA,NA,NA,NA,NA,NA,NA,NA,39.79591836734693,31.6326530612245,1.0204081632653061,0,0,3.061224489795918,0,NA,NA,NA,NA,NA,NA,NA,NA,NA,NA,NA,NA,NA,NA,NA,NA,NA,NA,NA,NA,NA,NA,NA,NA
2023-06-29,CPICOREYOY-23JUN,110,19.387755102040817,5.1020408163265305,0,0,NA,NA,NA,NA,NA,NA,NA,NA,NA,NA,NA,NA,39.79591836734693,31.6326530612245,1.0204081632653061,0,0,3.061224489795918,0,NA,NA,NA,NA,NA,NA,NA,NA,NA,NA,NA,NA,NA,NA,NA,NA,NA,NA,NA,NA,NA,NA,NA,NA
2023-06-30,CPICOREYOY-23JUN,791,19.387755102040817,5.1020408163265305,0,0,NA,NA,NA,NA,NA,NA,NA,NA,NA,NA,NA,NA,32.6530612244898,38.775510204081634,1.0204081632653061,0,0,3.061224489795918,0,NA,NA,NA,NA,NA,NA,NA,NA,NA,NA,NA,NA,NA,NA,NA,NA,NA,NA,NA,NA,NA,NA,NA,NA
2023-07-01,CPICOREYOY-23JUN,5430,17.346938775510203,1.020408163265307,5.1020408163265305,0,NA,NA,NA,NA,NA,NA,NA,NA,NA,NA,NA,NA,35.71428571428571,31.6326530612245,5.1020408163265305,0,3.061224489795918,1.0204081632653061,0,NA,NA,NA,NA,NA,NA,NA,NA,NA,NA,NA,NA,NA,NA,NA,NA,NA,NA,NA,NA,NA,NA,NA,NA
2023-07-02,CPICOREYOY-23JUN,332,17.346938775510203,1.020408163265307,5.1020408163265305,0,NA,NA,NA,NA,NA,NA,NA,NA,NA,NA,NA,NA,28.571428571428573,38.775510204081634,5.1020408163265305,0,3.061224489795918,1.0204081632653061,0,NA,NA,NA,NA,NA,NA,NA,NA,NA,NA,NA,NA,NA,NA,NA,NA,NA,NA,NA,NA,NA,NA,NA,NA
2023-07-03,CPICOREYOY-23JUN,1500,16.3265306122449,1.020408163265307,5.1020408163265305,0,NA,NA,NA,NA,NA,NA,NA,NA,NA,NA,NA,NA,28.571428571428573,39.795918367346935,5.1020408163265305,0,3.061224489795918,1.0204081632653061,0,NA,NA,NA,NA,NA,NA,NA,NA,NA,NA,NA,NA,NA,NA,NA,NA,NA,NA,NA,NA,NA,NA,NA,NA
2023-07-04,CPICOREYOY-23JUN,2361,17.346938775510203,2.0408163265306123,5.1020408163265305,0,NA,NA,NA,NA,NA,NA,NA,NA,NA,NA,NA,NA,33.67346938775511,32.65306122448979,5.1020408163265305,0,3.061224489795918,1.0204081632653061,0,NA,NA,NA,NA,NA,NA,NA,NA,NA,NA,NA,NA,NA,NA,NA,NA,NA,NA,NA,NA,NA,NA,NA,NA
2023-07-05,CPICOREYOY-23JUN,7731,16.3265306122449,3.061224489795918,5.1020408163265305,0,NA,NA,NA,NA,NA,NA,NA,NA,NA,NA,NA,NA,29.591836734693867,31.6326530612245,12.244897959183673,0,0,2.0408163265306123,0,NA,NA,NA,NA,NA,NA,NA,NA,NA,NA,NA,NA,NA,NA,NA,NA,NA,NA,NA,NA,NA,NA,NA,NA
2023-07-06,CPICOREYOY-23JUN,2688,16.3265306122449,3.061224489795918,5.1020408163265305,0,NA,NA,NA,NA,NA,NA,NA,NA,NA,NA,NA,NA,36.73469387755101,31.6326530612245,5.1020408163265305,0,0,2.0408163265306123,0,0,0,NA,NA,NA,NA,NA,NA,NA,NA,NA,NA,NA,NA,NA,NA,NA,NA,NA,NA,NA,NA,NA,NA
2023-07-07,CPICOREYOY-23JUN,894,19.38775510204082,4.081632653061225,4.081632653061225,0,NA,NA,NA,NA,NA,NA,NA,NA,NA,NA,NA,NA,45.91836734693877,21.428571428571423,3.061224489795918,0,0,2.0408163265306123,0,0,0,NA,NA,NA,NA,NA,NA,NA,NA,NA,NA,NA,NA,NA,NA,NA,NA,NA,NA,NA,NA,NA,NA
2023-07-08,CPICOREYOY-23JUN,572,18.367346938775512,4.081632653061225,4.081632653061225,0,NA,NA,NA,NA,NA,NA,NA,NA,NA,NA,NA,NA,34.69387755102041,33.673469387755105,3.061224489795918,0,0,2.0408163265306123,0,0,0,NA,NA,NA,NA,NA,NA,NA,NA,NA,NA,NA,NA,NA,NA,NA,NA,NA,NA,NA,NA,NA,NA
2023-07-09,CPICOREYOY-23JUN,8516,17.346938775510203,8.16326530612245,1.0204081632653061,0,NA,NA,NA,NA,NA,NA,NA,NA,NA,NA,NA,NA,33.673469387755105,34.69387755102041,3.061224489795918,0,0,2.0408163265306123,0,0,0,NA,NA,NA,NA,NA,NA,NA,NA,NA,NA,NA,NA,NA,NA,NA,NA,NA,NA,NA,NA,NA,NA
2023-07-10,CPICOREYOY-23JUN,13198,19.38775510204082,7.142857142857143,1.0204081632653061,0,NA,NA,NA,NA,NA,NA,NA,NA,NA,NA,NA,NA,32.65306122448979,28.571428571428577,9.183673469387756,0,0,2.0408163265306123,0,0,0,NA,NA,NA,NA,NA,NA,NA,NA,NA,NA,NA,NA,NA,NA,NA,NA,NA,NA,NA,NA,NA,NA
2023-07-11,CPICOREYOY-23JUL,65,8.16326530612245,9.183673469387756,NA,NA,NA,NA,NA,NA,NA,NA,NA,NA,NA,NA,NA,NA,18.367346938775512,7.142857142857143,25.510204081632654,2.0408163265306123,10.204081632653061,19.387755102040817,0,NA,NA,NA,NA,NA,NA,NA,NA,NA,NA,NA,NA,NA,NA,NA,NA,NA,NA,NA,NA,NA,NA,NA,NA
2023-07-11,CPICOREYOY-23JUN,10181,20.408163265306122,5.102040816326531,1.0204081632653061,0,NA,NA,NA,NA,NA,NA,NA,NA,NA,NA,NA,NA,34.69387755102042,31.63265306122448,3.061224489795918,0,2.0408163265306123,2.0408163265306123,0,0,0,NA,NA,NA,NA,NA,NA,NA,NA,NA,NA,NA,NA,NA,NA,NA,NA,NA,NA,NA,NA,NA,NA
2023-07-12,CPICOREYOY-23JUL,5882,5.1020408163265305,0,NA,NA,NA,NA,NA,NA,NA,NA,NA,NA,NA,NA,NA,NA,15.306122448979592,10.204081632653061,29.591836734693878,2.0408163265306123,15.306122448979592,22.448979591836736,0,NA,NA,NA,NA,NA,NA,NA,NA,NA,NA,NA,NA,NA,NA,NA,NA,NA,NA,NA,NA,NA,NA,NA,NA
2023-07-12,CPICOREYOY-23JUN,6751,16.3265306122449,5.102040816326531,1.0204081632653061,0,NA,NA,NA,NA,NA,NA,NA,NA,NA,NA,NA,NA,33.673469387755105,37.755102040816325,2.0408163265306123,0,2.0408163265306123,2.0408163265306123,0,0,0,NA,NA,NA,NA,NA,NA,NA,NA,NA,NA,NA,NA,NA,NA,NA,NA,NA,NA,NA,NA,NA,NA
2023-07-13,CPICOREYOY-23JUL,428,4.081632653061225,0,NA,NA,NA,NA,NA,NA,NA,NA,NA,NA,NA,NA,NA,NA,15.306122448979592,11.224489795918368,29.591836734693878,2.0408163265306123,15.306122448979592,22.448979591836736,0,NA,NA,NA,NA,NA,NA,NA,NA,NA,NA,NA,NA,NA,NA,NA,NA,NA,NA,NA,NA,NA,NA,NA,NA
2023-07-14,CPICOREYOY-23JUL,500,4.081632653061225,0,NA,NA,NA,NA,NA,NA,NA,NA,NA,NA,NA,NA,NA,NA,15.306122448979592,11.224489795918368,29.591836734693878,2.0408163265306123,15.306122448979592,22.448979591836736,0,NA,NA,NA,NA,NA,NA,NA,NA,NA,NA,NA,NA,NA,NA,NA,NA,NA,NA,NA,NA,NA,NA,NA,NA
2023-07-15,CPICOREYOY-23JUL,50,4.081632653061225,0,NA,NA,NA,NA,NA,NA,NA,NA,NA,NA,NA,NA,NA,NA,15.306122448979592,11.224489795918368,29.591836734693878,2.0408163265306123,14.285714285714286,23.46938775510204,0,NA,NA,NA,NA,NA,NA,NA,NA,NA,NA,NA,NA,NA,NA,NA,NA,NA,NA,NA,NA,NA,NA,NA,NA
2023-07-16,CPICOREYOY-23JUL,0,4.081632653061225,0,NA,NA,NA,NA,NA,NA,NA,NA,NA,NA,NA,NA,NA,NA,15.306122448979592,11.224489795918368,29.591836734693878,2.0408163265306123,14.285714285714286,23.46938775510204,0,NA,NA,NA,NA,NA,NA,NA,NA,NA,NA,NA,NA,NA,NA,NA,NA,NA,NA,NA,NA,NA,NA,NA,NA
2023-07-17,CPICOREYOY-23JUL,3229,4.081632653061225,0,NA,NA,NA,NA,NA,NA,NA,NA,NA,NA,NA,NA,NA,NA,10.204081632653061,4.081632653061225,41.83673469387755,2.0408163265306123,14.285714285714286,23.46938775510204,0,NA,NA,NA,NA,NA,NA,NA,NA,NA,NA,NA,NA,NA,NA,NA,NA,NA,NA,NA,NA,NA,NA,NA,NA
2023-07-18,CPICOREYOY-23JUL,13438,4.081632653061225,0,NA,NA,NA,NA,NA,NA,NA,NA,NA,NA,NA,NA,NA,NA,7.142857142857143,4.081632653061225,43.87755102040816,2.0408163265306123,11.224489795918368,27.551020408163264,0,NA,NA,NA,NA,NA,NA,NA,NA,NA,NA,NA,NA,NA,NA,NA,NA,NA,NA,NA,NA,NA,NA,NA,NA
2023-07-19,CPICOREYOY-23JUL,8619,4.081632653061225,0,NA,NA,NA,NA,NA,NA,NA,NA,NA,NA,NA,NA,NA,NA,2.0408163265306123,4.081632653061225,39.795918367346935,4.081632653061225,14.285714285714286,31.632653061224488,0,NA,NA,NA,NA,NA,NA,NA,NA,NA,NA,NA,NA,NA,NA,NA,NA,NA,NA,NA,NA,NA,NA,NA,NA
2023-07-20,CPICOREYOY-23JUL,16100,0,0,NA,NA,NA,NA,NA,NA,NA,NA,NA,NA,NA,NA,NA,NA,3.061224489795918,4.081632653061225,31.632653061224488,4.081632653061225,15.306122448979592,41.83673469387755,0,NA,NA,NA,NA,NA,NA,NA,NA,NA,NA,NA,NA,NA,NA,NA,NA,NA,NA,NA,NA,NA,NA,NA,NA
2023-07-21,CPICOREYOY-23JUL,348,0,0,NA,NA,NA,NA,NA,NA,NA,NA,NA,NA,NA,NA,NA,NA,6.122448979591836,1.0204081632653061,26.53061224489796,4.081632653061225,15.306122448979592,46.93877551020408,0,NA,NA,NA,NA,NA,NA,NA,NA,NA,NA,NA,NA,NA,NA,NA,NA,NA,NA,NA,NA,NA,NA,NA,NA
2023-07-22,CPICOREYOY-23JUL,2500,0,0,NA,NA,NA,NA,NA,NA,NA,NA,NA,NA,NA,NA,NA,NA,9.183673469387756,1.0204081632653061,27.551020408163264,4.081632653061225,15.306122448979592,42.857142857142854,0,NA,NA,NA,NA,NA,NA,NA,NA,NA,NA,NA,NA,NA,NA,NA,NA,NA,NA,NA,NA,NA,NA,NA,NA
2023-07-23,CPICOREYOY-23JUL,2529,0,0,NA,NA,NA,NA,NA,NA,NA,NA,NA,NA,NA,NA,NA,NA,10.204081632653061,1.0204081632653061,29.591836734693878,4.081632653061225,11.224489795918368,43.87755102040816,0,NA,NA,NA,NA,NA,NA,NA,NA,NA,NA,NA,NA,NA,NA,NA,NA,NA,NA,NA,NA,NA,NA,NA,NA
2023-07-24,CPICOREYOY-23JUL,2455,0,0,NA,NA,NA,NA,NA,NA,NA,NA,NA,NA,NA,NA,NA,NA,10.204081632653061,1.0204081632653061,29.591836734693878,2.0408163265306123,13.26530612244898,43.87755102040816,0,NA,NA,NA,NA,NA,NA,NA,NA,NA,NA,NA,NA,NA,NA,NA,NA,NA,NA,NA,NA,NA,NA,NA,NA
2023-07-25,CPICOREYOY-23JUL,1069,0,0,NA,NA,NA,NA,NA,NA,NA,NA,NA,NA,NA,NA,NA,NA,11.224489795918368,1.0204081632653061,28.571428571428573,3.061224489795918,9.183673469387756,46.93877551020408,0,NA,NA,NA,NA,NA,NA,NA,NA,NA,NA,NA,NA,NA,NA,NA,NA,NA,NA,NA,NA,NA,NA,NA,NA
2023-07-26,CPICOREYOY-23JUL,2000,0,0,NA,NA,NA,NA,NA,NA,NA,NA,NA,NA,NA,NA,NA,NA,11.224489795918368,1.0204081632653061,28.571428571428573,3.061224489795918,10.204081632653061,45.91836734693877,0,NA,NA,NA,NA,NA,NA,NA,NA,NA,NA,NA,NA,NA,NA,NA,NA,NA,NA,NA,NA,NA,NA,NA,NA
2023-07-27,CPICOREYOY-23JUL,7000,0,0,NA,NA,NA,NA,NA,NA,NA,NA,NA,NA,NA,NA,NA,NA,11.224489795918368,1.0204081632653061,39.795918367346935,3.061224489795918,10.204081632653061,34.69387755102041,0,NA,NA,NA,NA,NA,NA,NA,NA,NA,NA,NA,NA,NA,NA,NA,NA,NA,NA,NA,NA,NA,NA,NA,NA
2023-07-28,CPICOREYOY-23JUL,1100,0,0,NA,NA,NA,NA,NA,NA,NA,NA,NA,NA,NA,NA,NA,NA,9.183673469387756,1.0204081632653061,42.857142857142854,3.061224489795918,8.16326530612245,35.714285714285715,0,NA,NA,NA,NA,NA,NA,NA,NA,NA,NA,NA,NA,NA,NA,NA,NA,NA,NA,NA,NA,NA,NA,NA,NA
2023-07-29,CPICOREYOY-23JUL,11,0,0,NA,NA,NA,NA,NA,NA,NA,NA,NA,NA,NA,NA,NA,NA,11.224489795918368,1.0204081632653061,40.816326530612244,3.061224489795918,8.16326530612245,35.714285714285715,0,NA,NA,NA,NA,NA,NA,NA,NA,NA,NA,NA,NA,NA,NA,NA,NA,NA,NA,NA,NA,NA,NA,NA,NA
2023-07-30,CPICOREYOY-23JUL,13639,0,0,NA,NA,NA,NA,NA,NA,NA,NA,NA,NA,NA,NA,NA,NA,6.122448979591836,1.0204081632653061,38.775510204081634,3.061224489795918,11.224489795918368,39.795918367346935,0,NA,NA,NA,NA,NA,NA,NA,NA,NA,NA,NA,NA,NA,NA,NA,NA,NA,NA,NA,NA,NA,NA,NA,NA
2023-07-31,CPICOREYOY-23JUL,5800,0,0,NA,NA,NA,NA,NA,NA,NA,NA,NA,NA,NA,NA,NA,NA,6.122448979591836,1.0204081632653061,38.775510204081634,4.081632653061225,14.285714285714286,35.714285714285715,0,NA,NA,NA,NA,NA,NA,NA,NA,NA,NA,NA,NA,NA,NA,NA,NA,NA,NA,NA,NA,NA,NA,NA,NA
2023-08-01,CPICOREYOY-23JUL,688,0,0,NA,NA,NA,NA,NA,NA,NA,NA,NA,NA,NA,NA,NA,NA,4.081632653061225,0,36.734693877551024,4.081632653061225,16.3265306122449,38.775510204081634,0,NA,NA,NA,NA,NA,NA,NA,NA,NA,NA,NA,NA,NA,NA,NA,NA,NA,NA,NA,NA,NA,NA,NA,NA
2023-08-02,CPICOREYOY-23JUL,9462,0,0,NA,NA,NA,NA,NA,NA,NA,NA,NA,NA,NA,NA,NA,NA,4.081632653061225,0,30.612244897959183,5.1020408163265305,19.387755102040817,40.816326530612244,0,NA,NA,NA,NA,NA,NA,NA,NA,NA,NA,NA,NA,NA,NA,NA,NA,NA,NA,NA,NA,NA,NA,NA,NA
2023-08-03,CPICOREYOY-23JUL,1675,0,0,NA,NA,NA,NA,NA,NA,NA,NA,NA,NA,NA,NA,NA,NA,1.0204081632653061,4.081632653061225,31.632653061224488,5.1020408163265305,19.387755102040817,38.775510204081634,0,NA,NA,NA,NA,NA,NA,NA,NA,NA,NA,NA,NA,NA,NA,NA,NA,NA,NA,NA,NA,NA,NA,NA,NA
2023-08-04,CPICOREYOY-23JUL,2790,0,0,NA,NA,NA,NA,NA,NA,NA,NA,NA,NA,NA,NA,NA,NA,5.1020408163265305,0,25.510204081632654,3.061224489795918,17.346938775510203,48.97959183673469,0,NA,NA,NA,NA,NA,NA,NA,NA,NA,NA,NA,NA,NA,NA,NA,NA,NA,NA,NA,NA,NA,NA,NA,NA
2023-08-05,CPICOREYOY-23JUL,3101,0,0,NA,NA,NA,NA,NA,NA,NA,NA,NA,NA,NA,NA,NA,NA,6.122448979591838,0,29.591836734693878,2.0408163265306123,17.346938775510203,44.89795918367347,0,NA,NA,NA,NA,NA,NA,NA,NA,NA,NA,NA,NA,NA,NA,NA,NA,NA,NA,NA,NA,NA,NA,NA,NA
2023-08-06,CPICOREYOY-23JUL,0,0,0,NA,NA,NA,NA,NA,NA,NA,NA,NA,NA,NA,NA,NA,NA,6.122448979591838,0,29.591836734693878,2.0408163265306123,17.346938775510203,44.89795918367347,0,NA,NA,NA,NA,NA,NA,NA,NA,NA,NA,NA,NA,NA,NA,NA,NA,NA,NA,NA,NA,NA,NA,NA,NA
2023-08-07,CPICOREYOY-23JUL,8326,0,0,NA,NA,NA,NA,NA,NA,NA,NA,NA,NA,NA,NA,NA,NA,6.122448979591838,0,36.734693877551024,2.0408163265306123,16.3265306122449,38.775510204081634,0,NA,NA,NA,NA,NA,NA,NA,NA,NA,NA,NA,NA,NA,NA,NA,NA,NA,NA,NA,NA,NA,NA,NA,NA
2023-08-08,CPICOREYOY-23JUL,2537,0,0,NA,NA,NA,NA,NA,NA,NA,NA,NA,NA,NA,NA,NA,NA,5.1020408163265305,0,47.95918367346939,2.0408163265306123,16.3265306122449,28.571428571428573,0,NA,NA,NA,NA,NA,NA,NA,NA,NA,NA,NA,NA,NA,NA,NA,NA,NA,NA,NA,NA,NA,NA,NA,NA
2023-08-09,CPICOREYOY-23JUL,32875,0,0,NA,NA,NA,NA,NA,NA,NA,NA,NA,NA,NA,NA,NA,NA,7.142857142857143,0,40.816326530612244,1.0204081632653061,11.224489795918368,39.795918367346935,0,NA,NA,NA,NA,NA,NA,NA,NA,NA,NA,NA,NA,NA,NA,NA,NA,NA,NA,NA,NA,NA,NA,NA,NA
2023-08-10,CPICOREYOY-23JUL,750,0,0,NA,NA,NA,NA,NA,NA,NA,NA,NA,NA,NA,NA,NA,NA,7.142857142857143,0,41.83673469387755,1.0204081632653061,11.224489795918368,38.775510204081634,0,NA,NA,NA,NA,NA,NA,NA,NA,NA,NA,NA,NA,NA,NA,NA,NA,NA,NA,NA,NA,NA,NA,NA,NA
2023-08-14,CPICOREYOY-23AUG,12,NA,NA,NA,NA,NA,NA,NA,NA,NA,NA,NA,NA,NA,NA,NA,NA,NA,NA,NA,28.571428571428573,14.285714285714286,NA,26.53061224489796,5.1020408163265305,25.510204081632654,0,NA,NA,NA,NA,NA,NA,NA,NA,NA,NA,NA,NA,NA,NA,NA,NA,NA,NA,NA,NA,NA
2023-08-15,CPICOREYOY-23AUG,125,NA,NA,NA,NA,NA,NA,NA,NA,NA,NA,NA,NA,NA,NA,NA,NA,NA,NA,NA,28.571428571428573,14.285714285714286,NA,26.53061224489796,5.1020408163265305,25.510204081632654,0,NA,NA,NA,NA,NA,NA,NA,NA,NA,NA,NA,NA,NA,NA,NA,NA,NA,NA,NA,NA,NA
2023-08-16,CPICOREYOY-23AUG,500,NA,NA,NA,NA,NA,NA,NA,NA,NA,NA,NA,NA,NA,NA,NA,NA,NA,NA,NA,28.571428571428573,14.285714285714286,NA,26.53061224489796,7.142857142857143,13.26530612244898,10.204081632653061,NA,NA,NA,NA,NA,NA,NA,NA,NA,NA,NA,NA,NA,NA,NA,NA,NA,NA,NA,NA,NA
2023-08-17,CPICOREYOY-23AUG,0,NA,NA,NA,NA,NA,NA,NA,NA,NA,NA,NA,NA,NA,NA,NA,NA,NA,NA,NA,28.571428571428573,14.285714285714286,NA,26.53061224489796,7.142857142857143,13.26530612244898,10.204081632653061,NA,NA,NA,NA,NA,NA,NA,NA,NA,NA,NA,NA,NA,NA,NA,NA,NA,NA,NA,NA,NA
2023-08-18,CPICOREYOY-23AUG,0,NA,NA,NA,NA,NA,NA,NA,NA,NA,NA,NA,NA,NA,NA,NA,NA,NA,NA,NA,28.571428571428573,14.285714285714286,NA,26.53061224489796,7.142857142857143,13.26530612244898,10.204081632653061,NA,NA,NA,NA,NA,NA,NA,NA,NA,NA,NA,NA,NA,NA,NA,NA,NA,NA,NA,NA,NA
2023-08-19,CPICOREYOY-23AUG,0,NA,NA,NA,NA,NA,NA,NA,NA,NA,NA,NA,NA,NA,NA,NA,NA,NA,NA,NA,28.571428571428573,14.285714285714286,NA,26.53061224489796,7.142857142857143,13.26530612244898,10.204081632653061,NA,NA,NA,NA,NA,NA,NA,NA,NA,NA,NA,NA,NA,NA,NA,NA,NA,NA,NA,NA,NA
2023-08-20,CPICOREYOY-23AUG,2500,NA,NA,NA,NA,NA,NA,NA,NA,NA,NA,NA,NA,NA,NA,NA,NA,NA,NA,NA,29.591836734693878,13.265306122448981,NA,26.53061224489796,7.142857142857143,13.26530612244898,10.204081632653061,NA,NA,NA,NA,NA,NA,NA,NA,NA,NA,NA,NA,NA,NA,NA,NA,NA,NA,NA,NA,NA
2023-08-21,CPICOREYOY-23AUG,1500,NA,NA,NA,NA,NA,NA,NA,NA,NA,NA,NA,NA,NA,NA,NA,NA,NA,NA,NA,29.591836734693878,13.265306122448981,NA,46.93877551020408,0,10.204081632653061,0,NA,NA,NA,NA,NA,NA,NA,NA,NA,NA,NA,NA,NA,NA,NA,NA,NA,NA,NA,NA,NA
2023-08-22,CPICOREYOY-23AUG,2,NA,NA,NA,NA,NA,NA,NA,NA,NA,NA,NA,NA,NA,NA,NA,NA,NA,NA,NA,35.714285714285715,15.306122448979592,NA,38.775510204081634,0,10.204081632653061,0,NA,NA,NA,NA,NA,NA,NA,NA,NA,NA,NA,NA,NA,NA,NA,NA,NA,NA,NA,NA,NA
2023-08-23,CPICOREYOY-23AUG,300,NA,NA,NA,NA,NA,NA,NA,NA,NA,NA,NA,NA,NA,NA,NA,NA,NA,NA,NA,37.755102040816325,13.265306122448981,NA,38.775510204081634,0,10.204081632653061,0,NA,NA,NA,NA,NA,NA,NA,NA,NA,NA,NA,NA,NA,NA,NA,NA,NA,NA,NA,NA,NA
2023-08-24,CPICOREYOY-23AUG,600,NA,NA,NA,NA,NA,NA,NA,NA,NA,NA,NA,NA,NA,NA,NA,NA,NA,NA,NA,37.755102040816325,13.265306122448981,NA,38.775510204081634,0,10.204081632653061,0,NA,NA,NA,NA,NA,NA,NA,NA,NA,NA,NA,NA,NA,NA,NA,NA,NA,NA,NA,NA,NA
2023-08-25,CPICOREYOY-23AUG,1249,NA,NA,NA,NA,NA,NA,NA,NA,NA,NA,NA,NA,NA,NA,NA,NA,NA,NA,NA,39.795918367346935,11.224489795918368,NA,40.816326530612244,0,8.16326530612245,0,NA,NA,NA,NA,NA,NA,NA,NA,NA,NA,NA,NA,NA,NA,NA,NA,NA,NA,NA,NA,NA
2023-08-26,CPICOREYOY-23AUG,0,NA,NA,NA,NA,NA,NA,NA,NA,NA,NA,NA,NA,NA,NA,NA,NA,NA,NA,NA,39.795918367346935,11.224489795918368,NA,40.816326530612244,0,8.16326530612245,0,NA,NA,NA,NA,NA,NA,NA,NA,NA,NA,NA,NA,NA,NA,NA,NA,NA,NA,NA,NA,NA
2023-08-27,CPICOREYOY-23AUG,0,NA,NA,NA,NA,NA,NA,NA,NA,NA,NA,NA,NA,NA,NA,NA,NA,NA,NA,NA,39.795918367346935,11.224489795918368,NA,40.816326530612244,0,8.16326530612245,0,NA,NA,NA,NA,NA,NA,NA,NA,NA,NA,NA,NA,NA,NA,NA,NA,NA,NA,NA,NA,NA
2023-08-28,CPICOREYOY-23AUG,0,NA,NA,NA,NA,NA,NA,NA,NA,NA,NA,NA,NA,NA,NA,NA,NA,NA,NA,NA,39.795918367346935,11.224489795918368,NA,40.816326530612244,0,8.16326530612245,0,NA,NA,NA,NA,NA,NA,NA,NA,NA,NA,NA,NA,NA,NA,NA,NA,NA,NA,NA,NA,NA
2023-08-29,CPICOREYOY-23AUG,2192,NA,NA,NA,NA,NA,NA,NA,NA,NA,NA,NA,NA,NA,NA,NA,NA,NA,NA,NA,40.816326530612244,10.204081632653061,NA,41.83673469387755,2.0408163265306123,5.1020408163265305,0,NA,NA,NA,NA,NA,NA,NA,NA,NA,NA,NA,NA,NA,NA,NA,NA,NA,NA,NA,NA,NA
2023-08-30,CPICOREYOY-23AUG,0,NA,NA,NA,NA,NA,NA,NA,NA,NA,NA,NA,NA,NA,NA,NA,NA,NA,NA,NA,40.816326530612244,10.204081632653061,NA,41.83673469387755,2.0408163265306123,5.1020408163265305,0,NA,NA,NA,NA,NA,NA,NA,NA,NA,NA,NA,NA,NA,NA,NA,NA,NA,NA,NA,NA,NA
2023-08-31,CPICOREYOY-23AUG,2900,NA,NA,NA,NA,NA,NA,NA,NA,NA,NA,NA,NA,NA,NA,NA,NA,NA,NA,NA,41.83673469387755,9.183673469387756,NA,39.795918367346935,2.0408163265306123,7.142857142857143,0,NA,NA,NA,NA,NA,NA,NA,NA,NA,NA,NA,NA,NA,NA,NA,NA,NA,NA,NA,NA,NA
2023-09-01,CPICOREYOY-23AUG,0,NA,NA,NA,NA,NA,NA,NA,NA,NA,NA,NA,NA,NA,NA,NA,NA,NA,NA,NA,41.83673469387755,9.183673469387756,NA,39.795918367346935,2.0408163265306123,7.142857142857143,0,NA,NA,NA,NA,NA,NA,NA,NA,NA,NA,NA,NA,NA,NA,NA,NA,NA,NA,NA,NA,NA
2023-09-02,CPICOREYOY-23AUG,0,NA,NA,NA,NA,NA,NA,NA,NA,NA,NA,NA,NA,NA,NA,NA,NA,NA,NA,NA,41.83673469387755,9.183673469387756,NA,39.795918367346935,2.0408163265306123,7.142857142857143,0,NA,NA,NA,NA,NA,NA,NA,NA,NA,NA,NA,NA,NA,NA,NA,NA,NA,NA,NA,NA,NA
2023-09-03,CPICOREYOY-23AUG,0,NA,NA,NA,NA,NA,NA,NA,NA,NA,NA,NA,NA,NA,NA,NA,NA,NA,NA,NA,41.83673469387755,9.183673469387756,NA,39.795918367346935,2.0408163265306123,7.142857142857143,0,NA,NA,NA,NA,NA,NA,NA,NA,NA,NA,NA,NA,NA,NA,NA,NA,NA,NA,NA,NA,NA
2023-09-04,CPICOREYOY-23AUG,0,NA,NA,NA,NA,NA,NA,NA,NA,NA,NA,NA,NA,NA,NA,NA,NA,NA,NA,NA,41.83673469387755,9.183673469387756,NA,39.795918367346935,2.0408163265306123,7.142857142857143,0,NA,NA,NA,NA,NA,NA,NA,NA,NA,NA,NA,NA,NA,NA,NA,NA,NA,NA,NA,NA,NA
2023-09-05,CPICOREYOY-23AUG,55,NA,NA,NA,NA,NA,NA,NA,NA,NA,NA,NA,NA,NA,NA,NA,NA,NA,NA,NA,41.83673469387755,9.183673469387756,NA,39.795918367346935,2.0408163265306123,7.142857142857143,0,NA,NA,NA,NA,NA,NA,NA,NA,NA,NA,NA,NA,NA,NA,NA,NA,NA,NA,NA,NA,NA
2023-09-06,CPICOREYOY-23AUG,1500,NA,NA,NA,NA,NA,NA,NA,NA,NA,NA,NA,NA,NA,NA,NA,NA,NA,NA,NA,41.83673469387755,9.183673469387756,NA,39.795918367346935,2.0408163265306123,7.142857142857143,0,NA,NA,NA,NA,NA,NA,NA,NA,NA,NA,NA,NA,NA,NA,NA,NA,NA,NA,NA,NA,NA
2023-09-07,CPICOREYOY-23AUG,0,NA,NA,NA,NA,NA,NA,NA,NA,NA,NA,NA,NA,NA,NA,NA,NA,NA,NA,NA,41.83673469387755,9.183673469387756,NA,39.795918367346935,2.0408163265306123,7.142857142857143,0,NA,NA,NA,NA,NA,NA,NA,NA,NA,NA,NA,NA,NA,NA,NA,NA,NA,NA,NA,NA,NA
2023-09-08,CPICOREYOY-23AUG,0,NA,NA,NA,NA,NA,NA,NA,NA,NA,NA,NA,NA,NA,NA,NA,NA,NA,NA,NA,41.83673469387755,9.183673469387756,NA,39.795918367346935,2.0408163265306123,7.142857142857143,0,NA,NA,NA,NA,NA,NA,NA,NA,NA,NA,NA,NA,NA,NA,NA,NA,NA,NA,NA,NA,NA
2023-09-09,CPICOREYOY-23AUG,0,NA,NA,NA,NA,NA,NA,NA,NA,NA,NA,NA,NA,NA,NA,NA,NA,NA,NA,NA,41.83673469387755,9.183673469387756,NA,39.795918367346935,2.0408163265306123,7.142857142857143,0,NA,NA,NA,NA,NA,NA,NA,NA,NA,NA,NA,NA,NA,NA,NA,NA,NA,NA,NA,NA,NA
2023-09-10,CPICOREYOY-23AUG,0,NA,NA,NA,NA,NA,NA,NA,NA,NA,NA,NA,NA,NA,NA,NA,NA,NA,NA,NA,41.83673469387755,9.183673469387756,NA,39.795918367346935,2.0408163265306123,7.142857142857143,0,NA,NA,NA,NA,NA,NA,NA,NA,NA,NA,NA,NA,NA,NA,NA,NA,NA,NA,NA,NA,NA
2023-09-11,CPICOREYOY-23AUG,4545,NA,NA,NA,NA,NA,NA,NA,NA,NA,NA,NA,NA,NA,NA,NA,NA,NA,NA,NA,39.795918367346935,9.183673469387756,NA,41.83673469387755,2.0408163265306123,7.142857142857143,0,NA,NA,NA,NA,NA,NA,NA,NA,NA,NA,NA,NA,NA,NA,NA,NA,NA,NA,NA,NA,NA
2023-09-12,CPICOREYOY-23AUG,2063,NA,NA,NA,NA,NA,NA,NA,NA,NA,NA,NA,NA,NA,NA,NA,NA,NA,NA,NA,38.775510204081634,7.142857142857143,NA,45.91836734693877,2.0408163265306123,6.122448979591836,0,NA,NA,NA,NA,NA,NA,NA,NA,NA,NA,NA,NA,NA,NA,NA,NA,NA,NA,NA,NA,NA
2023-09-13,CPICOREYOY-23AUG,77,NA,NA,NA,NA,NA,NA,NA,NA,NA,NA,NA,NA,NA,NA,NA,NA,NA,NA,NA,45.91836734693877,7.142857142857143,NA,40.816326530612244,2.0408163265306123,4.081632653061225,0,NA,NA,NA,NA,NA,NA,NA,NA,NA,NA,NA,NA,NA,NA,NA,NA,NA,NA,NA,NA,NA
2023-09-13,CPICOREYOY-23SEP,7270,NA,NA,NA,NA,NA,NA,NA,NA,NA,NA,NA,NA,NA,NA,NA,NA,NA,NA,NA,NA,NA,NA,NA,39.795918367346935,24.489795918367346,22.448979591836736,13.26530612244898,NA,NA,NA,NA,NA,NA,NA,NA,NA,NA,NA,NA,NA,NA,NA,NA,NA,NA,NA,NA
2023-09-14,CPICOREYOY-23SEP,2860,NA,NA,NA,NA,NA,NA,NA,NA,NA,NA,NA,NA,NA,NA,NA,NA,NA,NA,NA,NA,NA,NA,NA,34.69387755102041,25.510204081632654,30.612244897959183,9.183673469387756,NA,NA,NA,NA,NA,NA,NA,NA,NA,NA,NA,NA,NA,NA,NA,NA,NA,NA,NA,NA
2023-09-15,CPICOREYOY-23SEP,31429,NA,NA,NA,NA,NA,NA,NA,NA,NA,NA,NA,NA,NA,NA,NA,NA,NA,NA,NA,NA,NA,NA,NA,34.69387755102041,25.510204081632654,30.612244897959183,4.081632653061225,0,0,0,0,0,0,0,0,0,0,0,3.061224489795918,1.0204081632653061,1.0204081632653061,NA,NA,NA,NA,NA,NA
2023-09-16,CPICOREYOY-23SEP,3581,NA,NA,NA,NA,NA,NA,NA,NA,NA,NA,NA,NA,NA,NA,NA,NA,NA,NA,NA,NA,NA,NA,NA,38.775510204081634,27.55102040816327,24.489795918367346,4.081632653061225,0,0,0,0,0,0,0,0,0,0,2.0408163265306123,1.0204081632653061,1.0204081632653061,1.0204081632653061,NA,NA,NA,NA,NA,NA
2023-09-17,CPICOREYOY-23SEP,21605,NA,NA,NA,NA,NA,NA,NA,NA,NA,NA,NA,NA,NA,NA,NA,NA,NA,NA,NA,NA,NA,NA,NA,38.775510204081634,27.55102040816327,24.489795918367346,7.142857142857143,0,0,0,0,0,0,0,0,0,0,0,0,0,2.0408163265306123,NA,NA,NA,NA,NA,NA
2023-09-18,CPICOREYOY-23SEP,23218,NA,NA,NA,NA,NA,NA,NA,NA,NA,NA,NA,NA,NA,NA,NA,NA,NA,NA,0,0,0,0,4.081632653061225,38.775510204081634,23.469387755102044,24.489795918367346,7.142857142857143,0,0,0,0,0,0,0,0,0,0,0,0,0,2.0408163265306123,NA,NA,NA,NA,NA,NA
2023-09-19,CPICOREYOY-23SEP,15432,NA,NA,NA,NA,NA,NA,NA,NA,NA,NA,NA,NA,NA,NA,NA,NA,NA,NA,0,0,0,0,4.081632653061225,38.775510204081634,23.469387755102044,24.489795918367346,1.0204081632653061,0,0,0,0,0,0,0,0,0,0,0,2.0408163265306123,5.1020408163265305,1.0204081632653061,NA,NA,NA,NA,NA,NA
2023-09-20,CPICOREYOY-23SEP,4450,NA,NA,NA,NA,NA,NA,NA,NA,NA,NA,NA,NA,NA,NA,NA,NA,NA,NA,0,0,0,0,4.081632653061225,38.775510204081634,23.469387755102044,24.489795918367346,1.0204081632653061,0,0,0,0,0,0,0,0,0,0,0,0,2.0408163265306123,6.122448979591836,NA,NA,NA,NA,NA,NA
2023-09-21,CPICOREYOY-23SEP,7126,NA,NA,NA,NA,NA,NA,NA,NA,NA,NA,NA,NA,NA,NA,NA,NA,NA,NA,0,0,0,0,4.081632653061225,46.93877551020408,23.469387755102044,16.3265306122449,1.0204081632653061,0,0,0,0,0,0,0,0,0,0,0,0,2.0408163265306123,6.122448979591836,NA,NA,NA,NA,NA,NA
2023-09-22,CPICOREYOY-23SEP,808,NA,NA,NA,NA,NA,NA,NA,NA,NA,NA,NA,NA,NA,NA,NA,NA,NA,NA,0,0,0,0,4.081632653061225,46.93877551020408,23.469387755102044,16.3265306122449,1.0204081632653061,0,0,0,0,0,0,0,0,0,0,0,0,2.0408163265306123,6.122448979591836,NA,NA,NA,NA,NA,NA
2023-09-23,CPICOREYOY-23SEP,0,NA,NA,NA,NA,NA,NA,NA,NA,NA,NA,NA,NA,NA,NA,NA,NA,NA,NA,0,0,0,0,4.081632653061225,46.93877551020408,23.469387755102044,16.3265306122449,1.0204081632653061,0,0,0,0,0,0,0,0,0,0,0,0,2.0408163265306123,6.122448979591836,NA,NA,NA,NA,NA,NA
2023-09-24,CPICOREYOY-23SEP,1405,NA,NA,NA,NA,NA,NA,NA,NA,NA,NA,NA,NA,NA,NA,NA,NA,NA,NA,0,0,0,0,4.081632653061225,46.93877551020408,23.469387755102044,16.3265306122449,1.0204081632653061,0,0,0,0,0,0,0,0,0,0,0,0,2.0408163265306123,6.122448979591836,NA,NA,NA,NA,NA,NA
2023-09-25,CPICOREYOY-23SEP,5485,NA,NA,NA,NA,NA,NA,NA,NA,NA,NA,NA,NA,NA,NA,NA,NA,NA,NA,0,0,0,0,4.081632653061225,46.93877551020408,23.469387755102044,16.3265306122449,1.0204081632653061,0,0,0,0,0,0,0,0,0,0,0,0,2.0408163265306123,6.122448979591836,NA,NA,NA,NA,NA,NA
2023-09-26,CPICOREYOY-23SEP,5202,NA,NA,NA,NA,NA,NA,NA,NA,NA,NA,NA,NA,NA,NA,NA,NA,NA,NA,0,0,0,0,4.081632653061225,46.93877551020408,23.469387755102044,16.3265306122449,1.0204081632653061,0,0,0,0,0,0,0,0,0,0,0,0,2.0408163265306123,6.122448979591836,NA,NA,NA,NA,NA,NA
2023-09-27,CPICOREYOY-23SEP,7653,NA,NA,NA,NA,NA,NA,NA,NA,NA,NA,NA,NA,NA,NA,NA,NA,NA,NA,0,0,0,0,4.081632653061225,46.93877551020408,23.469387755102044,16.3265306122449,6.122448979591836,0,0,0,0,0,0,0,0,0,0,0,0,2.0408163265306123,1.0204081632653061,NA,NA,NA,NA,NA,NA
2023-09-28,CPICOREYOY-23SEP,4452,NA,NA,NA,NA,NA,NA,NA,NA,NA,NA,NA,NA,NA,NA,NA,NA,NA,NA,0,0,0,0,4.081632653061225,46.93877551020408,23.469387755102044,16.3265306122449,6.122448979591836,0,0,0,0,0,0,0,0,0,0,0,0,0,3.061224489795918,NA,NA,NA,NA,NA,NA
2023-09-29,CPICOREYOY-23SEP,5247,NA,NA,NA,NA,NA,NA,NA,NA,NA,NA,NA,NA,NA,NA,NA,NA,NA,NA,0,0,0,0,4.081632653061225,46.93877551020408,23.469387755102044,16.3265306122449,7.142857142857143,0,0,0,0,0,0,0,0,0,0,0,0,0,2.0408163265306123,NA,NA,NA,NA,NA,NA
2023-09-30,CPICOREYOY-23SEP,560,NA,NA,NA,NA,NA,NA,NA,NA,NA,NA,NA,NA,NA,NA,NA,NA,NA,NA,0,0,0,0,4.081632653061225,46.93877551020408,23.469387755102044,6.122448979591836,17.346938775510203,0,0,0,0,0,0,0,0,0,0,0,0,1.0204081632653061,1.0204081632653061,NA,NA,NA,NA,NA,NA
2023-10-01,CPICOREYOY-23SEP,0,NA,NA,NA,NA,NA,NA,NA,NA,NA,NA,NA,NA,NA,NA,NA,NA,NA,NA,0,0,0,0,4.081632653061225,46.93877551020408,23.469387755102044,6.122448979591836,17.346938775510203,0,0,0,0,0,0,0,0,0,0,0,0,1.0204081632653061,1.0204081632653061,NA,NA,NA,NA,NA,NA
2023-10-02,CPICOREYOY-23SEP,5,NA,NA,NA,NA,NA,NA,NA,NA,NA,NA,NA,NA,NA,NA,NA,NA,NA,NA,0,0,0,0,4.081632653061225,46.93877551020408,23.469387755102044,23.46938775510204,1.0204081632653061,0,0,0,0,0,0,0,0,0,0,0,0,0,1.0204081632653061,NA,NA,NA,NA,NA,NA
2023-10-03,CPICOREYOY-23SEP,0,NA,NA,NA,NA,NA,NA,NA,NA,NA,NA,NA,NA,NA,NA,NA,NA,NA,NA,0,0,0,0,4.081632653061225,46.93877551020408,23.469387755102044,23.46938775510204,1.0204081632653061,0,0,0,0,0,0,0,0,0,0,0,0,0,1.0204081632653061,NA,NA,NA,NA,NA,NA
2023-10-04,CPICOREYOY-23SEP,100,NA,NA,NA,NA,NA,NA,NA,NA,NA,NA,NA,NA,NA,NA,NA,NA,NA,NA,0,0,0,0,4.081632653061225,37.755102040816325,23.469387755102044,32.6530612244898,1.0204081632653061,0,0,0,0,0,0,0,0,0,0,0,0,0,1.0204081632653061,NA,NA,NA,NA,NA,NA
2023-10-05,CPICOREYOY-23SEP,0,NA,NA,NA,NA,NA,NA,NA,NA,NA,NA,NA,NA,NA,NA,NA,NA,NA,NA,0,0,0,0,4.081632653061225,37.755102040816325,23.469387755102044,32.6530612244898,1.0204081632653061,0,0,0,0,0,0,0,0,0,0,0,0,0,1.0204081632653061,NA,NA,NA,NA,NA,NA
2023-10-06,CPICOREYOY-23SEP,0,NA,NA,NA,NA,NA,NA,NA,NA,NA,NA,NA,NA,NA,NA,NA,NA,NA,NA,0,0,0,0,4.081632653061225,37.755102040816325,23.469387755102044,32.6530612244898,1.0204081632653061,0,0,0,0,0,0,0,0,0,0,0,0,0,1.0204081632653061,NA,NA,NA,NA,NA,NA
2023-10-07,CPICOREYOY-23SEP,0,NA,NA,NA,NA,NA,NA,NA,NA,NA,NA,NA,NA,NA,NA,NA,NA,NA,NA,0,0,0,0,4.081632653061225,37.755102040816325,23.469387755102044,32.6530612244898,1.0204081632653061,0,0,0,0,0,0,0,0,0,0,0,0,0,1.0204081632653061,NA,NA,NA,NA,NA,NA
2023-10-08,CPICOREYOY-23SEP,0,NA,NA,NA,NA,NA,NA,NA,NA,NA,NA,NA,NA,NA,NA,NA,NA,NA,NA,0,0,0,0,4.081632653061225,37.755102040816325,23.469387755102044,32.6530612244898,1.0204081632653061,0,0,0,0,0,0,0,0,0,0,0,0,0,1.0204081632653061,NA,NA,NA,NA,NA,NA
2023-10-09,CPICOREYOY-23SEP,0,NA,NA,NA,NA,NA,NA,NA,NA,NA,NA,NA,NA,NA,NA,NA,NA,NA,NA,0,0,0,0,4.081632653061225,37.755102040816325,23.469387755102044,32.6530612244898,1.0204081632653061,0,0,0,0,0,0,0,0,0,0,0,0,0,1.0204081632653061,NA,NA,NA,NA,NA,NA
2023-10-10,CPICOREYOY-23SEP,0,NA,NA,NA,NA,NA,NA,NA,NA,NA,NA,NA,NA,NA,NA,NA,NA,NA,NA,0,0,0,0,4.081632653061225,37.755102040816325,23.469387755102044,32.6530612244898,1.0204081632653061,0,0,0,0,0,0,0,0,0,0,0,0,0,1.0204081632653061,NA,NA,NA,NA,NA,NA
2023-10-11,CPICOREYOY-23SEP,0,NA,NA,NA,NA,NA,NA,NA,NA,NA,NA,NA,NA,NA,NA,NA,NA,NA,NA,0,0,0,0,4.081632653061225,37.755102040816325,23.469387755102044,32.6530612244898,1.0204081632653061,0,0,0,0,0,0,0,0,0,0,0,0,0,1.0204081632653061,NA,NA,NA,NA,NA,NA
2023-10-12,CPICOREYOY-23SEP,7303,NA,NA,NA,NA,NA,NA,NA,NA,NA,NA,NA,NA,NA,NA,NA,NA,NA,NA,0,0,0,0,4.081632653061225,25.510204081632654,45.91836734693877,24.489795918367346,0,0,0,0,0,0,0,0,0,0,0,0,0,0,0,NA,NA,NA,NA,NA,NA
2023-10-15,CPICOREYOY-23OCT,0,NA,NA,NA,NA,NA,NA,NA,NA,NA,NA,NA,NA,NA,NA,NA,NA,NA,NA,NA,NA,NA,NA,NA,NA,NA,NA,NA,NA,NA,NA,NA,NA,NA,NA,NA,NA,NA,NA,NA,0,100,NA,NA,NA,NA,NA,NA
2023-10-16,CPICOREYOY-23OCT,4,NA,NA,NA,NA,NA,NA,NA,NA,NA,NA,NA,NA,NA,NA,NA,NA,NA,NA,NA,NA,NA,NA,NA,NA,NA,77.55102040816327,22.448979591836736,NA,NA,NA,NA,NA,NA,NA,NA,NA,NA,NA,NA,0,0,NA,NA,NA,NA,NA,NA
2023-10-17,CPICOREYOY-23OCT,0,NA,NA,NA,NA,NA,NA,NA,NA,NA,NA,NA,NA,NA,NA,NA,NA,NA,NA,NA,NA,NA,NA,NA,NA,NA,77.55102040816327,22.448979591836736,NA,NA,NA,NA,NA,NA,NA,NA,NA,NA,NA,NA,0,0,NA,NA,NA,NA,NA,NA
2023-10-18,CPICOREYOY-23OCT,0,NA,NA,NA,NA,NA,NA,NA,NA,NA,NA,NA,NA,NA,NA,NA,NA,NA,NA,NA,NA,NA,NA,NA,NA,NA,77.55102040816327,22.448979591836736,NA,NA,NA,NA,NA,NA,NA,NA,NA,NA,NA,NA,0,0,NA,NA,NA,NA,NA,NA
2023-10-19,CPICOREYOY-23OCT,0,NA,NA,NA,NA,NA,NA,NA,NA,NA,NA,NA,NA,NA,NA,NA,NA,NA,NA,NA,NA,NA,NA,NA,NA,NA,77.55102040816327,22.448979591836736,NA,NA,NA,NA,NA,NA,NA,NA,NA,NA,NA,NA,0,0,NA,NA,NA,NA,NA,NA
2023-10-20,CPICOREYOY-23OCT,19,NA,NA,NA,NA,NA,NA,NA,NA,NA,NA,NA,NA,NA,NA,NA,NA,NA,NA,NA,NA,NA,NA,NA,33.673469387755105,0,58.16326530612245,8.16326530612245,NA,NA,NA,NA,NA,NA,NA,NA,NA,NA,NA,NA,0,0,NA,NA,NA,NA,NA,NA
2023-10-21,CPICOREYOY-23OCT,125,NA,NA,NA,NA,NA,NA,NA,NA,NA,NA,NA,NA,NA,NA,NA,NA,NA,NA,NA,NA,NA,NA,NA,33.673469387755105,0,62.244897959183675,4.081632653061225,NA,NA,NA,NA,NA,NA,NA,NA,NA,NA,NA,NA,0,0,NA,NA,NA,NA,NA,NA
2023-10-22,CPICOREYOY-23OCT,2,NA,NA,NA,NA,NA,NA,NA,NA,NA,NA,NA,NA,NA,NA,NA,NA,NA,NA,NA,NA,NA,NA,NA,44.89795918367347,33.673469387755105,17.346938775510203,4.081632653061225,NA,NA,NA,NA,NA,NA,NA,NA,NA,NA,NA,NA,0,0,NA,NA,NA,NA,NA,NA
2023-10-23,CPICOREYOY-23OCT,275,NA,NA,NA,NA,NA,NA,NA,NA,NA,NA,NA,NA,NA,NA,NA,NA,NA,NA,NA,NA,NA,NA,NA,43.87755102040816,34.69387755102041,17.346938775510203,4.081632653061225,NA,NA,NA,NA,NA,NA,NA,NA,NA,NA,NA,NA,0,0,NA,NA,NA,NA,NA,NA
2023-10-24,CPICOREYOY-23OCT,0,NA,NA,NA,NA,NA,NA,NA,NA,NA,NA,NA,NA,NA,NA,NA,NA,NA,NA,NA,NA,NA,NA,NA,43.87755102040816,34.69387755102041,17.346938775510203,4.081632653061225,NA,NA,NA,NA,NA,NA,NA,NA,NA,NA,NA,NA,0,0,NA,NA,NA,NA,NA,NA
2023-10-25,CPICOREYOY-23OCT,710,NA,NA,NA,NA,NA,NA,NA,NA,NA,NA,NA,NA,NA,NA,NA,NA,NA,NA,NA,NA,NA,NA,NA,50,24.489795918367346,21.428571428571427,4.081632653061225,NA,NA,NA,NA,NA,NA,NA,NA,NA,NA,NA,NA,0,0,NA,NA,NA,NA,NA,NA
2023-10-26,CPICOREYOY-23OCT,195,NA,NA,NA,NA,NA,NA,NA,NA,NA,NA,NA,NA,NA,NA,NA,NA,NA,NA,NA,NA,NA,NA,NA,48.97959183673469,25.510204081632654,21.428571428571427,4.081632653061225,NA,NA,NA,NA,NA,NA,NA,NA,NA,NA,NA,NA,0,0,NA,NA,NA,NA,NA,NA
2023-10-27,CPICOREYOY-23OCT,205,NA,NA,NA,NA,NA,NA,NA,NA,NA,NA,NA,NA,NA,NA,NA,NA,NA,NA,NA,NA,NA,NA,NA,48.97959183673469,25.510204081632654,21.428571428571427,4.081632653061225,NA,NA,NA,NA,NA,NA,NA,NA,NA,NA,NA,NA,0,0,NA,NA,NA,NA,NA,NA
2023-10-28,CPICOREYOY-23OCT,0,NA,NA,NA,NA,NA,NA,NA,NA,NA,NA,NA,NA,NA,NA,NA,NA,NA,NA,NA,NA,NA,NA,NA,48.97959183673469,25.510204081632654,21.428571428571427,4.081632653061225,NA,NA,NA,NA,NA,NA,NA,NA,NA,NA,NA,NA,0,0,NA,NA,NA,NA,NA,NA
2023-10-29,CPICOREYOY-23OCT,400,NA,NA,NA,NA,NA,NA,NA,NA,NA,NA,NA,NA,NA,NA,NA,NA,NA,NA,NA,NA,NA,NA,NA,62.244897959183675,25.510204081632654,8.16326530612245,4.081632653061225,NA,NA,NA,NA,NA,NA,NA,NA,NA,NA,NA,NA,0,0,NA,NA,NA,NA,NA,NA
2023-10-30,CPICOREYOY-23OCT,0,NA,NA,NA,NA,NA,NA,NA,NA,NA,NA,NA,NA,NA,NA,NA,NA,NA,NA,NA,NA,NA,NA,NA,62.244897959183675,25.510204081632654,8.16326530612245,4.081632653061225,NA,NA,NA,NA,NA,NA,NA,NA,NA,NA,NA,NA,0,0,NA,NA,NA,NA,NA,NA
2023-10-31,CPICOREYOY-23OCT,100,NA,NA,NA,NA,NA,NA,NA,NA,NA,NA,NA,NA,NA,NA,NA,NA,NA,NA,NA,NA,NA,NA,NA,62.244897959183675,25.510204081632654,10.204081632653061,2.0408163265306123,NA,NA,NA,NA,NA,NA,NA,NA,NA,NA,NA,NA,0,0,NA,NA,NA,NA,NA,NA
2023-11-01,CPICOREYOY-23OCT,0,NA,NA,NA,NA,NA,NA,NA,NA,NA,NA,NA,NA,NA,NA,NA,NA,NA,NA,NA,NA,NA,NA,NA,62.244897959183675,25.510204081632654,10.204081632653061,2.0408163265306123,NA,NA,NA,NA,NA,NA,NA,NA,NA,NA,NA,NA,0,0,NA,NA,NA,NA,NA,NA
2023-11-02,CPICOREYOY-23OCT,865,NA,NA,NA,NA,NA,NA,NA,NA,NA,NA,NA,NA,NA,NA,NA,NA,NA,NA,NA,NA,NA,NA,NA,48.97959183673469,26.53061224489796,22.448979591836736,2.0408163265306123,NA,NA,NA,NA,NA,NA,NA,NA,NA,NA,NA,NA,0,0,NA,NA,NA,NA,NA,NA
2023-11-03,CPICOREYOY-23OCT,1565,NA,NA,NA,NA,NA,NA,NA,NA,NA,NA,NA,NA,NA,NA,NA,NA,NA,NA,NA,NA,NA,NA,NA,54.08163265306123,28.571428571428566,15.306122448979592,2.0408163265306123,NA,NA,NA,NA,NA,NA,NA,NA,NA,NA,NA,NA,0,0,NA,NA,NA,NA,NA,NA
2023-11-04,CPICOREYOY-23OCT,0,NA,NA,NA,NA,NA,NA,NA,NA,NA,NA,NA,NA,NA,NA,NA,NA,NA,NA,NA,NA,NA,NA,NA,54.08163265306123,28.571428571428566,15.306122448979592,2.0408163265306123,NA,NA,NA,NA,NA,NA,NA,NA,NA,NA,NA,NA,0,0,NA,NA,NA,NA,NA,NA
2023-11-05,CPICOREYOY-23OCT,0,NA,NA,NA,NA,NA,NA,NA,NA,NA,NA,NA,NA,NA,NA,NA,NA,NA,NA,NA,NA,NA,NA,NA,54.08163265306123,28.571428571428566,15.306122448979592,2.0408163265306123,NA,NA,NA,NA,NA,NA,NA,NA,NA,NA,NA,NA,0,0,NA,NA,NA,NA,NA,NA
2023-11-06,CPICOREYOY-23OCT,0,NA,NA,NA,NA,NA,NA,NA,NA,NA,NA,NA,NA,NA,NA,NA,NA,NA,NA,NA,NA,NA,NA,NA,54.08163265306123,28.571428571428566,15.306122448979592,2.0408163265306123,NA,NA,NA,NA,NA,NA,NA,NA,NA,NA,NA,NA,0,0,NA,NA,NA,NA,NA,NA
2023-11-07,CPICOREYOY-23OCT,0,NA,NA,NA,NA,NA,NA,NA,NA,NA,NA,NA,NA,NA,NA,NA,NA,NA,NA,NA,NA,NA,NA,NA,54.08163265306123,28.571428571428566,15.306122448979592,2.0408163265306123,NA,NA,NA,NA,NA,NA,NA,NA,NA,NA,NA,NA,0,0,NA,NA,NA,NA,NA,NA
2023-11-08,CPICOREYOY-23OCT,185,NA,NA,NA,NA,NA,NA,NA,NA,NA,NA,NA,NA,NA,NA,NA,NA,NA,NA,NA,NA,NA,NA,NA,54.08163265306123,28.571428571428566,15.306122448979592,2.0408163265306123,NA,NA,NA,NA,NA,NA,NA,NA,NA,NA,NA,NA,0,0,NA,NA,NA,NA,NA,NA
2023-11-09,CPICOREYOY-23OCT,2,NA,NA,NA,NA,NA,NA,NA,NA,NA,NA,NA,NA,NA,NA,NA,NA,NA,NA,NA,NA,NA,NA,NA,59.183673469387756,28.571428571428566,10.204081632653061,2.0408163265306123,NA,NA,NA,NA,NA,NA,NA,NA,NA,NA,NA,NA,0,0,NA,NA,NA,NA,NA,NA
2023-11-10,CPICOREYOY-23OCT,233,NA,NA,NA,NA,NA,NA,NA,NA,NA,NA,NA,NA,NA,NA,NA,NA,NA,NA,NA,NA,NA,NA,NA,62.244897959183675,27.55102040816327,8.16326530612245,2.0408163265306123,NA,NA,NA,NA,NA,NA,NA,NA,NA,NA,NA,NA,0,0,NA,NA,NA,NA,NA,NA
2023-11-11,CPICOREYOY-23OCT,415,NA,NA,NA,NA,NA,NA,NA,NA,NA,NA,NA,NA,NA,NA,NA,NA,NA,NA,NA,NA,NA,NA,NA,65.3061224489796,24.489795918367346,8.16326530612245,2.0408163265306123,NA,NA,NA,NA,NA,NA,NA,NA,NA,NA,NA,NA,0,0,NA,NA,NA,NA,NA,NA
2023-11-12,CPICOREYOY-23OCT,0,NA,NA,NA,NA,NA,NA,NA,NA,NA,NA,NA,NA,NA,NA,NA,NA,NA,NA,NA,NA,NA,NA,NA,65.3061224489796,24.489795918367346,8.16326530612245,2.0408163265306123,NA,NA,NA,NA,NA,NA,NA,NA,NA,NA,NA,NA,0,0,NA,NA,NA,NA,NA,NA
2023-11-13,CPICOREYOY-23NOV,434,NA,NA,NA,NA,NA,NA,NA,NA,NA,NA,NA,NA,NA,NA,NA,NA,NA,NA,NA,NA,NA,NA,17.346938775510203,33.673469387755105,26.53061224489796,22.448979591836736,NA,NA,NA,NA,NA,NA,NA,NA,NA,NA,NA,NA,NA,NA,NA,NA,NA,NA,NA,NA,NA
2023-11-13,CPICOREYOY-23OCT,5260,NA,NA,NA,NA,NA,NA,NA,NA,NA,NA,NA,NA,NA,NA,NA,NA,NA,NA,NA,NA,NA,NA,NA,63.265306122448976,25.510204081632654,10.204081632653061,1.0204081632653061,NA,NA,NA,NA,NA,NA,NA,NA,NA,NA,NA,NA,0,0,NA,NA,NA,NA,NA,NA
2023-11-14,CPICOREYOY-23NOV,1060,NA,NA,NA,NA,NA,NA,NA,NA,NA,NA,NA,NA,NA,NA,NA,NA,NA,NA,NA,NA,NA,NA,7.142857142857143,51.02040816326531,26.53061224489796,15.306122448979592,NA,NA,NA,NA,NA,NA,NA,NA,NA,NA,NA,NA,NA,NA,NA,NA,NA,NA,NA,NA,NA
2023-11-14,CPICOREYOY-23OCT,494,NA,NA,NA,NA,NA,NA,NA,NA,NA,NA,NA,NA,NA,NA,NA,NA,NA,NA,NA,NA,NA,NA,6.122448979591838,64.28571428571429,20.408163265306122,8.16326530612245,1.0204081632653061,NA,NA,NA,NA,NA,NA,NA,NA,NA,NA,NA,NA,0,0,NA,NA,NA,NA,NA,NA
2023-11-15,CPICOREYOY-23NOV,8,NA,NA,NA,NA,NA,NA,NA,NA,NA,NA,NA,NA,NA,NA,NA,NA,NA,NA,NA,NA,NA,NA,7.142857142857143,47.95918367346939,29.591836734693878,15.306122448979592,NA,NA,NA,NA,NA,NA,NA,NA,NA,NA,NA,NA,NA,NA,NA,NA,NA,NA,NA,NA,NA
2023-11-16,CPICOREYOY-23NOV,730,NA,NA,NA,NA,NA,NA,NA,NA,NA,NA,NA,NA,NA,NA,NA,NA,NA,NA,NA,NA,NA,NA,2.0408163265306123,37.755102040816325,34.69387755102041,25.510204081632654,NA,NA,NA,NA,NA,NA,NA,NA,NA,NA,NA,NA,NA,NA,NA,NA,NA,NA,NA,NA,NA
2023-11-17,CPICOREYOY-23NOV,0,NA,NA,NA,NA,NA,NA,NA,NA,NA,NA,NA,NA,NA,NA,NA,NA,NA,NA,NA,NA,NA,NA,2.0408163265306123,37.755102040816325,34.69387755102041,25.510204081632654,NA,NA,NA,NA,NA,NA,NA,NA,NA,NA,NA,NA,NA,NA,NA,NA,NA,NA,NA,NA,NA
2023-11-18,CPICOREYOY-23NOV,0,NA,NA,NA,NA,NA,NA,NA,NA,NA,NA,NA,NA,NA,NA,NA,NA,NA,NA,NA,NA,NA,NA,2.0408163265306123,37.755102040816325,34.69387755102041,25.510204081632654,NA,NA,NA,NA,NA,NA,NA,NA,NA,NA,NA,NA,NA,NA,NA,NA,NA,NA,NA,NA,NA
2023-11-19,CPICOREYOY-23NOV,110,NA,NA,NA,NA,NA,NA,NA,NA,NA,NA,NA,NA,NA,NA,NA,NA,NA,NA,NA,NA,NA,NA,2.0408163265306123,33.673469387755105,34.69387755102041,29.591836734693878,0,NA,NA,NA,NA,NA,NA,NA,NA,NA,NA,NA,0,0,0,NA,NA,NA,NA,NA,NA
2023-11-20,CPICOREYOY-23NOV,29,NA,NA,NA,NA,NA,NA,NA,NA,NA,NA,NA,NA,NA,NA,NA,NA,NA,NA,NA,NA,NA,NA,2.0408163265306123,33.673469387755105,34.69387755102041,29.591836734693878,0,NA,NA,NA,NA,NA,NA,NA,NA,NA,NA,NA,0,0,0,NA,NA,NA,NA,NA,NA
2023-11-21,CPICOREYOY-23NOV,1,NA,NA,NA,NA,NA,NA,NA,NA,NA,NA,NA,NA,NA,NA,NA,NA,0,0,0,0,0,0,2.0408163265306123,33.673469387755105,34.69387755102041,29.591836734693878,0,NA,NA,NA,NA,NA,NA,NA,NA,NA,NA,NA,0,0,0,NA,NA,NA,NA,NA,NA
2023-11-22,CPICOREYOY-23NOV,0,NA,NA,NA,NA,NA,NA,NA,NA,NA,NA,NA,NA,NA,NA,NA,NA,0,0,0,0,0,0,2.0408163265306123,33.673469387755105,34.69387755102041,29.591836734693878,0,NA,NA,NA,NA,NA,NA,NA,NA,NA,NA,NA,0,0,0,NA,NA,NA,NA,NA,NA
2023-11-23,CPICOREYOY-23NOV,0,NA,NA,NA,NA,NA,NA,NA,NA,NA,NA,NA,NA,NA,NA,NA,NA,0,0,0,0,0,0,2.0408163265306123,33.673469387755105,34.69387755102041,29.591836734693878,0,NA,NA,NA,NA,NA,NA,NA,NA,NA,NA,NA,0,0,0,NA,NA,NA,NA,NA,NA
2023-11-24,CPICOREYOY-23NOV,0,NA,NA,NA,NA,NA,NA,NA,NA,NA,NA,NA,NA,NA,NA,NA,NA,0,0,0,0,0,0,2.0408163265306123,33.673469387755105,34.69387755102041,29.591836734693878,0,NA,NA,NA,NA,NA,NA,NA,NA,NA,NA,NA,0,0,0,NA,NA,NA,NA,NA,NA
2023-11-25,CPICOREYOY-23NOV,0,NA,NA,NA,NA,NA,NA,NA,NA,NA,NA,NA,NA,NA,NA,NA,NA,0,0,0,0,0,0,2.0408163265306123,33.673469387755105,34.69387755102041,29.591836734693878,0,NA,NA,NA,NA,NA,NA,NA,NA,NA,NA,NA,0,0,0,NA,NA,NA,NA,NA,NA
2023-11-26,CPICOREYOY-23NOV,0,NA,NA,NA,NA,NA,NA,NA,NA,NA,NA,NA,NA,NA,NA,NA,NA,0,0,0,0,0,0,2.0408163265306123,33.673469387755105,34.69387755102041,29.591836734693878,0,NA,NA,NA,NA,NA,NA,NA,NA,NA,NA,NA,0,0,0,NA,NA,NA,NA,NA,NA
2023-11-27,CPICOREYOY-23NOV,0,NA,NA,NA,NA,NA,NA,NA,NA,NA,NA,NA,NA,NA,NA,NA,NA,0,0,0,0,0,0,2.0408163265306123,33.673469387755105,34.69387755102041,29.591836734693878,0,NA,NA,NA,NA,NA,NA,NA,NA,NA,NA,NA,0,0,0,NA,NA,NA,NA,NA,NA
2023-11-28,CPICOREYOY-23NOV,611,NA,NA,NA,NA,NA,NA,NA,NA,NA,NA,NA,NA,NA,NA,NA,NA,0,0,0,0,0,0,2.0408163265306123,48.97959183673469,17.346938775510203,31.632653061224488,0,NA,NA,NA,NA,NA,NA,NA,NA,NA,NA,NA,0,0,0,NA,NA,NA,NA,NA,NA
2023-11-29,CPICOREYOY-23NOV,18,NA,NA,NA,NA,NA,NA,NA,NA,NA,NA,NA,NA,NA,NA,NA,NA,0,0,0,0,0,0,2.0408163265306123,48.97959183673469,17.346938775510203,31.632653061224488,0,NA,NA,NA,NA,NA,NA,NA,NA,NA,NA,NA,0,0,0,NA,NA,NA,NA,NA,NA
2023-11-30,CPICOREYOY-23NOV,0,NA,NA,NA,NA,NA,NA,NA,NA,NA,NA,NA,NA,NA,NA,NA,NA,0,0,0,0,0,0,2.0408163265306123,48.97959183673469,17.346938775510203,31.632653061224488,0,NA,NA,NA,NA,NA,NA,NA,NA,NA,NA,NA,0,0,0,NA,NA,NA,NA,NA,NA
2023-12-01,CPICOREYOY-23NOV,0,NA,NA,NA,NA,NA,NA,NA,NA,NA,NA,NA,NA,NA,NA,NA,NA,0,0,0,0,0,0,2.0408163265306123,48.97959183673469,17.346938775510203,31.632653061224488,0,NA,NA,NA,NA,NA,NA,NA,NA,NA,NA,NA,0,0,0,NA,NA,NA,NA,NA,NA
2023-12-02,CPICOREYOY-23NOV,48,NA,NA,NA,NA,NA,NA,NA,NA,NA,NA,NA,NA,NA,NA,NA,NA,0,0,0,0,0,0,2.0408163265306123,51.02040816326531,10.204081632653061,36.734693877551024,0,NA,NA,NA,NA,NA,NA,NA,NA,NA,NA,NA,0,0,0,NA,NA,NA,NA,NA,NA
2023-12-03,CPICOREYOY-23NOV,0,NA,NA,NA,NA,NA,NA,NA,NA,NA,NA,NA,NA,NA,NA,NA,NA,0,0,0,0,0,0,2.0408163265306123,51.02040816326531,10.204081632653061,36.734693877551024,0,NA,NA,NA,NA,NA,NA,NA,NA,NA,NA,NA,0,0,0,NA,NA,NA,NA,NA,NA
2023-12-04,CPICOREYOY-23NOV,0,NA,NA,NA,NA,NA,NA,NA,NA,NA,NA,NA,NA,NA,NA,NA,NA,0,0,0,0,0,0,2.0408163265306123,51.02040816326531,10.204081632653061,36.734693877551024,0,NA,NA,NA,NA,NA,NA,NA,NA,NA,NA,NA,0,0,0,NA,NA,NA,NA,NA,NA
2023-12-05,CPICOREYOY-23NOV,0,NA,NA,NA,NA,NA,NA,NA,NA,NA,NA,NA,NA,NA,NA,NA,NA,0,0,0,0,0,0,2.0408163265306123,51.02040816326531,10.204081632653061,36.734693877551024,0,NA,NA,NA,NA,NA,NA,NA,NA,NA,NA,NA,0,0,0,NA,NA,NA,NA,NA,NA
2023-12-06,CPICOREYOY-23NOV,0,NA,NA,NA,NA,NA,NA,NA,NA,NA,NA,NA,NA,NA,NA,NA,NA,0,0,0,0,0,0,2.0408163265306123,51.02040816326531,10.204081632653061,36.734693877551024,0,NA,NA,NA,NA,NA,NA,NA,NA,NA,NA,NA,0,0,0,NA,NA,NA,NA,NA,NA
2023-12-07,CPICOREYOY-23NOV,0,NA,NA,NA,NA,NA,NA,NA,NA,NA,NA,NA,NA,NA,NA,NA,NA,0,0,0,0,0,0,2.0408163265306123,51.02040816326531,10.204081632653061,36.734693877551024,0,NA,NA,NA,NA,NA,NA,NA,NA,NA,NA,NA,0,0,0,NA,NA,NA,NA,NA,NA
2023-12-08,CPICOREYOY-23NOV,40,NA,NA,NA,NA,NA,NA,NA,NA,NA,NA,NA,NA,NA,NA,NA,NA,0,0,0,0,0,0,2.0408163265306123,50,7.142857142857143,40.816326530612244,0,NA,NA,NA,NA,NA,NA,NA,NA,NA,NA,NA,0,0,0,NA,NA,NA,NA,NA,NA
2023-12-09,CPICOREYOY-23NOV,0,NA,NA,NA,NA,NA,NA,NA,NA,NA,NA,NA,NA,NA,NA,NA,NA,0,0,0,0,0,0,2.0408163265306123,50,7.142857142857143,40.816326530612244,0,NA,NA,NA,NA,NA,NA,NA,NA,NA,NA,NA,0,0,0,NA,NA,NA,NA,NA,NA
2023-12-10,CPICOREYOY-23NOV,0,NA,NA,NA,NA,NA,NA,NA,NA,NA,NA,NA,NA,NA,NA,NA,NA,0,0,0,0,0,0,2.0408163265306123,50,7.142857142857143,40.816326530612244,0,NA,NA,NA,NA,NA,NA,NA,NA,NA,NA,NA,0,0,0,NA,NA,NA,NA,NA,NA
2023-12-11,CPICOREYOY-23NOV,350,NA,NA,NA,NA,NA,NA,NA,NA,NA,NA,NA,NA,NA,NA,NA,NA,0,0,0,0,0,0,0,2.0408163265306123,0,44.89795918367347,53.06122448979592,NA,NA,NA,NA,NA,NA,NA,NA,NA,NA,NA,0,0,0,NA,NA,NA,NA,NA,NA
2023-12-12,CPICOREYOY-23NOV,5,NA,NA,NA,NA,NA,NA,NA,NA,NA,NA,NA,NA,NA,NA,NA,NA,0,0,0,0,0,0,0,2.0408163265306123,0,28.571428571428573,69.38775510204081,NA,NA,NA,NA,NA,NA,NA,NA,NA,NA,NA,0,0,0,NA,NA,NA,NA,NA,NA
2023-12-14,CPICOREYOY-23DEC,5,NA,NA,NA,NA,NA,NA,NA,NA,NA,NA,NA,NA,NA,NA,NA,NA,NA,NA,NA,NA,NA,NA,NA,NA,NA,NA,75.51020408163265,NA,NA,NA,NA,NA,NA,NA,NA,NA,NA,NA,NA,NA,24.489795918367346,NA,NA,NA,NA,NA,NA
2023-12-15,CPICOREYOY-23DEC,100,NA,NA,NA,NA,NA,NA,NA,NA,NA,NA,NA,NA,NA,NA,NA,NA,NA,NA,NA,NA,NA,NA,NA,NA,NA,NA,75.51020408163265,NA,NA,NA,NA,NA,NA,NA,NA,NA,NA,NA,0,22.448979591836736,2.0408163265306123,NA,NA,NA,NA,NA,NA
2023-12-16,CPICOREYOY-23DEC,0,NA,NA,NA,NA,NA,NA,NA,NA,NA,NA,NA,NA,NA,NA,NA,NA,NA,NA,NA,NA,NA,NA,NA,NA,NA,NA,75.51020408163265,NA,NA,NA,NA,NA,NA,NA,NA,NA,NA,NA,0,22.448979591836736,2.0408163265306123,NA,NA,NA,NA,NA,NA
2023-12-17,CPICOREYOY-23DEC,0,NA,NA,NA,NA,NA,NA,NA,NA,NA,NA,NA,NA,NA,NA,NA,NA,NA,NA,NA,NA,NA,NA,NA,NA,NA,NA,75.51020408163265,NA,NA,NA,NA,NA,NA,NA,NA,NA,NA,NA,0,22.448979591836736,2.0408163265306123,NA,NA,NA,NA,NA,NA
2023-12-18,CPICOREYOY-23DEC,300,NA,NA,NA,NA,NA,NA,NA,NA,NA,NA,NA,NA,NA,NA,NA,NA,NA,NA,NA,NA,NA,NA,NA,NA,NA,NA,0,NA,NA,NA,NA,NA,NA,NA,NA,NA,NA,NA,22.448979591836736,40.816326530612244,36.734693877551024,NA,NA,NA,NA,NA,NA
2023-12-19,CPICOREYOY-23DEC,0,NA,NA,NA,NA,NA,NA,NA,NA,NA,NA,NA,NA,NA,NA,NA,NA,NA,NA,NA,NA,NA,NA,NA,NA,NA,NA,0,NA,NA,NA,NA,NA,NA,NA,NA,NA,NA,NA,22.448979591836736,40.816326530612244,36.734693877551024,NA,NA,NA,NA,NA,NA
2023-12-20,CPICOREYOY-23DEC,0,NA,NA,NA,NA,NA,NA,NA,NA,NA,NA,NA,NA,NA,NA,NA,NA,NA,NA,NA,NA,NA,NA,NA,NA,NA,NA,0,NA,NA,NA,NA,NA,NA,NA,NA,NA,NA,NA,22.448979591836736,40.816326530612244,36.734693877551024,NA,NA,NA,NA,NA,NA
2023-12-21,CPICOREYOY-23DEC,0,NA,NA,NA,NA,NA,NA,NA,NA,NA,NA,NA,NA,NA,NA,NA,NA,NA,NA,NA,NA,NA,NA,NA,NA,NA,NA,0,NA,NA,NA,NA,NA,NA,NA,NA,NA,NA,NA,22.448979591836736,40.816326530612244,36.734693877551024,NA,NA,NA,NA,NA,NA
2023-12-22,CPICOREYOY-23DEC,960,NA,NA,NA,NA,NA,NA,NA,NA,NA,NA,NA,NA,NA,NA,NA,NA,NA,NA,NA,NA,NA,NA,NA,NA,NA,NA,35.714285714285715,NA,NA,NA,NA,NA,NA,NA,NA,NA,NA,NA,0,7.142857142857143,57.142857142857146,NA,NA,NA,NA,NA,NA
2023-12-23,CPICOREYOY-23DEC,0,NA,NA,NA,NA,NA,NA,NA,NA,NA,NA,NA,NA,NA,NA,NA,NA,NA,NA,NA,NA,NA,NA,NA,NA,NA,NA,35.714285714285715,NA,NA,NA,NA,NA,NA,NA,NA,NA,NA,NA,0,7.142857142857143,57.142857142857146,NA,NA,NA,NA,NA,NA
2023-12-24,CPICOREYOY-23DEC,10,NA,NA,NA,NA,NA,NA,NA,NA,NA,NA,NA,NA,NA,NA,NA,NA,NA,NA,NA,NA,NA,NA,NA,NA,NA,3.061224489795918,32.6530612244898,NA,NA,NA,NA,NA,NA,NA,NA,NA,NA,NA,0,7.142857142857143,57.142857142857146,NA,NA,NA,NA,NA,NA
2023-12-25,CPICOREYOY-23DEC,0,NA,NA,NA,NA,NA,NA,NA,NA,NA,NA,NA,NA,NA,NA,NA,NA,NA,NA,NA,NA,NA,NA,NA,NA,NA,3.061224489795918,32.6530612244898,NA,NA,NA,NA,NA,NA,NA,NA,NA,NA,NA,0,7.142857142857143,57.142857142857146,NA,NA,NA,NA,NA,NA
2023-12-26,CPICOREYOY-23DEC,0,NA,NA,NA,NA,NA,NA,NA,NA,NA,NA,NA,NA,NA,NA,NA,NA,NA,NA,NA,NA,NA,NA,NA,NA,NA,3.061224489795918,32.6530612244898,NA,NA,NA,NA,NA,NA,NA,NA,NA,NA,NA,0,7.142857142857143,57.142857142857146,NA,NA,NA,NA,NA,NA
2023-12-27,CPICOREYOY-23DEC,0,NA,NA,NA,NA,NA,NA,NA,NA,NA,NA,NA,NA,NA,NA,NA,NA,NA,NA,NA,NA,NA,NA,NA,NA,NA,3.061224489795918,32.6530612244898,NA,NA,NA,NA,NA,NA,NA,NA,NA,NA,NA,0,7.142857142857143,57.142857142857146,NA,NA,NA,NA,NA,NA
2023-12-28,CPICOREYOY-23DEC,0,NA,NA,NA,NA,NA,NA,NA,NA,NA,NA,NA,NA,NA,NA,NA,NA,NA,NA,NA,NA,NA,NA,NA,NA,NA,3.061224489795918,32.6530612244898,NA,NA,NA,NA,NA,NA,NA,NA,NA,NA,NA,0,7.142857142857143,57.142857142857146,NA,NA,NA,NA,NA,NA
2023-12-29,CPICOREYOY-23DEC,0,NA,NA,NA,NA,NA,NA,NA,NA,NA,NA,NA,NA,NA,NA,NA,NA,NA,NA,NA,NA,NA,NA,NA,NA,NA,3.061224489795918,32.6530612244898,NA,NA,NA,NA,NA,NA,NA,NA,NA,NA,NA,0,7.142857142857143,57.142857142857146,NA,NA,NA,NA,NA,NA
2023-12-30,CPICOREYOY-23DEC,0,NA,NA,NA,NA,NA,NA,NA,NA,NA,NA,NA,NA,NA,NA,NA,NA,NA,NA,NA,NA,NA,NA,NA,NA,NA,3.061224489795918,32.6530612244898,NA,NA,NA,NA,NA,NA,NA,NA,NA,NA,NA,0,7.142857142857143,57.142857142857146,NA,NA,NA,NA,NA,NA
2023-12-31,CPICOREYOY-23DEC,0,NA,NA,NA,NA,NA,NA,NA,NA,NA,NA,NA,NA,NA,NA,NA,NA,NA,NA,NA,NA,NA,NA,NA,NA,NA,3.061224489795918,32.6530612244898,NA,NA,NA,NA,NA,NA,NA,NA,NA,NA,NA,0,7.142857142857143,57.142857142857146,NA,NA,NA,NA,NA,NA
2024-01-01,CPICOREYOY-23DEC,0,NA,NA,NA,NA,NA,NA,NA,NA,NA,NA,NA,NA,NA,NA,NA,NA,NA,NA,NA,NA,NA,NA,NA,NA,NA,3.061224489795918,32.6530612244898,NA,NA,NA,NA,NA,NA,NA,NA,NA,NA,NA,0,7.142857142857143,57.142857142857146,NA,NA,NA,NA,NA,NA
2024-01-02,CPICOREYOY-23DEC,0,NA,NA,NA,NA,NA,NA,NA,NA,NA,NA,NA,NA,NA,NA,NA,NA,NA,NA,NA,NA,NA,NA,NA,NA,NA,3.061224489795918,32.6530612244898,NA,NA,NA,NA,NA,NA,NA,NA,NA,NA,NA,0,7.142857142857143,57.142857142857146,NA,NA,NA,NA,NA,NA
2024-01-03,CPICOREYOY-23DEC,0,NA,NA,NA,NA,NA,NA,NA,NA,NA,NA,NA,NA,NA,NA,NA,NA,NA,NA,NA,NA,NA,NA,NA,NA,NA,3.061224489795918,32.6530612244898,NA,NA,NA,NA,NA,NA,NA,NA,NA,NA,NA,0,7.142857142857143,57.142857142857146,NA,NA,NA,NA,NA,NA
2024-01-04,CPICOREYOY-23DEC,0,NA,NA,NA,NA,NA,NA,NA,NA,NA,NA,NA,NA,NA,NA,NA,NA,NA,NA,NA,NA,NA,NA,NA,NA,NA,3.061224489795918,32.6530612244898,NA,NA,NA,NA,NA,NA,NA,NA,NA,NA,NA,0,7.142857142857143,57.142857142857146,NA,NA,NA,NA,NA,NA
2024-01-05,CPICOREYOY-23DEC,1314,NA,NA,NA,NA,NA,NA,NA,NA,NA,NA,NA,NA,NA,NA,NA,NA,NA,NA,NA,NA,NA,NA,NA,NA,NA,3.061224489795918,22.448979591836736,NA,NA,NA,NA,NA,NA,NA,NA,NA,NA,NA,0,8.16326530612245,66.3265306122449,NA,NA,NA,NA,NA,NA
2024-01-06,CPICOREYOY-23DEC,13,NA,NA,NA,NA,NA,NA,NA,NA,NA,NA,NA,NA,NA,NA,NA,NA,NA,NA,NA,NA,NA,NA,NA,NA,NA,3.061224489795918,22.448979591836736,NA,NA,NA,NA,NA,NA,NA,NA,NA,NA,NA,0,8.16326530612245,66.3265306122449,NA,NA,NA,NA,NA,NA
2024-01-07,CPICOREYOY-23DEC,0,NA,NA,NA,NA,NA,NA,NA,NA,NA,NA,NA,NA,NA,NA,NA,NA,NA,NA,NA,NA,NA,NA,NA,NA,NA,3.061224489795918,22.448979591836736,NA,NA,NA,NA,NA,NA,NA,NA,NA,NA,NA,0,8.16326530612245,66.3265306122449,NA,NA,NA,NA,NA,NA
2024-01-08,CPICOREYOY-23DEC,296,NA,NA,NA,NA,NA,NA,NA,NA,NA,NA,NA,NA,NA,NA,NA,NA,NA,NA,NA,NA,NA,NA,NA,NA,NA,4.081632653061225,21.428571428571427,NA,NA,NA,NA,NA,NA,NA,NA,NA,NA,NA,0,8.16326530612245,66.3265306122449,NA,NA,NA,NA,NA,NA
2024-01-09,CPICOREYOY-23DEC,110,NA,NA,NA,NA,NA,NA,NA,NA,NA,NA,NA,NA,NA,NA,NA,NA,NA,NA,NA,NA,NA,NA,NA,NA,NA,2.0408163265306123,23.46938775510204,NA,NA,NA,NA,NA,NA,NA,NA,NA,NA,NA,12.244897959183673,3.061224489795918,59.183673469387756,NA,NA,NA,NA,NA,NA
2024-01-10,CPICOREYOY-23DEC,1356,NA,NA,NA,NA,NA,NA,NA,NA,NA,NA,NA,NA,NA,NA,NA,NA,NA,NA,NA,NA,NA,NA,NA,NA,NA,5.1020408163265305,30.612244897959183,NA,NA,NA,NA,NA,NA,NA,NA,NA,NA,NA,0,6.122448979591836,58.16326530612245,NA,NA,NA,NA,NA,NA
2024-01-11,CPICOREYOY-23DEC,1251,NA,NA,NA,NA,NA,NA,NA,NA,NA,NA,NA,NA,NA,NA,NA,NA,NA,NA,NA,NA,NA,NA,NA,NA,NA,5.1020408163265305,25.510204081632654,NA,NA,NA,NA,NA,NA,NA,NA,NA,NA,NA,12.244897959183673,2.0408163265306123,55.10204081632653,NA,NA,NA,NA,NA,NA
2024-01-14,CPICOREYOY-24JAN,351,NA,NA,NA,NA,NA,NA,NA,NA,NA,NA,NA,NA,NA,NA,NA,NA,NA,NA,NA,NA,NA,NA,NA,NA,NA,NA,NA,NA,NA,NA,NA,NA,NA,NA,NA,2.0408163265306123,8.16326530612245,40.816326530612244,0,48.97959183673469,NA,NA,NA,NA,NA,NA,NA
2024-01-15,CPICOREYOY-24JAN,191,NA,NA,NA,NA,NA,NA,NA,NA,NA,NA,NA,NA,NA,NA,NA,NA,NA,NA,NA,NA,NA,NA,NA,NA,NA,NA,2.0408163265306123,NA,NA,NA,NA,NA,NA,NA,NA,2.0408163265306123,8.16326530612245,40.816326530612244,0,19.387755102040817,27.551020408163264,NA,NA,NA,NA,NA,NA
2024-01-16,CPICOREYOY-24JAN,0,NA,NA,NA,NA,NA,NA,NA,NA,NA,NA,NA,NA,NA,NA,NA,NA,NA,NA,NA,NA,NA,NA,NA,NA,NA,NA,2.0408163265306123,NA,NA,NA,NA,NA,NA,NA,NA,2.0408163265306123,8.16326530612245,40.816326530612244,0,19.387755102040817,27.551020408163264,NA,NA,NA,NA,NA,NA
2024-01-17,CPICOREYOY-24JAN,286,NA,NA,NA,NA,NA,NA,NA,NA,NA,NA,NA,NA,NA,NA,NA,NA,NA,NA,NA,NA,NA,NA,NA,NA,NA,NA,2.0408163265306123,NA,NA,NA,NA,NA,NA,NA,NA,2.0408163265306123,8.16326530612245,40.816326530612244,0,19.387755102040817,27.551020408163264,NA,NA,NA,NA,NA,NA
2024-01-18,CPICOREYOY-24JAN,240,NA,NA,NA,NA,NA,NA,NA,NA,NA,NA,NA,NA,NA,NA,NA,NA,NA,NA,NA,NA,NA,NA,NA,NA,NA,NA,2.0408163265306123,NA,NA,NA,NA,NA,NA,NA,NA,2.0408163265306123,8.16326530612245,40.816326530612244,0,19.387755102040817,27.551020408163264,NA,NA,NA,NA,NA,NA
2024-01-19,CPICOREYOY-24JAN,0,NA,NA,NA,NA,NA,NA,NA,NA,NA,NA,NA,NA,NA,NA,NA,NA,NA,NA,NA,NA,NA,NA,NA,NA,NA,NA,2.0408163265306123,NA,NA,NA,NA,NA,NA,NA,NA,2.0408163265306123,8.16326530612245,40.816326530612244,0,19.387755102040817,27.551020408163264,NA,NA,NA,NA,NA,NA
2024-01-20,CPICOREYOY-24JAN,0,NA,NA,NA,NA,NA,NA,NA,NA,NA,NA,NA,NA,NA,NA,NA,NA,NA,NA,NA,NA,NA,NA,NA,NA,NA,NA,2.0408163265306123,NA,NA,NA,NA,NA,NA,NA,NA,2.0408163265306123,8.16326530612245,40.816326530612244,0,19.387755102040817,27.551020408163264,NA,NA,NA,NA,NA,NA
2024-01-21,CPICOREYOY-24JAN,116,NA,NA,NA,NA,NA,NA,NA,NA,NA,NA,NA,NA,NA,NA,NA,NA,NA,NA,NA,NA,NA,NA,NA,NA,NA,NA,2.0408163265306123,NA,NA,NA,NA,NA,NA,NA,NA,2.0408163265306123,8.16326530612245,40.816326530612244,3.061224489795918,16.3265306122449,27.551020408163264,NA,NA,NA,NA,NA,NA
2024-01-22,CPICOREYOY-24JAN,759,NA,NA,NA,NA,NA,NA,NA,NA,NA,NA,NA,NA,NA,NA,NA,NA,NA,NA,NA,NA,NA,NA,NA,NA,NA,NA,2.0408163265306123,NA,NA,NA,NA,NA,NA,NA,NA,2.0408163265306123,8.16326530612245,40.816326530612244,0,19.387755102040817,27.551020408163264,NA,NA,NA,NA,NA,NA
2024-01-23,CPICOREYOY-24JAN,152,NA,NA,NA,NA,NA,NA,NA,NA,NA,NA,NA,NA,NA,NA,NA,NA,NA,NA,NA,NA,NA,NA,NA,0,NA,9.183673469387756,27.551020408163264,NA,NA,NA,NA,NA,NA,NA,NA,2.0408163265306123,8.16326530612245,40.816326530612244,0,9.183673469387756,3.061224489795918,NA,NA,NA,NA,NA,NA
2024-01-24,CPICOREYOY-24JAN,38,NA,NA,NA,NA,NA,NA,NA,NA,NA,NA,NA,NA,NA,NA,NA,NA,NA,NA,NA,NA,NA,NA,NA,0,NA,9.183673469387756,27.551020408163264,NA,NA,NA,NA,NA,NA,NA,NA,2.0408163265306123,8.16326530612245,40.816326530612244,0,0,12.244897959183673,NA,NA,NA,NA,NA,NA
2024-01-25,CPICOREYOY-24JAN,0,NA,NA,NA,NA,NA,NA,NA,NA,NA,NA,NA,NA,NA,NA,NA,NA,NA,NA,NA,NA,NA,NA,NA,0,NA,9.183673469387756,27.551020408163264,NA,NA,NA,NA,NA,NA,NA,NA,2.0408163265306123,8.16326530612245,40.816326530612244,0,0,12.244897959183673,NA,NA,NA,NA,NA,NA
2024-01-26,CPICOREYOY-24JAN,0,NA,NA,NA,NA,NA,NA,NA,NA,NA,NA,NA,NA,NA,NA,NA,NA,NA,NA,NA,NA,NA,NA,NA,0,NA,9.183673469387756,27.551020408163264,NA,NA,NA,NA,NA,NA,NA,NA,2.0408163265306123,8.16326530612245,40.816326530612244,0,0,12.244897959183673,NA,NA,NA,NA,NA,NA
2024-01-27,CPICOREYOY-24JAN,0,NA,NA,NA,NA,NA,NA,NA,NA,NA,NA,NA,NA,NA,NA,NA,NA,NA,NA,NA,NA,NA,NA,NA,0,NA,9.183673469387756,27.551020408163264,NA,NA,NA,NA,NA,NA,NA,NA,2.0408163265306123,8.16326530612245,40.816326530612244,0,0,12.244897959183673,NA,NA,NA,NA,NA,NA
2024-01-28,CPICOREYOY-24JAN,0,NA,NA,NA,NA,NA,NA,NA,NA,NA,NA,NA,NA,NA,NA,NA,NA,NA,NA,NA,NA,NA,NA,NA,0,NA,9.183673469387756,27.551020408163264,NA,NA,NA,NA,NA,NA,NA,NA,2.0408163265306123,8.16326530612245,40.816326530612244,0,0,12.244897959183673,NA,NA,NA,NA,NA,NA
2024-01-29,CPICOREYOY-24JAN,0,NA,NA,NA,NA,NA,NA,NA,NA,NA,NA,NA,NA,NA,NA,NA,NA,NA,NA,NA,NA,NA,NA,NA,0,NA,9.183673469387756,27.551020408163264,NA,NA,NA,NA,NA,NA,NA,NA,2.0408163265306123,8.16326530612245,40.816326530612244,0,0,12.244897959183673,NA,NA,NA,NA,NA,NA
2024-01-30,CPICOREYOY-24JAN,0,NA,NA,NA,NA,NA,NA,NA,NA,NA,NA,NA,NA,NA,NA,NA,NA,NA,NA,NA,NA,NA,NA,NA,0,NA,9.183673469387756,27.551020408163264,NA,NA,NA,NA,NA,NA,NA,NA,2.0408163265306123,8.16326530612245,40.816326530612244,0,0,12.244897959183673,NA,NA,NA,NA,NA,NA
2024-01-31,CPICOREYOY-24JAN,10,NA,NA,NA,NA,NA,NA,NA,NA,NA,NA,NA,NA,NA,NA,NA,NA,NA,NA,NA,NA,NA,NA,NA,0,NA,9.183673469387756,27.551020408163264,NA,NA,NA,NA,NA,NA,NA,NA,2.0408163265306123,8.16326530612245,40.816326530612244,0,0,12.244897959183673,NA,NA,NA,NA,NA,NA
2024-02-01,CPICOREYOY-24JAN,1340,NA,NA,NA,NA,NA,NA,NA,NA,NA,NA,NA,NA,NA,NA,NA,NA,NA,NA,NA,NA,NA,NA,NA,0,NA,0,9.183673469387756,NA,NA,NA,NA,NA,NA,NA,NA,2.0408163265306123,8.16326530612245,40.816326530612244,0,15.306122448979592,24.489795918367346,NA,NA,NA,NA,NA,NA
2024-02-02,CPICOREYOY-24JAN,0,NA,NA,NA,NA,NA,NA,NA,NA,NA,NA,NA,NA,NA,NA,NA,NA,NA,NA,NA,NA,NA,NA,NA,0,NA,0,9.183673469387756,NA,NA,NA,NA,NA,NA,NA,NA,2.0408163265306123,8.16326530612245,40.816326530612244,0,15.306122448979592,24.489795918367346,NA,NA,NA,NA,NA,NA
2024-02-03,CPICOREYOY-24JAN,0,NA,NA,NA,NA,NA,NA,NA,NA,NA,NA,NA,NA,NA,NA,NA,NA,NA,NA,NA,NA,NA,NA,NA,0,NA,0,9.183673469387756,NA,NA,NA,NA,NA,NA,NA,NA,2.0408163265306123,8.16326530612245,40.816326530612244,0,15.306122448979592,24.489795918367346,NA,NA,NA,NA,NA,NA
2024-02-04,CPICOREYOY-24JAN,20,NA,NA,NA,NA,NA,NA,NA,NA,NA,NA,NA,NA,NA,NA,NA,NA,NA,NA,NA,NA,NA,NA,NA,0,NA,0,9.183673469387756,NA,NA,NA,NA,NA,NA,NA,NA,2.0408163265306123,8.16326530612245,40.816326530612244,0,15.306122448979592,24.489795918367346,NA,NA,NA,NA,NA,NA
2024-02-05,CPICOREYOY-24JAN,17,NA,NA,NA,NA,NA,NA,NA,NA,NA,NA,NA,NA,NA,NA,NA,NA,NA,NA,NA,NA,NA,NA,NA,0,NA,0,6.122448979591838,NA,NA,NA,NA,NA,NA,NA,NA,2.0408163265306123,8.16326530612245,40.816326530612244,0,15.306122448979592,27.551020408163264,NA,NA,NA,NA,NA,NA
2024-02-06,CPICOREYOY-24JAN,0,NA,NA,NA,NA,NA,NA,NA,NA,NA,NA,NA,NA,NA,NA,NA,NA,NA,NA,NA,NA,NA,NA,NA,0,NA,0,6.122448979591838,NA,NA,NA,NA,NA,NA,NA,NA,2.0408163265306123,8.16326530612245,40.816326530612244,0,15.306122448979592,27.551020408163264,NA,NA,NA,NA,NA,NA
2024-02-07,CPICOREYOY-24JAN,0,NA,NA,NA,NA,NA,NA,NA,NA,NA,NA,NA,NA,NA,NA,NA,NA,NA,NA,NA,NA,NA,NA,NA,0,NA,0,6.122448979591838,NA,NA,NA,NA,NA,NA,NA,NA,2.0408163265306123,8.16326530612245,40.816326530612244,0,15.306122448979592,27.551020408163264,NA,NA,NA,NA,NA,NA
2024-02-08,CPICOREYOY-24JAN,451,NA,NA,NA,NA,NA,NA,NA,NA,NA,NA,NA,NA,NA,NA,NA,NA,NA,NA,NA,NA,NA,NA,NA,0,NA,0,6.122448979591838,NA,NA,NA,NA,NA,NA,NA,NA,2.0408163265306123,8.16326530612245,40.816326530612244,0,17.346938775510203,25.510204081632654,NA,NA,NA,NA,NA,NA
2024-02-09,CPICOREYOY-24JAN,33,NA,NA,NA,NA,NA,NA,NA,NA,NA,NA,NA,NA,NA,NA,NA,NA,NA,NA,NA,NA,NA,NA,NA,0,NA,0,6.122448979591838,NA,NA,NA,NA,NA,NA,NA,NA,2.0408163265306123,8.16326530612245,40.816326530612244,0,9.183673469387756,33.673469387755105,NA,NA,NA,NA,NA,NA
2024-02-10,CPICOREYOY-24JAN,0,NA,NA,NA,NA,NA,NA,NA,NA,NA,NA,NA,NA,NA,NA,NA,NA,NA,NA,NA,NA,NA,NA,NA,0,NA,0,6.122448979591838,NA,NA,NA,NA,NA,NA,NA,NA,2.0408163265306123,8.16326530612245,40.816326530612244,0,9.183673469387756,33.673469387755105,NA,NA,NA,NA,NA,NA
2024-02-11,CPICOREYOY-24JAN,0,NA,NA,NA,NA,NA,NA,NA,NA,NA,NA,NA,NA,NA,NA,NA,NA,NA,NA,NA,NA,NA,NA,NA,0,NA,0,6.122448979591838,NA,NA,NA,NA,NA,NA,NA,NA,2.0408163265306123,8.16326530612245,40.816326530612244,0,9.183673469387756,33.673469387755105,NA,NA,NA,NA,NA,NA
2024-02-12,CPICOREYOY-24FEB,38,NA,NA,NA,NA,NA,NA,NA,NA,NA,NA,NA,NA,NA,NA,NA,NA,NA,NA,NA,NA,NA,NA,NA,NA,NA,NA,NA,NA,NA,NA,NA,NA,NA,NA,NA,NA,NA,NA,NA,50,50,NA,NA,NA,NA,NA,NA
2024-02-12,CPICOREYOY-24JAN,376,NA,NA,NA,NA,NA,NA,NA,NA,NA,NA,NA,NA,NA,NA,NA,NA,NA,NA,NA,NA,NA,NA,NA,0,NA,0,8.16326530612245,NA,NA,NA,NA,NA,NA,NA,NA,2.0408163265306123,8.16326530612245,40.816326530612244,0,0,40.816326530612244,NA,NA,NA,NA,NA,NA
2024-02-13,CPICOREYOY-24FEB,1554,NA,NA,NA,NA,NA,NA,NA,NA,NA,NA,NA,NA,NA,NA,NA,NA,NA,NA,NA,NA,NA,NA,NA,NA,NA,NA,NA,NA,NA,NA,NA,NA,NA,NA,NA,NA,NA,NA,24.489795918367346,27.551020408163264,47.95918367346939,NA,NA,NA,NA,NA,NA
2024-02-13,CPICOREYOY-24JAN,682,NA,NA,NA,NA,NA,NA,NA,NA,NA,NA,NA,NA,NA,NA,NA,NA,NA,NA,NA,NA,NA,NA,NA,0,NA,0,8.16326530612245,NA,NA,NA,NA,NA,NA,NA,NA,2.0408163265306123,8.16326530612245,40.816326530612244,0,0,40.816326530612244,NA,NA,NA,NA,NA,NA
2024-02-14,CPICOREYOY-24FEB,860,NA,NA,NA,NA,NA,NA,NA,NA,NA,NA,NA,NA,NA,NA,NA,NA,NA,NA,NA,NA,NA,NA,NA,NA,NA,0,0,NA,NA,NA,NA,NA,NA,NA,NA,NA,NA,NA,24.489795918367346,68.36734693877551,7.142857142857143,NA,NA,NA,NA,NA,NA
2024-02-15,CPICOREYOY-24FEB,0,NA,NA,NA,NA,NA,NA,NA,NA,NA,NA,NA,NA,NA,NA,NA,NA,NA,NA,NA,NA,NA,NA,NA,NA,NA,0,0,NA,NA,NA,NA,NA,NA,NA,NA,NA,NA,NA,24.489795918367346,68.36734693877551,7.142857142857143,NA,NA,NA,NA,NA,NA
2024-02-16,CPICOREYOY-24FEB,0,NA,NA,NA,NA,NA,NA,NA,NA,NA,NA,NA,NA,NA,NA,NA,NA,NA,NA,NA,NA,NA,NA,NA,NA,NA,0,0,NA,NA,NA,NA,NA,NA,NA,NA,NA,NA,NA,24.489795918367346,68.36734693877551,7.142857142857143,NA,NA,NA,NA,NA,NA
2024-02-17,CPICOREYOY-24FEB,0,NA,NA,NA,NA,NA,NA,NA,NA,NA,NA,NA,NA,NA,NA,NA,NA,NA,NA,NA,NA,NA,NA,NA,NA,NA,0,0,NA,NA,NA,NA,NA,NA,NA,NA,NA,NA,NA,24.489795918367346,68.36734693877551,7.142857142857143,NA,NA,NA,NA,NA,NA
2024-02-18,CPICOREYOY-24FEB,0,NA,NA,NA,NA,NA,NA,NA,NA,NA,NA,NA,NA,NA,NA,NA,NA,NA,NA,NA,NA,NA,NA,NA,NA,NA,0,0,NA,NA,NA,NA,NA,NA,NA,NA,NA,NA,NA,24.489795918367346,68.36734693877551,7.142857142857143,NA,NA,NA,NA,NA,NA
2024-02-19,CPICOREYOY-24FEB,0,NA,NA,NA,NA,NA,NA,NA,NA,NA,NA,NA,NA,NA,NA,NA,NA,NA,NA,NA,NA,NA,NA,NA,NA,NA,0,0,NA,NA,NA,NA,NA,NA,NA,NA,NA,NA,NA,24.489795918367346,68.36734693877551,7.142857142857143,NA,NA,NA,NA,NA,NA
2024-02-20,CPICOREYOY-24FEB,0,NA,NA,NA,NA,NA,NA,NA,NA,NA,NA,NA,NA,NA,NA,NA,NA,NA,NA,NA,NA,NA,NA,NA,NA,NA,0,0,NA,NA,NA,NA,NA,NA,NA,NA,NA,NA,NA,24.489795918367346,68.36734693877551,7.142857142857143,NA,NA,NA,NA,NA,NA
2024-02-21,CPICOREYOY-24FEB,0,NA,NA,NA,NA,NA,NA,NA,NA,NA,NA,NA,NA,NA,NA,NA,NA,NA,NA,NA,NA,NA,NA,NA,NA,NA,0,0,NA,NA,NA,NA,NA,NA,NA,NA,NA,NA,NA,24.489795918367346,68.36734693877551,7.142857142857143,NA,NA,NA,NA,NA,NA
2024-02-22,CPICOREYOY-24FEB,0,NA,NA,NA,NA,NA,NA,NA,NA,NA,NA,NA,NA,NA,NA,NA,NA,NA,NA,NA,NA,NA,NA,NA,NA,NA,0,0,NA,NA,NA,NA,NA,NA,NA,NA,NA,NA,NA,24.489795918367346,68.36734693877551,7.142857142857143,NA,NA,NA,NA,NA,NA
2024-02-23,CPICOREYOY-24FEB,400,NA,NA,NA,NA,NA,NA,NA,NA,NA,NA,NA,NA,NA,NA,NA,NA,NA,NA,NA,NA,NA,NA,NA,NA,NA,0,0,NA,NA,NA,NA,NA,NA,NA,NA,NA,NA,7.142857142857143,17.346938775510203,68.36734693877551,7.142857142857143,NA,NA,NA,NA,NA,NA
2024-02-24,CPICOREYOY-24FEB,0,NA,NA,NA,NA,NA,NA,NA,NA,NA,NA,NA,NA,NA,NA,NA,NA,NA,NA,NA,NA,NA,NA,NA,NA,NA,0,0,NA,NA,NA,NA,NA,NA,NA,NA,NA,NA,7.142857142857143,17.346938775510203,68.36734693877551,7.142857142857143,NA,NA,NA,NA,NA,NA
2024-02-25,CPICOREYOY-24FEB,0,NA,NA,NA,NA,NA,NA,NA,NA,NA,NA,NA,NA,NA,NA,NA,NA,NA,NA,NA,NA,NA,NA,NA,NA,NA,0,0,NA,NA,NA,NA,NA,NA,NA,NA,NA,NA,7.142857142857143,17.346938775510203,68.36734693877551,7.142857142857143,NA,NA,NA,NA,NA,NA
2024-02-26,CPICOREYOY-24FEB,545,NA,NA,NA,NA,NA,NA,NA,NA,NA,NA,NA,NA,NA,NA,NA,NA,NA,NA,NA,NA,NA,NA,NA,NA,NA,0,0,NA,NA,NA,NA,NA,NA,NA,NA,NA,NA,7.142857142857143,1.0204081632653061,56.12244897959184,35.714285714285715,NA,NA,NA,NA,NA,NA
2024-02-27,CPICOREYOY-24FEB,0,NA,NA,NA,NA,NA,NA,NA,NA,NA,NA,NA,NA,NA,NA,NA,NA,NA,NA,NA,NA,NA,NA,NA,NA,NA,0,0,NA,NA,NA,NA,NA,NA,NA,NA,NA,NA,7.142857142857143,1.0204081632653061,56.12244897959184,35.714285714285715,NA,NA,NA,NA,NA,NA
2024-02-28,CPICOREYOY-24FEB,1884,NA,NA,NA,NA,NA,NA,NA,NA,NA,NA,NA,NA,NA,NA,NA,NA,NA,NA,NA,NA,NA,NA,NA,NA,NA,0,3.061224489795918,NA,NA,NA,NA,NA,NA,NA,NA,NA,0,0,6.122448979591836,41.83673469387755,48.97959183673469,NA,NA,NA,NA,NA,NA
2024-02-29,CPICOREYOY-24FEB,747,NA,NA,NA,NA,NA,NA,NA,NA,NA,NA,NA,NA,NA,NA,NA,NA,NA,NA,NA,NA,NA,NA,NA,NA,NA,0,3.061224489795918,NA,NA,NA,NA,NA,NA,NA,NA,NA,0,0,10.204081632653061,58.16326530612245,28.571428571428573,NA,NA,NA,NA,NA,NA
2024-03-01,CPICOREYOY-24FEB,0,NA,NA,NA,NA,NA,NA,NA,NA,NA,NA,NA,NA,NA,NA,NA,NA,NA,NA,NA,NA,NA,NA,NA,NA,NA,0,3.061224489795918,NA,NA,NA,NA,NA,NA,NA,NA,NA,0,0,10.204081632653061,58.16326530612245,28.571428571428573,NA,NA,NA,NA,NA,NA
2024-03-02,CPICOREYOY-24FEB,250,NA,NA,NA,NA,NA,NA,NA,NA,NA,NA,NA,NA,NA,NA,NA,NA,NA,NA,NA,NA,NA,NA,NA,NA,NA,0,3.061224489795918,NA,NA,NA,NA,NA,NA,NA,NA,NA,0,0,10.204081632653061,52.04081632653061,34.69387755102041,NA,NA,NA,NA,NA,NA
2024-03-03,CPICOREYOY-24FEB,250,NA,NA,NA,NA,NA,NA,NA,NA,NA,NA,NA,NA,NA,NA,NA,NA,NA,NA,NA,NA,NA,NA,NA,NA,NA,0,3.061224489795918,NA,NA,NA,NA,NA,NA,NA,NA,NA,0,0,10.204081632653061,50,36.734693877551024,NA,NA,NA,NA,NA,NA
2024-03-04,CPICOREYOY-24FEB,809,NA,NA,NA,NA,NA,NA,NA,NA,NA,NA,NA,NA,NA,NA,NA,NA,NA,NA,NA,NA,NA,NA,NA,NA,NA,0,3.061224489795918,NA,NA,NA,NA,NA,NA,NA,NA,NA,0,0,16.3265306122449,8.16326530612245,72.44897959183673,NA,NA,NA,NA,NA,NA
2024-03-05,CPICOREYOY-24FEB,797,NA,NA,NA,NA,NA,NA,NA,NA,NA,NA,NA,NA,NA,NA,NA,NA,NA,NA,NA,NA,NA,NA,NA,NA,NA,0,2.0408163265306123,NA,NA,NA,NA,NA,NA,NA,NA,NA,0,0,11.224489795918368,40.816326530612244,45.91836734693877,NA,NA,NA,NA,NA,NA
2024-03-06,CPICOREYOY-24FEB,3547,NA,NA,NA,NA,NA,NA,NA,NA,NA,NA,NA,NA,NA,NA,NA,NA,NA,NA,NA,NA,NA,NA,NA,NA,NA,0,3.061224489795918,NA,NA,NA,NA,NA,NA,NA,NA,NA,0,0,5.1020408163265305,42.857142857142854,48.97959183673469,NA,NA,NA,NA,NA,NA
2024-03-07,CPICOREYOY-24FEB,23,NA,NA,NA,NA,NA,NA,NA,NA,NA,NA,NA,NA,NA,NA,NA,NA,NA,NA,NA,NA,NA,NA,NA,NA,NA,0,3.061224489795918,NA,NA,NA,NA,NA,NA,NA,NA,NA,0,0,5.1020408163265305,65.3061224489796,26.53061224489796,NA,NA,NA,NA,NA,NA
2024-03-08,CPICOREYOY-24FEB,9452,NA,NA,NA,NA,NA,NA,NA,NA,NA,NA,NA,NA,NA,NA,NA,NA,NA,NA,NA,NA,NA,NA,NA,NA,NA,0,3.061224489795918,NA,NA,NA,NA,NA,NA,NA,NA,NA,0,0,4.081632653061225,43.87755102040816,48.97959183673469,NA,NA,NA,NA,NA,NA
2024-03-09,CPICOREYOY-24FEB,53,NA,NA,NA,NA,NA,NA,NA,NA,NA,NA,NA,NA,NA,NA,NA,NA,NA,NA,NA,NA,NA,NA,NA,NA,NA,0,3.061224489795918,NA,NA,NA,NA,NA,NA,NA,NA,NA,0,0,4.081632653061225,40.81632653061224,52.040816326530624,NA,NA,NA,NA,NA,NA
2024-03-10,CPICOREYOY-24FEB,296,NA,NA,NA,NA,NA,NA,NA,NA,NA,NA,NA,NA,NA,NA,NA,NA,NA,NA,NA,NA,NA,NA,NA,NA,NA,0,3.061224489795918,NA,NA,NA,NA,NA,NA,NA,NA,NA,0,0,4.081632653061225,40.81632653061224,52.040816326530624,NA,NA,NA,NA,NA,NA
2024-03-11,CPICOREYOY-24FEB,2410,NA,NA,NA,NA,NA,NA,NA,NA,NA,NA,NA,NA,NA,NA,NA,NA,NA,NA,NA,NA,NA,NA,NA,NA,NA,3.061224489795918,1.0204081632653061,NA,NA,NA,NA,NA,NA,NA,NA,NA,0,0,4.081632653061225,43.87755102040816,47.95918367346939,NA,NA,NA,NA,NA,NA
2024-03-11,CPICOREYOY-24MAR,8413,NA,NA,NA,NA,NA,NA,NA,NA,NA,NA,NA,NA,NA,NA,NA,NA,NA,NA,NA,NA,NA,NA,NA,NA,NA,NA,NA,NA,NA,NA,NA,NA,NA,NA,NA,NA,1.0204081632653061,11.224489795918368,22.448979591836736,58.16326530612245,7.142857142857143,NA,NA,NA,NA,NA,NA
2024-03-12,CPICOREYOY-24FEB,12,NA,NA,NA,NA,NA,NA,NA,NA,NA,NA,NA,NA,NA,NA,NA,NA,NA,NA,NA,NA,NA,NA,NA,NA,NA,0,2.0408163265306123,NA,NA,NA,NA,NA,NA,NA,NA,NA,0,0,4.081632653061225,43.87755102040816,50,NA,NA,NA,NA,NA,NA
2024-03-12,CPICOREYOY-24MAR,12254,NA,NA,NA,NA,NA,NA,NA,NA,NA,NA,NA,NA,NA,NA,NA,NA,NA,NA,NA,NA,NA,NA,NA,NA,NA,NA,0,NA,NA,NA,NA,NA,NA,NA,NA,NA,0,2.0408163265306123,27.551020408163264,57.142857142857146,13.265306122448981,NA,NA,NA,NA,NA,NA
2024-03-13,CPICOREYOY-24MAR,11307,NA,NA,NA,NA,NA,NA,NA,NA,NA,NA,NA,NA,NA,NA,NA,NA,NA,NA,NA,NA,NA,NA,NA,NA,NA,NA,0,NA,NA,NA,NA,NA,NA,NA,NA,NA,0,4.081632653061225,19.387755102040817,38.775510204081634,37.755102040816325,NA,NA,NA,NA,NA,NA
2024-03-14,CPICOREYOY-24MAR,5,NA,NA,NA,NA,NA,NA,NA,NA,NA,NA,NA,NA,NA,NA,NA,NA,NA,NA,NA,NA,NA,NA,NA,NA,NA,NA,0,NA,NA,NA,NA,NA,NA,NA,NA,NA,0,4.081632653061225,19.387755102040817,39.795918367346935,36.734693877551024,NA,NA,NA,NA,NA,NA
2024-03-15,CPICOREYOY-24MAR,2650,NA,NA,NA,NA,NA,NA,NA,NA,NA,NA,NA,NA,NA,NA,NA,NA,NA,NA,NA,NA,NA,NA,NA,NA,NA,NA,3.061224489795918,NA,NA,NA,NA,NA,NA,NA,NA,NA,0,4.081632653061225,19.387755102040817,44.89795918367347,28.571428571428573,NA,NA,NA,NA,NA,NA
2024-03-16,CPICOREYOY-24MAR,25,NA,NA,NA,NA,NA,NA,NA,NA,NA,NA,NA,NA,NA,NA,NA,NA,NA,NA,NA,NA,NA,NA,NA,NA,NA,NA,3.061224489795918,NA,NA,NA,NA,NA,NA,NA,NA,NA,0,4.081632653061225,19.387755102040817,33.673469387755105,39.795918367346935,NA,NA,NA,NA,NA,NA
2024-03-17,CPICOREYOY-24MAR,0,NA,NA,NA,NA,NA,NA,NA,NA,NA,NA,NA,NA,NA,NA,NA,NA,NA,NA,NA,NA,NA,NA,NA,NA,NA,NA,3.061224489795918,NA,NA,NA,NA,NA,NA,NA,NA,NA,0,4.081632653061225,19.387755102040817,33.673469387755105,39.795918367346935,NA,NA,NA,NA,NA,NA
2024-03-18,CPICOREYOY-24MAR,0,NA,NA,NA,NA,NA,NA,NA,NA,NA,NA,NA,NA,NA,NA,NA,NA,NA,NA,NA,NA,NA,NA,NA,NA,NA,NA,3.061224489795918,NA,NA,NA,NA,NA,NA,NA,NA,NA,0,4.081632653061225,19.387755102040817,33.673469387755105,39.795918367346935,NA,NA,NA,NA,NA,NA
2024-03-19,CPICOREYOY-24MAR,0,NA,NA,NA,NA,NA,NA,NA,NA,NA,NA,NA,NA,NA,NA,NA,NA,NA,NA,NA,NA,NA,NA,NA,NA,NA,NA,3.061224489795918,NA,NA,NA,NA,NA,NA,NA,NA,NA,0,4.081632653061225,19.387755102040817,33.673469387755105,39.795918367346935,NA,NA,NA,NA,NA,NA
2024-03-20,CPICOREYOY-24MAR,1064,NA,NA,NA,NA,NA,NA,NA,NA,NA,NA,NA,NA,NA,NA,NA,NA,NA,NA,NA,NA,NA,NA,NA,NA,NA,NA,3.061224489795918,NA,NA,NA,NA,NA,NA,NA,NA,NA,0,4.081632653061225,40.81632653061224,12.24489795918368,39.795918367346935,NA,NA,NA,NA,NA,NA
2024-03-21,CPICOREYOY-24MAR,7297,NA,NA,NA,NA,NA,NA,NA,NA,NA,NA,NA,NA,NA,NA,NA,NA,NA,NA,NA,NA,NA,NA,NA,NA,NA,NA,3.061224489795918,NA,NA,NA,NA,NA,NA,NA,NA,NA,0,4.081632653061225,38.77551020408164,47.959183673469376,6.122448979591836,NA,NA,NA,NA,NA,NA
2024-03-22,CPICOREYOY-24MAR,4606,NA,NA,NA,NA,NA,NA,NA,NA,NA,NA,NA,NA,NA,NA,NA,NA,NA,NA,NA,NA,NA,NA,NA,NA,NA,NA,3.061224489795918,NA,NA,NA,NA,NA,NA,NA,NA,NA,0,4.081632653061225,36.734693877551024,43.87755102040816,12.244897959183673,NA,NA,NA,NA,NA,NA
2024-03-23,CPICOREYOY-24MAR,0,NA,NA,NA,NA,NA,NA,NA,NA,NA,NA,NA,NA,NA,NA,NA,NA,NA,NA,NA,NA,NA,NA,NA,NA,NA,NA,3.061224489795918,NA,NA,NA,NA,NA,NA,NA,NA,NA,0,4.081632653061225,36.734693877551024,43.87755102040816,12.244897959183673,NA,NA,NA,NA,NA,NA
2024-03-24,CPICOREYOY-24MAR,0,NA,NA,NA,NA,NA,NA,NA,NA,NA,NA,NA,NA,NA,NA,NA,NA,NA,NA,NA,NA,NA,NA,NA,NA,NA,NA,3.061224489795918,NA,NA,NA,NA,NA,NA,NA,NA,NA,0,4.081632653061225,36.734693877551024,43.87755102040816,12.244897959183673,NA,NA,NA,NA,NA,NA
2024-03-25,CPICOREYOY-24MAR,1000,NA,NA,NA,NA,NA,NA,NA,NA,NA,NA,NA,NA,NA,NA,NA,NA,NA,NA,NA,NA,NA,NA,NA,NA,NA,NA,3.061224489795918,NA,NA,NA,NA,NA,NA,NA,NA,NA,0,4.081632653061225,32.6530612244898,47.95918367346939,12.244897959183673,NA,NA,NA,NA,NA,NA
2024-03-26,CPICOREYOY-24MAR,20658,NA,NA,NA,NA,NA,NA,NA,NA,NA,NA,NA,NA,NA,NA,NA,NA,NA,NA,NA,NA,NA,NA,NA,NA,NA,NA,9.183673469387756,NA,NA,NA,NA,NA,NA,NA,NA,NA,0,4.081632653061225,34.69387755102041,46.93877551020408,5.1020408163265305,NA,NA,NA,NA,NA,NA
2024-03-27,CPICOREYOY-24MAR,4,NA,NA,NA,NA,NA,NA,NA,NA,NA,NA,NA,NA,NA,NA,NA,NA,NA,NA,NA,NA,NA,NA,NA,NA,NA,NA,13.265306122448981,NA,NA,NA,NA,NA,NA,NA,NA,NA,0,4.081632653061225,34.69387755102041,46.93877551020408,1.0204081632653044,NA,NA,NA,NA,NA,NA
2024-03-28,CPICOREYOY-24MAR,0,NA,NA,NA,NA,NA,NA,NA,NA,NA,NA,NA,NA,NA,NA,NA,NA,NA,NA,NA,NA,NA,NA,NA,NA,NA,NA,13.265306122448981,NA,NA,NA,NA,NA,NA,NA,NA,NA,0,4.081632653061225,34.69387755102041,46.93877551020408,1.0204081632653044,NA,NA,NA,NA,NA,NA
2024-03-29,CPICOREYOY-24MAR,0,NA,NA,NA,NA,NA,NA,NA,NA,NA,NA,NA,NA,NA,NA,NA,NA,NA,NA,NA,NA,NA,NA,NA,NA,NA,NA,13.265306122448981,NA,NA,NA,NA,NA,NA,NA,NA,NA,0,4.081632653061225,34.69387755102041,46.93877551020408,1.0204081632653044,NA,NA,NA,NA,NA,NA
2024-03-30,CPICOREYOY-24MAR,0,NA,NA,NA,NA,NA,NA,NA,NA,NA,NA,NA,NA,NA,NA,NA,NA,NA,NA,NA,NA,NA,NA,NA,NA,NA,NA,13.265306122448981,NA,NA,NA,NA,NA,NA,NA,NA,NA,0,4.081632653061225,34.69387755102041,46.93877551020408,1.0204081632653044,NA,NA,NA,NA,NA,NA
2024-03-31,CPICOREYOY-24MAR,0,NA,NA,NA,NA,NA,NA,NA,NA,NA,NA,NA,NA,NA,NA,NA,NA,NA,NA,NA,NA,NA,NA,NA,NA,NA,NA,13.265306122448981,NA,NA,NA,NA,NA,NA,NA,NA,NA,0,4.081632653061225,34.69387755102041,46.93877551020408,1.0204081632653044,NA,NA,NA,NA,NA,NA
2024-04-01,CPICOREYOY-24MAR,0,NA,NA,NA,NA,NA,NA,NA,NA,NA,NA,NA,NA,NA,NA,NA,NA,NA,NA,NA,NA,NA,NA,NA,NA,NA,NA,13.265306122448981,NA,NA,NA,NA,NA,NA,NA,NA,NA,0,4.081632653061225,34.69387755102041,46.93877551020408,1.0204081632653044,NA,NA,NA,NA,NA,NA
2024-04-02,CPICOREYOY-24MAR,390,NA,NA,NA,NA,NA,NA,NA,NA,NA,NA,NA,NA,NA,NA,NA,NA,NA,NA,NA,NA,NA,NA,NA,NA,NA,NA,13.265306122448981,NA,NA,NA,NA,NA,NA,NA,NA,NA,0,4.081632653061225,22.448979591836736,47.95918367346939,12.244897959183671,NA,NA,NA,NA,NA,NA
2024-04-03,CPICOREYOY-24MAR,1460,NA,NA,NA,NA,NA,NA,NA,NA,NA,NA,NA,NA,NA,NA,NA,NA,NA,NA,NA,NA,NA,NA,NA,NA,NA,NA,0,NA,NA,NA,NA,NA,NA,NA,NA,NA,0,4.081632653061225,26.53061224489796,57.142857142857146,12.244897959183673,NA,NA,NA,NA,NA,NA
2024-04-04,CPICOREYOY-24MAR,16776,NA,NA,NA,NA,NA,NA,NA,NA,NA,NA,NA,NA,NA,NA,NA,NA,NA,NA,NA,NA,NA,NA,NA,NA,NA,NA,3.061224489795918,NA,NA,NA,NA,NA,NA,NA,NA,NA,0,4.081632653061225,17.346938775510203,58.16326530612245,17.346938775510203,NA,NA,NA,NA,NA,NA
2024-04-05,CPICOREYOY-24MAR,7266,NA,NA,NA,NA,NA,NA,NA,NA,NA,NA,NA,NA,NA,NA,NA,NA,NA,NA,NA,NA,NA,NA,NA,NA,NA,NA,3.061224489795918,NA,NA,NA,NA,NA,NA,NA,NA,NA,0,0,21.428571428571427,59.183673469387756,16.3265306122449,NA,NA,NA,NA,NA,NA
2024-04-06,CPICOREYOY-24MAR,2094,NA,NA,NA,NA,NA,NA,NA,NA,NA,NA,NA,NA,NA,NA,NA,NA,NA,NA,NA,NA,NA,NA,NA,NA,NA,NA,6.122448979591838,NA,NA,NA,NA,NA,NA,NA,NA,NA,0,0,21.428571428571427,53.06122448979592,19.387755102040817,NA,NA,NA,NA,NA,NA
2024-04-07,CPICOREYOY-24MAR,108,NA,NA,NA,NA,NA,NA,NA,NA,NA,NA,NA,NA,NA,NA,NA,NA,NA,NA,NA,NA,NA,NA,NA,NA,NA,NA,2.0408163265306123,NA,NA,NA,NA,NA,NA,NA,NA,NA,0,0,21.428571428571427,58.16326530612245,18.367346938775512,NA,NA,NA,NA,NA,NA
2024-04-08,CPICOREYOY-24MAR,728,NA,NA,NA,NA,NA,NA,NA,NA,NA,NA,NA,NA,NA,NA,NA,NA,NA,NA,NA,NA,NA,NA,NA,NA,NA,NA,2.0408163265306123,NA,NA,NA,NA,NA,NA,NA,NA,NA,0,0,21.428571428571427,58.16326530612245,18.367346938775512,NA,NA,NA,NA,NA,NA
2024-04-09,CPICOREYOY-24MAR,266,NA,NA,NA,NA,NA,NA,NA,NA,NA,NA,NA,NA,NA,NA,NA,NA,NA,NA,NA,NA,NA,NA,NA,NA,NA,NA,2.0408163265306123,NA,NA,NA,NA,NA,NA,NA,NA,NA,0,0,21.428571428571427,58.16326530612245,18.367346938775512,NA,NA,NA,NA,NA,NA
2024-04-10,CPICOREYOY-24MAR,287,NA,NA,NA,NA,NA,NA,NA,NA,NA,NA,NA,NA,NA,NA,NA,NA,NA,NA,NA,NA,NA,NA,NA,NA,NA,NA,2.0408163265306123,NA,NA,NA,NA,NA,NA,NA,NA,NA,0,0,18.367346938775512,61.224489795918366,18.367346938775512,NA,NA,NA,NA,NA,NA
2024-04-15,CPICOREYOY-24APR,0,NA,NA,NA,NA,NA,NA,NA,NA,NA,NA,NA,NA,NA,NA,NA,NA,NA,NA,NA,NA,NA,NA,NA,NA,NA,NA,12.244897959183673,NA,NA,NA,NA,NA,NA,0,0,1.0204081632653061,3.061224489795918,4.081632653061225,10.204081632653061,59.183673469387756,10.204081632653061,NA,NA,NA,NA,NA,NA
2024-04-16,CPICOREYOY-24APR,415,NA,NA,NA,NA,NA,NA,NA,NA,NA,NA,NA,NA,NA,NA,NA,NA,NA,NA,NA,NA,NA,NA,NA,NA,NA,NA,12.244897959183673,NA,NA,NA,NA,NA,NA,0,0,1.0204081632653061,3.061224489795918,4.081632653061225,41.83673469387755,27.551020408163264,10.204081632653061,NA,NA,NA,NA,NA,NA
2024-04-17,CPICOREYOY-24APR,0,NA,NA,NA,NA,NA,NA,NA,NA,NA,NA,NA,NA,NA,NA,NA,NA,NA,NA,NA,NA,NA,NA,NA,NA,NA,NA,12.244897959183673,NA,NA,NA,NA,NA,NA,0,0,1.0204081632653061,3.061224489795918,4.081632653061225,41.83673469387755,27.551020408163264,10.204081632653061,NA,NA,NA,NA,NA,NA
2024-04-18,CPICOREYOY-24APR,0,NA,NA,NA,NA,NA,NA,NA,NA,NA,NA,NA,NA,NA,NA,NA,NA,NA,NA,NA,NA,NA,NA,NA,NA,NA,NA,12.244897959183673,NA,NA,NA,NA,NA,NA,0,0,1.0204081632653061,3.061224489795918,4.081632653061225,41.83673469387755,27.551020408163264,10.204081632653061,NA,NA,NA,NA,NA,NA
2024-04-19,CPICOREYOY-24APR,7,NA,NA,NA,NA,NA,NA,NA,NA,NA,NA,NA,NA,NA,NA,NA,NA,NA,NA,NA,NA,NA,NA,NA,NA,NA,NA,12.244897959183673,NA,NA,NA,NA,NA,NA,0,0,1.0204081632653061,3.061224489795918,7.142857142857143,38.775510204081634,27.551020408163264,10.204081632653061,NA,NA,NA,NA,NA,NA
2024-04-20,CPICOREYOY-24APR,5,NA,NA,NA,NA,NA,NA,NA,NA,NA,NA,NA,NA,NA,NA,NA,NA,NA,NA,NA,NA,NA,NA,NA,NA,NA,NA,12.244897959183673,NA,NA,NA,NA,NA,NA,0,0,1.0204081632653061,3.061224489795918,7.142857142857143,38.775510204081634,27.551020408163264,10.204081632653061,NA,NA,NA,NA,NA,NA
2024-04-21,CPICOREYOY-24APR,0,NA,NA,NA,NA,NA,NA,NA,NA,NA,NA,NA,NA,NA,NA,NA,NA,NA,NA,NA,NA,NA,NA,NA,NA,NA,NA,12.244897959183673,NA,NA,NA,NA,NA,NA,0,0,1.0204081632653061,3.061224489795918,7.142857142857143,38.775510204081634,27.551020408163264,10.204081632653061,NA,NA,NA,NA,NA,NA
2024-04-22,CPICOREYOY-24APR,7852,NA,NA,NA,NA,NA,NA,NA,NA,NA,NA,NA,NA,NA,NA,NA,NA,NA,NA,NA,NA,NA,NA,NA,NA,NA,NA,6.122448979591838,NA,NA,NA,NA,NA,NA,0,1.0204081632653061,2.0408163265306123,1.0204081632653061,7.142857142857143,22.448979591836736,38.775510204081634,21.428571428571434,NA,NA,NA,NA,NA,NA
2024-04-23,CPICOREYOY-24APR,975,NA,NA,NA,NA,NA,NA,NA,NA,NA,NA,NA,NA,NA,NA,NA,NA,NA,NA,NA,NA,NA,NA,NA,NA,NA,NA,4.081632653061225,NA,NA,NA,NA,NA,NA,0,2.0408163265306123,1.0204081632653061,6.122448979591836,4.081632653061225,38.775510204081634,18.367346938775512,25.510204081632654,NA,NA,NA,NA,NA,NA
2024-04-24,CPICOREYOY-24APR,187,NA,NA,NA,NA,NA,NA,NA,NA,NA,NA,NA,NA,NA,NA,NA,NA,NA,NA,NA,NA,NA,NA,NA,NA,NA,NA,4.081632653061225,NA,NA,NA,NA,NA,NA,0,2.0408163265306123,1.0204081632653061,6.122448979591836,4.081632653061225,38.775510204081634,18.367346938775512,25.510204081632654,NA,NA,NA,NA,NA,NA
2024-04-25,CPICOREYOY-24APR,358,NA,NA,NA,NA,NA,NA,NA,NA,NA,NA,NA,NA,NA,NA,NA,NA,NA,NA,NA,NA,NA,NA,NA,NA,NA,NA,4.081632653061225,NA,NA,NA,NA,NA,NA,0,0,2.0408163265306123,1.0204081632653061,6.122448979591836,42.857142857142854,18.367346938775512,25.510204081632654,NA,NA,NA,NA,NA,NA
2024-04-26,CPICOREYOY-24APR,145,NA,NA,NA,NA,NA,NA,NA,NA,NA,NA,NA,NA,NA,NA,NA,NA,NA,NA,NA,NA,NA,NA,NA,NA,NA,NA,5.1020408163265305,NA,NA,NA,NA,NA,NA,0,0,2.0408163265306123,1.0204081632653061,6.122448979591836,43.87755102040816,17.346938775510203,24.489795918367346,NA,NA,NA,NA,NA,NA
2024-04-27,CPICOREYOY-24APR,0,NA,NA,NA,NA,NA,NA,NA,NA,NA,NA,NA,NA,NA,NA,NA,NA,NA,NA,NA,NA,NA,NA,NA,NA,NA,NA,5.1020408163265305,NA,NA,NA,NA,NA,NA,0,0,2.0408163265306123,1.0204081632653061,6.122448979591836,43.87755102040816,17.346938775510203,24.489795918367346,NA,NA,NA,NA,NA,NA
2024-04-28,CPICOREYOY-24APR,10,NA,NA,NA,NA,NA,NA,NA,NA,NA,NA,NA,NA,NA,NA,NA,NA,NA,NA,NA,NA,NA,NA,NA,NA,NA,NA,5.1020408163265305,NA,NA,NA,NA,NA,NA,0,0,2.0408163265306123,1.0204081632653061,6.122448979591836,24.489795918367346,36.734693877551024,24.489795918367346,NA,NA,NA,NA,NA,NA
2024-04-29,CPICOREYOY-24APR,188,NA,NA,NA,NA,NA,NA,NA,NA,NA,NA,NA,NA,NA,NA,NA,NA,NA,NA,NA,NA,NA,NA,NA,NA,NA,NA,5.1020408163265305,NA,NA,NA,NA,NA,NA,0,0,2.0408163265306123,1.0204081632653061,6.122448979591836,24.489795918367346,36.734693877551024,24.489795918367346,NA,NA,NA,NA,NA,NA
2024-04-30,CPICOREYOY-24APR,5,NA,NA,NA,NA,NA,NA,NA,NA,NA,NA,NA,NA,NA,NA,NA,NA,NA,NA,NA,NA,NA,NA,NA,NA,NA,NA,5.1020408163265305,NA,NA,NA,NA,NA,NA,0,0,2.0408163265306123,1.0204081632653061,6.122448979591836,24.489795918367346,36.734693877551024,24.489795918367346,NA,NA,NA,NA,NA,NA
2024-05-01,CPICOREYOY-24APR,15,NA,NA,NA,NA,NA,NA,NA,NA,NA,NA,NA,NA,NA,NA,NA,NA,NA,NA,NA,NA,NA,NA,NA,NA,NA,NA,5.1020408163265305,NA,NA,NA,NA,NA,NA,0,0,2.0408163265306123,1.0204081632653061,6.122448979591836,24.489795918367346,36.734693877551024,24.489795918367346,NA,NA,NA,NA,NA,NA
2024-05-02,CPICOREYOY-24APR,120,NA,NA,NA,NA,NA,NA,NA,NA,NA,NA,NA,NA,NA,NA,NA,NA,NA,NA,NA,NA,NA,NA,NA,NA,NA,NA,6.122448979591838,NA,NA,NA,NA,NA,NA,0,0,2.0408163265306123,1.0204081632653061,6.122448979591836,24.489795918367346,36.734693877551024,23.46938775510204,NA,NA,NA,NA,NA,NA
2024-05-03,CPICOREYOY-24APR,224,NA,NA,NA,NA,NA,NA,NA,NA,NA,NA,NA,NA,NA,NA,NA,NA,NA,NA,NA,NA,NA,NA,NA,NA,NA,NA,6.122448979591838,NA,NA,NA,NA,NA,NA,0,0,0,2.0408163265306123,9.183673469387756,22.448979591836736,36.734693877551024,23.46938775510204,NA,NA,NA,NA,NA,NA
2024-05-04,CPICOREYOY-24APR,0,NA,NA,NA,NA,NA,NA,NA,NA,NA,NA,NA,NA,NA,NA,NA,NA,NA,NA,NA,NA,NA,NA,NA,NA,NA,NA,6.122448979591838,NA,NA,NA,NA,NA,NA,0,0,0,2.0408163265306123,9.183673469387756,22.448979591836736,36.734693877551024,23.46938775510204,NA,NA,NA,NA,NA,NA
2024-05-05,CPICOREYOY-24APR,3,NA,NA,NA,NA,NA,NA,NA,NA,NA,NA,NA,NA,NA,NA,NA,NA,NA,NA,NA,NA,NA,NA,NA,NA,NA,1.0204081632653061,5.102040816326531,NA,NA,NA,NA,NA,NA,0,0,0,2.0408163265306123,9.183673469387756,22.448979591836736,36.734693877551024,23.46938775510204,NA,NA,NA,NA,NA,NA
2024-05-06,CPICOREYOY-24APR,1218,NA,NA,NA,NA,NA,NA,NA,NA,NA,NA,NA,NA,NA,NA,NA,NA,NA,NA,NA,NA,NA,NA,NA,NA,NA,1.0204081632653061,5.102040816326531,NA,NA,NA,NA,NA,NA,0,0,0,2.0408163265306123,25.510204081632654,21.428571428571427,8.16326530612245,36.734693877551024,NA,NA,NA,NA,NA,NA
2024-05-07,CPICOREYOY-24APR,1153,NA,NA,NA,NA,NA,NA,NA,NA,NA,NA,NA,NA,NA,NA,NA,NA,NA,NA,NA,NA,NA,NA,NA,NA,NA,1.0204081632653061,4.081632653061225,NA,NA,NA,NA,NA,NA,0,0,0,2.0408163265306123,25.510204081632654,21.428571428571427,8.16326530612245,37.755102040816325,NA,NA,NA,NA,NA,NA
2024-05-08,CPICOREYOY-24APR,0,NA,NA,NA,NA,NA,NA,NA,NA,NA,NA,NA,NA,NA,NA,NA,NA,NA,NA,NA,NA,NA,NA,NA,NA,NA,1.0204081632653061,4.081632653061225,NA,NA,NA,NA,NA,NA,0,0,0,2.0408163265306123,25.510204081632654,21.428571428571427,8.16326530612245,37.755102040816325,NA,NA,NA,NA,NA,NA
2024-05-09,CPICOREYOY-24APR,1742,NA,NA,NA,NA,NA,NA,NA,NA,NA,NA,NA,NA,NA,NA,NA,NA,NA,NA,NA,NA,NA,NA,NA,NA,NA,1.0204081632653061,5.102040816326531,NA,NA,NA,NA,NA,NA,0,0,0,2.0408163265306123,9.183673469387756,38.775510204081634,31.632653061224488,12.244897959183673,NA,NA,NA,NA,NA,NA
2024-05-10,CPICOREYOY-24APR,187,NA,NA,NA,NA,NA,NA,NA,NA,NA,NA,NA,NA,NA,NA,NA,NA,NA,NA,NA,NA,NA,NA,NA,NA,NA,1.0204081632653061,3.061224489795918,NA,NA,NA,NA,NA,NA,0,0,0,2.0408163265306123,9.183673469387756,38.775510204081634,31.632653061224488,14.285714285714286,NA,NA,NA,NA,NA,NA
2024-05-11,CPICOREYOY-24APR,268,NA,NA,NA,NA,NA,NA,NA,NA,NA,NA,NA,NA,NA,NA,NA,NA,NA,NA,NA,NA,NA,NA,NA,NA,NA,0,0,NA,NA,NA,NA,NA,NA,0,0,0,2.0408163265306123,9.183673469387756,38.775510204081634,31.632653061224488,18.367346938775512,NA,NA,NA,NA,NA,NA
2024-05-12,CPICOREYOY-24APR,18,NA,NA,NA,NA,NA,NA,NA,NA,NA,NA,NA,NA,NA,NA,NA,NA,NA,NA,NA,NA,NA,NA,NA,NA,NA,1.0204081632653061,3.061224489795918,NA,NA,NA,NA,NA,NA,0,0,0,2.0408163265306123,9.183673469387756,38.775510204081634,31.632653061224488,14.285714285714286,NA,NA,NA,NA,NA,NA
2024-05-13,CPICOREYOY-24APR,5838,NA,NA,NA,NA,NA,NA,NA,NA,NA,NA,NA,NA,NA,NA,NA,NA,NA,NA,NA,NA,NA,NA,NA,NA,NA,1.0204081632653061,3.061224489795918,NA,NA,NA,NA,NA,NA,0,2.0408163265306123,1.0204081632653061,3.061224489795918,12.244897959183673,37.755102040816325,27.551020408163264,12.244897959183673,NA,NA,NA,NA,NA,NA
2024-05-14,CPICOREYOY-24APR,788,NA,NA,NA,NA,NA,NA,NA,NA,NA,NA,NA,NA,NA,NA,NA,NA,NA,NA,NA,NA,NA,NA,NA,NA,NA,1.0204081632653061,5.102040816326531,NA,NA,NA,NA,NA,NA,0,2.0408163265306123,1.0204081632653061,3.061224489795918,12.244897959183673,39.795918367346935,33.673469387755105,2.0408163265306114,NA,NA,NA,NA,NA,NA
2024-05-15,CPICOREYOY-24APR,2093,NA,NA,NA,NA,NA,NA,NA,NA,NA,NA,NA,NA,NA,NA,NA,NA,NA,NA,NA,NA,NA,NA,NA,NA,NA,1.0204081632653061,5.102040816326531,NA,NA,NA,NA,NA,NA,0,2.0408163265306123,1.0204081632653061,1.0204081632653061,14.285714285714286,25.510204081632644,38.77551020408164,11.224489795918368,NA,NA,NA,NA,NA,NA
2024-05-15,CPICOREYOY-24MAY,3035,NA,NA,NA,NA,NA,NA,NA,NA,NA,NA,NA,NA,NA,NA,NA,NA,NA,NA,NA,NA,NA,NA,NA,NA,NA,NA,NA,NA,NA,NA,NA,NA,NA,NA,NA,NA,13.26530612244898,62.244897959183675,24.489795918367346,0,NA,NA,NA,NA,NA,NA,NA
2024-05-16,CPICOREYOY-24MAY,634,NA,NA,NA,NA,NA,NA,NA,NA,NA,NA,NA,NA,NA,NA,NA,NA,NA,NA,NA,NA,NA,NA,NA,NA,NA,NA,NA,NA,NA,NA,NA,NA,NA,NA,NA,NA,13.26530612244898,36.734693877551024,33.673469387755105,16.3265306122449,NA,NA,NA,NA,NA,NA,NA
2024-05-17,CPICOREYOY-24MAY,2321,NA,NA,NA,NA,NA,NA,NA,NA,NA,NA,NA,NA,NA,NA,NA,NA,NA,NA,NA,NA,NA,NA,NA,NA,NA,NA,NA,NA,NA,NA,NA,NA,NA,NA,NA,NA,14.285714285714286,37.755102040816325,23.46938775510204,24.489795918367346,NA,NA,NA,NA,NA,NA,NA
2024-05-18,CPICOREYOY-24MAY,0,NA,NA,NA,NA,NA,NA,NA,NA,NA,NA,NA,NA,NA,NA,NA,NA,NA,NA,NA,NA,NA,NA,NA,NA,NA,NA,NA,NA,NA,NA,NA,NA,NA,NA,NA,NA,14.285714285714286,37.755102040816325,23.46938775510204,24.489795918367346,NA,NA,NA,NA,NA,NA,NA
2024-05-19,CPICOREYOY-24MAY,472,NA,NA,NA,NA,NA,NA,NA,NA,NA,NA,NA,NA,NA,NA,NA,NA,NA,NA,NA,NA,NA,NA,NA,NA,NA,NA,NA,NA,NA,NA,NA,NA,NA,NA,NA,NA,16.3265306122449,35.714285714285715,23.46938775510204,24.489795918367346,NA,NA,NA,NA,NA,NA,NA
2024-05-20,CPICOREYOY-24MAY,0,NA,NA,NA,NA,NA,NA,NA,NA,NA,NA,NA,NA,NA,NA,NA,NA,NA,NA,NA,NA,NA,NA,NA,NA,NA,NA,NA,NA,NA,NA,NA,NA,NA,NA,NA,NA,16.3265306122449,35.714285714285715,23.46938775510204,24.489795918367346,NA,NA,NA,NA,NA,NA,NA
2024-05-21,CPICOREYOY-24MAY,52,NA,NA,NA,NA,NA,NA,NA,NA,NA,NA,NA,NA,NA,NA,NA,NA,NA,NA,NA,NA,NA,NA,NA,NA,NA,NA,NA,NA,NA,NA,NA,NA,NA,NA,NA,NA,17.346938775510203,34.69387755102041,23.46938775510204,24.489795918367346,NA,NA,NA,NA,NA,NA,NA
2024-05-22,CPICOREYOY-24MAY,0,NA,NA,NA,NA,NA,NA,NA,NA,NA,NA,NA,NA,NA,NA,NA,NA,NA,NA,NA,NA,NA,NA,NA,NA,NA,NA,NA,NA,NA,NA,NA,NA,NA,NA,NA,NA,17.346938775510203,34.69387755102041,23.46938775510204,24.489795918367346,NA,NA,NA,NA,NA,NA,NA
2024-05-23,CPICOREYOY-24MAY,64,NA,NA,NA,NA,NA,NA,NA,NA,NA,NA,NA,NA,NA,NA,NA,NA,NA,NA,NA,NA,NA,NA,NA,NA,NA,NA,NA,NA,NA,NA,NA,NA,NA,NA,NA,NA,17.346938775510203,34.69387755102041,23.46938775510204,24.489795918367346,NA,NA,NA,NA,NA,NA,NA
2024-05-24,CPICOREYOY-24MAY,38,NA,NA,NA,NA,NA,NA,NA,NA,NA,NA,NA,NA,NA,NA,NA,NA,NA,NA,NA,NA,NA,NA,NA,NA,NA,NA,NA,NA,NA,NA,NA,NA,NA,NA,NA,NA,17.346938775510203,34.69387755102041,30.612244897959183,17.346938775510203,NA,NA,NA,NA,NA,NA,NA
2024-05-25,CPICOREYOY-24MAY,600,NA,NA,NA,NA,NA,NA,NA,NA,NA,NA,NA,NA,NA,NA,NA,NA,NA,NA,NA,NA,NA,NA,NA,NA,NA,NA,NA,NA,NA,NA,NA,NA,NA,NA,NA,NA,9.183673469387756,33.67346938775511,34.6938775510204,22.448979591836736,NA,NA,NA,NA,NA,NA,NA
2024-05-26,CPICOREYOY-24MAY,42,NA,NA,NA,NA,NA,NA,NA,NA,NA,NA,NA,NA,NA,NA,NA,NA,NA,NA,NA,NA,NA,NA,NA,NA,NA,NA,NA,NA,NA,NA,NA,NA,NA,NA,NA,NA,17.346938775510203,25.51020408163266,34.6938775510204,22.448979591836736,NA,NA,NA,NA,NA,NA,NA
2024-05-27,CPICOREYOY-24MAY,0,NA,NA,NA,NA,NA,NA,NA,NA,NA,NA,NA,NA,NA,NA,NA,NA,NA,NA,NA,NA,NA,NA,NA,NA,NA,NA,NA,NA,NA,NA,NA,NA,NA,NA,NA,NA,17.346938775510203,25.51020408163266,34.6938775510204,22.448979591836736,NA,NA,NA,NA,NA,NA,NA
2024-05-28,CPICOREYOY-24MAY,6231,NA,NA,NA,NA,NA,NA,NA,NA,NA,NA,NA,NA,NA,NA,NA,NA,NA,NA,NA,NA,NA,NA,NA,NA,NA,NA,NA,NA,NA,NA,NA,NA,NA,NA,NA,6.122448979591836,11.224489795918368,36.734693877551024,32.6530612244898,13.265306122448981,NA,NA,NA,NA,NA,NA,NA
2024-05-29,CPICOREYOY-24MAY,4362,NA,NA,NA,NA,NA,NA,NA,NA,NA,NA,NA,NA,NA,NA,NA,NA,NA,NA,NA,NA,NA,NA,NA,NA,NA,NA,NA,NA,NA,NA,NA,NA,NA,NA,NA,6.122448979591836,7.142857142857143,38.775510204081634,28.571428571428573,19.387755102040817,NA,NA,NA,NA,NA,NA,NA
2024-05-30,CPICOREYOY-24MAY,61,NA,NA,NA,NA,NA,NA,NA,NA,NA,NA,NA,NA,NA,NA,NA,NA,NA,NA,NA,NA,NA,NA,NA,NA,NA,NA,NA,NA,NA,NA,NA,NA,NA,NA,NA,6.122448979591836,7.142857142857143,38.775510204081634,47.95918367346939,0,NA,NA,NA,NA,NA,NA,NA
2024-05-31,CPICOREYOY-24MAY,2,NA,NA,NA,NA,NA,NA,NA,NA,NA,NA,NA,NA,NA,NA,NA,NA,NA,NA,NA,NA,NA,NA,NA,NA,NA,NA,NA,NA,NA,NA,NA,NA,NA,NA,NA,6.122448979591836,7.142857142857143,38.775510204081634,27.551020408163264,20.408163265306122,NA,NA,NA,NA,NA,NA,NA
2024-06-01,CPICOREYOY-24MAY,1,NA,NA,NA,NA,NA,NA,NA,NA,NA,NA,NA,NA,NA,NA,NA,NA,NA,NA,NA,NA,NA,NA,NA,NA,NA,NA,NA,NA,NA,NA,NA,NA,NA,NA,NA,6.122448979591836,7.142857142857143,38.775510204081634,33.673469387755105,14.285714285714286,NA,NA,NA,NA,NA,NA,NA
2024-06-02,CPICOREYOY-24MAY,0,NA,NA,NA,NA,NA,NA,NA,NA,NA,NA,NA,NA,NA,NA,NA,NA,NA,NA,NA,NA,NA,NA,NA,NA,NA,NA,NA,NA,NA,NA,NA,NA,NA,NA,NA,6.122448979591836,7.142857142857143,38.775510204081634,33.673469387755105,14.285714285714286,NA,NA,NA,NA,NA,NA,NA
2024-06-03,CPICOREYOY-24MAY,0,NA,NA,NA,NA,NA,NA,NA,NA,NA,NA,NA,NA,NA,NA,NA,NA,NA,NA,NA,NA,NA,NA,NA,NA,NA,NA,NA,NA,NA,NA,NA,NA,NA,NA,NA,6.122448979591836,7.142857142857143,38.775510204081634,33.673469387755105,14.285714285714286,NA,NA,NA,NA,NA,NA,NA
2024-06-04,CPICOREYOY-24MAY,11000,NA,NA,NA,NA,NA,NA,NA,NA,NA,NA,NA,NA,NA,NA,NA,NA,NA,NA,NA,NA,NA,NA,NA,NA,NA,NA,NA,NA,NA,NA,NA,NA,NA,NA,NA,6.122448979591836,10.204081632653061,37.755102040816325,31.632653061224488,14.285714285714286,NA,NA,NA,NA,NA,NA,NA
2024-06-05,CPICOREYOY-24MAY,1405,NA,NA,NA,NA,NA,NA,NA,NA,NA,NA,NA,NA,NA,NA,NA,NA,NA,NA,NA,NA,NA,NA,NA,NA,NA,NA,NA,NA,NA,NA,NA,NA,NA,NA,NA,6.122448979591836,10.204081632653061,37.755102040816325,31.632653061224488,14.285714285714286,NA,NA,NA,NA,NA,NA,NA
2024-06-06,CPICOREYOY-24MAY,10,NA,NA,NA,NA,NA,NA,NA,NA,NA,NA,NA,NA,NA,NA,NA,NA,NA,NA,NA,NA,NA,NA,NA,NA,NA,NA,NA,NA,NA,NA,NA,NA,NA,NA,NA,6.122448979591836,10.204081632653061,33.673469387755105,35.714285714285715,14.285714285714286,NA,NA,NA,NA,NA,NA,NA
2024-06-07,CPICOREYOY-24MAY,6190,NA,NA,NA,NA,NA,NA,NA,NA,NA,NA,NA,NA,NA,NA,NA,NA,NA,NA,NA,NA,NA,NA,NA,NA,NA,NA,NA,NA,NA,NA,NA,NA,NA,NA,NA,6.122448979591836,10.204081632653061,39.795918367346935,35.714285714285715,8.16326530612245,NA,NA,NA,NA,NA,NA,NA
2024-06-08,CPICOREYOY-24MAY,30,NA,NA,NA,NA,NA,NA,NA,NA,NA,NA,NA,NA,NA,NA,NA,NA,NA,NA,NA,NA,NA,NA,NA,NA,NA,NA,NA,NA,NA,NA,NA,NA,NA,NA,NA,6.122448979591836,10.204081632653061,37.755102040816325,37.755102040816325,8.16326530612245,NA,NA,NA,NA,NA,NA,NA
2024-06-09,CPICOREYOY-24MAY,61,NA,NA,NA,NA,NA,NA,NA,NA,NA,NA,NA,NA,NA,NA,NA,NA,NA,NA,NA,NA,NA,NA,NA,NA,NA,NA,NA,NA,NA,NA,NA,NA,NA,NA,NA,6.122448979591836,10.204081632653061,37.755102040816325,37.755102040816325,8.16326530612245,NA,NA,NA,NA,NA,NA,NA
2024-06-10,CPICOREYOY-24MAY,6036,NA,NA,NA,NA,NA,NA,NA,NA,NA,NA,NA,NA,NA,NA,NA,NA,NA,NA,NA,NA,NA,NA,NA,NA,NA,NA,NA,NA,NA,NA,NA,NA,NA,NA,NA,6.122448979591836,9.183673469387756,45.91836734693877,29.591836734693878,9.183673469387756,NA,NA,NA,NA,NA,NA,NA
2024-06-11,CPICOREYOY-24MAY,2480,NA,NA,NA,NA,NA,NA,NA,NA,NA,NA,NA,NA,NA,NA,NA,NA,NA,NA,NA,NA,NA,NA,NA,NA,NA,NA,NA,NA,NA,NA,NA,NA,NA,NA,NA,1.0204081632653061,13.26530612244898,41.83673469387755,34.69387755102041,9.183673469387756,NA,NA,NA,NA,NA,NA,NA
2024-06-12,CPICOREYOY-24MAY,833,NA,NA,NA,NA,NA,NA,NA,NA,NA,NA,NA,NA,NA,NA,NA,NA,NA,NA,NA,NA,NA,NA,NA,NA,NA,NA,NA,NA,NA,NA,NA,NA,NA,NA,NA,1.0204081632653061,13.26530612244898,41.83673469387755,38.775510204081634,5.1020408163265305,NA,NA,NA,NA,NA,NA,NA
2024-06-25,CPICOREYOY-24JUN,1200,NA,NA,NA,NA,NA,NA,NA,NA,NA,NA,NA,NA,NA,NA,NA,NA,NA,NA,NA,NA,NA,NA,NA,NA,NA,NA,NA,NA,NA,NA,NA,NA,NA,NA,NA,31.632653061224488,68.36734693877551,NA,NA,NA,NA,NA,NA,NA,NA,NA,NA
2024-06-26,CPICOREYOY-24JUN,600,NA,NA,NA,NA,NA,NA,NA,NA,NA,NA,NA,NA,NA,NA,NA,NA,NA,NA,NA,NA,NA,NA,NA,NA,NA,NA,NA,NA,NA,NA,NA,NA,NA,NA,NA,31.632653061224488,68.36734693877551,NA,NA,NA,NA,NA,NA,NA,NA,NA,NA
2024-06-27,CPICOREYOY-24JUN,1800,NA,NA,NA,NA,NA,NA,NA,NA,NA,NA,NA,NA,NA,NA,NA,NA,NA,NA,NA,NA,NA,NA,NA,NA,NA,NA,NA,NA,NA,NA,NA,NA,NA,NA,NA,30.612244897959183,69.38775510204081,NA,NA,NA,NA,NA,NA,NA,NA,NA,NA
2024-06-28,CPICOREYOY-24JUN,0,NA,NA,NA,NA,NA,NA,NA,NA,NA,NA,NA,NA,NA,NA,NA,NA,NA,NA,NA,NA,NA,NA,NA,NA,NA,NA,NA,NA,NA,NA,NA,NA,NA,NA,NA,30.612244897959183,69.38775510204081,NA,NA,NA,NA,NA,NA,NA,NA,NA,NA
2024-06-29,CPICOREYOY-24JUN,0,NA,NA,NA,NA,NA,NA,NA,NA,NA,NA,NA,NA,NA,NA,NA,NA,NA,NA,NA,NA,NA,NA,NA,NA,NA,NA,NA,NA,NA,NA,NA,NA,NA,NA,NA,30.612244897959183,69.38775510204081,NA,NA,NA,NA,NA,NA,NA,NA,NA,NA
2024-06-30,CPICOREYOY-24JUN,0,NA,NA,NA,NA,NA,NA,NA,NA,NA,NA,NA,NA,NA,NA,NA,NA,NA,NA,NA,NA,NA,NA,NA,NA,NA,NA,NA,NA,NA,NA,NA,NA,NA,NA,NA,30.612244897959183,69.38775510204081,NA,NA,NA,NA,NA,NA,NA,NA,NA,NA
2024-07-01,CPICOREYOY-24JUN,0,NA,NA,NA,NA,NA,NA,NA,NA,NA,NA,NA,NA,NA,NA,NA,NA,NA,NA,NA,NA,NA,NA,NA,NA,NA,NA,NA,NA,NA,NA,NA,NA,NA,NA,NA,30.612244897959183,69.38775510204081,NA,NA,NA,NA,NA,NA,NA,NA,NA,NA
2024-07-02,CPICOREYOY-24JUN,770,NA,NA,NA,NA,NA,NA,NA,NA,NA,NA,NA,NA,NA,NA,NA,NA,NA,NA,NA,NA,NA,NA,NA,NA,NA,NA,NA,NA,NA,NA,NA,NA,NA,NA,NA,29.591836734693878,42.857142857142854,27.55102040816327,NA,NA,NA,NA,NA,NA,NA,NA,NA
2024-07-03,CPICOREYOY-24JUN,0,NA,NA,NA,NA,NA,NA,NA,NA,NA,NA,NA,NA,NA,NA,NA,NA,NA,NA,NA,NA,NA,NA,NA,NA,NA,NA,NA,NA,NA,NA,NA,NA,NA,NA,NA,29.591836734693878,42.857142857142854,27.55102040816327,NA,NA,NA,NA,NA,NA,NA,NA,NA
2024-07-04,CPICOREYOY-24JUN,0,NA,NA,NA,NA,NA,NA,NA,NA,NA,NA,NA,NA,NA,NA,NA,NA,NA,NA,NA,NA,NA,NA,NA,NA,NA,NA,NA,NA,NA,NA,NA,NA,NA,NA,NA,29.591836734693878,42.857142857142854,27.55102040816327,NA,NA,NA,NA,NA,NA,NA,NA,NA
2024-07-05,CPICOREYOY-24JUN,0,NA,NA,NA,NA,NA,NA,NA,NA,NA,NA,NA,NA,NA,NA,NA,NA,NA,NA,NA,NA,NA,NA,NA,NA,NA,NA,NA,NA,NA,NA,NA,NA,NA,NA,NA,29.591836734693878,42.857142857142854,27.55102040816327,NA,NA,NA,NA,NA,NA,NA,NA,NA
2024-07-06,CPICOREYOY-24JUN,0,NA,NA,NA,NA,NA,NA,NA,NA,NA,NA,NA,NA,NA,NA,NA,NA,NA,NA,NA,NA,NA,NA,NA,NA,NA,NA,NA,NA,NA,NA,NA,NA,NA,NA,NA,29.591836734693878,42.857142857142854,27.55102040816327,NA,NA,NA,NA,NA,NA,NA,NA,NA
2024-07-07,CPICOREYOY-24JUN,0,NA,NA,NA,NA,NA,NA,NA,NA,NA,NA,NA,NA,NA,NA,NA,NA,NA,NA,NA,NA,NA,NA,NA,NA,NA,NA,NA,NA,NA,NA,NA,NA,NA,NA,NA,29.591836734693878,42.857142857142854,27.55102040816327,NA,NA,NA,NA,NA,NA,NA,NA,NA
2024-07-08,CPICOREYOY-24JUN,600,NA,NA,NA,NA,NA,NA,NA,NA,NA,NA,NA,NA,NA,NA,NA,NA,NA,NA,NA,NA,NA,NA,NA,NA,NA,NA,NA,NA,NA,NA,NA,NA,NA,NA,NA,32.6530612244898,39.795918367346935,27.55102040816327,NA,NA,NA,NA,NA,NA,NA,NA,NA
2024-07-09,CPICOREYOY-24JUN,2800,NA,NA,NA,NA,NA,NA,NA,NA,NA,NA,NA,NA,NA,NA,NA,NA,NA,NA,NA,NA,NA,NA,NA,NA,NA,NA,NA,NA,NA,NA,NA,NA,NA,NA,NA,27.551020408163264,44.89795918367347,27.55102040816327,NA,NA,NA,NA,NA,NA,NA,NA,NA
2024-07-10,CPICOREYOY-24JUN,3631,NA,NA,NA,NA,NA,NA,NA,NA,NA,NA,NA,NA,NA,NA,NA,NA,NA,NA,NA,NA,NA,NA,NA,NA,NA,NA,NA,NA,NA,NA,NA,NA,NA,NA,NA,22.448979591836736,47.95918367346939,29.591836734693878,NA,NA,NA,NA,NA,NA,NA,NA,NA
2024-07-15,CPICOREYOY-24JUL,1,NA,NA,NA,NA,NA,NA,NA,NA,NA,NA,NA,NA,NA,NA,NA,NA,NA,NA,NA,NA,NA,NA,NA,NA,NA,NA,NA,NA,NA,NA,NA,NA,NA,7.142857142857143,51.02040816326531,34.69387755102041,7.142857142857143,NA,NA,NA,NA,NA,NA,NA,NA,NA,NA
2024-07-16,CPICOREYOY-24JUL,0,NA,NA,NA,NA,NA,NA,NA,NA,NA,NA,NA,NA,NA,NA,NA,NA,NA,NA,NA,NA,NA,NA,NA,NA,NA,NA,NA,NA,NA,NA,NA,NA,NA,7.142857142857143,51.02040816326531,34.69387755102041,7.142857142857143,NA,NA,NA,NA,NA,NA,NA,NA,NA,NA
2024-07-17,CPICOREYOY-24JUL,0,NA,NA,NA,NA,NA,NA,NA,NA,NA,NA,NA,NA,NA,NA,NA,NA,NA,NA,NA,NA,NA,NA,NA,NA,NA,NA,NA,NA,NA,NA,NA,NA,NA,7.142857142857143,51.02040816326531,34.69387755102041,7.142857142857143,NA,NA,NA,NA,NA,NA,NA,NA,NA,NA
2024-07-18,CPICOREYOY-24JUL,4560,NA,NA,NA,NA,NA,NA,NA,NA,NA,NA,NA,NA,NA,NA,NA,NA,NA,NA,NA,NA,NA,NA,NA,NA,NA,NA,NA,NA,NA,NA,NA,NA,9.183673469387756,29.591836734693878,45.91836734693877,8.16326530612245,7.142857142857143,NA,NA,NA,NA,NA,NA,NA,NA,NA,NA
2024-07-19,CPICOREYOY-24JUL,910,NA,NA,NA,NA,NA,NA,NA,NA,NA,NA,NA,NA,NA,NA,NA,NA,NA,NA,NA,NA,NA,NA,NA,NA,NA,NA,NA,NA,NA,NA,NA,NA,9.183673469387756,34.6938775510204,40.81632653061225,8.16326530612245,7.142857142857143,NA,NA,NA,NA,NA,NA,NA,NA,NA,NA
2024-07-20,CPICOREYOY-24JUL,320,NA,NA,NA,NA,NA,NA,NA,NA,NA,NA,NA,NA,NA,NA,NA,NA,NA,NA,NA,NA,NA,NA,NA,NA,NA,NA,NA,NA,NA,NA,NA,NA,9.183673469387756,36.734693877551024,43.87755102040816,3.061224489795918,7.142857142857143,NA,NA,NA,NA,NA,NA,NA,NA,NA,NA
2024-07-21,CPICOREYOY-24JUL,0,NA,NA,NA,NA,NA,NA,NA,NA,NA,NA,NA,NA,NA,NA,NA,NA,NA,NA,NA,NA,NA,NA,NA,NA,NA,NA,NA,NA,NA,NA,NA,NA,9.183673469387756,36.734693877551024,43.87755102040816,3.061224489795918,7.142857142857143,NA,NA,NA,NA,NA,NA,NA,NA,NA,NA
2024-07-22,CPICOREYOY-24JUL,800,NA,NA,NA,NA,NA,NA,NA,NA,NA,NA,NA,NA,NA,NA,NA,NA,NA,NA,NA,NA,NA,NA,NA,NA,NA,NA,NA,NA,NA,NA,NA,NA,9.183673469387756,25.510204081632654,47.95918367346939,10.204081632653061,7.142857142857143,NA,NA,NA,NA,NA,NA,NA,NA,NA,NA
2024-07-23,CPICOREYOY-24JUL,650,NA,NA,NA,NA,NA,NA,NA,NA,NA,NA,NA,NA,NA,NA,NA,NA,NA,NA,NA,NA,NA,NA,NA,NA,NA,NA,NA,NA,NA,NA,NA,NA,9.183673469387756,25.510204081632654,46.93877551020408,11.224489795918368,7.142857142857143,NA,NA,NA,NA,NA,NA,NA,NA,NA,NA
2024-07-24,CPICOREYOY-24JUL,1903,NA,NA,NA,NA,NA,NA,NA,NA,NA,NA,NA,NA,NA,NA,NA,NA,NA,NA,NA,NA,NA,NA,NA,NA,NA,NA,NA,NA,NA,NA,NA,NA,9.183673469387756,21.428571428571427,46.93877551020408,15.306122448979592,7.142857142857143,NA,NA,NA,NA,NA,NA,NA,NA,NA,NA
2024-07-25,CPICOREYOY-24JUL,645,NA,NA,NA,NA,NA,NA,NA,NA,NA,NA,NA,NA,NA,NA,NA,NA,NA,NA,NA,NA,NA,NA,NA,NA,NA,NA,NA,NA,NA,NA,NA,NA,9.183673469387756,19.387755102040817,52.04081632653061,12.244897959183673,7.142857142857143,NA,NA,NA,NA,NA,NA,NA,NA,NA,NA
2024-07-26,CPICOREYOY-24JUL,0,NA,NA,NA,NA,NA,NA,NA,NA,NA,NA,NA,NA,NA,NA,NA,NA,NA,NA,NA,NA,NA,NA,NA,NA,NA,NA,NA,NA,NA,NA,NA,NA,9.183673469387756,19.387755102040817,52.04081632653061,12.244897959183673,7.142857142857143,NA,NA,NA,NA,NA,NA,NA,NA,NA,NA
2024-07-27,CPICOREYOY-24JUL,0,NA,NA,NA,NA,NA,NA,NA,NA,NA,NA,NA,NA,NA,NA,NA,NA,NA,NA,NA,NA,NA,NA,NA,NA,NA,NA,NA,NA,NA,NA,NA,NA,9.183673469387756,19.387755102040817,52.04081632653061,12.244897959183673,7.142857142857143,NA,NA,NA,NA,NA,NA,NA,NA,NA,NA
2024-07-28,CPICOREYOY-24JUL,0,NA,NA,NA,NA,NA,NA,NA,NA,NA,NA,NA,NA,NA,NA,NA,NA,NA,NA,NA,NA,NA,NA,NA,NA,NA,NA,NA,NA,NA,NA,NA,NA,9.183673469387756,19.387755102040817,52.04081632653061,12.244897959183673,7.142857142857143,NA,NA,NA,NA,NA,NA,NA,NA,NA,NA
2024-07-29,CPICOREYOY-24JUL,6323,NA,NA,NA,NA,NA,NA,NA,NA,NA,NA,NA,NA,NA,NA,NA,NA,NA,NA,NA,NA,NA,NA,NA,NA,NA,NA,NA,NA,NA,NA,NA,NA,9.183673469387756,17.346938775510203,50,16.3265306122449,7.142857142857143,NA,NA,NA,NA,NA,NA,NA,NA,NA,NA
2024-07-30,CPICOREYOY-24JUL,24,NA,NA,NA,NA,NA,NA,NA,NA,NA,NA,NA,NA,NA,NA,NA,NA,NA,NA,NA,NA,NA,NA,NA,NA,NA,NA,0,NA,NA,NA,NA,NA,9.183673469387756,17.346938775510203,50,16.3265306122449,7.142857142857143,0,0,0,0,NA,NA,NA,NA,NA,NA
2024-07-31,CPICOREYOY-24JUL,625,NA,NA,NA,NA,NA,NA,NA,NA,NA,NA,NA,NA,NA,NA,NA,NA,NA,NA,NA,NA,NA,NA,NA,NA,NA,NA,0,NA,NA,NA,NA,NA,9.183673469387756,18.367346938775512,50,15.306122448979592,7.142857142857143,0,0,0,0,NA,NA,NA,NA,NA,NA
2024-08-01,CPICOREYOY-24JUL,1110,NA,NA,NA,NA,NA,NA,NA,NA,NA,NA,NA,NA,NA,NA,NA,NA,NA,NA,NA,NA,NA,NA,NA,NA,NA,NA,0,NA,NA,NA,NA,NA,9.183673469387756,23.46938775510204,44.89795918367347,15.306122448979592,7.142857142857143,0,0,0,0,NA,NA,NA,NA,NA,NA
2024-08-02,CPICOREYOY-24JUL,180,NA,NA,NA,NA,NA,NA,NA,NA,NA,NA,NA,NA,NA,NA,NA,NA,NA,NA,NA,NA,NA,NA,NA,NA,NA,NA,0,NA,NA,NA,NA,NA,9.183673469387756,24.489795918367346,43.87755102040816,15.306122448979592,7.142857142857143,0,0,0,0,NA,NA,NA,NA,NA,NA
2024-08-03,CPICOREYOY-24JUL,2467,NA,NA,NA,NA,NA,NA,NA,NA,NA,NA,NA,NA,NA,NA,NA,NA,NA,NA,NA,NA,NA,NA,NA,NA,NA,NA,0,NA,NA,NA,NA,NA,8.16326530612245,27.551020408163264,40.816326530612244,21.428571428571427,2.0408163265306123,0,0,0,0,NA,NA,NA,NA,NA,NA
2024-08-04,CPICOREYOY-24JUL,0,NA,NA,NA,NA,NA,NA,NA,NA,NA,NA,NA,NA,NA,NA,NA,NA,NA,NA,NA,NA,NA,NA,NA,NA,NA,NA,0,NA,NA,NA,NA,NA,8.16326530612245,27.551020408163264,40.816326530612244,21.428571428571427,2.0408163265306123,0,0,0,0,NA,NA,NA,NA,NA,NA
2024-08-05,CPICOREYOY-24JUL,3865,NA,NA,NA,NA,NA,NA,NA,NA,NA,NA,NA,NA,NA,NA,NA,NA,NA,NA,NA,NA,NA,NA,NA,NA,NA,NA,0,NA,NA,NA,NA,NA,8.16326530612245,21.428571428571427,51.02040816326531,17.346938775510203,2.0408163265306123,0,0,0,0,NA,NA,NA,NA,NA,NA
2024-08-06,CPICOREYOY-24JUL,3280,NA,NA,NA,NA,NA,NA,NA,NA,NA,NA,NA,NA,NA,NA,NA,NA,NA,NA,NA,NA,NA,NA,NA,NA,NA,NA,0,NA,NA,NA,NA,NA,8.16326530612245,21.428571428571427,46.93877551020408,21.428571428571427,2.0408163265306123,0,0,0,0,NA,NA,NA,NA,NA,NA
2024-08-07,CPICOREYOY-24JUL,2400,NA,NA,NA,NA,NA,NA,NA,NA,NA,NA,NA,NA,NA,NA,NA,NA,NA,NA,NA,NA,NA,NA,NA,NA,NA,NA,0,NA,NA,NA,NA,NA,8.16326530612245,20.408163265306122,47.95918367346939,21.428571428571427,2.0408163265306123,0,0,0,0,NA,NA,NA,NA,NA,NA
2024-08-08,CPICOREYOY-24JUL,1600,NA,NA,NA,NA,NA,NA,NA,NA,NA,NA,NA,NA,NA,NA,NA,NA,NA,NA,NA,NA,NA,NA,NA,NA,NA,NA,0,NA,NA,NA,NA,NA,8.16326530612245,20.408163265306122,46.93877551020408,22.448979591836736,2.0408163265306123,0,0,0,0,NA,NA,NA,NA,NA,NA
2024-08-09,CPICOREYOY-24JUL,1650,NA,NA,NA,NA,NA,NA,NA,NA,NA,NA,NA,NA,NA,NA,NA,NA,NA,NA,NA,NA,NA,NA,NA,NA,NA,NA,0,NA,NA,NA,NA,NA,8.16326530612245,17.346938775510203,48.97959183673469,23.46938775510204,2.0408163265306123,0,0,0,0,NA,NA,NA,NA,NA,NA
2024-08-10,CPICOREYOY-24JUL,2400,NA,NA,NA,NA,NA,NA,NA,NA,NA,NA,NA,NA,NA,NA,NA,NA,NA,NA,NA,NA,NA,NA,NA,NA,NA,NA,0,NA,NA,NA,NA,NA,8.16326530612245,17.346938775510203,45.91836734693877,26.530612244897956,2.0408163265306123,0,0,0,0,NA,NA,NA,NA,NA,NA
2024-08-11,CPICOREYOY-24JUL,13,NA,NA,NA,NA,NA,NA,NA,NA,NA,NA,NA,NA,NA,NA,NA,NA,NA,NA,NA,NA,NA,NA,NA,NA,NA,NA,0,NA,NA,NA,NA,NA,8.16326530612245,16.3265306122449,46.93877551020408,26.530612244897956,2.0408163265306123,0,0,0,0,NA,NA,NA,NA,NA,NA
2024-08-12,CPICOREYOY-24AUG,5875,NA,NA,NA,NA,NA,NA,NA,NA,NA,NA,NA,NA,NA,NA,NA,NA,NA,NA,NA,NA,NA,NA,NA,NA,NA,NA,NA,NA,NA,NA,NA,6.122448979591836,6.122448979591836,25.510204081632654,62.244897959183675,NA,NA,NA,NA,NA,NA,NA,NA,NA,NA,NA,NA
2024-08-12,CPICOREYOY-24JUL,3881,NA,NA,NA,NA,NA,NA,NA,NA,NA,NA,NA,NA,NA,NA,NA,NA,NA,NA,NA,NA,NA,NA,NA,NA,NA,NA,0,NA,NA,NA,NA,NA,8.16326530612245,20.408163265306122,40.816326530612244,28.571428571428573,2.0408163265306123,0,0,0,0,NA,NA,NA,NA,NA,NA
2024-08-13,CPICOREYOY-24AUG,1507,NA,NA,NA,NA,NA,NA,NA,NA,NA,NA,NA,NA,NA,NA,NA,NA,NA,NA,NA,NA,NA,NA,NA,NA,NA,NA,NA,NA,NA,NA,NA,11.224489795918368,17.346938775510203,9.183673469387756,62.244897959183675,NA,NA,NA,NA,NA,NA,NA,NA,NA,NA,NA,NA
2024-08-13,CPICOREYOY-24JUL,837,NA,NA,NA,NA,NA,NA,NA,NA,NA,NA,NA,NA,NA,NA,NA,NA,NA,NA,NA,NA,NA,NA,NA,NA,NA,NA,0,NA,NA,NA,NA,NA,8.16326530612245,22.448979591836736,37.755102040816325,30.612244897959183,1.0204081632653061,0,0,0,0,NA,NA,NA,NA,NA,NA
2024-08-14,CPICOREYOY-24AUG,300,NA,NA,NA,NA,NA,NA,NA,NA,NA,NA,NA,NA,NA,NA,NA,NA,NA,NA,NA,NA,NA,NA,NA,NA,NA,NA,NA,NA,NA,NA,NA,11.224489795918368,30.612244897959194,28.571428571428562,29.591836734693878,NA,NA,NA,NA,NA,NA,NA,NA,NA,NA,NA,NA
2024-08-14,CPICOREYOY-24JUL,5551,NA,NA,NA,NA,NA,NA,NA,NA,NA,NA,NA,NA,NA,NA,NA,NA,NA,NA,NA,NA,NA,NA,NA,NA,NA,NA,0,NA,NA,NA,NA,NA,2.0408163265306123,25.510204081632654,50,21.428571428571427,1.0204081632653061,0,0,0,0,NA,NA,NA,NA,NA,NA
2024-08-15,CPICOREYOY-24AUG,917,NA,NA,NA,NA,NA,NA,NA,NA,NA,NA,NA,NA,NA,NA,NA,NA,NA,NA,NA,NA,NA,NA,NA,NA,NA,NA,NA,NA,NA,NA,NA,11.224489795918368,21.428571428571427,37.755102040816325,27.551020408163264,2.0408163265306123,NA,NA,NA,NA,NA,NA,NA,NA,NA,NA,NA
2024-08-16,CPICOREYOY-24AUG,0,NA,NA,NA,NA,NA,NA,NA,NA,NA,NA,NA,NA,NA,NA,NA,NA,NA,NA,NA,NA,NA,NA,NA,NA,NA,NA,NA,NA,NA,NA,NA,11.224489795918368,21.428571428571427,37.755102040816325,27.551020408163264,2.0408163265306123,NA,NA,NA,NA,NA,NA,NA,NA,NA,NA,NA
2024-08-17,CPICOREYOY-24AUG,2025,NA,NA,NA,NA,NA,NA,NA,NA,NA,NA,NA,NA,NA,NA,NA,NA,NA,NA,NA,NA,NA,NA,NA,NA,NA,NA,NA,NA,NA,NA,NA,11.224489795918368,16.3265306122449,29.591836734693878,40.816326530612244,2.0408163265306123,NA,NA,NA,NA,NA,NA,NA,NA,NA,NA,NA
2024-08-18,CPICOREYOY-24AUG,0,NA,NA,NA,NA,NA,NA,NA,NA,NA,NA,NA,NA,NA,NA,NA,NA,NA,NA,NA,NA,NA,NA,NA,NA,NA,NA,NA,NA,NA,NA,NA,11.224489795918368,16.3265306122449,29.591836734693878,40.816326530612244,2.0408163265306123,NA,NA,NA,NA,NA,NA,NA,NA,NA,NA,NA
2024-08-19,CPICOREYOY-24AUG,875,NA,NA,NA,NA,NA,NA,NA,NA,NA,NA,NA,NA,NA,NA,NA,NA,NA,NA,NA,NA,NA,NA,NA,NA,NA,NA,NA,NA,NA,NA,NA,11.224489795918368,16.3265306122449,32.6530612244898,37.755102040816325,2.0408163265306123,NA,NA,NA,NA,NA,NA,NA,NA,NA,NA,NA
2024-08-20,CPICOREYOY-24AUG,900,NA,NA,NA,NA,NA,NA,NA,NA,NA,NA,NA,NA,NA,NA,NA,NA,NA,NA,NA,NA,NA,NA,NA,NA,NA,NA,NA,NA,NA,NA,NA,2.0408163265306123,17.346938775510203,40.816326530612244,37.755102040816325,2.0408163265306123,NA,NA,NA,NA,NA,NA,NA,NA,NA,NA,NA
2024-08-21,CPICOREYOY-24AUG,0,NA,NA,NA,NA,NA,NA,NA,NA,NA,NA,NA,NA,NA,NA,NA,NA,NA,NA,NA,NA,NA,NA,NA,NA,NA,NA,NA,NA,NA,NA,NA,2.0408163265306123,17.346938775510203,40.816326530612244,37.755102040816325,2.0408163265306123,NA,NA,NA,NA,NA,NA,NA,NA,NA,NA,NA
2024-08-22,CPICOREYOY-24AUG,0,NA,NA,NA,NA,NA,NA,NA,NA,NA,NA,NA,NA,NA,NA,NA,NA,NA,NA,NA,NA,NA,NA,NA,NA,NA,NA,NA,NA,NA,NA,NA,2.0408163265306123,17.346938775510203,40.816326530612244,37.755102040816325,2.0408163265306123,NA,NA,NA,NA,NA,NA,NA,NA,NA,NA,NA
2024-08-23,CPICOREYOY-24AUG,1341,NA,NA,NA,NA,NA,NA,NA,NA,NA,NA,NA,NA,NA,NA,NA,NA,NA,NA,NA,NA,NA,NA,NA,NA,NA,NA,NA,NA,NA,NA,NA,0,14.285714285714286,45.91836734693877,37.755102040816325,2.0408163265306123,NA,NA,NA,NA,NA,NA,NA,NA,NA,NA,NA
2024-08-24,CPICOREYOY-24AUG,0,NA,NA,NA,NA,NA,NA,NA,NA,NA,NA,NA,NA,NA,NA,NA,NA,NA,NA,NA,NA,NA,NA,NA,NA,NA,NA,NA,NA,NA,NA,NA,0,14.285714285714286,45.91836734693877,37.755102040816325,2.0408163265306123,NA,NA,NA,NA,NA,NA,NA,NA,NA,NA,NA
2024-08-25,CPICOREYOY-24AUG,32,NA,NA,NA,NA,NA,NA,NA,NA,NA,NA,NA,NA,NA,NA,NA,NA,NA,NA,NA,NA,NA,NA,NA,NA,NA,NA,NA,NA,NA,0,0,0,14.285714285714286,45.91836734693877,37.755102040816325,2.0408163265306123,0,0,NA,NA,NA,NA,NA,NA,NA,NA,NA
2024-08-26,CPICOREYOY-24AUG,0,NA,NA,NA,NA,NA,NA,NA,NA,NA,NA,NA,NA,NA,NA,NA,NA,NA,NA,NA,NA,NA,NA,NA,NA,NA,NA,NA,NA,NA,0,0,0,14.285714285714286,45.91836734693877,37.755102040816325,2.0408163265306123,0,0,NA,NA,NA,NA,NA,NA,NA,NA,NA
2024-08-27,CPICOREYOY-24AUG,0,NA,NA,NA,NA,NA,NA,NA,NA,NA,NA,NA,NA,NA,NA,NA,NA,NA,NA,NA,NA,NA,NA,NA,NA,NA,NA,NA,NA,NA,0,0,0,14.285714285714286,45.91836734693877,37.755102040816325,2.0408163265306123,0,0,NA,NA,NA,NA,NA,NA,NA,NA,NA
2024-08-28,CPICOREYOY-24AUG,0,NA,NA,NA,NA,NA,NA,NA,NA,NA,NA,NA,NA,NA,NA,NA,NA,NA,NA,NA,NA,NA,NA,NA,NA,NA,NA,NA,NA,NA,0,0,0,14.285714285714286,45.91836734693877,37.755102040816325,2.0408163265306123,0,0,NA,NA,NA,NA,NA,NA,NA,NA,NA
2024-08-29,CPICOREYOY-24AUG,4532,NA,NA,NA,NA,NA,NA,NA,NA,NA,NA,NA,NA,NA,NA,NA,NA,NA,NA,NA,NA,NA,NA,NA,NA,NA,NA,NA,NA,NA,0,0,0,14.285714285714286,37.755102040816325,45.91836734693877,2.0408163265306123,0,0,NA,NA,NA,NA,NA,NA,NA,NA,NA
2024-08-30,CPICOREYOY-24AUG,700,NA,NA,NA,NA,NA,NA,NA,NA,NA,NA,NA,NA,NA,NA,NA,NA,NA,NA,NA,NA,NA,NA,NA,NA,NA,NA,NA,NA,NA,0,0,0,14.285714285714286,51.02040816326531,32.6530612244898,2.0408163265306123,0,0,NA,NA,NA,NA,NA,NA,NA,NA,NA
2024-08-31,CPICOREYOY-24AUG,0,NA,NA,NA,NA,NA,NA,NA,NA,NA,NA,NA,NA,NA,NA,NA,NA,NA,NA,NA,NA,NA,NA,NA,NA,NA,NA,NA,NA,NA,0,0,0,14.285714285714286,51.02040816326531,32.6530612244898,2.0408163265306123,0,0,NA,NA,NA,NA,NA,NA,NA,NA,NA
2024-09-01,CPICOREYOY-24AUG,0,NA,NA,NA,NA,NA,NA,NA,NA,NA,NA,NA,NA,NA,NA,NA,NA,NA,NA,NA,NA,NA,NA,NA,NA,NA,NA,NA,NA,NA,0,0,0,14.285714285714286,51.02040816326531,32.6530612244898,2.0408163265306123,0,0,NA,NA,NA,NA,NA,NA,NA,NA,NA
2024-09-02,CPICOREYOY-24AUG,0,NA,NA,NA,NA,NA,NA,NA,NA,NA,NA,NA,NA,NA,NA,NA,NA,NA,NA,NA,NA,NA,NA,NA,NA,NA,NA,NA,NA,NA,0,0,0,14.285714285714286,51.02040816326531,32.6530612244898,2.0408163265306123,0,0,NA,NA,NA,NA,NA,NA,NA,NA,NA
2024-09-03,CPICOREYOY-24AUG,666,NA,NA,NA,NA,NA,NA,NA,NA,NA,NA,NA,NA,NA,NA,NA,NA,NA,NA,NA,NA,NA,NA,NA,NA,NA,NA,NA,NA,NA,0,0,0,14.285714285714286,52.04081632653061,31.632653061224488,2.0408163265306123,0,0,NA,NA,NA,NA,NA,NA,NA,NA,NA
2024-09-04,CPICOREYOY-24AUG,0,NA,NA,NA,NA,NA,NA,NA,NA,NA,NA,NA,NA,NA,NA,NA,NA,NA,NA,NA,NA,NA,NA,NA,NA,NA,NA,NA,NA,NA,0,0,0,14.285714285714286,52.04081632653061,31.632653061224488,2.0408163265306123,0,0,NA,NA,NA,NA,NA,NA,NA,NA,NA
2024-09-05,CPICOREYOY-24AUG,0,NA,NA,NA,NA,NA,NA,NA,NA,NA,NA,NA,NA,NA,NA,NA,NA,NA,NA,NA,NA,NA,NA,NA,NA,NA,NA,NA,NA,NA,0,0,0,14.285714285714286,52.04081632653061,31.632653061224488,2.0408163265306123,0,0,NA,NA,NA,NA,NA,NA,NA,NA,NA
2024-09-06,CPICOREYOY-24AUG,50,NA,NA,NA,NA,NA,NA,NA,NA,NA,NA,NA,NA,NA,NA,NA,NA,NA,NA,NA,NA,NA,NA,NA,NA,NA,NA,NA,NA,NA,0,0,6.122448979591836,25.510204081632654,34.69387755102041,31.632653061224488,2.0408163265306123,0,0,NA,NA,NA,NA,NA,NA,NA,NA,NA
2024-09-07,CPICOREYOY-24AUG,0,NA,NA,NA,NA,NA,NA,NA,NA,NA,NA,NA,NA,NA,NA,NA,NA,NA,NA,NA,NA,NA,NA,NA,NA,NA,NA,NA,NA,NA,0,0,6.122448979591836,25.510204081632654,34.69387755102041,31.632653061224488,2.0408163265306123,0,0,NA,NA,NA,NA,NA,NA,NA,NA,NA
2024-09-08,CPICOREYOY-24AUG,0,NA,NA,NA,NA,NA,NA,NA,NA,NA,NA,NA,NA,NA,NA,NA,NA,NA,NA,NA,NA,NA,NA,NA,NA,NA,NA,NA,NA,NA,0,0,6.122448979591836,25.510204081632654,34.69387755102041,31.632653061224488,2.0408163265306123,0,0,NA,NA,NA,NA,NA,NA,NA,NA,NA
2024-09-09,CPICOREYOY-24AUG,1290,NA,NA,NA,NA,NA,NA,NA,NA,NA,NA,NA,NA,NA,NA,NA,NA,NA,NA,NA,NA,NA,NA,NA,NA,NA,NA,NA,NA,NA,0,0,6.122448979591836,8.16326530612245,48.97959183673469,3.061224489795918,26.53061224489796,1.0204081632653053,6.122448979591838,NA,NA,NA,NA,NA,NA,NA,NA,NA
2024-09-10,CPICOREYOY-24AUG,1110,NA,NA,NA,NA,NA,NA,NA,NA,NA,NA,NA,NA,NA,NA,NA,NA,NA,NA,NA,NA,NA,NA,NA,NA,NA,NA,NA,NA,NA,0,0,6.122448979591836,8.16326530612245,48.97959183673469,25.510204081632654,4.081632653061225,1.0204081632653053,6.122448979591838,NA,NA,NA,NA,NA,NA,NA,NA,NA
2024-09-24,CPICOREYOY-24SEP,30,NA,NA,NA,NA,NA,NA,NA,NA,NA,NA,NA,NA,NA,NA,NA,NA,NA,NA,NA,NA,NA,NA,NA,NA,NA,NA,NA,NA,NA,NA,NA,NA,NA,NA,77.55102040816327,22.448979591836736,NA,NA,NA,NA,NA,NA,NA,NA,NA,NA,NA
2024-09-25,CPICOREYOY-24SEP,4126,NA,NA,NA,NA,NA,NA,NA,NA,NA,NA,NA,NA,NA,NA,NA,NA,NA,NA,NA,NA,NA,NA,NA,NA,NA,NA,NA,NA,NA,NA,NA,NA,NA,35.714285714285715,34.69387755102041,29.591836734693878,NA,NA,NA,NA,NA,NA,NA,NA,NA,NA,NA
2024-09-26,CPICOREYOY-24SEP,0,NA,NA,NA,NA,NA,NA,NA,NA,NA,NA,NA,NA,NA,NA,NA,NA,NA,NA,NA,NA,NA,NA,NA,NA,NA,NA,NA,NA,NA,NA,NA,NA,NA,35.714285714285715,34.69387755102041,29.591836734693878,NA,NA,NA,NA,NA,NA,NA,NA,NA,NA,NA
2024-09-27,CPICOREYOY-24SEP,516,NA,NA,NA,NA,NA,NA,NA,NA,NA,NA,NA,NA,NA,NA,NA,NA,NA,NA,NA,NA,NA,NA,NA,NA,NA,NA,NA,NA,0,0,0,0,0,35.714285714285715,34.69387755102041,29.591836734693878,NA,NA,NA,NA,NA,NA,NA,NA,NA,NA,NA
2024-09-28,CPICOREYOY-24SEP,200,NA,NA,NA,NA,NA,NA,NA,NA,NA,NA,NA,NA,NA,NA,NA,NA,NA,NA,NA,NA,NA,NA,NA,NA,NA,NA,NA,NA,0,0,0,0,0,31.632653061224488,38.775510204081634,29.591836734693878,NA,NA,NA,NA,NA,NA,NA,NA,NA,NA,NA
2024-09-29,CPICOREYOY-24SEP,0,NA,NA,NA,NA,NA,NA,NA,NA,NA,NA,NA,NA,NA,NA,NA,NA,NA,NA,NA,NA,NA,NA,NA,NA,NA,NA,NA,NA,0,0,0,0,0,31.632653061224488,38.775510204081634,29.591836734693878,NA,NA,NA,NA,NA,NA,NA,NA,NA,NA,NA
2024-09-30,CPICOREYOY-24SEP,52,NA,NA,NA,NA,NA,NA,NA,NA,NA,NA,NA,NA,NA,NA,NA,NA,NA,NA,NA,NA,NA,NA,NA,NA,NA,NA,NA,NA,0,0,0,0,0,32.6530612244898,28.571428571428573,38.775510204081634,NA,NA,NA,NA,NA,NA,NA,NA,NA,NA,NA
2024-10-01,CPICOREYOY-24SEP,899,NA,NA,NA,NA,NA,NA,NA,NA,NA,NA,NA,NA,NA,NA,NA,NA,NA,NA,NA,NA,NA,NA,NA,NA,NA,NA,NA,NA,0,0,0,0,0,22.448979591836736,38.775510204081634,38.775510204081634,NA,NA,NA,NA,NA,NA,NA,NA,NA,NA,NA
2024-10-02,CPICOREYOY-24SEP,8433,NA,NA,NA,NA,NA,NA,NA,NA,NA,NA,NA,NA,NA,NA,NA,NA,NA,NA,NA,NA,NA,NA,NA,NA,NA,NA,NA,NA,0,0,0,0,0,25.510204081632654,29.591836734693878,44.89795918367347,NA,NA,NA,NA,NA,NA,NA,NA,NA,NA,NA
2024-10-03,CPICOREYOY-24SEP,4059,NA,NA,NA,NA,NA,NA,NA,NA,NA,NA,NA,NA,NA,NA,NA,NA,NA,NA,NA,NA,NA,NA,NA,NA,NA,NA,NA,NA,0,0,0,0,0,21.428571428571427,29.591836734693878,33.673469387755105,15.306122448979592,NA,NA,NA,NA,NA,NA,NA,NA,NA,NA
2024-10-04,CPICOREYOY-24SEP,1840,NA,NA,NA,NA,NA,NA,NA,NA,NA,NA,NA,NA,NA,NA,NA,NA,NA,NA,NA,NA,NA,NA,NA,NA,NA,NA,NA,NA,0,0,0,0,0,14.285714285714286,30.612244897959176,39.79591836734695,15.306122448979592,NA,NA,NA,NA,NA,NA,NA,NA,NA,NA
2024-10-05,CPICOREYOY-24SEP,0,NA,NA,NA,NA,NA,NA,NA,NA,NA,NA,NA,NA,NA,NA,NA,NA,NA,NA,NA,NA,NA,NA,NA,NA,NA,NA,NA,NA,0,0,0,0,0,14.285714285714286,30.612244897959176,39.79591836734695,15.306122448979592,NA,NA,NA,NA,NA,NA,NA,NA,NA,NA
2024-10-06,CPICOREYOY-24SEP,13,NA,NA,NA,NA,NA,NA,NA,NA,NA,NA,NA,NA,NA,NA,NA,NA,NA,NA,NA,NA,NA,NA,NA,NA,NA,NA,NA,NA,0,0,0,0,0,14.285714285714286,30.612244897959176,39.79591836734695,15.306122448979592,NA,NA,NA,NA,NA,NA,NA,NA,NA,NA
2024-10-07,CPICOREYOY-24SEP,1670,NA,NA,NA,NA,NA,NA,NA,NA,NA,NA,NA,NA,NA,NA,NA,NA,NA,NA,NA,NA,NA,NA,NA,NA,NA,NA,NA,NA,0,0,0,0,0,14.285714285714286,24.489795918367346,45.91836734693877,15.306122448979592,NA,NA,NA,NA,NA,NA,NA,NA,NA,NA
2024-10-08,CPICOREYOY-24SEP,941,NA,NA,NA,NA,NA,NA,NA,NA,NA,NA,NA,NA,NA,NA,NA,NA,NA,NA,NA,NA,NA,NA,NA,NA,NA,NA,NA,NA,0,0,0,0,0,9.183673469387756,40.816326530612244,34.69387755102041,15.306122448979592,NA,NA,NA,NA,NA,NA,NA,NA,NA,NA
2024-10-09,CPICOREYOY-24SEP,4478,NA,NA,NA,NA,NA,NA,NA,NA,NA,NA,NA,NA,NA,NA,NA,NA,NA,NA,NA,NA,NA,NA,NA,NA,NA,NA,NA,NA,0,0,0,0,2.0408163265306123,13.26530612244898,27.551020408163275,42.85714285714285,14.285714285714286,NA,NA,NA,NA,NA,NA,NA,NA,NA,NA
2024-10-10,CPICOREYOY-24SEP,1852,NA,NA,NA,NA,NA,NA,NA,NA,NA,NA,NA,NA,NA,NA,NA,NA,NA,NA,NA,NA,NA,NA,NA,NA,NA,NA,NA,NA,0,0,0,0,2.0408163265306123,13.26530612244898,27.551020408163275,42.85714285714285,14.285714285714286,NA,NA,NA,NA,NA,NA,NA,NA,NA,NA
2024-10-13,CPICOREYOY-24OCT,1,NA,NA,NA,NA,NA,NA,NA,NA,NA,NA,NA,NA,NA,NA,NA,NA,NA,NA,NA,NA,NA,NA,NA,NA,NA,NA,NA,NA,NA,NA,NA,0,26.53061224489796,73.46938775510205,0,0,0,NA,NA,NA,NA,NA,NA,NA,NA,NA,NA
2024-10-14,CPICOREYOY-24OCT,0,NA,NA,NA,NA,NA,NA,NA,NA,NA,NA,NA,NA,NA,NA,NA,NA,NA,NA,NA,NA,NA,NA,NA,NA,NA,NA,NA,NA,NA,NA,NA,0,26.53061224489796,73.46938775510205,0,0,0,NA,NA,NA,NA,NA,NA,NA,NA,NA,NA
2024-10-15,CPICOREYOY-24OCT,0,NA,NA,NA,NA,NA,NA,NA,NA,NA,NA,NA,NA,NA,NA,NA,NA,NA,NA,NA,NA,NA,NA,NA,NA,NA,NA,NA,NA,NA,NA,NA,0,26.53061224489796,73.46938775510205,0,0,0,NA,NA,NA,NA,NA,NA,NA,NA,NA,NA
2024-10-16,CPICOREYOY-24OCT,0,NA,NA,NA,NA,NA,NA,NA,NA,NA,NA,NA,NA,NA,NA,NA,NA,NA,NA,NA,NA,NA,NA,NA,NA,NA,NA,NA,NA,NA,NA,NA,0,26.53061224489796,73.46938775510205,0,0,0,NA,NA,NA,NA,NA,NA,NA,NA,NA,NA
2024-10-17,CPICOREYOY-24OCT,0,NA,NA,NA,NA,NA,NA,NA,NA,NA,NA,NA,NA,NA,NA,NA,NA,NA,NA,NA,NA,NA,NA,NA,NA,NA,NA,NA,NA,NA,NA,NA,0,26.53061224489796,73.46938775510205,0,0,0,NA,NA,NA,NA,NA,NA,NA,NA,NA,NA
2024-10-18,CPICOREYOY-24OCT,0,NA,NA,NA,NA,NA,NA,NA,NA,NA,NA,NA,NA,NA,NA,NA,NA,NA,NA,NA,NA,NA,NA,NA,NA,NA,NA,NA,NA,NA,NA,NA,0,26.53061224489796,73.46938775510205,0,0,0,NA,NA,NA,NA,NA,NA,NA,NA,NA,NA
2024-10-19,CPICOREYOY-24OCT,0,NA,NA,NA,NA,NA,NA,NA,NA,NA,NA,NA,NA,NA,NA,NA,NA,NA,NA,NA,NA,NA,NA,NA,NA,NA,NA,NA,NA,NA,NA,NA,0,26.53061224489796,73.46938775510205,0,0,0,NA,NA,NA,NA,NA,NA,NA,NA,NA,NA
2024-10-20,CPICOREYOY-24OCT,0,NA,NA,NA,NA,NA,NA,NA,NA,NA,NA,NA,NA,NA,NA,NA,NA,NA,NA,NA,NA,NA,NA,NA,NA,NA,NA,NA,NA,NA,NA,NA,0,26.53061224489796,73.46938775510205,0,0,0,NA,NA,NA,NA,NA,NA,NA,NA,NA,NA
2024-10-21,CPICOREYOY-24OCT,4570,NA,NA,NA,NA,NA,NA,NA,NA,NA,NA,NA,NA,NA,NA,NA,NA,NA,NA,NA,NA,NA,NA,NA,NA,NA,NA,NA,NA,NA,NA,NA,0,0,11.224489795918368,16.3265306122449,38.775510204081634,28.571428571428573,5.1020408163265305,NA,NA,NA,NA,NA,NA,NA,NA,NA
2024-10-22,CPICOREYOY-24OCT,0,NA,NA,NA,NA,NA,NA,NA,NA,NA,NA,NA,NA,NA,NA,NA,NA,NA,NA,NA,NA,NA,NA,NA,NA,NA,NA,NA,NA,NA,NA,NA,0,0,11.224489795918368,16.3265306122449,38.775510204081634,28.571428571428573,5.1020408163265305,NA,NA,NA,NA,NA,NA,NA,NA,NA
2024-10-23,CPICOREYOY-24OCT,0,NA,NA,NA,NA,NA,NA,NA,NA,NA,NA,NA,NA,NA,NA,NA,NA,NA,NA,NA,NA,NA,NA,NA,NA,NA,NA,NA,NA,NA,NA,NA,0,0,11.224489795918368,16.3265306122449,38.775510204081634,28.571428571428573,5.1020408163265305,NA,NA,NA,NA,NA,NA,NA,NA,NA
2024-10-24,CPICOREYOY-24OCT,612,NA,NA,NA,NA,NA,NA,NA,NA,NA,NA,NA,NA,NA,NA,NA,NA,NA,NA,NA,NA,NA,NA,NA,NA,NA,NA,NA,NA,NA,NA,NA,0,0,0,11.224489795918368,38.775510204081634,44.89795918367347,5.1020408163265305,NA,NA,NA,NA,NA,NA,NA,NA,NA
2024-10-25,CPICOREYOY-24OCT,0,NA,NA,NA,NA,NA,NA,NA,NA,NA,NA,NA,NA,NA,NA,NA,NA,NA,NA,NA,NA,NA,NA,NA,NA,NA,NA,NA,NA,NA,NA,NA,0,0,0,11.224489795918368,38.775510204081634,44.89795918367347,5.1020408163265305,NA,NA,NA,NA,NA,NA,NA,NA,NA
2024-10-26,CPICOREYOY-24OCT,0,NA,NA,NA,NA,NA,NA,NA,NA,NA,NA,NA,NA,NA,NA,NA,NA,NA,NA,NA,NA,NA,NA,NA,NA,NA,NA,NA,NA,NA,NA,NA,0,0,0,11.224489795918368,38.775510204081634,44.89795918367347,5.1020408163265305,NA,NA,NA,NA,NA,NA,NA,NA,NA
2024-10-27,CPICOREYOY-24OCT,0,NA,NA,NA,NA,NA,NA,NA,NA,NA,NA,NA,NA,NA,NA,NA,NA,NA,NA,NA,NA,NA,NA,NA,NA,NA,NA,NA,NA,NA,NA,NA,0,0,0,11.224489795918368,38.775510204081634,44.89795918367347,5.1020408163265305,NA,NA,NA,NA,NA,NA,NA,NA,NA
2024-10-28,CPICOREYOY-24OCT,0,NA,NA,NA,NA,NA,NA,NA,NA,NA,NA,NA,NA,NA,NA,NA,NA,NA,NA,NA,NA,NA,NA,NA,NA,NA,NA,NA,NA,NA,NA,NA,0,0,0,11.224489795918368,38.775510204081634,44.89795918367347,5.1020408163265305,NA,NA,NA,NA,NA,NA,NA,NA,NA
2024-10-29,CPICOREYOY-24OCT,0,NA,NA,NA,NA,NA,NA,NA,NA,NA,NA,NA,NA,NA,NA,NA,NA,NA,NA,NA,NA,NA,NA,NA,NA,NA,NA,NA,NA,NA,NA,NA,0,0,0,11.224489795918368,38.775510204081634,44.89795918367347,5.1020408163265305,NA,NA,NA,NA,NA,NA,NA,NA,NA
2024-10-30,CPICOREYOY-24OCT,0,NA,NA,NA,NA,NA,NA,NA,NA,NA,NA,NA,NA,NA,NA,NA,NA,NA,NA,NA,NA,NA,NA,NA,NA,NA,NA,NA,NA,NA,NA,NA,0,0,0,11.224489795918368,38.775510204081634,44.89795918367347,5.1020408163265305,NA,NA,NA,NA,NA,NA,NA,NA,NA
2024-10-31,CPICOREYOY-24OCT,0,NA,NA,NA,NA,NA,NA,NA,NA,NA,NA,NA,NA,NA,NA,NA,NA,NA,NA,NA,NA,NA,NA,NA,NA,NA,NA,NA,NA,NA,NA,NA,0,0,0,11.224489795918368,38.775510204081634,44.89795918367347,5.1020408163265305,NA,NA,NA,NA,NA,NA,NA,NA,NA
2024-11-01,CPICOREYOY-24OCT,0,NA,NA,NA,NA,NA,NA,NA,NA,NA,NA,NA,NA,NA,NA,NA,NA,NA,NA,NA,NA,NA,NA,NA,NA,NA,NA,NA,NA,NA,NA,NA,0,0,0,11.224489795918368,38.775510204081634,44.89795918367347,5.1020408163265305,NA,NA,NA,NA,NA,NA,NA,NA,NA
2024-11-02,CPICOREYOY-24OCT,0,NA,NA,NA,NA,NA,NA,NA,NA,NA,NA,NA,NA,NA,NA,NA,NA,NA,NA,NA,NA,NA,NA,NA,NA,NA,NA,NA,NA,NA,NA,NA,0,0,0,11.224489795918368,38.775510204081634,44.89795918367347,5.1020408163265305,NA,NA,NA,NA,NA,NA,NA,NA,NA
2024-11-03,CPICOREYOY-24OCT,0,NA,NA,NA,NA,NA,NA,NA,NA,NA,NA,NA,NA,NA,NA,NA,NA,NA,NA,NA,NA,NA,NA,NA,NA,NA,NA,NA,NA,NA,NA,NA,0,0,0,11.224489795918368,38.775510204081634,44.89795918367347,5.1020408163265305,NA,NA,NA,NA,NA,NA,NA,NA,NA
2024-11-04,CPICOREYOY-24OCT,0,NA,NA,NA,NA,NA,NA,NA,NA,NA,NA,NA,NA,NA,NA,NA,NA,NA,NA,NA,NA,NA,NA,NA,NA,NA,NA,NA,NA,NA,NA,NA,0,0,0,11.224489795918368,38.775510204081634,44.89795918367347,5.1020408163265305,NA,NA,NA,NA,NA,NA,NA,NA,NA
2024-11-05,CPICOREYOY-24OCT,0,NA,NA,NA,NA,NA,NA,NA,NA,NA,NA,NA,NA,NA,NA,NA,NA,NA,NA,NA,NA,NA,NA,NA,NA,NA,NA,NA,NA,NA,NA,NA,0,0,0,11.224489795918368,38.775510204081634,44.89795918367347,5.1020408163265305,NA,NA,NA,NA,NA,NA,NA,NA,NA
2024-11-06,CPICOREYOY-24OCT,0,NA,NA,NA,NA,NA,NA,NA,NA,NA,NA,NA,NA,NA,NA,NA,NA,NA,NA,NA,NA,NA,NA,NA,NA,NA,NA,NA,NA,NA,NA,NA,0,0,0,11.224489795918368,38.775510204081634,44.89795918367347,5.1020408163265305,NA,NA,NA,NA,NA,NA,NA,NA,NA
2024-11-07,CPICOREYOY-24OCT,0,NA,NA,NA,NA,NA,NA,NA,NA,NA,NA,NA,NA,NA,NA,NA,NA,NA,NA,NA,NA,NA,NA,NA,NA,NA,NA,NA,NA,NA,NA,NA,0,0,0,11.224489795918368,38.775510204081634,44.89795918367347,5.1020408163265305,NA,NA,NA,NA,NA,NA,NA,NA,NA
2024-11-08,CPICOREYOY-24OCT,0,NA,NA,NA,NA,NA,NA,NA,NA,NA,NA,NA,NA,NA,NA,NA,NA,NA,NA,NA,NA,NA,NA,NA,NA,NA,NA,NA,NA,NA,NA,NA,0,0,0,11.224489795918368,38.775510204081634,44.89795918367347,5.1020408163265305,NA,NA,NA,NA,NA,NA,NA,NA,NA
2024-11-09,CPICOREYOY-24OCT,0,NA,NA,NA,NA,NA,NA,NA,NA,NA,NA,NA,NA,NA,NA,NA,NA,NA,NA,NA,NA,NA,NA,NA,NA,NA,NA,NA,NA,NA,NA,NA,0,0,0,11.224489795918368,38.775510204081634,44.89795918367347,5.1020408163265305,NA,NA,NA,NA,NA,NA,NA,NA,NA
2024-11-10,CPICOREYOY-24OCT,0,NA,NA,NA,NA,NA,NA,NA,NA,NA,NA,NA,NA,NA,NA,NA,NA,NA,NA,NA,NA,NA,NA,NA,NA,NA,NA,NA,NA,NA,NA,NA,0,0,0,11.224489795918368,38.775510204081634,44.89795918367347,5.1020408163265305,NA,NA,NA,NA,NA,NA,NA,NA,NA
2024-11-11,CPICOREYOY-24OCT,0,NA,NA,NA,NA,NA,NA,NA,NA,NA,NA,NA,NA,NA,NA,NA,NA,NA,NA,NA,NA,NA,NA,NA,NA,NA,NA,NA,NA,NA,NA,NA,0,0,0,11.224489795918368,38.775510204081634,44.89795918367347,5.1020408163265305,NA,NA,NA,NA,NA,NA,NA,NA,NA
2024-11-11,KXCPICOREYOY-24NOV,0,NA,NA,NA,NA,NA,NA,NA,NA,NA,NA,NA,NA,NA,NA,NA,NA,NA,NA,NA,NA,NA,NA,NA,NA,NA,NA,NA,NA,0,100,NA,NA,NA,NA,NA,NA,NA,NA,NA,NA,NA,NA,NA,NA,NA,NA,NA
2024-11-12,CPICOREYOY-24OCT,2599,NA,NA,NA,NA,NA,NA,NA,NA,NA,NA,NA,NA,NA,NA,NA,NA,NA,NA,NA,NA,NA,NA,NA,NA,NA,NA,NA,NA,NA,NA,NA,0,0,0,11.224489795918368,38.775510204081634,30.612244897959183,19.387755102040817,NA,NA,NA,NA,NA,NA,NA,NA,NA
2024-11-12,KXCPICOREYOY-24NOV,0,NA,NA,NA,NA,NA,NA,NA,NA,NA,NA,NA,NA,NA,NA,NA,NA,NA,NA,NA,NA,NA,NA,NA,NA,NA,NA,NA,NA,0,100,NA,NA,NA,NA,NA,NA,NA,NA,NA,NA,NA,NA,NA,NA,NA,NA,NA
2024-11-13,KXCPICOREYOY-24NOV,0,NA,NA,NA,NA,NA,NA,NA,NA,NA,NA,NA,NA,NA,NA,NA,NA,NA,NA,NA,NA,NA,NA,NA,NA,NA,NA,NA,NA,0,100,NA,NA,NA,NA,NA,NA,NA,NA,NA,NA,NA,NA,NA,NA,NA,NA,NA
2024-11-14,KXCPICOREYOY-24NOV,0,NA,NA,NA,NA,NA,NA,NA,NA,NA,NA,NA,NA,NA,NA,NA,NA,NA,NA,NA,NA,NA,NA,NA,NA,NA,NA,NA,NA,0,100,NA,NA,NA,NA,NA,NA,NA,NA,NA,NA,NA,NA,NA,NA,NA,NA,NA
2024-11-15,KXCPICOREYOY-24NOV,0,NA,NA,NA,NA,NA,NA,NA,NA,NA,NA,NA,NA,NA,NA,NA,NA,NA,NA,NA,NA,NA,NA,NA,NA,NA,NA,NA,NA,0,100,NA,NA,NA,NA,NA,NA,NA,NA,NA,NA,NA,NA,NA,NA,NA,NA,NA
2024-11-16,KXCPICOREYOY-24NOV,0,NA,NA,NA,NA,NA,NA,NA,NA,NA,NA,NA,NA,NA,NA,NA,NA,NA,NA,NA,NA,NA,NA,NA,NA,NA,NA,NA,NA,0,100,NA,NA,NA,NA,NA,NA,NA,NA,NA,NA,NA,NA,NA,NA,NA,NA,NA
2024-11-17,KXCPICOREYOY-24NOV,0,NA,NA,NA,NA,NA,NA,NA,NA,NA,NA,NA,NA,NA,NA,NA,NA,NA,NA,NA,NA,NA,NA,NA,NA,NA,NA,NA,NA,0,100,NA,NA,NA,NA,NA,NA,NA,NA,NA,NA,NA,NA,NA,NA,NA,NA,NA
2024-11-18,KXCPICOREYOY-24NOV,0,NA,NA,NA,NA,NA,NA,NA,NA,NA,NA,NA,NA,NA,NA,NA,NA,NA,NA,NA,NA,NA,NA,NA,NA,NA,NA,NA,NA,0,100,NA,NA,NA,NA,NA,NA,NA,NA,NA,NA,NA,NA,NA,NA,NA,NA,NA
2024-11-19,KXCPICOREYOY-24NOV,0,NA,NA,NA,NA,NA,NA,NA,NA,NA,NA,NA,NA,NA,NA,NA,NA,NA,NA,NA,NA,NA,NA,NA,NA,NA,NA,NA,NA,0,100,NA,NA,NA,NA,NA,NA,NA,NA,NA,NA,NA,NA,NA,NA,NA,NA,NA
2024-11-20,KXCPICOREYOY-24NOV,0,NA,NA,NA,NA,NA,NA,NA,NA,NA,NA,NA,NA,NA,NA,NA,NA,NA,NA,NA,NA,NA,NA,NA,NA,NA,NA,NA,NA,0,100,NA,NA,NA,NA,NA,NA,NA,NA,NA,NA,NA,NA,NA,NA,NA,NA,NA
2024-11-21,KXCPICOREYOY-24NOV,0,NA,NA,NA,NA,NA,NA,NA,NA,NA,NA,NA,NA,NA,NA,NA,NA,NA,NA,NA,NA,NA,NA,NA,NA,NA,NA,NA,NA,0,100,NA,NA,NA,NA,NA,NA,NA,NA,NA,NA,NA,NA,NA,NA,NA,NA,NA
2024-11-22,KXCPICOREYOY-24NOV,100,NA,NA,NA,NA,NA,NA,NA,NA,NA,NA,NA,NA,NA,NA,NA,NA,NA,NA,NA,NA,NA,NA,NA,NA,NA,NA,NA,NA,0,93.87755102040816,6.122448979591838,0,0,0,0,0,0,0,NA,NA,NA,NA,NA,NA,NA,NA,NA
2024-11-23,KXCPICOREYOY-24NOV,500,NA,NA,NA,NA,NA,NA,NA,NA,NA,NA,NA,NA,NA,NA,NA,NA,NA,NA,NA,NA,NA,NA,NA,NA,NA,NA,NA,NA,0,63.265306122448976,30.612244897959183,6.122448979591838,0,0,0,0,0,0,NA,NA,NA,NA,NA,NA,NA,NA,NA
2024-11-24,KXCPICOREYOY-24NOV,0,NA,NA,NA,NA,NA,NA,NA,NA,NA,NA,NA,NA,NA,NA,NA,NA,NA,NA,NA,NA,NA,NA,NA,NA,NA,NA,NA,NA,0,63.265306122448976,30.612244897959183,6.122448979591838,0,0,0,0,0,0,NA,NA,NA,NA,NA,NA,NA,NA,NA
2024-11-25,KXCPICOREYOY-24NOV,0,NA,NA,NA,NA,NA,NA,NA,NA,NA,NA,NA,NA,NA,NA,NA,NA,NA,NA,NA,NA,NA,NA,NA,NA,NA,NA,NA,NA,0,63.265306122448976,30.612244897959183,6.122448979591838,0,0,0,0,0,0,NA,NA,NA,NA,NA,NA,NA,NA,NA
2024-11-26,KXCPICOREYOY-24NOV,0,NA,NA,NA,NA,NA,NA,NA,NA,NA,NA,NA,NA,NA,NA,NA,NA,NA,NA,NA,NA,NA,NA,NA,NA,NA,NA,NA,NA,0,63.265306122448976,30.612244897959183,6.122448979591838,0,0,0,0,0,0,NA,NA,NA,NA,NA,NA,NA,NA,NA
2024-11-27,KXCPICOREYOY-24NOV,32,NA,NA,NA,NA,NA,NA,NA,NA,NA,NA,NA,NA,NA,NA,NA,NA,NA,NA,NA,NA,NA,NA,NA,NA,NA,NA,NA,NA,0,0,0,0,0,63.265306122448976,30.612244897959183,6.122448979591838,0,0,NA,NA,NA,NA,NA,NA,NA,NA,NA
2024-11-28,KXCPICOREYOY-24NOV,0,NA,NA,NA,NA,NA,NA,NA,NA,NA,NA,NA,NA,NA,NA,NA,NA,NA,NA,NA,NA,NA,NA,NA,NA,NA,NA,NA,NA,0,0,0,0,0,63.265306122448976,30.612244897959183,6.122448979591838,0,0,NA,NA,NA,NA,NA,NA,NA,NA,NA
2024-11-29,KXCPICOREYOY-24NOV,0,NA,NA,NA,NA,NA,NA,NA,NA,NA,NA,NA,NA,NA,NA,NA,NA,NA,NA,NA,NA,NA,NA,NA,NA,NA,NA,NA,NA,0,0,0,0,0,63.265306122448976,30.612244897959183,6.122448979591838,0,0,NA,NA,NA,NA,NA,NA,NA,NA,NA
2024-11-30,KXCPICOREYOY-24NOV,0,NA,NA,NA,NA,NA,NA,NA,NA,NA,NA,NA,NA,NA,NA,NA,NA,NA,NA,NA,NA,NA,NA,NA,NA,NA,NA,NA,NA,0,0,0,0,0,63.265306122448976,30.612244897959183,6.122448979591838,0,0,NA,NA,NA,NA,NA,NA,NA,NA,NA
2024-12-01,KXCPICOREYOY-24NOV,0,NA,NA,NA,NA,NA,NA,NA,NA,NA,NA,NA,NA,NA,NA,NA,NA,NA,NA,NA,NA,NA,NA,NA,NA,NA,NA,NA,NA,0,0,0,0,0,63.265306122448976,30.612244897959183,6.122448979591838,0,0,NA,NA,NA,NA,NA,NA,NA,NA,NA
2024-12-02,KXCPICOREYOY-24NOV,0,NA,NA,NA,NA,NA,NA,NA,NA,NA,NA,NA,NA,NA,NA,NA,NA,NA,NA,NA,NA,NA,NA,NA,NA,NA,NA,NA,NA,0,0,0,0,0,63.265306122448976,30.612244897959183,6.122448979591838,0,0,NA,NA,NA,NA,NA,NA,NA,NA,NA
2024-12-03,KXCPICOREYOY-24NOV,108,NA,NA,NA,NA,NA,NA,NA,NA,NA,NA,NA,NA,NA,NA,NA,NA,NA,NA,NA,NA,NA,NA,NA,NA,NA,NA,NA,NA,0,0,0,0,0,0,63.265306122448976,36.734693877551024,0,0,NA,NA,NA,NA,NA,NA,NA,NA,NA
2024-12-04,KXCPICOREYOY-24NOV,0,NA,NA,NA,NA,NA,NA,NA,NA,NA,NA,NA,NA,NA,NA,NA,NA,NA,NA,NA,NA,NA,NA,NA,NA,NA,NA,NA,NA,0,0,0,0,0,0,63.265306122448976,36.734693877551024,0,0,NA,NA,NA,NA,NA,NA,NA,NA,NA
2024-12-05,KXCPICOREYOY-24NOV,501,NA,NA,NA,NA,NA,NA,NA,NA,NA,NA,NA,NA,NA,NA,NA,NA,NA,NA,NA,NA,NA,NA,NA,NA,NA,NA,NA,NA,0,0,0,0,0,0,63.265306122448976,36.734693877551024,0,0,NA,NA,NA,NA,NA,NA,NA,NA,NA
2024-12-06,KXCPICOREYOY-24NOV,1051,NA,NA,NA,NA,NA,NA,NA,NA,NA,NA,NA,NA,NA,NA,NA,NA,NA,NA,NA,NA,NA,NA,NA,NA,NA,NA,NA,NA,0,0,0,0,0,0,63.265306122448976,36.734693877551024,0,0,NA,NA,NA,NA,NA,NA,NA,NA,NA
2024-12-07,KXCPICOREYOY-24NOV,290,NA,NA,NA,NA,NA,NA,NA,NA,NA,NA,NA,NA,NA,NA,NA,NA,NA,NA,NA,NA,NA,NA,NA,NA,NA,NA,NA,NA,0,0,0,0,0,2.0408163265306123,20.408163265306122,40.816326530612244,36.734693877551024,0,NA,NA,NA,NA,NA,NA,NA,NA,NA
2024-12-08,KXCPICOREYOY-24NOV,0,NA,NA,NA,NA,NA,NA,NA,NA,NA,NA,NA,NA,NA,NA,NA,NA,NA,NA,NA,NA,NA,NA,NA,NA,NA,NA,NA,NA,0,0,0,0,0,2.0408163265306123,20.408163265306122,40.816326530612244,36.734693877551024,0,NA,NA,NA,NA,NA,NA,NA,NA,NA
2024-12-09,KXCPICOREYOY-24NOV,83,NA,NA,NA,NA,NA,NA,NA,NA,NA,NA,NA,NA,NA,NA,NA,NA,NA,NA,NA,NA,NA,NA,NA,NA,NA,NA,NA,NA,0,0,0,0,0,2.0408163265306123,20.408163265306122,34.69387755102041,42.857142857142854,0,NA,NA,NA,NA,NA,NA,NA,NA,NA
2024-12-10,KXCPICOREYOY-24NOV,399,NA,NA,NA,NA,NA,NA,NA,NA,NA,NA,NA,NA,NA,NA,NA,NA,NA,NA,NA,NA,NA,NA,NA,NA,NA,NA,NA,NA,0,0,0,0,0,0,22.448979591836736,41.83673469387755,35.714285714285715,0,NA,NA,NA,NA,NA,NA,NA,NA,NA
2024-12-11,KXCPICOREYOY-24NOV,156,NA,NA,NA,NA,NA,NA,NA,NA,NA,NA,NA,NA,NA,NA,NA,NA,NA,NA,NA,NA,NA,NA,NA,NA,NA,NA,NA,NA,0,0,0,0,0,0,22.448979591836736,41.83673469387755,35.714285714285715,0,NA,NA,NA,NA,NA,NA,NA,NA,NA
2024-12-20,KXCPICOREYOY-24DEC,50,NA,NA,NA,NA,NA,NA,NA,NA,NA,NA,NA,NA,NA,NA,NA,NA,NA,NA,NA,NA,NA,NA,NA,NA,NA,NA,NA,NA,NA,NA,NA,NA,NA,NA,NA,72.44897959183673,27.55102040816327,NA,NA,NA,NA,NA,NA,NA,NA,NA,NA
2024-12-21,KXCPICOREYOY-24DEC,0,NA,NA,NA,NA,NA,NA,NA,NA,NA,NA,NA,NA,NA,NA,NA,NA,NA,NA,NA,NA,NA,NA,NA,NA,NA,NA,NA,NA,NA,NA,NA,NA,NA,NA,NA,72.44897959183673,27.55102040816327,NA,NA,NA,NA,NA,NA,NA,NA,NA,NA
2024-12-22,KXCPICOREYOY-24DEC,0,NA,NA,NA,NA,NA,NA,NA,NA,NA,NA,NA,NA,NA,NA,NA,NA,NA,NA,NA,NA,NA,NA,NA,NA,NA,NA,NA,NA,NA,NA,NA,NA,NA,NA,NA,72.44897959183673,27.55102040816327,NA,NA,NA,NA,NA,NA,NA,NA,NA,NA
2024-12-23,KXCPICOREYOY-24DEC,0,NA,NA,NA,NA,NA,NA,NA,NA,NA,NA,NA,NA,NA,NA,NA,NA,NA,NA,NA,NA,NA,NA,NA,NA,NA,NA,NA,NA,NA,NA,NA,NA,NA,NA,NA,72.44897959183673,27.55102040816327,NA,NA,NA,NA,NA,NA,NA,NA,NA,NA
2024-12-24,KXCPICOREYOY-24DEC,0,NA,NA,NA,NA,NA,NA,NA,NA,NA,NA,NA,NA,NA,NA,NA,NA,NA,NA,NA,NA,NA,NA,NA,NA,NA,NA,NA,NA,NA,NA,NA,NA,NA,NA,NA,72.44897959183673,27.55102040816327,NA,NA,NA,NA,NA,NA,NA,NA,NA,NA
2024-12-25,KXCPICOREYOY-24DEC,0,NA,NA,NA,NA,NA,NA,NA,NA,NA,NA,NA,NA,NA,NA,NA,NA,NA,NA,NA,NA,NA,NA,NA,NA,NA,NA,NA,NA,NA,NA,NA,NA,NA,NA,NA,72.44897959183673,27.55102040816327,NA,NA,NA,NA,NA,NA,NA,NA,NA,NA
2024-12-26,KXCPICOREYOY-24DEC,0,NA,NA,NA,NA,NA,NA,NA,NA,NA,NA,NA,NA,NA,NA,NA,NA,NA,NA,NA,NA,NA,NA,NA,NA,NA,NA,NA,NA,NA,NA,NA,NA,NA,NA,NA,72.44897959183673,27.55102040816327,NA,NA,NA,NA,NA,NA,NA,NA,NA,NA
2024-12-27,KXCPICOREYOY-24DEC,0,NA,NA,NA,NA,NA,NA,NA,NA,NA,NA,NA,NA,NA,NA,NA,NA,NA,NA,NA,NA,NA,NA,NA,NA,NA,NA,NA,NA,NA,NA,NA,NA,NA,NA,NA,72.44897959183673,27.55102040816327,NA,NA,NA,NA,NA,NA,NA,NA,NA,NA
2024-12-28,KXCPICOREYOY-24DEC,0,NA,NA,NA,NA,NA,NA,NA,NA,NA,NA,NA,NA,NA,NA,NA,NA,NA,NA,NA,NA,NA,NA,NA,NA,NA,NA,NA,NA,NA,NA,NA,NA,NA,NA,NA,72.44897959183673,27.55102040816327,NA,NA,NA,NA,NA,NA,NA,NA,NA,NA
2024-12-29,KXCPICOREYOY-24DEC,0,NA,NA,NA,NA,NA,NA,NA,NA,NA,NA,NA,NA,NA,NA,NA,NA,NA,NA,NA,NA,NA,NA,NA,NA,NA,NA,NA,NA,NA,NA,NA,NA,NA,NA,NA,72.44897959183673,27.55102040816327,NA,NA,NA,NA,NA,NA,NA,NA,NA,NA
2024-12-30,KXCPICOREYOY-24DEC,0,NA,NA,NA,NA,NA,NA,NA,NA,NA,NA,NA,NA,NA,NA,NA,NA,NA,NA,NA,NA,NA,NA,NA,NA,NA,NA,NA,NA,NA,NA,NA,NA,NA,NA,NA,72.44897959183673,27.55102040816327,NA,NA,NA,NA,NA,NA,NA,NA,NA,NA
2024-12-31,KXCPICOREYOY-24DEC,0,NA,NA,NA,NA,NA,NA,NA,NA,NA,NA,NA,NA,NA,NA,NA,NA,NA,NA,NA,NA,NA,NA,NA,NA,NA,NA,NA,NA,NA,NA,NA,NA,NA,NA,NA,72.44897959183673,27.55102040816327,NA,NA,NA,NA,NA,NA,NA,NA,NA,NA
2025-01-01,KXCPICOREYOY-24DEC,0,NA,NA,NA,NA,NA,NA,NA,NA,NA,NA,NA,NA,NA,NA,NA,NA,NA,NA,NA,NA,NA,NA,NA,NA,NA,NA,NA,NA,NA,NA,NA,NA,NA,NA,NA,72.44897959183673,27.55102040816327,NA,NA,NA,NA,NA,NA,NA,NA,NA,NA
2025-01-02,KXCPICOREYOY-24DEC,200,NA,NA,NA,NA,NA,NA,NA,NA,NA,NA,NA,NA,NA,NA,NA,NA,NA,NA,NA,NA,NA,NA,NA,NA,NA,NA,NA,NA,NA,NA,NA,0,72.44897959183673,27.55102040816327,0,0,0,NA,NA,NA,NA,NA,NA,NA,NA,NA,NA
2025-01-03,KXCPICOREYOY-24DEC,3372,NA,NA,NA,NA,NA,NA,NA,NA,NA,NA,NA,NA,NA,NA,NA,NA,NA,NA,NA,NA,NA,NA,NA,NA,NA,NA,NA,NA,NA,NA,NA,0,0,8.16326530612245,27.551020408163264,45.91836734693877,18.367346938775512,NA,NA,NA,NA,NA,NA,NA,NA,NA,NA
2025-01-04,KXCPICOREYOY-24DEC,700,NA,NA,NA,NA,NA,NA,NA,NA,NA,NA,NA,NA,NA,NA,NA,NA,NA,NA,NA,NA,NA,NA,NA,NA,NA,NA,NA,NA,NA,NA,NA,0,0,8.16326530612245,17.346938775510203,56.12244897959184,18.367346938775512,NA,NA,NA,NA,NA,NA,NA,NA,NA,NA
2025-01-05,KXCPICOREYOY-24DEC,215,NA,NA,NA,NA,NA,NA,NA,NA,NA,NA,NA,NA,NA,NA,NA,NA,NA,NA,NA,NA,NA,NA,NA,NA,NA,NA,NA,NA,NA,NA,NA,0,0,8.16326530612245,25.510204081632654,47.95918367346939,18.367346938775512,NA,NA,NA,NA,NA,NA,NA,NA,NA,NA
2025-01-06,KXCPICOREYOY-24DEC,1429,NA,NA,NA,NA,NA,NA,NA,NA,NA,NA,NA,NA,NA,NA,NA,NA,NA,NA,NA,NA,NA,NA,NA,NA,NA,NA,NA,NA,NA,NA,NA,0,0,8.16326530612245,27.551020408163264,50,14.285714285714286,NA,NA,NA,NA,NA,NA,NA,NA,NA,NA
2025-01-07,KXCPICOREYOY-24DEC,10,NA,NA,NA,NA,NA,NA,NA,NA,NA,NA,NA,NA,NA,NA,NA,NA,NA,NA,NA,NA,NA,NA,NA,NA,NA,NA,NA,NA,NA,NA,NA,0,0,8.16326530612245,27.551020408163264,45.91836734693877,18.367346938775512,NA,NA,NA,NA,NA,NA,NA,NA,NA,NA
2025-01-08,KXCPICOREYOY-24DEC,900,NA,NA,NA,NA,NA,NA,NA,NA,NA,NA,NA,NA,NA,NA,NA,NA,NA,NA,NA,NA,NA,NA,NA,NA,NA,NA,NA,NA,NA,NA,NA,0,0,8.16326530612245,27.551020408163264,45.91836734693877,18.367346938775512,NA,NA,NA,NA,NA,NA,NA,NA,NA,NA
2025-01-09,KXCPICOREYOY-24DEC,661,NA,NA,NA,NA,NA,NA,NA,NA,NA,NA,NA,NA,NA,NA,NA,NA,NA,NA,NA,NA,NA,NA,NA,NA,NA,NA,NA,NA,NA,NA,NA,0,0,8.16326530612245,38.775510204081634,34.69387755102041,18.367346938775512,NA,NA,NA,NA,NA,NA,NA,NA,NA,NA
2025-01-10,KXCPICOREYOY-24DEC,1810,NA,NA,NA,NA,NA,NA,NA,NA,NA,NA,NA,NA,NA,NA,NA,NA,NA,NA,NA,NA,NA,NA,NA,NA,NA,NA,NA,NA,NA,NA,NA,0,0,8.16326530612245,32.6530612244898,39.795918367346935,19.387755102040817,NA,NA,NA,NA,NA,NA,NA,NA,NA,NA
2025-01-11,KXCPICOREYOY-24DEC,58,NA,NA,NA,NA,NA,NA,NA,NA,NA,NA,NA,NA,NA,NA,NA,NA,NA,NA,NA,NA,NA,NA,NA,NA,NA,NA,NA,NA,NA,NA,NA,0,0,8.16326530612245,32.6530612244898,39.795918367346935,19.387755102040817,NA,NA,NA,NA,NA,NA,NA,NA,NA,NA
2025-01-12,KXCPICOREYOY-24DEC,445,NA,NA,NA,NA,NA,NA,NA,NA,NA,NA,NA,NA,NA,NA,NA,NA,NA,NA,NA,NA,NA,NA,NA,NA,NA,NA,NA,NA,NA,NA,NA,0,0,8.16326530612245,31.632653061224488,39.795918367346935,20.408163265306122,NA,NA,NA,NA,NA,NA,NA,NA,NA,NA
2025-01-13,KXCPICOREYOY-24DEC,257,NA,NA,NA,NA,NA,NA,NA,NA,NA,NA,NA,NA,NA,NA,NA,NA,NA,NA,NA,NA,NA,NA,NA,NA,NA,NA,NA,NA,NA,NA,NA,0,0,6.122448979591836,41.83673469387755,32.6530612244898,19.387755102040817,NA,NA,NA,NA,NA,NA,NA,NA,NA,NA
2025-01-13,KXCPICOREYOY-25JAN,0,NA,NA,NA,NA,NA,NA,NA,NA,NA,NA,NA,NA,NA,NA,NA,NA,NA,NA,NA,NA,NA,NA,NA,NA,NA,NA,NA,NA,NA,NA,0,0,7.142857142857143,11.224489795918368,81.63265306122449,NA,NA,NA,NA,NA,NA,NA,NA,NA,NA,NA,NA
2025-01-14,KXCPICOREYOY-24DEC,2711,NA,NA,NA,NA,NA,NA,NA,NA,NA,NA,NA,NA,NA,NA,NA,NA,NA,NA,NA,NA,NA,NA,NA,NA,NA,NA,NA,NA,NA,NA,NA,0,0,6.122448979591836,27.551020408163264,47.95918367346939,18.367346938775512,NA,NA,NA,NA,NA,NA,NA,NA,NA,NA
2025-01-14,KXCPICOREYOY-25JAN,0,NA,NA,NA,NA,NA,NA,NA,NA,NA,NA,NA,NA,NA,NA,NA,NA,NA,NA,NA,NA,NA,NA,NA,NA,NA,NA,NA,NA,NA,NA,0,0,7.142857142857143,11.224489795918368,81.63265306122449,NA,NA,NA,NA,NA,NA,NA,NA,NA,NA,NA,NA
2025-01-15,KXCPICOREYOY-24DEC,4367,NA,NA,NA,NA,NA,NA,NA,NA,NA,NA,NA,NA,NA,NA,NA,NA,NA,NA,NA,NA,NA,NA,NA,NA,NA,NA,NA,NA,NA,NA,NA,0,0,6.122448979591836,30.612244897959183,55.10204081632653,8.16326530612245,NA,NA,NA,NA,NA,NA,NA,NA,NA,NA
2025-01-15,KXCPICOREYOY-25JAN,1424,NA,NA,NA,NA,NA,NA,NA,NA,NA,NA,NA,NA,NA,NA,NA,NA,NA,NA,NA,NA,NA,NA,NA,NA,NA,NA,NA,NA,NA,NA,0,7.142857142857143,19.387755102040817,15.306122448979599,44.89795918367346,13.265306122448981,0,NA,NA,NA,NA,NA,NA,NA,NA,NA,NA
2025-01-16,KXCPICOREYOY-25JAN,0,NA,NA,NA,NA,NA,NA,NA,NA,NA,NA,NA,NA,NA,NA,NA,NA,NA,NA,NA,NA,NA,NA,NA,NA,NA,NA,NA,NA,NA,NA,0,7.142857142857143,19.387755102040817,15.306122448979599,44.89795918367346,13.265306122448981,0,NA,NA,NA,NA,NA,NA,NA,NA,NA,NA
2025-01-17,KXCPICOREYOY-25JAN,1,NA,NA,NA,NA,NA,NA,NA,NA,NA,NA,NA,NA,NA,NA,NA,NA,NA,NA,NA,NA,NA,NA,NA,NA,NA,NA,NA,NA,NA,NA,0,7.142857142857143,19.387755102040817,24.489795918367346,35.714285714285715,13.265306122448981,0,NA,NA,NA,NA,NA,NA,NA,NA,NA,NA
2025-01-18,KXCPICOREYOY-25JAN,0,NA,NA,NA,NA,NA,NA,NA,NA,NA,NA,NA,NA,NA,NA,NA,NA,NA,NA,NA,NA,NA,NA,NA,NA,NA,NA,NA,NA,NA,NA,0,7.142857142857143,19.387755102040817,24.489795918367346,35.714285714285715,13.265306122448981,0,NA,NA,NA,NA,NA,NA,NA,NA,NA,NA
2025-01-19,KXCPICOREYOY-25JAN,24,NA,NA,NA,NA,NA,NA,NA,NA,NA,NA,NA,NA,NA,NA,NA,NA,NA,NA,NA,NA,NA,NA,NA,NA,NA,NA,NA,NA,NA,NA,0,7.142857142857143,12.244897959183673,31.632653061224488,35.714285714285715,13.265306122448981,0,NA,NA,NA,NA,NA,NA,NA,NA,NA,NA
2025-01-20,KXCPICOREYOY-25JAN,30,NA,NA,NA,NA,NA,NA,NA,NA,NA,NA,NA,NA,NA,NA,NA,NA,NA,NA,NA,NA,NA,NA,NA,NA,NA,NA,NA,NA,NA,NA,0,7.142857142857143,10.204081632653061,33.673469387755105,35.714285714285715,13.265306122448981,0,NA,NA,NA,NA,NA,NA,NA,NA,NA,NA
2025-01-21,KXCPICOREYOY-25JAN,117,NA,NA,NA,NA,NA,NA,NA,NA,NA,NA,NA,NA,NA,NA,NA,NA,NA,NA,NA,NA,NA,NA,NA,NA,NA,NA,NA,NA,NA,NA,0,7.142857142857143,10.204081632653061,33.673469387755105,35.714285714285715,13.265306122448981,0,NA,NA,NA,NA,NA,NA,NA,NA,NA,NA
2025-01-22,KXCPICOREYOY-25JAN,522,NA,NA,NA,NA,NA,NA,NA,NA,NA,NA,NA,NA,NA,NA,NA,NA,NA,NA,NA,NA,NA,NA,NA,NA,NA,NA,NA,NA,NA,NA,0,7.142857142857143,11.224489795918368,22.448979591836736,31.632653061224485,16.326530612244902,11.224489795918368,NA,NA,NA,NA,NA,NA,NA,NA,NA,NA
2025-01-23,KXCPICOREYOY-25JAN,145,NA,NA,NA,NA,NA,NA,NA,NA,NA,NA,NA,NA,NA,NA,NA,NA,NA,NA,NA,NA,NA,NA,NA,NA,NA,NA,NA,NA,NA,NA,0,5.1020408163265305,14.285714285714286,21.428571428571427,31.632653061224485,16.326530612244902,11.224489795918368,NA,NA,NA,NA,NA,NA,NA,NA,NA,NA
2025-01-24,KXCPICOREYOY-25JAN,319,NA,NA,NA,NA,NA,NA,NA,NA,NA,NA,NA,NA,NA,NA,NA,NA,NA,NA,NA,NA,NA,NA,NA,NA,NA,NA,NA,NA,NA,NA,0,6.122448979591836,13.26530612244898,21.428571428571427,39.795918367346935,8.16326530612245,11.224489795918368,NA,NA,NA,NA,NA,NA,NA,NA,NA,NA
2025-01-25,KXCPICOREYOY-25JAN,61,NA,NA,NA,NA,NA,NA,NA,NA,NA,NA,NA,NA,NA,NA,NA,NA,NA,NA,NA,NA,NA,NA,NA,NA,NA,NA,NA,NA,NA,NA,0,6.122448979591836,13.26530612244898,21.428571428571427,39.795918367346935,8.16326530612245,11.224489795918368,NA,NA,NA,NA,NA,NA,NA,NA,NA,NA
2025-01-26,KXCPICOREYOY-25JAN,0,NA,NA,NA,NA,NA,NA,NA,NA,NA,NA,NA,NA,NA,NA,NA,NA,NA,NA,NA,NA,NA,NA,NA,NA,NA,NA,NA,NA,NA,NA,0,6.122448979591836,13.26530612244898,21.428571428571427,39.795918367346935,8.16326530612245,11.224489795918368,NA,NA,NA,NA,NA,NA,NA,NA,NA,NA
2025-01-27,KXCPICOREYOY-25JAN,0,NA,NA,NA,NA,NA,NA,NA,NA,NA,NA,NA,NA,NA,NA,NA,NA,NA,NA,NA,NA,NA,NA,NA,NA,NA,NA,NA,NA,NA,NA,0,6.122448979591836,13.26530612244898,21.428571428571427,39.795918367346935,8.16326530612245,11.224489795918368,NA,NA,NA,NA,NA,NA,NA,NA,NA,NA
2025-01-28,KXCPICOREYOY-25JAN,0,NA,NA,NA,NA,NA,NA,NA,NA,NA,NA,NA,NA,NA,NA,NA,NA,NA,NA,NA,NA,NA,NA,NA,NA,NA,NA,NA,NA,NA,NA,0,6.122448979591836,13.26530612244898,21.428571428571427,39.795918367346935,8.16326530612245,11.224489795918368,NA,NA,NA,NA,NA,NA,NA,NA,NA,NA
2025-01-29,KXCPICOREYOY-25JAN,0,NA,NA,NA,NA,NA,NA,NA,NA,NA,NA,NA,NA,NA,NA,NA,NA,NA,NA,NA,NA,NA,NA,NA,NA,NA,NA,NA,NA,NA,NA,0,6.122448979591836,13.26530612244898,21.428571428571427,39.795918367346935,8.16326530612245,11.224489795918368,NA,NA,NA,NA,NA,NA,NA,NA,NA,NA
2025-01-30,KXCPICOREYOY-25JAN,893,NA,NA,NA,NA,NA,NA,NA,NA,NA,NA,NA,NA,NA,NA,NA,NA,NA,NA,NA,NA,NA,NA,NA,NA,NA,NA,NA,NA,NA,NA,0,5.1020408163265305,14.285714285714286,21.428571428571427,39.795918367346935,8.16326530612245,11.224489795918368,NA,NA,NA,NA,NA,NA,NA,NA,NA,NA
2025-01-31,KXCPICOREYOY-25JAN,7,NA,NA,NA,NA,NA,NA,NA,NA,NA,NA,NA,NA,NA,NA,NA,NA,NA,NA,NA,NA,NA,NA,NA,NA,NA,NA,NA,NA,NA,NA,0,3.061224489795918,16.3265306122449,21.428571428571427,39.795918367346935,8.16326530612245,11.224489795918368,NA,NA,NA,NA,NA,NA,NA,NA,NA,NA
2025-02-01,KXCPICOREYOY-25JAN,1000,NA,NA,NA,NA,NA,NA,NA,NA,NA,NA,NA,NA,NA,NA,NA,NA,NA,NA,NA,NA,NA,NA,NA,NA,NA,NA,NA,NA,NA,NA,0,2.0408163265306123,17.346938775510203,21.428571428571427,39.795918367346935,8.16326530612245,11.224489795918368,NA,NA,NA,NA,NA,NA,NA,NA,NA,NA
2025-02-02,KXCPICOREYOY-25JAN,1,NA,NA,NA,NA,NA,NA,NA,NA,NA,NA,NA,NA,NA,NA,NA,NA,NA,NA,NA,NA,NA,NA,NA,NA,NA,NA,NA,NA,NA,NA,0,2.0408163265306123,11.224489795918368,27.551020408163264,39.795918367346935,8.16326530612245,11.224489795918368,NA,NA,NA,NA,NA,NA,NA,NA,NA,NA
2025-02-03,KXCPICOREYOY-25JAN,144,NA,NA,NA,NA,NA,NA,NA,NA,NA,NA,NA,NA,NA,NA,NA,NA,NA,NA,NA,NA,NA,NA,NA,NA,NA,NA,NA,NA,NA,NA,7.142857142857143,1.0204081632653061,5.1020408163265305,27.551020408163264,39.795918367346935,8.16326530612245,11.224489795918368,NA,NA,NA,NA,NA,NA,NA,NA,NA,NA
2025-02-04,KXCPICOREYOY-25JAN,3,NA,NA,NA,NA,NA,NA,NA,NA,NA,NA,NA,NA,NA,NA,NA,NA,NA,NA,NA,NA,NA,NA,NA,NA,NA,NA,NA,NA,NA,NA,7.142857142857143,1.0204081632653061,1.0204081632653061,23.46938775510204,47.95918367346939,8.16326530612245,11.224489795918368,NA,NA,NA,NA,NA,NA,NA,NA,NA,NA
2025-02-05,KXCPICOREYOY-25JAN,226,NA,NA,NA,NA,NA,NA,NA,NA,NA,NA,NA,NA,NA,NA,NA,NA,NA,NA,NA,NA,NA,NA,NA,NA,NA,NA,NA,NA,NA,NA,7.142857142857143,1.0204081632653061,1.0204081632653061,23.46938775510204,47.95918367346939,8.16326530612245,11.224489795918368,NA,NA,NA,NA,NA,NA,NA,NA,NA,NA
2025-02-06,KXCPICOREYOY-25JAN,26,NA,NA,NA,NA,NA,NA,NA,NA,NA,NA,NA,NA,NA,NA,NA,NA,NA,NA,NA,NA,NA,NA,NA,NA,NA,NA,NA,NA,NA,NA,0,0,6.122448979591836,24.489795918367346,50,8.16326530612245,11.224489795918368,NA,NA,NA,NA,NA,NA,NA,NA,NA,NA
2025-02-07,KXCPICOREYOY-25JAN,1263,NA,NA,NA,NA,NA,NA,NA,NA,NA,NA,NA,NA,NA,NA,NA,NA,NA,NA,NA,NA,NA,NA,NA,NA,NA,NA,NA,NA,NA,NA,7.142857142857143,1.0204081632653061,7.142857142857143,16.3265306122449,44.89795918367347,12.244897959183673,11.224489795918368,NA,NA,NA,NA,NA,NA,NA,NA,NA,NA
2025-02-08,KXCPICOREYOY-25JAN,100,NA,NA,NA,NA,NA,NA,NA,NA,NA,NA,NA,NA,NA,NA,NA,NA,NA,NA,NA,NA,NA,NA,NA,NA,NA,NA,NA,NA,NA,NA,7.142857142857143,1.0204081632653061,6.122448979591836,17.346938775510203,44.89795918367347,12.244897959183673,11.224489795918368,NA,NA,NA,NA,NA,NA,NA,NA,NA,NA
2025-02-09,KXCPICOREYOY-25JAN,1,NA,NA,NA,NA,NA,NA,NA,NA,NA,NA,NA,NA,NA,NA,NA,NA,NA,NA,NA,NA,NA,NA,NA,NA,NA,NA,NA,NA,NA,NA,7.142857142857143,1.0204081632653061,5.1020408163265305,18.367346938775512,44.89795918367347,12.244897959183673,11.224489795918368,NA,NA,NA,NA,NA,NA,NA,NA,NA,NA
2025-02-10,KXCPICOREYOY-25FEB,371,NA,NA,NA,NA,NA,NA,NA,NA,NA,NA,NA,NA,NA,NA,NA,NA,NA,NA,NA,NA,NA,NA,NA,NA,NA,NA,NA,NA,NA,NA,NA,16.3265306122449,13.26530612244898,30.612244897959183,23.46938775510204,7.142857142857143,9.183673469387756,NA,NA,NA,NA,NA,NA,NA,NA,NA,NA
2025-02-10,KXCPICOREYOY-25JAN,4224,NA,NA,NA,NA,NA,NA,NA,NA,NA,NA,NA,NA,NA,NA,NA,NA,NA,NA,NA,NA,NA,NA,NA,NA,NA,NA,NA,NA,NA,NA,0,7.142857142857143,4.081632653061225,25.510204081632654,43.87755102040816,8.16326530612245,11.224489795918368,NA,NA,NA,NA,NA,NA,NA,NA,NA,NA
2025-02-11,KXCPICOREYOY-25FEB,189,NA,NA,NA,NA,NA,NA,NA,NA,NA,NA,NA,NA,NA,NA,NA,NA,NA,NA,NA,NA,NA,NA,NA,NA,NA,NA,NA,NA,NA,NA,NA,16.3265306122449,13.26530612244898,30.612244897959183,23.46938775510204,7.142857142857143,9.183673469387756,NA,NA,NA,NA,NA,NA,NA,NA,NA,NA
2025-02-11,KXCPICOREYOY-25JAN,11693,NA,NA,NA,NA,NA,NA,NA,NA,NA,NA,NA,NA,NA,NA,NA,NA,NA,NA,NA,NA,NA,NA,NA,NA,NA,NA,NA,NA,NA,NA,0,5.1020408163265305,5.1020408163265305,20.408163265306122,56.12244897959184,2.040816326530614,11.224489795918368,NA,NA,NA,NA,NA,NA,NA,NA,NA,NA
2025-02-12,KXCPICOREYOY-25FEB,270,NA,NA,NA,NA,NA,NA,NA,NA,NA,NA,NA,NA,NA,NA,NA,NA,NA,NA,NA,NA,NA,NA,NA,NA,NA,NA,NA,NA,NA,NA,NA,10.204081632653061,7.142857142857143,42.857142857142854,23.46938775510204,7.142857142857143,9.183673469387756,NA,NA,NA,NA,NA,NA,NA,NA,NA,NA
2025-02-12,KXCPICOREYOY-25JAN,14394,NA,NA,NA,NA,NA,NA,NA,NA,NA,NA,NA,NA,NA,NA,NA,NA,NA,NA,NA,NA,NA,NA,NA,NA,NA,NA,NA,NA,NA,NA,0,0,4.081632653061225,31.632653061224488,51.02040816326531,2.040816326530614,11.224489795918368,NA,NA,NA,NA,NA,NA,NA,NA,NA,NA
2025-02-13,KXCPICOREYOY-25FEB,356,NA,NA,NA,NA,NA,NA,NA,NA,NA,NA,NA,NA,NA,NA,NA,NA,NA,NA,NA,NA,NA,NA,NA,NA,NA,NA,NA,NA,NA,NA,NA,10.204081632653061,8.16326530612245,22.448979591836736,37.755102040816325,12.244897959183673,9.183673469387756,NA,NA,NA,NA,NA,NA,NA,NA,NA,NA
2025-02-14,KXCPICOREYOY-25FEB,17,NA,NA,NA,NA,NA,NA,NA,NA,NA,NA,NA,NA,NA,NA,NA,NA,NA,NA,NA,NA,NA,NA,NA,NA,NA,NA,NA,NA,NA,NA,NA,10.204081632653061,3.061224489795918,27.551020408163264,37.755102040816325,12.244897959183673,9.183673469387756,NA,NA,NA,NA,NA,NA,NA,NA,NA,NA
2025-02-15,KXCPICOREYOY-25FEB,66,NA,NA,NA,NA,NA,NA,NA,NA,NA,NA,NA,NA,NA,NA,NA,NA,NA,NA,NA,NA,NA,NA,NA,NA,NA,NA,NA,NA,NA,NA,NA,10.204081632653061,3.061224489795918,27.551020408163264,37.755102040816325,12.244897959183673,9.183673469387756,NA,NA,NA,NA,NA,NA,NA,NA,NA,NA
2025-02-16,KXCPICOREYOY-25FEB,29,NA,NA,NA,NA,NA,NA,NA,NA,NA,NA,NA,NA,NA,NA,NA,NA,NA,NA,NA,NA,NA,NA,NA,NA,NA,NA,NA,NA,NA,NA,NA,10.204081632653061,3.061224489795918,27.551020408163264,38.775510204081634,16.3265306122449,4.081632653061225,NA,NA,NA,NA,NA,NA,NA,NA,NA,NA
2025-02-17,KXCPICOREYOY-25FEB,544,NA,NA,NA,NA,NA,NA,NA,NA,NA,NA,NA,NA,NA,NA,NA,NA,NA,NA,NA,NA,NA,NA,NA,NA,NA,NA,NA,NA,NA,NA,NA,7.142857142857143,6.122448979591836,27.551020408163264,38.775510204081634,12.244897959183673,8.16326530612245,NA,NA,NA,NA,NA,NA,NA,NA,NA,NA
2025-02-18,KXCPICOREYOY-25FEB,0,NA,NA,NA,NA,NA,NA,NA,NA,NA,NA,NA,NA,NA,NA,NA,NA,NA,NA,NA,NA,NA,NA,NA,NA,NA,NA,NA,NA,NA,NA,NA,7.142857142857143,6.122448979591836,27.551020408163264,38.775510204081634,12.244897959183673,8.16326530612245,NA,NA,NA,NA,NA,NA,NA,NA,NA,NA
2025-02-19,KXCPICOREYOY-25FEB,0,NA,NA,NA,NA,NA,NA,NA,NA,NA,NA,NA,NA,NA,NA,NA,NA,NA,NA,NA,NA,NA,NA,NA,NA,NA,NA,NA,NA,NA,NA,NA,7.142857142857143,6.122448979591836,27.551020408163264,38.775510204081634,12.244897959183673,8.16326530612245,NA,NA,NA,NA,NA,NA,NA,NA,NA,NA
2025-02-20,KXCPICOREYOY-25FEB,0,NA,NA,NA,NA,NA,NA,NA,NA,NA,NA,NA,NA,NA,NA,NA,NA,NA,NA,NA,NA,NA,NA,NA,NA,NA,NA,NA,NA,NA,NA,NA,7.142857142857143,6.122448979591836,27.551020408163264,38.775510204081634,12.244897959183673,8.16326530612245,NA,NA,NA,NA,NA,NA,NA,NA,NA,NA
2025-02-21,KXCPICOREYOY-25FEB,2528,NA,NA,NA,NA,NA,NA,NA,NA,NA,NA,NA,NA,NA,NA,NA,NA,NA,NA,NA,NA,NA,NA,NA,NA,NA,NA,NA,NA,NA,NA,NA,7.142857142857143,6.122448979591836,27.551020408163264,38.775510204081634,7.142857142857141,5.102040816326532,1.0204081632653061,7.142857142857143,NA,NA,NA,NA,NA,NA,NA,NA
2025-02-22,KXCPICOREYOY-25FEB,1545,NA,NA,NA,NA,NA,NA,NA,NA,NA,NA,NA,NA,NA,NA,NA,NA,NA,NA,NA,NA,NA,NA,NA,NA,NA,NA,NA,NA,NA,NA,NA,2.0408163265306123,13.26530612244898,29.591836734693867,34.69387755102042,7.142857142857141,5.102040816326532,1.0204081632653061,7.142857142857143,NA,NA,NA,NA,NA,NA,NA,NA
2025-02-23,KXCPICOREYOY-25FEB,190,NA,NA,NA,NA,NA,NA,NA,NA,NA,NA,NA,NA,NA,NA,NA,NA,NA,NA,NA,NA,NA,NA,NA,NA,NA,NA,NA,NA,NA,NA,NA,2.0408163265306123,13.26530612244898,29.591836734693867,34.69387755102042,14.285714285714286,6.122448979591838,0,0,NA,NA,NA,NA,NA,NA,NA,NA
2025-02-24,KXCPICOREYOY-25FEB,183,NA,NA,NA,NA,NA,NA,NA,NA,NA,NA,NA,NA,NA,NA,NA,NA,NA,NA,NA,NA,NA,NA,NA,NA,NA,NA,NA,NA,NA,NA,NA,4.081632653061225,7.142857142857143,33.67346938775509,34.69387755102042,11.224489795918368,1.0204081632653061,1.0204081632653061,7.142857142857143,NA,NA,NA,NA,NA,NA,NA,NA
2025-02-25,KXCPICOREYOY-25FEB,888,NA,NA,NA,NA,NA,NA,NA,NA,NA,NA,NA,NA,NA,NA,NA,NA,NA,NA,NA,NA,NA,NA,NA,NA,NA,NA,NA,NA,NA,NA,NA,4.081632653061225,10.204081632653061,30.612244897959176,34.69387755102042,11.224489795918368,1.0204081632653061,1.0204081632653061,7.142857142857143,NA,NA,NA,NA,NA,NA,NA,NA
2025-02-26,KXCPICOREYOY-25FEB,346,NA,NA,NA,NA,NA,NA,NA,NA,NA,NA,NA,NA,NA,NA,NA,NA,NA,NA,NA,NA,NA,NA,NA,NA,NA,NA,NA,NA,NA,NA,NA,4.081632653061225,10.204081632653061,30.612244897959176,34.69387755102042,11.224489795918368,1.0204081632653061,1.0204081632653061,7.142857142857143,NA,NA,NA,NA,NA,NA,NA,NA
2025-02-27,KXCPICOREYOY-25FEB,203,NA,NA,NA,NA,NA,NA,NA,NA,NA,NA,NA,NA,NA,NA,NA,NA,NA,NA,NA,NA,NA,NA,NA,NA,NA,NA,NA,NA,NA,NA,NA,4.081632653061225,10.204081632653061,30.612244897959176,34.69387755102042,11.224489795918368,1.0204081632653061,1.0204081632653061,7.142857142857143,NA,NA,NA,NA,NA,NA,NA,NA
2025-02-28,KXCPICOREYOY-25FEB,0,NA,NA,NA,NA,NA,NA,NA,NA,NA,NA,NA,NA,NA,NA,NA,NA,NA,NA,NA,NA,NA,NA,NA,NA,NA,NA,NA,NA,NA,NA,NA,4.081632653061225,10.204081632653061,30.612244897959176,34.69387755102042,11.224489795918368,1.0204081632653061,1.0204081632653061,7.142857142857143,NA,NA,NA,NA,NA,NA,NA,NA
2025-03-01,KXCPICOREYOY-25FEB,0,NA,NA,NA,NA,NA,NA,NA,NA,NA,NA,NA,NA,NA,NA,NA,NA,NA,NA,NA,NA,NA,NA,NA,NA,NA,NA,NA,NA,NA,NA,NA,4.081632653061225,10.204081632653061,30.612244897959176,34.69387755102042,11.224489795918368,1.0204081632653061,1.0204081632653061,7.142857142857143,NA,NA,NA,NA,NA,NA,NA,NA
2025-03-02,KXCPICOREYOY-25FEB,0,NA,NA,NA,NA,NA,NA,NA,NA,NA,NA,NA,NA,NA,NA,NA,NA,NA,NA,NA,NA,NA,NA,NA,NA,NA,NA,NA,NA,NA,NA,NA,4.081632653061225,10.204081632653061,30.612244897959176,34.69387755102042,11.224489795918368,1.0204081632653061,1.0204081632653061,7.142857142857143,NA,NA,NA,NA,NA,NA,NA,NA
2025-03-03,KXCPICOREYOY-25FEB,1619,NA,NA,NA,NA,NA,NA,NA,NA,NA,NA,NA,NA,NA,NA,NA,NA,NA,NA,NA,NA,NA,NA,NA,NA,NA,NA,NA,NA,NA,NA,NA,4.081632653061225,5.1020408163265305,39.795918367346935,30.612244897959183,14.285714285714286,6.122448979591838,0,0,NA,NA,NA,NA,NA,NA,NA,NA
2025-03-04,KXCPICOREYOY-25FEB,1832,NA,NA,NA,NA,NA,NA,NA,NA,NA,NA,NA,NA,NA,NA,NA,NA,NA,NA,NA,NA,NA,NA,NA,NA,NA,NA,NA,NA,NA,NA,NA,0,7.142857142857143,30.612244897959183,41.83673469387755,14.285714285714286,6.122448979591838,0,0,NA,NA,NA,NA,NA,NA,NA,NA
2025-03-05,KXCPICOREYOY-25FEB,2025,NA,NA,NA,NA,NA,NA,NA,NA,NA,NA,NA,NA,NA,NA,NA,NA,NA,NA,NA,NA,NA,NA,NA,NA,NA,NA,NA,NA,NA,NA,NA,0,5.1020408163265305,34.69387755102041,38.775510204081634,16.3265306122449,5.1020408163265305,0,0,NA,NA,NA,NA,NA,NA,NA,NA
2025-03-06,KXCPICOREYOY-25FEB,344,NA,NA,NA,NA,NA,NA,NA,NA,NA,NA,NA,NA,NA,NA,NA,NA,NA,NA,NA,NA,NA,NA,NA,NA,NA,NA,NA,NA,NA,NA,NA,0,5.1020408163265305,38.77551020408163,28.571428571428577,22.44897959183674,5.1020408163265305,0,0,NA,NA,NA,NA,NA,NA,NA,NA
2025-03-07,KXCPICOREYOY-25FEB,354,NA,NA,NA,NA,NA,NA,NA,NA,NA,NA,NA,NA,NA,NA,NA,NA,NA,NA,NA,NA,NA,NA,NA,NA,NA,NA,NA,NA,NA,NA,NA,0,5.1020408163265305,34.69387755102041,32.65306122448979,22.44897959183674,5.1020408163265305,0,0,NA,NA,NA,NA,NA,NA,NA,NA
2025-03-08,KXCPICOREYOY-25FEB,1013,NA,NA,NA,NA,NA,NA,NA,NA,NA,NA,NA,NA,NA,NA,NA,NA,NA,NA,NA,NA,NA,NA,NA,NA,NA,NA,NA,NA,NA,NA,NA,5.1020408163265305,1.0204081632653061,33.673469387755105,32.65306122448979,24.489795918367353,3.061224489795918,0,0,NA,NA,NA,NA,NA,NA,NA,NA
2025-03-09,KXCPICOREYOY-25FEB,1401,NA,NA,NA,NA,NA,NA,NA,NA,NA,NA,NA,NA,NA,NA,NA,NA,NA,NA,NA,NA,NA,NA,NA,NA,NA,NA,NA,NA,NA,NA,NA,5.1020408163265305,3.061224489795918,27.551020408163264,43.87755102040816,17.346938775510203,3.061224489795918,0,0,NA,NA,NA,NA,NA,NA,NA,NA
2025-03-10,KXCPICOREYOY-25FEB,1240,NA,NA,NA,NA,NA,NA,NA,NA,NA,NA,NA,NA,NA,NA,NA,NA,NA,NA,NA,NA,NA,NA,NA,NA,NA,NA,NA,NA,NA,NA,NA,5.1020408163265305,3.061224489795918,24.489795918367346,43.87755102040816,20.408163265306122,3.061224489795918,0,0,NA,NA,NA,NA,NA,NA,NA,NA
2025-03-11,KXCPICOREYOY-25FEB,3689,NA,NA,NA,NA,NA,NA,NA,NA,NA,NA,NA,NA,NA,NA,NA,NA,NA,NA,NA,NA,NA,NA,NA,NA,NA,NA,NA,NA,NA,NA,NA,5.1020408163265305,3.061224489795918,21.428571428571427,43.87755102040816,26.53061224489796,0,0,0,NA,NA,NA,NA,NA,NA,NA,NA
2025-03-11,KXCPICOREYOY-25MAR,170,NA,NA,NA,NA,NA,NA,NA,NA,NA,NA,NA,NA,NA,NA,NA,NA,NA,NA,NA,NA,NA,NA,NA,NA,NA,NA,NA,NA,NA,NA,NA,14.285714285714286,58.16326530612245,17.34693877551021,3.061224489795918,7.142857142857143,0,0,0,NA,NA,NA,NA,NA,NA,NA,NA
2025-03-12,KXCPICOREYOY-25FEB,1686,NA,NA,NA,NA,NA,NA,NA,NA,NA,NA,NA,NA,NA,NA,NA,NA,NA,NA,NA,NA,NA,NA,NA,NA,NA,NA,NA,NA,NA,NA,NA,0,1.0204081632653061,39.795918367346935,27.551020408163264,27.551020408163264,4.081632653061225,0,0,NA,NA,NA,NA,NA,NA,NA,NA
2025-03-12,KXCPICOREYOY-25MAR,3110,NA,NA,NA,NA,NA,NA,NA,NA,NA,NA,NA,NA,NA,NA,NA,NA,NA,NA,NA,NA,NA,NA,NA,NA,NA,NA,NA,NA,NA,NA,NA,31.632653061224488,14.285714285714286,19.387755102040817,23.46938775510204,1.0204081632653061,3.061224489795918,7.142857142857143,0,NA,NA,NA,NA,NA,NA,NA,NA
2025-03-13,KXCPICOREYOY-25MAR,2401,NA,NA,NA,NA,NA,NA,NA,NA,NA,NA,NA,NA,NA,NA,NA,NA,NA,NA,NA,NA,NA,NA,NA,NA,NA,NA,NA,NA,NA,NA,NA,25.510204081632654,20.408163265306122,18.367346938775512,27.551020408163264,1.0204081632653061,7.142857142857143,0,0,NA,NA,NA,NA,NA,NA,NA,NA
2025-03-14,KXCPICOREYOY-25MAR,184,NA,NA,NA,NA,NA,NA,NA,NA,NA,NA,NA,NA,NA,NA,NA,NA,NA,NA,NA,NA,NA,NA,NA,NA,NA,NA,NA,NA,NA,NA,NA,23.46938775510204,29.591836734693878,17.346938775510203,24.489795918367346,5.1020408163265305,0,0,0,NA,NA,NA,NA,NA,NA,NA,NA
2025-03-15,KXCPICOREYOY-25MAR,13,NA,NA,NA,NA,NA,NA,NA,NA,NA,NA,NA,NA,NA,NA,NA,NA,NA,NA,NA,NA,NA,NA,NA,NA,NA,NA,NA,NA,NA,NA,NA,24.489795918367346,28.571428571428573,17.346938775510203,24.489795918367346,5.1020408163265305,0,0,0,NA,NA,NA,NA,NA,NA,NA,NA
2025-03-16,KXCPICOREYOY-25MAR,0,NA,NA,NA,NA,NA,NA,NA,NA,NA,NA,NA,NA,NA,NA,NA,NA,NA,NA,NA,NA,NA,NA,NA,NA,NA,NA,NA,NA,NA,NA,NA,24.489795918367346,28.571428571428573,17.346938775510203,24.489795918367346,5.1020408163265305,0,0,0,NA,NA,NA,NA,NA,NA,NA,NA
2025-03-17,KXCPICOREYOY-25MAR,0,NA,NA,NA,NA,NA,NA,NA,NA,NA,NA,NA,NA,NA,NA,NA,NA,NA,NA,NA,NA,NA,NA,NA,NA,NA,NA,NA,NA,NA,NA,NA,24.489795918367346,28.571428571428573,17.346938775510203,24.489795918367346,5.1020408163265305,0,0,0,NA,NA,NA,NA,NA,NA,NA,NA
2025-03-18,KXCPICOREYOY-25MAR,0,NA,NA,NA,NA,NA,NA,NA,NA,NA,NA,NA,NA,NA,NA,NA,NA,NA,NA,NA,NA,NA,NA,NA,NA,NA,NA,NA,NA,NA,NA,NA,24.489795918367346,28.571428571428573,17.346938775510203,24.489795918367346,5.1020408163265305,0,0,0,NA,NA,NA,NA,NA,NA,NA,NA
2025-03-19,KXCPICOREYOY-25MAR,150,NA,NA,NA,NA,NA,NA,NA,NA,NA,NA,NA,NA,NA,NA,NA,NA,NA,NA,NA,NA,NA,NA,NA,NA,NA,NA,NA,NA,NA,NA,NA,24.489795918367346,28.571428571428573,22.448979591836736,19.387755102040817,5.1020408163265305,0,0,0,NA,NA,NA,NA,NA,NA,NA,NA
2025-03-20,KXCPICOREYOY-25MAR,10,NA,NA,NA,NA,NA,NA,NA,NA,NA,NA,NA,NA,NA,NA,NA,NA,NA,NA,NA,NA,NA,NA,NA,NA,NA,NA,NA,NA,NA,NA,NA,24.489795918367346,28.571428571428573,27.551020408163264,14.285714285714286,5.1020408163265305,0,0,0,NA,NA,NA,NA,NA,NA,NA,NA
2025-03-21,KXCPICOREYOY-25MAR,447,NA,NA,NA,NA,NA,NA,NA,NA,NA,NA,NA,NA,NA,NA,NA,NA,NA,NA,NA,NA,NA,NA,NA,NA,NA,NA,NA,NA,NA,NA,NA,24.489795918367346,28.571428571428573,26.53061224489796,15.306122448979592,5.1020408163265305,0,0,0,NA,NA,NA,NA,NA,NA,NA,NA
2025-03-22,KXCPICOREYOY-25MAR,102,NA,NA,NA,NA,NA,NA,NA,NA,NA,NA,NA,NA,NA,NA,NA,NA,NA,NA,NA,NA,NA,NA,NA,NA,NA,NA,NA,NA,NA,NA,NA,24.489795918367346,28.571428571428573,23.46938775510204,18.367346938775512,5.1020408163265305,0,0,0,NA,NA,NA,NA,NA,NA,NA,NA
2025-03-23,KXCPICOREYOY-25MAR,0,NA,NA,NA,NA,NA,NA,NA,NA,NA,NA,NA,NA,NA,NA,NA,NA,NA,NA,NA,NA,NA,NA,NA,NA,NA,NA,NA,NA,NA,NA,NA,24.489795918367346,28.571428571428573,23.46938775510204,18.367346938775512,5.1020408163265305,0,0,0,NA,NA,NA,NA,NA,NA,NA,NA
2025-03-24,KXCPICOREYOY-25MAR,480,NA,NA,NA,NA,NA,NA,NA,NA,NA,NA,NA,NA,NA,NA,NA,NA,NA,NA,NA,NA,NA,NA,NA,NA,NA,NA,NA,NA,NA,NA,NA,24.489795918367346,28.571428571428573,23.46938775510204,15.306122448979592,8.16326530612245,0,0,0,NA,NA,NA,NA,NA,NA,NA,NA
2025-03-25,KXCPICOREYOY-25MAR,243,NA,NA,NA,NA,NA,NA,NA,NA,NA,NA,NA,NA,NA,NA,NA,NA,NA,NA,NA,NA,NA,NA,NA,NA,NA,NA,NA,NA,NA,NA,NA,23.46938775510204,28.571428571428573,24.489795918367346,15.306122448979592,8.16326530612245,0,0,0,NA,NA,NA,NA,NA,NA,NA,NA
2025-03-26,KXCPICOREYOY-25MAR,2560,NA,NA,NA,NA,NA,NA,NA,NA,NA,NA,NA,NA,NA,NA,NA,NA,NA,NA,NA,NA,NA,NA,NA,NA,NA,NA,NA,NA,NA,NA,NA,23.46938775510204,30.612244897959183,22.448979591836736,15.306122448979592,8.16326530612245,0,0,0,NA,NA,NA,NA,NA,NA,NA,NA
2025-03-27,KXCPICOREYOY-25MAR,0,NA,NA,NA,NA,NA,NA,NA,NA,NA,NA,NA,NA,NA,NA,NA,NA,NA,NA,NA,NA,NA,NA,NA,NA,NA,NA,NA,NA,NA,NA,NA,23.46938775510204,30.612244897959183,22.448979591836736,15.306122448979592,8.16326530612245,0,0,0,NA,NA,NA,NA,NA,NA,NA,NA
2025-03-28,KXCPICOREYOY-25MAR,0,NA,NA,NA,NA,NA,NA,NA,NA,NA,NA,NA,NA,NA,NA,NA,NA,NA,NA,NA,NA,NA,NA,NA,NA,NA,NA,NA,NA,NA,NA,NA,23.46938775510204,30.612244897959183,22.448979591836736,15.306122448979592,8.16326530612245,0,0,0,NA,NA,NA,NA,NA,NA,NA,NA
2025-03-29,KXCPICOREYOY-25MAR,0,NA,NA,NA,NA,NA,NA,NA,NA,NA,NA,NA,NA,NA,NA,NA,NA,NA,NA,NA,NA,NA,NA,NA,NA,NA,NA,NA,NA,NA,NA,NA,23.46938775510204,30.612244897959183,22.448979591836736,15.306122448979592,8.16326530612245,0,0,0,NA,NA,NA,NA,NA,NA,NA,NA
2025-03-30,KXCPICOREYOY-25MAR,0,NA,NA,NA,NA,NA,NA,NA,NA,NA,NA,NA,NA,NA,NA,NA,NA,NA,NA,NA,NA,NA,NA,NA,NA,NA,NA,NA,NA,NA,NA,NA,23.46938775510204,30.612244897959183,22.448979591836736,15.306122448979592,8.16326530612245,0,0,0,NA,NA,NA,NA,NA,NA,NA,NA
2025-03-31,KXCPICOREYOY-25MAR,204,NA,NA,NA,NA,NA,NA,NA,NA,NA,NA,NA,NA,NA,NA,NA,NA,NA,NA,NA,NA,NA,NA,NA,NA,NA,NA,NA,NA,NA,NA,NA,23.46938775510204,39.795918367346935,13.26530612244898,15.306122448979592,8.16326530612245,0,0,0,NA,NA,NA,NA,NA,NA,NA,NA
2025-04-01,KXCPICOREYOY-25MAR,130,NA,NA,NA,NA,NA,NA,NA,NA,NA,NA,NA,NA,NA,NA,NA,NA,NA,NA,NA,NA,NA,NA,NA,NA,NA,NA,NA,NA,NA,NA,NA,23.46938775510204,31.632653061224488,21.428571428571427,15.306122448979592,8.16326530612245,0,0,0,NA,NA,NA,NA,NA,NA,NA,NA
2025-04-02,KXCPICOREYOY-25MAR,2722,NA,NA,NA,NA,NA,NA,NA,NA,NA,NA,NA,NA,NA,NA,NA,NA,NA,NA,NA,NA,NA,NA,NA,NA,NA,NA,NA,NA,NA,NA,NA,20.408163265306122,46.93877551020408,21.428571428571427,3.061224489795918,8.16326530612245,0,0,0,NA,NA,NA,NA,NA,NA,NA,NA
2025-04-03,KXCPICOREYOY-25MAR,1,NA,NA,NA,NA,NA,NA,NA,NA,NA,NA,NA,NA,NA,NA,NA,NA,NA,NA,NA,NA,NA,NA,NA,NA,NA,NA,NA,NA,NA,NA,NA,28.571428571428573,38.775510204081634,21.428571428571427,3.061224489795918,8.16326530612245,0,0,0,NA,NA,NA,NA,NA,NA,NA,NA
2025-04-04,KXCPICOREYOY-25MAR,383,NA,NA,NA,NA,NA,NA,NA,NA,NA,NA,NA,NA,NA,NA,NA,NA,NA,NA,NA,NA,NA,NA,NA,NA,NA,NA,NA,NA,NA,NA,NA,19.387755102040817,37.755102040816325,31.632653061224488,9.183673469387756,2.0408163265306123,0,0,0,NA,NA,NA,NA,NA,NA,NA,NA
2025-04-05,KXCPICOREYOY-25MAR,218,NA,NA,NA,NA,NA,NA,NA,NA,NA,NA,NA,NA,NA,NA,NA,NA,NA,NA,NA,NA,NA,NA,NA,NA,NA,NA,NA,NA,NA,NA,NA,28.571428571428573,28.571428571428573,31.632653061224488,9.183673469387756,2.0408163265306123,0,0,0,NA,NA,NA,NA,NA,NA,NA,NA
2025-04-06,KXCPICOREYOY-25MAR,0,NA,NA,NA,NA,NA,NA,NA,NA,NA,NA,NA,NA,NA,NA,NA,NA,NA,NA,NA,NA,NA,NA,NA,NA,NA,NA,NA,NA,NA,NA,NA,28.571428571428573,28.571428571428573,31.632653061224488,9.183673469387756,2.0408163265306123,0,0,0,NA,NA,NA,NA,NA,NA,NA,NA
2025-04-07,KXCPICOREYOY-25MAR,1444,NA,NA,NA,NA,NA,NA,NA,NA,NA,NA,NA,NA,NA,NA,NA,NA,NA,NA,NA,NA,NA,NA,NA,NA,NA,NA,NA,NA,NA,NA,NA,25.510204081632654,39.795918367346935,23.46938775510204,9.183673469387756,2.0408163265306123,0,0,0,NA,NA,NA,NA,NA,NA,NA,NA
2025-04-08,KXCPICOREYOY-25MAR,1143,NA,NA,NA,NA,NA,NA,NA,NA,NA,NA,NA,NA,NA,NA,NA,NA,NA,NA,NA,NA,NA,NA,NA,NA,NA,NA,NA,NA,NA,NA,NA,19.387755102040817,46.93877551020408,22.448979591836736,9.183673469387756,2.0408163265306123,0,0,0,NA,NA,NA,NA,NA,NA,NA,NA
2025-04-09,KXCPICOREYOY-25MAR,45486,NA,NA,NA,NA,NA,NA,NA,NA,NA,NA,NA,NA,NA,NA,NA,NA,NA,NA,NA,NA,NA,NA,NA,NA,NA,NA,NA,NA,NA,NA,NA,47.95918367346939,41.83673469387755,7.142857142857143,3.061224489795918,0,0,0,0,NA,NA,NA,NA,NA,NA,NA,NA
2025-04-10,KXCPICOREYOY-25MAR,2730,NA,NA,NA,NA,NA,NA,NA,NA,NA,NA,NA,NA,NA,NA,NA,NA,NA,NA,NA,NA,NA,NA,NA,NA,NA,NA,NA,NA,NA,NA,NA,48.97959183673469,41.83673469387755,6.122448979591836,3.061224489795918,0,0,0,0,NA,NA,NA,NA,NA,NA,NA,NA
2025-04-13,KXCPICOREYOY-25APR,1234,NA,NA,NA,NA,NA,NA,NA,NA,NA,NA,NA,NA,NA,NA,NA,NA,NA,NA,NA,NA,NA,NA,NA,NA,NA,NA,NA,NA,21.428571428571427,16.3265306122449,20.408163265306122,34.69387755102041,7.142857142857143,0,0,NA,NA,NA,NA,NA,NA,NA,NA,NA,NA,NA,NA
2025-04-14,KXCPICOREYOY-25APR,655,NA,NA,NA,NA,NA,NA,NA,NA,NA,NA,NA,NA,NA,NA,NA,NA,NA,NA,NA,NA,NA,NA,NA,NA,NA,NA,NA,NA,18.367346938775512,21.428571428571427,18.367346938775512,34.69387755102041,7.142857142857143,0,0,NA,NA,NA,NA,NA,NA,NA,NA,NA,NA,NA,NA
2025-04-15,KXCPICOREYOY-25APR,0,NA,NA,NA,NA,NA,NA,NA,NA,NA,NA,NA,NA,NA,NA,NA,NA,NA,NA,NA,NA,NA,NA,NA,NA,NA,NA,NA,NA,18.367346938775512,21.428571428571427,18.367346938775512,34.69387755102041,7.142857142857143,0,0,NA,NA,NA,NA,NA,NA,NA,NA,NA,NA,NA,NA
2025-04-16,KXCPICOREYOY-25APR,1232,NA,NA,NA,NA,NA,NA,NA,NA,NA,NA,NA,NA,NA,NA,NA,NA,NA,NA,NA,NA,NA,NA,NA,NA,NA,NA,NA,NA,14.285714285714286,25.510204081632654,29.591836734693878,23.46938775510204,7.142857142857143,0,0,NA,NA,NA,NA,NA,NA,NA,NA,NA,NA,NA,NA
2025-04-17,KXCPICOREYOY-25APR,1283,NA,NA,NA,NA,NA,NA,NA,NA,NA,NA,NA,NA,NA,NA,NA,NA,NA,NA,NA,NA,NA,NA,NA,NA,NA,NA,NA,NA,14.285714285714286,25.510204081632654,45.91836734693877,7.142857142857143,7.142857142857143,0,0,NA,NA,NA,NA,NA,NA,NA,NA,NA,NA,NA,NA
2025-04-18,KXCPICOREYOY-25APR,12040,NA,NA,NA,NA,NA,NA,NA,NA,NA,NA,NA,NA,NA,NA,NA,NA,NA,NA,NA,NA,NA,NA,NA,NA,NA,NA,NA,NA,6.122448979591836,29.591836734693878,50,7.142857142857143,7.142857142857143,0,0,NA,NA,NA,NA,NA,NA,NA,NA,NA,NA,NA,NA
2025-04-19,KXCPICOREYOY-25APR,0,NA,NA,NA,NA,NA,NA,NA,NA,NA,NA,NA,NA,NA,NA,NA,NA,NA,NA,NA,NA,NA,NA,NA,NA,NA,NA,NA,NA,6.122448979591836,29.591836734693878,50,7.142857142857143,7.142857142857143,0,0,NA,NA,NA,NA,NA,NA,NA,NA,NA,NA,NA,NA
2025-04-20,KXCPICOREYOY-25APR,660,NA,NA,NA,NA,NA,NA,NA,NA,NA,NA,NA,NA,NA,NA,NA,NA,NA,NA,NA,NA,NA,NA,NA,NA,NA,NA,NA,NA,20.408163265306122,20.408163265306122,15.306122448979592,24.489795918367346,12.244897959183673,7.142857142857143,0,NA,NA,NA,NA,NA,NA,NA,NA,NA,NA,NA,NA
2025-04-21,KXCPICOREYOY-25APR,1122,NA,NA,NA,NA,NA,NA,NA,NA,NA,NA,NA,NA,NA,NA,NA,NA,NA,NA,NA,NA,NA,NA,NA,NA,NA,NA,NA,NA,22.448979591836736,22.448979591836725,11.224489795918375,23.46938775510204,13.26530612244898,7.142857142857143,0,NA,NA,NA,NA,NA,NA,NA,NA,NA,NA,NA,NA
2025-04-22,KXCPICOREYOY-25APR,0,NA,NA,NA,NA,NA,NA,NA,NA,NA,NA,NA,NA,NA,NA,NA,NA,NA,NA,NA,NA,NA,NA,NA,NA,NA,NA,NA,NA,22.448979591836736,22.448979591836725,11.224489795918375,23.46938775510204,13.26530612244898,7.142857142857143,0,NA,NA,NA,NA,NA,NA,NA,NA,NA,NA,NA,NA
2025-04-23,KXCPICOREYOY-25APR,973,NA,NA,NA,NA,NA,NA,NA,NA,NA,NA,NA,NA,NA,NA,NA,NA,NA,NA,NA,NA,NA,NA,NA,NA,NA,NA,NA,NA,14.285714285714286,22.448979591836736,27.551020408163264,15.306122448979592,13.26530612244898,7.142857142857143,0,NA,NA,NA,NA,NA,NA,NA,NA,NA,NA,NA,NA
2025-04-24,KXCPICOREYOY-25APR,0,NA,NA,NA,NA,NA,NA,NA,NA,NA,NA,NA,NA,NA,NA,NA,NA,NA,NA,NA,NA,NA,NA,NA,NA,NA,NA,NA,NA,14.285714285714286,22.448979591836736,27.551020408163264,15.306122448979592,13.26530612244898,7.142857142857143,0,NA,NA,NA,NA,NA,NA,NA,NA,NA,NA,NA,NA
2025-04-25,KXCPICOREYOY-25APR,0,NA,NA,NA,NA,NA,NA,NA,NA,NA,NA,NA,NA,NA,NA,NA,NA,NA,NA,NA,NA,NA,NA,NA,NA,NA,NA,NA,NA,14.285714285714286,22.448979591836736,27.551020408163264,15.306122448979592,13.26530612244898,7.142857142857143,0,NA,NA,NA,NA,NA,NA,NA,NA,NA,NA,NA,NA
2025-04-26,KXCPICOREYOY-25APR,3,NA,NA,NA,NA,NA,NA,NA,NA,NA,NA,NA,NA,NA,NA,NA,NA,NA,NA,NA,NA,NA,NA,NA,NA,NA,NA,NA,NA,14.285714285714286,22.448979591836736,27.551020408163264,15.306122448979592,13.26530612244898,7.142857142857143,0,NA,NA,NA,NA,NA,NA,NA,NA,NA,NA,NA,NA
2025-04-27,KXCPICOREYOY-25APR,500,NA,NA,NA,NA,NA,NA,NA,NA,NA,NA,NA,NA,NA,NA,NA,NA,NA,NA,NA,NA,NA,NA,NA,NA,NA,NA,NA,NA,14.285714285714286,22.448979591836736,27.551020408163264,14.285714285714286,14.285714285714286,7.142857142857143,0,NA,NA,NA,NA,NA,NA,NA,NA,NA,NA,NA,NA
2025-04-28,KXCPICOREYOY-25APR,300,NA,NA,NA,NA,NA,NA,NA,NA,NA,NA,NA,NA,NA,NA,NA,NA,NA,NA,NA,NA,NA,NA,NA,NA,NA,NA,NA,NA,14.285714285714286,22.448979591836736,27.551020408163264,10.204081632653061,18.367346938775512,7.142857142857143,0,NA,NA,NA,NA,NA,NA,NA,NA,NA,NA,NA,NA
2025-04-29,KXCPICOREYOY-25APR,63,NA,NA,NA,NA,NA,NA,NA,NA,NA,NA,NA,NA,NA,NA,NA,NA,NA,NA,NA,NA,NA,NA,NA,NA,NA,NA,NA,NA,14.285714285714286,22.448979591836736,16.3265306122449,21.428571428571427,20.408163265306122,5.1020408163265305,0,NA,NA,NA,NA,NA,NA,NA,NA,NA,NA,NA,NA
2025-04-30,KXCPICOREYOY-25APR,6877,NA,NA,NA,NA,NA,NA,NA,NA,NA,NA,NA,NA,NA,NA,NA,NA,NA,NA,NA,NA,NA,NA,NA,NA,NA,NA,NA,NA,11.224489795918368,9.183673469387756,34.69387755102041,25.510204081632654,14.285714285714286,5.1020408163265305,0,NA,NA,NA,NA,NA,NA,NA,NA,NA,NA,NA,NA
2025-05-01,KXCPICOREYOY-25APR,0,NA,NA,NA,NA,NA,NA,NA,NA,NA,NA,NA,NA,NA,NA,NA,NA,NA,NA,NA,NA,NA,NA,NA,NA,NA,NA,NA,NA,11.224489795918368,9.183673469387756,34.69387755102041,25.510204081632654,14.285714285714286,5.1020408163265305,0,NA,NA,NA,NA,NA,NA,NA,NA,NA,NA,NA,NA
2025-05-02,KXCPICOREYOY-25APR,0,NA,NA,NA,NA,NA,NA,NA,NA,NA,NA,NA,NA,NA,NA,NA,NA,NA,NA,NA,NA,NA,NA,NA,NA,NA,NA,NA,NA,11.224489795918368,9.183673469387756,34.69387755102041,25.510204081632654,14.285714285714286,5.1020408163265305,0,NA,NA,NA,NA,NA,NA,NA,NA,NA,NA,NA,NA
2025-05-03,KXCPICOREYOY-25APR,1005,NA,NA,NA,NA,NA,NA,NA,NA,NA,NA,NA,NA,NA,NA,NA,NA,NA,NA,NA,NA,NA,NA,NA,NA,NA,NA,NA,NA,11.224489795918368,9.183673469387756,33.673469387755105,26.53061224489796,14.285714285714286,5.1020408163265305,0,NA,NA,NA,NA,NA,NA,NA,NA,NA,NA,NA,NA
2025-05-04,KXCPICOREYOY-25APR,15,NA,NA,NA,NA,NA,NA,NA,NA,NA,NA,NA,NA,NA,NA,NA,NA,NA,NA,NA,NA,NA,NA,NA,NA,NA,NA,NA,NA,11.224489795918368,9.183673469387756,34.69387755102041,25.510204081632654,14.285714285714286,5.1020408163265305,0,NA,NA,NA,NA,NA,NA,NA,NA,NA,NA,NA,NA
2025-05-05,KXCPICOREYOY-25APR,569,NA,NA,NA,NA,NA,NA,NA,NA,NA,NA,NA,NA,NA,NA,NA,NA,NA,NA,NA,NA,NA,NA,NA,NA,NA,NA,NA,NA,14.285714285714286,6.122448979591836,38.775510204081634,21.428571428571427,14.285714285714286,5.1020408163265305,0,NA,NA,NA,NA,NA,NA,NA,NA,NA,NA,NA,NA
2025-05-06,KXCPICOREYOY-25APR,1964,NA,NA,NA,NA,NA,NA,NA,NA,NA,NA,NA,NA,NA,NA,NA,NA,NA,NA,NA,NA,NA,NA,NA,NA,NA,NA,NA,NA,14.285714285714286,6.122448979591836,42.857142857142854,10.204081632653061,11.224489795918368,10.204081632653061,5.1020408163265305,NA,NA,NA,NA,NA,NA,NA,NA,NA,NA,NA,NA
2025-05-07,KXCPICOREYOY-25APR,470,NA,NA,NA,NA,NA,NA,NA,NA,NA,NA,NA,NA,NA,NA,NA,NA,NA,NA,NA,NA,NA,NA,NA,NA,NA,NA,NA,NA,16.3265306122449,4.081632653061225,35.714285714285715,17.346938775510203,11.224489795918368,10.204081632653061,5.1020408163265305,NA,NA,NA,NA,NA,NA,NA,NA,NA,NA,NA,NA
2025-05-08,KXCPICOREYOY-25APR,64,NA,NA,NA,NA,NA,NA,NA,NA,NA,NA,NA,NA,NA,NA,NA,NA,NA,NA,NA,NA,NA,NA,NA,NA,NA,NA,NA,NA,16.3265306122449,12.244897959183673,27.551020408163264,17.346938775510203,11.224489795918368,10.204081632653061,5.1020408163265305,0,0,NA,NA,NA,NA,NA,NA,NA,NA,NA,NA
2025-05-09,KXCPICOREYOY-25APR,209,NA,NA,NA,NA,NA,NA,NA,NA,NA,NA,NA,NA,NA,NA,NA,NA,NA,NA,NA,NA,NA,NA,NA,NA,NA,NA,NA,NA,16.3265306122449,12.244897959183673,28.571428571428573,16.3265306122449,11.224489795918368,10.204081632653061,5.1020408163265305,0,0,NA,NA,NA,NA,NA,NA,NA,NA,NA,NA
2025-05-10,KXCPICOREYOY-25APR,1093,NA,NA,NA,NA,NA,NA,NA,NA,NA,NA,NA,NA,NA,NA,NA,NA,NA,NA,NA,NA,NA,NA,NA,NA,NA,NA,NA,NA,12.244897959183673,16.3265306122449,27.551020408163264,28.571428571428573,10.204081632653061,5.1020408163265305,0,0,0,NA,NA,NA,NA,NA,NA,NA,NA,NA,NA
2025-05-11,KXCPICOREYOY-25APR,733,NA,NA,NA,NA,NA,NA,NA,NA,NA,NA,NA,NA,NA,NA,NA,NA,NA,NA,NA,NA,NA,NA,NA,NA,NA,NA,NA,NA,12.244897959183673,15.306122448979592,25.510204081632654,32.6530612244898,9.183673469387756,5.1020408163265305,0,0,0,NA,NA,NA,NA,NA,NA,NA,NA,NA,NA
2025-05-12,KXCPICOREYOY-25APR,265,NA,NA,NA,NA,NA,NA,NA,NA,NA,NA,NA,NA,NA,NA,NA,NA,NA,NA,NA,NA,NA,NA,NA,NA,NA,NA,NA,NA,12.244897959183673,7.142857142857143,37.755102040816325,28.571428571428573,9.183673469387756,5.1020408163265305,0,0,0,NA,NA,NA,NA,NA,NA,NA,NA,NA,NA
2025-05-13,KXCPICOREYOY-25APR,1015,NA,NA,NA,NA,NA,NA,NA,NA,NA,NA,NA,NA,NA,NA,NA,NA,NA,NA,NA,NA,NA,NA,NA,NA,NA,NA,NA,NA,12.244897959183673,11.224489795918368,31.632653061224488,30.612244897959183,9.183673469387756,5.1020408163265305,0,0,0,NA,NA,NA,NA,NA,NA,NA,NA,NA,NA
2025-05-13,KXCPICOREYOY-25MAY,3537,NA,NA,NA,NA,NA,NA,NA,NA,NA,NA,NA,NA,NA,NA,NA,NA,NA,NA,NA,NA,NA,NA,NA,NA,NA,NA,NA,NA,12.244897959183673,9.183673469387756,12.244897959183673,66.3265306122449,NA,NA,NA,NA,NA,NA,NA,NA,NA,NA,NA,NA,NA,NA,NA
2025-05-14,KXCPICOREYOY-25MAY,810,NA,NA,NA,NA,NA,NA,NA,NA,NA,NA,NA,NA,NA,NA,NA,NA,NA,NA,NA,NA,NA,NA,NA,NA,NA,NA,NA,NA,12.244897959183673,9.183673469387756,10.204081632653061,57.142857142857146,11.224489795918368,NA,NA,NA,NA,NA,NA,NA,NA,NA,NA,NA,NA,NA,NA
2025-05-15,KXCPICOREYOY-25MAY,1035,NA,NA,NA,NA,NA,NA,NA,NA,NA,NA,NA,NA,NA,NA,NA,NA,NA,NA,NA,NA,NA,NA,NA,NA,NA,NA,NA,NA,12.244897959183673,9.183673469387756,14.285714285714286,53.06122448979592,11.224489795918368,NA,NA,NA,NA,NA,NA,NA,NA,NA,NA,NA,NA,NA,NA
2025-05-16,KXCPICOREYOY-25MAY,0,NA,NA,NA,NA,NA,NA,NA,NA,NA,NA,NA,NA,NA,NA,NA,NA,NA,NA,NA,NA,NA,NA,NA,NA,NA,NA,NA,NA,12.244897959183673,9.183673469387756,14.285714285714286,53.06122448979592,11.224489795918368,NA,NA,NA,NA,NA,NA,NA,NA,NA,NA,NA,NA,NA,NA
2025-05-17,KXCPICOREYOY-25MAY,0,NA,NA,NA,NA,NA,NA,NA,NA,NA,NA,NA,NA,NA,NA,NA,NA,NA,NA,NA,NA,NA,NA,NA,NA,NA,NA,NA,NA,12.244897959183673,9.183673469387756,14.285714285714286,53.06122448979592,11.224489795918368,NA,NA,NA,NA,NA,NA,NA,NA,NA,NA,NA,NA,NA,NA
2025-05-18,KXCPICOREYOY-25MAY,405,NA,NA,NA,NA,NA,NA,NA,NA,NA,NA,NA,NA,NA,NA,NA,NA,NA,NA,NA,NA,NA,NA,NA,NA,NA,NA,NA,NA,12.244897959183673,9.183673469387756,5.1020408163265305,62.244897959183675,11.224489795918368,NA,NA,NA,NA,NA,NA,NA,NA,NA,NA,NA,NA,NA,NA
2025-05-19,KXCPICOREYOY-25MAY,1594,NA,NA,NA,NA,NA,NA,NA,NA,NA,NA,NA,NA,NA,NA,NA,NA,NA,NA,NA,NA,NA,NA,NA,NA,NA,NA,NA,NA,12.244897959183673,9.183673469387756,1.0204081632653061,43.87755102040816,33.673469387755105,NA,NA,NA,NA,NA,NA,NA,NA,NA,NA,NA,NA,NA,NA
2025-05-20,KXCPICOREYOY-25MAY,295,NA,NA,NA,NA,NA,NA,NA,NA,NA,NA,NA,NA,NA,NA,NA,NA,NA,NA,NA,NA,NA,NA,NA,NA,NA,NA,NA,NA,12.244897959183673,9.183673469387756,4.081632653061225,32.6530612244898,41.83673469387755,NA,NA,NA,NA,NA,NA,NA,NA,NA,NA,NA,NA,NA,NA
2025-05-21,KXCPICOREYOY-25MAY,602,NA,NA,NA,NA,NA,NA,NA,NA,NA,NA,NA,NA,NA,NA,NA,NA,NA,NA,NA,NA,NA,NA,NA,NA,NA,NA,NA,NA,12.244897959183673,9.183673469387756,1.0204081632653061,33.673469387755105,43.87755102040816,NA,NA,NA,NA,NA,NA,NA,NA,NA,NA,NA,NA,NA,NA
2025-05-22,KXCPICOREYOY-25MAY,624,NA,NA,NA,NA,NA,NA,NA,NA,NA,NA,NA,NA,NA,NA,NA,NA,NA,NA,NA,NA,NA,NA,NA,NA,NA,NA,NA,NA,12.244897959183673,9.183673469387756,2.0408163265306123,33.673469387755105,42.857142857142854,NA,NA,NA,NA,NA,NA,NA,NA,NA,NA,NA,NA,NA,NA
2025-05-23,KXCPICOREYOY-25MAY,51,NA,NA,NA,NA,NA,NA,NA,NA,NA,NA,NA,NA,NA,NA,NA,NA,NA,NA,NA,NA,NA,NA,NA,NA,NA,NA,NA,NA,0,12.244897959183673,2.0408163265306123,42.857142857142854,42.857142857142854,NA,NA,NA,NA,NA,NA,NA,NA,NA,NA,NA,NA,NA,NA
2025-05-24,KXCPICOREYOY-25MAY,0,NA,NA,NA,NA,NA,NA,NA,NA,NA,NA,NA,NA,NA,NA,NA,NA,NA,NA,NA,NA,NA,NA,NA,NA,NA,NA,NA,NA,0,12.244897959183673,2.0408163265306123,42.857142857142854,42.857142857142854,NA,NA,NA,NA,NA,NA,NA,NA,NA,NA,NA,NA,NA,NA
2025-05-25,KXCPICOREYOY-25MAY,0,NA,NA,NA,NA,NA,NA,NA,NA,NA,NA,NA,NA,NA,NA,NA,NA,NA,NA,NA,NA,NA,NA,NA,NA,NA,NA,NA,NA,0,12.244897959183673,2.0408163265306123,42.857142857142854,42.857142857142854,NA,NA,NA,NA,NA,NA,NA,NA,NA,NA,NA,NA,NA,NA
2025-05-26,KXCPICOREYOY-25MAY,30,NA,NA,NA,NA,NA,NA,NA,NA,NA,NA,NA,NA,NA,NA,NA,NA,NA,NA,NA,NA,NA,NA,NA,NA,NA,NA,NA,NA,0,10.204081632653061,4.081632653061225,42.857142857142854,42.857142857142854,NA,NA,NA,NA,NA,NA,NA,NA,NA,NA,NA,NA,NA,NA
2025-05-27,KXCPICOREYOY-25MAY,1393,NA,NA,NA,NA,NA,NA,NA,NA,NA,NA,NA,NA,NA,NA,NA,NA,NA,NA,NA,NA,NA,NA,NA,NA,NA,NA,NA,NA,0,10.204081632653061,7.142857142857143,41.83673469387755,40.816326530612244,NA,NA,NA,NA,NA,NA,NA,NA,NA,NA,NA,NA,NA,NA
2025-05-28,KXCPICOREYOY-25MAY,477,NA,NA,NA,NA,NA,NA,NA,NA,NA,NA,NA,NA,NA,NA,NA,NA,NA,NA,NA,NA,NA,NA,NA,NA,NA,NA,NA,NA,0,10.204081632653061,7.142857142857143,42.857142857142854,39.795918367346935,NA,NA,NA,NA,NA,NA,NA,NA,NA,NA,NA,NA,NA,NA
2025-05-29,KXCPICOREYOY-25MAY,0,NA,NA,NA,NA,NA,NA,NA,NA,NA,NA,NA,NA,NA,NA,NA,NA,NA,NA,NA,NA,NA,NA,NA,NA,NA,NA,NA,NA,0,10.204081632653061,7.142857142857143,42.857142857142854,39.795918367346935,NA,NA,NA,NA,NA,NA,NA,NA,NA,NA,NA,NA,NA,NA
2025-05-30,KXCPICOREYOY-25MAY,0,NA,NA,NA,NA,NA,NA,NA,NA,NA,NA,NA,NA,NA,NA,NA,NA,NA,NA,NA,NA,NA,NA,NA,NA,NA,NA,NA,NA,0,10.204081632653061,7.142857142857143,42.857142857142854,39.795918367346935,NA,NA,NA,NA,NA,NA,NA,NA,NA,NA,NA,NA,NA,NA
2025-05-31,KXCPICOREYOY-25MAY,400,NA,NA,NA,NA,NA,NA,NA,NA,NA,NA,NA,NA,NA,NA,NA,NA,NA,NA,NA,NA,NA,NA,NA,NA,NA,NA,NA,NA,0,10.204081632653061,7.142857142857143,44.89795918367347,37.755102040816325,NA,NA,NA,NA,NA,NA,NA,NA,NA,NA,NA,NA,NA,NA
2025-06-01,KXCPICOREYOY-25MAY,267,NA,NA,NA,NA,NA,NA,NA,NA,NA,NA,NA,NA,NA,NA,NA,NA,NA,NA,NA,NA,NA,NA,NA,NA,NA,NA,NA,NA,0,10.204081632653061,12.244897959183673,48.97959183673469,26.530612244897956,2.0408163265306123,0,0,0,NA,NA,NA,NA,NA,NA,NA,NA,NA,NA
2025-06-02,KXCPICOREYOY-25MAY,484,NA,NA,NA,NA,NA,NA,NA,NA,NA,NA,NA,NA,NA,NA,NA,NA,NA,NA,NA,NA,NA,NA,NA,NA,NA,NA,NA,NA,0,10.204081632653061,8.16326530612245,47.95918367346939,32.6530612244898,1.0204081632653061,0,0,0,NA,NA,NA,NA,NA,NA,NA,NA,NA,NA
2025-06-03,KXCPICOREYOY-25MAY,187,NA,NA,NA,NA,NA,NA,NA,NA,NA,NA,NA,NA,NA,NA,NA,NA,NA,NA,NA,NA,NA,NA,NA,NA,NA,NA,NA,NA,0,10.204081632653061,8.16326530612245,50,26.53061224489796,4.081632653061225,1.0204081632653061,0,0,NA,NA,NA,NA,NA,NA,NA,NA,NA,NA
2025-06-04,KXCPICOREYOY-25MAY,20,NA,NA,NA,NA,NA,NA,NA,NA,NA,NA,NA,NA,NA,NA,NA,NA,NA,NA,NA,NA,NA,NA,NA,NA,NA,NA,NA,NA,0,10.204081632653061,8.16326530612245,52.04081632653061,24.489795918367346,4.081632653061225,1.0204081632653061,0,0,NA,NA,NA,NA,NA,NA,NA,NA,NA,NA
2025-06-05,KXCPICOREYOY-25MAY,0,NA,NA,NA,NA,NA,NA,NA,NA,NA,NA,NA,NA,NA,NA,NA,NA,NA,NA,NA,NA,NA,NA,NA,NA,NA,NA,NA,NA,0,10.204081632653061,8.16326530612245,52.04081632653061,24.489795918367346,4.081632653061225,1.0204081632653061,0,0,NA,NA,NA,NA,NA,NA,NA,NA,NA,NA
2025-06-06,KXCPICOREYOY-25MAY,787,NA,NA,NA,NA,NA,NA,NA,NA,NA,NA,NA,NA,NA,NA,NA,NA,NA,NA,NA,NA,NA,NA,NA,NA,NA,NA,NA,NA,0,10.204081632653061,12.244897959183673,50,22.44897959183674,4.081632653061225,1.0204081632653061,0,0,NA,NA,NA,NA,NA,NA,NA,NA,NA,NA
2025-06-07,KXCPICOREYOY-25MAY,1287,NA,NA,NA,NA,NA,NA,NA,NA,NA,NA,NA,NA,NA,NA,NA,NA,NA,NA,NA,NA,NA,NA,NA,NA,NA,NA,NA,NA,0,10.204081632653061,13.26530612244898,46.93877551020408,24.489795918367346,4.081632653061225,1.0204081632653061,0,0,NA,NA,NA,NA,NA,NA,NA,NA,NA,NA
2025-06-08,KXCPICOREYOY-25MAY,275,NA,NA,NA,NA,NA,NA,NA,NA,NA,NA,NA,NA,NA,NA,NA,NA,NA,NA,NA,NA,NA,NA,NA,NA,NA,NA,NA,NA,5.1020408163265305,5.1020408163265305,13.26530612244898,52.04081632653061,19.387755102040817,4.081632653061225,1.0204081632653061,0,0,NA,NA,NA,NA,NA,NA,NA,NA,NA,NA
2025-06-09,KXCPICOREYOY-25MAY,3611,NA,NA,NA,NA,NA,NA,NA,NA,NA,NA,NA,NA,NA,NA,NA,NA,NA,NA,NA,NA,NA,NA,NA,NA,NA,NA,NA,NA,5.1020408163265305,5.1020408163265305,26.53061224489796,44.89795918367347,13.26530612244898,5.1020408163265305,0,0,0,NA,NA,NA,NA,NA,NA,NA,NA,NA,NA
2025-06-10,KXCPICOREYOY-25MAY,1109,NA,NA,NA,NA,NA,NA,NA,NA,NA,NA,NA,NA,NA,NA,NA,NA,NA,NA,NA,NA,NA,NA,NA,NA,NA,NA,NA,NA,0,6.122448979591836,21.428571428571427,56.12244897959184,11.224489795918368,5.1020408163265305,0,0,0,NA,NA,NA,NA,NA,NA,NA,NA,NA,NA
2025-06-11,KXCPICOREYOY-25MAY,1385,NA,NA,NA,NA,NA,NA,NA,NA,NA,NA,NA,NA,NA,NA,NA,NA,NA,NA,NA,NA,NA,NA,NA,NA,NA,NA,NA,NA,0,3.061224489795918,24.489795918367346,60.204081632653065,7.142857142857143,5.1020408163265305,0,0,0,NA,NA,NA,NA,NA,NA,NA,NA,NA,NA
2025-06-15,KXCPICOREYOY-25JUN,665,NA,NA,NA,NA,NA,NA,NA,NA,NA,NA,NA,NA,NA,NA,NA,NA,NA,NA,NA,NA,NA,NA,NA,NA,NA,NA,NA,NA,NA,6.122448979591836,29.591836734693878,43.87755102040816,13.26530612244898,7.142857142857143,0,0,NA,NA,NA,NA,NA,NA,NA,NA,NA,NA,NA
2025-06-16,KXCPICOREYOY-25JUN,0,NA,NA,NA,NA,NA,NA,NA,NA,NA,NA,NA,NA,NA,NA,NA,NA,NA,NA,NA,NA,NA,NA,NA,NA,NA,NA,NA,NA,NA,6.122448979591836,29.591836734693878,43.87755102040816,13.26530612244898,7.142857142857143,0,0,NA,NA,NA,NA,NA,NA,NA,NA,NA,NA,NA
2025-06-17,KXCPICOREYOY-25JUN,108,NA,NA,NA,NA,NA,NA,NA,NA,NA,NA,NA,NA,NA,NA,NA,NA,NA,NA,NA,NA,NA,NA,NA,NA,NA,NA,NA,NA,NA,6.122448979591836,21.428571428571427,37.755102040816325,27.551020408163264,7.142857142857143,0,0,NA,NA,NA,NA,NA,NA,NA,NA,NA,NA,NA
2025-06-18,KXCPICOREYOY-25JUN,0,NA,NA,NA,NA,NA,NA,NA,NA,NA,NA,NA,NA,NA,NA,NA,NA,NA,NA,NA,NA,NA,NA,NA,NA,NA,NA,NA,NA,NA,6.122448979591836,21.428571428571427,37.755102040816325,27.551020408163264,7.142857142857143,0,0,NA,NA,NA,NA,NA,NA,NA,NA,NA,NA,NA
2025-06-19,KXCPICOREYOY-25JUN,0,NA,NA,NA,NA,NA,NA,NA,NA,NA,NA,NA,NA,NA,NA,NA,NA,NA,NA,NA,NA,NA,NA,NA,NA,NA,NA,NA,NA,NA,6.122448979591836,21.428571428571427,37.755102040816325,27.551020408163264,7.142857142857143,0,0,NA,NA,NA,NA,NA,NA,NA,NA,NA,NA,NA
2025-06-20,KXCPICOREYOY-25JUN,183,NA,NA,NA,NA,NA,NA,NA,NA,NA,NA,NA,NA,NA,NA,NA,NA,NA,NA,NA,NA,NA,NA,NA,NA,NA,NA,NA,NA,NA,6.122448979591836,22.448979591836736,35.714285714285715,28.571428571428573,7.142857142857143,0,0,NA,NA,NA,NA,NA,NA,NA,NA,NA,NA,NA
2025-06-21,KXCPICOREYOY-25JUN,0,NA,NA,NA,NA,NA,NA,NA,NA,NA,NA,NA,NA,NA,NA,NA,NA,NA,NA,NA,NA,NA,NA,NA,NA,NA,NA,NA,NA,NA,6.122448979591836,22.448979591836736,35.714285714285715,28.571428571428573,7.142857142857143,0,0,NA,NA,NA,NA,NA,NA,NA,NA,NA,NA,NA
2025-06-22,KXCPICOREYOY-25JUN,2183,NA,NA,NA,NA,NA,NA,NA,NA,NA,NA,NA,NA,NA,NA,NA,NA,NA,NA,NA,NA,NA,NA,NA,NA,NA,NA,NA,NA,NA,6.122448979591836,33.673469387755105,14.285714285714286,36.734693877551024,3.0612244897959173,1.020408163265307,5.1020408163265305,0,0,NA,NA,NA,NA,NA,NA,NA,NA,NA
2025-06-23,KXCPICOREYOY-25JUN,649,NA,NA,NA,NA,NA,NA,NA,NA,NA,NA,NA,NA,NA,NA,NA,NA,NA,NA,NA,NA,NA,NA,NA,NA,NA,NA,NA,NA,NA,6.122448979591836,33.673469387755105,30.612244897959183,20.408163265306122,3.0612244897959173,1.020408163265307,5.1020408163265305,0,0,NA,NA,NA,NA,NA,NA,NA,NA,NA
2025-06-24,KXCPICOREYOY-25JUN,464,NA,NA,NA,NA,NA,NA,NA,NA,NA,NA,NA,NA,NA,NA,NA,NA,NA,NA,NA,NA,NA,NA,NA,NA,NA,NA,NA,NA,0,9.183673469387756,30.612244897959183,30.612244897959183,20.408163265306122,3.0612244897959173,1.020408163265307,5.1020408163265305,0,0,NA,NA,NA,NA,NA,NA,NA,NA,NA
2025-06-25,KXCPICOREYOY-25JUN,0,NA,NA,NA,NA,NA,NA,NA,NA,NA,NA,NA,NA,NA,NA,NA,NA,NA,NA,NA,NA,NA,NA,NA,NA,NA,NA,NA,NA,0,9.183673469387756,30.612244897959183,30.612244897959183,20.408163265306122,3.0612244897959173,1.020408163265307,5.1020408163265305,0,0,NA,NA,NA,NA,NA,NA,NA,NA,NA
2025-06-26,KXCPICOREYOY-25JUN,52,NA,NA,NA,NA,NA,NA,NA,NA,NA,NA,NA,NA,NA,NA,NA,NA,NA,NA,NA,NA,NA,NA,NA,NA,NA,NA,NA,NA,0,9.183673469387756,30.612244897959183,30.612244897959183,12.244897959183673,11.224489795918368,1.020408163265307,5.1020408163265305,0,0,NA,NA,NA,NA,NA,NA,NA,NA,NA
2025-06-27,KXCPICOREYOY-25JUN,719,NA,NA,NA,NA,NA,NA,NA,NA,NA,NA,NA,NA,NA,NA,NA,NA,NA,NA,NA,NA,NA,NA,NA,NA,NA,NA,NA,NA,0,9.183673469387756,23.46938775510204,37.755102040816325,12.244897959183673,11.224489795918368,1.020408163265307,5.1020408163265305,0,0,NA,NA,NA,NA,NA,NA,NA,NA,NA
2025-06-28,KXCPICOREYOY-25JUN,1722,NA,NA,NA,NA,NA,NA,NA,NA,NA,NA,NA,NA,NA,NA,NA,NA,NA,NA,NA,NA,NA,NA,NA,NA,NA,NA,NA,NA,0,9.183673469387756,41.83673469387755,10.204081632653061,21.428571428571427,11.224489795918368,1.020408163265307,5.1020408163265305,0,0,NA,NA,NA,NA,NA,NA,NA,NA,NA
2025-06-29,KXCPICOREYOY-25JUN,636,NA,NA,NA,NA,NA,NA,NA,NA,NA,NA,NA,NA,NA,NA,NA,NA,NA,NA,NA,NA,NA,NA,NA,NA,NA,NA,NA,NA,0,9.183673469387756,41.83673469387755,16.3265306122449,15.306122448979592,11.224489795918368,1.020408163265307,5.1020408163265305,0,0,NA,NA,NA,NA,NA,NA,NA,NA,NA
2025-06-30,KXCPICOREYOY-25JUN,13,NA,NA,NA,NA,NA,NA,NA,NA,NA,NA,NA,NA,NA,NA,NA,NA,NA,NA,NA,NA,NA,NA,NA,NA,NA,NA,NA,NA,0,9.183673469387756,19.387755102040817,38.775510204081634,15.306122448979592,11.224489795918368,1.020408163265307,5.1020408163265305,0,0,NA,NA,NA,NA,NA,NA,NA,NA,NA
2025-07-01,KXCPICOREYOY-25JUN,2170,NA,NA,NA,NA,NA,NA,NA,NA,NA,NA,NA,NA,NA,NA,NA,NA,NA,NA,NA,NA,NA,NA,NA,NA,NA,NA,NA,NA,0,9.183673469387756,27.551020408163264,29.591836734693878,14.285714285714286,13.26530612244898,1.020408163265307,5.1020408163265305,0,0,NA,NA,NA,NA,NA,NA,NA,NA,NA
2025-07-02,KXCPICOREYOY-25JUN,1904,NA,NA,NA,NA,NA,NA,NA,NA,NA,NA,NA,NA,NA,NA,NA,NA,NA,NA,NA,NA,NA,NA,NA,NA,NA,NA,NA,NA,0,8.16326530612245,30.612244897959183,31.632653061224488,10.204081632653061,13.26530612244898,1.020408163265307,5.1020408163265305,0,0,NA,NA,NA,NA,NA,NA,NA,NA,NA
2025-07-03,KXCPICOREYOY-25JUN,5848,NA,NA,NA,NA,NA,NA,NA,NA,NA,NA,NA,NA,NA,NA,NA,NA,NA,NA,NA,NA,NA,NA,NA,NA,NA,NA,NA,NA,0,8.16326530612245,30.612244897959183,20.408163265306122,25.510204081632654,9.183673469387756,1.020408163265307,5.1020408163265305,0,0,NA,NA,NA,NA,NA,NA,NA,NA,NA
2025-07-04,KXCPICOREYOY-25JUN,4755,NA,NA,NA,NA,NA,NA,NA,NA,NA,NA,NA,NA,NA,NA,NA,NA,NA,NA,NA,NA,NA,NA,NA,NA,NA,NA,NA,NA,0,8.16326530612245,30.612244897959183,20.408163265306122,26.53061224489796,10.204081632653061,4.081632653061225,0,0,0,NA,NA,NA,NA,NA,NA,NA,NA,NA
2025-07-05,KXCPICOREYOY-25JUN,5260,NA,NA,NA,NA,NA,NA,NA,NA,NA,NA,NA,NA,NA,NA,NA,NA,NA,NA,NA,NA,NA,NA,NA,NA,NA,NA,NA,NA,7.142857142857143,1.0204081632653061,21.428571428571427,39.795918367346935,17.346938775510203,9.183673469387758,4.081632653061225,0,0,0,NA,NA,NA,NA,NA,NA,NA,NA,NA
2025-07-06,KXCPICOREYOY-25JUN,459,NA,NA,NA,NA,NA,NA,NA,NA,NA,NA,NA,NA,NA,NA,NA,NA,NA,NA,NA,NA,NA,NA,NA,NA,NA,NA,NA,NA,7.142857142857143,1.0204081632653061,16.3265306122449,44.89795918367347,19.387755102040817,7.142857142857143,4.081632653061225,0,0,0,NA,NA,NA,NA,NA,NA,NA,NA,NA
2025-07-07,KXCPICOREYOY-25JUN,13223,NA,NA,NA,NA,NA,NA,NA,NA,NA,NA,NA,NA,NA,NA,NA,NA,NA,NA,NA,NA,NA,NA,NA,NA,NA,NA,NA,NA,7.142857142857143,1.0204081632653061,17.346938775510203,54.08163265306123,9.183673469387756,7.142857142857143,4.081632653061225,0,0,0,NA,NA,NA,NA,NA,NA,NA,NA,NA
2025-07-08,KXCPICOREYOY-25JUN,518,NA,NA,NA,NA,NA,NA,NA,NA,NA,NA,NA,NA,NA,NA,NA,NA,NA,NA,NA,NA,NA,NA,NA,NA,NA,NA,NA,NA,7.142857142857143,1.0204081632653061,24.489795918367346,33.673469387755105,23.46938775510204,6.122448979591836,4.081632653061225,0,0,0,NA,NA,NA,NA,NA,NA,NA,NA,NA
2025-07-09,KXCPICOREYOY-25JUN,212,NA,NA,NA,NA,NA,NA,NA,NA,NA,NA,NA,NA,NA,NA,NA,NA,NA,NA,NA,NA,NA,NA,NA,NA,NA,NA,NA,NA,7.142857142857143,1.0204081632653061,24.489795918367346,34.69387755102041,21.428571428571427,3.061224489795918,4.081632653061225,4.081632653061225,0,0,NA,NA,NA,NA,NA,NA,NA,NA,NA
2025-07-10,KXCPICOREYOY-25JUN,3341,NA,NA,NA,NA,NA,NA,NA,NA,NA,NA,NA,NA,NA,NA,NA,NA,NA,NA,NA,NA,NA,NA,NA,NA,NA,NA,NA,NA,7.142857142857143,1.0204081632653061,22.448979591836736,33.673469387755105,24.489795918367346,3.061224489795918,4.081632653061225,4.081632653061225,0,0,NA,NA,NA,NA,NA,NA,NA,NA,NA
2025-07-11,KXCPICOREYOY-25JUN,571,NA,NA,NA,NA,NA,NA,NA,NA,NA,NA,NA,NA,NA,NA,NA,NA,NA,NA,NA,NA,NA,NA,NA,NA,NA,NA,NA,NA,0,6.122448979591836,20.408163265306122,43.87755102040816,18.367346938775512,3.061224489795918,4.081632653061225,4.081632653061225,0,0,NA,NA,NA,NA,NA,NA,NA,NA,NA
2025-07-12,KXCPICOREYOY-25JUN,878,NA,NA,NA,NA,NA,NA,NA,NA,NA,NA,NA,NA,NA,NA,NA,NA,NA,NA,NA,NA,NA,NA,NA,NA,NA,NA,NA,NA,7.142857142857143,7.142857142857143,13.26530612244898,45.91836734693877,15.306122448979592,3.061224489795918,4.081632653061225,4.081632653061225,0,0,NA,NA,NA,NA,NA,NA,NA,NA,NA
2025-07-13,KXCPICOREYOY-25JUL,0,NA,NA,NA,NA,NA,NA,NA,NA,NA,NA,NA,NA,NA,NA,NA,NA,NA,NA,NA,NA,NA,NA,NA,NA,NA,NA,NA,NA,NA,6.122448979591836,9.183673469387756,21.428571428571427,26.53061224489796,26.53061224489796,10.204081632653061,NA,NA,NA,NA,NA,NA,NA,NA,NA,NA,NA,NA
2025-07-13,KXCPICOREYOY-25JUN,933,NA,NA,NA,NA,NA,NA,NA,NA,NA,NA,NA,NA,NA,NA,NA,NA,NA,NA,NA,NA,NA,NA,NA,NA,NA,NA,NA,NA,0,6.122448979591836,21.428571428571427,45.91836734693877,15.306122448979592,3.061224489795918,4.081632653061225,4.081632653061225,0,0,NA,NA,NA,NA,NA,NA,NA,NA,NA
2025-07-14,KXCPICOREYOY-25JUL,20,NA,NA,NA,NA,NA,NA,NA,NA,NA,NA,NA,NA,NA,NA,NA,NA,NA,NA,NA,NA,NA,NA,NA,NA,NA,NA,NA,NA,NA,6.122448979591836,9.183673469387756,21.428571428571427,26.53061224489796,25.510204081632654,11.224489795918368,NA,NA,NA,NA,NA,NA,NA,NA,NA,NA,NA,NA
2025-07-14,KXCPICOREYOY-25JUN,7041,NA,NA,NA,NA,NA,NA,NA,NA,NA,NA,NA,NA,NA,NA,NA,NA,NA,NA,NA,NA,NA,NA,NA,NA,NA,NA,NA,NA,0,7.142857142857143,17.346938775510203,46.93877551020408,16.326530612244895,6.1224489795918355,2.040816326530613,4.081632653061225,0,0,NA,NA,NA,NA,NA,NA,NA,NA,NA
2025-07-15,KXCPICOREYOY-25JUL,3588,NA,NA,NA,NA,NA,NA,NA,NA,NA,NA,NA,NA,NA,NA,NA,NA,NA,NA,NA,NA,NA,NA,NA,NA,NA,NA,NA,NA,NA,6.122448979591836,3.061224489795918,17.346938775510203,27.551020408163264,26.53061224489796,19.387755102040817,NA,NA,NA,NA,NA,NA,NA,NA,NA,NA,NA,NA
2025-07-15,KXCPICOREYOY-25JUN,7900,NA,NA,NA,NA,NA,NA,NA,NA,NA,NA,NA,NA,NA,NA,NA,NA,NA,NA,NA,NA,NA,NA,NA,NA,NA,NA,NA,NA,0,6.122448979591836,15.306122448979592,46.93877551020408,26.53061224489796,1.0204081632653061,4.081632653061225,0,0,0,NA,NA,NA,NA,NA,NA,NA,NA,NA
2025-07-16,KXCPICOREYOY-25JUL,4791,NA,NA,NA,NA,NA,NA,NA,NA,NA,NA,NA,NA,NA,NA,NA,NA,NA,NA,NA,NA,NA,NA,NA,NA,NA,NA,NA,NA,NA,6.122448979591836,4.081632653061225,15.306122448979592,28.571428571428573,19.387755102040817,26.53061224489796,NA,NA,NA,NA,NA,NA,NA,NA,NA,NA,NA,NA
2025-07-17,KXCPICOREYOY-25JUL,2698,NA,NA,NA,NA,NA,NA,NA,NA,NA,NA,NA,NA,NA,NA,NA,NA,NA,NA,NA,NA,NA,NA,NA,NA,NA,NA,NA,NA,NA,6.122448979591836,4.081632653061225,15.306122448979592,21.428571428571427,26.53061224489796,20.408163265306122,6.122448979591838,NA,NA,NA,NA,NA,NA,NA,NA,NA,NA,NA
2025-07-18,KXCPICOREYOY-25JUL,545,NA,NA,NA,NA,NA,NA,NA,NA,NA,NA,NA,NA,NA,NA,NA,NA,NA,NA,NA,NA,NA,NA,NA,NA,NA,NA,NA,NA,NA,6.122448979591836,2.0408163265306123,11.224489795918368,32.6530612244898,26.53061224489796,15.306122448979592,6.122448979591838,NA,NA,NA,NA,NA,NA,NA,NA,NA,NA,NA
2025-07-19,KXCPICOREYOY-25JUL,53,NA,NA,NA,NA,NA,NA,NA,NA,NA,NA,NA,NA,NA,NA,NA,NA,NA,NA,NA,NA,NA,NA,NA,NA,NA,NA,NA,NA,NA,6.122448979591836,2.0408163265306123,11.224489795918368,26.53061224489796,32.6530612244898,15.306122448979592,6.122448979591838,NA,NA,NA,NA,NA,NA,NA,NA,NA,NA,NA
2025-07-20,KXCPICOREYOY-25JUL,0,NA,NA,NA,NA,NA,NA,NA,NA,NA,NA,NA,NA,NA,NA,NA,NA,NA,NA,NA,NA,NA,NA,NA,NA,NA,NA,NA,NA,NA,6.122448979591836,2.0408163265306123,11.224489795918368,26.53061224489796,32.6530612244898,15.306122448979592,6.122448979591838,NA,NA,NA,NA,NA,NA,NA,NA,NA,NA,NA
2025-07-21,KXCPICOREYOY-25JUL,2027,NA,NA,NA,NA,NA,NA,NA,NA,NA,NA,NA,NA,NA,NA,NA,NA,NA,NA,NA,NA,NA,NA,NA,NA,NA,NA,NA,NA,NA,0,6.122448979591836,16.3265306122449,23.46938775510204,32.6530612244898,15.306122448979592,6.122448979591838,NA,NA,NA,NA,NA,NA,NA,NA,NA,NA,NA
2025-07-22,KXCPICOREYOY-25JUL,155,NA,NA,NA,NA,NA,NA,NA,NA,NA,NA,NA,NA,NA,NA,NA,NA,NA,NA,NA,NA,NA,NA,NA,NA,NA,NA,NA,NA,NA,6.122448979591836,4.081632653061225,7.142857142857143,28.571428571428573,32.6530612244898,15.306122448979592,6.122448979591838,NA,NA,NA,NA,NA,NA,NA,NA,NA,NA,NA
2025-07-23,KXCPICOREYOY-25JUL,768,NA,NA,NA,NA,NA,NA,NA,NA,NA,NA,NA,NA,NA,NA,NA,NA,NA,NA,NA,NA,NA,NA,NA,NA,NA,NA,NA,NA,NA,6.122448979591836,4.081632653061225,8.16326530612245,27.551020408163264,34.69387755102041,13.26530612244898,6.122448979591838,NA,NA,NA,NA,NA,NA,NA,NA,NA,NA,NA
2025-07-24,KXCPICOREYOY-25JUL,1221,NA,NA,NA,NA,NA,NA,NA,NA,NA,NA,NA,NA,NA,NA,NA,NA,NA,NA,NA,NA,NA,NA,NA,NA,NA,NA,NA,NA,NA,6.122448979591836,4.081632653061225,14.285714285714286,26.53061224489796,30.612244897959183,12.244897959183673,6.122448979591838,NA,NA,NA,NA,NA,NA,NA,NA,NA,NA,NA
2025-07-25,KXCPICOREYOY-25JUL,57,NA,NA,NA,NA,NA,NA,NA,NA,NA,NA,NA,NA,NA,NA,NA,NA,NA,NA,NA,NA,NA,NA,NA,NA,NA,NA,NA,NA,NA,6.122448979591836,4.081632653061225,14.285714285714286,21.428571428571427,35.714285714285715,12.244897959183673,6.122448979591838,NA,NA,NA,NA,NA,NA,NA,NA,NA,NA,NA
2025-07-26,KXCPICOREYOY-25JUL,0,NA,NA,NA,NA,NA,NA,NA,NA,NA,NA,NA,NA,NA,NA,NA,NA,NA,NA,NA,NA,NA,NA,NA,NA,NA,NA,NA,NA,NA,6.122448979591836,4.081632653061225,14.285714285714286,21.428571428571427,35.714285714285715,12.244897959183673,6.122448979591838,NA,NA,NA,NA,NA,NA,NA,NA,NA,NA,NA
2025-07-27,KXCPICOREYOY-25JUL,1001,NA,NA,NA,NA,NA,NA,NA,NA,NA,NA,NA,NA,NA,NA,NA,NA,NA,NA,NA,NA,NA,NA,NA,NA,NA,NA,NA,NA,NA,6.122448979591836,4.081632653061225,14.285714285714286,22.448979591836736,38.775510204081634,8.163265306122447,6.122448979591838,NA,NA,NA,NA,NA,NA,NA,NA,NA,NA,NA
2025-07-28,KXCPICOREYOY-25JUL,18,NA,NA,NA,NA,NA,NA,NA,NA,NA,NA,NA,NA,NA,NA,NA,NA,NA,NA,NA,NA,NA,NA,NA,NA,NA,NA,NA,NA,NA,6.122448979591836,4.081632653061225,14.285714285714286,25.510204081632654,35.714285714285715,8.163265306122447,6.122448979591838,NA,NA,NA,NA,NA,NA,NA,NA,NA,NA,NA
2025-07-29,KXCPICOREYOY-25JUL,1020,NA,NA,NA,NA,NA,NA,NA,NA,NA,NA,NA,NA,NA,NA,NA,NA,NA,NA,NA,NA,NA,NA,NA,NA,NA,NA,NA,NA,NA,6.122448979591836,4.081632653061225,6.122448979591836,32.6530612244898,37.755102040816325,7.142857142857144,6.122448979591838,NA,NA,NA,NA,NA,NA,NA,NA,NA,NA,NA
2025-07-30,KXCPICOREYOY-25JUL,3520,NA,NA,NA,NA,NA,NA,NA,NA,NA,NA,NA,NA,NA,NA,NA,NA,NA,NA,NA,NA,NA,NA,NA,NA,NA,NA,NA,NA,NA,6.122448979591836,4.081632653061225,13.26530612244898,38.775510204081634,23.46938775510204,8.163265306122447,6.122448979591838,NA,NA,NA,NA,NA,NA,NA,NA,NA,NA,NA
2025-07-31,KXCPICOREYOY-25JUL,546,NA,NA,NA,NA,NA,NA,NA,NA,NA,NA,NA,NA,NA,NA,NA,NA,NA,NA,NA,NA,NA,NA,NA,NA,NA,NA,NA,NA,NA,0,4.081632653061225,9.183673469387756,33.673469387755105,41.83673469387755,5.10204081632653,6.122448979591838,NA,NA,NA,NA,NA,NA,NA,NA,NA,NA,NA
2025-08-01,KXCPICOREYOY-25JUL,836,NA,NA,NA,NA,NA,NA,NA,NA,NA,NA,NA,NA,NA,NA,NA,NA,NA,NA,NA,NA,NA,NA,NA,NA,NA,NA,NA,NA,NA,6.122448979591836,4.081632653061225,9.183673469387756,30.612244897959183,38.775510204081634,5.10204081632653,6.122448979591838,NA,NA,NA,NA,NA,NA,NA,NA,NA,NA,NA
2025-08-02,KXCPICOREYOY-25JUL,4305,NA,NA,NA,NA,NA,NA,NA,NA,NA,NA,NA,NA,NA,NA,NA,NA,NA,NA,NA,NA,NA,NA,NA,NA,NA,NA,NA,NA,NA,6.122448979591836,4.081632653061225,6.122448979591836,35.714285714285715,36.734693877551024,5.10204081632653,6.122448979591838,NA,NA,NA,NA,NA,NA,NA,NA,NA,NA,NA
2025-08-03,KXCPICOREYOY-25JUL,1033,NA,NA,NA,NA,NA,NA,NA,NA,NA,NA,NA,NA,NA,NA,NA,NA,NA,NA,NA,NA,NA,NA,NA,NA,NA,NA,NA,NA,NA,6.122448979591836,4.081632653061225,6.122448979591836,36.734693877551024,35.714285714285715,5.10204081632653,6.122448979591838,NA,NA,NA,NA,NA,NA,NA,NA,NA,NA,NA
2025-08-04,KXCPICOREYOY-25JUL,8470,NA,NA,NA,NA,NA,NA,NA,NA,NA,NA,NA,NA,NA,NA,NA,NA,NA,NA,NA,NA,NA,NA,NA,NA,NA,NA,NA,NA,NA,6.122448979591836,1.0204081632653061,10.204081632653061,35.714285714285715,29.591836734693878,11.224489795918368,6.122448979591838,NA,NA,NA,NA,NA,NA,NA,NA,NA,NA,NA
2025-08-05,KXCPICOREYOY-25JUL,6635,NA,NA,NA,NA,NA,NA,NA,NA,NA,NA,NA,NA,NA,NA,NA,NA,NA,NA,NA,NA,NA,NA,NA,NA,NA,NA,NA,NA,NA,0,3.061224489795918,14.285714285714286,40.816326530612244,28.571428571428573,7.142857142857144,6.122448979591838,NA,NA,NA,NA,NA,NA,NA,NA,NA,NA,NA
2025-08-06,KXCPICOREYOY-25JUL,1688,NA,NA,NA,NA,NA,NA,NA,NA,NA,NA,NA,NA,NA,NA,NA,NA,NA,NA,NA,NA,NA,NA,NA,NA,NA,NA,NA,NA,NA,0,3.061224489795918,14.285714285714286,35.714285714285715,37.755102040816325,3.0612244897959173,6.122448979591838,NA,NA,NA,NA,NA,NA,NA,NA,NA,NA,NA
2025-08-07,KXCPICOREYOY-25JUL,1930,NA,NA,NA,NA,NA,NA,NA,NA,NA,NA,NA,NA,NA,NA,NA,NA,NA,NA,NA,NA,NA,NA,NA,NA,NA,NA,NA,NA,NA,4.081632653061225,2.0408163265306123,11.224489795918368,40.816326530612244,31.632653061224488,4.081632653061224,6.122448979591838,NA,NA,NA,NA,NA,NA,NA,NA,NA,NA,NA
2025-08-08,KXCPICOREYOY-25JUL,2797,NA,NA,NA,NA,NA,NA,NA,NA,NA,NA,NA,NA,NA,NA,NA,NA,NA,NA,NA,NA,NA,NA,NA,NA,NA,NA,NA,NA,NA,0,1.0204081632653061,16.3265306122449,41.83673469387755,36.734693877551024,4.081632653061225,0,NA,NA,NA,NA,NA,NA,NA,NA,NA,NA,NA
2025-08-09,KXCPICOREYOY-25JUL,2023,NA,NA,NA,NA,NA,NA,NA,NA,NA,NA,NA,NA,NA,NA,NA,NA,NA,NA,NA,NA,NA,NA,NA,NA,NA,NA,NA,NA,NA,0,1.0204081632653061,12.244897959183673,51.02040816326531,31.632653061224488,4.081632653061225,0,NA,NA,NA,NA,NA,NA,NA,NA,NA,NA,NA
2025-08-10,KXCPICOREYOY-25JUL,61,NA,NA,NA,NA,NA,NA,NA,NA,NA,NA,NA,NA,NA,NA,NA,NA,NA,NA,NA,NA,NA,NA,NA,NA,NA,NA,NA,NA,NA,4.081632653061225,2.0408163265306123,9.183673469387756,41.83673469387755,34.69387755102041,2.0408163265306114,6.122448979591838,NA,NA,NA,NA,NA,NA,NA,NA,NA,NA,NA
2025-08-11,KXCPICOREYOY-25JUL,7380,NA,NA,NA,NA,NA,NA,NA,NA,NA,NA,NA,NA,NA,NA,NA,NA,NA,NA,NA,NA,NA,NA,NA,NA,NA,NA,NA,NA,NA,4.081632653061225,1.0204081632653061,4.081632653061225,33.67346938775511,49.99999999999999,7.142857142857143,0,NA,NA,NA,NA,NA,NA,NA,NA,NA,NA,NA
2025-08-12,KXCPICOREYOY-25AUG,3215,NA,NA,NA,NA,NA,NA,NA,NA,NA,NA,NA,NA,NA,NA,NA,NA,NA,NA,NA,NA,NA,NA,NA,NA,NA,NA,NA,NA,NA,5.1020408163265305,7.142857142857143,5.1020408163265305,18.367346938775512,41.83673469387755,10.204081632653061,7.142857142857143,5.1020408163265305,NA,NA,NA,NA,NA,NA,NA,NA,NA,NA
2025-08-12,KXCPICOREYOY-25JUL,21684,NA,NA,NA,NA,NA,NA,NA,NA,NA,NA,NA,NA,NA,NA,NA,NA,NA,NA,NA,NA,NA,NA,NA,NA,NA,NA,NA,NA,NA,0,4.081632653061225,5.1020408163265305,42.857142857142854,39.795918367346935,4.081632653061225,4.081632653061225,NA,NA,NA,NA,NA,NA,NA,NA,NA,NA,NA
2025-08-13,KXCPICOREYOY-25AUG,1325,NA,NA,NA,NA,NA,NA,NA,NA,NA,NA,NA,NA,NA,NA,NA,NA,NA,NA,NA,NA,NA,NA,NA,NA,NA,NA,NA,NA,NA,0,4.081632653061225,12.244897959183673,21.428571428571427,34.69387755102041,13.265306122448985,11.224489795918368,3.061224489795918,NA,NA,NA,NA,NA,NA,NA,NA,NA,NA
2025-08-14,KXCPICOREYOY-25AUG,63,NA,NA,NA,NA,NA,NA,NA,NA,NA,NA,NA,NA,NA,NA,NA,NA,NA,NA,NA,NA,NA,NA,NA,NA,NA,NA,NA,NA,NA,0,4.081632653061225,8.16326530612245,25.510204081632654,39.795918367346935,8.16326530612245,11.224489795918368,3.061224489795918,NA,NA,NA,NA,NA,NA,NA,NA,NA,NA
2025-08-15,KXCPICOREYOY-25AUG,0,NA,NA,NA,NA,NA,NA,NA,NA,NA,NA,NA,NA,NA,NA,NA,NA,NA,NA,NA,NA,NA,NA,NA,NA,NA,NA,NA,NA,NA,0,4.081632653061225,8.16326530612245,25.510204081632654,39.795918367346935,8.16326530612245,11.224489795918368,3.061224489795918,NA,NA,NA,NA,NA,NA,NA,NA,NA,NA
2025-08-16,KXCPICOREYOY-25AUG,0,NA,NA,NA,NA,NA,NA,NA,NA,NA,NA,NA,NA,NA,NA,NA,NA,NA,NA,NA,NA,NA,NA,NA,NA,NA,NA,NA,NA,NA,0,4.081632653061225,8.16326530612245,25.510204081632654,39.795918367346935,8.16326530612245,11.224489795918368,3.061224489795918,NA,NA,NA,NA,NA,NA,NA,NA,NA,NA
2025-08-17,KXCPICOREYOY-25AUG,10,NA,NA,NA,NA,NA,NA,NA,NA,NA,NA,NA,NA,NA,NA,NA,NA,NA,NA,NA,NA,NA,NA,NA,NA,NA,NA,NA,NA,NA,0,4.081632653061225,8.16326530612245,24.489795918367346,40.816326530612244,8.16326530612245,11.224489795918368,3.061224489795918,NA,NA,NA,NA,NA,NA,NA,NA,NA,NA
2025-08-18,KXCPICOREYOY-25AUG,0,NA,NA,NA,NA,NA,NA,NA,NA,NA,NA,NA,NA,NA,NA,NA,NA,NA,NA,NA,NA,NA,NA,NA,NA,NA,NA,NA,NA,NA,0,4.081632653061225,8.16326530612245,24.489795918367346,40.816326530612244,8.16326530612245,11.224489795918368,3.061224489795918,NA,NA,NA,NA,NA,NA,NA,NA,NA,NA
2025-08-19,KXCPICOREYOY-25AUG,0,NA,NA,NA,NA,NA,NA,NA,NA,NA,NA,NA,NA,NA,NA,NA,NA,NA,NA,NA,NA,NA,NA,NA,NA,NA,NA,NA,NA,NA,0,4.081632653061225,8.16326530612245,24.489795918367346,40.816326530612244,8.16326530612245,11.224489795918368,3.061224489795918,NA,NA,NA,NA,NA,NA,NA,NA,NA,NA
2025-08-20,KXCPICOREYOY-25AUG,80,NA,NA,NA,NA,NA,NA,NA,NA,NA,NA,NA,NA,NA,NA,NA,NA,NA,NA,NA,NA,NA,NA,NA,NA,NA,NA,NA,NA,NA,0,4.081632653061225,8.16326530612245,24.489795918367346,34.69387755102041,18.367346938775505,7.142857142857143,3.061224489795918,NA,NA,NA,NA,NA,NA,NA,NA,NA,NA
2025-08-21,KXCPICOREYOY-25AUG,750,NA,NA,NA,NA,NA,NA,NA,NA,NA,NA,NA,NA,NA,NA,NA,NA,NA,NA,NA,NA,NA,NA,NA,NA,NA,NA,NA,NA,NA,0,2.0408163265306123,8.16326530612245,26.53061224489796,34.69387755102041,18.367346938775505,7.142857142857143,3.061224489795918,NA,NA,NA,NA,NA,NA,NA,NA,NA,NA
2025-08-22,KXCPICOREYOY-25AUG,872,NA,NA,NA,NA,NA,NA,NA,NA,NA,NA,NA,NA,NA,NA,NA,NA,NA,NA,NA,NA,NA,NA,NA,NA,NA,NA,NA,NA,NA,0,2.0408163265306123,8.16326530612245,26.53061224489796,34.69387755102041,18.367346938775505,9.183673469387756,1.0204081632653061,NA,NA,NA,NA,NA,NA,NA,NA,NA,NA
2025-08-23,KXCPICOREYOY-25AUG,416,NA,NA,NA,NA,NA,NA,NA,NA,NA,NA,NA,NA,NA,NA,NA,NA,NA,NA,NA,NA,NA,NA,NA,NA,NA,NA,NA,NA,NA,0,2.0408163265306123,8.16326530612245,26.53061224489796,35.714285714285715,18.367346938775515,6.122448979591836,3.061224489795918,NA,NA,NA,NA,NA,NA,NA,NA,NA,NA
2025-08-24,KXCPICOREYOY-25AUG,198,NA,NA,NA,NA,NA,NA,NA,NA,NA,NA,NA,NA,NA,NA,NA,NA,NA,NA,NA,NA,NA,NA,NA,NA,NA,NA,NA,NA,NA,0,4.081632653061225,10.204081632653061,30.612244897959176,27.55102040816327,18.367346938775515,6.122448979591836,3.061224489795918,NA,NA,NA,NA,NA,NA,NA,NA,NA,NA
2025-08-25,KXCPICOREYOY-25AUG,37,NA,NA,NA,NA,NA,NA,NA,NA,NA,NA,NA,NA,NA,NA,NA,NA,NA,NA,NA,NA,NA,NA,NA,NA,NA,NA,NA,NA,NA,0,4.081632653061225,10.204081632653061,28.57142857142858,29.591836734693867,18.367346938775515,6.122448979591836,3.061224489795918,NA,NA,NA,NA,NA,NA,NA,NA,NA,NA
2025-08-26,KXCPICOREYOY-25AUG,450,NA,NA,NA,NA,NA,NA,NA,NA,NA,NA,NA,NA,NA,NA,NA,NA,NA,NA,NA,NA,NA,NA,NA,NA,NA,NA,NA,NA,NA,0,7.142857142857143,4.081632653061225,24.489795918367346,36.734693877551024,14.285714285714288,8.163265306122451,5.1020408163265305,NA,NA,NA,NA,NA,NA,NA,NA,NA,NA
2025-08-27,KXCPICOREYOY-25AUG,62,NA,NA,NA,NA,NA,NA,NA,NA,NA,NA,NA,NA,NA,NA,NA,NA,NA,NA,NA,NA,NA,NA,NA,NA,NA,NA,NA,NA,NA,0,7.142857142857143,4.081632653061225,24.489795918367346,36.734693877551024,14.285714285714288,8.163265306122451,5.1020408163265305,NA,NA,NA,NA,NA,NA,NA,NA,NA,NA
2025-08-28,KXCPICOREYOY-25AUG,0,NA,NA,NA,NA,NA,NA,NA,NA,NA,NA,NA,NA,NA,NA,NA,NA,NA,NA,NA,NA,NA,NA,NA,NA,NA,NA,NA,NA,NA,0,7.142857142857143,4.081632653061225,24.489795918367346,36.734693877551024,14.285714285714288,8.163265306122451,5.1020408163265305,NA,NA,NA,NA,NA,NA,NA,NA,NA,NA
2025-08-29,KXCPICOREYOY-25AUG,1413,NA,NA,NA,NA,NA,NA,NA,NA,NA,NA,NA,NA,NA,NA,NA,NA,NA,NA,NA,NA,NA,NA,NA,NA,NA,NA,NA,NA,NA,0,7.142857142857143,10.204081632653061,18.367346938775512,36.734693877551024,19.38775510204082,8.16326530612245,0,NA,NA,NA,NA,NA,NA,NA,NA,NA,NA
2025-08-30,KXCPICOREYOY-25AUG,65,NA,NA,NA,NA,NA,NA,NA,NA,NA,NA,NA,NA,NA,NA,NA,NA,NA,NA,NA,NA,NA,NA,NA,NA,NA,NA,NA,NA,NA,0,7.142857142857143,10.204081632653061,18.367346938775512,35.714285714285715,20.40816326530612,8.16326530612245,0,NA,NA,NA,NA,NA,NA,NA,NA,NA,NA
2025-08-31,KXCPICOREYOY-25AUG,0,NA,NA,NA,NA,NA,NA,NA,NA,NA,NA,NA,NA,NA,NA,NA,NA,NA,NA,NA,NA,NA,NA,NA,NA,NA,NA,NA,NA,NA,0,7.142857142857143,10.204081632653061,18.367346938775512,35.714285714285715,20.40816326530612,8.16326530612245,0,NA,NA,NA,NA,NA,NA,NA,NA,NA,NA
2025-09-01,KXCPICOREYOY-25AUG,99,NA,NA,NA,NA,NA,NA,NA,NA,NA,NA,NA,NA,NA,NA,NA,NA,NA,NA,NA,NA,NA,NA,NA,NA,NA,NA,NA,NA,NA,0,7.142857142857143,10.204081632653061,18.367346938775512,35.714285714285715,20.40816326530612,8.16326530612245,0,NA,NA,NA,NA,NA,NA,NA,NA,NA,NA
2025-09-02,KXCPICOREYOY-25AUG,102,NA,NA,NA,NA,NA,NA,NA,NA,NA,NA,NA,NA,NA,NA,NA,NA,NA,NA,NA,NA,NA,NA,NA,NA,NA,NA,NA,NA,NA,0,7.142857142857143,10.204081632653061,18.367346938775512,34.69387755102041,17.346938775510203,3.061224489795918,9.183673469387756,NA,NA,NA,NA,NA,NA,NA,NA,NA,NA
2025-09-03,KXCPICOREYOY-25AUG,30,NA,NA,NA,NA,NA,NA,NA,NA,NA,NA,NA,NA,NA,NA,NA,NA,NA,NA,NA,NA,NA,NA,NA,NA,NA,NA,NA,NA,NA,0,7.142857142857143,10.204081632653061,18.367346938775512,34.69387755102041,17.346938775510203,3.061224489795918,9.183673469387756,NA,NA,NA,NA,NA,NA,NA,NA,NA,NA
2025-09-04,KXCPICOREYOY-25AUG,0,NA,NA,NA,NA,NA,NA,NA,NA,NA,NA,NA,NA,NA,NA,NA,NA,NA,NA,NA,NA,NA,NA,NA,NA,NA,NA,NA,NA,NA,0,7.142857142857143,10.204081632653061,18.367346938775512,34.69387755102041,17.346938775510203,3.061224489795918,9.183673469387756,NA,NA,NA,NA,NA,NA,NA,NA,NA,NA
2025-09-05,KXCPICOREYOY-25AUG,44,NA,NA,NA,NA,NA,NA,NA,NA,NA,NA,NA,NA,NA,NA,NA,NA,NA,NA,NA,NA,NA,NA,NA,NA,NA,NA,NA,NA,NA,0,7.142857142857143,10.204081632653061,18.367346938775512,41.83673469387755,14.285714285714286,8.16326530612245,0,NA,NA,NA,NA,NA,NA,NA,NA,NA,NA
2025-09-06,KXCPICOREYOY-25AUG,7150,NA,NA,NA,NA,NA,NA,NA,NA,NA,NA,NA,NA,NA,NA,NA,NA,NA,NA,NA,NA,NA,NA,NA,NA,NA,NA,NA,NA,NA,0,0,17.346938775510203,22.448979591836736,37.755102040816325,20.408163265306122,2.0408163265306123,0,NA,NA,NA,NA,NA,NA,NA,NA,NA,NA
2025-09-07,KXCPICOREYOY-25AUG,184,NA,NA,NA,NA,NA,NA,NA,NA,NA,NA,NA,NA,NA,NA,NA,NA,NA,NA,NA,NA,NA,NA,NA,NA,NA,NA,NA,NA,NA,0,0,17.346938775510203,17.346938775510203,37.755102040816325,25.510204081632658,2.0408163265306123,0,NA,NA,NA,NA,NA,NA,NA,NA,NA,NA
2025-09-08,KXCPICOREYOY-25AUG,150,NA,NA,NA,NA,NA,NA,NA,NA,NA,NA,NA,NA,NA,NA,NA,NA,NA,NA,NA,NA,NA,NA,NA,NA,NA,NA,NA,NA,NA,0,0,17.346938775510203,17.346938775510203,40.816326530612244,22.448979591836736,2.0408163265306123,0,NA,NA,NA,NA,NA,NA,NA,NA,NA,NA
2025-09-09,KXCPICOREYOY-25AUG,740,NA,NA,NA,NA,NA,NA,NA,NA,NA,NA,NA,NA,NA,NA,NA,NA,NA,NA,NA,NA,NA,NA,NA,NA,NA,NA,NA,NA,NA,0,1.0204081632653061,6.122448979591836,25.510204081632654,42.857142857142854,18.367346938775512,6.122448979591838,0,NA,NA,NA,NA,NA,NA,NA,NA,NA,NA
2025-09-10,KXCPICOREYOY-25AUG,13040,NA,NA,NA,NA,NA,NA,NA,NA,NA,NA,NA,NA,NA,NA,NA,NA,NA,NA,NA,NA,NA,NA,NA,NA,NA,NA,NA,NA,NA,0,1.0204081632653061,8.16326530612245,27.551020408163264,36.734693877551024,23.46938775510204,3.061224489795918,0,NA,NA,NA,NA,NA,NA,NA,NA,NA,NA
2025-09-11,KXCPICOREYOY-25AUG,5317,NA,NA,NA,NA,NA,NA,NA,NA,NA,NA,NA,NA,NA,NA,NA,NA,NA,NA,NA,NA,NA,NA,NA,NA,NA,NA,NA,NA,NA,0,1.0204081632653061,9.183673469387756,21.428571428571427,50,17.346938775510203,1.0204081632653061,0,NA,NA,NA,NA,NA,NA,NA,NA,NA,NA
2025-09-15,KXCPICOREYOY-25SEP,4228,NA,NA,NA,NA,NA,NA,NA,NA,NA,NA,NA,NA,NA,NA,NA,NA,NA,NA,NA,NA,NA,NA,NA,NA,NA,NA,NA,NA,NA,2.0408163265306123,4.081632653061225,9.183673469387756,22.448979591836736,36.734693877551024,18.367346938775512,6.122448979591836,1.0204081632653061,NA,NA,NA,NA,NA,NA,NA,NA,NA,NA
2025-09-16,KXCPICOREYOY-25SEP,2235,NA,NA,NA,NA,NA,NA,NA,NA,NA,NA,NA,NA,NA,NA,NA,NA,NA,NA,NA,NA,NA,NA,NA,NA,NA,NA,NA,NA,NA,2.0408163265306123,2.0408163265306123,11.224489795918368,25.510204081632654,36.734693877551024,15.306122448979592,6.122448979591836,1.0204081632653061,NA,NA,NA,NA,NA,NA,NA,NA,NA,NA
2025-09-17,KXCPICOREYOY-25SEP,120,NA,NA,NA,NA,NA,NA,NA,NA,NA,NA,NA,NA,NA,NA,NA,NA,NA,NA,NA,NA,NA,NA,NA,NA,NA,NA,NA,NA,NA,2.0408163265306123,2.0408163265306123,9.183673469387756,27.551020408163264,36.734693877551024,15.306122448979592,6.122448979591836,1.0204081632653061,NA,NA,NA,NA,NA,NA,NA,NA,NA,NA
2025-09-18,KXCPICOREYOY-25SEP,876,NA,NA,NA,NA,NA,NA,NA,NA,NA,NA,NA,NA,NA,NA,NA,NA,NA,NA,NA,NA,NA,NA,NA,NA,NA,NA,NA,NA,NA,1.0204081632653061,2.0408163265306123,10.204081632653061,26.53061224489796,38.775510204081634,14.285714285714286,6.122448979591836,1.0204081632653061,NA,NA,NA,NA,NA,NA,NA,NA,NA,NA
2025-09-19,KXCPICOREYOY-25SEP,1567,NA,NA,NA,NA,NA,NA,NA,NA,NA,NA,NA,NA,NA,NA,NA,NA,NA,NA,NA,NA,NA,NA,NA,NA,NA,NA,NA,NA,NA,1.0204081632653061,2.0408163265306123,9.183673469387756,30.612244897959194,35.71428571428571,14.285714285714286,5.1020408163265305,2.0408163265306123,NA,NA,NA,NA,NA,NA,NA,NA,NA,NA
2025-09-20,KXCPICOREYOY-25SEP,0,NA,NA,NA,NA,NA,NA,NA,NA,NA,NA,NA,NA,NA,NA,NA,NA,NA,NA,NA,NA,NA,NA,NA,NA,NA,NA,NA,NA,NA,1.0204081632653061,2.0408163265306123,9.183673469387756,30.612244897959194,35.71428571428571,14.285714285714286,5.1020408163265305,2.0408163265306123,NA,NA,NA,NA,NA,NA,NA,NA,NA,NA
2025-09-21,KXCPICOREYOY-25SEP,0,NA,NA,NA,NA,NA,NA,NA,NA,NA,NA,NA,NA,NA,NA,NA,NA,NA,NA,NA,NA,NA,NA,NA,NA,NA,NA,NA,NA,NA,1.0204081632653061,2.0408163265306123,9.183673469387756,30.612244897959194,35.71428571428571,14.285714285714286,5.1020408163265305,2.0408163265306123,NA,NA,NA,NA,NA,NA,NA,NA,NA,NA
2025-09-22,KXCPICOREYOY-25SEP,51,NA,NA,NA,NA,NA,NA,NA,NA,NA,NA,NA,NA,NA,NA,NA,NA,NA,NA,NA,NA,NA,NA,NA,NA,NA,NA,NA,NA,NA,1.0204081632653061,2.0408163265306123,9.183673469387756,27.551020408163264,38.775510204081634,14.285714285714286,5.1020408163265305,2.0408163265306123,NA,NA,NA,NA,NA,NA,NA,NA,NA,NA
2025-09-23,KXCPICOREYOY-25SEP,0,NA,NA,NA,NA,NA,NA,NA,NA,NA,NA,NA,NA,NA,NA,NA,NA,NA,NA,NA,NA,NA,NA,NA,NA,NA,NA,NA,NA,NA,1.0204081632653061,2.0408163265306123,9.183673469387756,27.551020408163264,38.775510204081634,14.285714285714286,5.1020408163265305,2.0408163265306123,NA,NA,NA,NA,NA,NA,NA,NA,NA,NA
2025-09-24,KXCPICOREYOY-25SEP,61,NA,NA,NA,NA,NA,NA,NA,NA,NA,NA,NA,NA,NA,NA,NA,NA,NA,NA,NA,NA,NA,NA,NA,NA,NA,NA,NA,NA,NA,1.0204081632653061,2.0408163265306123,9.183673469387756,27.551020408163264,38.775510204081634,14.285714285714286,5.1020408163265305,2.0408163265306123,NA,NA,NA,NA,NA,NA,NA,NA,NA,NA
2025-09-25,KXCPICOREYOY-25SEP,2049,NA,NA,NA,NA,NA,NA,NA,NA,NA,NA,NA,NA,NA,NA,NA,NA,NA,NA,NA,NA,NA,NA,NA,NA,NA,NA,NA,NA,NA,1.0204081632653061,2.0408163265306123,9.183673469387756,27.551020408163264,38.775510204081634,14.285714285714286,5.1020408163265305,2.0408163265306123,NA,NA,NA,NA,NA,NA,NA,NA,NA,NA
2025-09-26,KXCPICOREYOY-25SEP,561,NA,NA,NA,NA,NA,NA,NA,NA,NA,NA,NA,NA,NA,NA,NA,NA,NA,NA,NA,NA,NA,NA,NA,NA,NA,NA,NA,NA,NA,4.081632653061225,4.081632653061225,4.081632653061225,27.551020408163264,38.775510204081634,11.224489795918368,7.142857142857143,3.061224489795918,NA,NA,NA,NA,NA,NA,NA,NA,NA,NA
2025-09-27,KXCPICOREYOY-25SEP,28,NA,NA,NA,NA,NA,NA,NA,NA,NA,NA,NA,NA,NA,NA,NA,NA,NA,NA,NA,NA,NA,NA,NA,NA,NA,NA,NA,NA,NA,4.081632653061225,4.081632653061225,3.061224489795918,28.571428571428573,38.775510204081634,11.224489795918368,7.142857142857143,3.061224489795918,NA,NA,NA,NA,NA,NA,NA,NA,NA,NA
2025-09-28,KXCPICOREYOY-25SEP,500,NA,NA,NA,NA,NA,NA,NA,NA,NA,NA,NA,NA,NA,NA,NA,NA,NA,NA,NA,NA,NA,NA,NA,NA,NA,NA,NA,NA,NA,4.081632653061225,4.081632653061225,1.0204081632653061,30.612244897959183,38.775510204081634,11.224489795918368,7.142857142857143,3.061224489795918,NA,NA,NA,NA,NA,NA,NA,NA,NA,NA
2025-09-29,KXCPICOREYOY-25SEP,2421,NA,NA,NA,NA,NA,NA,NA,NA,NA,NA,NA,NA,NA,NA,NA,NA,NA,NA,NA,NA,NA,NA,NA,NA,NA,NA,NA,NA,NA,0,2.0408163265306123,11.224489795918368,24.489795918367346,35.714285714285715,16.3265306122449,7.142857142857143,3.061224489795918,NA,NA,NA,NA,NA,NA,NA,NA,NA,NA
2025-09-30,KXCPICOREYOY-25SEP,0,NA,NA,NA,NA,NA,NA,NA,NA,NA,NA,NA,NA,NA,NA,NA,NA,NA,NA,NA,NA,NA,NA,NA,NA,NA,NA,NA,NA,NA,0,2.0408163265306123,11.224489795918368,24.489795918367346,35.714285714285715,16.3265306122449,7.142857142857143,3.061224489795918,NA,NA,NA,NA,NA,NA,NA,NA,NA,NA
2025-10-01,KXCPICOREYOY-25SEP,371,NA,NA,NA,NA,NA,NA,NA,NA,NA,NA,NA,NA,NA,NA,NA,NA,NA,NA,NA,NA,NA,NA,NA,NA,NA,NA,NA,NA,NA,0,2.0408163265306123,11.224489795918368,23.46938775510204,40.816326530612244,12.244897959183673,7.142857142857143,3.061224489795918,NA,NA,NA,NA,NA,NA,NA,NA,NA,NA
2025-10-02,KXCPICOREYOY-25SEP,871,NA,NA,NA,NA,NA,NA,NA,NA,NA,NA,NA,NA,NA,NA,NA,NA,NA,NA,NA,NA,NA,NA,NA,NA,NA,NA,NA,NA,NA,0,2.0408163265306123,12.244897959183673,26.53061224489796,38.775510204081634,17.346938775510203,3.061224489795918,0,NA,NA,NA,NA,NA,NA,NA,NA,NA,NA
2025-10-03,KXCPICOREYOY-25SEP,58,NA,NA,NA,NA,NA,NA,NA,NA,NA,NA,NA,NA,NA,NA,NA,NA,NA,NA,NA,NA,NA,NA,NA,NA,NA,NA,NA,NA,NA,0,2.0408163265306123,12.244897959183673,26.53061224489796,33.673469387755105,22.448979591836736,3.061224489795918,0,NA,NA,NA,NA,NA,NA,NA,NA,NA,NA
2025-10-04,KXCPICOREYOY-25SEP,171,NA,NA,NA,NA,NA,NA,NA,NA,NA,NA,NA,NA,NA,NA,NA,NA,NA,NA,NA,NA,NA,NA,NA,NA,NA,NA,NA,NA,NA,0,2.0408163265306123,12.244897959183673,28.57142857142858,31.63265306122448,22.448979591836736,3.061224489795918,0,NA,NA,NA,NA,NA,NA,NA,NA,NA,NA
2025-10-05,KXCPICOREYOY-25SEP,11,NA,NA,NA,NA,NA,NA,NA,NA,NA,NA,NA,NA,NA,NA,NA,NA,NA,NA,NA,NA,NA,NA,NA,NA,NA,NA,NA,NA,NA,0,2.0408163265306123,14.285714285714286,26.53061224489797,31.63265306122448,22.448979591836736,3.061224489795918,0,NA,NA,NA,NA,NA,NA,NA,NA,NA,NA
2025-10-06,KXCPICOREYOY-25SEP,235,NA,NA,NA,NA,NA,NA,NA,NA,NA,NA,NA,NA,NA,NA,NA,NA,NA,NA,NA,NA,NA,NA,NA,NA,NA,NA,NA,NA,NA,0,3.061224489795918,13.26530612244898,23.46938775510204,38.775510204081634,18.367346938775512,3.061224489795918,0,NA,NA,NA,NA,NA,NA,NA,NA,NA,NA
2025-10-07,KXCPICOREYOY-25SEP,1934,NA,NA,NA,NA,NA,NA,NA,NA,NA,NA,NA,NA,NA,NA,NA,NA,NA,NA,NA,NA,NA,NA,NA,NA,NA,NA,NA,NA,NA,0,3.061224489795918,13.26530612244898,18.367346938775512,44.89795918367347,17.346938775510203,3.061224489795918,0,NA,NA,NA,NA,NA,NA,NA,NA,NA,NA
2025-10-08,KXCPICOREYOY-25SEP,17343,NA,NA,NA,NA,NA,NA,NA,NA,NA,NA,NA,NA,NA,NA,NA,NA,NA,NA,NA,NA,NA,NA,NA,NA,NA,NA,NA,NA,NA,0,3.061224489795918,7.142857142857143,25.510204081632654,40.816326530612244,17.346938775510203,6.122448979591838,0,NA,NA,NA,NA,NA,NA,NA,NA,NA,NA
2025-10-09,KXCPICOREYOY-25SEP,6791,NA,NA,NA,NA,NA,NA,NA,NA,NA,NA,NA,NA,NA,NA,NA,NA,NA,NA,NA,NA,NA,NA,NA,NA,NA,NA,NA,NA,NA,0,3.061224489795918,7.142857142857143,28.571428571428573,40.816326530612244,13.26530612244898,4.081632653061225,3.061224489795918,NA,NA,NA,NA,NA,NA,NA,NA,NA,NA
2025-10-10,KXCPICOREYOY-25SEP,3399,NA,NA,NA,NA,NA,NA,NA,NA,NA,NA,NA,NA,NA,NA,NA,NA,NA,NA,NA,NA,NA,NA,NA,NA,NA,NA,NA,NA,NA,0,3.061224489795918,8.16326530612245,23.46938775510204,37.755102040816325,20.408163265306126,4.081632653061225,3.061224489795918,NA,NA,NA,NA,NA,NA,NA,NA,NA,NA
2025-10-11,KXCPICOREYOY-25SEP,375,NA,NA,NA,NA,NA,NA,NA,NA,NA,NA,NA,NA,NA,NA,NA,NA,NA,NA,NA,NA,NA,NA,NA,NA,NA,NA,NA,NA,NA,0,3.061224489795918,5.1020408163265305,26.53061224489796,37.755102040816325,20.408163265306126,4.081632653061225,3.061224489795918,NA,NA,NA,NA,NA,NA,NA,NA,NA,NA
2025-10-12,KXCPICOREYOY-25SEP,1317,NA,NA,NA,NA,NA,NA,NA,NA,NA,NA,NA,NA,NA,NA,NA,NA,NA,NA,NA,NA,NA,NA,NA,NA,NA,NA,NA,NA,NA,0,3.061224489795918,5.1020408163265305,26.53061224489796,37.755102040816325,20.408163265306126,4.081632653061225,3.061224489795918,NA,NA,NA,NA,NA,NA,NA,NA,NA,NA
2025-10-13,KXCPICOREYOY-25SEP,1700,NA,NA,NA,NA,NA,NA,NA,NA,NA,NA,NA,NA,NA,NA,NA,NA,NA,NA,NA,NA,NA,NA,NA,NA,NA,NA,NA,NA,NA,0,3.061224489795918,5.1020408163265305,26.53061224489796,36.734693877551024,21.428571428571423,4.081632653061225,3.061224489795918,NA,NA,NA,NA,NA,NA,NA,NA,NA,NA
2025-10-14,KXCPICOREYOY-25OCT,0,NA,NA,NA,NA,NA,NA,NA,NA,NA,NA,NA,NA,NA,NA,NA,NA,NA,NA,NA,NA,NA,NA,NA,NA,NA,NA,NA,NA,NA,NA,NA,NA,NA,61.224489795918366,38.775510204081634,NA,NA,NA,NA,NA,NA,NA,NA,NA,NA,NA,NA
2025-10-14,KXCPICOREYOY-25SEP,2404,NA,NA,NA,NA,NA,NA,NA,NA,NA,NA,NA,NA,NA,NA,NA,NA,NA,NA,NA,NA,NA,NA,NA,NA,NA,NA,NA,NA,NA,0,3.061224489795918,3.061224489795918,28.571428571428573,45.91836734693877,17.346938775510203,2.0408163265306123,0,NA,NA,NA,NA,NA,NA,NA,NA,NA,NA
2025-10-15,KXCPICOREYOY-25OCT,1375,NA,NA,NA,NA,NA,NA,NA,NA,NA,NA,NA,NA,NA,NA,NA,NA,NA,NA,NA,NA,NA,NA,NA,NA,NA,NA,NA,NA,NA,NA,NA,NA,31.632653061224488,37.755102040816325,16.3265306122449,14.285714285714286,NA,NA,NA,NA,NA,NA,NA,NA,NA,NA,NA
2025-10-15,KXCPICOREYOY-25SEP,71,NA,NA,NA,NA,NA,NA,NA,NA,NA,NA,NA,NA,NA,NA,NA,NA,NA,NA,NA,NA,NA,NA,NA,NA,NA,NA,NA,NA,NA,0,3.061224489795918,4.081632653061225,24.489795918367346,48.97959183673469,17.346938775510203,2.0408163265306123,0,NA,NA,NA,NA,NA,NA,NA,NA,NA,NA
2025-10-16,KXCPICOREYOY-25OCT,1441,NA,NA,NA,NA,NA,NA,NA,NA,NA,NA,NA,NA,NA,NA,NA,NA,NA,NA,NA,NA,NA,NA,NA,NA,NA,NA,NA,NA,NA,NA,NA,11.224489795918368,20.408163265306122,44.89795918367347,9.183673469387756,14.285714285714286,NA,NA,NA,NA,NA,NA,NA,NA,NA,NA,NA
2025-10-17,KXCPICOREYOY-25OCT,908,NA,NA,NA,NA,NA,NA,NA,NA,NA,NA,NA,NA,NA,NA,NA,NA,NA,NA,NA,NA,NA,NA,NA,NA,NA,NA,NA,NA,NA,NA,NA,11.224489795918368,20.408163265306122,41.83673469387755,20.408163265306122,6.122448979591838,NA,NA,NA,NA,NA,NA,NA,NA,NA,NA,NA
2025-10-18,KXCPICOREYOY-25OCT,244,NA,NA,NA,NA,NA,NA,NA,NA,NA,NA,NA,NA,NA,NA,NA,NA,NA,NA,NA,NA,NA,NA,NA,NA,NA,NA,NA,NA,NA,NA,NA,11.224489795918368,30.612244897959194,28.571428571428562,23.46938775510204,6.122448979591838,NA,NA,NA,NA,NA,NA,NA,NA,NA,NA,NA
2025-10-19,KXCPICOREYOY-25OCT,0,NA,NA,NA,NA,NA,NA,NA,NA,NA,NA,NA,NA,NA,NA,NA,NA,NA,NA,NA,NA,NA,NA,NA,NA,NA,NA,NA,NA,NA,NA,NA,11.224489795918368,30.612244897959194,28.571428571428562,23.46938775510204,6.122448979591838,NA,NA,NA,NA,NA,NA,NA,NA,NA,NA,NA
2025-10-20,KXCPICOREYOY-25OCT,188,NA,NA,NA,NA,NA,NA,NA,NA,NA,NA,NA,NA,NA,NA,NA,NA,NA,NA,NA,NA,NA,NA,NA,NA,NA,NA,NA,NA,NA,NA,NA,12.244897959183673,29.591836734693885,35.71428571428571,15.306122448979592,7.142857142857143,NA,NA,NA,NA,NA,NA,NA,NA,NA,NA,NA
2025-10-21,KXCPICOREYOY-25OCT,11,NA,NA,NA,NA,NA,NA,NA,NA,NA,NA,NA,NA,NA,NA,NA,NA,NA,NA,NA,NA,NA,NA,NA,NA,NA,NA,NA,NA,NA,NA,NA,12.244897959183673,29.591836734693885,31.63265306122448,19.387755102040817,7.142857142857143,NA,NA,NA,NA,NA,NA,NA,NA,NA,NA,NA
2025-10-22,KXCPICOREYOY-25OCT,545,NA,NA,NA,NA,NA,NA,NA,NA,NA,NA,NA,NA,NA,NA,NA,NA,NA,NA,NA,NA,NA,NA,NA,NA,NA,NA,NA,NA,NA,NA,NA,12.244897959183673,29.591836734693885,35.71428571428571,15.306122448979592,7.142857142857143,0,0,0,NA,NA,NA,NA,NA,NA,NA,NA
2025-10-23,KXCPICOREYOY-25OCT,1815,NA,NA,NA,NA,NA,NA,NA,NA,NA,NA,NA,NA,NA,NA,NA,NA,NA,NA,NA,NA,NA,NA,NA,NA,NA,NA,NA,NA,NA,NA,NA,14.285714285714286,29.591836734693867,35.71428571428572,13.26530612244898,7.142857142857143,0,0,0,NA,NA,NA,NA,NA,NA,NA,NA
2025-10-24,KXCPICOREYOY-25OCT,223,NA,NA,NA,NA,NA,NA,NA,NA,NA,NA,NA,NA,NA,NA,NA,NA,NA,NA,NA,NA,NA,NA,NA,NA,NA,NA,NA,NA,NA,NA,NA,15.306122448979592,36.734693877551024,40.816326530612244,7.142857142857143,0,0,0,0,NA,NA,NA,NA,NA,NA,NA,NA
2025-10-25,KXCPICOREYOY-25OCT,402,NA,NA,NA,NA,NA,NA,NA,NA,NA,NA,NA,NA,NA,NA,NA,NA,NA,NA,NA,NA,NA,NA,NA,NA,NA,NA,NA,NA,NA,NA,NA,15.306122448979592,24.489795918367346,29.591836734693878,10.204081632653061,2.0408163265306123,18.367346938775512,0,0,NA,NA,NA,NA,NA,NA,NA,NA
2025-10-26,KXCPICOREYOY-25OCT,172,NA,NA,NA,NA,NA,NA,NA,NA,NA,NA,NA,NA,NA,NA,NA,NA,NA,NA,NA,NA,NA,NA,NA,NA,NA,NA,NA,NA,NA,NA,NA,15.306122448979592,19.387755102040817,31.632653061224488,13.26530612244898,2.0408163265306123,18.367346938775512,0,0,NA,NA,NA,NA,NA,NA,NA,NA
2025-10-27,KXCPICOREYOY-25OCT,777,NA,NA,NA,NA,NA,NA,NA,NA,NA,NA,NA,NA,NA,NA,NA,NA,NA,NA,NA,NA,NA,NA,NA,NA,NA,NA,NA,NA,NA,NA,NA,10.204081632653061,30.612244897959183,32.6530612244898,6.122448979591836,2.0408163265306123,18.367346938775512,0,0,NA,NA,NA,NA,NA,NA,NA,NA
2025-10-28,KXCPICOREYOY-25OCT,40,NA,NA,NA,NA,NA,NA,NA,NA,NA,NA,NA,NA,NA,NA,NA,NA,NA,NA,NA,NA,NA,NA,NA,NA,NA,NA,NA,NA,NA,NA,NA,9.183673469387756,28.571428571428573,35.714285714285715,6.122448979591836,2.0408163265306123,18.367346938775512,0,0,NA,NA,NA,NA,NA,NA,NA,NA
2025-10-29,KXCPICOREYOY-25OCT,94,NA,NA,NA,NA,NA,NA,NA,NA,NA,NA,NA,NA,NA,NA,NA,NA,NA,NA,NA,NA,NA,NA,NA,NA,NA,NA,NA,NA,NA,NA,NA,9.183673469387756,26.53061224489796,37.755102040816325,6.122448979591836,2.0408163265306123,18.367346938775512,0,0,NA,NA,NA,NA,NA,NA,NA,NA
2025-10-30,KXCPICOREYOY-25OCT,138,NA,NA,NA,NA,NA,NA,NA,NA,NA,NA,NA,NA,NA,NA,NA,NA,NA,NA,NA,NA,NA,NA,NA,NA,NA,NA,NA,NA,NA,NA,NA,11.224489795918368,26.53061224489796,35.714285714285715,6.122448979591836,2.0408163265306123,18.367346938775512,0,0,NA,NA,NA,NA,NA,NA,NA,NA
2025-10-31,KXCPICOREYOY-25OCT,20,NA,NA,NA,NA,NA,NA,NA,NA,NA,NA,NA,NA,NA,NA,NA,NA,NA,NA,NA,NA,NA,NA,NA,NA,NA,NA,NA,NA,NA,NA,NA,11.224489795918368,26.53061224489796,33.673469387755105,8.163265306122446,2.0408163265306123,18.367346938775512,0,0,NA,NA,NA,NA,NA,NA,NA,NA
2025-11-01,KXCPICOREYOY-25OCT,0,NA,NA,NA,NA,NA,NA,NA,NA,NA,NA,NA,NA,NA,NA,NA,NA,NA,NA,NA,NA,NA,NA,NA,NA,NA,NA,NA,NA,NA,NA,NA,11.224489795918368,26.53061224489796,33.673469387755105,8.163265306122446,2.0408163265306123,18.367346938775512,0,0,NA,NA,NA,NA,NA,NA,NA,NA
2025-11-02,KXCPICOREYOY-25OCT,352,NA,NA,NA,NA,NA,NA,NA,NA,NA,NA,NA,NA,NA,NA,NA,NA,NA,NA,NA,NA,NA,NA,NA,NA,NA,NA,NA,NA,NA,NA,NA,25.510204081632654,18.367346938775505,30.612244897959194,7.142857142857143,18.367346938775512,0,0,0,NA,NA,NA,NA,NA,NA,NA,NA
2025-11-03,KXCPICOREYOY-25OCT,196,NA,NA,NA,NA,NA,NA,NA,NA,NA,NA,NA,NA,NA,NA,NA,NA,NA,NA,NA,NA,NA,NA,NA,NA,NA,NA,NA,NA,NA,NA,NA,20.408163265306122,30.612244897959183,23.46938775510204,18.367346938775512,7.142857142857143,0,0,0,NA,NA,NA,NA,NA,NA,NA,NA
2025-11-04,KXCPICOREYOY-25OCT,0,NA,NA,NA,NA,NA,NA,NA,NA,NA,NA,NA,NA,NA,NA,NA,NA,NA,NA,NA,NA,NA,NA,NA,NA,NA,NA,NA,NA,NA,NA,NA,20.408163265306122,30.612244897959183,23.46938775510204,18.367346938775512,7.142857142857143,0,0,0,NA,NA,NA,NA,NA,NA,NA,NA
2025-11-05,KXCPICOREYOY-25OCT,0,NA,NA,NA,NA,NA,NA,NA,NA,NA,NA,NA,NA,NA,NA,NA,NA,NA,NA,NA,NA,NA,NA,NA,NA,NA,NA,NA,NA,NA,NA,NA,20.408163265306122,30.612244897959183,23.46938775510204,18.367346938775512,7.142857142857143,0,0,0,NA,NA,NA,NA,NA,NA,NA,NA
2025-11-06,KXCPICOREYOY-25OCT,26,NA,NA,NA,NA,NA,NA,NA,NA,NA,NA,NA,NA,NA,NA,NA,NA,NA,NA,NA,NA,NA,NA,NA,NA,NA,NA,NA,NA,NA,NA,NA,20.408163265306122,30.612244897959183,23.46938775510204,18.367346938775512,7.142857142857143,0,0,0,NA,NA,NA,NA,NA,NA,NA,NA
2025-11-07,KXCPICOREYOY-25OCT,627,NA,NA,NA,NA,NA,NA,NA,NA,NA,NA,NA,NA,NA,NA,NA,NA,NA,NA,NA,NA,NA,NA,NA,NA,NA,NA,NA,NA,NA,NA,NA,20.408163265306122,28.571428571428573,27.551020408163264,16.3265306122449,7.142857142857143,0,0,0,NA,NA,NA,NA,NA,NA,NA,NA
2025-11-08,KXCPICOREYOY-25OCT,0,NA,NA,NA,NA,NA,NA,NA,NA,NA,NA,NA,NA,NA,NA,NA,NA,NA,NA,NA,NA,NA,NA,NA,NA,NA,NA,NA,NA,NA,NA,NA,20.408163265306122,28.571428571428573,27.551020408163264,16.3265306122449,7.142857142857143,0,0,0,NA,NA,NA,NA,NA,NA,NA,NA
2025-11-09,KXCPICOREYOY-25OCT,0,NA,NA,NA,NA,NA,NA,NA,NA,NA,NA,NA,NA,NA,NA,NA,NA,NA,NA,NA,NA,NA,NA,NA,NA,NA,NA,NA,NA,NA,NA,NA,20.408163265306122,28.571428571428573,27.551020408163264,16.3265306122449,7.142857142857143,0,0,0,NA,NA,NA,NA,NA,NA,NA,NA
2025-11-10,KXCPICOREYOY-25OCT,75127,NA,NA,NA,NA,NA,NA,NA,NA,NA,NA,NA,NA,NA,NA,NA,NA,NA,NA,NA,NA,NA,NA,NA,NA,NA,NA,NA,NA,NA,NA,NA,20.408163265306122,22.448979591836743,13.265306122448973,28.571428571428573,12.244897959183673,3.061224489795918,0,0,NA,NA,NA,NA,NA,NA,NA,NA
2025-11-11,KXCPICOREYOY-25OCT,51510,NA,NA,NA,NA,NA,NA,NA,NA,NA,NA,NA,NA,NA,NA,NA,NA,NA,NA,NA,NA,NA,NA,NA,NA,NA,NA,NA,NA,NA,NA,NA,16.3265306122449,27.551020408163257,27.551020408163275,6.122448979591833,21.428571428571427,1.0204081632653061,0,0,NA,NA,NA,NA,NA,NA,NA,NA
2025-11-12,KXCPICOREYOY-25OCT,35245,NA,NA,NA,NA,NA,NA,NA,NA,NA,NA,NA,NA,NA,NA,NA,NA,NA,NA,NA,NA,NA,NA,NA,NA,NA,NA,NA,NA,NA,NA,NA,16.3265306122449,9.183673469387756,12.244897959183673,5.102040816326538,56.12244897959183,1.0204081632653061,0,0,NA,NA,NA,NA,NA,NA,NA,NA
2025-11-13,KXCPICOREYOY-25OCT,1283,NA,NA,NA,NA,NA,NA,NA,NA,NA,NA,NA,NA,NA,NA,NA,NA,NA,NA,NA,NA,NA,NA,NA,NA,NA,NA,NA,NA,NA,NA,NA,0,0,14.285714285714286,22.448979591836736,62.244897959183675,1.0204081632653061,0,0,NA,NA,NA,NA,NA,NA,NA,NA
2025-11-18,KXCPICOREYOY-25NOV,221,NA,NA,NA,NA,NA,NA,NA,NA,NA,NA,NA,NA,NA,NA,NA,NA,NA,NA,NA,NA,NA,NA,NA,NA,NA,NA,NA,NA,NA,NA,NA,32.6530612244898,17.346938775510203,20.408163265306122,22.448979591836736,7.142857142857143,NA,NA,NA,NA,NA,NA,NA,NA,NA,NA,NA
2025-11-19,KXCPICOREYOY-25NOV,66,NA,NA,NA,NA,NA,NA,NA,NA,NA,NA,NA,NA,NA,NA,NA,NA,NA,NA,NA,NA,NA,NA,NA,NA,NA,NA,NA,NA,NA,NA,NA,32.6530612244898,15.306122448979592,22.448979591836736,22.448979591836736,7.142857142857143,NA,NA,NA,NA,NA,NA,NA,NA,NA,NA,NA
2025-11-20,KXCPICOREYOY-25NOV,18,NA,NA,NA,NA,NA,NA,NA,NA,NA,NA,NA,NA,NA,NA,NA,NA,NA,NA,NA,NA,NA,NA,NA,NA,NA,NA,NA,NA,NA,NA,NA,32.6530612244898,13.26530612244898,24.489795918367346,22.448979591836736,7.142857142857143,NA,NA,NA,NA,NA,NA,NA,NA,NA,NA,NA
2025-11-21,KXCPICOREYOY-25NOV,508,NA,NA,NA,NA,NA,NA,NA,NA,NA,NA,NA,NA,NA,NA,NA,NA,NA,NA,NA,NA,NA,NA,NA,NA,NA,NA,NA,NA,NA,NA,NA,24.489795918367346,27.551020408163264,26.53061224489796,14.285714285714286,7.142857142857143,NA,NA,NA,NA,NA,NA,NA,NA,NA,NA,NA
2025-11-22,KXCPICOREYOY-25NOV,300,NA,NA,NA,NA,NA,NA,NA,NA,NA,NA,NA,NA,NA,NA,NA,NA,NA,NA,NA,NA,NA,NA,NA,NA,NA,NA,NA,NA,NA,NA,NA,32.6530612244898,20.408163265306122,25.510204081632654,14.285714285714286,7.142857142857143,NA,NA,NA,NA,NA,NA,NA,NA,NA,NA,NA
2025-11-23,KXCPICOREYOY-25NOV,737,NA,NA,NA,NA,NA,NA,NA,NA,NA,NA,NA,NA,NA,NA,NA,NA,NA,NA,NA,NA,NA,NA,NA,NA,NA,NA,NA,NA,NA,NA,NA,32.6530612244898,16.3265306122449,30.612244897959183,14.285714285714286,6.122448979591838,NA,NA,NA,NA,NA,NA,NA,NA,NA,NA,NA
2025-11-24,KXCPICOREYOY-25NOV,10666,NA,NA,NA,NA,NA,NA,NA,NA,NA,NA,NA,NA,NA,NA,NA,NA,NA,NA,NA,NA,NA,NA,NA,NA,NA,NA,NA,NA,NA,NA,NA,25.510204081632654,24.489795918367346,29.591836734693878,14.285714285714286,3.0612244897959195,3.061224489795918,0,NA,NA,NA,NA,NA,NA,NA,NA,NA
2025-11-25,KXCPICOREYOY-25NOV,52591,NA,NA,NA,NA,NA,NA,NA,NA,NA,NA,NA,NA,NA,NA,NA,NA,NA,NA,NA,NA,NA,NA,NA,NA,NA,NA,NA,NA,NA,NA,NA,26.53061224489796,33.673469387755105,18.367346938775512,15.306122448979592,3.0612244897959195,3.061224489795918,0,0,NA,NA,NA,NA,NA,NA,NA,NA
2025-11-26,KXCPICOREYOY-25NOV,189,NA,NA,NA,NA,NA,NA,NA,NA,NA,NA,NA,NA,NA,NA,NA,NA,NA,NA,NA,NA,NA,NA,NA,NA,NA,NA,NA,NA,NA,NA,NA,30.612244897959183,24.489795918367346,24.489795918367346,14.285714285714286,3.0612244897959195,3.061224489795918,0,0,NA,NA,NA,NA,NA,NA,NA,NA
2025-11-27,KXCPICOREYOY-25NOV,57,NA,NA,NA,NA,NA,NA,NA,NA,NA,NA,NA,NA,NA,NA,NA,NA,NA,NA,NA,NA,NA,NA,NA,NA,NA,NA,NA,NA,NA,NA,NA,32.6530612244898,28.571428571428573,18.367346938775512,14.285714285714286,3.0612244897959195,3.061224489795918,0,0,NA,NA,NA,NA,NA,NA,NA,NA
2025-11-28,KXCPICOREYOY-25NOV,46,NA,NA,NA,NA,NA,NA,NA,NA,NA,NA,NA,NA,NA,NA,NA,NA,NA,NA,NA,NA,NA,NA,NA,NA,NA,NA,NA,NA,NA,NA,NA,28.571428571428573,25.510204081632654,24.489795918367346,15.306122448979592,3.0612244897959195,3.061224489795918,0,0,NA,NA,NA,NA,NA,NA,NA,NA
2025-11-29,KXCPICOREYOY-25NOV,221,NA,NA,NA,NA,NA,NA,NA,NA,NA,NA,NA,NA,NA,NA,NA,NA,NA,NA,NA,NA,NA,NA,NA,NA,NA,NA,NA,NA,NA,NA,NA,28.571428571428573,25.510204081632654,24.489795918367346,15.306122448979592,3.0612244897959195,3.061224489795918,0,0,NA,NA,NA,NA,NA,NA,NA,NA
2025-11-30,KXCPICOREYOY-25NOV,0,NA,NA,NA,NA,NA,NA,NA,NA,NA,NA,NA,NA,NA,NA,NA,NA,NA,NA,NA,NA,NA,NA,NA,NA,NA,NA,NA,NA,NA,NA,NA,28.571428571428573,25.510204081632654,24.489795918367346,15.306122448979592,3.0612244897959195,3.061224489795918,0,0,NA,NA,NA,NA,NA,NA,NA,NA
2025-12-01,KXCPICOREYOY-25NOV,50998,NA,NA,NA,NA,NA,NA,NA,NA,NA,NA,NA,NA,NA,NA,NA,NA,NA,NA,NA,NA,NA,NA,NA,NA,NA,NA,NA,NA,NA,NA,NA,28.571428571428573,35.714285714285715,17.346938775510203,12.244897959183673,3.0612244897959195,3.061224489795918,0,0,NA,NA,NA,NA,NA,NA,NA,NA
2025-12-02,KXCPICOREYOY-25NOV,2499,NA,NA,NA,NA,NA,NA,NA,NA,NA,NA,NA,NA,NA,NA,NA,NA,NA,NA,NA,NA,NA,NA,NA,NA,NA,NA,NA,NA,NA,NA,NA,25.510204081632654,36.734693877551024,22.448979591836736,9.183673469387756,3.0612244897959195,3.061224489795918,0,0,NA,NA,NA,NA,NA,NA,NA,NA
2025-12-03,KXCPICOREYOY-25NOV,32757,NA,NA,NA,NA,NA,NA,NA,NA,NA,NA,NA,NA,NA,NA,NA,NA,NA,NA,NA,NA,NA,NA,NA,NA,NA,NA,NA,NA,NA,NA,NA,28.571428571428573,32.6530612244898,23.46938775510204,12.244897959183673,3.061224489795918,0,0,0,NA,NA,NA,NA,NA,NA,NA,NA
2025-12-04,KXCPICOREYOY-25NOV,50661,NA,NA,NA,NA,NA,NA,NA,NA,NA,NA,NA,NA,NA,NA,NA,NA,NA,NA,NA,NA,NA,NA,NA,NA,NA,NA,NA,NA,NA,NA,NA,32.6530612244898,29.591836734693878,22.448979591836736,12.244897959183673,3.061224489795918,0,0,0,NA,NA,NA,NA,NA,NA,NA,NA
2025-12-05,KXCPICOREYOY-25NOV,51941,NA,NA,NA,NA,NA,NA,NA,NA,NA,NA,NA,NA,NA,NA,NA,NA,NA,NA,NA,NA,NA,NA,NA,NA,NA,NA,NA,NA,NA,7.142857142857143,5.1020408163265305,27.551020408163264,33.673469387755105,18.367346938775512,5.1020408163265305,3.061224489795918,0,0,0,NA,NA,NA,NA,NA,NA,NA,NA
2025-12-06,KXCPICOREYOY-25NOV,583,NA,NA,NA,NA,NA,NA,NA,NA,NA,NA,NA,NA,NA,NA,NA,NA,NA,NA,NA,NA,NA,NA,NA,NA,NA,NA,NA,NA,NA,7.142857142857143,5.1020408163265305,26.53061224489796,27.551020408163264,20.408163265306122,10.204081632653063,3.061224489795918,0,0,0,NA,NA,NA,NA,NA,NA,NA,NA
2025-12-07,KXCPICOREYOY-25NOV,200,NA,NA,NA,NA,NA,NA,NA,NA,NA,NA,NA,NA,NA,NA,NA,NA,NA,NA,NA,NA,NA,NA,NA,NA,NA,NA,NA,NA,NA,7.142857142857143,5.1020408163265305,30.612244897959194,23.46938775510203,20.408163265306122,10.204081632653063,3.061224489795918,0,0,0,NA,NA,NA,NA,NA,NA,NA,NA
2025-12-08,KXCPICOREYOY-25NOV,28765,NA,NA,NA,NA,NA,NA,NA,NA,NA,NA,NA,NA,NA,NA,NA,NA,NA,NA,NA,NA,NA,NA,NA,NA,NA,NA,NA,NA,NA,4.081632653061225,11.224489795918368,28.571428571428562,21.428571428571438,27.551020408163264,5.1020408163265305,2.0408163265306123,0,0,0,NA,NA,NA,NA,NA,NA,NA,NA
2025-12-09,KXCPICOREYOY-25NOV,5112,NA,NA,NA,NA,NA,NA,NA,NA,NA,NA,NA,NA,NA,NA,NA,NA,NA,NA,NA,NA,NA,NA,NA,NA,NA,NA,NA,NA,NA,1.0204081632653061,15.306122448979592,23.46938775510204,35.714285714285715,17.346938775510203,5.1020408163265305,2.0408163265306123,0,0,0,NA,NA,NA,NA,NA,NA,NA,NA
2025-12-10,KXCPICOREYOY-25NOV,998,NA,NA,NA,NA,NA,NA,NA,NA,NA,NA,NA,NA,NA,NA,NA,NA,NA,NA,NA,NA,NA,NA,NA,NA,NA,NA,NA,NA,NA,1.0204081632653061,11.224489795918368,33.673469387755105,31.632653061224488,17.346938775510203,3.061224489795918,2.0408163265306123,0,0,0,NA,NA,NA,NA,NA,NA,NA,NA
2025-12-11,KXCPICOREYOY-25NOV,3424,NA,NA,NA,NA,NA,NA,NA,NA,NA,NA,NA,NA,NA,NA,NA,NA,NA,NA,NA,NA,NA,NA,NA,NA,NA,NA,NA,NA,NA,1.0204081632653061,18.367346938775512,30.612244897959183,29.591836734693878,18.367346938775512,2.0408163265306123,0,0,0,0,NA,NA,NA,NA,NA,NA,NA,NA
2025-12-12,KXCPICOREYOY-25NOV,54,NA,NA,NA,NA,NA,NA,NA,NA,NA,NA,NA,NA,NA,NA,NA,NA,NA,NA,NA,NA,NA,NA,NA,NA,NA,NA,NA,NA,NA,1.0204081632653061,16.3265306122449,28.571428571428573,33.673469387755105,17.346938775510203,1.0204081632653061,2.0408163265306123,0,0,0,NA,NA,NA,NA,NA,NA,NA,NA
2025-12-13,KXCPICOREYOY-25NOV,462,NA,NA,NA,NA,NA,NA,NA,NA,NA,NA,NA,NA,NA,NA,NA,NA,NA,NA,NA,NA,NA,NA,NA,NA,NA,NA,NA,NA,NA,4.081632653061225,13.26530612244898,29.591836734693878,32.6530612244898,17.346938775510203,1.0204081632653061,2.0408163265306123,0,0,0,NA,NA,NA,NA,NA,NA,NA,NA
2025-12-14,KXCPICOREYOY-25NOV,60,NA,NA,NA,NA,NA,NA,NA,NA,NA,NA,NA,NA,NA,NA,NA,NA,NA,NA,NA,NA,NA,NA,NA,NA,NA,NA,NA,NA,NA,4.081632653061225,13.26530612244898,27.551020408163257,35.71428571428572,16.3265306122449,1.0204081632653061,2.0408163265306123,0,0,0,NA,NA,NA,NA,NA,NA,NA,NA
2025-12-15,KXCPICOREYOY-25NOV,26154,NA,NA,NA,NA,NA,NA,NA,NA,NA,NA,NA,NA,NA,NA,NA,NA,NA,NA,NA,NA,NA,NA,NA,NA,NA,NA,NA,NA,NA,4.081632653061225,15.306122448979592,31.632653061224488,28.571428571428573,17.346938775510203,1.0204081632653061,2.0408163265306123,0,0,0,NA,NA,NA,NA,NA,NA,NA,NA
2025-12-16,KXCPICOREYOY-25NOV,34553,NA,NA,NA,NA,NA,NA,NA,NA,NA,NA,NA,NA,NA,NA,NA,NA,NA,NA,NA,NA,NA,NA,NA,NA,NA,NA,NA,NA,NA,3.061224489795918,8.16326530612245,23.46938775510204,51.02040816326531,12.244897959183673,2.0408163265306123,0,0,0,0,NA,NA,NA,NA,NA,NA,NA,NA
2025-12-17,KXCPICOREYOY-25NOV,10829,NA,NA,NA,NA,NA,NA,NA,NA,NA,NA,NA,NA,NA,NA,NA,NA,NA,NA,NA,NA,NA,NA,NA,NA,NA,NA,NA,NA,NA,3.061224489795918,10.204081632653061,44.89795918367347,27.551020408163264,11.224489795918368,1.0204081632653061,2.0408163265306123,0,0,0,NA,NA,NA,NA,NA,NA,NA,NA
2025-12-18,KXCPICOREYOY-25DEC,4690,NA,NA,NA,NA,NA,NA,NA,NA,NA,NA,NA,NA,NA,NA,NA,NA,NA,NA,NA,NA,NA,NA,NA,NA,NA,NA,NA,14.285714285714286,31.632653061224488,8.16326530612245,45.91836734693877,0,0,0,0,0,0,0,0,NA,NA,NA,NA,NA,NA,NA,NA
2025-12-18,KXCPICOREYOY-25NOV,3416,NA,NA,NA,NA,NA,NA,NA,NA,NA,NA,NA,NA,NA,NA,NA,NA,NA,NA,NA,NA,NA,NA,NA,NA,NA,NA,NA,NA,NA,3.061224489795918,11.224489795918368,51.02040816326531,19.387755102040817,12.244897959183673,1.0204081632653061,2.0408163265306123,0,0,0,NA,NA,NA,NA,NA,NA,NA,NA
2025-12-19,KXCPICOREYOY-25DEC,12565,NA,NA,NA,NA,NA,NA,NA,NA,NA,NA,NA,NA,NA,NA,NA,NA,NA,NA,NA,NA,NA,NA,NA,NA,NA,NA,NA,11.224489795918368,27.551020408163264,15.306122448979592,45.91836734693877,0,0,0,0,0,0,0,0,NA,NA,NA,NA,NA,NA,NA,NA
2025-12-20,KXCPICOREYOY-25DEC,272,NA,NA,NA,NA,NA,NA,NA,NA,NA,NA,NA,NA,NA,NA,NA,NA,NA,NA,NA,NA,NA,NA,NA,NA,NA,NA,NA,11.224489795918368,23.46938775510204,17.346938775510203,39.795918367346935,8.16326530612245,0,0,0,0,0,0,0,NA,NA,NA,NA,NA,NA,NA,NA
2025-12-21,KXCPICOREYOY-25DEC,750,NA,NA,NA,NA,NA,NA,NA,NA,NA,NA,NA,NA,NA,NA,NA,NA,NA,NA,NA,NA,NA,NA,NA,NA,NA,NA,NA,11.224489795918368,16.3265306122449,26.53061224489796,45.91836734693877,0,0,0,0,0,0,0,0,NA,NA,NA,NA,NA,NA,NA,NA
2025-12-22,KXCPICOREYOY-25DEC,159981,NA,NA,NA,NA,NA,NA,NA,NA,NA,NA,NA,NA,NA,NA,NA,NA,NA,NA,NA,NA,NA,NA,NA,NA,NA,NA,NA,12.244897959183673,28.571428571428562,10.204081632653068,45.91836734693877,0,0,0,0,0,0,0,0,NA,NA,3.061224489795918,NA,NA,NA,NA,NA
2025-12-23,KXCPICOREYOY-25DEC,16045,NA,NA,NA,NA,NA,NA,NA,NA,NA,NA,NA,NA,NA,NA,NA,NA,NA,NA,NA,NA,NA,NA,NA,NA,NA,NA,NA,13.26530612244898,24.489795918367356,12.244897959183666,45.91836734693877,0,0,0,0,0,0,0,0,NA,NA,4.081632653061225,NA,NA,NA,NA,NA
2025-12-24,KXCPICOREYOY-25DEC,5155,NA,NA,NA,NA,NA,NA,NA,NA,NA,NA,NA,NA,NA,NA,NA,NA,NA,NA,NA,NA,NA,NA,NA,NA,NA,NA,NA,7.142857142857143,26.53061224489796,15.306122448979592,45.91836734693877,0,0,0,0,0,0,0,0,NA,NA,5.1020408163265305,NA,NA,NA,NA,NA
2025-12-25,KXCPICOREYOY-25DEC,325,NA,NA,NA,NA,NA,NA,NA,NA,NA,NA,NA,NA,NA,NA,NA,NA,NA,NA,NA,NA,NA,NA,NA,NA,NA,NA,NA,7.142857142857143,27.551020408163264,14.285714285714286,45.91836734693877,0,0,0,0,0,0,0,0,NA,NA,5.1020408163265305,NA,NA,NA,NA,NA
2025-12-26,KXCPICOREYOY-25DEC,2953,NA,NA,NA,NA,NA,NA,NA,NA,NA,NA,NA,NA,NA,NA,NA,NA,NA,NA,NA,NA,NA,NA,NA,NA,NA,NA,NA,15.306122448979592,19.387755102040824,12.244897959183666,45.91836734693877,0,0,0,0,0,0,0,0,NA,NA,7.142857142857143,NA,NA,NA,NA,NA
2025-12-27,KXCPICOREYOY-25DEC,1036,NA,NA,NA,NA,NA,NA,NA,NA,NA,NA,NA,NA,NA,NA,NA,NA,NA,NA,NA,NA,NA,NA,NA,NA,NA,NA,NA,15.306122448979592,22.448979591836725,9.183673469387761,45.91836734693877,0,0,0,0,0,0,0,0,NA,NA,7.142857142857143,NA,NA,NA,NA,NA
2025-12-28,KXCPICOREYOY-25DEC,773,NA,NA,NA,NA,NA,NA,NA,NA,NA,NA,NA,NA,NA,NA,NA,NA,NA,NA,NA,NA,NA,NA,NA,NA,NA,NA,NA,9.183673469387756,23.46938775510204,14.285714285714286,45.91836734693877,0,0,0,0,0,0,0,0,NA,NA,7.142857142857143,NA,NA,NA,NA,NA
2025-12-29,KXCPICOREYOY-25DEC,10420,NA,NA,NA,NA,NA,NA,NA,NA,NA,NA,NA,NA,NA,NA,NA,NA,NA,NA,NA,NA,NA,NA,NA,NA,NA,NA,NA,15.306122448979592,20.40816326530613,11.22448979591836,45.91836734693877,0,0,0,0,0,0,0,0,NA,NA,7.142857142857143,NA,NA,NA,NA,NA
2025-12-30,KXCPICOREYOY-25DEC,10783,NA,NA,NA,NA,NA,NA,NA,NA,NA,NA,NA,NA,NA,NA,NA,NA,NA,NA,NA,NA,NA,NA,NA,NA,NA,NA,NA,15.306122448979592,19.387755102040824,12.244897959183666,45.91836734693877,0,0,0,0,0,0,0,0,NA,NA,7.142857142857143,NA,NA,NA,NA,NA
2025-12-31,KXCPICOREYOY-25DEC,19104,NA,NA,NA,NA,NA,NA,NA,NA,NA,NA,NA,NA,NA,NA,NA,NA,NA,NA,NA,NA,NA,NA,NA,NA,NA,NA,NA,1.0204081632653061,26.53061224489796,20.408163265306122,45.91836734693877,0,0,0,0,0,0,0,0,NA,NA,6.122448979591836,NA,NA,NA,NA,NA
2026-01-01,KXCPICOREYOY-25DEC,1214,NA,NA,NA,NA,NA,NA,NA,NA,NA,NA,NA,NA,NA,NA,NA,NA,NA,NA,NA,NA,NA,NA,NA,NA,NA,NA,NA,6.122448979591836,21.428571428571427,20.408163265306122,45.91836734693877,0,0,0,0,0,0,0,0,NA,NA,6.122448979591836,NA,NA,NA,NA,NA
2026-01-02,KXCPICOREYOY-25DEC,1217,NA,NA,NA,NA,NA,NA,NA,NA,NA,NA,NA,NA,NA,NA,NA,NA,NA,NA,NA,NA,NA,NA,NA,NA,NA,NA,NA,12.244897959183673,15.306122448979592,23.46938775510204,45.91836734693877,0,0,0,0,0,0,0,0,NA,NA,3.061224489795918,NA,NA,NA,NA,NA
2026-01-03,KXCPICOREYOY-25DEC,491,NA,NA,NA,NA,NA,NA,NA,NA,NA,NA,NA,NA,NA,NA,NA,NA,NA,NA,NA,NA,NA,NA,NA,NA,NA,NA,NA,13.26530612244898,12.244897959183673,25.510204081632654,45.91836734693877,0,0,0,0,0,0,0,0,NA,NA,3.061224489795918,NA,NA,NA,NA,NA
2026-01-04,KXCPICOREYOY-25DEC,310,NA,NA,NA,NA,NA,NA,NA,NA,NA,NA,NA,NA,NA,NA,NA,NA,NA,NA,NA,NA,NA,NA,NA,NA,NA,NA,NA,12.244897959183673,20.408163265306122,18.367346938775512,45.91836734693877,0,0,0,0,0,0,0,0,NA,NA,3.061224489795918,NA,NA,NA,NA,NA
2026-01-05,KXCPICOREYOY-25DEC,21333,NA,NA,NA,NA,NA,NA,NA,NA,NA,NA,NA,NA,NA,NA,NA,NA,NA,NA,NA,NA,NA,NA,NA,NA,NA,NA,NA,4.081632653061225,14.285714285714286,32.6530612244898,45.91836734693877,0,0,0,0,0,0,0,0,NA,NA,3.061224489795918,NA,NA,NA,NA,NA
2026-01-06,KXCPICOREYOY-25DEC,13209,NA,NA,NA,NA,NA,NA,NA,NA,NA,NA,NA,NA,NA,NA,NA,NA,NA,NA,NA,NA,NA,NA,NA,NA,NA,NA,NA,4.081632653061225,21.428571428571427,26.53061224489796,45.91836734693877,0,0,0,0,0,0,0,0,NA,NA,2.0408163265306123,NA,NA,NA,NA,NA
2026-01-07,KXCPICOREYOY-25DEC,23241,NA,NA,NA,NA,NA,NA,NA,NA,NA,NA,NA,NA,NA,NA,NA,NA,NA,NA,NA,NA,NA,NA,NA,NA,NA,NA,NA,5.1020408163265305,17.346938775510203,30.612244897959183,27.551020408163264,11.224489795918368,6.122448979591836,1.0204081632653061,0,0,0,0,0,NA,NA,1.0204081632653061,NA,NA,NA,NA,NA
2026-01-08,KXCPICOREYOY-25DEC,2316,NA,NA,NA,NA,NA,NA,NA,NA,NA,NA,NA,NA,NA,NA,NA,NA,NA,NA,NA,NA,NA,NA,NA,NA,NA,NA,NA,6.122448979591836,26.53061224489796,21.428571428571427,31.632653061224488,7.142857142857143,6.122448979591836,1.0204081632653061,0,0,0,0,0,NA,NA,0,NA,NA,NA,NA,NA
2026-01-09,KXCPICOREYOY-25DEC,3443,NA,NA,NA,NA,NA,NA,NA,NA,NA,NA,NA,NA,NA,NA,NA,NA,NA,NA,NA,NA,NA,NA,NA,NA,NA,NA,NA,2.0408163265306123,30.612244897959183,18.367346938775512,45.91836734693877,0,0,0,0,0,0,0,0,NA,NA,3.061224489795918,NA,NA,NA,NA,NA
2026-01-10,KXCPICOREYOY-25DEC,1136,NA,NA,NA,NA,NA,NA,NA,NA,NA,NA,NA,NA,NA,NA,NA,NA,NA,NA,NA,NA,NA,NA,NA,NA,NA,NA,NA,3.061224489795918,27.551020408163264,23.46938775510204,45.91836734693877,0,0,0,0,0,0,0,0,NA,NA,0,NA,NA,NA,NA,NA
2026-01-11,KXCPICOREYOY-25DEC,1164,NA,NA,NA,NA,NA,NA,NA,NA,NA,NA,NA,NA,NA,NA,NA,NA,NA,NA,NA,NA,NA,NA,NA,NA,NA,NA,NA,1.0204081632653061,31.632653061224488,18.367346938775512,32.6530612244898,7.142857142857144,2.040816326530613,1.0204081632653061,3.061224489795918,0,0,0,0,NA,NA,3.061224489795918,NA,NA,NA,NA,NA
2026-01-12,KXCPICOREYOY-25DEC,29053,NA,NA,NA,NA,NA,NA,NA,NA,NA,NA,NA,NA,NA,NA,NA,NA,NA,NA,NA,NA,NA,NA,NA,NA,NA,NA,NA,5.1020408163265305,24.489795918367346,22.448979591836736,45.91836734693877,0,0,0,0,0,0,0,0,NA,NA,2.0408163265306123,NA,NA,NA,NA,NA
2026-01-13,KXCPICOREYOY-25DEC,6593,NA,NA,NA,NA,NA,NA,NA,NA,NA,NA,NA,NA,NA,NA,NA,NA,NA,NA,NA,NA,NA,NA,NA,NA,NA,NA,NA,2.0408163265306123,16.3265306122449,15.306122448979592,18.367346938775512,45.91836734693877,0,0,0,0,0,0,0,NA,NA,2.0408163265306123,NA,NA,NA,NA,NA
2026-01-14,KXCPICOREYOY-26JAN,431,NA,NA,NA,NA,NA,NA,NA,NA,NA,NA,NA,NA,NA,NA,NA,NA,NA,NA,NA,NA,NA,NA,NA,NA,NA,NA,NA,NA,NA,NA,78.57142857142857,21.428571428571427,NA,NA,NA,NA,NA,NA,NA,NA,NA,NA,NA,NA,NA,NA,NA
2026-01-15,KXCPICOREYOY-26JAN,289,NA,NA,NA,NA,NA,NA,NA,NA,NA,NA,NA,NA,NA,NA,NA,NA,NA,NA,NA,NA,NA,NA,NA,NA,NA,NA,NA,29.591836734693878,37.755102040816325,11.224489795918368,4.081632653061225,9.183673469387756,8.16326530612245,0,0,NA,NA,NA,NA,NA,NA,NA,NA,NA,NA,NA,NA
2026-01-16,KXCPICOREYOY-26JAN,90,NA,NA,NA,NA,NA,NA,NA,NA,NA,NA,NA,NA,NA,NA,NA,NA,NA,NA,NA,NA,NA,NA,NA,NA,NA,NA,NA,29.591836734693878,37.755102040816325,12.244897959183673,3.061224489795918,9.183673469387756,8.16326530612245,0,0,NA,NA,NA,NA,NA,NA,NA,NA,NA,NA,NA,NA
2026-01-17,KXCPICOREYOY-26JAN,73,NA,NA,NA,NA,NA,NA,NA,NA,NA,NA,NA,NA,NA,NA,NA,NA,NA,NA,NA,NA,NA,NA,NA,NA,NA,NA,NA,29.591836734693878,38.775510204081634,11.224489795918368,3.061224489795918,9.183673469387756,8.16326530612245,0,0,NA,NA,NA,NA,NA,NA,NA,NA,NA,NA,NA,NA
2026-01-18,KXCPICOREYOY-26JAN,637,NA,NA,NA,NA,NA,NA,NA,NA,NA,NA,NA,NA,NA,NA,NA,NA,NA,NA,NA,NA,NA,NA,NA,NA,NA,NA,NA,50,15.306122448979592,13.26530612244898,2.0408163265306123,10.204081632653061,9.183673469387756,0,0,NA,NA,NA,NA,NA,NA,NA,NA,NA,NA,NA,NA
2026-01-19,KXCPICOREYOY-26JAN,653,NA,NA,NA,NA,NA,NA,NA,NA,NA,NA,NA,NA,NA,NA,NA,NA,NA,NA,NA,NA,NA,NA,NA,NA,NA,NA,NA,22.448979591836736,41.83673469387755,6.122448979591836,2.0408163265306087,7.142857142857146,8.16326530612245,12.244897959183673,0,NA,NA,NA,NA,NA,NA,NA,NA,NA,NA,NA,NA
2026-01-20,KXCPICOREYOY-26JAN,445,NA,NA,NA,NA,NA,NA,NA,NA,NA,NA,NA,NA,NA,NA,NA,NA,NA,NA,NA,NA,NA,NA,NA,NA,NA,NA,NA,22.448979591836736,26.53061224489796,18.367346938775512,6.122448979591836,6.122448979591836,7.142857142857141,13.265306122448981,0,NA,NA,NA,NA,NA,NA,NA,NA,NA,NA,NA,NA
2026-01-21,KXCPICOREYOY-26JAN,168,NA,NA,NA,NA,NA,NA,NA,NA,NA,NA,NA,NA,NA,NA,NA,NA,NA,NA,NA,NA,NA,NA,NA,NA,NA,NA,NA,13.26530612244898,26.53061224489796,18.367346938775512,6.122448979591836,6.122448979591836,7.142857142857141,13.265306122448981,0,NA,NA,NA,NA,NA,NA,9.183673469387756,NA,NA,NA,NA,NA
2026-01-22,KXCPICOREYOY-26JAN,227,NA,NA,NA,NA,NA,NA,NA,NA,NA,NA,NA,NA,NA,NA,NA,NA,NA,NA,NA,NA,NA,NA,NA,NA,NA,NA,NA,22.448979591836736,26.53061224489796,18.367346938775512,15.306122448979592,4.081632653061223,13.265306122448981,0,0,NA,NA,NA,NA,NA,NA,0,NA,NA,NA,NA,NA
2026-01-23,KXCPICOREYOY-26JAN,60,NA,NA,NA,NA,NA,NA,NA,NA,NA,NA,NA,NA,NA,NA,NA,NA,NA,NA,NA,NA,NA,NA,NA,NA,NA,NA,NA,13.26530612244898,11.224489795918368,18.367346938775512,18.367346938775512,1.0204081632653044,13.265306122448981,0,0,NA,NA,NA,NA,NA,NA,24.489795918367346,NA,NA,NA,NA,NA
2026-01-24,KXCPICOREYOY-26JAN,40,NA,NA,NA,NA,NA,NA,NA,NA,NA,NA,NA,NA,NA,NA,NA,NA,NA,NA,NA,NA,NA,NA,NA,NA,NA,NA,NA,19.38775510204081,5.102040816326538,18.367346938775512,18.367346938775512,1.0204081632653044,13.265306122448981,0,0,NA,NA,NA,NA,NA,NA,24.489795918367346,NA,NA,NA,NA,NA
2026-01-25,KXCPICOREYOY-26JAN,331,NA,NA,NA,NA,NA,NA,NA,NA,NA,NA,NA,NA,NA,NA,NA,NA,NA,NA,NA,NA,NA,NA,NA,NA,NA,NA,NA,32.6530612244898,8.16326530612245,6.122448979591836,26.53061224489796,6.122448979591838,0,0,0,NA,NA,NA,NA,NA,NA,20.408163265306122,NA,NA,NA,NA,NA
2026-01-26,KXCPICOREYOY-26JAN,164,NA,NA,NA,NA,NA,NA,NA,NA,NA,NA,NA,NA,NA,NA,NA,NA,NA,NA,NA,NA,NA,NA,NA,NA,NA,NA,NA,24.48979591836734,16.326530612244905,6.122448979591836,26.53061224489796,6.122448979591838,0,0,0,NA,NA,NA,NA,NA,NA,20.408163265306122,NA,NA,NA,NA,NA
2026-01-27,KXCPICOREYOY-26JAN,4574,NA,NA,NA,NA,NA,NA,NA,NA,NA,NA,NA,NA,NA,NA,NA,NA,NA,NA,NA,NA,NA,NA,NA,NA,NA,NA,NA,40.816326530612244,6.122448979591836,20.408163265306122,1.0204081632653061,4.081632653061225,7.142857142857143,0,0,NA,NA,NA,NA,NA,NA,20.408163265306122,NA,NA,NA,NA,NA
2026-01-28,KXCPICOREYOY-26JAN,1522,NA,NA,NA,NA,NA,NA,NA,NA,NA,NA,NA,NA,NA,NA,NA,NA,NA,NA,NA,NA,NA,NA,NA,NA,NA,NA,NA,27.551020408163264,13.26530612244898,6.122448979591836,19.387755102040817,2.040816326530614,1.0204081632653061,4.081632653061224,6.122448979591838,NA,NA,NA,NA,NA,NA,20.408163265306122,NA,NA,NA,NA,NA
2026-01-29,KXCPICOREYOY-26JAN,983,NA,NA,NA,NA,NA,NA,NA,NA,NA,NA,NA,NA,NA,NA,NA,NA,NA,NA,NA,NA,NA,NA,NA,NA,NA,NA,NA,30.612244897959183,10.204081632653061,13.26530612244898,12.244897959183671,2.040816326530614,8.16326530612245,3.061224489795918,0,NA,NA,NA,NA,NA,NA,20.408163265306122,NA,NA,NA,NA,NA
2026-01-30,KXCPICOREYOY-26JAN,2576,NA,NA,NA,NA,NA,NA,NA,NA,NA,NA,NA,NA,NA,NA,NA,NA,NA,NA,NA,NA,NA,NA,NA,NA,NA,NA,NA,29.591836734693878,11.224489795918368,13.26530612244898,11.224489795918368,4.081632653061225,4.081632653061224,2.040816326530613,4.081632653061225,NA,NA,NA,NA,NA,NA,20.408163265306122,NA,NA,NA,NA,NA
2026-01-31,KXCPICOREYOY-26JAN,109,NA,NA,NA,NA,NA,NA,NA,NA,NA,NA,NA,NA,NA,NA,NA,NA,NA,NA,NA,NA,NA,NA,NA,NA,NA,NA,NA,26.53061224489796,14.285714285714286,13.26530612244898,12.244897959183671,3.06122448979592,4.081632653061224,2.040816326530613,4.081632653061225,0,NA,NA,NA,NA,NA,20.408163265306122,NA,NA,NA,NA,NA
2026-02-01,KXCPICOREYOY-26JAN,353,NA,NA,NA,NA,NA,NA,NA,NA,NA,NA,NA,NA,NA,NA,NA,NA,NA,NA,NA,NA,NA,NA,NA,NA,NA,NA,NA,42.857142857142854,4.081632653061225,13.26530612244898,12.244897959183671,3.06122448979592,4.081632653061224,2.040816326530613,4.081632653061225,0,0,0,0,NA,NA,14.285714285714286,NA,NA,NA,NA,NA
2026-02-02,KXCPICOREYOY-26JAN,123,NA,NA,NA,NA,NA,NA,NA,NA,NA,NA,NA,NA,NA,NA,NA,NA,NA,NA,NA,NA,NA,NA,NA,NA,NA,NA,NA,34.69387755102041,15.306122448979592,10.204081632653061,12.244897959183671,5.102040816326532,2.0408163265306114,2.040816326530613,4.081632653061225,0,0,0,0,NA,NA,14.285714285714286,NA,NA,NA,NA,NA
2026-02-03,KXCPICOREYOY-26JAN,625,NA,NA,NA,NA,NA,NA,NA,NA,NA,NA,NA,NA,NA,NA,NA,NA,NA,NA,NA,NA,NA,NA,NA,NA,NA,NA,NA,34.69387755102041,16.3265306122449,8.16326530612245,12.244897959183671,5.102040816326532,2.0408163265306114,2.040816326530613,4.081632653061225,0,0,0,0,NA,NA,15.306122448979592,NA,NA,NA,NA,NA
2026-02-04,KXCPICOREYOY-26JAN,537,NA,NA,NA,NA,NA,NA,NA,NA,NA,NA,NA,NA,NA,NA,NA,NA,NA,NA,NA,NA,NA,NA,NA,NA,NA,NA,NA,51.02040816326531,10.204081632653061,14.285714285714286,9.183673469387756,0,0,0,0,0,0,0,0,NA,NA,15.306122448979592,NA,NA,NA,NA,NA
2026-02-05,KXCPICOREYOY-26JAN,851,NA,NA,NA,NA,NA,NA,NA,NA,NA,NA,NA,NA,NA,NA,NA,NA,NA,NA,NA,NA,NA,NA,NA,NA,NA,NA,NA,33.673469387755105,16.3265306122449,11.224489795918368,14.285714285714286,8.16326530612245,1.0204081632653061,0,0,0,0,0,0,NA,NA,15.306122448979592,NA,NA,NA,NA,NA
2026-02-06,KXCPICOREYOY-26JAN,936,NA,NA,NA,NA,NA,NA,NA,NA,NA,NA,NA,NA,NA,NA,NA,NA,NA,NA,NA,NA,NA,NA,NA,NA,NA,NA,NA,54.08163265306123,38.775510204081634,0,0,0,0,0,0,0,0,0,0,NA,NA,7.142857142857143,NA,NA,NA,NA,NA
2026-02-07,KXCPICOREYOY-26JAN,241,NA,NA,NA,NA,NA,NA,NA,NA,NA,NA,NA,NA,NA,NA,NA,NA,NA,NA,NA,NA,NA,NA,NA,NA,NA,NA,NA,20.408163265306122,39.795918367346935,9.183673469387756,14.285714285714286,2.0408163265306123,1.0204081632653053,2.040816326530613,4.081632653061225,0,0,0,0,NA,NA,7.142857142857143,NA,NA,NA,NA,NA
2026-02-08,KXCPICOREYOY-26JAN,121,NA,NA,NA,NA,NA,NA,NA,NA,NA,NA,NA,NA,NA,NA,NA,NA,NA,NA,NA,NA,NA,NA,NA,NA,NA,NA,NA,37.755102040816325,23.46938775510204,13.26530612244898,15.306122448979592,1.0204081632653061,1.0204081632653053,2.040816326530613,4.081632653061225,0,0,0,0,NA,NA,2.0408163265306123,NA,NA,NA,NA,NA
2026-02-09,KXCPICOREYOY-26FEB,29,NA,NA,NA,NA,NA,NA,NA,NA,NA,NA,NA,NA,NA,NA,NA,NA,NA,NA,NA,NA,NA,NA,NA,NA,NA,NA,NA,9.183673469387756,7.142857142857143,7.142857142857143,54.08163265306123,NA,NA,NA,NA,NA,NA,NA,NA,NA,NA,22.448979591836736,NA,NA,NA,NA,NA
2026-02-09,KXCPICOREYOY-26JAN,1730,NA,NA,NA,NA,NA,NA,NA,NA,NA,NA,NA,NA,NA,NA,NA,NA,NA,NA,NA,NA,NA,NA,NA,NA,NA,NA,NA,23.46938775510204,42.857142857142854,10.204081632653061,19.387755102040817,3.061224489795918,1.0204081632653061,0,0,0,0,0,0,NA,NA,0,NA,NA,NA,NA,NA
2026-02-10,KXCPICOREYOY-26FEB,0,NA,NA,NA,NA,NA,NA,NA,NA,NA,NA,NA,NA,NA,NA,NA,NA,NA,NA,NA,NA,NA,NA,NA,NA,NA,NA,NA,9.183673469387756,7.142857142857143,7.142857142857143,54.08163265306123,NA,NA,NA,NA,NA,NA,NA,NA,NA,NA,22.448979591836736,NA,NA,NA,NA,NA
2026-02-10,KXCPICOREYOY-26JAN,2393,NA,NA,NA,NA,NA,NA,NA,NA,NA,NA,NA,NA,NA,NA,NA,NA,NA,NA,NA,NA,NA,NA,NA,NA,NA,NA,NA,19.387755102040817,42.857142857142854,1.0204081632653061,21.428571428571427,2.0408163265306123,0,0,0,0,0,0,0,NA,NA,13.26530612244898,NA,NA,NA,NA,NA
2026-02-11,KXCPICOREYOY-26FEB,15,NA,NA,NA,NA,NA,NA,NA,NA,NA,NA,NA,NA,NA,NA,NA,NA,NA,NA,NA,NA,NA,NA,NA,NA,NA,NA,NA,9.183673469387756,5.1020408163265305,9.183673469387756,54.08163265306123,NA,NA,NA,NA,NA,NA,NA,NA,NA,NA,22.448979591836736,NA,NA,NA,NA,NA
2026-02-11,KXCPICOREYOY-26JAN,1828,NA,NA,NA,NA,NA,NA,NA,NA,NA,NA,NA,NA,NA,NA,NA,NA,NA,NA,NA,NA,NA,NA,NA,NA,NA,NA,NA,12.244897959183673,36.734693877551024,10.204081632653061,13.26530612244898,2.0408163265306123,0,0,0,0,0,0,0,NA,NA,25.510204081632654,NA,NA,NA,NA,NA
2026-02-12,KXCPICOREYOY-26FEB,99,NA,NA,NA,NA,NA,NA,NA,NA,NA,NA,NA,NA,NA,NA,NA,NA,NA,NA,NA,NA,NA,NA,NA,NA,NA,NA,NA,9.183673469387756,5.1020408163265305,9.183673469387756,35.714285714285715,18.367346938775512,0,0,0,0,0,0,0,NA,NA,22.448979591836736,NA,NA,NA,NA,NA
2026-02-12,KXCPICOREYOY-26JAN,2790,NA,NA,NA,NA,NA,NA,NA,NA,NA,NA,NA,NA,NA,NA,NA,NA,NA,NA,NA,NA,NA,NA,NA,NA,NA,NA,NA,25.510204081632654,38.775510204081634,15.306122448979592,5.102040816326531,1.0204081632653061,0,0,0,0,0,0,0,NA,NA,14.285714285714286,NA,NA,NA,NA,NA
2026-02-13,KXCPICOREYOY-26FEB,2946,NA,NA,NA,NA,NA,NA,NA,NA,NA,NA,NA,NA,NA,NA,NA,NA,NA,NA,NA,NA,NA,NA,NA,NA,NA,NA,NA,34.69387755102041,22.448979591836736,4.081632653061225,1.0204081632653061,4.081632653061225,0,0,0,0,0,0,0,NA,NA,33.673469387755105,0,NA,NA,NA,NA
2026-02-13,KXCPICOREYOY-26JAN,2654,NA,NA,NA,NA,NA,NA,NA,NA,NA,NA,NA,NA,NA,NA,NA,NA,NA,NA,NA,NA,NA,NA,NA,NA,NA,NA,NA,0,0,14.285714285714286,20.408163265306122,15.306122448979592,43.87755102040816,2.040816326530613,4.081632653061225,0,0,0,0,NA,NA,0,NA,NA,NA,NA,NA
2026-02-14,KXCPICOREYOY-26FEB,686,NA,NA,NA,NA,NA,NA,NA,NA,NA,NA,NA,NA,NA,NA,NA,NA,NA,NA,NA,NA,NA,NA,NA,NA,NA,NA,NA,31.632653061224488,18.367346938775512,7.142857142857143,4.081632653061225,0,0,0,0,0,0,0,0,NA,NA,34.69387755102041,4.081632653061225,NA,NA,NA,NA
2026-02-15,KXCPICOREYOY-26FEB,845,NA,NA,NA,NA,NA,NA,NA,NA,NA,NA,NA,NA,NA,NA,NA,NA,NA,NA,NA,NA,NA,NA,NA,NA,NA,NA,NA,32.6530612244898,20.408163265306122,7.142857142857143,4.081632653061225,0,0,0,0,0,0,0,0,NA,NA,30.612244897959183,5.1020408163265305,NA,NA,NA,NA
2026-02-16,KXCPICOREYOY-26FEB,982,NA,NA,NA,NA,NA,NA,NA,NA,NA,NA,NA,NA,NA,NA,NA,NA,NA,NA,NA,NA,NA,NA,NA,NA,NA,NA,NA,32.6530612244898,18.367346938775512,7.142857142857143,4.081632653061225,0,0,0,0,0,0,0,0,NA,NA,32.6530612244898,5.1020408163265305,NA,NA,NA,NA
2026-02-17,KXCPICOREYOY-26FEB,885,NA,NA,NA,NA,NA,NA,NA,NA,NA,NA,NA,NA,NA,NA,NA,NA,NA,NA,NA,NA,NA,NA,NA,NA,NA,NA,NA,31.632653061224488,19.387755102040817,6.122448979591836,4.081632653061225,0,0,0,0,0,0,0,0,NA,NA,33.673469387755105,5.1020408163265305,0,NA,NA,NA
2026-02-18,KXCPICOREYOY-26FEB,606,NA,NA,NA,NA,NA,NA,NA,NA,NA,NA,NA,NA,NA,NA,NA,NA,NA,NA,NA,NA,NA,NA,NA,NA,NA,NA,NA,31.632653061224488,19.387755102040817,6.122448979591836,4.081632653061225,0,0,0,0,0,0,0,0,NA,NA,33.673469387755105,5.1020408163265305,0,NA,NA,NA
2026-02-19,KXCPICOREYOY-26FEB,7634,NA,NA,NA,NA,NA,NA,NA,NA,NA,NA,NA,NA,NA,NA,NA,NA,NA,NA,NA,NA,NA,NA,NA,NA,NA,NA,NA,34.69387755102041,32.6530612244898,13.26530612244898,2.0408163265306123,0,0,0,0,0,0,0,0,NA,NA,12.244897959183673,5.1020408163265305,0,NA,NA,NA
2026-02-20,KXCPICOREYOY-26FEB,2199,NA,NA,NA,NA,NA,NA,NA,NA,NA,NA,NA,NA,NA,NA,NA,NA,NA,NA,NA,NA,NA,NA,NA,NA,NA,NA,NA,41.83673469387755,23.46938775510204,0,0,0,0,0,0,0,0,0,0,NA,NA,25.510204081632654,3.061224489795918,6.122448979591836,NA,NA,NA
2026-02-21,KXCPICOREYOY-26FEB,316,NA,NA,NA,NA,NA,NA,NA,NA,NA,NA,NA,NA,NA,NA,NA,NA,NA,NA,NA,NA,NA,NA,NA,NA,NA,NA,NA,43.87755102040816,18.367346938775512,1.0204081632653061,3.061224489795918,0,0,0,0,0,0,0,0,NA,NA,24.489795918367346,7.142857142857143,2.0408163265306123,NA,NA,NA
2026-02-22,KXCPICOREYOY-26FEB,20,NA,NA,NA,NA,NA,NA,NA,NA,NA,NA,NA,NA,NA,NA,NA,NA,NA,NA,NA,NA,NA,NA,NA,NA,NA,NA,NA,42.857142857142854,19.387755102040817,1.0204081632653061,3.061224489795918,0,0,0,0,0,0,0,0,NA,NA,24.489795918367346,7.142857142857143,2.0408163265306123,NA,NA,NA
2026-02-23,KXCPICOREYOY-26FEB,137,NA,NA,NA,NA,NA,NA,NA,NA,NA,NA,NA,NA,NA,NA,NA,NA,NA,NA,NA,NA,NA,NA,NA,NA,NA,NA,NA,43.87755102040816,13.26530612244898,7.142857142857143,2.0408163265306123,0,0,0,0,0,0,0,0,NA,NA,29.591836734693878,2.0408163265306123,2.0408163265306123,NA,NA,NA
2026-02-24,KXCPICOREYOY-26FEB,634,NA,NA,NA,NA,NA,NA,NA,NA,NA,NA,NA,NA,NA,NA,NA,NA,NA,NA,NA,NA,NA,NA,NA,NA,NA,NA,NA,50,7.142857142857143,8.16326530612245,1.0204081632653061,0,0,0,0,0,0,0,0,NA,NA,24.489795918367346,7.142857142857143,2.0408163265306123,NA,NA,NA
2026-02-25,KXCPICOREYOY-26FEB,1059,NA,NA,NA,NA,NA,NA,NA,NA,NA,NA,NA,NA,NA,NA,NA,NA,NA,NA,NA,NA,NA,NA,NA,NA,NA,NA,NA,46.93877551020408,11.224489795918368,8.16326530612245,1.0204081632653061,0,0,0,0,0,0,0,0,NA,NA,25.510204081632654,5.1020408163265305,2.0408163265306123,NA,NA,NA
2026-02-26,KXCPICOREYOY-26FEB,4831,NA,NA,NA,NA,NA,NA,NA,NA,NA,NA,NA,NA,NA,NA,NA,NA,NA,NA,NA,NA,NA,NA,NA,NA,NA,NA,NA,38.775510204081634,24.489795918367346,2.0408163265306123,3.061224489795918,0,0,0,0,0,0,0,0,NA,NA,24.489795918367346,5.1020408163265305,2.0408163265306123,NA,NA,NA
2026-02-27,KXCPICOREYOY-26FEB,1508,NA,NA,NA,NA,NA,NA,NA,NA,NA,NA,NA,NA,NA,NA,NA,NA,NA,NA,NA,NA,NA,NA,NA,NA,NA,NA,NA,33.673469387755105,22.448979591836736,1.0204081632653061,10.204081632653061,0,0,0,0,0,0,0,0,NA,NA,28.571428571428573,2.0408163265306123,2.0408163265306123,NA,NA,NA
2026-02-28,KXCPICOREYOY-26FEB,902,NA,NA,NA,NA,NA,NA,NA,NA,NA,NA,NA,NA,NA,NA,NA,NA,NA,NA,NA,NA,NA,NA,NA,NA,NA,NA,NA,38.775510204081634,14.285714285714286,7.142857142857143,10.204081632653061,0,0,0,0,0,0,0,0,NA,NA,20.408163265306122,7.142857142857143,2.0408163265306123,NA,NA,NA
2026-03-01,KXCPICOREYOY-26FEB,627,NA,NA,NA,NA,NA,NA,NA,NA,NA,NA,NA,NA,NA,NA,NA,NA,NA,NA,NA,NA,NA,NA,NA,NA,NA,NA,NA,32.6530612244898,21.428571428571427,6.122448979591836,5.1020408163265305,0,0,0,0,0,0,0,0,NA,NA,22.448979591836736,10.204081632653061,2.0408163265306123,NA,NA,NA
2026-03-02,KXCPICOREYOY-26FEB,1888,NA,NA,NA,NA,NA,NA,NA,NA,NA,NA,NA,NA,NA,NA,NA,NA,NA,NA,NA,NA,NA,NA,NA,NA,NA,NA,NA,30.612244897959183,20.408163265306122,8.163265306122451,5.1020408163265305,0,0,0,0,0,0,0,0,NA,NA,22.448979591836736,11.224489795918368,2.0408163265306123,NA,NA,NA
2026-03-03,KXCPICOREYOY-26FEB,873,NA,NA,NA,NA,NA,NA,NA,NA,NA,NA,NA,NA,NA,NA,NA,NA,NA,NA,NA,NA,NA,NA,NA,NA,NA,NA,NA,32.6530612244898,22.448979591836736,8.163265306122451,5.1020408163265305,0,0,0,0,0,0,0,0,NA,NA,16.3265306122449,13.26530612244898,2.0408163265306123,NA,NA,NA
2026-03-04,KXCPICOREYOY-26FEB,621,NA,NA,NA,NA,NA,NA,NA,NA,NA,NA,NA,NA,NA,NA,NA,NA,NA,NA,NA,NA,NA,NA,NA,NA,NA,NA,NA,28.571428571428573,28.571428571428573,6.122448979591836,5.1020408163265305,0,0,0,0,0,0,0,0,NA,NA,26.53061224489796,3.061224489795918,2.0408163265306123,NA,NA,NA
2026-03-05,KXCPICOREYOY-26FEB,902,NA,NA,NA,NA,NA,NA,NA,NA,NA,NA,NA,NA,NA,NA,NA,NA,NA,NA,NA,NA,NA,NA,NA,NA,NA,NA,NA,33.673469387755105,21.428571428571427,10.204081632653061,5.1020408163265305,0,0,0,0,0,0,0,0,NA,NA,24.489795918367346,3.061224489795918,2.0408163265306123,NA,NA,NA
2026-03-06,KXCPICOREYOY-26FEB,3873,NA,NA,NA,NA,NA,NA,NA,NA,NA,NA,NA,NA,NA,NA,NA,NA,NA,NA,NA,NA,NA,NA,NA,NA,NA,NA,NA,38.775510204081634,24.489795918367346,9.183673469387756,5.1020408163265305,0,0,0,0,0,0,0,0,NA,NA,18.367346938775512,2.0408163265306123,2.0408163265306123,0,NA,NA
2026-03-07,KXCPICOREYOY-26FEB,1265,NA,NA,NA,NA,NA,NA,NA,NA,NA,NA,NA,NA,NA,NA,NA,NA,NA,NA,NA,NA,NA,NA,NA,NA,NA,NA,NA,29.591836734693878,27.551020408163264,12.244897959183673,5.1020408163265305,0,0,0,0,0,0,0,0,NA,NA,19.387755102040817,4.081632653061225,2.0408163265306123,0,NA,NA
2026-03-08,KXCPICOREYOY-26FEB,2571,NA,NA,NA,NA,NA,NA,NA,NA,NA,NA,NA,NA,NA,NA,NA,NA,NA,NA,NA,NA,NA,NA,NA,NA,NA,NA,NA,34.69387755102041,29.591836734693878,6.122448979591836,3.061224489795918,0,0,0,0,0,0,0,0,NA,NA,22.448979591836736,2.0408163265306123,2.0408163265306123,0,NA,NA
2026-03-09,KXCPICOREYOY-26FEB,2511,NA,NA,NA,NA,NA,NA,NA,NA,NA,NA,NA,NA,NA,NA,NA,NA,NA,NA,NA,NA,NA,NA,NA,NA,NA,NA,NA,30.612244897959183,21.428571428571427,4.081632653061225,2.0408163265306123,1.0204081632653061,2.0408163265306123,0,0,0,0,0,0,NA,NA,29.591836734693878,4.081632653061225,4.081632653061225,1.0204081632653061,NA,NA
2026-03-10,KXCPICOREYOY-26FEB,7930,NA,NA,NA,NA,NA,NA,NA,NA,NA,NA,NA,NA,NA,NA,NA,NA,NA,NA,NA,NA,NA,NA,NA,NA,NA,NA,NA,28.571428571428577,16.326530612244902,9.183673469387756,1.0204081632653061,1.0204081632653061,0,0,0,0,0,0,0,NA,NA,36.73469387755101,2.0408163265306123,5.1020408163265305,0,NA,NA
2026-03-11,KXCPICOREYOY-26FEB,5428,NA,NA,NA,NA,NA,NA,NA,NA,NA,NA,NA,NA,NA,NA,NA,NA,NA,NA,NA,NA,NA,NA,NA,NA,NA,NA,NA,36.734693877551024,20.408163265306122,3.061224489795918,1.0204081632653061,0,0,0,0,0,0,0,0,NA,NA,37.755102040816325,1.0204081632653061,0,0,NA,NA
2026-03-11,KXCPICOREYOY-26MAR,4728,NA,NA,NA,NA,NA,NA,NA,NA,NA,NA,NA,NA,NA,NA,NA,NA,NA,NA,NA,NA,NA,NA,NA,NA,NA,NA,NA,16.3265306122449,34.69387755102041,16.3265306122449,8.16326530612245,5.1020408163265305,8.16326530612245,2.0408163265306123,NA,NA,NA,NA,NA,NA,NA,1.0204081632653061,2.0408163265306123,1.0204081632653061,5.1020408163265305,0,0
2026-03-12,KXCPICOREYOY-26MAR,1377,NA,NA,NA,NA,NA,NA,NA,NA,NA,NA,NA,NA,NA,NA,NA,NA,NA,NA,NA,NA,NA,NA,NA,NA,NA,NA,NA,17.346938775510203,28.571428571428573,20.408163265306122,11.224489795918364,1.020408163265308,10.204081632653061,2.0408163265306123,NA,NA,NA,NA,NA,NA,NA,1.0204081632653061,2.0408163265306123,1.0204081632653061,5.1020408163265305,0,0
2026-03-13,KXCPICOREYOY-26MAR,1551,NA,NA,NA,NA,NA,NA,NA,NA,NA,NA,NA,NA,NA,NA,NA,NA,NA,NA,NA,NA,NA,NA,NA,NA,NA,NA,NA,1.0204081632653061,39.795918367346935,25.510204081632654,13.26530612244898,11.224489795918368,1.0204081632653061,0,NA,NA,NA,NA,NA,NA,NA,2.0408163265306123,1.0204081632653061,5.1020408163265305,0,0,0
2026-03-14,KXCPICOREYOY-26MAR,76,NA,NA,NA,NA,NA,NA,NA,NA,NA,NA,NA,NA,NA,NA,NA,NA,NA,NA,NA,NA,NA,NA,NA,NA,NA,NA,NA,11.224489795918368,35.714285714285715,26.53061224489796,12.244897959183673,11.224489795918368,1.0204081632653061,0,NA,NA,NA,NA,NA,NA,NA,2.0408163265306123,0,0,0,0,0
2026-03-15,KXCPICOREYOY-26MAR,250,NA,NA,NA,NA,NA,NA,NA,NA,NA,NA,NA,NA,NA,NA,NA,NA,NA,NA,NA,NA,NA,NA,NA,NA,NA,NA,NA,7.142857142857143,28.57142857142858,33.67346938775509,12.244897959183673,9.183673469387756,1.0204081632653061,2.0408163265306123,0,0,0,NA,NA,NA,NA,1.0204081632653061,5.1020408163265305,0,0,0,0
2026-03-16,KXCPICOREYOY-26MAR,113,NA,NA,NA,NA,NA,NA,NA,NA,NA,NA,NA,NA,NA,NA,NA,NA,NA,NA,NA,NA,NA,NA,NA,NA,NA,NA,NA,6.122448979591836,35.714285714285715,25.510204081632654,18.367346938775512,4.081632653061225,1.0204081632653061,2.0408163265306123,0,0,0,NA,NA,NA,NA,1.0204081632653061,1.0204081632653061,5.1020408163265305,0,0,0
2026-03-17,KXCPICOREYOY-26MAR,20,NA,NA,NA,NA,NA,NA,NA,NA,NA,NA,NA,NA,NA,NA,NA,NA,NA,NA,NA,NA,NA,NA,NA,NA,NA,NA,NA,6.122448979591836,35.714285714285715,26.53061224489796,17.346938775510203,4.081632653061225,1.0204081632653061,2.0408163265306123,0,0,0,NA,NA,NA,NA,1.0204081632653061,1.0204081632653061,5.1020408163265305,0,0,0
2026-03-18,KXCPICOREYOY-26MAR,2594,NA,NA,NA,NA,NA,NA,NA,NA,NA,NA,NA,NA,NA,NA,NA,NA,NA,NA,NA,NA,NA,NA,NA,NA,NA,NA,NA,9.183673469387756,21.428571428571427,28.571428571428573,26.53061224489796,5.1020408163265305,2.0408163265306123,0,0,0,0,NA,NA,NA,NA,1.0204081632653061,1.0204081632653061,5.1020408163265305,0,0,0
2026-03-19,KXCPICOREYOY-26MAR,5512,NA,NA,NA,NA,NA,NA,NA,NA,NA,NA,NA,NA,NA,NA,NA,NA,NA,NA,NA,NA,NA,NA,NA,NA,NA,NA,NA,0,3.061224489795918,45.91836734693877,18.367346938775512,1.0204081632653061,26.53061224489796,1.0204081632653061,4.081632653061225,0,0,NA,NA,NA,NA,0,0,0,0,0,0
2026-03-20,KXCPICOREYOY-26MAR,4397,NA,NA,NA,NA,NA,NA,NA,NA,NA,NA,NA,NA,NA,NA,NA,NA,NA,NA,NA,NA,NA,NA,NA,NA,NA,NA,NA,6.122448979591836,16.3265306122449,16.3265306122449,15.306122448979592,8.16326530612245,12.244897959183673,13.26530612244898,1.0204081632653061,4.081632653061225,0,NA,NA,NA,NA,1.0204081632653061,1.0204081632653061,5.1020408163265305,0,0,0
2026-03-21,KXCPICOREYOY-26MAR,4400,NA,NA,NA,NA,NA,NA,NA,NA,NA,NA,NA,NA,NA,NA,NA,NA,NA,NA,NA,NA,NA,NA,NA,NA,NA,NA,NA,2.0408163265306123,2.0408163265306123,19.387755102040817,2.0408163265306123,10.204081632653061,27.551020408163264,31.632653061224488,1.0204081632653061,4.081632653061225,0,NA,NA,NA,NA,0,0,0,0,0,0
2026-03-22,KXCPICOREYOY-26MAR,494,NA,NA,NA,NA,NA,NA,NA,NA,NA,NA,NA,NA,NA,NA,NA,NA,NA,NA,NA,NA,NA,NA,NA,NA,NA,NA,NA,7.142857142857143,17.346938775510203,26.53061224489796,15.306122448979592,6.122448979591836,20.408163265306122,1.0204081632653061,4.081632653061225,0,0,NA,NA,NA,NA,2.0408163265306123,0,0,0,0,0
2026-03-23,KXCPICOREYOY-26MAR,3787,NA,NA,NA,NA,NA,NA,NA,NA,NA,NA,NA,NA,NA,NA,NA,NA,NA,NA,NA,NA,NA,NA,NA,NA,NA,NA,NA,4.081632653061225,17.346938775510203,40.816326530612244,32.6530612244898,0,0,0,0,0,0,NA,NA,NA,NA,5.1020408163265305,0,0,0,0,0
2026-03-24,KXCPICOREYOY-26MAR,1112,NA,NA,NA,NA,NA,NA,NA,NA,NA,NA,NA,NA,NA,NA,NA,NA,NA,NA,NA,NA,NA,NA,NA,NA,NA,NA,NA,3.061224489795918,30.612244897959183,28.571428571428573,11.224489795918368,16.3265306122449,1.0204081632653061,3.061224489795918,0,0,0,NA,NA,NA,NA,1.0204081632653061,5.1020408163265305,0,0,0,0
2026-03-25,KXCPICOREYOY-26MAR,6046,NA,NA,NA,NA,NA,NA,NA,NA,NA,NA,NA,NA,NA,NA,NA,NA,NA,NA,NA,NA,NA,NA,NA,NA,NA,NA,NA,3.061224489795918,36.734693877551024,33.673469387755105,20.408163265306122,0,0,0,0,0,0,NA,NA,NA,NA,1.0204081632653061,5.1020408163265305,0,0,0,0
2026-03-26,KXCPICOREYOY-26MAR,4444,NA,NA,NA,NA,NA,NA,NA,NA,NA,NA,NA,NA,NA,NA,NA,NA,NA,NA,NA,NA,NA,NA,NA,NA,NA,NA,NA,4.081632653061225,30.612244897959183,38.775510204081634,21.428571428571427,0,0,0,0,0,0,NA,NA,NA,NA,5.1020408163265305,0,0,0,0,0
2026-03-27,KXCPICOREYOY-26MAR,1757,NA,NA,NA,NA,NA,NA,NA,NA,NA,NA,NA,NA,NA,NA,NA,NA,NA,NA,NA,NA,NA,NA,NA,NA,NA,NA,NA,5.1020408163265305,32.6530612244898,34.69387755102041,15.306122448979592,2.0408163265306123,0,0,0,0,0,NA,NA,NA,NA,6.122448979591836,4.081632653061225,0,0,0,0
2026-03-28,KXCPICOREYOY-26MAR,3079,NA,NA,NA,NA,NA,NA,NA,NA,NA,NA,NA,NA,NA,NA,NA,NA,NA,NA,NA,NA,NA,NA,NA,NA,NA,NA,NA,11.224489795918368,31.632653061224488,25.510204081632654,14.285714285714286,2.0408163265306123,1.0204081632653061,4.081632653061225,0,0,0,NA,NA,NA,NA,6.122448979591836,4.081632653061225,0,0,0,0
2026-03-29,KXCPICOREYOY-26MAR,697,NA,NA,NA,NA,NA,NA,NA,NA,NA,NA,NA,NA,NA,NA,NA,NA,NA,NA,NA,NA,NA,NA,NA,NA,NA,NA,NA,6.122448979591836,35.714285714285715,32.6530612244898,6.122448979591836,4.081632653061225,1.0204081632653061,4.081632653061225,0,0,0,NA,NA,NA,NA,6.122448979591836,4.081632653061225,0,0,0,0
2026-03-30,KXCPICOREYOY-26MAR,6027,NA,NA,NA,NA,NA,NA,NA,NA,NA,NA,NA,NA,NA,NA,NA,NA,NA,NA,NA,NA,NA,NA,NA,NA,NA,NA,NA,8.16326530612245,30.612244897959183,33.673469387755105,12.244897959183673,1.0204081632653061,4.081632653061225,0,0,0,0,NA,NA,NA,NA,6.122448979591836,4.081632653061225,0,0,0,0
2026-03-31,KXCPICOREYOY-26MAR,1764,NA,NA,NA,NA,NA,NA,NA,NA,NA,NA,NA,NA,NA,NA,NA,NA,NA,NA,NA,NA,NA,NA,NA,NA,NA,NA,NA,13.26530612244898,31.632653061224488,34.69387755102041,10.204081632653061,1.0204081632653061,4.081632653061225,0,0,0,0,NA,NA,NA,NA,1.0204081632653061,4.081632653061225,0,0,0,0
2026-04-01,KXCPICOREYOY-26MAR,738,NA,NA,NA,NA,NA,NA,NA,NA,NA,NA,NA,NA,NA,NA,NA,NA,NA,NA,NA,NA,NA,NA,NA,NA,NA,NA,NA,17.346938775510203,27.551020408163264,37.755102040816325,9.183673469387758,4.081632653061225,0,0,0,0,0,NA,NA,NA,NA,4.081632653061225,0,0,0,0,0
2026-04-02,KXCPICOREYOY-26MAR,6097,NA,NA,NA,NA,NA,NA,NA,NA,NA,NA,NA,NA,NA,NA,NA,NA,NA,NA,NA,NA,NA,NA,NA,NA,NA,NA,NA,10.204081632653061,25.510204081632654,36.734693877551024,23.46938775510204,1.0204081632653061,0,0,0,0,0,NA,NA,NA,NA,3.061224489795918,0,0,0,0,0
2026-04-03,KXCPICOREYOY-26MAR,2822,NA,NA,NA,NA,NA,NA,NA,NA,NA,NA,NA,NA,NA,NA,NA,NA,NA,NA,NA,NA,NA,NA,NA,NA,NA,NA,NA,4.081632653061225,32.6530612244898,38.775510204081634,14.285714285714286,1.0204081632653053,1.020408163265307,5.1020408163265305,0,0,0,NA,NA,NA,NA,3.061224489795918,0,0,0,0,0
2026-04-04,KXCPICOREYOY-26MAR,4354,NA,NA,NA,NA,NA,NA,NA,NA,NA,NA,NA,NA,NA,NA,NA,NA,NA,NA,NA,NA,NA,NA,NA,0,NA,0,0,2.0408163265306123,40.816326530612244,33.673469387755105,13.26530612244898,4.081632653061225,3.061224489795918,0,0,0,0,0,0,0,0,3.061224489795918,0,0,0,0,0
2026-04-05,KXCPICOREYOY-26MAR,2560,NA,NA,NA,NA,NA,NA,NA,NA,NA,NA,NA,NA,NA,NA,NA,NA,NA,NA,NA,NA,NA,NA,NA,0,NA,0,0,7.142857142857143,31.632653061224488,40.816326530612244,18.367346938775512,2.0408163265306123,0,0,0,0,0,0,0,0,0,0,0,0,0,0,0
2026-04-06,KXCPICOREYOY-26MAR,5371,NA,NA,NA,NA,NA,NA,NA,NA,NA,NA,NA,NA,NA,NA,NA,NA,NA,NA,NA,NA,NA,NA,NA,0,NA,0,0,2.0408163265306123,30.612244897959183,46.93877551020408,15.306122448979592,2.0408163265306123,0,0,0,0,0,0,0,0,0,3.061224489795918,0,0,0,0,0
2026-04-07,KXCPICOREYOY-26MAR,1478,NA,NA,NA,NA,NA,NA,NA,NA,NA,NA,NA,NA,NA,NA,NA,NA,NA,NA,NA,NA,NA,NA,NA,0,NA,0,0,2.0408163265306123,32.6530612244898,51.02040816326531,12.244897959183673,2.0408163265306123,0,0,0,0,0,0,0,0,0,0,0,0,0,0,0
2026-04-08,KXCPICOREYOY-26MAR,6803,NA,NA,NA,NA,NA,NA,NA,NA,NA,NA,NA,NA,NA,NA,NA,NA,NA,NA,NA,NA,NA,NA,NA,0,NA,0,0,12.244897959183673,31.632653061224488,39.795918367346935,9.183673469387758,4.081632653061225,0,0,0,0,0,0,0,0,0,3.061224489795918,0,0,0,0,0
2026-04-09,KXCPICOREYOY-26MAR,37916.88,NA,NA,NA,NA,NA,NA,NA,NA,NA,NA,NA,NA,NA,NA,NA,NA,NA,NA,NA,NA,NA,NA,NA,0,NA,0,0,11.224489795918368,31.632653061224488,39.795918367346935,10.204081632653061,4.081632653061225,0,0,0,0,0,0,0,0,0,3.061224489795918,0,0,0,0,0
2026-04-10,KXCPICOREYOY-26MAR,15477.86,NA,NA,NA,NA,NA,NA,NA,NA,NA,NA,NA,NA,NA,NA,NA,NA,NA,NA,NA,NA,NA,NA,NA,0,NA,0,0,10.204081632653061,33.673469387755105,39.795918367346935,5.102040816326532,1.0204081632653061,7.142857142857143,0,0,0,0,0,0,0,0,2.0408163265306123,1.0204081632653061,0,0,0,0
2026-04-12,KXCPICOREYOY-26APR,8285.79,NA,NA,NA,NA,NA,NA,NA,NA,NA,NA,NA,NA,NA,NA,NA,NA,NA,NA,NA,NA,NA,NA,NA,NA,NA,NA,NA,18.367346938775512,15.306122448979592,39.795918367346935,14.285714285714286,1.020408163265307,1.0204081632653061,4.081632653061225,0,0,0,0,NA,NA,NA,2.0408163265306123,4.081632653061225,NA,NA,NA,NA
2026-04-13,KXCPICOREYOY-26APR,3619.3399999999997,NA,NA,NA,NA,NA,NA,NA,NA,NA,NA,NA,NA,NA,NA,NA,NA,NA,NA,NA,NA,NA,NA,NA,NA,NA,NA,NA,25.510204081632654,15.306122448979599,27.551020408163257,16.326530612244895,7.142857142857144,2.040816326530613,4.081632653061225,0,0,0,0,NA,NA,NA,2.0408163265306123,0,NA,NA,NA,NA
2026-04-14,KXCPICOREYOY-26APR,1217.53,NA,NA,NA,NA,NA,NA,NA,NA,NA,NA,NA,NA,NA,NA,NA,NA,NA,NA,NA,NA,NA,NA,NA,NA,NA,NA,NA,15.306122448979592,19.387755102040824,30.612244897959176,12.244897959183673,8.163265306122447,2.040816326530613,4.081632653061225,0,0,0,0,NA,NA,NA,6.122448979591836,2.0408163265306123,NA,NA,NA,NA
2026-04-15,KXCPICOREYOY-26APR,388.85999999999996,NA,NA,NA,NA,NA,NA,NA,NA,NA,NA,NA,NA,NA,NA,NA,NA,NA,NA,NA,NA,NA,NA,NA,NA,NA,NA,NA,17.346938775510203,13.26530612244898,28.571428571428573,18.367346938775512,8.163265306122447,2.040816326530613,4.081632653061225,0,0,0,0,NA,NA,NA,6.122448979591836,2.0408163265306123,NA,NA,NA,NA
2026-04-16,KXCPICOREYOY-26APR,33.46,NA,NA,NA,NA,NA,NA,NA,NA,NA,NA,NA,NA,NA,NA,NA,NA,NA,NA,NA,NA,NA,NA,NA,NA,NA,NA,NA,17.346938775510203,15.306122448979592,28.571428571428573,16.3265306122449,8.163265306122447,2.040816326530613,4.081632653061225,0,0,0,0,NA,NA,NA,6.122448979591836,2.0408163265306123,NA,NA,NA,NA
2026-04-17,KXCPICOREYOY-26APR,31,NA,NA,NA,NA,NA,NA,NA,NA,NA,NA,NA,NA,NA,NA,NA,NA,NA,NA,NA,NA,NA,NA,NA,NA,NA,NA,NA,17.346938775510203,17.34693877551021,31.63265306122448,13.26530612244898,6.1224489795918355,2.040816326530613,4.081632653061225,0,0,0,0,NA,NA,NA,6.122448979591836,2.0408163265306123,NA,NA,NA,NA
2026-04-18,KXCPICOREYOY-26APR,482.96,NA,NA,NA,NA,NA,NA,NA,NA,NA,NA,NA,NA,NA,NA,NA,NA,NA,NA,NA,NA,NA,NA,NA,NA,NA,NA,NA,19.387755102040817,13.26530612244898,27.551020408163264,20.408163265306122,10.204081632653061,1.0204081632653061,0,0,0,0,0,NA,NA,NA,6.122448979591836,2.0408163265306123,NA,NA,NA,NA
2026-04-19,KXCPICOREYOY-26APR,418.02,NA,NA,NA,NA,NA,NA,NA,NA,NA,NA,NA,NA,NA,NA,NA,NA,NA,NA,NA,NA,NA,NA,NA,NA,NA,NA,NA,19.387755102040817,15.306122448979599,27.551020408163257,18.367346938775512,10.204081632653061,1.0204081632653061,0,0,0,0,0,NA,NA,NA,6.122448979591836,2.0408163265306123,NA,NA,NA,NA
2026-04-20,KXCPICOREYOY-26APR,1157.59,NA,NA,NA,NA,NA,NA,NA,NA,NA,NA,NA,NA,NA,NA,NA,NA,NA,NA,NA,NA,NA,NA,NA,NA,NA,NA,NA,12.244897959183673,22.448979591836743,27.551020408163257,17.346938775510203,11.224489795918368,1.0204081632653061,0,0,0,0,0,NA,NA,NA,7.142857142857143,1.0204081632653061,NA,NA,NA,NA
2026-04-21,KXCPICOREYOY-26APR,391,NA,NA,NA,NA,NA,NA,NA,NA,NA,NA,NA,NA,NA,NA,NA,NA,NA,NA,NA,NA,NA,NA,NA,NA,NA,NA,NA,12.244897959183673,22.448979591836743,29.591836734693867,13.265306122448985,13.26530612244898,1.0204081632653061,0,0,0,0,0,NA,NA,NA,7.142857142857143,1.0204081632653061,NA,NA,NA,NA
2026-04-22,KXCPICOREYOY-26APR,0,NA,NA,NA,NA,NA,NA,NA,NA,NA,NA,NA,NA,NA,NA,NA,NA,NA,NA,NA,NA,NA,NA,NA,NA,NA,NA,NA,12.244897959183673,22.448979591836743,29.591836734693867,13.265306122448985,13.26530612244898,1.0204081632653061,0,0,0,0,0,NA,NA,NA,7.142857142857143,1.0204081632653061,NA,NA,NA,NA
2026-04-23,KXCPICOREYOY-26APR,315,NA,NA,NA,NA,NA,NA,NA,NA,NA,NA,NA,NA,NA,NA,NA,NA,NA,NA,NA,NA,NA,NA,NA,NA,NA,NA,NA,12.244897959183673,22.448979591836743,28.571428571428566,14.285714285714281,13.26530612244898,1.0204081632653061,0,0,0,0,0,NA,NA,NA,7.142857142857143,1.0204081632653061,NA,NA,NA,NA
2026-04-24,KXCPICOREYOY-26APR,1069.74,NA,NA,NA,NA,NA,NA,NA,NA,NA,NA,NA,NA,NA,NA,NA,NA,NA,NA,NA,NA,NA,NA,NA,NA,NA,NA,NA,9.183673469387756,24.489795918367356,28.571428571428562,17.346938775510203,11.224489795918368,1.0204081632653061,0,0,0,0,0,NA,NA,NA,7.142857142857143,1.0204081632653061,NA,NA,NA,NA
2026-04-25,KXCPICOREYOY-26APR,1409.69,NA,NA,NA,NA,NA,NA,NA,NA,NA,NA,NA,NA,NA,NA,NA,NA,NA,NA,NA,NA,NA,NA,NA,NA,NA,NA,NA,9.183673469387756,25.51020408163266,27.551020408163257,19.387755102040817,9.183673469387756,1.0204081632653061,0,0,0,0,0,NA,NA,NA,7.142857142857143,1.0204081632653061,NA,NA,NA,NA
2026-04-26,KXCPICOREYOY-26APR,20,NA,NA,NA,NA,NA,NA,NA,NA,NA,NA,NA,NA,NA,NA,NA,NA,NA,NA,NA,NA,NA,NA,NA,NA,NA,NA,NA,9.183673469387756,25.51020408163266,27.551020408163257,19.387755102040817,6.122448979591836,3.061224489795918,1.0204081632653061,0,0,0,0,NA,NA,NA,7.142857142857143,1.0204081632653061,NA,NA,NA,NA
2026-04-27,KXCPICOREYOY-26APR,3960.21,NA,NA,NA,NA,NA,NA,NA,NA,NA,NA,NA,NA,NA,NA,NA,NA,NA,NA,NA,NA,NA,NA,NA,NA,NA,NA,NA,2.0408163265306123,23.46938775510204,35.714285714285715,23.46938775510204,5.1020408163265305,1.0204081632653061,1.0204081632653061,0,0,0,0,NA,NA,NA,7.142857142857143,1.0204081632653061,NA,NA,NA,NA
2026-04-28,KXCPICOREYOY-26APR,135.73,NA,NA,NA,NA,NA,NA,NA,NA,NA,NA,NA,NA,NA,NA,NA,NA,NA,NA,NA,NA,NA,NA,NA,NA,NA,NA,NA,9.183673469387756,21.428571428571427,36.734693877551024,23.46938775510204,5.1020408163265305,1.0204081632653061,1.0204081632653061,0,0,0,0,NA,NA,NA,1.0204081632653061,1.0204081632653061,NA,NA,NA,NA
2026-04-29,KXCPICOREYOY-26APR,195,NA,NA,NA,NA,NA,NA,NA,NA,NA,NA,NA,NA,NA,NA,NA,NA,NA,NA,NA,NA,NA,NA,NA,NA,NA,NA,NA,9.183673469387756,21.428571428571427,36.734693877551024,23.46938775510204,5.1020408163265305,1.0204081632653061,1.0204081632653061,0,0,0,0,0,NA,NA,1.0204081632653061,1.0204081632653061,NA,NA,NA,NA
2026-04-30,KXCPICOREYOY-26APR,5933.66,NA,NA,NA,NA,NA,NA,NA,NA,NA,NA,NA,NA,NA,NA,NA,NA,NA,NA,NA,NA,NA,NA,NA,NA,NA,NA,NA,9.183673469387756,15.306122448979592,38.775510204081634,27.551020408163264,6.122448979591836,1.0204081632653061,0,0,0,0,0,0,NA,NA,1.0204081632653061,1.0204081632653061,0,0,NA,NA
2026-05-01,KXCPICOREYOY-26APR,10632.31,NA,NA,NA,NA,NA,NA,NA,NA,NA,NA,NA,NA,NA,NA,NA,NA,NA,NA,NA,NA,NA,NA,NA,NA,NA,NA,NA,10.204081632653061,23.46938775510204,33.673469387755105,24.489795918367346,3.061224489795918,3.061224489795918,1.0204081632653061,1.0204081632653061,0,0,0,0,NA,NA,0,0,0,0,NA,NA
2026-05-02,KXCPICOREYOY-26APR,1726.1,NA,NA,NA,NA,NA,NA,NA,NA,NA,NA,NA,NA,NA,NA,NA,NA,NA,NA,NA,NA,NA,NA,NA,NA,NA,NA,NA,8.16326530612245,26.53061224489796,30.612244897959183,26.53061224489796,3.061224489795918,3.061224489795918,1.0204081632653061,1.0204081632653061,0,0,0,0,NA,NA,0,0,0,0,NA,NA
2026-05-03,KXCPICOREYOY-26APR,680.98,NA,NA,NA,NA,NA,NA,NA,NA,NA,NA,NA,NA,NA,NA,NA,NA,NA,NA,NA,NA,NA,NA,NA,NA,NA,NA,NA,2.0408163265306123,20.408163265306122,36.734693877551024,23.46938775510204,8.163265306122451,3.061224489795918,1.0204081632653061,1.0204081632653061,0,0,0,0,NA,NA,4.081632653061225,0,0,0,NA,NA
2026-05-04,KXCPICOREYOY-26APR,90.63,NA,NA,NA,NA,NA,NA,NA,NA,NA,NA,NA,NA,NA,NA,NA,NA,NA,NA,NA,NA,NA,NA,NA,NA,NA,NA,NA,2.0408163265306123,19.387755102040817,42.857142857142854,18.367346938775512,8.163265306122451,3.061224489795918,1.0204081632653061,1.0204081632653061,0,0,0,0,NA,NA,4.081632653061225,0,0,0,NA,NA
2026-05-05,KXCPICOREYOY-26APR,2923.89,NA,NA,NA,NA,NA,NA,NA,NA,NA,NA,NA,NA,NA,NA,NA,NA,NA,NA,NA,NA,NA,NA,NA,NA,NA,NA,NA,1.0204081632653061,17.346938775510203,31.632653061224488,32.6530612244898,8.163265306122451,3.061224489795918,1.0204081632653061,1.0204081632653061,0,0,0,0,NA,NA,4.081632653061225,0,0,0,NA,NA
2026-05-06,KXCPICOREYOY-26APR,2199.02,NA,NA,NA,NA,NA,NA,NA,NA,NA,NA,NA,NA,NA,NA,NA,NA,NA,NA,NA,NA,NA,NA,NA,NA,NA,NA,NA,4.081632653061225,16.3265306122449,36.734693877551024,30.612244897959183,7.142857142857143,3.061224489795918,1.0204081632653061,1.0204081632653061,0,0,0,0,NA,NA,0,0,0,0,NA,NA
2026-05-07,KXCPICOREYOY-26APR,4016.62,NA,NA,NA,NA,NA,NA,NA,NA,NA,NA,NA,NA,NA,NA,NA,NA,NA,NA,NA,NA,NA,NA,NA,NA,NA,NA,NA,2.0408163265306123,9.183673469387756,47.95918367346939,27.551020408163264,7.142857142857143,3.061224489795918,1.0204081632653061,1.0204081632653061,0,0,0,0,NA,NA,1.0204081632653061,0,0,0,NA,NA
2026-05-08,KXCPICOREYOY-26APR,4169.639999999999,NA,NA,NA,NA,NA,NA,NA,NA,NA,NA,NA,NA,NA,NA,NA,NA,NA,NA,NA,NA,NA,NA,NA,NA,NA,NA,NA,1.0204081632653061,15.306122448979592,48.97959183673469,27.551020408163264,1.020408163265307,3.061224489795918,1.0204081632653061,1.0204081632653061,0,0,0,0,NA,NA,1.0204081632653061,0,0,0,NA,NA
2026-05-09,KXCPICOREYOY-26APR,1275.17,NA,NA,NA,NA,NA,NA,NA,NA,NA,NA,NA,NA,NA,NA,NA,NA,NA,NA,NA,NA,NA,NA,NA,NA,NA,NA,NA,1.0204081632653061,14.285714285714286,46.93877551020408,30.612244897959183,1.020408163265307,3.061224489795918,1.0204081632653061,1.0204081632653061,0,0,0,0,NA,NA,1.0204081632653061,0,0,0,NA,NA
2026-05-10,KXCPICOREYOY-26APR,685.95,NA,NA,NA,NA,NA,NA,NA,NA,NA,NA,NA,NA,NA,NA,NA,NA,NA,NA,NA,NA,NA,NA,NA,NA,NA,NA,NA,1.0204081632653061,14.285714285714286,51.02040816326531,26.53061224489796,1.020408163265307,3.061224489795918,1.0204081632653061,1.0204081632653061,0,0,0,0,NA,NA,1.0204081632653061,0,0,0,NA,NA
2026-05-11,KXCPICOREYOY-26APR,7421.88,NA,NA,NA,NA,NA,NA,NA,NA,NA,NA,NA,NA,NA,NA,NA,NA,NA,NA,NA,NA,NA,NA,NA,NA,NA,NA,NA,1.0204081632653061,18.367346938775512,44.89795918367347,33.673469387755105,1.0204081632653061,1.0204081632653061,0,0,0,0,0,0,NA,NA,0,0,0,0,NA,NA
2026-05-11,KXCPICOREYOY-26MAY,620,NA,NA,NA,NA,NA,NA,NA,NA,NA,NA,NA,NA,NA,NA,NA,NA,NA,NA,NA,NA,NA,NA,NA,NA,NA,NA,NA,12.244897959183673,14.285714285714286,7.142857142857143,29.591836734693878,16.3265306122449,13.26530612244898,4.0816326530612255,2.0408163265306123,0,0,0,0,NA,NA,1.0204081632653061,0,0,NA,NA,NA
2026-05-12,KXCPICOREYOY-26APR,5121.610000000001,NA,NA,NA,NA,NA,NA,NA,NA,NA,NA,NA,NA,NA,NA,NA,NA,NA,NA,NA,NA,NA,NA,NA,NA,NA,NA,NA,0,12.244897959183673,54.08163265306123,32.6530612244898,1.0204081632653061,0,0,0,0,0,0,0,NA,NA,0,0,0,0,NA,NA
2026-05-12,KXCPICOREYOY-26MAY,8324.17,NA,NA,NA,NA,NA,NA,NA,NA,NA,NA,NA,NA,NA,NA,NA,NA,NA,NA,NA,NA,NA,NA,NA,NA,NA,NA,NA,6.122448979591836,5.1020408163265305,7.142857142857143,29.591836734693878,21.428571428571427,19.387755102040817,2.0408163265306123,6.122448979591836,2.0408163265306123,0,0,0,NA,NA,1.0204081632653061,0,0,NA,NA,NA
2026-05-13,KXCPICOREYOY-26MAY,18830.239999999998,NA,NA,NA,NA,NA,NA,NA,NA,NA,NA,NA,NA,NA,NA,NA,NA,NA,NA,NA,NA,NA,NA,NA,NA,NA,NA,NA,1.0204081632653061,4.081632653061225,13.26530612244898,19.387755102040817,33.673469387755105,14.285714285714281,11.224489795918368,1.0204081632653061,2.0408163265306123,0,0,0,NA,NA,0,0,0,NA,NA,NA
2026-05-14,KXCPICOREYOY-26MAY,2769.57,NA,NA,NA,NA,NA,NA,NA,NA,NA,NA,NA,NA,NA,NA,NA,NA,NA,NA,NA,NA,NA,NA,NA,NA,NA,NA,NA,1.0204081632653061,2.0408163265306123,16.3265306122449,24.48979591836734,23.46938775510205,16.3265306122449,12.244897959183673,1.0204081632653061,2.0408163265306123,0,0,0,NA,NA,1.0204081632653061,0,0,NA,NA,NA
2026-05-15,KXCPICOREYOY-26MAY,1794.18,NA,NA,NA,NA,NA,NA,NA,NA,NA,NA,NA,NA,NA,NA,NA,NA,NA,NA,NA,NA,NA,NA,NA,NA,NA,NA,NA,1.0204081632653061,2.0408163265306123,7.142857142857143,29.591836734693878,23.46938775510204,15.306122448979592,17.346938775510203,1.0204081632653061,2.0408163265306123,0,0,0,NA,NA,1.0204081632653061,0,0,NA,NA,NA
2026-05-16,KXCPICOREYOY-26MAY,1953.42,NA,NA,NA,NA,NA,NA,NA,NA,NA,NA,NA,NA,NA,NA,NA,NA,NA,NA,NA,NA,NA,NA,NA,NA,NA,NA,NA,0,4.081632653061225,1.0204081632653061,29.591836734693878,26.53061224489796,18.367346938775512,17.346938775510203,1.0204081632653061,2.0408163265306123,0,0,0,NA,NA,0,0,0,NA,NA,NA
2026-05-17,KXCPICOREYOY-26MAY,4058.77,NA,NA,NA,NA,NA,NA,NA,NA,NA,NA,NA,NA,NA,NA,NA,NA,NA,NA,NA,NA,NA,NA,NA,NA,NA,NA,NA,0,4.081632653061225,1.0204081632653061,32.6530612244898,26.53061224489796,15.306122448979592,16.3265306122449,2.0408163265306123,2.0408163265306123,0,0,0,NA,NA,0,0,0,NA,NA,NA
2026-05-18,KXCPICOREYOY-26MAY,1673.5,NA,NA,NA,NA,NA,NA,NA,NA,NA,NA,NA,NA,NA,NA,NA,NA,NA,NA,NA,NA,NA,NA,NA,NA,NA,NA,NA,0,2.0408163265306123,6.122448979591836,25.510204081632654,32.6530612244898,15.306122448979592,14.285714285714286,2.0408163265306123,2.0408163265306123,0,0,0,NA,NA,0,0,0,NA,NA,NA
2026-05-19,KXCPICOREYOY-26MAY,1441.32,NA,NA,NA,NA,NA,NA,NA,NA,NA,NA,NA,NA,NA,NA,NA,NA,NA,NA,NA,NA,NA,NA,NA,NA,NA,NA,NA,0,2.0408163265306123,1.0204081632653061,30.612244897959183,29.591836734693878,20.408163265306122,14.285714285714286,2.0408163265306123,0,0,0,0,NA,NA,0,0,0,NA,NA,NA
2026-05-20,KXCPICOREYOY-26MAY,1201.58,NA,NA,NA,NA,NA,NA,NA,NA,NA,NA,NA,NA,NA,NA,NA,NA,NA,NA,NA,NA,NA,NA,NA,NA,NA,NA,NA,0,2.0408163265306123,4.081632653061225,28.571428571428573,28.571428571428573,20.408163265306122,14.285714285714286,2.0408163265306123,0,0,0,0,NA,NA,0,0,0,NA,NA,NA
2026-05-21,KXCPICOREYOY-26MAY,645.4,NA,NA,NA,NA,NA,NA,NA,NA,NA,NA,NA,NA,NA,NA,NA,NA,NA,NA,NA,NA,NA,NA,NA,NA,NA,NA,NA,0,2.0408163265306123,4.081632653061225,32.6530612244898,25.510204081632654,21.428571428571427,13.26530612244898,1.0204081632653061,0,0,0,0,NA,NA,0,0,0,NA,NA,NA
2026-05-22,KXCPICOREYOY-26MAY,6993.84,NA,NA,NA,NA,NA,NA,NA,NA,NA,NA,NA,NA,NA,NA,NA,NA,NA,NA,NA,NA,NA,NA,NA,NA,NA,NA,NA,0,2.0408163265306123,5.1020408163265305,29.591836734693878,30.612244897959183,24.489795918367346,7.142857142857143,1.0204081632653061,0,0,0,0,NA,NA,0,0,0,NA,NA,NA
2026-05-23,KXCPICOREYOY-26MAY,1607.04,NA,NA,NA,NA,NA,NA,NA,NA,NA,NA,NA,NA,NA,NA,NA,NA,NA,NA,NA,NA,NA,NA,NA,NA,NA,NA,NA,0,2.0408163265306123,5.1020408163265305,29.591836734693878,29.591836734693878,26.53061224489796,6.122448979591836,1.0204081632653061,0,0,0,0,NA,NA,0,0,0,NA,NA,NA
2026-05-24,KXCPICOREYOY-26MAY,868.4000000000001,NA,NA,NA,NA,NA,NA,NA,NA,NA,NA,NA,NA,NA,NA,NA,NA,NA,NA,NA,NA,NA,NA,NA,NA,NA,NA,NA,0,2.0408163265306123,5.1020408163265305,29.591836734693878,24.489795918367346,32.6530612244898,5.102040816326531,1.0204081632653061,0,0,0,0,NA,NA,0,0,0,NA,NA,NA
2026-05-25,KXCPICOREYOY-26MAY,968.27,NA,NA,NA,NA,NA,NA,NA,NA,NA,NA,NA,NA,NA,NA,NA,NA,NA,NA,NA,NA,NA,NA,NA,NA,NA,NA,NA,0,2.0408163265306123,5.1020408163265305,31.632653061224488,22.448979591836736,25.510204081632654,12.244897959183676,1.0204081632653061,0,0,0,0,NA,NA,0,0,0,NA,NA,NA
2026-05-26,KXCPICOREYOY-26MAY,573.72,NA,NA,NA,NA,NA,NA,NA,NA,NA,NA,NA,NA,NA,NA,NA,NA,NA,NA,NA,NA,NA,NA,NA,NA,NA,NA,NA,0,2.0408163265306123,5.1020408163265305,33.673469387755105,23.46938775510204,22.448979591836736,12.244897959183676,1.0204081632653061,0,0,0,0,NA,NA,0,0,0,NA,NA,NA
2026-05-27,KXCPICOREYOY-26MAY,602.37,NA,NA,NA,NA,NA,NA,NA,NA,NA,NA,NA,NA,NA,NA,NA,NA,NA,NA,NA,NA,NA,NA,NA,NA,NA,NA,NA,0,2.0408163265306123,5.1020408163265305,29.591836734693878,28.571428571428573,21.428571428571427,12.244897959183676,1.0204081632653061,0,0,0,0,NA,NA,0,0,0,NA,NA,NA
2026-05-28,KXCPICOREYOY-26MAY,579.73,NA,NA,NA,NA,NA,NA,NA,NA,NA,NA,NA,NA,NA,NA,NA,NA,NA,NA,NA,NA,NA,NA,NA,NA,NA,NA,NA,0,2.0408163265306123,5.1020408163265305,29.591836734693878,28.571428571428573,21.428571428571427,12.244897959183676,1.0204081632653061,0,0,0,0,NA,NA,0,0,0,NA,NA,NA
2026-05-29,KXCPICOREYOY-26MAY,575.04,NA,NA,NA,NA,NA,NA,NA,NA,NA,NA,NA,NA,NA,NA,NA,NA,NA,NA,NA,NA,NA,NA,NA,NA,NA,NA,NA,0,2.0408163265306123,4.081632653061225,25.510204081632654,34.69387755102041,22.448979591836736,10.204081632653061,1.0204081632653061,0,0,0,0,NA,NA,0,0,0,NA,NA,NA
2026-05-30,KXCPICOREYOY-26MAY,745.08,NA,NA,NA,NA,NA,NA,NA,NA,NA,NA,NA,NA,NA,NA,NA,NA,NA,NA,NA,NA,NA,NA,NA,NA,NA,NA,NA,0,2.0408163265306123,4.081632653061225,34.69387755102041,25.510204081632654,23.46938775510204,8.16326530612245,1.0204081632653061,1.0204081632653061,0,0,0,NA,NA,0,0,0,NA,NA,NA
2026-05-31,KXCPICOREYOY-26MAY,4.43,NA,NA,NA,NA,NA,NA,NA,NA,NA,NA,NA,NA,NA,NA,NA,NA,NA,NA,NA,NA,NA,NA,NA,NA,NA,NA,NA,0,2.0408163265306123,4.081632653061225,25.510204081632654,33.673469387755105,24.489795918367346,8.16326530612245,1.0204081632653061,1.0204081632653061,0,0,0,NA,NA,0,0,0,NA,NA,NA
2026-06-01,KXCPICOREYOY-26MAY,3130.58,NA,NA,NA,NA,NA,NA,NA,NA,NA,NA,NA,NA,NA,NA,NA,NA,NA,NA,NA,NA,NA,NA,NA,NA,NA,NA,NA,0,1.0204081632653061,6.122448979591836,34.69387755102042,27.551020408163257,27.551020408163264,2.0408163265306123,1.0204081632653061,0,0,0,0,NA,NA,0,0,0,NA,NA,NA
2026-06-02,KXCPICOREYOY-26MAY,2603.19,NA,NA,NA,NA,NA,NA,NA,NA,NA,NA,NA,NA,NA,NA,NA,NA,NA,NA,NA,NA,NA,NA,NA,NA,NA,NA,NA,0,1.0204081632653061,5.1020408163265305,37.75510204081632,26.53061224489797,26.53061224489796,2.0408163265306123,1.0204081632653061,0,0,0,0,NA,NA,0,0,0,NA,NA,NA
2026-06-03,KXCPICOREYOY-26MAY,83.27000000000001,NA,NA,NA,NA,NA,NA,NA,NA,NA,NA,NA,NA,NA,NA,NA,NA,NA,NA,NA,NA,NA,NA,NA,NA,NA,NA,NA,0,1.0204081632653061,10.204081632653061,30.612244897959194,28.571428571428562,28.571428571428573,1.0204081632653061,0,0,0,0,0,NA,NA,0,0,0,NA,NA,NA
2026-06-04,KXCPICOREYOY-26MAY,114.16,NA,NA,NA,NA,NA,NA,NA,NA,NA,NA,NA,NA,NA,NA,NA,NA,NA,NA,NA,NA,NA,NA,NA,NA,NA,NA,NA,0,1.0204081632653061,10.204081632653061,30.612244897959194,28.571428571428562,26.53061224489796,2.0408163265306123,1.0204081632653061,0,0,0,0,NA,NA,0,0,0,NA,NA,NA
2026-06-05,KXCPICOREYOY-26MAY,1717.73,NA,NA,NA,NA,NA,NA,NA,NA,NA,NA,NA,NA,NA,NA,NA,NA,NA,NA,NA,NA,NA,NA,NA,NA,NA,NA,NA,0,1.0204081632653061,10.204081632653061,30.612244897959194,31.63265306122448,23.46938775510204,2.0408163265306123,1.0204081632653061,0,0,0,0,NA,NA,0,0,0,NA,NA,NA
2026-06-06,KXCPICOREYOY-26MAY,4015.29,NA,NA,NA,NA,NA,NA,NA,NA,NA,NA,NA,NA,NA,NA,NA,NA,NA,NA,NA,NA,NA,NA,NA,NA,NA,NA,NA,0,1.0204081632653061,3.061224489795918,37.75510204081633,36.73469387755101,15.306122448979592,4.0816326530612255,1.0204081632653061,1.0204081632653061,0,0,0,NA,NA,0,0,0,NA,NA,NA
2026-06-07,KXCPICOREYOY-26MAY,1511.06,NA,NA,NA,NA,NA,NA,NA,NA,NA,NA,NA,NA,NA,NA,NA,NA,NA,NA,NA,NA,NA,NA,NA,NA,NA,NA,NA,0,1.0204081632653061,3.061224489795918,31.632653061224488,48.97959183673469,10.204081632653061,3.061224489795918,1.0204081632653061,1.0204081632653061,0,0,0,NA,NA,0,0,0,NA,NA,NA
2026-06-08,KXCPICOREYOY-26MAY,9092.4,NA,NA,NA,NA,NA,NA,NA,NA,NA,NA,NA,NA,NA,NA,NA,NA,NA,NA,NA,NA,NA,NA,NA,NA,NA,NA,NA,0,3.061224489795918,2.0408163265306123,42.857142857142854,38.775510204081634,11.22448979591837,2.0408163265306123,0,0,0,0,0,NA,NA,0,0,0,0,NA,NA
2026-06-09,KXCPICOREYOY-26MAY,7618.74,NA,NA,NA,NA,NA,NA,NA,NA,NA,NA,NA,NA,NA,NA,NA,NA,NA,NA,NA,NA,NA,NA,NA,NA,NA,NA,NA,0,3.061224489795918,5.1020408163265305,43.87755102040816,39.795918367346935,8.16326530612245,0,0,0,0,0,0,NA,NA,0,0,0,0,NA,NA
2026-06-10,KXCPICOREYOY-26MAY,4896.07,NA,NA,NA,NA,NA,NA,NA,NA,NA,NA,NA,NA,NA,NA,NA,NA,NA,NA,NA,NA,NA,NA,NA,NA,NA,NA,NA,0,3.061224489795918,5.1020408163265305,46.93877551020408,41.83673469387755,2.0408163265306123,1.0204081632653061,0,0,0,0,0,NA,NA,0,0,0,0,NA,NA
2026-06-14,KXCPICOREYOY-26JUN,10,NA,NA,NA,NA,NA,NA,NA,NA,NA,NA,NA,NA,NA,NA,NA,NA,NA,NA,NA,NA,NA,NA,NA,NA,NA,NA,NA,NA,NA,NA,37.755102040816325,61.224489795918366,1.0204081632653061,0,0,0,0,0,0,NA,NA,NA,NA,NA,NA,NA,NA
2026-06-15,KXCPICOREYOY-26JUN,8,NA,NA,NA,NA,NA,NA,NA,NA,NA,NA,NA,NA,NA,NA,NA,NA,NA,NA,NA,NA,NA,NA,NA,NA,NA,NA,NA,NA,NA,NA,38.775510204081634,60.204081632653065,1.0204081632653061,0,0,0,0,0,0,NA,NA,NA,NA,NA,NA,NA,NA
2026-06-16,KXCPICOREYOY-26JUN,227.9,NA,NA,NA,NA,NA,NA,NA,NA,NA,NA,NA,NA,NA,NA,NA,NA,NA,NA,NA,NA,NA,NA,NA,NA,NA,NA,NA,NA,NA,NA,13.26530612244898,60.204081632653065,5.1020408163265305,11.224489795918368,7.142857142857143,3.061224489795918,0,0,0,NA,NA,NA,NA,NA,NA,NA,NA
2026-06-17,KXCPICOREYOY-26JUN,453.83,NA,NA,NA,NA,NA,NA,NA,NA,NA,NA,NA,NA,NA,NA,NA,NA,NA,NA,NA,NA,NA,NA,NA,NA,NA,NA,NA,NA,NA,NA,19.387755102040817,60.204081632653065,17.346938775510203,3.061224489795918,0,0,0,0,0,NA,NA,NA,NA,NA,NA,NA,NA
2026-06-18,KXCPICOREYOY-26JUN,130.28,NA,NA,NA,NA,NA,NA,NA,NA,NA,NA,NA,NA,NA,NA,NA,NA,NA,NA,NA,NA,NA,NA,NA,NA,NA,NA,NA,NA,NA,NA,19.387755102040817,79.59183673469387,1.0204081632653061,0,0,0,0,0,0,NA,NA,NA,NA,NA,NA,NA,NA
2026-06-19,KXCPICOREYOY-26JUN,220.17,NA,NA,NA,NA,NA,NA,NA,NA,NA,NA,NA,NA,NA,NA,NA,NA,NA,NA,NA,NA,NA,NA,NA,NA,NA,NA,NA,NA,NA,NA,19.387755102040817,79.59183673469387,1.0204081632653061,0,0,0,0,0,0,NA,NA,NA,NA,NA,NA,NA,NA
2026-06-20,KXCPICOREYOY-26JUN,2957.8700000000003,NA,NA,NA,NA,NA,NA,NA,NA,NA,NA,NA,NA,NA,NA,NA,NA,NA,NA,NA,NA,NA,NA,NA,NA,NA,NA,NA,NA,NA,NA,19.387755102040817,79.59183673469387,1.0204081632653061,0,0,0,0,0,0,NA,NA,NA,NA,NA,NA,NA,NA
2026-06-21,KXCPICOREYOY-26JUN,228.48000000000002,NA,NA,NA,NA,NA,NA,NA,NA,NA,NA,NA,NA,NA,NA,NA,NA,NA,NA,NA,NA,NA,NA,NA,NA,NA,NA,NA,NA,NA,NA,78.57142857142857,19.387755102040817,2.0408163265306123,0,0,0,0,0,0,NA,NA,NA,NA,NA,NA,NA,NA
2026-06-22,KXCPICOREYOY-26JUN,0.01,NA,NA,NA,NA,NA,NA,NA,NA,NA,NA,NA,NA,NA,NA,NA,NA,NA,NA,NA,NA,NA,NA,NA,NA,NA,NA,NA,NA,NA,NA,93.87755102040816,1.020408163265307,3.061224489795918,2.0408163265306123,0,0,0,0,0,NA,NA,NA,NA,NA,NA,NA,NA
2026-06-23,KXCPICOREYOY-26JUN,0,NA,NA,NA,NA,NA,NA,NA,NA,NA,NA,NA,NA,NA,NA,NA,NA,NA,NA,NA,NA,NA,NA,NA,NA,NA,NA,NA,NA,NA,NA,93.87755102040816,1.020408163265307,3.061224489795918,2.0408163265306123,0,0,0,0,0,NA,NA,NA,NA,NA,NA,NA,NA
2026-06-24,KXCPICOREYOY-26JUN,0,NA,NA,NA,NA,NA,NA,NA,NA,NA,NA,NA,NA,NA,NA,NA,NA,NA,NA,NA,NA,NA,NA,NA,NA,NA,NA,NA,NA,NA,NA,93.87755102040816,1.020408163265307,3.061224489795918,2.0408163265306123,0,0,0,0,0,NA,NA,NA,NA,NA,NA,NA,NA
2026-06-25,KXCPICOREYOY-26JUN,23.97,NA,NA,NA,NA,NA,NA,NA,NA,NA,NA,NA,NA,NA,NA,NA,NA,NA,NA,NA,NA,NA,NA,NA,NA,NA,NA,NA,2.0408163265306123,1.0204081632653061,0,0,0,0,0,0,0,0,0,0,NA,NA,57.142857142857146,39.795918367346935,NA,NA,NA,NA
2026-06-26,KXCPICOREYOY-26JUN,1,NA,NA,NA,NA,NA,NA,NA,NA,NA,NA,NA,NA,NA,NA,NA,NA,NA,NA,NA,NA,NA,NA,NA,NA,NA,NA,NA,2.0408163265306123,1.0204081632653061,0,0,0,0,0,0,0,0,0,0,NA,NA,57.142857142857146,39.795918367346935,NA,NA,NA,NA
2026-06-27,KXCPICOREYOY-26JUN,364,NA,NA,NA,NA,NA,NA,NA,NA,NA,NA,NA,NA,NA,NA,NA,NA,NA,NA,NA,NA,NA,NA,NA,NA,NA,NA,NA,1.020408163265307,3.061224489795918,2.0408163265306123,0,0,0,0,0,0,0,0,0,NA,NA,93.87755102040816,0,NA,NA,NA,NA
2026-06-28,KXCPICOREYOY-26JUN,3.86,NA,NA,NA,NA,NA,NA,NA,NA,NA,NA,NA,NA,NA,NA,NA,NA,NA,NA,NA,NA,NA,NA,NA,NA,NA,NA,NA,0,0,0,0,50,43.87755102040816,1.020408163265307,3.061224489795918,2.0408163265306123,0,0,0,NA,NA,0,0,NA,NA,NA,NA
2026-06-29,KXCPICOREYOY-26JUN,1018.46,NA,NA,NA,NA,NA,NA,NA,NA,NA,NA,NA,NA,NA,NA,NA,NA,NA,NA,NA,NA,NA,NA,NA,NA,NA,NA,NA,0,0,1.0204081632653061,25.510204081632654,69.38775510204081,2.0408163265306123,2.0408163265306123,0,0,0,0,0,NA,NA,0,0,0,NA,NA,NA
2026-06-30,KXCPICOREYOY-26JUN,1426.5,NA,NA,NA,NA,NA,NA,NA,NA,NA,NA,NA,NA,NA,NA,NA,NA,NA,NA,NA,NA,NA,NA,NA,NA,NA,NA,NA,0,0,1.0204081632653061,45.91836734693877,51.02040816326531,2.0408163265306123,0,0,0,0,0,0,NA,NA,0,0,0,NA,NA,NA
2026-07-01,KXCPICOREYOY-26JUN,39660.08,NA,NA,NA,NA,NA,NA,NA,NA,NA,NA,NA,NA,NA,NA,NA,NA,NA,NA,NA,NA,NA,NA,NA,NA,NA,NA,NA,1.0204081632653061,7.142857142857143,2.0408163265306123,38.775510204081634,48.97959183673469,2.0408163265306123,0,0,0,0,0,0,NA,NA,0,0,0,NA,NA,NA
2026-07-02,KXCPICOREYOY-26JUN,155.54,NA,NA,NA,NA,NA,NA,NA,NA,NA,NA,NA,NA,NA,NA,NA,NA,NA,NA,NA,NA,NA,NA,NA,NA,NA,NA,NA,1.0204081632653061,3.061224489795918,25.510204081632654,21.428571428571427,46.93877551020408,2.0408163265306123,0,0,0,0,0,0,NA,NA,0,0,0,NA,NA,NA
2026-07-03,KXCPICOREYOY-26JUN,75.82,NA,NA,NA,NA,NA,NA,NA,NA,NA,NA,NA,NA,NA,NA,NA,NA,NA,NA,NA,NA,NA,NA,NA,NA,NA,NA,NA,1.0204081632653061,3.061224489795918,25.510204081632654,17.346938775510203,51.02040816326531,2.0408163265306123,0,0,0,0,0,0,NA,NA,0,0,0,NA,NA,NA
2026-07-04,KXCPICOREYOY-26AUG,0,NA,NA,NA,NA,NA,NA,NA,NA,NA,NA,NA,NA,NA,NA,NA,NA,NA,NA,NA,NA,NA,NA,NA,NA,NA,NA,NA,75.51020408163265,18.367346938775512,3.061224489795918,0,0,0,0,0,0,0,0,0,NA,NA,3.061224489795918,0,0,0,NA,NA
2026-07-04,KXCPICOREYOY-26JUN,716.51,NA,NA,NA,NA,NA,NA,NA,NA,NA,NA,NA,NA,NA,NA,NA,NA,NA,NA,NA,NA,NA,NA,NA,NA,NA,NA,NA,1.0204081632653061,3.061224489795918,27.551020408163264,62.244897959183675,4.0816326530612255,2.0408163265306123,0,0,0,0,0,0,NA,NA,0,0,0,NA,NA,NA
2026-07-05,KXCPICOREYOY-26AUG,0,NA,NA,NA,NA,NA,NA,NA,NA,NA,NA,NA,NA,NA,NA,NA,NA,NA,NA,NA,NA,NA,NA,NA,NA,NA,NA,NA,75.51020408163265,18.367346938775512,3.061224489795918,0,0,0,0,0,0,0,0,0,NA,NA,3.061224489795918,0,0,0,NA,NA
2026-07-05,KXCPICOREYOY-26JUN,163.53,NA,NA,NA,NA,NA,NA,NA,NA,NA,NA,NA,NA,NA,NA,NA,NA,NA,NA,NA,NA,NA,NA,NA,NA,NA,NA,NA,1.0204081632653061,3.061224489795918,8.16326530612245,72.44897959183673,15.306122448979592,0,0,0,0,0,0,0,NA,NA,0,0,0,NA,NA,NA
2026-07-06,KXCPICOREYOY-26AUG,0,NA,NA,NA,NA,NA,NA,NA,NA,NA,NA,NA,NA,NA,NA,NA,NA,NA,NA,NA,NA,NA,NA,NA,NA,NA,NA,NA,75.51020408163265,18.367346938775512,3.061224489795918,0,0,0,0,0,0,0,0,0,NA,NA,3.061224489795918,0,0,0,NA,NA
2026-07-06,KXCPICOREYOY-26JUL,5,NA,NA,NA,NA,NA,NA,NA,NA,NA,NA,NA,NA,NA,NA,NA,NA,NA,NA,NA,NA,NA,NA,NA,NA,NA,NA,NA,NA,NA,53.06122448979592,8.16326530612245,10.204081632653065,10.204081632653057,18.367346938775512,0,0,NA,NA,NA,NA,NA,NA,NA,NA,NA,NA,NA
2026-07-06,KXCPICOREYOY-26JUN,279.8,NA,NA,NA,NA,NA,NA,NA,NA,NA,NA,NA,NA,NA,NA,NA,NA,NA,NA,NA,NA,NA,NA,NA,NA,NA,NA,NA,1.0204081632653061,3.061224489795918,9.183673469387756,71.42857142857143,15.306122448979592,0,0,0,0,0,0,0,NA,NA,0,0,0,NA,NA,NA
2026-07-06,KXCPICOREYOY-26NOV,0,NA,NA,NA,NA,NA,NA,NA,NA,NA,NA,NA,NA,NA,NA,NA,NA,NA,NA,NA,NA,NA,NA,NA,NA,NA,NA,NA,NA,NA,NA,NA,NA,NA,0,100,NA,NA,NA,NA,NA,NA,NA,NA,NA,NA,NA,NA
2026-07-07,KXCPICOREYOY-26AUG,10,NA,NA,NA,NA,NA,NA,NA,NA,NA,NA,NA,NA,NA,NA,NA,NA,NA,NA,NA,NA,NA,NA,NA,NA,NA,NA,NA,75.51020408163265,18.367346938775512,3.061224489795918,0,0,0,0,0,0,0,0,0,NA,NA,3.061224489795918,0,0,0,NA,NA
2026-07-07,KXCPICOREYOY-26JUL,0,NA,NA,NA,NA,NA,NA,NA,NA,NA,NA,NA,NA,NA,NA,NA,NA,NA,NA,NA,NA,NA,NA,NA,NA,NA,NA,NA,NA,NA,53.06122448979592,8.16326530612245,10.204081632653065,10.204081632653057,18.367346938775512,0,0,NA,NA,NA,NA,NA,NA,NA,NA,NA,NA,NA
2026-07-07,KXCPICOREYOY-26JUN,5881.44,NA,NA,NA,NA,NA,NA,NA,NA,NA,NA,NA,NA,NA,NA,NA,NA,NA,NA,NA,NA,NA,NA,NA,NA,NA,NA,NA,0,1.0204081632653061,13.26530612244898,37.755102040816325,32.6530612244898,10.204081632653061,5.1020408163265305,0,0,0,0,0,NA,NA,0,0,0,0,NA,NA
2026-07-07,KXCPICOREYOY-26NOV,0,NA,NA,NA,NA,NA,NA,NA,NA,NA,NA,NA,NA,NA,NA,NA,NA,NA,NA,NA,NA,NA,NA,NA,NA,NA,NA,NA,NA,NA,NA,NA,NA,NA,0,100,NA,NA,NA,NA,NA,NA,NA,NA,NA,NA,NA,NA
2026-07-08,KXCPICOREYOY-26AUG,6073.57,NA,NA,NA,NA,NA,NA,NA,NA,NA,NA,NA,NA,NA,NA,NA,NA,NA,NA,NA,NA,NA,NA,NA,NA,NA,NA,NA,57.142857142857146,1.0204081632653061,3.061224489795918,0,0,0,0,0,0,0,0,0,NA,NA,37.755102040816325,1.0204081632653061,0,0,NA,NA
2026-07-08,KXCPICOREYOY-26JUL,43,NA,NA,NA,NA,NA,NA,NA,NA,NA,NA,NA,NA,NA,NA,NA,NA,NA,NA,NA,NA,NA,NA,NA,NA,NA,NA,NA,NA,NA,53.06122448979592,8.16326530612245,10.204081632653065,10.204081632653057,18.367346938775512,0,0,0,0,0,NA,NA,NA,NA,NA,NA,NA,NA
2026-07-08,KXCPICOREYOY-26JUN,5045.07,NA,NA,NA,NA,NA,NA,NA,NA,NA,NA,NA,NA,NA,NA,NA,NA,NA,NA,NA,NA,NA,NA,NA,NA,NA,NA,NA,0,0,15.306122448979592,56.12244897959184,24.489795918367342,2.0408163265306123,2.0408163265306123,0,0,0,0,0,NA,NA,0,0,0,0,NA,NA
2026-07-08,KXCPICOREYOY-26NOV,10010,NA,NA,NA,NA,NA,NA,NA,NA,NA,NA,NA,NA,NA,NA,NA,NA,NA,NA,NA,NA,NA,NA,NA,NA,NA,NA,NA,0,0,0,0,29.591836734693878,22.448979591836736,47.95918367346939,0,0,0,0,NA,NA,NA,0,0,0,0,NA,0
2026-07-08,KXCPICOREYOY-26SEP,12000,NA,NA,NA,NA,NA,NA,NA,NA,NA,NA,NA,NA,NA,NA,NA,NA,NA,NA,NA,NA,NA,NA,NA,NA,NA,NA,NA,0,0,0,0,0,0,0,NA,NA,NA,NA,NA,NA,NA,0,0,2.0408163265306123,97.95918367346938,NA,NA
2026-07-09,KXCPICOREYOY-26AUG,0,NA,NA,NA,NA,NA,NA,NA,NA,NA,NA,NA,NA,NA,NA,NA,NA,NA,NA,NA,NA,NA,NA,NA,NA,NA,NA,NA,57.142857142857146,1.0204081632653061,3.061224489795918,0,0,0,0,0,0,0,0,0,NA,NA,37.755102040816325,1.0204081632653061,0,0,NA,NA
2026-07-09,KXCPICOREYOY-26JUL,0,NA,NA,NA,NA,NA,NA,NA,NA,NA,NA,NA,NA,NA,NA,NA,NA,NA,NA,NA,NA,NA,NA,NA,NA,NA,NA,NA,NA,NA,53.06122448979592,8.16326530612245,10.204081632653065,10.204081632653057,18.367346938775512,0,0,0,0,0,NA,NA,NA,NA,NA,NA,NA,NA
2026-07-09,KXCPICOREYOY-26JUN,2691.69,NA,NA,NA,NA,NA,NA,NA,NA,NA,NA,NA,NA,NA,NA,NA,NA,NA,NA,NA,NA,NA,NA,NA,NA,NA,NA,NA,0,0,13.26530612244898,45.91836734693877,38.775510204081634,2.0408163265306123,0,0,0,0,0,0,NA,NA,0,0,0,0,NA,NA
2026-07-09,KXCPICOREYOY-26NOV,0,NA,NA,NA,NA,NA,NA,NA,NA,NA,NA,NA,NA,NA,NA,NA,NA,NA,NA,NA,NA,NA,NA,NA,NA,NA,NA,NA,0,0,0,0,29.591836734693878,22.448979591836736,47.95918367346939,0,0,0,0,NA,NA,NA,0,0,0,0,NA,0
2026-07-09,KXCPICOREYOY-26SEP,2,NA,NA,NA,NA,NA,NA,NA,NA,NA,NA,NA,NA,NA,NA,NA,NA,NA,NA,NA,NA,NA,NA,NA,NA,NA,NA,NA,0,0,0,0,0,0,0,NA,NA,NA,NA,NA,NA,NA,0,0,34.69387755102041,65.3061224489796,NA,NA
2026-07-10,KXCPICOREYOY-26AUG,50,NA,NA,NA,NA,NA,NA,NA,NA,NA,NA,NA,NA,NA,NA,NA,NA,NA,NA,NA,NA,NA,NA,NA,NA,NA,NA,NA,57.142857142857146,1.0204081632653061,3.061224489795918,0,0,0,0,0,0,0,0,0,NA,NA,37.755102040816325,1.0204081632653061,0,0,NA,NA
2026-07-10,KXCPICOREYOY-26JUL,5995,NA,NA,NA,NA,NA,NA,NA,NA,NA,NA,NA,NA,NA,NA,NA,NA,NA,NA,NA,NA,NA,NA,NA,NA,NA,NA,NA,0,17.346938775510203,35.714285714285715,8.16326530612245,15.306122448979592,5.1020408163265305,18.367346938775512,0,0,0,0,0,NA,NA,0,0,NA,NA,NA,NA
2026-07-10,KXCPICOREYOY-26JUN,3554.57,NA,NA,NA,NA,NA,NA,NA,NA,NA,NA,NA,NA,NA,NA,NA,NA,NA,NA,NA,NA,NA,NA,NA,NA,NA,NA,NA,0,1.0204081632653061,16.3265306122449,48.97959183673469,27.551020408163264,3.0612244897959195,2.0408163265306123,1.0204081632653061,0,0,0,0,NA,NA,0,0,0,0,NA,NA
2026-07-10,KXCPICOREYOY-26NOV,0,NA,NA,NA,NA,NA,NA,NA,NA,NA,NA,NA,NA,NA,NA,NA,NA,NA,NA,NA,NA,NA,NA,NA,NA,NA,NA,NA,0,0,0,0,29.591836734693878,22.448979591836736,47.95918367346939,0,0,0,0,NA,NA,NA,0,0,0,0,NA,0
2026-07-10,KXCPICOREYOY-26SEP,0,NA,NA,NA,NA,NA,NA,NA,NA,NA,NA,NA,NA,NA,NA,NA,NA,NA,NA,NA,NA,NA,NA,NA,NA,NA,NA,NA,0,0,0,0,0,0,0,NA,NA,NA,NA,NA,NA,NA,0,0,34.69387755102041,65.3061224489796,NA,NA
2026-07-11,KXCPICOREYOY-26AUG,0,NA,NA,NA,NA,NA,NA,NA,NA,NA,NA,NA,NA,NA,NA,NA,NA,NA,NA,NA,NA,NA,NA,NA,NA,NA,NA,NA,57.142857142857146,1.0204081632653061,3.061224489795918,0,0,0,0,0,0,0,0,0,NA,NA,37.755102040816325,1.0204081632653061,0,0,NA,NA
2026-07-11,KXCPICOREYOY-26JUL,0,NA,NA,NA,NA,NA,NA,NA,NA,NA,NA,NA,NA,NA,NA,NA,NA,NA,NA,NA,NA,NA,NA,NA,NA,NA,NA,NA,0,17.346938775510203,35.714285714285715,8.16326530612245,15.306122448979592,5.1020408163265305,18.367346938775512,0,0,0,0,0,NA,NA,0,0,NA,NA,NA,NA
2026-07-11,KXCPICOREYOY-26JUN,15486.64,NA,NA,NA,NA,NA,NA,NA,NA,NA,NA,NA,NA,NA,NA,NA,NA,NA,NA,NA,NA,NA,NA,NA,NA,NA,NA,NA,0,0,17.346938775510203,48.97959183673469,26.53061224489796,7.142857142857143,0,0,0,0,0,0,NA,NA,0,0,0,0,NA,NA
2026-07-11,KXCPICOREYOY-26NOV,0,NA,NA,NA,NA,NA,NA,NA,NA,NA,NA,NA,NA,NA,NA,NA,NA,NA,NA,NA,NA,NA,NA,NA,NA,NA,NA,NA,0,0,0,0,29.591836734693878,22.448979591836736,47.95918367346939,0,0,0,0,NA,NA,NA,0,0,0,0,NA,0
2026-07-11,KXCPICOREYOY-26SEP,0,NA,NA,NA,NA,NA,NA,NA,NA,NA,NA,NA,NA,NA,NA,NA,NA,NA,NA,NA,NA,NA,NA,NA,NA,NA,NA,NA,0,0,0,0,0,0,0,NA,NA,NA,NA,NA,NA,NA,0,0,34.69387755102041,65.3061224489796,NA,NA
2026-07-12,KXCPICOREYOY-26AUG,0,NA,NA,NA,NA,NA,NA,NA,NA,NA,NA,NA,NA,NA,NA,NA,NA,NA,NA,NA,NA,NA,NA,NA,NA,NA,NA,NA,57.142857142857146,1.0204081632653061,3.061224489795918,0,0,0,0,0,0,0,0,0,NA,NA,37.755102040816325,1.0204081632653061,0,0,NA,NA
2026-07-12,KXCPICOREYOY-26JUL,0.43,NA,NA,NA,NA,NA,NA,NA,NA,NA,NA,NA,NA,NA,NA,NA,NA,NA,NA,NA,NA,NA,NA,NA,NA,NA,NA,NA,0,17.346938775510203,35.714285714285715,8.16326530612245,17.346938775510203,3.061224489795918,18.367346938775512,0,0,0,0,0,NA,NA,0,0,NA,NA,NA,NA
2026-07-12,KXCPICOREYOY-26JUN,2415.06,NA,NA,NA,NA,NA,NA,NA,NA,NA,NA,NA,NA,NA,NA,NA,NA,NA,NA,NA,NA,NA,NA,NA,NA,NA,NA,NA,0,0,16.3265306122449,37.755102040816325,43.87755102040816,2.0408163265306123,0,0,0,0,0,0,NA,NA,0,0,0,0,NA,NA
2026-07-12,KXCPICOREYOY-26NOV,0,NA,NA,NA,NA,NA,NA,NA,NA,NA,NA,NA,NA,NA,NA,NA,NA,NA,NA,NA,NA,NA,NA,NA,NA,NA,NA,NA,0,0,0,0,29.591836734693878,22.448979591836736,47.95918367346939,0,0,0,0,NA,NA,NA,0,0,0,0,NA,0
2026-07-12,KXCPICOREYOY-26SEP,0,NA,NA,NA,NA,NA,NA,NA,NA,NA,NA,NA,NA,NA,NA,NA,NA,NA,NA,NA,NA,NA,NA,NA,NA,NA,NA,NA,0,0,0,0,0,0,0,NA,NA,NA,NA,NA,NA,NA,0,0,34.69387755102041,65.3061224489796,NA,NA
2026-07-13,KXCPICOREYOY-26AUG,10,NA,NA,NA,NA,NA,NA,NA,NA,NA,NA,NA,NA,NA,NA,NA,NA,NA,NA,NA,NA,NA,NA,NA,NA,NA,NA,NA,57.142857142857146,1.0204081632653061,3.061224489795918,0,0,0,0,0,0,0,0,0,NA,NA,37.755102040816325,1.0204081632653061,0,0,NA,NA
2026-07-13,KXCPICOREYOY-26JUL,4,NA,NA,NA,NA,NA,NA,NA,NA,NA,NA,NA,NA,NA,NA,NA,NA,NA,NA,NA,NA,NA,NA,NA,NA,NA,NA,NA,0,17.346938775510203,35.714285714285715,8.16326530612245,34.69387755102041,4.081632653061225,0,0,0,0,0,0,NA,NA,0,0,0,NA,NA,NA
2026-07-13,KXCPICOREYOY-26JUN,12960.34,NA,NA,NA,NA,NA,NA,NA,NA,NA,NA,NA,NA,NA,NA,NA,NA,NA,NA,NA,NA,NA,NA,NA,NA,NA,NA,NA,0,1.0204081632653061,16.3265306122449,51.02040816326531,27.551020408163264,4.081632653061225,0,0,0,0,0,0,NA,NA,0,0,0,0,NA,NA
2026-07-13,KXCPICOREYOY-26NOV,2,NA,NA,NA,NA,NA,NA,NA,NA,NA,NA,NA,NA,NA,NA,NA,NA,NA,NA,NA,NA,NA,NA,NA,NA,NA,NA,NA,0,0,0,0,29.591836734693878,22.448979591836736,47.95918367346939,0,0,0,0,NA,NA,NA,0,0,0,0,NA,0
2026-07-13,KXCPICOREYOY-26SEP,11,NA,NA,NA,NA,NA,NA,NA,NA,NA,NA,NA,NA,NA,NA,NA,NA,NA,NA,NA,NA,NA,NA,NA,NA,NA,NA,NA,65.3061224489796,34.69387755102041,0,0,0,0,0,NA,NA,NA,NA,NA,NA,NA,0,0,0,0,NA,NA
2026-07-14,KXCPICOREYOY-26AUG,229,NA,NA,NA,NA,NA,NA,NA,NA,NA,NA,NA,NA,NA,NA,NA,NA,NA,NA,NA,NA,NA,NA,NA,NA,NA,NA,NA,57.142857142857146,1.0204081632653061,3.061224489795918,0,0,0,0,0,0,0,0,0,NA,NA,37.755102040816325,1.0204081632653061,0,0,NA,NA
2026-07-14,KXCPICOREYOY-26JUL,1969.91,NA,NA,NA,NA,NA,NA,NA,NA,NA,NA,NA,NA,NA,NA,NA,NA,NA,NA,NA,NA,NA,NA,NA,NA,NA,NA,NA,19.387755102040817,30.612244897959183,47.95918367346939,2.0408163265306123,0,0,0,0,0,0,0,0,NA,NA,0,0,0,NA,NA,NA
2026-07-14,KXCPICOREYOY-26JUN,1280.84,NA,NA,NA,NA,NA,NA,NA,NA,NA,NA,NA,NA,NA,NA,NA,NA,NA,NA,NA,NA,NA,NA,NA,NA,NA,NA,NA,0,1.0204081632653061,13.26530612244898,56.12244897959184,27.551020408163264,2.0408163265306123,0,0,0,0,0,0,NA,NA,0,0,0,0,NA,NA
2026-07-14,KXCPICOREYOY-26NOV,1197.05,NA,NA,NA,NA,NA,NA,NA,NA,NA,NA,NA,NA,NA,NA,NA,NA,NA,NA,NA,NA,NA,NA,NA,NA,NA,NA,NA,0,0,1.0204081632653061,23.46938775510204,5.1020408163265305,22.448979591836736,47.95918367346939,0,0,0,0,NA,NA,NA,0,0,0,0,NA,0
2026-07-14,KXCPICOREYOY-26SEP,10,NA,NA,NA,NA,NA,NA,NA,NA,NA,NA,NA,NA,NA,NA,NA,NA,NA,NA,NA,NA,NA,NA,NA,NA,NA,NA,NA,63.265306122448976,2.0408163265306123,34.69387755102041,0,0,0,0,NA,NA,NA,NA,NA,NA,NA,0,0,0,0,NA,NA
2026-07-15,KXCPICOREYOY-26AUG,0,NA,NA,NA,NA,NA,NA,NA,NA,NA,NA,NA,NA,NA,NA,NA,NA,NA,NA,NA,NA,NA,NA,NA,NA,NA,NA,NA,57.142857142857146,1.0204081632653061,3.061224489795918,0,0,0,0,0,0,0,0,0,NA,NA,37.755102040816325,1.0204081632653061,0,0,NA,NA
2026-07-15,KXCPICOREYOY-26JUL,184,NA,NA,NA,NA,NA,NA,NA,NA,NA,NA,NA,NA,NA,NA,NA,NA,NA,NA,NA,NA,NA,NA,NA,NA,NA,NA,NA,19.387755102040817,30.612244897959183,47.95918367346939,1.0204081632653061,1.0204081632653061,0,0,0,0,0,0,0,NA,NA,0,0,0,NA,NA,NA
2026-07-15,KXCPICOREYOY-26NOV,0,NA,NA,NA,NA,NA,NA,NA,NA,NA,NA,NA,NA,NA,NA,NA,NA,NA,NA,NA,NA,NA,NA,NA,NA,NA,NA,NA,0,0,1.0204081632653061,23.46938775510204,5.1020408163265305,22.448979591836736,47.95918367346939,0,0,0,0,NA,NA,NA,0,0,0,0,NA,0
2026-07-15,KXCPICOREYOY-26SEP,0,NA,NA,NA,NA,NA,NA,NA,NA,NA,NA,NA,NA,NA,NA,NA,NA,NA,NA,NA,NA,NA,NA,NA,NA,NA,NA,NA,63.265306122448976,2.0408163265306123,34.69387755102041,0,0,0,0,NA,NA,NA,NA,NA,NA,NA,0,0,0,0,NA,NA
2026-07-16,KXCPICOREYOY-26AUG,927,NA,NA,NA,NA,NA,NA,NA,NA,NA,NA,NA,NA,NA,NA,NA,NA,NA,NA,NA,NA,NA,NA,NA,NA,NA,NA,NA,47.95918367346939,6.122448979591839,4.081632653061225,3.061224489795918,0,0,0,0,0,0,0,0,NA,NA,37.755102040816325,1.0204081632653061,0,0,NA,NA
2026-07-16,KXCPICOREYOY-26JUL,864.92,NA,NA,NA,NA,NA,NA,NA,NA,NA,NA,NA,NA,NA,NA,NA,NA,NA,NA,NA,NA,NA,NA,NA,NA,NA,NA,NA,36.734693877551024,43.87755102040816,2.0408163265306123,0,0,0,0,0,0,0,0,0,NA,NA,13.26530612244898,4.081632653061225,0,0,NA,NA
2026-07-16,KXCPICOREYOY-26NOV,80,NA,NA,NA,NA,NA,NA,NA,NA,NA,NA,NA,NA,NA,NA,NA,NA,NA,NA,NA,NA,NA,NA,NA,NA,NA,NA,NA,0,0,1.0204081632653061,23.46938775510204,5.1020408163265305,22.448979591836736,47.95918367346939,0,0,0,0,NA,NA,NA,0,0,0,0,NA,0
2026-07-16,KXCPICOREYOY-26SEP,113,NA,NA,NA,NA,NA,NA,NA,NA,NA,NA,NA,NA,NA,NA,NA,NA,NA,NA,NA,NA,NA,NA,NA,NA,NA,NA,NA,63.265306122448976,27.551020408163264,2.0408163265306123,7.142857142857143,0,0,0,0,NA,NA,NA,NA,NA,NA,0,0,0,0,NA,NA
2026-07-17,KXCPICOREYOY-26AUG,152,NA,NA,NA,NA,NA,NA,NA,NA,NA,NA,NA,NA,NA,NA,NA,NA,NA,NA,NA,NA,NA,NA,NA,NA,NA,NA,NA,47.95918367346939,6.122448979591839,4.081632653061225,3.061224489795918,0,0,0,0,0,0,0,0,NA,NA,37.755102040816325,1.0204081632653061,0,0,NA,NA
2026-07-17,KXCPICOREYOY-26JUL,435.03000000000003,NA,NA,NA,NA,NA,NA,NA,NA,NA,NA,NA,NA,NA,NA,NA,NA,NA,NA,NA,NA,NA,NA,NA,NA,NA,NA,NA,46.93877551020408,30.612244897959183,2.0408163265306123,0,0,0,0,0,0,0,0,0,NA,NA,1.0204081632653061,15.306122448979592,4.081632653061225,0,NA,NA
2026-07-17,KXCPICOREYOY-26NOV,0,NA,NA,NA,NA,NA,NA,NA,NA,NA,NA,NA,NA,NA,NA,NA,NA,NA,NA,NA,NA,NA,NA,NA,NA,NA,NA,NA,0,0,1.0204081632653061,23.46938775510204,5.1020408163265305,22.448979591836736,47.95918367346939,0,0,0,0,NA,NA,NA,0,0,0,0,NA,0
2026-07-17,KXCPICOREYOY-26SEP,0,NA,NA,NA,NA,NA,NA,NA,NA,NA,NA,NA,NA,NA,NA,NA,NA,NA,NA,NA,NA,NA,NA,NA,NA,NA,NA,NA,63.265306122448976,27.551020408163264,2.0408163265306123,7.142857142857143,0,0,0,0,NA,NA,NA,NA,NA,NA,0,0,0,0,NA,NA
2026-07-18,KXCPICOREYOY-26AUG,40,NA,NA,NA,NA,NA,NA,NA,NA,NA,NA,NA,NA,NA,NA,NA,NA,NA,NA,NA,NA,NA,NA,NA,NA,NA,NA,NA,47.95918367346939,6.122448979591839,4.081632653061225,3.061224489795918,0,0,0,0,0,0,0,0,NA,NA,37.755102040816325,1.0204081632653061,0,0,NA,NA
2026-07-18,KXCPICOREYOY-26JUL,10,NA,NA,NA,NA,NA,NA,NA,NA,NA,NA,NA,NA,NA,NA,NA,NA,NA,NA,NA,NA,NA,NA,NA,NA,NA,NA,NA,46.93877551020408,30.612244897959183,2.0408163265306123,0,0,0,0,0,0,0,0,0,NA,NA,1.0204081632653061,15.306122448979592,4.081632653061225,0,NA,NA
2026-07-18,KXCPICOREYOY-26NOV,0,NA,NA,NA,NA,NA,NA,NA,NA,NA,NA,NA,NA,NA,NA,NA,NA,NA,NA,NA,NA,NA,NA,NA,NA,NA,NA,NA,0,0,1.0204081632653061,23.46938775510204,5.1020408163265305,22.448979591836736,47.95918367346939,0,0,0,0,NA,NA,NA,0,0,0,0,NA,0
2026-07-18,KXCPICOREYOY-26SEP,0,NA,NA,NA,NA,NA,NA,NA,NA,NA,NA,NA,NA,NA,NA,NA,NA,NA,NA,NA,NA,NA,NA,NA,NA,NA,NA,NA,63.265306122448976,27.551020408163264,2.0408163265306123,7.142857142857143,0,0,0,0,NA,NA,NA,NA,NA,NA,0,0,0,0,NA,NA
2026-07-19,KXCPICOREYOY-26AUG,31,NA,NA,NA,NA,NA,NA,NA,NA,NA,NA,NA,NA,NA,NA,NA,NA,NA,NA,NA,NA,NA,NA,NA,NA,NA,NA,NA,25.510204081632654,13.26530612244898,53.06122448979592,4.081632653061225,3.061224489795918,0,0,0,0,0,0,0,NA,NA,1.0204081632653061,0,0,0,NA,NA
2026-07-19,KXCPICOREYOY-26JUL,13,NA,NA,NA,NA,NA,NA,NA,NA,NA,NA,NA,NA,NA,NA,NA,NA,NA,NA,NA,NA,NA,NA,NA,NA,NA,NA,NA,15.306122448979592,27.551020408163264,3.061224489795918,14.285714285714286,7.142857142857143,1.0204081632653061,3.061224489795918,4.081632653061225,0,0,0,0,NA,NA,5.1020408163265305,15.306122448979592,4.081632653061225,0,NA,NA
2026-07-19,KXCPICOREYOY-26NOV,2,NA,NA,NA,NA,NA,NA,NA,NA,NA,NA,NA,NA,NA,NA,NA,NA,NA,NA,NA,NA,NA,NA,NA,NA,NA,NA,NA,0,0,0,1.0204081632653061,23.46938775510204,5.1020408163265305,10.204081632653061,12.244897959183673,47.95918367346939,0,0,NA,NA,NA,0,0,0,0,NA,0
2026-07-19,KXCPICOREYOY-26SEP,0,NA,NA,NA,NA,NA,NA,NA,NA,NA,NA,NA,NA,NA,NA,NA,NA,NA,NA,NA,NA,NA,NA,NA,NA,NA,NA,NA,63.265306122448976,27.551020408163264,2.0408163265306123,7.142857142857143,0,0,0,0,NA,NA,NA,NA,NA,NA,0,0,0,0,NA,NA
2026-07-20,KXCPICOREYOY-26AUG,49,NA,NA,NA,NA,NA,NA,NA,NA,NA,NA,NA,NA,NA,NA,NA,NA,NA,NA,NA,NA,NA,NA,NA,NA,NA,NA,NA,7.142857142857143,13.26530612244898,53.06122448979592,4.081632653061225,3.061224489795918,0,0,0,0,0,0,0,NA,NA,18.367346938775512,1.0204081632653061,0,0,NA,NA
2026-07-20,KXCPICOREYOY-26JUL,744.87,NA,NA,NA,NA,NA,NA,NA,NA,NA,NA,NA,NA,NA,NA,NA,NA,NA,NA,NA,NA,NA,NA,NA,NA,NA,NA,NA,29.591836734693878,37.755102040816325,7.142857142857143,3.061224489795918,4.081632653061225,0,0,0,0,0,0,0,NA,NA,15.306122448979592,3.061224489795918,0,0,NA,NA
2026-07-20,KXCPICOREYOY-26NOV,3993,NA,NA,NA,NA,NA,NA,NA,NA,NA,NA,NA,NA,NA,NA,NA,NA,NA,NA,NA,NA,NA,NA,NA,NA,NA,NA,NA,0,0,0,1.0204081632653061,23.46938775510204,5.1020408163265305,10.204081632653061,12.244897959183673,47.95918367346939,0,0,NA,NA,NA,0,0,0,0,NA,0
2026-07-20,KXCPICOREYOY-26SEP,0,NA,NA,NA,NA,NA,NA,NA,NA,NA,NA,NA,NA,NA,NA,NA,NA,NA,NA,NA,NA,NA,NA,NA,NA,NA,NA,NA,63.265306122448976,27.551020408163264,2.0408163265306123,7.142857142857143,0,0,0,0,NA,NA,NA,NA,NA,NA,0,0,0,0,NA,NA
2026-07-21,KXCPICOREYOY-26AUG,0,NA,NA,NA,NA,NA,NA,NA,NA,NA,NA,NA,NA,NA,NA,NA,NA,NA,NA,NA,NA,NA,NA,NA,NA,NA,NA,NA,7.142857142857143,13.26530612244898,53.06122448979592,4.081632653061225,3.061224489795918,0,0,0,0,0,0,0,NA,NA,18.367346938775512,1.0204081632653061,0,0,NA,NA
2026-07-21,KXCPICOREYOY-26JUL,2271.38,NA,NA,NA,NA,NA,NA,NA,NA,NA,NA,NA,NA,NA,NA,NA,NA,NA,NA,NA,NA,NA,NA,NA,NA,NA,NA,NA,32.6530612244898,39.795918367346935,3.061224489795918,2.0408163265306123,1.0204081632653061,3.061224489795918,1.0204081632653061,0,0,0,0,0,NA,NA,5.1020408163265305,12.244897959183673,0,0,NA,NA
2026-07-21,KXCPICOREYOY-26NOV,0,NA,NA,NA,NA,NA,NA,NA,NA,NA,NA,NA,NA,NA,NA,NA,NA,NA,NA,NA,NA,NA,NA,NA,NA,NA,NA,NA,0,0,0,1.0204081632653061,23.46938775510204,5.1020408163265305,10.204081632653061,12.244897959183673,47.95918367346939,0,0,NA,NA,NA,0,0,0,0,NA,0
2026-07-21,KXCPICOREYOY-26SEP,0,NA,NA,NA,NA,NA,NA,NA,NA,NA,NA,NA,NA,NA,NA,NA,NA,NA,NA,NA,NA,NA,NA,NA,NA,NA,NA,NA,63.265306122448976,27.551020408163264,2.0408163265306123,7.142857142857143,0,0,0,0,NA,NA,NA,NA,NA,NA,0,0,0,0,NA,NA
2026-07-22,KXCPICOREYOY-26AUG,3,NA,NA,NA,NA,NA,NA,NA,NA,NA,NA,NA,NA,NA,NA,NA,NA,NA,NA,NA,NA,NA,NA,NA,NA,NA,NA,NA,7.142857142857143,13.26530612244898,53.06122448979592,6.122448979591836,1.0204081632653061,0,0,0,0,0,0,0,NA,NA,18.367346938775512,1.0204081632653061,0,0,NA,NA
2026-07-22,KXCPICOREYOY-26JUL,5191.15,NA,NA,NA,NA,NA,NA,NA,NA,NA,NA,NA,NA,NA,NA,NA,NA,NA,NA,NA,NA,NA,NA,NA,NA,NA,NA,NA,29.591836734693878,48.97959183673469,2.0408163265306123,2.0408163265306123,0,0,0,0,0,0,0,0,NA,NA,5.1020408163265305,12.244897959183673,0,0,NA,NA
2026-07-22,KXCPICOREYOY-26NOV,0,NA,NA,NA,NA,NA,NA,NA,NA,NA,NA,NA,NA,NA,NA,NA,NA,NA,NA,NA,NA,NA,NA,NA,NA,NA,NA,NA,0,0,0,1.0204081632653061,23.46938775510204,5.1020408163265305,10.204081632653061,12.244897959183673,47.95918367346939,0,0,NA,NA,NA,0,0,0,0,NA,0
2026-07-22,KXCPICOREYOY-26SEP,0,NA,NA,NA,NA,NA,NA,NA,NA,NA,NA,NA,NA,NA,NA,NA,NA,NA,NA,NA,NA,NA,NA,NA,NA,NA,NA,NA,63.265306122448976,27.551020408163264,2.0408163265306123,7.142857142857143,0,0,0,0,NA,NA,NA,NA,NA,NA,0,0,0,0,NA,NA
2026-07-23,KXCPICOREYOY-26AUG,41,NA,NA,NA,NA,NA,NA,NA,NA,NA,NA,NA,NA,NA,NA,NA,NA,NA,NA,NA,NA,NA,NA,NA,NA,NA,NA,NA,13.26530612244898,7.142857142857143,53.06122448979592,6.122448979591836,1.0204081632653061,0,0,0,0,0,0,0,NA,NA,18.367346938775512,1.0204081632653061,0,0,NA,NA
2026-07-23,KXCPICOREYOY-26JUL,4091.1,NA,NA,NA,NA,NA,NA,NA,NA,NA,NA,NA,NA,NA,NA,NA,NA,NA,NA,NA,NA,NA,NA,NA,NA,NA,NA,NA,9.183673469387756,14.285714285714286,10.204081632653061,2.0408163265306123,1.0204081632653061,1.0204081632653061,1.0204081632653061,1.0204081632653061,1.0204081632653061,0,0,0,NA,NA,41.83673469387755,15.306122448979592,2.0408163265306123,0,NA,NA
2026-07-23,KXCPICOREYOY-26NOV,15919.95,NA,NA,NA,NA,NA,NA,NA,NA,NA,NA,NA,NA,NA,NA,NA,NA,NA,NA,NA,NA,NA,NA,NA,NA,NA,NA,NA,0,0,0,1.0204081632653061,1.0204081632653061,27.551020408163264,10.204081632653061,20.408163265306122,39.795918367346935,0,0,0,NA,NA,0,0,0,0,NA,0
2026-07-23,KXCPICOREYOY-26SEP,0,NA,NA,NA,NA,NA,NA,NA,NA,NA,NA,NA,NA,NA,NA,NA,NA,NA,NA,NA,NA,NA,NA,NA,NA,NA,NA,NA,63.265306122448976,27.551020408163264,2.0408163265306123,7.142857142857143,0,0,0,0,NA,NA,NA,NA,NA,NA,0,0,0,0,NA,NA
2026-07-24,KXCPICOREYOY-26AUG,0,NA,NA,NA,NA,NA,NA,NA,NA,NA,NA,NA,NA,NA,NA,NA,NA,NA,NA,NA,NA,NA,NA,NA,NA,NA,NA,NA,13.26530612244898,7.142857142857143,53.06122448979592,6.122448979591836,1.0204081632653061,0,0,0,0,0,0,0,NA,NA,18.367346938775512,1.0204081632653061,0,0,NA,NA
2026-07-24,KXCPICOREYOY-26JUL,4370,NA,NA,NA,NA,NA,NA,NA,NA,NA,NA,NA,NA,NA,NA,NA,NA,NA,NA,NA,NA,NA,NA,NA,NA,NA,NA,NA,50.00000000000001,2.0408163265306123,1.0204081632653061,2.0408163265306123,0,0,0,0,0,0,0,0,NA,NA,27.551020408163257,5.1020408163265305,12.244897959183673,0,NA,NA
2026-07-24,KXCPICOREYOY-26NOV,0,NA,NA,NA,NA,NA,NA,NA,NA,NA,NA,NA,NA,NA,NA,NA,NA,NA,NA,NA,NA,NA,NA,NA,NA,NA,NA,NA,0,0,0,1.0204081632653061,1.0204081632653061,27.551020408163264,10.204081632653061,20.408163265306122,39.795918367346935,0,0,0,NA,NA,0,0,0,0,NA,0
2026-07-24,KXCPICOREYOY-26SEP,0,NA,NA,NA,NA,NA,NA,NA,NA,NA,NA,NA,NA,NA,NA,NA,NA,NA,NA,NA,NA,NA,NA,NA,NA,NA,NA,NA,63.265306122448976,27.551020408163264,2.0408163265306123,7.142857142857143,0,0,0,0,NA,NA,NA,NA,NA,NA,0,0,0,0,NA,NA
2026-07-25,KXCPICOREYOY-26AUG,0,NA,NA,NA,NA,NA,NA,NA,NA,NA,NA,NA,NA,NA,NA,NA,NA,NA,NA,NA,NA,NA,NA,NA,NA,NA,NA,NA,13.26530612244898,7.142857142857143,53.06122448979592,6.122448979591836,1.0204081632653061,0,0,0,0,0,0,0,NA,NA,18.367346938775512,1.0204081632653061,0,0,NA,NA
2026-07-25,KXCPICOREYOY-26JUL,1783.44,NA,NA,NA,NA,NA,NA,NA,NA,NA,NA,NA,NA,NA,NA,NA,NA,NA,NA,NA,NA,NA,NA,NA,NA,NA,NA,NA,40.816326530612244,2.0408163265306123,1.0204081632653061,2.0408163265306123,0,0,0,0,0,0,0,0,NA,NA,34.69387755102041,6.122448979591836,12.244897959183673,1.0204081632653061,NA,NA
2026-07-25,KXCPICOREYOY-26NOV,0,NA,NA,NA,NA,NA,NA,NA,NA,NA,NA,NA,NA,NA,NA,NA,NA,NA,NA,NA,NA,NA,NA,NA,NA,NA,NA,NA,0,0,0,1.0204081632653061,1.0204081632653061,27.551020408163264,10.204081632653061,20.408163265306122,39.795918367346935,0,0,0,NA,NA,0,0,0,0,NA,0
2026-07-25,KXCPICOREYOY-26SEP,0,NA,NA,NA,NA,NA,NA,NA,NA,NA,NA,NA,NA,NA,NA,NA,NA,NA,NA,NA,NA,NA,NA,NA,NA,NA,NA,NA,63.265306122448976,27.551020408163264,2.0408163265306123,7.142857142857143,0,0,0,0,NA,NA,NA,NA,NA,NA,0,0,0,0,NA,NA
2026-07-26,KXCPICOREYOY-26AUG,0,NA,NA,NA,NA,NA,NA,NA,NA,NA,NA,NA,NA,NA,NA,NA,NA,NA,NA,NA,NA,NA,NA,NA,NA,NA,NA,NA,13.26530612244898,7.142857142857143,53.06122448979592,6.122448979591836,1.0204081632653061,0,0,0,0,0,0,0,NA,NA,18.367346938775512,1.0204081632653061,0,0,NA,NA
2026-07-26,KXCPICOREYOY-26JUL,1233.19,NA,NA,NA,NA,NA,NA,NA,NA,NA,NA,NA,NA,NA,NA,NA,NA,NA,NA,NA,NA,NA,NA,NA,NA,NA,NA,NA,40.816326530612244,2.0408163265306123,1.0204081632653061,2.0408163265306123,0,0,0,0,0,0,0,0,NA,NA,36.734693877551024,15.306122448979592,1.0204081632653061,1.0204081632653061,NA,NA
2026-07-26,KXCPICOREYOY-26NOV,0,NA,NA,NA,NA,NA,NA,NA,NA,NA,NA,NA,NA,NA,NA,NA,NA,NA,NA,NA,NA,NA,NA,NA,NA,NA,NA,NA,0,0,0,1.0204081632653061,1.0204081632653061,27.551020408163264,10.204081632653061,20.408163265306122,39.795918367346935,0,0,0,NA,NA,0,0,0,0,NA,0
2026-07-26,KXCPICOREYOY-26SEP,0,NA,NA,NA,NA,NA,NA,NA,NA,NA,NA,NA,NA,NA,NA,NA,NA,NA,NA,NA,NA,NA,NA,NA,NA,NA,NA,NA,63.265306122448976,27.551020408163264,2.0408163265306123,7.142857142857143,0,0,0,0,NA,NA,NA,NA,NA,NA,0,0,0,0,NA,NA
2026-07-27,KXCPICOREYOY-26AUG,0,NA,NA,NA,NA,NA,NA,NA,NA,NA,NA,NA,NA,NA,NA,NA,NA,NA,NA,NA,NA,NA,NA,NA,NA,NA,NA,NA,13.26530612244898,7.142857142857143,53.06122448979592,6.122448979591836,1.0204081632653061,0,0,0,0,0,0,0,NA,NA,18.367346938775512,1.0204081632653061,0,0,NA,NA
2026-07-27,KXCPICOREYOY-26JUL,62.29,NA,NA,NA,NA,NA,NA,NA,NA,NA,NA,NA,NA,NA,NA,NA,NA,NA,NA,NA,NA,NA,NA,NA,NA,NA,NA,NA,41.83673469387755,2.0408163265306123,1.0204081632653061,2.0408163265306123,0,0,0,0,0,0,0,0,NA,NA,35.714285714285715,15.306122448979592,1.0204081632653061,1.0204081632653061,NA,NA
2026-07-27,KXCPICOREYOY-26NOV,5971,NA,NA,NA,NA,NA,NA,NA,NA,NA,NA,NA,NA,NA,NA,NA,NA,NA,NA,NA,NA,NA,NA,NA,NA,NA,NA,NA,0,0,0,0,0,1.0204081632653061,19.387755102040817,38.775510204081634,40.816326530612244,0,0,0,NA,NA,0,0,0,0,NA,0
2026-07-27,KXCPICOREYOY-26SEP,0,NA,NA,NA,NA,NA,NA,NA,NA,NA,NA,NA,NA,NA,NA,NA,NA,NA,NA,NA,NA,NA,NA,NA,NA,NA,NA,NA,63.265306122448976,27.551020408163264,2.0408163265306123,7.142857142857143,0,0,0,0,NA,NA,NA,NA,NA,NA,0,0,0,0,NA,NA
2026-07-28,KXCPICOREYOY-26AUG,70,NA,NA,NA,NA,NA,NA,NA,NA,NA,NA,NA,NA,NA,NA,NA,NA,NA,NA,NA,NA,NA,NA,NA,NA,NA,NA,NA,35.714285714285715,6.122448979591836,1.0204081632653061,0,0,0,0,0,0,0,0,0,NA,NA,37.755102040816325,18.367346938775512,1.0204081632653061,0,NA,NA
2026-07-28,KXCPICOREYOY-26JUL,347.82,NA,NA,NA,NA,NA,NA,NA,NA,NA,NA,NA,NA,NA,NA,NA,NA,NA,NA,NA,NA,NA,NA,NA,NA,NA,NA,NA,39.795918367346935,4.081632653061225,1.0204081632653061,0,0,0,0,0,0,0,0,0,NA,NA,45.91836734693877,7.142857142857143,1.0204081632653061,1.0204081632653061,NA,NA
2026-07-28,KXCPICOREYOY-26NOV,66,NA,NA,NA,NA,NA,NA,NA,NA,NA,NA,NA,NA,NA,NA,NA,NA,NA,NA,NA,NA,NA,NA,NA,NA,NA,NA,NA,0,0,1.0204081632653061,19.387755102040817,9.183673469387756,29.591836734693878,40.816326530612244,0,0,0,0,0,NA,NA,0,0,0,0,NA,0
2026-07-28,KXCPICOREYOY-26SEP,28,NA,NA,NA,NA,NA,NA,NA,NA,NA,NA,NA,NA,NA,NA,NA,NA,NA,NA,NA,NA,NA,NA,NA,NA,NA,NA,NA,59.183673469387756,40.816326530612244,0,0,0,0,0,0,NA,NA,NA,NA,NA,NA,0,0,0,0,NA,NA
2026-07-29,KXCPICOREYOY-26AUG,54,NA,NA,NA,NA,NA,NA,NA,NA,NA,NA,NA,NA,NA,NA,NA,NA,NA,NA,NA,NA,NA,NA,NA,NA,NA,NA,NA,18.367346938775512,26.53061224489796,46.93877551020408,6.122448979591836,1.0204081632653061,0,0,0,0,0,0,0,NA,NA,1.0204081632653061,0,0,0,NA,NA
2026-07-29,KXCPICOREYOY-26JUL,43.11,NA,NA,NA,NA,NA,NA,NA,NA,NA,NA,NA,NA,NA,NA,NA,NA,NA,NA,NA,NA,NA,NA,NA,NA,NA,NA,NA,38.775510204081634,4.081632653061225,1.0204081632653061,0,0,0,0,0,0,0,0,0,NA,NA,45.91836734693877,8.16326530612245,1.0204081632653061,1.0204081632653061,NA,NA
2026-07-29,KXCPICOREYOY-26NOV,8.01,NA,NA,NA,NA,NA,NA,NA,NA,NA,NA,NA,NA,NA,NA,NA,NA,NA,NA,NA,NA,NA,NA,NA,NA,NA,NA,NA,0,1.0204081632653061,1.0204081632653061,18.367346938775512,9.183673469387756,29.591836734693878,40.816326530612244,0,0,0,0,0,NA,NA,0,0,0,0,NA,0
2026-07-29,KXCPICOREYOY-26SEP,42.97,NA,NA,NA,NA,NA,NA,NA,NA,NA,NA,NA,NA,NA,NA,NA,NA,NA,NA,NA,NA,NA,NA,NA,NA,NA,NA,NA,58.16326530612245,5.1020408163265305,36.734693877551024,0,0,0,0,0,NA,NA,NA,NA,NA,NA,0,0,0,0,NA,NA
2026-07-30,KXCPICOREYOY-26AUG,107,NA,NA,NA,NA,NA,NA,NA,NA,NA,NA,NA,NA,NA,NA,NA,NA,NA,NA,NA,NA,NA,NA,NA,NA,NA,NA,NA,44.89795918367347,2.0408163265306123,6.122448979591836,1.0204081632653061,0,0,0,0,0,0,0,0,NA,NA,26.53061224489796,18.367346938775512,1.0204081632653061,0,NA,NA
2026-07-30,KXCPICOREYOY-26JUL,80.11,NA,NA,NA,NA,NA,NA,NA,NA,NA,NA,NA,NA,NA,NA,NA,NA,NA,NA,NA,NA,NA,NA,NA,NA,NA,NA,NA,37.755102040816325,4.081632653061225,1.0204081632653061,0,0,0,0,0,0,0,0,0,NA,NA,27.551020408163264,27.551020408163264,1.0204081632653061,1.0204081632653061,NA,NA
2026-07-30,KXCPICOREYOY-26NOV,11,NA,NA,NA,NA,NA,NA,NA,NA,NA,NA,NA,NA,NA,NA,NA,NA,NA,NA,NA,NA,NA,NA,NA,NA,NA,NA,NA,0,1.0204081632653061,17.346938775510203,2.0408163265306123,9.183673469387756,29.591836734693878,40.816326530612244,0,0,0,0,0,NA,NA,0,0,0,0,NA,0
2026-07-30,KXCPICOREYOY-26SEP,21,NA,NA,NA,NA,NA,NA,NA,NA,NA,NA,NA,NA,NA,NA,NA,NA,NA,NA,NA,NA,NA,NA,NA,NA,NA,NA,NA,58.16326530612245,5.1020408163265305,36.734693877551024,0,0,0,0,0,NA,NA,NA,NA,NA,NA,0,0,0,0,NA,NA
2026-07-31,KXCPICOREYOY-26AUG,0,NA,NA,NA,NA,NA,NA,NA,NA,NA,NA,NA,NA,NA,NA,NA,NA,NA,NA,NA,NA,NA,NA,NA,NA,NA,NA,NA,44.89795918367347,2.0408163265306123,6.122448979591836,1.0204081632653061,0,0,0,0,0,0,0,0,NA,NA,26.53061224489796,18.367346938775512,1.0204081632653061,0,NA,NA
2026-07-31,KXCPICOREYOY-26JUL,12200.97,NA,NA,NA,NA,NA,NA,NA,NA,NA,NA,NA,NA,NA,NA,NA,NA,NA,NA,NA,NA,NA,NA,NA,NA,NA,NA,NA,29.591836734693878,10.204081632653061,9.183673469387756,2.0408163265306123,1.0204081632653061,0,0,0,0,0,0,0,NA,NA,18.367346938775512,27.551020408163264,1.0204081632653061,1.0204081632653061,NA,NA
2026-07-31,KXCPICOREYOY-26NOV,1,NA,NA,NA,NA,NA,NA,NA,NA,NA,NA,NA,NA,NA,NA,NA,NA,NA,NA,NA,NA,NA,NA,NA,NA,NA,NA,NA,0,1.0204081632653061,17.346938775510203,2.0408163265306123,9.183673469387756,29.591836734693878,40.816326530612244,0,0,0,0,0,NA,NA,0,0,0,0,NA,0
2026-07-31,KXCPICOREYOY-26SEP,0,NA,NA,NA,NA,NA,NA,NA,NA,NA,NA,NA,NA,NA,NA,NA,NA,NA,NA,NA,NA,NA,NA,NA,NA,NA,NA,NA,58.16326530612245,5.1020408163265305,36.734693877551024,0,0,0,0,0,NA,NA,NA,NA,NA,NA,0,0,0,0,NA,NA
2026-08-01,KXCPICOREYOY-26AUG,0,NA,NA,NA,NA,NA,NA,NA,NA,NA,NA,NA,NA,NA,NA,NA,NA,NA,NA,NA,NA,NA,NA,NA,NA,NA,NA,NA,44.89795918367347,2.0408163265306123,6.122448979591836,1.0204081632653061,0,0,0,0,0,0,0,0,NA,NA,26.53061224489796,18.367346938775512,1.0204081632653061,0,NA,NA
2026-08-01,KXCPICOREYOY-26JUL,179.36,NA,NA,NA,NA,NA,NA,NA,NA,NA,NA,NA,NA,NA,NA,NA,NA,NA,NA,NA,NA,NA,NA,NA,NA,NA,NA,NA,31.632653061224488,8.16326530612245,9.183673469387756,2.0408163265306123,1.0204081632653061,0,0,0,0,0,0,0,NA,NA,33.673469387755105,12.244897959183673,1.0204081632653061,1.0204081632653061,NA,NA
2026-08-01,KXCPICOREYOY-26NOV,0.02,NA,NA,NA,NA,NA,NA,NA,NA,NA,NA,NA,NA,NA,NA,NA,NA,NA,NA,NA,NA,NA,NA,NA,NA,NA,NA,NA,1.0204081632653061,1.0204081632653061,16.3265306122449,2.0408163265306123,9.183673469387756,29.591836734693878,40.816326530612244,0,0,0,0,0,NA,NA,0,0,0,0,NA,0
2026-08-01,KXCPICOREYOY-26SEP,10,NA,NA,NA,NA,NA,NA,NA,NA,NA,NA,NA,NA,NA,NA,NA,NA,NA,NA,NA,NA,NA,NA,NA,NA,NA,NA,NA,58.16326530612245,5.1020408163265305,6.122448979591836,21.428571428571427,2.0408163265306123,7.142857142857143,0,0,NA,NA,NA,NA,NA,NA,0,0,0,0,NA,NA
2026-08-02,KXCPICOREYOY-26AUG,0,NA,NA,NA,NA,NA,NA,NA,NA,NA,NA,NA,NA,NA,NA,NA,NA,NA,NA,NA,NA,NA,NA,NA,NA,NA,NA,NA,44.89795918367347,2.0408163265306123,6.122448979591836,1.0204081632653061,0,0,0,0,0,0,0,0,NA,NA,26.53061224489796,18.367346938775512,1.0204081632653061,0,NA,NA
2026-08-02,KXCPICOREYOY-26JUL,797.9,NA,NA,NA,NA,NA,NA,NA,NA,NA,NA,NA,NA,NA,NA,NA,NA,NA,NA,NA,NA,NA,NA,NA,NA,NA,NA,NA,45.91836734693877,6.122448979591836,9.183673469387756,2.0408163265306123,1.0204081632653061,0,0,0,0,0,0,0,NA,NA,20.408163265306122,13.26530612244898,1.0204081632653061,1.0204081632653061,NA,NA
2026-08-02,KXCPICOREYOY-26NOV,0,NA,NA,NA,NA,NA,NA,NA,NA,NA,NA,NA,NA,NA,NA,NA,NA,NA,NA,NA,NA,NA,NA,NA,NA,NA,NA,NA,1.0204081632653061,1.0204081632653061,16.3265306122449,2.0408163265306123,9.183673469387756,29.591836734693878,40.816326530612244,0,0,0,0,0,NA,NA,0,0,0,0,NA,0
2026-08-02,KXCPICOREYOY-26SEP,0,NA,NA,NA,NA,NA,NA,NA,NA,NA,NA,NA,NA,NA,NA,NA,NA,NA,NA,NA,NA,NA,NA,NA,NA,NA,NA,NA,58.16326530612245,5.1020408163265305,6.122448979591836,21.428571428571427,2.0408163265306123,7.142857142857143,0,0,NA,NA,NA,NA,NA,NA,0,0,0,0,NA,NA
2026-08-03,KXCPICOREYOY-26AUG,2,NA,NA,NA,NA,NA,NA,NA,NA,NA,NA,NA,NA,NA,NA,NA,NA,NA,NA,NA,NA,NA,NA,NA,NA,NA,NA,NA,44.89795918367347,2.0408163265306123,7.142857142857143,0,0,0,0,0,0,0,0,0,NA,NA,26.53061224489796,18.367346938775512,1.0204081632653061,0,NA,NA
2026-08-03,KXCPICOREYOY-26JUL,659.9399999999999,NA,NA,NA,NA,NA,NA,NA,NA,NA,NA,NA,NA,NA,NA,NA,NA,NA,NA,NA,NA,NA,NA,NA,NA,NA,NA,NA,39.795918367346935,14.285714285714281,11.224489795918368,2.0408163265306123,1.0204081632653061,0,0,0,0,0,0,0,NA,NA,19.387755102040817,10.204081632653061,1.0204081632653061,1.0204081632653061,NA,NA
2026-08-03,KXCPICOREYOY-26NOV,0,NA,NA,NA,NA,NA,NA,NA,NA,NA,NA,NA,NA,NA,NA,NA,NA,NA,NA,NA,NA,NA,NA,NA,NA,NA,NA,NA,1.0204081632653061,1.0204081632653061,16.3265306122449,2.0408163265306123,9.183673469387756,29.591836734693878,40.816326530612244,0,0,0,0,0,NA,NA,0,0,0,0,NA,0
2026-08-03,KXCPICOREYOY-26SEP,0,NA,NA,NA,NA,NA,NA,NA,NA,NA,NA,NA,NA,NA,NA,NA,NA,NA,NA,NA,NA,NA,NA,NA,NA,NA,NA,NA,58.16326530612245,5.1020408163265305,6.122448979591836,21.428571428571427,2.0408163265306123,7.142857142857143,0,0,NA,NA,NA,NA,NA,NA,0,0,0,0,NA,NA
2026-08-04,KXCPICOREYOY-26JUL,247.41,NA,NA,NA,NA,NA,NA,NA,NA,NA,NA,NA,NA,NA,NA,NA,NA,NA,NA,NA,NA,NA,NA,NA,NA,NA,NA,NA,26.53061224489796,10.204081632653061,12.244897959183673,2.0408163265306123,1.0204081632653061,0,0,0,0,0,0,0,NA,NA,36.734693877551024,9.183673469387756,1.0204081632653061,1.0204081632653061,NA,NA
2026-08-04,KXCPICOREYOY-26NOV,0,NA,NA,NA,NA,NA,NA,NA,NA,NA,NA,NA,NA,NA,NA,NA,NA,NA,NA,NA,NA,NA,NA,NA,NA,NA,NA,NA,1.0204081632653061,1.0204081632653061,16.3265306122449,2.0408163265306123,9.183673469387756,29.591836734693878,40.816326530612244,0,0,0,0,0,NA,NA,0,0,0,0,NA,0
2026-08-04,KXCPICOREYOY-26SEP,0,NA,NA,NA,NA,NA,NA,NA,NA,NA,NA,NA,NA,NA,NA,NA,NA,NA,NA,NA,NA,NA,NA,NA,NA,NA,NA,NA,58.16326530612245,5.1020408163265305,6.122448979591836,21.428571428571427,2.0408163265306123,7.142857142857143,0,0,NA,NA,NA,NA,NA,NA,0,0,0,0,NA,NA
2026-08-05,KXCPICOREYOY-26JUL,1,NA,NA,NA,NA,NA,NA,NA,NA,NA,NA,NA,NA,NA,NA,NA,NA,NA,NA,NA,NA,NA,NA,NA,NA,NA,NA,NA,24.489795918367346,10.204081632653061,12.244897959183673,2.0408163265306123,1.0204081632653061,0,0,0,0,0,0,0,NA,NA,38.775510204081634,9.183673469387756,1.0204081632653061,1.0204081632653061,NA,NA
2026-08-05,KXCPICOREYOY-26NOV,685,NA,NA,NA,NA,NA,NA,NA,NA,NA,NA,NA,NA,NA,NA,NA,NA,NA,NA,NA,NA,NA,NA,NA,NA,NA,NA,NA,1.0204081632653061,1.0204081632653061,16.3265306122449,2.0408163265306123,9.183673469387756,29.591836734693878,4.081632653061225,36.734693877551024,0,0,0,0,NA,NA,0,0,0,0,NA,0
2026-08-05,KXCPICOREYOY-26SEP,30,NA,NA,NA,NA,NA,NA,NA,NA,NA,NA,NA,NA,NA,NA,NA,NA,NA,NA,NA,NA,NA,NA,NA,NA,NA,NA,NA,63.265306122448976,6.122448979591836,21.428571428571427,2.0408163265306123,7.142857142857143,0,0,0,NA,NA,NA,NA,NA,NA,0,0,0,0,NA,NA
