date,contract_preamble,volume,3.5,4.5,7.5,6.5,8.5,1,2.5,5.5,5,1.5,9.5,7,3.3,2.3,1.8,2.8,4.3,4.8,5.3,5.75,3.8,0.8,1.3
2022-03-09,ACPI-22,1082,17.50317086428701,31.029171951440475,51.46765718427251,NA,NA,NA,NA,NA,NA,NA,NA,NA,NA,NA,NA,NA,NA,NA,NA,NA,NA,NA,NA
2022-03-09,ACPI-23,0,0.9236718004726783,0.9236718004726783,7.31832272682199,88.67249284537712,2.161840826855543,NA,NA,NA,NA,NA,NA,NA,NA,NA,NA,NA,NA,NA,NA,NA,NA,NA,NA
2022-03-09,ACPI-24,0,92.47091071212338,0.9340496031527614,NA,1.9247916689600513,NA,0.9340496031527614,0.9340496031527614,2.8021488094582843,NA,NA,NA,NA,NA,NA,NA,NA,NA,NA,NA,NA,NA,NA,NA
2022-03-10,ACPI-22,34,9.717257068573286,22.26194345141371,36.92557686057849,NA,NA,NA,NA,31.095222619434512,NA,NA,NA,NA,NA,NA,NA,NA,NA,NA,NA,NA,NA,NA,NA
2022-03-10,ACPI-23,0,0.9236718004726783,0.9236718004726783,7.31832272682199,88.67249284537712,2.161840826855543,NA,NA,NA,NA,NA,NA,NA,NA,NA,NA,NA,NA,NA,NA,NA,NA,NA,NA
2022-03-10,ACPI-24,0,92.47091071212338,0.9340496031527614,NA,1.9247916689600513,NA,0.9340496031527614,0.9340496031527614,2.8021488094582843,NA,NA,NA,NA,NA,NA,NA,NA,NA,NA,NA,NA,NA,NA,NA
2022-03-11,ACPI-22,200,10.204081632653061,18.367346938775512,38.775510204081634,NA,NA,NA,NA,32.6530612244898,NA,NA,NA,NA,NA,NA,NA,NA,NA,NA,NA,NA,NA,NA,NA
2022-03-11,ACPI-23,0,0.9236718004726783,0.9236718004726783,7.31832272682199,88.67249284537712,2.161840826855543,NA,NA,NA,NA,NA,NA,NA,NA,NA,NA,NA,NA,NA,NA,NA,NA,NA,NA
2022-03-11,ACPI-24,0,92.47091071212338,0.9340496031527614,NA,1.9247916689600513,NA,0.9340496031527614,0.9340496031527614,2.8021488094582843,NA,NA,NA,NA,NA,NA,NA,NA,NA,NA,NA,NA,NA,NA,NA
2022-03-12,ACPI-22,0,10.204081632653061,18.367346938775512,38.775510204081634,NA,NA,NA,NA,32.6530612244898,NA,NA,NA,NA,NA,NA,NA,NA,NA,NA,NA,NA,NA,NA,NA
2022-03-12,ACPI-23,0,0.9236718004726783,0.9236718004726783,7.31832272682199,88.67249284537712,2.161840826855543,NA,NA,NA,NA,NA,NA,NA,NA,NA,NA,NA,NA,NA,NA,NA,NA,NA,NA
2022-03-12,ACPI-24,0,92.47091071212338,0.9340496031527614,NA,1.9247916689600513,NA,0.9340496031527614,0.9340496031527614,2.8021488094582843,NA,NA,NA,NA,NA,NA,NA,NA,NA,NA,NA,NA,NA,NA,NA
2022-03-13,ACPI-22,0,10.204081632653061,18.367346938775512,38.775510204081634,NA,NA,NA,NA,32.6530612244898,NA,NA,NA,NA,NA,NA,NA,NA,NA,NA,NA,NA,NA,NA,NA
2022-03-13,ACPI-23,0,0.9236718004726783,0.9236718004726783,7.31832272682199,88.67249284537712,2.161840826855543,NA,NA,NA,NA,NA,NA,NA,NA,NA,NA,NA,NA,NA,NA,NA,NA,NA,NA
2022-03-13,ACPI-24,0,92.47091071212338,0.9340496031527614,NA,1.9247916689600513,NA,0.9340496031527614,0.9340496031527614,2.8021488094582843,NA,NA,NA,NA,NA,NA,NA,NA,NA,NA,NA,NA,NA,NA,NA
2022-03-14,ACPI-22,300,5.398110661268556,16.194331983805668,25.641025641025642,29.824561403508774,NA,NA,NA,22.941970310391365,NA,NA,NA,NA,NA,NA,NA,NA,NA,NA,NA,NA,NA,NA,NA
2022-03-14,ACPI-23,0,0.9236718004726783,0.9236718004726783,7.31832272682199,88.67249284537712,2.161840826855543,NA,NA,NA,NA,NA,NA,NA,NA,NA,NA,NA,NA,NA,NA,NA,NA,NA,NA
2022-03-14,ACPI-24,0,92.47091071212338,0.9340496031527614,NA,1.9247916689600513,NA,0.9340496031527614,0.9340496031527614,2.8021488094582843,NA,NA,NA,NA,NA,NA,NA,NA,NA,NA,NA,NA,NA,NA,NA
2022-03-15,ACPI-22,0,5.398110661268556,16.194331983805668,25.641025641025642,29.824561403508774,NA,NA,NA,22.941970310391365,NA,NA,NA,NA,NA,NA,NA,NA,NA,NA,NA,NA,NA,NA,NA
2022-03-15,ACPI-23,0,0.9236718004726783,0.9236718004726783,7.31832272682199,88.67249284537712,2.161840826855543,NA,NA,NA,NA,NA,NA,NA,NA,NA,NA,NA,NA,NA,NA,NA,NA,NA,NA
2022-03-15,ACPI-24,0,92.47091071212338,0.9340496031527614,NA,1.9247916689600513,NA,0.9340496031527614,0.9340496031527614,2.8021488094582843,NA,NA,NA,NA,NA,NA,NA,NA,NA,NA,NA,NA,NA,NA,NA
2022-03-16,ACPI-22,201,5.389746008219363,20.5012463787644,25.601293539041972,25.601293539041972,NA,NA,NA,22.90642053493229,NA,NA,NA,NA,NA,NA,NA,NA,NA,NA,NA,NA,NA,NA,NA
2022-03-16,ACPI-23,0,0.9236718004726783,0.9236718004726783,7.31832272682199,88.67249284537712,2.161840826855543,NA,NA,NA,NA,NA,NA,NA,NA,NA,NA,NA,NA,NA,NA,NA,NA,NA,NA
2022-03-16,ACPI-24,0,92.47091071212338,0.9340496031527614,NA,1.9247916689600513,NA,0.9340496031527614,0.9340496031527614,2.8021488094582843,NA,NA,NA,NA,NA,NA,NA,NA,NA,NA,NA,NA,NA,NA,NA
2022-03-17,ACPI-22,0,5.389746008219363,20.5012463787644,25.601293539041972,25.601293539041972,NA,NA,NA,22.90642053493229,NA,NA,NA,NA,NA,NA,NA,NA,NA,NA,NA,NA,NA,NA,NA
2022-03-17,ACPI-23,0,0.9236718004726783,0.9236718004726783,7.31832272682199,88.67249284537712,2.161840826855543,NA,NA,NA,NA,NA,NA,NA,NA,NA,NA,NA,NA,NA,NA,NA,NA,NA,NA
2022-03-17,ACPI-24,0,92.47091071212338,0.9340496031527614,NA,1.9247916689600513,NA,0.9340496031527614,0.9340496031527614,2.8021488094582843,NA,NA,NA,NA,NA,NA,NA,NA,NA,NA,NA,NA,NA,NA,NA
2022-03-18,ACPI-22,307,4.866180048661801,15.81508515815085,23.114355231143552,23.114355231143552,12.40875912408759,NA,NA,20.68126520681265,NA,NA,NA,NA,NA,NA,NA,NA,NA,NA,NA,NA,NA,NA,NA
2022-03-18,ACPI-23,0,0.9236718004726783,0.9236718004726783,7.31832272682199,88.67249284537712,2.161840826855543,NA,NA,NA,NA,NA,NA,NA,NA,NA,NA,NA,NA,NA,NA,NA,NA,NA,NA
2022-03-18,ACPI-24,0,92.47091071212338,0.9340496031527614,NA,1.9247916689600513,NA,0.9340496031527614,0.9340496031527614,2.8021488094582843,NA,NA,NA,NA,NA,NA,NA,NA,NA,NA,NA,NA,NA,NA,NA
2022-03-19,ACPI-22,0,4.866180048661801,15.81508515815085,23.114355231143552,23.114355231143552,12.40875912408759,NA,NA,20.68126520681265,NA,NA,NA,NA,NA,NA,NA,NA,NA,NA,NA,NA,NA,NA,NA
2022-03-19,ACPI-23,0,0.9236718004726783,0.9236718004726783,7.31832272682199,88.67249284537712,2.161840826855543,NA,NA,NA,NA,NA,NA,NA,NA,NA,NA,NA,NA,NA,NA,NA,NA,NA,NA
2022-03-19,ACPI-24,0,92.47091071212338,0.9340496031527614,NA,1.9247916689600513,NA,0.9340496031527614,0.9340496031527614,2.8021488094582843,NA,NA,NA,NA,NA,NA,NA,NA,NA,NA,NA,NA,NA,NA,NA
2022-03-20,ACPI-22,0,4.866180048661801,15.81508515815085,23.114355231143552,23.114355231143552,12.40875912408759,NA,NA,20.68126520681265,NA,NA,NA,NA,NA,NA,NA,NA,NA,NA,NA,NA,NA,NA,NA
2022-03-20,ACPI-23,0,0.9236718004726783,0.9236718004726783,7.31832272682199,88.67249284537712,2.161840826855543,NA,NA,NA,NA,NA,NA,NA,NA,NA,NA,NA,NA,NA,NA,NA,NA,NA,NA
2022-03-20,ACPI-24,0,92.47091071212338,0.9340496031527614,NA,1.9247916689600513,NA,0.9340496031527614,0.9340496031527614,2.8021488094582843,NA,NA,NA,NA,NA,NA,NA,NA,NA,NA,NA,NA,NA,NA,NA
2022-03-21,ACPI-22,200,9.957862053670436,17.742293191394985,21.068973164781546,21.068973164781546,11.310711909514303,NA,NA,18.851186515857172,NA,NA,NA,NA,NA,NA,NA,NA,NA,NA,NA,NA,NA,NA,NA
2022-03-21,ACPI-23,0,0.9236718004726783,0.9236718004726783,7.31832272682199,88.67249284537712,2.161840826855543,NA,NA,NA,NA,NA,NA,NA,NA,NA,NA,NA,NA,NA,NA,NA,NA,NA,NA
2022-03-21,ACPI-24,0,92.47091071212338,0.9340496031527614,NA,1.9247916689600513,NA,0.9340496031527614,0.9340496031527614,2.8021488094582843,NA,NA,NA,NA,NA,NA,NA,NA,NA,NA,NA,NA,NA,NA,NA
2022-03-22,ACPI-22,251,10.367807442256687,14.355906896815023,21.936340913460697,21.936340913460697,11.776351437752584,NA,NA,19.62725239625431,NA,NA,NA,NA,NA,NA,NA,NA,NA,NA,NA,NA,NA,NA,NA
2022-03-22,ACPI-23,0,0.9236718004726783,0.9236718004726783,7.31832272682199,88.67249284537712,2.161840826855543,NA,NA,NA,NA,NA,NA,NA,NA,NA,NA,NA,NA,NA,NA,NA,NA,NA,NA
2022-03-22,ACPI-24,0,92.47091071212338,0.9340496031527614,NA,1.9247916689600513,NA,0.9340496031527614,0.9340496031527614,2.8021488094582843,NA,NA,NA,NA,NA,NA,NA,NA,NA,NA,NA,NA,NA,NA,NA
2022-03-23,ACPI-22,31,10.069522314420272,16.81991477909845,21.305225386858037,21.305225386858037,11.437542049786945,NA,NA,19.062570082978244,NA,NA,NA,NA,NA,NA,NA,NA,NA,NA,NA,NA,NA,NA,NA
2022-03-23,ACPI-23,0,0.9236718004726783,0.9236718004726783,7.31832272682199,88.67249284537712,2.161840826855543,NA,NA,NA,NA,NA,NA,NA,NA,NA,NA,NA,NA,NA,NA,NA,NA,NA,NA
2022-03-23,ACPI-24,0,92.47091071212338,0.9340496031527614,NA,1.9247916689600513,NA,0.9340496031527614,0.9340496031527614,2.8021488094582843,NA,NA,NA,NA,NA,NA,NA,NA,NA,NA,NA,NA,NA,NA,NA
2022-03-24,ACPI-22,0,10.069522314420272,16.81991477909845,21.305225386858037,21.305225386858037,11.437542049786945,NA,NA,19.062570082978244,NA,NA,NA,NA,NA,NA,NA,NA,NA,NA,NA,NA,NA,NA,NA
2022-03-24,ACPI-23,0,0.9236718004726783,0.9236718004726783,7.31832272682199,88.67249284537712,2.161840826855543,NA,NA,NA,NA,NA,NA,NA,NA,NA,NA,NA,NA,NA,NA,NA,NA,NA,NA
2022-03-24,ACPI-24,0,92.47091071212338,0.9340496031527614,NA,1.9247916689600513,NA,0.9340496031527614,0.9340496031527614,2.8021488094582843,NA,NA,NA,NA,NA,NA,NA,NA,NA,NA,NA,NA,NA,NA,NA
2022-03-25,ACPI-22,0,10.069522314420272,16.81991477909845,21.305225386858037,21.305225386858037,11.437542049786945,NA,NA,19.062570082978244,NA,NA,NA,NA,NA,NA,NA,NA,NA,NA,NA,NA,NA,NA,NA
2022-03-25,ACPI-23,0,0.9236718004726783,0.9236718004726783,7.31832272682199,88.67249284537712,2.161840826855543,NA,NA,NA,NA,NA,NA,NA,NA,NA,NA,NA,NA,NA,NA,NA,NA,NA,NA
2022-03-25,ACPI-24,0,92.47091071212338,0.9340496031527614,NA,1.9247916689600513,NA,0.9340496031527614,0.9340496031527614,2.8021488094582843,NA,NA,NA,NA,NA,NA,NA,NA,NA,NA,NA,NA,NA,NA,NA
2022-03-26,ACPI-22,0,10.069522314420272,16.81991477909845,21.305225386858037,21.305225386858037,11.437542049786945,NA,NA,19.062570082978244,NA,NA,NA,NA,NA,NA,NA,NA,NA,NA,NA,NA,NA,NA,NA
2022-03-26,ACPI-23,0,0.9236718004726783,0.9236718004726783,7.31832272682199,88.67249284537712,2.161840826855543,NA,NA,NA,NA,NA,NA,NA,NA,NA,NA,NA,NA,NA,NA,NA,NA,NA,NA
2022-03-26,ACPI-24,0,92.47091071212338,0.9340496031527614,NA,1.9247916689600513,NA,0.9340496031527614,0.9340496031527614,2.8021488094582843,NA,NA,NA,NA,NA,NA,NA,NA,NA,NA,NA,NA,NA,NA,NA
2022-03-27,ACPI-22,0,10.069522314420272,16.81991477909845,21.305225386858037,21.305225386858037,11.437542049786945,NA,NA,19.062570082978244,NA,NA,NA,NA,NA,NA,NA,NA,NA,NA,NA,NA,NA,NA,NA
2022-03-27,ACPI-23,0,0.9236718004726783,0.9236718004726783,7.31832272682199,88.67249284537712,2.161840826855543,NA,NA,NA,NA,NA,NA,NA,NA,NA,NA,NA,NA,NA,NA,NA,NA,NA,NA
2022-03-27,ACPI-24,0,92.47091071212338,0.9340496031527614,NA,1.9247916689600513,NA,0.9340496031527614,0.9340496031527614,2.8021488094582843,NA,NA,NA,NA,NA,NA,NA,NA,NA,NA,NA,NA,NA,NA,NA
2022-03-28,ACPI-22,0,10.069522314420272,16.81991477909845,21.305225386858037,21.305225386858037,11.437542049786945,NA,NA,19.062570082978244,NA,NA,NA,NA,NA,NA,NA,NA,NA,NA,NA,NA,NA,NA,NA
2022-03-28,ACPI-23,0,0.9236718004726783,0.9236718004726783,7.31832272682199,88.67249284537712,2.161840826855543,NA,NA,NA,NA,NA,NA,NA,NA,NA,NA,NA,NA,NA,NA,NA,NA,NA,NA
2022-03-28,ACPI-24,0,92.47091071212338,0.9340496031527614,NA,1.9247916689600513,NA,0.9340496031527614,0.9340496031527614,2.8021488094582843,NA,NA,NA,NA,NA,NA,NA,NA,NA,NA,NA,NA,NA,NA,NA
2022-03-29,ACPI-22,98,10.420051055929449,13.92434439545138,22.046878626131353,22.046878626131353,11.835692736133671,NA,NA,19.72615456022279,NA,NA,NA,NA,NA,NA,NA,NA,NA,NA,NA,NA,NA,NA,NA
2022-03-29,ACPI-23,0,0.9236718004726783,0.9236718004726783,7.31832272682199,88.67249284537712,2.161840826855543,NA,NA,NA,NA,NA,NA,NA,NA,NA,NA,NA,NA,NA,NA,NA,NA,NA,NA
2022-03-29,ACPI-24,0,92.47091071212338,0.9340496031527614,NA,1.9247916689600513,NA,0.9340496031527614,0.9340496031527614,2.8021488094582843,NA,NA,NA,NA,NA,NA,NA,NA,NA,NA,NA,NA,NA,NA,NA
2022-03-30,ACPI-22,130,10.131569811844756,16.30736652086371,21.436506283413177,21.436506283413177,11.508019162674442,NA,NA,19.180031937790737,NA,NA,NA,NA,NA,NA,NA,NA,NA,NA,NA,NA,NA,NA,NA
2022-03-30,ACPI-23,0,0.9236718004726783,0.9236718004726783,7.31832272682199,88.67249284537712,2.161840826855543,NA,NA,NA,NA,NA,NA,NA,NA,NA,NA,NA,NA,NA,NA,NA,NA,NA,NA
2022-03-30,ACPI-24,0,92.47091071212338,0.9340496031527614,NA,1.9247916689600513,NA,0.9340496031527614,0.9340496031527614,2.8021488094582843,NA,NA,NA,NA,NA,NA,NA,NA,NA,NA,NA,NA,NA,NA,NA
2022-03-31,ACPI-22,0,10.131569811844756,16.30736652086371,21.436506283413177,21.436506283413177,11.508019162674442,NA,NA,19.180031937790737,NA,NA,NA,NA,NA,NA,NA,NA,NA,NA,NA,NA,NA,NA,NA
2022-03-31,ACPI-23,0,0.9236718004726783,0.9236718004726783,7.31832272682199,88.67249284537712,2.161840826855543,NA,NA,NA,NA,NA,NA,NA,NA,NA,NA,NA,NA,NA,NA,NA,NA,NA,NA
2022-03-31,ACPI-24,0,92.47091071212338,0.9340496031527614,NA,1.9247916689600513,NA,0.9340496031527614,0.9340496031527614,2.8021488094582843,NA,NA,NA,NA,NA,NA,NA,NA,NA,NA,NA,NA,NA,NA,NA
2022-04-01,ACPI-22,0,10.131569811844756,16.30736652086371,21.436506283413177,21.436506283413177,11.508019162674442,NA,NA,19.180031937790737,NA,NA,NA,NA,NA,NA,NA,NA,NA,NA,NA,NA,NA,NA,NA
2022-04-01,ACPI-23,0,0.9236718004726783,0.9236718004726783,7.31832272682199,88.67249284537712,2.161840826855543,NA,NA,NA,NA,NA,NA,NA,NA,NA,NA,NA,NA,NA,NA,NA,NA,NA,NA
2022-04-01,ACPI-24,0,92.47091071212338,0.9340496031527614,NA,1.9247916689600513,NA,0.9340496031527614,0.9340496031527614,2.8021488094582843,NA,NA,NA,NA,NA,NA,NA,NA,NA,NA,NA,NA,NA,NA,NA
2022-04-02,ACPI-22,0,10.131569811844756,16.30736652086371,21.436506283413177,21.436506283413177,11.508019162674442,NA,NA,19.180031937790737,NA,NA,NA,NA,NA,NA,NA,NA,NA,NA,NA,NA,NA,NA,NA
2022-04-02,ACPI-23,0,0.9236718004726783,0.9236718004726783,7.31832272682199,88.67249284537712,2.161840826855543,NA,NA,NA,NA,NA,NA,NA,NA,NA,NA,NA,NA,NA,NA,NA,NA,NA,NA
2022-04-02,ACPI-24,0,92.47091071212338,0.9340496031527614,NA,1.9247916689600513,NA,0.9340496031527614,0.9340496031527614,2.8021488094582843,NA,NA,NA,NA,NA,NA,NA,NA,NA,NA,NA,NA,NA,NA,NA
2022-04-03,ACPI-22,0,10.131569811844756,16.30736652086371,21.436506283413177,21.436506283413177,11.508019162674442,NA,NA,19.180031937790737,NA,NA,NA,NA,NA,NA,NA,NA,NA,NA,NA,NA,NA,NA,NA
2022-04-03,ACPI-23,0,0.9236718004726783,0.9236718004726783,7.31832272682199,88.67249284537712,2.161840826855543,NA,NA,NA,NA,NA,NA,NA,NA,NA,NA,NA,NA,NA,NA,NA,NA,NA,NA
2022-04-03,ACPI-24,0,92.47091071212338,0.9340496031527614,NA,1.9247916689600513,NA,0.9340496031527614,0.9340496031527614,2.8021488094582843,NA,NA,NA,NA,NA,NA,NA,NA,NA,NA,NA,NA,NA,NA,NA
2022-04-04,ACPI-22,0,10.131569811844756,16.30736652086371,21.436506283413177,21.436506283413177,11.508019162674442,NA,NA,19.180031937790737,NA,NA,NA,NA,NA,NA,NA,NA,NA,NA,NA,NA,NA,NA,NA
2022-04-04,ACPI-23,0,0.9236718004726783,0.9236718004726783,7.31832272682199,88.67249284537712,2.161840826855543,NA,NA,NA,NA,NA,NA,NA,NA,NA,NA,NA,NA,NA,NA,NA,NA,NA,NA
2022-04-04,ACPI-24,0,92.47091071212338,0.9340496031527614,NA,1.9247916689600513,NA,0.9340496031527614,0.9340496031527614,2.8021488094582843,NA,NA,NA,NA,NA,NA,NA,NA,NA,NA,NA,NA,NA,NA,NA
2022-04-05,ACPI-22,45,9.694080914103502,15.603202019530992,20.51086162226799,20.51086162226799,11.011094134059656,NA,NA,22.66989968776988,NA,NA,NA,NA,NA,NA,NA,NA,NA,NA,NA,NA,NA,NA,NA
2022-04-05,ACPI-23,0,0.9236718004726783,0.9236718004726783,7.31832272682199,88.67249284537712,2.161840826855543,NA,NA,NA,NA,NA,NA,NA,NA,NA,NA,NA,NA,NA,NA,NA,NA,NA,NA
2022-04-05,ACPI-24,0,92.47091071212338,0.9340496031527614,NA,1.9247916689600513,NA,0.9340496031527614,0.9340496031527614,2.8021488094582843,NA,NA,NA,NA,NA,NA,NA,NA,NA,NA,NA,NA,NA,NA,NA
2022-04-06,ACPI-22,772,11.352556029214806,15.480758221656554,19.13340771055722,19.608960414098302,12.75125611415395,NA,NA,21.673061510319176,NA,NA,NA,NA,NA,NA,NA,NA,NA,NA,NA,NA,NA,NA,NA
2022-04-06,ACPI-23,0,0.9236718004726783,0.9236718004726783,7.31832272682199,88.67249284537712,2.161840826855543,NA,NA,NA,NA,NA,NA,NA,NA,NA,NA,NA,NA,NA,NA,NA,NA,NA,NA
2022-04-06,ACPI-24,0,92.47091071212338,0.9340496031527614,NA,1.9247916689600513,NA,0.9340496031527614,0.9340496031527614,2.8021488094582843,NA,NA,NA,NA,NA,NA,NA,NA,NA,NA,NA,NA,NA,NA,NA
2022-04-07,ACPI-22,1474,12.501444566649779,16.856280228792993,17.3154656733614,19.352579281992153,12.584537358580768,NA,NA,21.389692890622907,NA,NA,NA,NA,NA,NA,NA,NA,NA,NA,NA,NA,NA,NA,NA
2022-04-07,ACPI-23,0,0.9236718004726783,0.9236718004726783,7.31832272682199,88.67249284537712,2.161840826855543,NA,NA,NA,NA,NA,NA,NA,NA,NA,NA,NA,NA,NA,NA,NA,NA,NA,NA
2022-04-07,ACPI-24,0,92.47091071212338,0.9340496031527614,NA,1.9247916689600513,NA,0.9340496031527614,0.9340496031527614,2.8021488094582843,NA,NA,NA,NA,NA,NA,NA,NA,NA,NA,NA,NA,NA,NA,NA
2022-04-08,ACPI-22,322,12.698560871256321,16.553870089459355,18.623103850641773,20.066122131466358,12.277453649682355,NA,NA,19.78088940749384,NA,NA,NA,NA,NA,NA,NA,NA,NA,NA,NA,NA,NA,NA,NA
2022-04-08,ACPI-23,0,0.9236718004726783,0.9236718004726783,7.31832272682199,88.67249284537712,2.161840826855543,NA,NA,NA,NA,NA,NA,NA,NA,NA,NA,NA,NA,NA,NA,NA,NA,NA,NA
2022-04-08,ACPI-24,0,92.47091071212338,0.9340496031527614,NA,1.9247916689600513,NA,0.9340496031527614,0.9340496031527614,2.8021488094582843,NA,NA,NA,NA,NA,NA,NA,NA,NA,NA,NA,NA,NA,NA,NA
2022-04-09,ACPI-22,0,12.698560871256321,16.553870089459355,18.623103850641773,20.066122131466358,12.277453649682355,NA,NA,19.78088940749384,NA,NA,NA,NA,NA,NA,NA,NA,NA,NA,NA,NA,NA,NA,NA
2022-04-09,ACPI-23,0,0.9236718004726783,0.9236718004726783,7.31832272682199,88.67249284537712,2.161840826855543,NA,NA,NA,NA,NA,NA,NA,NA,NA,NA,NA,NA,NA,NA,NA,NA,NA,NA
2022-04-09,ACPI-24,0,92.47091071212338,0.9340496031527614,NA,1.9247916689600513,NA,0.9340496031527614,0.9340496031527614,2.8021488094582843,NA,NA,NA,NA,NA,NA,NA,NA,NA,NA,NA,NA,NA,NA,NA
2022-04-10,ACPI-22,0,12.698560871256321,16.553870089459355,18.623103850641773,20.066122131466358,12.277453649682355,NA,NA,19.78088940749384,NA,NA,NA,NA,NA,NA,NA,NA,NA,NA,NA,NA,NA,NA,NA
2022-04-10,ACPI-23,0,0.9236718004726783,0.9236718004726783,7.31832272682199,88.67249284537712,2.161840826855543,NA,NA,NA,NA,NA,NA,NA,NA,NA,NA,NA,NA,NA,NA,NA,NA,NA,NA
2022-04-10,ACPI-24,0,92.47091071212338,0.9340496031527614,NA,1.9247916689600513,NA,0.9340496031527614,0.9340496031527614,2.8021488094582843,NA,NA,NA,NA,NA,NA,NA,NA,NA,NA,NA,NA,NA,NA,NA
2022-04-11,ACPI-22,248,9.637991561725014,17.13420722084447,19.27598312345003,20.769590002898646,12.707870355459649,NA,NA,20.47435773562219,NA,NA,NA,NA,NA,NA,NA,NA,NA,NA,NA,NA,NA,NA,NA
2022-04-11,ACPI-23,0,0.9236718004726783,0.9236718004726783,7.31832272682199,88.67249284537712,2.161840826855543,NA,NA,NA,NA,NA,NA,NA,NA,NA,NA,NA,NA,NA,NA,NA,NA,NA,NA
2022-04-11,ACPI-24,0,92.47091071212338,0.9340496031527614,NA,1.9247916689600513,NA,0.9340496031527614,0.9340496031527614,2.8021488094582843,NA,NA,NA,NA,NA,NA,NA,NA,NA,NA,NA,NA,NA,NA,NA
2022-04-12,ACPI-22,284,8.647360008669033,17.294720017338065,19.456560019505325,20.964158968385124,12.971040013003549,NA,NA,20.666160973098908,NA,NA,NA,NA,NA,NA,NA,NA,NA,NA,NA,NA,NA,NA,NA
2022-04-12,ACPI-23,0,0.9236718004726783,0.9236718004726783,7.31832272682199,88.67249284537712,2.161840826855543,NA,NA,NA,NA,NA,NA,NA,NA,NA,NA,NA,NA,NA,NA,NA,NA,NA,NA
2022-04-12,ACPI-24,0,92.47091071212338,0.9340496031527614,NA,1.9247916689600513,NA,0.9340496031527614,0.9340496031527614,2.8021488094582843,NA,NA,NA,NA,NA,NA,NA,NA,NA,NA,NA,NA,NA,NA,NA
2022-04-13,ACPI-22,36,8.647360008669033,17.294720017338065,19.456560019505325,20.964158968385124,12.971040013003549,NA,NA,20.666160973098908,NA,NA,NA,NA,NA,NA,NA,NA,NA,NA,NA,NA,NA,NA,NA
2022-04-13,ACPI-23,0,0.9236718004726783,0.9236718004726783,7.31832272682199,88.67249284537712,2.161840826855543,NA,NA,NA,NA,NA,NA,NA,NA,NA,NA,NA,NA,NA,NA,NA,NA,NA,NA
2022-04-13,ACPI-24,0,92.47091071212338,0.9340496031527614,NA,1.9247916689600513,NA,0.9340496031527614,0.9340496031527614,2.8021488094582843,NA,NA,NA,NA,NA,NA,NA,NA,NA,NA,NA,NA,NA,NA,NA
2022-04-14,ACPI-22,173,8.741852440159938,16.390973325299885,19.669167990359863,21.19324094867722,13.112778660239908,NA,NA,20.891986635263187,NA,NA,NA,NA,NA,NA,NA,NA,NA,NA,NA,NA,NA,NA,NA
2022-04-14,ACPI-23,0,0.9236718004726783,0.9236718004726783,7.31832272682199,88.67249284537712,2.161840826855543,NA,NA,NA,NA,NA,NA,NA,NA,NA,NA,NA,NA,NA,NA,NA,NA,NA,NA
2022-04-14,ACPI-24,0,92.47091071212338,0.9340496031527614,NA,1.9247916689600513,NA,0.9340496031527614,0.9340496031527614,2.8021488094582843,NA,NA,NA,NA,NA,NA,NA,NA,NA,NA,NA,NA,NA,NA,NA
2022-04-15,ACPI-22,0,8.741852440159938,16.390973325299885,19.669167990359863,21.19324094867722,13.112778660239908,NA,NA,20.891986635263187,NA,NA,NA,NA,NA,NA,NA,NA,NA,NA,NA,NA,NA,NA,NA
2022-04-15,ACPI-23,0,0.9236718004726783,0.9236718004726783,7.31832272682199,88.67249284537712,2.161840826855543,NA,NA,NA,NA,NA,NA,NA,NA,NA,NA,NA,NA,NA,NA,NA,NA,NA,NA
2022-04-15,ACPI-24,0,92.47091071212338,0.9340496031527614,NA,1.9247916689600513,NA,0.9340496031527614,0.9340496031527614,2.8021488094582843,NA,NA,NA,NA,NA,NA,NA,NA,NA,NA,NA,NA,NA,NA,NA
2022-04-16,ACPI-22,0,8.741852440159938,16.390973325299885,19.669167990359863,21.19324094867722,13.112778660239908,NA,NA,20.891986635263187,NA,NA,NA,NA,NA,NA,NA,NA,NA,NA,NA,NA,NA,NA,NA
2022-04-16,ACPI-23,0,0.9236718004726783,0.9236718004726783,7.31832272682199,88.67249284537712,2.161840826855543,NA,NA,NA,NA,NA,NA,NA,NA,NA,NA,NA,NA,NA,NA,NA,NA,NA,NA
2022-04-16,ACPI-24,0,92.47091071212338,0.9340496031527614,NA,1.9247916689600513,NA,0.9340496031527614,0.9340496031527614,2.8021488094582843,NA,NA,NA,NA,NA,NA,NA,NA,NA,NA,NA,NA,NA,NA,NA
2022-04-17,ACPI-22,0,8.741852440159938,16.390973325299885,19.669167990359863,21.19324094867722,13.112778660239908,NA,NA,20.891986635263187,NA,NA,NA,NA,NA,NA,NA,NA,NA,NA,NA,NA,NA,NA,NA
2022-04-17,ACPI-23,0,0.9236718004726783,0.9236718004726783,7.31832272682199,88.67249284537712,2.161840826855543,NA,NA,NA,NA,NA,NA,NA,NA,NA,NA,NA,NA,NA,NA,NA,NA,NA,NA
2022-04-17,ACPI-24,0,92.47091071212338,0.9340496031527614,NA,1.9247916689600513,NA,0.9340496031527614,0.9340496031527614,2.8021488094582843,NA,NA,NA,NA,NA,NA,NA,NA,NA,NA,NA,NA,NA,NA,NA
2022-04-18,ACPI-22,0,8.741852440159938,16.390973325299885,19.669167990359863,21.19324094867722,13.112778660239908,NA,NA,20.891986635263187,NA,NA,NA,NA,NA,NA,NA,NA,NA,NA,NA,NA,NA,NA,NA
2022-04-18,ACPI-23,0,0.9236718004726783,0.9236718004726783,7.31832272682199,88.67249284537712,2.161840826855543,NA,NA,NA,NA,NA,NA,NA,NA,NA,NA,NA,NA,NA,NA,NA,NA,NA,NA
2022-04-18,ACPI-24,0,92.47091071212338,0.9340496031527614,NA,1.9247916689600513,NA,0.9340496031527614,0.9340496031527614,2.8021488094582843,NA,NA,NA,NA,NA,NA,NA,NA,NA,NA,NA,NA,NA,NA,NA
2022-04-19,ACPI-22,147,8.850072780203785,16.593886462882097,18.806404657933044,21.455604075691415,13.275109170305678,NA,NA,21.018922852983987,NA,NA,NA,NA,NA,NA,NA,NA,NA,NA,NA,NA,NA,NA,NA
2022-04-19,ACPI-23,0,0.9236718004726783,0.9236718004726783,7.31832272682199,88.67249284537712,2.161840826855543,NA,NA,NA,NA,NA,NA,NA,NA,NA,NA,NA,NA,NA,NA,NA,NA,NA,NA
2022-04-19,ACPI-24,0,92.47091071212338,0.9340496031527614,NA,1.9247916689600513,NA,0.9340496031527614,0.9340496031527614,2.8021488094582843,NA,NA,NA,NA,NA,NA,NA,NA,NA,NA,NA,NA,NA,NA,NA
2022-04-20,ACPI-22,100,8.736485748607624,16.380910778639294,18.5650322157912,22.463688981107353,13.104728622911434,NA,NA,20.749153652943104,NA,NA,NA,NA,NA,NA,NA,NA,NA,NA,NA,NA,NA,NA,NA
2022-04-20,ACPI-23,0,0.9236718004726783,0.9236718004726783,7.31832272682199,88.67249284537712,2.161840826855543,NA,NA,NA,NA,NA,NA,NA,NA,NA,NA,NA,NA,NA,NA,NA,NA,NA,NA
2022-04-20,ACPI-24,0,92.47091071212338,0.9340496031527614,NA,1.9247916689600513,NA,0.9340496031527614,0.9340496031527614,2.8021488094582843,NA,NA,NA,NA,NA,NA,NA,NA,NA,NA,NA,NA,NA,NA,NA
2022-04-21,ACPI-22,0,8.736485748607624,16.380910778639294,18.5650322157912,22.463688981107353,13.104728622911434,NA,NA,20.749153652943104,NA,NA,NA,NA,NA,NA,NA,NA,NA,NA,NA,NA,NA,NA,NA
2022-04-21,ACPI-23,0,0.9236718004726783,0.9236718004726783,7.31832272682199,88.67249284537712,2.161840826855543,NA,NA,NA,NA,NA,NA,NA,NA,NA,NA,NA,NA,NA,NA,NA,NA,NA,NA
2022-04-21,ACPI-24,0,92.47091071212338,0.9340496031527614,NA,1.9247916689600513,NA,0.9340496031527614,0.9340496031527614,2.8021488094582843,NA,NA,NA,NA,NA,NA,NA,NA,NA,NA,NA,NA,NA,NA,NA
2022-04-22,ACPI-22,0,8.736485748607624,16.380910778639294,18.5650322157912,22.463688981107353,13.104728622911434,NA,NA,20.749153652943104,NA,NA,NA,NA,NA,NA,NA,NA,NA,NA,NA,NA,NA,NA,NA
2022-04-22,ACPI-23,0,0.9236718004726783,0.9236718004726783,7.31832272682199,88.67249284537712,2.161840826855543,NA,NA,NA,NA,NA,NA,NA,NA,NA,NA,NA,NA,NA,NA,NA,NA,NA,NA
2022-04-22,ACPI-24,0,92.47091071212338,0.9340496031527614,NA,1.9247916689600513,NA,0.9340496031527614,0.9340496031527614,2.8021488094582843,NA,NA,NA,NA,NA,NA,NA,NA,NA,NA,NA,NA,NA,NA,NA
2022-04-23,ACPI-22,0,8.736485748607624,16.380910778639294,18.5650322157912,22.463688981107353,13.104728622911434,NA,NA,20.749153652943104,NA,NA,NA,NA,NA,NA,NA,NA,NA,NA,NA,NA,NA,NA,NA
2022-04-23,ACPI-23,0,0.9236718004726783,0.9236718004726783,7.31832272682199,88.67249284537712,2.161840826855543,NA,NA,NA,NA,NA,NA,NA,NA,NA,NA,NA,NA,NA,NA,NA,NA,NA,NA
2022-04-23,ACPI-24,0,92.47091071212338,0.9340496031527614,NA,1.9247916689600513,NA,0.9340496031527614,0.9340496031527614,2.8021488094582843,NA,NA,NA,NA,NA,NA,NA,NA,NA,NA,NA,NA,NA,NA,NA
2022-04-24,ACPI-22,293,8.695652173913043,15.217391304347828,19.565217391304348,22.82608695652174,13.043478260869565,NA,NA,20.652173913043477,NA,NA,NA,NA,NA,NA,NA,NA,NA,NA,NA,NA,NA,NA,NA
2022-04-24,ACPI-23,0,0.9236718004726783,0.9236718004726783,7.31832272682199,88.67249284537712,2.161840826855543,NA,NA,NA,NA,NA,NA,NA,NA,NA,NA,NA,NA,NA,NA,NA,NA,NA,NA
2022-04-24,ACPI-24,0,92.47091071212338,0.9340496031527614,NA,1.9247916689600513,NA,0.9340496031527614,0.9340496031527614,2.8021488094582843,NA,NA,NA,NA,NA,NA,NA,NA,NA,NA,NA,NA,NA,NA,NA
2022-04-25,ACPI-22,0,8.695652173913043,15.217391304347828,19.565217391304348,22.82608695652174,13.043478260869565,NA,NA,20.652173913043477,NA,NA,NA,NA,NA,NA,NA,NA,NA,NA,NA,NA,NA,NA,NA
2022-04-25,ACPI-23,0,0.9236718004726783,0.9236718004726783,7.31832272682199,88.67249284537712,2.161840826855543,NA,NA,NA,NA,NA,NA,NA,NA,NA,NA,NA,NA,NA,NA,NA,NA,NA,NA
2022-04-25,ACPI-24,0,92.47091071212338,0.9340496031527614,NA,1.9247916689600513,NA,0.9340496031527614,0.9340496031527614,2.8021488094582843,NA,NA,NA,NA,NA,NA,NA,NA,NA,NA,NA,NA,NA,NA,NA
2022-04-26,ACPI-22,0,8.695652173913043,15.217391304347828,19.565217391304348,22.82608695652174,13.043478260869565,NA,NA,20.652173913043477,NA,NA,NA,NA,NA,NA,NA,NA,NA,NA,NA,NA,NA,NA,NA
2022-04-26,ACPI-23,0,0.9236718004726783,0.9236718004726783,7.31832272682199,88.67249284537712,2.161840826855543,NA,NA,NA,NA,NA,NA,NA,NA,NA,NA,NA,NA,NA,NA,NA,NA,NA,NA
2022-04-26,ACPI-24,0,92.47091071212338,0.9340496031527614,NA,1.9247916689600513,NA,0.9340496031527614,0.9340496031527614,2.8021488094582843,NA,NA,NA,NA,NA,NA,NA,NA,NA,NA,NA,NA,NA,NA,NA
2022-04-27,ACPI-22,127,8.98876404494382,15.730337078651688,20.224719101123597,23.59550561797753,10.112359550561798,NA,NA,21.348314606741575,NA,NA,NA,NA,NA,NA,NA,NA,NA,NA,NA,NA,NA,NA,NA
2022-04-27,ACPI-23,0,0.9236718004726783,0.9236718004726783,7.31832272682199,88.67249284537712,2.161840826855543,NA,NA,NA,NA,NA,NA,NA,NA,NA,NA,NA,NA,NA,NA,NA,NA,NA,NA
2022-04-27,ACPI-24,0,92.47091071212338,0.9340496031527614,NA,1.9247916689600513,NA,0.9340496031527614,0.9340496031527614,2.8021488094582843,NA,NA,NA,NA,NA,NA,NA,NA,NA,NA,NA,NA,NA,NA,NA
2022-04-28,ACPI-22,0,8.98876404494382,15.730337078651688,20.224719101123597,23.59550561797753,10.112359550561798,NA,NA,21.348314606741575,NA,NA,NA,NA,NA,NA,NA,NA,NA,NA,NA,NA,NA,NA,NA
2022-04-28,ACPI-23,0,0.9236718004726783,0.9236718004726783,7.31832272682199,88.67249284537712,2.161840826855543,NA,NA,NA,NA,NA,NA,NA,NA,NA,NA,NA,NA,NA,NA,NA,NA,NA,NA
2022-04-28,ACPI-24,0,92.47091071212338,0.9340496031527614,NA,1.9247916689600513,NA,0.9340496031527614,0.9340496031527614,2.8021488094582843,NA,NA,NA,NA,NA,NA,NA,NA,NA,NA,NA,NA,NA,NA,NA
2022-04-29,ACPI-22,60,8.791208791208792,15.384615384615387,19.78021978021978,23.076923076923077,12.087912087912088,NA,NA,20.87912087912088,NA,NA,NA,NA,NA,NA,NA,NA,NA,NA,NA,NA,NA,NA,NA
2022-04-29,ACPI-23,0,0.9236718004726783,0.9236718004726783,7.31832272682199,88.67249284537712,2.161840826855543,NA,NA,NA,NA,NA,NA,NA,NA,NA,NA,NA,NA,NA,NA,NA,NA,NA,NA
2022-04-29,ACPI-24,0,92.47091071212338,0.9340496031527614,NA,1.9247916689600513,NA,0.9340496031527614,0.9340496031527614,2.8021488094582843,NA,NA,NA,NA,NA,NA,NA,NA,NA,NA,NA,NA,NA,NA,NA
2022-04-30,ACPI-22,0,8.791208791208792,15.384615384615387,19.78021978021978,23.076923076923077,12.087912087912088,NA,NA,20.87912087912088,NA,NA,NA,NA,NA,NA,NA,NA,NA,NA,NA,NA,NA,NA,NA
2022-04-30,ACPI-23,0,0.9236718004726783,0.9236718004726783,7.31832272682199,88.67249284537712,2.161840826855543,NA,NA,NA,NA,NA,NA,NA,NA,NA,NA,NA,NA,NA,NA,NA,NA,NA,NA
2022-04-30,ACPI-24,0,92.47091071212338,0.9340496031527614,NA,1.9247916689600513,NA,0.9340496031527614,0.9340496031527614,2.8021488094582843,NA,NA,NA,NA,NA,NA,NA,NA,NA,NA,NA,NA,NA,NA,NA
2022-05-01,ACPI-22,0,8.791208791208792,15.384615384615387,19.78021978021978,23.076923076923077,12.087912087912088,NA,NA,20.87912087912088,NA,NA,NA,NA,NA,NA,NA,NA,NA,NA,NA,NA,NA,NA,NA
2022-05-01,ACPI-23,0,0.9236718004726783,0.9236718004726783,7.31832272682199,88.67249284537712,2.161840826855543,NA,NA,NA,NA,NA,NA,NA,NA,NA,NA,NA,NA,NA,NA,NA,NA,NA,NA
2022-05-01,ACPI-24,0,92.47091071212338,0.9340496031527614,NA,1.9247916689600513,NA,0.9340496031527614,0.9340496031527614,2.8021488094582843,NA,NA,NA,NA,NA,NA,NA,NA,NA,NA,NA,NA,NA,NA,NA
2022-05-02,ACPI-22,0,8.791208791208792,15.384615384615387,19.78021978021978,23.076923076923077,12.087912087912088,NA,NA,20.87912087912088,NA,NA,NA,NA,NA,NA,NA,NA,NA,NA,NA,NA,NA,NA,NA
2022-05-02,ACPI-23,0,0.9236718004726783,0.9236718004726783,7.31832272682199,88.67249284537712,2.161840826855543,NA,NA,NA,NA,NA,NA,NA,NA,NA,NA,NA,NA,NA,NA,NA,NA,NA,NA
2022-05-02,ACPI-24,0,92.47091071212338,0.9340496031527614,NA,1.9247916689600513,NA,0.9340496031527614,0.9340496031527614,2.8021488094582843,NA,NA,NA,NA,NA,NA,NA,NA,NA,NA,NA,NA,NA,NA,NA
2022-05-03,ACPI-22,418,10.39392994491217,16.848560440702627,18.709073900841908,21.82725288431556,11.433322939403388,NA,NA,20.78785988982434,NA,NA,NA,NA,NA,NA,NA,NA,NA,NA,NA,NA,NA,NA,NA
2022-05-03,ACPI-23,0,0.9236718004726783,0.9236718004726783,7.31832272682199,88.67249284537712,2.161840826855543,NA,NA,NA,NA,NA,NA,NA,NA,NA,NA,NA,NA,NA,NA,NA,NA,NA,NA
2022-05-03,ACPI-24,0,92.47091071212338,0.9340496031527614,NA,1.9247916689600513,NA,0.9340496031527614,0.9340496031527614,2.8021488094582843,NA,NA,NA,NA,NA,NA,NA,NA,NA,NA,NA,NA,NA,NA,NA
2022-05-04,ACPI-22,1495,22.321808194016906,15.430109355601287,15.178829571931496,18.750318882974202,9.821595605367438,NA,NA,18.497338390108673,NA,NA,NA,NA,NA,NA,NA,NA,NA,NA,NA,NA,NA,NA,NA
2022-05-04,ACPI-23,0,0.9236718004726783,0.9236718004726783,7.31832272682199,88.67249284537712,2.161840826855543,NA,NA,NA,NA,NA,NA,NA,NA,NA,NA,NA,NA,NA,NA,NA,NA,NA,NA
2022-05-04,ACPI-24,0,92.47091071212338,0.9340496031527614,NA,1.9247916689600513,NA,0.9340496031527614,0.9340496031527614,2.8021488094582843,NA,NA,NA,NA,NA,NA,NA,NA,NA,NA,NA,NA,NA,NA,NA
2022-05-05,ACPI-22,506,10.989010989010989,18.681318681318682,15.384615384615387,23.076923076923077,8.791208791208792,NA,NA,23.076923076923077,NA,NA,NA,NA,NA,NA,NA,NA,NA,NA,NA,NA,NA,NA,NA
2022-05-05,ACPI-23,0,0.9236718004726783,0.9236718004726783,7.31832272682199,88.67249284537712,2.161840826855543,NA,NA,NA,NA,NA,NA,NA,NA,NA,NA,NA,NA,NA,NA,NA,NA,NA,NA
2022-05-05,ACPI-24,0,92.47091071212338,0.9340496031527614,NA,1.9247916689600513,NA,0.9340496031527614,0.9340496031527614,2.8021488094582843,NA,NA,NA,NA,NA,NA,NA,NA,NA,NA,NA,NA,NA,NA,NA
2022-05-06,ACPI-22,0,10.989010989010989,18.681318681318682,15.384615384615387,23.076923076923077,8.791208791208792,NA,NA,23.076923076923077,NA,NA,NA,NA,NA,NA,NA,NA,NA,NA,NA,NA,NA,NA,NA
2022-05-06,ACPI-23,0,0.9236718004726783,0.9236718004726783,7.31832272682199,88.67249284537712,2.161840826855543,NA,NA,NA,NA,NA,NA,NA,NA,NA,NA,NA,NA,NA,NA,NA,NA,NA,NA
2022-05-06,ACPI-24,0,92.47091071212338,0.9340496031527614,NA,1.9247916689600513,NA,0.9340496031527614,0.9340496031527614,2.8021488094582843,NA,NA,NA,NA,NA,NA,NA,NA,NA,NA,NA,NA,NA,NA,NA
2022-05-07,ACPI-22,0,10.989010989010989,18.681318681318682,15.384615384615387,23.076923076923077,8.791208791208792,NA,NA,23.076923076923077,NA,NA,NA,NA,NA,NA,NA,NA,NA,NA,NA,NA,NA,NA,NA
2022-05-07,ACPI-23,0,0.9236718004726783,0.9236718004726783,7.31832272682199,88.67249284537712,2.161840826855543,NA,NA,NA,NA,NA,NA,NA,NA,NA,NA,NA,NA,NA,NA,NA,NA,NA,NA
2022-05-07,ACPI-24,0,92.47091071212338,0.9340496031527614,NA,1.9247916689600513,NA,0.9340496031527614,0.9340496031527614,2.8021488094582843,NA,NA,NA,NA,NA,NA,NA,NA,NA,NA,NA,NA,NA,NA,NA
2022-05-08,ACPI-22,0,10.989010989010989,18.681318681318682,15.384615384615387,23.076923076923077,8.791208791208792,NA,NA,23.076923076923077,NA,NA,NA,NA,NA,NA,NA,NA,NA,NA,NA,NA,NA,NA,NA
2022-05-08,ACPI-23,0,0.9236718004726783,0.9236718004726783,7.31832272682199,88.67249284537712,2.161840826855543,NA,NA,NA,NA,NA,NA,NA,NA,NA,NA,NA,NA,NA,NA,NA,NA,NA,NA
2022-05-08,ACPI-24,0,92.47091071212338,0.9340496031527614,NA,1.9247916689600513,NA,0.9340496031527614,0.9340496031527614,2.8021488094582843,NA,NA,NA,NA,NA,NA,NA,NA,NA,NA,NA,NA,NA,NA,NA
2022-05-09,ACPI-22,1203,11.660747787879501,19.82327123939515,15.15897212424335,20.04225241851026,8.827186075424782,NA,NA,24.48757035454695,NA,NA,NA,NA,NA,NA,NA,NA,NA,NA,NA,NA,NA,NA,NA
2022-05-09,ACPI-23,0,0.9236718004726783,0.9236718004726783,7.31832272682199,88.67249284537712,2.161840826855543,NA,NA,NA,NA,NA,NA,NA,NA,NA,NA,NA,NA,NA,NA,NA,NA,NA,NA
2022-05-09,ACPI-24,0,92.47091071212338,0.9340496031527614,NA,1.9247916689600513,NA,0.9340496031527614,0.9340496031527614,2.8021488094582843,NA,NA,NA,NA,NA,NA,NA,NA,NA,NA,NA,NA,NA,NA,NA
2022-05-10,ACPI-22,300,10.618492572871274,20.05715263764574,15.337822605258506,20.278717427898663,8.931332086292839,NA,NA,24.776482670032973,NA,NA,NA,NA,NA,NA,NA,NA,NA,NA,NA,NA,NA,NA,NA
2022-05-10,ACPI-23,0,0.9236718004726783,0.9236718004726783,7.31832272682199,88.67249284537712,2.161840826855543,NA,NA,NA,NA,NA,NA,NA,NA,NA,NA,NA,NA,NA,NA,NA,NA,NA,NA
2022-05-10,ACPI-24,0,92.47091071212338,0.9340496031527614,NA,1.9247916689600513,NA,0.9340496031527614,0.9340496031527614,2.8021488094582843,NA,NA,NA,NA,NA,NA,NA,NA,NA,NA,NA,NA,NA,NA,NA
2022-05-11,ACPI-22,0,10.618492572871274,20.05715263764574,15.337822605258506,20.278717427898663,8.931332086292839,NA,NA,24.776482670032973,NA,NA,NA,NA,NA,NA,NA,NA,NA,NA,NA,NA,NA,NA,NA
2022-05-11,ACPI-23,0,0.9236718004726783,0.9236718004726783,7.31832272682199,88.67249284537712,2.161840826855543,NA,NA,NA,NA,NA,NA,NA,NA,NA,NA,NA,NA,NA,NA,NA,NA,NA,NA
2022-05-11,ACPI-24,0,92.47091071212338,0.9340496031527614,NA,1.9247916689600513,NA,0.9340496031527614,0.9340496031527614,2.8021488094582843,NA,NA,NA,NA,NA,NA,NA,NA,NA,NA,NA,NA,NA,NA,NA
2022-05-12,ACPI-22,197,10.020326850898426,20.19138063998726,15.440467548225552,20.41442820298077,8.991103026159035,NA,NA,24.94229373174897,NA,NA,NA,NA,NA,NA,NA,NA,NA,NA,NA,NA,NA,NA,NA
2022-05-12,ACPI-23,0,0.9236718004726783,0.9236718004726783,7.31832272682199,88.67249284537712,2.161840826855543,NA,NA,NA,NA,NA,NA,NA,NA,NA,NA,NA,NA,NA,NA,NA,NA,NA,NA
2022-05-12,ACPI-24,0,92.47091071212338,0.9340496031527614,NA,1.9247916689600513,NA,0.9340496031527614,0.9340496031527614,2.8021488094582843,NA,NA,NA,NA,NA,NA,NA,NA,NA,NA,NA,NA,NA,NA,NA
2022-05-13,ACPI-22,100,9.55134999700119,20.296618743627526,15.520943745126932,20.52082883745385,9.037964934662376,NA,NA,25.07229374212812,NA,NA,NA,NA,NA,NA,NA,NA,NA,NA,NA,NA,NA,NA,NA
2022-05-13,ACPI-23,0,0.9236718004726783,0.9236718004726783,7.31832272682199,88.67249284537712,2.161840826855543,NA,NA,NA,NA,NA,NA,NA,NA,NA,NA,NA,NA,NA,NA,NA,NA,NA,NA
2022-05-13,ACPI-24,0,92.47091071212338,0.9340496031527614,NA,1.9247916689600513,NA,0.9340496031527614,0.9340496031527614,2.8021488094582843,NA,NA,NA,NA,NA,NA,NA,NA,NA,NA,NA,NA,NA,NA,NA
2022-05-14,ACPI-22,0,9.55134999700119,20.296618743627526,15.520943745126932,20.52082883745385,9.037964934662376,NA,NA,25.07229374212812,NA,NA,NA,NA,NA,NA,NA,NA,NA,NA,NA,NA,NA,NA,NA
2022-05-14,ACPI-23,0,0.9236718004726783,0.9236718004726783,7.31832272682199,88.67249284537712,2.161840826855543,NA,NA,NA,NA,NA,NA,NA,NA,NA,NA,NA,NA,NA,NA,NA,NA,NA,NA
2022-05-14,ACPI-24,0,92.47091071212338,0.9340496031527614,NA,1.9247916689600513,NA,0.9340496031527614,0.9340496031527614,2.8021488094582843,NA,NA,NA,NA,NA,NA,NA,NA,NA,NA,NA,NA,NA,NA,NA
2022-05-15,ACPI-22,0,9.55134999700119,20.296618743627526,15.520943745126932,20.52082883745385,9.037964934662376,NA,NA,25.07229374212812,NA,NA,NA,NA,NA,NA,NA,NA,NA,NA,NA,NA,NA,NA,NA
2022-05-15,ACPI-23,0,0.9236718004726783,0.9236718004726783,7.31832272682199,88.67249284537712,2.161840826855543,NA,NA,NA,NA,NA,NA,NA,NA,NA,NA,NA,NA,NA,NA,NA,NA,NA,NA
2022-05-15,ACPI-24,0,92.47091071212338,0.9340496031527614,NA,1.9247916689600513,NA,0.9340496031527614,0.9340496031527614,2.8021488094582843,NA,NA,NA,NA,NA,NA,NA,NA,NA,NA,NA,NA,NA,NA,NA
2022-05-16,ACPI-22,0,9.55134999700119,20.296618743627526,15.520943745126932,20.52082883745385,9.037964934662376,NA,NA,25.07229374212812,NA,NA,NA,NA,NA,NA,NA,NA,NA,NA,NA,NA,NA,NA,NA
2022-05-16,ACPI-23,0,0.9236718004726783,0.9236718004726783,7.31832272682199,88.67249284537712,2.161840826855543,NA,NA,NA,NA,NA,NA,NA,NA,NA,NA,NA,NA,NA,NA,NA,NA,NA,NA
2022-05-16,ACPI-24,0,92.47091071212338,0.9340496031527614,NA,1.9247916689600513,NA,0.9340496031527614,0.9340496031527614,2.8021488094582843,NA,NA,NA,NA,NA,NA,NA,NA,NA,NA,NA,NA,NA,NA,NA
2022-05-17,ACPI-22,0,9.55134999700119,20.296618743627526,15.520943745126932,20.52082883745385,9.037964934662376,NA,NA,25.07229374212812,NA,NA,NA,NA,NA,NA,NA,NA,NA,NA,NA,NA,NA,NA,NA
2022-05-17,ACPI-23,0,0.9236718004726783,0.9236718004726783,7.31832272682199,88.67249284537712,2.161840826855543,NA,NA,NA,NA,NA,NA,NA,NA,NA,NA,NA,NA,NA,NA,NA,NA,NA,NA
2022-05-17,ACPI-24,0,92.47091071212338,0.9340496031527614,NA,1.9247916689600513,NA,0.9340496031527614,0.9340496031527614,2.8021488094582843,NA,NA,NA,NA,NA,NA,NA,NA,NA,NA,NA,NA,NA,NA,NA
2022-05-18,ACPI-22,0,9.55134999700119,20.296618743627526,15.520943745126932,20.52082883745385,9.037964934662376,NA,NA,25.07229374212812,NA,NA,NA,NA,NA,NA,NA,NA,NA,NA,NA,NA,NA,NA,NA
2022-05-18,ACPI-23,0,0.9236718004726783,0.9236718004726783,7.31832272682199,88.67249284537712,2.161840826855543,NA,NA,NA,NA,NA,NA,NA,NA,NA,NA,NA,NA,NA,NA,NA,NA,NA,NA
2022-05-18,ACPI-24,0,92.47091071212338,0.9340496031527614,NA,1.9247916689600513,NA,0.9340496031527614,0.9340496031527614,2.8021488094582843,NA,NA,NA,NA,NA,NA,NA,NA,NA,NA,NA,NA,NA,NA,NA
2022-05-19,ACPI-22,0,9.55134999700119,20.296618743627526,15.520943745126932,20.52082883745385,9.037964934662376,NA,NA,25.07229374212812,NA,NA,NA,NA,NA,NA,NA,NA,NA,NA,NA,NA,NA,NA,NA
2022-05-19,ACPI-23,0,0.9236718004726783,0.9236718004726783,7.31832272682199,88.67249284537712,2.161840826855543,NA,NA,NA,NA,NA,NA,NA,NA,NA,NA,NA,NA,NA,NA,NA,NA,NA,NA
2022-05-19,ACPI-24,0,92.47091071212338,0.9340496031527614,NA,1.9247916689600513,NA,0.9340496031527614,0.9340496031527614,2.8021488094582843,NA,NA,NA,NA,NA,NA,NA,NA,NA,NA,NA,NA,NA,NA,NA
2022-05-20,ACPI-22,0,9.55134999700119,20.296618743627526,15.520943745126932,20.52082883745385,9.037964934662376,NA,NA,25.07229374212812,NA,NA,NA,NA,NA,NA,NA,NA,NA,NA,NA,NA,NA,NA,NA
2022-05-20,ACPI-23,0,0.9236718004726783,0.9236718004726783,7.31832272682199,88.67249284537712,2.161840826855543,NA,NA,NA,NA,NA,NA,NA,NA,NA,NA,NA,NA,NA,NA,NA,NA,NA,NA
2022-05-20,ACPI-24,0,92.47091071212338,0.9340496031527614,NA,1.9247916689600513,NA,0.9340496031527614,0.9340496031527614,2.8021488094582843,NA,NA,NA,NA,NA,NA,NA,NA,NA,NA,NA,NA,NA,NA,NA
2022-05-21,ACPI-22,0,9.55134999700119,20.296618743627526,15.520943745126932,20.52082883745385,9.037964934662376,NA,NA,25.07229374212812,NA,NA,NA,NA,NA,NA,NA,NA,NA,NA,NA,NA,NA,NA,NA
2022-05-21,ACPI-23,0,0.9236718004726783,0.9236718004726783,7.31832272682199,88.67249284537712,2.161840826855543,NA,NA,NA,NA,NA,NA,NA,NA,NA,NA,NA,NA,NA,NA,NA,NA,NA,NA
2022-05-21,ACPI-24,0,92.47091071212338,0.9340496031527614,NA,1.9247916689600513,NA,0.9340496031527614,0.9340496031527614,2.8021488094582843,NA,NA,NA,NA,NA,NA,NA,NA,NA,NA,NA,NA,NA,NA,NA
2022-05-22,ACPI-22,716,9.55134999700119,20.296618743627526,15.520943745126932,20.52082883745385,9.037964934662376,NA,NA,25.07229374212812,NA,NA,NA,NA,NA,NA,NA,NA,NA,NA,NA,NA,NA,NA,NA
2022-05-22,ACPI-23,0,0.9236718004726783,0.9236718004726783,7.31832272682199,88.67249284537712,2.161840826855543,NA,NA,NA,NA,NA,NA,NA,NA,NA,NA,NA,NA,NA,NA,NA,NA,NA,NA
2022-05-22,ACPI-24,0,92.47091071212338,0.9340496031527614,NA,1.9247916689600513,NA,0.9340496031527614,0.9340496031527614,2.8021488094582843,NA,NA,NA,NA,NA,NA,NA,NA,NA,NA,NA,NA,NA,NA,NA
2022-05-23,ACPI-22,561,9.89783045829627,19.79566091659254,13.693648439052888,21.265233161867748,9.365822071162846,NA,NA,25.981804953027705,NA,NA,NA,NA,NA,NA,NA,NA,NA,NA,NA,NA,NA,NA,NA
2022-05-23,ACPI-23,0,0.9236718004726783,0.9236718004726783,7.31832272682199,88.67249284537712,2.161840826855543,NA,NA,NA,NA,NA,NA,NA,NA,NA,NA,NA,NA,NA,NA,NA,NA,NA,NA
2022-05-23,ACPI-24,0,92.47091071212338,0.9340496031527614,NA,1.9247916689600513,NA,0.9340496031527614,0.9340496031527614,2.8021488094582843,NA,NA,NA,NA,NA,NA,NA,NA,NA,NA,NA,NA,NA,NA,NA
2022-05-24,ACPI-22,1,9.55134999700119,19.10269999400238,16.714862494752083,20.52082883745385,9.037964934662376,NA,NA,25.07229374212812,NA,NA,NA,NA,NA,NA,NA,NA,NA,NA,NA,NA,NA,NA,NA
2022-05-24,ACPI-23,0,0.9236718004726783,0.9236718004726783,7.31832272682199,88.67249284537712,2.161840826855543,NA,NA,NA,NA,NA,NA,NA,NA,NA,NA,NA,NA,NA,NA,NA,NA,NA,NA
2022-05-24,ACPI-24,0,92.47091071212338,0.9340496031527614,NA,1.9247916689600513,NA,0.9340496031527614,0.9340496031527614,2.8021488094582843,NA,NA,NA,NA,NA,NA,NA,NA,NA,NA,NA,NA,NA,NA,NA
2022-05-25,ACPI-22,890,9.55134999700119,19.10269999400238,16.714862494752083,20.52082883745385,9.037964934662376,NA,NA,25.07229374212812,NA,NA,NA,NA,NA,NA,NA,NA,NA,NA,NA,NA,NA,NA,NA
2022-05-25,ACPI-23,0,0.9236718004726783,0.9236718004726783,7.31832272682199,88.67249284537712,2.161840826855543,NA,NA,NA,NA,NA,NA,NA,NA,NA,NA,NA,NA,NA,NA,NA,NA,NA,NA
2022-05-25,ACPI-24,0,92.47091071212338,0.9340496031527614,NA,1.9247916689600513,NA,0.9340496031527614,0.9340496031527614,2.8021488094582843,NA,NA,NA,NA,NA,NA,NA,NA,NA,NA,NA,NA,NA,NA,NA
2022-05-26,ACPI-22,3025,8.519045777349392,18.102972276867458,14.908330110361439,21.70639783000253,9.54633051982318,NA,NA,27.216923485596,NA,NA,NA,NA,NA,NA,NA,NA,NA,NA,NA,NA,NA,NA,NA
2022-05-26,ACPI-23,0,0.9236718004726783,0.9236718004726783,7.31832272682199,88.67249284537712,2.161840826855543,NA,NA,NA,NA,NA,NA,NA,NA,NA,NA,NA,NA,NA,NA,NA,NA,NA,NA
2022-05-26,ACPI-24,0,92.47091071212338,0.9340496031527614,NA,1.9247916689600513,NA,0.9340496031527614,0.9340496031527614,2.8021488094582843,NA,NA,NA,NA,NA,NA,NA,NA,NA,NA,NA,NA,NA,NA,NA
2022-05-27,ACPI-22,0,8.519045777349392,18.102972276867458,14.908330110361439,21.70639783000253,9.54633051982318,NA,NA,27.216923485596,NA,NA,NA,NA,NA,NA,NA,NA,NA,NA,NA,NA,NA,NA,NA
2022-05-27,ACPI-23,0,0.9236718004726783,0.9236718004726783,7.31832272682199,88.67249284537712,2.161840826855543,NA,NA,NA,NA,NA,NA,NA,NA,NA,NA,NA,NA,NA,NA,NA,NA,NA,NA
2022-05-27,ACPI-24,0,92.47091071212338,0.9340496031527614,NA,1.9247916689600513,NA,0.9340496031527614,0.9340496031527614,2.8021488094582843,NA,NA,NA,NA,NA,NA,NA,NA,NA,NA,NA,NA,NA,NA,NA
2022-05-28,ACPI-22,5,8.701086912787252,18.48980968967291,15.226902097377694,22.170235847840843,7.613451048688848,NA,NA,27.79851440363246,NA,NA,NA,NA,NA,NA,NA,NA,NA,NA,NA,NA,NA,NA,NA
2022-05-28,ACPI-23,0,0.9236718004726783,0.9236718004726783,7.31832272682199,88.67249284537712,2.161840826855543,NA,NA,NA,NA,NA,NA,NA,NA,NA,NA,NA,NA,NA,NA,NA,NA,NA,NA
2022-05-28,ACPI-24,0,92.47091071212338,0.9340496031527614,NA,1.9247916689600513,NA,0.9340496031527614,0.9340496031527614,2.8021488094582843,NA,NA,NA,NA,NA,NA,NA,NA,NA,NA,NA,NA,NA,NA,NA
2022-05-29,ACPI-22,0,8.701086912787252,18.48980968967291,15.226902097377694,22.170235847840843,7.613451048688848,NA,NA,27.79851440363246,NA,NA,NA,NA,NA,NA,NA,NA,NA,NA,NA,NA,NA,NA,NA
2022-05-29,ACPI-23,0,0.9236718004726783,0.9236718004726783,7.31832272682199,88.67249284537712,2.161840826855543,NA,NA,NA,NA,NA,NA,NA,NA,NA,NA,NA,NA,NA,NA,NA,NA,NA,NA
2022-05-29,ACPI-24,0,92.47091071212338,0.9340496031527614,NA,1.9247916689600513,NA,0.9340496031527614,0.9340496031527614,2.8021488094582843,NA,NA,NA,NA,NA,NA,NA,NA,NA,NA,NA,NA,NA,NA,NA
2022-05-30,ACPI-22,0,8.701086912787252,18.48980968967291,15.226902097377694,22.170235847840843,7.613451048688848,NA,NA,27.79851440363246,NA,NA,NA,NA,NA,NA,NA,NA,NA,NA,NA,NA,NA,NA,NA
2022-05-30,ACPI-23,0,0.9236718004726783,0.9236718004726783,7.31832272682199,88.67249284537712,2.161840826855543,NA,NA,NA,NA,NA,NA,NA,NA,NA,NA,NA,NA,NA,NA,NA,NA,NA,NA
2022-05-30,ACPI-24,0,92.47091071212338,0.9340496031527614,NA,1.9247916689600513,NA,0.9340496031527614,0.9340496031527614,2.8021488094582843,NA,NA,NA,NA,NA,NA,NA,NA,NA,NA,NA,NA,NA,NA,NA
2022-05-31,ACPI-22,2064,8.254981247061734,16.44720451958784,15.747377621415684,22.92804364401351,7.8736888107078435,NA,NA,28.74870415721339,NA,NA,NA,NA,NA,NA,NA,NA,NA,NA,NA,NA,NA,NA,NA
2022-05-31,ACPI-23,0,0.9236718004726783,0.9236718004726783,7.31832272682199,88.67249284537712,2.161840826855543,NA,NA,NA,NA,NA,NA,NA,NA,NA,NA,NA,NA,NA,NA,NA,NA,NA,NA
2022-05-31,ACPI-24,0,92.47091071212338,0.9340496031527614,NA,1.9247916689600513,NA,0.9340496031527614,0.9340496031527614,2.8021488094582843,NA,NA,NA,NA,NA,NA,NA,NA,NA,NA,NA,NA,NA,NA,NA
2022-06-01,ACPI-22,410,8.254981247061734,16.44720451958784,15.747377621415684,22.92804364401351,7.8736888107078435,NA,NA,28.74870415721339,NA,NA,NA,NA,NA,NA,NA,NA,NA,NA,NA,NA,NA,NA,NA
2022-06-01,ACPI-23,0,0.9236718004726783,0.9236718004726783,7.31832272682199,88.67249284537712,2.161840826855543,NA,NA,NA,NA,NA,NA,NA,NA,NA,NA,NA,NA,NA,NA,NA,NA,NA,NA
2022-06-01,ACPI-24,0,92.47091071212338,0.9340496031527614,NA,1.9247916689600513,NA,0.9340496031527614,0.9340496031527614,2.8021488094582843,NA,NA,NA,NA,NA,NA,NA,NA,NA,NA,NA,NA,NA,NA,NA
2022-06-02,ACPI-22,36,8.214203827298398,16.365959687824304,15.669589749072694,22.814785184418973,7.834794874536349,NA,NA,29.100666676849286,NA,NA,NA,NA,NA,NA,NA,NA,NA,NA,NA,NA,NA,NA,NA
2022-06-02,ACPI-23,0,0.9236718004726783,0.9236718004726783,7.31832272682199,88.67249284537712,2.161840826855543,NA,NA,NA,NA,NA,NA,NA,NA,NA,NA,NA,NA,NA,NA,NA,NA,NA,NA
2022-06-02,ACPI-24,0,92.47091071212338,0.9340496031527614,NA,1.9247916689600513,NA,0.9340496031527614,0.9340496031527614,2.8021488094582843,NA,NA,NA,NA,NA,NA,NA,NA,NA,NA,NA,NA,NA,NA,NA
2022-06-03,ACPI-22,1894,6.883743438698062,15.807369516396985,16.062068023628814,23.386230108436795,8.031034011814409,NA,NA,29.829554901024935,NA,NA,NA,NA,NA,NA,NA,NA,NA,NA,NA,NA,NA,NA,NA
2022-06-03,ACPI-23,0,0.9236718004726783,0.9236718004726783,7.31832272682199,88.67249284537712,2.161840826855543,NA,NA,NA,NA,NA,NA,NA,NA,NA,NA,NA,NA,NA,NA,NA,NA,NA,NA
2022-06-03,ACPI-24,0,92.47091071212338,0.9340496031527614,NA,1.9247916689600513,NA,0.9340496031527614,0.9340496031527614,2.8021488094582843,NA,NA,NA,NA,NA,NA,NA,NA,NA,NA,NA,NA,NA,NA,NA
2022-06-04,ACPI-22,408,5.911109955469605,15.279790893587808,17.238738444047783,23.95856773806327,8.227579711931899,NA,NA,29.38421325689963,NA,NA,NA,NA,NA,NA,NA,NA,NA,NA,NA,NA,NA,NA,NA
2022-06-04,ACPI-23,0,0.9236718004726783,0.9236718004726783,7.31832272682199,88.67249284537712,2.161840826855543,NA,NA,NA,NA,NA,NA,NA,NA,NA,NA,NA,NA,NA,NA,NA,NA,NA,NA
2022-06-04,ACPI-24,0,92.47091071212338,0.9340496031527614,NA,1.9247916689600513,NA,0.9340496031527614,0.9340496031527614,2.8021488094582843,NA,NA,NA,NA,NA,NA,NA,NA,NA,NA,NA,NA,NA,NA,NA
2022-06-05,ACPI-22,245,7.496130316208448,15.478735166212134,16.21581779317461,23.2181027493182,7.739367583106068,NA,NA,29.85184639198054,NA,NA,NA,NA,NA,NA,NA,NA,NA,NA,NA,NA,NA,NA,NA
2022-06-05,ACPI-23,0,0.9236718004726783,0.9236718004726783,7.31832272682199,88.67249284537712,2.161840826855543,NA,NA,NA,NA,NA,NA,NA,NA,NA,NA,NA,NA,NA,NA,NA,NA,NA,NA
2022-06-05,ACPI-24,0,92.47091071212338,0.9340496031527614,NA,1.9247916689600513,NA,0.9340496031527614,0.9340496031527614,2.8021488094582843,NA,NA,NA,NA,NA,NA,NA,NA,NA,NA,NA,NA,NA,NA,NA
2022-06-06,ACPI-22,0,7.496130316208448,15.478735166212134,16.21581779317461,23.2181027493182,7.739367583106068,NA,NA,29.85184639198054,NA,NA,NA,NA,NA,NA,NA,NA,NA,NA,NA,NA,NA,NA,NA
2022-06-06,ACPI-23,0,0.9236718004726783,0.9236718004726783,7.31832272682199,88.67249284537712,2.161840826855543,NA,NA,NA,NA,NA,NA,NA,NA,NA,NA,NA,NA,NA,NA,NA,NA,NA,NA
2022-06-06,ACPI-24,0,92.47091071212338,0.9340496031527614,NA,1.9247916689600513,NA,0.9340496031527614,0.9340496031527614,2.8021488094582843,NA,NA,NA,NA,NA,NA,NA,NA,NA,NA,NA,NA,NA,NA,NA
2022-06-07,ACPI-22,4990,5.593901843060926,14.033823922065132,17.431088836121972,23.149332321904975,10.644680315634803,NA,NA,29.147172761212197,NA,NA,NA,NA,NA,NA,NA,NA,NA,NA,NA,NA,NA,NA,NA
2022-06-07,ACPI-23,0,0.9236718004726783,0.9236718004726783,7.31832272682199,88.67249284537712,2.161840826855543,NA,NA,NA,NA,NA,NA,NA,NA,NA,NA,NA,NA,NA,NA,NA,NA,NA,NA
2022-06-07,ACPI-24,0,92.47091071212338,0.9340496031527614,NA,1.9247916689600513,NA,0.9340496031527614,0.9340496031527614,2.8021488094582843,NA,NA,NA,NA,NA,NA,NA,NA,NA,NA,NA,NA,NA,NA,NA
2022-06-08,ACPI-22,255,5.501607874981151,13.802279405654467,19.110848407829263,22.449938310197208,10.469053389594029,NA,NA,28.666272611743892,NA,NA,NA,NA,NA,NA,NA,NA,NA,NA,NA,NA,NA,NA,NA
2022-06-08,ACPI-23,0,0.9236718004726783,0.9236718004726783,7.31832272682199,88.67249284537712,2.161840826855543,NA,NA,NA,NA,NA,NA,NA,NA,NA,NA,NA,NA,NA,NA,NA,NA,NA,NA
2022-06-08,ACPI-24,0,92.47091071212338,0.9340496031527614,NA,1.9247916689600513,NA,0.9340496031527614,0.9340496031527614,2.8021488094582843,NA,NA,NA,NA,NA,NA,NA,NA,NA,NA,NA,NA,NA,NA,NA
2022-06-09,ACPI-22,350,5.745615861048058,14.414439791752146,15.523242852656164,23.44564072281532,10.933378127320001,NA,NA,29.937682644408305,NA,NA,NA,NA,NA,NA,NA,NA,NA,NA,NA,NA,NA,NA,NA
2022-06-09,ACPI-23,0,0.9236718004726783,0.9236718004726783,7.31832272682199,88.67249284537712,2.161840826855543,NA,NA,NA,NA,NA,NA,NA,NA,NA,NA,NA,NA,NA,NA,NA,NA,NA,NA
2022-06-09,ACPI-24,0,92.47091071212338,0.9340496031527614,NA,1.9247916689600513,NA,0.9340496031527614,0.9340496031527614,2.8021488094582843,NA,NA,NA,NA,NA,NA,NA,NA,NA,NA,NA,NA,NA,NA,NA
2022-06-10,ACPI-22,6123,4.286835720512584,10.502747515255832,22.748425897034444,20.947541784190616,14.992790383558944,NA,NA,26.521658699447585,NA,NA,NA,NA,NA,NA,NA,NA,NA,NA,NA,NA,NA,NA,NA
2022-06-10,ACPI-23,0,0.9236718004726783,0.9236718004726783,7.31832272682199,88.67249284537712,2.161840826855543,NA,NA,NA,NA,NA,NA,NA,NA,NA,NA,NA,NA,NA,NA,NA,NA,NA,NA
2022-06-10,ACPI-24,0,92.47091071212338,0.9340496031527614,NA,1.9247916689600513,NA,0.9340496031527614,0.9340496031527614,2.8021488094582843,NA,NA,NA,NA,NA,NA,NA,NA,NA,NA,NA,NA,NA,NA,NA
2022-06-11,ACPI-22,641,4.063772416286029,6.095658624429044,24.061227042973552,22.350748289573158,18.28697587328713,NA,NA,25.141617753451094,NA,NA,NA,NA,NA,NA,NA,NA,NA,NA,NA,NA,NA,NA,NA
2022-06-11,ACPI-23,0,0.9236718004726783,0.9236718004726783,7.31832272682199,88.67249284537712,2.161840826855543,NA,NA,NA,NA,NA,NA,NA,NA,NA,NA,NA,NA,NA,NA,NA,NA,NA,NA
2022-06-11,ACPI-24,0,92.47091071212338,0.9340496031527614,NA,1.9247916689600513,NA,0.9340496031527614,0.9340496031527614,2.8021488094582843,NA,NA,NA,NA,NA,NA,NA,NA,NA,NA,NA,NA,NA,NA,NA
2022-06-12,ACPI-22,635,4.042934206908999,6.064401310363499,24.704660466256435,22.236138137999493,17.939169295094878,NA,NA,25.012696583376695,NA,NA,NA,NA,NA,NA,NA,NA,NA,NA,NA,NA,NA,NA,NA
2022-06-12,ACPI-23,0,0.9236718004726783,0.9236718004726783,7.31832272682199,88.67249284537712,2.161840826855543,NA,NA,NA,NA,NA,NA,NA,NA,NA,NA,NA,NA,NA,NA,NA,NA,NA,NA
2022-06-12,ACPI-24,0,92.47091071212338,0.9340496031527614,NA,1.9247916689600513,NA,0.9340496031527614,0.9340496031527614,2.8021488094582843,NA,NA,NA,NA,NA,NA,NA,NA,NA,NA,NA,NA,NA,NA,NA
2022-06-13,ACPI-22,4151,4.239707662787385,6.359561494181078,20.099768990446634,23.31839214533062,19.752481374306804,NA,NA,26.23008833294748,NA,NA,NA,NA,NA,NA,NA,NA,NA,NA,NA,NA,NA,NA,NA
2022-06-13,ACPI-23,0,0.9236718004726783,0.9236718004726783,7.31832272682199,88.67249284537712,2.161840826855543,NA,NA,NA,NA,NA,NA,NA,NA,NA,NA,NA,NA,NA,NA,NA,NA,NA,NA
2022-06-13,ACPI-24,0,92.47091071212338,0.9340496031527614,NA,1.9247916689600513,NA,0.9340496031527614,0.9340496031527614,2.8021488094582843,NA,NA,NA,NA,NA,NA,NA,NA,NA,NA,NA,NA,NA,NA,NA
2022-06-14,ACPI-22,1448,4.316875017034026,6.47531252555104,24.41583532675122,22.66359383942864,21.62322696032344,NA,NA,20.505156330911625,NA,NA,NA,NA,NA,NA,NA,NA,NA,NA,NA,NA,NA,NA,NA
2022-06-14,ACPI-23,0,0.9236718004726783,0.9236718004726783,7.31832272682199,88.67249284537712,2.161840826855543,NA,NA,NA,NA,NA,NA,NA,NA,NA,NA,NA,NA,NA,NA,NA,NA,NA,NA
2022-06-14,ACPI-24,0,92.47091071212338,0.9340496031527614,NA,1.9247916689600513,NA,0.9340496031527614,0.9340496031527614,2.8021488094582843,NA,NA,NA,NA,NA,NA,NA,NA,NA,NA,NA,NA,NA,NA,NA
2022-06-15,ACPI-22,123,4.371852126950328,6.557778190425492,24.72678064186006,22.95222366648922,21.898607303894195,NA,NA,19.4927580703807,NA,NA,NA,NA,NA,NA,NA,NA,NA,NA,NA,NA,NA,NA,NA
2022-06-15,ACPI-23,0,0.9236718004726783,0.9236718004726783,7.31832272682199,88.67249284537712,2.161840826855543,NA,NA,NA,NA,NA,NA,NA,NA,NA,NA,NA,NA,NA,NA,NA,NA,NA,NA
2022-06-15,ACPI-24,0,92.47091071212338,0.9340496031527614,NA,1.9247916689600513,NA,0.9340496031527614,0.9340496031527614,2.8021488094582843,NA,NA,NA,NA,NA,NA,NA,NA,NA,NA,NA,NA,NA,NA,NA
2022-06-16,ACPI-22,3024,4.5921277213595255,3.444095791019644,25.25670246747739,24.10867053713751,25.864484077657327,NA,NA,16.7339194053486,NA,NA,NA,NA,NA,NA,NA,NA,NA,NA,NA,NA,NA,NA,NA
2022-06-16,ACPI-23,0,0.9236718004726783,0.9236718004726783,7.31832272682199,88.67249284537712,2.161840826855543,NA,NA,NA,NA,NA,NA,NA,NA,NA,NA,NA,NA,NA,NA,NA,NA,NA,NA
2022-06-16,ACPI-24,0,92.47091071212338,0.9340496031527614,NA,1.9247916689600513,NA,0.9340496031527614,0.9340496031527614,2.8021488094582843,NA,NA,NA,NA,NA,NA,NA,NA,NA,NA,NA,NA,NA,NA,NA
2022-06-17,ACPI-22,2937,4.73999622987801,3.5549971724085068,26.069979264329053,24.88498020685955,26.69733170651879,NA,NA,14.05271542000609,NA,NA,NA,NA,NA,NA,NA,NA,NA,NA,NA,NA,NA,NA,NA
2022-06-17,ACPI-23,0,0.9236718004726783,0.9236718004726783,7.31832272682199,88.67249284537712,2.161840826855543,NA,NA,NA,NA,NA,NA,NA,NA,NA,NA,NA,NA,NA,NA,NA,NA,NA,NA
2022-06-17,ACPI-24,0,92.47091071212338,0.9340496031527614,NA,1.9247916689600513,NA,0.9340496031527614,0.9340496031527614,2.8021488094582843,NA,NA,NA,NA,NA,NA,NA,NA,NA,NA,NA,NA,NA,NA,NA
2022-06-18,ACPI-22,1052,4.788732394366197,3.591549295774648,26.338028169014084,25.140845070422536,26.971830985915492,NA,NA,13.169014084507042,NA,NA,NA,NA,NA,NA,NA,NA,NA,NA,NA,NA,NA,NA,NA
2022-06-18,ACPI-23,0,0.9236718004726783,0.9236718004726783,7.31832272682199,88.67249284537712,2.161840826855543,NA,NA,NA,NA,NA,NA,NA,NA,NA,NA,NA,NA,NA,NA,NA,NA,NA,NA
2022-06-18,ACPI-24,0,92.47091071212338,0.9340496031527614,NA,1.9247916689600513,NA,0.9340496031527614,0.9340496031527614,2.8021488094582843,NA,NA,NA,NA,NA,NA,NA,NA,NA,NA,NA,NA,NA,NA,NA
2022-06-19,ACPI-22,6278,4.617516427141242,3.4631373203559312,26.152458664221207,24.24196124249152,32.030530229946265,NA,NA,9.494396115843825,NA,NA,NA,NA,NA,NA,NA,NA,NA,NA,NA,NA,NA,NA,NA
2022-06-19,ACPI-23,0,0.9236718004726783,0.9236718004726783,7.31832272682199,88.67249284537712,2.161840826855543,NA,NA,NA,NA,NA,NA,NA,NA,NA,NA,NA,NA,NA,NA,NA,NA,NA,NA
2022-06-19,ACPI-24,0,92.47091071212338,0.9340496031527614,NA,1.9247916689600513,NA,0.9340496031527614,0.9340496031527614,2.8021488094582843,NA,NA,NA,NA,NA,NA,NA,NA,NA,NA,NA,NA,NA,NA,NA
2022-06-20,ACPI-22,4319,4.292543227752253,3.2194074208141896,24.31189170618182,22.535851945699328,39.20149085792402,NA,NA,6.438814841628379,NA,NA,NA,NA,NA,NA,NA,NA,NA,NA,NA,NA,NA,NA,NA
2022-06-20,ACPI-23,0,0.9236718004726783,0.9236718004726783,7.31832272682199,88.67249284537712,2.161840826855543,NA,NA,NA,NA,NA,NA,NA,NA,NA,NA,NA,NA,NA,NA,NA,NA,NA,NA
2022-06-20,ACPI-24,0,92.47091071212338,0.9340496031527614,NA,1.9247916689600513,NA,0.9340496031527614,0.9340496031527614,2.8021488094582843,NA,NA,NA,NA,NA,NA,NA,NA,NA,NA,NA,NA,NA,NA,NA
2022-06-21,ACPI-22,437,4.121242498920958,3.0909318741907192,24.67593946228924,21.636523119335035,40.293499296882615,NA,NA,6.1818637483814385,NA,NA,NA,NA,NA,NA,NA,NA,NA,NA,NA,NA,NA,NA,NA
2022-06-21,ACPI-23,0,0.9236718004726783,0.9236718004726783,7.31832272682199,88.67249284537712,2.161840826855543,NA,NA,NA,NA,NA,NA,NA,NA,NA,NA,NA,NA,NA,NA,NA,NA,NA,NA
2022-06-21,ACPI-24,0,92.47091071212338,0.9340496031527614,NA,1.9247916689600513,NA,0.9340496031527614,0.9340496031527614,2.8021488094582843,NA,NA,NA,NA,NA,NA,NA,NA,NA,NA,NA,NA,NA,NA,NA
2022-06-22,ACPI-22,8851,3.210304882164839,2.959994010425847,23.630618849899676,17.86959347034863,46.409500766309314,NA,NA,5.919988020851694,NA,NA,NA,NA,NA,NA,NA,NA,NA,NA,NA,NA,NA,NA,NA
2022-06-22,ACPI-23,0,0.9236718004726783,0.9236718004726783,7.31832272682199,88.67249284537712,2.161840826855543,NA,NA,NA,NA,NA,NA,NA,NA,NA,NA,NA,NA,NA,NA,NA,NA,NA,NA
2022-06-22,ACPI-24,0,92.47091071212338,0.9340496031527614,NA,1.9247916689600513,NA,0.9340496031527614,0.9340496031527614,2.8021488094582843,NA,NA,NA,NA,NA,NA,NA,NA,NA,NA,NA,NA,NA,NA,NA
2022-06-23,ACPI-22,2017,3.559408138467356,3.281877316094555,19.0835088380313,19.812814908274536,46.604677061578286,NA,NA,7.657713737553963,NA,NA,NA,NA,NA,NA,NA,NA,NA,NA,NA,NA,NA,NA,NA
2022-06-23,ACPI-23,0,0.9236718004726783,0.9236718004726783,7.31832272682199,88.67249284537712,2.161840826855543,NA,NA,NA,NA,NA,NA,NA,NA,NA,NA,NA,NA,NA,NA,NA,NA,NA,NA
2022-06-23,ACPI-24,0,92.47091071212338,0.9340496031527614,NA,1.9247916689600513,NA,0.9340496031527614,0.9340496031527614,2.8021488094582843,NA,NA,NA,NA,NA,NA,NA,NA,NA,NA,NA,NA,NA,NA,NA
2022-06-24,ACPI-22,1557,3.553823774410958,3.276728370818108,24.079559445322342,17.726399045801934,43.71778983173775,NA,NA,7.64569953190892,NA,NA,NA,NA,NA,NA,NA,NA,NA,NA,NA,NA,NA,NA,NA
2022-06-24,ACPI-23,0,0.9236718004726783,0.9236718004726783,7.31832272682199,88.67249284537712,2.161840826855543,NA,NA,NA,NA,NA,NA,NA,NA,NA,NA,NA,NA,NA,NA,NA,NA,NA,NA
2022-06-24,ACPI-24,0,92.47091071212338,0.9340496031527614,NA,1.9247916689600513,NA,0.9340496031527614,0.9340496031527614,2.8021488094582843,NA,NA,NA,NA,NA,NA,NA,NA,NA,NA,NA,NA,NA,NA,NA
2022-06-25,ACPI-22,0,3.553823774410958,3.276728370818108,24.079559445322342,17.726399045801934,43.71778983173775,NA,NA,7.64569953190892,NA,NA,NA,NA,NA,NA,NA,NA,NA,NA,NA,NA,NA,NA,NA
2022-06-25,ACPI-23,0,0.9236718004726783,0.9236718004726783,7.31832272682199,88.67249284537712,2.161840826855543,NA,NA,NA,NA,NA,NA,NA,NA,NA,NA,NA,NA,NA,NA,NA,NA,NA,NA
2022-06-25,ACPI-24,0,92.47091071212338,0.9340496031527614,NA,1.9247916689600513,NA,0.9340496031527614,0.9340496031527614,2.8021488094582843,NA,NA,NA,NA,NA,NA,NA,NA,NA,NA,NA,NA,NA,NA,NA
2022-06-26,ACPI-22,0,3.553823774410958,3.276728370818108,24.079559445322342,17.726399045801934,43.71778983173775,NA,NA,7.64569953190892,NA,NA,NA,NA,NA,NA,NA,NA,NA,NA,NA,NA,NA,NA,NA
2022-06-26,ACPI-23,0,0.9236718004726783,0.9236718004726783,7.31832272682199,88.67249284537712,2.161840826855543,NA,NA,NA,NA,NA,NA,NA,NA,NA,NA,NA,NA,NA,NA,NA,NA,NA,NA
2022-06-26,ACPI-24,0,92.47091071212338,0.9340496031527614,NA,1.9247916689600513,NA,0.9340496031527614,0.9340496031527614,2.8021488094582843,NA,NA,NA,NA,NA,NA,NA,NA,NA,NA,NA,NA,NA,NA,NA
2022-06-27,ACPI-22,444,3.4494364467932357,3.1804802336927467,23.372264705834052,20.143041480054062,42.43365658834282,NA,NA,7.421120545283077,NA,NA,NA,NA,NA,NA,NA,NA,NA,NA,NA,NA,NA,NA,NA
2022-06-27,ACPI-23,0,0.9236718004726783,0.9236718004726783,7.31832272682199,88.67249284537712,2.161840826855543,NA,NA,NA,NA,NA,NA,NA,NA,NA,NA,NA,NA,NA,NA,NA,NA,NA,NA
2022-06-27,ACPI-24,0,92.47091071212338,0.9340496031527614,NA,1.9247916689600513,NA,0.9340496031527614,0.9340496031527614,2.8021488094582843,NA,NA,NA,NA,NA,NA,NA,NA,NA,NA,NA,NA,NA,NA,NA
2022-06-28,ACPI-22,0,3.4494364467932357,3.1804802336927467,23.372264705834052,20.143041480054062,42.43365658834282,NA,NA,7.421120545283077,NA,NA,NA,NA,NA,NA,NA,NA,NA,NA,NA,NA,NA,NA,NA
2022-06-28,ACPI-23,0,0.9236718004726783,0.9236718004726783,7.31832272682199,88.67249284537712,2.161840826855543,NA,NA,NA,NA,NA,NA,NA,NA,NA,NA,NA,NA,NA,NA,NA,NA,NA,NA
2022-06-28,ACPI-24,0,92.47091071212338,0.9340496031527614,NA,1.9247916689600513,NA,0.9340496031527614,0.9340496031527614,2.8021488094582843,NA,NA,NA,NA,NA,NA,NA,NA,NA,NA,NA,NA,NA,NA,NA
2022-06-29,ACPI-22,30,3.3439927718179003,3.0832581137320374,22.657812498613207,19.52730138696957,44.193366296825864,NA,NA,7.194268932041421,NA,NA,NA,NA,NA,NA,NA,NA,NA,NA,NA,NA,NA,NA,NA
2022-06-29,ACPI-23,0,0.9236718004726783,0.9236718004726783,7.31832272682199,88.67249284537712,2.161840826855543,NA,NA,NA,NA,NA,NA,NA,NA,NA,NA,NA,NA,NA,NA,NA,NA,NA,NA
2022-06-29,ACPI-24,0,92.47091071212338,0.9340496031527614,NA,1.9247916689600513,NA,0.9340496031527614,0.9340496031527614,2.8021488094582843,NA,NA,NA,NA,NA,NA,NA,NA,NA,NA,NA,NA,NA,NA,NA
2022-06-30,ACPI-22,481,3.309974420193543,3.0518922090131197,22.427315160487215,20.345948060087466,43.74378832918805,NA,NA,7.1210818210306135,NA,NA,NA,NA,NA,NA,NA,NA,NA,NA,NA,NA,NA,NA,NA
2022-06-30,ACPI-23,0,0.9236718004726783,0.9236718004726783,7.31832272682199,88.67249284537712,2.161840826855543,NA,NA,NA,NA,NA,NA,NA,NA,NA,NA,NA,NA,NA,NA,NA,NA,NA,NA
2022-06-30,ACPI-24,0,92.47091071212338,0.9340496031527614,NA,1.9247916689600513,NA,0.9340496031527614,0.9340496031527614,2.8021488094582843,NA,NA,NA,NA,NA,NA,NA,NA,NA,NA,NA,NA,NA,NA,NA
2022-07-01,ACPI-22,2472,3.6120714681308463,3.3304344301677498,22.20289620111833,18.677791827954994,47.73622683240441,NA,NA,4.440579240223666,NA,NA,NA,NA,NA,NA,NA,NA,NA,NA,NA,NA,NA,NA,NA
2022-07-01,ACPI-23,0,0.9236718004726783,0.9236718004726783,7.31832272682199,88.67249284537712,2.161840826855543,NA,NA,NA,NA,NA,NA,NA,NA,NA,NA,NA,NA,NA,NA,NA,NA,NA,NA
2022-07-01,ACPI-24,0,92.47091071212338,0.9340496031527614,NA,1.9247916689600513,NA,0.9340496031527614,0.9340496031527614,2.8021488094582843,NA,NA,NA,NA,NA,NA,NA,NA,NA,NA,NA,NA,NA,NA,NA
2022-07-02,ACPI-22,1,3.7799218951013875,3.4851973815747783,23.23464921049852,19.545735710253496,45.30756596047212,NA,NA,4.646929842099705,NA,NA,NA,NA,NA,NA,NA,NA,NA,NA,NA,NA,NA,NA,NA
2022-07-02,ACPI-23,0,0.9236718004726783,0.9236718004726783,7.31832272682199,88.67249284537712,2.161840826855543,NA,NA,NA,NA,NA,NA,NA,NA,NA,NA,NA,NA,NA,NA,NA,NA,NA,NA
2022-07-02,ACPI-24,0,92.47091071212338,0.9340496031527614,NA,1.9247916689600513,NA,0.9340496031527614,0.9340496031527614,2.8021488094582843,NA,NA,NA,NA,NA,NA,NA,NA,NA,NA,NA,NA,NA,NA,NA
2022-07-03,ACPI-22,0,3.7799218951013875,3.4851973815747783,23.23464921049852,19.545735710253496,45.30756596047212,NA,NA,4.646929842099705,NA,NA,NA,NA,NA,NA,NA,NA,NA,NA,NA,NA,NA,NA,NA
2022-07-03,ACPI-23,0,0.9236718004726783,0.9236718004726783,7.31832272682199,88.67249284537712,2.161840826855543,NA,NA,NA,NA,NA,NA,NA,NA,NA,NA,NA,NA,NA,NA,NA,NA,NA,NA
2022-07-03,ACPI-24,0,92.47091071212338,0.9340496031527614,NA,1.9247916689600513,NA,0.9340496031527614,0.9340496031527614,2.8021488094582843,NA,NA,NA,NA,NA,NA,NA,NA,NA,NA,NA,NA,NA,NA,NA
2022-07-04,ACPI-22,0,3.7799218951013875,3.4851973815747783,23.23464921049852,19.545735710253496,45.30756596047212,NA,NA,4.646929842099705,NA,NA,NA,NA,NA,NA,NA,NA,NA,NA,NA,NA,NA,NA,NA
2022-07-04,ACPI-23,0,0.9236718004726783,0.9236718004726783,7.31832272682199,88.67249284537712,2.161840826855543,NA,NA,NA,NA,NA,NA,NA,NA,NA,NA,NA,NA,NA,NA,NA,NA,NA,NA
2022-07-04,ACPI-24,0,92.47091071212338,0.9340496031527614,NA,1.9247916689600513,NA,0.9340496031527614,0.9340496031527614,2.8021488094582843,NA,NA,NA,NA,NA,NA,NA,NA,NA,NA,NA,NA,NA,NA,NA
2022-07-05,ACPI-22,131,3.6671163837997542,3.3811874354631506,22.54124956975434,18.96242558593078,46.93977111110111,NA,NA,4.508249913950868,NA,NA,NA,NA,NA,NA,NA,NA,NA,NA,NA,NA,NA,NA,NA
2022-07-05,ACPI-23,0,0.9236718004726783,0.9236718004726783,7.31832272682199,88.67249284537712,2.161840826855543,NA,NA,NA,NA,NA,NA,NA,NA,NA,NA,NA,NA,NA,NA,NA,NA,NA,NA
2022-07-05,ACPI-24,0,92.47091071212338,0.9340496031527614,NA,1.9247916689600513,NA,0.9340496031527614,0.9340496031527614,2.8021488094582843,NA,NA,NA,NA,NA,NA,NA,NA,NA,NA,NA,NA,NA,NA,NA
2022-07-06,ACPI-22,73,3.5486961027439294,3.2720005091417432,23.994670400372787,21.377069993059393,43.44489564915982,NA,NA,4.362667345522325,NA,NA,NA,NA,NA,NA,NA,NA,NA,NA,NA,NA,NA,NA,NA
2022-07-06,ACPI-23,0,0.9236718004726783,0.9236718004726783,7.31832272682199,88.67249284537712,2.161840826855543,NA,NA,NA,NA,NA,NA,NA,NA,NA,NA,NA,NA,NA,NA,NA,NA,NA,NA
2022-07-06,ACPI-24,0,92.47091071212338,0.9340496031527614,NA,1.9247916689600513,NA,0.9340496031527614,0.9340496031527614,2.8021488094582843,NA,NA,NA,NA,NA,NA,NA,NA,NA,NA,NA,NA,NA,NA,NA
2022-07-07,ACPI-22,2160,1.2003894113974505,3.601168234192351,27.717894135604396,18.264582351510324,44.41440822170567,NA,NA,4.801557645589802,NA,NA,NA,NA,NA,NA,NA,NA,NA,NA,NA,NA,NA,NA,NA
2022-07-07,ACPI-23,0,0.9236718004726783,0.9236718004726783,7.31832272682199,88.67249284537712,2.161840826855543,NA,NA,NA,NA,NA,NA,NA,NA,NA,NA,NA,NA,NA,NA,NA,NA,NA,NA
2022-07-07,ACPI-24,0,92.47091071212338,0.9340496031527614,NA,1.9247916689600513,NA,0.9340496031527614,0.9340496031527614,2.8021488094582843,NA,NA,NA,NA,NA,NA,NA,NA,NA,NA,NA,NA,NA,NA,NA
2022-07-08,ACPI-22,275,1.206710235496278,3.620130706488834,27.86384671695641,18.360757152109446,44.12171424696391,NA,NA,4.826840941985112,NA,NA,NA,NA,NA,NA,NA,NA,NA,NA,NA,NA,NA,NA,NA
2022-07-08,ACPI-23,0,0.9236718004726783,0.9236718004726783,7.31832272682199,88.67249284537712,2.161840826855543,NA,NA,NA,NA,NA,NA,NA,NA,NA,NA,NA,NA,NA,NA,NA,NA,NA,NA
2022-07-08,ACPI-24,0,92.47091071212338,0.9340496031527614,NA,1.9247916689600513,NA,0.9340496031527614,0.9340496031527614,2.8021488094582843,NA,NA,NA,NA,NA,NA,NA,NA,NA,NA,NA,NA,NA,NA,NA
2022-07-09,ACPI-22,1,1.253459798689444,3.7603793960683323,25.069195973788883,19.0720773609779,45.83104827571767,NA,NA,5.013839194757776,NA,NA,NA,NA,NA,NA,NA,NA,NA,NA,NA,NA,NA,NA,NA
2022-07-09,ACPI-23,0,0.9236718004726783,0.9236718004726783,7.31832272682199,88.67249284537712,2.161840826855543,NA,NA,NA,NA,NA,NA,NA,NA,NA,NA,NA,NA,NA,NA,NA,NA,NA,NA
2022-07-09,ACPI-24,0,92.47091071212338,0.9340496031527614,NA,1.9247916689600513,NA,0.9340496031527614,0.9340496031527614,2.8021488094582843,NA,NA,NA,NA,NA,NA,NA,NA,NA,NA,NA,NA,NA,NA,NA
2022-07-10,ACPI-22,1420,3.983160450599508,3.4267255003109245,22.844836668739497,17.379835105228317,47.79647494137386,NA,NA,4.568967333747899,NA,NA,NA,NA,NA,NA,NA,NA,NA,NA,NA,NA,NA,NA,NA
2022-07-10,ACPI-23,0,0.9236718004726783,0.9236718004726783,7.31832272682199,88.67249284537712,2.161840826855543,NA,NA,NA,NA,NA,NA,NA,NA,NA,NA,NA,NA,NA,NA,NA,NA,NA,NA
2022-07-10,ACPI-24,0,92.47091071212338,0.9340496031527614,NA,1.9247916689600513,NA,0.9340496031527614,0.9340496031527614,2.8021488094582843,NA,NA,NA,NA,NA,NA,NA,NA,NA,NA,NA,NA,NA,NA,NA
2022-07-11,ACPI-22,20,3.983160450599508,3.4267255003109245,22.844836668739497,17.379835105228317,47.79647494137386,NA,NA,4.568967333747899,NA,NA,NA,NA,NA,NA,NA,NA,NA,NA,NA,NA,NA,NA,NA
2022-07-11,ACPI-23,0,0.9236718004726783,0.9236718004726783,7.31832272682199,88.67249284537712,2.161840826855543,NA,NA,NA,NA,NA,NA,NA,NA,NA,NA,NA,NA,NA,NA,NA,NA,NA,NA
2022-07-11,ACPI-24,0,92.47091071212338,0.9340496031527614,NA,1.9247916689600513,NA,0.9340496031527614,0.9340496031527614,2.8021488094582843,NA,NA,NA,NA,NA,NA,NA,NA,NA,NA,NA,NA,NA,NA,NA
2022-07-12,ACPI-22,1261,4.169289549079216,3.586852950867003,23.91235300578002,20.026127873307004,43.522906019810755,NA,NA,4.782470601156004,NA,NA,NA,NA,NA,NA,NA,NA,NA,NA,NA,NA,NA,NA,NA
2022-07-12,ACPI-23,0,0.9236718004726783,0.9236718004726783,7.31832272682199,88.67249284537712,2.161840826855543,NA,NA,NA,NA,NA,NA,NA,NA,NA,NA,NA,NA,NA,NA,NA,NA,NA,NA
2022-07-12,ACPI-24,0,92.47091071212338,0.9340496031527614,NA,1.9247916689600513,NA,0.9340496031527614,0.9340496031527614,2.8021488094582843,NA,NA,NA,NA,NA,NA,NA,NA,NA,NA,NA,NA,NA,NA,NA
2022-07-13,ACPI-22,6481,3.790385872053948,3.260880922291393,24.090546736231445,4.652647783300252,63.118578378692504,NA,NA,1.0869603074304643,NA,NA,NA,NA,NA,NA,NA,NA,NA,NA,NA,NA,NA,NA,NA
2022-07-13,ACPI-23,0,0.9236718004726783,0.9236718004726783,7.31832272682199,88.67249284537712,2.161840826855543,NA,NA,NA,NA,NA,NA,NA,NA,NA,NA,NA,NA,NA,NA,NA,NA,NA,NA
2022-07-13,ACPI-24,0,92.47091071212338,0.9340496031527614,NA,1.9247916689600513,NA,0.9340496031527614,0.9340496031527614,2.8021488094582843,NA,NA,NA,NA,NA,NA,NA,NA,NA,NA,NA,NA,NA,NA,NA
2022-07-14,ACPI-22,3230,3.8686853644007746,3.3282422225488024,26.620159582087386,9.395704420452587,55.67779433632752,NA,NA,1.1094140741829341,NA,NA,NA,NA,NA,NA,NA,NA,NA,NA,NA,NA,NA,NA,NA
2022-07-14,ACPI-23,0,0.9236718004726783,0.9236718004726783,7.31832272682199,88.67249284537712,2.161840826855543,NA,NA,NA,NA,NA,NA,NA,NA,NA,NA,NA,NA,NA,NA,NA,NA,NA,NA
2022-07-14,ACPI-24,0,92.47091071212338,0.9340496031527614,NA,1.9247916689600513,NA,0.9340496031527614,0.9340496031527614,2.8021488094582843,NA,NA,NA,NA,NA,NA,NA,NA,NA,NA,NA,NA,NA,NA,NA
2022-07-15,ACPI-22,10072,4.628073522166834,3.981546250123044,34.50673416773304,7.856332277497058,47.70013169910566,NA,NA,1.327182083374348,NA,NA,NA,NA,NA,NA,NA,NA,NA,NA,NA,NA,NA,NA,NA
2022-07-15,ACPI-23,0,0.9236718004726783,0.9236718004726783,7.31832272682199,88.67249284537712,2.161840826855543,NA,NA,NA,NA,NA,NA,NA,NA,NA,NA,NA,NA,NA,NA,NA,NA,NA,NA
2022-07-15,ACPI-24,0,92.47091071212338,0.9340496031527614,NA,1.9247916689600513,NA,0.9340496031527614,0.9340496031527614,2.8021488094582843,NA,NA,NA,NA,NA,NA,NA,NA,NA,NA,NA,NA,NA,NA,NA
2022-07-16,ACPI-22,201,4.563922777800813,3.926357162384968,34.028428740669725,7.747433928934898,48.425071669414606,NA,NA,1.3087857207949893,NA,NA,NA,NA,NA,NA,NA,NA,NA,NA,NA,NA,NA,NA,NA
2022-07-16,ACPI-23,0,0.9236718004726783,0.9236718004726783,7.31832272682199,88.67249284537712,2.161840826855543,NA,NA,NA,NA,NA,NA,NA,NA,NA,NA,NA,NA,NA,NA,NA,NA,NA,NA
2022-07-16,ACPI-24,0,92.47091071212338,0.9340496031527614,NA,1.9247916689600513,NA,0.9340496031527614,0.9340496031527614,2.8021488094582843,NA,NA,NA,NA,NA,NA,NA,NA,NA,NA,NA,NA,NA,NA,NA
2022-07-17,ACPI-22,0,4.563922777800813,3.926357162384968,34.028428740669725,7.747433928934898,48.425071669414606,NA,NA,1.3087857207949893,NA,NA,NA,NA,NA,NA,NA,NA,NA,NA,NA,NA,NA,NA,NA
2022-07-17,ACPI-23,0,0.9236718004726783,0.9236718004726783,7.31832272682199,88.67249284537712,2.161840826855543,NA,NA,NA,NA,NA,NA,NA,NA,NA,NA,NA,NA,NA,NA,NA,NA,NA,NA
2022-07-17,ACPI-24,0,92.47091071212338,0.9340496031527614,NA,1.9247916689600513,NA,0.9340496031527614,0.9340496031527614,2.8021488094582843,NA,NA,NA,NA,NA,NA,NA,NA,NA,NA,NA,NA,NA,NA,NA
2022-07-18,ACPI-22,1818,4.5397860105658605,3.9055922253946362,31.433981202549642,7.706460840976345,51.112315645381976,NA,NA,1.3018640751315453,NA,NA,NA,NA,NA,NA,NA,NA,NA,NA,NA,NA,NA,NA,NA
2022-07-18,ACPI-23,0,0.9236718004726783,0.9236718004726783,7.31832272682199,88.67249284537712,2.161840826855543,NA,NA,NA,NA,NA,NA,NA,NA,NA,NA,NA,NA,NA,NA,NA,NA,NA,NA
2022-07-18,ACPI-24,0,92.47091071212338,0.9340496031527614,NA,1.9247916689600513,NA,0.9340496031527614,0.9340496031527614,2.8021488094582843,NA,NA,NA,NA,NA,NA,NA,NA,NA,NA,NA,NA,NA,NA,NA
2022-07-19,ACPI-22,581,4.416159253534025,3.799235736346355,31.672811754587038,7.496599680175953,51.348781663241184,NA,NA,1.2664119121154518,NA,NA,NA,NA,NA,NA,NA,NA,NA,NA,NA,NA,NA,NA,NA
2022-07-19,ACPI-23,0,0.9236718004726783,0.9236718004726783,7.31832272682199,88.67249284537712,2.161840826855543,NA,NA,NA,NA,NA,NA,NA,NA,NA,NA,NA,NA,NA,NA,NA,NA,NA,NA
2022-07-19,ACPI-24,0,92.47091071212338,0.9340496031527614,NA,1.9247916689600513,NA,0.9340496031527614,0.9340496031527614,2.8021488094582843,NA,NA,NA,NA,NA,NA,NA,NA,NA,NA,NA,NA,NA,NA,NA
2022-07-20,ACPI-22,1623,4.416159253534025,3.799235736346355,31.672811754587038,7.496599680175953,51.348781663241184,NA,NA,1.2664119121154518,NA,NA,NA,NA,NA,NA,NA,NA,NA,NA,NA,NA,NA,NA,NA
2022-07-20,ACPI-23,0,0.9236718004726783,0.9236718004726783,7.31832272682199,88.67249284537712,2.161840826855543,NA,NA,NA,NA,NA,NA,NA,NA,NA,NA,NA,NA,NA,NA,NA,NA,NA,NA
2022-07-20,ACPI-24,0,92.47091071212338,0.9340496031527614,NA,1.9247916689600513,NA,0.9340496031527614,0.9340496031527614,2.8021488094582843,NA,NA,NA,NA,NA,NA,NA,NA,NA,NA,NA,NA,NA,NA,NA
2022-07-21,ACPI-22,3202,4.790022246173917,4.120871248244664,34.3405937353722,8.131246446777718,47.24364257401661,NA,NA,1.3736237494148882,NA,NA,NA,NA,NA,NA,NA,NA,NA,NA,NA,NA,NA,NA,NA
2022-07-21,ACPI-23,0,0.9236718004726783,0.9236718004726783,7.31832272682199,88.67249284537712,2.161840826855543,NA,NA,NA,NA,NA,NA,NA,NA,NA,NA,NA,NA,NA,NA,NA,NA,NA,NA
2022-07-21,ACPI-24,0,92.47091071212338,0.9340496031527614,NA,1.9247916689600513,NA,0.9340496031527614,0.9340496031527614,2.8021488094582843,NA,NA,NA,NA,NA,NA,NA,NA,NA,NA,NA,NA,NA,NA,NA
2022-07-22,ACPI-22,50,4.883495218262437,4.2012863409877585,35.01071950823132,8.289920401323887,46.21414975086534,NA,NA,1.4004287803292528,NA,NA,NA,NA,NA,NA,NA,NA,NA,NA,NA,NA,NA,NA,NA
2022-07-22,ACPI-23,0,0.9236718004726783,0.9236718004726783,7.31832272682199,88.67249284537712,2.161840826855543,NA,NA,NA,NA,NA,NA,NA,NA,NA,NA,NA,NA,NA,NA,NA,NA,NA,NA
2022-07-22,ACPI-24,0,92.47091071212338,0.9340496031527614,NA,1.9247916689600513,NA,0.9340496031527614,0.9340496031527614,2.8021488094582843,NA,NA,NA,NA,NA,NA,NA,NA,NA,NA,NA,NA,NA,NA,NA
2022-07-23,ACPI-22,2,5.0976626216974505,4.385535233742174,36.54612694785145,8.653477781373127,43.855352337421735,NA,NA,1.461845077914058,NA,NA,NA,NA,NA,NA,NA,NA,NA,NA,NA,NA,NA,NA,NA
2022-07-23,ACPI-23,0,0.9236718004726783,0.9236718004726783,7.31832272682199,88.67249284537712,2.161840826855543,NA,NA,NA,NA,NA,NA,NA,NA,NA,NA,NA,NA,NA,NA,NA,NA,NA,NA
2022-07-23,ACPI-24,0,92.47091071212338,0.9340496031527614,NA,1.9247916689600513,NA,0.9340496031527614,0.9340496031527614,2.8021488094582843,NA,NA,NA,NA,NA,NA,NA,NA,NA,NA,NA,NA,NA,NA,NA
2022-07-24,ACPI-22,1119,4.79415057312368,4.124422860942126,40.21354461431466,8.248845721884251,41.24422860942125,NA,NA,1.3748076203140418,NA,NA,NA,NA,NA,NA,NA,NA,NA,NA,NA,NA,NA,NA,NA
2022-07-24,ACPI-23,0,0.9236718004726783,0.9236718004726783,7.31832272682199,88.67249284537712,2.161840826855543,NA,NA,NA,NA,NA,NA,NA,NA,NA,NA,NA,NA,NA,NA,NA,NA,NA,NA
2022-07-24,ACPI-24,0,92.47091071212338,0.9340496031527614,NA,1.9247916689600513,NA,0.9340496031527614,0.9340496031527614,2.8021488094582843,NA,NA,NA,NA,NA,NA,NA,NA,NA,NA,NA,NA,NA,NA,NA
2022-07-25,ACPI-22,0,4.79415057312368,4.124422860942126,40.21354461431466,8.248845721884251,41.24422860942125,NA,NA,1.3748076203140418,NA,NA,NA,NA,NA,NA,NA,NA,NA,NA,NA,NA,NA,NA,NA
2022-07-25,ACPI-23,0,0.9236718004726783,0.9236718004726783,7.31832272682199,88.67249284537712,2.161840826855543,NA,NA,NA,NA,NA,NA,NA,NA,NA,NA,NA,NA,NA,NA,NA,NA,NA,NA
2022-07-25,ACPI-24,0,92.47091071212338,0.9340496031527614,NA,1.9247916689600513,NA,0.9340496031527614,0.9340496031527614,2.8021488094582843,NA,NA,NA,NA,NA,NA,NA,NA,NA,NA,NA,NA,NA,NA,NA
2022-07-26,ACPI-22,20,4.54425169857087,3.9094340708721123,38.11738192863815,7.8188681417442245,44.30691946988394,NA,NA,1.303144690290704,NA,NA,NA,NA,NA,NA,NA,NA,NA,NA,NA,NA,NA,NA,NA
2022-07-26,ACPI-23,0,0.9236718004726783,0.9236718004726783,7.31832272682199,88.67249284537712,2.161840826855543,NA,NA,NA,NA,NA,NA,NA,NA,NA,NA,NA,NA,NA,NA,NA,NA,NA,NA
2022-07-26,ACPI-24,0,92.47091071212338,0.9340496031527614,NA,1.9247916689600513,NA,0.9340496031527614,0.9340496031527614,2.8021488094582843,NA,NA,NA,NA,NA,NA,NA,NA,NA,NA,NA,NA,NA,NA,NA
2022-07-27,ACPI-22,30,4.65340477357511,4.003338805615621,39.03296269409849,8.006677611231241,40.03338805615621,NA,NA,4.270228059323329,NA,NA,NA,NA,NA,NA,NA,NA,NA,NA,NA,NA,NA,NA,NA
2022-07-27,ACPI-23,0,0.9236718004726783,0.9236718004726783,7.31832272682199,88.67249284537712,2.161840826855543,NA,NA,NA,NA,NA,NA,NA,NA,NA,NA,NA,NA,NA,NA,NA,NA,NA,NA
2022-07-27,ACPI-24,0,92.47091071212338,0.9340496031527614,NA,1.9247916689600513,NA,0.9340496031527614,0.9340496031527614,2.8021488094582843,NA,NA,NA,NA,NA,NA,NA,NA,NA,NA,NA,NA,NA,NA,NA
2022-07-28,ACPI-22,7679,4.745903925081927,4.082916117440412,39.808849621129646,9.785506958386959,36.132935221373835,NA,NA,5.443888156587216,NA,NA,NA,NA,NA,NA,NA,NA,NA,NA,NA,NA,NA,NA,NA
2022-07-28,ACPI-23,0,0.9236718004726783,0.9236718004726783,7.31832272682199,88.67249284537712,2.161840826855543,NA,NA,NA,NA,NA,NA,NA,NA,NA,NA,NA,NA,NA,NA,NA,NA,NA,NA
2022-07-28,ACPI-24,0,92.47091071212338,0.9340496031527614,NA,1.9247916689600513,NA,0.9340496031527614,0.9340496031527614,2.8021488094582843,NA,NA,NA,NA,NA,NA,NA,NA,NA,NA,NA,NA,NA,NA,NA
2022-07-29,ACPI-22,2240,4.753129378225015,4.089132197571705,39.52827790985981,6.454285760217968,39.72299849069657,NA,NA,5.452176263428941,NA,NA,NA,NA,NA,NA,NA,NA,NA,NA,NA,NA,NA,NA,NA
2022-07-29,ACPI-23,0,0.9236718004726783,0.9236718004726783,7.31832272682199,88.67249284537712,2.161840826855543,NA,NA,NA,NA,NA,NA,NA,NA,NA,NA,NA,NA,NA,NA,NA,NA,NA,NA
2022-07-29,ACPI-24,0,92.47091071212338,0.9340496031527614,NA,1.9247916689600513,NA,0.9340496031527614,0.9340496031527614,2.8021488094582843,NA,NA,NA,NA,NA,NA,NA,NA,NA,NA,NA,NA,NA,NA,NA
2022-07-30,ACPI-22,30,4.45798827564972,3.8352213760198333,38.35221376019833,6.0535129505541745,42.18743513621816,NA,NA,5.113628501359778,NA,NA,NA,NA,NA,NA,NA,NA,NA,NA,NA,NA,NA,NA,NA
2022-07-30,ACPI-23,5,2.1739130434782608,36.95652173913044,10.869565217391305,15.217391304347828,8.695652173913043,NA,NA,NA,26.08695652173913,NA,NA,NA,NA,NA,NA,NA,NA,NA,NA,NA,NA,NA,NA
2022-07-30,ACPI-24,0,92.47091071212338,0.9340496031527614,NA,1.9247916689600513,NA,0.9340496031527614,0.9340496031527614,2.8021488094582843,NA,NA,NA,NA,NA,NA,NA,NA,NA,NA,NA,NA,NA,NA,NA
2022-07-31,ACPI-22,0,4.45798827564972,3.8352213760198333,38.35221376019833,6.0535129505541745,42.18743513621816,NA,NA,5.113628501359778,NA,NA,NA,NA,NA,NA,NA,NA,NA,NA,NA,NA,NA,NA,NA
2022-07-31,ACPI-23,0,2.1739130434782608,36.95652173913044,10.869565217391305,15.217391304347828,8.695652173913043,NA,NA,NA,26.08695652173913,NA,NA,NA,NA,NA,NA,NA,NA,NA,NA,NA,NA,NA,NA
2022-07-31,ACPI-24,0,92.47091071212338,0.9340496031527614,NA,1.9247916689600513,NA,0.9340496031527614,0.9340496031527614,2.8021488094582843,NA,NA,NA,NA,NA,NA,NA,NA,NA,NA,NA,NA,NA,NA,NA
2022-08-01,ACPI-22,0,4.45798827564972,3.8352213760198333,38.35221376019833,6.0535129505541745,42.18743513621816,NA,NA,5.113628501359778,NA,NA,NA,NA,NA,NA,NA,NA,NA,NA,NA,NA,NA,NA,NA
2022-08-01,ACPI-23,0,2.1739130434782608,36.95652173913044,10.869565217391305,15.217391304347828,8.695652173913043,NA,NA,NA,26.08695652173913,NA,NA,NA,NA,NA,NA,NA,NA,NA,NA,NA,NA,NA,NA
2022-08-01,ACPI-24,0,92.47091071212338,0.9340496031527614,NA,1.9247916689600513,NA,0.9340496031527614,0.9340496031527614,2.8021488094582843,NA,NA,NA,NA,NA,NA,NA,NA,NA,NA,NA,NA,NA,NA,NA
2022-08-02,ACPI-22,10,4.424053824060323,4.56723295232774,38.06027460273117,6.007433277512318,41.866302063004284,NA,NA,5.074703280364156,NA,NA,NA,NA,NA,NA,NA,NA,NA,NA,NA,NA,NA,NA,NA
2022-08-02,ACPI-23,600,2.1631755416952085,36.77398420881855,11.30980279049645,15.142228791866463,8.652702166780834,NA,NA,NA,25.958106500342502,NA,NA,NA,NA,NA,NA,NA,NA,NA,NA,NA,NA,NA,NA
2022-08-02,ACPI-24,0,92.47091071212338,0.9340496031527614,NA,1.9247916689600513,NA,0.9340496031527614,0.9340496031527614,2.8021488094582843,NA,NA,NA,NA,NA,NA,NA,NA,NA,NA,NA,NA,NA,NA,NA
2022-08-03,ACPI-22,0,4.424053824060323,4.56723295232774,38.06027460273117,6.007433277512318,41.866302063004284,NA,NA,5.074703280364156,NA,NA,NA,NA,NA,NA,NA,NA,NA,NA,NA,NA,NA,NA,NA
2022-08-03,ACPI-23,0,2.1631755416952085,36.77398420881855,11.30980279049645,15.142228791866463,8.652702166780834,NA,NA,NA,25.958106500342502,NA,NA,NA,NA,NA,NA,NA,NA,NA,NA,NA,NA,NA,NA
2022-08-03,ACPI-24,0,92.47091071212338,0.9340496031527614,NA,1.9247916689600513,NA,0.9340496031527614,0.9340496031527614,2.8021488094582843,NA,NA,NA,NA,NA,NA,NA,NA,NA,NA,NA,NA,NA,NA,NA
2022-08-04,ACPI-22,0,4.424053824060323,4.56723295232774,38.06027460273117,6.007433277512318,41.866302063004284,NA,NA,5.074703280364156,NA,NA,NA,NA,NA,NA,NA,NA,NA,NA,NA,NA,NA,NA,NA
2022-08-04,ACPI-23,0,2.1631755416952085,36.77398420881855,11.30980279049645,15.142228791866463,8.652702166780834,NA,NA,NA,25.958106500342502,NA,NA,NA,NA,NA,NA,NA,NA,NA,NA,NA,NA,NA,NA
2022-08-04,ACPI-24,0,92.47091071212338,0.9340496031527614,NA,1.9247916689600513,NA,0.9340496031527614,0.9340496031527614,2.8021488094582843,NA,NA,NA,NA,NA,NA,NA,NA,NA,NA,NA,NA,NA,NA,NA
2022-08-05,ACPI-22,1443,1.4564397726593374,4.369319317978012,34.783863513143004,5.82575909063735,47.738859214944945,NA,NA,5.82575909063735,NA,NA,NA,NA,NA,NA,NA,NA,NA,NA,NA,NA,NA,NA,NA
2022-08-05,ACPI-23,0,2.1631755416952085,36.77398420881855,11.30980279049645,15.142228791866463,8.652702166780834,NA,NA,NA,25.958106500342502,NA,NA,NA,NA,NA,NA,NA,NA,NA,NA,NA,NA,NA,NA
2022-08-05,ACPI-24,0,92.47091071212338,0.9340496031527614,NA,1.9247916689600513,NA,0.9340496031527614,0.9340496031527614,2.8021488094582843,NA,NA,NA,NA,NA,NA,NA,NA,NA,NA,NA,NA,NA,NA,NA
2022-08-06,ACPI-22,279,1.4035190960983934,4.21055728829518,37.15353380803861,5.614076384393574,46.00423703878067,NA,NA,5.614076384393574,NA,NA,NA,NA,NA,NA,NA,NA,NA,NA,NA,NA,NA,NA,NA
2022-08-06,ACPI-23,0,2.1631755416952085,36.77398420881855,11.30980279049645,15.142228791866463,8.652702166780834,NA,NA,NA,25.958106500342502,NA,NA,NA,NA,NA,NA,NA,NA,NA,NA,NA,NA,NA,NA
2022-08-06,ACPI-24,0,92.47091071212338,0.9340496031527614,NA,1.9247916689600513,NA,0.9340496031527614,0.9340496031527614,2.8021488094582843,NA,NA,NA,NA,NA,NA,NA,NA,NA,NA,NA,NA,NA,NA,NA
2022-08-07,ACPI-22,82,1.4035190960983934,4.21055728829518,37.15353380803861,5.614076384393574,46.00423703878067,NA,NA,5.614076384393574,NA,NA,NA,NA,NA,NA,NA,NA,NA,NA,NA,NA,NA,NA,NA
2022-08-07,ACPI-23,0,2.1631755416952085,36.77398420881855,11.30980279049645,15.142228791866463,8.652702166780834,NA,NA,NA,25.958106500342502,NA,NA,NA,NA,NA,NA,NA,NA,NA,NA,NA,NA,NA,NA
2022-08-07,ACPI-24,0,92.47091071212338,0.9340496031527614,NA,1.9247916689600513,NA,0.9340496031527614,0.9340496031527614,2.8021488094582843,NA,NA,NA,NA,NA,NA,NA,NA,NA,NA,NA,NA,NA,NA,NA
2022-08-08,ACPI-22,2018,1.3945484950798752,4.183645485239626,36.65335855693674,7.341573880655473,46.24322809684866,NA,NA,4.183645485239626,NA,NA,NA,NA,NA,NA,NA,NA,NA,NA,NA,NA,NA,NA,NA
2022-08-08,ACPI-23,0,2.1631755416952085,36.77398420881855,11.30980279049645,15.142228791866463,8.652702166780834,NA,NA,NA,25.958106500342502,NA,NA,NA,NA,NA,NA,NA,NA,NA,NA,NA,NA,NA,NA
2022-08-08,ACPI-24,0,92.47091071212338,0.9340496031527614,NA,1.9247916689600513,NA,0.9340496031527614,0.9340496031527614,2.8021488094582843,NA,NA,NA,NA,NA,NA,NA,NA,NA,NA,NA,NA,NA,NA,NA
2022-08-09,ACPI-22,1488,1.4016438055750449,4.204931416725135,33.66727552845269,5.815806109219354,49.30376791772759,NA,NA,5.6065752223001795,NA,NA,NA,NA,NA,NA,NA,NA,NA,NA,NA,NA,NA,NA,NA
2022-08-09,ACPI-23,0,2.1631755416952085,36.77398420881855,11.30980279049645,15.142228791866463,8.652702166780834,NA,NA,NA,25.958106500342502,NA,NA,NA,NA,NA,NA,NA,NA,NA,NA,NA,NA,NA,NA
2022-08-09,ACPI-24,0,92.47091071212338,0.9340496031527614,NA,1.9247916689600513,NA,0.9340496031527614,0.9340496031527614,2.8021488094582843,NA,NA,NA,NA,NA,NA,NA,NA,NA,NA,NA,NA,NA,NA,NA
2022-08-10,ACPI-22,12449,4.226051586490523,4.498412480595349,35.86600486933794,17.293446415789358,32.648147748849674,NA,NA,5.46793689893715,NA,NA,NA,NA,NA,NA,NA,NA,NA,NA,NA,NA,NA,NA,NA
2022-08-10,ACPI-23,0,2.1631755416952085,36.77398420881855,11.30980279049645,15.142228791866463,8.652702166780834,NA,NA,NA,25.958106500342502,NA,NA,NA,NA,NA,NA,NA,NA,NA,NA,NA,NA,NA,NA
2022-08-10,ACPI-24,0,92.47091071212338,0.9340496031527614,NA,1.9247916689600513,NA,0.9340496031527614,0.9340496031527614,2.8021488094582843,NA,NA,NA,NA,NA,NA,NA,NA,NA,NA,NA,NA,NA,NA,NA
2022-08-11,ACPI-22,1681,2.459429810060718,4.405330675780759,33.5343254601779,22.273532969236587,31.972587530789337,NA,NA,5.354793553954699,NA,NA,NA,NA,NA,NA,NA,NA,NA,NA,NA,NA,NA,NA,NA
2022-08-11,ACPI-23,0,2.1631755416952085,36.77398420881855,11.30980279049645,15.142228791866463,8.652702166780834,NA,NA,NA,25.958106500342502,NA,NA,NA,NA,NA,NA,NA,NA,NA,NA,NA,NA,NA,NA
2022-08-11,ACPI-24,0,92.47091071212338,0.9340496031527614,NA,1.9247916689600513,NA,0.9340496031527614,0.9340496031527614,2.8021488094582843,NA,NA,NA,NA,NA,NA,NA,NA,NA,NA,NA,NA,NA,NA,NA
2022-08-12,ACPI-22,3566,5.112759264138111,5.205502339162012,34.80546870391034,21.536323235479614,26.633908724812486,NA,NA,6.70603773249743,NA,NA,NA,NA,NA,NA,NA,NA,NA,NA,NA,NA,NA,NA,NA
2022-08-12,ACPI-23,0,2.1631755416952085,36.77398420881855,11.30980279049645,15.142228791866463,8.652702166780834,NA,NA,NA,25.958106500342502,NA,NA,NA,NA,NA,NA,NA,NA,NA,NA,NA,NA,NA,NA
2022-08-12,ACPI-24,0,92.47091071212338,0.9340496031527614,NA,1.9247916689600513,NA,0.9340496031527614,0.9340496031527614,2.8021488094582843,NA,NA,NA,NA,NA,NA,NA,NA,NA,NA,NA,NA,NA,NA,NA
2022-08-13,ACPI-22,67,5.16094961472911,5.254566840298615,31.205741856501596,20.403754290789507,31.205741856501596,NA,NA,6.769245541179577,NA,NA,NA,NA,NA,NA,NA,NA,NA,NA,NA,NA,NA,NA,NA
2022-08-13,ACPI-23,0,2.1631755416952085,36.77398420881855,11.30980279049645,15.142228791866463,8.652702166780834,NA,NA,NA,25.958106500342502,NA,NA,NA,NA,NA,NA,NA,NA,NA,NA,NA,NA,NA,NA
2022-08-13,ACPI-24,0,92.47091071212338,0.9340496031527614,NA,1.9247916689600513,NA,0.9340496031527614,0.9340496031527614,2.8021488094582843,NA,NA,NA,NA,NA,NA,NA,NA,NA,NA,NA,NA,NA,NA,NA
2022-08-14,ACPI-22,783,4.691429045545534,4.776529386371709,34.54698191766898,21.694560643829064,28.13708974684592,NA,NA,6.153409259738793,NA,NA,NA,NA,NA,NA,NA,NA,NA,NA,NA,NA,NA,NA,NA
2022-08-14,ACPI-23,0,2.1631755416952085,36.77398420881855,11.30980279049645,15.142228791866463,8.652702166780834,NA,NA,NA,25.958106500342502,NA,NA,NA,NA,NA,NA,NA,NA,NA,NA,NA,NA,NA,NA
2022-08-14,ACPI-24,0,92.47091071212338,0.9340496031527614,NA,1.9247916689600513,NA,0.9340496031527614,0.9340496031527614,2.8021488094582843,NA,NA,NA,NA,NA,NA,NA,NA,NA,NA,NA,NA,NA,NA,NA
2022-08-15,ACPI-22,0,4.691429045545534,4.776529386371709,34.54698191766898,21.694560643829064,28.13708974684592,NA,NA,6.153409259738793,NA,NA,NA,NA,NA,NA,NA,NA,NA,NA,NA,NA,NA,NA,NA
2022-08-15,ACPI-23,0,2.1631755416952085,36.77398420881855,11.30980279049645,15.142228791866463,8.652702166780834,NA,NA,NA,25.958106500342502,NA,NA,NA,NA,NA,NA,NA,NA,NA,NA,NA,NA,NA,NA
2022-08-15,ACPI-24,0,92.47091071212338,0.9340496031527614,NA,1.9247916689600513,NA,0.9340496031527614,0.9340496031527614,2.8021488094582843,NA,NA,NA,NA,NA,NA,NA,NA,NA,NA,NA,NA,NA,NA,NA
2022-08-16,ACPI-22,27,4.878596779087306,4.967092255545169,31.935689509959975,22.560079807919468,29.259637965150308,NA,NA,6.398903682337769,NA,NA,NA,NA,NA,NA,NA,NA,NA,NA,NA,NA,NA,NA,NA
2022-08-16,ACPI-23,75,29.581960194099175,26.468069647351893,8.140228870955186,10.898616913615488,6.227781093494563,NA,NA,NA,18.68334328048369,NA,NA,NA,NA,NA,NA,NA,NA,NA,NA,NA,NA,NA,NA
2022-08-16,ACPI-24,0,92.47091071212338,0.9340496031527614,NA,1.9247916689600513,NA,0.9340496031527614,0.9340496031527614,2.8021488094582843,NA,NA,NA,NA,NA,NA,NA,NA,NA,NA,NA,NA,NA,NA,NA
2022-08-17,ACPI-22,100,4.891887873987784,4.980624444725238,32.022694093287825,22.621541776445902,29.066915158229744,NA,NA,6.416336653323513,NA,NA,NA,NA,NA,NA,NA,NA,NA,NA,NA,NA,NA,NA,NA
2022-08-17,ACPI-23,112,30.532715536866917,24.1047754238423,8.401853389399257,11.248895197793075,6.427940113024614,NA,NA,NA,19.28382033907384,NA,NA,NA,NA,NA,NA,NA,NA,NA,NA,NA,NA,NA,NA
2022-08-17,ACPI-24,0,92.47091071212338,0.9340496031527614,NA,1.9247916689600513,NA,0.9340496031527614,0.9340496031527614,2.8021488094582843,NA,NA,NA,NA,NA,NA,NA,NA,NA,NA,NA,NA,NA,NA,NA
2022-08-18,ACPI-22,1672,4.5354082992591245,4.617678496315453,32.72185021140622,24.37318727760246,27.423399018776102,NA,NA,6.328476696640639,NA,NA,NA,NA,NA,NA,NA,NA,NA,NA,NA,NA,NA,NA,NA
2022-08-18,ACPI-23,0,30.532715536866917,24.1047754238423,8.401853389399257,11.248895197793075,6.427940113024614,NA,NA,NA,19.28382033907384,NA,NA,NA,NA,NA,NA,NA,NA,NA,NA,NA,NA,NA,NA
2022-08-18,ACPI-24,0,92.47091071212338,0.9340496031527614,NA,1.9247916689600513,NA,0.9340496031527614,0.9340496031527614,2.8021488094582843,NA,NA,NA,NA,NA,NA,NA,NA,NA,NA,NA,NA,NA,NA,NA
2022-08-19,ACPI-22,29,4.634314433136834,4.718378741458851,32.332426277698836,24.904706727416674,26.94368856474903,NA,NA,6.466485255539768,NA,NA,NA,NA,NA,NA,NA,NA,NA,NA,NA,NA,NA,NA,NA
2022-08-19,ACPI-23,0,30.532715536866917,24.1047754238423,8.401853389399257,11.248895197793075,6.427940113024614,NA,NA,NA,19.28382033907384,NA,NA,NA,NA,NA,NA,NA,NA,NA,NA,NA,NA,NA,NA
2022-08-19,ACPI-24,0,92.47091071212338,0.9340496031527614,NA,1.9247916689600513,NA,0.9340496031527614,0.9340496031527614,2.8021488094582843,NA,NA,NA,NA,NA,NA,NA,NA,NA,NA,NA,NA,NA,NA,NA
2022-08-20,ACPI-22,785,4.634314433136834,4.718378741458851,32.332426277698836,24.904706727416674,26.94368856474903,NA,NA,6.466485255539768,NA,NA,NA,NA,NA,NA,NA,NA,NA,NA,NA,NA,NA,NA,NA
2022-08-20,ACPI-23,0,30.532715536866917,24.1047754238423,8.401853389399257,11.248895197793075,6.427940113024614,NA,NA,NA,19.28382033907384,NA,NA,NA,NA,NA,NA,NA,NA,NA,NA,NA,NA,NA,NA
2022-08-20,ACPI-24,0,92.47091071212338,0.9340496031527614,NA,1.9247916689600513,NA,0.9340496031527614,0.9340496031527614,2.8021488094582843,NA,NA,NA,NA,NA,NA,NA,NA,NA,NA,NA,NA,NA,NA,NA
2022-08-21,ACPI-22,446,4.819277108433735,4.819277108433735,31.325301204819276,24.096385542168676,28.91566265060241,NA,NA,6.024096385542169,NA,NA,NA,NA,NA,NA,NA,NA,NA,NA,NA,NA,NA,NA,NA
2022-08-21,ACPI-23,0,30.532715536866917,24.1047754238423,8.401853389399257,11.248895197793075,6.427940113024614,NA,NA,NA,19.28382033907384,NA,NA,NA,NA,NA,NA,NA,NA,NA,NA,NA,NA,NA,NA
2022-08-21,ACPI-24,0,92.47091071212338,0.9340496031527614,NA,1.9247916689600513,NA,0.9340496031527614,0.9340496031527614,2.8021488094582843,NA,NA,NA,NA,NA,NA,NA,NA,NA,NA,NA,NA,NA,NA,NA
2022-08-22,ACPI-22,2104,4.628243722776273,4.628243722776273,32.32538975126553,24.298279544575436,28.334538605136135,NA,NA,5.785304653470342,NA,NA,NA,NA,NA,NA,NA,NA,NA,NA,NA,NA,NA,NA,NA
2022-08-22,ACPI-23,0,30.532715536866917,24.1047754238423,8.401853389399257,11.248895197793075,6.427940113024614,NA,NA,NA,19.28382033907384,NA,NA,NA,NA,NA,NA,NA,NA,NA,NA,NA,NA,NA,NA
2022-08-22,ACPI-24,0,92.47091071212338,0.9340496031527614,NA,1.9247916689600513,NA,0.9340496031527614,0.9340496031527614,2.8021488094582843,NA,NA,NA,NA,NA,NA,NA,NA,NA,NA,NA,NA,NA,NA,NA
2022-08-23,ACPI-22,1090,4.249591359480661,4.249591359480661,32.543933829757776,26.43495801559294,26.147538396466977,NA,NA,6.374387039220991,NA,NA,NA,NA,NA,NA,NA,NA,NA,NA,NA,NA,NA,NA,NA
2022-08-23,ACPI-23,0,30.532715536866917,24.1047754238423,8.401853389399257,11.248895197793075,6.427940113024614,NA,NA,NA,19.28382033907384,NA,NA,NA,NA,NA,NA,NA,NA,NA,NA,NA,NA,NA,NA
2022-08-23,ACPI-24,0,92.47091071212338,0.9340496031527614,NA,1.9247916689600513,NA,0.9340496031527614,0.9340496031527614,2.8021488094582843,NA,NA,NA,NA,NA,NA,NA,NA,NA,NA,NA,NA,NA,NA,NA
2022-08-24,ACPI-22,458,2.27094583897125,4.574963704723635,34.06418758456875,27.53521829752641,25.704112243300965,NA,NA,5.8505723309089825,NA,NA,NA,NA,NA,NA,NA,NA,NA,NA,NA,NA,NA,NA,NA
2022-08-24,ACPI-23,0,30.532715536866917,24.1047754238423,8.401853389399257,11.248895197793075,6.427940113024614,NA,NA,NA,19.28382033907384,NA,NA,NA,NA,NA,NA,NA,NA,NA,NA,NA,NA,NA,NA
2022-08-24,ACPI-24,0,92.47091071212338,0.9340496031527614,NA,1.9247916689600513,NA,0.9340496031527614,0.9340496031527614,2.8021488094582843,NA,NA,NA,NA,NA,NA,NA,NA,NA,NA,NA,NA,NA,NA,NA
2022-08-25,ACPI-22,365,2.147127480605182,4.325523808015294,33.28047594938032,27.876196592536335,26.839093507564773,NA,NA,5.531582661898095,NA,NA,NA,NA,NA,NA,NA,NA,NA,NA,NA,NA,NA,NA,NA
2022-08-25,ACPI-23,0,30.532715536866917,24.1047754238423,8.401853389399257,11.248895197793075,6.427940113024614,NA,NA,NA,19.28382033907384,NA,NA,NA,NA,NA,NA,NA,NA,NA,NA,NA,NA,NA,NA
2022-08-25,ACPI-24,0,92.47091071212338,0.9340496031527614,NA,1.9247916689600513,NA,0.9340496031527614,0.9340496031527614,2.8021488094582843,NA,NA,NA,NA,NA,NA,NA,NA,NA,NA,NA,NA,NA,NA,NA
2022-08-26,ACPI-22,632,2.197802197802198,4.395604395604396,34.065934065934066,30.769230769230774,23.076923076923077,NA,NA,5.4945054945054945,NA,NA,NA,NA,NA,NA,NA,NA,NA,NA,NA,NA,NA,NA,NA
2022-08-26,ACPI-23,377,32.16422870474431,20.049320280145658,8.85080574094587,11.849978996484747,6.771416569419855,NA,NA,NA,20.314249708259563,NA,NA,NA,NA,NA,NA,NA,NA,NA,NA,NA,NA,NA,NA
2022-08-26,ACPI-24,0,92.47091071212338,0.9340496031527614,NA,1.9247916689600513,NA,0.9340496031527614,0.9340496031527614,2.8021488094582843,NA,NA,NA,NA,NA,NA,NA,NA,NA,NA,NA,NA,NA,NA,NA
2022-08-27,ACPI-22,3099,2.1588699919790093,5.0097203529235825,33.46248487567465,30.224179887706136,21.588699919790095,NA,NA,7.556044971926534,NA,NA,NA,NA,NA,NA,NA,NA,NA,NA,NA,NA,NA,NA,NA
2022-08-27,ACPI-23,0,32.16422870474431,20.049320280145658,8.85080574094587,11.849978996484747,6.771416569419855,NA,NA,NA,20.314249708259563,NA,NA,NA,NA,NA,NA,NA,NA,NA,NA,NA,NA,NA,NA
2022-08-27,ACPI-24,0,92.47091071212338,0.9340496031527614,NA,1.9247916689600513,NA,0.9340496031527614,0.9340496031527614,2.8021488094582843,NA,NA,NA,NA,NA,NA,NA,NA,NA,NA,NA,NA,NA,NA,NA
2022-08-28,ACPI-22,337,2.1575199035798973,5.006587433685089,33.14450866369118,32.72238520429511,21.575199035798974,NA,NA,5.3937997589497435,NA,NA,NA,NA,NA,NA,NA,NA,NA,NA,NA,NA,NA,NA,NA
2022-08-28,ACPI-23,0,32.16422870474431,20.049320280145658,8.85080574094587,11.849978996484747,6.771416569419855,NA,NA,NA,20.314249708259563,NA,NA,NA,NA,NA,NA,NA,NA,NA,NA,NA,NA,NA,NA
2022-08-28,ACPI-24,0,92.47091071212338,0.9340496031527614,NA,1.9247916689600513,NA,0.9340496031527614,0.9340496031527614,2.8021488094582843,NA,NA,NA,NA,NA,NA,NA,NA,NA,NA,NA,NA,NA,NA,NA
2022-08-29,ACPI-22,10,2.1575199035798973,5.006587433685089,33.14450866369118,32.72238520429511,21.575199035798974,NA,NA,5.3937997589497435,NA,NA,NA,NA,NA,NA,NA,NA,NA,NA,NA,NA,NA,NA,NA
2022-08-29,ACPI-23,0,32.16422870474431,20.049320280145658,8.85080574094587,11.849978996484747,6.771416569419855,NA,NA,NA,20.314249708259563,NA,NA,NA,NA,NA,NA,NA,NA,NA,NA,NA,NA,NA,NA
2022-08-29,ACPI-24,0,92.47091071212338,0.9340496031527614,NA,1.9247916689600513,NA,0.9340496031527614,0.9340496031527614,2.8021488094582843,NA,NA,NA,NA,NA,NA,NA,NA,NA,NA,NA,NA,NA,NA,NA
2022-08-30,ACPI-22,121,1.1584527783231888,3.4753583349695663,35.912036128018855,32.43667779304929,21.225211074023168,NA,NA,5.792263891615944,NA,NA,NA,NA,NA,NA,NA,NA,NA,NA,NA,NA,NA,NA,NA
2022-08-30,ACPI-23,0,32.16422870474431,20.049320280145658,8.85080574094587,11.849978996484747,6.771416569419855,NA,NA,NA,20.314249708259563,NA,NA,NA,NA,NA,NA,NA,NA,NA,NA,NA,NA,NA,NA
2022-08-30,ACPI-24,0,92.47091071212338,0.9340496031527614,NA,1.9247916689600513,NA,0.9340496031527614,0.9340496031527614,2.8021488094582843,NA,NA,NA,NA,NA,NA,NA,NA,NA,NA,NA,NA,NA,NA,NA
2022-08-31,ACPI-22,256,1.1363636363636365,3.409090909090909,35.22727272727273,31.818181818181824,22.727272727272727,NA,NA,5.681818181818182,NA,NA,NA,NA,NA,NA,NA,NA,NA,NA,NA,NA,NA,NA,NA
2022-08-31,ACPI-23,214,29.787022094868732,20.75191974623013,9.160969442314041,12.265244392004773,7.0087110811455835,NA,NA,NA,21.02613324343675,NA,NA,NA,NA,NA,NA,NA,NA,NA,NA,NA,NA,NA,NA
2022-08-31,ACPI-24,0,92.47091071212338,0.9340496031527614,NA,1.9247916689600513,NA,0.9340496031527614,0.9340496031527614,2.8021488094582843,NA,NA,NA,NA,NA,NA,NA,NA,NA,NA,NA,NA,NA,NA,NA
2022-09-01,ACPI-22,150,1.1363636363636365,3.409090909090909,35.22727272727273,31.818181818181824,22.727272727272727,NA,NA,5.681818181818182,NA,NA,NA,NA,NA,NA,NA,NA,NA,NA,NA,NA,NA,NA,NA
2022-09-01,ACPI-23,0,29.787022094868732,20.75191974623013,9.160969442314041,12.265244392004773,7.0087110811455835,NA,NA,NA,21.02613324343675,NA,NA,NA,NA,NA,NA,NA,NA,NA,NA,NA,NA,NA,NA
2022-09-01,ACPI-24,0,92.47091071212338,0.9340496031527614,NA,1.9247916689600513,NA,0.9340496031527614,0.9340496031527614,2.8021488094582843,NA,NA,NA,NA,NA,NA,NA,NA,NA,NA,NA,NA,NA,NA,NA
2022-09-02,ACPI-22,57,1.1665984445354072,3.4997953336062215,36.16455178059762,32.664756446991404,20.6713057715923,NA,NA,5.832992222677036,NA,NA,NA,NA,NA,NA,NA,NA,NA,NA,NA,NA,NA,NA,NA
2022-09-02,ACPI-23,0,29.787022094868732,20.75191974623013,9.160969442314041,12.265244392004773,7.0087110811455835,NA,NA,NA,21.02613324343675,NA,NA,NA,NA,NA,NA,NA,NA,NA,NA,NA,NA,NA,NA
2022-09-02,ACPI-24,0,92.47091071212338,0.9340496031527614,NA,1.9247916689600513,NA,0.9340496031527614,0.9340496031527614,2.8021488094582843,NA,NA,NA,NA,NA,NA,NA,NA,NA,NA,NA,NA,NA,NA,NA
2022-09-03,ACPI-22,607,1.153145862836334,3.4594375885090023,35.747521747926356,32.28808415941736,20.432935464292935,NA,NA,6.918875177018005,NA,NA,NA,NA,NA,NA,NA,NA,NA,NA,NA,NA,NA,NA,NA
2022-09-03,ACPI-23,0,29.787022094868732,20.75191974623013,9.160969442314041,12.265244392004773,7.0087110811455835,NA,NA,NA,21.02613324343675,NA,NA,NA,NA,NA,NA,NA,NA,NA,NA,NA,NA,NA,NA
2022-09-03,ACPI-24,0,92.47091071212338,0.9340496031527614,NA,1.9247916689600513,NA,0.9340496031527614,0.9340496031527614,2.8021488094582843,NA,NA,NA,NA,NA,NA,NA,NA,NA,NA,NA,NA,NA,NA,NA
2022-09-04,ACPI-22,1214,1.1031977474518329,3.3095932423554983,36.40552566591048,30.889536928651324,19.547889910988616,NA,NA,8.744256504642252,NA,NA,NA,NA,NA,NA,NA,NA,NA,NA,NA,NA,NA,NA,NA
2022-09-04,ACPI-23,0,29.787022094868732,20.75191974623013,9.160969442314041,12.265244392004773,7.0087110811455835,NA,NA,NA,21.02613324343675,NA,NA,NA,NA,NA,NA,NA,NA,NA,NA,NA,NA,NA,NA
2022-09-04,ACPI-24,0,92.47091071212338,0.9340496031527614,NA,1.9247916689600513,NA,0.9340496031527614,0.9340496031527614,2.8021488094582843,NA,NA,NA,NA,NA,NA,NA,NA,NA,NA,NA,NA,NA,NA,NA
2022-09-05,ACPI-22,1950,1.079972969902447,4.319891879609788,33.47916206697585,30.881389247480776,19.90818097348473,NA,NA,10.331402862546398,NA,NA,NA,NA,NA,NA,NA,NA,NA,NA,NA,NA,NA,NA,NA
2022-09-05,ACPI-23,0,29.787022094868732,20.75191974623013,9.160969442314041,12.265244392004773,7.0087110811455835,NA,NA,NA,21.02613324343675,NA,NA,NA,NA,NA,NA,NA,NA,NA,NA,NA,NA,NA,NA
2022-09-05,ACPI-24,0,92.47091071212338,0.9340496031527614,NA,1.9247916689600513,NA,0.9340496031527614,0.9340496031527614,2.8021488094582843,NA,NA,NA,NA,NA,NA,NA,NA,NA,NA,NA,NA,NA,NA,NA
2022-09-06,ACPI-22,1733,1.1295284910717722,4.518113964287089,30.580322824457838,31.655064228765177,20.821685580700404,NA,NA,11.295284910717722,NA,NA,NA,NA,NA,NA,NA,NA,NA,NA,NA,NA,NA,NA,NA
2022-09-06,ACPI-23,0,29.787022094868732,20.75191974623013,9.160969442314041,12.265244392004773,7.0087110811455835,NA,NA,NA,21.02613324343675,NA,NA,NA,NA,NA,NA,NA,NA,NA,NA,NA,NA,NA,NA
2022-09-06,ACPI-24,0,92.47091071212338,0.9340496031527614,NA,1.9247916689600513,NA,0.9340496031527614,0.9340496031527614,2.8021488094582843,NA,NA,NA,NA,NA,NA,NA,NA,NA,NA,NA,NA,NA,NA,NA
2022-09-07,ACPI-22,1755,1.09241948892012,4.36967795568048,28.599385037268465,32.7725846676036,20.13761963537655,NA,NA,13.02831321515079,NA,NA,NA,NA,NA,NA,NA,NA,NA,NA,NA,NA,NA,NA,NA
2022-09-07,ACPI-23,0,29.787022094868732,20.75191974623013,9.160969442314041,12.265244392004773,7.0087110811455835,NA,NA,NA,21.02613324343675,NA,NA,NA,NA,NA,NA,NA,NA,NA,NA,NA,NA,NA,NA
2022-09-07,ACPI-24,0,92.47091071212338,0.9340496031527614,NA,1.9247916689600513,NA,0.9340496031527614,0.9340496031527614,2.8021488094582843,NA,NA,NA,NA,NA,NA,NA,NA,NA,NA,NA,NA,NA,NA,NA
2022-09-08,ACPI-22,1741,2.2502396391821593,4.84666999208465,26.286890330446134,35.5055668782385,17.692332257437716,NA,NA,13.418300902610856,NA,NA,NA,NA,NA,NA,NA,NA,NA,NA,NA,NA,NA,NA,NA
2022-09-08,ACPI-23,0,29.787022094868732,20.75191974623013,9.160969442314041,12.265244392004773,7.0087110811455835,NA,NA,NA,21.02613324343675,NA,NA,NA,NA,NA,NA,NA,NA,NA,NA,NA,NA,NA,NA
2022-09-08,ACPI-24,0,92.47091071212338,0.9340496031527614,NA,1.9247916689600513,NA,0.9340496031527614,0.9340496031527614,2.8021488094582843,NA,NA,NA,NA,NA,NA,NA,NA,NA,NA,NA,NA,NA,NA,NA
2022-09-09,ACPI-22,6226,3.731075835428798,5.983380254119082,26.888114690673977,32.63507986357078,18.61484863200506,NA,NA,12.147500724202308,NA,NA,NA,NA,NA,NA,NA,NA,NA,NA,NA,NA,NA,NA,NA
2022-09-09,ACPI-23,4,32.075471698113205,22.641509433962263,11.320754716981131,13.207547169811322,7.547169811320755,NA,NA,NA,13.207547169811322,NA,NA,NA,NA,NA,NA,NA,NA,NA,NA,NA,NA,NA,NA
2022-09-09,ACPI-24,0,92.47091071212338,0.9340496031527614,NA,1.9247916689600513,NA,0.9340496031527614,0.9340496031527614,2.8021488094582843,NA,NA,NA,NA,NA,NA,NA,NA,NA,NA,NA,NA,NA,NA,NA
2022-09-10,ACPI-22,1740,3.785942691482613,6.071368083259591,23.086050650120274,33.055027067217665,18.88858689555295,NA,NA,15.113024612366903,NA,NA,NA,NA,NA,NA,NA,NA,NA,NA,NA,NA,NA,NA,NA
2022-09-10,ACPI-23,0,32.075471698113205,22.641509433962263,11.320754716981131,13.207547169811322,7.547169811320755,NA,NA,NA,13.207547169811322,NA,NA,NA,NA,NA,NA,NA,NA,NA,NA,NA,NA,NA,NA
2022-09-10,ACPI-24,0,92.47091071212338,0.9340496031527614,NA,1.9247916689600513,NA,0.9340496031527614,0.9340496031527614,2.8021488094582843,NA,NA,NA,NA,NA,NA,NA,NA,NA,NA,NA,NA,NA,NA,NA
2022-09-11,ACPI-22,1095,3.659714924465477,5.071894241179468,22.31633466118966,31.445744295312704,18.258819268246086,NA,NA,19.247492609606606,NA,NA,NA,NA,NA,NA,NA,NA,NA,NA,NA,NA,NA,NA,NA
2022-09-11,ACPI-23,0,32.075471698113205,22.641509433962263,11.320754716981131,13.207547169811322,7.547169811320755,NA,NA,NA,13.207547169811322,NA,NA,NA,NA,NA,NA,NA,NA,NA,NA,NA,NA,NA,NA
2022-09-11,ACPI-24,0,92.47091071212338,0.9340496031527614,NA,1.9247916689600513,NA,0.9340496031527614,0.9340496031527614,2.8021488094582843,NA,NA,NA,NA,NA,NA,NA,NA,NA,NA,NA,NA,NA,NA,NA
2022-09-12,ACPI-22,611,2.229198216955465,6.687594650866395,21.186749440139756,32.32337414585424,16.423945686686586,NA,NA,21.14913785949756,NA,NA,NA,NA,NA,NA,NA,NA,NA,NA,NA,NA,NA,NA,NA
2022-09-12,ACPI-23,4,32.69230769230769,23.076923076923077,11.538461538461538,13.461538461538463,5.769230769230769,NA,NA,NA,13.461538461538463,NA,NA,NA,NA,NA,NA,NA,NA,NA,NA,NA,NA,NA,NA
2022-09-12,ACPI-24,0,92.47091071212338,0.9340496031527614,NA,1.9247916689600513,NA,0.9340496031527614,0.9340496031527614,2.8021488094582843,NA,NA,NA,NA,NA,NA,NA,NA,NA,NA,NA,NA,NA,NA,NA
2022-09-13,ACPI-22,11953,1.2016693160435923,1.8932127412937136,32.776868098966034,33.987137435700426,19.18036131098268,NA,NA,10.960751097013556,NA,NA,NA,NA,NA,NA,NA,NA,NA,NA,NA,NA,NA,NA,NA
2022-09-13,ACPI-23,0,32.69230769230769,23.076923076923077,11.538461538461538,13.461538461538463,5.769230769230769,NA,NA,NA,13.461538461538463,NA,NA,NA,NA,NA,NA,NA,NA,NA,NA,NA,NA,NA,NA
2022-09-13,ACPI-24,0,92.47091071212338,0.9340496031527614,NA,1.9247916689600513,NA,0.9340496031527614,0.9340496031527614,2.8021488094582843,NA,NA,NA,NA,NA,NA,NA,NA,NA,NA,NA,NA,NA,NA,NA
2022-09-14,ACPI-22,65,1.191775622556238,1.0638104075702486,34.041933042247955,36.16955385738845,19.022443809675117,NA,NA,8.510483260561989,NA,NA,NA,NA,NA,NA,NA,NA,NA,NA,NA,NA,NA,NA,NA
2022-09-14,ACPI-23,1555,24.397269801915105,13.471375165555793,6.735687582777897,7.858302179907547,3.3678437913889483,NA,18.607283692462026,NA,7.858302179907547,17.703935606085146,NA,NA,NA,NA,NA,NA,NA,NA,NA,NA,NA,NA,NA
2022-09-14,ACPI-24,0,92.47091071212338,0.9340496031527614,NA,1.9247916689600513,NA,0.9340496031527614,0.9340496031527614,2.8021488094582843,NA,NA,NA,NA,NA,NA,NA,NA,NA,NA,NA,NA,NA,NA,NA
2022-09-15,ACPI-22,951,1.2792243210900194,1.1418694262881952,34.256082788645855,33.769617917196875,20.4182501364735,NA,NA,9.134955410305562,NA,NA,NA,NA,NA,NA,NA,NA,NA,NA,NA,NA,NA,NA,NA
2022-09-15,ACPI-23,73,25.457903892477553,13.282384639553506,6.641192319776753,7.748057706406214,3.3205961598883764,NA,18.346241275537615,NA,7.748057706406214,17.455566299953762,NA,NA,NA,NA,NA,NA,NA,NA,NA,NA,NA,NA,NA
2022-09-15,ACPI-24,0,92.47091071212338,0.9340496031527614,NA,1.9247916689600513,NA,0.9340496031527614,0.9340496031527614,2.8021488094582843,NA,NA,NA,NA,NA,NA,NA,NA,NA,NA,NA,NA,NA,NA,NA
2022-09-16,ACPI-22,50,1.3108671259749356,1.1701146299357468,35.103438898072405,32.13134773803561,20.923314568495332,NA,NA,9.360917039485974,NA,NA,NA,NA,NA,NA,NA,NA,NA,NA,NA,NA,NA,NA,NA
2022-09-16,ACPI-23,600,27.85359465776917,12.855505226662695,6.427752613331347,7.49904471555324,3.2138763066656737,NA,17.756615774019394,NA,7.499044715553241,16.894565990445233,NA,NA,NA,NA,NA,NA,NA,NA,NA,NA,NA,NA,NA
2022-09-16,ACPI-24,0,92.47091071212338,0.9340496031527614,NA,1.9247916689600513,NA,0.9340496031527614,0.9340496031527614,2.8021488094582843,NA,NA,NA,NA,NA,NA,NA,NA,NA,NA,NA,NA,NA,NA,NA
2022-09-17,ACPI-22,504,1.2259717871057456,1.0943348075145294,38.71537682024903,30.641374610406828,19.568263514607636,NA,NA,8.754678460116235,NA,NA,NA,NA,NA,NA,NA,NA,NA,NA,NA,NA,NA,NA,NA
2022-09-17,ACPI-23,0,27.85359465776917,12.855505226662695,6.427752613331347,7.49904471555324,3.2138763066656737,NA,17.756615774019394,NA,7.499044715553241,16.894565990445233,NA,NA,NA,NA,NA,NA,NA,NA,NA,NA,NA,NA,NA
2022-09-17,ACPI-24,0,92.47091071212338,0.9340496031527614,NA,1.9247916689600513,NA,0.9340496031527614,0.9340496031527614,2.8021488094582843,NA,NA,NA,NA,NA,NA,NA,NA,NA,NA,NA,NA,NA,NA,NA
2022-09-18,ACPI-22,0,1.2259717871057456,1.0943348075145294,38.71537682024903,30.641374610406828,19.568263514607636,NA,NA,8.754678460116235,NA,NA,NA,NA,NA,NA,NA,NA,NA,NA,NA,NA,NA,NA,NA
2022-09-18,ACPI-23,0,27.85359465776917,12.855505226662695,6.427752613331347,7.49904471555324,3.2138763066656737,NA,17.756615774019394,NA,7.499044715553241,16.894565990445233,NA,NA,NA,NA,NA,NA,NA,NA,NA,NA,NA,NA,NA
2022-09-18,ACPI-24,0,92.47091071212338,0.9340496031527614,NA,1.9247916689600513,NA,0.9340496031527614,0.9340496031527614,2.8021488094582843,NA,NA,NA,NA,NA,NA,NA,NA,NA,NA,NA,NA,NA,NA,NA
2022-09-19,ACPI-22,645,1.1744650705258957,1.0483585514807896,39.24006058192595,32.24750904354909,19.918812478135003,NA,NA,6.370794274383259,NA,NA,NA,NA,NA,NA,NA,NA,NA,NA,NA,NA,NA,NA,NA
2022-09-19,ACPI-23,0,27.85359465776917,12.855505226662695,6.427752613331347,7.49904471555324,3.2138763066656737,NA,17.756615774019394,NA,7.499044715553241,16.894565990445233,NA,NA,NA,NA,NA,NA,NA,NA,NA,NA,NA,NA,NA
2022-09-19,ACPI-24,0,92.47091071212338,0.9340496031527614,NA,1.9247916689600513,NA,0.9340496031527614,0.9340496031527614,2.8021488094582843,NA,NA,NA,NA,NA,NA,NA,NA,NA,NA,NA,NA,NA,NA,NA
2022-09-20,ACPI-22,142,1.1706636640698251,1.0449653156444174,39.11305176457054,32.39392478497694,19.85434099724393,NA,NA,6.423053473494352,NA,NA,NA,NA,NA,NA,NA,NA,NA,NA,NA,NA,NA,NA,NA
2022-09-20,ACPI-23,493,28.962818003913892,13.367454463344874,6.683727231672437,7.797681770284511,3.3418636158362185,NA,14.481409001956946,NA,7.7976817702845125,17.56736414270661,NA,NA,NA,NA,NA,NA,NA,NA,NA,NA,NA,NA,NA
2022-09-20,ACPI-24,0,92.47091071212338,0.9340496031527614,NA,1.9247916689600513,NA,0.9340496031527614,0.9340496031527614,2.8021488094582843,NA,NA,NA,NA,NA,NA,NA,NA,NA,NA,NA,NA,NA,NA,NA
2022-09-21,ACPI-22,214,1.1939105191061232,1.065716072634938,37.90396831671596,33.03719825168308,20.24860538006382,NA,NA,6.550601459796085,NA,NA,NA,NA,NA,NA,NA,NA,NA,NA,NA,NA,NA,NA,NA
2022-09-21,ACPI-23,5,28.16258182371746,13.51803927538438,6.75901963769219,7.88552291064089,3.379509818846095,NA,14.64454254833308,NA,7.8855229106408915,17.765261074745016,NA,NA,NA,NA,NA,NA,NA,NA,NA,NA,NA,NA,NA
2022-09-21,ACPI-24,0,92.47091071212338,0.9340496031527614,NA,1.9247916689600513,NA,0.9340496031527614,0.9340496031527614,2.8021488094582843,NA,NA,NA,NA,NA,NA,NA,NA,NA,NA,NA,NA,NA,NA,NA
2022-09-22,ACPI-22,1020,1.1594008672071032,1.0349118456001032,38.02561809833522,33.1171790592033,19.418507210453548,NA,NA,7.244382919200723,NA,NA,NA,NA,NA,NA,NA,NA,NA,NA,NA,NA,NA,NA,NA
2022-09-22,ACPI-23,150,27.067126886816755,13.724177013033845,6.862088506516923,8.005769924269744,3.4310442532584613,NA,14.867858430786667,NA,8.005769924269746,18.036165061047857,NA,NA,NA,NA,NA,NA,NA,NA,NA,NA,NA,NA,NA
2022-09-22,ACPI-24,0,92.47091071212338,0.9340496031527614,NA,1.9247916689600513,NA,0.9340496031527614,0.9340496031527614,2.8021488094582843,NA,NA,NA,NA,NA,NA,NA,NA,NA,NA,NA,NA,NA,NA,NA
2022-09-23,ACPI-22,3475,1.1434487646528324,1.0206725774034082,34.72660420328341,32.43142865888171,23.581741210021615,NA,NA,7.096104585757029,NA,NA,NA,NA,NA,NA,NA,NA,NA,NA,NA,NA,NA,NA,NA
2022-09-23,ACPI-23,0,27.067126886816755,13.724177013033845,6.862088506516923,8.005769924269744,3.4310442532584613,NA,14.867858430786667,NA,8.005769924269746,18.036165061047857,NA,NA,NA,NA,NA,NA,NA,NA,NA,NA,NA,NA,NA
2022-09-23,ACPI-24,0,92.47091071212338,0.9340496031527614,NA,1.9247916689600513,NA,0.9340496031527614,0.9340496031527614,2.8021488094582843,NA,NA,NA,NA,NA,NA,NA,NA,NA,NA,NA,NA,NA,NA,NA
2022-09-24,ACPI-22,9988,1.2408322553075222,2.3761169990793576,32.74962716460311,32.61667033942268,21.292696662452766,NA,NA,9.724056579134555,NA,NA,NA,NA,NA,NA,NA,NA,NA,NA,NA,NA,NA,NA,NA
2022-09-24,ACPI-23,2361,24.519178615913887,17.82039731181614,6.682648991931053,7.796423823919564,3.3413244959655266,NA,14.479072815850614,NA,7.7964238239195645,17.564530120683646,NA,NA,NA,NA,NA,NA,NA,NA,NA,NA,NA,NA,NA
2022-09-24,ACPI-24,0,92.47091071212338,0.9340496031527614,NA,1.9247916689600513,NA,0.9340496031527614,0.9340496031527614,2.8021488094582843,NA,NA,NA,NA,NA,NA,NA,NA,NA,NA,NA,NA,NA,NA,NA
2022-09-25,ACPI-22,2513,1.260329961870112,2.413453900830795,36.304114468872314,33.10698232081454,21.355361452277833,NA,NA,5.559757895334402,NA,NA,NA,NA,NA,NA,NA,NA,NA,NA,NA,NA,NA,NA,NA
2022-09-25,ACPI-23,0,24.519178615913887,17.82039731181614,6.682648991931053,7.796423823919564,3.3413244959655266,NA,14.479072815850614,NA,7.7964238239195645,17.564530120683646,NA,NA,NA,NA,NA,NA,NA,NA,NA,NA,NA,NA,NA
2022-09-25,ACPI-24,0,92.47091071212338,0.9340496031527614,NA,1.9247916689600513,NA,0.9340496031527614,0.9340496031527614,2.8021488094582843,NA,NA,NA,NA,NA,NA,NA,NA,NA,NA,NA,NA,NA,NA,NA
2022-09-26,ACPI-22,6155,2.659809415533287,2.8750267261234894,34.9110388172138,32.85744829855417,20.535905186596352,NA,NA,6.160771555978906,NA,NA,NA,NA,NA,NA,NA,NA,NA,NA,NA,NA,NA,NA,NA
2022-09-26,ACPI-23,0,24.519178615913887,17.82039731181614,6.682648991931053,7.796423823919564,3.3413244959655266,NA,14.479072815850614,NA,7.7964238239195645,17.564530120683646,NA,NA,NA,NA,NA,NA,NA,NA,NA,NA,NA,NA,NA
2022-09-26,ACPI-24,0,92.47091071212338,0.9340496031527614,NA,1.9247916689600513,NA,0.9340496031527614,0.9340496031527614,2.8021488094582843,NA,NA,NA,NA,NA,NA,NA,NA,NA,NA,NA,NA,NA,NA,NA
2022-09-27,ACPI-22,3582,2.7120212716675725,2.455230376523278,33.44591407460328,32.27803200558907,22.490676117483098,NA,NA,6.618126154133692,NA,NA,NA,NA,NA,NA,NA,NA,NA,NA,NA,NA,NA,NA,NA
2022-09-27,ACPI-23,0,24.519178615913887,17.82039731181614,6.682648991931053,7.796423823919564,3.3413244959655266,NA,14.479072815850614,NA,7.7964238239195645,17.564530120683646,NA,NA,NA,NA,NA,NA,NA,NA,NA,NA,NA,NA,NA
2022-09-27,ACPI-24,0,92.47091071212338,0.9340496031527614,NA,1.9247916689600513,NA,0.9340496031527614,0.9340496031527614,2.8021488094582843,NA,NA,NA,NA,NA,NA,NA,NA,NA,NA,NA,NA,NA,NA,NA
2022-09-28,ACPI-22,223,2.0904689577840694,2.5771811960467725,33.599537430565775,33.881275633285306,20.904689577840692,NA,NA,6.946847204477386,NA,NA,NA,NA,NA,NA,NA,NA,NA,NA,NA,NA,NA,NA,NA
2022-09-28,ACPI-23,0,24.519178615913887,17.82039731181614,6.682648991931053,7.796423823919564,3.3413244959655266,NA,14.479072815850614,NA,7.7964238239195645,17.564530120683646,NA,NA,NA,NA,NA,NA,NA,NA,NA,NA,NA,NA,NA
2022-09-28,ACPI-24,0,92.47091071212338,0.9340496031527614,NA,1.9247916689600513,NA,0.9340496031527614,0.9340496031527614,2.8021488094582843,NA,NA,NA,NA,NA,NA,NA,NA,NA,NA,NA,NA,NA,NA,NA
2022-09-29,ACPI-22,100,2.082767007279531,2.5676860433255286,33.47574608063828,33.756446270482996,20.82767007279531,NA,NA,7.28968452547836,NA,NA,NA,NA,NA,NA,NA,NA,NA,NA,NA,NA,NA,NA,NA
2022-09-29,ACPI-23,1,24.519178615913887,17.82039731181614,6.682648991931053,7.796423823919564,3.3413244959655266,NA,14.479072815850614,NA,7.7964238239195645,17.564530120683646,NA,NA,NA,NA,NA,NA,NA,NA,NA,NA,NA,NA,NA
2022-09-29,ACPI-24,0,92.47091071212338,0.9340496031527614,NA,1.9247916689600513,NA,0.9340496031527614,0.9340496031527614,2.8021488094582843,NA,NA,NA,NA,NA,NA,NA,NA,NA,NA,NA,NA,NA,NA,NA
2022-09-30,ACPI-22,791,2.000161299349931,2.4658477087405637,32.14804706591526,33.69502496597192,24.690515711647507,NA,NA,5.000403248374827,NA,NA,NA,NA,NA,NA,NA,NA,NA,NA,NA,NA,NA,NA,NA
2022-09-30,ACPI-23,501,23.984902989955913,17.43208887466438,9.805549991998713,6.537033327999143,3.2685166639995713,NA,14.163572210664809,NA,7.626538882665669,17.1817970580518,NA,NA,NA,NA,NA,NA,NA,NA,NA,NA,NA,NA,NA
2022-09-30,ACPI-24,0,92.47091071212338,0.9340496031527614,NA,1.9247916689600513,NA,0.9340496031527614,0.9340496031527614,2.8021488094582843,NA,NA,NA,NA,NA,NA,NA,NA,NA,NA,NA,NA,NA,NA,NA
2022-10-01,ACPI-22,90,2.0442217407505323,2.5201664971848166,32.8562185240631,34.43727394033589,22.009454075414066,NA,NA,6.132665222251597,NA,NA,NA,NA,NA,NA,NA,NA,NA,NA,NA,NA,NA,NA,NA
2022-10-01,ACPI-23,0,23.984902989955913,17.43208887466438,9.805549991998713,6.537033327999143,3.2685166639995713,NA,14.163572210664809,NA,7.626538882665669,17.1817970580518,NA,NA,NA,NA,NA,NA,NA,NA,NA,NA,NA,NA,NA
2022-10-01,ACPI-24,0,92.47091071212338,0.9340496031527614,NA,1.9247916689600513,NA,0.9340496031527614,0.9340496031527614,2.8021488094582843,NA,NA,NA,NA,NA,NA,NA,NA,NA,NA,NA,NA,NA,NA,NA
2022-10-02,ACPI-22,2000,2.0442217407505323,2.5201664971848166,32.8562185240631,34.43727394033589,22.009454075414066,NA,NA,6.132665222251597,NA,NA,NA,NA,NA,NA,NA,NA,NA,NA,NA,NA,NA,NA,NA
2022-10-02,ACPI-23,500,23.984902989955913,17.43208887466438,9.805549991998713,6.537033327999143,3.2685166639995713,NA,14.163572210664809,NA,7.626538882665669,17.1817970580518,NA,NA,NA,NA,NA,NA,NA,NA,NA,NA,NA,NA,NA
2022-10-02,ACPI-24,0,92.47091071212338,0.9340496031527614,NA,1.9247916689600513,NA,0.9340496031527614,0.9340496031527614,2.8021488094582843,NA,NA,NA,NA,NA,NA,NA,NA,NA,NA,NA,NA,NA,NA,NA
2022-10-03,ACPI-22,118,2.1276826125560344,2.6230590986854927,35.106763107174565,31.915239188340514,22.908049461853302,NA,NA,5.319206531390085,NA,NA,NA,NA,NA,NA,NA,NA,NA,NA,NA,NA,NA,NA,NA
2022-10-03,ACPI-23,0,23.984902989955913,17.43208887466438,9.805549991998713,6.537033327999143,3.2685166639995713,NA,14.163572210664809,NA,7.626538882665669,17.1817970580518,NA,NA,NA,NA,NA,NA,NA,NA,NA,NA,NA,NA,NA
2022-10-03,ACPI-24,0,92.47091071212338,0.9340496031527614,NA,1.9247916689600513,NA,0.9340496031527614,0.9340496031527614,2.8021488094582843,NA,NA,NA,NA,NA,NA,NA,NA,NA,NA,NA,NA,NA,NA,NA
2022-10-04,ACPI-22,2595,1.9034931628362994,2.346672868687499,32.08984913635947,30.682413315718325,25.294380931859166,NA,NA,7.683190584539245,NA,NA,NA,NA,NA,NA,NA,NA,NA,NA,NA,NA,NA,NA,NA
2022-10-04,ACPI-23,0,23.984902989955913,17.43208887466438,9.805549991998713,6.537033327999143,3.2685166639995713,NA,14.163572210664809,NA,7.626538882665669,17.1817970580518,NA,NA,NA,NA,NA,NA,NA,NA,NA,NA,NA,NA,NA
2022-10-04,ACPI-24,0,92.47091071212338,0.9340496031527614,NA,1.9247916689600513,NA,0.9340496031527614,0.9340496031527614,2.8021488094582843,NA,NA,NA,NA,NA,NA,NA,NA,NA,NA,NA,NA,NA,NA,NA
2022-10-05,ACPI-22,6519,2.1539467697907186,1.0769733848953593,35.54012170154686,28.632563694267514,23.980607370336667,NA,NA,8.615787079162875,NA,NA,NA,NA,NA,NA,NA,NA,NA,NA,NA,NA,NA,NA,NA
2022-10-05,ACPI-23,0,23.984902989955913,17.43208887466438,9.805549991998713,6.537033327999143,3.2685166639995713,NA,14.163572210664809,NA,7.626538882665669,17.1817970580518,NA,NA,NA,NA,NA,NA,NA,NA,NA,NA,NA,NA,NA
2022-10-05,ACPI-24,0,92.47091071212338,0.9340496031527614,NA,1.9247916689600513,NA,0.9340496031527614,0.9340496031527614,2.8021488094582843,NA,NA,NA,NA,NA,NA,NA,NA,NA,NA,NA,NA,NA,NA,NA
2022-10-06,ACPI-22,37,2.2140221402214024,1.1070110701107012,36.53136531365314,28.78228782287823,22.509225092250922,NA,NA,8.85608856088561,NA,NA,NA,NA,NA,NA,NA,NA,NA,NA,NA,NA,NA,NA,NA
2022-10-06,ACPI-23,0,23.984902989955913,17.43208887466438,9.805549991998713,6.537033327999143,3.2685166639995713,NA,14.163572210664809,NA,7.626538882665669,17.1817970580518,NA,NA,NA,NA,NA,NA,NA,NA,NA,NA,NA,NA,NA
2022-10-06,ACPI-24,0,92.47091071212338,0.9340496031527614,NA,1.9247916689600513,NA,0.9340496031527614,0.9340496031527614,2.8021488094582843,NA,NA,NA,NA,NA,NA,NA,NA,NA,NA,NA,NA,NA,NA,NA
2022-10-07,ACPI-22,1624,2.3315968078371956,1.1657984039185978,38.47134732931372,29.499875468291112,23.315968078371952,NA,NA,5.215413912267411,NA,NA,NA,NA,NA,NA,NA,NA,NA,NA,NA,NA,NA,NA,NA
2022-10-07,ACPI-23,0,23.984902989955913,17.43208887466438,9.805549991998713,6.537033327999143,3.2685166639995713,NA,14.163572210664809,NA,7.626538882665669,17.1817970580518,NA,NA,NA,NA,NA,NA,NA,NA,NA,NA,NA,NA,NA
2022-10-07,ACPI-24,0,92.47091071212338,0.9340496031527614,NA,1.9247916689600513,NA,0.9340496031527614,0.9340496031527614,2.8021488094582843,NA,NA,NA,NA,NA,NA,NA,NA,NA,NA,NA,NA,NA,NA,NA
2022-10-08,ACPI-22,28,2.4041937816341283,1.2020968908170642,39.66919739696312,27.30477223427332,24.041937816341285,NA,NA,5.377801879971077,NA,NA,NA,NA,NA,NA,NA,NA,NA,NA,NA,NA,NA,NA,NA
2022-10-08,ACPI-23,0,23.984902989955913,17.43208887466438,9.805549991998713,6.537033327999143,3.2685166639995713,NA,14.163572210664809,NA,7.626538882665669,17.1817970580518,NA,NA,NA,NA,NA,NA,NA,NA,NA,NA,NA,NA,NA
2022-10-08,ACPI-24,0,92.47091071212338,0.9340496031527614,NA,1.9247916689600513,NA,0.9340496031527614,0.9340496031527614,2.8021488094582843,NA,NA,NA,NA,NA,NA,NA,NA,NA,NA,NA,NA,NA,NA,NA
2022-10-09,ACPI-22,147,2.242687727904709,1.1213438639523545,40.64871506827286,25.470524909774912,25.500190091360952,NA,NA,5.016538338734218,NA,NA,NA,NA,NA,NA,NA,NA,NA,NA,NA,NA,NA,NA,NA
2022-10-09,ACPI-23,100,23.972905315859226,17.4348402297158,9.807097629215138,6.538065086143425,3.2690325430717126,NA,14.165807686644087,NA,7.627742600500665,17.18450890884995,NA,NA,NA,NA,NA,NA,NA,NA,NA,NA,NA,NA,NA
2022-10-09,ACPI-24,0,92.47091071212338,0.9340496031527614,NA,1.9247916689600513,NA,0.9340496031527614,0.9340496031527614,2.8021488094582843,NA,NA,NA,NA,NA,NA,NA,NA,NA,NA,NA,NA,NA,NA,NA
2022-10-10,ACPI-22,495,2.2290658454318817,1.1145329227159408,40.40181844845285,24.519724299750695,26.74879014518258,NA,NA,4.986068338466051,NA,NA,NA,NA,NA,NA,NA,NA,NA,NA,NA,NA,NA,NA,NA
2022-10-10,ACPI-23,0,23.972905315859226,17.4348402297158,9.807097629215138,6.538065086143425,3.2690325430717126,NA,14.165807686644087,NA,7.627742600500665,17.18450890884995,NA,NA,NA,NA,NA,NA,NA,NA,NA,NA,NA,NA,NA
2022-10-10,ACPI-24,0,92.47091071212338,0.9340496031527614,NA,1.9247916689600513,NA,0.9340496031527614,0.9340496031527614,2.8021488094582843,NA,NA,NA,NA,NA,NA,NA,NA,NA,NA,NA,NA,NA,NA,NA
2022-10-11,ACPI-22,582,2.2695728336770293,1.1347864168385147,41.136007610396156,23.148083059633752,27.23487400412435,NA,NA,5.076676075330197,NA,NA,NA,NA,NA,NA,NA,NA,NA,NA,NA,NA,NA,NA,NA
2022-10-11,ACPI-23,374,24.792425345957756,17.246904588492352,9.701383831026948,6.467589220684632,3.233794610342316,NA,14.013109978150036,NA,7.545520757465407,16.999271667880553,NA,NA,NA,NA,NA,NA,NA,NA,NA,NA,NA,NA,NA
2022-10-11,ACPI-24,0,92.47091071212338,0.9340496031527614,NA,1.9247916689600513,NA,0.9340496031527614,0.9340496031527614,2.8021488094582843,NA,NA,NA,NA,NA,NA,NA,NA,NA,NA,NA,NA,NA,NA,NA
2022-10-12,ACPI-22,401,2.1972739590989363,1.0986369795494682,43.44910705266421,21.972739590989363,26.367287509187236,NA,NA,4.914954908510779,NA,NA,NA,NA,NA,NA,NA,NA,NA,NA,NA,NA,NA,NA,NA
2022-10-12,ACPI-23,0,24.792425345957756,17.246904588492352,9.701383831026948,6.467589220684632,3.233794610342316,NA,14.013109978150036,NA,7.545520757465407,16.999271667880553,NA,NA,NA,NA,NA,NA,NA,NA,NA,NA,NA,NA,NA
2022-10-12,ACPI-24,0,92.47091071212338,0.9340496031527614,NA,1.9247916689600513,NA,0.9340496031527614,0.9340496031527614,2.8021488094582843,NA,NA,NA,NA,NA,NA,NA,NA,NA,NA,NA,NA,NA,NA,NA
2022-10-13,ACPI-22,9073,2.1227685594476675,1.0613842797238338,50.9727452142062,14.375711130436734,29.42440740760552,NA,NA,2.0429834085800445,NA,NA,NA,NA,NA,NA,NA,NA,NA,NA,NA,NA,NA,NA,NA
2022-10-13,ACPI-23,84,24.01580358402709,18.794976717934244,9.397488358967122,6.2649922393114155,3.1324961196557077,NA,13.5741498518414,NA,8.353322985748553,16.466770142514463,NA,NA,NA,NA,NA,NA,NA,NA,NA,NA,NA,NA,NA
2022-10-13,ACPI-24,0,92.47091071212338,0.9340496031527614,NA,1.9247916689600513,NA,0.9340496031527614,0.9340496031527614,2.8021488094582843,NA,NA,NA,NA,NA,NA,NA,NA,NA,NA,NA,NA,NA,NA,NA
2022-10-14,ACPI-22,834,1.9886346179870382,0.9943173089935191,56.324782074437294,12.926125016915748,25.852250033831496,NA,NA,1.9138909478349058,NA,NA,NA,NA,NA,NA,NA,NA,NA,NA,NA,NA,NA,NA,NA
2022-10-14,ACPI-23,0,24.01580358402709,18.794976717934244,9.397488358967122,6.2649922393114155,3.1324961196557077,NA,13.5741498518414,NA,8.353322985748553,16.466770142514463,NA,NA,NA,NA,NA,NA,NA,NA,NA,NA,NA,NA,NA
2022-10-14,ACPI-24,0,92.47091071212338,0.9340496031527614,NA,1.9247916689600513,NA,0.9340496031527614,0.9340496031527614,2.8021488094582843,NA,NA,NA,NA,NA,NA,NA,NA,NA,NA,NA,NA,NA,NA,NA
2022-10-15,ACPI-22,1043,2.0257898882921572,1.0128949441460786,57.37714357107613,13.16763427389902,22.621320419262418,NA,NA,3.795216903324201,NA,NA,NA,NA,NA,NA,NA,NA,NA,NA,NA,NA,NA,NA,NA
2022-10-15,ACPI-23,0,24.01580358402709,18.794976717934244,9.397488358967122,6.2649922393114155,3.1324961196557077,NA,13.5741498518414,NA,8.353322985748553,16.466770142514463,NA,NA,NA,NA,NA,NA,NA,NA,NA,NA,NA,NA,NA
2022-10-15,ACPI-24,0,92.47091071212338,0.9340496031527614,NA,1.9247916689600513,NA,0.9340496031527614,0.9340496031527614,2.8021488094582843,NA,NA,NA,NA,NA,NA,NA,NA,NA,NA,NA,NA,NA,NA,NA
2022-10-16,ACPI-22,2057,1.9880735156712437,0.9940367578356218,58.64816871230169,12.922477851863084,21.868808672383683,NA,NA,3.5784344899446725,NA,NA,NA,NA,NA,NA,NA,NA,NA,NA,NA,NA,NA,NA,NA
2022-10-16,ACPI-23,0,24.01580358402709,18.794976717934244,9.397488358967122,6.2649922393114155,3.1324961196557077,NA,13.5741498518414,NA,8.353322985748553,16.466770142514463,NA,NA,NA,NA,NA,NA,NA,NA,NA,NA,NA,NA,NA
2022-10-16,ACPI-24,0,92.47091071212338,0.9340496031527614,NA,1.9247916689600513,NA,0.9340496031527614,0.9340496031527614,2.8021488094582843,NA,NA,NA,NA,NA,NA,NA,NA,NA,NA,NA,NA,NA,NA,NA
2022-10-17,ACPI-22,53,1.9135111781258554,0.9567555890629277,54.535068576586866,12.43782265781806,26.71261604663694,NA,NA,3.4442259517693485,NA,NA,NA,NA,NA,NA,NA,NA,NA,NA,NA,NA,NA,NA,NA
2022-10-17,ACPI-23,0,24.01580358402709,18.794976717934244,9.397488358967122,6.2649922393114155,3.1324961196557077,NA,13.5741498518414,NA,8.353322985748553,16.466770142514463,NA,NA,NA,NA,NA,NA,NA,NA,NA,NA,NA,NA,NA
2022-10-17,ACPI-24,0,92.47091071212338,0.9340496031527614,NA,1.9247916689600513,NA,0.9340496031527614,0.9340496031527614,2.8021488094582843,NA,NA,NA,NA,NA,NA,NA,NA,NA,NA,NA,NA,NA,NA,NA
2022-10-18,ACPI-22,474,1.990507748843179,0.9952538744215895,60.81575357643464,12.76768541757982,22.316115043368598,NA,NA,1.1146843393521804,NA,NA,NA,NA,NA,NA,NA,NA,NA,NA,NA,NA,NA,NA,NA
2022-10-18,ACPI-23,0,24.01580358402709,18.794976717934244,9.397488358967122,6.2649922393114155,3.1324961196557077,NA,13.5741498518414,NA,8.353322985748553,16.466770142514463,NA,NA,NA,NA,NA,NA,NA,NA,NA,NA,NA,NA,NA
2022-10-18,ACPI-24,0,92.47091071212338,0.9340496031527614,NA,1.9247916689600513,NA,0.9340496031527614,0.9340496031527614,2.8021488094582843,NA,NA,NA,NA,NA,NA,NA,NA,NA,NA,NA,NA,NA,NA,NA
2022-10-19,ACPI-22,270,2.0300739753634818,1.0150369876817409,61.060818790229725,12.710028367493102,22.0472004530284,NA,NA,1.13684142620355,NA,NA,NA,NA,NA,NA,NA,NA,NA,NA,NA,NA,NA,NA,NA
2022-10-19,ACPI-23,0,24.01580358402709,18.794976717934244,9.397488358967122,6.2649922393114155,3.1324961196557077,NA,13.5741498518414,NA,8.353322985748553,16.466770142514463,NA,NA,NA,NA,NA,NA,NA,NA,NA,NA,NA,NA,NA
2022-10-19,ACPI-24,0,92.47091071212338,0.9340496031527614,NA,1.9247916689600513,NA,0.9340496031527614,0.9340496031527614,2.8021488094582843,NA,NA,NA,NA,NA,NA,NA,NA,NA,NA,NA,NA,NA,NA,NA
2022-10-20,ACPI-22,521,1.9950817346113625,0.9975408673056813,63.09620380964956,6.246040201822502,26.547887615228532,NA,NA,1.1172457713823631,NA,NA,NA,NA,NA,NA,NA,NA,NA,NA,NA,NA,NA,NA,NA
2022-10-20,ACPI-23,0,24.01580358402709,18.794976717934244,9.397488358967122,6.2649922393114155,3.1324961196557077,NA,13.5741498518414,NA,8.353322985748553,16.466770142514463,NA,NA,NA,NA,NA,NA,NA,NA,NA,NA,NA,NA,NA
2022-10-20,ACPI-24,0,92.47091071212338,0.9340496031527614,NA,1.9247916689600513,NA,0.9340496031527614,0.9340496031527614,2.8021488094582843,NA,NA,NA,NA,NA,NA,NA,NA,NA,NA,NA,NA,NA,NA,NA
2022-10-21,ACPI-22,62,1.8451898610042994,0.9225949305021497,58.355742282461144,6.458164513515049,31.385002090354945,NA,NA,1.0333063221624077,NA,NA,NA,NA,NA,NA,NA,NA,NA,NA,NA,NA,NA,NA,NA
2022-10-21,ACPI-23,0,24.01580358402709,18.794976717934244,9.397488358967122,6.2649922393114155,3.1324961196557077,NA,13.5741498518414,NA,8.353322985748553,16.466770142514463,NA,NA,NA,NA,NA,NA,NA,NA,NA,NA,NA,NA,NA
2022-10-21,ACPI-24,0,92.47091071212338,0.9340496031527614,NA,1.9247916689600513,NA,0.9340496031527614,0.9340496031527614,2.8021488094582843,NA,NA,NA,NA,NA,NA,NA,NA,NA,NA,NA,NA,NA,NA,NA
2022-10-22,ACPI-22,1,1.9925925719493127,0.9962962859746564,63.01748186462075,6.974074001822596,25.903703435341065,NA,NA,1.1158518402916153,NA,NA,NA,NA,NA,NA,NA,NA,NA,NA,NA,NA,NA,NA,NA
2022-10-22,ACPI-23,100,24.01580358402709,18.794976717934244,9.397488358967122,6.2649922393114155,3.1324961196557077,NA,13.5741498518414,NA,8.353322985748553,16.466770142514463,NA,NA,NA,NA,NA,NA,NA,NA,NA,NA,NA,NA,NA
2022-10-22,ACPI-24,0,92.47091071212338,0.9340496031527614,NA,1.9247916689600513,NA,0.9340496031527614,0.9340496031527614,2.8021488094582843,NA,NA,NA,NA,NA,NA,NA,NA,NA,NA,NA,NA,NA,NA,NA
2022-10-23,ACPI-22,594,2.0883721729960225,1.0441860864980113,64.07505530783251,4.474059766847397,27.14883824894829,NA,NA,1.1694884168777728,NA,NA,NA,NA,NA,NA,NA,NA,NA,NA,NA,NA,NA,NA,NA
2022-10-23,ACPI-23,0,24.01580358402709,18.794976717934244,9.397488358967122,6.2649922393114155,3.1324961196557077,NA,13.5741498518414,NA,8.353322985748553,16.466770142514463,NA,NA,NA,NA,NA,NA,NA,NA,NA,NA,NA,NA,NA
2022-10-23,ACPI-24,0,92.47091071212338,0.9340496031527614,NA,1.9247916689600513,NA,0.9340496031527614,0.9340496031527614,2.8021488094582843,NA,NA,NA,NA,NA,NA,NA,NA,NA,NA,NA,NA,NA,NA,NA
2022-10-24,ACPI-22,122,1.905719406157712,0.952859703078856,61.34950549823097,4.082750494495682,30.641962030588473,NA,NA,1.067202867448319,NA,NA,NA,NA,NA,NA,NA,NA,NA,NA,NA,NA,NA,NA,NA
2022-10-24,ACPI-23,0,24.01580358402709,18.794976717934244,9.397488358967122,6.2649922393114155,3.1324961196557077,NA,13.5741498518414,NA,8.353322985748553,16.466770142514463,NA,NA,NA,NA,NA,NA,NA,NA,NA,NA,NA,NA,NA
2022-10-24,ACPI-24,0,92.47091071212338,0.9340496031527614,NA,1.9247916689600513,NA,0.9340496031527614,0.9340496031527614,2.8021488094582843,NA,NA,NA,NA,NA,NA,NA,NA,NA,NA,NA,NA,NA,NA,NA
2022-10-25,ACPI-22,515,1.8103144532073312,0.9051572266036656,58.27819989748217,8.884601515498115,29.107950813412614,NA,NA,1.0137760937961056,NA,NA,NA,NA,NA,NA,NA,NA,NA,NA,NA,NA,NA,NA,NA
2022-10-25,ACPI-23,0,24.01580358402709,18.794976717934244,9.397488358967122,6.2649922393114155,3.1324961196557077,NA,13.5741498518414,NA,8.353322985748553,16.466770142514463,NA,NA,NA,NA,NA,NA,NA,NA,NA,NA,NA,NA,NA
2022-10-25,ACPI-24,0,92.47091071212338,0.9340496031527614,NA,1.9247916689600513,NA,0.9340496031527614,0.9340496031527614,2.8021488094582843,NA,NA,NA,NA,NA,NA,NA,NA,NA,NA,NA,NA,NA,NA,NA
2022-10-26,ACPI-22,36,2.0655919329245966,1.0327959664622983,64.5028026326908,4.389382857464767,26.852695128019754,NA,NA,1.1567314824377741,NA,NA,NA,NA,NA,NA,NA,NA,NA,NA,NA,NA,NA,NA,NA
2022-10-26,ACPI-23,0,24.01580358402709,18.794976717934244,9.397488358967122,6.2649922393114155,3.1324961196557077,NA,13.5741498518414,NA,8.353322985748553,16.466770142514463,NA,NA,NA,NA,NA,NA,NA,NA,NA,NA,NA,NA,NA
2022-10-26,ACPI-24,0,92.47091071212338,0.9340496031527614,NA,1.9247916689600513,NA,0.9340496031527614,0.9340496031527614,2.8021488094582843,NA,NA,NA,NA,NA,NA,NA,NA,NA,NA,NA,NA,NA,NA,NA
2022-10-27,ACPI-22,186,2.183041830519172,1.091520915259586,59.35280065946185,4.366083661038344,31.78404950863032,NA,NA,1.2225034250907365,NA,NA,NA,NA,NA,NA,NA,NA,NA,NA,NA,NA,NA,NA,NA
2022-10-27,ACPI-23,0,24.01580358402709,18.794976717934244,9.397488358967122,6.2649922393114155,3.1324961196557077,NA,13.5741498518414,NA,8.353322985748553,16.466770142514463,NA,NA,NA,NA,NA,NA,NA,NA,NA,NA,NA,NA,NA
2022-10-27,ACPI-24,0,92.47091071212338,0.9340496031527614,NA,1.9247916689600513,NA,0.9340496031527614,0.9340496031527614,2.8021488094582843,NA,NA,NA,NA,NA,NA,NA,NA,NA,NA,NA,NA,NA,NA,NA
2022-10-28,ACPI-22,20,2.162250110253347,1.0811250551266736,58.7875128985712,7.567875385886717,29.190376488420185,NA,NA,1.2108600617418745,NA,NA,NA,NA,NA,NA,NA,NA,NA,NA,NA,NA,NA,NA,NA
2022-10-28,ACPI-23,0,24.01580358402709,18.794976717934244,9.397488358967122,6.2649922393114155,3.1324961196557077,NA,13.5741498518414,NA,8.353322985748553,16.466770142514463,NA,NA,NA,NA,NA,NA,NA,NA,NA,NA,NA,NA,NA
2022-10-28,ACPI-24,0,92.47091071212338,0.9340496031527614,NA,1.9247916689600513,NA,0.9340496031527614,0.9340496031527614,2.8021488094582843,NA,NA,NA,NA,NA,NA,NA,NA,NA,NA,NA,NA,NA,NA,NA
2022-10-29,ACPI-22,81,2.1079490472565023,1.0539745236282512,57.311169146201536,7.37782166539776,30.968634151052317,NA,NA,1.1804514664636414,NA,NA,NA,NA,NA,NA,NA,NA,NA,NA,NA,NA,NA,NA,NA
2022-10-29,ACPI-23,0,24.01580358402709,18.794976717934244,9.397488358967122,6.2649922393114155,3.1324961196557077,NA,13.5741498518414,NA,8.353322985748553,16.466770142514463,NA,NA,NA,NA,NA,NA,NA,NA,NA,NA,NA,NA,NA
2022-10-29,ACPI-24,0,92.47091071212338,0.9340496031527614,NA,1.9247916689600513,NA,0.9340496031527614,0.9340496031527614,2.8021488094582843,NA,NA,NA,NA,NA,NA,NA,NA,NA,NA,NA,NA,NA,NA,NA
2022-10-30,ACPI-22,316,2.172455511482177,1.0862277557410884,62.51428014937504,4.344911022964354,28.665550474007322,NA,NA,1.216575086430019,NA,NA,NA,NA,NA,NA,NA,NA,NA,NA,NA,NA,NA,NA,NA
2022-10-30,ACPI-23,0,24.01580358402709,18.794976717934244,9.397488358967122,6.2649922393114155,3.1324961196557077,NA,13.5741498518414,NA,8.353322985748553,16.466770142514463,NA,NA,NA,NA,NA,NA,NA,NA,NA,NA,NA,NA,NA
2022-10-30,ACPI-24,0,92.47091071212338,0.9340496031527614,NA,1.9247916689600513,NA,0.9340496031527614,0.9340496031527614,2.8021488094582843,NA,NA,NA,NA,NA,NA,NA,NA,NA,NA,NA,NA,NA,NA,NA
2022-10-31,ACPI-22,350,2.094021568422155,1.0470107842110774,63.867657836875715,4.18804313684431,27.630614595330332,NA,NA,1.1726520783164067,NA,NA,NA,NA,NA,NA,NA,NA,NA,NA,NA,NA,NA,NA,NA
2022-10-31,ACPI-23,0,24.01580358402709,18.794976717934244,9.397488358967122,6.2649922393114155,3.1324961196557077,NA,13.5741498518414,NA,8.353322985748553,16.466770142514463,NA,NA,NA,NA,NA,NA,NA,NA,NA,NA,NA,NA,NA
2022-10-31,ACPI-24,0,92.47091071212338,0.9340496031527614,NA,1.9247916689600513,NA,0.9340496031527614,0.9340496031527614,2.8021488094582843,NA,NA,NA,NA,NA,NA,NA,NA,NA,NA,NA,NA,NA,NA,NA
2022-11-01,ACPI-22,651,2.132444698088838,1.066222349044419,65.0276168228127,4.264889396177676,26.31465770294661,NA,NA,1.1941690309297495,NA,NA,NA,NA,NA,NA,NA,NA,NA,NA,NA,NA,NA,NA,NA
2022-11-01,ACPI-23,0,24.01580358402709,18.794976717934244,9.397488358967122,6.2649922393114155,3.1324961196557077,NA,13.5741498518414,NA,8.353322985748553,16.466770142514463,NA,NA,NA,NA,NA,NA,NA,NA,NA,NA,NA,NA,NA
2022-11-01,ACPI-24,0,92.47091071212338,0.9340496031527614,NA,1.9247916689600513,NA,0.9340496031527614,0.9340496031527614,2.8021488094582843,NA,NA,NA,NA,NA,NA,NA,NA,NA,NA,NA,NA,NA,NA,NA
2022-11-02,ACPI-22,125,2.053382353762858,1.026691176881429,66.32425002654031,4.106764707525716,25.33901761718248,NA,NA,1.1498941181072007,NA,NA,NA,NA,NA,NA,NA,NA,NA,NA,NA,NA,NA,NA,NA
2022-11-02,ACPI-23,0,24.01580358402709,18.794976717934244,9.397488358967122,6.2649922393114155,3.1324961196557077,NA,13.5741498518414,NA,8.353322985748553,16.466770142514463,NA,NA,NA,NA,NA,NA,NA,NA,NA,NA,NA,NA,NA
2022-11-02,ACPI-24,0,92.47091071212338,0.9340496031527614,NA,1.9247916689600513,NA,0.9340496031527614,0.9340496031527614,2.8021488094582843,NA,NA,NA,NA,NA,NA,NA,NA,NA,NA,NA,NA,NA,NA,NA
2022-11-03,ACPI-22,2713,2.1166451624525164,1.0583225812262582,61.77338836610756,3.174967743678774,30.691354855561478,NA,NA,1.1853212909734092,NA,NA,NA,NA,NA,NA,NA,NA,NA,NA,NA,NA,NA,NA,NA
2022-11-03,ACPI-23,1,22.395157803718114,19.195849546044098,9.597924773022049,6.398616515348032,3.199308257674016,NA,13.863669116587404,NA,8.531488687130711,16.817985300475573,NA,NA,NA,NA,NA,NA,NA,NA,NA,NA,NA,NA,NA
2022-11-03,ACPI-24,0,92.47091071212338,0.9340496031527614,NA,1.9247916689600513,NA,0.9340496031527614,0.9340496031527614,2.8021488094582843,NA,NA,NA,NA,NA,NA,NA,NA,NA,NA,NA,NA,NA,NA,NA
2022-11-04,ACPI-22,21,2.205911843741226,1.102955921870613,61.264188023904055,3.308867765611839,30.882765812377173,NA,NA,1.2353106324950867,NA,NA,NA,NA,NA,NA,NA,NA,NA,NA,NA,NA,NA,NA,NA
2022-11-04,ACPI-23,1,23.656568731922665,20.27705891307657,4.506013091794793,6.75901963769219,3.379509818846095,NA,14.64454254833308,NA,9.012026183589587,17.765261074745016,NA,NA,NA,NA,NA,NA,NA,NA,NA,NA,NA,NA,NA
2022-11-04,ACPI-24,0,92.47091071212338,0.9340496031527614,NA,1.9247916689600513,NA,0.9340496031527614,0.9340496031527614,2.8021488094582843,NA,NA,NA,NA,NA,NA,NA,NA,NA,NA,NA,NA,NA,NA,NA
2022-11-05,ACPI-22,1648,2.0408595090060606,1.0204297545030303,64.39799081135428,3.0612892635090905,28.33654933658415,NA,NA,1.142881325043394,NA,NA,NA,NA,NA,NA,NA,NA,NA,NA,NA,NA,NA,NA,NA
2022-11-05,ACPI-23,0,23.656568731922665,20.27705891307657,4.506013091794793,6.75901963769219,3.379509818846095,NA,14.64454254833308,NA,9.012026183589587,17.765261074745016,NA,NA,NA,NA,NA,NA,NA,NA,NA,NA,NA,NA,NA
2022-11-05,ACPI-24,0,92.47091071212338,0.9340496031527614,NA,1.9247916689600513,NA,0.9340496031527614,0.9340496031527614,2.8021488094582843,NA,NA,NA,NA,NA,NA,NA,NA,NA,NA,NA,NA,NA,NA,NA
2022-11-06,ACPI-22,4125,1.013174023047904,1.013174023047904,69.49488247548632,3.027838019454527,24.316176553149695,NA,NA,1.1347549058136526,NA,NA,NA,NA,NA,NA,NA,NA,NA,NA,NA,NA,NA,NA,NA
2022-11-06,ACPI-23,30,23.39304531085353,20.05118169501731,4.455818154448291,6.683727231672437,3.3418636158362185,NA,15.595363540569021,NA,8.911636308896583,17.56736414270661,NA,NA,NA,NA,NA,NA,NA,NA,NA,NA,NA,NA,NA
2022-11-06,ACPI-24,0,92.47091071212338,0.9340496031527614,NA,1.9247916689600513,NA,0.9340496031527614,0.9340496031527614,2.8021488094582843,NA,NA,NA,NA,NA,NA,NA,NA,NA,NA,NA,NA,NA,NA,NA
2022-11-07,ACPI-22,3575,0.9795247357608495,0.9795247357608495,71.50530571054202,2.9095081913846004,22.529068922499537,NA,NA,1.0970677040521515,NA,NA,NA,NA,NA,NA,NA,NA,NA,NA,NA,NA,NA,NA,NA
2022-11-07,ACPI-23,0,23.39304531085353,20.05118169501731,4.455818154448291,6.683727231672437,3.3418636158362185,NA,15.595363540569021,NA,8.911636308896583,17.56736414270661,NA,NA,NA,NA,NA,NA,NA,NA,NA,NA,NA,NA,NA
2022-11-07,ACPI-24,0,92.47091071212338,0.9340496031527614,NA,1.9247916689600513,NA,0.9340496031527614,0.9340496031527614,2.8021488094582843,NA,NA,NA,NA,NA,NA,NA,NA,NA,NA,NA,NA,NA,NA,NA
2022-11-08,ACPI-22,2720,0.995270921393172,0.995270921393172,72.60315532594464,3.3175697379772404,21.093462171898594,NA,NA,0.995270921393172,NA,NA,NA,NA,NA,NA,NA,NA,NA,NA,NA,NA,NA,NA,NA
2022-11-08,ACPI-23,0,23.39304531085353,20.05118169501731,4.455818154448291,6.683727231672437,3.3418636158362185,NA,15.595363540569021,NA,8.911636308896583,17.56736414270661,NA,NA,NA,NA,NA,NA,NA,NA,NA,NA,NA,NA,NA
2022-11-08,ACPI-24,0,92.47091071212338,0.9340496031527614,NA,1.9247916689600513,NA,0.9340496031527614,0.9340496031527614,2.8021488094582843,NA,NA,NA,NA,NA,NA,NA,NA,NA,NA,NA,NA,NA,NA,NA
2022-11-09,ACPI-22,1869,0.9965307497963523,0.9965307497963523,72.69505745557996,2.9895922493890565,21.325758045641937,NA,NA,0.9965307497963523,NA,NA,NA,NA,NA,NA,NA,NA,NA,NA,NA,NA,NA,NA,NA
2022-11-09,ACPI-23,1210,28.064472436678866,18.041446566436406,6.013815522145469,7.016118109169715,3.0069077610727346,NA,14.03223621833943,NA,8.018420696193958,15.80658268996343,NA,NA,NA,NA,NA,NA,NA,NA,NA,NA,NA,NA,NA
2022-11-09,ACPI-24,0,92.47091071212338,0.9340496031527614,NA,1.9247916689600513,NA,0.9340496031527614,0.9340496031527614,2.8021488094582843,NA,NA,NA,NA,NA,NA,NA,NA,NA,NA,NA,NA,NA,NA,NA
2022-11-10,ACPI-22,8032,0.8585473977282738,0.8585473977282738,73.37704732976694,6.26069811591639,17.78661236113185,NA,NA,0.8585473977282738,NA,NA,NA,NA,NA,NA,NA,NA,NA,NA,NA,NA,NA,NA,NA
2022-11-10,ACPI-23,38,27.91720147216294,17.946772374961885,5.982257458320627,6.979300368040733,2.9911287291603137,NA,14.483360162249943,NA,7.976343277760837,15.723636157342732,NA,NA,NA,NA,NA,NA,NA,NA,NA,NA,NA,NA,NA
2022-11-10,ACPI-24,0,92.47091071212338,0.9340496031527614,NA,1.9247916689600513,NA,0.9340496031527614,0.9340496031527614,2.8021488094582843,NA,NA,NA,NA,NA,NA,NA,NA,NA,NA,NA,NA,NA,NA,NA
2022-11-11,ACPI-22,1096,0.9841197030215694,0.9841197030215694,77.46342223356976,10.72714133017141,8.857077327194125,NA,NA,0.9841197030215694,NA,NA,NA,NA,NA,NA,NA,NA,NA,NA,NA,NA,NA,NA,NA
2022-11-11,ACPI-23,0,27.91720147216294,17.946772374961885,5.982257458320627,6.979300368040733,2.9911287291603137,NA,14.483360162249943,NA,7.976343277760837,15.723636157342732,NA,NA,NA,NA,NA,NA,NA,NA,NA,NA,NA,NA,NA
2022-11-11,ACPI-24,0,92.47091071212338,0.9340496031527614,NA,1.9247916689600513,NA,0.9340496031527614,0.9340496031527614,2.8021488094582843,NA,NA,NA,NA,NA,NA,NA,NA,NA,NA,NA,NA,NA,NA,NA
2022-11-12,ACPI-22,464,0.9514024452892222,0.9514024452892222,75.16079317784856,13.422377478680778,8.562622007603,NA,NA,0.9514024452892222,NA,NA,NA,NA,NA,NA,NA,NA,NA,NA,NA,NA,NA,NA,NA
2022-11-12,ACPI-23,50,29.007633587786266,18.647764449291163,6.215921483097055,7.251908396946565,3.1079607415485273,NA,15.04907306434024,NA,8.287895310796072,12.43184296619411,NA,NA,NA,NA,NA,NA,NA,NA,NA,NA,NA,NA,NA
2022-11-12,ACPI-24,0,92.47091071212338,0.9340496031527614,NA,1.9247916689600513,NA,0.9340496031527614,0.9340496031527614,2.8021488094582843,NA,NA,NA,NA,NA,NA,NA,NA,NA,NA,NA,NA,NA,NA,NA
2022-11-13,ACPI-22,0,0.9514024452892222,0.9514024452892222,75.16079317784856,13.422377478680778,8.562622007603,NA,NA,0.9514024452892222,NA,NA,NA,NA,NA,NA,NA,NA,NA,NA,NA,NA,NA,NA,NA
2022-11-13,ACPI-23,0,29.007633587786266,18.647764449291163,6.215921483097055,7.251908396946565,3.1079607415485273,NA,15.04907306434024,NA,8.287895310796072,12.43184296619411,NA,NA,NA,NA,NA,NA,NA,NA,NA,NA,NA,NA,NA
2022-11-13,ACPI-24,0,92.47091071212338,0.9340496031527614,NA,1.9247916689600513,NA,0.9340496031527614,0.9340496031527614,2.8021488094582843,NA,NA,NA,NA,NA,NA,NA,NA,NA,NA,NA,NA,NA,NA,NA
2022-11-14,ACPI-22,2446,0.983774811186259,0.983774811186259,72.00596924456843,17.57133545853931,7.4713708633334805,NA,NA,0.983774811186259,NA,NA,NA,NA,NA,NA,NA,NA,NA,NA,NA,NA,NA,NA,NA
2022-11-14,ACPI-23,500,29.311294765840227,18.842975206611566,6.280991735537189,7.327823691460055,3.1404958677685944,NA,15.206611570247933,NA,8.37465564738292,11.515151515151514,NA,NA,NA,NA,NA,NA,NA,NA,NA,NA,NA,NA,NA
2022-11-14,ACPI-24,0,92.47091071212338,0.9340496031527614,NA,1.9247916689600513,NA,0.9340496031527614,0.9340496031527614,2.8021488094582843,NA,NA,NA,NA,NA,NA,NA,NA,NA,NA,NA,NA,NA,NA,NA
2022-11-15,ACPI-22,110,0.9597523219814242,0.9597523219814242,70.24767801857585,23.993808049535605,2.8792569659442724,NA,NA,0.9597523219814242,NA,NA,NA,NA,NA,NA,NA,NA,NA,NA,NA,NA,NA,NA,NA
2022-11-15,ACPI-23,10,25.406976744186046,19.88372093023256,6.627906976744186,7.732558139534885,3.313953488372093,NA,16.046511627906977,NA,8.837209302325581,12.151162790697674,NA,NA,NA,NA,NA,NA,NA,NA,NA,NA,NA,NA,NA
2022-11-15,ACPI-24,0,92.47091071212338,0.9340496031527614,NA,1.9247916689600513,NA,0.9340496031527614,0.9340496031527614,2.8021488094582843,NA,NA,NA,NA,NA,NA,NA,NA,NA,NA,NA,NA,NA,NA,NA
2022-11-16,ACPI-22,7811,0.9765657703515254,0.9765657703515254,64.61574091587555,27.083035182368285,5.371526590701594,NA,NA,0.9765657703515254,NA,NA,NA,NA,NA,NA,NA,NA,NA,NA,NA,NA,NA,NA,NA
2022-11-16,ACPI-23,0,25.406976744186046,19.88372093023256,6.627906976744186,7.732558139534885,3.313953488372093,NA,16.046511627906977,NA,8.837209302325581,12.151162790697674,NA,NA,NA,NA,NA,NA,NA,NA,NA,NA,NA,NA,NA
2022-11-16,ACPI-24,0,92.47091071212338,0.9340496031527614,NA,1.9247916689600513,NA,0.9340496031527614,0.9340496031527614,2.8021488094582843,NA,NA,NA,NA,NA,NA,NA,NA,NA,NA,NA,NA,NA,NA,NA
2022-11-17,ACPI-22,1321,0.9575389449420267,0.9575389449420267,61.28249247628971,30.578019720698407,5.2668709681857955,NA,NA,0.9575389449420267,NA,NA,NA,NA,NA,NA,NA,NA,NA,NA,NA,NA,NA,NA,NA
2022-11-17,ACPI-23,0,25.406976744186046,19.88372093023256,6.627906976744186,7.732558139534885,3.313953488372093,NA,16.046511627906977,NA,8.837209302325581,12.151162790697674,NA,NA,NA,NA,NA,NA,NA,NA,NA,NA,NA,NA,NA
2022-11-17,ACPI-24,0,92.47091071212338,0.9340496031527614,NA,1.9247916689600513,NA,0.9340496031527614,0.9340496031527614,2.8021488094582843,NA,NA,NA,NA,NA,NA,NA,NA,NA,NA,NA,NA,NA,NA,NA
2022-11-18,ACPI-22,9550,0.9013871206654643,0.9013871206654643,57.68877572258972,33.80384517826574,5.408322723992786,NA,NA,1.2962821338208343,NA,NA,NA,NA,NA,NA,NA,NA,NA,NA,NA,NA,NA,NA,NA
2022-11-18,ACPI-23,502,27.579056505961642,23.63919129082426,5.909797822706065,6.8947641264904105,2.9548989113530326,NA,14.307931570762054,NA,7.879730430274754,10.834629341627787,NA,NA,NA,NA,NA,NA,NA,NA,NA,NA,NA,NA,NA
2022-11-18,ACPI-24,0,92.47091071212338,0.9340496031527614,NA,1.9247916689600513,NA,0.9340496031527614,0.9340496031527614,2.8021488094582843,NA,NA,NA,NA,NA,NA,NA,NA,NA,NA,NA,NA,NA,NA,NA
2022-11-19,ACPI-22,774,0.9115325056510551,0.9115325056510551,57.2125500813923,34.18431769164447,5.469195033906331,NA,NA,1.310872181754786,NA,NA,NA,NA,NA,NA,NA,NA,NA,NA,NA,NA,NA,NA,NA
2022-11-19,ACPI-23,150,28.1332628239027,24.114225277630883,6.028556319407721,7.033315705975675,3.0142781597038604,NA,14.595452141723957,NA,6.028556319407721,11.052353252247489,NA,NA,NA,NA,NA,NA,NA,NA,NA,NA,NA,NA,NA
2022-11-19,ACPI-24,0,92.47091071212338,0.9340496031527614,NA,1.9247916689600513,NA,0.9340496031527614,0.9340496031527614,2.8021488094582843,NA,NA,NA,NA,NA,NA,NA,NA,NA,NA,NA,NA,NA,NA,NA
2022-11-20,ACPI-22,1444,0.9307685334337497,0.9307685334337497,61.430723206627476,29.78459306987999,5.584611200602498,NA,NA,1.338535456022538,NA,NA,NA,NA,NA,NA,NA,NA,NA,NA,NA,NA,NA,NA,NA
2022-11-20,ACPI-23,0,28.1332628239027,24.114225277630883,6.028556319407721,7.033315705975675,3.0142781597038604,NA,14.595452141723957,NA,6.028556319407721,11.052353252247489,NA,NA,NA,NA,NA,NA,NA,NA,NA,NA,NA,NA,NA
2022-11-20,ACPI-24,0,92.47091071212338,0.9340496031527614,NA,1.9247916689600513,NA,0.9340496031527614,0.9340496031527614,2.8021488094582843,NA,NA,NA,NA,NA,NA,NA,NA,NA,NA,NA,NA,NA,NA,NA
2022-11-21,ACPI-22,8909,0.9144839076986587,0.9144839076986587,58.3931431793924,32.97586897476841,5.486903446191953,NA,NA,1.3151165842499162,NA,NA,NA,NA,NA,NA,NA,NA,NA,NA,NA,NA,NA,NA,NA
2022-11-21,ACPI-23,0,28.1332628239027,24.114225277630883,6.028556319407721,7.033315705975675,3.0142781597038604,NA,14.595452141723957,NA,6.028556319407721,11.052353252247489,NA,NA,NA,NA,NA,NA,NA,NA,NA,NA,NA,NA,NA
2022-11-21,ACPI-24,0,92.47091071212338,0.9340496031527614,NA,1.9247916689600513,NA,0.9340496031527614,0.9340496031527614,2.8021488094582843,NA,NA,NA,NA,NA,NA,NA,NA,NA,NA,NA,NA,NA,NA,NA
2022-11-22,ACPI-22,9709,0.9643578977941484,0.9643578977941484,52.955483327302986,41.258369285932126,2.893073693382445,NA,NA,0.9643578977941484,NA,NA,NA,NA,NA,NA,NA,NA,NA,NA,NA,NA,NA,NA,NA
2022-11-22,ACPI-23,0,28.1332628239027,24.114225277630883,6.028556319407721,7.033315705975675,3.0142781597038604,NA,14.595452141723957,NA,6.028556319407721,11.052353252247489,NA,NA,NA,NA,NA,NA,NA,NA,NA,NA,NA,NA,NA
2022-11-22,ACPI-24,0,92.47091071212338,0.9340496031527614,NA,1.9247916689600513,NA,0.9340496031527614,0.9340496031527614,2.8021488094582843,NA,NA,NA,NA,NA,NA,NA,NA,NA,NA,NA,NA,NA,NA,NA
2022-11-23,ACPI-22,11736,0.9743583275522348,0.9743583275522348,50.4051399746289,43.65550481976945,2.9230749826567046,NA,NA,1.0675635678404745,NA,NA,NA,NA,NA,NA,NA,NA,NA,NA,NA,NA,NA,NA,NA
2022-11-23,ACPI-23,0,28.1332628239027,24.114225277630883,6.028556319407721,7.033315705975675,3.0142781597038604,NA,14.595452141723957,NA,6.028556319407721,11.052353252247489,NA,NA,NA,NA,NA,NA,NA,NA,NA,NA,NA,NA,NA
2022-11-23,ACPI-24,0,92.47091071212338,0.9340496031527614,NA,1.9247916689600513,NA,0.9340496031527614,0.9340496031527614,2.8021488094582843,NA,NA,NA,NA,NA,NA,NA,NA,NA,NA,NA,NA,NA,NA,NA
2022-11-24,ACPI-22,13835,0.9791152762817753,0.9791152762817753,46.39935794016044,46.4869546982981,2.937345828845326,NA,NA,2.218110980132578,NA,NA,NA,NA,NA,NA,NA,NA,NA,NA,NA,NA,NA,NA,NA
2022-11-24,ACPI-23,0,28.1332628239027,24.114225277630883,6.028556319407721,7.033315705975675,3.0142781597038604,NA,14.595452141723957,NA,6.028556319407721,11.052353252247489,NA,NA,NA,NA,NA,NA,NA,NA,NA,NA,NA,NA,NA
2022-11-24,ACPI-24,0,92.47091071212338,0.9340496031527614,NA,1.9247916689600513,NA,0.9340496031527614,0.9340496031527614,2.8021488094582843,NA,NA,NA,NA,NA,NA,NA,NA,NA,NA,NA,NA,NA,NA,NA
2022-11-25,ACPI-22,10069,0.947991600263089,0.947991600263089,40.64055795792642,51.77550923996887,2.843974800789267,NA,NA,2.843974800789267,NA,NA,NA,NA,NA,NA,NA,NA,NA,NA,NA,NA,NA,NA,NA
2022-11-25,ACPI-23,0,28.1332628239027,24.114225277630883,6.028556319407721,7.033315705975675,3.0142781597038604,NA,14.595452141723957,NA,6.028556319407721,11.052353252247489,NA,NA,NA,NA,NA,NA,NA,NA,NA,NA,NA,NA,NA
2022-11-25,ACPI-24,0,92.47091071212338,0.9340496031527614,NA,1.9247916689600513,NA,0.9340496031527614,0.9340496031527614,2.8021488094582843,NA,NA,NA,NA,NA,NA,NA,NA,NA,NA,NA,NA,NA,NA,NA
2022-11-26,ACPI-22,1339,0.9374440326040079,0.9374440326040079,42.18498146718036,52.077036926661044,1.9882054757425662,NA,NA,1.8748880652080158,NA,NA,NA,NA,NA,NA,NA,NA,NA,NA,NA,NA,NA,NA,NA
2022-11-26,ACPI-23,0,28.1332628239027,24.114225277630883,6.028556319407721,7.033315705975675,3.0142781597038604,NA,14.595452141723957,NA,6.028556319407721,11.052353252247489,NA,NA,NA,NA,NA,NA,NA,NA,NA,NA,NA,NA,NA
2022-11-26,ACPI-24,0,92.47091071212338,0.9340496031527614,NA,1.9247916689600513,NA,0.9340496031527614,0.9340496031527614,2.8021488094582843,NA,NA,NA,NA,NA,NA,NA,NA,NA,NA,NA,NA,NA,NA,NA
2022-11-27,ACPI-22,17,0.9248907409289563,0.9248907409289563,41.62008334180303,52.7187722329505,1.9615814615306435,NA,NA,1.8497814818579126,NA,NA,NA,NA,NA,NA,NA,NA,NA,NA,NA,NA,NA,NA,NA
2022-11-27,ACPI-23,0,28.1332628239027,24.114225277630883,6.028556319407721,7.033315705975675,3.0142781597038604,NA,14.595452141723957,NA,6.028556319407721,11.052353252247489,NA,NA,NA,NA,NA,NA,NA,NA,NA,NA,NA,NA,NA
2022-11-27,ACPI-24,0,92.47091071212338,0.9340496031527614,NA,1.9247916689600513,NA,0.9340496031527614,0.9340496031527614,2.8021488094582843,NA,NA,NA,NA,NA,NA,NA,NA,NA,NA,NA,NA,NA,NA,NA
2022-11-28,ACPI-22,7285,0.947227772522471,0.947227772522471,35.71127419399122,57.31110132628846,2.008955605459746,NA,NA,3.074213329215634,NA,NA,NA,NA,NA,NA,NA,NA,NA,NA,NA,NA,NA,NA,NA
2022-11-28,ACPI-23,2926,27.57675716823141,25.76249682821619,4.242578025881755,4.242578025881755,3.1819335194113165,NA,16.962699822380106,NA,6.363867038822633,11.667089571174827,NA,NA,NA,NA,NA,NA,NA,NA,NA,NA,NA,NA,NA
2022-11-28,ACPI-24,0,92.47091071212338,0.9340496031527614,NA,1.9247916689600513,NA,0.9340496031527614,0.9340496031527614,2.8021488094582843,NA,NA,NA,NA,NA,NA,NA,NA,NA,NA,NA,NA,NA,NA,NA
2022-11-29,ACPI-22,4099,0.9444638504321773,0.9444638504321773,31.254794241986097,61.07532899461414,2.0030936608067056,NA,NA,3.777855401728709,NA,NA,NA,NA,NA,NA,NA,NA,NA,NA,NA,NA,NA,NA,NA
2022-11-29,ACPI-23,2079,27.946877243359655,25.85427135678392,4.2641780330222545,4.2641780330222545,3.198133524766691,NA,16.34960516870065,NA,6.396267049533382,11.7264895908112,NA,NA,NA,NA,NA,NA,NA,NA,NA,NA,NA,NA,NA
2022-11-29,ACPI-24,0,92.47091071212338,0.9340496031527614,NA,1.9247916689600513,NA,0.9340496031527614,0.9340496031527614,2.8021488094582843,NA,NA,NA,NA,NA,NA,NA,NA,NA,NA,NA,NA,NA,NA,NA
2022-11-30,ACPI-22,3793,0.9950305240382419,0.9950305240382419,30.22490213678805,61.81485367090602,1.9900610480764838,NA,NA,3.9801220961529675,NA,NA,NA,NA,NA,NA,NA,NA,NA,NA,NA,NA,NA,NA,NA
2022-11-30,ACPI-23,0,27.946877243359655,25.85427135678392,4.2641780330222545,4.2641780330222545,3.198133524766691,NA,16.34960516870065,NA,6.396267049533382,11.7264895908112,NA,NA,NA,NA,NA,NA,NA,NA,NA,NA,NA,NA,NA
2022-11-30,ACPI-24,0,92.47091071212338,0.9340496031527614,NA,1.9247916689600513,NA,0.9340496031527614,0.9340496031527614,2.8021488094582843,NA,NA,NA,NA,NA,NA,NA,NA,NA,NA,NA,NA,NA,NA,NA
2022-12-01,ACPI-22,3656,1.0041400826891254,1.0041400826891254,26.304900725562458,66.66611869561366,1.0041400826891254,NA,NA,4.016560330756501,NA,NA,NA,NA,NA,NA,NA,NA,NA,NA,NA,NA,NA,NA,NA
2022-12-01,ACPI-23,0,27.946877243359655,25.85427135678392,4.2641780330222545,4.2641780330222545,3.198133524766691,NA,16.34960516870065,NA,6.396267049533382,11.7264895908112,NA,NA,NA,NA,NA,NA,NA,NA,NA,NA,NA,NA,NA
2022-12-01,ACPI-24,0,92.47091071212338,0.9340496031527614,NA,1.9247916689600513,NA,0.9340496031527614,0.9340496031527614,2.8021488094582843,NA,NA,NA,NA,NA,NA,NA,NA,NA,NA,NA,NA,NA,NA,NA
2022-12-02,ACPI-22,133,0.9408033826638478,0.9408033826638478,23.520084566596196,69.89429175475686,0.9408033826638478,NA,NA,3.763213530655391,NA,NA,NA,NA,NA,NA,NA,NA,NA,NA,NA,NA,NA,NA,NA
2022-12-02,ACPI-23,5186,28.621551697843273,28.621551697843273,3.6311154907726944,3.62956704067002,1.0606883203323223,NA,15.893291853855409,NA,5.813974054695128,11.667571523655544,1.0606883203323223,NA,NA,NA,NA,NA,NA,NA,NA,NA,NA,NA,NA
2022-12-02,ACPI-24,0,92.47091071212338,0.9340496031527614,NA,1.9247916689600513,NA,0.9340496031527614,0.9340496031527614,2.8021488094582843,NA,NA,NA,NA,NA,NA,NA,NA,NA,NA,NA,NA,NA,NA,NA
2022-12-03,ACPI-22,640,0.9608458530561844,0.9608458530561844,23.98641695822186,69.28766207038485,0.9608458530561844,NA,NA,3.8433834122247377,NA,NA,NA,NA,NA,NA,NA,NA,NA,NA,NA,NA,NA,NA,NA
2022-12-03,ACPI-23,424,27.433611291010447,25.974279477681495,4.331622835422702,3.2938601544949924,1.9251657046323118,NA,18.289074194006965,NA,5.276226410324906,12.513577080110027,0.9625828523161559,NA,NA,NA,NA,NA,NA,NA,NA,NA,NA,NA,NA
2022-12-03,ACPI-24,0,92.47091071212338,0.9340496031527614,NA,1.9247916689600513,NA,0.9340496031527614,0.9340496031527614,2.8021488094582843,NA,NA,NA,NA,NA,NA,NA,NA,NA,NA,NA,NA,NA,NA,NA
2022-12-04,ACPI-22,28,0.9605122732123799,0.9605122732123799,24.012806830309497,69.26360725720384,0.9605122732123799,NA,NA,3.8420490928495195,NA,NA,NA,NA,NA,NA,NA,NA,NA,NA,NA,NA,NA,NA,NA
2022-12-04,ACPI-23,1,29.138854382678247,25.363907907201536,4.2298337007113584,3.216457484012141,1.8799260892050482,NA,17.85929784744796,NA,5.152239964308375,12.219519579832813,0.9399630446025241,NA,NA,NA,NA,NA,NA,NA,NA,NA,NA,NA,NA
2022-12-04,ACPI-24,0,92.47091071212338,0.9340496031527614,NA,1.9247916689600513,NA,0.9340496031527614,0.9340496031527614,2.8021488094582843,NA,NA,NA,NA,NA,NA,NA,NA,NA,NA,NA,NA,NA,NA,NA
2022-12-05,ACPI-22,252,0.9705042816365366,0.9705042816365366,24.262607040913416,68.94386298763084,0.9705042816365366,NA,NA,3.8820171265461463,NA,NA,NA,NA,NA,NA,NA,NA,NA,NA,NA,NA,NA,NA,NA
2022-12-05,ACPI-23,626,28.72447633798435,28.72447633798435,4.169682049062244,3.1707168606656615,1.8531920218054418,NA,12.972344152638097,NA,7.412768087221767,12.045748141735372,0.9265960109027209,NA,NA,NA,NA,NA,NA,NA,NA,NA,NA,NA,NA
2022-12-05,ACPI-24,0,92.47091071212338,0.9340496031527614,NA,1.9247916689600513,NA,0.9340496031527614,0.9340496031527614,2.8021488094582843,NA,NA,NA,NA,NA,NA,NA,NA,NA,NA,NA,NA,NA,NA,NA
2022-12-06,ACPI-22,100,0.9611760271390878,0.9611760271390878,24.99057670561628,68.28119110441011,0.9611760271390878,NA,NA,3.844704108556351,NA,NA,NA,NA,NA,NA,NA,NA,NA,NA,NA,NA,NA,NA,NA
2022-12-06,ACPI-23,1,28.057863369810832,28.99312548213786,4.208679505471625,3.200371374152632,1.8705242246540554,NA,13.093669572578392,NA,7.482096898616222,12.15840746025136,0.9352621123270277,NA,NA,NA,NA,NA,NA,NA,NA,NA,NA,NA,NA
2022-12-06,ACPI-24,0,92.47091071212338,0.9340496031527614,NA,1.9247916689600513,NA,0.9340496031527614,0.9340496031527614,2.8021488094582843,NA,NA,NA,NA,NA,NA,NA,NA,NA,NA,NA,NA,NA,NA,NA
2022-12-07,ACPI-22,501,0.9720556008765616,0.9720556008765616,20.98981077147016,72.20580002239392,0.9720556008765616,NA,NA,3.8882224035062465,NA,NA,NA,NA,NA,NA,NA,NA,NA,NA,NA,NA,NA,NA,NA
2022-12-07,ACPI-23,10,26.804406096534994,27.697886299752824,4.020660914480249,3.0573979508651106,1.7869604064356661,NA,16.976123861138827,NA,7.1478416257426645,11.61524264183183,0.8934802032178331,NA,NA,NA,NA,NA,NA,NA,NA,NA,NA,NA,NA
2022-12-07,ACPI-24,0,92.47091071212338,0.9340496031527614,NA,1.9247916689600513,NA,0.9340496031527614,0.9340496031527614,2.8021488094582843,NA,NA,NA,NA,NA,NA,NA,NA,NA,NA,NA,NA,NA,NA,NA
2022-12-08,ACPI-22,1301,0.9747232777135304,0.9747232777135304,21.04741450520403,73.10424582851478,0.9747232777135304,NA,NA,2.924169833140591,NA,NA,NA,NA,NA,NA,NA,NA,NA,NA,NA,NA,NA,NA,NA
2022-12-08,ACPI-23,4128,26.639876184528497,26.639876184528497,3.073831867445596,3.073831867445596,3.025583935736262,NA,17.076843708031088,NA,6.147663734891192,11.270716847300518,3.0517756700927574,NA,NA,NA,NA,NA,NA,NA,NA,NA,NA,NA,NA
2022-12-08,ACPI-24,0,92.47091071212338,0.9340496031527614,NA,1.9247916689600513,NA,0.9340496031527614,0.9340496031527614,2.8021488094582843,NA,NA,NA,NA,NA,NA,NA,NA,NA,NA,NA,NA,NA,NA,NA
2022-12-09,ACPI-22,3316,0.9900990099009901,0.9900990099009901,18.81188118811881,74.25742574257426,0.9900990099009901,NA,NA,3.9603960396039604,NA,NA,NA,NA,NA,NA,NA,NA,NA,NA,NA,NA,NA,NA,NA
2022-12-09,ACPI-23,4655,26.86766664237397,30.42494550706586,3.108084830094675,3.108084830094675,3.108084830094675,NA,14.504395873775152,NA,5.410369889424064,11.396311043680475,2.07205655339645,NA,NA,NA,NA,NA,NA,NA,NA,NA,NA,NA,NA
2022-12-09,ACPI-24,0,92.47091071212338,0.9340496031527614,NA,1.9247916689600513,NA,0.9340496031527614,0.9340496031527614,2.8021488094582843,NA,NA,NA,NA,NA,NA,NA,NA,NA,NA,NA,NA,NA,NA,NA
2022-12-10,ACPI-22,50,0.9900990099009901,0.9900990099009901,18.81188118811881,74.25742574257426,0.9900990099009901,NA,NA,3.9603960396039604,NA,NA,NA,NA,NA,NA,NA,NA,NA,NA,NA,NA,NA,NA,NA
2022-12-10,ACPI-23,0,26.86766664237397,30.42494550706586,3.108084830094675,3.108084830094675,3.108084830094675,NA,14.504395873775152,NA,5.410369889424064,11.396311043680475,2.07205655339645,NA,NA,NA,NA,NA,NA,NA,NA,NA,NA,NA,NA
2022-12-10,ACPI-24,0,92.47091071212338,0.9340496031527614,NA,1.9247916689600513,NA,0.9340496031527614,0.9340496031527614,2.8021488094582843,NA,NA,NA,NA,NA,NA,NA,NA,NA,NA,NA,NA,NA,NA,NA
2022-12-11,ACPI-22,2950,0.9828904259191846,0.9828904259191846,18.67491809246451,73.71678194393884,0.9828904259191846,NA,NA,4.659628685839097,NA,NA,NA,NA,NA,NA,NA,NA,NA,NA,NA,NA,NA,NA,NA
2022-12-11,ACPI-23,0,26.86766664237397,30.42494550706586,3.108084830094675,3.108084830094675,3.108084830094675,NA,14.504395873775152,NA,5.410369889424064,11.396311043680475,2.07205655339645,NA,NA,NA,NA,NA,NA,NA,NA,NA,NA,NA,NA
2022-12-11,ACPI-24,0,92.47091071212338,0.9340496031527614,NA,1.9247916689600513,NA,0.9340496031527614,0.9340496031527614,2.8021488094582843,NA,NA,NA,NA,NA,NA,NA,NA,NA,NA,NA,NA,NA,NA,NA
2022-12-12,ACPI-22,10468,0.9565220856235922,0.9565220856235922,16.68003453672132,74.68283858872299,0.9565220856235922,NA,NA,5.767560617684912,NA,NA,NA,NA,NA,NA,NA,NA,NA,NA,NA,NA,NA,NA,NA
2022-12-12,ACPI-23,0,26.86766664237397,30.42494550706586,3.108084830094675,3.108084830094675,3.108084830094675,NA,14.504395873775152,NA,5.410369889424064,11.396311043680475,2.07205655339645,NA,NA,NA,NA,NA,NA,NA,NA,NA,NA,NA,NA
2022-12-12,ACPI-24,0,92.47091071212338,0.9340496031527614,NA,1.9247916689600513,NA,0.9340496031527614,0.9340496031527614,2.8021488094582843,NA,NA,NA,NA,NA,NA,NA,NA,NA,NA,NA,NA,NA,NA,NA
2022-12-13,ACPI-22,24005,0.9246173888829087,0.9246173888829087,22.23304177182521,70.76363653429455,2.1640539631985507,NA,NA,2.9900329529158833,NA,NA,NA,NA,NA,NA,NA,NA,NA,NA,NA,NA,NA,NA,NA
2022-12-13,ACPI-23,505,27.80685684375818,33.26354357498037,2.224548547500654,3.3368228212509816,1.112274273750327,NA,15.571839832504585,NA,5.561371368751636,10.010468463752945,1.112274273750327,NA,NA,NA,NA,NA,NA,NA,NA,NA,NA,NA,NA
2022-12-13,ACPI-24,0,92.47091071212338,0.9340496031527614,NA,1.9247916689600513,NA,0.9340496031527614,0.9340496031527614,2.8021488094582843,NA,NA,NA,NA,NA,NA,NA,NA,NA,NA,NA,NA,NA,NA,NA
2022-12-14,ACPI-22,4108,0.9382507189968586,0.9382507189968586,8.667592474919289,84.22582301385044,2.195962580124231,NA,NA,3.034120493112311,NA,NA,NA,NA,NA,NA,NA,NA,NA,NA,NA,NA,NA,NA,NA
2022-12-14,ACPI-23,9,30.526315789473678,32.63157894736842,2.1052631578947367,3.1578947368421053,1.0526315789473684,NA,14.736842105263163,NA,5.2631578947368425,9.473684210526315,1.0526315789473684,NA,NA,NA,NA,NA,NA,NA,NA,NA,NA,NA,NA
2022-12-14,ACPI-24,0,92.47091071212338,0.9340496031527614,NA,1.9247916689600513,NA,0.9340496031527614,0.9340496031527614,2.8021488094582843,NA,NA,NA,NA,NA,NA,NA,NA,NA,NA,NA,NA,NA,NA,NA
2022-12-15,ACPI-22,5162,0.9323535376484504,0.9323535376484504,4.661767688242252,87.56195077554887,2.1821603103181855,NA,NA,3.7294141505938017,NA,NA,NA,NA,NA,NA,NA,NA,NA,NA,NA,NA,NA,NA,NA
2022-12-15,ACPI-23,0,30.526315789473678,32.63157894736842,2.1052631578947367,3.1578947368421053,1.0526315789473684,NA,14.736842105263163,NA,5.2631578947368425,9.473684210526315,1.0526315789473684,NA,NA,NA,NA,NA,NA,NA,NA,NA,NA,NA,NA
2022-12-15,ACPI-24,0,92.47091071212338,0.9340496031527614,NA,1.9247916689600513,NA,0.9340496031527614,0.9340496031527614,2.8021488094582843,NA,NA,NA,NA,NA,NA,NA,NA,NA,NA,NA,NA,NA,NA,NA
2022-12-16,ACPI-22,1690,0.9525415461162604,0.9525415461162604,4.502516851877061,89.45790690413628,2.229410059521618,NA,NA,1.9050830922325208,NA,NA,NA,NA,NA,NA,NA,NA,NA,NA,NA,NA,NA,NA,NA
2022-12-16,ACPI-23,0,30.526315789473678,32.63157894736842,2.1052631578947367,3.1578947368421053,1.0526315789473684,NA,14.736842105263163,NA,5.2631578947368425,9.473684210526315,1.0526315789473684,NA,NA,NA,NA,NA,NA,NA,NA,NA,NA,NA,NA
2022-12-16,ACPI-24,0,92.47091071212338,0.9340496031527614,NA,1.9247916689600513,NA,0.9340496031527614,0.9340496031527614,2.8021488094582843,NA,NA,NA,NA,NA,NA,NA,NA,NA,NA,NA,NA,NA,NA,NA
2022-12-17,ACPI-22,0,0.9525415461162604,0.9525415461162604,4.502516851877061,89.45790690413628,2.229410059521618,NA,NA,1.9050830922325208,NA,NA,NA,NA,NA,NA,NA,NA,NA,NA,NA,NA,NA,NA,NA
2022-12-17,ACPI-23,0,30.526315789473678,32.63157894736842,2.1052631578947367,3.1578947368421053,1.0526315789473684,NA,14.736842105263163,NA,5.2631578947368425,9.473684210526315,1.0526315789473684,NA,NA,NA,NA,NA,NA,NA,NA,NA,NA,NA,NA
2022-12-17,ACPI-24,0,92.47091071212338,0.9340496031527614,NA,1.9247916689600513,NA,0.9340496031527614,0.9340496031527614,2.8021488094582843,NA,NA,NA,NA,NA,NA,NA,NA,NA,NA,NA,NA,NA,NA,NA
2022-12-18,ACPI-22,33,0.9463081842204775,0.9463081842204775,5.677849105322865,88.32209719391122,2.2148209638839975,NA,NA,1.892616368440955,NA,NA,NA,NA,NA,NA,NA,NA,NA,NA,NA,NA,NA,NA,NA
2022-12-18,ACPI-23,0,30.526315789473678,32.63157894736842,2.1052631578947367,3.1578947368421053,1.0526315789473684,NA,14.736842105263163,NA,5.2631578947368425,9.473684210526315,1.0526315789473684,NA,NA,NA,NA,NA,NA,NA,NA,NA,NA,NA,NA
2022-12-18,ACPI-24,0,92.47091071212338,0.9340496031527614,NA,1.9247916689600513,NA,0.9340496031527614,0.9340496031527614,2.8021488094582843,NA,NA,NA,NA,NA,NA,NA,NA,NA,NA,NA,NA,NA,NA,NA
2022-12-19,ACPI-22,484,0.9316149368983286,0.9316149368983286,5.589689621389971,85.70857419464623,2.180431625675499,NA,NA,4.658074684491643,NA,NA,NA,NA,NA,NA,NA,NA,NA,NA,NA,NA,NA,NA,NA
2022-12-19,ACPI-23,0,30.526315789473678,32.63157894736842,2.1052631578947367,3.1578947368421053,1.0526315789473684,NA,14.736842105263163,NA,5.2631578947368425,9.473684210526315,1.0526315789473684,NA,NA,NA,NA,NA,NA,NA,NA,NA,NA,NA,NA
2022-12-19,ACPI-24,0,92.47091071212338,0.9340496031527614,NA,1.9247916689600513,NA,0.9340496031527614,0.9340496031527614,2.8021488094582843,NA,NA,NA,NA,NA,NA,NA,NA,NA,NA,NA,NA,NA,NA,NA
2022-12-20,ACPI-22,310,0.9493026270380378,0.9493026270380378,4.746513135190189,88.28514431453752,2.2218294150821105,NA,NA,2.8479078811141134,NA,NA,NA,NA,NA,NA,NA,NA,NA,NA,NA,NA,NA,NA,NA
2022-12-20,ACPI-23,10,29.591836734693874,31.632653061224488,2.0408163265306123,3.061224489795918,1.0204081632653061,NA,14.28571428571429,NA,8.16326530612245,9.183673469387756,1.0204081632653061,NA,NA,NA,NA,NA,NA,NA,NA,NA,NA,NA,NA
2022-12-20,ACPI-24,0,92.47091071212338,0.9340496031527614,NA,1.9247916689600513,NA,0.9340496031527614,0.9340496031527614,2.8021488094582843,NA,NA,NA,NA,NA,NA,NA,NA,NA,NA,NA,NA,NA,NA,NA
2022-12-21,ACPI-22,212,0.9493026270380378,0.9493026270380378,4.746513135190189,88.28514431453752,2.2218294150821105,NA,NA,2.8479078811141134,NA,NA,NA,NA,NA,NA,NA,NA,NA,NA,NA,NA,NA,NA,NA
2022-12-21,ACPI-23,0,29.591836734693874,31.632653061224488,2.0408163265306123,3.061224489795918,1.0204081632653061,NA,14.28571428571429,NA,8.16326530612245,9.183673469387756,1.0204081632653061,NA,NA,NA,NA,NA,NA,NA,NA,NA,NA,NA,NA
2022-12-21,ACPI-24,0,92.47091071212338,0.9340496031527614,NA,1.9247916689600513,NA,0.9340496031527614,0.9340496031527614,2.8021488094582843,NA,NA,NA,NA,NA,NA,NA,NA,NA,NA,NA,NA,NA,NA,NA
2022-12-22,ACPI-22,3753,0.9589593409084191,0.9589593409084191,3.8358373636336762,89.18321870448297,2.244430817753026,NA,NA,2.8185944323134815,NA,NA,NA,NA,NA,NA,NA,NA,NA,NA,NA,NA,NA,NA,NA
2022-12-22,ACPI-23,2498,31.529574921826956,27.1558096633653,2.174453442884618,3.261680164326927,1.087226721442309,NA,15.22117410019233,NA,8.697813771538472,9.785040492980782,1.087226721442309,NA,NA,NA,NA,NA,NA,NA,NA,NA,NA,NA,NA
2022-12-22,ACPI-24,0,92.47091071212338,0.9340496031527614,NA,1.9247916689600513,NA,0.9340496031527614,0.9340496031527614,2.8021488094582843,NA,NA,NA,NA,NA,NA,NA,NA,NA,NA,NA,NA,NA,NA,NA
2022-12-23,ACPI-22,4,0.9409133872741721,0.9409133872741721,5.645480323645033,87.50494501649801,2.2021945176883353,NA,NA,2.7655533676202775,NA,NA,NA,NA,NA,NA,NA,NA,NA,NA,NA,NA,NA,NA,NA
2022-12-23,ACPI-23,23,34.93975903614457,16.86746987951808,2.4096385542168677,3.6144578313253013,1.2048192771084338,NA,21.686746987951807,NA,7.228915662650603,10.843373493975903,1.2048192771084338,NA,NA,NA,NA,NA,NA,NA,NA,NA,NA,NA,NA
2022-12-23,ACPI-24,0,92.47091071212338,0.9340496031527614,NA,1.9247916689600513,NA,0.9340496031527614,0.9340496031527614,2.8021488094582843,NA,NA,NA,NA,NA,NA,NA,NA,NA,NA,NA,NA,NA,NA,NA
2022-12-24,ACPI-22,0,0.9409133872741721,0.9409133872741721,5.645480323645033,87.50494501649801,2.2021945176883353,NA,NA,2.7655533676202775,NA,NA,NA,NA,NA,NA,NA,NA,NA,NA,NA,NA,NA,NA,NA
2022-12-24,ACPI-23,0,34.93975903614457,16.86746987951808,2.4096385542168677,3.6144578313253013,1.2048192771084338,NA,21.686746987951807,NA,7.228915662650603,10.843373493975903,1.2048192771084338,NA,NA,NA,NA,NA,NA,NA,NA,NA,NA,NA,NA
2022-12-24,ACPI-24,0,92.47091071212338,0.9340496031527614,NA,1.9247916689600513,NA,0.9340496031527614,0.9340496031527614,2.8021488094582843,NA,NA,NA,NA,NA,NA,NA,NA,NA,NA,NA,NA,NA,NA,NA
2022-12-25,ACPI-22,0,0.9409133872741721,0.9409133872741721,5.645480323645033,87.50494501649801,2.2021945176883353,NA,NA,2.7655533676202775,NA,NA,NA,NA,NA,NA,NA,NA,NA,NA,NA,NA,NA,NA,NA
2022-12-25,ACPI-23,0,34.93975903614457,16.86746987951808,2.4096385542168677,3.6144578313253013,1.2048192771084338,NA,21.686746987951807,NA,7.228915662650603,10.843373493975903,1.2048192771084338,NA,NA,NA,NA,NA,NA,NA,NA,NA,NA,NA,NA
2022-12-25,ACPI-24,0,92.47091071212338,0.9340496031527614,NA,1.9247916689600513,NA,0.9340496031527614,0.9340496031527614,2.8021488094582843,NA,NA,NA,NA,NA,NA,NA,NA,NA,NA,NA,NA,NA,NA,NA
2022-12-26,ACPI-22,72,0.952410559634625,0.952410559634625,3.95845638848141,90.00279788547206,2.22910348750803,NA,NA,1.90482111926925,NA,NA,NA,NA,NA,NA,NA,NA,NA,NA,NA,NA,NA,NA,NA
2022-12-26,ACPI-23,0,34.93975903614457,16.86746987951808,2.4096385542168677,3.6144578313253013,1.2048192771084338,NA,21.686746987951807,NA,7.228915662650603,10.843373493975903,1.2048192771084338,NA,NA,NA,NA,NA,NA,NA,NA,NA,NA,NA,NA
2022-12-26,ACPI-24,0,92.47091071212338,0.9340496031527614,NA,1.9247916689600513,NA,0.9340496031527614,0.9340496031527614,2.8021488094582843,NA,NA,NA,NA,NA,NA,NA,NA,NA,NA,NA,NA,NA,NA,NA
2022-12-27,ACPI-22,187,0.9624605455687022,0.9624605455687022,5.3345681401676135,88.562964339658,2.25262533789958,NA,NA,1.9249210911374044,NA,NA,NA,NA,NA,NA,NA,NA,NA,NA,NA,NA,NA,NA,NA
2022-12-27,ACPI-23,277,30.823659991675534,17.93460666882487,2.5620866669749804,3.8431300004624704,1.2810433334874902,NA,23.058780002774824,NA,7.686260000924941,11.529390001387412,1.2810433334874902,NA,NA,NA,NA,NA,NA,NA,NA,NA,NA,NA,NA
2022-12-27,ACPI-24,0,92.47091071212338,0.9340496031527614,NA,1.9247916689600513,NA,0.9340496031527614,0.9340496031527614,2.8021488094582843,NA,NA,NA,NA,NA,NA,NA,NA,NA,NA,NA,NA,NA,NA,NA
2022-12-28,ACPI-22,11,0.9444375885981093,0.9444375885981093,5.23467345618332,88.77713332822228,2.210442861201959,NA,NA,1.8888751771962187,NA,NA,NA,NA,NA,NA,NA,NA,NA,NA,NA,NA,NA,NA,NA
2022-12-28,ACPI-23,430,24.024334798328606,25.687934356665007,2.055034748533201,3.082552122799801,4.049449003009375,NA,18.495312736798805,NA,7.192621619866204,12.330208491199205,3.082552122799801,NA,NA,NA,NA,NA,NA,NA,NA,NA,NA,NA,NA
2022-12-28,ACPI-24,0,92.47091071212338,0.9340496031527614,NA,1.9247916689600513,NA,0.9340496031527614,0.9340496031527614,2.8021488094582843,NA,NA,NA,NA,NA,NA,NA,NA,NA,NA,NA,NA,NA,NA,NA
2022-12-29,ACPI-22,1419,0.982304267771271,0.982304267771271,3.0083836586186488,90.76332998034323,2.299069289953047,NA,NA,1.964608535542542,NA,NA,NA,NA,NA,NA,NA,NA,NA,NA,NA,NA,NA,NA,NA
2022-12-29,ACPI-23,0,24.024334798328606,25.687934356665007,2.055034748533201,3.082552122799801,4.049449003009375,NA,18.495312736798805,NA,7.192621619866204,12.330208491199205,3.082552122799801,NA,NA,NA,NA,NA,NA,NA,NA,NA,NA,NA,NA
2022-12-29,ACPI-24,0,92.47091071212338,0.9340496031527614,NA,1.9247916689600513,NA,0.9340496031527614,0.9340496031527614,2.8021488094582843,NA,NA,NA,NA,NA,NA,NA,NA,NA,NA,NA,NA,NA,NA,NA
2022-12-30,ACPI-22,51,0.9771304007291656,0.9771304007291656,2.931391202187497,90.87312726781241,2.2869599270834415,NA,NA,1.9542608014583311,NA,NA,NA,NA,NA,NA,NA,NA,NA,NA,NA,NA,NA,NA,NA
2022-12-30,ACPI-23,0,24.024334798328606,25.687934356665007,2.055034748533201,3.082552122799801,4.049449003009375,NA,18.495312736798805,NA,7.192621619866204,12.330208491199205,3.082552122799801,NA,NA,NA,NA,NA,NA,NA,NA,NA,NA,NA,NA
2022-12-30,ACPI-24,0,92.47091071212338,0.9340496031527614,NA,1.9247916689600513,NA,0.9340496031527614,0.9340496031527614,2.8021488094582843,NA,NA,NA,NA,NA,NA,NA,NA,NA,NA,NA,NA,NA,NA,NA
2022-12-31,ACPI-22,230,0.9915895534802187,0.9915895534802187,2.974768660440656,90.73807175538985,2.3208013702486125,NA,NA,1.9831791069604374,NA,NA,NA,NA,NA,NA,NA,NA,NA,NA,NA,NA,NA,NA,NA
2022-12-31,ACPI-23,0,24.024334798328606,25.687934356665007,2.055034748533201,3.082552122799801,4.049449003009375,NA,18.495312736798805,NA,7.192621619866204,12.330208491199205,3.082552122799801,NA,NA,NA,NA,NA,NA,NA,NA,NA,NA,NA,NA
2022-12-31,ACPI-24,0,92.47091071212338,0.9340496031527614,NA,1.9247916689600513,NA,0.9340496031527614,0.9340496031527614,2.8021488094582843,NA,NA,NA,NA,NA,NA,NA,NA,NA,NA,NA,NA,NA,NA,NA
2023-01-01,ACPI-22,0,0.9915895534802187,0.9915895534802187,2.974768660440656,90.73807175538985,2.3208013702486125,NA,NA,1.9831791069604374,NA,NA,NA,NA,NA,NA,NA,NA,NA,NA,NA,NA,NA,NA,NA
2023-01-01,ACPI-23,0,24.024334798328606,25.687934356665007,2.055034748533201,3.082552122799801,4.049449003009375,NA,18.495312736798805,NA,7.192621619866204,12.330208491199205,3.082552122799801,NA,NA,NA,NA,NA,NA,NA,NA,NA,NA,NA,NA
2023-01-01,ACPI-24,0,92.47091071212338,0.9340496031527614,NA,1.9247916689600513,NA,0.9340496031527614,0.9340496031527614,2.8021488094582843,NA,NA,NA,NA,NA,NA,NA,NA,NA,NA,NA,NA,NA,NA,NA
2023-01-02,ACPI-22,605,0.9403903307509524,0.9403903307509524,4.700386944385792,89.33708142134047,2.200970311269918,NA,NA,1.8807806615019047,NA,NA,NA,NA,NA,NA,NA,NA,NA,NA,NA,NA,NA,NA,NA
2023-01-02,ACPI-23,0,24.024334798328606,25.687934356665007,2.055034748533201,3.082552122799801,4.049449003009375,NA,18.495312736798805,NA,7.192621619866204,12.330208491199205,3.082552122799801,NA,NA,NA,NA,NA,NA,NA,NA,NA,NA,NA,NA
2023-01-02,ACPI-24,0,92.47091071212338,0.9340496031527614,NA,1.9247916689600513,NA,0.9340496031527614,0.9340496031527614,2.8021488094582843,NA,NA,NA,NA,NA,NA,NA,NA,NA,NA,NA,NA,NA,NA,NA
2023-01-03,ACPI-22,0,0.9403903307509524,0.9403903307509524,4.700386944385792,89.33708142134047,2.200970311269918,NA,NA,1.8807806615019047,NA,NA,NA,NA,NA,NA,NA,NA,NA,NA,NA,NA,NA,NA,NA
2023-01-03,ACPI-23,80,24.024334798328606,25.687934356665007,2.055034748533201,3.082552122799801,4.049449003009375,NA,18.495312736798805,NA,7.1926216198662045,12.330208491199205,3.082552122799801,NA,NA,NA,NA,NA,NA,NA,NA,NA,NA,NA,NA
2023-01-03,ACPI-24,0,92.47091071212338,0.9340496031527614,NA,1.9247916689600513,NA,0.9340496031527614,0.9340496031527614,2.8021488094582843,NA,NA,NA,NA,NA,NA,NA,NA,NA,NA,NA,NA,NA,NA,NA
2023-01-04,ACPI-22,2198,0.9419861999758236,0.9419861999758236,2.825958599927471,91.20139117947747,2.204705420691775,NA,NA,1.8839723999516471,NA,NA,NA,NA,NA,NA,NA,NA,NA,NA,NA,NA,NA,NA,NA
2023-01-04,ACPI-23,655,23.25102239315289,25.855515736581424,1.9888858258908788,2.983328738836318,3.9191024533778966,NA,19.009512905332034,NA,6.961100390618077,13.048202817374166,2.983328738836318,NA,NA,NA,NA,NA,NA,NA,NA,NA,NA,NA,NA
2023-01-04,ACPI-24,0,92.47091071212338,0.9340496031527614,NA,1.9247916689600513,NA,0.9340496031527614,0.9340496031527614,2.8021488094582843,NA,NA,NA,NA,NA,NA,NA,NA,NA,NA,NA,NA,NA,NA,NA
2023-01-05,ACPI-22,100,0.9268657858400912,0.9268657858400912,2.7805973575202736,91.34262319454098,2.1693163045783863,NA,NA,1.8537315716801823,NA,NA,NA,NA,NA,NA,NA,NA,NA,NA,NA,NA,NA,NA,NA
2023-01-05,ACPI-23,0,23.25102239315289,25.855515736581424,1.9888858258908788,2.983328738836318,3.9191024533778966,NA,19.009512905332034,NA,6.961100390618077,13.048202817374166,2.983328738836318,NA,NA,NA,NA,NA,NA,NA,NA,NA,NA,NA,NA
2023-01-05,ACPI-24,0,92.47091071212338,0.9340496031527614,NA,1.9247916689600513,NA,0.9340496031527614,0.9340496031527614,2.8021488094582843,NA,NA,NA,NA,NA,NA,NA,NA,NA,NA,NA,NA,NA,NA,NA
2023-01-06,ACPI-22,5631,0.9366291990241947,0.9366291990241947,3.057214237418479,91.00410153099595,2.192167435488796,NA,NA,1.8732583980483895,NA,NA,NA,NA,NA,NA,NA,NA,NA,NA,NA,NA,NA,NA,NA
2023-01-06,ACPI-23,1,23.4845629651965,25.110785247918862,2.008862819833509,3.0132942297502634,3.9584671494064425,NA,19.200450423825366,NA,7.031019869417283,13.179263064901516,3.0132942297502634,NA,NA,NA,NA,NA,NA,NA,NA,NA,NA,NA,NA
2023-01-06,ACPI-24,0,92.47091071212338,0.9340496031527614,NA,1.9247916689600513,NA,0.9340496031527614,0.9340496031527614,2.8021488094582843,NA,NA,NA,NA,NA,NA,NA,NA,NA,NA,NA,NA,NA,NA,NA
2023-01-07,ACPI-22,850,0.9380462983032711,0.9380462983032711,3.0618397349967537,90.9904909354173,2.1954841363728623,NA,NA,1.8760925966065423,NA,NA,NA,NA,NA,NA,NA,NA,NA,NA,NA,NA,NA,NA,NA
2023-01-07,ACPI-23,0,23.4845629651965,25.110785247918862,2.008862819833509,3.0132942297502634,3.9584671494064425,NA,19.200450423825366,NA,7.031019869417283,13.179263064901516,3.0132942297502634,NA,NA,NA,NA,NA,NA,NA,NA,NA,NA,NA,NA
2023-01-07,ACPI-24,0,92.47091071212338,0.9340496031527614,NA,1.9247916689600513,NA,0.9340496031527614,0.9340496031527614,2.8021488094582843,NA,NA,NA,NA,NA,NA,NA,NA,NA,NA,NA,NA,NA,NA,NA
2023-01-08,ACPI-22,0,0.9380462983032711,0.9380462983032711,3.0618397349967537,90.9904909354173,2.1954841363728623,NA,NA,1.8760925966065423,NA,NA,NA,NA,NA,NA,NA,NA,NA,NA,NA,NA,NA,NA,NA
2023-01-08,ACPI-23,0,23.4845629651965,25.110785247918862,2.008862819833509,3.0132942297502634,3.9584671494064425,NA,19.200450423825366,NA,7.031019869417283,13.179263064901516,3.0132942297502634,NA,NA,NA,NA,NA,NA,NA,NA,NA,NA,NA,NA
2023-01-08,ACPI-24,0,92.47091071212338,0.9340496031527614,NA,1.9247916689600513,NA,0.9340496031527614,0.9340496031527614,2.8021488094582843,NA,NA,NA,NA,NA,NA,NA,NA,NA,NA,NA,NA,NA,NA,NA
2023-01-09,ACPI-22,0,0.9380462983032711,0.9380462983032711,3.0618397349967537,90.9904909354173,2.1954841363728623,NA,NA,1.8760925966065423,NA,NA,NA,NA,NA,NA,NA,NA,NA,NA,NA,NA,NA,NA,NA
2023-01-09,ACPI-23,0,23.4845629651965,25.110785247918862,2.008862819833509,3.0132942297502634,3.9584671494064425,NA,19.200450423825366,NA,7.031019869417283,13.179263064901516,3.0132942297502634,NA,NA,NA,NA,NA,NA,NA,NA,NA,NA,NA,NA
2023-01-09,ACPI-24,0,92.47091071212338,0.9340496031527614,NA,1.9247916689600513,NA,0.9340496031527614,0.9340496031527614,2.8021488094582843,NA,NA,NA,NA,NA,NA,NA,NA,NA,NA,NA,NA,NA,NA,NA
2023-01-10,ACPI-22,588,0.9085383992009141,0.9085383992009141,6.995745673847038,86.33514101561502,2.126421314533368,NA,NA,2.725615197602742,NA,NA,NA,NA,NA,NA,NA,NA,NA,NA,NA,NA,NA,NA,NA
2023-01-10,ACPI-23,0,23.4845629651965,25.110785247918862,2.008862819833509,3.0132942297502634,3.9584671494064425,NA,19.200450423825366,NA,7.031019869417283,13.179263064901516,3.0132942297502634,NA,NA,NA,NA,NA,NA,NA,NA,NA,NA,NA,NA
2023-01-10,ACPI-24,0,92.47091071212338,0.9340496031527614,NA,1.9247916689600513,NA,0.9340496031527614,0.9340496031527614,2.8021488094582843,NA,NA,NA,NA,NA,NA,NA,NA,NA,NA,NA,NA,NA,NA,NA
2023-01-11,ACPI-22,14,0.8987668331045151,0.8987668331045151,7.120998754597312,86.28161597803344,2.103551101846673,NA,NA,2.696300499313545,NA,NA,NA,NA,NA,NA,NA,NA,NA,NA,NA,NA,NA,NA,NA
2023-01-11,ACPI-23,139,22.82336093394659,25.37994922593653,1.9523037866105024,2.928455679915754,3.847017491020105,NA,20.499189759410278,NA,6.83306325313676,12.808204190107723,2.928455679915754,NA,NA,NA,NA,NA,NA,NA,NA,NA,NA,NA,NA
2023-01-11,ACPI-24,0,92.47091071212338,0.9340496031527614,NA,1.9247916689600513,NA,0.9340496031527614,0.9340496031527614,2.8021488094582843,NA,NA,NA,NA,NA,NA,NA,NA,NA,NA,NA,NA,NA,NA,NA
2023-01-12,ACPI-23,1613,38.73962722771784,26.872079933853342,2.072063994899535,1.0360319974497676,1.0360319974497676,NA,12.631620891983701,NA,5.180159987248837,11.396351971947443,1.0360319974497676,NA,NA,NA,NA,NA,NA,NA,NA,NA,NA,NA,NA
2023-01-12,ACPI-24,0,92.47091071212338,0.9340496031527614,NA,1.9247916689600513,NA,0.9340496031527614,0.9340496031527614,2.8021488094582843,NA,NA,NA,NA,NA,NA,NA,NA,NA,NA,NA,NA,NA,NA,NA
2023-01-13,ACPI-23,27,39.11958796072751,26.154836632866573,2.092386930629326,1.046193465314663,1.046193465314663,NA,12.755512634798004,NA,5.230967326573315,11.508128118461292,1.046193465314663,NA,NA,NA,NA,NA,NA,NA,NA,NA,NA,NA,NA
2023-01-13,ACPI-24,0,92.47091071212338,0.9340496031527614,NA,1.9247916689600513,NA,0.9340496031527614,0.9340496031527614,2.8021488094582843,NA,NA,NA,NA,NA,NA,NA,NA,NA,NA,NA,NA,NA,NA,NA
2023-01-14,ACPI-23,277,37.556747833264545,26.82624845233182,2.1460998761865455,1.0730499380932728,1.0730499380932728,NA,13.0829550144449,NA,5.365249690466364,11.803549319026,1.0730499380932728,NA,NA,NA,NA,NA,NA,NA,NA,NA,NA,NA,NA
2023-01-14,ACPI-24,0,92.47091071212338,0.9340496031527614,NA,1.9247916689600513,NA,0.9340496031527614,0.9340496031527614,2.8021488094582843,NA,NA,NA,NA,NA,NA,NA,NA,NA,NA,NA,NA,NA,NA,NA
2023-01-15,ACPI-23,0,37.556747833264545,26.82624845233182,2.1460998761865455,1.0730499380932728,1.0730499380932728,NA,13.0829550144449,NA,5.365249690466364,11.803549319026,1.0730499380932728,NA,NA,NA,NA,NA,NA,NA,NA,NA,NA,NA,NA
2023-01-15,ACPI-24,0,92.47091071212338,0.9340496031527614,NA,1.9247916689600513,NA,0.9340496031527614,0.9340496031527614,2.8021488094582843,NA,NA,NA,NA,NA,NA,NA,NA,NA,NA,NA,NA,NA,NA,NA
2023-01-16,ACPI-23,125,35.10661609256419,25.076154351831562,2.0060923481465247,7.526858490245761,1.0030461740732624,NA,12.229447583893236,NA,5.015230870366312,11.033507914805886,1.0030461740732624,NA,NA,NA,NA,NA,NA,NA,NA,NA,NA,NA,NA
2023-01-16,ACPI-24,0,92.47091071212338,0.9340496031527614,NA,1.9247916689600513,NA,0.9340496031527614,0.9340496031527614,2.8021488094582843,NA,NA,NA,NA,NA,NA,NA,NA,NA,NA,NA,NA,NA,NA,NA
2023-01-17,ACPI-23,0,35.10661609256419,25.076154351831562,2.0060923481465247,7.526858490245761,1.0030461740732624,NA,12.229447583893236,NA,5.015230870366312,11.033507914805886,1.0030461740732624,NA,NA,NA,NA,NA,NA,NA,NA,NA,NA,NA,NA
2023-01-17,ACPI-24,0,92.47091071212338,0.9340496031527614,NA,1.9247916689600513,NA,0.9340496031527614,0.9340496031527614,2.8021488094582843,NA,NA,NA,NA,NA,NA,NA,NA,NA,NA,NA,NA,NA,NA,NA
2023-01-18,ACPI-23,0,35.10661609256419,25.076154351831562,2.0060923481465247,7.526858490245761,1.0030461740732624,NA,12.229447583893236,NA,5.015230870366312,11.033507914805886,1.0030461740732624,NA,NA,NA,NA,NA,NA,NA,NA,NA,NA,NA,NA
2023-01-18,ACPI-24,0,92.47091071212338,0.9340496031527614,NA,1.9247916689600513,NA,0.9340496031527614,0.9340496031527614,2.8021488094582843,NA,NA,NA,NA,NA,NA,NA,NA,NA,NA,NA,NA,NA,NA,NA
2023-01-19,ACPI-23,0,35.10661609256419,25.076154351831562,2.0060923481465247,7.526858490245761,1.0030461740732624,NA,12.229447583893236,NA,5.015230870366312,11.033507914805886,1.0030461740732624,NA,NA,NA,NA,NA,NA,NA,NA,NA,NA,NA,NA
2023-01-19,ACPI-24,0,92.47091071212338,0.9340496031527614,NA,1.9247916689600513,NA,0.9340496031527614,0.9340496031527614,2.8021488094582843,NA,NA,NA,NA,NA,NA,NA,NA,NA,NA,NA,NA,NA,NA,NA
2023-01-20,ACPI-23,0,35.10661609256419,25.076154351831562,2.0060923481465247,7.526858490245761,1.0030461740732624,NA,12.229447583893236,NA,5.015230870366312,11.033507914805886,1.0030461740732624,NA,NA,NA,NA,NA,NA,NA,NA,NA,NA,NA,NA
2023-01-20,ACPI-24,0,92.47091071212338,0.9340496031527614,NA,1.9247916689600513,NA,0.9340496031527614,0.9340496031527614,2.8021488094582843,NA,NA,NA,NA,NA,NA,NA,NA,NA,NA,NA,NA,NA,NA,NA
2023-01-21,ACPI-23,20,35.10661609256419,25.076154351831562,2.0060923481465247,7.526858490245761,1.0030461740732624,NA,12.229447583893236,NA,5.015230870366312,11.033507914805886,1.0030461740732624,NA,NA,NA,NA,NA,NA,NA,NA,NA,NA,NA,NA
2023-01-21,ACPI-24,0,92.47091071212338,0.9340496031527614,NA,1.9247916689600513,NA,0.9340496031527614,0.9340496031527614,2.8021488094582843,NA,NA,NA,NA,NA,NA,NA,NA,NA,NA,NA,NA,NA,NA,NA
2023-01-22,ACPI-23,0,35.10661609256419,25.076154351831562,2.0060923481465247,7.526858490245761,1.0030461740732624,NA,12.229447583893236,NA,5.015230870366312,11.033507914805886,1.0030461740732624,NA,NA,NA,NA,NA,NA,NA,NA,NA,NA,NA,NA
2023-01-22,ACPI-24,0,92.47091071212338,0.9340496031527614,NA,1.9247916689600513,NA,0.9340496031527614,0.9340496031527614,2.8021488094582843,NA,NA,NA,NA,NA,NA,NA,NA,NA,NA,NA,NA,NA,NA,NA
2023-01-23,ACPI-23,650,26.681947897134112,26.681947897134112,2.134555831770729,8.008853480803774,1.0672779158853645,NA,13.01258074367925,NA,5.336389579426823,16.009168738280465,1.0672779158853645,NA,NA,NA,NA,NA,NA,NA,NA,NA,NA,NA,NA
2023-01-23,ACPI-24,0,92.47091071212338,0.9340496031527614,NA,1.9247916689600513,NA,0.9340496031527614,0.9340496031527614,2.8021488094582843,NA,NA,NA,NA,NA,NA,NA,NA,NA,NA,NA,NA,NA,NA,NA
2023-01-24,ACPI-23,165,23.364485981308412,23.364485981308412,0.9345794392523364,9.345794392523365,0.9345794392523364,NA,23.364485981308412,NA,4.672897196261682,13.084112149532714,0.9345794392523364,NA,NA,NA,NA,NA,NA,NA,NA,NA,NA,NA,NA
2023-01-24,ACPI-24,0,92.47091071212338,0.9340496031527614,NA,1.9247916689600513,NA,0.9340496031527614,0.9340496031527614,2.8021488094582843,NA,NA,NA,NA,NA,NA,NA,NA,NA,NA,NA,NA,NA,NA,NA
2023-01-25,ACPI-23,28,23.14814814814815,23.14814814814815,0.9259259259259259,9.25925925925926,0.9259259259259259,NA,23.14814814814815,NA,4.62962962962963,13.88888888888889,0.9259259259259259,NA,NA,NA,NA,NA,NA,NA,NA,NA,NA,NA,NA
2023-01-25,ACPI-24,0,92.47091071212338,0.9340496031527614,NA,1.9247916689600513,NA,0.9340496031527614,0.9340496031527614,2.8021488094582843,NA,NA,NA,NA,NA,NA,NA,NA,NA,NA,NA,NA,NA,NA,NA
2023-01-26,ACPI-23,250,22.52252252252252,22.52252252252252,0.9009009009009009,9.00900900900901,0.9009009009009009,NA,22.52252252252252,NA,4.504504504504505,16.216216216216218,0.9009009009009009,NA,NA,NA,NA,NA,NA,NA,NA,NA,NA,NA,NA
2023-01-26,ACPI-24,0,92.47091071212338,0.9340496031527614,NA,1.9247916689600513,NA,0.9340496031527614,0.9340496031527614,2.8021488094582843,NA,NA,NA,NA,NA,NA,NA,NA,NA,NA,NA,NA,NA,NA,NA
2023-01-27,ACPI-23,3334,23.844842130170118,16.966072912617435,0.9248294524564445,9.248294524564445,0.9248294524564445,NA,25.89522466878045,NA,4.624147262282222,16.646930144216,0.9248294524564445,NA,NA,NA,NA,NA,NA,NA,NA,NA,NA,NA,NA
2023-01-27,ACPI-24,0,92.47091071212338,0.9340496031527614,NA,1.9247916689600513,NA,0.9340496031527614,0.9340496031527614,2.8021488094582843,NA,NA,NA,NA,NA,NA,NA,NA,NA,NA,NA,NA,NA,NA,NA
2023-01-28,ACPI-23,93,24.471536640305125,16.62712469411716,0.9063532089001899,9.063532089001898,0.9063532089001899,NA,26.272623145170883,NA,4.531766044500949,16.314357760203418,0.9063532089001899,NA,NA,NA,NA,NA,NA,NA,NA,NA,NA,NA,NA
2023-01-28,ACPI-24,0,92.47091071212338,0.9340496031527614,NA,1.9247916689600513,NA,0.9340496031527614,0.9340496031527614,2.8021488094582843,NA,NA,NA,NA,NA,NA,NA,NA,NA,NA,NA,NA,NA,NA,NA
2023-01-29,ACPI-23,0,24.471536640305125,16.62712469411716,0.9063532089001899,9.063532089001898,0.9063532089001899,NA,26.272623145170883,NA,4.531766044500949,16.314357760203418,0.9063532089001899,NA,NA,NA,NA,NA,NA,NA,NA,NA,NA,NA,NA
2023-01-29,ACPI-24,0,92.47091071212338,0.9340496031527614,NA,1.9247916689600513,NA,0.9340496031527614,0.9340496031527614,2.8021488094582843,NA,NA,NA,NA,NA,NA,NA,NA,NA,NA,NA,NA,NA,NA,NA
2023-01-30,ACPI-23,1,24.468693399435875,16.62519286118148,0.9062479036828102,9.062479036828101,0.9062479036828102,NA,26.28118920680149,NA,4.531239518414051,16.31246226629058,0.9062479036828102,NA,NA,NA,NA,NA,NA,NA,NA,NA,NA,NA,NA
2023-01-30,ACPI-24,0,92.47091071212338,0.9340496031527614,NA,1.9247916689600513,NA,0.9340496031527614,0.9340496031527614,2.8021488094582843,NA,NA,NA,NA,NA,NA,NA,NA,NA,NA,NA,NA,NA,NA,NA
2023-01-31,ACPI-23,0,24.468693399435875,16.62519286118148,0.9062479036828102,9.062479036828101,0.9062479036828102,NA,26.28118920680149,NA,4.531239518414051,16.31246226629058,0.9062479036828102,NA,NA,NA,NA,NA,NA,NA,NA,NA,NA,NA,NA
2023-01-31,ACPI-24,0,92.47091071212338,0.9340496031527614,NA,1.9247916689600513,NA,0.9340496031527614,0.9340496031527614,2.8021488094582843,NA,NA,NA,NA,NA,NA,NA,NA,NA,NA,NA,NA,NA,NA,NA
2023-02-01,ACPI-23,1530,25.121628462842665,17.068827965752117,0.9304306838089875,9.304306838089875,0.9304306838089875,NA,24.314038954281664,NA,4.652153419044938,16.747752308561775,0.9304306838089875,NA,NA,NA,NA,NA,NA,NA,NA,NA,NA,NA,NA
2023-02-01,ACPI-24,0,92.47091071212338,0.9340496031527614,NA,1.9247916689600513,NA,0.9340496031527614,0.9340496031527614,2.8021488094582843,NA,NA,NA,NA,NA,NA,NA,NA,NA,NA,NA,NA,NA,NA,NA
2023-02-02,ACPI-23,700,26.666666666666668,19.2,1.0666666666666667,2.1333333333333333,1.0666666666666667,NA,25.6,NA,5.333333333333333,17.866666666666667,1.0666666666666667,NA,NA,NA,NA,NA,NA,NA,NA,NA,NA,NA,NA
2023-02-02,ACPI-24,0,92.47091071212338,0.9340496031527614,NA,1.9247916689600513,NA,0.9340496031527614,0.9340496031527614,2.8021488094582843,NA,NA,NA,NA,NA,NA,NA,NA,NA,NA,NA,NA,NA,NA,NA
2023-02-03,ACPI-23,152,26.385224274406333,18.99736147757256,1.0554089709762533,2.1108179419525066,1.0554089709762533,NA,26.385224274406333,NA,5.277044854881266,17.678100263852244,1.0554089709762533,NA,NA,NA,NA,NA,NA,NA,NA,NA,NA,NA,NA
2023-02-03,ACPI-24,0,92.47091071212338,0.9340496031527614,NA,1.9247916689600513,NA,0.9340496031527614,0.9340496031527614,2.8021488094582843,NA,NA,NA,NA,NA,NA,NA,NA,NA,NA,NA,NA,NA,NA,NA
2023-02-04,ACPI-23,0,26.385224274406333,18.99736147757256,1.0554089709762533,2.1108179419525066,1.0554089709762533,NA,26.385224274406333,NA,5.277044854881266,17.678100263852244,1.0554089709762533,NA,NA,NA,NA,NA,NA,NA,NA,NA,NA,NA,NA
2023-02-04,ACPI-24,0,92.47091071212338,0.9340496031527614,NA,1.9247916689600513,NA,0.9340496031527614,0.9340496031527614,2.8021488094582843,NA,NA,NA,NA,NA,NA,NA,NA,NA,NA,NA,NA,NA,NA,NA
2023-02-05,ACPI-23,0,26.385224274406333,18.99736147757256,1.0554089709762533,2.1108179419525066,1.0554089709762533,NA,26.385224274406333,NA,5.277044854881266,17.678100263852244,1.0554089709762533,NA,NA,NA,NA,NA,NA,NA,NA,NA,NA,NA,NA
2023-02-05,ACPI-24,0,92.47091071212338,0.9340496031527614,NA,1.9247916689600513,NA,0.9340496031527614,0.9340496031527614,2.8021488094582843,NA,NA,NA,NA,NA,NA,NA,NA,NA,NA,NA,NA,NA,NA,NA
2023-02-06,ACPI-23,0,26.385224274406333,18.99736147757256,1.0554089709762533,2.1108179419525066,1.0554089709762533,NA,26.385224274406333,NA,5.277044854881266,17.678100263852244,1.0554089709762533,NA,NA,NA,NA,NA,NA,NA,NA,NA,NA,NA,NA
2023-02-06,ACPI-24,0,92.47091071212338,0.9340496031527614,NA,1.9247916689600513,NA,0.9340496031527614,0.9340496031527614,2.8021488094582843,NA,NA,NA,NA,NA,NA,NA,NA,NA,NA,NA,NA,NA,NA,NA
2023-02-07,ACPI-23,158,26.87754203258983,18.42007547300156,1.0751016813035932,2.1502033626071864,1.0751016813035932,NA,29.688350042745004,NA,3.511998825591738,16.126525219553898,1.0751016813035932,NA,NA,NA,NA,NA,NA,NA,NA,NA,NA,NA,NA
2023-02-07,ACPI-24,0,92.47091071212338,0.9340496031527614,NA,1.9247916689600513,NA,0.9340496031527614,0.9340496031527614,2.8021488094582843,NA,NA,NA,NA,NA,NA,NA,NA,NA,NA,NA,NA,NA,NA,NA
2023-02-08,ACPI-23,35,26.766595289079227,18.344039971448964,1.070663811563169,2.141327623126338,1.070663811563169,NA,29.97858672376874,NA,3.497501784439686,16.059957173447536,1.070663811563169,NA,NA,NA,NA,NA,NA,NA,NA,NA,NA,NA,NA
2023-02-08,ACPI-24,0,92.47091071212338,0.9340496031527614,NA,1.9247916689600513,NA,0.9340496031527614,0.9340496031527614,2.8021488094582843,NA,NA,NA,NA,NA,NA,NA,NA,NA,NA,NA,NA,NA,NA,NA
2023-02-09,ACPI-23,200,27.056277056277054,18.542568542568542,1.0822510822510822,2.1645021645021645,1.0822510822510822,NA,30.303030303030305,NA,3.5353535353535355,15.151515151515152,1.0822510822510822,NA,NA,NA,NA,NA,NA,NA,NA,NA,NA,NA,NA
2023-02-09,ACPI-24,0,92.47091071212338,0.9340496031527614,NA,1.9247916689600513,NA,0.9340496031527614,0.9340496031527614,2.8021488094582843,NA,NA,NA,NA,NA,NA,NA,NA,NA,NA,NA,NA,NA,NA,NA
2023-02-10,ACPI-23,0,27.056277056277054,18.542568542568542,1.0822510822510822,2.1645021645021645,1.0822510822510822,NA,30.303030303030305,NA,3.5353535353535355,15.151515151515152,1.0822510822510822,NA,NA,NA,NA,NA,NA,NA,NA,NA,NA,NA,NA
2023-02-10,ACPI-24,0,92.47091071212338,0.9340496031527614,NA,1.9247916689600513,NA,0.9340496031527614,0.9340496031527614,2.8021488094582843,NA,NA,NA,NA,NA,NA,NA,NA,NA,NA,NA,NA,NA,NA,NA
2023-02-11,ACPI-23,5,27.837259100642395,18.344039971448964,1.070663811563169,2.141327623126338,1.070663811563169,NA,29.97858672376874,NA,3.497501784439686,14.98929336188437,1.070663811563169,NA,NA,NA,NA,NA,NA,NA,NA,NA,NA,NA,NA
2023-02-11,ACPI-24,0,92.47091071212338,0.9340496031527614,NA,1.9247916689600513,NA,0.9340496031527614,0.9340496031527614,2.8021488094582843,NA,NA,NA,NA,NA,NA,NA,NA,NA,NA,NA,NA,NA,NA,NA
2023-02-12,ACPI-23,60,28.538611062025094,18.165753666725568,1.0602579961123872,2.1205159922247745,1.0602579961123872,NA,29.687223891146846,NA,3.4635094539671316,14.843611945573423,1.0602579961123872,NA,NA,NA,NA,NA,NA,NA,NA,NA,NA,NA,NA
2023-02-12,ACPI-24,0,92.47091071212338,0.9340496031527614,NA,1.9247916689600513,NA,0.9340496031527614,0.9340496031527614,2.8021488094582843,NA,NA,NA,NA,NA,NA,NA,NA,NA,NA,NA,NA,NA,NA,NA
2023-02-13,ACPI-23,15,28.844436506519024,18.360421503839973,1.0716199321307376,2.143239864261475,1.0716199321307376,NA,28.933738167529917,NA,3.500625111627077,15.00267904983033,1.0716199321307376,NA,NA,NA,NA,NA,NA,NA,NA,NA,NA,NA,NA
2023-02-13,ACPI-24,0,92.47091071212338,0.9340496031527614,NA,1.9247916689600513,NA,0.9340496031527614,0.9340496031527614,2.8021488094582843,NA,NA,NA,NA,NA,NA,NA,NA,NA,NA,NA,NA,NA,NA,NA
2023-02-14,ACPI-23,4623,28.18317492603009,17.74496199046339,1.0438212935566702,2.0876425871133404,1.0438212935566702,NA,31.19183630157579,NA,3.202958489817727,14.457961824329642,1.0438212935566702,NA,NA,NA,NA,NA,NA,NA,NA,NA,NA,NA,NA
2023-02-14,ACPI-24,0,92.47091071212338,0.9340496031527614,NA,1.9247916689600513,NA,0.9340496031527614,0.9340496031527614,2.8021488094582843,NA,NA,NA,NA,NA,NA,NA,NA,NA,NA,NA,NA,NA,NA,NA
2023-02-15,ACPI-23,1369,26.598580332438825,14.85675689583665,0.9851326049051417,2.3246294561790393,0.9851326049051417,NA,39.40530419620566,NA,3.0228726506678316,10.836458653956559,0.9851326049051417,NA,NA,NA,NA,NA,NA,NA,NA,NA,NA,NA,NA
2023-02-15,ACPI-24,0,92.47091071212338,0.9340496031527614,NA,1.9247916689600513,NA,0.9340496031527614,0.9340496031527614,2.8021488094582843,NA,NA,NA,NA,NA,NA,NA,NA,NA,NA,NA,NA,NA,NA,NA
2023-02-16,ACPI-23,0,26.598580332438825,14.85675689583665,0.9851326049051417,2.3246294561790393,0.9851326049051417,NA,39.40530419620566,NA,3.0228726506678316,10.836458653956559,0.9851326049051417,NA,NA,NA,NA,NA,NA,NA,NA,NA,NA,NA,NA
2023-02-16,ACPI-24,0,92.47091071212338,0.9340496031527614,NA,1.9247916689600513,NA,0.9340496031527614,0.9340496031527614,2.8021488094582843,NA,NA,NA,NA,NA,NA,NA,NA,NA,NA,NA,NA,NA,NA,NA
2023-02-17,ACPI-23,266,25.385551948051948,15.98349567099567,0.9402056277056277,2.2186147186147185,0.9402056277056277,NA,37.608225108225106,NA,5.641233766233766,10.342261904761903,0.9402056277056277,NA,NA,NA,NA,NA,NA,NA,NA,NA,NA,NA,NA
2023-02-17,ACPI-24,0,92.47091071212338,0.9340496031527614,NA,1.9247916689600513,NA,0.9340496031527614,0.9340496031527614,2.8021488094582843,NA,NA,NA,NA,NA,NA,NA,NA,NA,NA,NA,NA,NA,NA,NA
2023-02-18,ACPI-23,962,30.02200883441407,15.949192193282475,0.9381877760754397,2.213853169444203,0.9381877760754397,NA,32.83657216264039,NA,5.843744775162706,10.320065536829837,0.9381877760754397,NA,NA,NA,NA,NA,NA,NA,NA,NA,NA,NA,NA
2023-02-18,ACPI-24,0,92.47091071212338,0.9340496031527614,NA,1.9247916689600513,NA,0.9340496031527614,0.9340496031527614,2.8021488094582843,NA,NA,NA,NA,NA,NA,NA,NA,NA,NA,NA,NA,NA,NA,NA
2023-02-19,ACPI-23,20,29.92611038685148,16.41109279278952,0.9653583995758541,2.277968022020721,0.9653583995758541,NA,31.856827186003187,NA,6.012984018273131,10.618942395334395,0.9653583995758541,NA,NA,NA,NA,NA,NA,NA,NA,NA,NA,NA,NA
2023-02-19,ACPI-24,0,92.47091071212338,0.9340496031527614,NA,1.9247916689600513,NA,0.9340496031527614,0.9340496031527614,2.8021488094582843,NA,NA,NA,NA,NA,NA,NA,NA,NA,NA,NA,NA,NA,NA,NA
2023-02-20,ACPI-23,5,30.596106700451337,16.25418168461477,0.9561283343891043,2.2561877243138575,0.9561283343891043,NA,31.55223503484044,NA,5.955492174332132,10.517411678280146,0.9561283343891043,NA,NA,NA,NA,NA,NA,NA,NA,NA,NA,NA,NA
2023-02-20,ACPI-24,0,92.47091071212338,0.9340496031527614,NA,1.9247916689600513,NA,0.9340496031527614,0.9340496031527614,2.8021488094582843,NA,NA,NA,NA,NA,NA,NA,NA,NA,NA,NA,NA,NA,NA,NA
2023-02-21,ACPI-23,110,30.30633920420387,17.047315802364675,0.9470731001313709,2.234819977288415,0.9470731001313709,NA,31.25341230433524,NA,5.899089309968604,10.41780410144508,0.9470731001313709,NA,NA,NA,NA,NA,NA,NA,NA,NA,NA,NA,NA
2023-02-21,ACPI-24,0,92.47091071212338,0.9340496031527614,NA,1.9247916689600513,NA,0.9340496031527614,0.9340496031527614,2.8021488094582843,NA,NA,NA,NA,NA,NA,NA,NA,NA,NA,NA,NA,NA,NA,NA
2023-02-22,ACPI-23,246,29.137442854572793,18.13172395026405,0.9105450892053998,2.1486243831609437,0.9105450892053998,NA,30.047987943778192,NA,7.786589619348419,10.015995981259397,0.9105450892053998,NA,NA,NA,NA,NA,NA,NA,NA,NA,NA,NA,NA
2023-02-22,ACPI-24,0,92.47091071212338,0.9340496031527614,NA,1.9247916689600513,NA,0.9340496031527614,0.9340496031527614,2.8021488094582843,NA,NA,NA,NA,NA,NA,NA,NA,NA,NA,NA,NA,NA,NA,NA
2023-02-23,ACPI-23,0,29.137442854572793,18.13172395026405,0.9105450892053998,2.1486243831609437,0.9105450892053998,NA,30.047987943778192,NA,7.786589619348419,10.015995981259397,0.9105450892053998,NA,NA,NA,NA,NA,NA,NA,NA,NA,NA,NA,NA
2023-02-23,ACPI-24,0,92.47091071212338,0.9340496031527614,NA,1.9247916689600513,NA,0.9340496031527614,0.9340496031527614,2.8021488094582843,NA,NA,NA,NA,NA,NA,NA,NA,NA,NA,NA,NA,NA,NA,NA
2023-02-24,ACPI-23,572,31.051015970494944,19.40688498155934,0.970344249077967,2.289733192068872,0.970344249077967,NA,26.339924326420757,NA,8.297966291442524,9.70344249077967,0.970344249077967,NA,NA,NA,NA,NA,NA,NA,NA,NA,NA,NA,NA
2023-02-24,ACPI-24,0,92.47091071212338,0.9340496031527614,NA,1.9247916689600513,NA,0.9340496031527614,0.9340496031527614,2.8021488094582843,NA,NA,NA,NA,NA,NA,NA,NA,NA,NA,NA,NA,NA,NA,NA
2023-02-25,ACPI-23,0,31.051015970494944,19.40688498155934,0.970344249077967,2.289733192068872,0.970344249077967,NA,26.339924326420757,NA,8.297966291442524,9.70344249077967,0.970344249077967,NA,NA,NA,NA,NA,NA,NA,NA,NA,NA,NA,NA
2023-02-25,ACPI-24,0,92.47091071212338,0.9340496031527614,NA,1.9247916689600513,NA,0.9340496031527614,0.9340496031527614,2.8021488094582843,NA,NA,NA,NA,NA,NA,NA,NA,NA,NA,NA,NA,NA,NA,NA
2023-02-26,ACPI-23,0,31.051015970494944,19.40688498155934,0.970344249077967,2.289733192068872,0.970344249077967,NA,26.339924326420757,NA,8.297966291442524,9.70344249077967,0.970344249077967,NA,NA,NA,NA,NA,NA,NA,NA,NA,NA,NA,NA
2023-02-26,ACPI-24,0,92.47091071212338,0.9340496031527614,NA,1.9247916689600513,NA,0.9340496031527614,0.9340496031527614,2.8021488094582843,NA,NA,NA,NA,NA,NA,NA,NA,NA,NA,NA,NA,NA,NA,NA
2023-02-27,ACPI-23,1416,30.764980798680988,17.305301699258056,0.9614056499587809,2.2686406704063318,0.9614056499587809,NA,28.842169498763425,NA,8.320633883427046,9.614056499587809,0.9614056499587809,NA,NA,NA,NA,NA,NA,NA,NA,NA,NA,NA,NA
2023-02-27,ACPI-24,0,92.47091071212338,0.9340496031527614,NA,1.9247916689600513,NA,0.9340496031527614,0.9340496031527614,2.8021488094582843,NA,NA,NA,NA,NA,NA,NA,NA,NA,NA,NA,NA,NA,NA,NA
2023-02-28,ACPI-23,20,26.31181032895021,17.892031023686144,1.0524724131580083,2.4835320252937176,1.0524724131580083,NA,31.574172394740252,NA,9.108785269433575,9.472251718422076,1.0524724131580083,NA,NA,NA,NA,NA,NA,NA,NA,NA,NA,NA,NA
2023-02-28,ACPI-24,0,92.47091071212338,0.9340496031527614,NA,1.9247916689600513,NA,0.9340496031527614,0.9340496031527614,2.8021488094582843,NA,NA,NA,NA,NA,NA,NA,NA,NA,NA,NA,NA,NA,NA,NA
2023-03-01,ACPI-23,1649,26.037769982878874,17.705683588357633,2.08302159863031,2.4576657710458334,1.041510799315155,NA,31.24532397945465,NA,9.013916287165996,9.373597193836394,1.041510799315155,NA,NA,NA,NA,NA,NA,NA,NA,NA,NA,NA,NA
2023-03-01,ACPI-24,0,92.47091071212338,0.9340496031527614,NA,1.9247916689600513,NA,0.9340496031527614,0.9340496031527614,2.8021488094582843,NA,NA,NA,NA,NA,NA,NA,NA,NA,NA,NA,NA,NA,NA,NA
2023-03-02,ACPI-23,478,27.09356637034805,17.058912159108033,2.006930842248004,4.013861684496008,1.003465421124002,NA,30.103962633720055,NA,8.684646677715836,9.031188790116017,1.003465421124002,NA,NA,NA,NA,NA,NA,NA,NA,NA,NA,NA,NA
2023-03-02,ACPI-24,0,92.47091071212338,0.9340496031527614,NA,1.9247916689600513,NA,0.9340496031527614,0.9340496031527614,2.8021488094582843,NA,NA,NA,NA,NA,NA,NA,NA,NA,NA,NA,NA,NA,NA,NA
2023-03-03,ACPI-23,1513,26.99782275622934,19.00653173131199,1.9998387226836547,3.9996774453673094,0.9999193613418274,NA,30.997500201596647,NA,5.999516168050964,8.999274252076447,0.9999193613418274,NA,NA,NA,NA,NA,NA,NA,NA,NA,NA,NA,NA
2023-03-03,ACPI-24,0,92.47091071212338,0.9340496031527614,NA,1.9247916689600513,NA,0.9340496031527614,0.9340496031527614,2.8021488094582843,NA,NA,NA,NA,NA,NA,NA,NA,NA,NA,NA,NA,NA,NA,NA
2023-03-04,ACPI-23,38,27.270505823898347,19.19850126252342,2.020037468436915,4.04007493687383,1.0100187342184574,NA,31.31058076077218,NA,5.050093671092287,9.090168607966117,1.0100187342184574,NA,NA,NA,NA,NA,NA,NA,NA,NA,NA,NA,NA
2023-03-04,ACPI-24,0,92.47091071212338,0.9340496031527614,NA,1.9247916689600513,NA,0.9340496031527614,0.9340496031527614,2.8021488094582843,NA,NA,NA,NA,NA,NA,NA,NA,NA,NA,NA,NA,NA,NA,NA
2023-03-05,ACPI-23,0,27.270505823898347,19.19850126252342,2.020037468436915,4.04007493687383,1.0100187342184574,NA,31.31058076077218,NA,5.050093671092287,9.090168607966117,1.0100187342184574,NA,NA,NA,NA,NA,NA,NA,NA,NA,NA,NA,NA
2023-03-05,ACPI-24,0,92.47091071212338,0.9340496031527614,NA,1.9247916689600513,NA,0.9340496031527614,0.9340496031527614,2.8021488094582843,NA,NA,NA,NA,NA,NA,NA,NA,NA,NA,NA,NA,NA,NA,NA
2023-03-06,ACPI-23,218,27.270505823898347,19.19850126252342,2.020037468436915,4.04007493687383,1.0100187342184574,NA,31.31058076077218,NA,5.050093671092287,9.090168607966117,1.0100187342184574,NA,NA,NA,NA,NA,NA,NA,NA,NA,NA,NA,NA
2023-03-06,ACPI-24,0,92.47091071212338,0.9340496031527614,NA,1.9247916689600513,NA,0.9340496031527614,0.9340496031527614,2.8021488094582843,NA,NA,NA,NA,NA,NA,NA,NA,NA,NA,NA,NA,NA,NA,NA
2023-03-07,ACPI-23,382,27.177242888402624,19.47483588621444,2.0131291028446388,4.0262582056892775,1.0065645514223194,NA,31.2035010940919,NA,5.032822757111597,9.059080962800875,1.0065645514223194,NA,NA,NA,NA,NA,NA,NA,NA,NA,NA,NA,NA
2023-03-07,ACPI-24,0,92.47091071212338,0.9340496031527614,NA,1.9247916689600513,NA,0.9340496031527614,0.9340496031527614,2.8021488094582843,NA,NA,NA,NA,NA,NA,NA,NA,NA,NA,NA,NA,NA,NA,NA
2023-03-08,ACPI-23,500,28.011836241271673,20.07289392490482,2.0749508326867905,4.149901665373581,1.0374754163433952,NA,29.09081067426881,NA,5.187377081716977,9.337278747090558,1.0374754163433952,NA,NA,NA,NA,NA,NA,NA,NA,NA,NA,NA,NA
2023-03-08,ACPI-24,0,92.47091071212338,0.9340496031527614,NA,1.9247916689600513,NA,0.9340496031527614,0.9340496031527614,2.8021488094582843,NA,NA,NA,NA,NA,NA,NA,NA,NA,NA,NA,NA,NA,NA,NA
2023-03-09,ACPI-23,368,30.892547660311955,19.280762564991335,1.9930675909878681,3.9861351819757362,0.9965337954939341,NA,27.902946273830157,NA,4.98266897746967,8.968804159445407,0.9965337954939341,NA,NA,NA,NA,NA,NA,NA,NA,NA,NA,NA,NA
2023-03-09,ACPI-24,0,92.47091071212338,0.9340496031527614,NA,1.9247916689600513,NA,0.9340496031527614,0.9340496031527614,2.8021488094582843,NA,NA,NA,NA,NA,NA,NA,NA,NA,NA,NA,NA,NA,NA,NA
2023-03-10,ACPI-23,68,30.288870008496176,18.903993203058622,1.9541206457094307,3.9082412914188613,0.9770603228547153,NA,29.31180968564146,NA,4.885301614273576,8.793542905692437,0.9770603228547153,NA,NA,NA,NA,NA,NA,NA,NA,NA,NA,NA,NA
2023-03-10,ACPI-24,0,92.47091071212338,0.9340496031527614,NA,1.9247916689600513,NA,0.9340496031527614,0.9340496031527614,2.8021488094582843,NA,NA,NA,NA,NA,NA,NA,NA,NA,NA,NA,NA,NA,NA,NA
2023-03-11,ACPI-23,218,31.632653061224488,18.367346938775512,1.0204081632653061,2.0408163265306123,1.0204081632653061,NA,30.612244897959183,NA,5.1020408163265305,9.183673469387756,1.0204081632653061,NA,NA,NA,NA,NA,NA,NA,NA,NA,NA,NA,NA
2023-03-11,ACPI-24,0,92.47091071212338,0.9340496031527614,NA,1.9247916689600513,NA,0.9340496031527614,0.9340496031527614,2.8021488094582843,NA,NA,NA,NA,NA,NA,NA,NA,NA,NA,NA,NA,NA,NA,NA
2023-03-12,ACPI-23,0,31.632653061224488,18.367346938775512,1.0204081632653061,2.0408163265306123,1.0204081632653061,NA,30.612244897959183,NA,5.1020408163265305,9.183673469387756,1.0204081632653061,NA,NA,NA,NA,NA,NA,NA,NA,NA,NA,NA,NA
2023-03-12,ACPI-24,0,92.47091071212338,0.9340496031527614,NA,1.9247916689600513,NA,0.9340496031527614,0.9340496031527614,2.8021488094582843,NA,NA,NA,NA,NA,NA,NA,NA,NA,NA,NA,NA,NA,NA,NA
2023-03-13,ACPI-23,14422,26.472145638000306,21.24641160566104,2.9335495961731097,5.6656752329072875,3.7056448169779084,NA,27.452595476444767,NA,6.641278603168844,4.902249192222279,0.9804498384444558,NA,NA,NA,NA,NA,NA,NA,NA,NA,NA,NA,NA
2023-03-13,ACPI-24,0,92.47091071212338,0.9340496031527614,NA,1.9247916689600513,NA,0.9340496031527614,0.9340496031527614,2.8021488094582843,NA,NA,NA,NA,NA,NA,NA,NA,NA,NA,NA,NA,NA,NA,NA
2023-03-14,ACPI-23,143,28.005835757930743,20.40209161190546,2.8948685394035185,5.590969045697075,3.656783104286754,NA,27.090612367148697,NA,6.55370835209589,4.837609351276552,0.9675218702553104,NA,NA,NA,NA,NA,NA,NA,NA,NA,NA,NA,NA
2023-03-14,ACPI-24,0,92.47091071212338,0.9340496031527614,NA,1.9247916689600513,NA,0.9340496031527614,0.9340496031527614,2.8021488094582843,NA,NA,NA,NA,NA,NA,NA,NA,NA,NA,NA,NA,NA,NA,NA
2023-03-15,ACPI-23,173,27.75848362854518,21.097484289109033,2.8769296757875953,5.541588691161848,3.6244857968482376,NA,26.851343640684227,NA,6.495824926288687,4.794882792979325,0.9589765585958652,NA,NA,NA,NA,NA,NA,NA,NA,NA,NA,NA,NA
2023-03-15,ACPI-24,0,92.47091071212338,0.9340496031527614,NA,1.9247916689600513,NA,0.9340496031527614,0.9340496031527614,2.8021488094582843,NA,NA,NA,NA,NA,NA,NA,NA,NA,NA,NA,NA,NA,NA,NA
2023-03-16,ACPI-23,231,30.068409874762377,20.775558643626667,3.116333796544,6.002732798842562,3.926097908778287,NA,22.841823443509103,NA,7.036375940849008,5.193889660906667,1.0387779321813333,NA,NA,NA,NA,NA,NA,NA,NA,NA,NA,NA,NA
2023-03-16,ACPI-24,0,92.47091071212338,0.9340496031527614,NA,1.9247916689600513,NA,0.9340496031527614,0.9340496031527614,2.8021488094582843,NA,NA,NA,NA,NA,NA,NA,NA,NA,NA,NA,NA,NA,NA,NA
2023-03-17,ACPI-23,186,27.70655468728274,20.52337384243166,3.0785060763647487,4.680330376261853,2.9644873327956835,NA,27.70655468728274,NA,7.183180844851082,5.130843460607915,1.026168692121583,NA,NA,NA,NA,NA,NA,NA,NA,NA,NA,NA,NA
2023-03-17,ACPI-24,0,92.47091071212338,0.9340496031527614,NA,1.9247916689600513,NA,0.9340496031527614,0.9340496031527614,2.8021488094582843,NA,NA,NA,NA,NA,NA,NA,NA,NA,NA,NA,NA,NA,NA,NA
2023-03-18,ACPI-23,0,27.70655468728274,20.52337384243166,3.0785060763647487,4.680330376261853,2.9644873327956835,NA,27.70655468728274,NA,7.183180844851082,5.130843460607915,1.026168692121583,NA,NA,NA,NA,NA,NA,NA,NA,NA,NA,NA,NA
2023-03-18,ACPI-24,0,92.47091071212338,0.9340496031527614,NA,1.9247916689600513,NA,0.9340496031527614,0.9340496031527614,2.8021488094582843,NA,NA,NA,NA,NA,NA,NA,NA,NA,NA,NA,NA,NA,NA,NA
2023-03-19,ACPI-23,0,27.70655468728274,20.52337384243166,3.0785060763647487,4.680330376261853,2.9644873327956835,NA,27.70655468728274,NA,7.183180844851082,5.130843460607915,1.026168692121583,NA,NA,NA,NA,NA,NA,NA,NA,NA,NA,NA,NA
2023-03-19,ACPI-24,0,92.47091071212338,0.9340496031527614,NA,1.9247916689600513,NA,0.9340496031527614,0.9340496031527614,2.8021488094582843,NA,NA,NA,NA,NA,NA,NA,NA,NA,NA,NA,NA,NA,NA,NA
2023-03-20,ACPI-23,285,26.07777653843883,22.725918732899856,3.0989889181227075,4.711470956820701,2.065992612081805,NA,27.890900263104367,NA,7.2309741422863185,5.164981530204512,1.0329963060409024,NA,NA,NA,NA,NA,NA,NA,NA,NA,NA,NA,NA
2023-03-20,ACPI-24,0,92.47091071212338,0.9340496031527614,NA,1.9247916689600513,NA,0.9340496031527614,0.9340496031527614,2.8021488094582843,NA,NA,NA,NA,NA,NA,NA,NA,NA,NA,NA,NA,NA,NA,NA
2023-03-21,ACPI-23,4,27.835051546391753,21.649484536082475,3.0927835051546393,4.123711340206185,2.0618556701030926,NA,27.835051546391753,NA,7.216494845360826,5.154639175257732,1.0309278350515463,NA,NA,NA,NA,NA,NA,NA,NA,NA,NA,NA,NA
2023-03-21,ACPI-24,0,92.47091071212338,0.9340496031527614,NA,1.9247916689600513,NA,0.9340496031527614,0.9340496031527614,2.8021488094582843,NA,NA,NA,NA,NA,NA,NA,NA,NA,NA,NA,NA,NA,NA,NA
2023-03-22,ACPI-23,381,25.944494180841538,21.20561026559236,2.88272157564906,3.84362876753208,1.92181438376604,NA,26.905401372724562,NA,8.64816472694718,7.68725753506416,0.96090719188302,NA,NA,NA,NA,NA,NA,NA,NA,NA,NA,NA,NA
2023-03-22,ACPI-24,0,92.47091071212338,0.9340496031527614,NA,1.9247916689600513,NA,0.9340496031527614,0.9340496031527614,2.8021488094582843,NA,NA,NA,NA,NA,NA,NA,NA,NA,NA,NA,NA,NA,NA,NA
2023-03-23,ACPI-23,201,27.599177972114244,21.024079168409795,2.8580439736397216,3.810725298186296,1.905362649093148,NA,26.675077087304075,NA,7.553401930333551,7.621450596372592,0.952681324546574,NA,NA,NA,NA,NA,NA,NA,NA,NA,NA,NA,NA
2023-03-23,ACPI-24,0,92.47091071212338,0.9340496031527614,NA,1.9247916689600513,NA,0.9340496031527614,0.9340496031527614,2.8021488094582843,NA,NA,NA,NA,NA,NA,NA,NA,NA,NA,NA,NA,NA,NA,NA
2023-03-24,ACPI-23,100,24.849967109768613,21.82240749123388,2.9665698897455566,3.955426519660742,1.977713259830371,NA,27.6879856376252,NA,7.840220422898971,7.910853039321484,0.9888566299151855,NA,NA,NA,NA,NA,NA,NA,NA,NA,NA,NA,NA
2023-03-24,ACPI-24,0,92.47091071212338,0.9340496031527614,NA,1.9247916689600513,NA,0.9340496031527614,0.9340496031527614,2.8021488094582843,NA,NA,NA,NA,NA,NA,NA,NA,NA,NA,NA,NA,NA,NA,NA
2023-03-25,ACPI-23,0,24.849967109768613,21.82240749123388,2.9665698897455566,3.955426519660742,1.977713259830371,NA,27.6879856376252,NA,7.840220422898971,7.910853039321484,0.9888566299151855,NA,NA,NA,NA,NA,NA,NA,NA,NA,NA,NA,NA
2023-03-25,ACPI-24,0,92.47091071212338,0.9340496031527614,NA,1.9247916689600513,NA,0.9340496031527614,0.9340496031527614,2.8021488094582843,NA,NA,NA,NA,NA,NA,NA,NA,NA,NA,NA,NA,NA,NA,NA
2023-03-26,ACPI-23,0,24.849967109768613,21.82240749123388,2.9665698897455566,3.955426519660742,1.977713259830371,NA,27.6879856376252,NA,7.840220422898971,7.910853039321484,0.9888566299151855,NA,NA,NA,NA,NA,NA,NA,NA,NA,NA,NA,NA
2023-03-26,ACPI-24,0,92.47091071212338,0.9340496031527614,NA,1.9247916689600513,NA,0.9340496031527614,0.9340496031527614,2.8021488094582843,NA,NA,NA,NA,NA,NA,NA,NA,NA,NA,NA,NA,NA,NA,NA
2023-03-27,ACPI-23,758,23.764184615960456,22.516453072556104,2.9301470351718235,6.837009748734256,1.9534313567812156,NA,27.348038994937024,NA,5.860294070343647,7.813725427124862,0.9767156783906078,NA,NA,NA,NA,NA,NA,NA,NA,NA,NA,NA,NA
2023-03-27,ACPI-24,0,92.47091071212338,0.9340496031527614,NA,1.9247916689600513,NA,0.9340496031527614,0.9340496031527614,2.8021488094582843,NA,NA,NA,NA,NA,NA,NA,NA,NA,NA,NA,NA,NA,NA,NA
2023-03-28,ACPI-23,310,24.761904761904763,22.857142857142858,2.857142857142857,6.666666666666668,1.9047619047619047,NA,26.66666666666667,NA,5.714285714285714,7.619047619047619,0.9523809523809523,NA,NA,NA,NA,NA,NA,NA,NA,NA,NA,NA,NA
2023-03-28,ACPI-24,0,92.47091071212338,0.9340496031527614,NA,1.9247916689600513,NA,0.9340496031527614,0.9340496031527614,2.8021488094582843,NA,NA,NA,NA,NA,NA,NA,NA,NA,NA,NA,NA,NA,NA,NA
2023-03-29,ACPI-23,1669,26.405292678657695,25.238762227645957,3.01649866693275,7.0384968895097515,2.0109991112885,NA,25.22945531387859,NA,6.0329973338655,4.021998222577,1.00549955564425,NA,NA,NA,NA,NA,NA,NA,NA,NA,NA,NA,NA
2023-03-29,ACPI-24,0,92.47091071212338,0.9340496031527614,NA,1.9247916689600513,NA,0.9340496031527614,0.9340496031527614,2.8021488094582843,NA,NA,NA,NA,NA,NA,NA,NA,NA,NA,NA,NA,NA,NA,NA
2023-03-30,ACPI-23,230,27.67861709200634,27.951209533063977,2.767861709200634,6.458343988134814,1.8452411394670893,NA,23.149900271058147,NA,5.535723418401268,3.6904822789341787,0.9226205697335447,NA,NA,NA,NA,NA,NA,NA,NA,NA,NA,NA,NA
2023-03-30,ACPI-24,0,92.47091071212338,0.9340496031527614,NA,1.9247916689600513,NA,0.9340496031527614,0.9340496031527614,2.8021488094582843,NA,NA,NA,NA,NA,NA,NA,NA,NA,NA,NA,NA,NA,NA,NA
2023-03-31,ACPI-23,4233,27.897921829973704,28.172674090420415,4.860056959392998,6.00927649532997,1.8598614553315802,NA,21.900901892893433,NA,5.579584365994741,2.7897921829973704,0.9299307276657901,NA,NA,NA,NA,NA,NA,NA,NA,NA,NA,NA,NA
2023-03-31,ACPI-24,0,92.47091071212338,0.9340496031527614,NA,1.9247916689600513,NA,0.9340496031527614,0.9340496031527614,2.8021488094582843,NA,NA,NA,NA,NA,NA,NA,NA,NA,NA,NA,NA,NA,NA,NA
2023-04-01,ACPI-23,4,28.306218045919167,28.58499140546231,4.9311856577201825,6.097224438856613,1.8870812030612778,NA,20.757893233674057,NA,5.661243609183834,2.830621804591917,0.9435406015306389,NA,NA,NA,NA,NA,NA,NA,NA,NA,NA,NA,NA
2023-04-01,ACPI-24,0,92.47091071212338,0.9340496031527614,NA,1.9247916689600513,NA,0.9340496031527614,0.9340496031527614,2.8021488094582843,NA,NA,NA,NA,NA,NA,NA,NA,NA,NA,NA,NA,NA,NA,NA
2023-04-02,ACPI-23,0,28.306218045919167,28.58499140546231,4.9311856577201825,6.097224438856613,1.8870812030612778,NA,20.757893233674057,NA,5.661243609183834,2.830621804591917,0.9435406015306389,NA,NA,NA,NA,NA,NA,NA,NA,NA,NA,NA,NA
2023-04-02,ACPI-24,0,92.47091071212338,0.9340496031527614,NA,1.9247916689600513,NA,0.9340496031527614,0.9340496031527614,2.8021488094582843,NA,NA,NA,NA,NA,NA,NA,NA,NA,NA,NA,NA,NA,NA,NA
2023-04-03,ACPI-23,0,28.306218045919167,28.58499140546231,4.9311856577201825,6.097224438856613,1.8870812030612778,NA,20.757893233674057,NA,5.661243609183834,2.830621804591917,0.9435406015306389,NA,NA,NA,NA,NA,NA,NA,NA,NA,NA,NA,NA
2023-04-03,ACPI-24,0,92.47091071212338,0.9340496031527614,NA,1.9247916689600513,NA,0.9340496031527614,0.9340496031527614,2.8021488094582843,NA,NA,NA,NA,NA,NA,NA,NA,NA,NA,NA,NA,NA,NA,NA
2023-04-04,ACPI-23,1106,32.118101458005675,27.247043238631562,2.0073813411253547,4.5019911631063785,2.0073813411253547,NA,22.081194752378902,NA,7.025834693938743,2.0073813411253547,1.0036906705626774,NA,NA,NA,NA,NA,NA,NA,NA,NA,NA,NA,NA
2023-04-04,ACPI-24,0,92.47091071212338,0.9340496031527614,NA,1.9247916689600513,NA,0.9340496031527614,0.9340496031527614,2.8021488094582843,NA,NA,NA,NA,NA,NA,NA,NA,NA,NA,NA,NA,NA,NA,NA
2023-04-05,ACPI-23,196,34.04255319148936,25.53191489361702,2.127659574468085,5.319148936170213,1.0638297872340425,NA,22.340425531914892,NA,6.382978723404255,2.127659574468085,1.0638297872340425,NA,NA,NA,NA,NA,NA,NA,NA,NA,NA,NA,NA
2023-04-05,ACPI-24,0,92.47091071212338,0.9340496031527614,NA,1.9247916689600513,NA,0.9340496031527614,0.9340496031527614,2.8021488094582843,NA,NA,NA,NA,NA,NA,NA,NA,NA,NA,NA,NA,NA,NA,NA
2023-04-06,ACPI-23,106,33.68421052631579,25.263157894736842,2.1052631578947367,5.2631578947368425,1.0526315789473684,NA,22.105263157894736,NA,6.315789473684211,3.1578947368421053,1.0526315789473684,NA,NA,NA,NA,NA,NA,NA,NA,NA,NA,NA,NA
2023-04-06,ACPI-24,0,92.47091071212338,0.9340496031527614,NA,1.9247916689600513,NA,0.9340496031527614,0.9340496031527614,2.8021488094582843,NA,NA,NA,NA,NA,NA,NA,NA,NA,NA,NA,NA,NA,NA,NA
2023-04-07,ACPI-23,81,31,28.99999999999999,2,5,1,NA,21,NA,7.000000000000003,3,1,NA,NA,NA,NA,NA,NA,NA,NA,NA,NA,NA,NA
2023-04-07,ACPI-24,0,92.47091071212338,0.9340496031527614,NA,1.9247916689600513,NA,0.9340496031527614,0.9340496031527614,2.8021488094582843,NA,NA,NA,NA,NA,NA,NA,NA,NA,NA,NA,NA,NA,NA,NA
2023-04-08,ACPI-23,0,31,28.99999999999999,2,5,1,NA,21,NA,7.000000000000003,3,1,NA,NA,NA,NA,NA,NA,NA,NA,NA,NA,NA,NA
2023-04-08,ACPI-24,0,92.47091071212338,0.9340496031527614,NA,1.9247916689600513,NA,0.9340496031527614,0.9340496031527614,2.8021488094582843,NA,NA,NA,NA,NA,NA,NA,NA,NA,NA,NA,NA,NA,NA,NA
2023-04-09,ACPI-23,0,31,28.99999999999999,2,5,1,NA,21,NA,7.000000000000003,3,1,NA,NA,NA,NA,NA,NA,NA,NA,NA,NA,NA,NA
2023-04-09,ACPI-24,0,92.47091071212338,0.9340496031527614,NA,1.9247916689600513,NA,0.9340496031527614,0.9340496031527614,2.8021488094582843,NA,NA,NA,NA,NA,NA,NA,NA,NA,NA,NA,NA,NA,NA,NA
2023-04-10,ACPI-23,1085,32.60061437197583,29.836033765271843,1.926325736551401,4.815814341378503,0.9631628682757005,NA,19.26325736551401,NA,6.742140077929904,2.8894886048271013,0.9631628682757005,NA,NA,NA,NA,NA,NA,NA,NA,NA,NA,NA,NA
2023-04-10,ACPI-24,0,92.47091071212338,0.9340496031527614,NA,1.9247916689600513,NA,0.9340496031527614,0.9340496031527614,2.8021488094582843,NA,NA,NA,NA,NA,NA,NA,NA,NA,NA,NA,NA,NA,NA,NA
2023-04-11,ACPI-23,283,31.885375771040046,29.18144846193198,3.1359737246284873,4.710158163473618,2.8260948980841705,NA,17.898601021199745,NA,6.594221428863065,2.8260948980841705,0.9420316326947235,NA,NA,NA,NA,NA,NA,NA,NA,NA,NA,NA,NA
2023-04-11,ACPI-24,0,92.47091071212338,0.9340496031527614,NA,1.9247916689600513,NA,0.9340496031527614,0.9340496031527614,2.8021488094582843,NA,NA,NA,NA,NA,NA,NA,NA,NA,NA,NA,NA,NA,NA,NA
2023-04-12,ACPI-23,281,34.85561636611475,27.908947529483772,2.9992248756490207,4.504764635362165,2.7028587812172993,NA,17.11810561437623,NA,6.306670489507033,2.7028587812172993,0.9009529270724331,NA,NA,NA,NA,NA,NA,NA,NA,NA,NA,NA,NA
2023-04-12,ACPI-24,0,92.47091071212338,0.9340496031527614,NA,1.9247916689600513,NA,0.9340496031527614,0.9340496031527614,2.8021488094582843,NA,NA,NA,NA,NA,NA,NA,NA,NA,NA,NA,NA,NA,NA,NA
2023-04-13,ACPI-23,89,33.663366336633665,32.67326732673267,3.9603960396039604,4.9504950495049505,1.9801980198019802,NA,11.881188118811881,NA,6.9306930693069315,2.9702970297029703,0.9900990099009901,NA,NA,NA,NA,NA,NA,NA,NA,NA,NA,NA,NA
2023-04-13,ACPI-24,0,92.47091071212338,0.9340496031527614,NA,1.9247916689600513,NA,0.9340496031527614,0.9340496031527614,2.8021488094582843,NA,NA,NA,NA,NA,NA,NA,NA,NA,NA,NA,NA,NA,NA,NA
2023-04-14,ACPI-23,32,32.407407407407405,36.111111111111114,3.7037037037037037,4.62962962962963,1.8518518518518519,NA,11.11111111111111,NA,6.481481481481483,2.7777777777777777,0.9259259259259259,NA,NA,NA,NA,NA,NA,NA,NA,NA,NA,NA,NA
2023-04-14,ACPI-24,0,92.47091071212338,0.9340496031527614,NA,1.9247916689600513,NA,0.9340496031527614,0.9340496031527614,2.8021488094582843,NA,NA,NA,NA,NA,NA,NA,NA,NA,NA,NA,NA,NA,NA,NA
2023-04-15,ACPI-23,88,34.629629629629626,33.79629629629629,2.0370370370370368,5.092592592592593,1.0185185185185184,NA,12.222222222222221,NA,7.129629629629631,3.0555555555555554,1.0185185185185184,NA,NA,NA,NA,NA,NA,NA,NA,NA,NA,NA,NA
2023-04-15,ACPI-24,0,92.47091071212338,0.9340496031527614,NA,1.9247916689600513,NA,0.9340496031527614,0.9340496031527614,2.8021488094582843,NA,NA,NA,NA,NA,NA,NA,NA,NA,NA,NA,NA,NA,NA,NA
2023-04-16,ACPI-23,0,34.629629629629626,33.79629629629629,2.0370370370370368,5.092592592592593,1.0185185185185184,NA,12.222222222222221,NA,7.129629629629631,3.0555555555555554,1.0185185185185184,NA,NA,NA,NA,NA,NA,NA,NA,NA,NA,NA,NA
2023-04-16,ACPI-24,0,92.47091071212338,0.9340496031527614,NA,1.9247916689600513,NA,0.9340496031527614,0.9340496031527614,2.8021488094582843,NA,NA,NA,NA,NA,NA,NA,NA,NA,NA,NA,NA,NA,NA,NA
2023-04-17,ACPI-23,194,35.062006764374296,33.483652762119505,2.029312288613303,5.0732807215332585,1.0146561443066515,NA,12.17587373167982,NA,7.102593010146562,3.043968432919955,1.0146561443066515,NA,NA,NA,NA,NA,NA,NA,NA,NA,NA,NA,NA
2023-04-17,ACPI-24,0,92.47091071212338,0.9340496031527614,NA,1.9247916689600513,NA,0.9340496031527614,0.9340496031527614,2.8021488094582843,NA,NA,NA,NA,NA,NA,NA,NA,NA,NA,NA,NA,NA,NA,NA
2023-04-18,ACPI-23,104,34.70982142857143,33.14732142857143,2.5111607142857144,4.520089285714286,1.0044642857142856,NA,12.053571428571429,NA,8.035714285714285,3.013392857142857,1.0044642857142856,NA,NA,NA,NA,NA,NA,NA,NA,NA,NA,NA,NA
2023-04-18,ACPI-24,0,92.47091071212338,0.9340496031527614,NA,1.9247916689600513,NA,0.9340496031527614,0.9340496031527614,2.8021488094582843,NA,NA,NA,NA,NA,NA,NA,NA,NA,NA,NA,NA,NA,NA,NA
2023-04-19,ACPI-23,0,34.70982142857143,33.14732142857143,2.5111607142857144,4.520089285714286,1.0044642857142856,NA,12.053571428571429,NA,8.035714285714285,3.013392857142857,1.0044642857142856,NA,NA,NA,NA,NA,NA,NA,NA,NA,NA,NA,NA
2023-04-19,ACPI-24,0,92.47091071212338,0.9340496031527614,NA,1.9247916689600513,NA,0.9340496031527614,0.9340496031527614,2.8021488094582843,NA,NA,NA,NA,NA,NA,NA,NA,NA,NA,NA,NA,NA,NA,NA
2023-04-20,ACPI-23,225,32.43215058529082,35.66493729958026,2.346377453919754,4.223479417055557,0.9385509815679016,NA,12.20116276038272,NA,8.439137575931383,2.8156529447037046,0.9385509815679016,NA,NA,NA,NA,NA,NA,NA,NA,NA,NA,NA,NA
2023-04-20,ACPI-24,0,92.47091071212338,0.9340496031527614,NA,1.9247916689600513,NA,0.9340496031527614,0.9340496031527614,2.8021488094582843,NA,NA,NA,NA,NA,NA,NA,NA,NA,NA,NA,NA,NA,NA,NA
2023-04-21,ACPI-23,456,29.27694861286896,36.644749424922715,2.4108387779554414,4.339509800319795,0.9643355111821766,NA,11.933651950879437,NA,9.161187356230679,4.304443054458625,0.9643355111821766,NA,NA,NA,NA,NA,NA,NA,NA,NA,NA,NA,NA
2023-04-21,ACPI-24,0,92.47091071212338,0.9340496031527614,NA,1.9247916689600513,NA,0.9340496031527614,0.9340496031527614,2.8021488094582843,NA,NA,NA,NA,NA,NA,NA,NA,NA,NA,NA,NA,NA,NA,NA
2023-04-22,ACPI-23,130,29.3832058710709,35.80991179974352,2.419588635117805,4.355259543212049,0.967835454047122,NA,12.581860902612586,NA,9.194436813447659,4.320065526701245,0.967835454047122,NA,NA,NA,NA,NA,NA,NA,NA,NA,NA,NA,NA
2023-04-22,ACPI-24,0,92.47091071212338,0.9340496031527614,NA,1.9247916689600513,NA,0.9340496031527614,0.9340496031527614,2.8021488094582843,NA,NA,NA,NA,NA,NA,NA,NA,NA,NA,NA,NA,NA,NA,NA
2023-04-23,ACPI-23,64,29.3832058710709,35.80991179974352,2.419588635117805,4.355259543212049,0.967835454047122,NA,12.581860902612586,NA,9.194436813447659,4.320065526701245,0.967835454047122,NA,NA,NA,NA,NA,NA,NA,NA,NA,NA,NA,NA
2023-04-23,ACPI-24,0,92.47091071212338,0.9340496031527614,NA,1.9247916689600513,NA,0.9340496031527614,0.9340496031527614,2.8021488094582843,NA,NA,NA,NA,NA,NA,NA,NA,NA,NA,NA,NA,NA,NA,NA
2023-04-24,ACPI-23,4669,32.92416221735817,37.518035337803695,1.728277136922907,3.910347712032276,1.0620697489470379,NA,12.744836987364454,NA,5.247874053620658,3.80232705700376,1.0620697489470379,NA,NA,NA,NA,NA,NA,NA,NA,NA,NA,NA,NA
2023-04-24,ACPI-24,0,92.47091071212338,0.9340496031527614,NA,1.9247916689600513,NA,0.9340496031527614,0.9340496031527614,2.8021488094582843,NA,NA,NA,NA,NA,NA,NA,NA,NA,NA,NA,NA,NA,NA,NA
2023-04-25,ACPI-23,2723,33.05901727162531,40.48129985906118,1.735356038598513,3.1992597359637394,1.066419911987913,NA,12.797038943854957,NA,3.3959285909567405,3.1992597359637394,1.066419911987913,NA,NA,NA,NA,NA,NA,NA,NA,NA,NA,NA,NA
2023-04-25,ACPI-24,0,92.47091071212338,0.9340496031527614,NA,1.9247916689600513,NA,0.9340496031527614,0.9340496031527614,2.8021488094582843,NA,NA,NA,NA,NA,NA,NA,NA,NA,NA,NA,NA,NA,NA,NA
2023-04-26,ACPI-23,662,33.04492136677107,39.44071259904934,1.7346161069360764,3.1978956161391356,1.065965205379712,NA,12.791582464556543,NA,3.3944806142695754,4.263860821518848,1.065965205379712,NA,NA,NA,NA,NA,NA,NA,NA,NA,NA,NA,NA
2023-04-26,ACPI-24,0,92.47091071212338,0.9340496031527614,NA,1.9247916689600513,NA,0.9340496031527614,0.9340496031527614,2.8021488094582843,NA,NA,NA,NA,NA,NA,NA,NA,NA,NA,NA,NA,NA,NA,NA
2023-04-27,ACPI-23,239,32.95672707969955,39.60234055750642,1.7299865534505041,3.1893606851322143,1.0631202283774048,NA,12.757442740528857,NA,3.3854210134180316,4.252480913509619,1.0631202283774048,NA,NA,NA,NA,NA,NA,NA,NA,NA,NA,NA,NA
2023-04-27,ACPI-24,0,92.47091071212338,0.9340496031527614,NA,1.9247916689600513,NA,0.9340496031527614,0.9340496031527614,2.8021488094582843,NA,NA,NA,NA,NA,NA,NA,NA,NA,NA,NA,NA,NA,NA,NA
2023-04-28,ACPI-23,2046,32.484392800698366,38.56544012560006,1.705192466664225,3.1436509161966164,1.0478836387322055,NA,12.574603664786466,NA,4.191534554928822,5.239418193661027,1.0478836387322055,NA,NA,NA,NA,NA,NA,NA,NA,NA,NA,NA,NA
2023-04-28,ACPI-24,0,92.47091071212338,0.9340496031527614,NA,1.9247916689600513,NA,0.9340496031527614,0.9340496031527614,2.8021488094582843,NA,NA,NA,NA,NA,NA,NA,NA,NA,NA,NA,NA,NA,NA,NA
2023-04-29,ACPI-23,12058,34.94685526238518,36.87767713159602,1.6648585901018629,3.06929237281349,1.0230974576044967,NA,14.23343952466298,NA,3.06929237281349,4.092389830417987,1.0230974576044967,NA,NA,NA,NA,NA,NA,NA,NA,NA,NA,NA,NA
2023-04-29,ACPI-24,0,92.47091071212338,0.9340496031527614,NA,1.9247916689600513,NA,0.9340496031527614,0.9340496031527614,2.8021488094582843,NA,NA,NA,NA,NA,NA,NA,NA,NA,NA,NA,NA,NA,NA,NA
2023-04-30,ACPI-23,5471,34.70678743027123,37.96465952793349,1.6454123762130355,3.0334418108955408,1.0111472702985136,NA,12.133767243582163,NA,3.0334418108955408,5.460195259611973,1.0111472702985136,NA,NA,NA,NA,NA,NA,NA,NA,NA,NA,NA,NA
2023-04-30,ACPI-24,0,92.47091071212338,0.9340496031527614,NA,1.9247916689600513,NA,0.9340496031527614,0.9340496031527614,2.8021488094582843,NA,NA,NA,NA,NA,NA,NA,NA,NA,NA,NA,NA,NA,NA,NA
2023-05-01,ACPI-23,13162,33.58816622255571,33.9434310390141,2.7620483572118517,3.2258033647240887,1.8718013660443953,NA,13.57032651213034,NA,3.697218180693392,6.405304274603922,0.9359006830221976,NA,NA,NA,NA,NA,NA,NA,NA,NA,NA,NA,NA
2023-05-01,ACPI-24,0,92.47091071212338,0.9340496031527614,NA,1.9247916689600513,NA,0.9340496031527614,0.9340496031527614,2.8021488094582843,NA,NA,NA,NA,NA,NA,NA,NA,NA,NA,NA,NA,NA,NA,NA
2023-05-02,ACPI-23,8172,31.866611356581643,35.059525828038645,2.7794565615903775,3.2461344512930217,1.8835986615736442,NA,13.185190631015514,NA,5.650795984720933,5.386887194399402,0.9417993307868221,NA,NA,NA,NA,NA,NA,NA,NA,NA,NA,NA,NA
2023-05-02,ACPI-24,0,92.47091071212338,0.9340496031527614,NA,1.9247916689600513,NA,0.9340496031527614,0.9340496031527614,2.8021488094582843,NA,NA,NA,NA,NA,NA,NA,NA,NA,NA,NA,NA,NA,NA,NA
2023-05-03,ACPI-23,5414,33.81410966979345,34.264259233942525,1.955473077117022,2.712874621070798,1.955473077117022,NA,12.747704236902104,NA,8.070584877509104,3.5017846679894493,0.977736538558511,NA,NA,NA,NA,NA,NA,NA,NA,NA,NA,NA,NA
2023-05-03,ACPI-24,0,92.47091071212338,0.9340496031527614,NA,1.9247916689600513,NA,0.9340496031527614,0.9340496031527614,2.8021488094582843,NA,NA,NA,NA,NA,NA,NA,NA,NA,NA,NA,NA,NA,NA,NA
2023-05-04,ACPI-23,3132,36.820979508687586,28.715289149768992,2.0863342141216545,3.129501321182482,2.0863342141216545,NA,13.561172391790755,NA,7.341386557961915,5.215835535304136,1.0431671070608273,NA,NA,NA,NA,NA,NA,NA,NA,NA,NA,NA,NA
2023-05-04,ACPI-24,0,92.47091071212338,0.9340496031527614,NA,1.9247916689600513,NA,0.9340496031527614,0.9340496031527614,2.8021488094582843,NA,NA,NA,NA,NA,NA,NA,NA,NA,NA,NA,NA,NA,NA,NA
2023-05-05,ACPI-23,9734,36.52259753190394,29.54799696468079,2.2114924963170655,3.317238744475598,2.2114924963170655,NA,11.772911132419097,NA,7.78179314493524,5.528731240792664,1.1057462481585327,NA,NA,NA,NA,NA,NA,NA,NA,NA,NA,NA,NA
2023-05-05,ACPI-24,0,92.47091071212338,0.9340496031527614,NA,1.9247916689600513,NA,0.9340496031527614,0.9340496031527614,2.8021488094582843,NA,NA,NA,NA,NA,NA,NA,NA,NA,NA,NA,NA,NA,NA,NA
2023-05-06,ACPI-23,141,35.92209164070047,30.706371388428636,2.175131055397356,3.262696583096034,2.175131055397356,NA,11.579340494803388,NA,7.653844615984683,5.43782763849339,1.087565527698678,NA,NA,NA,NA,NA,NA,NA,NA,NA,NA,NA,NA
2023-05-06,ACPI-24,0,92.47091071212338,0.9340496031527614,NA,1.9247916689600513,NA,0.9340496031527614,0.9340496031527614,2.8021488094582843,NA,NA,NA,NA,NA,NA,NA,NA,NA,NA,NA,NA,NA,NA,NA
2023-05-07,ACPI-23,2243,37.05443458072877,32.556692004600336,2.242487395375516,2.989983193834021,1.121243697687758,NA,8.89836920898886,NA,8.969949581502064,5.045596639594911,1.121243697687758,NA,NA,NA,NA,NA,NA,NA,NA,NA,NA,NA,NA
2023-05-07,ACPI-24,0,92.47091071212338,0.9340496031527614,NA,1.9247916689600513,NA,0.9340496031527614,0.9340496031527614,2.8021488094582843,NA,NA,NA,NA,NA,NA,NA,NA,NA,NA,NA,NA,NA,NA,NA
2023-05-08,ACPI-23,204,37.29433272394881,30.71297989031079,2.1937842778793417,2.925045703839122,1.0968921389396709,NA,10.968921389396709,NA,8.775137111517367,4.936014625228519,1.0968921389396709,NA,NA,NA,NA,NA,NA,NA,NA,NA,NA,NA,NA
2023-05-08,ACPI-24,0,92.47091071212338,0.9340496031527614,NA,1.9247916689600513,NA,0.9340496031527614,0.9340496031527614,2.8021488094582843,NA,NA,NA,NA,NA,NA,NA,NA,NA,NA,NA,NA,NA,NA,NA
2023-05-09,ACPI-23,2153,38.284088308442286,32.67654605762387,1.0598032544503373,2.1196065089006746,1.0598032544503373,NA,13.071663266882103,NA,6.429473076998712,4.239213017801349,1.0598032544503373,NA,NA,NA,NA,NA,NA,NA,NA,NA,NA,NA,NA
2023-05-09,ACPI-24,0,92.47091071212338,0.9340496031527614,NA,1.9247916689600513,NA,0.9340496031527614,0.9340496031527614,2.8021488094582843,NA,NA,NA,NA,NA,NA,NA,NA,NA,NA,NA,NA,NA,NA,NA
2023-05-10,ACPI-23,12081,42.66431511380743,28.148783891616713,0.9880478849323914,1.9760957698647827,0.9880478849323914,NA,14.42262629127168,NA,5.994157168589841,3.8298781100523693,0.9880478849323914,NA,NA,NA,NA,NA,NA,NA,NA,NA,NA,NA,NA
2023-05-10,ACPI-24,0,92.47091071212338,0.9340496031527614,NA,1.9247916689600513,NA,0.9340496031527614,0.9340496031527614,2.8021488094582843,NA,NA,NA,NA,NA,NA,NA,NA,NA,NA,NA,NA,NA,NA,NA
2023-05-11,ACPI-23,3179,43.75076290971916,23.937771475268118,1.0407726728377442,2.0815453456754884,1.0407726728377442,NA,20.815453456754884,NA,2.2578984930174393,4.034250301051677,1.0407726728377442,NA,NA,NA,NA,NA,NA,NA,NA,NA,NA,NA,NA
2023-05-11,ACPI-24,0,92.47091071212338,0.9340496031527614,NA,1.9247916689600513,NA,0.9340496031527614,0.9340496031527614,2.8021488094582843,NA,NA,NA,NA,NA,NA,NA,NA,NA,NA,NA,NA,NA,NA,NA
2023-05-12,ACPI-23,805,45.2817243646551,23.669992281524255,1.0291300991967067,2.0582601983934135,1.0291300991967067,NA,20.582601983934133,NA,2.232640576312855,3.08739029759012,1.0291300991967067,NA,NA,NA,NA,NA,NA,NA,NA,NA,NA,NA,NA
2023-05-12,ACPI-24,0,92.47091071212338,0.9340496031527614,NA,1.9247916689600513,NA,0.9340496031527614,0.9340496031527614,2.8021488094582843,NA,NA,NA,NA,NA,NA,NA,NA,NA,NA,NA,NA,NA,NA,NA
2023-05-13,ACPI-23,537,44.89795918367347,23.46938775510204,1.0204081632653061,2.0408163265306123,1.0204081632653061,NA,20.408163265306122,NA,3.061224489795918,3.061224489795918,1.0204081632653061,NA,NA,NA,NA,NA,NA,NA,NA,NA,NA,NA,NA
2023-05-13,ACPI-24,0,92.47091071212338,0.9340496031527614,NA,1.9247916689600513,NA,0.9340496031527614,0.9340496031527614,2.8021488094582843,NA,NA,NA,NA,NA,NA,NA,NA,NA,NA,NA,NA,NA,NA,NA
2023-05-14,ACPI-23,48,44.89795918367347,23.46938775510204,1.0204081632653061,2.0408163265306123,1.0204081632653061,NA,20.408163265306122,NA,3.061224489795918,3.061224489795918,1.0204081632653061,NA,NA,NA,NA,NA,NA,NA,NA,NA,NA,NA,NA
2023-05-14,ACPI-24,0,92.47091071212338,0.9340496031527614,NA,1.9247916689600513,NA,0.9340496031527614,0.9340496031527614,2.8021488094582843,NA,NA,NA,NA,NA,NA,NA,NA,NA,NA,NA,NA,NA,NA,NA
2023-05-15,ACPI-23,187,44.35827840248158,22.373012795657235,1.0081426909654905,2.016285381930981,1.0081426909654905,NA,22.17913920124079,NA,3.0244280728964714,3.0244280728964714,1.0081426909654905,NA,NA,NA,NA,NA,NA,NA,NA,NA,NA,NA,NA
2023-05-15,ACPI-24,0,92.47091071212338,0.9340496031527614,NA,1.9247916689600513,NA,0.9340496031527614,0.9340496031527614,2.8021488094582843,NA,NA,NA,NA,NA,NA,NA,NA,NA,NA,NA,NA,NA,NA,NA
2023-05-16,ACPI-23,6550,43.337997243216,21.69213072582109,0.9860059420827768,1.9720118841655536,0.9860059420827768,NA,24.619335866379334,NA,1.9720118841655536,3.4484945700041303,0.9860059420827768,NA,NA,NA,NA,NA,NA,NA,NA,NA,NA,NA,NA
2023-05-16,ACPI-24,0,92.47091071212338,0.9340496031527614,NA,1.9247916689600513,NA,0.9340496031527614,0.9340496031527614,2.8021488094582843,NA,NA,NA,NA,NA,NA,NA,NA,NA,NA,NA,NA,NA,NA,NA
2023-05-17,ACPI-23,58,42.22535249959081,23.702579862255124,0.9606915667440931,1.9213831334881861,0.9606915667440931,NA,23.987267557141575,NA,1.9213831334881861,3.3599591138038383,0.9606915667440931,NA,NA,NA,NA,NA,NA,NA,NA,NA,NA,NA,NA
2023-05-17,ACPI-24,0,92.47091071212338,0.9340496031527614,NA,1.9247916689600513,NA,0.9340496031527614,0.9340496031527614,2.8021488094582843,NA,NA,NA,NA,NA,NA,NA,NA,NA,NA,NA,NA,NA,NA,NA
2023-05-18,ACPI-23,1773,41.4749629417918,24.11484735556576,0.9436190527856287,1.8872381055712575,0.9436190527856287,NA,23.560988224241168,NA,2.8308571583568862,3.3002490561162334,0.9436190527856287,NA,NA,NA,NA,NA,NA,NA,NA,NA,NA,NA,NA
2023-05-18,ACPI-24,0,92.47091071212338,0.9340496031527614,NA,1.9247916689600513,NA,0.9340496031527614,0.9340496031527614,2.8021488094582843,NA,NA,NA,NA,NA,NA,NA,NA,NA,NA,NA,NA,NA,NA,NA
2023-05-19,ACPI-23,2707,42.80665307001431,21.196843212019104,0.9728784788639616,1.9457569577279232,0.9728784788639616,NA,24.32196197159904,NA,2.918635436591885,3.8915139154558465,0.9728784788639616,NA,NA,NA,NA,NA,NA,NA,NA,NA,NA,NA,NA
2023-05-19,ACPI-24,0,92.47091071212338,0.9340496031527614,NA,1.9247916689600513,NA,0.9340496031527614,0.9340496031527614,2.8021488094582843,NA,NA,NA,NA,NA,NA,NA,NA,NA,NA,NA,NA,NA,NA,NA
2023-05-20,ACPI-23,582,42.90682122157824,21.034329023629066,1.001634715410908,2.003269430821816,1.001634715410908,NA,25.040867885272696,NA,2.003269430821816,4.006538861643632,1.001634715410908,NA,NA,NA,NA,NA,NA,NA,NA,NA,NA,NA,NA
2023-05-20,ACPI-24,0,92.47091071212338,0.9340496031527614,NA,1.9247916689600513,NA,0.9340496031527614,0.9340496031527614,2.8021488094582843,NA,NA,NA,NA,NA,NA,NA,NA,NA,NA,NA,NA,NA,NA,NA
2023-05-21,ACPI-23,50,43.34093911372643,21.247147832352585,1.0117689443977422,2.0235378887954845,1.0117689443977422,NA,25.294223609943554,NA,2.0235378887954845,3.0353068331932267,1.0117689443977422,NA,NA,NA,NA,NA,NA,NA,NA,NA,NA,NA,NA
2023-05-21,ACPI-24,0,92.47091071212338,0.9340496031527614,NA,1.9247916689600513,NA,0.9340496031527614,0.9340496031527614,2.8021488094582843,NA,NA,NA,NA,NA,NA,NA,NA,NA,NA,NA,NA,NA,NA,NA
2023-05-22,ACPI-23,50,43.783931333596186,20.442206787783203,1.0221103393891602,2.0442206787783204,1.0221103393891602,NA,25.552758484729,NA,2.0442206787783204,3.0663310181674803,1.0221103393891602,NA,NA,NA,NA,NA,NA,NA,NA,NA,NA,NA,NA
2023-05-22,ACPI-24,0,92.47091071212338,0.9340496031527614,NA,1.9247916689600513,NA,0.9340496031527614,0.9340496031527614,2.8021488094582843,NA,NA,NA,NA,NA,NA,NA,NA,NA,NA,NA,NA,NA,NA,NA
2023-05-23,ACPI-23,1979,41.062352728734695,26.554831819882065,1.0126350857887718,2.0252701715775436,1.0126350857887718,NA,22.25646459349552,NA,2.0252701715775436,3.0379052573663157,1.0126350857887718,NA,NA,NA,NA,NA,NA,NA,NA,NA,NA,NA,NA
2023-05-23,ACPI-24,0,92.47091071212338,0.9340496031527614,NA,1.9247916689600513,NA,0.9340496031527614,0.9340496031527614,2.8021488094582843,NA,NA,NA,NA,NA,NA,NA,NA,NA,NA,NA,NA,NA,NA,NA
2023-05-24,ACPI-23,6235,39.38248267170763,26.583175803402646,0.9845620667926906,1.9691241335853813,0.9845620667926906,NA,23.204158790170133,NA,1.9691241335853813,3.9382482671707626,0.9845620667926906,NA,NA,NA,NA,NA,NA,NA,NA,NA,NA,NA,NA
2023-05-24,ACPI-24,0,92.47091071212338,0.9340496031527614,NA,1.9247916689600513,NA,0.9340496031527614,0.9340496031527614,2.8021488094582843,NA,NA,NA,NA,NA,NA,NA,NA,NA,NA,NA,NA,NA,NA,NA
2023-05-25,ACPI-23,394,41.9234069105374,25.34903673660401,0.9749629514078465,1.949925902815693,0.9749629514078465,NA,22.977926838780128,NA,1.949925902815693,2.9248888542235396,0.9749629514078465,NA,NA,NA,NA,NA,NA,NA,NA,NA,NA,NA,NA
2023-05-25,ACPI-24,0,92.47091071212338,0.9340496031527614,NA,1.9247916689600513,NA,0.9340496031527614,0.9340496031527614,2.8021488094582843,NA,NA,NA,NA,NA,NA,NA,NA,NA,NA,NA,NA,NA,NA,NA
2023-05-26,ACPI-23,4135,41.050917289704394,26.118594241199688,0.9546724951094046,1.909344990218809,0.9546724951094046,NA,22.812320310540436,NA,1.909344990218809,3.335460692789648,0.9546724951094046,NA,NA,NA,NA,NA,NA,NA,NA,NA,NA,NA,NA
2023-05-26,ACPI-24,0,92.47091071212338,0.9340496031527614,NA,1.9247916689600513,NA,0.9340496031527614,0.9340496031527614,2.8021488094582843,NA,NA,NA,NA,NA,NA,NA,NA,NA,NA,NA,NA,NA,NA,NA
2023-05-27,ACPI-23,1600,42.01300190995393,24.387082038894185,0.9770465560454402,1.9540931120908804,0.9770465560454402,NA,23.34695836425529,NA,1.9540931120908804,3.4136317945785133,0.9770465560454402,NA,NA,NA,NA,NA,NA,NA,NA,NA,NA,NA,NA
2023-05-27,ACPI-24,0,92.47091071212338,0.9340496031527614,NA,1.9247916689600513,NA,0.9340496031527614,0.9340496031527614,2.8021488094582843,NA,NA,NA,NA,NA,NA,NA,NA,NA,NA,NA,NA,NA,NA,NA
2023-05-28,ACPI-23,1575,38.1332111357291,28.599908351796824,0.9533302783932275,1.906660556786455,0.9533302783932275,NA,22.780247450148575,NA,2.8599908351796826,2.8599908351796826,0.9533302783932275,NA,NA,NA,NA,NA,NA,NA,NA,NA,NA,NA,NA
2023-05-28,ACPI-24,0,92.47091071212338,0.9340496031527614,NA,1.9247916689600513,NA,0.9340496031527614,0.9340496031527614,2.8021488094582843,NA,NA,NA,NA,NA,NA,NA,NA,NA,NA,NA,NA,NA,NA,NA
2023-05-29,ACPI-23,167,40.44675829654609,24.268054977927655,1.0111689574136522,2.0223379148273044,1.0111689574136522,NA,24.16232819397608,NA,3.033506872240957,3.033506872240957,1.0111689574136522,NA,NA,NA,NA,NA,NA,NA,NA,NA,NA,NA,NA
2023-05-29,ACPI-24,0,92.47091071212338,0.9340496031527614,NA,1.9247916689600513,NA,0.9340496031527614,0.9340496031527614,2.8021488094582843,NA,NA,NA,NA,NA,NA,NA,NA,NA,NA,NA,NA,NA,NA,NA
2023-05-30,ACPI-23,3150,40.997540413189334,22.949060522834845,0.9562108551181185,1.912421710236237,0.9562108551181185,NA,25.535079657676512,NA,2.8686325653543556,2.8686325653543556,0.9562108551181185,NA,NA,NA,NA,NA,NA,NA,NA,NA,NA,NA,NA
2023-05-30,ACPI-24,0,92.47091071212338,0.9340496031527614,NA,1.9247916689600513,NA,0.9340496031527614,0.9340496031527614,2.8021488094582843,NA,NA,NA,NA,NA,NA,NA,NA,NA,NA,NA,NA,NA,NA,NA
2023-05-31,ACPI-23,12863,37.87797557577556,21.561987219572355,1.0011799711658738,2.0023599423317475,1.0011799711658738,NA,29.54997854289579,NA,2.0023599423317475,4.001798863595178,1.0011799711658738,NA,NA,NA,NA,NA,NA,NA,NA,NA,NA,NA,NA
2023-05-31,ACPI-24,0,92.47091071212338,0.9340496031527614,NA,1.9247916689600513,NA,0.9340496031527614,0.9340496031527614,2.8021488094582843,NA,NA,NA,NA,NA,NA,NA,NA,NA,NA,NA,NA,NA,NA,NA
2023-06-01,ACPI-23,7516,35.75510411160566,21.361134840290337,0.9918538651233086,1.9837077302466173,0.9918538651233086,NA,30.532250443253343,NA,1.9837077302466173,5.408533548987496,0.9918538651233086,NA,NA,NA,NA,NA,NA,NA,NA,NA,NA,NA,NA
2023-06-01,ACPI-24,0,92.47091071212338,0.9340496031527614,NA,1.9247916689600513,NA,0.9340496031527614,0.9340496031527614,2.8021488094582843,NA,NA,NA,NA,NA,NA,NA,NA,NA,NA,NA,NA,NA,NA,NA
2023-06-02,ACPI-23,2033,36.782882007830644,18.706684940961743,1.0203646331433678,1.6325834130293884,1.0203646331433678,NA,30.70719980874852,NA,2.5509115828584195,6.558644347141184,1.0203646331433678,NA,NA,NA,NA,NA,NA,NA,NA,NA,NA,NA,NA
2023-06-02,ACPI-24,0,92.47091071212338,0.9340496031527614,NA,1.9247916689600513,NA,0.9340496031527614,0.9340496031527614,2.8021488094582843,NA,NA,NA,NA,NA,NA,NA,NA,NA,NA,NA,NA,NA,NA,NA
2023-06-03,ACPI-23,265,36.751412537363244,18.71599712550906,1.0208725704823123,1.6333961127716996,1.0208725704823123,NA,30.72248584753374,NA,2.552181426205781,6.5619092391695455,1.0208725704823123,NA,NA,NA,NA,NA,NA,NA,NA,NA,NA,NA,NA
2023-06-03,ACPI-24,0,92.47091071212338,0.9340496031527614,NA,1.9247916689600513,NA,0.9340496031527614,0.9340496031527614,2.8021488094582843,NA,NA,NA,NA,NA,NA,NA,NA,NA,NA,NA,NA,NA,NA,NA
2023-06-04,ACPI-23,0,36.751412537363244,18.71599712550906,1.0208725704823123,1.6333961127716996,1.0208725704823123,NA,30.72248584753374,NA,2.552181426205781,6.5619092391695455,1.0208725704823123,NA,NA,NA,NA,NA,NA,NA,NA,NA,NA,NA,NA
2023-06-04,ACPI-24,0,92.47091071212338,0.9340496031527614,NA,1.9247916689600513,NA,0.9340496031527614,0.9340496031527614,2.8021488094582843,NA,NA,NA,NA,NA,NA,NA,NA,NA,NA,NA,NA,NA,NA,NA
2023-06-05,ACPI-23,3474,36.50161065247428,18.588783202648937,1.0139336292353966,1.6222938067766346,1.0139336292353966,NA,31.700336702271372,NA,2.0278672584707933,6.517307489651798,1.0139336292353966,NA,NA,NA,NA,NA,NA,NA,NA,NA,NA,NA,NA
2023-06-05,ACPI-24,0,92.47091071212338,0.9340496031527614,NA,1.9247916689600513,NA,0.9340496031527614,0.9340496031527614,2.8021488094582843,NA,NA,NA,NA,NA,NA,NA,NA,NA,NA,NA,NA,NA,NA,NA
2023-06-06,ACPI-23,28,36.2455208297737,18.458367089236607,1.0068200230492694,1.610912036878831,1.0068200230492694,NA,32.17951689053626,NA,2.013640046098539,6.471583038328252,1.0068200230492694,NA,NA,NA,NA,NA,NA,NA,NA,NA,NA,NA,NA
2023-06-06,ACPI-24,0,92.47091071212338,0.9340496031527614,NA,1.9247916689600513,NA,0.9340496031527614,0.9340496031527614,2.8021488094582843,NA,NA,NA,NA,NA,NA,NA,NA,NA,NA,NA,NA,NA,NA,NA
2023-06-07,ACPI-23,62,36.5462149192359,17.78189489349919,1.0151726366454417,1.6242762186327067,1.0151726366454417,NA,32.4464792712447,NA,2.0303452732908833,6.525271514160296,1.0151726366454417,NA,NA,NA,NA,NA,NA,NA,NA,NA,NA,NA,NA
2023-06-07,ACPI-24,0,92.47091071212338,0.9340496031527614,NA,1.9247916689600513,NA,0.9340496031527614,0.9340496031527614,2.8021488094582843,NA,NA,NA,NA,NA,NA,NA,NA,NA,NA,NA,NA,NA,NA,NA
2023-06-08,ACPI-23,11503,33.74147353590566,19.08078020430718,0.9718932797311877,2.575758156563614,0.9718932797311877,NA,31.975657743110432,NA,2.907397562801229,6.803252958118315,0.9718932797311877,NA,NA,NA,NA,NA,NA,NA,NA,NA,NA,NA,NA
2023-06-08,ACPI-24,0,92.47091071212338,0.9340496031527614,NA,1.9247916689600513,NA,0.9340496031527614,0.9340496031527614,2.8021488094582843,NA,NA,NA,NA,NA,NA,NA,NA,NA,NA,NA,NA,NA,NA,NA
2023-06-09,ACPI-23,24,34.1729884166768,18.045915871987066,0.9843226839265672,2.6086991593518314,0.9843226839265672,NA,32.38458985817986,NA,2.9445798545387674,6.890258787485972,0.9843226839265672,NA,NA,NA,NA,NA,NA,NA,NA,NA,NA,NA,NA
2023-06-09,ACPI-24,0,92.47091071212338,0.9340496031527614,NA,1.9247916689600513,NA,0.9340496031527614,0.9340496031527614,2.8021488094582843,NA,NA,NA,NA,NA,NA,NA,NA,NA,NA,NA,NA,NA,NA,NA
2023-06-10,ACPI-23,1027,34.66202464582103,18.15629862400149,0.9903435613091723,2.624655977195251,0.9903435613091723,NA,31.690993961893515,NA,2.96259117799699,6.932404929164207,0.9903435613091723,NA,NA,NA,NA,NA,NA,NA,NA,NA,NA,NA,NA
2023-06-10,ACPI-24,0,92.47091071212338,0.9340496031527614,NA,1.9247916689600513,NA,0.9340496031527614,0.9340496031527614,2.8021488094582843,NA,NA,NA,NA,NA,NA,NA,NA,NA,NA,NA,NA,NA,NA,NA
2023-06-11,ACPI-23,670,33.67911192182645,18.710617734348027,1.0205791491462561,2.7047877813902597,1.0205791491462561,NA,32.658532772680196,NA,2.0411582982925123,7.144054044023793,1.0205791491462561,NA,NA,NA,NA,NA,NA,NA,NA,NA,NA,NA,NA
2023-06-11,ACPI-24,0,92.47091071212338,0.9340496031527614,NA,1.9247916689600513,NA,0.9340496031527614,0.9340496031527614,2.8021488094582843,NA,NA,NA,NA,NA,NA,NA,NA,NA,NA,NA,NA,NA,NA,NA
2023-06-12,ACPI-23,1713,32.770014082981255,19.45719586177012,1.0240629400931642,2.714020691149388,1.0240629400931642,NA,32.770014082981255,NA,2.0481258801863285,7.168440580652152,1.0240629400931642,NA,NA,NA,NA,NA,NA,NA,NA,NA,NA,NA,NA
2023-06-12,ACPI-24,0,92.47091071212338,0.9340496031527614,NA,1.9247916689600513,NA,0.9340496031527614,0.9340496031527614,2.8021488094582843,NA,NA,NA,NA,NA,NA,NA,NA,NA,NA,NA,NA,NA,NA,NA
2023-06-13,ACPI-23,15188,38.18751846339992,19.172142409205886,1.0402518902086408,1.936024351221637,1.0402518902086408,NA,31.516448035716774,NA,2.0805037804172817,3.98660728941259,1.0402518902086408,NA,NA,NA,NA,NA,NA,NA,NA,NA,NA,NA,NA
2023-06-13,ACPI-24,0,92.47091071212338,0.9340496031527614,NA,1.9247916689600513,NA,0.9340496031527614,0.9340496031527614,2.8021488094582843,NA,NA,NA,NA,NA,NA,NA,NA,NA,NA,NA,NA,NA,NA,NA
2023-06-14,ACPI-23,9139,40.6363387898053,15.62360147652892,1.029560140467338,2.059120280934676,1.029560140467338,NA,32.81329855388532,NA,2.059120280934676,3.7198401965090846,1.029560140467338,NA,NA,NA,NA,NA,NA,NA,NA,NA,NA,NA,NA
2023-06-14,ACPI-24,0,92.47091071212338,0.9340496031527614,NA,1.9247916689600513,NA,0.9340496031527614,0.9340496031527614,2.8021488094582843,NA,NA,NA,NA,NA,NA,NA,NA,NA,NA,NA,NA,NA,NA,NA
2023-06-15,ACPI-23,10603,35.41081398167244,15.110830117537985,0.9662778538289772,1.639299909834289,0.9662778538289772,NA,38.97573007732559,NA,1.3776207167438828,4.586871635398873,0.9662778538289772,NA,NA,NA,NA,NA,NA,NA,NA,NA,NA,NA,NA
2023-06-15,ACPI-24,0,92.47091071212338,0.9340496031527614,NA,1.9247916689600513,NA,0.9340496031527614,0.9340496031527614,2.8021488094582843,NA,NA,NA,NA,NA,NA,NA,NA,NA,NA,NA,NA,NA,NA,NA
2023-06-16,ACPI-23,888,36.3027021893011,13.37467975395304,0.9553342681395027,1.6207340087708102,0.9553342681395027,NA,38.5343102101302,NA,2.7666480405319995,4.534922992894342,0.9553342681395027,NA,NA,NA,NA,NA,NA,NA,NA,NA,NA,NA,NA
2023-06-16,ACPI-24,0,92.47091071212338,0.9340496031527614,NA,1.9247916689600513,NA,0.9340496031527614,0.9340496031527614,2.8021488094582843,NA,NA,NA,NA,NA,NA,NA,NA,NA,NA,NA,NA,NA,NA,NA
2023-06-17,ACPI-23,5488,34.54543573883339,14.318185932130197,1.0227275665807283,1.0227275665807283,1.0227275665807283,NA,40.90910266322913,NA,2.0454551331614566,4.090910266322913,1.0227275665807283,NA,NA,NA,NA,NA,NA,NA,NA,NA,NA,NA,NA
2023-06-17,ACPI-24,0,92.47091071212338,0.9340496031527614,NA,1.9247916689600513,NA,0.9340496031527614,0.9340496031527614,2.8021488094582843,NA,NA,NA,NA,NA,NA,NA,NA,NA,NA,NA,NA,NA,NA,NA
2023-06-18,ACPI-23,1474,32.4162737568658,16.25431390657658,1.0158946191610363,1.0158946191610363,1.0158946191610363,NA,42.186360764108294,NA,1.0158946191610363,4.063578476644145,1.0158946191610363,NA,NA,NA,NA,NA,NA,NA,NA,NA,NA,NA,NA
2023-06-18,ACPI-24,0,92.47091071212338,0.9340496031527614,NA,1.9247916689600513,NA,0.9340496031527614,0.9340496031527614,2.8021488094582843,NA,NA,NA,NA,NA,NA,NA,NA,NA,NA,NA,NA,NA,NA,NA
2023-06-19,ACPI-23,7112,34.14008117939142,12.496721253895213,0.9612862502996318,0.9612862502996318,0.9612862502996318,NA,42.255000896584285,NA,2.883858750898895,4.379192918031656,0.9612862502996318,NA,NA,NA,NA,NA,NA,NA,NA,NA,NA,NA,NA
2023-06-19,ACPI-24,0,92.47091071212338,0.9340496031527614,NA,1.9247916689600513,NA,0.9340496031527614,0.9340496031527614,2.8021488094582843,NA,NA,NA,NA,NA,NA,NA,NA,NA,NA,NA,NA,NA,NA,NA
2023-06-20,ACPI-23,994,33,13,1,1,1,NA,44,NA,2,4,1,NA,NA,NA,NA,NA,NA,NA,NA,NA,NA,NA,NA
2023-06-20,ACPI-24,0,92.47091071212338,0.9340496031527614,NA,1.9247916689600513,NA,0.9340496031527614,0.9340496031527614,2.8021488094582843,NA,NA,NA,NA,NA,NA,NA,NA,NA,NA,NA,NA,NA,NA,NA
2023-06-21,ACPI-23,8376,33.95939419210959,14.05745239128169,0.96090713256415194,1.672690193722783,0.96090713256415194,NA,40.55256886833236,NA,2.7786741285613057,4.096498828299806,0.96090713256415194,NA,NA,NA,NA,NA,NA,NA,NA,NA,NA,NA,NA
2023-06-21,ACPI-24,0,92.47091071212338,0.9340496031527614,NA,1.9247916689600513,NA,0.9340496031527614,0.9340496031527614,2.8021488094582843,NA,NA,NA,NA,NA,NA,NA,NA,NA,NA,NA,NA,NA,NA,NA
2023-06-22,ACPI-23,4136,33.21377710416724,15.458721885944113,0.9933162813732073,0.9933162813732073,0.9933162813732073,NA,40.610582311697534,NA,1.9866325627464145,4.757021009951858,0.9933162813732073,NA,NA,NA,NA,NA,NA,NA,NA,NA,NA,NA,NA
2023-06-22,ACPI-24,0,92.47091071212338,0.9340496031527614,NA,1.9247916689600513,NA,0.9340496031527614,0.9340496031527614,2.8021488094582843,NA,NA,NA,NA,NA,NA,NA,NA,NA,NA,NA,NA,NA,NA,NA
2023-06-23,ACPI-23,2501,31.464857308012053,15.682660543153158,0.9410117662050456,2.704537520648576,0.9410117662050456,NA,39.522494180611915,NA,3.295882007006727,4.506533141952434,0.9410117662050456,NA,NA,NA,NA,NA,NA,NA,NA,NA,NA,NA,NA
2023-06-23,ACPI-24,0,92.47091071212338,0.9340496031527614,NA,1.9247916689600513,NA,0.9340496031527614,0.9340496031527614,2.8021488094582843,NA,NA,NA,NA,NA,NA,NA,NA,NA,NA,NA,NA,NA,NA,NA
2023-06-24,ACPI-23,4142,32.118545996521526,12.854247980078101,0.9756544956416016,2.804103291177344,0.9756544956416016,NA,40.977488816947265,NA,3.417217735978545,4.901432692372413,0.9756544956416016,NA,NA,NA,NA,NA,NA,NA,NA,NA,NA,NA,NA
2023-06-24,ACPI-24,0,92.47091071212338,0.9340496031527614,NA,1.9247916689600513,NA,0.9340496031527614,0.9340496031527614,2.8021488094582843,NA,NA,NA,NA,NA,NA,NA,NA,NA,NA,NA,NA,NA,NA,NA
2023-06-25,ACPI-23,311,31.503721941595447,12.97067301814125,0.9844913106748577,2.8295009521618137,0.9844913106748577,NA,41.34863504834402,NA,3.44816857072189,4.945826537010998,0.9844913106748577,NA,NA,NA,NA,NA,NA,NA,NA,NA,NA,NA,NA
2023-06-25,ACPI-24,0,92.47091071212338,0.9340496031527614,NA,1.9247916689600513,NA,0.9340496031527614,0.9340496031527614,2.8021488094582843,NA,NA,NA,NA,NA,NA,NA,NA,NA,NA,NA,NA,NA,NA,NA
2023-06-26,ACPI-23,12,31.558092109656457,12.820474919547935,0.9861903784267643,2.8343841987376637,0.9861903784267643,NA,41.419995893924096,NA,3.454119534390259,4.954362208463292,0.9861903784267643,NA,NA,NA,NA,NA,NA,NA,NA,NA,NA,NA,NA
2023-06-26,ACPI-24,0,92.47091071212338,0.9340496031527614,NA,1.9247916689600513,NA,0.9340496031527614,0.9340496031527614,2.8021488094582843,NA,NA,NA,NA,NA,NA,NA,NA,NA,NA,NA,NA,NA,NA,NA
2023-06-27,ACPI-23,2731,31.37183283390784,12.370410110314385,1.0233504969307097,2.9411851319193736,1.0233504969307097,NA,40.93401987722839,NA,3.5842723872597997,5.72822816857809,1.0233504969307097,NA,NA,NA,NA,NA,NA,NA,NA,NA,NA,NA,NA
2023-06-27,ACPI-24,0,92.47091071212338,0.9340496031527614,NA,1.9247916689600513,NA,0.9340496031527614,0.9340496031527614,2.8021488094582843,NA,NA,NA,NA,NA,NA,NA,NA,NA,NA,NA,NA,NA,NA,NA
2023-06-28,ACPI-23,168,31.368206130007668,12.520208327884434,1.0357426552361022,2.976801112826724,1.0357426552361022,NA,41.22116741979924,NA,3.6276757675931144,5.1787132761805115,1.0357426552361022,NA,NA,NA,NA,NA,NA,NA,NA,NA,NA,NA,NA
2023-06-28,ACPI-24,0,92.47091071212338,0.9340496031527614,NA,1.9247916689600513,NA,0.9340496031527614,0.9340496031527614,2.8021488094582843,NA,NA,NA,NA,NA,NA,NA,NA,NA,NA,NA,NA,NA,NA,NA
2023-06-29,ACPI-23,3570,32.081096350310304,12.926699106908217,1.069369878343677,3.0734482429433085,1.069369878343677,NA,41.22505751640139,NA,2.138739756687354,5.346849391718385,1.069369878343677,NA,NA,NA,NA,NA,NA,NA,NA,NA,NA,NA,NA
2023-06-29,ACPI-24,0,92.47091071212338,0.9340496031527614,NA,1.9247916689600513,NA,0.9340496031527614,0.9340496031527614,2.8021488094582843,NA,NA,NA,NA,NA,NA,NA,NA,NA,NA,NA,NA,NA,NA,NA
2023-06-30,ACPI-23,117,33.46325006680547,13.048666096253099,1.07945967957437,1.07945967957437,1.07945967957437,NA,41.61402736162337,NA,2.15891935914874,5.39729839787185,1.07945967957437,NA,NA,NA,NA,NA,NA,NA,NA,NA,NA,NA,NA
2023-06-30,ACPI-24,0,92.47091071212338,0.9340496031527614,NA,1.9247916689600513,NA,0.9340496031527614,0.9340496031527614,2.8021488094582843,NA,NA,NA,NA,NA,NA,NA,NA,NA,NA,NA,NA,NA,NA,NA
2023-07-01,ACPI-23,183,35.155275540147386,13.214116866279626,1.0419733729682858,1.0419733729682858,1.0419733729682858,NA,40.168900490921835,NA,2.0839467459365717,5.2098668648414295,1.0419733729682858,NA,NA,NA,NA,NA,NA,NA,NA,NA,NA,NA,NA
2023-07-01,ACPI-24,0,92.47091071212338,0.9340496031527614,NA,1.9247916689600513,NA,0.9340496031527614,0.9340496031527614,2.8021488094582843,NA,NA,NA,NA,NA,NA,NA,NA,NA,NA,NA,NA,NA,NA,NA
2023-07-02,ACPI-23,1053,35.35573865632049,13.2894666680886,1.0479149344012517,1.0479149344012517,1.0479149344012517,NA,39.827730397177135,NA,2.0958298688025034,5.239574672006258,1.0479149344012517,NA,NA,NA,NA,NA,NA,NA,NA,NA,NA,NA,NA
2023-07-02,ACPI-24,0,92.47091071212338,0.9340496031527614,NA,1.9247916689600513,NA,0.9340496031527614,0.9340496031527614,2.8021488094582843,NA,NA,NA,NA,NA,NA,NA,NA,NA,NA,NA,NA,NA,NA,NA
2023-07-03,ACPI-23,37,35.27603806133913,13.305851392400024,1.0492069198308263,1.0492069198308263,1.0492069198308263,NA,39.87683442812176,NA,2.0984138396616525,5.246034599154131,1.0492069198308263,NA,NA,NA,NA,NA,NA,NA,NA,NA,NA,NA,NA
2023-07-03,ACPI-24,0,92.47091071212338,0.9340496031527614,NA,1.9247916689600513,NA,0.9340496031527614,0.9340496031527614,2.8021488094582843,NA,NA,NA,NA,NA,NA,NA,NA,NA,NA,NA,NA,NA,NA,NA
2023-07-04,ACPI-23,14,35.16110797060486,12.549462973431318,1.0457885811192764,1.0457885811192764,1.0457885811192764,NA,40.78575466365179,NA,2.091577162238553,5.228942905596383,1.0457885811192764,NA,NA,NA,NA,NA,NA,NA,NA,NA,NA,NA,NA
2023-07-04,ACPI-24,0,92.47091071212338,0.9340496031527614,NA,1.9247916689600513,NA,0.9340496031527614,0.9340496031527614,2.8021488094582843,NA,NA,NA,NA,NA,NA,NA,NA,NA,NA,NA,NA,NA,NA,NA
2023-07-05,ACPI-23,549,34.76536944152574,13.037013540572154,1.0864177950476794,1.0864177950476794,1.0864177950476794,NA,40.24702127237763,NA,2.172835590095359,5.432088975238398,1.0864177950476794,NA,NA,NA,NA,NA,NA,NA,NA,NA,NA,NA,NA
2023-07-05,ACPI-24,0,92.47091071212338,0.9340496031527614,NA,1.9247916689600513,NA,0.9340496031527614,0.9340496031527614,2.8021488094582843,NA,NA,NA,NA,NA,NA,NA,NA,NA,NA,NA,NA,NA,NA,NA
2023-07-06,ACPI-23,3015,35.99408440804138,12.791457253691533,1.0659547711409612,1.0659547711409612,1.0659547711409612,NA,39.48895585571652,NA,2.1319095422819223,5.329773855704805,1.0659547711409612,NA,NA,NA,NA,NA,NA,NA,NA,NA,NA,NA,NA
2023-07-06,ACPI-24,0,92.47091071212338,0.9340496031527614,NA,1.9247916689600513,NA,0.9340496031527614,0.9340496031527614,2.8021488094582843,NA,NA,NA,NA,NA,NA,NA,NA,NA,NA,NA,NA,NA,NA,NA
2023-07-07,ACPI-23,19492,34.5209108528982,14.674790298466187,0.9717266009946989,2.002432483016183,0.9717266009946989,NA,36.87802233127275,NA,4.5306832525695055,4.47798097879309,0.9717266009946989,NA,NA,NA,NA,NA,NA,NA,NA,NA,NA,NA,NA
2023-07-07,ACPI-24,0,92.47091071212338,0.9340496031527614,NA,1.9247916689600513,NA,0.9340496031527614,0.9340496031527614,2.8021488094582843,NA,NA,NA,NA,NA,NA,NA,NA,NA,NA,NA,NA,NA,NA,NA
2023-07-08,ACPI-23,61,36.61166180758018,10.884548104956268,0.9895043731778426,2.0390670553935863,0.9895043731778426,NA,40.56967930029155,NA,2.9685131195335277,3.9580174927113703,0.9895043731778426,NA,NA,NA,NA,NA,NA,NA,NA,NA,NA,NA,NA
2023-07-08,ACPI-24,0,92.47091071212338,0.9340496031527614,NA,1.9247916689600513,NA,0.9340496031527614,0.9340496031527614,2.8021488094582843,NA,NA,NA,NA,NA,NA,NA,NA,NA,NA,NA,NA,NA,NA,NA
2023-07-09,ACPI-23,199,36.252937406537065,11.757709429147157,0.9798091190955963,2.019088090440366,0.9798091190955963,NA,40.17217388291945,NA,2.9394273572867893,3.9192364763823853,0.9798091190955963,NA,NA,NA,NA,NA,NA,NA,NA,NA,NA,NA,NA
2023-07-09,ACPI-24,0,92.47091071212338,0.9340496031527614,NA,1.9247916689600513,NA,0.9340496031527614,0.9340496031527614,2.8021488094582843,NA,NA,NA,NA,NA,NA,NA,NA,NA,NA,NA,NA,NA,NA,NA
2023-07-10,ACPI-23,3289,36.197345492353406,11.40345967778198,0.9502883064818316,1.9582546893146526,0.9502883064818316,NA,39.98776876924981,NA,2.850864919445495,4.751441532409158,0.9502883064818316,NA,NA,NA,NA,NA,NA,NA,NA,NA,NA,NA,NA
2023-07-10,ACPI-24,0,92.47091071212338,0.9340496031527614,NA,1.9247916689600513,NA,0.9340496031527614,0.9340496031527614,2.8021488094582843,NA,NA,NA,NA,NA,NA,NA,NA,NA,NA,NA,NA,NA,NA,NA
2023-07-11,ACPI-23,1250,34.96810967875775,11.341008544461973,0.945084045371831,1.9475302926725357,0.945084045371831,NA,41.347426985017606,NA,2.835252136115493,4.725420226859155,0.945084045371831,NA,NA,NA,NA,NA,NA,NA,NA,NA,NA,NA,NA
2023-07-11,ACPI-24,0,92.47091071212338,0.9340496031527614,NA,1.9247916689600513,NA,0.9340496031527614,0.9340496031527614,2.8021488094582843,NA,NA,NA,NA,NA,NA,NA,NA,NA,NA,NA,NA,NA,NA,NA
2023-07-12,ACPI-23,7821,36.06246183225244,8.923387490398012,0.967914541170931,1.9945769890835274,0.967914541170931,NA,43.85229247719799,NA,1.377697456214403,4.885840131340837,0.967914541170931,NA,NA,NA,NA,NA,NA,NA,NA,NA,NA,NA,NA
2023-07-12,ACPI-24,0,92.47091071212338,0.9340496031527614,NA,1.9247916689600513,NA,0.9340496031527614,0.9340496031527614,2.8021488094582843,NA,NA,NA,NA,NA,NA,NA,NA,NA,NA,NA,NA,NA,NA,NA
2023-07-13,ACPI-23,2075,34.96434184172525,6.123323555174999,0.966423640014683,1.9915046960114005,0.966423640014683,NA,48.13207389350438,NA,0.966423640014683,4.923061453525236,0.966423640014683,NA,NA,NA,NA,NA,NA,NA,NA,NA,NA,NA,NA
2023-07-13,ACPI-24,0,92.47091071212338,0.9340496031527614,NA,1.9247916689600513,NA,0.9340496031527614,0.9340496031527614,2.8021488094582843,NA,NA,NA,NA,NA,NA,NA,NA,NA,NA,NA,NA,NA,NA,NA
2023-07-14,ACPI-23,1144,33.63684253554817,4.797456835072639,0.9610526438728049,1.980436709265291,0.9610526438728049,NA,49.97473748138585,NA,0.9610526438728049,5.766315863236829,0.9610526438728049,NA,NA,NA,NA,NA,NA,NA,NA,NA,NA,NA,NA
2023-07-14,ACPI-24,0,92.47091071212338,0.9340496031527614,NA,1.9247916689600513,NA,0.9340496031527614,0.9340496031527614,2.8021488094582843,NA,NA,NA,NA,NA,NA,NA,NA,NA,NA,NA,NA,NA,NA,NA
2023-07-15,ACPI-23,28052,34.20407859170089,3.622127394190072,0.9443897996578787,1.9460996637616985,0.9443897996578787,NA,51.83820421386779,NA,0.9443897996578787,4.611930937848031,0.9443897996578787,NA,NA,NA,NA,NA,NA,NA,NA,NA,NA,NA,NA
2023-07-15,ACPI-24,0,92.47091071212338,0.9340496031527614,NA,1.9247916689600513,NA,0.9340496031527614,0.9340496031527614,2.8021488094582843,NA,NA,NA,NA,NA,NA,NA,NA,NA,NA,NA,NA,NA,NA,NA
2023-07-16,ACPI-23,2048,31.46381200181208,3.7531311693902025,0.9392182687108084,1.935442714013964,0.9392182687108084,NA,54.504065291823956,NA,0.9392182687108084,4.586675748116553,0.9392182687108084,NA,NA,NA,NA,NA,NA,NA,NA,NA,NA,NA,NA
2023-07-16,ACPI-24,0,92.47091071212338,0.9340496031527614,NA,1.9247916689600513,NA,0.9340496031527614,0.9340496031527614,2.8021488094582843,NA,NA,NA,NA,NA,NA,NA,NA,NA,NA,NA,NA,NA,NA,NA
2023-07-17,ACPI-23,2554,30.321539139496945,3.543952630391269,0.89692628300025945,1.848291815941018,0.89692628300025945,NA,54.712503263015826,NA,0.89692628300025945,5.986008019153906,0.89692628300025945,NA,NA,NA,NA,NA,NA,NA,NA,NA,NA,NA,NA
2023-07-17,ACPI-24,0,92.47091071212338,0.9340496031527614,NA,1.9247916689600513,NA,0.9340496031527614,0.9340496031527614,2.8021488094582843,NA,NA,NA,NA,NA,NA,NA,NA,NA,NA,NA,NA,NA,NA,NA
2023-07-18,ACPI-23,5527,27.352176241569286,0.971284132740106,0.971284132740106,2.0015206907437544,0.971284132740106,NA,60.14699685547611,NA,0.971284132740106,5.642885548510333,0.971284132740106,NA,NA,NA,NA,NA,NA,NA,NA,NA,NA,NA,NA
2023-07-18,ACPI-24,0,92.47091071212338,0.9340496031527614,NA,1.9247916689600513,NA,0.9340496031527614,0.9340496031527614,2.8021488094582843,NA,NA,NA,NA,NA,NA,NA,NA,NA,NA,NA,NA,NA,NA,NA
2023-07-19,ACPI-23,8140,24.205087066387915,2.3785328618052715,0.9403690863675331,1.9378141986018054,0.9403690863675331,NA,63.0152440958972,NA,0.9403690863675331,4.701845431837666,0.9403690863675331,NA,NA,NA,NA,NA,NA,NA,NA,NA,NA,NA,NA
2023-07-19,ACPI-24,0,92.47091071212338,0.9340496031527614,NA,1.9247916689600513,NA,0.9340496031527614,0.9340496031527614,2.8021488094582843,NA,NA,NA,NA,NA,NA,NA,NA,NA,NA,NA,NA,NA,NA,NA
2023-07-20,ACPI-23,575,22.863488628502626,3.5638535059287046,0.9076243122846033,1.8703371950850076,0.9076243122846033,NA,63.53370185992223,NA,0.9076243122846033,4.538121561423017,0.9076243122846033,NA,NA,NA,NA,NA,NA,NA,NA,NA,NA,NA,NA
2023-07-20,ACPI-24,0,92.47091071212338,0.9340496031527614,NA,1.9247916689600513,NA,0.9340496031527614,0.9340496031527614,2.8021488094582843,NA,NA,NA,NA,NA,NA,NA,NA,NA,NA,NA,NA,NA,NA,NA
2023-07-21,ACPI-23,4463,23.625215000691504,3.580599321734879,0.8980207407301717,1.8505471598900476,0.8980207407301717,NA,62.86145185111202,NA,0.8980207407301717,4.490103703650859,0.8980207407301717,NA,NA,NA,NA,NA,NA,NA,NA,NA,NA,NA,NA
2023-07-21,ACPI-24,0,92.47091071212338,0.9340496031527614,NA,1.9247916689600513,NA,0.9340496031527614,0.9340496031527614,2.8021488094582843,NA,NA,NA,NA,NA,NA,NA,NA,NA,NA,NA,NA,NA,NA,NA
2023-07-22,ACPI-23,3412,25.94747160557225,1.6894742697813179,0.9385968165451766,1.9341620904292767,0.9385968165451766,NA,62.88598670852683,NA,0.9385968165451766,3.7885180595096215,0.9385968165451766,NA,NA,NA,NA,NA,NA,NA,NA,NA,NA,NA,NA
2023-07-22,ACPI-24,0,92.47091071212338,0.9340496031527614,NA,1.9247916689600513,NA,0.9340496031527614,0.9340496031527614,2.8021488094582843,NA,NA,NA,NA,NA,NA,NA,NA,NA,NA,NA,NA,NA,NA,NA
2023-07-23,ACPI-23,98,25.42251871266242,3.678430869101071,0.9196077172752678,1.895031341963236,0.9196077172752678,NA,61.61371705744294,NA,0.9196077172752678,3.7118711497292627,0.9196077172752678,NA,NA,NA,NA,NA,NA,NA,NA,NA,NA,NA,NA
2023-07-23,ACPI-24,0,92.47091071212338,0.9340496031527614,NA,1.9247916689600513,NA,0.9340496031527614,0.9340496031527614,2.8021488094582843,NA,NA,NA,NA,NA,NA,NA,NA,NA,NA,NA,NA,NA,NA,NA
2023-07-24,ACPI-23,21103,28.5725587988894,4.178452495152674,0.9458914439576382,1.9491940951796471,0.9458914439576382,NA,58.43791446086667,NA,0.9458914439576382,3.078314374081051,0.9458914439576382,NA,NA,NA,NA,NA,NA,NA,NA,NA,NA,NA,NA
2023-07-24,ACPI-24,0,92.47091071212338,0.9340496031527614,NA,1.9247916689600513,NA,0.9340496031527614,0.9340496031527614,2.8021488094582843,NA,NA,NA,NA,NA,NA,NA,NA,NA,NA,NA,NA,NA,NA,NA
2023-07-25,ACPI-23,29503,37.3759497511056,4.249958602522786,0.9620785407908724,1.9825507702685214,0.9620785407908724,NA,49.88800929714604,NA,0.9620785407908724,2.6552174157935484,0.9620785407908724,NA,NA,NA,NA,NA,NA,NA,NA,NA,NA,NA,NA
2023-07-25,ACPI-24,0,92.47091071212338,0.9340496031527614,NA,1.9247916689600513,NA,0.9340496031527614,0.9340496031527614,2.8021488094582843,NA,NA,NA,NA,NA,NA,NA,NA,NA,NA,NA,NA,NA,NA,NA
2023-07-26,ACPI-23,3147,44.173560924918505,4.908173436102056,0.9816346872204113,2.022850030176652,0.9816346872204113,NA,42.25968690614453,NA,0.9816346872204113,2.709189953776607,0.9816346872204113,NA,NA,NA,NA,NA,NA,NA,NA,NA,NA,NA,NA
2023-07-26,ACPI-24,0,92.47091071212338,0.9340496031527614,NA,1.9247916689600513,NA,0.9340496031527614,0.9340496031527614,2.8021488094582843,NA,NA,NA,NA,NA,NA,NA,NA,NA,NA,NA,NA,NA,NA,NA
2023-07-27,ACPI-23,4502,46.19876114545495,4.430920843386242,0.9709123425425954,2.000754544414529,0.9709123425425954,NA,41.52061474169802,NA,0.9709123425425954,1.9652993548758724,0.9709123425425954,NA,NA,NA,NA,NA,NA,NA,NA,NA,NA,NA,NA
2023-07-27,ACPI-24,0,92.47091071212338,0.9340496031527614,NA,1.9247916689600513,NA,0.9340496031527614,0.9340496031527614,2.8021488094582843,NA,NA,NA,NA,NA,NA,NA,NA,NA,NA,NA,NA,NA,NA,NA
2023-07-28,ACPI-23,1068,50.958407113620986,2.8208923826782817,0.9402974608927606,1.9376666003193779,0.9402974608927606,NA,37.70095167713202,NA,0.9402974608927606,2.8208923826782817,0.9402974608927606,NA,NA,NA,NA,NA,NA,NA,NA,NA,NA,NA,NA
2023-07-28,ACPI-24,0,92.47091071212338,0.9340496031527614,NA,1.9247916689600513,NA,0.9340496031527614,0.9340496031527614,2.8021488094582843,NA,NA,NA,NA,NA,NA,NA,NA,NA,NA,NA,NA,NA,NA,NA
2023-07-29,ACPI-23,521,50.966414682381895,2.709852812854244,0.889802416161095,1.8336116967091038,0.889802416161095,NA,38.26150389492708,NA,0.889802416161095,2.669407248483285,0.889802416161095,NA,NA,NA,NA,NA,NA,NA,NA,NA,NA,NA,NA
2023-07-29,ACPI-24,0,92.47091071212338,0.9340496031527614,NA,1.9247916689600513,NA,0.9340496031527614,0.9340496031527614,2.8021488094582843,NA,NA,NA,NA,NA,NA,NA,NA,NA,NA,NA,NA,NA,NA,NA
2023-07-30,ACPI-23,610,48.06507450584609,2.870196071204713,0.9424524412910997,1.942107358394211,0.9424524412910997,NA,40.52545497551729,NA,0.9424524412910997,2.8273573238732994,0.9424524412910997,NA,NA,NA,NA,NA,NA,NA,NA,NA,NA,NA,NA
2023-07-30,ACPI-24,0,92.47091071212338,0.9340496031527614,NA,1.9247916689600513,NA,0.9340496031527614,0.9340496031527614,2.8021488094582843,NA,NA,NA,NA,NA,NA,NA,NA,NA,NA,NA,NA,NA,NA,NA
2023-07-31,ACPI-23,48,51.657411847097514,3.713931570706357,1.012890428374461,2.0872585904687626,1.012890428374461,NA,35.45116499310614,NA,1.012890428374461,3.038671285123383,1.012890428374461,NA,NA,NA,NA,NA,NA,NA,NA,NA,NA,NA,NA
2023-07-31,ACPI-24,0,92.47091071212338,0.9340496031527614,NA,1.9247916689600513,NA,0.9340496031527614,0.9340496031527614,2.8021488094582843,NA,NA,NA,NA,NA,NA,NA,NA,NA,NA,NA,NA,NA,NA,NA
2023-08-01,ACPI-23,4631,53.77718328075079,4.676090313384247,0.9379510201948997,1.9328313008966205,0.9379510201948997,NA,33.058659641606205,NA,0.9379510201948997,2.803431382582534,0.9379510201948997,NA,NA,NA,NA,NA,NA,NA,NA,NA,NA,NA,NA
2023-08-01,ACPI-24,0,92.47091071212338,0.9340496031527614,NA,1.9247916689600513,NA,0.9340496031527614,0.9340496031527614,2.8021488094582843,NA,NA,NA,NA,NA,NA,NA,NA,NA,NA,NA,NA,NA,NA,NA
2023-08-02,ACPI-23,2705,54.73999811378047,2.439748387479679,0.9149056453048797,1.885341804143291,0.9149056453048797,NA,34.530572177462396,NA,0.9149056453048797,2.744716935914639,0.9149056453048797,NA,NA,NA,NA,NA,NA,NA,NA,NA,NA,NA,NA
2023-08-02,ACPI-24,0,92.47091071212338,0.9340496031527614,NA,1.9247916689600513,NA,0.9340496031527614,0.9340496031527614,2.8021488094582843,NA,NA,NA,NA,NA,NA,NA,NA,NA,NA,NA,NA,NA,NA,NA
2023-08-03,ACPI-23,0,54.73999811378047,2.439748387479679,0.9149056453048797,1.885341804143291,0.9149056453048797,NA,34.530572177462396,NA,0.9149056453048797,2.744716935914639,0.9149056453048797,NA,NA,NA,NA,NA,NA,NA,NA,NA,NA,NA,NA
2023-08-03,ACPI-24,0,92.47091071212338,0.9340496031527614,NA,1.9247916689600513,NA,0.9340496031527614,0.9340496031527614,2.8021488094582843,NA,NA,NA,NA,NA,NA,NA,NA,NA,NA,NA,NA,NA,NA,NA
2023-08-04,ACPI-23,2015,54.30216030080354,2.553271346433003,0.9574767549123762,1.9730678915312785,0.9574767549123762,NA,33.51168642193316,NA,0.9574767549123762,3.8299070196495046,0.9574767549123762,NA,NA,NA,NA,NA,NA,NA,NA,NA,NA,NA,NA
2023-08-04,ACPI-24,0,92.47091071212338,0.9340496031527614,NA,1.9247916689600513,NA,0.9340496031527614,0.9340496031527614,2.8021488094582843,NA,NA,NA,NA,NA,NA,NA,NA,NA,NA,NA,NA,NA,NA,NA
2023-08-05,ACPI-23,3001,53.24082737970739,4.670248015763807,0.9340496031527614,1.9247916689600513,0.9340496031527614,NA,32.69173611034665,NA,0.9340496031527614,3.7361984126110457,0.9340496031527614,NA,NA,NA,NA,NA,NA,NA,NA,NA,NA,NA,NA
2023-08-05,ACPI-24,0,92.47091071212338,0.9340496031527614,NA,1.9247916689600513,NA,0.9340496031527614,0.9340496031527614,2.8021488094582843,NA,NA,NA,NA,NA,NA,NA,NA,NA,NA,NA,NA,NA,NA,NA
2023-08-06,ACPI-23,2,53.673539500160864,4.6270292672552475,0.9254058534510495,1.9069795341887568,0.9254058534510495,NA,32.389204870786735,NA,0.9254058534510495,3.701623413804198,0.9254058534510495,NA,NA,NA,NA,NA,NA,NA,NA,NA,NA,NA,NA
2023-08-06,ACPI-24,0,92.47091071212338,0.9340496031527614,NA,1.9247916689600513,NA,0.9340496031527614,0.9340496031527614,2.8021488094582843,NA,NA,NA,NA,NA,NA,NA,NA,NA,NA,NA,NA,NA,NA,NA
2023-08-07,ACPI-23,68,54.174876982860155,4.670248015763807,0.9340496031527614,1.9247916689600513,0.9340496031527614,NA,31.75768650719389,NA,0.9340496031527614,3.7361984126110457,0.9340496031527614,NA,NA,NA,NA,NA,NA,NA,NA,NA,NA,NA,NA
2023-08-07,ACPI-24,0,92.47091071212338,0.9340496031527614,NA,1.9247916689600513,NA,0.9340496031527614,0.9340496031527614,2.8021488094582843,NA,NA,NA,NA,NA,NA,NA,NA,NA,NA,NA,NA,NA,NA,NA
2023-08-08,ACPI-23,102,55.20618325406084,3.807322983038679,0.9518307457596697,1.9614331867540162,0.9518307457596697,NA,31.4104146100691,NA,0.9518307457596697,3.807322983038679,0.9518307457596697,NA,NA,NA,NA,NA,NA,NA,NA,NA,NA,NA,NA
2023-08-08,ACPI-24,0,92.47091071212338,0.9340496031527614,NA,1.9247916689600513,NA,0.9340496031527614,0.9340496031527614,2.8021488094582843,NA,NA,NA,NA,NA,NA,NA,NA,NA,NA,NA,NA,NA,NA,NA
2023-08-09,ACPI-23,4221,55.59508529480765,5.357117723764438,0.9068083241301033,1.8686556920936779,0.9068083241301033,NA,29.92467469629341,NA,0.9068083241301033,3.627233296520413,0.9068083241301033,NA,NA,NA,NA,NA,NA,NA,NA,NA,NA,NA,NA
2023-08-09,ACPI-24,0,92.47091071212338,0.9340496031527614,NA,1.9247916689600513,NA,0.9340496031527614,0.9340496031527614,2.8021488094582843,NA,NA,NA,NA,NA,NA,NA,NA,NA,NA,NA,NA,NA,NA,NA
2023-08-10,ACPI-23,4997,58.29093337508986,5.571083801314183,0.9405725898322645,1.938233557244213,0.9405725898322645,NA,28.556313727358162,NA,0.9405725898322645,1.881145179664529,0.9405725898322645,NA,NA,NA,NA,NA,NA,NA,NA,NA,NA,NA,NA
2023-08-10,ACPI-24,0,92.47091071212338,0.9340496031527614,NA,1.9247916689600513,NA,0.9340496031527614,0.9340496031527614,2.8021488094582843,NA,NA,NA,NA,NA,NA,NA,NA,NA,NA,NA,NA,NA,NA,NA
2023-08-11,ACPI-23,1333,57.137737177671205,7.998667693875998,0.9219648120667039,1.8998885962270262,0.9219648120667039,NA,27.06549574733749,NA,0.9219648120667039,2.2103515366214563,0.9219648120667039,NA,NA,NA,NA,NA,NA,NA,NA,NA,NA,NA,NA
2023-08-11,ACPI-24,0,92.47091071212338,0.9340496031527614,NA,1.9247916689600513,NA,0.9340496031527614,0.9340496031527614,2.8021488094582843,NA,NA,NA,NA,NA,NA,NA,NA,NA,NA,NA,NA,NA,NA,NA
2023-08-12,ACPI-23,197,57.19083236909708,8.006100448712573,0.9228215470478667,1.9016540660143724,0.9228215470478667,NA,27.364483833888784,NA,0.9228215470478667,1.8456430940957333,0.9228215470478667,NA,NA,NA,NA,NA,NA,NA,NA,NA,NA,NA,NA
2023-08-12,ACPI-24,0,92.47091071212338,0.9340496031527614,NA,1.9247916689600513,NA,0.9340496031527614,0.9340496031527614,2.8021488094582843,NA,NA,NA,NA,NA,NA,NA,NA,NA,NA,NA,NA,NA,NA,NA
2023-08-13,ACPI-23,15,57.54967072157939,7.428893613526776,0.928611701690847,1.9135858107324055,0.928611701690847,NA,27.53617964401634,NA,0.928611701690847,1.857223403381694,0.928611701690847,NA,NA,NA,NA,NA,NA,NA,NA,NA,NA,NA,NA
2023-08-13,ACPI-24,0,92.47091071212338,0.9340496031527614,NA,1.9247916689600513,NA,0.9340496031527614,0.9340496031527614,2.8021488094582843,NA,NA,NA,NA,NA,NA,NA,NA,NA,NA,NA,NA,NA,NA,NA
2023-08-14,ACPI-23,1097,56.66843603615764,6.561830385330444,0.9143922486417152,1.8842838500295098,0.9143922486417152,NA,29.399096236632115,NA,0.9143922486417152,1.8287844972834304,0.9143922486417152,NA,NA,NA,NA,NA,NA,NA,NA,NA,NA,NA,NA
2023-08-14,ACPI-24,0,92.47091071212338,0.9340496031527614,NA,1.9247916689600513,NA,0.9340496031527614,0.9340496031527614,2.8021488094582843,NA,NA,NA,NA,NA,NA,NA,NA,NA,NA,NA,NA,NA,NA,NA
2023-08-15,ACPI-23,1472,54.928015146328825,8.396542610644385,0.9154968960830864,1.886560191869507,0.9154968960830864,NA,29.295900674658764,NA,0.9154968960830864,1.8309937921661728,0.9154968960830864,NA,NA,NA,NA,NA,NA,NA,NA,NA,NA,NA,NA
2023-08-15,ACPI-24,0,92.47091071212338,0.9340496031527614,NA,1.9247916689600513,NA,0.9340496031527614,0.9340496031527614,2.8021488094582843,NA,NA,NA,NA,NA,NA,NA,NA,NA,NA,NA,NA,NA,NA,NA
2023-08-16,ACPI-23,3579,55.50811926359303,10.096638305250988,0.9239237102169644,1.9039252885260605,0.9239237102169644,NA,27.871698591545094,NA,0.9239237102169644,0.9239237102169644,0.9239237102169644,NA,NA,NA,NA,NA,NA,NA,NA,NA,NA,NA,NA
2023-08-16,ACPI-24,0,92.47091071212338,0.9340496031527614,NA,1.9247916689600513,NA,0.9340496031527614,0.9340496031527614,2.8021488094582843,NA,NA,NA,NA,NA,NA,NA,NA,NA,NA,NA,NA,NA,NA,NA
2023-08-17,ACPI-23,1345,59.678768565946505,5.888305165173389,0.9548602970551441,1.9676761690052085,0.9548602970551441,NA,26.736088317544038,NA,0.9548602970551441,1.9097205941102882,0.9548602970551441,NA,NA,NA,NA,NA,NA,NA,NA,NA,NA,NA,NA
2023-08-17,ACPI-24,0,92.47091071212338,0.9340496031527614,NA,1.9247916689600513,NA,0.9340496031527614,0.9340496031527614,2.8021488094582843,NA,NA,NA,NA,NA,NA,NA,NA,NA,NA,NA,NA,NA,NA,NA
2023-08-18,ACPI-23,2600,58.7291783778947,8.325448326850353,0.9396668540463151,1.9363671117265553,0.9396668540463151,NA,26.31067191329683,NA,0.9396668540463151,0.9396668540463151,0.9396668540463151,NA,NA,NA,NA,NA,NA,NA,NA,NA,NA,NA,NA
2023-08-18,ACPI-24,0,92.47091071212338,0.9340496031527614,NA,1.9247916689600513,NA,0.9340496031527614,0.9340496031527614,2.8021488094582843,NA,NA,NA,NA,NA,NA,NA,NA,NA,NA,NA,NA,NA,NA,NA
2023-08-19,ACPI-23,550,58.64101355114,8.312950081009607,0.93825621681824,1.9334602181575635,0.93825621681824,NA,25.33291785409248,NA,2.0266334283273983,0.93825621681824,0.93825621681824,NA,NA,NA,NA,NA,NA,NA,NA,NA,NA,NA,NA
2023-08-19,ACPI-24,0,92.47091071212338,0.9340496031527614,NA,1.9247916689600513,NA,0.9340496031527614,0.9340496031527614,2.8021488094582843,NA,NA,NA,NA,NA,NA,NA,NA,NA,NA,NA,NA,NA,NA,NA
2023-08-20,ACPI-23,0,58.64101355114,8.312950081009607,0.93825621681824,1.9334602181575635,0.93825621681824,NA,25.33291785409248,NA,2.0266334283273983,0.93825621681824,0.93825621681824,NA,NA,NA,NA,NA,NA,NA,NA,NA,NA,NA,NA
2023-08-20,ACPI-24,0,92.47091071212338,0.9340496031527614,NA,1.9247916689600513,NA,0.9340496031527614,0.9340496031527614,2.8021488094582843,NA,NA,NA,NA,NA,NA,NA,NA,NA,NA,NA,NA,NA,NA,NA
2023-08-21,ACPI-23,2460,60.489678899251544,7.1561450483489555,0.9451512328008054,1.9476687454946475,0.9451512328008054,NA,24.584375712851887,NA,2.0415266628497397,0.9451512328008054,0.9451512328008054,NA,NA,NA,NA,NA,NA,NA,NA,NA,NA,NA,NA
2023-08-21,ACPI-24,0,92.47091071212338,0.9340496031527614,NA,1.9247916689600513,NA,0.9340496031527614,0.9340496031527614,2.8021488094582843,NA,NA,NA,NA,NA,NA,NA,NA,NA,NA,NA,NA,NA,NA,NA
2023-08-22,ACPI-23,186,59.51253083936596,7.324619180229656,0.915577397528707,1.8867260808237412,0.915577397528707,NA,25.636167130803805,NA,1.9776471786620073,0.915577397528707,0.915577397528707,NA,NA,NA,NA,NA,NA,NA,NA,NA,NA,NA,NA
2023-08-22,ACPI-24,0,92.47091071212338,0.9340496031527614,NA,1.9247916689600513,NA,0.9340496031527614,0.9340496031527614,2.8021488094582843,NA,NA,NA,NA,NA,NA,NA,NA,NA,NA,NA,NA,NA,NA,NA
2023-08-23,ACPI-23,1993,59.30151172229443,6.689201834999702,0.9556002621428145,1.9692010116166307,0.9556002621428145,NA,26.15358781628951,NA,2.0640965662284794,0.9556002621428145,0.9556002621428145,NA,NA,NA,NA,NA,NA,NA,NA,NA,NA,NA,NA
2023-08-23,ACPI-24,0,92.47091071212338,0.9340496031527614,NA,1.9247916689600513,NA,0.9340496031527614,0.9340496031527614,2.8021488094582843,NA,NA,NA,NA,NA,NA,NA,NA,NA,NA,NA,NA,NA,NA,NA
2023-08-24,ACPI-23,185,59.635770511494535,6.131903822754479,0.961867266314428,1.9821153979384531,0.961867266314428,NA,26.325107907315658,NA,2.0776332952391643,0.961867266314428,0.961867266314428,NA,NA,NA,NA,NA,NA,NA,NA,NA,NA,NA,NA
2023-08-24,ACPI-24,0,92.47091071212338,0.9340496031527614,NA,1.9247916689600513,NA,0.9340496031527614,0.9340496031527614,2.8021488094582843,NA,NA,NA,NA,NA,NA,NA,NA,NA,NA,NA,NA,NA,NA,NA
2023-08-25,ACPI-23,4865,59.58670586778294,7.477764622031789,0.9347205777539737,1.9261743431971987,0.9347205777539737,NA,25.2514764080236,NA,2.018996447948583,0.9347205777539737,0.9347205777539737,NA,NA,NA,NA,NA,NA,NA,NA,NA,NA,NA,NA
2023-08-25,ACPI-24,0,92.47091071212338,0.9340496031527614,NA,1.9247916689600513,NA,0.9340496031527614,0.9340496031527614,2.8021488094582843,NA,NA,NA,NA,NA,NA,NA,NA,NA,NA,NA,NA,NA,NA,NA
2023-08-26,ACPI-23,1945,60.62262494289751,7.461246146818155,0.9326557683522694,1.92191940007536,0.9326557683522694,NA,24.249049977159004,NA,2.014536459640902,0.9326557683522694,0.9326557683522694,NA,NA,NA,NA,NA,NA,NA,NA,NA,NA,NA,NA
2023-08-26,ACPI-24,0,92.47091071212338,0.9340496031527614,NA,1.9247916689600513,NA,0.9340496031527614,0.9340496031527614,2.8021488094582843,NA,NA,NA,NA,NA,NA,NA,NA,NA,NA,NA,NA,NA,NA,NA
2023-08-27,ACPI-23,776,60.28111400410829,6.955513154320188,0.9274017539093583,1.9110924769717303,0.9274017539093583,NA,25.13948556051815,NA,2.003187788444214,0.9274017539093583,0.9274017539093583,NA,NA,NA,NA,NA,NA,NA,NA,NA,NA,NA,NA
2023-08-27,ACPI-24,0,92.47091071212338,0.9340496031527614,NA,1.9247916689600513,NA,0.9340496031527614,0.9340496031527614,2.8021488094582843,NA,NA,NA,NA,NA,NA,NA,NA,NA,NA,NA,NA,NA,NA,NA
2023-08-28,ACPI-23,3670,58.999062972666664,7.790994246649637,0.9059295635639113,1.8668448342857973,0.9059295635639113,NA,25.762571834844216,NA,1.9568078572980483,0.9059295635639113,0.9059295635639113,NA,NA,NA,NA,NA,NA,NA,NA,NA,NA,NA,NA
2023-08-28,ACPI-24,0,92.47091071212338,0.9340496031527614,NA,1.9247916689600513,NA,0.9340496031527614,0.9340496031527614,2.8021488094582843,NA,NA,NA,NA,NA,NA,NA,NA,NA,NA,NA,NA,NA,NA,NA
2023-08-29,ACPI-23,0,58.999062972666664,7.790994246649637,0.9059295635639113,1.8668448342857973,0.9059295635639113,NA,25.762571834844216,NA,1.9568078572980483,0.9059295635639113,0.9059295635639113,NA,NA,NA,NA,NA,NA,NA,NA,NA,NA,NA,NA
2023-08-29,ACPI-24,0,92.47091071212338,0.9340496031527614,NA,1.9247916689600513,NA,0.9340496031527614,0.9340496031527614,2.8021488094582843,NA,NA,NA,NA,NA,NA,NA,NA,NA,NA,NA,NA,NA,NA,NA
2023-08-30,ACPI-23,337,61.51225339278643,6.593927162938849,0.9320038392846428,1.9205759728806107,0.9320038392846428,NA,24.232099821400713,NA,2.0131282928548284,0.9320038392846428,0.9320038392846428,NA,NA,NA,NA,NA,NA,NA,NA,NA,NA,NA,NA
2023-08-30,ACPI-24,0,92.47091071212338,0.9340496031527614,NA,1.9247916689600513,NA,0.9340496031527614,0.9340496031527614,2.8021488094582843,NA,NA,NA,NA,NA,NA,NA,NA,NA,NA,NA,NA,NA,NA,NA
2023-08-31,ACPI-23,2,60.386641753667924,6.473265006169706,0.914949117479817,1.8854313870518093,0.914949117479817,NA,25.61857528943488,NA,1.9762900937564047,0.914949117479817,0.914949117479817,NA,NA,NA,NA,NA,NA,NA,NA,NA,NA,NA,NA
2023-08-31,ACPI-24,0,92.47091071212338,0.9340496031527614,NA,1.9247916689600513,NA,0.9340496031527614,0.9340496031527614,2.8021488094582843,NA,NA,NA,NA,NA,NA,NA,NA,NA,NA,NA,NA,NA,NA,NA
2023-09-01,ACPI-23,0,60.386641753667924,6.473265006169706,0.914949117479817,1.8854313870518093,0.914949117479817,NA,25.61857528943488,NA,1.9762900937564047,0.914949117479817,0.914949117479817,NA,NA,NA,NA,NA,NA,NA,NA,NA,NA,NA,NA
2023-09-01,ACPI-24,0,92.47091071212338,0.9340496031527614,NA,1.9247916689600513,NA,0.9340496031527614,0.9340496031527614,2.8021488094582843,NA,NA,NA,NA,NA,NA,NA,NA,NA,NA,NA,NA,NA,NA,NA
2023-09-02,ACPI-23,0,60.386641753667924,6.473265006169706,0.914949117479817,1.8854313870518093,0.914949117479817,NA,25.61857528943488,NA,1.9762900937564047,0.914949117479817,0.914949117479817,NA,NA,NA,NA,NA,NA,NA,NA,NA,NA,NA,NA
2023-09-02,ACPI-24,0,92.47091071212338,0.9340496031527614,NA,1.9247916689600513,NA,0.9340496031527614,0.9340496031527614,2.8021488094582843,NA,NA,NA,NA,NA,NA,NA,NA,NA,NA,NA,NA,NA,NA,NA
2023-09-03,ACPI-23,0,60.386641753667924,6.473265006169706,0.914949117479817,1.8854313870518093,0.914949117479817,NA,25.61857528943488,NA,1.9762900937564047,0.914949117479817,0.914949117479817,NA,NA,NA,NA,NA,NA,NA,NA,NA,NA,NA,NA
2023-09-03,ACPI-24,0,92.47091071212338,0.9340496031527614,NA,1.9247916689600513,NA,0.9340496031527614,0.9340496031527614,2.8021488094582843,NA,NA,NA,NA,NA,NA,NA,NA,NA,NA,NA,NA,NA,NA,NA
2023-09-04,ACPI-23,0,60.386641753667924,6.473265006169706,0.914949117479817,1.8854313870518093,0.914949117479817,NA,25.61857528943488,NA,1.9762900937564047,0.914949117479817,0.914949117479817,NA,NA,NA,NA,NA,NA,NA,NA,NA,NA,NA,NA
2023-09-04,ACPI-24,0,92.47091071212338,0.9340496031527614,NA,1.9247916689600513,NA,0.9340496031527614,0.9340496031527614,2.8021488094582843,NA,NA,NA,NA,NA,NA,NA,NA,NA,NA,NA,NA,NA,NA,NA
2023-09-05,ACPI-23,7682,62.111561244654204,6.553846869222258,0.9362638384603224,1.92935453335047,0.9362638384603224,NA,23.63785210785748,NA,2.022329891074296,0.9362638384603224,0.9362638384603224,NA,NA,NA,NA,NA,NA,NA,NA,NA,NA,NA,NA
2023-09-05,ACPI-24,0,92.47091071212338,0.9340496031527614,NA,1.9247916689600513,NA,0.9340496031527614,0.9340496031527614,2.8021488094582843,NA,NA,NA,NA,NA,NA,NA,NA,NA,NA,NA,NA,NA,NA,NA
2023-09-06,ACPI-23,653,62.845292595215504,5.683944215402192,0.9473240359003654,1.952146230726917,0.9473240359003654,NA,23.683100897509135,NA,2.0462199175447893,0.9473240359003654,0.9473240359003654,NA,NA,NA,NA,NA,NA,NA,NA,NA,NA,NA,NA
2023-09-06,ACPI-24,0,92.47091071212338,0.9340496031527614,NA,1.9247916689600513,NA,0.9340496031527614,0.9340496031527614,2.8021488094582843,NA,NA,NA,NA,NA,NA,NA,NA,NA,NA,NA,NA,NA,NA,NA
2023-09-07,ACPI-23,2799,63.32312996545311,7.392748187354336,0.924093523419292,1.90427522180157,0.924093523419292,NA,21.687430521128142,NA,1.9960420105856707,0.924093523419292,0.924093523419292,NA,NA,NA,NA,NA,NA,NA,NA,NA,NA,NA,NA
2023-09-07,ACPI-24,0,92.47091071212338,0.9340496031527614,NA,1.9247916689600513,NA,0.9340496031527614,0.9340496031527614,2.8021488094582843,NA,NA,NA,NA,NA,NA,NA,NA,NA,NA,NA,NA,NA,NA,NA
2023-09-08,ACPI-23,1100,64.75814125830259,8.39081819507776,0.9324426387084606,1.9214802048105404,0.9324426387084606,NA,18.338038561266394,NA,2.014076099610275,1.7801177648070612,0.9324426387084606,NA,NA,NA,NA,NA,NA,NA,NA,NA,NA,NA,NA
2023-09-08,ACPI-24,0,92.47091071212338,0.9340496031527614,NA,1.9247916689600513,NA,0.9340496031527614,0.9340496031527614,2.8021488094582843,NA,NA,NA,NA,NA,NA,NA,NA,NA,NA,NA,NA,NA,NA,NA
2023-09-09,ACPI-23,150,64.93720164580532,8.349068783032111,0.9276743092257902,1.9116541304434818,0.9276743092257902,NA,18.244261414773874,NA,2.003776507927707,1.7710145903401449,0.9276743092257902,NA,NA,NA,NA,NA,NA,NA,NA,NA,NA,NA,NA
2023-09-09,ACPI-24,0,92.47091071212338,0.9340496031527614,NA,1.9247916689600513,NA,0.9340496031527614,0.9340496031527614,2.8021488094582843,NA,NA,NA,NA,NA,NA,NA,NA,NA,NA,NA,NA,NA,NA,NA
2023-09-10,ACPI-23,37,64.98402981517197,9.02555969655166,0.9025559696551662,1.85989288502305,0.9025559696551662,NA,17.750267403218267,NA,1.9495208944551587,1.723061396614408,0.9025559696551662,NA,NA,NA,NA,NA,NA,NA,NA,NA,NA,NA,NA
2023-09-10,ACPI-24,0,92.47091071212338,0.9340496031527614,NA,1.9247916689600513,NA,0.9340496031527614,0.9340496031527614,2.8021488094582843,NA,NA,NA,NA,NA,NA,NA,NA,NA,NA,NA,NA,NA,NA,NA
2023-09-11,ACPI-23,985,64.00952733657952,9.276743092257902,0.9276743092257902,1.9116541304434818,0.9276743092257902,NA,18.244261414773874,NA,2.003776507927707,1.7710145903401449,0.9276743092257902,NA,NA,NA,NA,NA,NA,NA,NA,NA,NA,NA,NA
2023-09-11,ACPI-24,0,92.47091071212338,0.9340496031527614,NA,1.9247916689600513,NA,0.9340496031527614,0.9340496031527614,2.8021488094582843,NA,NA,NA,NA,NA,NA,NA,NA,NA,NA,NA,NA,NA,NA,NA
2023-09-12,ACPI-23,2301,65.74469077997139,6.9787158472800535,0.9665457579820451,1.991756343938251,0.9665457579820451,NA,19.330915159640902,NA,2.0877388372412176,0.9665457579820451,0.9665457579820451,NA,NA,NA,NA,NA,NA,NA,NA,NA,NA,NA,NA
2023-09-12,ACPI-24,0,92.47091071212338,0.9340496031527614,NA,1.9247916689600513,NA,0.9340496031527614,0.9340496031527614,2.8021488094582843,NA,NA,NA,NA,NA,NA,NA,NA,NA,NA,NA,NA,NA,NA,NA
2023-09-13,ACPI-23,1411,67.50952835158502,6.619171583651159,0.9167492065215455,1.8891408221601913,0.9167492065215455,NA,18.33498413043091,NA,1.9801782860865382,0.9167492065215455,0.9167492065215455,NA,NA,NA,NA,NA,NA,NA,NA,NA,NA,NA,NA
2023-09-13,ACPI-24,0,92.47091071212338,0.9340496031527614,NA,1.9247916689600513,NA,0.9340496031527614,0.9340496031527614,2.8021488094582843,NA,NA,NA,NA,NA,NA,NA,NA,NA,NA,NA,NA,NA,NA,NA
2023-09-14,ACPI-23,0,67.50952835158502,6.619171583651159,0.9167492065215455,1.8891408221601913,0.9167492065215455,NA,18.33498413043091,NA,1.9801782860865382,0.9167492065215455,0.9167492065215455,NA,NA,NA,NA,NA,NA,NA,NA,NA,NA,NA,NA
2023-09-14,ACPI-24,0,92.47091071212338,0.9340496031527614,NA,1.9247916689600513,NA,0.9340496031527614,0.9340496031527614,2.8021488094582843,NA,NA,NA,NA,NA,NA,NA,NA,NA,NA,NA,NA,NA,NA,NA
2023-09-15,ACPI-23,100,69.41871490581455,6.806363431916357,0.9426751061897577,1.9425662029143094,0.9426751061897577,NA,16.025476805225882,NA,2.0361782293698765,0.9426751061897577,0.9426751061897577,NA,NA,NA,NA,NA,NA,NA,NA,NA,NA,NA,NA
2023-09-15,ACPI-24,0,92.47091071212338,0.9340496031527614,NA,1.9247916689600513,NA,0.9340496031527614,0.9340496031527614,2.8021488094582843,NA,NA,NA,NA,NA,NA,NA,NA,NA,NA,NA,NA,NA,NA,NA
2023-09-16,ACPI-23,0,69.41871490581455,6.806363431916357,0.9426751061897577,1.9425662029143094,0.9426751061897577,NA,16.025476805225882,NA,2.0361782293698765,0.9426751061897577,0.9426751061897577,NA,NA,NA,NA,NA,NA,NA,NA,NA,NA,NA,NA
2023-09-16,ACPI-24,0,92.47091071212338,0.9340496031527614,NA,1.9247916689600513,NA,0.9340496031527614,0.9340496031527614,2.8021488094582843,NA,NA,NA,NA,NA,NA,NA,NA,NA,NA,NA,NA,NA,NA,NA
2023-09-17,ACPI-23,450,69.52210900300942,6.783351390399599,0.9394879595001273,1.9359984645680293,0.9394879595001273,NA,15.971295311502164,NA,2.029293992520275,0.9394879595001273,0.9394879595001273,NA,NA,NA,NA,NA,NA,NA,NA,NA,NA,NA,NA
2023-09-17,ACPI-24,0,92.47091071212338,0.9340496031527614,NA,1.9247916689600513,NA,0.9340496031527614,0.9340496031527614,2.8021488094582843,NA,NA,NA,NA,NA,NA,NA,NA,NA,NA,NA,NA,NA,NA,NA
2023-09-18,ACPI-23,350,67.75272741712433,9.155773975287072,0.9155773975287071,1.8867260808237414,0.9155773975287071,NA,15.564815757988022,NA,1.9776471786620076,0.9155773975287071,0.9155773975287071,NA,NA,NA,NA,NA,NA,NA,NA,NA,NA,NA,NA
2023-09-18,ACPI-24,0,92.47091071212338,0.9340496031527614,NA,1.9247916689600513,NA,0.9340496031527614,0.9340496031527614,2.8021488094582843,NA,NA,NA,NA,NA,NA,NA,NA,NA,NA,NA,NA,NA,NA,NA
2023-09-19,ACPI-23,1643,69.93031690313855,6.9781844892728495,0.9155773975287071,1.8867260808237414,0.9155773975287071,NA,15.564815757988022,NA,1.9776471786620076,0.9155773975287071,0.9155773975287071,NA,NA,NA,NA,NA,NA,NA,NA,NA,NA,NA,NA
2023-09-19,ACPI-24,0,92.47091071212338,0.9340496031527614,NA,1.9247916689600513,NA,0.9340496031527614,0.9340496031527614,2.8021488094582843,NA,NA,NA,NA,NA,NA,NA,NA,NA,NA,NA,NA,NA,NA,NA
2023-09-20,ACPI-23,304,70.98423409752637,5.576256181758972,0.929376030293162,1.9151608591250369,0.929376030293162,NA,15.799392514983753,NA,2.0074522254332297,0.929376030293162,0.929376030293162,NA,NA,NA,NA,NA,NA,NA,NA,NA,NA,NA,NA
2023-09-20,ACPI-24,0,92.47091071212338,0.9340496031527614,NA,1.9247916689600513,NA,0.9340496031527614,0.9340496031527614,2.8021488094582843,NA,NA,NA,NA,NA,NA,NA,NA,NA,NA,NA,NA,NA,NA,NA
2023-09-21,ACPI-23,0,70.98423409752637,5.576256181758972,0.929376030293162,1.9151608591250369,0.929376030293162,NA,15.799392514983753,NA,2.0074522254332297,0.929376030293162,0.929376030293162,NA,NA,NA,NA,NA,NA,NA,NA,NA,NA,NA,NA
2023-09-21,ACPI-24,0,92.47091071212338,0.9340496031527614,NA,1.9247916689600513,NA,0.9340496031527614,0.9340496031527614,2.8021488094582843,NA,NA,NA,NA,NA,NA,NA,NA,NA,NA,NA,NA,NA,NA,NA
2023-09-22,ACPI-23,0,70.98423409752637,5.576256181758972,0.929376030293162,1.9151608591250369,0.929376030293162,NA,15.799392514983753,NA,2.0074522254332297,0.929376030293162,0.929376030293162,NA,NA,NA,NA,NA,NA,NA,NA,NA,NA,NA,NA
2023-09-22,ACPI-24,0,92.47091071212338,0.9340496031527614,NA,1.9247916689600513,NA,0.9340496031527614,0.9340496031527614,2.8021488094582843,NA,NA,NA,NA,NA,NA,NA,NA,NA,NA,NA,NA,NA,NA,NA
2023-09-23,ACPI-23,47,70.88183839477247,5.595934610113616,0.9326557683522694,1.92191940007536,0.9326557683522694,NA,15.85514806198858,NA,2.014536459640902,0.9326557683522694,0.9326557683522694,NA,NA,NA,NA,NA,NA,NA,NA,NA,NA,NA,NA
2023-09-23,ACPI-24,0,92.47091071212338,0.9340496031527614,NA,1.9247916689600513,NA,0.9340496031527614,0.9340496031527614,2.8021488094582843,NA,NA,NA,NA,NA,NA,NA,NA,NA,NA,NA,NA,NA,NA,NA
2023-09-24,ACPI-23,0,70.88183839477247,5.595934610113616,0.9326557683522694,1.92191940007536,0.9326557683522694,NA,15.85514806198858,NA,2.014536459640902,0.9326557683522694,0.9326557683522694,NA,NA,NA,NA,NA,NA,NA,NA,NA,NA,NA,NA
2023-09-24,ACPI-24,0,92.47091071212338,0.9340496031527614,NA,1.9247916689600513,NA,0.9340496031527614,0.9340496031527614,2.8021488094582843,NA,NA,NA,NA,NA,NA,NA,NA,NA,NA,NA,NA,NA,NA,NA
2023-09-25,ACPI-23,22,73.27370853753582,5.78476646348967,0.964127743914945,1.986773553606696,0.964127743914945,NA,13.015724542851757,NA,2.0825159268562814,0.964127743914945,0.964127743914945,NA,NA,NA,NA,NA,NA,NA,NA,NA,NA,NA,NA
2023-09-25,ACPI-24,0,92.47091071212338,0.9340496031527614,NA,1.9247916689600513,NA,0.9340496031527614,0.9340496031527614,2.8021488094582843,NA,NA,NA,NA,NA,NA,NA,NA,NA,NA,NA,NA,NA,NA,NA
2023-09-26,ACPI-23,0,73.27370853753582,5.78476646348967,0.964127743914945,1.986773553606696,0.964127743914945,NA,13.015724542851757,NA,2.0825159268562814,0.964127743914945,0.964127743914945,NA,NA,NA,NA,NA,NA,NA,NA,NA,NA,NA,NA
2023-09-26,ACPI-24,0,92.47091071212338,0.9340496031527614,NA,1.9247916689600513,NA,0.9340496031527614,0.9340496031527614,2.8021488094582843,NA,NA,NA,NA,NA,NA,NA,NA,NA,NA,NA,NA,NA,NA,NA
2023-09-27,ACPI-23,4264,72.85537554866644,8.107866205786559,0.9169448149257097,1.889543911488042,0.9169448149257097,NA,11.498834274116584,NA,1.980600800239533,0.9169448149257097,0.9169448149257097,NA,NA,NA,NA,NA,NA,NA,NA,NA,NA,NA,NA
2023-09-27,ACPI-24,0,92.47091071212338,0.9340496031527614,NA,1.9247916689600513,NA,0.9340496031527614,0.9340496031527614,2.8021488094582843,NA,NA,NA,NA,NA,NA,NA,NA,NA,NA,NA,NA,NA,NA,NA
2023-09-28,ACPI-23,1181,74.27079616604374,5.465769220963391,0.9760302180291769,2.011300926604615,0.9760302180291769,NA,12.239787543328527,NA,2.1082252709430223,0.9760302180291769,0.9760302180291769,NA,NA,NA,NA,NA,NA,NA,NA,NA,NA,NA,NA
2023-09-28,ACPI-24,0,92.47091071212338,0.9340496031527614,NA,1.9247916689600513,NA,0.9340496031527614,0.9340496031527614,2.8021488094582843,NA,NA,NA,NA,NA,NA,NA,NA,NA,NA,NA,NA,NA,NA,NA
2023-09-29,ACPI-23,10,71.21254974602267,9.358402500443608,0.9358402500443608,1.928481646673618,0.9358402500443608,NA,11.735790166586836,NA,2.0214149400958195,0.9358402500443608,0.9358402500443608,NA,NA,NA,NA,NA,NA,NA,NA,NA,NA,NA,NA
2023-09-29,ACPI-24,0,92.47091071212338,0.9340496031527614,NA,1.9247916689600513,NA,0.9340496031527614,0.9340496031527614,2.8021488094582843,NA,NA,NA,NA,NA,NA,NA,NA,NA,NA,NA,NA,NA,NA,NA
2023-09-30,ACPI-23,570,74.66756803538341,8.658038810201212,0.9812443984894708,2.022045764005704,0.9812443984894708,NA,8.607881895714529,NA,2.1194879007372567,0.9812443984894708,0.9812443984894708,NA,NA,NA,NA,NA,NA,NA,NA,NA,NA,NA,NA
2023-09-30,ACPI-24,0,92.47091071212338,0.9340496031527614,NA,1.9247916689600513,NA,0.9340496031527614,0.9340496031527614,2.8021488094582843,NA,NA,NA,NA,NA,NA,NA,NA,NA,NA,NA,NA,NA,NA,NA
2023-10-01,ACPI-23,0,74.66756803538341,8.658038810201212,0.9812443984894708,2.022045764005704,0.9812443984894708,NA,8.607881895714529,NA,2.1194879007372567,0.9812443984894708,0.9812443984894708,NA,NA,NA,NA,NA,NA,NA,NA,NA,NA,NA,NA
2023-10-01,ACPI-24,0,92.47091071212338,0.9340496031527614,NA,1.9247916689600513,NA,0.9340496031527614,0.9340496031527614,2.8021488094582843,NA,NA,NA,NA,NA,NA,NA,NA,NA,NA,NA,NA,NA,NA,NA
2023-10-02,ACPI-23,0,74.66756803538341,8.658038810201212,0.9812443984894708,2.022045764005704,0.9812443984894708,NA,8.607881895714529,NA,2.1194879007372567,0.9812443984894708,0.9812443984894708,NA,NA,NA,NA,NA,NA,NA,NA,NA,NA,NA,NA
2023-10-02,ACPI-24,0,92.47091071212338,0.9340496031527614,NA,1.9247916689600513,NA,0.9340496031527614,0.9340496031527614,2.8021488094582843,NA,NA,NA,NA,NA,NA,NA,NA,NA,NA,NA,NA,NA,NA,NA
2023-10-03,ACPI-23,0,74.66756803538341,8.658038810201212,0.9812443984894708,2.022045764005704,0.9812443984894708,NA,8.607881895714529,NA,2.1194879007372567,0.9812443984894708,0.9812443984894708,NA,NA,NA,NA,NA,NA,NA,NA,NA,NA,NA,NA
2023-10-03,ACPI-24,0,92.47091071212338,0.9340496031527614,NA,1.9247916689600513,NA,0.9340496031527614,0.9340496031527614,2.8021488094582843,NA,NA,NA,NA,NA,NA,NA,NA,NA,NA,NA,NA,NA,NA,NA
2023-10-04,ACPI-23,2000,74.66756803538341,8.658038810201212,0.9812443984894708,2.022045764005704,0.9812443984894708,NA,8.607881895714529,NA,2.1194879007372567,0.9812443984894708,0.9812443984894708,NA,NA,NA,NA,NA,NA,NA,NA,NA,NA,NA,NA
2023-10-04,ACPI-24,0,92.47091071212338,0.9340496031527614,NA,1.9247916689600513,NA,0.9340496031527614,0.9340496031527614,2.8021488094582843,NA,NA,NA,NA,NA,NA,NA,NA,NA,NA,NA,NA,NA,NA,NA
2023-10-05,ACPI-23,277,77.0309816963926,5.766839262935376,1.0123032166242705,2.086048525948777,1.0123032166242705,NA,8.880342700317739,NA,2.1865749479084244,1.0123032166242705,1.0123032166242705,NA,NA,NA,NA,NA,NA,NA,NA,NA,NA,NA,NA
2023-10-05,ACPI-24,0,92.47091071212338,0.9340496031527614,NA,1.9247916689600513,NA,0.9340496031527614,0.9340496031527614,2.8021488094582843,NA,NA,NA,NA,NA,NA,NA,NA,NA,NA,NA,NA,NA,NA,NA
2023-10-06,ACPI-23,119,74.42210158059426,8.958321623431758,0.9780185992553938,2.015398374541021,0.9780185992553938,NA,8.57958385001973,NA,2.112520174391651,0.9780185992553938,0.9780185992553938,NA,NA,NA,NA,NA,NA,NA,NA,NA,NA,NA,NA
2023-10-06,ACPI-24,0,92.47091071212338,0.9340496031527614,NA,1.9247916689600513,NA,0.9340496031527614,0.9340496031527614,2.8021488094582843,NA,NA,NA,NA,NA,NA,NA,NA,NA,NA,NA,NA,NA,NA,NA
2023-10-07,ACPI-23,0,74.42210158059426,8.958321623431758,0.9780185992553938,2.015398374541021,0.9780185992553938,NA,8.57958385001973,NA,2.112520174391651,0.9780185992553938,0.9780185992553938,NA,NA,NA,NA,NA,NA,NA,NA,NA,NA,NA,NA
2023-10-07,ACPI-24,0,92.47091071212338,0.9340496031527614,NA,1.9247916689600513,NA,0.9340496031527614,0.9340496031527614,2.8021488094582843,NA,NA,NA,NA,NA,NA,NA,NA,NA,NA,NA,NA,NA,NA,NA
2023-10-08,ACPI-23,2602,74.33544275902827,8.620794178013234,0.9881357080703037,2.036246653577992,0.9881357080703037,NA,8.920600447667429,NA,2.134373129431856,0.9881357080703037,0.9881357080703037,NA,NA,NA,NA,NA,NA,NA,NA,NA,NA,NA,NA
2023-10-08,ACPI-24,0,92.47091071212338,0.9340496031527614,NA,1.9247916689600513,NA,0.9340496031527614,0.9340496031527614,2.8021488094582843,NA,NA,NA,NA,NA,NA,NA,NA,NA,NA,NA,NA,NA,NA,NA
2023-10-09,ACPI-23,228,75.08993564185295,6.987155894861869,0.9981651278374096,2.05691423220237,0.9981651278374096,NA,9.71729704360437,NA,2.156036676128805,0.9981651278374096,0.9981651278374096,NA,NA,NA,NA,NA,NA,NA,NA,NA,NA,NA,NA
2023-10-09,ACPI-24,0,92.47091071212338,0.9340496031527614,NA,1.9247916689600513,NA,0.9340496031527614,0.9340496031527614,2.8021488094582843,NA,NA,NA,NA,NA,NA,NA,NA,NA,NA,NA,NA,NA,NA,NA
2023-10-10,ACPI-23,11,76.4133973609027,7.110304666702452,1.0157578095289215,2.0931673894653144,1.0157578095289215,NA,8.126062476231372,NA,2.1940368685824705,1.0157578095289215,1.0157578095289215,NA,NA,NA,NA,NA,NA,NA,NA,NA,NA,NA,NA
2023-10-10,ACPI-24,0,92.47091071212338,0.9340496031527614,NA,1.9247916689600513,NA,0.9340496031527614,0.9340496031527614,2.8021488094582843,NA,NA,NA,NA,NA,NA,NA,NA,NA,NA,NA,NA,NA,NA,NA
2023-10-11,ACPI-23,6,76.47777300488609,8.393901915170424,0.9326557683522694,1.92191940007536,0.9326557683522694,NA,7.461246146818155,NA,2.014536459640902,0.9326557683522694,0.9326557683522694,NA,NA,NA,NA,NA,NA,NA,NA,NA,NA,NA,NA
2023-10-11,ACPI-24,0,92.47091071212338,0.9340496031527614,NA,1.9247916689600513,NA,0.9340496031527614,0.9340496031527614,2.8021488094582843,NA,NA,NA,NA,NA,NA,NA,NA,NA,NA,NA,NA,NA,NA,NA
2023-10-12,ACPI-23,1274,79.04905883841415,8.80908351227071,0.9640129126635872,1.9865369213815938,0.9640129126635872,NA,4.217001185925853,NA,2.0822678913533483,0.9640129126635872,0.9640129126635872,NA,NA,NA,NA,NA,NA,NA,NA,NA,NA,NA,NA
2023-10-12,ACPI-24,0,92.47091071212338,0.9340496031527614,NA,1.9247916689600513,NA,0.9340496031527614,0.9340496031527614,2.8021488094582843,NA,NA,NA,NA,NA,NA,NA,NA,NA,NA,NA,NA,NA,NA,NA
2023-10-13,ACPI-23,1250,75.32650384759084,8.394248746682747,0.9186159005803762,1.8929875099172515,0.9186159005803762,NA,8.727585948234038,NA,1.9842103452536126,0.9186159005803762,0.9186159005803762,NA,NA,NA,NA,NA,NA,NA,NA,NA,NA,NA,NA
2023-10-13,ACPI-24,0,92.47091071212338,0.9340496031527614,NA,1.9247916689600513,NA,0.9340496031527614,0.9340496031527614,2.8021488094582843,NA,NA,NA,NA,NA,NA,NA,NA,NA,NA,NA,NA,NA,NA,NA
2023-10-14,ACPI-23,0,75.32650384759084,8.394248746682747,0.9186159005803762,1.8929875099172515,0.9186159005803762,NA,8.727585948234038,NA,1.9842103452536126,0.9186159005803762,0.9186159005803762,NA,NA,NA,NA,NA,NA,NA,NA,NA,NA,NA,NA
2023-10-14,ACPI-24,0,92.47091071212338,0.9340496031527614,NA,1.9247916689600513,NA,0.9340496031527614,0.9340496031527614,2.8021488094582843,NA,NA,NA,NA,NA,NA,NA,NA,NA,NA,NA,NA,NA,NA,NA
2023-10-15,ACPI-23,2539,73.52622495971667,8.19362893789946,0.8966612799965448,1.8477457254849248,0.8966612799965448,NA,10.908966892120231,NA,1.9367883647925368,0.8966612799965448,0.8966612799965448,NA,NA,NA,NA,NA,NA,NA,NA,NA,NA,NA,NA
2023-10-15,ACPI-24,0,92.47091071212338,0.9340496031527614,NA,1.9247916689600513,NA,0.9340496031527614,0.9340496031527614,2.8021488094582843,NA,NA,NA,NA,NA,NA,NA,NA,NA,NA,NA,NA,NA,NA,NA
2023-10-16,ACPI-23,172,77.15850148809047,3.178712913417812,0.9644812686011309,1.9875020602817648,0.9644812686011309,NA,11.734078923626992,NA,2.0832795401784425,0.9644812686011309,0.9644812686011309,NA,NA,NA,NA,NA,NA,NA,NA,NA,NA,NA,NA
2023-10-16,ACPI-24,0,92.47091071212338,0.9340496031527614,NA,1.9247916689600513,NA,0.9340496031527614,0.9340496031527614,2.8021488094582843,NA,NA,NA,NA,NA,NA,NA,NA,NA,NA,NA,NA,NA,NA,NA
2023-10-17,ACPI-23,0,77.15850148809047,3.178712913417812,0.9644812686011309,1.9875020602817648,0.9644812686011309,NA,11.734078923626992,NA,2.0832795401784425,0.9644812686011309,0.9644812686011309,NA,NA,NA,NA,NA,NA,NA,NA,NA,NA,NA,NA
2023-10-17,ACPI-24,0,92.47091071212338,0.9340496031527614,NA,1.9247916689600513,NA,0.9340496031527614,0.9340496031527614,2.8021488094582843,NA,NA,NA,NA,NA,NA,NA,NA,NA,NA,NA,NA,NA,NA,NA
2023-10-18,ACPI-23,164,74.16176919982529,5.493464385172243,0.9155773975287071,1.8867260808237414,0.9155773975287071,NA,12.818083565401903,NA,1.9776471786620076,0.9155773975287071,0.9155773975287071,NA,NA,NA,NA,NA,NA,NA,NA,NA,NA,NA,NA
2023-10-18,ACPI-24,0,92.47091071212338,0.9340496031527614,NA,1.9247916689600513,NA,0.9340496031527614,0.9340496031527614,2.8021488094582843,NA,NA,NA,NA,NA,NA,NA,NA,NA,NA,NA,NA,NA,NA,NA
2023-10-19,ACPI-23,594,78.47263548214283,5.812787813492062,0.9687979689153436,1.9963974645238403,0.9687979689153436,NA,7.750383751322749,NA,2.0926036128571424,0.9687979689153436,0.9687979689153436,NA,NA,NA,NA,NA,NA,NA,NA,NA,NA,NA,NA
2023-10-19,ACPI-24,0,92.47091071212338,0.9340496031527614,NA,1.9247916689600513,NA,0.9340496031527614,0.9340496031527614,2.8021488094582843,NA,NA,NA,NA,NA,NA,NA,NA,NA,NA,NA,NA,NA,NA,NA
2023-10-20,ACPI-23,11,82.46734531425749,6.108692245500555,1.0181153742500924,2.0980256121111216,1.0181153742500924,NA,3.0543461227502773,NA,2.1991292083801994,1.0181153742500924,1.0181153742500924,NA,NA,NA,NA,NA,NA,NA,NA,NA,NA,NA,NA
2023-10-20,ACPI-24,0,92.47091071212338,0.9340496031527614,NA,1.9247916689600513,NA,0.9340496031527614,0.9340496031527614,2.8021488094582843,NA,NA,NA,NA,NA,NA,NA,NA,NA,NA,NA,NA,NA,NA,NA
2023-10-21,ACPI-23,260,79.70595183027675,5.693282273591196,0.9488803789318659,1.9553533795667268,0.9488803789318659,NA,6.8003093823450405,NA,2.0495816184928306,0.9488803789318659,0.9488803789318659,NA,NA,NA,NA,NA,NA,NA,NA,NA,NA,NA,NA
2023-10-21,ACPI-24,0,92.47091071212338,0.9340496031527614,NA,1.9247916689600513,NA,0.9340496031527614,0.9340496031527614,2.8021488094582843,NA,NA,NA,NA,NA,NA,NA,NA,NA,NA,NA,NA,NA,NA,NA
2023-10-22,ACPI-23,0,79.70595183027675,5.693282273591196,0.9488803789318659,1.9553533795667268,0.9488803789318659,NA,6.8003093823450405,NA,2.0495816184928306,0.9488803789318659,0.9488803789318659,NA,NA,NA,NA,NA,NA,NA,NA,NA,NA,NA,NA
2023-10-22,ACPI-24,0,92.47091071212338,0.9340496031527614,NA,1.9247916689600513,NA,0.9340496031527614,0.9340496031527614,2.8021488094582843,NA,NA,NA,NA,NA,NA,NA,NA,NA,NA,NA,NA,NA,NA,NA
2023-10-23,ACPI-23,1,78.9052978723429,5.917897340425718,0.9863162234042863,2.0324972499969296,0.9863162234042863,NA,7.068599601064052,NA,2.1304430425532583,0.9863162234042863,0.9863162234042863,NA,NA,NA,NA,NA,NA,NA,NA,NA,NA,NA,NA
2023-10-23,ACPI-24,0,92.47091071212338,0.9340496031527614,NA,1.9247916689600513,NA,0.9340496031527614,0.9340496031527614,2.8021488094582843,NA,NA,NA,NA,NA,NA,NA,NA,NA,NA,NA,NA,NA,NA,NA
2023-10-24,ACPI-23,215,82.28700660526579,4.11435033026329,1.0285875825658224,2.1196056430363472,1.0285875825658224,NA,5.142937912829112,NA,2.2217491783421766,1.0285875825658224,1.0285875825658224,NA,NA,NA,NA,NA,NA,NA,NA,NA,NA,NA,NA
2023-10-24,ACPI-24,0,92.47091071212338,0.9340496031527614,NA,1.9247916689600513,NA,0.9340496031527614,0.9340496031527614,2.8021488094582843,NA,NA,NA,NA,NA,NA,NA,NA,NA,NA,NA,NA,NA,NA,NA
2023-10-25,ACPI-23,373,79.02422479422488,2.9773211454162185,0.9878028099278109,2.035560651925489,0.9878028099278109,NA,9.87802809927811,NA,2.1336540694440713,0.9878028099278109,0.9878028099278109,NA,NA,NA,NA,NA,NA,NA,NA,NA,NA,NA,NA
2023-10-25,ACPI-24,0,92.47091071212338,0.9340496031527614,NA,1.9247916689600513,NA,0.9340496031527614,0.9340496031527614,2.8021488094582843,NA,NA,NA,NA,NA,NA,NA,NA,NA,NA,NA,NA,NA,NA,NA
2023-10-26,ACPI-23,429,80.98048605546272,2.688815842587019,0.8962719475290062,1.8469434298815173,0.8962719475290062,NA,8.962719475290061,NA,1.9359474066626534,0.8962719475290062,0.8962719475290062,NA,NA,NA,NA,NA,NA,NA,NA,NA,NA,NA,NA
2023-10-26,ACPI-24,0,92.47091071212338,0.9340496031527614,NA,1.9247916689600513,NA,0.9340496031527614,0.9340496031527614,2.8021488094582843,NA,NA,NA,NA,NA,NA,NA,NA,NA,NA,NA,NA,NA,NA,NA
2023-10-27,ACPI-23,0,80.98048605546272,2.688815842587019,0.8962719475290062,1.8469434298815173,0.8962719475290062,NA,8.962719475290061,NA,1.9359474066626534,0.8962719475290062,0.8962719475290062,NA,NA,NA,NA,NA,NA,NA,NA,NA,NA,NA,NA
2023-10-27,ACPI-24,0,92.47091071212338,0.9340496031527614,NA,1.9247916689600513,NA,0.9340496031527614,0.9340496031527614,2.8021488094582843,NA,NA,NA,NA,NA,NA,NA,NA,NA,NA,NA,NA,NA,NA,NA
2023-10-28,ACPI-23,18,80.98048605546272,2.688815842587019,0.8962719475290062,1.8469434298815173,0.8962719475290062,NA,8.962719475290061,NA,1.9359474066626534,0.8962719475290062,0.8962719475290062,NA,NA,NA,NA,NA,NA,NA,NA,NA,NA,NA,NA
2023-10-28,ACPI-24,0,92.47091071212338,0.9340496031527614,NA,1.9247916689600513,NA,0.9340496031527614,0.9340496031527614,2.8021488094582843,NA,NA,NA,NA,NA,NA,NA,NA,NA,NA,NA,NA,NA,NA,NA
2023-10-29,ACPI-23,0,80.98048605546272,2.688815842587019,0.8962719475290062,1.8469434298815173,0.8962719475290062,NA,8.962719475290061,NA,1.9359474066626534,0.8962719475290062,0.8962719475290062,NA,NA,NA,NA,NA,NA,NA,NA,NA,NA,NA,NA
2023-10-29,ACPI-24,0,92.47091071212338,0.9340496031527614,NA,1.9247916689600513,NA,0.9340496031527614,0.9340496031527614,2.8021488094582843,NA,NA,NA,NA,NA,NA,NA,NA,NA,NA,NA,NA,NA,NA,NA
2023-10-30,ACPI-23,27,77.06815231223712,2.7855958667073657,0.9285319555691219,1.9134214782706067,0.9285319555691219,NA,12.51307349647912,NA,2.0056290240293033,0.9285319555691219,0.9285319555691219,NA,NA,NA,NA,NA,NA,NA,NA,NA,NA,NA,NA
2023-10-30,ACPI-24,0,92.47091071212338,0.9340496031527614,NA,1.9247916689600513,NA,0.9340496031527614,0.9340496031527614,2.8021488094582843,NA,NA,NA,NA,NA,NA,NA,NA,NA,NA,NA,NA,NA,NA,NA
2023-10-31,ACPI-23,1001,78.2783093462943,2.6385946970661,0.8795315656887,1.8124466029542627,0.8795315656887,NA,11.852734909042956,NA,1.8997881818875917,0.8795315656887,0.8795315656887,NA,NA,NA,NA,NA,NA,NA,NA,NA,NA,NA,NA
2023-10-31,ACPI-24,0,92.47091071212338,0.9340496031527614,NA,1.9247916689600513,NA,0.9340496031527614,0.9340496031527614,2.8021488094582843,NA,NA,NA,NA,NA,NA,NA,NA,NA,NA,NA,NA,NA,NA,NA
2023-11-01,ACPI-23,695,78.13919851553774,2.8243083800796778,0.9414361266932258,1.9400130436335954,0.9414361266932258,NA,11.297233520318711,NA,2.033502033657368,0.9414361266932258,0.9414361266932258,NA,NA,NA,NA,NA,NA,NA,NA,NA,NA,NA,NA
2023-11-01,ACPI-24,0,92.47091071212338,0.9340496031527614,NA,1.9247916689600513,NA,0.9340496031527614,0.9340496031527614,2.8021488094582843,NA,NA,NA,NA,NA,NA,NA,NA,NA,NA,NA,NA,NA,NA,NA
2023-11-02,ACPI-23,5744,84.63935900747185,3.7387104239528437,0.9510040337918185,1.9597295852504357,0.9510040337918185,NA,3.804016135167274,NA,2.054168712990328,0.9510040337918185,0.9510040337918185,NA,NA,NA,NA,NA,NA,NA,NA,NA,NA,NA,NA
2023-11-02,ACPI-24,0,92.47091071212338,0.9340496031527614,NA,1.9247916689600513,NA,0.9340496031527614,0.9340496031527614,2.8021488094582843,NA,NA,NA,NA,NA,NA,NA,NA,NA,NA,NA,NA,NA,NA,NA
2023-11-03,ACPI-23,10,84.63935900747185,3.7387104239528437,0.9510040337918185,1.9597295852504357,0.9510040337918185,NA,3.804016135167274,NA,2.054168712990328,0.9510040337918185,0.9510040337918185,NA,NA,NA,NA,NA,NA,NA,NA,NA,NA,NA,NA
2023-11-03,ACPI-24,0,92.47091071212338,0.9340496031527614,NA,1.9247916689600513,NA,0.9340496031527614,0.9340496031527614,2.8021488094582843,NA,NA,NA,NA,NA,NA,NA,NA,NA,NA,NA,NA,NA,NA,NA
2023-11-04,ACPI-23,0,84.63935900747185,3.7387104239528437,0.9510040337918185,1.9597295852504357,0.9510040337918185,NA,3.804016135167274,NA,2.054168712990328,0.9510040337918185,0.9510040337918185,NA,NA,NA,NA,NA,NA,NA,NA,NA,NA,NA,NA
2023-11-04,ACPI-24,0,92.47091071212338,0.9340496031527614,NA,1.9247916689600513,NA,0.9340496031527614,0.9340496031527614,2.8021488094582843,NA,NA,NA,NA,NA,NA,NA,NA,NA,NA,NA,NA,NA,NA,NA
2023-11-05,ACPI-23,0,84.63935900747185,3.7387104239528437,0.9510040337918185,1.9597295852504357,0.9510040337918185,NA,3.804016135167274,NA,2.054168712990328,0.9510040337918185,0.9510040337918185,NA,NA,NA,NA,NA,NA,NA,NA,NA,NA,NA,NA
2023-11-05,ACPI-24,0,92.47091071212338,0.9340496031527614,NA,1.9247916689600513,NA,0.9340496031527614,0.9340496031527614,2.8021488094582843,NA,NA,NA,NA,NA,NA,NA,NA,NA,NA,NA,NA,NA,NA,NA
2023-11-06,ACPI-23,0,84.63935900747185,3.7387104239528437,0.9510040337918185,1.9597295852504357,0.9510040337918185,NA,3.804016135167274,NA,2.054168712990328,0.9510040337918185,0.9510040337918185,NA,NA,NA,NA,NA,NA,NA,NA,NA,NA,NA,NA
2023-11-06,ACPI-24,0,92.47091071212338,0.9340496031527614,NA,1.9247916689600513,NA,0.9340496031527614,0.9340496031527614,2.8021488094582843,NA,NA,NA,NA,NA,NA,NA,NA,NA,NA,NA,NA,NA,NA,NA
2023-11-07,ACPI-23,2821,79.08063464223098,2.8243083800796778,0.9414361266932258,1.9400130436335954,0.9414361266932258,NA,10.355797393625485,NA,2.033502033657368,0.9414361266932258,0.9414361266932258,NA,NA,NA,NA,NA,NA,NA,NA,NA,NA,NA,NA
2023-11-07,ACPI-24,0,92.47091071212338,0.9340496031527614,NA,1.9247916689600513,NA,0.9340496031527614,0.9340496031527614,2.8021488094582843,NA,NA,NA,NA,NA,NA,NA,NA,NA,NA,NA,NA,NA,NA,NA
2023-11-08,ACPI-23,14530,67.28336752366218,1.8956841773689945,0.9478420886844973,1.9532137796874998,0.9478420886844973,NA,23.02902725298483,NA,2.047338911558514,0.9478420886844973,0.9478420886844973,NA,NA,NA,NA,NA,NA,NA,NA,NA,NA,NA,NA
2023-11-08,ACPI-24,0,92.47091071212338,0.9340496031527614,NA,1.9247916689600513,NA,0.9340496031527614,0.9340496031527614,2.8021488094582843,NA,NA,NA,NA,NA,NA,NA,NA,NA,NA,NA,NA,NA,NA,NA
2023-11-09,ACPI-23,13249,62.635878353230765,3.69827246922149,0.9245681173053725,1.9052532152132515,0.9245681173053725,NA,26.065256359733397,NA,1.9970671333796046,0.9245681173053725,0.9245681173053725,NA,NA,NA,NA,NA,NA,NA,NA,NA,NA,NA,NA
2023-11-09,ACPI-24,0,92.47091071212338,0.9340496031527614,NA,1.9247916689600513,NA,0.9340496031527614,0.9340496031527614,2.8021488094582843,NA,NA,NA,NA,NA,NA,NA,NA,NA,NA,NA,NA,NA,NA,NA
2023-11-10,ACPI-23,1405,66.25405101283793,1.7906500273739983,0.8953250136869991,1.84499208772153,0.8953250136869991,NA,24.595104787754625,NA,1.9339020295639182,0.8953250136869991,0.8953250136869991,NA,NA,NA,NA,NA,NA,NA,NA,NA,NA,NA,NA
2023-11-10,ACPI-24,0,92.47091071212338,0.9340496031527614,NA,1.9247916689600513,NA,0.9340496031527614,0.9340496031527614,2.8021488094582843,NA,NA,NA,NA,NA,NA,NA,NA,NA,NA,NA,NA,NA,NA,NA
2023-11-11,ACPI-23,3023,65.47353814961036,2.137624712732527,0.9132575063786852,1.8819454919306202,0.9132575063786852,NA,24.8812254064338,NA,1.97263621377796,0.9132575063786852,0.9132575063786852,NA,NA,NA,NA,NA,NA,NA,NA,NA,NA,NA,NA
2023-11-11,ACPI-24,0,92.47091071212338,0.9340496031527614,NA,1.9247916689600513,NA,0.9340496031527614,0.9340496031527614,2.8021488094582843,NA,NA,NA,NA,NA,NA,NA,NA,NA,NA,NA,NA,NA,NA,NA
2023-11-12,ACPI-23,159,65.67786836884274,1.8322152120063426,0.9161076060031713,1.8878186789588038,0.9161076060031713,NA,24.95887488721258,NA,1.97879242896685,0.9161076060031713,0.9161076060031713,NA,NA,NA,NA,NA,NA,NA,NA,NA,NA,NA,NA
2023-11-12,ACPI-24,0,92.47091071212338,0.9340496031527614,NA,1.9247916689600513,NA,0.9340496031527614,0.9340496031527614,2.8021488094582843,NA,NA,NA,NA,NA,NA,NA,NA,NA,NA,NA,NA,NA,NA,NA
2023-11-13,ACPI-23,1782,71.17497597986008,1.7793743994965021,0.8896871997482511,1.8333742707835203,0.8896871997482511,NA,19.731802199410673,NA,1.9217243514562221,0.8896871997482511,0.8896871997482511,NA,NA,NA,NA,NA,NA,NA,NA,NA,NA,NA,NA
2023-11-13,ACPI-24,0,92.47091071212338,0.9340496031527614,NA,1.9247916689600513,NA,0.9340496031527614,0.9340496031527614,2.8021488094582843,NA,NA,NA,NA,NA,NA,NA,NA,NA,NA,NA,NA,NA,NA,NA
2023-11-14,ACPI-23,5556,67.93622560019973,0.9160433000284997,0.9160433000284997,1.88768616393616,0.9160433000284997,NA,23.617218207660045,NA,1.9786535280615594,0.9160433000284997,0.9160433000284997,NA,NA,NA,NA,NA,NA,NA,NA,NA,NA,NA,NA
2023-11-14,ACPI-24,0,92.47091071212338,0.9340496031527614,NA,1.9247916689600513,NA,0.9340496031527614,0.9340496031527614,2.8021488094582843,NA,NA,NA,NA,NA,NA,NA,NA,NA,NA,NA,NA,NA,NA,NA
2023-11-15,ACPI-23,2910,73.0553146203658,0.9168800305787399,0.9168800305787399,1.88941041068583,0.9168800305787399,NA,18.490413950004587,NA,1.9804608660500782,0.9168800305787399,0.9168800305787399,NA,NA,NA,NA,NA,NA,NA,NA,NA,NA,NA,NA
2023-11-15,ACPI-24,0,92.47091071212338,0.9340496031527614,NA,1.9247916689600513,NA,0.9340496031527614,0.9340496031527614,2.8021488094582843,NA,NA,NA,NA,NA,NA,NA,NA,NA,NA,NA,NA,NA,NA,NA
2023-11-16,ACPI-23,2,71.67437998183534,0.90727063268146,0.90727063268146,1.8696083691732859,0.90727063268146,NA,19.95995391899212,NA,1.9597045665919537,0.90727063268146,0.90727063268146,NA,NA,NA,NA,NA,NA,NA,NA,NA,NA,NA,NA
2023-11-16,ACPI-24,0,92.47091071212338,0.9340496031527614,NA,1.9247916689600513,NA,0.9340496031527614,0.9340496031527614,2.8021488094582843,NA,NA,NA,NA,NA,NA,NA,NA,NA,NA,NA,NA,NA,NA,NA
2023-11-17,ACPI-23,506,73.10262941029916,0.9137828676287394,0.9137828676287394,1.8830281014129062,0.9137828676287394,NA,18.47165715606617,NA,1.9737709940780772,0.9137828676287394,0.9137828676287394,NA,NA,NA,NA,NA,NA,NA,NA,NA,NA,NA,NA
2023-11-17,ACPI-24,0,92.47091071212338,0.9340496031527614,NA,1.9247916689600513,NA,0.9340496031527614,0.9340496031527614,2.8021488094582843,NA,NA,NA,NA,NA,NA,NA,NA,NA,NA,NA,NA,NA,NA,NA
2023-11-18,ACPI-23,25,73.10262941029916,0.9137828676287394,0.9137828676287394,1.8830281014129062,0.9137828676287394,NA,18.47165715606617,NA,1.9737709940780772,0.9137828676287394,0.9137828676287394,NA,NA,NA,NA,NA,NA,NA,NA,NA,NA,NA,NA
2023-11-18,ACPI-24,0,92.47091071212338,0.9340496031527614,NA,1.9247916689600513,NA,0.9340496031527614,0.9340496031527614,2.8021488094582843,NA,NA,NA,NA,NA,NA,NA,NA,NA,NA,NA,NA,NA,NA,NA
2023-11-19,ACPI-23,354,67.67004691244944,0.845875586405618,0.845875586405618,1.7430918831234214,0.845875586405618,NA,24.530392005762913,NA,1.8270912666361347,0.845875586405618,0.845875586405618,NA,NA,NA,NA,NA,NA,NA,NA,NA,NA,NA,NA
2023-11-19,ACPI-24,0,92.47091071212338,0.9340496031527614,NA,1.9247916689600513,NA,0.9340496031527614,0.9340496031527614,2.8021488094582843,NA,NA,NA,NA,NA,NA,NA,NA,NA,NA,NA,NA,NA,NA,NA
2023-11-20,ACPI-23,1126,73.2621501964024,0.9103580793635802,0.9103580793635802,1.8759706561782203,0.9103580793635802,NA,18.343715299176136,NA,1.966373451425333,0.9103580793635802,0.9103580793635802,NA,NA,NA,NA,NA,NA,NA,NA,NA,NA,NA,NA
2023-11-20,ACPI-24,0,92.47091071212338,0.9340496031527614,NA,1.9247916689600513,NA,0.9340496031527614,0.9340496031527614,2.8021488094582843,NA,NA,NA,NA,NA,NA,NA,NA,NA,NA,NA,NA,NA,NA,NA
2023-11-21,ACPI-23,974,73.98203225591007,0.9312423640604066,0.9312423640604066,1.9190068044309028,0.9312423640604066,NA,17.431265612986515,NA,2.011483506370478,0.9312423640604066,0.9312423640604066,NA,NA,NA,NA,NA,NA,NA,NA,NA,NA,NA,NA
2023-11-21,ACPI-24,0,92.47091071212338,0.9340496031527614,NA,1.9247916689600513,NA,0.9340496031527614,0.9340496031527614,2.8021488094582843,NA,NA,NA,NA,NA,NA,NA,NA,NA,NA,NA,NA,NA,NA,NA
2023-11-22,ACPI-23,25,75.04087959152808,0.8933438046610486,0.8933438046610486,1.8409094195048243,0.8933438046610486,NA,16.721869347593994,NA,1.9296226180678648,0.8933438046610486,0.8933438046610486,NA,NA,NA,NA,NA,NA,NA,NA,NA,NA,NA,NA
2023-11-22,ACPI-24,0,92.47091071212338,0.9340496031527614,NA,1.9247916689600513,NA,0.9340496031527614,0.9340496031527614,2.8021488094582843,NA,NA,NA,NA,NA,NA,NA,NA,NA,NA,NA,NA,NA,NA,NA
2023-11-23,ACPI-23,0,75.04087959152808,0.8933438046610486,0.8933438046610486,1.8409094195048243,0.8933438046610486,NA,16.721869347593994,NA,1.9296226180678648,0.8933438046610486,0.8933438046610486,NA,NA,NA,NA,NA,NA,NA,NA,NA,NA,NA,NA
2023-11-23,ACPI-24,0,92.47091071212338,0.9340496031527614,NA,1.9247916689600513,NA,0.9340496031527614,0.9340496031527614,2.8021488094582843,NA,NA,NA,NA,NA,NA,NA,NA,NA,NA,NA,NA,NA,NA,NA
2023-11-24,ACPI-23,0,75.04087959152808,0.8933438046610486,0.8933438046610486,1.8409094195048243,0.8933438046610486,NA,16.721869347593994,NA,1.9296226180678648,0.8933438046610486,0.8933438046610486,NA,NA,NA,NA,NA,NA,NA,NA,NA,NA,NA,NA
2023-11-24,ACPI-24,0,92.47091071212338,0.9340496031527614,NA,1.9247916689600513,NA,0.9340496031527614,0.9340496031527614,2.8021488094582843,NA,NA,NA,NA,NA,NA,NA,NA,NA,NA,NA,NA,NA,NA,NA
2023-11-25,ACPI-23,0,75.04087959152808,0.8933438046610486,0.8933438046610486,1.8409094195048243,0.8933438046610486,NA,16.721869347593994,NA,1.9296226180678648,0.8933438046610486,0.8933438046610486,NA,NA,NA,NA,NA,NA,NA,NA,NA,NA,NA,NA
2023-11-25,ACPI-24,0,92.47091071212338,0.9340496031527614,NA,1.9247916689600513,NA,0.9340496031527614,0.9340496031527614,2.8021488094582843,NA,NA,NA,NA,NA,NA,NA,NA,NA,NA,NA,NA,NA,NA,NA
2023-11-26,ACPI-23,0,75.04087959152808,0.8933438046610486,0.8933438046610486,1.8409094195048243,0.8933438046610486,NA,16.721869347593994,NA,1.9296226180678648,0.8933438046610486,0.8933438046610486,NA,NA,NA,NA,NA,NA,NA,NA,NA,NA,NA,NA
2023-11-26,ACPI-24,0,92.47091071212338,0.9340496031527614,NA,1.9247916689600513,NA,0.9340496031527614,0.9340496031527614,2.8021488094582843,NA,NA,NA,NA,NA,NA,NA,NA,NA,NA,NA,NA,NA,NA,NA
2023-11-27,ACPI-23,0,75.04087959152808,0.8933438046610486,0.8933438046610486,1.8409094195048243,0.8933438046610486,NA,16.721869347593994,NA,1.9296226180678648,0.8933438046610486,0.8933438046610486,NA,NA,NA,NA,NA,NA,NA,NA,NA,NA,NA,NA
2023-11-27,ACPI-24,0,92.47091071212338,0.9340496031527614,NA,1.9247916689600513,NA,0.9340496031527614,0.9340496031527614,2.8021488094582843,NA,NA,NA,NA,NA,NA,NA,NA,NA,NA,NA,NA,NA,NA,NA
2023-11-28,ACPI-23,5735,79.02130030829319,2.468896883194856,0.9162725876614378,1.888158655893959,0.9162725876614378,NA,10.977405012623521,NA,1.9791487893487056,0.9162725876614378,0.9162725876614378,NA,NA,NA,NA,NA,NA,NA,NA,NA,NA,NA,NA
2023-11-28,ACPI-24,0,92.47091071212338,0.9340496031527614,NA,1.9247916689600513,NA,0.9340496031527614,0.9340496031527614,2.8021488094582843,NA,NA,NA,NA,NA,NA,NA,NA,NA,NA,NA,NA,NA,NA,NA
2023-11-29,ACPI-23,3302,81.70033137377975,2.4693956001811106,0.9164576746558022,1.888540063801615,0.9164576746558022,NA,8.296353686357788,NA,1.9795485772565329,0.9164576746558022,0.9164576746558022,NA,NA,NA,NA,NA,NA,NA,NA,NA,NA,NA,NA
2023-11-29,ACPI-24,0,92.47091071212338,0.9340496031527614,NA,1.9247916689600513,NA,0.9340496031527614,0.9340496031527614,2.8021488094582843,NA,NA,NA,NA,NA,NA,NA,NA,NA,NA,NA,NA,NA,NA,NA
2023-11-30,ACPI-23,3978,83.31119906768701,2.4429728619496314,0.906651501341213,1.8683325281026646,0.906651501341213,NA,6.792522293998822,NA,1.95836724289702,0.906651501341213,0.906651501341213,NA,NA,NA,NA,NA,NA,NA,NA,NA,NA,NA,NA
2023-11-30,ACPI-24,0,92.47091071212338,0.9340496031527614,NA,1.9247916689600513,NA,0.9340496031527614,0.9340496031527614,2.8021488094582843,NA,NA,NA,NA,NA,NA,NA,NA,NA,NA,NA,NA,NA,NA,NA
2023-12-01,ACPI-23,390,82.49981491366883,1.1412540804736515,0.8978214440423452,1.8501364701332241,0.8978214440423452,NA,8.978214440423452,NA,1.9392943191314655,0.8978214440423452,0.8978214440423452,NA,NA,NA,NA,NA,NA,NA,NA,NA,NA,NA,NA
2023-12-01,ACPI-24,0,92.47091071212338,0.9340496031527614,NA,1.9247916689600513,NA,0.9340496031527614,0.9340496031527614,2.8021488094582843,NA,NA,NA,NA,NA,NA,NA,NA,NA,NA,NA,NA,NA,NA,NA
2023-12-02,ACPI-23,4510,82.03838647453014,0.9217796233093275,0.9217796233093275,1.8995069786168053,0.9217796233093275,NA,9.462164443958264,NA,1.9910439863481473,0.9217796233093275,0.9217796233093275,NA,NA,NA,NA,NA,NA,NA,NA,NA,NA,NA,NA
2023-12-02,ACPI-24,0,92.47091071212338,0.9340496031527614,NA,1.9247916689600513,NA,0.9340496031527614,0.9340496031527614,2.8021488094582843,NA,NA,NA,NA,NA,NA,NA,NA,NA,NA,NA,NA,NA,NA,NA
2023-12-03,ACPI-23,3980,84.99027524380358,0.9238073396065607,0.9238073396065607,1.9036854841509387,0.9238073396065607,NA,6.491578720462509,NA,1.9954238535501712,0.9238073396065607,0.9238073396065607,NA,NA,NA,NA,NA,NA,NA,NA,NA,NA,NA,NA
2023-12-03,ACPI-24,0,92.47091071212338,0.9340496031527614,NA,1.9247916689600513,NA,0.9340496031527614,0.9340496031527614,2.8021488094582843,NA,NA,NA,NA,NA,NA,NA,NA,NA,NA,NA,NA,NA,NA,NA
2023-12-04,ACPI-23,3187,84.85032140097903,0.9324211142964728,0.9324211142964728,1.921435849554959,0.9324211142964728,NA,6.552107571103278,NA,2.0140296068803814,0.9324211142964728,0.9324211142964728,NA,NA,NA,NA,NA,NA,NA,NA,NA,NA,NA,NA
2023-12-04,ACPI-24,0,92.47091071212338,0.9340496031527614,NA,1.9247916689600513,NA,0.9340496031527614,0.9340496031527614,2.8021488094582843,NA,NA,NA,NA,NA,NA,NA,NA,NA,NA,NA,NA,NA,NA,NA
2023-12-05,ACPI-23,887,82.46878573884393,0.9163198415427103,0.9163198415427103,1.8882560317471173,0.9163198415427103,NA,9.082108163963145,NA,1.9792508577322543,0.9163198415427103,0.9163198415427103,NA,NA,NA,NA,NA,NA,NA,NA,NA,NA,NA,NA
2023-12-05,ACPI-24,0,92.47091071212338,0.9340496031527614,NA,1.9247916689600513,NA,0.9340496031527614,0.9340496031527614,2.8021488094582843,NA,NA,NA,NA,NA,NA,NA,NA,NA,NA,NA,NA,NA,NA,NA
2023-12-06,ACPI-23,7135,79.82233323497799,0.9245337741889774,0.9245337741889774,1.9051824445131726,0.9245337741889774,NA,11.652822497315764,NA,1.996992952248191,0.9245337741889774,0.9245337741889774,NA,NA,NA,NA,NA,NA,NA,NA,NA,NA,NA,NA
2023-12-06,ACPI-24,0,92.47091071212338,0.9340496031527614,NA,1.9247916689600513,NA,0.9340496031527614,0.9340496031527614,2.8021488094582843,NA,NA,NA,NA,NA,NA,NA,NA,NA,NA,NA,NA,NA,NA,NA
2023-12-07,ACPI-23,73,76.02939009333618,1.761204818840761,0.8806024094203805,1.8146532856470659,0.8806024094203805,NA,14.970240960146468,NA,1.9021012043480219,0.8806024094203805,0.8806024094203805,NA,NA,NA,NA,NA,NA,NA,NA,NA,NA,NA,NA
2023-12-07,ACPI-24,0,92.47091071212338,0.9340496031527614,NA,1.9247916689600513,NA,0.9340496031527614,0.9340496031527614,2.8021488094582843,NA,NA,NA,NA,NA,NA,NA,NA,NA,NA,NA,NA,NA,NA,NA
2023-12-08,ACPI-23,10201,76.23072677521435,1.8581081986148784,0.9290540993074392,1.914497457441435,0.9290540993074392,NA,14.273694316995499,NA,2.0067568545040686,0.9290540993074392,0.9290540993074392,NA,NA,NA,NA,NA,NA,NA,NA,NA,NA,NA,NA
2023-12-08,ACPI-24,0,92.47091071212338,0.9340496031527614,NA,1.9247916689600513,NA,0.9340496031527614,0.9340496031527614,2.8021488094582843,NA,NA,NA,NA,NA,NA,NA,NA,NA,NA,NA,NA,NA,NA,NA
2023-12-09,ACPI-23,2331,73.90010487250426,1.84969893963817,0.924849469819085,1.9058329970284857,0.924849469819085,NA,16.64729045674353,NA,1.9976748548092236,0.924849469819085,0.924849469819085,NA,NA,NA,NA,NA,NA,NA,NA,NA,NA,NA,NA
2023-12-09,ACPI-24,0,92.47091071212338,0.9340496031527614,NA,1.9247916689600513,NA,0.9340496031527614,0.9340496031527614,2.8021488094582843,NA,NA,NA,NA,NA,NA,NA,NA,NA,NA,NA,NA,NA,NA,NA
2023-12-10,ACPI-23,100,74.85250357963295,1.7822024661817368,0.8911012330908684,1.8362881627099394,0.8911012330908684,NA,16.039822195635633,NA,1.9247786634762758,0.8911012330908684,0.8911012330908684,NA,NA,NA,NA,NA,NA,NA,NA,NA,NA,NA,NA
2023-12-10,ACPI-24,0,92.47091071212338,0.9340496031527614,NA,1.9247916689600513,NA,0.9340496031527614,0.9340496031527614,2.8021488094582843,NA,NA,NA,NA,NA,NA,NA,NA,NA,NA,NA,NA,NA,NA,NA
2023-12-11,ACPI-23,7378,78.46353784297371,1.2083964725357264,0.9276448295590105,1.9115933818313848,0.9276448295590105,NA,12.70218015257569,NA,2.0037128318474626,0.9276448295590105,0.9276448295590105,NA,NA,NA,NA,NA,NA,NA,NA,NA,NA,NA,NA
2023-12-11,ACPI-24,0,92.47091071212338,0.9340496031527614,NA,1.9247916689600513,NA,0.9340496031527614,0.9340496031527614,2.8021488094582843,NA,NA,NA,NA,NA,NA,NA,NA,NA,NA,NA,NA,NA,NA,NA
2023-12-12,ACPI-23,13871,83.8278632866007,1.8066059724868808,0.8995392238007595,1.853676290884653,0.8995392238007595,NA,6.970692831415086,NA,1.9430047234096404,0.8995392238007595,0.8995392238007595,NA,NA,NA,NA,NA,NA,NA,NA,NA,NA,NA,NA
2023-12-12,ACPI-24,0,92.47091071212338,0.9340496031527614,NA,1.9247916689600513,NA,0.9340496031527614,0.9340496031527614,2.8021488094582843,NA,NA,NA,NA,NA,NA,NA,NA,NA,NA,NA,NA,NA,NA,NA
2023-12-13,ACPI-23,5104,87.7144719681975,1.8542960774535309,0.9232849218987373,1.9026089404124247,0.9232849218987373,NA,2.841187895040325,NA,1.9942954313012726,0.9232849218987373,0.9232849218987373,NA,NA,NA,NA,NA,NA,NA,NA,NA,NA,NA,NA
2023-12-13,ACPI-24,0,92.47091071212338,0.9340496031527614,NA,1.9247916689600513,NA,0.9340496031527614,0.9340496031527614,2.8021488094582843,NA,NA,NA,NA,NA,NA,NA,NA,NA,NA,NA,NA,NA,NA,NA
2023-12-14,ACPI-23,6037,88.92032768519867,1.8334088182515191,0.9167044091257596,1.8890485083752395,0.9167044091257596,NA,1.7103158279598916,NA,1.9800815237116407,0.9167044091257596,0.9167044091257596,NA,NA,NA,NA,NA,NA,NA,NA,NA,NA,NA,NA
2023-12-14,ACPI-24,0,92.47091071212338,0.9340496031527614,NA,1.9247916689600513,NA,0.9340496031527614,0.9340496031527614,2.8021488094582843,NA,NA,NA,NA,NA,NA,NA,NA,NA,NA,NA,NA,NA,NA,NA
2023-12-15,ACPI-23,802,89.71434064478744,0.9166686233974881,0.9166686233974881,1.888974764891583,0.9166686233974881,NA,1.8333372467949762,NA,1.9800042265385744,0.9166686233974881,0.9166686233974881,NA,NA,NA,NA,NA,NA,NA,NA,NA,NA,NA,NA
2023-12-15,ACPI-24,0,92.47091071212338,0.9340496031527614,NA,1.9247916689600513,NA,0.9340496031527614,0.9340496031527614,2.8021488094582843,NA,NA,NA,NA,NA,NA,NA,NA,NA,NA,NA,NA,NA,NA,NA
2023-12-16,ACPI-23,500,90.54433212766656,0.9251491756099248,0.9251491756099248,1.9064505993564569,0.9251491756099248,NA,0.9251491756099248,NA,1.9983222193174377,0.9251491756099248,0.9251491756099248,NA,NA,NA,NA,NA,NA,NA,NA,NA,NA,NA,NA
2023-12-16,ACPI-24,0,92.47091071212338,0.9340496031527614,NA,1.9247916689600513,NA,0.9340496031527614,0.9340496031527614,2.8021488094582843,NA,NA,NA,NA,NA,NA,NA,NA,NA,NA,NA,NA,NA,NA,NA
2023-12-17,ACPI-23,0,90.54433212766656,0.9251491756099248,0.9251491756099248,1.9064505993564569,0.9251491756099248,NA,0.9251491756099248,NA,1.9983222193174377,0.9251491756099248,0.9251491756099248,NA,NA,NA,NA,NA,NA,NA,NA,NA,NA,NA,NA
2023-12-17,ACPI-24,0,92.47091071212338,0.9340496031527614,NA,1.9247916689600513,NA,0.9340496031527614,0.9340496031527614,2.8021488094582843,NA,NA,NA,NA,NA,NA,NA,NA,NA,NA,NA,NA,NA,NA,NA
2023-12-18,ACPI-23,1302,90.55569240969207,0.9240376776499191,0.9240376776499191,1.9041601406846005,0.9240376776499191,NA,0.9240376776499191,NA,1.9959213837238252,0.9240376776499191,0.9240376776499191,NA,NA,NA,NA,NA,NA,NA,NA,NA,NA,NA,NA
2023-12-18,ACPI-24,0,92.47091071212338,0.9340496031527614,NA,1.9247916689600513,NA,0.9340496031527614,0.9340496031527614,2.8021488094582843,NA,NA,NA,NA,NA,NA,NA,NA,NA,NA,NA,NA,NA,NA,NA
2023-12-19,ACPI-23,0,90.55569240969207,0.9240376776499191,0.9240376776499191,1.9041601406846005,0.9240376776499191,NA,0.9240376776499191,NA,1.9959213837238252,0.9240376776499191,0.9240376776499191,NA,NA,NA,NA,NA,NA,NA,NA,NA,NA,NA,NA
2023-12-19,ACPI-24,0,92.47091071212338,0.9340496031527614,NA,1.9247916689600513,NA,0.9340496031527614,0.9340496031527614,2.8021488094582843,NA,NA,NA,NA,NA,NA,NA,NA,NA,NA,NA,NA,NA,NA,NA
2023-12-20,ACPI-23,1,90.55569240969207,0.9240376776499191,0.9240376776499191,1.9041601406846005,0.9240376776499191,NA,0.9240376776499191,NA,1.9959213837238252,0.9240376776499191,0.9240376776499191,NA,NA,NA,NA,NA,NA,NA,NA,NA,NA,NA,NA
2023-12-20,ACPI-24,40,71.27407127407128,3.563703563703564,NA,7.343707343707345,NA,3.563703563703564,3.563703563703564,10.691110691110692,NA,NA,NA,NA,NA,NA,NA,NA,NA,NA,NA,NA,NA,NA,NA
2023-12-21,ACPI-23,1870,90.55569240969207,0.9240376776499191,0.9240376776499191,1.9041601406846005,0.9240376776499191,NA,0.9240376776499191,NA,1.9959213837238252,0.9240376776499191,0.9240376776499191,NA,NA,NA,NA,NA,NA,NA,NA,NA,NA,NA,NA
2023-12-21,ACPI-24,1320,52.224989912155586,20.2829788426045,NA,4.8308136773719,NA,2.3442638863311736,2.3442638863311736,17.972689795205664,NA,NA,NA,NA,NA,NA,NA,NA,NA,NA,NA,NA,NA,NA,NA
2023-12-22,ACPI-23,1735,90.6187903184825,0.9178641340051626,0.9178641340051626,1.8914383480353882,0.9178641340051626,NA,0.9178641340051626,NA,1.9825865294511513,0.9178641340051626,0.9178641340051626,NA,NA,NA,NA,NA,NA,NA,NA,NA,NA,NA,NA
2023-12-22,ACPI-24,0,52.224989912155586,20.2829788426045,NA,4.8308136773719,NA,2.3442638863311736,2.3442638863311736,17.972689795205664,NA,NA,NA,NA,NA,NA,NA,NA,NA,NA,NA,NA,NA,NA,NA
2023-12-23,ACPI-23,0,90.6187903184825,0.9178641340051626,0.9178641340051626,1.8914383480353882,0.9178641340051626,NA,0.9178641340051626,NA,1.9825865294511513,0.9178641340051626,0.9178641340051626,NA,NA,NA,NA,NA,NA,NA,NA,NA,NA,NA,NA
2023-12-23,ACPI-24,534,23.909592738530467,9.841605372960226,NA,2.2116382945399304,NA,8.585988414833883,47.22293628158636,8.228238897549138,NA,NA,NA,NA,NA,NA,NA,NA,NA,NA,NA,NA,NA,NA,NA
2023-12-24,ACPI-23,0,90.6187903184825,0.9178641340051626,0.9178641340051626,1.8914383480353882,0.9178641340051626,NA,0.9178641340051626,NA,1.9825865294511513,0.9178641340051626,0.9178641340051626,NA,NA,NA,NA,NA,NA,NA,NA,NA,NA,NA,NA
2023-12-24,ACPI-24,0,23.909592738530467,9.841605372960226,NA,2.2116382945399304,NA,8.585988414833883,47.22293628158636,8.228238897549138,NA,NA,NA,NA,NA,NA,NA,NA,NA,NA,NA,NA,NA,NA,NA
2023-12-25,ACPI-23,1,90.55569240969207,0.9240376776499191,0.9240376776499191,1.9041601406846005,0.9240376776499191,NA,0.9240376776499191,NA,1.9959213837238252,0.9240376776499191,0.9240376776499191,NA,NA,NA,NA,NA,NA,NA,NA,NA,NA,NA,NA
2023-12-25,ACPI-24,0,23.909592738530467,9.841605372960226,NA,2.2116382945399304,NA,8.585988414833883,47.22293628158636,8.228238897549138,NA,NA,NA,NA,NA,NA,NA,NA,NA,NA,NA,NA,NA,NA,NA
2023-12-26,ACPI-23,191,90.55569240969207,0.9240376776499191,0.9240376776499191,1.9041601406846005,0.9240376776499191,NA,0.9240376776499191,NA,1.9959213837238252,0.9240376776499191,0.9240376776499191,NA,NA,NA,NA,NA,NA,NA,NA,NA,NA,NA,NA
2023-12-26,ACPI-24,0,23.909592738530467,9.841605372960226,NA,2.2116382945399304,NA,8.585988414833883,47.22293628158636,8.228238897549138,NA,NA,NA,NA,NA,NA,NA,NA,NA,NA,NA,NA,NA,NA,NA
2023-12-27,ACPI-23,0,90.55569240969207,0.9240376776499191,0.9240376776499191,1.9041601406846005,0.9240376776499191,NA,0.9240376776499191,NA,1.9959213837238252,0.9240376776499191,0.9240376776499191,NA,NA,NA,NA,NA,NA,NA,NA,NA,NA,NA,NA
2023-12-27,ACPI-24,97,23.10300055417135,10.08822429332538,NA,2.2670593186277523,NA,8.801143068255753,47.30614399187467,8.434428773745097,NA,NA,NA,NA,NA,NA,NA,NA,NA,NA,NA,NA,NA,NA,NA
2023-12-28,ACPI-23,0,90.55569240969207,0.9240376776499191,0.9240376776499191,1.9041601406846005,0.9240376776499191,NA,0.9240376776499191,NA,1.9959213837238252,0.9240376776499191,0.9240376776499191,NA,NA,NA,NA,NA,NA,NA,NA,NA,NA,NA,NA
2023-12-28,ACPI-24,23,23.622768977775745,10.315187904637009,NA,2.3180633362876164,NA,6.749362565078784,48.37043171639795,8.624185499822891,NA,NA,NA,NA,NA,NA,NA,NA,NA,NA,NA,NA,NA,NA,NA
2023-12-29,ACPI-23,0,90.55569240969207,0.9240376776499191,0.9240376776499191,1.9041601406846005,0.9240376776499191,NA,0.9240376776499191,NA,1.9959213837238252,0.9240376776499191,0.9240376776499191,NA,NA,NA,NA,NA,NA,NA,NA,NA,NA,NA,NA
2023-12-29,ACPI-24,116,22.605612480211622,9.871033351431693,NA,2.2182514477453226,NA,10.764577371529345,46.28768269757618,8.252842651505832,NA,NA,NA,NA,NA,NA,NA,NA,NA,NA,NA,NA,NA,NA,NA
2023-12-30,ACPI-23,0,90.55569240969207,0.9240376776499191,0.9240376776499191,1.9041601406846005,0.9240376776499191,NA,0.9240376776499191,NA,1.9959213837238252,0.9240376776499191,0.9240376776499191,NA,NA,NA,NA,NA,NA,NA,NA,NA,NA,NA,NA
2023-12-30,ACPI-24,15,22.605612480211622,9.871033351431693,NA,2.2182514477453226,NA,10.764577371529345,46.28768269757618,8.252842651505832,NA,NA,NA,NA,NA,NA,NA,NA,NA,NA,NA,NA,NA,NA,NA
2023-12-31,ACPI-23,0,90.55569240969207,0.9240376776499191,0.9240376776499191,1.9041601406846005,0.9240376776499191,NA,0.9240376776499191,NA,1.9959213837238252,0.9240376776499191,0.9240376776499191,NA,NA,NA,NA,NA,NA,NA,NA,NA,NA,NA,NA
2023-12-31,ACPI-24,94,22.36486416945577,9.765907484709343,NA,2.194627213306026,NA,11.71492885066731,45.79472187079039,8.164950411071155,NA,NA,NA,NA,NA,NA,NA,NA,NA,NA,NA,NA,NA,NA,NA
2024-01-01,ACPI-23,0,90.55569240969207,0.9240376776499191,0.9240376776499191,1.9041601406846005,0.9240376776499191,NA,0.9240376776499191,NA,1.9959213837238252,0.9240376776499191,0.9240376776499191,NA,NA,NA,NA,NA,NA,NA,NA,NA,NA,NA,NA
2024-01-01,ACPI-24,427,22.485889640029818,10.309692564447264,NA,2.3168284051615875,NA,9.030333279435975,47.23766508224726,8.619591028678098,NA,NA,NA,NA,NA,NA,NA,NA,NA,NA,NA,NA,NA,NA,NA
2024-01-02,ACPI-23,104,90.62801822124308,0.9169612695278098,0.9169612695278098,1.8895778194099888,0.9169612695278098,NA,0.9169612695278098,NA,1.9806363421800692,0.9169612695278098,0.9169612695278098,NA,NA,NA,NA,NA,NA,NA,NA,NA,NA,NA,NA
2024-01-02,ACPI-24,59,21.276385937874313,10.336572017624162,NA,2.3228688452858837,NA,9.053877184265245,48.368231969544496,8.642064045405903,NA,NA,NA,NA,NA,NA,NA,NA,NA,NA,NA,NA,NA,NA,NA
2024-01-03,ACPI-23,0,90.62801822124308,0.9169612695278098,0.9169612695278098,1.8895778194099888,0.9169612695278098,NA,0.9169612695278098,NA,1.9806363421800692,0.9169612695278098,0.9169612695278098,NA,NA,NA,NA,NA,NA,NA,NA,NA,NA,NA,NA
2024-01-03,ACPI-24,283,22.262201476295473,10.207132415156957,NA,2.293780747277704,NA,8.940500112880262,47.762541349143014,8.533843899246598,NA,NA,NA,NA,NA,NA,NA,NA,NA,NA,NA,NA,NA,NA,NA
2024-01-04,ACPI-23,186,90.62801822124308,0.9169612695278098,0.9169612695278098,1.8895778194099888,0.9169612695278098,NA,0.9169612695278098,NA,1.9806363421800692,0.9169612695278098,0.9169612695278098,NA,NA,NA,NA,NA,NA,NA,NA,NA,NA,NA,NA
2024-01-04,ACPI-24,19,22.74555087454211,10.428746226169455,NA,2.3435825400198516,NA,9.134613231216113,46.62837929281133,8.719127835241144,NA,NA,NA,NA,NA,NA,NA,NA,NA,NA,NA,NA,NA,NA,NA
2024-01-05,ACPI-23,0,90.62801822124308,0.9169612695278098,0.9169612695278098,1.8895778194099888,0.9169612695278098,NA,0.9169612695278098,NA,1.9806363421800692,0.9169612695278098,0.9169612695278098,NA,NA,NA,NA,NA,NA,NA,NA,NA,NA,NA,NA
2024-01-05,ACPI-24,120,22.792088602905324,10.245482136402153,NA,2.3483775440294616,NA,9.153302782926778,46.723781635955916,8.736967297780375,NA,NA,NA,NA,NA,NA,NA,NA,NA,NA,NA,NA,NA,NA,NA
2024-01-06,ACPI-23,0,90.62801822124308,0.9169612695278098,0.9169612695278098,1.8895778194099888,0.9169612695278098,NA,0.9169612695278098,NA,1.9806363421800692,0.9169612695278098,0.9169612695278098,NA,NA,NA,NA,NA,NA,NA,NA,NA,NA,NA,NA
2024-01-06,ACPI-24,16,22.792088602905324,10.245482136402153,NA,2.3483775440294616,NA,9.153302782926778,46.723781635955916,8.736967297780375,NA,NA,NA,NA,NA,NA,NA,NA,NA,NA,NA,NA,NA,NA,NA
2024-01-07,ACPI-23,0,90.62801822124308,0.9169612695278098,0.9169612695278098,1.8895778194099888,0.9169612695278098,NA,0.9169612695278098,NA,1.9806363421800692,0.9169612695278098,0.9169612695278098,NA,NA,NA,NA,NA,NA,NA,NA,NA,NA,NA,NA
2024-01-07,ACPI-24,800,23.66203938396817,10.130039754583443,NA,2.3219168764412466,NA,9.050166682477732,46.19731498774738,8.638522314782032,NA,NA,NA,NA,NA,NA,NA,NA,NA,NA,NA,NA,NA,NA,NA
2024-01-08,ACPI-23,980,90.62801822124308,0.9169612695278098,0.9169612695278098,1.8895778194099888,0.9169612695278098,NA,0.9169612695278098,NA,1.9806363421800692,0.9169612695278098,0.9169612695278098,NA,NA,NA,NA,NA,NA,NA,NA,NA,NA,NA,NA
2024-01-08,ACPI-24,100,21.902081261105632,10.36358602182883,NA,2.375448257608982,NA,9.258816667852656,47.26238587922795,8.837681912375958,NA,NA,NA,NA,NA,NA,NA,NA,NA,NA,NA,NA,NA,NA,NA
2024-01-09,ACPI-23,150,90.64216235534201,0.9155773975287071,0.9155773975287071,1.8867260808237414,0.9155773975287071,NA,0.9155773975287071,NA,1.9776471786620076,0.9155773975287071,0.9155773975287071,NA,NA,NA,NA,NA,NA,NA,NA,NA,NA,NA,NA
2024-01-09,ACPI-24,300,21.902081261105632,10.36358602182883,NA,2.375448257608982,NA,9.258816667852656,47.26238587922795,8.837681912375958,NA,NA,NA,NA,NA,NA,NA,NA,NA,NA,NA,NA,NA,NA,NA
2024-01-10,ACPI-24,318,22.107234819679977,10.46066020060768,NA,2.397698730404146,NA,9.34554263535103,46.76840044110385,8.920463172853324,NA,NA,NA,NA,NA,NA,NA,NA,NA,NA,NA,NA,NA,NA,NA
2024-01-11,ACPI-24,1142,24.679764184682327,7.731516247896552,NA,2.2090046422561573,NA,8.87136264330073,44.395436064965736,6.612384756952207,NA,NA,NA,5.500531459946302,NA,NA,NA,NA,NA,NA,NA,NA,NA,NA,NA
2024-01-12,ACPI-24,1396,21.591190151926703,7.954649003341418,NA,2.2727568580975475,NA,9.127391542119751,46.59151559099973,6.803219204371468,NA,NA,NA,5.659277649143395,NA,NA,NA,NA,NA,NA,NA,NA,NA,NA,NA
2024-01-13,ACPI-24,2404,20.726653892494454,7.636135644603222,NA,2.181753041315206,NA,8.761920213921867,48.73005316155518,6.530810428307769,NA,NA,NA,5.4326736178022905,NA,NA,NA,NA,NA,NA,NA,NA,NA,NA,NA
2024-01-14,ACPI-24,0,20.726653892494454,7.636135644603222,NA,2.181753041315206,NA,8.761920213921867,48.73005316155518,6.530810428307769,NA,NA,NA,5.4326736178022905,NA,NA,NA,NA,NA,NA,NA,NA,NA,NA,NA
2024-01-15,ACPI-24,14,21.06123338719702,7.759401774230483,NA,2.2169719354944233,NA,8.903359292945606,47.90242932050451,6.636233873135625,NA,NA,NA,5.520370416492333,NA,NA,NA,NA,NA,NA,NA,NA,NA,NA,NA
2024-01-16,ACPI-24,222,20.742120244141763,7.641833774157493,NA,2.183381078330712,NA,7.601400791225443,49.858852843524616,6.5356837576521976,NA,NA,NA,5.436727510967768,NA,NA,NA,NA,NA,NA,NA,NA,NA,NA,NA
2024-01-17,ACPI-24,51,20.445536777077898,7.5325661810287,NA,2.1521617660081995,NA,7.492711333510029,50.57580150119269,6.442232571097393,NA,NA,NA,5.358989870085094,NA,NA,NA,NA,NA,NA,NA,NA,NA,NA,NA
2024-01-18,ACPI-24,204,20.227868550566058,7.452372623892759,NA,2.1292493211122165,NA,7.4129420809091995,51.1019837066932,6.373646974455112,NA,NA,NA,5.301936742371464,NA,NA,NA,NA,NA,NA,NA,NA,NA,NA,NA
2024-01-19,ACPI-24,248,18.75007474969866,6.59408569415145,NA,2.19802856471715,NA,7.652395743830079,52.7526855532116,6.579529213590409,NA,NA,NA,5.473200480800664,NA,NA,NA,NA,NA,NA,NA,NA,NA,NA,NA
2024-01-20,ACPI-24,0,18.75007474969866,6.59408569415145,NA,2.19802856471715,NA,7.652395743830079,52.7526855532116,6.579529213590409,NA,NA,NA,5.473200480800664,NA,NA,NA,NA,NA,NA,NA,NA,NA,NA,NA
2024-01-21,ACPI-24,0,18.75007474969866,6.59408569415145,NA,2.19802856471715,NA,7.652395743830079,52.7526855532116,6.579529213590409,NA,NA,NA,5.473200480800664,NA,NA,NA,NA,NA,NA,NA,NA,NA,NA,NA
2024-01-22,ACPI-24,2048,20.253085142862627,4.510323029673905,NA,2.2551615148369524,NA,6.491539887463618,54.12387635608686,6.750549700041739,NA,NA,NA,5.615464369034302,NA,NA,NA,NA,NA,NA,NA,NA,NA,NA,NA
2024-01-23,ACPI-24,10,20.287655183687082,4.508367818597129,NA,2.2541839092985647,NA,6.488725825009599,54.10041382316555,6.747623357635439,NA,NA,NA,5.613030082606625,NA,NA,NA,NA,NA,NA,NA,NA,NA,NA,NA
2024-01-24,ACPI-24,2,21.494126998083164,4.776472666240703,NA,1.1941181665601757,NA,6.874599142962714,57.317671994888435,7.148892864704629,NA,NA,NA,1.1941181665601757,NA,NA,NA,NA,NA,NA,NA,NA,NA,NA,NA
2024-01-25,ACPI-24,49,22.420517689871744,4.720108987341419,NA,1.1800272468353548,NA,6.793476999965044,56.641307848097036,7.064533981054045,NA,NA,NA,1.1800272468353548,NA,NA,NA,NA,NA,NA,NA,NA,NA,NA,NA
2024-01-26,ACPI-24,375,21.197480624997162,7.337589447114403,NA,1.1776378124998423,NA,6.779720904718291,55.2797043749926,7.050229023177865,NA,NA,NA,1.1776378124998423,NA,NA,NA,NA,NA,NA,NA,NA,NA,NA,NA
2024-01-27,ACPI-24,2173,21.60900154386606,6.955023861391184,NA,1.1591706435651972,NA,6.955023861391184,55.22293883838715,6.939670607834029,NA,NA,NA,1.1591706435651972,NA,NA,NA,NA,NA,NA,NA,NA,NA,NA,NA
2024-01-28,ACPI-24,0,21.60900154386606,6.955023861391184,NA,1.1591706435651972,NA,6.955023861391184,55.22293883838715,6.939670607834029,NA,NA,NA,1.1591706435651972,NA,NA,NA,NA,NA,NA,NA,NA,NA,NA,NA
2024-01-29,ACPI-24,61,21.271810587711926,6.7174138698037655,NA,1.1195689783006275,NA,6.7174138698037655,56.35163857446493,6.702585141614354,NA,NA,NA,1.1195689783006275,NA,NA,NA,NA,NA,NA,NA,NA,NA,NA,NA
2024-01-30,ACPI-24,173,22.044960116026107,4.85859318346628,NA,3.4807831762146484,NA,6.961566352429297,58.0130529369108,3.4807831762146484,NA,NA,NA,1.160261058738216,NA,NA,NA,NA,NA,NA,NA,NA,NA,NA,NA
2024-01-31,ACPI-24,0,22.044960116026107,4.85859318346628,NA,3.4807831762146484,NA,6.961566352429297,58.0130529369108,3.4807831762146484,NA,NA,NA,1.160261058738216,NA,NA,NA,NA,NA,NA,NA,NA,NA,NA,NA
2024-02-01,ACPI-24,65,20.182200420462507,4.695164681149264,NA,3.3637000700770847,NA,6.727400140154169,60.54660126138753,3.3637000700770847,NA,NA,NA,1.1212333566923616,NA,NA,NA,NA,NA,NA,NA,NA,NA,NA,NA
2024-02-02,ACPI-24,22,21.017713792874677,4.889537583759039,NA,3.502952298812446,NA,7.005904597624892,58.913288661845684,3.502952298812446,NA,NA,NA,1.1676507662708153,NA,NA,NA,NA,NA,NA,NA,NA,NA,NA,NA
2024-02-03,ACPI-24,10,20.411055988660525,4.7484053862508855,NA,3.401842664776754,NA,6.803685329553508,60.09922041105599,3.401842664776754,NA,NA,NA,1.1339475549255846,NA,NA,NA,NA,NA,NA,NA,NA,NA,NA,NA
2024-02-04,ACPI-24,190,20.64516129032258,4.802867383512544,NA,3.4408602150537635,NA,6.881720430107527,59.6415770609319,3.4408602150537635,NA,NA,NA,1.146953405017921,NA,NA,NA,NA,NA,NA,NA,NA,NA,NA,NA
2024-02-05,ACPI-24,910,19.724437998549675,4.85859318346628,NA,3.4807831762146484,NA,8.121827411167514,59.17331399564902,3.4807831762146484,NA,NA,NA,1.160261058738216,NA,NA,NA,NA,NA,NA,NA,NA,NA,NA,NA
2024-02-06,ACPI-24,0,19.724437998549675,4.85859318346628,NA,3.4807831762146484,NA,8.121827411167514,59.17331399564902,3.4807831762146484,NA,NA,NA,1.160261058738216,NA,NA,NA,NA,NA,NA,NA,NA,NA,NA,NA
2024-02-07,ACPI-24,0,19.724437998549675,4.85859318346628,NA,3.4807831762146484,NA,8.121827411167514,59.17331399564902,3.4807831762146484,NA,NA,NA,1.160261058738216,NA,NA,NA,NA,NA,NA,NA,NA,NA,NA,NA
2024-02-08,ACPI-24,73,21.54500354358611,4.7484053862508855,NA,3.401842664776754,NA,7.937632884479094,57.83132530120482,3.401842664776754,NA,NA,NA,1.1339475549255846,NA,NA,NA,NA,NA,NA,NA,NA,NA,NA,NA
2024-02-09,ACPI-24,0,21.54500354358611,4.7484053862508855,NA,3.401842664776754,NA,7.937632884479094,57.83132530120482,3.401842664776754,NA,NA,NA,1.1339475549255846,NA,NA,NA,NA,NA,NA,NA,NA,NA,NA,NA
2024-02-10,ACPI-24,3145,23.808079907331727,4.6498528034433635,NA,3.331237829332559,NA,6.642951920471227,57.126227100311034,3.331237829332559,NA,NA,NA,1.1104126097775195,NA,NA,NA,NA,NA,NA,NA,NA,NA,NA,NA
2024-02-11,ACPI-24,1530,21.89870346879018,5.410752326988018,NA,3.876359876051117,NA,7.7300011594220805,55.91570333401377,3.876359876051117,NA,NA,NA,1.2921199586837055,NA,NA,NA,NA,NA,NA,NA,NA,NA,NA,NA
2024-02-12,ACPI-24,151,24.011181072129677,4.667794689288697,NA,3.344091717699365,NA,6.668584363060565,56.8495592008892,3.344091717699365,NA,NA,NA,1.1146972392331216,NA,NA,NA,NA,NA,NA,NA,NA,NA,NA,NA
2024-02-13,ACPI-24,2161,23.78547832906766,4.623917877804167,NA,3.3126575840985075,NA,5.149304998851215,58.71176443138044,3.3126575840985075,NA,NA,NA,1.1042191946995024,NA,NA,NA,NA,NA,NA,NA,NA,NA,NA,NA
2024-02-14,ACPI-24,0,23.78547832906766,4.623917877804167,NA,3.3126575840985075,NA,5.149304998851215,58.71176443138044,3.3126575840985075,NA,NA,NA,1.1042191946995024,NA,NA,NA,NA,NA,NA,NA,NA,NA,NA,NA
2024-02-15,ACPI-24,200,24.17019625394704,4.600577127881965,NA,3.29593585281096,NA,5.123312184223546,58.415397444055216,3.29593585281096,NA,NA,NA,1.09864528427032,NA,NA,NA,NA,NA,NA,NA,NA,NA,NA,NA
2024-02-16,ACPI-24,0,24.17019625394704,4.600577127881965,NA,3.29593585281096,NA,5.123312184223546,58.415397444055216,3.29593585281096,NA,NA,NA,1.09864528427032,NA,NA,NA,NA,NA,NA,NA,NA,NA,NA,NA
2024-02-17,ACPI-24,301,25.181843299343363,4.7931349461818336,NA,3.4338877226377313,NA,1.1522347507854183,60.86038231753468,3.4338877226377313,NA,NA,NA,1.1446292408792438,NA,NA,NA,NA,NA,NA,NA,NA,NA,NA,NA
2024-02-18,ACPI-24,0,25.181843299343363,4.7931349461818336,NA,3.4338877226377313,NA,1.1522347507854183,60.86038231753468,3.4338877226377313,NA,NA,NA,1.1446292408792438,NA,NA,NA,NA,NA,NA,NA,NA,NA,NA,NA
2024-02-19,ACPI-24,206,26.028542234828162,4.738892200362736,NA,3.3950272480210644,NA,1.1391951895353074,60.17164012989131,3.3950272480210644,NA,NA,NA,1.1316757493403549,NA,NA,NA,NA,NA,NA,NA,NA,NA,NA,NA
2024-02-20,ACPI-24,5,26.0788288447367,4.748047642927606,NA,3.401586371052613,NA,1.141396091283435,60.09469255526283,3.401586371052613,NA,NA,NA,1.1338621236842044,NA,NA,NA,NA,NA,NA,NA,NA,NA,NA,NA
2024-02-21,ACPI-24,38,26.434762686624154,3.448012524342281,NA,3.448012524342281,NA,1.1569743021879415,60.914887930046966,3.448012524342281,NA,NA,NA,1.1493375081140937,NA,NA,NA,NA,NA,NA,NA,NA,NA,NA,NA
2024-02-22,ACPI-24,400,26.434762686624154,3.448012524342281,NA,3.448012524342281,NA,1.1569743021879415,60.914887930046966,3.448012524342281,NA,NA,NA,1.1493375081140937,NA,NA,NA,NA,NA,NA,NA,NA,NA,NA,NA
2024-02-23,ACPI-24,5140,26.373626373626372,5.4945054945054945,NA,3.2967032967032965,NA,3.2967032967032965,57.142857142857146,3.2967032967032965,NA,NA,NA,1.098901098901099,NA,NA,NA,NA,NA,NA,NA,NA,NA,NA,NA
2024-02-24,ACPI-24,0,26.373626373626372,5.4945054945054945,NA,3.2967032967032965,NA,3.2967032967032965,57.142857142857146,3.2967032967032965,NA,NA,NA,1.098901098901099,NA,NA,NA,NA,NA,NA,NA,NA,NA,NA,NA
2024-02-25,ACPI-24,4273,33.190658556732,5.280332043116454,NA,3.1681992258698726,NA,3.1681992258698726,50.96834531391864,3.1681992258698726,NA,NA,NA,1.056066408623291,NA,NA,NA,NA,NA,NA,NA,NA,NA,NA,NA
2024-02-26,ACPI-24,1946,36.20405071722213,3.2394822330505053,NA,3.138877194757011,NA,2.092584796504674,51.13983546545633,3.138877194757011,NA,NA,NA,1.046292398252337,NA,NA,NA,NA,NA,NA,NA,NA,NA,NA,NA
2024-02-27,ACPI-24,59,34.65670945374909,3.3180543773298923,NA,3.2150092103320693,NA,2.143339473554713,52.380208537924815,3.2150092103320693,NA,NA,NA,1.0716697367773564,NA,NA,NA,NA,NA,NA,NA,NA,NA,NA,NA
2024-02-28,ACPI-24,188,34.94837172359015,4.686258935663225,NA,3.1771247021445594,NA,2.1180831347630393,50.83399523431295,3.1771247021445594,NA,NA,NA,1.0590415673815197,NA,NA,NA,NA,NA,NA,NA,NA,NA,NA,NA
2024-02-29,ACPI-24,0,34.94837172359015,4.686258935663225,NA,3.1771247021445594,NA,2.1180831347630393,50.83399523431295,3.1771247021445594,NA,NA,NA,1.0590415673815197,NA,NA,NA,NA,NA,NA,NA,NA,NA,NA,NA
2024-03-01,ACPI-24,10,34.5821325648415,4.6371495939219285,NA,3.143830233167409,NA,2.095886822111606,51.349227141734346,3.143830233167409,NA,NA,NA,1.047943411055803,NA,NA,NA,NA,NA,NA,NA,NA,NA,NA,NA
2024-03-02,ACPI-24,97,34.22348975887996,4.589058854031631,NA,3.11122634171636,NA,2.0741508944775733,51.853772361939335,3.11122634171636,NA,NA,NA,1.0370754472387866,NA,NA,NA,NA,NA,NA,NA,NA,NA,NA,NA
2024-03-03,ACPI-24,0,34.22348975887996,4.589058854031631,NA,3.11122634171636,NA,2.0741508944775733,51.853772361939335,3.11122634171636,NA,NA,NA,1.0370754472387866,NA,NA,NA,NA,NA,NA,NA,NA,NA,NA,NA
2024-03-04,ACPI-24,0,34.22348975887996,4.589058854031631,NA,3.11122634171636,NA,2.0741508944775733,51.853772361939335,3.11122634171636,NA,NA,NA,1.0370754472387866,NA,NA,NA,NA,NA,NA,NA,NA,NA,NA,NA
2024-03-05,ACPI-24,485,36.183715920818315,4.590394006583171,NA,3.112131529886896,NA,2.0747543532579305,49.889495482937825,3.112131529886896,NA,NA,NA,1.0373771766289652,NA,NA,NA,NA,NA,NA,NA,NA,NA,NA,NA
2024-03-06,ACPI-24,56,36.28663495212419,4.582990897623025,NA,3.107112472964763,NA,2.0714083153098417,49.80903673135849,3.107112472964763,NA,NA,NA,1.0357041576549209,NA,NA,NA,NA,NA,NA,NA,NA,NA,NA,NA
2024-03-07,ACPI-24,144,36.701709753451304,4.63541471809645,NA,3.142654046167084,NA,2.095102697444723,49.23491338995099,3.142654046167084,NA,NA,NA,1.0475513487223616,NA,NA,NA,NA,NA,NA,NA,NA,NA,NA,NA
2024-03-08,ACPI-24,0,36.701709753451304,4.63541471809645,NA,3.142654046167084,NA,2.095102697444723,49.23491338995099,3.142654046167084,NA,NA,NA,1.0475513487223616,NA,NA,NA,NA,NA,NA,NA,NA,NA,NA,NA
2024-03-09,ACPI-24,422,36.32122625791403,4.5873597689659,NA,3.110074419637898,NA,2.0733829464252658,49.76119071420637,3.110074419637898,NA,NA,NA,1.0366914732126329,NA,NA,NA,NA,NA,NA,NA,NA,NA,NA,NA
2024-03-10,ACPI-24,0,36.32122625791403,4.5873597689659,NA,3.110074419637898,NA,2.0733829464252658,49.76119071420637,3.110074419637898,NA,NA,NA,1.0366914732126329,NA,NA,NA,NA,NA,NA,NA,NA,NA,NA,NA
2024-03-11,ACPI-24,8348,31.041202366149626,4.932966077033291,NA,3.3443837810395194,NA,4.414174616267934,51.80809478479027,3.3443837810395194,NA,NA,NA,1.1147945936798398,NA,NA,NA,NA,NA,NA,NA,NA,NA,NA,NA
2024-03-12,ACPI-24,19493,38.05980437954526,4.216276810714774,NA,2.0495790052085705,NA,3.823360906537304,47.69326148742814,3.1036482078872645,NA,NA,NA,1.0540692026786935,NA,NA,NA,NA,NA,NA,NA,NA,NA,NA,NA
2024-03-13,ACPI-24,3,36.75034913453783,3.242677864812161,NA,2.1017356531189932,NA,3.920655857417447,49.72106059378647,3.182628274723047,NA,NA,NA,1.0808926216040537,NA,NA,NA,NA,NA,NA,NA,NA,NA,NA,NA
2024-03-14,ACPI-24,2,36.357365058213944,3.2080027992541713,NA,2.0792610735906663,NA,3.8787309408657555,50.25871052164868,3.1485953400087237,NA,NA,NA,1.0693342664180572,NA,NA,NA,NA,NA,NA,NA,NA,NA,NA,NA
2024-03-15,ACPI-24,23240,37.611119682625656,7.658592094176626,NA,1.1207024399236096,NA,2.2000306324664116,49.16815027096048,1.1207024399236096,NA,NA,NA,1.1207024399236096,NA,NA,NA,NA,NA,NA,NA,NA,NA,NA,NA
2024-03-16,ACPI-24,0,37.611119682625656,7.658592094176626,NA,1.1207024399236096,NA,2.2000306324664116,49.16815027096048,1.1207024399236096,NA,NA,NA,1.1207024399236096,NA,NA,NA,NA,NA,NA,NA,NA,NA,NA,NA
2024-03-17,ACPI-24,363,34.47134019669661,7.019252171533954,NA,1.0271461044463581,NA,2.0163718872197367,53.41159743121062,1.0271461044463581,NA,NA,NA,1.0271461044463581,NA,NA,NA,NA,NA,NA,NA,NA,NA,NA,NA
2024-03-18,ACPI-24,10,36.07329207676482,6.847655434371709,NA,1.002035891021245,NA,1.9670784826949963,52.10586633310474,1.002035891021245,NA,NA,NA,1.002035891021245,NA,NA,NA,NA,NA,NA,NA,NA,NA,NA,NA
2024-03-19,ACPI-24,26,36.07329207676482,6.847655434371709,NA,1.002035891021245,NA,1.9670784826949963,52.10586633310474,1.002035891021245,NA,NA,NA,1.002035891021245,NA,NA,NA,NA,NA,NA,NA,NA,NA,NA,NA
2024-03-20,ACPI-24,24,32.701517324140696,7.208830793753729,NA,1.0548876556174418,NA,2.070830823146278,54.85415809210698,1.0548876556174418,NA,NA,NA,1.0548876556174418,NA,NA,NA,NA,NA,NA,NA,NA,NA,NA,NA
2024-03-21,ACPI-24,23,32.701517324140696,7.208830793753729,NA,1.0548876556174418,NA,2.070830823146278,54.85415809210698,1.0548876556174418,NA,NA,NA,1.0548876556174418,NA,NA,NA,NA,NA,NA,NA,NA,NA,NA,NA
2024-03-22,ACPI-24,3096,35.14058574619477,8.242768211047485,NA,1.132106499555244,NA,3.407640563661284,49.812685980430736,1.132106499555244,NA,NA,NA,1.132106499555244,NA,NA,NA,NA,NA,NA,NA,NA,NA,NA,NA
2024-03-23,ACPI-24,904,35.115178547145696,8.24743669939351,NA,1.132747695069216,NA,3.398243085207648,49.8408985830455,1.132747695069216,NA,NA,NA,1.132747695069216,NA,NA,NA,NA,NA,NA,NA,NA,NA,NA,NA
2024-03-24,ACPI-24,102,35.51750223505949,8.341929715975517,NA,1.1457258785503062,NA,3.4371776356509183,49.26621277766316,1.1457258785503062,NA,NA,NA,1.1457258785503062,NA,NA,NA,NA,NA,NA,NA,NA,NA,NA,NA
2024-03-25,ACPI-24,3085,36.900511035290265,3.356191244576039,NA,1.1169230959332215,NA,4.467692383732886,51.924836048601136,1.1169230959332215,NA,NA,NA,1.1169230959332215,NA,NA,NA,NA,NA,NA,NA,NA,NA,NA,NA
2024-03-26,ACPI-24,3507,36.77061091232391,3.342782810211265,NA,1.1142609367370884,NA,4.1735594406104015,52.37026402664315,1.1142609367370884,NA,NA,NA,1.1142609367370884,NA,NA,NA,NA,NA,NA,NA,NA,NA,NA,NA
2024-03-27,ACPI-24,13,38.304159141107114,3.261707874461086,NA,1.0872359581536954,NA,4.0723350767470325,51.10009003322368,1.0872359581536954,NA,NA,NA,1.0872359581536954,NA,NA,NA,NA,NA,NA,NA,NA,NA,NA,NA
2024-03-28,ACPI-24,250,37.40363256239383,3.1850254802038416,NA,1.0616751600679473,NA,6.327583954004965,49.898732523193516,1.0616751600679473,NA,NA,NA,1.0616751600679473,NA,NA,NA,NA,NA,NA,NA,NA,NA,NA,NA
2024-03-29,ACPI-24,0,37.40363256239383,3.1850254802038416,NA,1.0616751600679473,NA,6.327583954004965,49.898732523193516,1.0616751600679473,NA,NA,NA,1.0616751600679473,NA,NA,NA,NA,NA,NA,NA,NA,NA,NA,NA
2024-03-30,ACPI-24,75,37.12871287128713,3.094059405940594,NA,1.0313531353135315,NA,6.146864686468647,50.53630363036304,1.0313531353135315,NA,NA,NA,1.0313531353135315,NA,NA,NA,NA,NA,NA,NA,NA,NA,NA,NA
2024-03-31,ACPI-24,26,37.12871287128713,3.094059405940594,NA,1.0313531353135315,NA,6.146864686468647,50.53630363036304,1.0313531353135315,NA,NA,NA,1.0313531353135315,NA,NA,NA,NA,NA,NA,NA,NA,NA,NA,NA
2024-04-01,ACPI-24,20,37.12871287128713,3.094059405940594,NA,1.0313531353135315,NA,6.146864686468647,50.53630363036304,1.0313531353135315,NA,NA,NA,1.0313531353135315,NA,NA,NA,NA,NA,NA,NA,NA,NA,NA,NA
2024-04-02,ACPI-24,47,36.06265342921075,3.0957398275075496,NA,1.0319132758358498,NA,6.150203123981665,51.59566379179249,1.0319132758358498,NA,NA,NA,1.0319132758358498,NA,NA,NA,NA,NA,NA,NA,NA,NA,NA,NA
2024-04-03,ACPI-24,91,37.18861367662597,3.192396053565784,NA,1.0641320178552613,NA,6.342226826417358,50.0843673898251,1.0641320178552613,NA,NA,NA,1.0641320178552613,NA,NA,NA,NA,NA,NA,NA,NA,NA,NA,NA
2024-04-04,ACPI-24,10,36.03813371803273,6.187269945565862,NA,1.0312116575943102,NA,6.146021479262089,48.534939884356376,1.0312116575943102,NA,NA,NA,1.0312116575943102,NA,NA,NA,NA,NA,NA,NA,NA,NA,NA,NA
2024-04-05,ACPI-24,342,37.17279097379866,6.3820755587545905,NA,1.0636792597924318,NA,3.1910377793772953,50.06305790869214,1.0636792597924318,NA,NA,NA,1.0636792597924318,NA,NA,NA,NA,NA,NA,NA,NA,NA,NA,NA
2024-04-06,ACPI-24,758,37.104756667583175,6.1864173769590325,NA,1.0310695628265054,NA,3.0932086884795162,50.52240857849876,1.0310695628265054,NA,NA,NA,1.0310695628265054,NA,NA,NA,NA,NA,NA,NA,NA,NA,NA,NA
2024-04-07,ACPI-24,2,35.1063829787234,6.382978723404255,NA,1.0638297872340425,NA,3.1914893617021276,52.12765957446808,1.0638297872340425,NA,NA,NA,1.0638297872340425,NA,NA,NA,NA,NA,NA,NA,NA,NA,NA,NA
2024-04-08,ACPI-24,0,35.1063829787234,6.382978723404255,NA,1.0638297872340425,NA,3.1914893617021276,52.12765957446808,1.0638297872340425,NA,NA,NA,1.0638297872340425,NA,NA,NA,NA,NA,NA,NA,NA,NA,NA,NA
2024-04-09,ACPI-24,717,40.884154470446006,6.242443943649626,NA,1.0404073239416043,NA,3.121221971824813,46.63095764225474,1.0404073239416043,NA,NA,NA,1.0404073239416043,NA,NA,NA,NA,NA,NA,NA,NA,NA,NA,NA
2024-04-10,ACPI-24,2440,42.502076625896045,6.893866697887557,NA,1.0593601910607187,NA,3.178080573182156,44.24789552985208,1.0593601910607187,NA,NA,NA,1.0593601910607187,NA,NA,NA,NA,NA,NA,NA,NA,NA,NA,NA
2024-04-11,ACPI-24,544,45.273297933239895,6.782605262638426,NA,1.042262974002645,NA,3.1267889220079352,41.690518960105805,1.042262974002645,NA,NA,NA,1.042262974002645,NA,NA,NA,NA,NA,NA,NA,NA,NA,NA,NA
2024-04-12,ACPI-24,5542,46.03673196718528,8.354534687211437,NA,1.0135274076800729,NA,3.0405822230402184,39.52756889952284,1.0135274076800729,NA,NA,NA,1.0135274076800729,NA,NA,NA,NA,NA,NA,NA,NA,NA,NA,NA
2024-04-13,ACPI-24,989,45.27139643891624,8.277011537652445,NA,1.1036015383536595,NA,1.1036015383536595,42.037185870016664,1.1036015383536595,NA,NA,NA,1.1036015383536595,NA,NA,NA,NA,NA,NA,NA,NA,NA,NA,NA
2024-04-14,ACPI-24,0,45.27139643891624,8.277011537652445,NA,1.1036015383536595,NA,1.1036015383536595,42.037185870016664,1.1036015383536595,NA,NA,NA,1.1036015383536595,NA,NA,NA,NA,NA,NA,NA,NA,NA,NA,NA
2024-04-15,ACPI-24,411,46.090778151198435,8.124976917679211,NA,1.0833302556905615,NA,1.0833302556905615,41.45092390836011,1.0833302556905615,NA,NA,NA,1.0833302556905615,NA,NA,NA,NA,NA,NA,NA,NA,NA,NA,NA
2024-04-16,ACPI-24,108,46.79578837904588,9.255167034966853,NA,1.039906408423242,NA,1.039906408423242,39.7894189522943,1.039906408423242,NA,NA,NA,1.039906408423242,NA,NA,NA,NA,NA,NA,NA,NA,NA,NA,NA
2024-04-17,ACPI-24,0,46.79578837904588,9.255167034966853,NA,1.039906408423242,NA,1.039906408423242,39.7894189522943,1.039906408423242,NA,NA,NA,1.039906408423242,NA,NA,NA,NA,NA,NA,NA,NA,NA,NA,NA
2024-04-18,ACPI-24,776,45.486600230075474,8.985589125059303,NA,1.0096167556246407,NA,1.0096167556246407,41.489343622366654,1.0096167556246407,NA,NA,NA,1.0096167556246407,NA,NA,NA,NA,NA,NA,NA,NA,NA,NA,NA
2024-04-19,ACPI-24,150,53.70170515864451,9.605007554500324,NA,1.0792143319663285,NA,1.0792143319663285,32.37642995898986,1.0792143319663285,NA,NA,NA,1.0792143319663285,NA,NA,NA,NA,NA,NA,NA,NA,NA,NA,NA
2024-04-20,ACPI-24,0,53.70170515864451,9.605007554500324,NA,1.0792143319663285,NA,1.0792143319663285,32.37642995898986,1.0792143319663285,NA,NA,NA,1.0792143319663285,NA,NA,NA,NA,NA,NA,NA,NA,NA,NA,NA
2024-04-21,ACPI-24,0,53.70170515864451,9.605007554500324,NA,1.0792143319663285,NA,1.0792143319663285,32.37642995898986,1.0792143319663285,NA,NA,NA,1.0792143319663285,NA,NA,NA,NA,NA,NA,NA,NA,NA,NA,NA
2024-04-22,ACPI-24,70,48.421052631578945,7.368421052631581,NA,1.0526315789473684,NA,1.0526315789473684,40,1.0526315789473684,NA,NA,NA,1.0526315789473684,NA,NA,NA,NA,NA,NA,NA,NA,NA,NA,NA
2024-04-23,ACPI-24,670,48.7264034292309,8.902810980133543,NA,1.0592696397658892,NA,1.0592696397658892,38.13370703157201,1.0592696397658892,NA,NA,NA,1.0592696397658892,NA,NA,NA,NA,NA,NA,NA,NA,NA,NA,NA
2024-04-24,ACPI-24,136,55.670103092783506,8.24742268041237,NA,1.0309278350515463,NA,1.0309278350515463,31.95876288659794,1.0309278350515463,NA,NA,NA,1.0309278350515463,NA,NA,NA,NA,NA,NA,NA,NA,NA,NA,NA
2024-04-25,ACPI-24,61,55.670103092783506,8.24742268041237,NA,1.0309278350515463,NA,1.0309278350515463,31.95876288659794,1.0309278350515463,NA,NA,NA,1.0309278350515463,NA,NA,NA,NA,NA,NA,NA,NA,NA,NA,NA
2024-04-26,ACPI-24,293,52.37799834574028,6.8031430934656765,NA,0.9718775847808105,NA,0.9718775847808105,36.9313482216708,0.9718775847808105,NA,NA,NA,0.9718775847808105,NA,NA,NA,NA,NA,NA,NA,NA,NA,NA,NA
2024-04-27,ACPI-24,1125,48.32005910770635,6.6856116520702935,NA,1.0595264107876852,NA,1.0595264107876852,40.75622359707261,1.0595264107876852,NA,NA,NA,1.0595264107876852,NA,NA,NA,NA,NA,NA,NA,NA,NA,NA,NA
2024-04-28,ACPI-24,5752,46.06292895938334,5.424163481562806,NA,1.0808267251655086,NA,1.0808267251655086,44.18960065839182,1.0808267251655086,NA,NA,NA,1.0808267251655086,NA,NA,NA,NA,NA,NA,NA,NA,NA,NA,NA
2024-04-29,ACPI-24,198,52.11738470041239,5.337811462516282,NA,1.0636200959267834,NA,1.0636200959267834,38.2903234533642,1.0636200959267834,NA,NA,NA,1.0636200959267834,NA,NA,NA,NA,NA,NA,NA,NA,NA,NA,NA
2024-04-30,ACPI-24,54,50.72892457215296,7.859708430171139,NA,1.0352841749418973,NA,1.0352841749418973,37.2702302979083,1.0352841749418973,NA,NA,NA,1.0352841749418973,NA,NA,NA,NA,NA,NA,NA,NA,NA,NA,NA
2024-05-01,ACPI-24,204,47.88861065651885,8.312794526490134,NA,1.0949648704247754,NA,1.0949648704247754,39.41873533529192,1.0949648704247754,NA,NA,NA,1.0949648704247754,NA,NA,NA,NA,NA,NA,NA,NA,NA,NA,NA
2024-05-02,ACPI-24,835,52.61910763801361,4.426518779934459,NA,1.073859339551298,NA,1.073859339551298,38.65893622384673,1.073859339551298,NA,NA,NA,1.073859339551298,NA,NA,NA,NA,NA,NA,NA,NA,NA,NA,NA
2024-05-03,ACPI-24,1500,53.26086956521739,3.260869565217391,NA,1.0869565217391304,NA,1.0869565217391304,39.130434782608695,1.0869565217391304,NA,NA,NA,1.0869565217391304,NA,NA,NA,NA,NA,NA,NA,NA,NA,NA,NA
2024-05-04,ACPI-24,443,48.31460674157304,6.741573033707865,NA,1.1235955056179776,NA,1.1235955056179776,40.449438202247194,1.1235955056179776,NA,NA,NA,1.1235955056179776,NA,NA,NA,NA,NA,NA,NA,NA,NA,NA,NA
2024-05-05,ACPI-24,0,48.31460674157304,6.741573033707865,NA,1.1235955056179776,NA,1.1235955056179776,40.449438202247194,1.1235955056179776,NA,NA,NA,1.1235955056179776,NA,NA,NA,NA,NA,NA,NA,NA,NA,NA,NA
2024-05-06,ACPI-24,44,45.744680851063826,6.382978723404255,NA,1.0638297872340425,NA,1.0638297872340425,43.61702127659574,1.0638297872340425,NA,NA,NA,1.0638297872340425,NA,NA,NA,NA,NA,NA,NA,NA,NA,NA,NA
2024-05-07,ACPI-24,25,45.84221748400853,6.396588486140725,NA,1.0660980810234542,NA,1.0660980810234542,43.49680170575692,1.0660980810234542,NA,NA,NA,1.0660980810234542,NA,NA,NA,NA,NA,NA,NA,NA,NA,NA,NA
2024-05-08,ACPI-24,0,45.84221748400853,6.396588486140725,NA,1.0660980810234542,NA,1.0660980810234542,43.49680170575692,1.0660980810234542,NA,NA,NA,1.0660980810234542,NA,NA,NA,NA,NA,NA,NA,NA,NA,NA,NA
2024-05-09,ACPI-24,0,45.84221748400853,6.396588486140725,NA,1.0660980810234542,NA,1.0660980810234542,43.49680170575692,1.0660980810234542,NA,NA,NA,1.0660980810234542,NA,NA,NA,NA,NA,NA,NA,NA,NA,NA,NA
2024-05-10,ACPI-24,0,45.84221748400853,6.396588486140725,NA,1.0660980810234542,NA,1.0660980810234542,43.49680170575692,1.0660980810234542,NA,NA,NA,1.0660980810234542,NA,NA,NA,NA,NA,NA,NA,NA,NA,NA,NA
2024-05-11,ACPI-24,0,45.84221748400853,6.396588486140725,NA,1.0660980810234542,NA,1.0660980810234542,43.49680170575692,1.0660980810234542,NA,NA,NA,1.0660980810234542,NA,NA,NA,NA,NA,NA,NA,NA,NA,NA,NA
2024-05-12,ACPI-24,0,45.84221748400853,6.396588486140725,NA,1.0660980810234542,NA,1.0660980810234542,43.49680170575692,1.0660980810234542,NA,NA,NA,1.0660980810234542,NA,NA,NA,NA,NA,NA,NA,NA,NA,NA,NA
2024-05-13,ACPI-24,0,45.84221748400853,6.396588486140725,NA,1.0660980810234542,NA,1.0660980810234542,43.49680170575692,1.0660980810234542,NA,NA,NA,1.0660980810234542,NA,NA,NA,NA,NA,NA,NA,NA,NA,NA,NA
2024-05-14,ACPI-24,1295,51.47506771355464,6.239177469754773,NA,1.0398629116257954,NA,1.0398629116257954,38.126303170187406,1.0398629116257954,NA,NA,NA,1.0398629116257954,NA,NA,NA,NA,NA,NA,NA,NA,NA,NA,NA
2024-05-15,ACPI-24,3980,50.28705322695965,6.1289934377721,NA,1.02149890629535,NA,1.02149890629535,39.497957710086865,1.02149890629535,NA,NA,NA,1.02149890629535,NA,NA,NA,NA,NA,NA,NA,NA,NA,NA,NA
2024-05-16,ACPI-24,288,50.56697377746279,6.591070163004961,NA,1.0985116938341601,NA,1.0985116938341601,38.4479092841956,1.0985116938341601,NA,NA,NA,1.0985116938341601,NA,NA,NA,NA,NA,NA,NA,NA,NA,NA,NA
2024-05-17,ACPI-24,493,48.24552955151049,8.809271565700344,NA,1.101158945712543,NA,1.101158945712543,38.54056309993901,1.101158945712543,NA,NA,NA,1.101158945712543,NA,NA,NA,NA,NA,NA,NA,NA,NA,NA,NA
2024-05-18,ACPI-24,0,48.24552955151049,8.809271565700344,NA,1.101158945712543,NA,1.101158945712543,38.54056309993901,1.101158945712543,NA,NA,NA,1.101158945712543,NA,NA,NA,NA,NA,NA,NA,NA,NA,NA,NA
2024-05-19,ACPI-24,20,46.702716141463114,8.527565417365903,NA,1.0659456771707378,NA,1.0659456771707378,40.50593573248804,1.0659456771707378,NA,NA,NA,1.0659456771707378,NA,NA,NA,NA,NA,NA,NA,NA,NA,NA,NA
2024-05-20,ACPI-24,606,46.055653474336374,8.63109544410618,NA,1.0788869305132724,NA,1.0788869305132724,40.99770335950435,1.0788869305132724,NA,NA,NA,1.0788869305132724,NA,NA,NA,NA,NA,NA,NA,NA,NA,NA,NA
2024-05-21,ACPI-24,1799,51,8,NA,1,NA,1,37,1,NA,NA,NA,1,NA,NA,NA,NA,NA,NA,NA,NA,NA,NA,NA
2024-05-22,ACPI-24,130,51,8,NA,1,NA,1,37,1,NA,NA,NA,1,NA,NA,NA,NA,NA,NA,NA,NA,NA,NA,NA
2024-05-23,ACPI-24,50,51.48514851485149,7.920792079207921,NA,0.9900990099009901,NA,0.9900990099009901,36.633663366336634,0.9900990099009901,NA,NA,NA,0.9900990099009901,NA,NA,NA,NA,NA,NA,NA,NA,NA,NA,NA
2024-05-24,ACPI-24,169,51.48514851485149,7.920792079207921,NA,0.9900990099009901,NA,0.9900990099009901,36.633663366336634,0.9900990099009901,NA,NA,NA,0.9900990099009901,NA,NA,NA,NA,NA,NA,NA,NA,NA,NA,NA
2024-05-25,ACPI-24,1337,51.48514851485149,7.920792079207921,NA,0.9900990099009901,NA,0.9900990099009901,36.633663366336634,0.9900990099009901,NA,NA,NA,0.9900990099009901,NA,NA,NA,NA,NA,NA,NA,NA,NA,NA,NA
2024-05-26,ACPI-24,50,52,7.000000000000001,NA,1,NA,1,37,1,NA,NA,NA,1,NA,NA,NA,NA,NA,NA,NA,NA,NA,NA,NA
2024-05-27,ACPI-24,1,52,7.000000000000001,NA,1,NA,1,37,1,NA,NA,NA,1,NA,NA,NA,NA,NA,NA,NA,NA,NA,NA,NA
2024-05-28,ACPI-24,0,52,7.000000000000001,NA,1,NA,1,37,1,NA,NA,NA,1,NA,NA,NA,NA,NA,NA,NA,NA,NA,NA,NA
2024-05-29,ACPI-24,20,52,7.000000000000001,NA,1,NA,1,37,1,NA,NA,NA,1,NA,NA,NA,NA,NA,NA,NA,NA,NA,NA,NA
2024-05-30,ACPI-24,1,52,7.000000000000001,NA,1,NA,1,37,1,NA,NA,NA,1,NA,NA,NA,NA,NA,NA,NA,NA,NA,NA,NA
2024-05-31,ACPI-24,13,51.057401812688816,6.873111782477342,NA,0.9818731117824773,NA,0.9818731117824773,38.141993957703924,0.9818731117824773,NA,NA,NA,0.9818731117824773,NA,NA,NA,NA,NA,NA,NA,NA,NA,NA,NA
2024-06-01,ACPI-24,1,51.057401812688816,6.873111782477342,NA,0.9818731117824773,NA,0.9818731117824773,38.141993957703924,0.9818731117824773,NA,NA,NA,0.9818731117824773,NA,NA,NA,NA,NA,NA,NA,NA,NA,NA,NA
2024-06-02,ACPI-24,0,51.057401812688816,6.873111782477342,NA,0.9818731117824773,NA,0.9818731117824773,38.141993957703924,0.9818731117824773,NA,NA,NA,0.9818731117824773,NA,NA,NA,NA,NA,NA,NA,NA,NA,NA,NA
2024-06-03,ACPI-24,0,51.057401812688816,6.873111782477342,NA,0.9818731117824773,NA,0.9818731117824773,38.141993957703924,0.9818731117824773,NA,NA,NA,0.9818731117824773,NA,NA,NA,NA,NA,NA,NA,NA,NA,NA,NA
2024-06-04,ACPI-24,41,47.68268410577196,4.805231731589423,NA,1.1088996303667897,NA,1.1088996303667897,43.07648564117145,1.1088996303667897,NA,NA,NA,1.1088996303667897,NA,NA,NA,NA,NA,NA,NA,NA,NA,NA,NA
2024-06-05,ACPI-24,79,47.60147601476015,4.797047970479705,NA,1.1070110701107012,NA,1.1070110701107012,43.17343173431735,1.1070110701107012,NA,NA,NA,1.1070110701107012,NA,NA,NA,NA,NA,NA,NA,NA,NA,NA,NA
2024-06-06,ACPI-24,0,47.60147601476015,4.797047970479705,NA,1.1070110701107012,NA,1.1070110701107012,43.17343173431735,1.1070110701107012,NA,NA,NA,1.1070110701107012,NA,NA,NA,NA,NA,NA,NA,NA,NA,NA,NA
2024-06-07,ACPI-24,499,47.77777777777778,4.444444444444445,NA,1.1111111111111112,NA,1.1111111111111112,43.333333333333336,1.1111111111111112,NA,NA,NA,1.1111111111111112,NA,NA,NA,NA,NA,NA,NA,NA,NA,NA,NA
2024-06-08,ACPI-24,0,47.77777777777778,4.444444444444445,NA,1.1111111111111112,NA,1.1111111111111112,43.333333333333336,1.1111111111111112,NA,NA,NA,1.1111111111111112,NA,NA,NA,NA,NA,NA,NA,NA,NA,NA,NA
2024-06-09,ACPI-24,0,47.77777777777778,4.444444444444445,NA,1.1111111111111112,NA,1.1111111111111112,43.333333333333336,1.1111111111111112,NA,NA,NA,1.1111111111111112,NA,NA,NA,NA,NA,NA,NA,NA,NA,NA,NA
2024-06-10,ACPI-24,502,49.189189189189186,4.324324324324325,NA,1.0810810810810811,NA,1.0810810810810811,42.16216216216216,1.0810810810810811,NA,NA,NA,1.0810810810810811,NA,NA,NA,NA,NA,NA,NA,NA,NA,NA,NA
2024-06-11,ACPI-24,24,49.189189189189186,4.324324324324325,NA,1.0810810810810811,NA,1.0810810810810811,42.16216216216216,1.0810810810810811,NA,NA,NA,1.0810810810810811,NA,NA,NA,NA,NA,NA,NA,NA,NA,NA,NA
2024-06-12,ACPI-24,1222,49.376020046489394,3.237771806327173,NA,1.0792572687757245,NA,1.0792572687757245,43.06917907208054,1.0792572687757245,NA,NA,NA,1.0792572687757245,NA,NA,NA,NA,NA,NA,NA,NA,NA,NA,NA
2024-06-13,ACPI-24,7780,45.557007920688484,2.504373284645605,NA,1.0402781336220206,NA,1.0402781336220206,47.77750626017783,1.0402781336220206,NA,NA,NA,1.0402781336220206,NA,NA,NA,NA,NA,NA,NA,NA,NA,NA,NA
2024-06-14,ACPI-24,591,44.30588221354645,0.9769130967967441,NA,0.9769130967967441,NA,0.9769130967967441,50.80955230246984,0.9769130967967441,NA,NA,NA,0.9769130967967441,NA,NA,NA,NA,NA,NA,NA,NA,NA,NA,NA
2024-06-15,ACPI-24,675,46.53465346534654,0.9900990099009901,NA,0.9900990099009901,NA,0.9900990099009901,48.51485148514851,0.9900990099009901,NA,NA,NA,0.9900990099009901,NA,NA,NA,NA,NA,NA,NA,NA,NA,NA,NA
2024-06-16,ACPI-24,100,47.05882352941177,0.9803921568627451,NA,0.9803921568627451,NA,0.9803921568627451,48.03921568627451,0.9803921568627451,NA,NA,NA,0.9803921568627451,NA,NA,NA,NA,NA,NA,NA,NA,NA,NA,NA
2024-06-17,ACPI-24,2966,44.547992107307614,0.928083168902242,NA,0.928083168902242,NA,1.841556606692288,49.89811861039114,0.928083168902242,NA,NA,NA,0.928083168902242,NA,NA,NA,NA,NA,NA,NA,NA,NA,NA,NA
2024-06-18,ACPI-24,21,45.52105763202698,0.9395471131481318,NA,0.9395471131481318,NA,1.8643040316776387,48.85644988370285,0.9395471131481318,NA,NA,NA,0.9395471131481318,NA,NA,NA,NA,NA,NA,NA,NA,NA,NA,NA
2024-06-19,ACPI-24,79,47.35019689793062,0.9663305489373597,NA,0.9663305489373597,NA,1.9174492828579957,46.86703162346195,0.9663305489373597,NA,NA,NA,0.9663305489373597,NA,NA,NA,NA,NA,NA,NA,NA,NA,NA,NA
2024-06-20,ACPI-24,1,45.801130783124336,0.9347169547576394,NA,0.9347169547576394,NA,1.854719750447862,48.60528164739725,0.9347169547576394,NA,NA,NA,0.9347169547576394,NA,NA,NA,NA,NA,NA,NA,NA,NA,NA,NA
2024-06-21,ACPI-24,23,48.046630804732544,0.9805434858108683,NA,0.9805434858108683,NA,1.9456514189131826,46.085543833110805,0.9805434858108683,NA,NA,NA,0.9805434858108683,NA,NA,NA,NA,NA,NA,NA,NA,NA,NA,NA
2024-06-22,ACPI-24,0,48.046630804732544,0.9805434858108683,NA,0.9805434858108683,NA,1.9456514189131826,46.085543833110805,0.9805434858108683,NA,NA,NA,0.9805434858108683,NA,NA,NA,NA,NA,NA,NA,NA,NA,NA,NA
2024-06-23,ACPI-24,899,41.728687401138245,0.9935401762175773,NA,0.9935401762175773,NA,1.9714402079846611,52.32571168600679,0.9935401762175773,NA,NA,NA,0.9935401762175773,NA,NA,NA,NA,NA,NA,NA,NA,NA,NA,NA
2024-06-24,ACPI-24,0,41.728687401138245,0.9935401762175773,NA,0.9935401762175773,NA,1.9714402079846611,52.32571168600679,0.9935401762175773,NA,NA,NA,0.9935401762175773,NA,NA,NA,NA,NA,NA,NA,NA,NA,NA,NA
2024-06-25,ACPI-24,59,43.931696873609056,0.9347169547576394,NA,0.9347169547576394,NA,1.854719750447862,50.47471555691253,0.9347169547576394,NA,NA,NA,0.9347169547576394,NA,NA,NA,NA,NA,NA,NA,NA,NA,NA,NA
2024-06-26,ACPI-24,580,47.007399826812566,1.0001574431236717,NA,1.0001574431236717,NA,1.9845705738801858,47.007399826812566,1.0001574431236717,NA,NA,NA,1.0001574431236717,NA,NA,NA,NA,NA,NA,NA,NA,NA,NA,NA
2024-06-27,ACPI-24,663,46.399282575262646,1.0310951683391698,NA,1.0310951683391698,NA,2.045959007778864,47.43037774360182,1.0310951683391698,NA,NA,NA,1.0310951683391698,NA,NA,NA,NA,NA,NA,NA,NA,NA,NA,NA
2024-06-28,ACPI-24,17,46.88268770295536,1.0418375045101191,NA,1.0418375045101191,NA,2.0672745760488076,46.88268770295536,1.0418375045101191,NA,NA,NA,1.0418375045101191,NA,NA,NA,NA,NA,NA,NA,NA,NA,NA,NA
2024-06-29,ACPI-24,400,46.88268770295536,1.0418375045101191,NA,1.0418375045101191,NA,2.0672745760488076,46.88268770295536,1.0418375045101191,NA,NA,NA,1.0418375045101191,NA,NA,NA,NA,NA,NA,NA,NA,NA,NA,NA
2024-06-30,ACPI-24,5,45.00708494056522,1.0001574431236717,NA,1.0001574431236717,NA,1.9845705738801858,49.00771471305991,1.0001574431236717,NA,NA,NA,1.0001574431236717,NA,NA,NA,NA,NA,NA,NA,NA,NA,NA,NA
2024-07-01,ACPI-24,15,46.399282575262646,1.0310951683391698,NA,1.0310951683391698,NA,2.045959007778864,47.43037774360182,1.0310951683391698,NA,NA,NA,1.0310951683391698,NA,NA,NA,NA,NA,NA,NA,NA,NA,NA,NA
2024-07-02,ACPI-24,783,45.373883743952696,1.0508203479894032,NA,1.0508203479894032,NA,2.0850988565771624,48.33773600751254,1.0508203479894032,NA,NA,NA,1.0508203479894032,NA,NA,NA,NA,NA,NA,NA,NA,NA,NA,NA
2024-07-03,ACPI-24,61,43.43434343434343,1.0101010101010102,NA,1.0101010101010102,NA,1.0101010101010102,51.515151515151516,1.0101010101010102,NA,NA,NA,1.0101010101010102,NA,NA,NA,NA,NA,NA,NA,NA,NA,NA,NA
2024-07-04,ACPI-24,5,43.43434343434343,1.0101010101010102,NA,1.0101010101010102,NA,1.0101010101010102,51.515151515151516,1.0101010101010102,NA,NA,NA,1.0101010101010102,NA,NA,NA,NA,NA,NA,NA,NA,NA,NA,NA
2024-07-05,ACPI-24,1,43.43434343434343,1.0101010101010102,NA,1.0101010101010102,NA,1.0101010101010102,51.515151515151516,1.0101010101010102,NA,NA,NA,1.0101010101010102,NA,NA,NA,NA,NA,NA,NA,NA,NA,NA,NA
2024-07-06,ACPI-24,10,44.554455445544555,0.9900990099009901,NA,0.9900990099009901,NA,0.9900990099009901,50.495049504950494,0.9900990099009901,NA,NA,NA,0.9900990099009901,NA,NA,NA,NA,NA,NA,NA,NA,NA,NA,NA
2024-07-07,ACPI-24,22,45.63106796116505,0.970873786407767,NA,0.970873786407767,NA,0.970873786407767,49.51456310679612,0.970873786407767,NA,NA,NA,0.970873786407767,NA,NA,NA,NA,NA,NA,NA,NA,NA,NA,NA
2024-07-08,ACPI-24,51,45.213888356032996,0.9783234222136965,NA,0.9783234222136965,NA,0.9783234222136965,49.89449453289852,0.9783234222136965,NA,NA,NA,0.9783234222136965,NA,NA,NA,NA,NA,NA,NA,NA,NA,NA,NA
2024-07-09,ACPI-24,1,44.7758358662614,0.9688449848024315,NA,0.9688449848024315,NA,0.9688449848024315,50.379939209726444,0.9688449848024315,NA,NA,NA,0.9688449848024315,NA,NA,NA,NA,NA,NA,NA,NA,NA,NA,NA
2024-07-10,ACPI-24,18,44.7758358662614,0.9688449848024315,NA,0.9688449848024315,NA,0.9688449848024315,50.379939209726444,0.9688449848024315,NA,NA,NA,0.9688449848024315,NA,NA,NA,NA,NA,NA,NA,NA,NA,NA,NA
2024-07-11,ACPI-24,233,43.7740388298932,0.9462296388237638,NA,0.9462296388237638,NA,0.9462296388237638,51.49481297598798,0.9462296388237638,NA,NA,NA,0.9462296388237638,NA,NA,NA,NA,NA,NA,NA,NA,NA,NA,NA
2024-07-12,ACPI-24,5986,35.68037906563448,0.9619282153422352,NA,0.9619282153422352,NA,0.9619282153422352,59.50997985765434,0.9619282153422352,NA,NA,NA,0.9619282153422352,NA,NA,NA,NA,NA,NA,NA,NA,NA,NA,NA
2024-07-13,ACPI-24,631,32.3421906625726,0.8719320410547756,NA,0.8719320410547756,NA,0.8719320410547756,63.29814913215351,0.8719320410547756,NA,NA,NA,0.8719320410547756,NA,NA,NA,NA,NA,NA,NA,NA,NA,NA,NA
2024-07-14,ACPI-24,89,26.503187160717626,0.9655077289878917,NA,0.9655077289878917,NA,0.9655077289878917,68.6692741943429,0.9655077289878917,NA,NA,NA,0.9655077289878917,NA,NA,NA,NA,NA,NA,NA,NA,NA,NA,NA
2024-07-15,ACPI-24,0,26.503187160717626,0.9655077289878917,NA,0.9655077289878917,NA,0.9655077289878917,68.6692741943429,0.9655077289878917,NA,NA,NA,0.9655077289878917,NA,NA,NA,NA,NA,NA,NA,NA,NA,NA,NA
2024-07-16,ACPI-24,40,26.470588235294116,0.9803921568627451,NA,0.9803921568627451,NA,0.9803921568627451,68.62745098039215,0.9803921568627451,NA,NA,NA,0.9803921568627451,NA,NA,NA,NA,NA,NA,NA,NA,NA,NA,NA
2024-07-17,ACPI-24,165,24.434156378600825,0.977366255144033,NA,0.977366255144033,NA,0.977366255144033,70.67901234567901,0.977366255144033,NA,NA,NA,0.977366255144033,NA,NA,NA,NA,NA,NA,NA,NA,NA,NA,NA
2024-07-18,ACPI-24,798,24.370866615133554,0.9748346646053422,NA,0.9748346646053422,NA,0.9748346646053422,70.75496006183974,0.9748346646053422,NA,NA,NA,0.9748346646053422,NA,NA,NA,NA,NA,NA,NA,NA,NA,NA,NA
2024-07-19,ACPI-24,1003,23.300970873786408,0.970873786407767,NA,0.970873786407767,NA,0.970873786407767,71.84466019417475,0.970873786407767,NA,NA,NA,0.970873786407767,NA,NA,NA,NA,NA,NA,NA,NA,NA,NA,NA
2024-07-20,ACPI-24,7214,23.864709799845627,0.9943629083269012,NA,0.9943629083269012,NA,0.9943629083269012,71.16347565851987,0.9943629083269012,NA,NA,NA,0.9943629083269012,NA,NA,NA,NA,NA,NA,NA,NA,NA,NA,NA
2024-07-21,ACPI-24,33,23.300970873786408,0.970873786407767,NA,0.970873786407767,NA,0.970873786407767,71.84466019417475,0.970873786407767,NA,NA,NA,0.970873786407767,NA,NA,NA,NA,NA,NA,NA,NA,NA,NA,NA
2024-07-22,ACPI-24,1113,23.29756360936762,0.9707318170569842,NA,0.9707318170569842,NA,0.9707318170569842,71.84877730534745,0.9707318170569842,NA,NA,NA,0.9707318170569842,NA,NA,NA,NA,NA,NA,NA,NA,NA,NA,NA
2024-07-23,ACPI-24,1450,23.076923076923077,0.9615384615384616,NA,0.9615384615384616,NA,0.9615384615384616,72.11538461538461,0.9615384615384616,NA,NA,NA,0.9615384615384616,NA,NA,NA,NA,NA,NA,NA,NA,NA,NA,NA
2024-07-24,ACPI-24,841,22.857142857142858,0.9523809523809523,NA,0.9523809523809523,NA,0.9523809523809523,72.38095238095238,0.9523809523809523,NA,NA,NA,0.9523809523809523,NA,NA,NA,NA,NA,NA,NA,NA,NA,NA,NA
2024-07-25,ACPI-24,1612,21.904761904761905,0.9523809523809523,NA,0.9523809523809523,NA,0.9523809523809523,73.33333333333333,0.9523809523809523,NA,NA,NA,0.9523809523809523,NA,NA,NA,NA,NA,NA,NA,NA,NA,NA,NA
2024-07-26,ACPI-24,0,21.904761904761905,0.9523809523809523,NA,0.9523809523809523,NA,0.9523809523809523,73.33333333333333,0.9523809523809523,NA,NA,NA,0.9523809523809523,NA,NA,NA,NA,NA,NA,NA,NA,NA,NA,NA
2024-07-27,ACPI-24,56,21.888726207906295,0.9516837481698389,NA,0.9516837481698389,NA,0.9516837481698389,73.3528550512445,0.9516837481698389,NA,NA,NA,0.9516837481698389,NA,NA,NA,NA,NA,NA,NA,NA,NA,NA,NA
2024-07-28,ACPI-24,1,22.115384615384617,0.9615384615384616,NA,0.9615384615384616,NA,0.9615384615384616,73.07692307692308,0.9615384615384616,NA,NA,NA,0.9615384615384616,NA,NA,NA,NA,NA,NA,NA,NA,NA,NA,NA
2024-07-29,ACPI-24,0,22.115384615384617,0.9615384615384616,NA,0.9615384615384616,NA,0.9615384615384616,73.07692307692308,0.9615384615384616,NA,NA,NA,0.9615384615384616,NA,NA,NA,NA,NA,NA,NA,NA,NA,NA,NA
2024-07-30,ACPI-24,7048,19.677744826119632,0.9793502643013344,NA,0.9793502643013344,NA,0.9793502643013344,75.4255038523737,0.9793502643013344,NA,NA,NA,0.9793502643013344,NA,NA,NA,NA,NA,NA,NA,NA,NA,NA,NA
2024-07-31,ACPI-24,1,19.60479458647062,0.980239729323531,NA,0.980239729323531,NA,0.980239729323531,75.49400676691172,0.980239729323531,NA,NA,NA,0.980239729323531,NA,NA,NA,NA,NA,NA,NA,NA,NA,NA,NA
2024-08-01,ACPI-24,17,18.867924528301888,0.9433962264150944,NA,0.9433962264150944,NA,0.9433962264150944,76.41509433962264,0.9433962264150944,NA,NA,NA,0.9433962264150944,NA,NA,NA,NA,NA,NA,NA,NA,NA,NA,NA
2024-08-02,ACPI-24,26,18.867924528301888,0.9433962264150944,NA,0.9433962264150944,NA,0.9433962264150944,76.41509433962264,0.9433962264150944,NA,NA,NA,0.9433962264150944,NA,NA,NA,NA,NA,NA,NA,NA,NA,NA,NA
2024-08-03,ACPI-24,49,18.095238095238095,0.9523809523809523,NA,0.9523809523809523,NA,0.9523809523809523,77.14285714285714,0.9523809523809523,NA,NA,NA,0.9523809523809523,NA,NA,NA,NA,NA,NA,NA,NA,NA,NA,NA
2024-08-04,ACPI-24,0,18.095238095238095,0.9523809523809523,NA,0.9523809523809523,NA,0.9523809523809523,77.14285714285714,0.9523809523809523,NA,NA,NA,0.9523809523809523,NA,NA,NA,NA,NA,NA,NA,NA,NA,NA,NA
2024-08-05,ACPI-24,1528,15.306264307626718,1.0204176205084479,NA,1.0204176205084479,NA,3.060326051697452,77.55173915864204,1.0204176205084479,NA,NA,NA,1.0204176205084479,NA,NA,NA,NA,NA,NA,NA,NA,NA,NA,NA
2024-08-06,ACPI-24,130,15.464062324431627,1.0309374882954419,NA,1.0309374882954419,NA,3.0918761002284727,77.32031162215813,1.0309374882954419,NA,NA,NA,1.0309374882954419,NA,NA,NA,NA,NA,NA,NA,NA,NA,NA,NA
2024-08-07,ACPI-24,102,14.74854119431901,0.9832360796212674,NA,0.9832360796212674,NA,2.9488151997360807,78.36969928745984,0.9832360796212674,NA,NA,NA,0.9832360796212674,NA,NA,NA,NA,NA,NA,NA,NA,NA,NA,NA
2024-08-08,ACPI-24,650,15.578602830212727,0.9736626768882954,NA,0.9736626768882954,NA,2.920103686725841,77.60664277550825,0.9736626768882954,NA,NA,NA,0.9736626768882954,NA,NA,NA,NA,NA,NA,NA,NA,NA,NA,NA
2024-08-09,ACPI-24,0,15.578602830212727,0.9736626768882954,NA,0.9736626768882954,NA,2.920103686725841,77.60664277550825,0.9736626768882954,NA,NA,NA,0.9736626768882954,NA,NA,NA,NA,NA,NA,NA,NA,NA,NA,NA
2024-08-10,ACPI-24,1,16.1617644360447,1.0101102772527937,NA,1.0101102772527937,NA,3.0294133837318116,76.76838107121232,1.0101102772527937,NA,NA,NA,1.0101102772527937,NA,NA,NA,NA,NA,NA,NA,NA,NA,NA,NA
2024-08-11,ACPI-24,0,16.1617644360447,1.0101102772527937,NA,1.0101102772527937,NA,3.0294133837318116,76.76838107121232,1.0101102772527937,NA,NA,NA,1.0101102772527937,NA,NA,NA,NA,NA,NA,NA,NA,NA,NA,NA
2024-08-12,ACPI-24,241,18.685895017122572,0.9455228345160062,NA,0.9455228345160062,NA,2.835709718048912,74.69630392676449,0.9455228345160062,NA,NA,NA,0.9455228345160062,NA,NA,NA,NA,NA,NA,NA,NA,NA,NA,NA
2024-08-13,ACPI-24,0,18.685895017122572,0.9455228345160062,NA,0.9455228345160062,NA,2.835709718048912,74.69630392676449,0.9455228345160062,NA,NA,NA,0.9455228345160062,NA,NA,NA,NA,NA,NA,NA,NA,NA,NA,NA
2024-08-14,ACPI-24,155,17.76666947908872,1.066000168745323,NA,1.066000168745323,NA,3.197032295365174,74.7722975505648,1.066000168745323,NA,NA,NA,1.066000168745323,NA,NA,NA,NA,NA,NA,NA,NA,NA,NA,NA
2024-08-15,ACPI-24,710,16.39344262295082,0.9836065573770492,NA,0.9836065573770492,NA,0.9836065573770492,78.68852459016394,0.9836065573770492,NA,NA,NA,0.9836065573770492,NA,NA,NA,NA,NA,NA,NA,NA,NA,NA,NA
2024-08-16,ACPI-24,910,12.743693338462935,0.9701081434124033,NA,0.9701081434124033,NA,0.9701081434124033,82.40576594447504,0.9701081434124033,NA,NA,NA,0.9701081434124033,NA,NA,NA,NA,NA,NA,NA,NA,NA,NA,NA
2024-08-17,ACPI-24,0,12.743693338462935,0.9701081434124033,NA,0.9701081434124033,NA,0.9701081434124033,82.40576594447504,0.9701081434124033,NA,NA,NA,0.9701081434124033,NA,NA,NA,NA,NA,NA,NA,NA,NA,NA,NA
2024-08-18,ACPI-24,0,12.743693338462935,0.9701081434124033,NA,0.9701081434124033,NA,0.9701081434124033,82.40576594447504,0.9701081434124033,NA,NA,NA,0.9701081434124033,NA,NA,NA,NA,NA,NA,NA,NA,NA,NA,NA
2024-08-19,ACPI-24,0,12.743693338462935,0.9701081434124033,NA,0.9701081434124033,NA,0.9701081434124033,82.40576594447504,0.9701081434124033,NA,NA,NA,0.9701081434124033,NA,NA,NA,NA,NA,NA,NA,NA,NA,NA,NA
2024-08-20,ACPI-24,0,12.743693338462935,0.9701081434124033,NA,0.9701081434124033,NA,0.9701081434124033,82.40576594447504,0.9701081434124033,NA,NA,NA,0.9701081434124033,NA,NA,NA,NA,NA,NA,NA,NA,NA,NA,NA
2024-08-21,ACPI-24,1607,12.042487842334271,1.011005886869721,NA,1.011005886869721,NA,1.011005886869721,82.90248272331712,1.011005886869721,NA,NA,NA,1.011005886869721,NA,NA,NA,NA,NA,NA,NA,NA,NA,NA,NA
2024-08-22,ACPI-24,870,10.204081632653061,1.0204081632653061,NA,1.0204081632653061,NA,1.0204081632653061,84.6938775510204,1.0204081632653061,NA,NA,NA,1.0204081632653061,NA,NA,NA,NA,NA,NA,NA,NA,NA,NA,NA
2024-08-23,ACPI-24,700,14.373088685015292,0.9730330831248263,NA,0.9730330831248263,NA,0.9730330831248263,80.76174589936058,0.9730330831248263,NA,NA,NA,0.9730330831248263,NA,NA,NA,NA,NA,NA,NA,NA,NA,NA,NA
2024-08-24,ACPI-24,1,14.23458149779736,0.9636563876651982,NA,0.9636563876651982,NA,1.9273127753303965,79.98348017621146,0.9636563876651982,NA,NA,NA,0.9636563876651982,NA,NA,NA,NA,NA,NA,NA,NA,NA,NA,NA
2024-08-25,ACPI-24,0,14.23458149779736,0.9636563876651982,NA,0.9636563876651982,NA,1.9273127753303965,79.98348017621146,0.9636563876651982,NA,NA,NA,0.9636563876651982,NA,NA,NA,NA,NA,NA,NA,NA,NA,NA,NA
2024-08-26,ACPI-24,16,14.098718298336516,0.9544586855740387,NA,0.9544586855740387,NA,1.9089173711480774,80.17452958821926,0.9544586855740387,NA,NA,NA,0.9544586855740387,NA,NA,NA,NA,NA,NA,NA,NA,NA,NA,NA
2024-08-27,ACPI-24,0,14.098718298336516,0.9544586855740387,NA,0.9544586855740387,NA,1.9089173711480774,80.17452958821926,0.9544586855740387,NA,NA,NA,0.9544586855740387,NA,NA,NA,NA,NA,NA,NA,NA,NA,NA,NA
2024-08-28,ACPI-24,6,12,1,NA,1,NA,1,83,1,NA,NA,NA,1,NA,NA,NA,NA,NA,NA,NA,NA,NA,NA,NA
2024-08-29,ACPI-24,0,12,1,NA,1,NA,1,83,1,NA,NA,NA,1,NA,NA,NA,NA,NA,NA,NA,NA,NA,NA,NA
2024-08-30,ACPI-24,3560,10.536199464042406,0.9984303301640185,NA,0.9984303301640185,NA,0.9984303301640185,84.47164888513751,0.9984303301640185,NA,NA,NA,0.9984303301640185,NA,NA,NA,NA,NA,NA,NA,NA,NA,NA,NA
2024-08-31,ACPI-24,0,10.536199464042406,0.9984303301640185,NA,0.9984303301640185,NA,0.9984303301640185,84.47164888513751,0.9984303301640185,NA,NA,NA,0.9984303301640185,NA,NA,NA,NA,NA,NA,NA,NA,NA,NA,NA
2024-09-01,ACPI-24,0,10.536199464042406,0.9984303301640185,NA,0.9984303301640185,NA,0.9984303301640185,84.47164888513751,0.9984303301640185,NA,NA,NA,0.9984303301640185,NA,NA,NA,NA,NA,NA,NA,NA,NA,NA,NA
2024-09-02,ACPI-24,0,10.536199464042406,0.9984303301640185,NA,0.9984303301640185,NA,0.9984303301640185,84.47164888513751,0.9984303301640185,NA,NA,NA,0.9984303301640185,NA,NA,NA,NA,NA,NA,NA,NA,NA,NA,NA
2024-09-03,ACPI-24,0,10.536199464042406,0.9984303301640185,NA,0.9984303301640185,NA,0.9984303301640185,84.47164888513751,0.9984303301640185,NA,NA,NA,0.9984303301640185,NA,NA,NA,NA,NA,NA,NA,NA,NA,NA,NA
2024-09-04,ACPI-24,0,10.536199464042406,0.9984303301640185,NA,0.9984303301640185,NA,0.9984303301640185,84.47164888513751,0.9984303301640185,NA,NA,NA,0.9984303301640185,NA,NA,NA,NA,NA,NA,NA,NA,NA,NA,NA
2024-09-05,ACPI-24,23,10.290082320658566,0.9751078008624069,NA,0.9751078008624069,NA,0.9751078008624069,84.8343786750294,0.9751078008624069,NA,NA,NA,0.9751078008624069,NA,NA,NA,NA,NA,NA,NA,NA,NA,NA,NA
2024-09-06,ACPI-24,0,10.290082320658566,0.9751078008624069,NA,0.9751078008624069,NA,0.9751078008624069,84.8343786750294,0.9751078008624069,NA,NA,NA,0.9751078008624069,NA,NA,NA,NA,NA,NA,NA,NA,NA,NA,NA
2024-09-07,ACPI-24,0,10.290082320658566,0.9751078008624069,NA,0.9751078008624069,NA,0.9751078008624069,84.8343786750294,0.9751078008624069,NA,NA,NA,0.9751078008624069,NA,NA,NA,NA,NA,NA,NA,NA,NA,NA,NA
2024-09-08,ACPI-24,4,10.190711894016598,0.9656912699568109,NA,0.9656912699568109,NA,0.9656912699568109,84.98083175619935,0.9656912699568109,NA,NA,NA,0.9656912699568109,NA,NA,NA,NA,NA,NA,NA,NA,NA,NA,NA
2024-09-09,ACPI-24,174,7.000000000000003,1,NA,1,NA,1,88,1,NA,NA,NA,1,NA,NA,NA,NA,NA,NA,NA,NA,NA,NA,NA
2024-09-10,ACPI-24,4855,4.86173153309593,1.0121092390096178,NA,1.0121092390096178,NA,1.0121092390096178,90.07772227185598,1.0121092390096178,NA,NA,NA,1.0121092390096178,NA,NA,NA,NA,NA,NA,NA,NA,NA,NA,NA
2024-09-11,ACPI-24,110,4.766131677877517,0.992207379753123,NA,0.992207379753123,NA,0.992207379753123,90.27283142335686,0.992207379753123,NA,NA,NA,0.992207379753123,NA,NA,NA,NA,NA,NA,NA,NA,NA,NA,NA
2024-09-12,ACPI-24,63,3,1,NA,1,NA,1,92,1,NA,NA,NA,1,NA,NA,NA,NA,NA,NA,NA,NA,NA,NA,NA
2024-09-13,ACPI-24,283,5.013405810408786,1.002681162081757,NA,1.002681162081757,NA,1.002681162081757,89.97318837918243,1.002681162081757,NA,NA,NA,1.002681162081757,NA,NA,NA,NA,NA,NA,NA,NA,NA,NA,NA
2024-09-14,ACPI-24,1,5.05050505050505,1.0101010101010102,NA,1.0101010101010102,NA,1.0101010101010102,89.8989898989899,1.0101010101010102,NA,NA,NA,1.0101010101010102,NA,NA,NA,NA,NA,NA,NA,NA,NA,NA,NA
2024-09-15,ACPI-24,0,5.05050505050505,1.0101010101010102,NA,1.0101010101010102,NA,1.0101010101010102,89.8989898989899,1.0101010101010102,NA,NA,NA,1.0101010101010102,NA,NA,NA,NA,NA,NA,NA,NA,NA,NA,NA
2024-09-16,ACPI-24,2,4.040404040404041,1.0101010101010102,NA,1.0101010101010102,NA,1.0101010101010102,90.9090909090909,1.0101010101010102,NA,NA,NA,1.0101010101010102,NA,NA,NA,NA,NA,NA,NA,NA,NA,NA,NA
2024-09-17,ACPI-24,50,3.9603960396039604,0.9900990099009901,NA,0.9900990099009901,NA,0.9900990099009901,91.08910891089108,0.9900990099009901,NA,NA,NA,0.9900990099009901,NA,NA,NA,NA,NA,NA,NA,NA,NA,NA,NA
2024-09-18,ACPI-24,70,4.040404040404041,1.0101010101010102,NA,1.0101010101010102,NA,1.0101010101010102,90.9090909090909,1.0101010101010102,NA,NA,NA,1.0101010101010102,NA,NA,NA,NA,NA,NA,NA,NA,NA,NA,NA
2024-09-19,ACPI-24,0,4.040404040404041,1.0101010101010102,NA,1.0101010101010102,NA,1.0101010101010102,90.9090909090909,1.0101010101010102,NA,NA,NA,1.0101010101010102,NA,NA,NA,NA,NA,NA,NA,NA,NA,NA,NA
2024-09-20,ACPI-24,557,7.6923076923076925,0.9615384615384616,NA,0.9615384615384616,NA,0.9615384615384616,87.5,0.9615384615384616,NA,NA,NA,0.9615384615384616,NA,NA,NA,NA,NA,NA,NA,NA,NA,NA,NA
2024-09-21,ACPI-24,2,7.6923076923076925,0.9615384615384616,NA,0.9615384615384616,NA,0.9615384615384616,87.5,0.9615384615384616,NA,NA,NA,0.9615384615384616,NA,NA,NA,NA,NA,NA,NA,NA,NA,NA,NA
2024-09-22,ACPI-24,0,7.6923076923076925,0.9615384615384616,NA,0.9615384615384616,NA,0.9615384615384616,87.5,0.9615384615384616,NA,NA,NA,0.9615384615384616,NA,NA,NA,NA,NA,NA,NA,NA,NA,NA,NA
2024-09-23,ACPI-24,982,9.068811852537761,0.9471998765360649,NA,0.9471998765360649,NA,0.9471998765360649,86.1951887647819,0.9471998765360649,NA,NA,NA,0.9471998765360649,NA,NA,NA,NA,NA,NA,NA,NA,NA,NA,NA
2024-09-24,ACPI-24,4,9.243928817225445,0.9654901189656867,NA,0.9654901189656867,NA,0.9654901189656867,85.92862058794611,0.9654901189656867,NA,NA,NA,0.9654901189656867,NA,NA,NA,NA,NA,NA,NA,NA,NA,NA,NA
2024-09-25,ACPI-24,801,10.902155021444479,0.9078383040027491,NA,0.9078383040027491,NA,0.9078383040027491,84.55865345854177,0.9078383040027491,NA,NA,NA,0.9078383040027491,NA,NA,NA,NA,NA,NA,NA,NA,NA,NA,NA
2024-09-26,ACPI-24,1415,13.42481429636971,0.8972850161762097,NA,0.8972850161762097,NA,0.8972850161762097,82.08876062274923,0.8972850161762097,NA,NA,NA,0.8972850161762097,NA,NA,NA,NA,NA,NA,NA,NA,NA,NA,NA
2024-09-27,ACPI-24,378,24.44756526871413,0.7942753571622917,NA,0.7942753571622917,NA,0.7942753571622917,71.58105794547441,0.7942753571622917,NA,NA,NA,0.7942753571622917,NA,NA,NA,NA,NA,NA,NA,NA,NA,NA,NA
2024-09-28,ACPI-24,0,24.44756526871413,0.7942753571622917,NA,0.7942753571622917,NA,0.7942753571622917,71.58105794547441,0.7942753571622917,NA,NA,NA,0.7942753571622917,NA,NA,NA,NA,NA,NA,NA,NA,NA,NA,NA
2024-09-29,ACPI-24,0,24.44756526871413,0.7942753571622917,NA,0.7942753571622917,NA,0.7942753571622917,71.58105794547441,0.7942753571622917,NA,NA,NA,0.7942753571622917,NA,NA,NA,NA,NA,NA,NA,NA,NA,NA,NA
2024-09-30,ACPI-24,63,23.716889266091925,0.7705364720596775,NA,0.7705364720596775,NA,0.7705364720596775,72.43042837360967,0.7705364720596775,NA,NA,NA,0.7705364720596775,NA,NA,NA,NA,NA,NA,NA,NA,NA,NA,NA
2024-10-01,ACPI-24,369,23.475219233422013,0.7808651098630407,NA,0.7808651098630407,NA,0.7808651098630407,72.62045521726279,0.7808651098630407,NA,NA,NA,0.7808651098630407,NA,NA,NA,NA,NA,NA,NA,NA,NA,NA,NA
2024-10-02,ACPI-24,1663,10.549125926789687,0.922173959517632,NA,0.922173959517632,NA,0.922173959517632,84.84000427562215,0.922173959517632,NA,NA,NA,0.922173959517632,NA,NA,NA,NA,NA,NA,NA,NA,NA,NA,NA
2024-10-03,ACPI-24,0,10.549125926789687,0.922173959517632,NA,0.922173959517632,NA,0.922173959517632,84.84000427562215,0.922173959517632,NA,NA,NA,0.922173959517632,NA,NA,NA,NA,NA,NA,NA,NA,NA,NA,NA
2024-10-04,ACPI-24,0,10.549125926789687,0.922173959517632,NA,0.922173959517632,NA,0.922173959517632,84.84000427562215,0.922173959517632,NA,NA,NA,0.922173959517632,NA,NA,NA,NA,NA,NA,NA,NA,NA,NA,NA
2024-10-05,ACPI-24,0,10.549125926789687,0.922173959517632,NA,0.922173959517632,NA,0.922173959517632,84.84000427562215,0.922173959517632,NA,NA,NA,0.922173959517632,NA,NA,NA,NA,NA,NA,NA,NA,NA,NA,NA
2024-10-06,ACPI-24,259,32.19675419632434,0.8462183563641267,NA,0.8462183563641267,NA,0.8462183563641267,63.57215402185502,0.8462183563641267,NA,NA,NA,0.8462183563641267,NA,NA,NA,NA,NA,NA,NA,NA,NA,NA,NA
2024-10-07,ACPI-24,38,32.23084711441107,0.8471144110698616,NA,0.8471144110698616,NA,0.8471144110698616,63.53358083023962,0.8471144110698616,NA,NA,NA,0.8471144110698616,NA,NA,NA,NA,NA,NA,NA,NA,NA,NA,NA
2024-10-08,ACPI-24,0,32.23084711441107,0.8471144110698616,NA,0.8471144110698616,NA,0.8471144110698616,63.53358083023962,0.8471144110698616,NA,NA,NA,0.8471144110698616,NA,NA,NA,NA,NA,NA,NA,NA,NA,NA,NA
2024-10-09,ACPI-24,0,32.23084711441107,0.8471144110698616,NA,0.8471144110698616,NA,0.8471144110698616,63.53358083023962,0.8471144110698616,NA,NA,NA,0.8471144110698616,NA,NA,NA,NA,NA,NA,NA,NA,NA,NA,NA
2024-10-10,ACPI-24,0,32.23084711441107,0.8471144110698616,NA,0.8471144110698616,NA,0.8471144110698616,63.53358083023962,0.8471144110698616,NA,NA,NA,0.8471144110698616,NA,NA,NA,NA,NA,NA,NA,NA,NA,NA,NA
2024-10-11,ACPI-24,0,32.23084711441107,0.8471144110698616,NA,0.8471144110698616,NA,0.8471144110698616,63.53358083023962,0.8471144110698616,NA,NA,NA,0.8471144110698616,NA,NA,NA,NA,NA,NA,NA,NA,NA,NA,NA
2024-10-12,ACPI-24,25,11.663066954643629,0.9719222462203024,NA,0.9719222462203024,NA,0.9719222462203024,83.47732181425486,0.9719222462203024,NA,NA,NA,0.9719222462203024,NA,NA,NA,NA,NA,NA,NA,NA,NA,NA,NA
2024-10-13,ACPI-24,0,11.663066954643629,0.9719222462203024,NA,0.9719222462203024,NA,0.9719222462203024,83.47732181425486,0.9719222462203024,NA,NA,NA,0.9719222462203024,NA,NA,NA,NA,NA,NA,NA,NA,NA,NA,NA
2024-10-14,ACPI-24,224,12.625052839227843,1.0520877366023202,NA,1.0520877366023202,NA,1.0520877366023202,82.11450847776055,1.0520877366023202,NA,NA,NA,1.0520877366023202,NA,NA,NA,NA,NA,NA,NA,NA,NA,NA,NA
2024-10-15,ACPI-24,62,18.30639494026704,0.8784258608573436,NA,0.8784258608573436,NA,0.8784258608573436,77.30147575544623,0.8784258608573436,NA,NA,NA,0.8784258608573436,NA,NA,NA,NA,NA,NA,NA,NA,NA,NA,NA
2024-10-16,ACPI-24,9,10.576923076923077,0.9615384615384616,NA,0.9615384615384616,NA,0.9615384615384616,84.61538461538461,0.9615384615384616,NA,NA,NA,0.9615384615384616,NA,NA,NA,NA,NA,NA,NA,NA,NA,NA,NA
2024-10-17,ACPI-24,1111,4.598800312961836,1.0258193514735285,NA,1.0258193514735285,NA,1.0258193514735285,90.27210292967051,1.0258193514735285,NA,NA,NA,1.0258193514735285,NA,NA,NA,NA,NA,NA,NA,NA,NA,NA,NA
2024-10-18,ACPI-24,0,4.598800312961836,1.0258193514735285,NA,1.0258193514735285,NA,1.0258193514735285,90.27210292967051,1.0258193514735285,NA,NA,NA,1.0258193514735285,NA,NA,NA,NA,NA,NA,NA,NA,NA,NA,NA
2024-10-19,ACPI-24,2,10.576923076923077,0.9615384615384616,NA,0.9615384615384616,NA,0.9615384615384616,84.61538461538461,0.9615384615384616,NA,NA,NA,0.9615384615384616,NA,NA,NA,NA,NA,NA,NA,NA,NA,NA,NA
2024-10-20,ACPI-24,30,24.85860490169674,0.8079719903043361,NA,0.8079719903043361,NA,0.8079719903043361,71.10153514678157,0.8079719903043361,NA,NA,NA,0.8079719903043361,NA,NA,NA,NA,NA,NA,NA,NA,NA,NA,NA
2024-10-21,ACPI-24,14,27.26620526671168,0.8862255232950709,NA,0.8862255232950709,NA,0.8862255232950709,68.30266711681297,0.8862255232950709,NA,NA,NA,0.8862255232950709,NA,NA,NA,NA,NA,NA,NA,NA,NA,NA,NA
2024-10-22,ACPI-24,42,27.089010942937403,0.8804662278311182,NA,0.8804662278311182,NA,0.8804662278311182,68.508657917907,0.8804662278311182,NA,NA,NA,0.8804662278311182,NA,NA,NA,NA,NA,NA,NA,NA,NA,NA,NA
2024-10-23,ACPI-24,438,37.908420598958635,0.7338466377010797,NA,0.7338466377010797,NA,0.7338466377010797,58.422346212535956,0.7338466377010797,NA,NA,NA,0.7338466377010797,NA,NA,NA,NA,NA,NA,NA,NA,NA,NA,NA
2024-10-24,ACPI-24,33,17.32066217044758,0.950337216431637,NA,0.950337216431637,NA,0.950337216431637,77.92765174739424,0.950337216431637,NA,NA,NA,0.950337216431637,NA,NA,NA,NA,NA,NA,NA,NA,NA,NA,NA
2024-10-25,ACPI-24,5405,11.284888496577526,0.9378444126274742,NA,0.9378444126274742,NA,0.9378444126274742,84.0258894402851,0.9378444126274742,NA,NA,NA,0.9378444126274742,NA,NA,NA,NA,NA,NA,NA,NA,NA,NA,NA
2024-10-26,ACPI-24,1302,13.277772782227066,0.9167768023789382,NA,0.9167768023789382,NA,0.9167768023789382,82.13834320587823,0.9167768023789382,NA,NA,NA,0.9167768023789382,NA,NA,NA,NA,NA,NA,NA,NA,NA,NA,NA
2024-10-27,ACPI-24,0,13.277772782227066,0.9167768023789382,NA,0.9167768023789382,NA,0.9167768023789382,82.13834320587823,0.9167768023789382,NA,NA,NA,0.9167768023789382,NA,NA,NA,NA,NA,NA,NA,NA,NA,NA,NA
2024-10-28,ACPI-24,1200,15.627587348898825,0.9480046365292267,NA,0.9480046365292267,NA,0.9480046365292267,79.63238946845505,0.9480046365292267,NA,NA,NA,0.9480046365292267,NA,NA,NA,NA,NA,NA,NA,NA,NA,NA,NA
2024-10-29,ACPI-24,521,16.913345756880734,0.9335579128440367,NA,0.9335579128440367,NA,0.9335579128440367,78.41886467889908,0.9335579128440367,NA,NA,NA,0.9335579128440367,NA,NA,NA,NA,NA,NA,NA,NA,NA,NA,NA
2024-10-30,ACPI-24,0,16.913345756880734,0.9335579128440367,NA,0.9335579128440367,NA,0.9335579128440367,78.41886467889908,0.9335579128440367,NA,NA,NA,0.9335579128440367,NA,NA,NA,NA,NA,NA,NA,NA,NA,NA,NA
2024-10-31,ACPI-24,0,16.913345756880734,0.9335579128440367,NA,0.9335579128440367,NA,0.9335579128440367,78.41886467889908,0.9335579128440367,NA,NA,NA,0.9335579128440367,NA,NA,NA,NA,NA,NA,NA,NA,NA,NA,NA
2024-11-01,ACPI-24,0,16.913345756880734,0.9335579128440367,NA,0.9335579128440367,NA,0.9335579128440367,78.41886467889908,0.9335579128440367,NA,NA,NA,0.9335579128440367,NA,NA,NA,NA,NA,NA,NA,NA,NA,NA,NA
2024-11-02,ACPI-24,14,9.84081041968162,1.0130246020260492,NA,1.0130246020260492,NA,1.0130246020260492,85.09406657018813,1.0130246020260492,NA,NA,NA,1.0130246020260492,NA,NA,NA,NA,NA,NA,NA,NA,NA,NA,NA
2024-11-03,ACPI-24,12,16.9811320754717,0.9433962264150944,NA,0.9433962264150944,NA,0.9433962264150944,78.30188679245283,0.9433962264150944,NA,NA,NA,0.9433962264150944,NA,NA,NA,NA,NA,NA,NA,NA,NA,NA,NA
2024-11-04,ACPI-24,21,16.9811320754717,0.9433962264150944,NA,0.9433962264150944,NA,0.9433962264150944,78.30188679245283,0.9433962264150944,NA,NA,NA,0.9433962264150944,NA,NA,NA,NA,NA,NA,NA,NA,NA,NA,NA
2024-11-05,ACPI-24,154,16.883907905956878,0.937994883664271,NA,0.937994883664271,NA,0.937994883664271,78.42611767572177,0.937994883664271,NA,NA,NA,0.937994883664271,NA,NA,NA,NA,NA,NA,NA,NA,NA,NA,NA
2024-11-06,ACPI-24,956,18.256991428673118,0.9224991440703754,NA,0.9224991440703754,NA,0.9224991440703754,77.13051285097502,0.9224991440703754,NA,NA,NA,0.9224991440703754,NA,NA,NA,NA,NA,NA,NA,NA,NA,NA,NA
2024-11-07,ACPI-24,0,18.256991428673118,0.9224991440703754,NA,0.9224991440703754,NA,0.9224991440703754,77.13051285097502,0.9224991440703754,NA,NA,NA,0.9224991440703754,NA,NA,NA,NA,NA,NA,NA,NA,NA,NA,NA
2024-11-08,ACPI-24,0,18.256991428673118,0.9224991440703754,NA,0.9224991440703754,NA,0.9224991440703754,77.13051285097502,0.9224991440703754,NA,NA,NA,0.9224991440703754,NA,NA,NA,NA,NA,NA,NA,NA,NA,NA,NA
2024-11-09,ACPI-24,75,8.020369191597709,0.8911521323997454,NA,0.8911521323997454,NA,0.8911521323997454,87.52387014640357,0.8911521323997454,NA,NA,NA,0.8911521323997454,NA,NA,NA,NA,NA,NA,NA,NA,NA,NA,NA
2024-11-10,ACPI-24,0,8.020369191597709,0.8911521323997454,NA,0.8911521323997454,NA,0.8911521323997454,87.52387014640357,0.8911521323997454,NA,NA,NA,0.8911521323997454,NA,NA,NA,NA,NA,NA,NA,NA,NA,NA,NA
2024-11-11,ACPI-24,0,8.020369191597709,0.8911521323997454,NA,0.8911521323997454,NA,0.8911521323997454,87.52387014640357,0.8911521323997454,NA,NA,NA,0.8911521323997454,NA,NA,NA,NA,NA,NA,NA,NA,NA,NA,NA
2024-11-12,ACPI-24,0,8.020369191597709,0.8911521323997454,NA,0.8911521323997454,NA,0.8911521323997454,87.52387014640357,0.8911521323997454,NA,NA,NA,0.8911521323997454,NA,NA,NA,NA,NA,NA,NA,NA,NA,NA,NA
2024-11-13,ACPI-24,11,8.847184986595174,0.9830205540661304,NA,0.9830205540661304,NA,0.9830205540661304,86.23771224307418,0.9830205540661304,NA,NA,NA,0.9830205540661304,NA,NA,NA,NA,NA,NA,NA,NA,NA,NA,NA
2024-11-14,ACPI-24,0,8.847184986595174,0.9830205540661304,NA,0.9830205540661304,NA,0.9830205540661304,86.23771224307418,0.9830205540661304,NA,NA,NA,0.9830205540661304,NA,NA,NA,NA,NA,NA,NA,NA,NA,NA,NA
2024-11-15,ACPI-24,0,8.847184986595174,0.9830205540661304,NA,0.9830205540661304,NA,0.9830205540661304,86.23771224307418,0.9830205540661304,NA,NA,NA,0.9830205540661304,NA,NA,NA,NA,NA,NA,NA,NA,NA,NA,NA
2024-11-16,ACPI-24,0,8.847184986595174,0.9830205540661304,NA,0.9830205540661304,NA,0.9830205540661304,86.23771224307418,0.9830205540661304,NA,NA,NA,0.9830205540661304,NA,NA,NA,NA,NA,NA,NA,NA,NA,NA,NA
2024-11-17,ACPI-24,5,17.005695687550855,0.8950366151342555,NA,0.8950366151342555,NA,0.8950366151342555,78.51912123677788,0.8950366151342555,NA,NA,NA,0.8950366151342555,NA,NA,NA,NA,NA,NA,NA,NA,NA,NA,NA
2024-11-18,ACPI-24,0,17.005695687550855,0.8950366151342555,NA,0.8950366151342555,NA,0.8950366151342555,78.51912123677788,0.8950366151342555,NA,NA,NA,0.8950366151342555,NA,NA,NA,NA,NA,NA,NA,NA,NA,NA,NA
2024-11-19,ACPI-24,6978,10.679522065835554,0.9343058482853471,NA,0.9343058482853471,NA,0.9343058482853471,84.6489486927377,0.9343058482853471,NA,NA,NA,0.9343058482853471,NA,NA,NA,NA,NA,NA,NA,NA,NA,NA,NA
2024-11-20,ACPI-24,329,9.469616458266279,0.9469616458266279,NA,0.9469616458266279,NA,0.9469616458266279,85.79557531260059,0.9469616458266279,NA,NA,NA,0.9469616458266279,NA,NA,NA,NA,NA,NA,NA,NA,NA,NA,NA
2024-11-21,ACPI-24,0,9.469616458266279,0.9469616458266279,NA,0.9469616458266279,NA,0.9469616458266279,85.79557531260059,0.9469616458266279,NA,NA,NA,0.9469616458266279,NA,NA,NA,NA,NA,NA,NA,NA,NA,NA,NA
2024-11-22,ACPI-24,0,9.469616458266279,0.9469616458266279,NA,0.9469616458266279,NA,0.9469616458266279,85.79557531260059,0.9469616458266279,NA,NA,NA,0.9469616458266279,NA,NA,NA,NA,NA,NA,NA,NA,NA,NA,NA
2024-11-23,ACPI-24,0,9.469616458266279,0.9469616458266279,NA,0.9469616458266279,NA,0.9469616458266279,85.79557531260059,0.9469616458266279,NA,NA,NA,0.9469616458266279,NA,NA,NA,NA,NA,NA,NA,NA,NA,NA,NA
2024-11-24,ACPI-24,0,9.469616458266279,0.9469616458266279,NA,0.9469616458266279,NA,0.9469616458266279,85.79557531260059,0.9469616458266279,NA,NA,NA,0.9469616458266279,NA,NA,NA,NA,NA,NA,NA,NA,NA,NA,NA
2024-11-25,ACPI-24,0,9.469616458266279,0.9469616458266279,NA,0.9469616458266279,NA,0.9469616458266279,85.79557531260059,0.9469616458266279,NA,NA,NA,0.9469616458266279,NA,NA,NA,NA,NA,NA,NA,NA,NA,NA,NA
2024-11-26,ACPI-24,14,4.970134569740188,0.9940269139480378,NA,0.9940269139480378,NA,0.9940269139480378,90.05973086051962,0.9940269139480378,NA,NA,NA,0.9940269139480378,NA,NA,NA,NA,NA,NA,NA,NA,NA,NA,NA
2024-11-27,ACPI-24,0,4.970134569740188,0.9940269139480378,NA,0.9940269139480378,NA,0.9940269139480378,90.05973086051962,0.9940269139480378,NA,NA,NA,0.9940269139480378,NA,NA,NA,NA,NA,NA,NA,NA,NA,NA,NA
2024-11-28,ACPI-24,0,4.970134569740188,0.9940269139480378,NA,0.9940269139480378,NA,0.9940269139480378,90.05973086051962,0.9940269139480378,NA,NA,NA,0.9940269139480378,NA,NA,NA,NA,NA,NA,NA,NA,NA,NA,NA
2024-11-29,ACPI-24,13,5,1,NA,1,NA,1,90,1,NA,NA,NA,1,NA,NA,NA,NA,NA,NA,NA,NA,NA,NA,NA
2024-11-30,ACPI-24,0,5,1,NA,1,NA,1,90,1,NA,NA,NA,1,NA,NA,NA,NA,NA,NA,NA,NA,NA,NA,NA
2024-12-01,ACPI-24,13,4.854368932038835,0.970873786407767,NA,0.970873786407767,NA,0.970873786407767,90.29126213592232,0.970873786407767,NA,NA,NA,0.970873786407767,NA,NA,NA,NA,NA,NA,NA,NA,NA,NA,NA
2024-12-02,ACPI-24,188,1.9264757864969955,0.9632378932484977,NA,0.9632378932484977,NA,0.9632378932484977,93.25733474726051,0.9632378932484977,NA,NA,NA,0.9632378932484977,NA,NA,NA,NA,NA,NA,NA,NA,NA,NA,NA
2024-12-03,ACPI-24,0,1.9264757864969955,0.9632378932484977,NA,0.9632378932484977,NA,0.9632378932484977,93.25733474726051,0.9632378932484977,NA,NA,NA,0.9632378932484977,NA,NA,NA,NA,NA,NA,NA,NA,NA,NA,NA
2024-12-04,ACPI-24,46,1.9801980198019802,0.9900990099009901,NA,0.9900990099009901,NA,0.9900990099009901,93.06930693069307,0.9900990099009901,NA,NA,NA,0.9900990099009901,NA,NA,NA,NA,NA,NA,NA,NA,NA,NA,NA
2024-12-05,ACPI-24,0,1.9801980198019802,0.9900990099009901,NA,0.9900990099009901,NA,0.9900990099009901,93.06930693069307,0.9900990099009901,NA,NA,NA,0.9900990099009901,NA,NA,NA,NA,NA,NA,NA,NA,NA,NA,NA
2024-12-06,ACPI-24,0,1.9801980198019802,0.9900990099009901,NA,0.9900990099009901,NA,0.9900990099009901,93.06930693069307,0.9900990099009901,NA,NA,NA,0.9900990099009901,NA,NA,NA,NA,NA,NA,NA,NA,NA,NA,NA
2024-12-07,ACPI-24,18,1.9801980198019802,0.9900990099009901,NA,0.9900990099009901,NA,0.9900990099009901,93.06930693069307,0.9900990099009901,NA,NA,NA,0.9900990099009901,NA,NA,NA,NA,NA,NA,NA,NA,NA,NA,NA
2024-12-08,ACPI-24,113,7.232760148909768,0.904095018613721,NA,0.904095018613721,NA,0.904095018613721,88.24676475802163,0.904095018613721,NA,NA,NA,0.904095018613721,NA,NA,NA,NA,NA,NA,NA,NA,NA,NA,NA
2024-12-09,ACPI-24,140,7.232760148909768,0.904095018613721,NA,0.904095018613721,NA,0.904095018613721,88.24676475802163,0.904095018613721,NA,NA,NA,0.904095018613721,NA,NA,NA,NA,NA,NA,NA,NA,NA,NA,NA
2024-12-10,ACPI-24,2,7.547169811320755,0.9433962264150944,NA,0.9433962264150944,NA,0.9433962264150944,87.73584905660377,0.9433962264150944,NA,NA,NA,0.9433962264150944,NA,NA,NA,NA,NA,NA,NA,NA,NA,NA,NA
2024-12-11,ACPI-24,397,7.335550628233555,0.9169438285291944,NA,0.9169438285291944,NA,0.9169438285291944,88.07973022912049,0.9169438285291944,NA,NA,NA,0.9169438285291944,NA,NA,NA,NA,NA,NA,NA,NA,NA,NA,NA
2024-12-12,ACPI-24,8303,10.080190272804716,0.9233115459963982,NA,0.9233115459963982,NA,0.9233115459963982,85.3032519972133,0.9233115459963982,NA,NA,NA,0.9233115459963982,NA,NA,NA,NA,NA,NA,NA,NA,NA,NA,NA
2024-12-13,ACPI-24,1540,14.902231027650958,0.9044706693082952,NA,0.9044706693082952,NA,0.9044706693082952,80.57541562580757,0.9044706693082952,NA,NA,NA,0.9044706693082952,NA,NA,NA,NA,NA,NA,NA,NA,NA,NA,NA
2024-12-14,ACPI-24,3562,16.786085367080183,0.9202743106191084,NA,0.9202743106191084,NA,0.9202743106191084,78.61254307982428,0.9202743106191084,NA,NA,NA,0.9202743106191084,NA,NA,NA,NA,NA,NA,NA,NA,NA,NA,NA
2024-12-15,ACPI-24,17882,21.39865382326075,0.9510683023904536,NA,0.9510683023904536,NA,0.9510683023904536,73.84600466478699,0.9510683023904536,NA,NA,NA,0.9510683023904536,NA,NA,NA,NA,NA,NA,NA,NA,NA,NA,NA
2024-12-16,ACPI-24,1658,27.498709470325814,0.9199305890368099,NA,0.9199305890368099,NA,0.9199305890368099,67.90163758449013,0.9199305890368099,NA,NA,NA,0.9199305890368099,NA,NA,NA,NA,NA,NA,NA,NA,NA,NA,NA
2024-12-17,ACPI-24,3265,23.758411251812703,0.9899338021588626,NA,0.9899338021588626,NA,0.9899338021588626,71.29191973739299,0.9899338021588626,NA,NA,NA,0.9899338021588626,NA,NA,NA,NA,NA,NA,NA,NA,NA,NA,NA
2024-12-18,ACPI-24,5097,30.530217961210845,0.9613379948548554,NA,0.9613379948548554,NA,0.9613379948548554,64.66309206451488,0.9613379948548554,NA,NA,NA,0.9613379948548554,NA,NA,NA,NA,NA,NA,NA,NA,NA,NA,NA
2024-12-19,ACPI-24,2201,33.12763493365824,1.043125672468786,NA,1.043125672468786,NA,1.043125672468786,61.65673670399782,1.043125672468786,NA,NA,NA,1.043125672468786,NA,NA,NA,NA,NA,NA,NA,NA,NA,NA,NA
2024-12-20,ACPI-24,18263,28.611077926847784,1.0961899100501369,NA,1.0961899100501369,NA,1.0961899100501369,65.90797252290153,1.0961899100501369,NA,NA,NA,1.0961899100501369,NA,NA,NA,NA,NA,NA,NA,NA,NA,NA,NA
2024-12-21,ACPI-24,3101,26.77298732502331,0.9882209988838132,NA,0.9882209988838132,NA,0.9882209988838132,68.28590768055763,0.9882209988838132,NA,NA,NA,0.9882209988838132,NA,NA,NA,NA,NA,NA,NA,NA,NA,NA,NA
2024-12-21,KXACPI-2025,2,NA,NA,NA,NA,NA,NA,NA,NA,NA,NA,NA,NA,100,NA,NA,NA,NA,NA,NA,NA,NA,NA,NA
2024-12-22,ACPI-24,857,30.409156314188113,0.9824145165365055,NA,0.9824145165365055,NA,0.9824145165365055,64.67877110312936,0.9824145165365055,NA,NA,NA,0.9824145165365055,NA,NA,NA,NA,NA,NA,NA,NA,NA,NA,NA
2024-12-22,KXACPI-2025,7,NA,NA,NA,NA,NA,NA,NA,NA,NA,NA,NA,NA,75.96153846153847,24.03846153846154,NA,NA,NA,NA,NA,NA,NA,NA,NA
2024-12-23,ACPI-24,2627,30.585702432668167,0.9808825853042269,NA,0.9808825853042269,NA,0.9808825853042269,64.5098846408107,0.9808825853042269,NA,NA,NA,0.9808825853042269,NA,NA,NA,NA,NA,NA,NA,NA,NA,NA,NA
2024-12-23,KXACPI-2025,36,NA,NA,NA,NA,NA,NA,NA,NA,NA,NA,NA,NA,27.38095238095238,29.761904761904763,7.142857142857143,35.714285714285715,NA,NA,NA,NA,NA,NA,NA
2024-12-24,ACPI-24,1667,29.211685114541925,0.9514185201944578,NA,0.9514185201944578,NA,0.9514185201944578,66.03122228448578,0.9514185201944578,NA,NA,NA,0.9514185201944578,NA,NA,NA,NA,NA,NA,NA,NA,NA,NA,NA
2024-12-24,KXACPI-2025,0,NA,NA,NA,NA,NA,NA,NA,NA,NA,NA,NA,NA,27.38095238095238,29.761904761904763,7.142857142857143,35.714285714285715,NA,NA,NA,NA,NA,NA,NA
2024-12-25,ACPI-24,802,27.643392068759972,0.9391586040347598,NA,0.9391586040347598,NA,0.9391586040347598,67.66081491106623,0.9391586040347598,NA,NA,NA,0.9391586040347598,NA,NA,NA,NA,NA,NA,NA,NA,NA,NA,NA
2024-12-25,KXACPI-2025,19,NA,NA,NA,NA,NA,NA,NA,NA,NA,NA,NA,NA,27.38095238095238,29.761904761904763,7.142857142857143,35.714285714285715,NA,NA,NA,NA,NA,NA,NA
2024-12-26,ACPI-24,5122,27.364121304310455,0.9396276831272612,NA,0.9396276831272612,NA,0.9396276831272612,67.93774028005323,0.9396276831272612,NA,NA,NA,0.9396276831272612,NA,NA,NA,NA,NA,NA,NA,NA,NA,NA,NA
2024-12-26,KXACPI-2025,2,NA,NA,NA,NA,NA,NA,NA,NA,NA,NA,NA,NA,19.736842105263158,32.89473684210526,7.894736842105263,39.473684210526315,NA,NA,NA,NA,NA,NA,NA
2024-12-27,ACPI-24,1590,25.22665535915919,0.94249705313587,NA,0.94249705313587,NA,0.94249705313587,70.06085937516147,0.94249705313587,NA,NA,NA,0.94249705313587,NA,NA,NA,NA,NA,NA,NA,NA,NA,NA,NA
2024-12-27,KXACPI-2025,320,NA,NA,NA,NA,NA,NA,NA,NA,NA,NA,NA,NA,19.81833195706028,33.03055326176713,7.927332782824112,39.22378199834847,NA,NA,NA,NA,NA,NA,NA
2024-12-28,ACPI-24,1642,26.284829049110584,0.9820316474087091,NA,0.9820316474087091,NA,0.9820316474087091,68.80501271384587,0.9820316474087091,NA,NA,NA,0.9820316474087091,NA,NA,NA,NA,NA,NA,NA,NA,NA,NA,NA
2024-12-28,KXACPI-2025,0,NA,NA,NA,NA,NA,NA,NA,NA,NA,NA,NA,NA,19.81833195706028,33.03055326176713,7.927332782824112,39.22378199834847,NA,NA,NA,NA,NA,NA,NA
2024-12-29,ACPI-24,5928,27.366916637513537,0.9773898799111976,NA,0.9773898799111976,NA,0.9773898799111976,67.74613396293049,0.9773898799111976,NA,NA,NA,0.9773898799111976,NA,NA,NA,NA,NA,NA,NA,NA,NA,NA,NA
2024-12-29,KXACPI-2025,176,NA,NA,NA,NA,NA,NA,NA,NA,NA,NA,NA,NA,21.685082872928174,26.02209944751381,8.67403314917127,43.61878453038674,NA,NA,NA,NA,NA,NA,NA
2024-12-30,ACPI-24,2901,27.860865352203927,0.9748477227698129,NA,0.9748477227698129,NA,0.9748477227698129,67.26489603394701,0.9748477227698129,NA,NA,NA,0.9748477227698129,NA,NA,NA,NA,NA,NA,NA,NA,NA,NA,NA
2024-12-30,KXACPI-2025,211,NA,NA,NA,NA,NA,NA,NA,NA,NA,NA,NA,NA,15.306122448979592,23.46938775510204,6.122448979591836,30.612244897959183,7.142857142857144,6.122448979591836,6.122448979591836,5.1020408163265305,NA,NA,NA
2024-12-31,ACPI-24,1584,27.229163921706416,0.9432415418624739,NA,0.9432415418624739,NA,0.9432415418624739,68.05462836898121,0.9432415418624739,NA,NA,NA,0.9432415418624739,NA,NA,NA,NA,NA,NA,NA,NA,NA,NA,NA
2024-12-31,KXACPI-2025,33,NA,NA,NA,NA,NA,NA,NA,NA,NA,NA,NA,NA,15.625,23.958333333333332,6.25,29.16666666666667,7.291666666666668,6.25,6.25,5.208333333333333,NA,NA,NA
2025-01-01,ACPI-24,1075,26.627035923524442,0.9301783744479427,NA,0.9301783744479427,NA,0.9301783744479427,68.72207220423584,0.9301783744479427,NA,NA,NA,0.9301783744479427,NA,NA,NA,NA,NA,NA,NA,NA,NA,NA,NA
2025-01-01,KXACPI-2025,0,NA,NA,NA,NA,NA,NA,NA,NA,NA,NA,NA,NA,15.625,23.958333333333332,6.25,29.16666666666667,7.291666666666668,6.25,6.25,5.208333333333333,NA,NA,NA
2025-01-02,ACPI-24,4700,23.334238710750885,0.9644154669895478,NA,0.9644154669895478,NA,0.9644154669895478,71.84368395430137,0.9644154669895478,NA,NA,NA,0.9644154669895478,NA,NA,NA,NA,NA,NA,NA,NA,NA,NA,NA
2025-01-02,KXACPI-2025,1300,NA,NA,NA,NA,NA,NA,NA,NA,NA,NA,NA,NA,14.851485148514852,22.77227722772277,10.891089108910892,27.722772277227726,6.9306930693069315,5.9405940594059405,5.9405940594059405,4.9504950495049505,NA,NA,NA
2025-01-03,ACPI-24,1391,23.14090999442978,0.9339380715240718,NA,0.9339380715240718,NA,0.9339380715240718,72.18939964794987,0.9339380715240718,NA,NA,NA,0.9339380715240718,NA,NA,NA,NA,NA,NA,NA,NA,NA,NA,NA
2025-01-03,KXACPI-2025,0,NA,NA,NA,NA,NA,NA,NA,NA,NA,NA,NA,NA,14.851485148514852,22.77227722772277,10.891089108910892,27.722772277227726,6.9306930693069315,5.9405940594059405,5.9405940594059405,4.9504950495049505,NA,NA,NA
2025-01-04,ACPI-24,652,18.293890038693423,0.9628363178259696,NA,0.9628363178259696,NA,0.9628363178259696,76.89192837217674,0.9628363178259696,NA,NA,NA,0.9628363178259696,NA,NA,NA,NA,NA,NA,NA,NA,NA,NA,NA
2025-01-04,KXACPI-2025,0,NA,NA,NA,NA,NA,NA,NA,NA,NA,NA,NA,NA,14.851485148514852,22.77227722772277,10.891089108910892,27.722772277227726,6.9306930693069315,5.9405940594059405,5.9405940594059405,4.9504950495049505,NA,NA,NA
2025-01-05,ACPI-24,422,17.792472927392154,0.9364459435469554,NA,0.9364459435469554,NA,0.9364459435469554,77.52529735487306,0.9364459435469554,NA,NA,NA,0.9364459435469554,NA,NA,NA,NA,NA,NA,NA,NA,NA,NA,NA
2025-01-05,KXACPI-2025,66,NA,NA,NA,NA,NA,NA,NA,NA,NA,NA,NA,NA,19.81132075471698,16.037735849056602,10.377358490566039,26.415094339622645,6.603773584905661,5.660377358490566,5.660377358490566,4.716981132075472,4.716981132075472,NA,NA
2025-01-06,ACPI-24,1149,21.269498710321525,0.9361191858176311,NA,0.9361191858176311,NA,0.9361191858176311,74.04990536059033,0.9361191858176311,NA,NA,NA,0.9361191858176311,NA,NA,NA,NA,NA,NA,NA,NA,NA,NA,NA
2025-01-06,KXACPI-2025,0,NA,NA,NA,NA,NA,NA,NA,NA,NA,NA,NA,NA,19.81132075471698,16.037735849056602,10.377358490566039,26.415094339622645,6.603773584905661,5.660377358490566,5.660377358490566,4.716981132075472,4.716981132075472,NA,NA
2025-01-07,ACPI-24,3217,21.489588655717604,0.9458058466692497,NA,0.9458058466692497,NA,0.9458058466692497,73.78138211093615,0.9458058466692497,NA,NA,NA,0.9458058466692497,NA,NA,NA,NA,NA,NA,NA,NA,NA,NA,NA
2025-01-07,KXACPI-2025,8,NA,NA,NA,NA,NA,NA,NA,NA,NA,NA,NA,NA,16.901408450704224,19.248826291079812,10.328638497652582,26.291079812206576,6.572769953051644,5.633802816901408,5.633802816901408,4.694835680751174,4.694835680751174,NA,NA
2025-01-08,ACPI-24,789,22.044415290723624,0.9531126735904575,NA,0.9531126735904575,NA,0.9531126735904575,73.19002134132408,0.9531126735904575,NA,NA,NA,0.9531126735904575,NA,NA,NA,NA,NA,NA,NA,NA,NA,NA,NA
2025-01-08,KXACPI-2025,389,NA,NA,NA,NA,NA,NA,NA,NA,NA,NA,NA,NA,17.498116051243407,18.0180859080633,9.07309721175584,21.386586284853053,6.804822908816881,5.832705350414469,5.832705350414469,4.8605877920120575,4.8605877920120575,1.9442351168048229,3.8884702336096457
2025-01-09,ACPI-24,1842,20.408248333478777,0.9705286038202412,NA,0.9705286038202412,NA,0.9705286038202412,74.73910864742001,0.9705286038202412,NA,NA,NA,0.9705286038202412,NA,NA,NA,NA,NA,NA,NA,NA,NA,NA,NA
2025-01-09,KXACPI-2025,0,NA,NA,NA,NA,NA,NA,NA,NA,NA,NA,NA,NA,17.498116051243407,18.0180859080633,9.07309721175584,21.386586284853053,6.804822908816881,5.832705350414469,5.832705350414469,4.8605877920120575,4.8605877920120575,1.9442351168048229,3.8884702336096457
2025-01-10,ACPI-24,2748,23.710492845223715,0.9484197138089485,NA,0.9484197138089485,NA,0.9484197138089485,71.54740858573155,0.9484197138089485,NA,NA,NA,0.9484197138089485,NA,NA,NA,NA,NA,NA,NA,NA,NA,NA,NA
2025-01-10,KXACPI-2025,1058,NA,NA,NA,NA,NA,NA,NA,NA,NA,NA,NA,NA,18.29240988133443,17.84461526979625,8.985745204866035,21.18068512575565,6.739308903649527,5.776550488842451,5.776550488842451,4.8137920740353755,4.8137920740353755,1.9255168296141503,3.8510336592283005
2025-01-11,ACPI-24,911,26.960879570442337,0.9296855024290462,NA,0.9296855024290462,NA,0.9296855024290462,68.39069291741242,0.9296855024290462,NA,NA,NA,0.9296855024290462,NA,NA,NA,NA,NA,NA,NA,NA,NA,NA,NA
2025-01-11,KXACPI-2025,0,NA,NA,NA,NA,NA,NA,NA,NA,NA,NA,NA,NA,18.29240988133443,17.84461526979625,8.985745204866035,21.18068512575565,6.739308903649527,5.776550488842451,5.776550488842451,4.8137920740353755,4.8137920740353755,1.9255168296141503,3.8510336592283005
2025-01-12,ACPI-24,2772,27.678101081466327,0.9544172786712528,NA,0.9544172786712528,NA,0.9544172786712528,67.5498125251774,0.9544172786712528,NA,NA,NA,0.9544172786712528,NA,NA,NA,NA,NA,NA,NA,NA,NA,NA,NA
2025-01-12,KXACPI-2025,86,NA,NA,NA,NA,NA,NA,NA,NA,NA,NA,NA,NA,18.29240988133443,17.84461526979625,8.985745204866035,21.18068512575565,6.739308903649527,5.776550488842451,5.776550488842451,4.8137920740353755,4.8137920740353755,1.9255168296141503,3.8510336592283005
2025-01-13,ACPI-24,642,26.768461007591437,0.9230503795721187,NA,0.9230503795721187,NA,0.9230503795721187,68.61628709454797,0.9230503795721187,NA,NA,NA,0.9230503795721187,NA,NA,NA,NA,NA,NA,NA,NA,NA,NA,NA
2025-01-13,KXACPI-2025,215,NA,NA,NA,NA,NA,NA,NA,NA,NA,NA,NA,NA,18.29240988133443,17.84461526979625,8.985745204866035,21.18068512575565,6.739308903649527,5.776550488842451,5.776550488842451,4.8137920740353755,4.8137920740353755,1.9255168296141503,3.8510336592283005
2025-01-14,KXACPI-2025,1468,NA,NA,NA,NA,NA,NA,NA,NA,NA,NA,NA,NA,18.769567254033465,17.848774902939667,8.987839808924868,20.689418750633745,6.7408798566936525,5.777897020023129,5.777897020023129,4.814914183352608,4.814914183352608,1.925965673341043,3.851931346682086
2025-01-15,KXACPI-2025,357,NA,NA,NA,NA,NA,NA,NA,NA,NA,NA,NA,NA,17.253722173758224,17.12642861104161,8.316095197582314,18.751979367097373,6.468074042564024,5.544063465054876,5.544063465054876,4.62005288754573,10.831457325246099,1.848021155018292,3.696042310036584
2025-01-16,KXACPI-2025,171,NA,NA,NA,NA,NA,NA,NA,NA,NA,NA,NA,NA,18.21012642461232,16.876128791181415,8.194556891075544,18.477922401444854,6.373544248614314,5.463037927383696,5.463037927383696,4.55253160615308,10.926075854767392,1.8210126424612318,3.6420252849224637
2025-01-17,KXACPI-2025,534,NA,NA,NA,NA,NA,NA,NA,NA,NA,NA,NA,NA,18.468223791417707,17.54481260184682,8.310700706137968,18.739815317762083,6.463878326996198,3.6936447582835417,5.5404671374253125,4.617055947854427,11.080934274850625,1.8468223791417708,3.6936447582835417
2025-01-18,KXACPI-2025,1316,NA,NA,NA,NA,NA,NA,NA,NA,NA,NA,NA,NA,17.001045246509204,17.398427401661348,8.241360348155375,20.14554751771314,6.409946937454182,4.248178093339422,5.494240232103584,4.578533526752986,10.988480464207168,1.8314134107011946,3.662826821402389
2025-01-19,KXACPI-2025,774,NA,NA,NA,NA,NA,NA,NA,NA,NA,NA,NA,NA,17.18553710513693,18.140289166533428,8.592768552568465,20.04979328932642,6.683264429775474,4.42931865421073,5.7285123683789765,4.7737603069824806,8.688243758708115,1.9095041227929923,3.8190082455859846
2025-01-20,KXACPI-2025,157,NA,NA,NA,NA,NA,NA,NA,NA,NA,NA,NA,NA,17.039123857490964,17.985741849573795,8.519561928745482,20.82559582582229,6.62632594457982,4.391582799634035,5.6797079524969885,4.733089960414157,8.519561928745482,1.8932359841656627,3.7864719683313255
2025-01-21,KXACPI-2025,646,NA,NA,NA,NA,NA,NA,NA,NA,NA,NA,NA,NA,17.82762691853601,17.9456906729634,8.500590318772137,20.77922077922078,6.611570247933885,4.7225501770956315,5.667060212514758,4.7225501770956315,7.556080283353011,1.8890200708382527,3.7780401416765055
2025-01-22,KXACPI-2025,388,NA,NA,NA,NA,NA,NA,NA,NA,NA,NA,NA,NA,15.384615384615385,18.26923076923077,8.653846153846153,21.153846153846153,6.730769230769232,4.8076923076923075,5.769230769230769,4.8076923076923075,7.6923076923076925,2.8846153846153846,3.8461538461538463
2025-01-23,KXACPI-2025,0,NA,NA,NA,NA,NA,NA,NA,NA,NA,NA,NA,NA,15.384615384615385,18.26923076923077,8.653846153846153,21.153846153846153,6.730769230769232,4.8076923076923075,5.769230769230769,4.8076923076923075,7.6923076923076925,2.8846153846153846,3.8461538461538463
2025-01-24,KXACPI-2025,0,NA,NA,NA,NA,NA,NA,NA,NA,NA,NA,NA,NA,15.384615384615385,18.26923076923077,8.653846153846153,21.153846153846153,6.730769230769232,4.8076923076923075,5.769230769230769,4.8076923076923075,7.6923076923076925,2.8846153846153846,3.8461538461538463
2025-01-25,KXACPI-2025,552,NA,NA,NA,NA,NA,NA,NA,NA,NA,NA,NA,NA,14.423076923076923,18.26923076923077,8.653846153846153,21.153846153846153,6.730769230769232,4.8076923076923075,5.769230769230769,4.8076923076923075,8.653846153846153,2.8846153846153846,3.8461538461538463
2025-01-26,KXACPI-2025,323,NA,NA,NA,NA,NA,NA,NA,NA,NA,NA,NA,NA,15.238095238095237,18.095238095238095,8.571428571428571,20.952380952380953,6.666666666666668,4.761904761904762,5.714285714285714,4.761904761904762,8.571428571428571,2.857142857142857,3.8095238095238093
2025-01-27,KXACPI-2025,0,NA,NA,NA,NA,NA,NA,NA,NA,NA,NA,NA,NA,15.238095238095237,18.095238095238095,8.571428571428571,20.952380952380953,6.666666666666668,4.761904761904762,5.714285714285714,4.761904761904762,8.571428571428571,2.857142857142857,3.8095238095238093
2025-01-28,KXACPI-2025,2524,NA,NA,NA,NA,NA,NA,NA,NA,NA,NA,NA,NA,14.552391299178854,18.235817536741866,8.638018833193515,21.1423573870472,6.7184590924838465,4.798899351774175,5.75867922212901,4.798899351774175,8.638018833193515,2.879339611064505,3.83911948141934
2025-01-29,KXACPI-2025,0,NA,NA,NA,NA,NA,NA,NA,NA,NA,NA,NA,NA,14.552391299178854,18.235817536741866,8.638018833193515,21.1423573870472,6.7184590924838465,4.798899351774175,5.75867922212901,4.798899351774175,8.638018833193515,2.879339611064505,3.83911948141934
2025-01-30,KXACPI-2025,113,NA,NA,NA,NA,NA,NA,NA,NA,NA,NA,NA,NA,14.419147694103911,18.264253745864956,8.651488616462347,21.17532593889862,6.728935590581826,4.806382564701304,5.767659077641564,4.806382564701304,8.651488616462347,2.883829538820782,3.845106051761043
2025-01-31,KXACPI-2025,2,NA,NA,NA,NA,NA,NA,NA,NA,NA,NA,NA,NA,14.285714285714286,18.095238095238095,8.571428571428571,21.904761904761905,6.666666666666668,4.761904761904762,5.714285714285714,4.761904761904762,8.571428571428571,2.857142857142857,3.8095238095238093
2025-02-01,KXACPI-2025,929,NA,NA,NA,NA,NA,NA,NA,NA,NA,NA,NA,NA,14.285714285714286,18.095238095238095,8.571428571428571,21.904761904761905,6.666666666666668,4.761904761904762,5.714285714285714,4.761904761904762,8.571428571428571,2.857142857142857,3.8095238095238093
2025-02-02,KXACPI-2025,5767,NA,NA,NA,NA,NA,NA,NA,NA,NA,NA,NA,NA,14.827980862063695,19.06454682265332,9.53227341132666,21.18282980294813,7.413990431031848,4.236565960589626,3.64059239595272,3.154956471075495,9.53227341132666,3.1774244704422197,4.236565960589626
2025-02-03,KXACPI-2025,1342,NA,NA,NA,NA,NA,NA,NA,NA,NA,NA,NA,NA,15.24140996569073,17.27359796111616,9.144845979414438,20.321879954254307,7.112657983989009,5.080469988563577,3.4926250326868757,3.026727177743307,12.193127972552585,3.048281993138146,4.064375990850861
2025-02-04,KXACPI-2025,535,NA,NA,NA,NA,NA,NA,NA,NA,NA,NA,NA,NA,14.616669213033756,18.792860416757684,9.396430208378842,21.925003819550632,7.308334606516878,5.220239004654912,3.588710781740308,3.109995591996787,8.733421750853328,3.132143402792947,4.1761912037239295
2025-02-05,KXACPI-2025,300,NA,NA,NA,NA,NA,NA,NA,NA,NA,NA,NA,NA,14.616669213033756,18.792860416757684,9.396430208378842,21.925003819550632,7.308334606516878,5.220239004654912,3.588710781740308,3.109995591996787,8.733421750853328,3.132143402792947,4.1761912037239295
2025-02-06,KXACPI-2025,215,NA,NA,NA,NA,NA,NA,NA,NA,NA,NA,NA,NA,15.144709822710386,19.471769772056206,9.735884886028103,19.10447282286755,7.572354911355193,5.408824936682279,3.7183562571577498,3.2223470411918784,9.048924638595464,3.2452949620093676,4.3270599493458235
2025-02-07,KXACPI-2025,826,NA,NA,NA,NA,NA,NA,NA,NA,NA,NA,NA,NA,15.110978892143923,19.42840143275647,9.714200716378235,19.061922542681216,8.634845081225098,5.396778175765686,3.7100745787235097,3.2151700952100875,9.028770495514564,2.3814354489886678,4.317422540612549
2025-02-08,KXACPI-2025,316,NA,NA,NA,NA,NA,NA,NA,NA,NA,NA,NA,NA,16.93893866128028,17.93534681782618,8.96767340891309,20.16971662341395,7.97126525236719,4.982040782729494,3.424958791371118,2.968087258001169,10.457915432519016,2.19842434539492,3.985632626183595
2025-02-09,KXACPI-2025,1300,NA,NA,NA,NA,NA,NA,NA,NA,NA,NA,NA,NA,16.93893866128028,17.93534681782618,8.96767340891309,20.16971662341395,7.97126525236719,4.982040782729494,3.424958791371118,2.968087258001169,10.457915432519016,2.19842434539492,3.985632626183595
2025-02-10,KXACPI-2025,70,NA,NA,NA,NA,NA,NA,NA,NA,NA,NA,NA,NA,17.366913267571594,15.323747000798464,9.194248200479079,21.217495847259414,8.172665067092515,5.107915666932822,3.51149286647534,3.0430781414964225,10.722142272780914,2.253969135567182,4.0863325335462575
2025-02-11,KXACPI-2025,608,NA,NA,NA,NA,NA,NA,NA,NA,NA,NA,NA,NA,18.097701930137436,15.188227186411376,9.112936311846825,21.02985302733883,8.100387832752734,5.062742395470459,3.4804380036234845,3.0161658344164692,10.627318028386673,2.2340355332393456,4.050193916376367
2025-02-12,KXACPI-2025,151,NA,NA,NA,NA,NA,NA,NA,NA,NA,NA,NA,NA,18.104282455555808,15.193749794499741,9.116249876699845,21.001138604841866,8.103333223733195,5.064583264833247,3.481703529536019,3.0172625458119837,10.631182239250842,2.234847853370862,4.051666611866597
2025-02-13,KXACPI-2025,0,NA,NA,NA,NA,NA,NA,NA,NA,NA,NA,NA,NA,18.104282455555808,15.193749794499741,9.116249876699845,21.001138604841866,8.103333223733195,5.064583264833247,3.481703529536019,3.0172625458119837,10.631182239250842,2.234847853370862,4.051666611866597
2025-02-14,KXACPI-2025,100,NA,NA,NA,NA,NA,NA,NA,NA,NA,NA,NA,NA,18.2091524701422,15.1742937251185,9.1045762350711,20.974245993386017,8.092956653396534,5.058097908372834,3.477245099829609,3.013398847236798,10.61756867959315,2.2319860611549966,4.046478326698267
2025-02-15,KXACPI-2025,1038,NA,NA,NA,NA,NA,NA,NA,NA,NA,NA,NA,NA,18.797591402495005,16.586110061025003,9.951666036615002,23.220554085435005,5.528703353675001,3.3172220122050007,2.2114813414700003,2.4666522654857697,11.057406707350003,2.439650051304207,4.422962682940001
2025-02-16,KXACPI-2025,155,NA,NA,NA,NA,NA,NA,NA,NA,NA,NA,NA,NA,19.472697012125852,16.227247510104878,9.736348506062926,22.71814651414683,5.4090825033682925,3.2454495020209757,2.1636330013473173,2.4132829630412385,11.899981507410244,2.3868649776768027,4.327266002694635
2025-02-17,KXACPI-2025,0,NA,NA,NA,NA,NA,NA,NA,NA,NA,NA,NA,NA,19.472697012125852,16.227247510104878,9.736348506062926,22.71814651414683,5.4090825033682925,3.2454495020209757,2.1636330013473173,2.4132829630412385,11.899981507410244,2.3868649776768027,4.327266002694635
2025-02-18,KXACPI-2025,2682,NA,NA,NA,NA,NA,NA,NA,NA,NA,NA,NA,NA,19.210701945673936,16.008918288061615,9.605350972836968,22.41248560328626,5.336306096020538,3.2017836576123226,2.134522438408215,3.7262617660802624,11.739873411245183,2.3547509439582694,4.26904487681643
2025-02-19,KXACPI-2025,50,NA,NA,NA,NA,NA,NA,NA,NA,NA,NA,NA,NA,17.6995025334237,17.6995025334237,9.833056963013167,20.64941962232765,6.883139874109218,2.94991708890395,3.9332227852052664,3.4331374124405403,10.816362659314484,2.169515742633064,3.9332227852052664
2025-02-20,KXACPI-2025,0,NA,NA,NA,NA,NA,NA,NA,NA,NA,NA,NA,NA,17.6995025334237,17.6995025334237,9.833056963013167,20.64941962232765,6.883139874109218,2.94991708890395,3.9332227852052664,3.4331374124405403,10.816362659314484,2.169515742633064,3.9332227852052664
2025-02-21,KXACPI-2025,109,NA,NA,NA,NA,NA,NA,NA,NA,NA,NA,NA,NA,17.875271092303624,17.875271092303624,9.930706162390901,19.861412324781803,6.951494313673632,2.9792118487172705,3.972282464956361,3.4672308912985983,10.923776778629993,2.191060565987834,3.972282464956361
2025-02-22,KXACPI-2025,309,NA,NA,NA,NA,NA,NA,NA,NA,NA,NA,NA,NA,17.230534343726912,17.194335742164462,10.135608437486418,20.271216874972836,7.094925906240494,3.0406825312459254,4.054243374994567,3.5387709697473086,11.14916928123506,2.236269163191448,4.054243374994567
2025-02-23,KXACPI-2025,0,NA,NA,NA,NA,NA,NA,NA,NA,NA,NA,NA,NA,17.230534343726912,17.194335742164462,10.135608437486418,20.271216874972836,7.094925906240494,3.0406825312459254,4.054243374994567,3.5387709697473086,11.14916928123506,2.236269163191448,4.054243374994567
2025-02-24,KXACPI-2025,0,NA,NA,NA,NA,NA,NA,NA,NA,NA,NA,NA,NA,17.230534343726912,17.194335742164462,10.135608437486418,20.271216874972836,7.094925906240494,3.0406825312459254,4.054243374994567,3.5387709697473086,11.14916928123506,2.236269163191448,4.054243374994567
2025-02-25,KXACPI-2025,1,NA,NA,NA,NA,NA,NA,NA,NA,NA,NA,NA,NA,17.230534343726912,17.194335742164462,10.135608437486418,20.271216874972836,7.094925906240494,3.0406825312459254,4.054243374994567,3.5387709697473086,11.14916928123506,2.236269163191448,4.054243374994567
2025-02-26,KXACPI-2025,0,NA,NA,NA,NA,NA,NA,NA,NA,NA,NA,NA,NA,17.230534343726912,17.194335742164462,10.135608437486418,20.271216874972836,7.094925906240494,3.0406825312459254,4.054243374994567,3.5387709697473086,11.14916928123506,2.236269163191448,4.054243374994567
2025-02-27,KXACPI-2025,0,NA,NA,NA,NA,NA,NA,NA,NA,NA,NA,NA,NA,17.230534343726912,17.194335742164462,10.135608437486418,20.271216874972836,7.094925906240494,3.0406825312459254,4.054243374994567,3.5387709697473086,11.14916928123506,2.236269163191448,4.054243374994567
2025-02-28,KXACPI-2025,9,NA,NA,NA,NA,NA,NA,NA,NA,NA,NA,NA,NA,17.875271092303624,17.875271092303624,9.930706162390901,19.861412324781803,6.951494313673632,2.9792118487172705,3.972282464956361,3.4672308912985983,10.923776778629993,2.191060565987834,3.972282464956361
2025-03-01,KXACPI-2025,0,NA,NA,NA,NA,NA,NA,NA,NA,NA,NA,NA,NA,17.875271092303624,17.875271092303624,9.930706162390901,19.861412324781803,6.951494313673632,2.9792118487172705,3.972282464956361,3.4672308912985983,10.923776778629993,2.191060565987834,3.972282464956361
2025-03-02,KXACPI-2025,0,NA,NA,NA,NA,NA,NA,NA,NA,NA,NA,NA,NA,17.875271092303624,17.875271092303624,9.930706162390901,19.861412324781803,6.951494313673632,2.9792118487172705,3.972282464956361,3.4672308912985983,10.923776778629993,2.191060565987834,3.972282464956361
2025-03-03,KXACPI-2025,336,NA,NA,NA,NA,NA,NA,NA,NA,NA,NA,NA,NA,15.297793951593658,18.436284848296534,10.242380471275853,20.484760942551706,7.169666329893098,3.0727141413827557,4.096952188510341,3.576049617189675,11.266618518403437,2.259826802392609,4.096952188510341
2025-03-04,KXACPI-2025,2663,NA,NA,NA,NA,NA,NA,NA,NA,NA,NA,NA,NA,15.375182700595884,18.529550650226735,10.294194805681519,20.588389611363038,7.205936363977065,3.088258441704456,4.117677922272608,3.088258441704456,12.353033766817823,2.2712588539519545,3.088258441704456
2025-03-05,KXACPI-2025,863,NA,NA,NA,NA,NA,NA,NA,NA,NA,NA,NA,NA,17.974892214050215,17.974892214050215,9.986051230027897,19.972102460055794,6.99023586101953,2.995815369008369,3.9944204920111592,2.995815369008369,11.916687801166624,2.203271620593457,2.995815369008369
2025-03-06,KXACPI-2025,500,NA,NA,NA,NA,NA,NA,NA,NA,NA,NA,NA,NA,17.797168774914468,17.797168774914468,9.887315986063593,20.763363570733546,6.921121190244516,2.966194795819078,3.954926394425437,2.966194795819078,11.79886374336922,2.181487177877523,2.966194795819078
2025-03-07,KXACPI-2025,0,NA,NA,NA,NA,NA,NA,NA,NA,NA,NA,NA,NA,17.797168774914468,17.797168774914468,9.887315986063593,20.763363570733546,6.921121190244516,2.966194795819078,3.954926394425437,2.966194795819078,11.79886374336922,2.181487177877523,2.966194795819078
2025-03-08,KXACPI-2025,0,NA,NA,NA,NA,NA,NA,NA,NA,NA,NA,NA,NA,17.797168774914468,17.797168774914468,9.887315986063593,20.763363570733546,6.921121190244516,2.966194795819078,3.954926394425437,2.966194795819078,11.79886374336922,2.181487177877523,2.966194795819078
2025-03-09,KXACPI-2025,1349,NA,NA,NA,NA,NA,NA,NA,NA,NA,NA,NA,NA,16,18,10,21,7.000000000000001,3,4,3,12,2,4
2025-03-10,KXACPI-2025,2060,NA,NA,NA,NA,NA,NA,NA,NA,NA,NA,NA,NA,17.251629129987425,16.293205289432567,9.584238405548568,20.126900651651994,6.708966883883999,4.792119202774284,3.8336953622194274,2.875271521664571,11.501086086658283,3.1991921039594526,3.8336953622194274
2025-03-11,KXACPI-2025,75,NA,NA,NA,NA,NA,NA,NA,NA,NA,NA,NA,NA,17.588779236925944,14.657316030771621,9.771544020514414,20.52024244308027,6.840080814360091,4.885772010257207,3.9086176082057658,2.931463206154324,11.725852824617297,3.2617141969072967,3.9086176082057658
2025-03-12,KXACPI-2025,898,NA,NA,NA,NA,NA,NA,NA,NA,NA,NA,NA,NA,17.751291798811398,16.16142776649742,10.774285177664948,22.625998873096393,5.387142588832474,5.387142588832474,1.0774285177664948,1.0774285177664948,11.851713695431444,3.596426404234483,4.309714071065979
2025-03-13,KXACPI-2025,0,NA,NA,NA,NA,NA,NA,NA,NA,NA,NA,NA,NA,17.751291798811398,16.16142776649742,10.774285177664948,22.625998873096393,5.387142588832474,5.387142588832474,1.0774285177664948,1.0774285177664948,11.851713695431444,3.596426404234483,4.309714071065979
2025-03-14,KXACPI-2025,0,NA,NA,NA,NA,NA,NA,NA,NA,NA,NA,NA,NA,17.751291798811398,16.16142776649742,10.774285177664948,22.625998873096393,5.387142588832474,5.387142588832474,1.0774285177664948,1.0774285177664948,11.851713695431444,3.596426404234483,4.309714071065979
2025-03-15,KXACPI-2025,0,NA,NA,NA,NA,NA,NA,NA,NA,NA,NA,NA,NA,17.751291798811398,16.16142776649742,10.774285177664948,22.625998873096393,5.387142588832474,5.387142588832474,1.0774285177664948,1.0774285177664948,11.851713695431444,3.596426404234483,4.309714071065979
2025-03-16,KXACPI-2025,374,NA,NA,NA,NA,NA,NA,NA,NA,NA,NA,NA,NA,17.751291798811398,16.16142776649742,10.774285177664948,22.625998873096393,5.387142588832474,5.387142588832474,1.0774285177664948,1.0774285177664948,11.851713695431444,3.596426404234483,4.309714071065979
2025-03-17,KXACPI-2025,507,NA,NA,NA,NA,NA,NA,NA,NA,NA,NA,NA,NA,16.8319893631428,15.32446107821291,10.216307385475274,21.454245509498072,5.108153692737637,5.108153692737637,4.086522954190109,3.480813030150073,11.2379381240228,3.064892215642582,4.086522954190109
2025-03-18,KXACPI-2025,13,NA,NA,NA,NA,NA,NA,NA,NA,NA,NA,NA,NA,16.8319893631428,15.32446107821291,10.216307385475274,21.454245509498072,5.108153692737637,5.108153692737637,4.086522954190109,3.480813030150073,11.2379381240228,3.064892215642582,4.086522954190109
2025-03-19,KXACPI-2025,0,NA,NA,NA,NA,NA,NA,NA,NA,NA,NA,NA,NA,16.8319893631428,15.32446107821291,10.216307385475274,21.454245509498072,5.108153692737637,5.108153692737637,4.086522954190109,3.480813030150073,11.2379381240228,3.064892215642582,4.086522954190109
2025-03-20,KXACPI-2025,1685,NA,NA,NA,NA,NA,NA,NA,NA,NA,NA,NA,NA,18.67082120454266,15.559017670452215,7.260874912877702,21.7826247386331,5.1863392234840715,5.1863392234840715,4.149071378787257,3.5340904431962605,11.409946291664957,3.111803534090443,4.149071378787257
2025-03-21,KXACPI-2025,0,NA,NA,NA,NA,NA,NA,NA,NA,NA,NA,NA,NA,18.67082120454266,15.559017670452215,7.260874912877702,21.7826247386331,5.1863392234840715,5.1863392234840715,4.149071378787257,3.5340904431962605,11.409946291664957,3.111803534090443,4.149071378787257
2025-03-22,KXACPI-2025,264,NA,NA,NA,NA,NA,NA,NA,NA,NA,NA,NA,NA,18.866517524235643,15.722097936863037,7.3369790372027515,22.01093711160825,5.240699312287679,5.240699312287679,4.192559449830143,3.5711326539067025,10.481398624575357,3.144419587372607,4.192559449830143
2025-03-23,KXACPI-2025,100,NA,NA,NA,NA,NA,NA,NA,NA,NA,NA,NA,NA,18.866517524235643,15.722097936863037,7.3369790372027515,22.01093711160825,5.240699312287679,5.240699312287679,4.192559449830143,3.5711326539067025,10.481398624575357,3.144419587372607,4.192559449830143
2025-03-24,KXACPI-2025,0,NA,NA,NA,NA,NA,NA,NA,NA,NA,NA,NA,NA,18.866517524235643,15.722097936863037,7.3369790372027515,22.01093711160825,5.240699312287679,5.240699312287679,4.192559449830143,3.5711326539067025,10.481398624575357,3.144419587372607,4.192559449830143
2025-03-25,KXACPI-2025,400,NA,NA,NA,NA,NA,NA,NA,NA,NA,NA,NA,NA,18.866517524235643,15.722097936863037,7.3369790372027515,22.01093711160825,5.240699312287679,5.240699312287679,4.192559449830143,3.5711326539067025,10.481398624575357,3.144419587372607,4.192559449830143
2025-03-26,KXACPI-2025,1002,NA,NA,NA,NA,NA,NA,NA,NA,NA,NA,NA,NA,18.479142996266837,15.399285830222365,7.186333387437105,21.55900016231131,5.1330952767407885,5.1330952767407885,4.106476221392631,3.4978087972731697,12.319428664177892,3.079857166044473,4.106476221392631
2025-03-27,KXACPI-2025,1100,NA,NA,NA,NA,NA,NA,NA,NA,NA,NA,NA,NA,18.479142996266837,15.399285830222365,7.186333387437105,21.55900016231131,5.1330952767407885,5.1330952767407885,4.106476221392631,3.4978087972731697,12.319428664177892,3.079857166044473,4.106476221392631
2025-03-28,KXACPI-2025,2127,NA,NA,NA,NA,NA,NA,NA,NA,NA,NA,NA,NA,19.24654799261275,15.032919228373483,7.490980090070855,19.28481481521217,5.3507000643363245,5.3507000643363245,4.28056005146906,3.6460896881090212,12.82570791540916,3.2104200386017947,4.28056005146906
2025-03-29,KXACPI-2025,450,NA,NA,NA,NA,NA,NA,NA,NA,NA,NA,NA,NA,19.250839887205373,15.03627150249414,7.4926505453106405,19.266815687941644,5.351893246650457,5.351893246650457,4.281514597320365,3.6469027498914572,12.828567991224824,3.211135947990274,4.281514597320365
2025-03-30,KXACPI-2025,150,NA,NA,NA,NA,NA,NA,NA,NA,NA,NA,NA,NA,19.250839887205373,15.03627150249414,7.4926505453106405,19.266815687941644,5.351893246650457,5.351893246650457,4.281514597320365,3.6469027498914572,12.828567991224824,3.211135947990274,4.281514597320365
2025-03-31,KXACPI-2025,1212,NA,NA,NA,NA,NA,NA,NA,NA,NA,NA,NA,NA,18.858135241586837,14.711867932428095,8.38139344070526,20.95348360176315,5.2383709004407875,5.2383709004407875,4.19069672035263,3.5695460206956198,11.524415980969733,3.1430225402644725,4.19069672035263
2025-04-01,KXACPI-2025,141,NA,NA,NA,NA,NA,NA,NA,NA,NA,NA,NA,NA,16.74139721117059,14.693095278100728,8.370698605585295,20.926746513963238,5.2316866284908095,5.2316866284908095,4.185349302792647,3.5649912045526304,13.729987346966121,3.1390119770944853,4.185349302792647
2025-04-02,KXACPI-2025,560,NA,NA,NA,NA,NA,NA,NA,NA,NA,NA,NA,NA,18.23461459757659,13.356135969087653,8.104273154478484,20.26068288619621,7.091239010168675,5.065170721549053,4.052136577239242,3.451523448201805,13.29298462533361,3.0391024329294316,4.052136577239242
2025-04-03,KXACPI-2025,7493,NA,NA,NA,NA,NA,NA,NA,NA,NA,NA,NA,NA,18.31391050434184,12.209273669561227,4.069757889853742,16.279031559414967,10.116903720985865,7.0727757876819215,6.088145567785082,3.4665329061797685,16.279031559414967,3.052318417390307,3.052318417390307
2025-04-04,KXACPI-2025,75,NA,NA,NA,NA,NA,NA,NA,NA,NA,NA,NA,NA,18.31391050434184,12.209273669561227,4.069757889853742,16.279031559414967,10.116903720985865,7.0727757876819215,6.088145567785082,3.4665329061797685,16.279031559414967,3.052318417390307,3.052318417390307
2025-04-05,KXACPI-2025,250,NA,NA,NA,NA,NA,NA,NA,NA,NA,NA,NA,NA,18.31391050434184,12.209273669561227,4.069757889853742,16.279031559414967,10.116903720985865,7.0727757876819215,6.088145567785082,3.4665329061797685,16.279031559414967,3.052318417390307,3.052318417390307
2025-04-06,KXACPI-2025,119,NA,NA,NA,NA,NA,NA,NA,NA,NA,NA,NA,NA,18.50215877093519,12.334772513956795,3.0836931284891986,16.44636335194239,10.220895142605835,7.14547668800132,6.1507254766271515,3.5021653185213295,16.44636335194239,3.0836931284891986,3.0836931284891986
2025-04-07,KXACPI-2025,0,NA,NA,NA,NA,NA,NA,NA,NA,NA,NA,NA,NA,18.50215877093519,12.334772513956795,3.0836931284891986,16.44636335194239,10.220895142605835,7.14547668800132,6.1507254766271515,3.5021653185213295,16.44636335194239,3.0836931284891986,3.0836931284891986
2025-04-08,KXACPI-2025,96,NA,NA,NA,NA,NA,NA,NA,NA,NA,NA,NA,NA,17.655744050124568,12.462878153029108,3.115719538257277,16.617170870705475,10.327046618253489,7.219687692424546,6.214605261767098,3.538537868218409,16.617170870705475,3.115719538257277,3.115719538257277
2025-04-09,KXACPI-2025,2,NA,NA,NA,NA,NA,NA,NA,NA,NA,NA,NA,NA,17.12226237588737,14.100686662495484,3.021575713391889,17.12226237588737,10.015007085725683,7.001539362527502,6.026826258494369,3.4316182673831466,16.115070471423408,3.021575713391889,3.021575713391889
2025-04-10,KXACPI-2025,150,NA,NA,NA,NA,NA,NA,NA,NA,NA,NA,NA,NA,17.218609286328025,13.61733152709602,3.0385781093520046,17.218609286328025,10.071361495532518,7.040937000006655,6.0607391887497934,3.45092797135893,16.205749916544022,3.0385781093520046,3.0385781093520046
2025-04-11,KXACPI-2025,117,NA,NA,NA,NA,NA,NA,NA,NA,NA,NA,NA,NA,16.453214471472034,13.012019287896184,2.9035084361421233,16.453214471472034,9.62367331473724,6.7279560512019305,5.791329605657217,7.742689163045663,15.485378326091325,2.9035084361421233,2.9035084361421233
2025-04-12,KXACPI-2025,45,NA,NA,NA,NA,NA,NA,NA,NA,NA,NA,NA,NA,15.83999373239924,12.527053866799399,2.7952930115998655,15.83999373239924,9.264993491235838,6.4772012707715865,5.57548342999635,7.454114697599642,18.635286743999107,2.7952930115998655,2.7952930115998655
2025-04-13,KXACPI-2025,500,NA,NA,NA,NA,NA,NA,NA,NA,NA,NA,NA,NA,16.29550072538102,12.887291423340546,2.875676598596651,16.29550072538102,9.53142474092481,6.66346463195917,5.735816302251388,7.668470929591068,16.29550072538102,2.875676598596651,2.875676598596651
2025-04-14,KXACPI-2025,0,NA,NA,NA,NA,NA,NA,NA,NA,NA,NA,NA,NA,16.29550072538102,12.887291423340546,2.875676598596651,16.29550072538102,9.53142474092481,6.66346463195917,5.735816302251388,7.668470929591068,16.29550072538102,2.875676598596651,2.875676598596651
2025-04-15,KXACPI-2025,0,NA,NA,NA,NA,NA,NA,NA,NA,NA,NA,NA,NA,16.29550072538102,12.887291423340546,2.875676598596651,16.29550072538102,9.53142474092481,6.66346463195917,5.735816302251388,7.668470929591068,16.29550072538102,2.875676598596651,2.875676598596651
2025-04-16,KXACPI-2025,0,NA,NA,NA,NA,NA,NA,NA,NA,NA,NA,NA,NA,16.29550072538102,12.887291423340546,2.875676598596651,16.29550072538102,9.53142474092481,6.66346463195917,5.735816302251388,7.668470929591068,16.29550072538102,2.875676598596651,2.875676598596651
2025-04-17,KXACPI-2025,0,NA,NA,NA,NA,NA,NA,NA,NA,NA,NA,NA,NA,16.29550072538102,12.887291423340546,2.875676598596651,16.29550072538102,9.53142474092481,6.66346463195917,5.735816302251388,7.668470929591068,16.29550072538102,2.875676598596651,2.875676598596651
2025-04-18,KXACPI-2025,112,NA,NA,NA,NA,NA,NA,NA,NA,NA,NA,NA,NA,17.544430275348006,10.320253103145886,3.096075930943766,13.434924084725953,10.261937918325138,7.17416988884345,6.175424178915555,8.25620248251671,17.544430275348006,3.096075930943766,3.096075930943766
2025-04-19,KXACPI-2025,5,NA,NA,NA,NA,NA,NA,NA,NA,NA,NA,NA,NA,17.365216842344005,11.236316780340239,3.064450031001883,13.29768857296613,10.157113931751969,7.10088693838252,6.11234324952713,8.171866749338355,17.365216842344005,3.064450031001883,3.064450031001883
2025-04-20,KXACPI-2025,190,NA,NA,NA,NA,NA,NA,NA,NA,NA,NA,NA,NA,17.189942166790118,11.122903754981841,3.0335192059041383,17.189942166790118,10.054593769457734,7.029214602495822,3.0335192059041383,8.089384549077703,17.189942166790118,3.0335192059041383,3.0335192059041383
2025-04-21,KXACPI-2025,16,NA,NA,NA,NA,NA,NA,NA,NA,NA,NA,NA,NA,17.189942166790118,11.122903754981841,3.0335192059041383,17.189942166790118,10.054593769457734,7.029214602495822,3.0335192059041383,8.089384549077703,17.189942166790118,3.0335192059041383,3.0335192059041383
2025-04-22,KXACPI-2025,0,NA,NA,NA,NA,NA,NA,NA,NA,NA,NA,NA,NA,17.189942166790118,11.122903754981841,3.0335192059041383,17.189942166790118,10.054593769457734,7.029214602495822,3.0335192059041383,8.089384549077703,17.189942166790118,3.0335192059041383,3.0335192059041383
2025-04-23,KXACPI-2025,0,NA,NA,NA,NA,NA,NA,NA,NA,NA,NA,NA,NA,17.189942166790118,11.122903754981841,3.0335192059041383,17.189942166790118,10.054593769457734,7.029214602495822,3.0335192059041383,8.089384549077703,17.189942166790118,3.0335192059041383,3.0335192059041383
2025-04-24,KXACPI-2025,4,NA,NA,NA,NA,NA,NA,NA,NA,NA,NA,NA,NA,17.01786212809345,12.012608561007141,3.0031521402517853,17.01786212809345,9.953942186797368,6.958848599569907,3.0031521402517853,8.008405707338094,17.01786212809345,3.0031521402517853,3.0031521402517853
2025-04-25,KXACPI-2025,0,NA,NA,NA,NA,NA,NA,NA,NA,NA,NA,NA,NA,17.01786212809345,12.012608561007141,3.0031521402517853,17.01786212809345,9.953942186797368,6.958848599569907,3.0031521402517853,8.008405707338094,17.01786212809345,3.0031521402517853,3.0031521402517853
2025-04-26,KXACPI-2025,0,NA,NA,NA,NA,NA,NA,NA,NA,NA,NA,NA,NA,17.01786212809345,12.012608561007141,3.0031521402517853,17.01786212809345,9.953942186797368,6.958848599569907,3.0031521402517853,8.008405707338094,17.01786212809345,3.0031521402517853,3.0031521402517853
2025-04-27,KXACPI-2025,0,NA,NA,NA,NA,NA,NA,NA,NA,NA,NA,NA,NA,17.01786212809345,12.012608561007141,3.0031521402517853,17.01786212809345,9.953942186797368,6.958848599569907,3.0031521402517853,8.008405707338094,17.01786212809345,3.0031521402517853,3.0031521402517853
2025-04-28,KXACPI-2025,0,NA,NA,NA,NA,NA,NA,NA,NA,NA,NA,NA,NA,17.01786212809345,12.012608561007141,3.0031521402517853,17.01786212809345,9.953942186797368,6.958848599569907,3.0031521402517853,8.008405707338094,17.01786212809345,3.0031521402517853,3.0031521402517853
2025-04-29,KXACPI-2025,0,NA,NA,NA,NA,NA,NA,NA,NA,NA,NA,NA,NA,17.01786212809345,12.012608561007141,3.0031521402517853,17.01786212809345,9.953942186797368,6.958848599569907,3.0031521402517853,8.008405707338094,17.01786212809345,3.0031521402517853,3.0031521402517853
2025-04-30,KXACPI-2025,0,NA,NA,NA,NA,NA,NA,NA,NA,NA,NA,NA,NA,17.01786212809345,12.012608561007141,3.0031521402517853,17.01786212809345,9.953942186797368,6.958848599569907,3.0031521402517853,8.008405707338094,17.01786212809345,3.0031521402517853,3.0031521402517853
2025-05-01,KXACPI-2025,55,NA,NA,NA,NA,NA,NA,NA,NA,NA,NA,NA,NA,17.01786212809345,12.012608561007141,3.0031521402517853,17.01786212809345,9.953942186797368,6.958848599569907,3.0031521402517853,8.008405707338094,17.01786212809345,3.0031521402517853,3.0031521402517853
2025-05-02,KXACPI-2025,358,NA,NA,NA,NA,NA,NA,NA,NA,NA,NA,NA,NA,15.301295127005424,14.293680883335186,3.157410105572548,13.682110457481041,10.465229926128194,7.316292303988723,3.157410105572548,8.419760281526795,17.89199059824444,3.157410105572548,3.157410105572548
2025-05-03,KXACPI-2025,56,NA,NA,NA,NA,NA,NA,NA,NA,NA,NA,NA,NA,16.75270989478985,13.383524200527663,2.9563605696687967,16.75270989478985,9.798851613073232,6.850424037570924,2.9563605696687967,7.883628185783458,16.75270989478985,2.9563605696687967,2.9563605696687967
2025-05-04,KXACPI-2025,0,NA,NA,NA,NA,NA,NA,NA,NA,NA,NA,NA,NA,16.75270989478985,13.383524200527663,2.9563605696687967,16.75270989478985,9.798851613073232,6.850424037570924,2.9563605696687967,7.883628185783458,16.75270989478985,2.9563605696687967,2.9563605696687967
2025-05-05,KXACPI-2025,0,NA,NA,NA,NA,NA,NA,NA,NA,NA,NA,NA,NA,16.75270989478985,13.383524200527663,2.9563605696687967,16.75270989478985,9.798851613073232,6.850424037570924,2.9563605696687967,7.883628185783458,16.75270989478985,2.9563605696687967,2.9563605696687967
2025-05-06,KXACPI-2025,0,NA,NA,NA,NA,NA,NA,NA,NA,NA,NA,NA,NA,16.75270989478985,13.383524200527663,2.9563605696687967,16.75270989478985,9.798851613073232,6.850424037570924,2.9563605696687967,7.883628185783458,16.75270989478985,2.9563605696687967,2.9563605696687967
2025-05-07,KXACPI-2025,180,NA,NA,NA,NA,NA,NA,NA,NA,NA,NA,NA,NA,17.993965031374096,14.375146944778196,3.1754055937718992,17.993965031374096,10.52487593831608,7.3579911164385425,3.1754055937718992,1.0584685312573,17.993965031374096,3.1754055937718992,3.1754055937718992
2025-05-08,KXACPI-2025,0,NA,NA,NA,NA,NA,NA,NA,NA,NA,NA,NA,NA,17.993965031374096,14.375146944778196,3.1754055937718992,17.993965031374096,10.52487593831608,7.3579911164385425,3.1754055937718992,1.0584685312573,17.993965031374096,3.1754055937718992,3.1754055937718992
2025-05-09,KXACPI-2025,2930,NA,NA,NA,NA,NA,NA,NA,NA,NA,NA,NA,NA,18.812992869008333,15.029457737164847,7.505277508094972,18.812992869008333,7.746526475474021,6.6398798361205875,3.3199399180602938,1.1066466393534313,14.386406311594607,3.3199399180602938,3.3199399180602938
2025-05-10,KXACPI-2025,20,NA,NA,NA,NA,NA,NA,NA,NA,NA,NA,NA,NA,18.015520270467665,14.392367147710658,7.187132851430101,18.015520270467665,7.418155405486688,6.358418918988588,3.179209459494294,1.059736486498098,18.015520270467665,3.179209459494294,3.179209459494294
2025-05-11,KXACPI-2025,113,NA,NA,NA,NA,NA,NA,NA,NA,NA,NA,NA,NA,18.836974848995848,15.048616632146924,7.514844907405285,18.836974848995848,7.756401408410058,6.648344064351476,3.324172032175738,1.1080573440585793,14.277269849108775,3.324172032175738,3.324172032175738
2025-05-12,KXACPI-2025,113,NA,NA,NA,NA,NA,NA,NA,NA,NA,NA,NA,NA,17.769981145874247,14.634102120131736,7.089177184195244,17.769981145874247,11.49822309438922,7.317051060065868,3.1358790257425144,1.045293008580838,13.468554163661064,3.1358790257425144,3.1358790257425144
2025-05-13,KXACPI-2025,1,NA,NA,NA,NA,NA,NA,NA,NA,NA,NA,NA,NA,17.769981145874247,14.634102120131736,7.089177184195244,17.769981145874247,11.49822309438922,7.317051060065868,3.1358790257425144,1.045293008580838,13.468554163661064,3.1358790257425144,3.1358790257425144
2025-05-14,KXACPI-2025,91,NA,NA,NA,NA,NA,NA,NA,NA,NA,NA,NA,NA,13.8461076610432,11.538423050869334,7.825358513099583,19.615319186477866,12.692265355956266,8.076896135608536,3.4615269152608,1.1538423050869333,14.867207046075887,3.4615269152608,3.4615269152608
2025-05-15,KXACPI-2025,1,NA,NA,NA,NA,NA,NA,NA,NA,NA,NA,NA,NA,13.8461076610432,11.538423050869334,7.825358513099583,19.615319186477866,12.692265355956266,8.076896135608536,3.4615269152608,1.1538423050869333,14.867207046075887,3.4615269152608,3.4615269152608
2025-05-16,KXACPI-2025,783,NA,NA,NA,NA,NA,NA,NA,NA,NA,NA,NA,NA,14.516078269495061,12.096731891245884,8.204003568642959,20.564444215118005,13.306405080370473,3.6290195673737653,3.6290195673737653,1.2096731891245884,15.586585516507972,3.6290195673737653,3.6290195673737653
2025-05-17,KXACPI-2025,297,NA,NA,NA,NA,NA,NA,NA,NA,NA,NA,NA,NA,14.673155462082121,12.2276295517351,8.292778361986747,20.78697023794967,13.450392506908612,3.6682888655205304,3.6682888655205304,1.2227629551735102,14.673155462082121,3.6682888655205304,3.6682888655205304
2025-05-18,KXACPI-2025,10,NA,NA,NA,NA,NA,NA,NA,NA,NA,NA,NA,NA,14.673155462082121,12.2276295517351,8.292778361986747,20.78697023794967,13.450392506908612,3.6682888655205304,3.6682888655205304,1.2227629551735102,14.673155462082121,3.6682888655205304,3.6682888655205304
2025-05-19,KXACPI-2025,0,NA,NA,NA,NA,NA,NA,NA,NA,NA,NA,NA,NA,14.673155462082121,12.2276295517351,8.292778361986747,20.78697023794967,13.450392506908612,3.6682888655205304,3.6682888655205304,1.2227629551735102,14.673155462082121,3.6682888655205304,3.6682888655205304
2025-05-20,KXACPI-2025,0,NA,NA,NA,NA,NA,NA,NA,NA,NA,NA,NA,NA,14.673155462082121,12.2276295517351,8.292778361986747,20.78697023794967,13.450392506908612,3.6682888655205304,3.6682888655205304,1.2227629551735102,14.673155462082121,3.6682888655205304,3.6682888655205304
2025-05-21,KXACPI-2025,0,NA,NA,NA,NA,NA,NA,NA,NA,NA,NA,NA,NA,14.673155462082121,12.2276295517351,8.292778361986747,20.78697023794967,13.450392506908612,3.6682888655205304,3.6682888655205304,1.2227629551735102,14.673155462082121,3.6682888655205304,3.6682888655205304
2025-05-22,KXACPI-2025,0,NA,NA,NA,NA,NA,NA,NA,NA,NA,NA,NA,NA,14.673155462082121,12.2276295517351,8.292778361986747,20.78697023794967,13.450392506908612,3.6682888655205304,3.6682888655205304,1.2227629551735102,14.673155462082121,3.6682888655205304,3.6682888655205304
2025-05-23,KXACPI-2025,4860,NA,NA,NA,NA,NA,NA,NA,NA,NA,NA,NA,NA,17.955052573497674,9.46517292273982,6.765064808525624,15.588841941383784,11.51172289622148,7.3130539574502365,7.813495332484797,0.9975029207498708,16.605075122447495,2.9925087622496123,2.9925087622496123
2025-05-24,KXACPI-2025,0,NA,NA,NA,NA,NA,NA,NA,NA,NA,NA,NA,NA,17.955052573497674,9.46517292273982,6.765064808525624,15.588841941383784,11.51172289622148,7.3130539574502365,7.813495332484797,0.9975029207498708,16.605075122447495,2.9925087622496123,2.9925087622496123
2025-05-25,KXACPI-2025,0,NA,NA,NA,NA,NA,NA,NA,NA,NA,NA,NA,NA,17.955052573497674,9.46517292273982,6.765064808525624,15.588841941383784,11.51172289622148,7.3130539574502365,7.813495332484797,0.9975029207498708,16.605075122447495,2.9925087622496123,2.9925087622496123
2025-05-26,KXACPI-2025,0,NA,NA,NA,NA,NA,NA,NA,NA,NA,NA,NA,NA,17.955052573497674,9.46517292273982,6.765064808525624,15.588841941383784,11.51172289622148,7.3130539574502365,7.813495332484797,0.9975029207498708,16.605075122447495,2.9925087622496123,2.9925087622496123
2025-05-27,KXACPI-2025,2,NA,NA,NA,NA,NA,NA,NA,NA,NA,NA,NA,NA,17.543228722653396,9.248076150341433,6.60989873316863,15.231290389127157,11.247685682542041,7.145318996504786,7.634282059607655,0.9746238179251887,18.517852540578584,2.923871453775566,2.923871453775566
2025-05-28,KXACPI-2025,0,NA,NA,NA,NA,NA,NA,NA,NA,NA,NA,NA,NA,17.543228722653396,9.248076150341433,6.60989873316863,15.231290389127157,11.247685682542041,7.145318996504786,7.634282059607655,0.9746238179251887,18.517852540578584,2.923871453775566,2.923871453775566
2025-05-29,KXACPI-2025,0,NA,NA,NA,NA,NA,NA,NA,NA,NA,NA,NA,NA,17.543228722653396,9.248076150341433,6.60989873316863,15.231290389127157,11.247685682542041,7.145318996504786,7.634282059607655,0.9746238179251887,18.517852540578584,2.923871453775566,2.923871453775566
2025-05-30,KXACPI-2025,0,NA,NA,NA,NA,NA,NA,NA,NA,NA,NA,NA,NA,17.543228722653396,9.248076150341433,6.60989873316863,15.231290389127157,11.247685682542041,7.145318996504786,7.634282059607655,0.9746238179251887,18.517852540578584,2.923871453775566,2.923871453775566
2025-05-31,KXACPI-2025,0,NA,NA,NA,NA,NA,NA,NA,NA,NA,NA,NA,NA,17.543228722653396,9.248076150341433,6.60989873316863,15.231290389127157,11.247685682542041,7.145318996504786,7.634282059607655,0.9746238179251887,18.517852540578584,2.923871453775566,2.923871453775566
2025-06-01,KXACPI-2025,0,NA,NA,NA,NA,NA,NA,NA,NA,NA,NA,NA,NA,17.543228722653396,9.248076150341433,6.60989873316863,15.231290389127157,11.247685682542041,7.145318996504786,7.634282059607655,0.9746238179251887,18.517852540578584,2.923871453775566,2.923871453775566
2025-06-02,KXACPI-2025,0,NA,NA,NA,NA,NA,NA,NA,NA,NA,NA,NA,NA,17.543228722653396,9.248076150341433,6.60989873316863,15.231290389127157,11.247685682542041,7.145318996504786,7.634282059607655,0.9746238179251887,18.517852540578584,2.923871453775566,2.923871453775566
2025-06-03,KXACPI-2025,0,NA,NA,NA,NA,NA,NA,NA,NA,NA,NA,NA,NA,17.543228722653396,9.248076150341433,6.60989873316863,15.231290389127157,11.247685682542041,7.145318996504786,7.634282059607655,0.9746238179251887,18.517852540578584,2.923871453775566,2.923871453775566
2025-06-04,KXACPI-2025,1320,NA,NA,NA,NA,NA,NA,NA,NA,NA,NA,NA,NA,17.0439880975055,11.552010187508568,8.256594805520164,19.025797245149437,10.043778700315741,3.642137932740759,4.869710885001571,1.2174277212503928,17.043988097505505,3.6522831637511786,3.6522831637511786
2025-06-05,KXACPI-2025,4,NA,NA,NA,NA,NA,NA,NA,NA,NA,NA,NA,NA,16.371868939026935,11.09646379064735,7.931001081748619,22.218964988679407,9.647708481926585,3.4985124697087313,4.677676839721981,1.1694192099304952,16.371868939026935,3.508257629791485,3.508257629791485
2025-06-06,KXACPI-2025,0,NA,NA,NA,NA,NA,NA,NA,NA,NA,NA,NA,NA,16.371868939026935,11.09646379064735,7.931001081748619,22.218964988679407,9.647708481926585,3.4985124697087313,4.677676839721981,1.1694192099304952,16.371868939026935,3.508257629791485,3.508257629791485
2025-06-07,KXACPI-2025,73,NA,NA,NA,NA,NA,NA,NA,NA,NA,NA,NA,NA,16.087577708745897,12.640239628300346,7.793282287193906,21.833141176155145,9.48017972122526,3.4377621413332005,4.5964507739273985,1.1491126934818496,16.0875777087459,3.447338080445549,3.447338080445549
2025-06-08,KXACPI-2025,0,NA,NA,NA,NA,NA,NA,NA,NA,NA,NA,NA,NA,16.087577708745897,12.640239628300346,7.793282287193906,21.833141176155145,9.48017972122526,3.4377621413332005,4.5964507739273985,1.1491126934818496,16.0875777087459,3.447338080445549,3.447338080445549
2025-06-09,KXACPI-2025,0,NA,NA,NA,NA,NA,NA,NA,NA,NA,NA,NA,NA,16.087577708745897,12.640239628300346,7.793282287193906,21.833141176155145,9.48017972122526,3.4377621413332005,4.5964507739273985,1.1491126934818496,16.0875777087459,3.447338080445549,3.447338080445549
2025-06-10,KXACPI-2025,631,NA,NA,NA,NA,NA,NA,NA,NA,NA,NA,NA,NA,15.442454014429426,16.143430249406354,7.480765937561454,20.957616162439933,9.100017544217339,3.2999053518929546,4.412129718408407,1.1030324296021017,15.442454014429428,3.309097288806305,3.309097288806305
2025-06-11,KXACPI-2025,1634,NA,NA,NA,NA,NA,NA,NA,NA,NA,NA,NA,NA,13.372758712354457,10.165844859834252,7.615466237103905,24.115643084162368,10.47126607601787,3.7971560821115307,3.8077331185519525,1.2692443728506508,17.76942121990912,3.8077331185519525,3.8077331185519525
2025-06-12,KXACPI-2025,790,NA,NA,NA,NA,NA,NA,NA,NA,NA,NA,NA,NA,19.282489830571148,9.084738286341551,6.805584646083934,21.55101804593246,9.35767888836541,3.3933401221446284,3.402792323041967,1.1342641076806557,19.18250910375431,3.402792323041967,3.402792323041967
2025-06-13,KXACPI-2025,300,NA,NA,NA,NA,NA,NA,NA,NA,NA,NA,NA,NA,18.854764185092485,8.883219935668315,6.654622653562053,21.072971736279836,9.150106148647824,3.318068795317746,3.3273113267810266,3.3273113267810266,18.75700123830763,3.3273113267810266,3.3273113267810266
2025-06-14,KXACPI-2025,0,NA,NA,NA,NA,NA,NA,NA,NA,NA,NA,NA,NA,18.854764185092485,8.883219935668315,6.654622653562053,21.072971736279836,9.150106148647824,3.318068795317746,3.3273113267810266,3.3273113267810266,18.75700123830763,3.3273113267810266,3.3273113267810266
2025-06-15,KXACPI-2025,0,NA,NA,NA,NA,NA,NA,NA,NA,NA,NA,NA,NA,18.854764185092485,8.883219935668315,6.654622653562053,21.072971736279836,9.150106148647824,3.318068795317746,3.3273113267810266,3.3273113267810266,18.75700123830763,3.3273113267810266,3.3273113267810266
2025-06-16,KXACPI-2025,29,NA,NA,NA,NA,NA,NA,NA,NA,NA,NA,NA,NA,19.550119121856707,9.210828956708903,6.900042043008249,18.162179630447,9.487557809136343,3.4404376297777244,3.4500210215041247,3.4500210215041247,19.44875072304858,3.4500210215041247,3.4500210215041247
2025-06-17,KXACPI-2025,0,NA,NA,NA,NA,NA,NA,NA,NA,NA,NA,NA,NA,19.550119121856707,9.210828956708903,6.900042043008249,18.162179630447,9.487557809136343,3.4404376297777244,3.4500210215041247,3.4500210215041247,19.44875072304858,3.4500210215041247,3.4500210215041247
2025-06-18,KXACPI-2025,0,NA,NA,NA,NA,NA,NA,NA,NA,NA,NA,NA,NA,19.550119121856707,9.210828956708903,6.900042043008249,18.162179630447,9.487557809136343,3.4404376297777244,3.4500210215041247,3.4500210215041247,19.44875072304858,3.4500210215041247,3.4500210215041247
2025-06-19,KXACPI-2025,0,NA,NA,NA,NA,NA,NA,NA,NA,NA,NA,NA,NA,19.550119121856707,9.210828956708903,6.900042043008249,18.162179630447,9.487557809136343,3.4404376297777244,3.4500210215041247,3.4500210215041247,19.44875072304858,3.4500210215041247,3.4500210215041247
2025-06-20,KXACPI-2025,100,NA,NA,NA,NA,NA,NA,NA,NA,NA,NA,NA,NA,18.317657972361022,13.856769501444868,6.465055754950949,17.01721572280192,8.889451663057555,3.2235486333713763,4.310037169967299,3.2325278774754747,18.222679949618584,3.2325278774754747,3.2325278774754747
2025-06-21,KXACPI-2025,0,NA,NA,NA,NA,NA,NA,NA,NA,NA,NA,NA,NA,18.317657972361022,13.856769501444868,6.465055754950949,17.01721572280192,8.889451663057555,3.2235486333713763,4.310037169967299,3.2325278774754747,18.222679949618584,3.2325278774754747,3.2325278774754747
2025-06-22,KXACPI-2025,400,NA,NA,NA,NA,NA,NA,NA,NA,NA,NA,NA,NA,19.9971539271673,13.534915763335341,6.314890713842305,15.787226784605764,8.68297473153317,3.1486746753741497,4.209927142561537,4.209927142561537,17.79941840517659,3.1574453569211527,3.1574453569211527
2025-06-23,KXACPI-2025,0,NA,NA,NA,NA,NA,NA,NA,NA,NA,NA,NA,NA,19.9971539271673,13.534915763335341,6.314890713842305,15.787226784605764,8.68297473153317,3.1486746753741497,4.209927142561537,4.209927142561537,17.79941840517659,3.1574453569211527,3.1574453569211527
2025-06-24,KXACPI-2025,602,NA,NA,NA,NA,NA,NA,NA,NA,NA,NA,NA,NA,19.36013729315442,12.514433720130556,5.838771564602125,21.22693587504885,8.028310901327922,2.9112763773502266,3.892514376401417,3.9314395201654313,16.457408807216932,2.9193857823010627,2.9193857823010627
2025-06-25,KXACPI-2025,0,NA,NA,NA,NA,NA,NA,NA,NA,NA,NA,NA,NA,19.36013729315442,12.514433720130556,5.838771564602125,21.22693587504885,8.028310901327922,2.9112763773502266,3.892514376401417,3.9314395201654313,16.457408807216932,2.9193857823010627,2.9193857823010627
2025-06-26,KXACPI-2025,0,NA,NA,NA,NA,NA,NA,NA,NA,NA,NA,NA,NA,19.36013729315442,12.514433720130556,5.838771564602125,21.22693587504885,8.028310901327922,2.9112763773502266,3.892514376401417,3.9314395201654313,16.457408807216932,2.9193857823010627,2.9193857823010627
2025-06-27,KXACPI-2025,4,NA,NA,NA,NA,NA,NA,NA,NA,NA,NA,NA,NA,19.514543267428046,12.61424206868616,5.885338445732267,20.598684560062935,8.092340362881867,2.9344951416915057,3.9235589638215114,3.9627945534597266,16.588664190503714,2.9426692228661335,2.9426692228661335
2025-06-28,KXACPI-2025,0,NA,NA,NA,NA,NA,NA,NA,NA,NA,NA,NA,NA,19.514543267428046,12.61424206868616,5.885338445732267,20.598684560062935,8.092340362881867,2.9344951416915057,3.9235589638215114,3.9627945534597266,16.588664190503714,2.9426692228661335,2.9426692228661335
2025-06-29,KXACPI-2025,0,NA,NA,NA,NA,NA,NA,NA,NA,NA,NA,NA,NA,19.514543267428046,12.61424206868616,5.885338445732267,20.598684560062935,8.092340362881867,2.9344951416915057,3.9235589638215114,3.9627945534597266,16.588664190503714,2.9426692228661335,2.9426692228661335
2025-06-30,KXACPI-2025,726,NA,NA,NA,NA,NA,NA,NA,NA,NA,NA,NA,NA,20.523820030432926,7.715031077124249,6.222647562418493,21.779266468464726,8.556140398325429,3.1026812151503322,4.148431708278996,4.189916025361786,17.539417952024568,3.1113237812092467,3.1113237812092467
2025-07-01,KXACPI-2025,35,NA,NA,NA,NA,NA,NA,NA,NA,NA,NA,NA,NA,15.094266597645875,9.288779444705154,6.966584583528865,24.201624568821632,9.57905380235219,3.4736164798428653,4.644389722352577,4.690833619576103,15.094266597645875,3.4832922917644327,3.4832922917644327
2025-07-02,KXACPI-2025,0,NA,NA,NA,NA,NA,NA,NA,NA,NA,NA,NA,NA,15.094266597645875,9.288779444705154,6.966584583528865,24.201624568821632,9.57905380235219,3.4736164798428653,4.644389722352577,4.690833619576103,15.094266597645875,3.4832922917644327,3.4832922917644327
2025-07-03,KXACPI-2025,589,NA,NA,NA,NA,NA,NA,NA,NA,NA,NA,NA,NA,14.893547106504402,14.889106573675988,8.019602288117758,16.039204576235516,9.45167412528164,5.728287348655539,4.582629878924432,4.628456177713676,14.893547106504402,3.4369724091933236,3.4369724091933236
2025-07-04,KXACPI-2025,13,NA,NA,NA,NA,NA,NA,NA,NA,NA,NA,NA,NA,14.892885783022109,14.892885783022109,8.01924619085806,16.03849238171612,9.451254439225568,5.728032993470042,4.582426394776034,4.628250658723794,14.892885783022109,3.436819796082025,3.436819796082025
2025-07-05,KXACPI-2025,0,NA,NA,NA,NA,NA,NA,NA,NA,NA,NA,NA,NA,14.892885783022109,14.892885783022109,8.01924619085806,16.03849238171612,9.451254439225568,5.728032993470042,4.582426394776034,4.628250658723794,14.892885783022109,3.436819796082025,3.436819796082025
2025-07-06,KXACPI-2025,0,NA,NA,NA,NA,NA,NA,NA,NA,NA,NA,NA,NA,14.892885783022109,14.892885783022109,8.01924619085806,16.03849238171612,9.451254439225568,5.728032993470042,4.582426394776034,4.628250658723794,14.892885783022109,3.436819796082025,3.436819796082025
2025-07-07,KXACPI-2025,0,NA,NA,NA,NA,NA,NA,NA,NA,NA,NA,NA,NA,14.892885783022109,14.892885783022109,8.01924619085806,16.03849238171612,9.451254439225568,5.728032993470042,4.582426394776034,4.628250658723794,14.892885783022109,3.436819796082025,3.436819796082025
2025-07-08,KXACPI-2025,0,NA,NA,NA,NA,NA,NA,NA,NA,NA,NA,NA,NA,14.892885783022109,14.892885783022109,8.01924619085806,16.03849238171612,9.451254439225568,5.728032993470042,4.582426394776034,4.628250658723794,14.892885783022109,3.436819796082025,3.436819796082025
2025-07-09,KXACPI-2025,0,NA,NA,NA,NA,NA,NA,NA,NA,NA,NA,NA,NA,14.892885783022109,14.892885783022109,8.01924619085806,16.03849238171612,9.451254439225568,5.728032993470042,4.582426394776034,4.628250658723794,14.892885783022109,3.436819796082025,3.436819796082025
2025-07-10,KXACPI-2025,1475,NA,NA,NA,NA,NA,NA,NA,NA,NA,NA,NA,NA,13.500882750025962,17.65500051926472,7.269706096167829,19.732059403884097,8.567867899054937,5.192647211548447,4.154117769238757,4.195658946931145,13.500882750025962,3.115588326929068,3.115588326929068
2025-07-11,KXACPI-2025,17,NA,NA,NA,NA,NA,NA,NA,NA,NA,NA,NA,NA,18.04539842340203,16.145882799886028,6.648304682306014,20.894671858676038,7.835501947003514,4.748789058790008,3.7990312470320067,3.8370215595023267,12.346851552854021,2.849273435274005,2.849273435274005
2025-07-12,KXACPI-2025,0,NA,NA,NA,NA,NA,NA,NA,NA,NA,NA,NA,NA,18.04539842340203,16.145882799886028,6.648304682306014,20.894671858676038,7.835501947003514,4.748789058790008,3.7990312470320067,3.8370215595023267,12.346851552854021,2.849273435274005,2.849273435274005
2025-07-13,KXACPI-2025,215,NA,NA,NA,NA,NA,NA,NA,NA,NA,NA,NA,NA,18.04539842340203,16.145882799886028,6.648304682306014,20.894671858676038,7.835501947003514,4.748789058790008,3.7990312470320067,3.8370215595023267,12.346851552854021,2.849273435274005,2.849273435274005
2025-07-14,KXACPI-2025,0,NA,NA,NA,NA,NA,NA,NA,NA,NA,NA,NA,NA,18.04539842340203,16.145882799886028,6.648304682306014,20.894671858676038,7.835501947003514,4.748789058790008,3.7990312470320067,3.8370215595023267,12.346851552854021,2.849273435274005,2.849273435274005
2025-07-15,KXACPI-2025,804,NA,NA,NA,NA,NA,NA,NA,NA,NA,NA,NA,NA,17.926219454665535,16.039248985753375,6.604396641192568,20.75667515803378,8.444192848381922,4.717426172280404,3.773940937824323,3.8116803472025667,12.26530804792905,2.8304557033682425,2.8304557033682425
2025-07-16,KXACPI-2025,79,NA,NA,NA,NA,NA,NA,NA,NA,NA,NA,NA,NA,16.001600160016,14.001400140014004,7.000700070007002,22.002200220022,8.950895089508949,5.000500050005,4.000400040004,4.04040404040404,13.001300130013,3.000300030003,3.000300030003
2025-07-17,KXACPI-2025,0,NA,NA,NA,NA,NA,NA,NA,NA,NA,NA,NA,NA,16.001600160016,14.001400140014004,7.000700070007002,22.002200220022,8.950895089508949,5.000500050005,4.000400040004,4.04040404040404,13.001300130013,3.000300030003,3.000300030003
2025-07-18,KXACPI-2025,20,NA,NA,NA,NA,NA,NA,NA,NA,NA,NA,NA,NA,18.448393047868723,13.593552772113801,6.796776386056901,21.36129721332168,8.690164093601318,4.854840275754928,3.883872220603942,3.922710942809981,12.62258471696281,2.9129041654529564,2.9129041654529564
2025-07-19,KXACPI-2025,3,NA,NA,NA,NA,NA,NA,NA,NA,NA,NA,NA,NA,18.992403038784484,13.994402239104362,6.997201119552181,21.991203518592563,5.997600959616153,4.998000799680128,3.9984006397441023,4.038384646141543,12.994802079168332,2.9988004798080765,2.9988004798080765
2025-07-20,KXACPI-2025,215,NA,NA,NA,NA,NA,NA,NA,NA,NA,NA,NA,NA,18.992403038784484,13.994402239104362,6.997201119552181,21.991203518592563,5.997600959616153,4.998000799680128,3.9984006397441023,4.038384646141543,12.994802079168332,2.9988004798080765,2.9988004798080765
2025-07-21,KXACPI-2025,20,NA,NA,NA,NA,NA,NA,NA,NA,NA,NA,NA,NA,16.488046166529266,14.427040395713112,7.213520197856556,22.67106347897774,6.183017312448475,5.152514427040395,4.122011541632316,4.163231657048639,13.396537510305029,3.0915086562242373,3.0915086562242373
2025-07-22,KXACPI-2025,0,NA,NA,NA,NA,NA,NA,NA,NA,NA,NA,NA,NA,16.488046166529266,14.427040395713112,7.213520197856556,22.67106347897774,6.183017312448475,5.152514427040395,4.122011541632316,4.163231657048639,13.396537510305029,3.0915086562242373,3.0915086562242373
2025-07-23,KXACPI-2025,68,NA,NA,NA,NA,NA,NA,NA,NA,NA,NA,NA,NA,19.562755259635516,14.414661770257752,4.118474791502214,22.651611353262176,6.17771218725332,5.148093489377767,4.118474791502214,4.159659539417236,13.470844630538492,3.08885609362666,3.08885609362666
2025-07-24,KXACPI-2025,0,NA,NA,NA,NA,NA,NA,NA,NA,NA,NA,NA,NA,19.562755259635516,14.414661770257752,4.118474791502214,22.651611353262176,6.17771218725332,5.148093489377767,4.118474791502214,4.159659539417236,13.470844630538492,3.08885609362666,3.08885609362666
2025-07-25,KXACPI-2025,0,NA,NA,NA,NA,NA,NA,NA,NA,NA,NA,NA,NA,19.562755259635516,14.414661770257752,4.118474791502214,22.651611353262176,6.17771218725332,5.148093489377767,4.118474791502214,4.159659539417236,13.470844630538492,3.08885609362666,3.08885609362666
2025-07-26,KXACPI-2025,0,NA,NA,NA,NA,NA,NA,NA,NA,NA,NA,NA,NA,19.562755259635516,14.414661770257752,4.118474791502214,22.651611353262176,6.17771218725332,5.148093489377767,4.118474791502214,4.159659539417236,13.470844630538492,3.08885609362666,3.08885609362666
2025-07-27,KXACPI-2025,2,NA,NA,NA,NA,NA,NA,NA,NA,NA,NA,NA,NA,19.99158249158249,14.730639730639734,4.2087542087542085,23.148148148148145,6.313131313131313,5.26094276094276,4.2087542087542085,4.250841750841751,11.574074074074073,3.1565656565656566,3.1565656565656566
2025-07-28,KXACPI-2025,0,NA,NA,NA,NA,NA,NA,NA,NA,NA,NA,NA,NA,19.99158249158249,14.730639730639734,4.2087542087542085,23.148148148148145,6.313131313131313,5.26094276094276,4.2087542087542085,4.250841750841751,11.574074074074073,3.1565656565656566,3.1565656565656566
2025-07-29,KXACPI-2025,40,NA,NA,NA,NA,NA,NA,NA,NA,NA,NA,NA,NA,23.222940226171243,14.135702746365109,4.038772213247173,22.21324717285945,6.058158319870759,5.048465266558965,4.038772213247173,4.079159935379645,11.106623586429725,3.0290791599353795,3.0290791599353795
2025-07-30,KXACPI-2025,71,NA,NA,NA,NA,NA,NA,NA,NA,NA,NA,NA,NA,22.98756728755152,13.992432261987886,3.997837789139395,23.001644181175248,5.996756683709092,4.997297236424243,3.997837789139395,4.037816167030789,10.994053920133336,2.998378341854546,2.998378341854546
2025-07-31,KXACPI-2025,278,NA,NA,NA,NA,NA,NA,NA,NA,NA,NA,NA,NA,22.18729046215351,13.505307237832577,3.8586592108093063,23.752893994408108,5.787988816213959,4.823324013511633,3.8586592108093063,3.8972458029173995,12.540642435130245,2.8939944081069795,2.8939944081069795
2025-08-01,KXACPI-2025,0,NA,NA,NA,NA,NA,NA,NA,NA,NA,NA,NA,NA,22.18729046215351,13.505307237832577,3.8586592108093063,23.752893994408108,5.787988816213959,4.823324013511633,3.8586592108093063,3.8972458029173995,12.540642435130245,2.8939944081069795,2.8939944081069795
2025-08-02,KXACPI-2025,0,NA,NA,NA,NA,NA,NA,NA,NA,NA,NA,NA,NA,22.18729046215351,13.505307237832577,3.8586592108093063,23.752893994408108,5.787988816213959,4.823324013511633,3.8586592108093063,3.8972458029173995,12.540642435130245,2.8939944081069795,2.8939944081069795
2025-08-03,KXACPI-2025,0,NA,NA,NA,NA,NA,NA,NA,NA,NA,NA,NA,NA,22.18729046215351,13.505307237832577,3.8586592108093063,23.752893994408108,5.787988816213959,4.823324013511633,3.8586592108093063,3.8972458029173995,12.540642435130245,2.8939944081069795,2.8939944081069795
2025-08-04,KXACPI-2025,0,NA,NA,NA,NA,NA,NA,NA,NA,NA,NA,NA,NA,22.18729046215351,13.505307237832577,3.8586592108093063,23.752893994408108,5.787988816213959,4.823324013511633,3.8586592108093063,3.8972458029173995,12.540642435130245,2.8939944081069795,2.8939944081069795
2025-08-05,KXACPI-2025,36,NA,NA,NA,NA,NA,NA,NA,NA,NA,NA,NA,NA,21.896420411271894,13.328255902513332,3.8080731150038076,24.75247524752475,5.7121096725057114,4.7600913937547595,3.8080731150038076,3.846153846153846,12.376237623762375,2.8560548362528557,2.8560548362528557
2025-08-06,KXACPI-2025,698,NA,NA,NA,NA,NA,NA,NA,NA,NA,NA,NA,NA,22.763262074425967,13.85589865399842,3.95882818685669,21.773555027711797,5.938242280285035,4.948535233570863,3.95882818685669,3.998416468725257,12.866191607284243,2.9691211401425175,2.9691211401425175
2025-08-07,KXACPI-2025,2519,NA,NA,NA,NA,NA,NA,NA,NA,NA,NA,NA,NA,22.10688196847366,16.33986928104575,3.8446751249519413,21.14571318723568,5.767012687427912,4.805843906189927,3.8446751249519413,3.8831218762014608,12.49519415609381,2.883506343713956,2.883506343713956
2025-08-08,KXACPI-2025,103,NA,NA,NA,NA,NA,NA,NA,NA,NA,NA,NA,NA,22.10688196847366,16.33986928104575,3.8446751249519413,21.14571318723568,5.767012687427912,4.805843906189927,3.8446751249519413,3.8831218762014608,12.49519415609381,2.883506343713956,2.883506343713956
2025-08-09,KXACPI-2025,188,NA,NA,NA,NA,NA,NA,NA,NA,NA,NA,NA,NA,20.606504333860794,18.894216008124513,3.7788432016249023,20.783637608936964,5.668264802437354,4.723554002031128,3.7788432016249023,3.816631633641151,12.281240405280933,2.834132401218677,2.834132401218677
2025-08-10,KXACPI-2025,0,NA,NA,NA,NA,NA,NA,NA,NA,NA,NA,NA,NA,20.606504333860794,18.894216008124513,3.7788432016249023,20.783637608936964,5.668264802437354,4.723554002031128,3.7788432016249023,3.816631633641151,12.281240405280933,2.834132401218677,2.834132401218677
2025-08-11,KXACPI-2025,269,NA,NA,NA,NA,NA,NA,NA,NA,NA,NA,NA,NA,18.439440993788818,19.40993788819876,3.881987577639751,21.350931677018632,5.822981366459627,4.85248447204969,3.881987577639751,3.920807453416149,12.616459627329192,2.9114906832298133,2.9114906832298133
2025-08-12,KXACPI-2025,655,NA,NA,NA,NA,NA,NA,NA,NA,NA,NA,NA,NA,20.791722876593774,18.264964362362125,3.5382200325728514,23.756620218703432,5.307330048859277,4.422775040716064,3.5382200325728514,3.5736022328985797,11.499215105861767,2.6536650244296385,2.6536650244296385
2025-08-13,KXACPI-2025,1714,NA,NA,NA,NA,NA,NA,NA,NA,NA,NA,NA,NA,20.8021170657287,17.278342075235155,3.6126096541194332,23.951013394240906,5.41891448117915,4.515762067649291,3.6126096541194332,3.6487357506606273,11.740981375888158,2.709457240589575,2.709457240589575
2025-08-14,KXACPI-2025,77,NA,NA,NA,NA,NA,NA,NA,NA,NA,NA,NA,NA,21.896624347438323,17.039557015375543,3.5626837290073974,23.62001264531839,5.3440255935110965,4.4533546612592465,3.5626837290073974,3.5983105662974713,11.578722119274042,2.6720127967555483,2.6720127967555483
2025-08-15,KXACPI-2025,18,NA,NA,NA,NA,NA,NA,NA,NA,NA,NA,NA,NA,21.61161609064762,16.817768744983713,3.516311545652122,24.61418081956486,5.274467318478184,4.395389432065153,3.516311545652122,3.5514746611086436,11.428012523369398,2.637233659239092,2.637233659239092
2025-08-16,KXACPI-2025,0,NA,NA,NA,NA,NA,NA,NA,NA,NA,NA,NA,NA,21.61161609064762,16.817768744983713,3.516311545652122,24.61418081956486,5.274467318478184,4.395389432065153,3.516311545652122,3.5514746611086436,11.428012523369398,2.637233659239092,2.637233659239092
2025-08-17,KXACPI-2025,1,NA,NA,NA,NA,NA,NA,NA,NA,NA,NA,NA,NA,21.8286731672217,15.982324886301786,3.551627752511508,24.86139426758056,5.327441628767263,4.439534690639385,3.551627752511508,3.5871440300366233,11.542790195662402,2.6637208143836313,2.6637208143836313
2025-08-18,KXACPI-2025,283,NA,NA,NA,NA,NA,NA,NA,NA,NA,NA,NA,NA,21.544295070665285,17.23543605653223,3.447087211306446,24.129610479145125,5.170630816959669,4.308859014133057,3.447087211306446,3.48155808341951,12.064805239572562,2.5853154084798344,2.5853154084798344
2025-08-19,KXACPI-2025,255,NA,NA,NA,NA,NA,NA,NA,NA,NA,NA,NA,NA,21.59108699055471,15.850858425090017,3.522412983353337,24.656890883473366,5.283619475030005,4.403016229191671,3.522412983353337,3.5576371131868703,12.328445441736681,2.6418097375150027,2.6418097375150027
2025-08-20,KXACPI-2025,268,NA,NA,NA,NA,NA,NA,NA,NA,NA,NA,NA,NA,25.024214711281804,15.014528826769082,3.3365619615042403,24.059849756163484,5.004842942256361,4.170702451880301,3.3365619615042403,3.3699275811192826,11.677966865264843,2.5024214711281805,2.5024214711281805
2025-08-21,KXACPI-2025,1071,NA,NA,NA,NA,NA,NA,NA,NA,NA,NA,NA,NA,24.87287968957903,14.923727813747417,3.3163839586105373,24.51910110202417,4.974575937915806,4.145479948263172,3.3163839586105373,3.349547798196643,11.607343855136882,2.487287968957903,2.487287968957903
2025-08-22,KXACPI-2025,138,NA,NA,NA,NA,NA,NA,NA,NA,NA,NA,NA,NA,24.361559139784944,15.120967741935486,3.360215053763441,25.201612903225808,5.040322580645162,4.200268817204301,3.360215053763441,3.3938172043010755,10.920698924731184,2.520161290322581,2.520161290322581
2025-08-23,KXACPI-2025,1653,NA,NA,NA,NA,NA,NA,NA,NA,NA,NA,NA,NA,24.991669443518827,14.995001666111296,3.3322225924691766,24.991669443518827,4.998333888703765,4.165278240586471,3.3322225924691766,3.3655448183938685,10.829723425524824,2.4991669443518827,2.4991669443518827
2025-08-24,KXACPI-2025,200,NA,NA,NA,NA,NA,NA,NA,NA,NA,NA,NA,NA,24.361559139784944,15.120967741935486,3.360215053763441,25.201612903225808,5.040322580645162,4.200268817204301,3.360215053763441,3.3938172043010755,10.920698924731184,2.520161290322581,2.520161290322581
2025-08-25,KXACPI-2025,583,NA,NA,NA,NA,NA,NA,NA,NA,NA,NA,NA,NA,24.991669443518827,13.328890369876707,3.3322225924691766,26.657780739753413,4.998333888703765,4.165278240586471,3.3322225924691766,3.3655448183938685,10.829723425524824,2.4991669443518827,2.4991669443518827
2025-08-26,KXACPI-2025,11,NA,NA,NA,NA,NA,NA,NA,NA,NA,NA,NA,NA,24.78519497686715,13.218770654329147,3.3046926635822866,27.263714474553865,4.95703899537343,4.130865829477858,3.3046926635822866,3.3377395902181095,10.740251156642431,2.478519497686715,2.478519497686715
2025-08-27,KXACPI-2025,0,NA,NA,NA,NA,NA,NA,NA,NA,NA,NA,NA,NA,24.78519497686715,13.218770654329147,3.3046926635822866,27.263714474553865,4.95703899537343,4.130865829477858,3.3046926635822866,3.3377395902181095,10.740251156642431,2.478519497686715,2.478519497686715
2025-08-28,KXACPI-2025,0,NA,NA,NA,NA,NA,NA,NA,NA,NA,NA,NA,NA,24.78519497686715,13.218770654329147,3.3046926635822866,27.263714474553865,4.95703899537343,4.130865829477858,3.3046926635822866,3.3377395902181095,10.740251156642431,2.478519497686715,2.478519497686715
2025-08-29,KXACPI-2025,25,NA,NA,NA,NA,NA,NA,NA,NA,NA,NA,NA,NA,27.76896223421136,12.69438273563948,3.17359568390987,26.182164392256425,4.760393525864805,3.9669946048873372,3.17359568390987,3.2053316407489683,10.314185972707076,2.3801967629324023,2.3801967629324023
2025-08-30,KXACPI-2025,3183,NA,NA,NA,NA,NA,NA,NA,NA,NA,NA,NA,NA,27.64830454734286,10.752118435077778,3.6864406063123814,22.855086245236237,5.529660909468572,4.608050757890477,3.6864406063123814,3.7233050123755054,11.98093197051524,2.764830454734286,2.764830454734286
2025-08-31,KXACPI-2025,264,NA,NA,NA,NA,NA,NA,NA,NA,NA,NA,NA,NA,31.53006950305146,10.175252941051811,3.4886581512177646,21.628880386598023,5.232987226826647,4.360822689022205,3.4886581512177646,3.523544732729942,11.338138991457734,2.6164936134133234,2.6164936134133234
2025-09-01,KXACPI-2025,205,NA,NA,NA,NA,NA,NA,NA,NA,NA,NA,NA,NA,32.033037528348935,10.100507328758672,3.4630310841458307,21.469998448519714,5.194546626218746,4.328788855182289,3.4630310841458307,3.497661394987289,11.25485102347395,2.597273313109373,2.597273313109373
2025-09-02,KXACPI-2025,2,NA,NA,NA,NA,NA,NA,NA,NA,NA,NA,NA,NA,32.50201878395868,8.784329401069915,3.513731760427966,21.784331012873473,5.270597640641949,4.392164700534957,3.513731760427966,3.548869078032246,11.419628221390889,2.6352988203209744,2.6352988203209744
2025-09-03,KXACPI-2025,138,NA,NA,NA,NA,NA,NA,NA,NA,NA,NA,NA,NA,32.39340854942758,8.7755181010608,3.5102072404243208,21.938795252652003,5.265310860636481,4.3877590505304,3.5102072404243208,3.545309312828564,11.408173531379042,2.6326554303182403,2.6326554303182403
2025-09-04,KXACPI-2025,393,NA,NA,NA,NA,NA,NA,NA,NA,NA,NA,NA,NA,32.444756225885655,8.768853034023149,3.50754121360926,21.922132585057874,5.26131182041389,4.384426517011574,3.50754121360926,3.542616625745352,11.399508944230094,2.630655910206945,2.630655910206945
2025-09-05,KXACPI-2025,662,NA,NA,NA,NA,NA,NA,NA,NA,NA,NA,NA,NA,31.081989247311828,8.400537634408602,3.3602150537634405,21.001344086021504,5.040322580645161,4.200268817204301,3.3602150537634405,3.393817204301075,15.120967741935482,2.5201612903225805,2.5201612903225805
2025-09-06,KXACPI-2025,4860,NA,NA,NA,NA,NA,NA,NA,NA,NA,NA,NA,NA,32.021992230975705,8.285959016214564,3.314383606485826,20.714897540536413,4.971575409728739,4.142979508107282,3.314383606485826,3.347527442550684,14.914726229186217,2.4857877048643693,2.4857877048643693
2025-09-07,KXACPI-2025,57,NA,NA,NA,NA,NA,NA,NA,NA,NA,NA,NA,NA,39.247630331753555,7.4052132701421804,2.962085308056872,18.513033175355453,4.443127962085308,3.7026066350710902,2.962085308056872,2.991706161137441,13.329383886255926,2.221563981042654,2.221563981042654
2025-09-08,KXACPI-2025,1554,NA,NA,NA,NA,NA,NA,NA,NA,NA,NA,NA,NA,44.55885569950483,1.7028862050766176,0.8514431025383088,18.74394658109406,3.4909167204070655,0.8514431025383088,3.405772410153235,0.8514431025383088,20.434634460919412,2.5543293076149265,2.5543293076149265
2025-09-09,KXACPI-2025,589,NA,NA,NA,NA,NA,NA,NA,NA,NA,NA,NA,NA,44.16714058671603,1.7149178157207385,0.8574589078603693,18.876380484502054,3.5155815222275133,0.8574589078603693,3.429835631441477,0.8574589078603693,20.57901378864886,2.5723767235811077,2.5723767235811077
2025-09-10,KXACPI-2025,5145,NA,NA,NA,NA,NA,NA,NA,NA,NA,NA,NA,NA,39.84299578619052,1.799464100695328,0.899732050347664,22.5355863158881,3.598928201390656,0.899732050347664,3.598928201390656,0.899732050347664,20.526508941315765,2.699196151042992,2.699196151042992
2025-09-11,KXACPI-2025,1311,NA,NA,NA,NA,NA,NA,NA,NA,NA,NA,NA,NA,42.51336465310589,1.6130290485995689,0.8065145242997844,15.078893663888708,3.2260580971991377,0.8065145242997844,3.2260580971991377,0.8065145242997844,27.0839657213095,2.4195435728993533,2.4195435728993533
2025-09-12,KXACPI-2025,256,NA,NA,NA,NA,NA,NA,NA,NA,NA,NA,NA,NA,43.553255713669685,1.6143291693097643,0.8071645846548822,3.4136335559362725,6.457316677239057,0.8071645846548822,3.2286583386195287,0.8071645846548822,34.468325283331744,2.4214937539646466,2.4214937539646466
2025-09-13,KXACPI-2025,0,NA,NA,NA,NA,NA,NA,NA,NA,NA,NA,NA,NA,43.553255713669685,1.6143291693097643,0.8071645846548822,3.4136335559362725,6.457316677239057,0.8071645846548822,3.2286583386195287,0.8071645846548822,34.468325283331744,2.4214937539646466,2.4214937539646466
2025-09-14,KXACPI-2025,28,NA,NA,NA,NA,NA,NA,NA,NA,NA,NA,NA,NA,41.61483173665842,1.5424802496985357,0.7712401248492678,7.712401248492678,6.169920998794143,0.7712401248492678,3.0849604993970714,0.7712401248492678,32.93424414331576,2.3137203745478034,2.3137203745478034
2025-09-15,KXACPI-2025,302,NA,NA,NA,NA,NA,NA,NA,NA,NA,NA,NA,NA,40.37230985298127,4.063835281451713,0.7923200863207742,15.466088084981513,6.338560690566194,0.7923200863207742,3.169280345283097,0.7923200863207742,23.459044967849255,2.3769602589623227,2.3769602589623227
2025-09-16,KXACPI-2025,232,NA,NA,NA,NA,NA,NA,NA,NA,NA,NA,NA,NA,43.42317191023301,2.7166326640180394,0.8160635670568024,21.21765274347686,3.2642542682272095,0.8160635670568024,3.2642542682272095,0.8160635670568024,18.769462042306454,2.448190701170407,2.448190701170407
2025-09-17,KXACPI-2025,906,NA,NA,NA,NA,NA,NA,NA,NA,NA,NA,NA,NA,43.4197366910957,3.2331579033659597,0.8082894758414899,21.01552637187874,3.2331579033659597,0.8082894758414899,3.2331579033659597,0.8082894758414899,18.59065794435427,2.4248684275244696,2.4248684275244696
2025-09-18,KXACPI-2025,194,NA,NA,NA,NA,NA,NA,NA,NA,NA,NA,NA,NA,43.685710146327324,3.2645965132563863,0.8161491283140966,21.219877336166512,3.2645965132563863,0.8161491283140966,3.2645965132563863,0.8161491283140966,17.955280822910126,2.44844738494229,2.44844738494229
2025-09-19,KXACPI-2025,197,NA,NA,NA,NA,NA,NA,NA,NA,NA,NA,NA,NA,44.410623987431876,1.6593843585841228,0.8296921792920614,21.571996661593598,3.3187687171682456,0.8296921792920614,3.3187687171682456,0.8296921792920614,18.25322794442535,2.4890765378761843,2.4890765378761843
2025-09-20,KXACPI-2025,1201,NA,NA,NA,NA,NA,NA,NA,NA,NA,NA,NA,NA,44.63686151475121,1.6526309995596653,0.8263154997798327,21.48420299427565,3.3052619991193306,0.8263154997798327,3.3052619991193306,0.8263154997798327,18.178940995156317,2.478946499339498,2.478946499339498
2025-09-21,KXACPI-2025,0,NA,NA,NA,NA,NA,NA,NA,NA,NA,NA,NA,NA,44.63686151475121,1.6526309995596653,0.8263154997798327,21.48420299427565,3.3052619991193306,0.8263154997798327,3.3052619991193306,0.8263154997798327,18.178940995156317,2.478946499339498,2.478946499339498
2025-09-22,KXACPI-2025,17,NA,NA,NA,NA,NA,NA,NA,NA,NA,NA,NA,NA,44.067796610169495,1.694915254237288,0.847457627118644,21.1864406779661,3.389830508474576,0.847457627118644,3.389830508474576,0.847457627118644,18.64406779661017,2.542372881355932,2.542372881355932
2025-09-23,KXACPI-2025,1575,NA,NA,NA,NA,NA,NA,NA,NA,NA,NA,NA,NA,45.478532939336006,1.6540935164262123,0.8270467582131061,22.26664349035286,1.6540935164262123,0.8270467582131061,3.3081870328524245,0.8270467582131061,18.195028680688335,2.4811402746393183,2.4811402746393183
2025-09-24,KXACPI-2025,208,NA,NA,NA,NA,NA,NA,NA,NA,NA,NA,NA,NA,42.6307985596272,3.101037915695827,2.32577843677187,23.257784367718703,2.32577843677187,0.7752594789239567,3.101037915695827,0.7752594789239567,17.055708536327046,2.32577843677187,2.32577843677187
2025-09-25,KXACPI-2025,0,NA,NA,NA,NA,NA,NA,NA,NA,NA,NA,NA,NA,42.6307985596272,3.101037915695827,2.32577843677187,23.257784367718703,2.32577843677187,0.7752594789239567,3.101037915695827,0.7752594789239567,17.055708536327046,2.32577843677187,2.32577843677187
2025-09-26,KXACPI-2025,0,NA,NA,NA,NA,NA,NA,NA,NA,NA,NA,NA,NA,42.6307985596272,3.101037915695827,2.32577843677187,23.257784367718703,2.32577843677187,0.7752594789239567,3.101037915695827,0.7752594789239567,17.055708536327046,2.32577843677187,2.32577843677187
2025-09-27,KXACPI-2025,0,NA,NA,NA,NA,NA,NA,NA,NA,NA,NA,NA,NA,42.6307985596272,3.101037915695827,2.32577843677187,23.257784367718703,2.32577843677187,0.7752594789239567,3.101037915695827,0.7752594789239567,17.055708536327046,2.32577843677187,2.32577843677187
2025-09-28,KXACPI-2025,0,NA,NA,NA,NA,NA,NA,NA,NA,NA,NA,NA,NA,42.6307985596272,3.101037915695827,2.32577843677187,23.257784367718703,2.32577843677187,0.7752594789239567,3.101037915695827,0.7752594789239567,17.055708536327046,2.32577843677187,2.32577843677187
2025-09-29,KXACPI-2025,450,NA,NA,NA,NA,NA,NA,NA,NA,NA,NA,NA,NA,43.33928217775117,3.201661719251502,2.4012462894386264,21.442438910482302,2.4012462894386264,0.8004154298128755,3.201661719251502,0.8004154298128755,17.60913945588326,2.4012462894386264,2.4012462894386264
2025-09-30,KXACPI-2025,181,NA,NA,NA,NA,NA,NA,NA,NA,NA,NA,NA,NA,46.16584763765325,1.62850401051916,2.44275601577874,25.212731734287708,2.417310640614378,0.81425200525958,3.25700802103832,0.81425200525958,12.361825898031805,2.44275601577874,2.44275601577874
2025-10-01,KXACPI-2025,77,NA,NA,NA,NA,NA,NA,NA,NA,NA,NA,NA,NA,48.8830360349575,1.685621932239914,2.528432898359871,21.4916796360589,2.5020950556686223,0.842810966119957,3.371243864479828,0.842810966119957,12.79540284927571,2.528432898359871,2.528432898359871
2025-10-02,KXACPI-2025,202,NA,NA,NA,NA,NA,NA,NA,NA,NA,NA,NA,NA,47.76591075023037,1.7296847903983141,2.594527185597471,21.834387670794715,2.5675008607474976,0.8648423951991571,3.4593695807966283,0.8648423951991571,13.129879999841748,2.594527185597471,2.594527185597471
2025-10-03,KXACPI-2025,0,NA,NA,NA,NA,NA,NA,NA,NA,NA,NA,NA,NA,47.76591075023037,1.7296847903983141,2.594527185597471,21.834387670794715,2.5675008607474976,0.8648423951991571,3.4593695807966283,0.8648423951991571,13.129879999841748,2.594527185597471,2.594527185597471
2025-10-04,KXACPI-2025,72,NA,NA,NA,NA,NA,NA,NA,NA,NA,NA,NA,NA,47.0968188424185,1.624028235945466,2.436042353918199,24.36042353918199,2.410666912731551,0.812014117972733,3.248056471890932,0.812014117972733,12.327850700131492,2.436042353918199,2.436042353918199
2025-10-05,KXACPI-2025,90,NA,NA,NA,NA,NA,NA,NA,NA,NA,NA,NA,NA,47.168290516537,1.6147527790771585,2.422129168615738,24.45197065459697,2.3968986564426573,0.8073763895385793,3.229505558154317,0.8073763895385793,12.257441550267522,2.422129168615738,2.422129168615738
2025-10-06,KXACPI-2025,1,NA,NA,NA,NA,NA,NA,NA,NA,NA,NA,NA,NA,45.2123918162635,1.6745330302319814,2.511799545347972,25.357214457798573,2.4856349667505975,0.8372665151159907,3.349066060463963,0.8372665151159907,12.711228002215496,2.511799545347972,2.511799545347972
2025-10-07,KXACPI-2025,61,NA,NA,NA,NA,NA,NA,NA,NA,NA,NA,NA,NA,46.014668928596734,1.5598192857151434,2.339728928572715,23.620120612257885,2.315356752233416,0.7799096428575717,3.1196385714302868,0.7799096428575717,14.791389778333256,2.339728928572715,2.339728928572715
2025-10-08,KXACPI-2025,31,NA,NA,NA,NA,NA,NA,NA,NA,NA,NA,NA,NA,47.979669631512074,1.6264294790343075,2.4396442185514613,22.77001270648031,2.4142312579415504,0.8132147395171537,3.252858958068615,0.8132147395171537,13.01143583227446,2.4396442185514613,2.4396442185514613
2025-10-09,KXACPI-2025,0,NA,NA,NA,NA,NA,NA,NA,NA,NA,NA,NA,NA,47.979669631512074,1.6264294790343075,2.4396442185514613,22.77001270648031,2.4142312579415504,0.8132147395171537,3.252858958068615,0.8132147395171537,13.01143583227446,2.4396442185514613,2.4396442185514613
2025-10-10,KXACPI-2025,0,NA,NA,NA,NA,NA,NA,NA,NA,NA,NA,NA,NA,47.979669631512074,1.6264294790343075,2.4396442185514613,22.77001270648031,2.4142312579415504,0.8132147395171537,3.252858958068615,0.8132147395171537,13.01143583227446,2.4396442185514613,2.4396442185514613
2025-10-11,KXACPI-2025,354,NA,NA,NA,NA,NA,NA,NA,NA,NA,NA,NA,NA,47.209349903714696,3.2006338917772674,2.4004754188329507,22.409633076680773,2.3754704665534407,0.8001584729443169,3.2006338917772674,0.8001584729443169,12.80253556710907,2.4004754188329507,2.4004754188329507
2025-10-12,KXACPI-2025,9,NA,NA,NA,NA,NA,NA,NA,NA,NA,NA,NA,NA,45.61140285071267,3.2008002000500126,2.4006001500375094,24.006001500375096,2.3755938984746185,0.8002000500125032,3.2008002000500126,0.8002000500125032,12.80320080020005,2.4006001500375094,2.4006001500375094
2025-10-13,KXACPI-2025,29,NA,NA,NA,NA,NA,NA,NA,NA,NA,NA,NA,NA,47.51237301380567,3.334201615003907,2.5006512112529307,20.83876009377442,2.474602761135712,0.8335504037509768,3.334201615003907,0.8335504037509768,13.336806460015628,2.5006512112529307,2.5006512112529307
2025-10-14,KXACPI-2025,83,NA,NA,NA,NA,NA,NA,NA,NA,NA,NA,NA,NA,45.2583653282796,3.4773842372110226,2.608038177908267,21.73365148256889,2.5808711135550557,0.8693460593027557,3.4773842372110226,0.8693460593027557,13.90953694884409,2.608038177908267,2.608038177908267
2025-10-15,KXACPI-2025,176,NA,NA,NA,NA,NA,NA,NA,NA,NA,NA,NA,NA,46.537543114884585,3.3961262934465375,2.5470947200849032,21.225789334040858,2.520562483417352,0.8490315733616344,3.3961262934465375,0.8490315733616344,13.58450517378615,2.5470947200849032,2.5470947200849032
2025-10-16,KXACPI-2025,25,NA,NA,NA,NA,NA,NA,NA,NA,NA,NA,NA,NA,46.6225165562914,3.390728476821192,2.543046357615894,21.192052980132452,2.5165562913907285,0.847682119205298,3.390728476821192,0.847682119205298,13.562913907284768,2.543046357615894,2.543046357615894
2025-10-17,KXACPI-2025,235,NA,NA,NA,NA,NA,NA,NA,NA,NA,NA,NA,NA,42.85573321106308,3.3586128766638774,2.518959657497908,25.26368362372902,2.4927204943989714,0.8396532191659694,3.3586128766638774,0.8396532191659694,13.43445150665551,2.518959657497908,2.518959657497908
2025-10-18,KXACPI-2025,48,NA,NA,NA,NA,NA,NA,NA,NA,NA,NA,NA,NA,43.8626752800807,3.4375271396027762,2.578145354702082,23.507672574471073,2.5512896739239355,0.8593817849006941,3.4375271396027762,0.8593817849006941,13.750108558411105,2.578145354702082,2.578145354702082
2025-10-19,KXACPI-2025,0,NA,NA,NA,NA,NA,NA,NA,NA,NA,NA,NA,NA,43.8626752800807,3.4375271396027762,2.578145354702082,23.507672574471073,2.5512896739239355,0.8593817849006941,3.4375271396027762,0.8593817849006941,13.750108558411105,2.578145354702082,2.578145354702082
2025-10-20,KXACPI-2025,0,NA,NA,NA,NA,NA,NA,NA,NA,NA,NA,NA,NA,43.8626752800807,3.4375271396027762,2.578145354702082,23.507672574471073,2.5512896739239355,0.8593817849006941,3.4375271396027762,0.8593817849006941,13.750108558411105,2.578145354702082,2.578145354702082
2025-10-21,KXACPI-2025,1154,NA,NA,NA,NA,NA,NA,NA,NA,NA,NA,NA,NA,48.6283032492518,3.525930604092892,2.472435970418247,22.064247075943694,2.4466814290597236,0.8241453234727489,3.2965812938909957,0.8241453234727489,12.620948436506161,0.8241453234727489,2.472435970418247
2025-10-22,KXACPI-2025,24,NA,NA,NA,NA,NA,NA,NA,NA,NA,NA,NA,NA,53.79563961124245,3.362227475702653,2.52167060677699,21.854478592067245,2.495403204623063,0.8405568689256633,3.362227475702653,0.8405568689256633,7.5650118203309695,0.8405568689256633,2.52167060677699
2025-10-23,KXACPI-2025,32,NA,NA,NA,NA,NA,NA,NA,NA,NA,NA,NA,NA,53.347225840062514,4.167752018754884,2.5006512112529307,21.672310497525398,2.474602761135712,0.8335504037509768,3.334201615003907,0.8335504037509768,7.5019536337587915,0.8335504037509768,2.5006512112529307
2025-10-24,KXACPI-2025,937,NA,NA,NA,NA,NA,NA,NA,NA,NA,NA,NA,NA,47.934185287240886,4.3278791010930036,2.5967274606558024,27.738962855655597,2.5696782162739713,0.8655758202186008,3.462303280874403,0.8655758202186008,6.176808876894725,0.8655758202186008,2.5967274606558024
2025-10-25,KXACPI-2025,165,NA,NA,NA,NA,NA,NA,NA,NA,NA,NA,NA,NA,50.777477047179325,4.245608448760813,2.5473650692564878,28.87013745157353,2.520830016451733,0.8491216897521626,3.3964867590086505,0.8491216897521626,2.5473650692564878,0.8491216897521626,2.5473650692564878
2025-10-26,KXACPI-2025,662,NA,NA,NA,NA,NA,NA,NA,NA,NA,NA,NA,NA,51.01004438320707,4.148691225251591,2.489214735150955,29.93190530079344,2.4632854149931322,0.8297382450503182,3.318952980201273,0.8297382450503182,1.6594764901006365,0.8297382450503182,2.489214735150955
2025-10-27,KXACPI-2025,322,NA,NA,NA,NA,NA,NA,NA,NA,NA,NA,NA,NA,52.556291390728475,4.23841059602649,2.543046357615894,27.973509933774835,2.5165562913907285,0.847682119205298,3.390728476821192,0.847682119205298,1.695364238410596,0.847682119205298,2.543046357615894
2025-10-28,KXACPI-2025,89,NA,NA,NA,NA,NA,NA,NA,NA,NA,NA,NA,NA,53.681122410202626,4.329122775016341,2.5974736650098045,26.43196984206606,2.5704166476659522,0.8658245550032682,3.4632982200130726,0.8658245550032682,1.7316491100065363,0.8658245550032682,2.5974736650098045
2025-10-29,KXACPI-2025,86,NA,NA,NA,NA,NA,NA,NA,NA,NA,NA,NA,NA,53.12424223712743,4.3811707253480625,2.628702435208837,26.74975474330491,2.601320118175412,0.8762341450696124,3.5049365802784496,0.8762341450696124,1.7524682901392248,0.8762341450696124,2.628702435208837
2025-10-30,KXACPI-2025,334,NA,NA,NA,NA,NA,NA,NA,NA,NA,NA,NA,NA,53.55177109600319,2.733923957562044,2.733923957562044,27.339239575620443,2.7054455830041064,0.9113079858540147,3.645231943416059,0.9113079858540147,1.8226159717080295,0.9113079858540147,2.733923957562044
2025-10-31,KXACPI-2025,99,NA,NA,NA,NA,NA,NA,NA,NA,NA,NA,NA,NA,52.11452587339112,3.362227475702653,2.52167060677699,28.57893354347255,2.495403204623063,0.8405568689256633,3.362227475702653,0.8405568689256633,2.52167060677699,0.8405568689256633,2.52167060677699
2025-11-01,KXACPI-2025,185,NA,NA,NA,NA,NA,NA,NA,NA,NA,NA,NA,NA,53.70525528815787,3.464855179881153,2.5986413849108647,26.39889660861831,2.5715722038180435,0.8662137949702883,3.464855179881153,0.8662137949702883,2.5986413849108647,0.8662137949702883,2.5986413849108647
2025-11-02,KXACPI-2025,365,NA,NA,NA,NA,NA,NA,NA,NA,NA,NA,NA,NA,52.6666146736136,3.574438537921804,2.6808289034413533,27.701898668893982,2.652903602363839,0.893609634480451,3.574438537921804,0.893609634480451,1.787219268960902,0.893609634480451,2.6808289034413533
2025-11-03,KXACPI-2025,367,NA,NA,NA,NA,NA,NA,NA,NA,NA,NA,NA,NA,54.05963392406397,3.402039347549073,2.6060493720007325,26.929176844007568,2.5789030243757245,0.8686831240002441,3.4747324960009762,0.8686831240002441,1.7373662480004881,0.8686831240002441,2.6060493720007325
2025-11-04,KXACPI-2025,0,NA,NA,NA,NA,NA,NA,NA,NA,NA,NA,NA,NA,54.05963392406397,3.402039347549073,2.6060493720007325,26.929176844007568,2.5789030243757245,0.8686831240002441,3.4747324960009762,0.8686831240002441,1.7373662480004881,0.8686831240002441,2.6060493720007325
2025-11-05,KXACPI-2025,0,NA,NA,NA,NA,NA,NA,NA,NA,NA,NA,NA,NA,54.05963392406397,3.402039347549073,2.6060493720007325,26.929176844007568,2.5789030243757245,0.8686831240002441,3.4747324960009762,0.8686831240002441,1.7373662480004881,0.8686831240002441,2.6060493720007325
2025-11-06,KXACPI-2025,2307,NA,NA,NA,NA,NA,NA,NA,NA,NA,NA,NA,NA,54.07319796410039,3.4841017699807058,2.668911291748041,27.346670771969055,2.6411101324589987,0.8896370972493469,3.5585483889973877,0.8896370972493469,0.8896370972493469,0.8896370972493469,2.668911291748041
2025-11-07,KXACPI-2025,10936,NA,NA,NA,NA,NA,NA,NA,NA,NA,NA,NA,NA,49.867518666465116,2.4669080655367677,2.4669080655367677,32.06751914528126,2.44121110652076,0.822302688512256,3.289210754049024,0.822302688512256,2.4669080655367677,0.822302688512256,2.4669080655367677
2025-11-08,KXACPI-2025,286,NA,NA,NA,NA,NA,NA,NA,NA,NA,NA,NA,NA,46.41160290072517,2.4006001500375094,2.4006001500375094,36.00900225056264,2.3755938984746185,0.8002000500125032,3.2008002000500126,0.8002000500125032,2.4006001500375094,0.8002000500125032,2.4006001500375094
2025-11-09,KXACPI-2025,79,NA,NA,NA,NA,NA,NA,NA,NA,NA,NA,NA,NA,46.08484383692532,2.38369881915131,2.38369881915131,36.45952835199789,2.358868623118484,0.7945662730504368,3.1782650922017472,0.7945662730504368,2.38369881915131,0.7945662730504368,2.38369881915131
2025-11-10,KXACPI-2025,267,NA,NA,NA,NA,NA,NA,NA,NA,NA,NA,NA,NA,43.684613421791276,2.449604490941567,2.449604490941567,38.377137024751214,2.424087777494259,0.8165348303138555,3.266139321255422,0.8165348303138555,2.449604490941567,0.8165348303138555,2.449604490941567
2025-11-11,KXACPI-2025,88,NA,NA,NA,NA,NA,NA,NA,NA,NA,NA,NA,NA,44.9271523178808,2.543046357615894,2.543046357615894,36.450331125827816,2.5165562913907285,0.847682119205298,3.390728476821192,0.847682119205298,2.543046357615894,0.847682119205298,2.543046357615894
2025-11-12,KXACPI-2025,17,NA,NA,NA,NA,NA,NA,NA,NA,NA,NA,NA,NA,44.9271523178808,2.543046357615894,2.543046357615894,36.450331125827816,2.5165562913907285,0.847682119205298,3.390728476821192,0.847682119205298,2.543046357615894,0.847682119205298,2.543046357615894
2025-11-13,KXACPI-2025,483,NA,NA,NA,NA,NA,NA,NA,NA,NA,NA,NA,NA,44.69360609793807,2.5538305986522105,2.5538305986522105,36.60490524734835,2.5272281965829166,0.8512768662174035,3.405107464869614,0.8512768662174035,2.5538305986522105,0.8512768662174035,2.5538305986522105
2025-11-14,KXACPI-2025,221,NA,NA,NA,NA,NA,NA,NA,NA,NA,NA,NA,NA,44.607668867445405,2.559674961909599,2.559674961909599,36.68867445403758,2.533011681056374,0.8532249873031996,3.4128999492127985,0.8532249873031996,2.5190452006094466,0.8532249873031996,2.559674961909599
2025-11-15,KXACPI-2025,279,NA,NA,NA,NA,NA,NA,NA,NA,NA,NA,NA,NA,43.36183255363768,1.6677627905245263,2.5016441857867897,39.19242557732637,2.475585392184844,0.8338813952622631,3.3355255810490525,0.8338813952622631,2.461935547917158,0.8338813952622631,2.5016441857867897
2025-11-16,KXACPI-2025,3028,NA,NA,NA,NA,NA,NA,NA,NA,NA,NA,NA,NA,48.325382206439635,1.6663924898772293,2.499588734815844,35.26396561697112,2.4735513521615125,0.8331962449386147,3.3327849797544586,0.8331962449386147,2.2723533952871304,0.8331962449386147,1.6663924898772293
2025-11-17,KXACPI-2025,173,NA,NA,NA,NA,NA,NA,NA,NA,NA,NA,NA,NA,46.995518667920116,1.6205351264800045,2.430802689720007,36.4620403458001,2.4054818283687567,0.8102675632400023,3.241070252960009,0.8102675632400023,2.2098206270181877,0.8102675632400023,2.203927772012806
2025-11-18,KXACPI-2025,213,NA,NA,NA,NA,NA,NA,NA,NA,NA,NA,NA,NA,44.73264063475906,1.7204861782599639,2.580729267389946,37.70461690658393,2.5538466708546337,0.8602430891299819,3.4409723565199277,0.8602430891299819,2.3461175158090413,0.8602430891299819,2.339861202433551
2025-11-19,KXACPI-2025,116,NA,NA,NA,NA,NA,NA,NA,NA,NA,NA,NA,NA,47.97075860381384,1.5990252867937946,2.3985379301906917,36.00229660872089,2.3735531600845388,0.7995126433968973,3.1980505735875893,0.7995126433968973,1.8845655165784008,0.7995126433968973,2.1746743900395606
2025-11-20,KXACPI-2025,106,NA,NA,NA,NA,NA,NA,NA,NA,NA,NA,NA,NA,45.761636039518905,1.6669187010958777,2.5003780516438163,37.53092711861324,2.474332446939193,0.8334593505479388,3.3338374021917554,0.8334593505479388,1.9645827548629986,0.8334593505479388,2.2670094334903936
2025-11-21,KXACPI-2025,35,NA,NA,NA,NA,NA,NA,NA,NA,NA,NA,NA,NA,49.161834614321016,1.6387278204773672,2.458091730716051,34.413284230024715,2.432486608521092,0.8193639102386836,3.2774556409547344,0.8193639102386836,1.9313577884197544,0.8193639102386836,2.2286698358492196
2025-11-22,KXACPI-2025,109,NA,NA,NA,NA,NA,NA,NA,NA,NA,NA,NA,NA,49.8665592467268,1.6160115825459258,2.424017373818889,33.936243233464445,2.3987671928416088,0.8080057912729629,3.2320231650918516,0.8080057912729629,1.904585079429127,0.8080057912729629,2.197775752262459
2025-11-23,KXACPI-2025,169,NA,NA,NA,NA,NA,NA,NA,NA,NA,NA,NA,NA,47.62352351411473,1.6710008250566575,2.506501237584986,35.09101732618981,2.4803918496934756,0.8355004125283287,3.342001650113315,0.8355004125283287,2.506501237584986,0.8355004125283287,2.272561122077054
2025-11-24,KXACPI-2025,13,NA,NA,NA,NA,NA,NA,NA,NA,NA,NA,NA,NA,49.7238122926086,1.603993944922858,2.405990917384287,33.683872843380016,2.3809285119948673,0.801996972461429,3.207987889845716,0.801996972461429,2.405990917384287,0.801996972461429,2.1814317650950867
2025-11-25,KXACPI-2025,16577,NA,NA,NA,NA,NA,NA,NA,NA,NA,NA,NA,NA,45.946228993547756,1.5700482135194387,2.462547929046882,37.14307525660783,2.4368963881193104,0.820849309682294,3.283397238729176,0.820849309682294,2.462547929046882,0.820849309682294,2.2327101223358397
2025-11-26,KXACPI-2025,78,NA,NA,NA,NA,NA,NA,NA,NA,NA,NA,NA,NA,42.66396286154715,1.66538506016105,2.6120793588702336,39.398486038929775,2.584870198882002,0.8706931196234111,3.4827724784936445,0.8706931196234111,2.6120793588702336,0.8706931196234111,2.3682852853756784
2025-11-27,KXACPI-2025,21,NA,NA,NA,NA,NA,NA,NA,NA,NA,NA,NA,NA,39.49401473227158,1.51081341102944,2.369640883936295,44.23329650014418,2.344957124728625,0.7898802946454315,3.159521178581726,0.7898802946454315,2.369640883936295,0.7898802946454315,2.148474401435574
2025-11-28,KXACPI-2025,56,NA,NA,NA,NA,NA,NA,NA,NA,NA,NA,NA,NA,39.81354776502011,1.5541192892710205,2.4375641488787823,45.07236671584194,2.412172855661295,0.8125213829595941,3.2500855318383763,0.8125213829595941,0.8125213829595941,0.8125213829595941,2.210058161650096
2025-11-29,KXACPI-2025,653,NA,NA,NA,NA,NA,NA,NA,NA,NA,NA,NA,NA,37.49030045055252,1.62973051072606,2.556156848901308,46.08708269281268,2.529530215058586,0.8520522829671027,3.4082091318684107,0.8520522829671027,1.4252510915086078,0.8520522829671027,2.3175822096705194
2025-11-30,KXACPI-2025,586,NA,NA,NA,NA,NA,NA,NA,NA,NA,NA,NA,NA,37.16888497701721,1.6157583473252666,2.5342421575239005,46.54929413517802,2.50784380171636,0.8447473858413,3.3789895433652,0.8447473858413,1.413031990861811,0.8447473858413,2.297712889488336
2025-12-01,KXACPI-2025,132,NA,NA,NA,NA,NA,NA,NA,NA,NA,NA,NA,NA,37.24941073155597,1.6192588601910982,2.5397325498788157,46.43349409374402,2.513277002484245,0.8465775166262719,3.3863100665050876,0.8465775166262719,1.416093300538491,0.8465775166262719,2.30269084522346
2025-12-02,KXACPI-2025,175,NA,NA,NA,NA,NA,NA,NA,NA,NA,NA,NA,NA,38.52685852401119,1.5942716696509114,2.5005412984334185,45.407839498915315,2.4744939932414036,0.8335137661444728,3.3340550645778912,0.8335137661444728,1.3942412088234817,0.8335137661444728,2.267157443912966
2025-12-03,KXACPI-2025,10037,NA,NA,NA,NA,NA,NA,NA,NA,NA,NA,NA,NA,36.003328505899944,1.564536064290153,2.4539023781954548,48.23101197363263,2.428340895089252,0.8179674593984848,3.2718698375939392,0.8179674593984848,1.3682364775392837,0.8179674593984848,2.2248714895638786
2025-12-04,KXACPI-2025,383,NA,NA,NA,NA,NA,NA,NA,NA,NA,NA,NA,NA,31.722842679638813,1.7523523813076913,2.5044349483925377,52.03124145987317,2.4783470843467823,0.8348116494641793,3.339246597856717,0.8348116494641793,1.3964122136491723,0.8348116494641793,2.270687686542568
2025-12-05,KXACPI-2025,1524,NA,NA,NA,NA,NA,NA,NA,NA,NA,NA,NA,NA,30.35796995921126,1.6521568394456485,2.3612370280489317,54.062362342460546,2.336640809006755,0.7870790093496438,3.1483160373985752,0.7870790093496438,1.5792250509483199,0.7870790093496438,2.140854905431031
2025-12-06,KXACPI-2025,42,NA,NA,NA,NA,NA,NA,NA,NA,NA,NA,NA,NA,32.227007945781146,1.7345559832217616,2.4790006112139342,51.41630897332604,2.453177688180456,0.8263335370713114,3.3053341482852456,0.8263335370713114,1.657986817943511,0.8263335370713114,2.247627220833967
2025-12-07,KXACPI-2025,85,NA,NA,NA,NA,NA,NA,NA,NA,NA,NA,NA,NA,29.138915039021004,1.7475848659181192,2.497621289058943,54.38154086711005,2.471604400631246,0.8325404296863144,3.3301617187452575,0.8325404296863144,1.6704405617096652,0.8325404296863144,2.264509968746775
2025-12-08,KXACPI-2025,62,NA,NA,NA,NA,NA,NA,NA,NA,NA,NA,NA,NA,32.41950261614559,1.7012937183698025,2.43146269621092,51.53747401184322,2.406134959792056,0.8104875654036399,3.2419502616145595,0.8104875654036399,1.6261928619150285,0.8104875654036399,2.2045261778979004
2025-12-09,KXACPI-2025,109,NA,NA,NA,NA,NA,NA,NA,NA,NA,NA,NA,NA,29.690188697538154,1.7508572294477678,2.502298100455394,53.79940915979096,2.4762324952423165,0.8340993668184645,3.336397467273858,0.8340993668184645,1.6735684720499238,0.8340993668184645,2.2687502777462236
2025-12-10,KXACPI-2025,4960,NA,NA,NA,NA,NA,NA,NA,NA,NA,NA,NA,NA,27.551004254829714,3.3066948744535405,2.4800211558401553,54.514154196783416,2.4541876021334867,0.8266737186133851,3.3066948744535405,0.8266737186133851,1.658669371037586,0.8266737186133851,2.2485525146284076
2025-12-11,KXACPI-2025,12974,NA,NA,NA,NA,NA,NA,NA,NA,NA,NA,NA,NA,22.334470410166023,3.2383771335593097,2.4287828501694824,60.10122959559769,2.4034830288135502,0.8095942833898274,3.2383771335593097,0.8095942833898274,1.6244005471448255,0.8095942833898274,2.2020964508203305
2025-12-12,KXACPI-2025,3009,NA,NA,NA,NA,NA,NA,NA,NA,NA,NA,NA,NA,17.07482914521474,0.8298251006481695,2.4894753019445086,67.4114347833688,2.4635432675492535,0.8298251006481695,3.319300402592678,0.8298251006481695,1.6649924229743316,0.8298251006481695,2.2571242737630213
2025-12-13,KXACPI-2025,320,NA,NA,NA,NA,NA,NA,NA,NA,NA,NA,NA,NA,11.745522008823574,2.528897837784348,2.528897837784348,70.80913945796173,2.5025551519740943,0.8429659459281159,3.3718637837124636,0.8429659459281159,1.691358711250619,0.8429659459281159,2.292867372924475
2025-12-14,KXACPI-2025,56,NA,NA,NA,NA,NA,NA,NA,NA,NA,NA,NA,NA,14.777361753906598,2.4420216457727006,2.4420216457727006,68.37660608163563,2.416583920295902,0.8140072152575669,3.2560288610302677,0.8140072152575669,1.6332548203129293,0.8140072152575669,2.214099625500582
2025-12-15,KXACPI-2025,4377,NA,NA,NA,NA,NA,NA,NA,NA,NA,NA,NA,NA,11.549007179580586,2.6066507922781166,2.6066507922781166,70.4692836229434,2.579498179858553,0.8688835974260389,3.4755343897041557,0.8688835974260389,1.7433608660801425,0.8688835974260389,2.363363384998826
2025-12-16,KXACPI-2025,4971,NA,NA,NA,NA,NA,NA,NA,NA,NA,NA,NA,NA,14.748320092695078,2.429135074090954,2.429135074090954,69.61170695670498,2.40383158373584,0.8097116913636513,3.238846765454605,0.8097116913636513,0.8097116913636513,0.8097116913636513,1.9001776877729906
2025-12-17,KXACPI-2025,603,NA,NA,NA,NA,NA,NA,NA,NA,NA,NA,NA,NA,15.444845609273994,2.5285324845799377,2.5285324845799377,68.27521175380092,2.50219360453223,0.8428441615266459,3.3713766461065835,0.8428441615266459,0.8428441615266459,0.8428441615266459,1.9779307710198173
2025-12-18,KXACPI-2025,5975,NA,NA,NA,NA,NA,NA,NA,NA,NA,NA,NA,NA,5.95635309998404,2.556629985845919,2.556629985845919,77.58279865414946,2.5299984234933577,0.852209995281973,3.408839981127892,0.852209995281973,0.852209995281973,0.852209995281973,1.9999098884255346
2025-12-19,KXACPI-2025,431,NA,NA,NA,NA,NA,NA,NA,NA,NA,NA,NA,NA,5.633226783099186,9.272664558606305,2.417935315282151,71.94418060909697,2.392748489081295,0.8059784384273836,3.2239137537095344,0.8059784384273836,0.8059784384273836,0.8059784384273836,1.8914167374150157
2025-12-20,KXACPI-2025,1482,NA,NA,NA,NA,NA,NA,NA,NA,NA,NA,NA,NA,2.6413537142848176,6.163158666664575,2.6413537142848176,76.83049982314138,2.6138396130943504,0.8804512380949392,3.5218049523797568,0.8804512380949392,0.8804512380949392,0.8804512380949392,2.0661845637705354
2025-12-21,KXACPI-2025,134,NA,NA,NA,NA,NA,NA,NA,NA,NA,NA,NA,NA,2.493603822444181,6.5901476595203405,2.614652551689044,76.6964748495453,2.5874165876089497,0.8715508505630147,3.486203402252059,0.8715508505630147,0.8715508505630147,0.8715508505630147,2.0452977246880795
2025-12-22,KXACPI-2025,1472,NA,NA,NA,NA,NA,NA,NA,NA,NA,NA,NA,NA,1.7878191685926874,6.759211067223231,2.681728752889031,78.62828703470639,0.8939095842963437,0.8939095842963437,3.575638337185375,0.8939095842963437,0.8939095842963437,0.8939095842963437,2.0977677179215704
2025-12-23,KXACPI-2025,16507,NA,NA,NA,NA,NA,NA,NA,NA,NA,NA,NA,NA,2.5546574190405393,10.355862056111894,2.6015700199385283,74.6481364596474,0.8671900066461761,0.8671900066461761,3.4687600265847043,0.8671900066461761,0.8671900066461761,0.8671900066461761,2.0350639854460515
2025-12-24,KXACPI-2025,291,NA,NA,NA,NA,NA,NA,NA,NA,NA,NA,NA,NA,3.5172716498282113,10.551814949484633,2.6379537373711583,73.3155735008636,0.8793179124570528,0.8793179124570528,3.5172716498282113,0.8793179124570528,0.8793179124570528,0.8793179124570528,2.063524950338913
2025-12-25,KXACPI-2025,665,NA,NA,NA,NA,NA,NA,NA,NA,NA,NA,NA,NA,4.040739761333234,10.416352119872764,0.9527126776220203,74.73036365786791,0.8689577169519526,0.8689577169519526,3.4758308678078103,0.8689577169519526,0.8689577169519526,0.8689577169519526,2.0392123307364916
2025-12-26,KXACPI-2025,333,NA,NA,NA,NA,NA,NA,NA,NA,NA,NA,NA,NA,3.282791565994569,11.414413613250975,0.9414814720635751,74.6177157670838,0.8587138701239201,0.8587138701239201,3.4348554804956803,0.8587138701239201,0.8587138701239201,0.8587138701239201,2.0151727504918124
2025-12-27,KXACPI-2025,2209,NA,NA,NA,NA,NA,NA,NA,NA,NA,NA,NA,NA,3.2161677842314718,11.365660670812593,0.9374602412260107,74.77873031918459,0.8550461540852624,0.8550461540852624,3.4201846163410496,0.8550461540852624,0.8550461540852624,0.8550461540852624,2.0065655977779775
2025-12-28,KXACPI-2025,801,NA,NA,NA,NA,NA,NA,NA,NA,NA,NA,NA,NA,4.18094536039307,11.706647009100601,0.9167856091464325,73.70760732410606,0.8361890720786141,0.8361890720786141,3.3447562883144566,0.8361890720786141,0.8361890720786141,0.8361890720786141,1.9623130485462954
2025-12-29,KXACPI-2025,4358,NA,NA,NA,NA,NA,NA,NA,NA,NA,NA,NA,NA,4.288266437638721,12.864799312916164,0.9403186646388522,72.17505215145124,0.8576532875277443,0.8576532875277443,3.430613150110977,0.8576532875277443,0.8576532875277443,0.8576532875277443,2.0126838456053093
2025-12-30,KXACPI-2025,1466,NA,NA,NA,NA,NA,NA,NA,NA,NA,NA,NA,NA,3.2666822242584606,12.73079247973341,0.8352782396205178,73.6895673324523,0.8352782396205178,0.8352782396205178,3.3411129584820713,0.8352782396205178,0.8352782396205178,0.8352782396205178,1.9601755673506625
2025-12-31,KXACPI-2025,43,NA,NA,NA,NA,NA,NA,NA,NA,NA,NA,NA,NA,1.7227325254243269,12.211133489037143,0.8613662627121634,75.43107414893659,0.8613662627121634,0.8613662627121634,3.4454650508486537,0.8613662627121634,0.8613662627121634,0.8613662627121634,2.021397209480303
2026-01-01,KXACPI-2025,662,NA,NA,NA,NA,NA,NA,NA,NA,NA,NA,NA,NA,2.4077103204454073,13.428652678247982,0.8363320704431763,73.83766766925193,0.8363320704431763,0.8363320704431763,3.345328281772705,0.8363320704431763,0.8363320704431763,0.8363320704431763,1.9626486276229311
2026-01-02,KXACPI-2025,1107,NA,NA,NA,NA,NA,NA,NA,NA,NA,NA,NA,NA,1.5854318240281338,13.168678444231203,0.849907288314625,74.75231080013748,0.849907288314625,0.849907288314625,3.3996291532585,0.849907288314625,0.849907288314625,0.849907288314625,1.9945060484569341
2026-01-03,KXACPI-2025,7642,NA,NA,NA,NA,NA,NA,NA,NA,NA,NA,NA,NA,0.8515532482859943,19.167801425378045,0.8515532482859943,69.46674416533753,0.8515532482859943,0.8515532482859943,3.4062129931439773,0.8515532482859943,0.8515532482859943,0.8515532482859943,1.998368678138489
2026-01-04,KXACPI-2025,8596,NA,NA,NA,NA,NA,NA,NA,NA,NA,NA,NA,NA,1.0181598475426141,16.191772895878454,0.8668670187913019,74.12139706866591,0.8668670187913019,0.8668670187913019,0.8668670187913019,0.8668670187913019,1.7337340375826038,0.8668670187913019,1.7337340375826038
2026-01-05,KXACPI-2025,410,NA,NA,NA,NA,NA,NA,NA,NA,NA,NA,NA,NA,2.617582261808431,15.043382730779,0.8725274206028103,74.48628822198728,0.8725274206028103,0.8725274206028103,0.8725274206028103,0.8725274206028103,0.8725274206028103,0.8725274206028103,1.7450548412056206
2026-01-06,KXACPI-2025,1706,NA,NA,NA,NA,NA,NA,NA,NA,NA,NA,NA,NA,2.6034056837996338,13.924113526933846,0.867801894599878,75.66226373786763,0.867801894599878,0.867801894599878,0.867801894599878,0.867801894599878,0.867801894599878,0.867801894599878,1.735603789199756
2026-01-07,KXACPI-2025,4735,NA,NA,NA,NA,NA,NA,NA,NA,NA,NA,NA,NA,2.5858077803847133,12.746877185435983,0.8619359267949044,76.90989169302517,0.8619359267949044,0.8619359267949044,0.8619359267949044,0.8619359267949044,0.8619359267949044,0.8619359267949044,1.7238718535898088
2026-01-08,KXACPI-2025,2909,NA,NA,NA,NA,NA,NA,NA,NA,NA,NA,NA,NA,2.016336972614897,11.340728554077893,0.8583738364220346,78.9175699455089,0.8583738364220346,0.8583738364220346,0.8583738364220346,0.8583738364220346,0.8583738364220346,0.8583738364220346,1.7167476728440692
2026-01-09,KXACPI-2025,1146,NA,NA,NA,NA,NA,NA,NA,NA,NA,NA,NA,NA,2.0107414108191355,12.881685653589233,0.8559917525189976,77.40364716292065,0.8559917525189976,0.8559917525189976,0.8559917525189976,0.8559917525189976,0.8559917525189976,0.8559917525189976,1.7119835050379952
2026-01-10,KXACPI-2025,589,NA,NA,NA,NA,NA,NA,NA,NA,NA,NA,NA,NA,2.519047890326664,11.257895949217337,0.8625000928835861,78.46055532450372,0.8625000928835861,0.8625000928835861,0.8625000928835861,0.8625000928835861,0.8625000928835861,0.8625000928835861,1.7250001857671722
2026-01-11,KXACPI-2025,5359,NA,NA,NA,NA,NA,NA,NA,NA,NA,NA,NA,NA,4.194520045275601,11.498317838926347,0.8511521798272265,76.64679249735302,0.8511521798272265,0.8511521798272265,0.8511521798272265,0.8511521798272265,0.8511521798272265,0.8511521798272265,1.702304359654453
2026-01-12,KXACPI-2025,6567,NA,NA,NA,NA,NA,NA,NA,NA,NA,NA,NA,NA,1.8496549171528065,4.603668274684147,0.9248274585764032,85.22322968097542,0.9248274585764032,0.9248274585764032,0.9248274585764032,0.9248274585764032,0.9248274585764032,0.9248274585764032,1.8496549171528065
2026-01-13,KXACPI-2025,361,NA,NA,NA,NA,NA,NA,NA,NA,NA,NA,NA,NA,1.7564498919318212,7.786380673579382,0.8782249459659106,82.5531449207956,0.8782249459659106,0.8782249459659106,0.8782249459659106,0.8782249459659106,0.8782249459659106,0.8782249459659106,1.7564498919318212
